league,season,date,home_team_raw,away_team_raw,home_goals,away_goals,result,home_team_id,away_team_id,prob_home_proportional,prob_draw_proportional,prob_away_proportional,prob_home_shin,prob_draw_shin,prob_away_shin,shin_z,prob_over25_proportional,prob_under25_proportional,prob_over25_shin,prob_under25_shin
E1,0001,2000-08-12,Barnsley,Norwich,1,0,H,,,0.5279437860387991,0.26965744148443277,0.2023987724767682,0.5480051063568437,0.2628732583855502,0.18912163525760606,0.07157509145326912,,,,
E1,0001,2000-08-12,Blackburn,Crystal Palace,2,0,H,,fpl-team-8,0.6166982922201139,0.24667931688804556,0.1366223908918406,0.6428667958146943,0.23808065847340124,0.11905254571190448,0.06526872212998569,,,,
E1,0001,2000-08-12,Bolton,Burnley,1,1,D,,,0.5403639620328432,0.2574675348509429,0.20216850311621384,0.5619157053146104,0.24936739798465668,0.1887168967007329,0.07234430871903896,,,,
E1,0001,2000-08-12,Fulham,Crewe,2,0,H,fpl-team-10,,0.6227758007117438,0.2491103202846975,0.1281138790035587,0.647206487593447,0.2414199803620496,0.11137353204450343,0.05959331872873008,,,,
E1,0001,2000-08-12,Gillingham,Stockport,1,3,A,,,0.4404973357015986,0.2753108348134991,0.2841918294849023,0.45106720534941847,0.2696001235912789,0.27933267105930265,0.06779751880094409,,,,
E1,0001,2000-08-12,Grimsby,Preston,1,2,A,,,0.4020100502512562,0.27638190954773867,0.321608040201005,0.40855054528719,0.27099219118781276,0.32045726352499726,0.06546304235234857,,,,
E1,0001,2000-08-12,Huddersfield,Watford,1,2,A,,,0.4200995925758262,0.27569035762788596,0.30421004979628796,0.4285505034576419,0.27010592611422163,0.3013435704281366,0.06693437206558883,,,,
E1,0001,2000-08-12,Nott'm Forest,West Brom,1,0,H,fpl-team-18,,0.5342110943233326,0.26872436865961574,0.19706453701705154,0.5529981355103436,0.26248043815410266,0.18452142633555368,0.06475543859414756,,,,
E1,0001,2000-08-12,QPR,Birmingham,0,0,D,,,0.38511713367018835,0.27680293982544785,0.33807992650436375,0.3899751358137537,0.2715294631149359,0.33849540107131043,0.06457326072268188,,,,
E1,0001,2000-08-12,Sheffield United,Portsmouth,2,0,H,,,0.4854663511135384,0.2776260695430548,0.23690757934340678,0.49946315431357247,0.27242685567019703,0.22810999001623045,0.06327493907883763,,,,
E1,0001,2000-08-12,Wimbledon,Tranmere,0,0,D,,,0.5342110943233326,0.26872436865961574,0.19706453701705154,0.5529981355103436,0.26248043815410266,0.18452142633555368,0.06475543859414756,,,,
E1,0001,2000-08-13,Wolves,Sheffield Weds,1,1,D,,,0.40287320424734546,0.2748282323547783,0.3222985633978764,0.40937623898660846,0.2693919381968478,0.32123182281654367,0.06425183010287583,,,,
E1,0001,2000-08-18,Birmingham,Fulham,1,3,A,,fpl-team-10,0.3966197183098592,0.27887323943661974,0.32450704225352117,0.4021912018732027,0.274105338635762,0.32370345949103535,0.06038123299367726,,,,
E1,0001,2000-08-19,Burnley,Wimbledon,1,0,H,,,0.37058152793614596,0.27366020524515394,0.35575826681870015,0.3739419347570053,0.2682912318321236,0.357766833410871,0.06226320518180728,,,,
E1,0001,2000-08-19,Crewe,Blackburn,0,0,D,,,0.23600605143721634,0.2723146747352496,0.49167927382753407,0.22682384758387358,0.2664367917492312,0.5067393606668952,0.0654933883342892,,,,
E1,0001,2000-08-19,Norwich,Nott'm Forest,0,0,D,,fpl-team-18,0.4020100502512562,0.27638190954773867,0.321608040201005,0.40855054528719,0.27099219118781276,0.32045726352499726,0.06546304235234857,,,,
E1,0001,2000-08-19,Portsmouth,Grimsby,1,1,D,,,0.5320426507514829,0.2613268313985225,0.20663051784999453,0.5503256121898913,0.2545564695451085,0.19511791826500022,0.06356448773294687,,,,
E1,0001,2000-08-19,Preston,Sheffield United,3,0,H,,,0.42440318302387264,0.27851458885941643,0.29708222811671087,0.43253155804654525,0.2736390049402725,0.29382943701318226,0.06116653839126229,,,,
E1,0001,2000-08-19,Sheffield Weds,Huddersfield,2,3,A,,,0.5080049261083744,0.2616995073891626,0.23029556650246305,0.5281153703733483,0.253342377870647,0.21854225175600456,0.0799350772285834,,,,
E1,0001,2000-08-19,Stockport,Wolves,1,1,D,,,0.38053037325074046,0.2794519928560125,0.3400176338932472,0.38459934358263015,0.2748284901426341,0.34057216627473574,0.059198091039434075,,,,
E1,0001,2000-08-19,Tranmere,Gillingham,3,2,H,,,0.5110534670331798,0.26791590847497,0.22103062449185024,0.528109322062166,0.26152280540262607,0.21036787253520797,0.06623803707771003,,,,
E1,0001,2000-08-19,Watford,Barnsley,1,0,H,,,0.483528161530287,0.26780021253985126,0.24867162592986186,0.499851346364575,0.2606297267373643,0.23951892689806076,0.0751015585847199,,,,
E1,0001,2000-08-19,West Brom,Bolton,0,2,A,,,0.37550548815713464,0.2715193529751589,0.3529751588677066,0.3795756470103997,0.2655774453783673,0.354846907611233,0.0667177609866485,,,,
E1,0001,2000-08-20,Crystal Palace,QPR,1,1,D,fpl-team-8,,0.38561282932416957,0.27715922107674684,0.33722794959908364,0.39046441474528115,0.2719753563081542,0.3375602289465647,0.06384524307213724,,,,
E1,0001,2000-08-25,Gillingham,Portsmouth,1,1,D,,,0.3883043033083237,0.28268553280845965,0.3290101638832165,0.3935855305774331,0.27784694425449297,0.32856752516807386,0.06608809833414853,,,,
E1,0001,2000-08-26,Barnsley,West Brom,4,1,H,,,0.578642819568648,0.26038926880589164,0.16096791162546029,0.6019069106631025,0.2530567522137911,0.14503633712310632,0.06638145935721695,,,,
E1,0001,2000-08-26,Blackburn,Norwich,3,2,H,,,0.6121604853164209,0.23990073073211082,0.14793878395146834,0.6380441043872662,0.23075484444478508,0.13120105116794858,0.06529451836831868,,,,
E1,0001,2000-08-26,Bolton,Preston,2,0,H,,,0.48072108162243354,0.27491236855282924,0.2443665498247371,0.49545147194619016,0.26901034603208457,0.2355381820217252,0.06887351791374385,,,,
E1,0001,2000-08-26,Fulham,Stockport,4,1,H,fpl-team-10,,0.635593220338983,0.23728813559322035,0.1271186440677966,0.6630222792272404,0.22790020355768612,0.1090775172150734,0.06443637073971331,,,,
E1,0001,2000-08-26,Grimsby,Sheffield Weds,0,1,A,,,0.33952579941860467,0.2737100290697675,0.38676417151162795,0.3400553837072954,0.26835025981026617,0.39159435648243857,0.06217127502895892,,,,
E1,0001,2000-08-26,Huddersfield,Crystal Palace,1,2,A,,fpl-team-8,0.5476020042949177,0.25769506084466715,0.19470293486041518,0.5697516809564449,0.24963493896995353,0.1806133800736016,0.07193708000704646,,,,
E1,0001,2000-08-26,Nott'm Forest,Birmingham,1,2,A,fpl-team-18,,0.4081632653061224,0.2857142857142857,0.30612244897959184,0.4171954742742426,0.2799951376226444,0.3028093881031131,0.08353669079951942,,,,
E1,0001,2000-08-26,QPR,Crewe,1,0,H,,,0.5517826825127334,0.27164685908319186,0.1765704584040747,0.5729849282422743,0.26532356675448715,0.16169150500323862,0.06765125296078622,,,,
E1,0001,2000-08-26,Sheffield United,Tranmere,2,0,H,,,0.46099290780141844,0.26950354609929084,0.26950354609929084,0.4741971508488183,0.26290142457559085,0.26290142457559085,0.07124938117340207,,,,
E1,0001,2000-08-26,Wimbledon,Watford,0,0,D,,,0.39425051334702255,0.27720739219712526,0.32854209445585214,0.399902115287661,0.2720316558706311,0.32806622884170794,0.06375832250341773,,,,
E1,0001,2000-08-26,Wolves,Burnley,1,0,H,,,0.4968944099378882,0.2795031055900621,0.2236024844720497,0.5110564832583081,0.27474351509435796,0.21420000164733388,0.05952398991212249,,,,
E1,0001,2000-08-28,Birmingham,Barnsley,4,1,H,,,0.4403109383675735,0.27096057745696833,0.28872848417545804,0.45089798123152913,0.2648123576272259,0.28428966114124504,0.0680421192664653,,,,
E1,0001,2000-08-28,Burnley,Gillingham,1,1,D,,,0.5150914811793497,0.25906071553432003,0.22584780328633028,0.53309622314441,0.25161370136980177,0.2152900754857882,0.06842582474928349,,,,
E1,0001,2000-08-28,Crystal Palace,Nott'm Forest,2,3,A,fpl-team-8,fpl-team-18,0.39629660945294665,0.2764860065950791,0.3272173839519743,0.4018791162621312,0.27147515605846145,0.3266457276794074,0.060843128710985184,,,,
E1,0001,2000-08-28,Norwich,Fulham,0,1,A,,fpl-team-10,0.28789940667356156,0.27674051494202817,0.43536007838441027,0.28388119432237,0.27176119798287307,0.44435760769475685,0.0604165627155453,,,,
E1,0001,2000-08-28,Portsmouth,Wolves,3,1,H,,,0.37937621994268866,0.2812201503384692,0.3394036297188421,0.383691216903066,0.2763606249729213,0.3399481581240127,0.06450991542078555,,,,
E1,0001,2000-08-28,Preston,Wimbledon,1,1,D,,,0.40372670807453415,0.2732919254658385,0.32298136645962733,0.4101901665875699,0.26781441617948243,0.32199541723294756,0.06305916095152497,,,,
E1,0001,2000-08-28,Sheffield Weds,Blackburn,1,1,D,,,0.3341686611291004,0.27717865690553284,0.38865268196536673,0.334214799774044,0.2723420382415171,0.3934431619844388,0.05942662595771253,,,,
E1,0001,2000-08-28,Stockport,Huddersfield,0,0,D,,,0.39544243523609773,0.27804546227538124,0.326512102488521,0.40105630545860244,0.2730770756989551,0.32586661884244245,0.06205413700081408,,,,
E1,0001,2000-08-28,Tranmere,Bolton,0,1,A,,,0.35999999999999993,0.27999999999999997,0.35999999999999993,0.3625758960678595,0.274848207864281,0.3625758960678595,0.06696891528554261,,,,
E1,0001,2000-08-28,Watford,Sheffield United,4,1,H,,,0.5488823482618724,0.25534961419139285,0.19576803754673452,0.5702115919240125,0.24742305719846305,0.18236535087752445,0.06872113747522235,,,,
E1,0001,2000-08-28,West Brom,QPR,2,1,H,,,0.35795454545454547,0.28409090909090906,0.35795454545454547,0.3600531400404219,0.2798937199191562,0.3600531400404219,0.058778993552550673,,,,
E1,0001,2000-08-29,Crewe,Grimsby,2,0,H,,,0.43202979515828677,0.27001862197392923,0.297951582867784,0.4433108740801925,0.2628290187922611,0.2938601071275464,0.0789766819216311,,,,
E1,0001,2000-09-01,Tranmere,Stockport,2,1,H,,,0.45905981019642456,0.2725667623041271,0.26837342749944826,0.4724921497556348,0.2660663915923926,0.26144145865197266,0.0736693562939763,,,,
E1,0001,2000-09-02,Gillingham,Wolves,1,0,H,,,0.353148474450524,0.2758972456644719,0.3709542798850042,0.3550345740802193,0.2703957496206926,0.3745696762990881,0.06642286316491663,,,,
E1,0001,2000-09-02,Preston,Portsmouth,1,0,H,,,0.47589310708671584,0.26796442645190466,0.25614246646137945,0.49131150348502933,0.2608668473245918,0.24782164919037883,0.07467808877117932,,,,
E1,0001,2000-09-03,West Brom,Crystal Palace,1,0,H,,fpl-team-8,0.40372670807453415,0.2732919254658385,0.32298136645962733,0.4101901665875699,0.26781441617948243,0.32199541723294756,0.06305916095152497,,,,
E1,0001,2000-09-09,Birmingham,Sheffield United,1,0,H,,,0.5522867559470094,0.2550265314225897,0.19268671263040107,0.5767873947057693,0.24597204066972111,0.1772405646245096,0.07820981577970088,,,,
E1,0001,2000-09-09,Blackburn,Nott'm Forest,3,0,H,,fpl-team-18,0.5673528934997568,0.2544982979413195,0.17814880855892368,0.5884139364938965,0.2471471884492241,0.1644388750568794,0.0625159926712513,,,,
E1,0001,2000-09-09,Crewe,Norwich,0,0,D,,,0.4043321299638989,0.27797833935018046,0.31768953068592054,0.41076899061605193,0.27298811329195727,0.3162428960919907,0.06220584746915847,,,,
E1,0001,2000-09-09,Crystal Palace,Burnley,0,1,A,fpl-team-8,,0.4444444444444444,0.2777777777777778,0.2777777777777778,0.45460741773077357,0.2726962911346132,0.2726962911346132,0.06273432495072484,,,,
E1,0001,2000-09-09,Grimsby,Gillingham,1,0,H,,,0.4020100502512562,0.27638190954773867,0.321608040201005,0.40855054528719,0.27099219118781276,0.32045726352499726,0.06546304235234857,,,,
E1,0001,2000-09-09,Huddersfield,Bolton,2,3,A,,,0.3563218390804598,0.28735632183908044,0.3563218390804598,0.3583644357295495,0.283271128540901,0.3583644357295495,0.06133646029047668,,,,
E1,0001,2000-09-09,Portsmouth,Watford,1,3,A,,,0.33807992650436375,0.27680293982544785,0.38511713367018835,0.33849540107131043,0.2715294631149359,0.3899751358137537,0.06457326072268188,,,,
E1,0001,2000-09-09,QPR,Preston,0,0,D,,,0.42440318302387264,0.27851458885941643,0.29708222811671087,0.43253155804654525,0.2736390049402725,0.29382943701318226,0.06116653839126229,,,,
E1,0001,2000-09-09,Sheffield Weds,Wimbledon,0,5,A,,,0.4467462283269534,0.27223598288673717,0.28101778878630934,0.4589677805018741,0.2656675248240742,0.27536469467405167,0.07429718528874218,,,,
E1,0001,2000-09-09,Stockport,West Brom,0,0,D,,,0.42440318302387264,0.27851458885941643,0.29708222811671087,0.43253155804654525,0.2736390049402725,0.29382943701318226,0.06116653839126229,,,,
E1,0001,2000-09-09,Wolves,Tranmere,1,2,A,,,0.5118614036814647,0.26931784624470917,0.21882075007382618,0.530449005619437,0.2625049781208823,0.20704601625968072,0.07209941232576966,,,,
E1,0001,2000-09-10,Fulham,Barnsley,5,1,H,fpl-team-10,,0.5551765307862869,0.25379498550230256,0.19102848371141054,0.5756416788226473,0.2462570003449059,0.17810132083244676,0.06395159545354545,,,,
E1,0001,2000-09-12,Birmingham,Preston,3,1,H,,,0.5335376979782498,0.2604919348952631,0.2059703671264871,0.5524768037028039,0.25344613891079704,0.19407705738639897,0.06543127493932843,,,,
E1,0001,2000-09-12,Blackburn,Watford,3,4,A,,,0.46093408991706675,0.2736796158882584,0.2653862941946748,0.4741451168173992,0.26748795547186915,0.25836692771073166,0.07132390351034701,,,,
E1,0001,2000-09-12,Crewe,West Brom,0,1,A,,,0.3966197183098592,0.27887323943661974,0.32450704225352117,0.4021912018732027,0.274105338635762,0.32370345949103535,0.06038123299367726,,,,
E1,0001,2000-09-12,Crystal Palace,Barnsley,1,0,H,fpl-team-8,,0.34698350444111203,0.27650248010151113,0.37651401545737684,0.34824940366885704,0.27115537026307035,0.38059522606807256,0.06518130539916456,,,,
E1,0001,2000-09-12,Fulham,Burnley,3,1,H,fpl-team-10,,0.635593220338983,0.23728813559322035,0.1271186440677966,0.6630222792272404,0.22790020355768612,0.1090775172150734,0.06443637073971331,,,,
E1,0001,2000-09-12,Grimsby,Bolton,0,1,A,,,0.2970822281167109,0.2785145888594165,0.42440318302387275,0.29382943701318226,0.2736390049402725,0.4325315580465453,0.06116653839126229,,,,
E1,0001,2000-09-12,Huddersfield,Wimbledon,0,2,A,,,0.3425968109339408,0.2783599088838269,0.3790432801822324,0.3434008807051036,0.2734748769006326,0.38312424239426374,0.061398088466376066,,,,
E1,0001,2000-09-12,Portsmouth,Tranmere,2,0,H,,,0.42440318302387264,0.27851458885941643,0.29708222811671087,0.43253155804654525,0.2736390049402725,0.29382943701318226,0.06116653839126229,,,,
E1,0001,2000-09-12,Stockport,Norwich,1,3,A,,,0.41215681843859453,0.2769178623884307,0.31092531917297483,0.4195486593783546,0.2716568693104542,0.3087944713111912,0.06438600551337004,,,,
E1,0001,2000-09-12,Wolves,Sheffield United,0,0,D,,,0.4680317592979524,0.2778938570831592,0.2540743836188884,0.48031607379919444,0.2728014391149061,0.24688248708589947,0.06261293566785753,,,,
E1,0001,2000-09-13,QPR,Gillingham,2,2,D,,,0.49167927382753407,0.2723146747352496,0.23600605143721634,0.5067393606668952,0.2664367917492312,0.22682384758387358,0.0654933883342892,,,,
E1,0001,2000-09-13,Sheffield Weds,Nott'm Forest,0,1,A,,fpl-team-18,0.43820224719101125,0.26966292134831465,0.29213483146067415,0.4489857153587085,0.26314858464223834,0.2878656999990532,0.07078870222903788,,,,
E1,0001,2000-09-15,Sheffield United,Blackburn,2,0,H,,,0.311614730878187,0.2804532577903683,0.4079320113314448,0.30977829622513886,0.2760509634419309,0.41417074033293017,0.05723137408494949,,,,
E1,0001,2000-09-16,Barnsley,QPR,4,2,H,,,0.5358033228395174,0.2600222007897658,0.20417447637071678,0.555253016564439,0.2528127851514898,0.19193419828407116,0.0665056356228888,,,,
E1,0001,2000-09-16,Bolton,Portsmouth,2,0,H,,,0.5829800121138704,0.2548455481526347,0.16217443973349485,0.6051634538321049,0.24752491011129232,0.1473116360566028,0.06198142468929291,,,,
E1,0001,2000-09-16,Burnley,Grimsby,1,1,D,,,0.5358033228395174,0.2600222007897658,0.20417447637071678,0.555253016564439,0.2528127851514898,0.19193419828407116,0.0665056356228888,,,,
E1,0001,2000-09-16,Gillingham,Huddersfield,2,1,H,,,0.3966197183098592,0.27887323943661974,0.32450704225352117,0.4021912018732027,0.274105338635762,0.32370345949103535,0.06038123299367726,,,,
E1,0001,2000-09-16,Norwich,Crystal Palace,0,0,D,,fpl-team-8,0.4665400042220815,0.27274646400675534,0.2607135317711632,0.4790315957192062,0.26704562878555554,0.25392277549523823,0.06441769492812455,,,,
E1,0001,2000-09-16,Nott'm Forest,Fulham,0,3,A,fpl-team-18,fpl-team-10,0.27586206896551724,0.27586206896551724,0.4482758620689655,0.27100005979551034,0.27100005979551034,0.4579998804089795,0.05790474032983184,,,,
E1,0001,2000-09-16,Preston,Stockport,1,1,D,,,0.5301915951365744,0.2627218053512577,0.20708659951216787,0.5498151863603792,0.25551088587209,0.19467392776753084,0.06906874314881861,,,,
E1,0001,2000-09-16,Tranmere,Sheffield Weds,2,0,H,,,0.40372670807453415,0.2732919254658385,0.32298136645962733,0.4101901665875699,0.26781441617948243,0.32199541723294756,0.06305916095152497,,,,
E1,0001,2000-09-16,Watford,Crewe,3,0,H,,,0.6584043377226956,0.23702556158017044,0.10457010069713402,0.6881275210407946,0.22715844885409459,0.08471403010511087,0.06610857602208853,,,,
E1,0001,2000-09-16,Wimbledon,Wolves,1,1,D,,,0.5445227418321589,0.25944907110826393,0.19602818705957717,0.5651875661102566,0.25200812366878056,0.1828043102209629,0.06790691753849387,,,,
E1,0001,2000-09-17,West Brom,Birmingham,1,1,D,,,0.3259052924791086,0.2757660167130919,0.39832869080779937,0.3252493994467028,0.27092282956349195,0.40382777098980527,0.05797737371176481,,,,
E1,0001,2000-09-23,Birmingham,Tranmere,2,0,H,,,0.5673528934997568,0.2544982979413195,0.17814880855892368,0.5884139364938965,0.2471471884492241,0.1644388750568794,0.0625159926712513,,,,
E1,0001,2000-09-23,Blackburn,Bolton,1,1,D,,,0.46099290780141844,0.26950354609929084,0.26950354609929084,0.4741971508488183,0.26290142457559085,0.26290142457559085,0.07124938117340207,,,,
E1,0001,2000-09-23,Crewe,Barnsley,2,2,D,,,0.33807992650436375,0.27680293982544785,0.38511713367018835,0.33849540107131043,0.2715294631149359,0.3899751358137537,0.06457326072268188,,,,
E1,0001,2000-09-23,Crystal Palace,Sheffield United,0,1,A,fpl-team-8,,0.40372670807453415,0.2732919254658385,0.32298136645962733,0.4101901665875699,0.26781441617948243,0.32199541723294756,0.06305916095152497,,,,
E1,0001,2000-09-23,Fulham,Gillingham,3,0,H,fpl-team-10,,0.6843455945252351,0.20530367835757057,0.11035072711719418,0.7184941024865776,0.1918556790722135,0.08965021844120889,0.07053625304251909,,,,
E1,0001,2000-09-23,Grimsby,Nott'm Forest,0,2,A,,fpl-team-18,0.33553681331205837,0.27786642352404833,0.38659676316389335,0.33570913103296435,0.27285805936430535,0.3914328096027304,0.06240589078515768,,,,
E1,0001,2000-09-23,Huddersfield,Burnley,0,1,A,,,0.40372670807453415,0.2732919254658385,0.32298136645962733,0.4101901665875699,0.26781441617948243,0.32199541723294756,0.06305916095152497,,,,
E1,0001,2000-09-23,Portsmouth,West Brom,0,1,A,,,0.43442084519378155,0.2783008539522663,0.2872783008539523,0.44351028990511415,0.27336204521334007,0.28312766488154584,0.06163160805590451,,,,
E1,0001,2000-09-23,QPR,Wimbledon,2,1,H,,,0.35575826681870015,0.27366020524515394,0.37058152793614596,0.357766833410871,0.2682912318321236,0.3739419347570053,0.06226320518180728,,,,
E1,0001,2000-09-23,Sheffield Weds,Preston,1,3,A,,,0.4339250493096647,0.2695595003287311,0.29651545036160415,0.44305983588204984,0.26379706594293334,0.29314309817501677,0.062282677507027984,,,,
E1,0001,2000-09-23,Stockport,Watford,2,3,A,,,0.2557947872669208,0.27547130936437625,0.468733903368703,0.24916968983520812,0.27048084933649513,0.4803494608282967,0.05879007000476122,,,,
E1,0001,2000-09-24,Wolves,Norwich,4,0,H,,,0.4680317592979524,0.2778938570831592,0.2540743836188884,0.48031607379919444,0.2728014391149061,0.24688248708589947,0.06261293566785753,,,,
E1,0001,2000-09-30,Barnsley,Grimsby,2,0,H,,,0.5913043478260869,0.2608695652173913,0.14782608695652172,0.6153691361817976,0.25359751890298704,0.13103334491521537,0.0655867476016283,,,,
E1,0001,2000-09-30,Bolton,Fulham,0,2,A,,fpl-team-10,0.32854209445585214,0.27720739219712526,0.39425051334702255,0.32806622884170794,0.2720316558706311,0.399902115287661,0.06375832250341773,,,,
E1,0001,2000-09-30,Burnley,Portsmouth,1,1,D,,,0.5023032245143201,0.26637292209092733,0.23132385339475267,0.5193099887087941,0.2595450644435925,0.22114494684761335,0.0694938488304615,,,,
E1,0001,2000-09-30,Gillingham,Sheffield Weds,2,0,H,,,0.442337056979828,0.2799164188700474,0.2777465241501245,0.4516362728992086,0.2753571186413813,0.27300660845940994,0.05839729611761868,,,,
E1,0001,2000-09-30,Norwich,Huddersfield,1,1,D,,,0.4665400042220815,0.27274646400675534,0.2607135317711632,0.4790315957192062,0.26704562878555554,0.25392277549523823,0.06441769492812455,,,,
E1,0001,2000-09-30,Nott'm Forest,Wolves,0,0,D,fpl-team-18,,0.46672500729257826,0.27857648872775764,0.2546985039796641,0.478626476163393,0.2736565126111896,0.24771701122541734,0.06121321104001254,,,,
E1,0001,2000-09-30,Preston,Crystal Palace,2,0,H,,fpl-team-8,0.5320426507514829,0.2613268313985225,0.20663051784999453,0.5503256121898913,0.2545564695451085,0.19511791826500022,0.06356448773294687,,,,
E1,0001,2000-09-30,Sheffield United,QPR,1,1,D,,,0.5023032245143201,0.26637292209092733,0.23132385339475267,0.5193099887087941,0.2595450644435925,0.22114494684761335,0.0694938488304615,,,,
E1,0001,2000-09-30,Tranmere,Crewe,1,3,A,,,0.5631376705975885,0.26003710083476883,0.1768252285676428,0.5851946679550397,0.2526910069510083,0.162114325093952,0.06687604053877294,,,,
E1,0001,2000-09-30,West Brom,Blackburn,1,0,H,,,0.37391913998597803,0.2745968684272026,0.35148399158681937,0.3779737838184582,0.26875284080418166,0.3532733753773601,0.06911817390937358,,,,
E1,0001,2000-09-30,Wimbledon,Stockport,2,0,H,,,0.5762659210935073,0.25520347934141036,0.16853059956508235,0.5975820327330695,0.24805023499619352,0.15436773227073686,0.06104589533060789,,,,
E1,0001,2000-10-01,Watford,Birmingham,2,0,H,,,0.5165603160133698,0.2613187481008812,0.22212093588574902,0.5334222329118217,0.25459952796130786,0.21197823912687044,0.06342936004512012,,,,
E1,0001,2000-10-06,Gillingham,Bolton,2,2,D,,,0.32450704225352117,0.27887323943661974,0.3966197183098592,0.32370345949103535,0.274105338635762,0.4021912018732027,0.06038123299367726,,,,
E1,0001,2000-10-06,Huddersfield,Barnsley,1,1,D,,,0.3453237410071942,0.2805755395683453,0.37410071942446044,0.34630212256737175,0.2762152006604015,0.37748267677222686,0.056947770761325955,,,,
E1,0001,2000-10-06,Tranmere,Burnley,2,3,A,,,0.4404973357015986,0.2753108348134991,0.2841918294849023,0.45106720534941847,0.2696001235912789,0.27933267105930265,0.06779751880094409,,,,
E1,0001,2000-10-08,Crewe,Birmingham,0,2,A,,,0.30550581915846015,0.27260519247985676,0.42188898836168304,0.30285786473942455,0.26693056596123854,0.4302115692993369,0.06452719517983496,,,,
E1,0001,2000-10-08,Sheffield Weds,West Brom,1,2,A,,,0.36808947405677067,0.2684221703121682,0.3634883556310611,0.37174652698324157,0.26160023484621764,0.36665323817054085,0.07328819250687957,,,,
E1,0001,2000-10-08,Stockport,Portsmouth,1,1,D,,,0.4200995925758262,0.27569035762788596,0.30421004979628796,0.4285505034576419,0.27010592611422163,0.3013435704281366,0.06693437206558883,,,,
E1,0001,2000-10-14,Barnsley,Nott'm Forest,3,4,A,,fpl-team-18,0.4854663511135384,0.2776260695430548,0.23690757934340678,0.49946315431357247,0.27242685567019703,0.22810999001623045,0.06327493907883763,,,,
E1,0001,2000-10-14,Birmingham,Crystal Palace,2,1,H,,fpl-team-8,0.6081081081081081,0.24493243243243243,0.14695945945945946,0.6350808724699559,0.23570154112831446,0.12921758640172964,0.06928573385812342,,,,
E1,0001,2000-10-14,Bolton,Wolves,2,1,H,,,0.5369739936124661,0.26374899098024074,0.19927701540729298,0.5541956136097119,0.257714713634749,0.1880896727555391,0.058319315081462264,,,,
E1,0001,2000-10-14,Burnley,Stockport,2,1,H,,,0.5220060463304709,0.27304931654209247,0.2049446371274366,0.5395412795344969,0.2672751791338078,0.1931835413316952,0.06423206208273768,,,,
E1,0001,2000-10-14,Grimsby,Huddersfield,1,0,H,,,0.39425051334702255,0.27720739219712526,0.32854209445585214,0.399902115287661,0.2720316558706311,0.32806622884170794,0.06375832250341773,,,,
E1,0001,2000-10-14,Portsmouth,Sheffield Weds,2,1,H,,,0.48475945648182156,0.2688211531399193,0.24641939037825933,0.49887334943551215,0.2627666594530499,0.23835999111143796,0.06408536154776812,,,,
E1,0001,2000-10-14,Preston,Tranmere,1,0,H,,,0.5257020332160928,0.27012996783719223,0.20416799894671506,0.5452581726114215,0.26349877248369563,0.19124305490488286,0.07051841961219907,,,,
E1,0001,2000-10-14,Sheffield United,Crewe,1,0,H,,,0.578642819568648,0.26038926880589164,0.16096791162546029,0.6019069106631025,0.2530567522137911,0.14503633712310632,0.06638145935721695,,,,
E1,0001,2000-10-14,Watford,QPR,3,1,H,,,0.6129225048143967,0.25034862872700714,0.1367288664585962,0.6385588353405918,0.2421479269378152,0.1192932377215931,0.06476471293717623,,,,
E1,0001,2000-10-14,West Brom,Norwich,2,3,A,,,0.5445227418321589,0.25944907110826393,0.19602818705957717,0.5651875661102566,0.25200812366878056,0.1828043102209629,0.06790691753849387,,,,
E1,0001,2000-10-14,Wimbledon,Gillingham,4,4,D,,,0.53996823716252,0.26204340921122293,0.1979883536262573,0.5585226387403274,0.25546972659472494,0.1860076346649477,0.06207414693199098,,,,
E1,0001,2000-10-15,Fulham,Blackburn,2,1,H,fpl-team-10,,0.5595026642984015,0.24777975133214922,0.19271758436944939,0.584793951437671,0.23794167890669912,0.17726436965562994,0.07819075137376785,,,,
E1,0001,2000-10-17,Barnsley,Tranmere,1,1,D,,,0.5488823482618724,0.25534961419139285,0.19576803754673452,0.5702115919240125,0.24742305719846305,0.18236535087752445,0.06872113747522235,,,,
E1,0001,2000-10-17,Birmingham,Stockport,4,0,H,,,0.6310370188771758,0.24540328511890172,0.12355969600392253,0.6597493836449435,0.23608806845054509,0.10416254790451135,0.06892137066461146,,,,
E1,0001,2000-10-17,Bolton,Nott'm Forest,0,0,D,,fpl-team-18,0.517091651401928,0.27498052159823455,0.20792782699983736,0.5342681403465824,0.26936200330739546,0.1963698563460222,0.06457822327502072,,,,
E1,0001,2000-10-17,Burnley,Sheffield Weds,1,0,H,,,0.5341076246942993,0.26665222766692837,0.19924014763877232,0.5529194401027472,0.26021476841538704,0.18686579148186572,0.06485317228361964,,,,
E1,0001,2000-10-17,Grimsby,QPR,3,1,H,,,0.39192715884706836,0.2844632604535174,0.32360958069941426,0.39764259447067063,0.2797224939894681,0.3226349115398613,0.06709258817136288,,,,
E1,0001,2000-10-17,Portsmouth,Crewe,2,1,H,,,0.5440929237352896,0.2584441387742626,0.1974629374904478,0.5653814288119078,0.2506634057303303,0.18395516545776197,0.07017382956109941,,,,
E1,0001,2000-10-17,Preston,Norwich,1,0,H,,,0.5159420844251478,0.27146491211292395,0.21259300346192836,0.5337749926990538,0.2652669994968062,0.20095800780414003,0.06752722407691181,,,,
E1,0001,2000-10-17,Sheffield United,Huddersfield,3,0,H,,,0.5429960606168152,0.2603186996486496,0.19668523973453525,0.5629421582878635,0.2531748436086306,0.1838829981035059,0.06593503931071609,,,,
E1,0001,2000-10-17,Watford,Gillingham,0,0,D,,,0.6501314244169789,0.2357809965885577,0.11408757899446341,0.6804763621945804,0.22546756764751066,0.09405607015790894,0.0689410432241857,,,,
E1,0001,2000-10-17,West Brom,Wolves,1,0,H,,,0.42440318302387264,0.27851458885941643,0.29708222811671087,0.43253155804654525,0.2736390049402725,0.29382943701318226,0.06116653839126229,,,,
E1,0001,2000-10-18,Fulham,Crystal Palace,3,1,H,fpl-team-10,fpl-team-8,0.6917423259835711,0.1988759187202767,0.1093817552961522,0.7292006731984102,0.18367097306574054,0.08712835373584929,0.0764596238732338,,,,
E1,0001,2000-10-18,Wimbledon,Blackburn,0,2,A,,,0.4020100502512562,0.27638190954773867,0.321608040201005,0.40855054528719,0.27099219118781276,0.32045726352499726,0.06546304235234857,,,,
E1,0001,2000-10-21,Blackburn,Grimsby,2,0,H,,,0.6101553249286062,0.24239047154698054,0.14745420352441316,0.6365817077565962,0.23319733748090368,0.13022095476250015,0.06726091261953115,,,,
E1,0001,2000-10-21,Crewe,Wimbledon,0,4,A,,,0.311614730878187,0.2804532577903683,0.4079320113314448,0.30977829622513886,0.2760509634419309,0.41417074033293017,0.05723137408494949,,,,
E1,0001,2000-10-21,Crystal Palace,Portsmouth,2,3,A,fpl-team-8,,0.4043321299638989,0.27797833935018046,0.31768953068592054,0.41076899061605193,0.27298811329195727,0.3162428960919907,0.06220584746915847,,,,
E1,0001,2000-10-21,Gillingham,Barnsley,0,0,D,,,0.4043321299638989,0.27797833935018046,0.31768953068592054,0.41076899061605193,0.27298811329195727,0.3162428960919907,0.06220584746915847,,,,
E1,0001,2000-10-21,Huddersfield,Preston,0,0,D,,,0.3526941917424773,0.27991602519244224,0.3673897830650805,0.35455979096475393,0.27474307267095915,0.3706971363642868,0.06714102230034769,,,,
E1,0001,2000-10-21,Norwich,Sheffield United,4,2,H,,,0.4079320113314447,0.2804532577903682,0.3116147308781869,0.4141707403329303,0.276050963441931,0.3097782962251388,0.05723137408494949,,,,
E1,0001,2000-10-21,Nott'm Forest,Watford,0,2,A,fpl-team-18,,0.3340634005763689,0.28103746397694523,0.3848991354466859,0.33410521273087285,0.276132179294062,0.3897626079750653,0.0648842032533139,,,,
E1,0001,2000-10-21,QPR,Burnley,0,1,A,,,0.4043321299638989,0.27797833935018046,0.31768953068592054,0.41076899061605193,0.27298811329195727,0.3162428960919907,0.06220584746915847,,,,
E1,0001,2000-10-21,Stockport,Bolton,4,3,H,,,0.27896995708154504,0.27467811158798283,0.4463519313304721,0.27417907066641234,0.26951929281562065,0.456301636517967,0.060319863026961684,,,,
E1,0001,2000-10-21,Tranmere,West Brom,2,2,D,,,0.36573855592260507,0.2831524303916942,0.35110901368570085,0.3690024271358731,0.27811267830111563,0.3528848945630112,0.06969721312634647,,,,
E1,0001,2000-10-21,Wolves,Fulham,0,0,D,,fpl-team-10,0.2438247011952191,0.2617529880478088,0.4944223107569721,0.23574435601283658,0.2552298595017318,0.5090257844854316,0.062307552550919354,,,,
E1,0001,2000-10-22,Sheffield Weds,Birmingham,1,0,H,,,0.2770199370409234,0.2728226652675761,0.45015739769150054,0.2724397436988903,0.2679099370213688,0.459650319279741,0.05556297895964235,,,,
E1,0001,2000-10-24,Barnsley,Wolves,1,2,A,,,0.47339672263807403,0.2767550070807202,0.24984827028120576,0.484891882657511,0.27207686790521984,0.2430312494372691,0.05619543534703553,,,,
E1,0001,2000-10-24,Crewe,Huddersfield,1,0,H,,,0.3966197183098592,0.27887323943661974,0.32450704225352117,0.4021912018732027,0.274105338635762,0.32370345949103535,0.06038123299367726,,,,
E1,0001,2000-10-24,Crystal Palace,Grimsby,0,1,A,fpl-team-8,,0.4463519313304721,0.27896995708154504,0.27467811158798283,0.456301636517967,0.27417907066641234,0.26951929281562065,0.060319863026961684,,,,
E1,0001,2000-10-24,Fulham,Preston,0,1,A,fpl-team-10,,0.6672226855713094,0.2218515429524604,0.1109257714762302,0.6982564591814677,0.21055169473303947,0.09119184608549274,0.06696481234394014,,,,
E1,0001,2000-10-24,Norwich,Portsmouth,0,0,D,,,0.4043321299638989,0.27797833935018046,0.31768953068592054,0.41076899061605193,0.27298811329195727,0.3162428960919907,0.06220584746915847,,,,
E1,0001,2000-10-24,Sheffield United,Stockport,1,0,H,,,0.5942446043165468,0.25467625899280577,0.1510791366906475,0.6175585125003623,0.2472146066812148,0.13522688081842282,0.0625986682716757,,,,
E1,0001,2000-10-24,Watford,Bolton,1,0,H,,,0.5433589462129529,0.2634467618002196,0.1931942919868277,0.5663933314085254,0.25548619141697654,0.178120477174498,0.07654134184122086,,,,
E1,0001,2000-10-24,West Brom,Wimbledon,3,1,H,,,0.42440318302387264,0.27851458885941643,0.29708222811671087,0.43253155804654525,0.2736390049402725,0.29382943701318226,0.06116653839126229,,,,
E1,0001,2000-10-25,Birmingham,Gillingham,1,0,H,,,0.6183745583038869,0.254416961130742,0.127208480565371,0.6440391338497915,0.2466272347152666,0.1093336314349419,0.06386127159930766,,,,
E1,0001,2000-10-25,Blackburn,Tranmere,3,2,H,,,0.6166982922201139,0.24667931688804556,0.1366223908918406,0.6428667958146943,0.23808065847340124,0.11905254571190448,0.06526872212998569,,,,
E1,0001,2000-10-25,Nott'm Forest,Burnley,5,0,H,fpl-team-18,,0.4645602049530316,0.27583262169086253,0.2596071733561059,0.47731509895592233,0.27021627193181785,0.25246862911225987,0.06684025458525866,,,,
E1,0001,2000-10-25,QPR,Sheffield Weds,1,2,A,,,0.47004132231404955,0.2747933884297521,0.25516528925619836,0.4820397511148156,0.26962729274659464,0.24833295613858974,0.06018905295059085,,,,
E1,0001,2000-10-27,Preston,Barnsley,1,2,A,,,0.5068102629078239,0.2739942983845423,0.21919543870763383,0.5246248460556885,0.2677509348705734,0.20762421907373813,0.0710630863904953,,,,
E1,0001,2000-10-28,Bolton,Crystal Palace,3,3,D,,fpl-team-8,0.6228440015331544,0.23917209658873131,0.1379839018781142,0.6472891562859394,0.23075169370989784,0.12195915000416283,0.05933838966302574,,,,
E1,0001,2000-10-28,Gillingham,Crewe,0,1,A,,,0.5460580320496806,0.2585745387058782,0.1953674292444413,0.5674572703375291,0.250828236775121,0.18171449288734967,0.0699073524447158,,,,
E1,0001,2000-10-28,Huddersfield,Blackburn,0,1,A,,,0.2869955156950673,0.2825112107623319,0.4304932735426009,0.2833816161858874,0.27855467539603124,0.4380637084180813,0.05320432654116303,,,,
E1,0001,2000-10-28,Portsmouth,Birmingham,1,1,D,,,0.3563218390804598,0.28735632183908044,0.3563218390804598,0.3583644357295495,0.283271128540901,0.3583644357295495,0.06133646029047668,,,,
E1,0001,2000-10-28,Sheffield Weds,Fulham,3,3,D,,fpl-team-10,0.21445238442467549,0.2649117689951874,0.5206358465801371,0.20491216384537392,0.25927284190602395,0.5358149942486021,0.05567714339122176,,,,
E1,0001,2000-10-28,Stockport,Nott'm Forest,1,2,A,,fpl-team-18,0.32854209445585214,0.27720739219712526,0.39425051334702255,0.32806622884170794,0.2720316558706311,0.399902115287661,0.06375832250341773,,,,
E1,0001,2000-10-28,Tranmere,QPR,1,1,D,,,0.4463519313304721,0.27896995708154504,0.27467811158798283,0.456301636517967,0.27417907066641234,0.26951929281562065,0.060319863026961684,,,,
E1,0001,2000-10-28,Wimbledon,Sheffield United,0,0,D,,,0.4968944099378882,0.2795031055900621,0.2236024844720497,0.5110564832583081,0.27474351509435796,0.21420000164733388,0.05952398991212249,,,,
E1,0001,2000-10-28,Wolves,Watford,2,2,D,,,0.3001760563380282,0.2904929577464789,0.409330985915493,0.29748629147612754,0.28703152777697116,0.41548218074690124,0.05531696020625532,,,,
E1,0001,2000-10-29,Grimsby,West Brom,2,0,H,,,0.33783157113708034,0.28552216657391954,0.3766462622890002,0.3382349196810399,0.2810307369664946,0.3807343433524655,0.06496159196831286,,,,
E1,0001,2000-10-31,Bolton,QPR,3,1,H,,,0.5743243243243243,0.2533783783783784,0.1722972972972973,0.6025663746052369,0.24350614333343334,0.15392748206132986,0.08266508928500116,,,,
E1,0001,2000-10-31,Burnley,Crewe,1,0,H,,,0.5704971475142625,0.2526487367563162,0.17685411572942136,0.59324117664219,0.24461360154304582,0.16214522181476412,0.06683454476296902,,,,
E1,0001,2000-11-04,Birmingham,Bolton,1,1,D,,,0.49321086261980834,0.2731629392971246,0.2336261980830671,0.5080150552514733,0.2675136320509464,0.2244713126975804,0.0637233282905072,,,,
E1,0001,2000-11-04,Blackburn,Stockport,2,1,H,,,0.6524575902566333,0.23662461939973903,0.11091779034362767,0.6820946890933095,0.2266762591661414,0.09122905174054916,0.06684634485282004,,,,
E1,0001,2000-11-04,Crewe,Wolves,2,0,H,,,0.3440702781844802,0.2752562225475842,0.3806734992679356,0.3449690625071108,0.2702927305881368,0.3847382069047524,0.05899605783633888,,,,
E1,0001,2000-11-04,Crystal Palace,Sheffield Weds,4,1,H,fpl-team-8,,0.37567000699137737,0.28478210207410865,0.3395478909345141,0.379752352963281,0.28012258567091847,0.34012506136580056,0.06643327861092985,,,,
E1,0001,2000-11-04,Fulham,Huddersfield,3,0,H,fpl-team-10,,0.6973365617433415,0.1937046004842615,0.10895883777239711,0.7365494943258524,0.1774499699377605,0.08600053573638716,0.07917825365439057,,,,
E1,0001,2000-11-04,Norwich,Tranmere,1,0,H,,,0.48072108162243354,0.27491236855282924,0.2443665498247371,0.49545147194619016,0.26901034603208457,0.2355381820217252,0.06887351791374385,,,,
E1,0001,2000-11-04,Nott'm Forest,Preston,3,1,H,fpl-team-18,,0.44821731748726656,0.28013582342954163,0.27164685908319186,0.45794815701717306,0.2756207038857504,0.2664311390970766,0.05797868501394987,,,,
E1,0001,2000-11-04,QPR,Portsmouth,1,1,D,,,0.38411819021237303,0.2760849492151431,0.33979686057248376,0.3889862319241372,0.2706284377418425,0.34038533033402024,0.06604631477966905,,,,
E1,0001,2000-11-04,Sheffield United,Gillingham,1,2,A,,,0.5564592072596524,0.2688126016608167,0.17472819107953086,0.5800174341836546,0.26158873893858986,0.1583938268777555,0.07394334324635565,,,,
E1,0001,2000-11-04,Watford,Grimsby,4,0,H,,,0.6672226855713094,0.2218515429524604,0.1109257714762302,0.6982564591814677,0.21055169473303947,0.09119184608549274,0.06696481234394014,,,,
E1,0001,2000-11-04,West Brom,Burnley,1,1,D,,,0.48275168460223267,0.2790908176606658,0.2381574977371015,0.4958651475885826,0.27426448756073174,0.22987036485068568,0.06026256922632456,,,,
E1,0001,2000-11-05,Barnsley,Wimbledon,0,1,A,,,0.43238453870860566,0.2769963451102005,0.29061911618119396,0.44166338675797523,0.27173421683707377,0.28660239640495105,0.06428606319241226,,,,
E1,0001,2000-11-07,Norwich,Birmingham,1,0,H,,,0.3408730338606591,0.27908979647341464,0.3800371696659263,0.34150853507812723,0.2743803841974869,0.3841110807243859,0.05992575851269066,,,,
E1,0001,2000-11-07,Watford,Sheffield Weds,1,3,A,,,0.6840855106888362,0.20218527315914492,0.11372921615201902,0.7097167975190705,0.19210782918036567,0.09817537330056374,0.05170436855405569,,,,
E1,0001,2000-11-08,Barnsley,Blackburn,1,2,A,,,0.32450704225352117,0.27887323943661974,0.3966197183098592,0.32370345949103535,0.274105338635762,0.4021912018732027,0.06038123299367726,,,,
E1,0001,2000-11-10,Preston,Crewe,2,1,H,,,0.5634421191277623,0.2680618566759354,0.16849602419630225,0.5854080832517984,0.2614571221193318,0.15313479462886986,0.06665571848861873,,,,
E1,0001,2000-11-11,Bolton,Barnsley,2,0,H,,,0.5342110943233326,0.26872436865961574,0.19706453701705154,0.5529981355103436,0.26248043815410266,0.18452142633555368,0.06475543859414756,,,,
E1,0001,2000-11-11,Burnley,Sheffield United,2,0,H,,,0.4895960832313342,0.27539779681762544,0.2350061199510404,0.5049920722494565,0.2696019977277902,0.22540593002275336,0.06793009536340833,,,,
E1,0001,2000-11-11,Huddersfield,West Brom,0,2,A,,,0.32450704225352117,0.27887323943661974,0.3966197183098592,0.32370345949103535,0.274105338635762,0.4021912018732027,0.06038123299367726,,,,
E1,0001,2000-11-11,Portsmouth,Blackburn,2,2,D,,,0.3425968109339408,0.2783599088838269,0.3790432801822324,0.3434008807051036,0.2734748769006326,0.38312424239426374,0.061398088466376066,,,,
E1,0001,2000-11-11,Sheffield Weds,Norwich,3,2,H,,,0.4444444444444444,0.2777777777777778,0.2777777777777778,0.45460741773077357,0.2726962911346132,0.2726962911346132,0.06273432495072484,,,,
E1,0001,2000-11-11,Stockport,QPR,2,2,D,,,0.40988106129917656,0.2753888380603843,0.31473010064043916,0.41739747198453875,0.2697352395157507,0.31286728849971046,0.06752989161759615,,,,
E1,0001,2000-11-11,Tranmere,Watford,2,0,H,,,0.25196437925615506,0.2713462545835516,0.4766893661602933,0.2440303913661771,0.2652366368161904,0.4907329718176325,0.06742747419048101,,,,
E1,0001,2000-11-11,Wimbledon,Fulham,0,3,A,,fpl-team-10,0.2970822281167109,0.2785145888594165,0.42440318302387275,0.29382943701318226,0.2736390049402725,0.4325315580465453,0.06116653839126229,,,,
E1,0001,2000-11-11,Wolves,Crystal Palace,1,3,A,,fpl-team-8,0.5194805194805195,0.25974025974025977,0.2207792207792208,0.5375249819241703,0.2525022539971867,0.20997276407864293,0.0669517854694277,,,,
E1,0001,2000-11-12,Gillingham,Nott'm Forest,1,3,A,,fpl-team-18,0.33783157113708034,0.28552216657391954,0.3766462622890002,0.3382349196810399,0.2810307369664946,0.3807343433524655,0.06496159196831286,,,,
E1,0001,2000-11-18,Barnsley,Sheffield Weds,1,0,H,,,0.39425051334702255,0.27720739219712526,0.32854209445585214,0.399902115287661,0.2720316558706311,0.32806622884170794,0.06375832250341773,,,,
E1,0001,2000-11-18,Birmingham,Burnley,3,2,H,,,0.5220060463304709,0.27304931654209247,0.2049446371274366,0.5395412795344969,0.2672751791338078,0.1931835413316952,0.06423206208273768,,,,
E1,0001,2000-11-18,Blackburn,Wolves,1,0,H,,,0.6081081081081081,0.24493243243243243,0.14695945945945946,0.6350808724699559,0.23570154112831446,0.12921758640172964,0.06928573385812342,,,,
E1,0001,2000-11-18,Crewe,Stockport,1,2,A,,,0.48754875487548754,0.27452745274527457,0.23792379237923794,0.5012082709257643,0.2692562384707643,0.22953549060347153,0.06084177060984075,,,,
E1,0001,2000-11-18,Crystal Palace,Tranmere,3,2,H,fpl-team-8,,0.48862275449101794,0.26299401197604794,0.24838323353293415,0.5021074103346367,0.2568618842259588,0.24103070543940447,0.059581530978903174,,,,
E1,0001,2000-11-18,Fulham,Portsmouth,3,1,H,fpl-team-10,,0.6589785831960462,0.2224052718286656,0.11861614497528832,0.6886100139999668,0.21154504114925493,0.09984494485077822,0.06505048531107605,,,,
E1,0001,2000-11-18,Norwich,Bolton,0,2,A,,,0.35148399158681937,0.2745968684272026,0.37391913998597803,0.3532733753773601,0.26875284080418166,0.3779737838184582,0.06911817390937358,,,,
E1,0001,2000-11-18,Nott'm Forest,Wimbledon,1,2,A,fpl-team-18,,0.49167927382753407,0.2723146747352496,0.23600605143721634,0.5067393606668952,0.2664367917492312,0.22682384758387358,0.0654933883342892,,,,
E1,0001,2000-11-18,QPR,Huddersfield,1,1,D,,,0.5125492444559527,0.28030036806184916,0.207150387482198,0.527656264633778,0.27569058590374906,0.19665314946247284,0.058034149929881096,,,,
E1,0001,2000-11-18,Sheffield United,Grimsby,3,2,H,,,0.559018976502021,0.25813523326710974,0.1828457902308694,0.582030729100841,0.25015998819156393,0.16780928270759518,0.07112757209688425,,,,
E1,0001,2000-11-18,Watford,Preston,2,3,A,,,0.5704971475142625,0.2526487367563162,0.17685411572942136,0.59324117664219,0.24461360154304582,0.16214522181476412,0.06683454476296902,,,,
E1,0001,2000-11-18,West Brom,Gillingham,3,1,H,,,0.562700964630225,0.2572347266881029,0.18006430868167203,0.5813698843016326,0.2508380971134439,0.16779201858492346,0.056279152398929,,,,
E1,0001,2000-11-21,Burnley,Norwich,2,0,H,,,0.5148784735367609,0.27674717952600897,0.20837434693723025,0.5320478962769869,0.2712271200445527,0.1967249836784604,0.06536046182736754,,,,
E1,0001,2000-11-21,Sheffield United,Fulham,1,1,D,,fpl-team-10,0.2550172308939793,0.2625177376849787,0.4824650314210419,0.24811580968607935,0.2562540790533257,0.4956301112605949,0.06057543377391994,,,,
E1,0001,2000-11-21,Wolves,Grimsby,2,0,H,,,0.47334200260078024,0.27308192457737324,0.2535760728218465,0.48633514248955995,0.2674580019830521,0.24620685552738797,0.06375640945043415,,,,
E1,0001,2000-11-25,Barnsley,Portsmouth,1,0,H,,,0.43030031376064554,0.2756611385029135,0.29403854773644106,0.43975958162155615,0.2700571291080832,0.29018328927036063,0.06702938373200595,,,,
E1,0001,2000-11-25,Birmingham,Huddersfield,2,1,H,,,0.6639004149377593,0.22406639004149378,0.11203319502074689,0.691982838361934,0.2140228000683026,0.0939943615697634,0.060700381407514215,,,,
E1,0001,2000-11-25,Blackburn,Gillingham,1,2,A,,,0.6672226855713094,0.2218515429524604,0.1109257714762302,0.6982564591814677,0.21055169473303947,0.09119184608549274,0.06696481234394014,,,,
E1,0001,2000-11-25,Crewe,Sheffield Weds,1,0,H,,,0.3466107617051013,0.2851153039832285,0.3682739343116701,0.34786063570365405,0.2805338784054009,0.37160548589094505,0.06576384999789298,,,,
E1,0001,2000-11-25,Crystal Palace,Stockport,2,2,D,fpl-team-8,,0.5328054257702372,0.261701488540087,0.20549308568967573,0.5509275674583687,0.2550474971393463,0.19402493540228496,0.06274688802659512,,,,
E1,0001,2000-11-25,Fulham,Grimsby,2,1,H,fpl-team-10,,0.716779069373369,0.18605754566712981,0.09716338495950112,0.7570622030628494,0.16911483755942805,0.07382295937772243,0.07819010666571558,,,,
E1,0001,2000-11-25,Norwich,Wimbledon,1,2,A,,,0.37391913998597803,0.2745968684272026,0.35148399158681937,0.3779737838184582,0.26875284080418166,0.3532733753773601,0.06911817390937358,,,,
E1,0001,2000-11-25,Nott'm Forest,Tranmere,3,1,H,fpl-team-18,,0.562700964630225,0.2572347266881029,0.18006430868167203,0.5813698843016326,0.2508380971134439,0.16779201858492346,0.056279152398929,,,,
E1,0001,2000-11-25,QPR,Wolves,2,2,D,,,0.38901395767672226,0.2796037820801441,0.3313822602431337,0.393796160075961,0.27501323537484645,0.33119060454919247,0.058901825454086065,,,,
E1,0001,2000-11-25,Sheffield United,Bolton,1,0,H,,,0.3709542798850041,0.2758972456644718,0.35314847445052394,0.3745696762990881,0.27039574962069257,0.3550345740802193,0.06642286316491663,,,,
E1,0001,2000-11-25,West Brom,Preston,3,1,H,,,0.42440318302387264,0.27851458885941643,0.29708222811671087,0.43253155804654525,0.2736390049402725,0.29382943701318226,0.06116653839126229,,,,
E1,0001,2000-11-29,Nott'm Forest,Sheffield United,2,0,H,fpl-team-18,,0.5122410546139359,0.263653483992467,0.22410546139359697,0.5274225735842676,0.2576649767556798,0.21491244966005263,0.05831381934694946,,,,
E1,0001,2000-12-02,Burnley,Nott'm Forest,1,0,H,,fpl-team-18,0.4119076549210206,0.27460510328068044,0.3134872417982989,0.4193130076402035,0.2691039486013699,0.3115830437584266,0.0647319508716464,,,,
E1,0001,2000-12-02,Gillingham,Birmingham,1,2,A,,,0.32160804020100503,0.2763819095477387,0.4020100502512563,0.32045726352499726,0.27099219118781276,0.40855054528719004,0.06546304235234857,,,,
E1,0001,2000-12-02,Grimsby,Crystal Palace,2,2,D,,fpl-team-8,0.40141208885827445,0.28035130015498533,0.31823661098674016,0.40797852684050145,0.27527040889724264,0.316751064262256,0.06629994697868824,,,,
E1,0001,2000-12-02,Huddersfield,Crewe,3,1,H,,,0.3948717948717948,0.282051282051282,0.32307692307692304,0.4005066393585183,0.2773809156611733,0.32211244498030844,0.06286105792969465,,,,
E1,0001,2000-12-02,Portsmouth,Norwich,2,0,H,,,0.48900181849886654,0.27459332884936355,0.23640485265176994,0.5027602475898536,0.2693359672709682,0.22790378513917814,0.06071519176475704,,,,
E1,0001,2000-12-02,Preston,Fulham,1,1,D,,fpl-team-10,0.2936421236617872,0.2798776491151409,0.42648022722307183,0.2902420244878548,0.27532648633463674,0.4344314891775084,0.058425147319212556,,,,
E1,0001,2000-12-02,Sheffield Weds,QPR,5,2,H,,,0.5080512244915327,0.2772620635984799,0.21468671190998742,0.523219072203073,0.2722724422097706,0.20450848558715648,0.05975795187987387,,,,
E1,0001,2000-12-02,Stockport,Sheffield United,0,2,A,,,0.3699481865284974,0.28186528497409324,0.3481865284974094,0.3733067299530881,0.2771606408620374,0.3495326291848745,0.0632068304112181,,,,
E1,0001,2000-12-02,Tranmere,Blackburn,1,1,D,,,0.3249815351400488,0.2724845179251179,0.4025339469348332,0.32415664289048823,0.2667931445467515,0.40905021256276025,0.06473346357233822,,,,
E1,0001,2000-12-02,Wimbledon,West Brom,0,1,A,,,0.405705318612341,0.2811186459676064,0.31317603542005273,0.4120727324006571,0.2765468928690804,0.3113803747302625,0.06029489531647414,,,,
E1,0001,2000-12-02,Wolves,Barnsley,2,0,H,,,0.433502146867775,0.2843774083452604,0.28212044478696463,0.44267901176873503,0.2798898955945012,0.27743109263676374,0.06282470922451466,,,,
E1,0001,2000-12-03,Bolton,Watford,2,1,H,,,0.4020100502512562,0.27638190954773867,0.321608040201005,0.40855054528719,0.27099219118781276,0.32045726352499726,0.06546304235234857,,,,
E1,0001,2000-12-05,Crystal Palace,Wimbledon,3,1,H,fpl-team-8,,0.3466107617051013,0.2851153039832285,0.3682739343116701,0.34786063570365405,0.2805338784054009,0.37160548589094505,0.06576384999789298,,,,
E1,0001,2000-12-09,Barnsley,Sheffield United,0,0,D,,,0.4020100502512562,0.27638190954773867,0.321608040201005,0.40855054528719,0.27099219118781276,0.32045726352499726,0.06546304235234857,,,,
E1,0001,2000-12-09,Birmingham,Wimbledon,0,3,A,,,0.5445227418321589,0.25944907110826393,0.19602818705957717,0.5651875661102566,0.25200812366878056,0.1828043102209629,0.06790691753849387,,,,
E1,0001,2000-12-09,Blackburn,QPR,0,0,D,,,0.6524575902566333,0.23662461939973903,0.11091779034362767,0.6820946890933095,0.2266762591661414,0.09122905174054916,0.06684634485282004,,,,
E1,0001,2000-12-09,Bolton,Crewe,4,1,H,,,0.6544953496383051,0.2342404409231829,0.11126420943851188,0.6835252377517985,0.22438091569230256,0.09209384655589888,0.06490351399406791,,,,
E1,0001,2000-12-09,Crystal Palace,Watford,1,0,H,fpl-team-8,,0.3313822602431337,0.2796037820801441,0.38901395767672226,0.33119060454919247,0.27501323537484645,0.393796160075961,0.058901825454086065,,,,
E1,0001,2000-12-09,Huddersfield,Wolves,3,0,H,,,0.3595505617977528,0.28089887640449435,0.3595505617977528,0.3616931486743505,0.2766137026512991,0.3616931486743505,0.056301046162843704,,,,
E1,0001,2000-12-09,Norwich,Gillingham,1,0,H,,,0.4463519313304721,0.27896995708154504,0.27467811158798283,0.456301636517967,0.27417907066641234,0.26951929281562065,0.060319863026961684,,,,
E1,0001,2000-12-09,Nott'm Forest,Portsmouth,2,0,H,fpl-team-18,,0.5325443786982248,0.2662721893491124,0.2011834319526627,0.5478720590813982,0.26099241341493123,0.19113552750367047,0.05287512741051614,,,,
E1,0001,2000-12-09,Preston,Burnley,2,1,H,,,0.4444444444444444,0.2777777777777778,0.2777777777777778,0.45460741773077357,0.2726962911346132,0.2726962911346132,0.06273432495072484,,,,
E1,0001,2000-12-09,Sheffield Weds,Stockport,2,4,A,,,0.5460580320496806,0.2585745387058782,0.1953674292444413,0.5674572703375291,0.250828236775121,0.18171449288734967,0.0699073524447158,,,,
E1,0001,2000-12-09,Tranmere,Grimsby,2,0,H,,,0.4848334162108403,0.2759820984584784,0.23918448533068126,0.4976088312466118,0.27109043143464434,0.23130073731874384,0.05783159448765218,,,,
E1,0001,2000-12-09,West Brom,Fulham,1,3,A,,fpl-team-10,0.32160804020100503,0.2763819095477387,0.4020100502512563,0.32045726352499726,0.27099219118781276,0.40855054528719004,0.06546304235234857,,,,
E1,0001,2000-12-13,Nott'm Forest,Huddersfield,1,3,A,fpl-team-18,,0.578642819568648,0.26038926880589164,0.16096791162546029,0.6019069106631025,0.2530567522137911,0.14503633712310632,0.06638145935721695,,,,
E1,0001,2000-12-13,Wimbledon,Grimsby,2,2,D,,,0.5673528934997568,0.2544982979413195,0.17814880855892368,0.5884139364938965,0.2471471884492241,0.1644388750568794,0.0625159926712513,,,,
E1,0001,2000-12-16,Crewe,Crystal Palace,1,1,D,,fpl-team-8,0.3563218390804598,0.28735632183908044,0.3563218390804598,0.3583644357295495,0.283271128540901,0.3583644357295495,0.06133646029047668,,,,
E1,0001,2000-12-16,Fulham,Tranmere,3,1,H,fpl-team-10,,0.7272727272727273,0.18181818181818182,0.09090909090909091,0.756309361695676,0.16986670878138188,0.07382392952294217,0.05325034097768366,,,,
E1,0001,2000-12-16,Gillingham,Preston,4,0,H,,,0.3395478909345141,0.28478210207410865,0.37567000699137737,0.34012506136580056,0.28012258567091847,0.379752352963281,0.06643327861092985,,,,
E1,0001,2000-12-16,Grimsby,Norwich,2,0,H,,,0.4043321299638989,0.27797833935018046,0.31768953068592054,0.41076899061605193,0.27298811329195727,0.3162428960919907,0.06220584746915847,,,,
E1,0001,2000-12-16,Portsmouth,Huddersfield,1,1,D,,,0.49872122762148335,0.26854219948849106,0.23273657289002558,0.5163277679504723,0.2615462857643639,0.2221259462851638,0.07363530225120485,,,,
E1,0001,2000-12-16,QPR,Nott'm Forest,1,0,H,,fpl-team-18,0.30589543937708563,0.29365962180200217,0.4004449388209121,0.3031842491986103,0.28976390170582267,0.4070518490955669,0.06765485368669033,,,,
E1,0001,2000-12-16,Sheffield United,Sheffield Weds,1,1,D,,,0.4324324324324324,0.28378378378378377,0.28378378378378377,0.43980092712066743,0.2800995364396663,0.2800995364396663,0.05071657453663647,,,,
E1,0001,2000-12-16,Stockport,Barnsley,2,0,H,,,0.39425051334702255,0.27720739219712526,0.32854209445585214,0.399902115287661,0.2720316558706311,0.32806622884170794,0.06375832250341773,,,,
E1,0001,2000-12-16,Watford,West Brom,3,3,D,,,0.4444444444444444,0.2777777777777778,0.2777777777777778,0.45460741773077357,0.2726962911346132,0.2726962911346132,0.06273432495072484,,,,
E1,0001,2000-12-16,Wimbledon,Bolton,0,1,A,,,0.3690036900369003,0.27675276752767525,0.35424354243542433,0.37234293952386627,0.27147064455455616,0.35618641592157757,0.06466425023972988,,,,
E1,0001,2000-12-17,Burnley,Blackburn,0,2,A,,,0.40073868882733144,0.28439519852262235,0.31486611265004616,0.4073323544684106,0.2796323655620431,0.3130352799695463,0.06724709155969322,,,,
E1,0001,2000-12-17,Wolves,Birmingham,0,1,A,,,0.3353781694176444,0.2940148618561349,0.3706069687262205,0.33556118177774447,0.2902097179551008,0.3742291002671546,0.06691298051737249,,,,
E1,0001,2000-12-22,Crystal Palace,Blackburn,2,3,A,fpl-team-8,,0.3690036900369003,0.27675276752767525,0.35424354243542433,0.37234293952386627,0.27147064455455616,0.35618641592157757,0.06466425023972988,,,,
E1,0001,2000-12-22,Stockport,Gillingham,2,2,D,,,0.4444444444444444,0.2777777777777778,0.2777777777777778,0.45460741773077357,0.2726962911346132,0.2726962911346132,0.06273432495072484,,,,
E1,0001,2000-12-23,Birmingham,QPR,0,0,D,,,0.635593220338983,0.23728813559322035,0.1271186440677966,0.6630222792272404,0.22790020355768612,0.1090775172150734,0.06443637073971331,,,,
E1,0001,2000-12-23,Burnley,Bolton,0,2,A,,,0.3770506661832684,0.27925314964198317,0.34369618417474845,0.3808418778447967,0.27458340456233343,0.34457471759287,0.05959496274590492,,,,
E1,0001,2000-12-23,Crewe,Fulham,1,2,A,,fpl-team-10,0.16096791162546029,0.26038926880589164,0.578642819568648,0.14503633712310632,0.2530567522137911,0.6019069106631025,0.06638145935721695,,,,
E1,0001,2000-12-23,Norwich,Barnsley,0,0,D,,,0.4134960516870064,0.27781765972720746,0.30868628858578606,0.42080629136612335,0.272780854116662,0.30641285451721456,0.06255246745422482,,,,
E1,0001,2000-12-23,Portsmouth,Sheffield United,0,0,D,,,0.4043321299638989,0.27797833935018046,0.31768953068592054,0.41076899061605193,0.27298811329195727,0.3162428960919907,0.06220584746915847,,,,
E1,0001,2000-12-23,Preston,Grimsby,1,2,A,,,0.6000909228671011,0.24170328837702684,0.1582057887558721,0.6291816403695344,0.23116763776582194,0.13965072186464358,0.07709103845991194,,,,
E1,0001,2000-12-23,Sheffield Weds,Wolves,0,1,A,,,0.44000000000000006,0.2666666666666667,0.29333333333333333,0.4506154272640646,0.2600690239671613,0.289315548768774,0.06845070701092482,,,,
E1,0001,2000-12-23,Tranmere,Wimbledon,0,4,A,,,0.3563218390804598,0.28735632183908044,0.3563218390804598,0.3583644357295495,0.283271128540901,0.3583644357295495,0.06133646029047668,,,,
E1,0001,2000-12-23,Watford,Huddersfield,1,2,A,,,0.5460580320496806,0.2585745387058782,0.1953674292444413,0.5674572703375291,0.250828236775121,0.18171449288734967,0.0699073524447158,,,,
E1,0001,2000-12-23,West Brom,Nott'm Forest,3,0,H,,fpl-team-18,0.4824650314210419,0.2625177376849787,0.2550172308939793,0.4956301112605949,0.2562540790533257,0.24811580968607935,0.06057543377391994,,,,
E1,0001,2000-12-26,Barnsley,Burnley,1,0,H,,,0.3984256908992385,0.27921170464592304,0.32236260445483844,0.4045019037188438,0.2741890405619575,0.3213090557191987,0.06412291945889592,,,,
E1,0001,2000-12-26,Blackburn,Birmingham,2,1,H,,,0.4667753450363514,0.2736021637828459,0.2596224911808027,0.47895227638103427,0.2681303738914998,0.252917349727466,0.06263557099737227,,,,
E1,0001,2000-12-26,Bolton,Sheffield Weds,2,0,H,,,0.6267440420824062,0.2389198764448367,0.13433608147275722,0.6533403882376738,0.22977618282113033,0.11688342894119588,0.06408932292833924,,,,
E1,0001,2000-12-26,Fulham,Watford,5,0,H,fpl-team-10,,0.6099591607803271,0.24314234133174414,0.14689849788792875,0.6372106277523947,0.23370301170362603,0.12908636054397937,0.06955684768036008,,,,
E1,0001,2000-12-26,Gillingham,Crystal Palace,4,1,H,,fpl-team-8,0.3949081440763778,0.2703601909445972,0.334731664979025,0.4010842886235556,0.26408869872871027,0.3348270126477342,0.06918032839894295,,,,
E1,0001,2000-12-26,Grimsby,Stockport,1,1,D,,,0.44977575588506685,0.2719254951610481,0.2782987489538851,0.46025323127661333,0.2664079911008179,0.27333877762256886,0.06169561133719981,,,,
E1,0001,2000-12-26,Huddersfield,Tranmere,3,0,H,,,0.5240641711229947,0.2620320855614974,0.21390374331550804,0.5411975936144017,0.2555130716779326,0.2032893347076658,0.06193328928202391,,,,
E1,0001,2000-12-26,Nott'm Forest,Crewe,1,0,H,fpl-team-18,,0.5898791540785498,0.24924471299093656,0.16087613293051362,0.6143484340370556,0.24082200517507224,0.14482956078787215,0.06680936459451914,,,,
E1,0001,2000-12-26,QPR,Norwich,2,3,A,,,0.4430186206519959,0.29050401354229244,0.2664773658057118,0.45333199552783515,0.2864462848309364,0.26022171964122837,0.06456007086671889,,,,
E1,0001,2000-12-26,Sheffield United,West Brom,2,0,H,,,0.40287320424734546,0.2748282323547783,0.3222985633978764,0.40937623898660846,0.2693919381968478,0.32123182281654367,0.06425183010287583,,,,
E1,0001,2000-12-26,Wimbledon,Portsmouth,1,1,D,,,0.4800099742332309,0.2676419250270136,0.25234810073975567,0.4942007194006833,0.26125695758960477,0.24454232300971204,0.06657149537932128,,,,
E1,0001,2000-12-26,Wolves,Preston,0,1,A,,,0.40872216788447147,0.27461020654737933,0.31666762556814915,0.4162951158860982,0.26875100852464257,0.31495387558925925,0.06914469273760915,,,,
E1,0001,2000-12-29,Barnsley,Watford,0,1,A,,,0.42188898836168304,0.27260519247985676,0.30550581915846015,0.4302115692993369,0.26693056596123854,0.30285786473942455,0.06452719517983496,,,,
E1,0001,2000-12-30,Blackburn,Crewe,1,0,H,,,0.6722689075630252,0.2184873949579832,0.1092436974789916,0.7079722569559697,0.20512971058604287,0.08689803245798748,0.07693059928715229,,,,
E1,0001,2000-12-30,Bolton,West Brom,0,1,A,,,0.500253164556962,0.26936708860759495,0.23037974683544304,0.5176055774296796,0.2626139913165779,0.21978043125374253,0.07186276698485017,,,,
E1,0001,2000-12-30,Huddersfield,Sheffield Weds,0,0,D,,,0.5151124914779184,0.262101355957882,0.22278615256419967,0.5314020736761067,0.25563189710036244,0.21296602922353078,0.061702261213213205,,,,
E1,0001,2000-12-30,Nott'm Forest,Norwich,0,0,D,fpl-team-18,,0.562177058215639,0.2562866000688943,0.1815363417154668,0.5868543086742446,0.24762627112544294,0.16551942020031252,0.07546471059322357,,,,
E1,0001,2000-12-30,QPR,Crystal Palace,1,1,D,,fpl-team-8,0.37269952834551007,0.2861370572459077,0.3411634144085822,0.3763454436324077,0.281784170370233,0.34187038599735936,0.06374068500008434,,,,
E1,0001,2000-12-30,Sheffield United,Preston,3,2,H,,,0.45448676565526147,0.2769528728211749,0.26856036152356355,0.46586245060826365,0.2716470315919233,0.262490517799813,0.06446977844461799,,,,
E1,0001,2000-12-30,Wolves,Stockport,3,2,H,,,0.49111470113085626,0.27625201938610666,0.23263327948303716,0.5062646871502137,0.2706802870159852,0.22305502583380116,0.06616065511479974,,,,
E1,0001,2001-01-01,Birmingham,Nott'm Forest,0,2,A,,fpl-team-18,0.5136349550666254,0.2598388596219399,0.2265261853114348,0.5310560827436678,0.25265326483315054,0.21629065242318168,0.06667486997321248,,,,
E1,0001,2001-01-01,Burnley,Wolves,1,2,A,,,0.49167927382753407,0.2723146747352496,0.23600605143721634,0.5067393606668952,0.2664367917492312,0.22682384758387358,0.0654933883342892,,,,
E1,0001,2001-01-01,Norwich,Blackburn,1,1,D,,,0.31768953068592054,0.27797833935018046,0.4043321299638989,0.3162428960919907,0.27298811329195727,0.41076899061605193,0.06220584746915847,,,,
E1,0001,2001-01-01,Portsmouth,Gillingham,0,0,D,,,0.4526166902404526,0.2758132956152758,0.27157001414427157,0.4642127255041108,0.27021512455003094,0.26557214994585826,0.06681295181624591,,,,
E1,0001,2001-01-01,Preston,Bolton,0,2,A,,,0.3682739343116702,0.28511530398322854,0.3466107617051014,0.37160548589094505,0.2805338784054009,0.3478606357036541,0.06576384999789298,,,,
E1,0001,2001-01-01,Sheffield Weds,Grimsby,1,0,H,,,0.5062695924764891,0.26057993730407525,0.23315047021943572,0.5225782304570118,0.25365670782113137,0.2237650617218568,0.06496808887459338,,,,
E1,0001,2001-01-01,Stockport,Fulham,2,0,H,,fpl-team-10,0.1747281910795309,0.2688126016608168,0.5564592072596525,0.15839382687775547,0.26158873893858986,0.5800174341836546,0.07394334324635565,,,,
E1,0001,2001-01-01,Tranmere,Sheffield United,1,0,H,,,0.35575826681870015,0.27366020524515394,0.37058152793614596,0.357766833410871,0.2682912318321236,0.3739419347570053,0.06226320518180728,,,,
E1,0001,2001-01-01,West Brom,Barnsley,1,0,H,,,0.5704971475142625,0.2526487367563162,0.17685411572942136,0.59324117664219,0.24461360154304582,0.16214522181476412,0.06683454476296902,,,,
E1,0001,2001-01-02,Watford,Wimbledon,3,1,H,,,0.407548917448188,0.27382192891050133,0.3186291536413106,0.41517430853664367,0.26775066057634217,0.3170750308870143,0.07078914227895439,,,,
E1,0001,2001-01-10,Blackburn,Preston,3,2,H,,,0.5673528934997568,0.2544982979413195,0.17814880855892368,0.5884139364938965,0.2471471884492241,0.1644388750568794,0.0625159926712513,,,,
E1,0001,2001-01-13,Barnsley,Birmingham,2,3,A,,,0.35148399158681937,0.2745968684272026,0.37391913998597803,0.3532733753773601,0.26875284080418166,0.3779737838184582,0.06911817390937358,,,,
E1,0001,2001-01-13,Blackburn,Sheffield Weds,2,0,H,,,0.6166982922201139,0.24667931688804556,0.1366223908918406,0.6428667958146943,0.23808065847340124,0.11905254571190448,0.06526872212998569,,,,
E1,0001,2001-01-13,Bolton,Tranmere,2,0,H,,,0.6326942482341069,0.23309788092835515,0.13420787083753782,0.6609870450782258,0.22299578763211883,0.11601716728965532,0.0670313136652112,,,,
E1,0001,2001-01-13,Fulham,Norwich,2,0,H,fpl-team-10,,0.697952672161659,0.21270938580164847,0.08933794203669236,0.7298209416962491,0.20089029915198175,0.06928875915176914,0.06408747588284314,,,,
E1,0001,2001-01-13,Gillingham,Burnley,0,0,D,,,0.47004132231404955,0.2747933884297521,0.25516528925619836,0.4820397511148156,0.26962729274659464,0.24833295613858974,0.06018905295059085,,,,
E1,0001,2001-01-13,Grimsby,Crewe,1,3,A,,,0.49167927382753407,0.2723146747352496,0.23600605143721634,0.5067393606668952,0.2664367917492312,0.22682384758387358,0.0654933883342892,,,,
E1,0001,2001-01-13,Huddersfield,Stockport,0,0,D,,,0.4444444444444444,0.2777777777777778,0.2777777777777778,0.45460741773077357,0.2726962911346132,0.2726962911346132,0.06273432495072484,,,,
E1,0001,2001-01-13,QPR,West Brom,2,0,H,,,0.31769528581188794,0.28695058073331814,0.39535413345479387,0.3162589386134624,0.28276616154063505,0.4009748998459026,0.062166732270270586,,,,
E1,0001,2001-01-13,Sheffield United,Watford,0,1,A,,,0.42440318302387264,0.27851458885941643,0.29708222811671087,0.43253155804654525,0.2736390049402725,0.29382943701318226,0.06116653839126229,,,,
E1,0001,2001-01-13,Wimbledon,Preston,3,1,H,,,0.4363636363636364,0.27272727272727276,0.2909090909090909,0.4473087702494297,0.2663167962718516,0.28637443347871866,0.07319964491762221,,,,
E1,0001,2001-01-13,Wolves,Portsmouth,1,1,D,,,0.5286133379699679,0.26751038618480194,0.2038762758452301,0.5475943854718002,0.26092752089295307,0.19147809363524657,0.06731118774041533,,,,
E1,0001,2001-01-14,Nott'm Forest,Crystal Palace,0,3,A,fpl-team-18,fpl-team-8,0.5125019412952322,0.267122223947818,0.22037583475694983,0.5301281504629549,0.2604864057953229,0.2093854437417222,0.06796833709813654,,,,
E1,0001,2001-01-20,Burnley,Barnsley,2,1,H,,,0.4773880056263586,0.27300626571757386,0.2496057286560675,0.4925989476477915,0.26658345702518377,0.24081759532702476,0.07287212391383946,,,,
E1,0001,2001-01-20,Crystal Palace,Gillingham,2,2,D,fpl-team-8,,0.48754875487548754,0.27452745274527457,0.23792379237923794,0.5012082709257643,0.2692562384707643,0.22953549060347153,0.06084177060984075,,,,
E1,0001,2001-01-20,Norwich,QPR,1,0,H,,,0.4854663511135384,0.2776260695430548,0.23690757934340678,0.49946315431357247,0.27242685567019703,0.22810999001623045,0.06327493907883763,,,,
E1,0001,2001-01-20,Portsmouth,Wimbledon,2,1,H,,,0.3511090136857008,0.28315243039169413,0.36573855592260496,0.3528848945630112,0.27811267830111563,0.36900242713587306,0.06969721312634647,,,,
E1,0001,2001-01-20,Sheffield Weds,Bolton,0,3,A,,,0.28524028684576685,0.27646366263512795,0.43829605051910525,0.28124876293854867,0.27176160318320647,0.4469896338782448,0.05664963903836906,,,,
E1,0001,2001-01-20,Stockport,Grimsby,1,1,D,,,0.48804616652926636,0.2745259686727123,0.23742786479802142,0.5036873011403502,0.2684968673713092,0.22781583148834056,0.0697472405154258,,,,
E1,0001,2001-01-20,Watford,Fulham,1,3,A,,fpl-team-10,0.31768953068592054,0.27797833935018046,0.4043321299638989,0.3162428960919907,0.27298811329195727,0.41076899061605193,0.06220584746915847,,,,
E1,0001,2001-01-20,West Brom,Sheffield United,2,1,H,,,0.5348684560662776,0.26663591690468164,0.19849562702904078,0.5525448787653447,0.2606178609259773,0.18683726030867792,0.060567577835172415,,,,
E1,0001,2001-01-27,Fulham,Birmingham,0,1,A,fpl-team-10,,0.6208374206205792,0.24162321234963083,0.1375393670297899,0.645852807819167,0.23313466617347128,0.1210125260073617,0.061257529305294156,,,,
E1,0001,2001-01-27,Grimsby,Portsmouth,2,1,H,,,0.3908328882903383,0.27480437457914414,0.3343627371305176,0.39656335435733214,0.26900949693152365,0.33442714871114415,0.06870435760356486,,,,
E1,0001,2001-01-27,Norwich,Watford,2,1,H,,,0.33783157113708034,0.28552216657391954,0.3766462622890002,0.3382349196810399,0.2810307369664946,0.3807343433524655,0.06496159196831286,,,,
E1,0001,2001-01-31,QPR,Fulham,0,2,A,,fpl-team-10,0.2038762758452301,0.26751038618480194,0.5286133379699679,0.19147809363524657,0.26092752089295307,0.5475943854718002,0.06731118774041533,,,,
E1,0001,2001-02-03,Birmingham,Norwich,2,1,H,,,0.578512396694215,0.24793388429752067,0.1735537190082645,0.6057958989292791,0.2380066800711307,0.15619742099959016,0.07824830175377429,,,,
E1,0001,2001-02-03,Blackburn,Barnsley,0,0,D,,,0.6524575902566333,0.23662461939973903,0.11091779034362767,0.6820946890933095,0.2266762591661414,0.09122905174054916,0.06684634485282004,,,,
E1,0001,2001-02-03,Crewe,Burnley,4,2,H,,,0.3736844545412398,0.28568779266539945,0.3406277527933609,0.37747243912683087,0.28123449225591873,0.3412930686172505,0.06463048397563398,,,,
E1,0001,2001-02-03,Crystal Palace,West Brom,2,2,D,fpl-team-8,,0.36573855592260507,0.2831524303916942,0.35110901368570085,0.3690024271358731,0.27811267830111563,0.3528848945630112,0.06969721312634647,,,,
E1,0001,2001-02-03,Huddersfield,Nott'm Forest,1,1,D,,fpl-team-18,0.37022292993630573,0.28423566878980894,0.34554140127388544,0.37383198884293906,0.27945116984884105,0.34671684130822,0.06752130365930498,,,,
E1,0001,2001-02-03,Portsmouth,Preston,0,1,A,,,0.4143782094217459,0.27841035945523557,0.3072114311230186,0.4216313762589148,0.2735184705910733,0.30485015315001185,0.06135132513009012,,,,
E1,0001,2001-02-03,QPR,Bolton,1,1,D,,,0.2607135317711632,0.27274646400675534,0.4665400042220815,0.25392277549523823,0.26704562878555554,0.4790315957192062,0.06441769492812455,,,,
E1,0001,2001-02-03,Sheffield Weds,Watford,2,3,A,,,0.31768953068592054,0.27797833935018046,0.4043321299638989,0.3162428960919907,0.27298811329195727,0.41076899061605193,0.06220584746915847,,,,
E1,0001,2001-02-03,Stockport,Tranmere,1,1,D,,,0.4780082987551867,0.27634854771784234,0.24564315352697097,0.49185625997696675,0.2708373473533316,0.23730639266970174,0.06585860578343272,,,,
E1,0001,2001-02-03,Wolves,Gillingham,1,1,D,,,0.4854663511135384,0.2776260695430548,0.23690757934340678,0.49946315431357247,0.27242685567019703,0.22810999001623045,0.06327493907883763,,,,
E1,0001,2001-02-04,Fulham,Sheffield United,1,1,D,fpl-team-10,,0.6672226855713094,0.2218515429524604,0.1109257714762302,0.6982564591814677,0.21055169473303947,0.09119184608549274,0.06696481234394014,,,,
E1,0001,2001-02-10,Barnsley,Fulham,0,0,D,,fpl-team-10,0.21919543870763383,0.2739942983845423,0.5068102629078239,0.20762421907373813,0.2677509348705734,0.5246248460556885,0.0710630863904953,,,,
E1,0001,2001-02-10,Bolton,Huddersfield,2,2,D,,,0.6293706293706294,0.24475524475524477,0.12587412587412586,0.6585623308022943,0.2351842937113583,0.10625337548634738,0.07047161739319563,,,,
E1,0001,2001-02-10,Burnley,Crystal Palace,1,2,A,,fpl-team-8,0.4444444444444444,0.2777777777777778,0.2777777777777778,0.45460741773077357,0.2726962911346132,0.2726962911346132,0.06273432495072484,,,,
E1,0001,2001-02-10,Gillingham,Grimsby,1,0,H,,,0.4895960832313342,0.27539779681762544,0.2350061199510404,0.5049920722494565,0.2696019977277902,0.22540593002275336,0.06793009536340833,,,,
E1,0001,2001-02-10,Norwich,Crewe,1,1,D,,,0.5343001691236781,0.26086420021920753,0.2048356306571144,0.5530789105124201,0.253936216797259,0.19298487269032094,0.06461332086473703,,,,
E1,0001,2001-02-10,Nott'm Forest,Blackburn,2,1,H,fpl-team-18,,0.3466107617051013,0.2851153039832285,0.3682739343116701,0.34786063570365405,0.2805338784054009,0.37160548589094505,0.06576384999789298,,,,
E1,0001,2001-02-10,Preston,QPR,5,0,H,,,0.5431471197534948,0.2724091708302143,0.18444370941629096,0.5630393890692325,0.2663577687318224,0.1706028421989452,0.06587001332081854,,,,
E1,0001,2001-02-10,Sheffield United,Birmingham,3,1,H,,,0.37465864639456786,0.28643257805004063,0.33890877555539156,0.37845362297575225,0.28214437278662013,0.3394020042376275,0.0631590133998543,,,,
E1,0001,2001-02-10,Tranmere,Wolves,0,2,A,,,0.3966197183098592,0.27887323943661974,0.32450704225352117,0.4021912018732027,0.274105338635762,0.32370345949103535,0.06038123299367726,,,,
E1,0001,2001-02-10,Watford,Portsmouth,2,2,D,,,0.5913043478260869,0.2608695652173913,0.14782608695652172,0.6153691361817976,0.25359751890298704,0.13103334491521537,0.0655867476016283,,,,
E1,0001,2001-02-10,West Brom,Stockport,1,1,D,,,0.5877862595419847,0.25190839694656486,0.1603053435114504,0.6127828933252399,0.24347123611549837,0.14374587055926172,0.06892544962465763,,,,
E1,0001,2001-02-10,Wimbledon,Sheffield Weds,4,1,H,,,0.5307323891098419,0.2645740566607271,0.20469355422943092,0.5492842441566556,0.25794726101319543,0.19276849483014893,0.06499404541682452,,,,
E1,0001,2001-02-13,Portsmouth,Bolton,1,2,A,,,0.2970822281167109,0.2785145888594165,0.42440318302387275,0.29382943701318226,0.2736390049402725,0.4325315580465453,0.06116653839126229,,,,
E1,0001,2001-02-13,Sheffield Weds,Tranmere,1,0,H,,,0.442371020856202,0.27222832052689355,0.2854006586169045,0.4527530334473199,0.26642735983723637,0.28081960671544376,0.06538463057950139,,,,
E1,0001,2001-02-13,Stockport,Preston,0,1,A,,,0.38901395767672226,0.2796037820801441,0.3313822602431337,0.393796160075961,0.27501323537484645,0.33119060454919247,0.058901825454086065,,,,
E1,0001,2001-02-17,Birmingham,West Brom,2,1,H,,,0.4463519313304721,0.27896995708154504,0.27467811158798283,0.456301636517967,0.27417907066641234,0.26951929281562065,0.060319863026961684,,,,
E1,0001,2001-02-17,Crewe,Watford,2,0,H,,,0.31768953068592054,0.27797833935018046,0.4043321299638989,0.3162428960919907,0.27298811329195727,0.41076899061605193,0.06220584746915847,,,,
E1,0001,2001-02-17,Crystal Palace,Norwich,1,1,D,fpl-team-8,,0.49167927382753407,0.2723146747352496,0.23600605143721634,0.5067393606668952,0.2664367917492312,0.22682384758387358,0.0654933883342892,,,,
E1,0001,2001-02-17,Fulham,Nott'm Forest,1,0,H,fpl-team-10,fpl-team-18,0.608634211827881,0.2417861937398431,0.14957959443227584,0.6354758505856646,0.23234912577829622,0.1321750236360393,0.06871759216301143,,,,
E1,0001,2001-02-17,Grimsby,Burnley,1,0,H,,,0.4043321299638989,0.27797833935018046,0.31768953068592054,0.41076899061605193,0.27298811329195727,0.3162428960919907,0.06220584746915847,,,,
E1,0001,2001-02-17,Huddersfield,Gillingham,2,3,A,,,0.44420321320017375,0.2865827181936605,0.2692140686061659,0.4543913877630508,0.2822652641777747,0.2633433480591745,0.06304486328735948,,,,
E1,0001,2001-02-17,QPR,Barnsley,2,0,H,,,0.4043321299638989,0.27797833935018046,0.31768953068592054,0.41076899061605193,0.27298811329195727,0.3162428960919907,0.06220584746915847,,,,
E1,0001,2001-02-20,Barnsley,Crystal Palace,1,0,H,,fpl-team-8,0.39520523065746455,0.27787867780602976,0.3269160915365056,0.40082702688598554,0.27286937781725834,0.32630359529675607,0.06239244295284152,,,,
E1,0001,2001-02-20,Bolton,Grimsby,2,2,D,,,0.6470477711494198,0.23157499177979235,0.12137723707078772,0.6783375353520208,0.22051950454240088,0.1011429601055783,0.07162655587308109,,,,
E1,0001,2001-02-20,Burnley,Fulham,2,1,H,,fpl-team-10,0.20662881192968452,0.26707544944941314,0.5262957386209024,0.1958179461849395,0.261216873628358,0.5429651801867025,0.059537795605137944,,,,
E1,0001,2001-02-20,Gillingham,QPR,0,1,A,,,0.5429960606168152,0.2603186996486496,0.19668523973453525,0.5629421582878635,0.2531748436086306,0.1838829981035059,0.06593503931071609,,,,
E1,0001,2001-02-20,Norwich,Stockport,4,0,H,,,0.4926029588164735,0.27708916433426634,0.2303078768492603,0.5075063336450604,0.271732692129048,0.22076097422589164,0.06443704990670085,,,,
E1,0001,2001-02-20,Preston,Birmingham,0,2,A,,,0.4020100502512562,0.27638190954773867,0.321608040201005,0.40855054528719,0.27099219118781276,0.32045726352499726,0.06546304235234857,,,,
E1,0001,2001-02-20,Sheffield United,Wolves,1,0,H,,,0.500253164556962,0.26936708860759495,0.23037974683544304,0.5176055774296796,0.2626139913165779,0.21978043125374253,0.07186276698485017,,,,
E1,0001,2001-02-20,Watford,Blackburn,0,1,A,,,0.3744,0.28287999999999996,0.34271999999999997,0.37805422116047205,0.2784091368955615,0.34353664194396644,0.06118307961151004,,,,
E1,0001,2001-02-20,West Brom,Crewe,2,2,D,,,0.5919282511210762,0.24663677130044842,0.16143497757847533,0.6158729093047581,0.23824001686693802,0.14588707382830388,0.06475533288903534,,,,
E1,0001,2001-02-21,Nott'm Forest,Sheffield Weds,0,1,A,fpl-team-18,,0.5723380160989195,0.264285495669207,0.16337648823187342,0.5921463640745375,0.2582603951587566,0.14959324076670596,0.05759283434599638,,,,
E1,0001,2001-02-23,Bolton,Blackburn,1,4,A,,,0.39548924559519316,0.28158834286377754,0.32292241154102924,0.40165900149499906,0.2764825284486656,0.3218584700563354,0.0683147634845227,,,,
E1,0001,2001-02-24,Barnsley,Crewe,3,0,H,,,0.46003182092500133,0.2710264991496132,0.2689416799253854,0.47335079499410315,0.26447261342623435,0.26217659157966244,0.07244995376095176,,,,
E1,0001,2001-02-24,Burnley,Huddersfield,1,0,H,,,0.48608534322820035,0.27087198515769945,0.24304267161410018,0.5003229348125534,0.2649979415414557,0.23467912364599097,0.06410040357150137,,,,
E1,0001,2001-02-24,Gillingham,Fulham,0,2,A,,fpl-team-10,0.24444729089278852,0.27265274753426416,0.4828999615729474,0.2361363366832472,0.26689070589745156,0.49697295741930114,0.06471685832366347,,,,
E1,0001,2001-02-24,Norwich,Wolves,1,0,H,,,0.40255591054313095,0.28115015974440893,0.31629392971246006,0.4090758936094058,0.276261662214039,0.31466244417655514,0.06468659685924649,,,,
E1,0001,2001-02-24,Nott'm Forest,Grimsby,3,1,H,fpl-team-18,,0.5806162412117208,0.254966262445147,0.16441749634313219,0.6053722167728776,0.24669483225418323,0.1479329509729391,0.07019570842385292,,,,
E1,0001,2001-02-24,Preston,Sheffield Weds,2,0,H,,,0.5402232547239959,0.25788759751057916,0.20188914776542477,0.5602537383849465,0.2504070673822489,0.1893391942328045,0.06708430242724717,,,,
E1,0001,2001-02-24,Sheffield United,Crystal Palace,1,0,H,,fpl-team-8,0.51217575436739,0.27157226045526733,0.2162519851773425,0.5307040124554749,0.265012894884542,0.20428309265998307,0.07175553089473397,,,,
E1,0001,2001-02-24,Watford,Stockport,2,2,D,,,0.5698324022346368,0.2581005586592179,0.17206703910614526,0.593966161886729,0.2500373624597082,0.15599647565356292,0.0714235317427665,,,,
E1,0001,2001-02-24,West Brom,Portsmouth,2,0,H,,,0.5617903080197781,0.26526640108001553,0.17294329090020624,0.5841493958553606,0.2582462941992966,0.15760430994534275,0.06832612212747335,,,,
E1,0001,2001-02-24,Wimbledon,QPR,5,0,H,,,0.5335785323952275,0.2651964944591205,0.20122497314565202,0.5520168542380971,0.258749915612147,0.1892332301497559,0.06366900890134275,,,,
E1,0001,2001-02-27,Tranmere,Huddersfield,2,0,H,,,0.42440318302387264,0.27851458885941643,0.29708222811671087,0.43253155804654525,0.2736390049402725,0.29382943701318226,0.06116653839126229,,,,
E1,0001,2001-03-02,Birmingham,Watford,2,0,H,,,0.5138968993541314,0.27067851950713795,0.21542458113873067,0.5308357669138575,0.264668399042344,0.2044958340437986,0.06474478717427701,,,,
E1,0001,2001-03-03,Blackburn,West Brom,1,0,H,,,0.5477308294209703,0.26604068857589985,0.1862284820031299,0.5682141214304097,0.2593499569710991,0.17243592159849136,0.06637513218447566,,,,
E1,0001,2001-03-03,Crewe,Tranmere,3,1,H,,,0.4544133867800167,0.2790885367625299,0.2664980764574534,0.4657975772851121,0.2739702882492061,0.26023213446568183,0.0645625947508961,,,,
E1,0001,2001-03-03,Crystal Palace,Preston,0,2,A,fpl-team-8,,0.3717629846378932,0.2918800292611558,0.336356986100951,0.3754660635663327,0.28790247992708606,0.3366314565065812,0.06634369026869535,,,,
E1,0001,2001-03-03,Grimsby,Barnsley,0,2,A,,,0.4215851602023609,0.28330522765598654,0.29510961214165266,0.4299331859751697,0.2785848637195655,0.29148195030526486,0.06492411810904741,,,,
E1,0001,2001-03-03,Huddersfield,Norwich,2,0,H,,,0.40277738173315464,0.28355527674014086,0.3136673415267045,0.40928871028419783,0.2789106800172502,0.3118006096985519,0.0643722778186202,,,,
E1,0001,2001-03-03,Portsmouth,Burnley,2,0,H,,,0.4064516129032258,0.28193548387096773,0.3116129032258065,0.4131777849326996,0.2772302257537466,0.30959198931355375,0.06311574182473123,,,,
E1,0001,2001-03-03,QPR,Sheffield United,1,3,A,,,0.36900884132154493,0.2903676128431829,0.3406235458352722,0.37235780161468857,0.2863496862023068,0.3412925121830046,0.06462502689100802,,,,
E1,0001,2001-03-03,Sheffield Weds,Gillingham,2,1,H,,,0.4213574762413541,0.27869313389191924,0.29994938986672665,0.42972106091583345,0.2735231121225742,0.2967558269615923,0.0652336988132447,,,,
E1,0001,2001-03-03,Stockport,Wimbledon,2,2,D,,,0.3398348535990002,0.2896952850352133,0.3704698613657864,0.3404402345837775,0.2855346636437583,0.3740251017724643,0.06593976425938308,,,,
E1,0001,2001-03-03,Wolves,Nott'm Forest,2,0,H,,fpl-team-18,0.39308357348703166,0.28530259365994237,0.3216138328530259,0.39877191990832495,0.28075372123499887,0.32047435885667613,0.06542055564932525,,,,
E1,0001,2001-03-04,Fulham,Bolton,1,1,D,fpl-team-10,,0.5441395988257872,0.2606997182433996,0.1951606829308131,0.5664805522716532,0.25274437967261215,0.18077506805573465,0.073815239360556,,,,
E1,0001,2001-03-06,Crewe,Sheffield United,1,0,H,,,0.3709542798850041,0.2758972456644718,0.35314847445052394,0.3745696762990881,0.27039574962069257,0.3550345740802193,0.06642286316491663,,,,
E1,0001,2001-03-06,Crystal Palace,Birmingham,1,2,A,fpl-team-8,,0.30060389174681273,0.277119212704093,0.4222768955490941,0.2975281881919996,0.2718996201583095,0.430572191649691,0.06400129641406238,,,,
E1,0001,2001-03-06,Gillingham,Wimbledon,0,0,D,,,0.3595505617977528,0.28089887640449435,0.3595505617977528,0.3616931486743505,0.2766137026512991,0.3616931486743505,0.056301046162843704,,,,
E1,0001,2001-03-06,Huddersfield,Grimsby,0,0,D,,,0.4665400042220815,0.27274646400675534,0.2607135317711632,0.4790315957192062,0.26704562878555554,0.25392277549523823,0.06441769492812455,,,,
E1,0001,2001-03-06,Norwich,West Brom,0,1,A,,,0.3790432801822324,0.2783599088838269,0.3425968109339408,0.38312424239426374,0.2734748769006326,0.3434008807051036,0.061398088466376066,,,,
E1,0001,2001-03-06,Stockport,Burnley,0,0,D,,,0.3834324475004647,0.2799665489685932,0.3366010035309422,0.3883084589612612,0.27480166233529346,0.33688987870344544,0.06705104932188988,,,,
E1,0001,2001-03-06,Tranmere,Preston,1,1,D,,,0.3526941917424773,0.27991602519244224,0.3673897830650805,0.35455979096475393,0.27474307267095915,0.3706971363642868,0.06714102230034769,,,,
E1,0001,2001-03-07,Nott'm Forest,Barnsley,1,0,H,fpl-team-18,,0.5343001691236781,0.26086420021920753,0.2048356306571144,0.5530789105124201,0.253936216797259,0.19298487269032094,0.06461332086473703,,,,
E1,0001,2001-03-07,QPR,Watford,1,1,D,,,0.3352111364588668,0.2744541179756972,0.390334745565436,0.33536104500466124,0.2685659257717779,0.3960730292235608,0.06943278131075203,,,,
E1,0001,2001-03-07,Sheffield Weds,Portsmouth,0,0,D,,,0.4614623017154173,0.2754353113363897,0.2631023869481931,0.4740642450691603,0.2697200643746032,0.2562156905562365,0.06764757982455194,,,,
E1,0001,2001-03-10,Barnsley,Huddersfield,3,1,H,,,0.49167927382753407,0.2723146747352496,0.23600605143721634,0.5067393606668952,0.2664367917492312,0.22682384758387358,0.0654933883342892,,,,
E1,0001,2001-03-10,Birmingham,Crewe,2,0,H,,,0.6431593794076165,0.2335684062059238,0.12327221438645981,0.671913796022635,0.22355688025297518,0.10452932372438986,0.06618126621469855,,,,
E1,0001,2001-03-10,Bolton,Gillingham,3,3,D,,,0.5989731888191672,0.253280091272105,0.1477467199087279,0.6238847236597245,0.24526414852122302,0.13085112781905253,0.06596759310923517,,,,
E1,0001,2001-03-10,Fulham,QPR,2,0,H,fpl-team-10,,0.6923076923076923,0.1969230769230769,0.11076923076923076,0.7261536488260233,0.18317521838821477,0.09067113278576196,0.068222047528252,,,,
E1,0001,2001-03-10,Grimsby,Wolves,0,2,A,,,0.37514206440866693,0.2868021589188841,0.33805577667244896,0.3789390905231119,0.28259463545803015,0.33846627401885804,0.0624317618785426,,,,
E1,0001,2001-03-10,Portsmouth,Stockport,2,1,H,,,0.4766893661602933,0.2713462545835516,0.25196437925615506,0.4907329718176325,0.2652366368161904,0.2440303913661771,0.06742747419048101,,,,
E1,0001,2001-03-10,Sheffield United,Nott'm Forest,1,3,A,,fpl-team-18,0.49167927382753407,0.2723146747352496,0.23600605143721634,0.5067393606668952,0.2664367917492312,0.22682384758387358,0.0654933883342892,,,,
E1,0001,2001-03-10,Watford,Norwich,4,1,H,,,0.5007587253414264,0.2655538694992413,0.23368740515933234,0.5180291706039784,0.25847876876413933,0.22349206063188218,0.07126714754849672,,,,
E1,0001,2001-03-10,West Brom,Sheffield Weds,1,2,A,,,0.5673528934997568,0.2544982979413195,0.17814880855892368,0.5884139364938965,0.2471471884492241,0.1644388750568794,0.0625159926712513,,,,
E1,0001,2001-03-10,Wimbledon,Crystal Palace,1,0,H,,fpl-team-8,0.40568556620072244,0.28333595099732994,0.3109784828019475,0.4120547511771709,0.2789539054587042,0.3089913433641249,0.06031979015097022,,,,
E1,0001,2001-03-13,Crewe,Nott'm Forest,1,0,H,,fpl-team-18,0.35575826681870015,0.27366020524515394,0.37058152793614596,0.357766833410871,0.2682912318321236,0.3739419347570053,0.06226320518180728,,,,
E1,0001,2001-03-13,Grimsby,Wimbledon,1,1,D,,,0.3352893798182028,0.28661834081233456,0.37809227936946266,0.33544835649601196,0.28236978758411363,0.3821818559198744,0.06279616593383253,,,,
E1,0001,2001-03-13,Watford,Burnley,0,1,A,,,0.5195371775417299,0.2676403641881639,0.2128224582701062,0.5375630754258611,0.26113411555447125,0.20130280901966774,0.06692188046872616,,,,
E1,0001,2001-03-14,Birmingham,Blackburn,0,2,A,,,0.4020100502512562,0.27638190954773867,0.321608040201005,0.40855054528719,0.27099219118781276,0.32045726352499726,0.06546304235234857,,,,
E1,0001,2001-03-14,Preston,Wolves,2,0,H,,,0.49471187110803594,0.2739942670752199,0.23129386181674405,0.5092597108072442,0.26856462354828164,0.22217566564447416,0.06199916498735547,,,,
E1,0001,2001-03-14,Tranmere,Portsmouth,1,1,D,,,0.42054599968439327,0.2717374151806849,0.3077165851349219,0.4289644399149856,0.265828760885199,0.3052067991998154,0.06633699592202902,,,,
E1,0001,2001-03-17,Blackburn,Wimbledon,1,1,D,,,0.5877862595419847,0.25190839694656486,0.1603053435114504,0.6127828933252399,0.24347123611549837,0.14374587055926172,0.06892544962465763,,,,
E1,0001,2001-03-17,Crewe,Portsmouth,1,0,H,,,0.4383561643835617,0.2808219178082192,0.2808219178082192,0.4470434533430386,0.27647827332848074,0.27647827332848074,0.0565723089966923,,,,
E1,0001,2001-03-17,Crystal Palace,Fulham,0,2,A,fpl-team-8,fpl-team-10,0.22278615256419965,0.2621013559578819,0.5151124914779183,0.21296602922353075,0.2556318971003624,0.5314020736761067,0.061702261213213205,,,,
E1,0001,2001-03-17,Huddersfield,Sheffield United,2,1,H,,,0.3690036900369003,0.27675276752767525,0.35424354243542433,0.37234293952386627,0.27147064455455616,0.35618641592157757,0.06466425023972988,,,,
E1,0001,2001-03-17,Norwich,Preston,1,2,A,,,0.37465864639456786,0.28643257805004063,0.33890877555539156,0.37845362297575225,0.28214437278662013,0.3394020042376275,0.0631590133998543,,,,
E1,0001,2001-03-17,Nott'm Forest,Bolton,0,2,A,fpl-team-18,,0.39832869080779937,0.2757660167130919,0.3259052924791086,0.40382777098980527,0.27092282956349195,0.3252493994467028,0.05797737371176481,,,,
E1,0001,2001-03-17,QPR,Grimsby,0,1,A,,,0.4444444444444444,0.2777777777777778,0.2777777777777778,0.45460741773077357,0.2726962911346132,0.2726962911346132,0.06273432495072484,,,,
E1,0001,2001-03-17,Sheffield Weds,Burnley,2,0,H,,,0.4463519313304721,0.27896995708154504,0.27467811158798283,0.456301636517967,0.27417907066641234,0.26951929281562065,0.060319863026961684,,,,
E1,0001,2001-03-17,Stockport,Birmingham,2,0,H,,,0.2546985039796641,0.27857648872775764,0.46672500729257826,0.24771701122541734,0.2736565126111896,0.478626476163393,0.06121321104001254,,,,
E1,0001,2001-03-17,Tranmere,Barnsley,2,3,A,,,0.39832869080779937,0.2757660167130919,0.3259052924791086,0.40382777098980527,0.27092282956349195,0.3252493994467028,0.05797737371176481,,,,
E1,0001,2001-03-18,Wolves,West Brom,3,1,H,,,0.3780425117461921,0.27998773526202353,0.34196975299178445,0.38182790676996964,0.27549064649765675,0.3426814467323736,0.058122893795371056,,,,
E1,0001,2001-03-20,Gillingham,Tranmere,2,1,H,,,0.49471804790953733,0.26781728909388486,0.2374646629965779,0.5092683798642297,0.2618532814879923,0.22887833864777807,0.061977605102583766,,,,
E1,0001,2001-03-20,Grimsby,Birmingham,1,1,D,,,0.29466822664215275,0.27410997827177,0.4312217950860773,0.2909390033057363,0.26845856022051034,0.4406024364737533,0.06581515457946807,,,,
E1,0001,2001-03-24,Birmingham,Sheffield Weds,1,2,A,,,0.5704971475142625,0.2526487367563162,0.17685411572942136,0.59324117664219,0.24461360154304582,0.16214522181476412,0.06683454476296902,,,,
E1,0001,2001-03-24,Burnley,QPR,2,1,H,,,0.5558806319485079,0.25570509069631364,0.18841427735517846,0.5750631342187421,0.24882589036225666,0.1761109754190012,0.05962324235588312,,,,
E1,0001,2001-03-25,Barnsley,Gillingham,3,1,H,,,0.517639658793713,0.27554357221942255,0.2068167689868645,0.5334186450569826,0.27045527927893315,0.1961260756640843,0.05897635919973254,,,,
E1,0001,2001-03-25,West Brom,Tranmere,2,1,H,,,0.578512396694215,0.25289256198347104,0.16859504132231404,0.601828490462302,0.24489472585501448,0.15327678368268347,0.06641523190774024,,,,
E1,0001,2001-03-30,Tranmere,Fulham,1,4,A,,fpl-team-10,0.19706453701705154,0.26872436865961574,0.5342110943233326,0.18452142633555368,0.26248043815410266,0.5529981355103436,0.06475543859414756,,,,
E1,0001,2001-03-31,Barnsley,Stockport,0,2,A,,,0.5445227418321589,0.25944907110826393,0.19602818705957717,0.5651875661102566,0.25200812366878056,0.1828043102209629,0.06790691753849387,,,,
E1,0001,2001-03-31,Bolton,Wimbledon,2,2,D,,,0.517639658793713,0.27554357221942255,0.2068167689868645,0.5334186450569826,0.27045527927893315,0.1961260756640843,0.05897635919973254,,,,
E1,0001,2001-03-31,Crystal Palace,Crewe,1,0,H,fpl-team-8,,0.42440318302387264,0.27851458885941643,0.29708222811671087,0.43253155804654525,0.2736390049402725,0.29382943701318226,0.06116653839126229,,,,
E1,0001,2001-03-31,Huddersfield,Portsmouth,4,1,H,,,0.4404973357015986,0.2753108348134991,0.2841918294849023,0.45106720534941847,0.2696001235912789,0.27933267105930265,0.06779751880094409,,,,
E1,0001,2001-03-31,Norwich,Grimsby,2,1,H,,,0.48233569408023785,0.27583572505213605,0.2418285808676261,0.4968229275583393,0.27017790849945955,0.2329991639422012,0.06695628818124533,,,,
E1,0001,2001-03-31,Nott'm Forest,QPR,1,1,D,fpl-team-18,,0.5877862595419847,0.25190839694656486,0.1603053435114504,0.6127828933252399,0.24347123611549837,0.14374587055926172,0.06892544962465763,,,,
E1,0001,2001-03-31,Preston,Gillingham,0,0,D,,,0.5704971475142625,0.2526487367563162,0.17685411572942136,0.59324117664219,0.24461360154304582,0.16214522181476412,0.06683454476296902,,,,
E1,0001,2001-03-31,West Brom,Watford,3,0,H,,,0.46847599164926923,0.2697286012526096,0.26179540709812105,0.48069968667202834,0.2639635537984959,0.2553367595294759,0.062068973667919636,,,,
E1,0001,2001-04-01,Birmingham,Wolves,0,1,A,,,0.5136044023234485,0.27606236624885355,0.21033323142769794,0.5310151859467077,0.2703636914218914,0.19862112263140086,0.06677727517671883,,,,
E1,0001,2001-04-01,Blackburn,Burnley,5,0,H,,,0.5829800121138704,0.2548455481526347,0.16217443973349485,0.6051634538321049,0.24752491011129232,0.1473116360566028,0.06198142468929291,,,,
E1,0001,2001-04-01,Sheffield Weds,Sheffield United,1,2,A,,,0.4166666666666667,0.2916666666666667,0.2916666666666667,0.4253361026039814,0.2873319486980093,0.2873319486980093,0.0716042818967253,,,,
E1,0001,2001-04-03,Bolton,Stockport,1,1,D,,,0.5808347490702052,0.2575875843702649,0.16157766655952982,0.6035574143286737,0.2502543043328132,0.1461882813385131,0.06414772651623935,,,,
E1,0001,2001-04-03,Crystal Palace,Huddersfield,0,0,D,fpl-team-8,,0.42440318302387264,0.27851458885941643,0.29708222811671087,0.43253155804654525,0.2736390049402725,0.29382943701318226,0.06116653839126229,,,,
E1,0001,2001-04-03,Watford,Nott'm Forest,3,0,H,,fpl-team-18,0.4043321299638989,0.27797833935018046,0.31768953068592054,0.41076899061605193,0.27298811329195727,0.3162428960919907,0.06220584746915847,,,,
E1,0001,2001-04-04,Blackburn,Sheffield United,1,1,D,,,0.6157635467980296,0.23645320197044334,0.14778325123152708,0.6422283199220361,0.2268992045408292,0.1308724755371347,0.06596286036074162,,,,
E1,0001,2001-04-04,Wolves,Wimbledon,0,1,A,,,0.4043321299638989,0.27797833935018046,0.31768953068592054,0.41076899061605193,0.27298811329195727,0.3162428960919907,0.06220584746915847,,,,
E1,0001,2001-04-06,Burnley,Preston,3,0,H,,,0.3780344024910064,0.2900329514193295,0.3319326460896641,0.3822777490886522,0.28594161500078163,0.33178063591056617,0.06528665171936154,,,,
E1,0001,2001-04-07,Fulham,West Brom,0,0,D,fpl-team-10,,0.5992413859050776,0.25244637108341567,0.1483122430115067,0.6233616958124663,0.24464128134826257,0.1319970228392712,0.06367505108937621,,,,
E1,0001,2001-04-07,Gillingham,Norwich,4,3,H,,,0.4463667820069204,0.2768166089965398,0.2768166089965398,0.4563148421970969,0.2718425789014516,0.2718425789014516,0.060300934594124556,,,,
E1,0001,2001-04-07,Grimsby,Tranmere,3,1,H,,,0.4783227318379645,0.2772012052226314,0.2444760629394041,0.4927588267264941,0.27154649393269115,0.23569467934081478,0.06860136869363487,,,,
E1,0001,2001-04-07,Portsmouth,Nott'm Forest,0,2,A,,fpl-team-18,0.35465116279069764,0.2906976744186046,0.35465116279069764,0.35662482439534987,0.2867503512093003,0.35662482439534987,0.06397738866508007,,,,
E1,0001,2001-04-07,QPR,Blackburn,1,3,A,,,0.23301973786980162,0.26859527036900793,0.4983849917611904,0.2230677841237035,0.2620315977336315,0.514900618142665,0.0690551430452615,,,,
E1,0001,2001-04-07,Sheffield United,Barnsley,1,2,A,,,0.5025368446484658,0.2744624305387775,0.2230007248127567,0.5175582026498706,0.2691358533143915,0.21330594403573797,0.06108675361610949,,,,
E1,0001,2001-04-07,Stockport,Sheffield Weds,2,1,H,,,0.4043321299638989,0.27797833935018046,0.31768953068592054,0.41076899061605193,0.27298811329195727,0.3162428960919907,0.06220584746915847,,,,
E1,0001,2001-04-07,Watford,Crystal Palace,2,2,D,,fpl-team-8,0.5227962662145459,0.2649358522019578,0.21226788158349633,0.5415414434829,0.25801746301592365,0.20044109350117642,0.06846343260258436,,,,
E1,0001,2001-04-07,Wimbledon,Birmingham,3,1,H,,,0.3948717948717948,0.282051282051282,0.32307692307692304,0.4005066393585183,0.2773809156611733,0.32211244498030844,0.06286105792969465,,,,
E1,0001,2001-04-07,Wolves,Huddersfield,0,1,A,,,0.5272506156198612,0.26921735979377764,0.20353202458636108,0.5451003297504218,0.26314691991398514,0.1917527503355931,0.06361360149458051,,,,
E1,0001,2001-04-10,Crewe,QPR,2,2,D,,,0.5027513756878439,0.26263131565782893,0.23461730865432717,0.5196831247921254,0.25549554129564,0.22482133391223447,0.06897068477701396,,,,
E1,0001,2001-04-10,Preston,Huddersfield,0,0,D,,,0.525,0.2625,0.2125,0.541941732370149,0.2561235192172363,0.2019347484126148,0.060919407987967134,,,,
E1,0001,2001-04-10,Sheffield United,Norwich,1,1,D,,,0.5496548061603823,0.2549123738714817,0.19543281996813594,0.5713622487251399,0.2468260211576292,0.18181173011723084,0.06973832752555609,,,,
E1,0001,2001-04-10,Tranmere,Birmingham,1,0,H,,,0.3160692072825964,0.2723057785819292,0.41162501413547437,0.31439485273786233,0.2665597360265364,0.41904541123560124,0.06512497714720666,,,,
E1,0001,2001-04-10,Wimbledon,Burnley,0,2,A,,,0.5263157894736842,0.2631578947368421,0.21052631578947367,0.5429847839457712,0.2569793840363846,0.2000358320178443,0.059499940602108836,,,,
E1,0001,2001-04-11,Blackburn,Fulham,1,2,A,,fpl-team-10,0.38659676316389335,0.27786642352404833,0.33553681331205837,0.3914328096027304,0.27285805936430535,0.33570913103296435,0.06240589078515768,,,,
E1,0001,2001-04-13,Bolton,Birmingham,2,2,D,,,0.4895960832313342,0.27539779681762544,0.2350061199510404,0.5049920722494565,0.2696019977277902,0.22540593002275336,0.06793009536340833,,,,
E1,0001,2001-04-14,Burnley,West Brom,1,1,D,,,0.38815938419741913,0.28118632556033507,0.33065429024224585,0.3929642982915601,0.27663994136454345,0.33039576034389645,0.06013166741468012,,,,
E1,0001,2001-04-14,Gillingham,Sheffield United,4,1,H,,,0.3950523644213658,0.28819393797952103,0.3167536975991132,0.40123634794167073,0.28369300109664475,0.3150706509616845,0.06893365713767707,,,,
E1,0001,2001-04-14,Grimsby,Watford,2,1,H,,,0.36821787638399867,0.28329020489543116,0.3484919187205701,0.3717207282030628,0.27828301247902376,0.3499962593179135,0.06942039693240076,,,,
E1,0001,2001-04-14,Huddersfield,Fulham,1,2,A,,fpl-team-10,0.2721518987341772,0.2742616033755274,0.45358649789029537,0.2663126920747104,0.2686176578921121,0.4650696500331775,0.06559486116748303,,,,
E1,0001,2001-04-14,Portsmouth,QPR,1,1,D,,,0.508187134502924,0.26795321637426905,0.223859649122807,0.5249478394834596,0.26158081281612716,0.21347134770041326,0.06612998549826443,,,,
E1,0001,2001-04-14,Preston,Nott'm Forest,1,1,D,,fpl-team-18,0.43431367098459994,0.2805804191916384,0.2851059098237616,0.4440096275299514,0.27552067421064314,0.2804696982594055,0.06593643024098128,,,,
E1,0001,2001-04-14,Sheffield Weds,Crystal Palace,4,1,H,,fpl-team-8,0.46830949149002815,0.27378093348647803,0.25790957502349376,0.48055597671277955,0.26835362288740633,0.2510904003998141,0.062272705836221576,,,,
E1,0001,2001-04-14,Stockport,Blackburn,0,0,D,,,0.27407607229565684,0.2805503102239007,0.44537361748044235,0.2687629564054898,0.27580312013674085,0.4554339234577694,0.06155603495426476,,,,
E1,0001,2001-04-14,Tranmere,Norwich,0,1,A,,,0.40501775999280604,0.27844970999505414,0.3165325300121397,0.4114203712501464,0.2735743904855339,0.31500523826431975,0.06125144078396261,,,,
E1,0001,2001-04-14,Wimbledon,Barnsley,1,1,D,,,0.4948689339090668,0.27047798219762736,0.23465308389330589,0.5101174229455,0.26447032506573837,0.2254122519887617,0.06499983975663781,,,,
E1,0001,2001-04-14,Wolves,Crewe,0,0,D,,,0.5048961395448439,0.26725329491697,0.227850565538186,0.5206580351878928,0.2610984824364227,0.2182434823756845,0.0632600539829582,,,,
E1,0001,2001-04-16,Barnsley,Preston,0,4,A,,,0.3997804723275079,0.2811154749858507,0.31910405268664144,0.40604395422144063,0.27622063659386353,0.3177354091846958,0.06475083413533866,,,,
E1,0001,2001-04-16,Birmingham,Portsmouth,0,0,D,,,0.55770887166236,0.2517657192075797,0.1905254091300603,0.5798693443551763,0.24347980717900186,0.1766508484658218,0.0686798335518688,,,,
E1,0001,2001-04-16,Blackburn,Huddersfield,2,0,H,,,0.6292269497474532,0.24312986901806355,0.12764318123448334,0.6550868274673035,0.23462299025061542,0.11029018228208115,0.061867394018918276,,,,
E1,0001,2001-04-16,Crewe,Gillingham,2,1,H,,,0.44530286841456396,0.2806114900961617,0.2740856414892742,0.4560490977552873,0.27554262270009844,0.2684082795446142,0.06592199811711907,,,,
E1,0001,2001-04-16,Crystal Palace,Bolton,0,2,A,fpl-team-8,,0.3057883078108447,0.27833959356640664,0.4158720986227487,0.30311763723483126,0.27308682620204944,0.4237955365631193,0.06593910604715347,,,,
E1,0001,2001-04-16,Fulham,Sheffield Weds,1,1,D,fpl-team-10,,0.6247744263985563,0.239778293374581,0.1354472802268626,0.6519318601642119,0.23045134699844652,0.11761679283734158,0.06595741747878492,,,,
E1,0001,2001-04-16,Norwich,Burnley,2,3,A,,,0.39238855838969927,0.27903186374378613,0.3285795778665146,0.3983013431077952,0.2736293878998001,0.32806926899240474,0.06897139339707792,,,,
E1,0001,2001-04-16,Nott'm Forest,Stockport,1,0,H,fpl-team-18,,0.5468289283225218,0.2581354205757787,0.19503565110169946,0.568601361386597,0.25023327972643084,0.18116535888697213,0.07091850764118135,,,,
E1,0001,2001-04-16,QPR,Tranmere,2,0,H,,,0.44673044307235255,0.27010009865759166,0.28316945827005574,0.4582482637535134,0.26369782072471065,0.27805391552177594,0.06989643862470984,,,,
E1,0001,2001-04-16,West Brom,Grimsby,0,1,A,,,0.5829775254539482,0.24879181720076948,0.1682306573452822,0.6071625256841352,0.2402449335760948,0.15259254073977008,0.06774095469154418,,,,
E1,0001,2001-04-17,Sheffield United,Wimbledon,0,1,A,,,0.40093434096529484,0.27712581647521184,0.3219398425594933,0.40851660396665146,0.2708682023714957,0.32061519366185276,0.07752296328544617,,,,
E1,0001,2001-04-17,Watford,Wolves,3,2,H,,,0.4903368726606065,0.2694981284852188,0.2401649988541746,0.505617662375668,0.263222791665448,0.23115954595888405,0.0670490765478462,,,,
E1,0001,2001-04-18,Crewe,Bolton,2,1,H,,,0.32298136645962733,0.2732919254658385,0.40372670807453415,0.32199541723294756,0.26781441617948243,0.4101901665875699,0.06305916095152497,,,,
E1,0001,2001-04-21,Bolton,Norwich,1,0,H,,,0.6274458648578137,0.23741194886511868,0.1351421862770676,0.6572193587278548,0.22697657070330104,0.11580407056884419,0.07208000216633081,,,,
E1,0001,2001-04-21,Burnley,Birmingham,0,0,D,,,0.4043321299638989,0.27797833935018046,0.31768953068592054,0.41076899061605193,0.27298811329195727,0.3162428960919907,0.06220584746915847,,,,
E1,0001,2001-04-21,Gillingham,West Brom,1,2,A,,,0.35374941779226826,0.2852817885421518,0.3609687936655798,0.3556755972384686,0.2807390988414594,0.363585303920072,0.06543005676940084,,,,
E1,0001,2001-04-21,Grimsby,Sheffield United,0,1,A,,,0.42228464419475653,0.2687265917602996,0.3089887640449438,0.43057593963654034,0.26274379702769846,0.3066802633357613,0.0640030459035188,,,,
E1,0001,2001-04-21,Huddersfield,QPR,2,1,H,,,0.49295774647887325,0.2535211267605634,0.2535211267605634,0.5078109454522258,0.24609452727388711,0.24609452727388711,0.06398944975808263,,,,
E1,0001,2001-04-21,Portsmouth,Fulham,1,1,D,,fpl-team-10,0.28094820017559263,0.276558384547849,0.4424934152765584,0.2759660378013544,0.2711705984407014,0.45286336375794417,0.06522561493329704,,,,
E1,0001,2001-04-21,Sheffield Weds,Barnsley,2,1,H,,,0.4444444444444444,0.2777777777777778,0.2777777777777778,0.45460741773077357,0.2726962911346132,0.2726962911346132,0.06273432495072484,,,,
E1,0001,2001-04-21,Stockport,Crewe,3,0,H,,,0.4680317592979524,0.2778938570831592,0.2540743836188884,0.48031607379919444,0.2728014391149061,0.24688248708589947,0.06261293566785753,,,,
E1,0001,2001-04-21,Tranmere,Crystal Palace,1,1,D,,fpl-team-8,0.37550548815713464,0.2715193529751589,0.3529751588677066,0.3795756470103997,0.2655774453783673,0.354846907611233,0.0667177609866485,,,,
E1,0001,2001-04-21,Wimbledon,Nott'm Forest,2,1,H,,fpl-team-18,0.4130517888866401,0.27751917065821136,0.3094290404551485,0.42038977419522705,0.27240855578866324,0.30720167001610965,0.06315935798920691,,,,
E1,0001,2001-04-21,Wolves,Blackburn,0,0,D,,,0.30203045685279184,0.266497461928934,0.4314720812182741,0.2996230897937626,0.2614375952439089,0.4389393149623284,0.05195554019883275,,,,
E1,0001,2001-04-22,Preston,Watford,3,2,H,,,0.48072108162243354,0.27491236855282924,0.2443665498247371,0.49545147194619016,0.26901034603208457,0.2355381820217252,0.06887351791374385,,,,
E1,0001,2001-04-24,Burnley,Tranmere,2,1,H,,,0.6517690875232774,0.22160148975791435,0.1266294227188082,0.6816939925390403,0.2104077849910305,0.10789822246992925,0.06698676431551576,,,,
E1,0001,2001-04-24,Fulham,Wolves,2,0,H,fpl-team-10,,0.6378454996456414,0.23812898653437278,0.12402551381998583,0.6646047587645033,0.22909477572966078,0.10630046550583584,0.062378259375691414,,,,
E1,0001,2001-04-24,Grimsby,Blackburn,1,4,A,,,0.24968474148802014,0.2648171500630517,0.4854981084489281,0.24090636731404277,0.25756048892720984,0.5015331437587475,0.07274339231662452,,,,
E1,0001,2001-04-24,Wimbledon,Crewe,3,3,D,,,0.6017948266760513,0.24406123526306528,0.1541439380608833,0.6289352248536935,0.2345274799528755,0.13653729519343105,0.07125300471670926,,,,
E1,0001,2001-04-28,Barnsley,Bolton,0,1,A,,,0.30448717948717946,0.2692307692307692,0.42628205128205127,0.30198448399107136,0.2637675330694378,0.4342479829394908,0.058695610612630844,,,,
E1,0001,2001-04-28,Birmingham,Grimsby,1,0,H,,,0.5693938762089595,0.2518164466614272,0.17878967712961333,0.5899596039203443,0.24448266542299738,0.16555773065665827,0.0604319351259619,,,,
E1,0001,2001-04-28,Crewe,Preston,1,3,A,,,0.3415313225058004,0.2753596287703016,0.38310904872389795,0.3423018358846605,0.26971488126631404,0.3879832828490254,0.06754252058453858,,,,
E1,0001,2001-04-28,Crystal Palace,Wolves,0,2,A,fpl-team-8,,0.4645602049530316,0.2596071733561059,0.27583262169086253,0.47731509895592233,0.25246862911225987,0.27021627193181785,0.06684025458525866,,,,
E1,0001,2001-04-28,Fulham,Wimbledon,1,1,D,fpl-team-10,,0.5378301020683696,0.25722309229356805,0.20494680563806228,0.5568530281570244,0.24999480249746456,0.19315216934551105,0.06432098103687167,,,,
E1,0001,2001-04-28,Norwich,Sheffield Weds,1,0,H,,,0.40372670807453415,0.2732919254658385,0.32298136645962733,0.4101901665875699,0.26781441617948243,0.32199541723294756,0.06305916095152497,,,,
E1,0001,2001-04-28,Nott'm Forest,Gillingham,0,1,A,fpl-team-18,,0.5877862595419847,0.25190839694656486,0.1603053435114504,0.6127828933252399,0.24347123611549837,0.14374587055926172,0.06892544962465763,,,,
E1,0001,2001-04-28,QPR,Stockport,0,3,A,,,0.3607838695061169,0.27475079293158133,0.36446533756230176,0.3631661575516943,0.2696623149498249,0.3671715274984808,0.06002167286351323,,,,
E1,0001,2001-04-28,Sheffield United,Burnley,2,0,H,,,0.39895842178257046,0.2710480880812884,0.32999349013614104,0.40500976808671496,0.26534282746849774,0.32964740444478724,0.06338469125330448,,,,
E1,0001,2001-04-28,Watford,Tranmere,1,1,D,,,0.6294383473208522,0.23499031633311815,0.13557133634602972,0.6586585989425248,0.22461033570899128,0.11673106534848399,0.07013231562450528,,,,
E1,0001,2001-04-28,West Brom,Huddersfield,1,1,D,,,0.5483547166833964,0.254846868329118,0.1967984149874856,0.5687173995970709,0.24722853766106112,0.18405406274186806,0.06563592725433409,,,,
E1,0001,2001-04-29,Blackburn,Portsmouth,3,1,H,,,0.6473346437113695,0.22866886115518506,0.12399649513344543,0.678555533901668,0.21741527045514084,0.10402919564319106,0.07126302574761212,,,,
E1,0001,2001-05-01,Gillingham,Watford,0,3,A,,,0.42440318302387264,0.27851458885941643,0.29708222811671087,0.43253155804654525,0.2736390049402725,0.29382943701318226,0.06116653839126229,,,,
E1,0001,2001-05-01,Wimbledon,Huddersfield,1,1,D,,,0.442371020856202,0.27222832052689355,0.2854006586169045,0.4527530334473199,0.26642735983723637,0.28081960671544376,0.06538463057950139,,,,
E1,0001,2001-05-01,Wolves,Bolton,0,2,A,,,0.30550581915846015,0.27260519247985676,0.42188898836168304,0.30285786473942455,0.26693056596123854,0.4302115692993369,0.06452719517983496,,,,
E1,0001,2001-05-02,Portsmouth,Crystal Palace,2,4,A,,fpl-team-8,0.4665400042220815,0.27274646400675534,0.2607135317711632,0.4790315957192062,0.26704562878555554,0.25392277549523823,0.06441769492812455,,,,
E1,0001,2001-05-02,Preston,Blackburn,0,1,A,,,0.3085329506568054,0.27530632520145715,0.4161607241417375,0.3063729998017006,0.27033772394854083,0.42328927624975854,0.05894471344072372,,,,
E1,0001,2001-05-06,Bolton,Sheffield United,1,1,D,,,0.5185392808520862,0.2474173140065668,0.23404340514134694,0.5394632308593202,0.2376620818089903,0.22287468733168944,0.0784164301585406,,,,
E1,0001,2001-05-06,Burnley,Watford,2,0,H,,,0.4731827427470292,0.26935017664061667,0.2574670806123542,0.48771919090456745,0.2626745391795572,0.24960626991587537,0.07166101667098701,,,,
E1,0001,2001-05-06,Gillingham,Blackburn,1,1,D,,,0.32160804020100503,0.2763819095477387,0.4020100502512563,0.32045726352499726,0.27099219118781276,0.40855054528719004,0.06546304235234857,,,,
E1,0001,2001-05-06,Grimsby,Fulham,1,0,H,,fpl-team-10,0.3001760563380282,0.2904929577464789,0.409330985915493,0.29748629147612754,0.28703152777697116,0.41548218074690124,0.05531696020625532,,,,
E1,0001,2001-05-06,Huddersfield,Birmingham,1,2,A,,,0.46780801645039183,0.28291246709142737,0.24927951645818072,0.4798374282961834,0.2783528296727152,0.2418097420311013,0.061398060293868184,,,,
E1,0001,2001-05-06,Portsmouth,Barnsley,3,0,H,,,0.5403254972875227,0.24614828209764922,0.2135262206148282,0.5598334768354807,0.23783514445843149,0.20233137870608792,0.06514587998390198,,,,
E1,0001,2001-05-06,Preston,West Brom,2,1,H,,,0.43628883836743537,0.27519757497022845,0.2885135866623363,0.44519283197858595,0.2701830640586549,0.2846241039627593,0.05922021251171827,,,,
E1,0001,2001-05-06,Sheffield Weds,Crewe,0,0,D,,,0.4927536231884058,0.2608695652173913,0.2463768115942029,0.5076401609474899,0.2540741022158247,0.2382857368366855,0.06422891630791128,,,,
E1,0001,2001-05-06,Stockport,Crystal Palace,0,1,A,,fpl-team-8,0.30023400591637595,0.2591725904013422,0.4405934036822817,0.2969213308549176,0.25193088886964443,0.451147780275438,0.06769576319493353,,,,
E1,0001,2001-05-06,Tranmere,Nott'm Forest,2,2,D,,fpl-team-18,0.3511090136857008,0.28315243039169413,0.36573855592260496,0.3528848945630112,0.27811267830111563,0.36900242713587306,0.06969721312634647,,,,
E1,0001,2001-05-06,Wimbledon,Norwich,0,0,D,,,0.525,0.2625,0.2125,0.541941732370149,0.2561235192172363,0.2019347484126148,0.060919407987967134,,,,
E1,0001,2001-05-06,Wolves,QPR,1,1,D,,,0.55,0.2666666666666667,0.18333333333333335,0.5716095231678413,0.2597125903913522,0.16867788644080656,0.0694752677809447,,,,
