league,season,date,home_team_raw,away_team_raw,home_goals,away_goals,result,home_team_id,away_team_id,prob_home_proportional,prob_draw_proportional,prob_away_proportional,prob_home_shin,prob_draw_shin,prob_away_shin,shin_z,prob_over25_proportional,prob_under25_proportional,prob_over25_shin,prob_under25_shin
E1,0102,2001-08-11,Bradford,Barnsley,4,0,H,,,0.5165603160133698,0.2613187481008812,0.22212093588574902,0.5334222329118217,0.25459952796130786,0.21197823912687044,0.06342936004512012,,,,
E1,0102,2001-08-11,Gillingham,Preston,5,0,H,,,0.3511090136857008,0.28315243039169413,0.36573855592260496,0.3528848945630112,0.27811267830111563,0.36900242713587306,0.06969721312634647,,,,
E1,0102,2001-08-11,Grimsby,Crewe,1,0,H,,,0.4550587172538392,0.2660343270099368,0.27890695573622404,0.4689290573672781,0.25839346539434976,0.27267747723837216,0.07874459004960954,,,,
E1,0102,2001-08-11,Man City,Watford,3,0,H,fpl-team-15,,0.5045759110965844,0.2670370975649616,0.22838699133845397,0.5235946103976619,0.25955213022327356,0.21685325937906455,0.07699854928068817,,,,
E1,0102,2001-08-11,Millwall,Norwich,4,0,H,,,0.46756696922736324,0.27031215408456943,0.26212087668806733,0.48282311238258174,0.26312982617004377,0.2540470614473746,0.07857571123167872,,,,
E1,0102,2001-08-11,Nott'm Forest,Sheffield United,1,1,D,fpl-team-18,,0.4665400042220815,0.27274646400675534,0.2607135317711632,0.4790315957192062,0.26704562878555554,0.25392277549523823,0.06441769492812455,,,,
E1,0102,2001-08-11,Rotherham,Crystal Palace,2,3,A,,fpl-team-8,0.37465864639456786,0.28643257805004063,0.33890877555539156,0.37845362297575225,0.28214437278662013,0.3394020042376275,0.0631590133998543,,,,
E1,0102,2001-08-11,Stockport,Coventry,0,2,A,,,0.31768953068592054,0.27797833935018046,0.4043321299638989,0.3162428960919907,0.27298811329195727,0.41076899061605193,0.06220584746915847,,,,
E1,0102,2001-08-11,Walsall,West Brom,2,1,H,,,0.32563025210084034,0.28361344537815125,0.3907563025210084,0.324831888982905,0.2786740419718824,0.39649406904521267,0.06879585538990796,,,,
E1,0102,2001-08-11,Wimbledon,Birmingham,3,1,H,,,0.39962997224791863,0.27474560592044406,0.32562442183163737,0.40625662223041165,0.2689297349773751,0.3248136427922133,0.06884206389077008,,,,
E1,0102,2001-08-11,Wolves,Portsmouth,2,2,D,,,0.5090226764611946,0.2575055892686043,0.23347173427020124,0.5272854595016112,0.24955503780131857,0.22315950269707024,0.07186786457896233,,,,
E1,0102,2001-08-12,Sheffield Weds,Burnley,0,2,A,,,0.46756696922736324,0.27031215408456943,0.26212087668806733,0.48282311238258174,0.26312982617004377,0.2540470614473746,0.07857571123167872,,,,
E1,0102,2001-08-18,Barnsley,Nott'm Forest,2,1,H,,fpl-team-18,0.4043321299638989,0.27797833935018046,0.31768953068592054,0.41076899061605193,0.27298811329195727,0.3162428960919907,0.06220584746915847,,,,
E1,0102,2001-08-18,Burnley,Wimbledon,3,2,H,,,0.3984575835475579,0.2827763496143959,0.3187660668380463,0.4051247988958801,0.2776306771623283,0.31724452394179165,0.07050237618386745,,,,
E1,0102,2001-08-18,Crewe,Sheffield Weds,0,2,A,,,0.4020100502512562,0.27638190954773867,0.321608040201005,0.40855054528719,0.27099219118781276,0.32045726352499726,0.06546304235234857,,,,
E1,0102,2001-08-18,Crystal Palace,Stockport,4,1,H,fpl-team-8,,0.5197884233034475,0.2761375998799565,0.204073976816596,0.5377544646358138,0.270434142629664,0.19181139273452236,0.06669238046742976,,,,
E1,0102,2001-08-18,Norwich,Man City,2,0,H,,fpl-team-15,0.2909090909090909,0.27272727272727276,0.4363636363636364,0.28637443347871866,0.2663167962718516,0.4473087702494297,0.07319964491762221,,,,
E1,0102,2001-08-18,Portsmouth,Bradford,0,1,A,,,0.36573855592260507,0.2831524303916942,0.35110901368570085,0.3690024271358731,0.27811267830111563,0.3528848945630112,0.06969721312634647,,,,
E1,0102,2001-08-18,Preston,Walsall,1,1,D,,,0.4895960832313342,0.27539779681762544,0.2350061199510404,0.5049920722494565,0.2696019977277902,0.22540593002275336,0.06793009536340833,,,,
E1,0102,2001-08-18,Sheffield United,Gillingham,0,0,D,,,0.49167927382753407,0.2723146747352496,0.23600605143721634,0.5067393606668952,0.2664367917492312,0.22682384758387358,0.0654933883342892,,,,
E1,0102,2001-08-18,Watford,Rotherham,3,2,H,,,0.5743243243243243,0.2533783783783784,0.1722972972972973,0.6025663746052369,0.24350614333343334,0.15392748206132986,0.08266508928500116,,,,
E1,0102,2001-08-18,West Brom,Grimsby,0,1,A,,,0.5301096650689302,0.26666122545891635,0.20322910947215334,0.5497443270452208,0.2598115590983911,0.1904441138563882,0.06918215076439083,,,,
E1,0102,2001-08-19,Birmingham,Millwall,4,0,H,,,0.5075737972491491,0.2582654909532435,0.23416071179760745,0.5252672320558438,0.25057814824957764,0.22415461969457848,0.0701374860946089,,,,
E1,0102,2001-08-19,Coventry,Wolves,0,1,A,,,0.5419014771434776,0.25660628770617616,0.20149223515034617,0.5641846995692147,0.24819314829757042,0.1876221521332149,0.07434671022929251,,,,
E1,0102,2001-08-23,Rotherham,Sheffield United,1,1,D,,,,,,,,,,,,,
E1,0102,2001-08-24,Bradford,Coventry,2,1,H,,,0.4200995925758262,0.27569035762788596,0.30421004979628796,0.4285505034576419,0.27010592611422163,0.3013435704281366,0.06693437206558883,,,,
E1,0102,2001-08-25,Gillingham,Barnsley,3,0,H,,,0.42440318302387264,0.27851458885941643,0.29708222811671087,0.43253155804654525,0.2736390049402725,0.29382943701318226,0.06116653839126229,,,,
E1,0102,2001-08-25,Grimsby,Preston,2,2,D,,,0.3966197183098592,0.27887323943661974,0.32450704225352117,0.4021912018732027,0.274105338635762,0.32370345949103535,0.06038123299367726,,,,
E1,0102,2001-08-25,Man City,Crewe,5,2,H,fpl-team-15,,0.6672226855713094,0.2218515429524604,0.1109257714762302,0.6982564591814677,0.21055169473303947,0.09119184608549274,0.06696481234394014,,,,
E1,0102,2001-08-25,Millwall,Burnley,0,2,A,,,0.4173354735152488,0.26966292134831465,0.3130016051364366,0.42595870875623626,0.2631751410595776,0.3108661501841862,0.07071203039959073,,,,
E1,0102,2001-08-25,Nott'm Forest,Crystal Palace,4,2,H,fpl-team-18,fpl-team-8,0.4020100502512562,0.27638190954773867,0.321608040201005,0.40855054528719,0.27099219118781276,0.32045726352499726,0.06546304235234857,,,,
E1,0102,2001-08-25,Sheffield Weds,West Brom,1,1,D,,,0.4647887323943662,0.26760563380281693,0.26760563380281693,0.4775147824329504,0.2612426087835248,0.2612426087835248,0.0665557230822742,,,,
E1,0102,2001-08-25,Stockport,Portsmouth,0,1,A,,,0.39308357348703166,0.28530259365994237,0.3216138328530259,0.39877191990832495,0.28075372123499887,0.32047435885667613,0.06542055564932525,,,,
E1,0102,2001-08-25,Walsall,Birmingham,1,2,A,,,0.31768953068592054,0.27797833935018046,0.4043321299638989,0.3162428960919907,0.27298811329195727,0.41076899061605193,0.06220584746915847,,,,
E1,0102,2001-08-25,Wimbledon,Norwich,0,1,A,,,0.5301096650689302,0.26666122545891635,0.20322910947215334,0.5497443270452208,0.2598115590983911,0.1904441138563882,0.06918215076439083,,,,
E1,0102,2001-08-25,Wolves,Watford,1,0,H,,,0.4155844155844156,0.27272727272727276,0.31168831168831174,0.42430762383867704,0.266345224087721,0.30934715207360197,0.07311717583797872,,,,
E1,0102,2001-08-27,Barnsley,Rotherham,1,1,D,,,0.5197884233034475,0.2761375998799565,0.204073976816596,0.5377544646358138,0.270434142629664,0.19181139273452236,0.06669238046742976,,,,
E1,0102,2001-08-27,Birmingham,Stockport,2,1,H,,,0.635593220338983,0.23728813559322035,0.1271186440677966,0.6630222792272404,0.22790020355768612,0.1090775172150734,0.06443637073971331,,,,
E1,0102,2001-08-27,Burnley,Man City,2,4,A,,fpl-team-15,0.3352111364588668,0.2744541179756972,0.390334745565436,0.33536104500466124,0.2685659257717779,0.3960730292235608,0.06943278131075203,,,,
E1,0102,2001-08-27,Coventry,Nott'm Forest,0,0,D,,fpl-team-18,0.49167927382753407,0.2723146747352496,0.23600605143721634,0.5067393606668952,0.2664367917492312,0.22682384758387358,0.0654933883342892,,,,
E1,0102,2001-08-27,Norwich,Sheffield Weds,2,0,H,,,0.45968882602545974,0.2701555869872702,0.2701555869872702,0.4725098586769443,0.26374507066152786,0.26374507066152786,0.06984798470512033,,,,
E1,0102,2001-08-27,Portsmouth,Grimsby,4,2,H,,,0.49167927382753407,0.2723146747352496,0.23600605143721634,0.5067393606668952,0.2664367917492312,0.22682384758387358,0.0654933883342892,,,,
E1,0102,2001-08-27,Preston,Wimbledon,1,1,D,,,0.3963414634146341,0.2682926829268293,0.33536585365853655,0.40304891005374616,0.26142296031727386,0.33552812962897993,0.07359414361417294,,,,
E1,0102,2001-08-27,Sheffield United,Wolves,2,2,D,,,0.391989872252273,0.27137760386695825,0.33663252388076875,0.39769523215151453,0.26539120752131873,0.3369135603271667,0.06703115673735738,,,,
E1,0102,2001-08-27,Watford,Walsall,2,1,H,,,0.5631376705975885,0.26003710083476883,0.1768252285676428,0.5851946679550397,0.2526910069510083,0.162114325093952,0.06687604053877294,,,,
E1,0102,2001-08-27,West Brom,Gillingham,1,0,H,,,0.4200995925758262,0.27569035762788596,0.30421004979628796,0.4285505034576419,0.27010592611422163,0.3013435704281366,0.06693437206558883,,,,
E1,0102,2001-08-28,Crewe,Millwall,1,0,H,,,0.3511090136857008,0.28315243039169413,0.36573855592260496,0.3528848945630112,0.27811267830111563,0.36900242713587306,0.06969721312634647,,,,
E1,0102,2001-09-01,Grimsby,Barnsley,1,0,H,,,0.4052052950415077,0.2764191159973076,0.3183755889611847,0.4115973094483791,0.27138646310840686,0.317016227443214,0.060994207160547376,,,,
E1,0102,2001-09-02,Bradford,Burnley,2,3,A,,,0.5174189119615583,0.2641153252102283,0.2184657628282135,0.5349780563730288,0.25739667322888005,0.20762527039809123,0.06585282739251852,,,,
E1,0102,2001-09-08,Barnsley,Stockport,2,2,D,,,0.5305160061666817,0.2726036093225718,0.1968803845107463,0.5491011491410259,0.2666691443023574,0.18422970655661666,0.06527825607918203,,,,
E1,0102,2001-09-08,Birmingham,Sheffield Weds,2,0,H,,,0.5827210539650367,0.26222447428426654,0.15505447175069673,0.6049516700179812,0.25547678302161636,0.13957154696040242,0.062334044836461544,,,,
E1,0102,2001-09-08,Burnley,Rotherham,3,0,H,,,0.5778471331674984,0.2608809851212089,0.16127188171129275,0.6006628216132583,0.25372117445852704,0.1456160039282146,0.06525207217782736,,,,
E1,0102,2001-09-08,Coventry,Grimsby,0,1,A,,,0.5470546087537529,0.26809851818313696,0.1848468730631102,0.5687587263492838,0.2611644306533901,0.17007684299732606,0.07076832000166178,,,,
E1,0102,2001-09-08,Crewe,Walsall,2,1,H,,,0.4234316217026046,0.2736019709462984,0.30296640735109703,0.4316367804609945,0.26819022172810186,0.3001729978109036,0.06246286956593394,,,,
E1,0102,2001-09-08,Crystal Palace,Millwall,1,3,A,fpl-team-8,,0.4424934152765584,0.276558384547849,0.28094820017559263,0.45286336375794417,0.2711705984407014,0.2759660378013544,0.06522561493329704,,,,
E1,0102,2001-09-08,Norwich,Nott'm Forest,1,0,H,,fpl-team-18,0.4516358463726885,0.2709815078236131,0.2773826458036984,0.46334327777554346,0.26482099049081265,0.2718357317336439,0.06805029418319464,,,,
E1,0102,2001-09-08,Portsmouth,Gillingham,2,1,H,,,0.49167927382753407,0.2723146747352496,0.23600605143721634,0.5067393606668952,0.2664367917492312,0.22682384758387358,0.0654933883342892,,,,
E1,0102,2001-09-08,Preston,Wolves,1,2,A,,,0.3665799561883899,0.2833721248630887,0.3500479189485214,0.3694877555768865,0.2790141830229317,0.3514980614001819,0.06020169612020254,,,,
E1,0102,2001-09-08,Sheffield United,Bradford,2,2,D,,,0.3673897830650805,0.27991602519244224,0.3526941917424773,0.3706971363642868,0.27474307267095915,0.35455979096475393,0.06714102230034769,,,,
E1,0102,2001-09-08,West Brom,Man City,4,0,H,,fpl-team-15,0.30430359591313194,0.27957892874519,0.4161174753416781,0.30178315982774756,0.2749663803574529,0.42325045981479953,0.05899835762102157,,,,
E1,0102,2001-09-09,Watford,Wimbledon,3,0,H,,,0.4746973215026121,0.27525084998756116,0.2500518285098267,0.48779438601838154,0.2698273648886624,0.24237824909295602,0.06365982338320464,,,,
E1,0102,2001-09-12,Wimbledon,Portsmouth,3,3,D,,,,,,,,,,,,,
E1,0102,2001-09-14,Bradford,Gillingham,5,1,H,,,0.5657054632592997,0.2651216648707763,0.1691728718699239,0.5871418268060078,0.2584888740976916,0.15436929909630062,0.06429876701440662,,,,
E1,0102,2001-09-15,Barnsley,Crewe,2,0,H,,,0.5050611901057244,0.27428707708818567,0.22065173280608996,0.5203952027262649,0.2689067479370772,0.21069804933665787,0.061472208239138126,,,,
E1,0102,2001-09-15,Burnley,Walsall,5,2,H,,,0.5913609873157353,0.2553993829276654,0.15323962975659922,0.6168243396744857,0.24719460037003047,0.13598105995548387,0.0694485236890614,,,,
E1,0102,2001-09-15,Grimsby,Nott'm Forest,0,0,D,,fpl-team-18,0.4312217950860773,0.27410997827177,0.29466822664215275,0.4406024364737533,0.26845856022051034,0.2909390033057363,0.06581515457946807,,,,
E1,0102,2001-09-15,Man City,Birmingham,3,0,H,fpl-team-15,,0.47637234459836086,0.273364437746444,0.2502632176551952,0.4895284117237541,0.26781003242643875,0.24266155584980711,0.06318557308986783,,,,
E1,0102,2001-09-15,Portsmouth,Crystal Palace,4,2,H,,fpl-team-8,0.4916420845624386,0.2704031465093412,0.23795476892822026,0.505650562471283,0.26477729826674407,0.229572139261973,0.06078652432188392,,,,
E1,0102,2001-09-15,Preston,Millwall,1,0,H,,,0.41437820942174586,0.27841035945523557,0.3072114311230186,0.4216313762589148,0.2735184705910734,0.3048501531500119,0.06135132513009012,,,,
E1,0102,2001-09-15,Rotherham,Norwich,1,1,D,,,0.333361782026116,0.28309294187932066,0.38354527609456346,0.33334231407852655,0.2786677657553457,0.38798992016612777,0.060767760034650564,,,,
E1,0102,2001-09-15,Sheffield United,Coventry,0,1,A,,,0.38785259326660604,0.287761601455869,0.32438580527752503,0.3926676190704478,0.28375526449850763,0.32357711643104453,0.0605657403357327,,,,
E1,0102,2001-09-15,Watford,West Brom,1,2,A,,,0.5239448108376166,0.26709367048714583,0.2089615186752376,0.5415502662108018,0.2608294265331851,0.19762030725601315,0.06378162442706525,,,,
E1,0102,2001-09-15,Wimbledon,Sheffield Weds,1,1,D,,,0.49626865671641796,0.26865671641791045,0.23507462686567165,0.5105485436651807,0.26292799162745345,0.22652346470736584,0.06020677275955677,,,,
E1,0102,2001-09-15,Wolves,Stockport,2,2,D,,,0.6119836388047585,0.24063030151642884,0.14738605967881266,0.6386924058448894,0.23123188087163712,0.1300757132834735,0.067558508599177,,,,
E1,0102,2001-09-17,Nott'm Forest,Rotherham,2,0,H,fpl-team-18,,0.5657054632592997,0.2651216648707763,0.1691728718699239,0.5871418268060078,0.2584888740976916,0.15436929909630062,0.06429876701440662,,,,
E1,0102,2001-09-17,Sheffield Weds,Bradford,1,1,D,,,0.3319777765049545,0.2819176356034137,0.3861045878916319,0.33182806978663615,0.27722039886794625,0.3909515313454175,0.06311603495851159,,,,
E1,0102,2001-09-18,Birmingham,Burnley,2,3,A,,,0.4792225201072386,0.2727882037533512,0.2479892761394102,0.4928899425778254,0.2670718136089364,0.2400382438132381,0.06440784223377705,,,,
E1,0102,2001-09-18,Crewe,Wimbledon,0,4,A,,,0.36261079774375493,0.282030620467365,0.3553585817888799,0.36527698331003106,0.2773654840121032,0.35735753267786585,0.06287319818511605,,,,
E1,0102,2001-09-18,Crystal Palace,Grimsby,5,0,H,fpl-team-8,,0.4281664587821749,0.2742941376573308,0.29753940356049435,0.4377961536838214,0.26832853695039804,0.2938753093657805,0.06986619834788144,,,,
E1,0102,2001-09-18,Gillingham,Wolves,2,3,A,,,0.3424500772443783,0.2826572066144075,0.37489271614121417,0.3432478053187815,0.27813523548303265,0.37861695919818583,0.06162706553004682,,,,
E1,0102,2001-09-18,Millwall,Barnsley,3,1,H,,,0.47428196776786086,0.2707055539105791,0.25501247832156,0.4883587794997497,0.2644201246701541,0.24722109583009633,0.06877053109928966,,,,
E1,0102,2001-09-18,Norwich,Watford,3,1,H,,,0.4161174753416781,0.27957892874519,0.30430359591313194,0.42325045981479953,0.2749663803574529,0.30178315982774756,0.05899835762102157,,,,
E1,0102,2001-09-18,Stockport,Sheffield United,1,2,A,,,0.37937621994268866,0.2812201503384692,0.3394036297188421,0.383691216903066,0.2763606249729213,0.3399481581240127,0.06450991542078555,,,,
E1,0102,2001-09-18,Walsall,Portsmouth,0,0,D,,,0.3415861927265256,0.28302855968769264,0.37538524758578184,0.3422983065841724,0.27859128887826845,0.37911040453755906,0.06088835117407143,,,,
E1,0102,2001-09-18,West Brom,Preston,2,0,H,,,0.5180721755448056,0.2652220241968184,0.216705800258376,0.5350685845388533,0.2588403824433646,0.2060910330177821,0.06345016963314265,,,,
E1,0102,2001-09-19,Coventry,Man City,4,3,H,,fpl-team-15,0.3699481865284974,0.28186528497409324,0.3481865284974094,0.3733067299530881,0.2771606408620374,0.3495326291848745,0.0632068304112181,,,,
E1,0102,2001-09-20,Nott'm Forest,Bradford,1,0,H,fpl-team-18,,0.3521528638585495,0.27948639988773766,0.36836073625371285,0.353987461632812,0.27420682573764715,0.37180571262954093,0.06801644014194608,,,,
E1,0102,2001-09-21,Walsall,Wolves,0,3,A,,,0.30905721826043014,0.2776685945308552,0.41327418720871467,0.3068066352212528,0.27259499805088655,0.42059836672786066,0.06285538151860237,,,,
E1,0102,2001-09-22,Coventry,Portsmouth,2,0,H,,,0.4463073745204818,0.27255412184456906,0.2811385036349492,0.4562620109413981,0.26720851658001,0.2765294724785919,0.06037666345946491,,,,
E1,0102,2001-09-22,Crewe,Watford,1,0,H,,,0.3476748174645955,0.27598373107267116,0.37634145146273335,0.34894126621451954,0.27085430946848554,0.380204424316995,0.061846951488405466,,,,
E1,0102,2001-09-22,Crystal Palace,Barnsley,1,0,H,fpl-team-8,,0.47170604778300523,0.2700607143795831,0.25823323783741164,0.4849339719348671,0.26399145657407286,0.25107457149106,0.06572207831777632,,,,
E1,0102,2001-09-22,Gillingham,Rotherham,2,1,H,,,0.5240641711229947,0.2620320855614974,0.21390374331550804,0.5411975936144017,0.2555130716779326,0.2032893347076658,0.06193328928202391,,,,
E1,0102,2001-09-22,Millwall,Sheffield United,2,0,H,,,0.4385807320907254,0.27846395688300024,0.2829553110262744,0.44933177721868406,0.2728655424877041,0.2778026802936118,0.07028706325218081,,,,
E1,0102,2001-09-22,Norwich,Burnley,2,1,H,,,0.3966197183098592,0.27887323943661974,0.32450704225352117,0.4021912018732027,0.274105338635762,0.32370345949103535,0.06038123299367726,,,,
E1,0102,2001-09-22,Sheffield Weds,Man City,2,6,A,,fpl-team-15,0.32376413524717296,0.27607794478441106,0.400157919968416,0.3228733791491946,0.27096286469129116,0.4061637561595143,0.06168151996098459,,,,
E1,0102,2001-09-22,Stockport,Grimsby,3,3,D,,,0.38105058090595323,0.27804784575481273,0.340901573339234,0.3853545662969118,0.2730860131910089,0.34155942051207944,0.06203203136101365,,,,
E1,0102,2001-09-22,West Brom,Wimbledon,0,1,A,,,0.48522763116391543,0.2687414572600147,0.2460309115760698,0.5013014148299312,0.26185112221195317,0.23684746295811582,0.07307168561965227,,,,
E1,0102,2001-09-23,Birmingham,Preston,0,1,A,,,0.5726476532674601,0.25937570177408487,0.16797664495845496,0.5961060487948493,0.25173915017442866,0.1521548010307219,0.06855979119427502,,,,
E1,0102,2001-09-25,Barnsley,Coventry,1,1,D,,,0.33807992650436375,0.27680293982544785,0.38511713367018835,0.33849540107131043,0.2715294631149359,0.3899751358137537,0.06457326072268188,,,,
E1,0102,2001-09-25,Bradford,Stockport,2,4,A,,,0.6166982922201139,0.24667931688804556,0.1366223908918406,0.6428667958146943,0.23808065847340124,0.11905254571190448,0.06526872212998569,,,,
E1,0102,2001-09-25,Burnley,Crewe,3,3,D,,,0.6027420518697737,0.24958614542213167,0.14767180270809457,0.628125044951884,0.2411872308285405,0.13068772421957553,0.06630392652004957,,,,
E1,0102,2001-09-25,Grimsby,Gillingham,1,2,A,,,0.48110001459458324,0.27089631591018076,0.24800366949523592,0.4957760256087059,0.2646481972731609,0.2395757771181332,0.06841414363589138,,,,
E1,0102,2001-09-25,Man City,Walsall,3,0,H,fpl-team-15,,0.6708526782975068,0.21761806393553274,0.11152925776696052,0.7007621260948629,0.20653731233518313,0.09270056156995385,0.06358272745274007,,,,
E1,0102,2001-09-25,Portsmouth,West Brom,1,2,A,,,0.46523377470896576,0.2734143106751153,0.261351914615919,0.47734242795957244,0.2678954248211732,0.25476214721925433,0.06301780068315566,,,,
E1,0102,2001-09-25,Rotherham,Sheffield Weds,1,1,D,,,0.36904418134565403,0.27824759704632646,0.35270822160801946,0.37268193824619167,0.2726543846193634,0.354663677134445,0.07055557891726494,,,,
E1,0102,2001-09-25,Sheffield United,Crystal Palace,1,3,A,,fpl-team-8,0.4424934152765584,0.276558384547849,0.28094820017559263,0.45286336375794417,0.2711705984407014,0.2759660378013544,0.06522561493329704,,,,
E1,0102,2001-09-25,Wimbledon,Millwall,2,2,D,,,0.44909799154626073,0.27437080421029364,0.27653120424344557,0.4608410195908799,0.26839315726851315,0.27076582314060693,0.06980092776939273,,,,
E1,0102,2001-09-25,Wolves,Nott'm Forest,1,0,H,,fpl-team-18,0.5229625684653209,0.2756701911290063,0.2013672404056728,0.5403031337939466,0.2702147168405141,0.18948214936553928,0.06320089497603476,,,,
E1,0102,2001-09-26,Preston,Norwich,4,0,H,,,0.3651551312649164,0.28400954653937943,0.35083532219570407,0.36788124036730596,0.279794021507823,0.35232473812487103,0.05894052900839597,,,,
E1,0102,2001-09-26,Watford,Birmingham,3,3,D,,,0.4043321299638989,0.27797833935018046,0.31768953068592054,0.41076899061605193,0.27298811329195727,0.3162428960919907,0.06220584746915847,,,,
E1,0102,2001-09-28,Barnsley,Portsmouth,1,4,A,,,0.3848991354466859,0.28103746397694523,0.33406340057636885,0.3897626079750653,0.276132179294062,0.33410521273087285,0.0648842032533139,,,,
E1,0102,2001-09-29,Bradford,Grimsby,3,2,H,,,0.558936778039995,0.26332132654328655,0.17774189541671842,0.5796437191672317,0.25661283952830893,0.16374344130445925,0.0638017023447901,,,,
E1,0102,2001-09-29,Crewe,Birmingham,0,0,D,,,0.33461261693451666,0.2825617654113696,0.38282561765411366,0.3347048153507782,0.2780154268330124,0.3872797578162093,0.061824402306228876,,,,
E1,0102,2001-09-29,Crystal Palace,Sheffield Weds,4,1,H,fpl-team-8,,0.49167927382753407,0.2723146747352496,0.23600605143721634,0.5067393606668952,0.2664367917492312,0.22682384758387358,0.0654933883342892,,,,
E1,0102,2001-09-29,Gillingham,Coventry,1,2,A,,,0.32450704225352117,0.27887323943661974,0.3966197183098592,0.32370345949103535,0.274105338635762,0.4021912018732027,0.06038123299367726,,,,
E1,0102,2001-09-29,Man City,Wimbledon,0,4,A,fpl-team-15,,0.5851147408510351,0.2607202448203877,0.15416501432857707,0.6087265768099216,0.2534498922174481,0.1378235309726304,0.06577547080814838,,,,
E1,0102,2001-09-29,Nott'm Forest,Stockport,2,1,H,fpl-team-18,,0.5679196958368464,0.2622452713128967,0.16983503285025692,0.5888275883079493,0.2556002707550694,0.15557214093698116,0.062014715280383825,,,,
E1,0102,2001-09-29,Rotherham,Wolves,0,3,A,,,0.2593039443155452,0.27109048723897905,0.46960556844547563,0.2529236387427304,0.2656959158528192,0.4813804454044504,0.059222031151875854,,,,
E1,0102,2001-09-29,Sheffield United,Norwich,2,1,H,,,0.3739085772984079,0.2831022085259373,0.34298921417565487,0.3774936108892147,0.2786820105788572,0.34382437853192804,0.0607409926597029,,,,
E1,0102,2001-09-29,Walsall,Millwall,0,0,D,,,0.3739085772984079,0.2831022085259373,0.34298921417565487,0.3774936108892147,0.2786820105788572,0.34382437853192804,0.0607409926597029,,,,
E1,0102,2001-09-29,West Brom,Burnley,1,0,H,,,0.3952105978260869,0.27360733695652173,0.3311820652173913,0.4008296739879468,0.2682172586634565,0.33095306734859675,0.06239340314641595,,,,
E1,0102,2001-09-30,Watford,Preston,1,1,D,,,0.4832459245097786,0.27346474797840187,0.24328932751181956,0.4979264017103725,0.2675407907269176,0.23453280756270997,0.06744750356301665,,,,
E1,0102,2001-10-05,Grimsby,Rotherham,0,2,A,,,0.5352085254260325,0.26598241869657374,0.19880905587739373,0.5557700562290373,0.25889556157535165,0.18533438219561096,0.0707453831564635,,,,
E1,0102,2001-10-07,Sheffield Weds,Sheffield United,0,0,D,,,0.37193384105032,0.2896206139326263,0.33844554501705365,0.3756381267581306,0.2854436047998893,0.3389182684419801,0.06608727108687162,,,,
E1,0102,2001-10-09,Walsall,Norwich,2,0,H,,,0.3563218390804598,0.28735632183908044,0.3563218390804598,0.3583644357295495,0.283271128540901,0.3583644357295495,0.06133646029047668,,,,
E1,0102,2001-10-11,West Brom,Millwall,0,2,A,,,0.5168683507662006,0.27781673853683286,0.20531491069696653,0.5336535147011944,0.2725699814163456,0.19377650388245998,0.06316126068122685,,,,
E1,0102,2001-10-12,Rotherham,Portsmouth,2,1,H,,,0.32450704225352117,0.27887323943661974,0.3966197183098592,0.32370345949103535,0.274105338635762,0.4021912018732027,0.06038123299367726,,,,
E1,0102,2001-10-13,Barnsley,Birmingham,1,3,A,,,0.3511090136857008,0.28315243039169413,0.36573855592260496,0.3528848945630112,0.27811267830111563,0.36900242713587306,0.06969721312634647,,,,
E1,0102,2001-10-13,Bradford,Wolves,0,3,A,,,0.37193732856013756,0.2754660839648519,0.35259658747501044,0.37569574663385047,0.2698522347193341,0.3544520186468154,0.06731354421935976,,,,
E1,0102,2001-10-13,Crewe,Preston,2,1,H,,,0.37896731406916156,0.2723827569872098,0.3486499289436286,0.3838247226834462,0.26593001028252217,0.3502452670340317,0.07377055333927274,,,,
E1,0102,2001-10-13,Crystal Palace,Wimbledon,4,0,H,fpl-team-8,,0.36573855592260507,0.2831524303916942,0.35110901368570085,0.3690024271358731,0.27811267830111563,0.3528848945630112,0.06969721312634647,,,,
E1,0102,2001-10-13,Gillingham,Norwich,0,2,A,,,0.38411819021237303,0.2760849492151431,0.33979686057248376,0.3889862319241372,0.2706284377418425,0.34038533033402024,0.06604631477966905,,,,
E1,0102,2001-10-13,Man City,Stockport,2,2,D,fpl-team-15,,0.6524575902566333,0.23662461939973903,0.11091779034362767,0.6820946890933095,0.2266762591661414,0.09122905174054916,0.06684634485282004,,,,
E1,0102,2001-10-13,Nott'm Forest,Burnley,1,0,H,fpl-team-18,,0.4043321299638989,0.27797833935018046,0.31768953068592054,0.41076899061605193,0.27298811329195727,0.3162428960919907,0.06220584746915847,,,,
E1,0102,2001-10-13,Sheffield United,Grimsby,3,1,H,,,0.4968944099378882,0.2795031055900621,0.2236024844720497,0.5110564832583081,0.27474351509435796,0.21420000164733388,0.05952398991212249,,,,
E1,0102,2001-10-13,Watford,Sheffield Weds,3,1,H,,,0.5039370078740157,0.2755905511811024,0.2204724409448819,0.5206509487547382,0.2698001658575214,0.2095488853877404,0.06766179692931473,,,,
E1,0102,2001-10-14,Walsall,Coventry,0,1,A,,,0.2607135317711632,0.27274646400675534,0.4665400042220815,0.25392277549523823,0.26704562878555554,0.4790315957192062,0.06441769492812455,,,,
E1,0102,2001-10-16,Crystal Palace,Bradford,2,0,H,fpl-team-8,,0.48276288915021354,0.27183264219842795,0.2454044686513586,0.4971869157154293,0.26584433576499134,0.23696874851957933,0.06644221651367843,,,,
E1,0102,2001-10-16,Man City,Sheffield United,0,0,D,fpl-team-15,,0.5988729321941464,0.2488274859116524,0.15229958189420104,0.6245522334036859,0.24016525670872502,0.13528250988758897,0.0680211380822584,,,,
E1,0102,2001-10-16,Sheffield Weds,Preston,1,2,A,,,0.3909252034269729,0.27155872909812623,0.3375160674749007,0.3961438351620206,0.26599487730368526,0.33786128753429406,0.06230957433581352,,,,
E1,0102,2001-10-16,Stockport,West Brom,1,2,A,,,0.32298136645962733,0.2732919254658385,0.40372670807453415,0.32199541723294756,0.26781441617948243,0.4101901665875699,0.06305916095152497,,,,
E1,0102,2001-10-16,Wolves,Crewe,0,1,A,,,0.6370138578453285,0.23781850692892265,0.12516763522574875,0.6640213197826357,0.22865426528087993,0.1073244149364845,0.06313659506849945,,,,
E1,0102,2001-10-17,Nott'm Forest,Birmingham,0,0,D,fpl-team-18,,0.41546912278754916,0.27914331687288463,0.3053875603395661,0.4226480904948838,0.274427624450367,0.30292428505474933,0.05987313622608781,,,,
E1,0102,2001-10-17,Rotherham,Coventry,0,0,D,,,0.2815518088066787,0.27500409232280243,0.44344409887051894,0.27671371548937873,0.2695718009909741,0.4537144835196471,0.06400938937440515,,,,
E1,0102,2001-10-19,Norwich,West Brom,2,0,H,,,,,,,,,,,,,
E1,0102,2001-10-20,Birmingham,Bradford,4,0,H,,,0.4748065981744504,0.27894887642748967,0.24624452539805983,0.4872792063377754,0.27410470270199655,0.2386160909602281,0.06050186604261398,,,,
E1,0102,2001-10-20,Burnley,Barnsley,3,3,D,,,0.5563892026774122,0.26723542007384804,0.1763753772487397,0.5782458775273766,0.2604200340146631,0.16133408845796024,0.06833716412074864,,,,
E1,0102,2001-10-20,Grimsby,Watford,0,3,A,,,0.3723922114047287,0.2807719054242002,0.34683588317107095,0.3760966826127893,0.27580678930044195,0.3480965280867688,0.06540864612907171,,,,
E1,0102,2001-10-20,Millwall,Nott'm Forest,3,3,D,,fpl-team-18,0.43093071296968344,0.27606498799620344,0.2930042990341131,0.4403368563997188,0.2705655586664637,0.2890975849338175,0.0661967876367271,,,,
E1,0102,2001-10-20,Portsmouth,Sheffield United,1,0,H,,,0.4795488406145843,0.2716223204091768,0.24882883897623884,0.4928491410776016,0.26597044448575635,0.2411804144366421,0.06247925688512623,,,,
E1,0102,2001-10-20,Sheffield Weds,Walsall,2,1,H,,,0.485442844008581,0.2684646031259577,0.24609255286546122,0.4997837077258807,0.26230605340536794,0.23791023886875146,0.06484930962324142,,,,
E1,0102,2001-10-20,Stockport,Rotherham,0,1,A,,,0.4424934152765584,0.28094820017559263,0.276558384547849,0.45286336375794417,0.2759660378013544,0.2711705984407014,0.06522561493329704,,,,
E1,0102,2001-10-20,Wimbledon,Gillingham,3,1,H,,,0.5210002750092461,0.26361058690766326,0.21538913808309074,0.539192449747803,0.2567210634356171,0.20408648681657987,0.06699682399630547,,,,
E1,0102,2001-10-20,Wolves,Crystal Palace,0,1,A,,fpl-team-8,0.5127410680075496,0.2683216416039508,0.2189372903884997,0.5286472732968527,0.2624536135679959,0.20889911313515142,0.061043726513162255,,,,
E1,0102,2001-10-21,Coventry,Crewe,1,0,H,,,0.5935354845684017,0.2562023674395979,0.15026214799200044,0.6170321746911146,0.24878550583472558,0.13418231947415976,0.0633152718655765,,,,
E1,0102,2001-10-21,Preston,Man City,2,1,H,,fpl-team-15,0.3297499698031163,0.28107259330837053,0.3891774368885131,0.3293842708205861,0.2761737480612475,0.3944419811181665,0.0648191012442112,,,,
E1,0102,2001-10-23,Birmingham,Gillingham,2,1,H,,,0.5993150684931507,0.2568493150684932,0.14383561643835618,0.6212579074875515,0.25011811512781407,0.1286239773846344,0.05772287421859801,,,,
E1,0102,2001-10-23,Burnley,Crystal Palace,1,0,H,,fpl-team-8,0.3595505617977528,0.28089887640449435,0.3595505617977528,0.3616931486743505,0.2766137026512991,0.3616931486743505,0.056301046162843704,,,,
E1,0102,2001-10-23,Man City,Grimsby,4,0,H,fpl-team-15,,0.6573181419807186,0.22348816827344434,0.11919368974583698,0.6855304221901104,0.2132307114907488,0.10123886631914077,0.062020126497372985,,,,
E1,0102,2001-10-23,Millwall,Bradford,3,1,H,,,0.49167927382753407,0.2723146747352496,0.23600605143721634,0.5067393606668952,0.2664367917492312,0.22682384758387358,0.0654933883342892,,,,
E1,0102,2001-10-23,Norwich,Portsmouth,0,0,D,,,0.49167927382753407,0.2723146747352496,0.23600605143721634,0.5067393606668952,0.2664367917492312,0.22682384758387358,0.0654933883342892,,,,
E1,0102,2001-10-23,Preston,Sheffield United,3,0,H,,,0.4848334162108403,0.2759820984584784,0.23918448533068126,0.4976088312466118,0.27109043143464434,0.23130073731874384,0.05783159448765218,,,,
E1,0102,2001-10-23,Walsall,Rotherham,3,2,H,,,0.4222768955490941,0.277119212704093,0.30060389174681273,0.430572191649691,0.2718996201583095,0.2975281881919996,0.06400129641406238,,,,
E1,0102,2001-10-23,Watford,Nott'm Forest,1,2,A,,fpl-team-18,0.4615781885476964,0.2712659508080308,0.26715586064427277,0.47416610670985404,0.2651668032586949,0.26066709003145105,0.0675021061906591,,,,
E1,0102,2001-10-24,Crewe,Stockport,0,0,D,,,0.4990403071017275,0.2763915547024952,0.22456813819577734,0.512818488091196,0.27157139802738334,0.2156101138814206,0.05708477273583412,,,,
E1,0102,2001-10-24,Sheffield Weds,Barnsley,3,1,H,,,0.41654715940430226,0.2798676227247656,0.3035852178709322,0.42364889881698337,0.27532278690894435,0.3010283142740722,0.058420140063390136,,,,
E1,0102,2001-10-24,Wimbledon,Coventry,0,1,A,,,0.36421579786023217,0.2788527202367403,0.3569314819030276,0.3669198637974688,0.2740891567451367,0.35899097945739444,0.06039580865763128,,,,
E1,0102,2001-10-25,West Brom,Wolves,1,1,D,,,0.3569314819030276,0.2788527202367403,0.36421579786023217,0.35899097945739444,0.2740891567451367,0.3669198637974688,0.06039580865763128,,,,
E1,0102,2001-10-26,Grimsby,Birmingham,3,1,H,,,0.25300455864069626,0.2683381682552839,0.4786572731040199,0.24542973064172355,0.26215888190276937,0.4924113874555071,0.06507373624481261,,,,
E1,0102,2001-10-27,Bradford,Watford,4,3,H,,,0.3966197183098592,0.27887323943661974,0.32450704225352117,0.4021912018732027,0.274105338635762,0.32370345949103535,0.06038123299367726,,,,
E1,0102,2001-10-27,Coventry,Sheffield Weds,2,0,H,,,0.5957446808510638,0.2553191489361702,0.14893617021276595,0.61865747710267,0.24807683202229722,0.13326569087503268,0.06114793987944722,,,,
E1,0102,2001-10-27,Gillingham,Walsall,2,0,H,,,0.49321086261980834,0.2731629392971246,0.2336261980830671,0.5080150552514733,0.2675136320509464,0.2244713126975804,0.0637233282905072,,,,
E1,0102,2001-10-27,Portsmouth,Preston,0,1,A,,,0.442371020856202,0.27222832052689355,0.2854006586169045,0.4527530334473199,0.26642735983723637,0.28081960671544376,0.06538463057950139,,,,
E1,0102,2001-10-27,Rotherham,Wimbledon,3,2,H,,,0.34369618417474845,0.27925314964198317,0.3770506661832684,0.34457471759287,0.27458340456233343,0.3808418778447967,0.05959496274590492,,,,
E1,0102,2001-10-27,Sheffield United,Crewe,1,0,H,,,0.5165603160133698,0.2613187481008812,0.22212093588574902,0.5334222329118217,0.25459952796130786,0.21197823912687044,0.06342936004512012,,,,
E1,0102,2001-10-27,Stockport,Millwall,0,4,A,,,0.3273293306648877,0.28129864354013784,0.39137202579497443,0.32682185215333304,0.27709760590184107,0.3960805419448259,0.05552639300003648,,,,
E1,0102,2001-10-28,Barnsley,West Brom,3,2,H,,,0.3497267759562842,0.2786885245901639,0.37158469945355194,0.3511564515110182,0.2738846776102663,0.37495887087871543,0.060729291988536716,,,,
E1,0102,2001-10-28,Crystal Palace,Norwich,3,2,H,fpl-team-8,,0.5328054257702372,0.261701488540087,0.20549308568967573,0.5509275674583687,0.2550474971393463,0.19402493540228496,0.06274688802659512,,,,
E1,0102,2001-10-28,Nott'm Forest,Man City,1,1,D,fpl-team-18,fpl-team-15,0.37410071942446044,0.2805755395683453,0.3453237410071942,0.37748267677222686,0.2762152006604015,0.34630212256737175,0.056947770761325955,,,,
E1,0102,2001-10-28,Wolves,Burnley,3,0,H,,,0.525,0.2625,0.2125,0.541941732370149,0.2561235192172363,0.2019347484126148,0.060919407987967134,,,,
E1,0102,2001-10-30,Bradford,Wimbledon,3,3,D,,,0.43442084519378155,0.2783008539522663,0.2872783008539523,0.44351028990511415,0.27336204521334007,0.28312766488154584,0.06163160805590451,,,,
E1,0102,2001-10-30,Gillingham,Burnley,2,2,D,,,0.37193732856013756,0.2754660839648519,0.35259658747501044,0.37569574663385047,0.2698522347193341,0.3544520186468154,0.06731354421935976,,,,
E1,0102,2001-10-30,Grimsby,Norwich,0,2,A,,,0.3736844545412398,0.28568779266539945,0.3406277527933609,0.37747243912683087,0.28123449225591873,0.3412930686172505,0.06463048397563398,,,,
E1,0102,2001-10-30,Portsmouth,Birmingham,1,1,D,,,0.37058152793614596,0.27366020524515394,0.35575826681870015,0.3739419347570053,0.2682912318321236,0.357766833410871,0.06226320518180728,,,,
E1,0102,2001-10-30,Rotherham,Crewe,2,2,D,,,0.4444444444444444,0.2777777777777778,0.2777777777777778,0.45460741773077357,0.2726962911346132,0.2726962911346132,0.06273432495072484,,,,
E1,0102,2001-10-30,Sheffield United,Watford,0,2,A,,,0.42440318302387264,0.27851458885941643,0.29708222811671087,0.43253155804654525,0.2736390049402725,0.29382943701318226,0.06116653839126229,,,,
E1,0102,2001-10-30,Stockport,Walsall,0,2,A,,,0.4043321299638989,0.27797833935018046,0.31768953068592054,0.41076899061605193,0.27298811329195727,0.3162428960919907,0.06220584746915847,,,,
E1,0102,2001-10-31,Barnsley,Man City,0,3,A,,fpl-team-15,0.2888700084961767,0.2633814783347494,0.44774851316907394,0.2850393778456854,0.257427043585133,0.45753357856918153,0.0585716359782964,,,,
E1,0102,2001-10-31,Coventry,Preston,2,2,D,,,0.5269386309845506,0.27076538884436907,0.20229598017108036,0.5462501235142383,0.26431677583596846,0.18943310064979318,0.06916345050558448,,,,
E1,0102,2001-10-31,Crystal Palace,West Brom,0,1,A,fpl-team-8,,0.5151124914779184,0.262101355957882,0.22278615256419967,0.5314020736761067,0.25563189710036244,0.21296602922353078,0.061702261213213205,,,,
E1,0102,2001-10-31,Nott'm Forest,Sheffield Weds,0,1,A,fpl-team-18,,0.5631376705975885,0.26003710083476883,0.1768252285676428,0.5851946679550397,0.2526910069510083,0.162114325093952,0.06687604053877294,,,,
E1,0102,2001-10-31,Wolves,Millwall,1,0,H,,,0.5122977648929207,0.27167305714018525,0.21602917796689425,0.5274624508475992,0.26634169846709616,0.2061958506853046,0.05827557388693094,,,,
E1,0102,2001-11-02,Crewe,Bradford,2,2,D,,,0.39425051334702255,0.27720739219712526,0.32854209445585214,0.399902115287661,0.2720316558706311,0.32806622884170794,0.06375832250341773,,,,
E1,0102,2001-11-03,Man City,Gillingham,4,1,H,fpl-team-15,,0.6517690875232774,0.22160148975791435,0.1266294227188082,0.6816939925390403,0.2104077849910305,0.10789822246992925,0.06698676431551576,,,,
E1,0102,2001-11-03,Millwall,Coventry,3,2,H,,,0.3690036900369003,0.27675276752767525,0.35424354243542433,0.37234293952386627,0.27147064455455616,0.35618641592157757,0.06466425023972988,,,,
E1,0102,2001-11-03,Norwich,Wolves,2,0,H,,,0.37410071942446044,0.2805755395683453,0.3453237410071942,0.37748267677222686,0.2762152006604015,0.34630212256737175,0.056947770761325955,,,,
E1,0102,2001-11-03,Preston,Stockport,6,0,H,,,0.6166982922201139,0.24667931688804556,0.1366223908918406,0.6428667958146943,0.23808065847340124,0.11905254571190448,0.06526872212998569,,,,
E1,0102,2001-11-03,Sheffield Weds,Portsmouth,2,3,A,,,0.38901395767672226,0.2796037820801441,0.3313822602431337,0.393796160075961,0.27501323537484645,0.33119060454919247,0.058901825454086065,,,,
E1,0102,2001-11-03,Walsall,Crystal Palace,2,2,D,,fpl-team-8,0.2936421236617872,0.2798776491151409,0.42648022722307183,0.2902420244878548,0.27532648633463674,0.4344314891775084,0.058425147319212556,,,,
E1,0102,2001-11-03,Watford,Barnsley,3,0,H,,,0.5525231892308207,0.26956434383685496,0.1779124669323243,0.5724628133882053,0.2634795387777332,0.16405764783406143,0.0632011714624241,,,,
E1,0102,2001-11-03,Wimbledon,Grimsby,2,1,H,,,0.5509917852133841,0.2704868763774795,0.17852133840913645,0.5701930500350438,0.26467883725616353,0.16512811270879252,0.06119921617209911,,,,
E1,0102,2001-11-04,Birmingham,Rotherham,2,2,D,,,0.6166982922201139,0.24667931688804556,0.1366223908918406,0.6428667958146943,0.23808065847340124,0.11905254571190448,0.06526872212998569,,,,
E1,0102,2001-11-04,Burnley,Sheffield United,2,0,H,,,0.515632291180588,0.27447503499766684,0.2098926738217452,0.5318095155466068,0.2691118679913775,0.19907861646201566,0.06117554730735719,,,,
E1,0102,2001-11-04,West Brom,Nott'm Forest,1,0,H,,fpl-team-18,0.442371020856202,0.27222832052689355,0.2854006586169045,0.4527530334473199,0.26642735983723637,0.28081960671544376,0.06538463057950139,,,,
E1,0102,2001-11-07,Birmingham,West Brom,0,1,A,,,0.4598562949078413,0.2802249297094658,0.25991877538269287,0.4705442527849705,0.27571408286954374,0.2537416643454858,0.05784815433435142,,,,
E1,0102,2001-11-08,Preston,Barnsley,2,2,D,,,0.626997191827249,0.24402052871114555,0.1289822794616055,0.6502110800391822,0.236467771033946,0.11332114892687184,0.05557709792628884,,,,
E1,0102,2001-11-09,Millwall,Rotherham,1,0,H,,,0.585027268220129,0.263262270699058,0.1517104610808131,0.6066604338028814,0.2568358151504852,0.13650375104663343,0.06006901478394866,,,,
E1,0102,2001-11-09,Wimbledon,Sheffield United,1,1,D,,,0.494061757719715,0.27790973871733965,0.2280285035629454,0.5087181410170754,0.272760125165666,0.21852173381725867,0.06275750906206667,,,,
E1,0102,2001-11-10,Burnley,Portsmouth,1,1,D,,,0.48072108162243354,0.27491236855282924,0.2443665498247371,0.49545147194619016,0.26901034603208457,0.2355381820217252,0.06887351791374385,,,,
E1,0102,2001-11-10,Crewe,Gillingham,0,0,D,,,0.47267816330770823,0.27342613754415124,0.2538956991481404,0.4854679875098788,0.2678959650232535,0.24663604746686776,0.06303479871712625,,,,
E1,0102,2001-11-10,Norwich,Bradford,1,4,A,,,0.5465779467680607,0.25665399239543724,0.19676806083650186,0.5667967923034112,0.2491940810901267,0.1840091266064621,0.06571356859058142,,,,
E1,0102,2001-11-10,Sheffield Weds,Grimsby,0,0,D,,,0.48754875487548754,0.27452745274527457,0.23792379237923794,0.5012082709257643,0.2692562384707643,0.22953549060347153,0.06084177060984075,,,,
E1,0102,2001-11-10,Watford,Stockport,1,1,D,,,0.6199989401727518,0.24455513751258542,0.13544592231466268,0.6484783700101499,0.23502741696587565,0.11649421302397452,0.07060531224124134,,,,
E1,0102,2001-11-11,Walsall,Nott'm Forest,2,0,H,,fpl-team-18,0.33682174951655103,0.2833579797520191,0.3798202707314299,0.3371074026104595,0.278994008734773,0.38389858865476745,0.060238004894927144,,,,
E1,0102,2001-11-13,Burnley,Watford,1,0,H,,,0.46093408991706675,0.2736796158882584,0.2653862941946748,0.4741451168173992,0.26748795547186915,0.25836692771073166,0.07132390351034701,,,,
E1,0102,2001-11-15,Stockport,Norwich,2,1,H,,,0.31092531917297483,0.2769178623884307,0.41215681843859453,0.3087944713111912,0.2716568693104542,0.4195486593783546,0.06438600551337004,,,,
E1,0102,2001-11-17,Barnsley,Wimbledon,1,1,D,,,0.3690036900369003,0.27675276752767525,0.35424354243542433,0.37234293952386627,0.27147064455455616,0.35618641592157757,0.06466425023972988,,,,
E1,0102,2001-11-17,Bradford,Walsall,2,0,H,,,0.5483870967741935,0.25967741935483873,0.19193548387096776,0.5692755128191992,0.2522936282875873,0.1784308588932135,0.06744874850846827,,,,
E1,0102,2001-11-17,Coventry,Burnley,0,2,A,,,0.5081809432146295,0.2694898941289702,0.2223291626564004,0.5241324664196151,0.2635636945988835,0.21230383898150143,0.06284346629399806,,,,
E1,0102,2001-11-17,Crystal Palace,Crewe,4,1,H,fpl-team-8,,0.5803108808290156,0.261139896373057,0.15854922279792746,0.6031558513622628,0.25404917700935165,0.14279497162838561,0.06471945811063051,,,,
E1,0102,2001-11-17,Grimsby,Millwall,2,2,D,,,0.32450704225352117,0.27887323943661974,0.3966197183098592,0.32370345949103535,0.274105338635762,0.4021912018732027,0.06038123299367726,,,,
E1,0102,2001-11-17,Nott'm Forest,Preston,1,1,D,fpl-team-18,,0.3966197183098592,0.27887323943661974,0.32450704225352117,0.4021912018732027,0.274105338635762,0.32370345949103535,0.06038123299367726,,,,
E1,0102,2001-11-17,Portsmouth,Man City,2,1,H,,fpl-team-15,0.33890877555539156,0.28643257805004063,0.37465864639456786,0.3394020042376275,0.28214437278662013,0.37845362297575225,0.0631590133998543,,,,
E1,0102,2001-11-17,Rotherham,West Brom,2,1,H,,,0.33553681331205837,0.27786642352404833,0.38659676316389335,0.33570913103296435,0.27285805936430535,0.3914328096027304,0.06240589078515768,,,,
E1,0102,2001-11-17,Sheffield United,Birmingham,4,0,H,,,0.36573855592260507,0.2831524303916942,0.35110901368570085,0.3690024271358731,0.27811267830111563,0.3528848945630112,0.06969721312634647,,,,
E1,0102,2001-11-18,Gillingham,Watford,0,0,D,,,0.3563218390804598,0.28735632183908044,0.3563218390804598,0.3583644357295495,0.283271128540901,0.3583644357295495,0.06133646029047668,,,,
E1,0102,2001-11-18,Wolves,Sheffield Weds,0,0,D,,,0.5957446808510638,0.2553191489361702,0.14893617021276595,0.61865747710267,0.24807683202229722,0.13326569087503268,0.06114793987944722,,,,
E1,0102,2001-11-20,Norwich,Crewe,2,2,D,,,0.5827215919432142,0.2605108293393193,0.15676757871746647,0.6062739768208877,0.25318819597154535,0.14053782720756702,0.0661958388518542,,,,
E1,0102,2001-11-20,Preston,Bradford,1,1,D,,,0.4927536231884058,0.2608695652173913,0.2463768115942029,0.5076401609474899,0.2540741022158247,0.2382857368366855,0.06422891630791128,,,,
E1,0102,2001-11-20,Wimbledon,Walsall,2,2,D,,,0.5327163151097718,0.2695867412828239,0.1976969436074042,0.5508474134007496,0.26360153773731976,0.1855510488619307,0.06288608792237937,,,,
E1,0102,2001-11-21,Gillingham,Crystal Palace,3,0,H,,fpl-team-8,0.3313822602431337,0.2796037820801441,0.38901395767672226,0.33119060454919247,0.27501323537484645,0.393796160075961,0.058901825454086065,,,,
E1,0102,2001-11-23,Burnley,Grimsby,1,0,H,,,0.6166982922201139,0.24667931688804556,0.1366223908918406,0.6428667958146943,0.23808065847340124,0.11905254571190448,0.06526872212998569,,,,
E1,0102,2001-11-24,Crewe,Nott'm Forest,0,3,A,,fpl-team-18,0.3770530140855205,0.2804331792261059,0.34251380668837356,0.38069929109835254,0.27603952013121774,0.3432611887704297,0.05723305814899504,,,,
E1,0102,2001-11-24,Man City,Rotherham,2,1,H,fpl-team-15,,0.6166982922201139,0.24667931688804556,0.1366223908918406,0.6428667958146943,0.23808065847340124,0.11905254571190448,0.06526872212998569,,,,
E1,0102,2001-11-24,Millwall,Gillingham,1,2,A,,,0.5829800121138704,0.2548455481526347,0.16217443973349485,0.6051634538321049,0.24752491011129232,0.1473116360566028,0.06198142468929291,,,,
E1,0102,2001-11-24,Norwich,Barnsley,2,1,H,,,0.5714814415025675,0.2638899597526562,0.1646285987447763,0.591505754892241,0.2577467630326215,0.15074748207513747,0.058444949449039996,,,,
E1,0102,2001-11-24,Preston,Crystal Palace,2,1,H,,fpl-team-8,0.4482758620689655,0.27586206896551724,0.27586206896551724,0.4579998804089795,0.27100005979551034,0.27100005979551034,0.05790474032983184,,,,
E1,0102,2001-11-24,Sheffield Weds,Stockport,5,0,H,,,0.49167927382753407,0.2723146747352496,0.23600605143721634,0.5067393606668952,0.2664367917492312,0.22682384758387358,0.0654933883342892,,,,
E1,0102,2001-11-24,Walsall,Sheffield United,1,2,A,,,0.40073868882733144,0.28439519852262235,0.31486611265004616,0.4073323544684106,0.2796323655620431,0.3130352799695463,0.06724709155969322,,,,
E1,0102,2001-11-24,West Brom,Bradford,1,0,H,,,0.4482758620689655,0.27586206896551724,0.27586206896551724,0.4579998804089795,0.27100005979551034,0.27100005979551034,0.05790474032983184,,,,
E1,0102,2001-11-24,Wimbledon,Wolves,0,1,A,,,0.3579872276824132,0.2796775216268853,0.3623352506907016,0.36008380973455945,0.27510996579517094,0.36480622447026967,0.0587376868352294,,,,
E1,0102,2001-11-25,Birmingham,Coventry,2,0,H,,,0.38933083762283577,0.2737482452035564,0.33692091717360784,0.3950819979407439,0.26766960434483444,0.3372483977144217,0.07090667320881039,,,,
E1,0102,2001-11-25,Watford,Portsmouth,3,0,H,,,0.42440318302387264,0.27851458885941643,0.29708222811671087,0.43253155804654525,0.2736390049402725,0.29382943701318226,0.06116653839126229,,,,
E1,0102,2001-11-27,Stockport,Gillingham,0,2,A,,,0.3595505617977528,0.28089887640449435,0.3595505617977528,0.3616931486743505,0.2766137026512991,0.3616931486743505,0.056301046162843704,,,,
E1,0102,2001-11-27,Wolves,Barnsley,4,1,H,,,0.6113740916061071,0.2532835522368158,0.13534235615707715,0.6374253620407,0.24514355537615232,0.1174310825831477,0.06631443568039685,,,,
E1,0102,2001-11-28,Coventry,Crystal Palace,2,0,H,,fpl-team-8,0.48167698710790785,0.2741853618921937,0.2441376509998985,0.4949640660435157,0.2688375529342649,0.2361983810222194,0.061512289103120565,,,,
E1,0102,2001-11-28,Portsmouth,Nott'm Forest,3,2,H,,fpl-team-18,0.4786572731040199,0.2683381682552839,0.25300455864069626,0.4924113874555071,0.26215888190276937,0.24542973064172355,0.06507373624481261,,,,
E1,0102,2001-11-30,Gillingham,Birmingham,1,1,D,,,0.38536529418511295,0.2769813051955499,0.337653400619337,0.3902202025208532,0.2717527913938392,0.3380270060853076,0.06420854991301894,,,,
E1,0102,2001-12-01,Bradford,Millwall,1,2,A,,,0.4364108669769456,0.27957571165710576,0.2840134213659487,0.44530284529098907,0.2749427313522727,0.2797544233567382,0.05906170094385743,,,,
E1,0102,2001-12-01,Coventry,Wimbledon,3,1,H,,,0.5081854720125477,0.27473777080678363,0.21707675718066854,0.5257557902583772,0.26869732569460825,0.20554688404701466,0.06950312969274819,,,,
E1,0102,2001-12-01,Crystal Palace,Burnley,1,2,A,fpl-team-8,,0.4134960516870064,0.27781765972720746,0.30868628858578606,0.42080629136612335,0.272780854116662,0.30641285451721456,0.06255246745422482,,,,
E1,0102,2001-12-01,Grimsby,Man City,0,2,A,,fpl-team-15,0.27126595080803084,0.2671558606442728,0.46157818854769644,0.26516680325869496,0.260667090031451,0.47416610670985404,0.0675021061906591,,,,
E1,0102,2001-12-01,Nott'm Forest,Watford,0,0,D,fpl-team-18,,0.42850971922246217,0.2812095032397408,0.29028077753779696,0.4362746920683938,0.2769643308492444,0.2867609770823618,0.05577251082286239,,,,
E1,0102,2001-12-01,Rotherham,Walsall,2,0,H,,,0.4680317592979524,0.2778938570831592,0.2540743836188884,0.48031607379919444,0.2728014391149061,0.24688248708589947,0.06261293566785753,,,,
E1,0102,2001-12-01,Sheffield United,Preston,2,2,D,,,0.37410071942446044,0.2805755395683453,0.3453237410071942,0.37748267677222686,0.2762152006604015,0.34630212256737175,0.056947770761325955,,,,
E1,0102,2001-12-01,Stockport,Crewe,0,1,A,,,0.4020100502512562,0.27638190954773867,0.321608040201005,0.40855054528719,0.27099219118781276,0.32045726352499726,0.06546304235234857,,,,
E1,0102,2001-12-02,Barnsley,Sheffield Weds,3,0,H,,,0.38220424671385245,0.28513650151668357,0.33265925176946415,0.3862514139043673,0.28116286641025884,0.3325857196853738,0.056736179860308766,,,,
E1,0102,2001-12-02,Portsmouth,Norwich,1,2,A,,,0.4424934152765584,0.276558384547849,0.28094820017559263,0.45286336375794417,0.2711705984407014,0.2759660378013544,0.06522561493329704,,,,
E1,0102,2001-12-02,Wolves,West Brom,0,1,A,,,0.46325470493059695,0.27650515200545006,0.260240143063953,0.4756266209039684,0.2710675831005711,0.25330579599546055,0.06543969211634248,,,,
E1,0102,2001-12-04,Millwall,Man City,2,3,A,,fpl-team-15,0.38226776564936515,0.2722209846290934,0.34551124972154157,0.3863068945624927,0.2671997419467047,0.3464933634908027,0.05666637606918812,,,,
E1,0102,2001-12-07,Grimsby,Wolves,1,1,D,,,0.2477181745396317,0.2622898318654924,0.48999199359487583,0.24012452719668312,0.25594167341752355,0.5039337993857934,0.06111216638237238,,,,
E1,0102,2001-12-08,Barnsley,Walsall,4,1,H,,,0.49167927382753407,0.2723146747352496,0.23600605143721634,0.5067393606668952,0.2664367917492312,0.22682384758387358,0.0654933883342892,,,,
E1,0102,2001-12-08,Birmingham,Norwich,4,0,H,,,0.4615781885476964,0.2712659508080308,0.26715586064427277,0.47416610670985404,0.2651668032586949,0.26066709003145105,0.0675021061906591,,,,
E1,0102,2001-12-08,Bradford,Rotherham,3,1,H,,,0.5276073619631902,0.2638036809815951,0.20858895705521474,0.5440050040848946,0.25781673653369513,0.1981782593814103,0.05811344203539193,,,,
E1,0102,2001-12-08,Crystal Palace,Man City,2,1,H,fpl-team-8,fpl-team-15,0.3542435424354244,0.2767527675276753,0.36900369003690037,0.3561864159215775,0.27147064455455616,0.3723429395238663,0.06466425023972988,,,,
E1,0102,2001-12-08,Nott'm Forest,Gillingham,2,2,D,fpl-team-18,,0.48327137546468396,0.27509293680297403,0.24163568773234198,0.49630314498059497,0.26997803718878516,0.2337188178306199,0.059647096088156104,,,,
E1,0102,2001-12-08,Portsmouth,Crewe,2,4,A,,,0.5479879380264115,0.26110013517729025,0.1909119267962982,0.5678866669855304,0.25418874583889545,0.1779245871755742,0.06426016869954765,,,,
E1,0102,2001-12-08,Sheffield Weds,Millwall,1,1,D,,,0.3563218390804598,0.28735632183908044,0.3563218390804598,0.3583644357295495,0.283271128540901,0.3583644357295495,0.06133646029047668,,,,
E1,0102,2001-12-08,Stockport,Wimbledon,1,2,A,,,0.32298136645962733,0.2732919254658385,0.40372670807453415,0.32199541723294756,0.26781441617948243,0.4101901665875699,0.06305916095152497,,,,
E1,0102,2001-12-08,West Brom,Sheffield United,0,1,A,,,0.5312323423801105,0.2648232870969506,0.20394437052293898,0.5496803043101127,0.2582715244517555,0.1920481712381318,0.06445538625121117,,,,
E1,0102,2001-12-09,Coventry,Watford,0,2,A,,,0.5154205833448029,0.278649252870784,0.20593016378441312,0.5316341958575324,0.2736210826835937,0.19474472145887387,0.06143011711537838,,,,
E1,0102,2001-12-09,Preston,Burnley,2,3,A,,,0.39308357348703166,0.28530259365994237,0.3216138328530259,0.39877191990832495,0.28075372123499887,0.32047435885667613,0.06542055564932525,,,,
E1,0102,2001-12-11,Birmingham,Crystal Palace,1,0,H,,fpl-team-8,0.4854663511135384,0.2776260695430548,0.23690757934340678,0.49946315431357247,0.27242685567019703,0.22810999001623045,0.06327493907883763,,,,
E1,0102,2001-12-11,Man City,Wolves,1,0,H,fpl-team-15,,0.4700505957238453,0.28056144932267013,0.2493879549534846,0.48147074461485856,0.2761129202171648,0.2424163351679766,0.057221425930038095,,,,
E1,0102,2001-12-12,West Brom,Coventry,1,0,H,,,0.3966197183098592,0.27887323943661974,0.32450704225352117,0.4021912018732027,0.274105338635762,0.32370345949103535,0.06038123299367726,,,,
E1,0102,2001-12-13,Millwall,Portsmouth,1,0,H,,,0.5114754098360655,0.2754098360655738,0.21311475409836064,0.5267965629294379,0.2703057545958567,0.20289768247470552,0.05919820663984865,,,,
E1,0102,2001-12-14,Sheffield United,Barnsley,1,1,D,,,0.5114754098360655,0.2754098360655738,0.21311475409836064,0.5267965629294379,0.2703057545958567,0.20289768247470552,0.05919820663984865,,,,
E1,0102,2001-12-15,Burnley,Stockport,3,2,H,,,0.6672226855713094,0.2218515429524604,0.1109257714762302,0.6982564591814677,0.21055169473303947,0.09119184608549274,0.06696481234394014,,,,
E1,0102,2001-12-15,Crewe,West Brom,1,1,D,,,0.3352893798182028,0.28661834081233456,0.37809227936946266,0.33544835649601196,0.28236978758411363,0.3821818559198744,0.06279616593383253,,,,
E1,0102,2001-12-15,Gillingham,Sheffield Weds,2,1,H,,,0.4895960832313342,0.27539779681762544,0.2350061199510404,0.5049920722494565,0.2696019977277902,0.22540593002275336,0.06793009536340833,,,,
E1,0102,2001-12-15,Norwich,Coventry,2,0,H,,,0.4065983058403923,0.2795363352652697,0.3138653588943379,0.4129156940093356,0.2749206417996561,0.31216366419100844,0.05906384997069836,,,,
E1,0102,2001-12-15,Rotherham,Preston,1,0,H,,,0.34222631094756206,0.28702851885924563,0.3707451701931923,0.3430119068884966,0.28287121084954,0.3741168822619634,0.06198376847896725,,,,
E1,0102,2001-12-15,Walsall,Grimsby,4,0,H,,,0.4463519313304721,0.27896995708154504,0.27467811158798283,0.456301636517967,0.27417907066641234,0.26951929281562065,0.060319863026961684,,,,
E1,0102,2001-12-15,Watford,Crystal Palace,1,0,H,,fpl-team-8,0.4463519313304721,0.27896995708154504,0.27467811158798283,0.456301636517967,0.27417907066641234,0.26951929281562065,0.060319863026961684,,,,
E1,0102,2001-12-16,Man City,Bradford,3,1,H,fpl-team-15,,0.5780700412907173,0.25600244685731766,0.16592751185196514,0.5989271106017391,0.2491160217354425,0.15195686766281843,0.05925867706537247,,,,
E1,0102,2001-12-16,Wimbledon,Nott'm Forest,1,0,H,,fpl-team-18,0.42440318302387264,0.27851458885941643,0.29708222811671087,0.43253155804654525,0.2736390049402725,0.29382943701318226,0.06116653839126229,,,,
E1,0102,2001-12-16,Wolves,Birmingham,2,1,H,,,0.44821731748726656,0.28013582342954163,0.27164685908319186,0.45794815701717306,0.2756207038857504,0.2664311390970766,0.05797868501394987,,,,
E1,0102,2001-12-20,Crystal Palace,Nott'm Forest,1,1,D,fpl-team-8,fpl-team-18,0.4990403071017275,0.2763915547024952,0.22456813819577734,0.512818488091196,0.27157139802738334,0.2156101138814206,0.05708477273583412,,,,
E1,0102,2001-12-22,Barnsley,Gillingham,4,1,H,,,0.4077110569465987,0.2803013516507866,0.3119875914026147,0.41396324138702467,0.2758640614750463,0.31017269713792905,0.057534114457666874,,,,
E1,0102,2001-12-22,Birmingham,Walsall,1,0,H,,,0.60253408621402,0.25478584217049993,0.14268007161547996,0.6264849276055842,0.2472951655382368,0.126219906856179,0.06253916048444808,,,,
E1,0102,2001-12-22,Burnley,Millwall,0,0,D,,,0.5134329886740352,0.2733043293557172,0.2132626819702475,0.5300361912633448,0.26763194810262314,0.20233186063403205,0.06360436999239028,,,,
E1,0102,2001-12-23,Coventry,Bradford,4,0,H,,,0.5153771640791841,0.27433922887907336,0.21028360704174254,0.5316043600879683,0.2689406246265565,0.1994550152854753,0.06145625689532608,,,,
E1,0102,2001-12-22,Norwich,Wimbledon,2,1,H,,,0.5179268066134126,0.26353334571800113,0.2185398476685863,0.533659067951305,0.25749355086855275,0.20884738118014218,0.05861625797115266,,,,
E1,0102,2001-12-22,Portsmouth,Stockport,2,0,H,,,0.5833333333333334,0.25,0.16666666666666666,0.609447456186043,0.24086058359371884,0.1496919602202382,0.07336608250625432,,,,
E1,0102,2001-12-22,Preston,Grimsby,0,0,D,,,0.6186046511627907,0.24744186046511632,0.13395348837209303,0.6442342908876395,0.23913239292770405,0.1166333161846565,0.06347716366872191,,,,
E1,0102,2001-12-22,Sheffield United,Rotherham,2,2,D,,,0.494061757719715,0.27790973871733965,0.2280285035629454,0.5087181410170754,0.272760125165666,0.21852173381725867,0.06275750906206667,,,,
E1,0102,2001-12-22,Watford,Wolves,1,1,D,,,0.39544243523609773,0.27804546227538124,0.326512102488521,0.40105630545860244,0.2730770756989551,0.32586661884244245,0.06205413700081408,,,,
E1,0102,2001-12-22,West Brom,Sheffield Weds,1,1,D,,,0.5641828428303068,0.2654978083907326,0.17031934877896057,0.5824734380626274,0.25988064056046967,0.15764592137690284,0.054848162923008204,,,,
E1,0102,2001-12-26,Bradford,Sheffield United,1,2,A,,,0.4444444444444444,0.2777777777777778,0.2777777777777778,0.45460741773077357,0.2726962911346132,0.2726962911346132,0.06273432495072484,,,,
E1,0102,2001-12-26,Gillingham,Portsmouth,2,0,H,,,0.4660977469083516,0.26835930882602066,0.26554294426562763,0.478649710829525,0.26221189826545593,0.2591383909050191,0.06495466618798673,,,,
E1,0102,2001-12-26,Grimsby,Coventry,0,1,A,,,0.29836065573770487,0.2754098360655738,0.4262295081967213,0.2953392094790768,0.2704587810440662,0.434202009476857,0.05875772680155933,,,,
E1,0102,2001-12-26,Man City,West Brom,0,0,D,fpl-team-15,,0.5467591611946622,0.25307138318152933,0.20016945562380853,0.5669424398238797,0.24531489071828863,0.18774266945783163,0.06550183077342808,,,,
E1,0102,2001-12-26,Millwall,Crystal Palace,3,0,H,,fpl-team-8,0.46342605401494025,0.2723519271287803,0.26422201885627933,0.47577632273349063,0.2665497383014571,0.25767393896505214,0.06522642634809017,,,,
E1,0102,2001-12-26,Nott'm Forest,Norwich,2,0,H,fpl-team-18,,0.3973191732995049,0.2793650437262144,0.3233157829742807,0.4028630829401802,0.2747142344765939,0.32242268258322604,0.05939213989768177,,,,
E1,0102,2001-12-26,Sheffield Weds,Birmingham,0,1,A,,,0.3513354857646023,0.2788376871147637,0.3698268271206339,0.35312074455197706,0.2733948956273766,0.3734843598206463,0.0693436844740063,,,,
E1,0102,2001-12-26,Stockport,Barnsley,1,3,A,,,0.3470715835140997,0.2798264642082429,0.37310195227765725,0.34822337600078657,0.27529273501134166,0.37648388898787166,0.05844256514683366,,,,
E1,0102,2001-12-26,Walsall,Crewe,2,1,H,,,0.40721849531518545,0.27565559682874097,0.31712590785607364,0.41349846551221947,0.27078021710242783,0.31572131738535264,0.05821574106812477,,,,
E1,0102,2001-12-26,Wolves,Preston,2,3,A,,,0.5233111322549953,0.26482714874722485,0.2118617189977799,0.5433366449504259,0.25743156108012805,0.19923179396944607,0.07313037291169167,,,,
E1,0102,2001-12-29,Bradford,Crystal Palace,1,2,A,,fpl-team-8,0.4581052631578948,0.2791578947368421,0.26273684210526316,0.4690263584441037,0.2743949849549508,0.2565786566009455,0.05999041558243334,,,,
E1,0102,2001-12-29,Gillingham,West Brom,2,1,H,,,0.379541478266797,0.27872577310217905,0.3417327486310241,0.38361939265169975,0.27392919037875746,0.34245141696954284,0.06065906840376556,,,,
E1,0102,2001-12-29,Grimsby,Portsmouth,3,1,H,,,0.34527229028665224,0.28401430330031063,0.37071340641303707,0.34642815737563654,0.2791779441587679,0.3743938984655956,0.0679653869010508,,,,
E1,0102,2001-12-29,Man City,Burnley,5,1,H,fpl-team-15,,0.5122410546139359,0.263653483992467,0.22410546139359697,0.5274225735842676,0.2576649767556798,0.21491244966005263,0.05831381934694946,,,,
E1,0102,2001-12-29,Millwall,Crewe,2,0,H,,,0.6,0.25,0.15,0.6217730736655322,0.24283564810412744,0.13539127823034028,0.056972274323925376,,,,
E1,0102,2001-12-29,Nott'm Forest,Coventry,2,1,H,fpl-team-18,,0.3882951078974128,0.2790871088012654,0.3326177833013219,0.3930956345117391,0.2743742780884335,0.3325300873998274,0.059939199360087514,,,,
E1,0102,2001-12-29,Rotherham,Barnsley,1,1,D,,,0.42850971922246217,0.2812095032397408,0.29028077753779696,0.4362746920683938,0.2769643308492444,0.2867609770823618,0.05577251082286239,,,,
E1,0102,2001-12-29,Sheffield Weds,Norwich,0,5,A,,,0.3707451701931923,0.28702851885924563,0.34222631094756206,0.3741168822619634,0.28287121084954,0.3430119068884966,0.06198376847896725,,,,
E1,0102,2001-12-29,Stockport,Birmingham,0,3,A,,,0.22508533063275946,0.26480627133265816,0.5101083980345823,0.21634731103796356,0.2591627505915208,0.5244899383705157,0.05582817830145359,,,,
E1,0102,2001-12-29,Walsall,Watford,0,3,A,,,0.34169625974265555,0.28658395978416273,0.3717197804731818,0.3424433151222826,0.28232972782600113,0.3752269570517163,0.06285848026163876,,,,
E1,0102,2001-12-29,Wimbledon,Preston,2,0,H,,,0.4020100502512562,0.27638190954773867,0.321608040201005,0.40855054528719,0.27099219118781276,0.32045726352499726,0.06546304235234857,,,,
E1,0102,2001-12-29,Wolves,Sheffield United,1,0,H,,,0.5491031544223764,0.2616315029894853,0.18926534258813826,0.5687501753333086,0.25488675387143384,0.17636307079525754,0.0630961274728179,,,,
E1,0102,2002-01-01,Barnsley,Grimsby,0,0,D,,,0.5512768544791244,0.2626672071341711,0.18605593838670453,0.5704261420120987,0.25624197742894317,0.1733318805589581,0.06084052170626819,,,,
E1,0102,2002-01-01,Birmingham,Nott'm Forest,1,1,D,,fpl-team-18,0.5512768544791244,0.2626672071341711,0.18605593838670453,0.5704261420120987,0.25624197742894317,0.1733318805589581,0.06084052170626819,,,,
E1,0102,2002-01-01,Norwich,Walsall,1,1,D,,,0.6375838926174496,0.2348993288590604,0.12751677852348992,0.6644343494614332,0.22558800956093308,0.1099776409776337,0.06254026421811432,,,,
E1,0102,2002-01-01,Sheffield United,Man City,1,3,A,,fpl-team-15,0.31768953068592054,0.27797833935018046,0.4043321299638989,0.3162428960919907,0.27298811329195727,0.41076899061605193,0.06220584746915847,,,,
E1,0102,2002-01-01,Watford,Millwall,1,4,A,,,0.43238453870860566,0.2769963451102005,0.29061911618119396,0.44166338675797523,0.27173421683707377,0.28660239640495105,0.06428606319241226,,,,
E1,0102,2002-01-01,West Brom,Stockport,4,0,H,,,0.6672226855713094,0.2218515429524604,0.1109257714762302,0.6982564591814677,0.21055169473303947,0.09119184608549274,0.06696481234394014,,,,
E1,0102,2002-01-10,Millwall,Birmingham,1,1,D,,,0.4404973357015986,0.2753108348134991,0.2841918294849023,0.45106720534941847,0.2696001235912789,0.27933267105930265,0.06779751880094409,,,,
E1,0102,2002-01-12,Bradford,Portsmouth,3,1,H,,,0.45872814407948004,0.26959100159747906,0.2716808543230409,0.4716638408533607,0.2630191477443869,0.2653170114022524,0.07104828697629273,,,,
E1,0102,2002-01-12,Gillingham,Sheffield United,0,1,A,,,0.4859862186028654,0.2736476246286904,0.24036615676844422,0.49990168615836916,0.2681472695115721,0.23195104433005875,0.06265817792154849,,,,
E1,0102,2002-01-12,Grimsby,West Brom,0,0,D,,,0.30210473704670404,0.2785028044649303,0.4193924584883656,0.2992967259614143,0.2736291068014401,0.4270741672371456,0.06117664335761219,,,,
E1,0102,2002-01-12,Nott'm Forest,Barnsley,0,0,D,fpl-team-18,,0.4990403071017275,0.2763915547024952,0.22456813819577734,0.512818488091196,0.27157139802738334,0.2156101138814206,0.05708477273583412,,,,
E1,0102,2002-01-12,Rotherham,Watford,1,1,D,,,0.3712030204221726,0.28282134889308386,0.3459756306847434,0.37457675231748544,0.27833776996783127,0.34708547771468334,0.06129782972857356,,,,
E1,0102,2002-01-12,Sheffield Weds,Crewe,1,0,H,,,0.44150110375275936,0.2759381898454746,0.282560706401766,0.4519719449294811,0.2703910797655965,0.2776369753049224,0.06650124373845756,,,,
E1,0102,2002-01-12,Walsall,Preston,1,2,A,,,0.34301619665070676,0.28769100364252825,0.36929279970676504,0.3438567713544529,0.2836758952032805,0.3724673334422665,0.06068553379736841,,,,
E1,0102,2002-01-12,Wimbledon,Burnley,0,0,D,,,0.3770506661832684,0.27925314964198317,0.34369618417474845,0.3808418778447967,0.27458340456233343,0.34457471759287,0.05959496274590492,,,,
E1,0102,2002-01-13,Man City,Norwich,3,1,H,fpl-team-15,,0.5683553869157677,0.25494798784507294,0.17669662523915947,0.5891711623955775,0.24774919504235568,0.16307964256206678,0.061504788463935256,,,,
E1,0102,2002-01-13,Stockport,Crystal Palace,0,1,A,,fpl-team-8,0.2463768115942029,0.2608695652173913,0.4927536231884058,0.2382857368366855,0.2540741022158247,0.5076401609474899,0.06422891630791128,,,,
E1,0102,2002-01-13,Wolves,Coventry,3,1,H,,,0.4491346559729844,0.28070915998311524,0.27015618404390035,0.4587541643392697,0.2763266165611782,0.26491921909955213,0.05683453078381717,,,,
E1,0102,2002-01-15,Millwall,Watford,1,0,H,,,0.5138134705153854,0.2653424788034677,0.22084405068114699,0.5303514683815712,0.25901098514334686,0.21063754647508193,0.06315000238828361,,,,
E1,0102,2002-01-16,Crystal Palace,Gillingham,3,1,H,fpl-team-8,,0.4760200052645432,0.26685969992103187,0.2571202948144249,0.49016120799452656,0.2602526926915141,0.24958609931395936,0.06822682241909206,,,,
E1,0102,2002-01-17,Portsmouth,Wolves,2,3,A,,,0.2985729967069155,0.2799121844127333,0.4215148188803513,0.2955947917638519,0.2753736719047989,0.4290315363313492,0.05834280187264085,,,,
E1,0102,2002-01-19,Barnsley,Bradford,3,3,D,,,0.46971263179656814,0.2788918751292123,0.2513954930742196,0.4817574069140201,0.2740437816227075,0.24419881146327238,0.060588555643334985,,,,
E1,0102,2002-01-19,Birmingham,Wimbledon,0,2,A,,,0.5345345345345345,0.26726726726726724,0.19819819819819817,0.5542387135784503,0.26058320855373523,0.18517807786781443,0.06791830796282738,,,,
E1,0102,2002-01-19,Burnley,Sheffield Weds,1,2,A,,,0.578512396694215,0.25289256198347104,0.16859504132231404,0.601828490462302,0.24489472585501448,0.15327678368268347,0.06641523190774024,,,,
E1,0102,2002-01-19,Coventry,Stockport,0,0,D,,,0.6989438182302298,0.19881068607437646,0.10224549569539361,0.7305715681627384,0.18627117190044554,0.08315725993681598,0.06256474764086306,,,,
E1,0102,2002-01-19,Crewe,Grimsby,2,0,H,,,0.4627671055471617,0.27476796891862726,0.26246492553421114,0.4757521270005009,0.2688707322998041,0.25537714069969497,0.06904858374036849,,,,
E1,0102,2002-01-19,Crystal Palace,Rotherham,2,0,H,fpl-team-8,,0.5379178126371805,0.2610483502503964,0.20103383711242306,0.5569174946194062,0.2541650410119459,0.1889174643686479,0.06424734182655811,,,,
E1,0102,2002-01-19,Preston,Gillingham,0,2,A,,,0.5150518763323442,0.27844992064217355,0.20649820302548216,0.5313374915739375,0.27337239669586133,0.19529011173020105,0.06183617236092687,,,,
E1,0102,2002-01-19,Sheffield United,Nott'm Forest,0,0,D,,fpl-team-18,0.46500852936840553,0.277551965966767,0.2574395046648274,0.4771467946264713,0.2723792671631001,0.2504739382104286,0.0632958272472024,,,,
E1,0102,2002-01-20,Norwich,Millwall,0,0,D,,,0.42850971922246217,0.2812095032397408,0.29028077753779696,0.4362746920683938,0.2769643308492444,0.2867609770823618,0.05577251082286239,,,,
E1,0102,2002-01-20,Watford,Man City,1,2,A,,fpl-team-15,0.3085329506568054,0.27530632520145715,0.41616072414173744,0.3063729998017006,0.27033772394854083,0.42328927624975854,0.05894471344072372,,,,
E1,0102,2002-01-20,West Brom,Walsall,1,0,H,,,0.5898265216112908,0.26021758306380477,0.14995589532490444,0.6142752445743823,0.25273345776878564,0.13299129765683204,0.06703607109375298,,,,
E1,0102,2002-01-29,Barnsley,Wolves,1,0,H,,,0.32160804020100503,0.2763819095477387,0.4020100502512563,0.32045726352499726,0.27099219118781276,0.40855054528719004,0.06546304235234857,,,,
E1,0102,2002-01-29,Bradford,Preston,0,1,A,,,0.3878128893419413,0.2787405142145203,0.3334465964435383,0.39262461490808864,0.2739447198676221,0.33343066522428927,0.060637311078608036,,,,
E1,0102,2002-01-29,Crewe,Norwich,1,0,H,,,0.37410071942446044,0.2805755395683453,0.3453237410071942,0.37748267677222686,0.2762152006604015,0.34630212256737175,0.056947770761325955,,,,
E1,0102,2002-01-29,Crystal Palace,Coventry,1,3,A,fpl-team-8,,0.47004132231404955,0.2747933884297521,0.25516528925619836,0.4820397511148156,0.26962729274659464,0.24833295613858974,0.06018905295059085,,,,
E1,0102,2002-01-29,Gillingham,Stockport,3,3,D,,,0.6198347107438017,0.2479338842975207,0.1322314049586777,0.645113608428221,0.23980893770465825,0.11507745386712079,0.06232670717872679,,,,
E1,0102,2002-01-29,Rotherham,Grimsby,1,1,D,,,0.48698438125750904,0.27849419303163797,0.23452142571085305,0.500734486126157,0.27351031436769035,0.22575519950615267,0.0615067653125152,,,,
E1,0102,2002-01-29,Sheffield United,Sheffield Weds,0,0,D,,,0.43442084519378155,0.2783008539522663,0.2872783008539523,0.44351028990511415,0.27336204521334007,0.28312766488154584,0.06163160805590451,,,,
E1,0102,2002-01-29,Walsall,Wimbledon,2,1,H,,,0.3553271542626411,0.2775993392676883,0.3670735064696705,0.35732090712159853,0.27252965742701907,0.37014943545138235,0.06293530133552849,,,,
E1,0102,2002-01-29,West Brom,Birmingham,1,0,H,,,0.42440318302387264,0.27851458885941643,0.29708222811671087,0.43253155804654525,0.2736390049402725,0.29382943701318226,0.06116653839126229,,,,
E1,0102,2002-01-30,Man City,Millwall,2,0,H,fpl-team-15,,0.5513146734520781,0.25360474978795594,0.1950805767599661,0.5715564771993418,0.24601740772908162,0.1824261150715766,0.06433636392466724,,,,
E1,0102,2002-01-30,Nott'm Forest,Portsmouth,0,1,A,fpl-team-18,,0.528281750266809,0.272145144076841,0.19957310565635006,0.544528049621704,0.26689281084765604,0.18857913953064007,0.05742815788835287,,,,
E1,0102,2002-01-31,Preston,Watford,1,1,D,,,0.4757045374894344,0.27371307234007464,0.2505823901704909,0.48865276896851556,0.2682531152937094,0.24309411573777512,0.0624558653216809,,,,
E1,0102,2002-02-02,Coventry,Gillingham,1,2,A,,,0.5032258064516129,0.2709677419354839,0.22580645161290328,0.5200689662586481,0.26467359854157985,0.21525743519977214,0.06845377874560654,,,,
E1,0102,2002-02-02,Grimsby,Bradford,0,1,A,,,0.3704743932944223,0.2793259314521438,0.350199675253434,0.3741463506299346,0.27400593517515703,0.35184771419490823,0.0683450112119317,,,,
E1,0102,2002-02-02,Millwall,Walsall,2,2,D,,,0.6166982922201139,0.24667931688804556,0.1366223908918406,0.6428667958146943,0.23808065847340124,0.11905254571190448,0.06526872212998569,,,,
E1,0102,2002-02-02,Portsmouth,Barnsley,4,4,D,,,0.40721849531518545,0.27565559682874097,0.31712590785607364,0.41349846551221947,0.27078021710242783,0.31572131738535264,0.05821574106812477,,,,
E1,0102,2002-02-02,Sheffield Weds,Crystal Palace,1,3,A,,fpl-team-8,0.35478676910337215,0.2771771633620095,0.36803606753461837,0.35675580515667527,0.27200211424505677,0.3712420805982679,0.06379611697047949,,,,
E1,0102,2002-02-02,Stockport,Nott'm Forest,1,3,A,,fpl-team-18,0.2591017804942865,0.2710603242094074,0.46983789529630615,0.25178986622957455,0.26488595708455753,0.4833241766858678,0.06798742874525487,,,,
E1,0102,2002-02-02,Wolves,Rotherham,2,1,H,,,0.6199989401727518,0.24455513751258542,0.13544592231466268,0.6484783700101499,0.23502741696587565,0.11649421302397452,0.07060531224124134,,,,
E1,0102,2002-02-03,Burnley,West Brom,0,2,A,,,0.42387629551626665,0.27816881893255,0.2979548855511833,0.43204739807636483,0.27320911620621857,0.2947434857174166,0.06186628737486899,,,,
E1,0102,2002-02-03,Norwich,Sheffield United,2,1,H,,,0.519360786724032,0.2716656422864167,0.20897357098955133,0.5374158205897875,0.2655116598372161,0.19707251957299635,0.06713828281499445,,,,
E1,0102,2002-02-03,Wimbledon,Man City,2,1,H,,fpl-team-15,0.2630777291725054,0.2646252452264613,0.47229702560103337,0.25732986168671906,0.2590000967568496,0.4836700415564314,0.056012701941654086,,,,
E1,0102,2002-02-05,Preston,Sheffield Weds,4,2,H,,,0.549295970808206,0.2601077979415329,0.19059623125026115,0.5699820715590069,0.2528633083663948,0.1771546200745983,0.06649487093091011,,,,
E1,0102,2002-02-06,Coventry,Rotherham,2,0,H,,,0.5569388022539641,0.2637269034202595,0.17933429432577647,0.5758588239239034,0.2576060947795321,0.1665350812965646,0.05859407992102206,,,,
E1,0102,2002-02-06,Watford,Burnley,1,2,A,,,0.419134020250521,0.27340434551726295,0.3074616342322161,0.4269949532614466,0.26794468312796055,0.30506036361059286,0.0628602602519095,,,,
E1,0102,2002-02-07,Crystal Palace,Wolves,0,2,A,fpl-team-8,,0.3776703316485105,0.2803021992703789,0.3420274690811106,0.3813847889961964,0.27587818249016804,0.3427370285136355,0.057494616601616144,,,,
E1,0102,2002-02-09,Barnsley,Burnley,1,1,D,,,0.37728766905149175,0.28844250827485013,0.3342698226736582,0.38108252585827396,0.28458320004170895,0.3343342741000171,0.05922707822173834,,,,
E1,0102,2002-02-09,Crewe,Coventry,1,6,A,,,0.3542435424354244,0.2767527675276753,0.36900369003690037,0.3561864159215775,0.27147064455455616,0.3723429395238663,0.06466425023972988,,,,
E1,0102,2002-02-09,Gillingham,Wimbledon,0,0,D,,,0.42440318302387264,0.27851458885941643,0.29708222811671087,0.43253155804654525,0.2736390049402725,0.29382943701318226,0.06116653839126229,,,,
E1,0102,2002-02-09,Nott'm Forest,Millwall,1,2,A,fpl-team-18,,0.3777581641659311,0.28331862312444833,0.3389232127096205,0.3811062299530699,0.27956359163916905,0.339330178407761,0.05154352751560509,,,,
E1,0102,2002-02-09,Rotherham,Stockport,3,2,H,,,0.5509641873278237,0.26170798898071623,0.18732782369146003,0.5707287264345369,0.2549790700037326,0.17429220356173047,0.06295174336992204,,,,
E1,0102,2002-02-09,Sheffield United,Portsmouth,4,3,H,,,0.4691800384275847,0.2742898686192034,0.2565300929532118,0.4813028362202027,0.2689946643354483,0.24970249944434897,0.061223379569128156,,,,
E1,0102,2002-02-09,Walsall,Sheffield Weds,0,3,A,,,0.4434744652989961,0.27717154081187256,0.2793539938891314,0.4537417587535991,0.2719389232645894,0.2743193179818114,0.06397013575769961,,,,
E1,0102,2002-02-10,Man City,Preston,3,2,H,fpl-team-15,,0.5816373357808348,0.2547571530720056,0.16360551114715954,0.603771981465782,0.24741380640095026,0.1488142121332677,0.06215979089029133,,,,
E1,0102,2002-02-10,Watford,Grimsby,2,0,H,,,0.5639687370154985,0.26058673113274944,0.1754445318517521,0.5857100902928714,0.25342027033790426,0.16086963936922424,0.0656523541547358,,,,
E1,0102,2002-02-10,West Brom,Norwich,1,0,H,,,0.5207953966057252,0.27562094835749146,0.20358365503678344,0.5368018876236216,0.27054254073132283,0.19265557164505565,0.05884581711143255,,,,
E1,0102,2002-02-12,Rotherham,Burnley,1,1,D,,,0.3414044742867926,0.28005835781338456,0.3785371678998229,0.3420666212832779,0.27557759347881833,0.38235578523790376,0.057982072001323104,,,,
E1,0102,2002-02-16,Birmingham,Barnsley,1,0,H,,,0.5387696964301613,0.26146176444404884,0.1997685391257901,0.5575854376459042,0.25470788250660903,0.1877066798474868,0.06334246951155365,,,,
E1,0102,2002-02-16,Burnley,Nott'm Forest,1,1,D,,fpl-team-18,0.5256531204644412,0.2707910014513788,0.20355587808417994,0.542451798793972,0.26517513215197425,0.19237306905405385,0.060249370289966464,,,,
E1,0102,2002-02-16,Grimsby,Sheffield United,1,0,H,,,0.3408959370297488,0.28591272137978935,0.37319134159046186,0.34158227905313704,0.2815098493056536,0.3769078716412094,0.06418462889268994,,,,
E1,0102,2002-02-16,Portsmouth,Rotherham,0,0,D,,,0.4994910941475827,0.2689567430025445,0.2315521628498728,0.5169706362855131,0.26208339233265543,0.2209459713818314,0.072743175085634,,,,
E1,0102,2002-02-16,Sheffield Weds,Watford,2,1,H,,,0.3789473684210526,0.2842105263157894,0.33684210526315783,0.3822730855138942,0.2806423775210411,0.33708453696506463,0.049809461925178766,,,,
E1,0102,2002-02-16,Wimbledon,Crystal Palace,1,1,D,,fpl-team-8,0.3569314819030276,0.2788527202367403,0.36421579786023217,0.35899097945739444,0.2740891567451367,0.3669198637974688,0.06039580865763128,,,,
E1,0102,2002-02-16,Wolves,Bradford,3,1,H,,,0.5764448798131264,0.25990882375103613,0.16364629643583753,0.5998667477851389,0.2524282180174715,0.14770503419738956,0.06742561049759388,,,,
E1,0102,2002-02-19,Coventry,Walsall,2,1,H,,,0.5898265216112908,0.26021758306380477,0.14995589532490444,0.6142752445743823,0.25273345776878564,0.13299129765683204,0.06703607109375298,,,,
E1,0102,2002-02-19,Millwall,West Brom,1,0,H,,,0.4211947350658117,0.2764090448869389,0.3023962200472494,0.4295693256208112,0.2710097178862592,0.2994209564929296,0.06545522110536695,,,,
E1,0102,2002-02-19,Wimbledon,Watford,0,0,D,,,0.43442084519378155,0.2783008539522663,0.2872783008539523,0.44351028990511415,0.27336204521334007,0.28312766488154584,0.06163160805590451,,,,
E1,0102,2002-02-20,Crewe,Wolves,1,4,A,,,0.23859753379884116,0.2711335611350468,0.490268905066112,0.23047408575580824,0.26571073020862496,0.5038151840355668,0.05924647464416921,,,,
E1,0102,2002-02-22,Norwich,Preston,3,0,H,,,0.4491346559729844,0.28070915998311524,0.27015618404390035,0.4587541643392697,0.2763266165611782,0.26491921909955213,0.05683453078381717,,,,
E1,0102,2002-02-23,Birmingham,Watford,3,2,H,,,0.5199521020097738,0.2599760510048869,0.22007184698533933,0.5379049891268458,0.2528136225673754,0.20928138830577875,0.06643139268271625,,,,
E1,0102,2002-02-23,Coventry,Barnsley,4,0,H,,,0.5483870967741935,0.25967741935483873,0.19193548387096776,0.5692755128191992,0.2522936282875873,0.1784308588932135,0.06744874850846827,,,,
E1,0102,2002-02-23,Crewe,Burnley,1,2,A,,,0.3383685800604229,0.27492447129909364,0.3867069486404834,0.33883250221745126,0.26916348195011214,0.3920040158324366,0.06844903214368969,,,,
E1,0102,2002-02-23,Crystal Palace,Sheffield United,0,1,A,fpl-team-8,,0.5177011429755906,0.27509842274425994,0.20720043428014945,0.5337250657241088,0.26989354669460913,0.19638138758128207,0.059898913372308016,,,,
E1,0102,2002-02-23,Gillingham,Bradford,0,4,A,,,0.4671778174561496,0.27738682911458884,0.25543535342926166,0.4795809200741537,0.2721679538411792,0.24825112608466715,0.0636469591408968,,,,
E1,0102,2002-02-23,Millwall,Wimbledon,0,1,A,,,0.49762573892819073,0.2756081015602287,0.22676615951158052,0.5116603765812631,0.2705926583195022,0.21774696509923483,0.05868152575567365,,,,
E1,0102,2002-02-23,Nott'm Forest,Grimsby,0,0,D,fpl-team-18,,0.5440880514345758,0.2695328500952822,0.18637909847014195,0.5658875264625395,0.26261995043951014,0.17149252309795032,0.07210893323644996,,,,
E1,0102,2002-02-23,Sheffield Weds,Rotherham,1,2,A,,,0.46685535403892403,0.2785083971438457,0.2546362488172303,0.47879473100490616,0.27357136462294995,0.24763390437214394,0.06135247857309878,,,,
E1,0102,2002-02-23,Stockport,Wolves,1,4,A,,,0.13703120108800018,0.2474174464088892,0.6155513525031107,0.11993626998448857,0.23912957869433013,0.6409341513211813,0.06344780046492815,,,,
E1,0102,2002-02-23,Walsall,Man City,0,0,D,,fpl-team-15,0.2134802665299846,0.2637109174782163,0.5228088159917991,0.20343455274503583,0.2577105432258193,0.5388549040291447,0.05827262985985726,,,,
E1,0102,2002-02-23,West Brom,Portsmouth,5,0,H,,,0.5834107212950805,0.2630495987486348,0.1535396799562847,0.6050691890708402,0.25656587940979864,0.13836493151936125,0.060509011847898364,,,,
E1,0102,2002-02-26,Barnsley,Crystal Palace,1,4,A,,fpl-team-8,0.38901395767672226,0.2796037820801441,0.3313822602431337,0.393796160075961,0.27501323537484645,0.33119060454919247,0.058901825454086065,,,,
E1,0102,2002-02-26,Bradford,Nott'm Forest,2,1,H,,fpl-team-18,0.4656407535155213,0.272220748209074,0.2621384982754046,0.4782536454864414,0.2663783288579594,0.25536802565559913,0.0655140527524054,,,,
E1,0102,2002-02-26,Burnley,Birmingham,0,1,A,,,0.4206241519674355,0.28493894165535955,0.2944369063772049,0.42904122239388004,0.2802823800705886,0.2906763975355314,0.06621702900156379,,,,
E1,0102,2002-02-26,Grimsby,Stockport,3,1,H,,,0.5554058605591108,0.26136746379252274,0.18322667564836648,0.5758060306018312,0.2545063657929413,0.16968760360522744,0.0637701463419944,,,,
E1,0102,2002-02-26,Portsmouth,Coventry,1,0,H,,,0.2906191161811939,0.27699634511020044,0.4323845387086056,0.286602396404951,0.27173421683707377,0.4416633867579752,0.06428606319241226,,,,
E1,0102,2002-02-26,Preston,West Brom,1,0,H,,,0.37429447888202705,0.2861541661130336,0.3395513550049394,0.3780872904136427,0.28180463811663753,0.34010807146971983,0.06370814517140388,,,,
E1,0102,2002-02-26,Rotherham,Gillingham,3,2,H,,,0.4109708315193731,0.282542446669569,0.3064867218110579,0.417007596552273,0.27860712580974667,0.30438527763798034,0.05310134426690638,,,,
E1,0102,2002-02-26,Watford,Norwich,2,1,H,,,0.4211947350658117,0.2764090448869389,0.3023962200472494,0.4295693256208112,0.2710097178862592,0.2994209564929296,0.06545522110536695,,,,
E1,0102,2002-02-26,Wolves,Walsall,3,0,H,,,0.6524575902566333,0.23662461939973903,0.11091779034362767,0.6820946890933095,0.2266762591661414,0.09122905174054916,0.06684634485282004,,,,
E1,0102,2002-02-27,Man City,Sheffield Weds,4,0,H,fpl-team-15,,0.6590598309758121,0.22078504337689706,0.12015512564729093,0.6906313285861868,0.209030981492878,0.10033768992093528,0.06956886546686292,,,,
E1,0102,2002-03-02,Barnsley,Millwall,1,1,D,,,0.3542435424354244,0.2767527675276753,0.36900369003690037,0.3561864159215775,0.27147064455455616,0.3723429395238663,0.06466425023972988,,,,
E1,0102,2002-03-02,Bradford,Sheffield Weds,0,2,A,,,0.4663146779303062,0.2768743400211193,0.25681098204857444,0.4788358440527035,0.2715260431956522,0.24963811275164433,0.06469596410170197,,,,
E1,0102,2002-03-02,Burnley,Norwich,1,1,D,,,0.46853572275553446,0.2795108421063486,0.251953435138117,0.4802355901232128,0.2748153184024382,0.24494909147434887,0.059328459203243256,,,,
E1,0102,2002-03-02,Grimsby,Crystal Palace,5,2,H,,fpl-team-8,0.32592758408416816,0.280094017572332,0.39397839834349996,0.3252781436489135,0.2756161365642371,0.3991057197868494,0.05792645504698157,,,,
E1,0102,2002-03-02,Portsmouth,Walsall,1,1,D,,,0.4893224765709018,0.2710093716392687,0.23966815178982948,0.5047649993903492,0.26477096363803276,0.23046403697161788,0.06823866022750735,,,,
E1,0102,2002-03-02,Preston,Birmingham,1,0,H,,,0.4109708315193731,0.282542446669569,0.3064867218110579,0.417007596552273,0.27860712580974667,0.30438527763798034,0.05310134426690638,,,,
E1,0102,2002-03-02,Rotherham,Nott'm Forest,1,2,A,,fpl-team-18,0.415142492556359,0.28541046363249684,0.29944704381114423,0.42085152943665466,0.28207314549131757,0.2970753250720277,0.04753153398633003,,,,
E1,0102,2002-03-02,Sheffield United,Stockport,3,0,H,,,0.6382885726773833,0.2291292312175222,0.13258219610509445,0.664950353820504,0.21947616712666168,0.11557347905283419,0.06176826008595526,,,,
E1,0102,2002-03-02,Watford,Crewe,0,1,A,,,0.5521769177608845,0.25984796129923976,0.1879751209398756,0.5733156913176695,0.2525014387896631,0.1741828698926674,0.06712193950079381,,,,
E1,0102,2002-03-02,Wimbledon,West Brom,0,1,A,,,0.37410071942446044,0.2805755395683453,0.3453237410071942,0.37748267677222686,0.2762152006604015,0.34630212256737175,0.056947770761325955,,,,
E1,0102,2002-03-02,Wolves,Gillingham,2,0,H,,,0.6281078251766553,0.2344935880659513,0.13739858675739333,0.657707611422746,0.22389424104686326,0.11839814753039071,0.07137771579436958,,,,
E1,0102,2002-03-03,Man City,Coventry,4,2,H,fpl-team-15,,0.5483870967741935,0.25967741935483873,0.19193548387096776,0.5692755128191992,0.2522936282875873,0.1784308588932135,0.06744874850846827,,,,
E1,0102,2002-03-05,Birmingham,Man City,1,2,A,,fpl-team-15,0.32592758408416816,0.280094017572332,0.39397839834349996,0.3252781436489135,0.2756161365642371,0.3991057197868494,0.05792645504698157,,,,
E1,0102,2002-03-05,Crewe,Barnsley,2,0,H,,,0.42408492756828486,0.27402410704412256,0.30189096538759264,0.432238020689655,0.26872178068574737,0.2990401986245977,0.0615932559594512,,,,
E1,0102,2002-03-05,Crystal Palace,Portsmouth,0,0,D,fpl-team-8,,0.5343813794583797,0.26200404692856444,0.20361457361305577,0.5524590177825643,0.2554397588332686,0.19210122338416707,0.06209856201894581,,,,
E1,0102,2002-03-05,Gillingham,Grimsby,2,1,H,,,0.4968615143193409,0.2630443311102393,0.24009415457041974,0.511038963605474,0.2569099438661581,0.2320510925283679,0.05952242249622941,,,,
E1,0102,2002-03-05,Millwall,Preston,2,1,H,,,0.46923226792178097,0.280073009915813,0.250694722162406,0.48077358920465973,0.27551068808774254,0.24371572270759764,0.05819845502264798,,,,
E1,0102,2002-03-05,Norwich,Rotherham,0,0,D,,,0.5657900238324205,0.2579336873353682,0.17627628883221141,0.5896366628646479,0.24984100360135608,0.16052233353399617,0.07172280410304666,,,,
E1,0102,2002-03-05,Stockport,Bradford,1,0,H,,,0.2207792207792208,0.25974025974025977,0.5194805194805195,0.20997276407864293,0.2525022539971867,0.5375249819241703,0.0669517854694277,,,,
E1,0102,2002-03-05,Walsall,Burnley,1,0,H,,,0.32592758408416816,0.280094017572332,0.39397839834349996,0.3252781436489135,0.2756161365642371,0.3991057197868494,0.05792645504698157,,,,
E1,0102,2002-03-05,West Brom,Watford,1,1,D,,,0.5574051407588739,0.2702570379436965,0.17233782129742964,0.5773220177771053,0.26434885999723273,0.1583291222256619,0.06178764090873301,,,,
E1,0102,2002-03-06,Coventry,Sheffield United,1,0,H,,,0.5279902110737229,0.26399510553686145,0.20801468338941576,0.5443067307548171,0.25806442086611436,0.19762884837906855,0.0577037496259436,,,,
E1,0102,2002-03-06,Nott'm Forest,Wolves,2,2,D,fpl-team-18,,0.2611829552681789,0.2775068899724401,0.46131015475938103,0.254547167314654,0.27232978070572095,0.4731230519796251,0.06336796656250954,,,,
E1,0102,2002-03-06,Sheffield Weds,Wimbledon,1,2,A,,,0.38220424671385245,0.28513650151668357,0.33265925176946415,0.3862514139043673,0.28116286641025884,0.3325857196853738,0.056736179860308766,,,,
E1,0102,2002-03-08,Bradford,Man City,0,2,A,,fpl-team-15,0.18258426966292132,0.2556179775280899,0.5617977528089888,0.16976560740810628,0.24868289706985533,0.5815514955220383,0.059893714962527156,,,,
E1,0102,2002-03-09,Barnsley,Sheffield United,1,1,D,,,0.37845903418339666,0.2893380358111775,0.332202930005426,0.3822450198067947,0.28566206907154756,0.33209291112165773,0.05749326478689909,,,,
E1,0102,2002-03-09,Birmingham,Wolves,2,2,D,,,0.33129770992366414,0.28396946564885495,0.3847328244274809,0.3311021052670963,0.2797404577741971,0.3891574369587065,0.0590330280829221,,,,
E1,0102,2002-03-09,Coventry,Norwich,2,1,H,,,0.5015186100473504,0.2777641532569941,0.22071723669565546,0.5148361037653998,0.2732770611230489,0.2118868351115513,0.05430876091122627,,,,
E1,0102,2002-03-09,Crystal Palace,Watford,0,2,A,fpl-team-8,,0.491319613771579,0.276650736369843,0.232029649858578,0.5043365335887999,0.27191276058441743,0.22375070582678255,0.05650554713793099,,,,
E1,0102,2002-03-09,Grimsby,Walsall,2,2,D,,,0.4721685153149486,0.28035005596825074,0.24748142871680065,0.4838498045045486,0.2758480491590428,0.2403021463364086,0.057656600372865796,,,,
E1,0102,2002-03-09,Nott'm Forest,Wimbledon,0,0,D,fpl-team-18,,0.40826245443499387,0.2806804374240583,0.3110571081409477,0.4144807474994347,0.2763302156433274,0.3091890368572379,0.05677924118936062,,,,
E1,0102,2002-03-09,Portsmouth,Millwall,3,0,H,,,0.32788484996340567,0.28177604293730174,0.3903391070992925,0.3274308708896906,0.2776821727387604,0.3948869563715491,0.054581259726546705,,,,
E1,0102,2002-03-09,Preston,Rotherham,2,1,H,,,0.5629810176047476,0.2601303466638407,0.1768886357314117,0.584956247404317,0.25281670122927485,0.16222705136640816,0.06666285486426204,,,,
E1,0102,2002-03-09,Sheffield Weds,Gillingham,0,0,D,,,0.43845462713387245,0.27403414195867026,0.2875112309074574,0.44921653001454986,0.2679828881593086,0.2828005818261416,0.07045408431440592,,,,
E1,0102,2002-03-09,Stockport,Burnley,0,2,A,,,0.19832523429364804,0.25498958694897605,0.546685178757376,0.18653750476700492,0.24790423078676663,0.5655582644462285,0.06113059399649501,,,,
E1,0102,2002-03-12,Bradford,Birmingham,1,3,A,,,0.3360993020665196,0.27833223452383654,0.38556846340964374,0.33632048976334844,0.27343838608654036,0.39024112415011125,0.061460122000426054,,,,
E1,0102,2002-03-12,Crewe,Man City,1,3,A,,fpl-team-15,0.16618306515431283,0.25877077288314426,0.5750461619625428,0.1536169121334522,0.2528203021226262,0.5935627857439216,0.05302427150309086,,,,
E1,0102,2002-03-12,Portsmouth,Wimbledon,1,2,A,,,0.37550303399103296,0.28707812598669297,0.3374188400222742,0.379300979026201,0.28293031214340414,0.33776870883039484,0.06188997975550592,,,,
E1,0102,2002-03-15,Norwich,Birmingham,0,1,A,,,0.42648022722307183,0.2798776491151409,0.2936421236617872,0.4344314891775084,0.27532648633463674,0.2902420244878548,0.058425147319212556,,,,
E1,0102,2002-03-16,Crewe,Portsmouth,1,1,D,,,0.4189912330638734,0.27496299669816693,0.3060457702379597,0.42751533381166645,0.26918792053076407,0.3032967456575694,0.06843942683190107,,,,
E1,0102,2002-03-16,Gillingham,Nott'm Forest,3,1,H,,fpl-team-18,0.42563708260105443,0.2883347978910369,0.2860281195079086,0.43366257385462353,0.284420267547698,0.2819171585976785,0.05953231290914118,,,,
E1,0102,2002-03-16,Man City,Crystal Palace,1,0,H,fpl-team-15,fpl-team-8,0.655119784854865,0.21831866830288374,0.12656154684225143,0.6892729894913647,0.20522300684106767,0.10550400366756757,0.07641131826676428,,,,
E1,0102,2002-03-16,Millwall,Sheffield Weds,1,2,A,,,0.5753424657534246,0.2547945205479452,0.16986301369863013,0.5968912620640574,0.24750304975675969,0.1556056881791829,0.06196492165327072,,,,
E1,0102,2002-03-16,Rotherham,Bradford,1,1,D,,,0.4225352112676056,0.28169014084507044,0.29577464788732394,0.43081203729045375,0.27691215451766643,0.29227580819187976,0.06365172448568046,,,,
E1,0102,2002-03-16,Sheffield United,West Brom,0,3,A,,,0.3448354143019296,0.289216799091941,0.36594778660612937,0.3457915313193843,0.2855190790946658,0.36868938958595,0.05771919770631939,,,,
E1,0102,2002-03-16,Walsall,Barnsley,2,1,H,,,0.44731928514270475,0.27527340624166446,0.27740730861563084,0.45715686498142555,0.2702649195082379,0.2725782155103365,0.05910291522741318,,,,
E1,0102,2002-03-16,Watford,Coventry,3,0,H,,,0.3715846994535518,0.27868852459016386,0.3497267759562841,0.37495887087871543,0.2738846776102663,0.35115645151101826,0.060729291988536716,,,,
E1,0102,2002-03-16,Wimbledon,Stockport,3,1,H,,,0.6612631409999197,0.2231763100874729,0.11556054891260735,0.6901797773580157,0.21269772512886634,0.097122497513118,0.06302352156490088,,,,
E1,0102,2002-03-16,Wolves,Grimsby,0,1,A,,,0.6665229892609901,0.22161889392927922,0.11185811680973082,0.6977771742280522,0.21020191287366125,0.09202091289828661,0.06758268526755273,,,,
E1,0102,2002-03-17,Burnley,Preston,2,1,H,,,0.42563708260105443,0.2883347978910369,0.2860281195079086,0.43366257385462353,0.284420267547698,0.2819171585976785,0.05953231290914118,,,,
E1,0102,2002-03-19,Norwich,Gillingham,2,1,H,,,0.5191240508224285,0.2747364207429468,0.2061395284346247,0.5354683918804017,0.2694311136610916,0.19510049445850666,0.06066490709781647,,,,
E1,0102,2002-03-19,Sheffield United,Millwall,3,2,H,,,0.3724605489526865,0.27585359406808346,0.35168585697922994,0.3762272220923493,0.2703405438916736,0.35343223401597706,0.06651358096860349,,,,
E1,0102,2002-03-19,Stockport,Man City,2,1,H,,fpl-team-15,0.11100921255575472,0.22201842511150943,0.6669723623327357,0.09140371114817485,0.21081588279614838,0.6977804060556768,0.06648494652472436,,,,
E1,0102,2002-03-20,Burnley,Bradford,1,1,D,,,0.5693416687930595,0.25539040571574384,0.17526792549119677,0.5899143115223807,0.24834013788488474,0.16174555059273463,0.0605133434291929,,,,
E1,0102,2002-03-20,Preston,Crewe,2,2,D,,,0.5767314494352108,0.2629216901836991,0.16034686038109,0.5979127978351472,0.2564410681368978,0.1456461340279549,0.06066679931245744,,,,
E1,0102,2002-03-22,Nott'm Forest,West Brom,0,1,A,fpl-team-18,,0.3138653588943379,0.2795363352652697,0.4065983058403923,0.31216366419100844,0.2749206417996561,0.4129156940093356,0.05906384997069836,,,,
E1,0102,2002-03-23,Barnsley,Watford,2,0,H,,,0.344589774078478,0.28442330558858503,0.37098692033293695,0.34552805272258136,0.28029799087938323,0.37417395639803536,0.05812764330767095,,,,
E1,0102,2002-03-23,Bradford,Crewe,2,0,H,,,0.48494855034217066,0.2769093815364674,0.23814206812136193,0.49826431379710573,0.27189025645769244,0.2298454297452019,0.060308668529614806,,,,
E1,0102,2002-03-23,Crystal Palace,Walsall,2,0,H,fpl-team-8,,0.5136186770428015,0.27237354085603116,0.2140077821011673,0.5285227490429534,0.26722668987955667,0.20425056107749,0.0568252825178206,,,,
E1,0102,2002-03-23,Grimsby,Wimbledon,6,2,H,,,0.35374941779226826,0.2852817885421518,0.3609687936655798,0.3556755972384686,0.2807390988414594,0.363585303920072,0.06543005676940084,,,,
E1,0102,2002-03-23,Portsmouth,Sheffield Weds,0,0,D,,,0.4433833560709413,0.2728512960436562,0.2837653478854024,0.4536599149648876,0.26721722950498156,0.27912285553013083,0.06408792897127569,,,,
E1,0102,2002-03-23,Rotherham,Man City,1,1,D,,fpl-team-15,0.1778040912719093,0.2614766048116313,0.5607193039164594,0.16384871757576866,0.2546227760557538,0.5815285063684775,0.06360780098475516,,,,
E1,0102,2002-03-23,Sheffield United,Burnley,3,0,H,,,0.3556709761192345,0.2851013380003387,0.3592276858804268,0.3575114990222228,0.28112408937400274,0.3613644116037745,0.05679359787609428,,,,
E1,0102,2002-03-23,Stockport,Preston,0,2,A,,,0.18978576255715776,0.2581644564196631,0.552049781023179,0.1754241261143218,0.25024258918092424,0.574333284704754,0.07093743397854269,,,,
E1,0102,2002-03-23,Wolves,Norwich,0,0,D,,,0.5792478173270651,0.2585627938213566,0.16218938885157824,0.6010754185323811,0.25157572240930204,0.14734885905831688,0.061902805930003524,,,,
E1,0102,2002-03-24,Coventry,Birmingham,1,1,D,,,0.40699487636444637,0.2842503898418356,0.308754733793718,0.4132908147473786,0.2800716176240325,0.306637567628589,0.05851321644149721,,,,
E1,0102,2002-03-24,Gillingham,Millwall,1,0,H,,,0.368677211889449,0.2808969233443421,0.35042586476620896,0.37201373896030615,0.2759625950140078,0.3520236660256861,0.06515415827743709,,,,
E1,0102,2002-03-26,West Brom,Crewe,4,1,H,,,0.6350124870561004,0.23707132850094412,0.12791618444295547,0.6626130149202242,0.22759138551745886,0.10979559956231696,0.06496929144486785,,,,
E1,0102,2002-03-29,Sheffield Weds,Coventry,2,1,H,,,0.34087303386065904,0.2790897964734146,0.3800371696659263,0.3415085350781272,0.27438038419748695,0.38411108072438593,0.05992575851269066,,,,
E1,0102,2002-03-29,Watford,Bradford,0,0,D,,,0.5188679245283019,0.2672955974842767,0.21383647798742136,0.5370231023210322,0.2606881093517743,0.20228878832719344,0.06766143208369613,,,,
E1,0102,2002-03-30,Birmingham,Grimsby,4,0,H,,,0.5894736842105263,0.25263157894736843,0.15789473684210528,0.6140376589293651,0.2444541972415855,0.14150814382904936,0.0672595698852092,,,,
E1,0102,2002-03-30,Burnley,Wolves,2,3,A,,,0.3497267759562842,0.2786885245901639,0.37158469945355194,0.3511564515110182,0.2738846776102663,0.37495887087871543,0.060729291988536716,,,,
E1,0102,2002-03-30,Crewe,Sheffield United,2,2,D,,,0.3801174482608623,0.28152448511820116,0.3383580666209366,0.3838781413462826,0.2773777390532162,0.33874411960050116,0.055068990448489785,,,,
E1,0102,2002-03-30,Man City,Nott'm Forest,3,0,H,fpl-team-15,fpl-team-18,0.6743467266085978,0.21354313009272266,0.11211014329867941,0.7031534717273962,0.20269617773550744,0.09415035053709642,0.06037890934385359,,,,
E1,0102,2002-03-30,Millwall,Stockport,3,0,H,,,0.6889952153110047,0.1990430622009569,0.11196172248803828,0.7194500371007524,0.18683491554323303,0.09371504735601452,0.061374655459076166,,,,
E1,0102,2002-03-30,Norwich,Crystal Palace,2,1,H,,fpl-team-8,0.4820450395617772,0.27023737066342063,0.24771758977480224,0.49527536066932865,0.26458692293373437,0.24013771639693696,0.06107426667585969,,,,
E1,0102,2002-03-30,Preston,Portsmouth,2,0,H,,,0.5533396858055974,0.2620226159255918,0.18463769826881077,0.5731056738507868,0.2553832484331853,0.1715110777160279,0.06228810967877507,,,,
E1,0102,2002-03-30,Walsall,Gillingham,1,1,D,,,0.4115029842647857,0.2829083016820402,0.30558871405317417,0.4175011663499468,0.27905202236633925,0.303446811283714,0.05238447547890246,,,,
E1,0102,2002-03-30,West Brom,Barnsley,3,1,H,,,0.626740947075209,0.23398328690807801,0.1392757660167131,0.6567277521415072,0.22315675522129286,0.12011549263719994,0.07266246154904366,,,,
E1,0102,2002-03-30,Wimbledon,Rotherham,1,0,H,,,0.5276934071824191,0.2718420582454886,0.20046453457209218,0.5440646222929512,0.2665093524536756,0.18942602525337326,0.05805720994248986,,,,
E1,0102,2002-04-01,Barnsley,Preston,2,1,H,,,0.34476468442174385,0.2758117475373951,0.379423568040861,0.34570656824984203,0.2709865089912065,0.38330692275895145,0.05786535958759487,,,,
E1,0102,2002-04-01,Bradford,Norwich,0,1,A,,,0.3715846994535518,0.27868852459016386,0.3497267759562841,0.37495887087871543,0.2738846776102663,0.35115645151101826,0.060729291988536716,,,,
E1,0102,2002-04-01,Coventry,West Brom,0,1,A,,,0.3760023302035501,0.2828969912960044,0.3411006785004455,0.3797982295347167,0.2784296078207115,0.34177216264457166,0.06115042767487466,,,,
E1,0102,2002-04-01,Crystal Palace,Birmingham,0,0,D,fpl-team-8,,0.3429199815972261,0.2807657349327289,0.376314283470045,0.34369310088435506,0.2764484761214411,0.3798584229942038,0.05657067010179162,,,,
E1,0102,2002-04-01,Gillingham,Crewe,1,0,H,,,0.5364631498212379,0.2630247266917658,0.20051212348699632,0.5540910117565688,0.2567708876159124,0.18913810062751873,0.05988759710453451,,,,
E1,0102,2002-04-01,Grimsby,Sheffield Weds,0,0,D,,,0.4177921844048262,0.2767873221681974,0.30542049342697647,0.42574786663266045,0.27148809966952725,0.3027640336978123,0.06466832058504224,,,,
E1,0102,2002-04-01,Nott'm Forest,Walsall,2,3,A,fpl-team-18,,0.47371613424989883,0.2727456530529721,0.253538212697129,0.48516299079986236,0.2677808002354905,0.2470562089646471,0.055813760845921934,,,,
E1,0102,2002-04-01,Portsmouth,Burnley,1,1,D,,,0.34451315848869224,0.2799169412720625,0.3755699002392453,0.3454433543816357,0.2754038909940943,0.37915275462427006,0.05826287716627121,,,,
E1,0102,2002-04-01,Rotherham,Millwall,0,0,D,,,0.3745266781411359,0.2773838209982788,0.3480895008605852,0.3783149643255812,0.27225943015219306,0.3494256055222258,0.0633774718735367,,,,
E1,0102,2002-04-01,Sheffield United,Wimbledon,0,1,A,,,0.41392023237627085,0.27382415372584074,0.31225561389788853,0.4212016568942547,0.26847868957795606,0.31031965352778923,0.061980194645002484,,,,
E1,0102,2002-04-01,Stockport,Watford,2,1,H,,,0.21573604060913704,0.266497461928934,0.5177664974619288,0.2068486232992039,0.2613184940862666,0.5318328826145294,0.05229338211938739,,,,
E1,0102,2002-04-01,Wolves,Man City,0,2,A,,fpl-team-15,0.3621033947193255,0.28289327712447304,0.3550033281562015,0.36429854745430895,0.2790492333147731,0.35665221923091783,0.05236919550225139,,,,
E1,0102,2002-04-04,Wimbledon,Crewe,2,0,H,,,0.5572836729836426,0.25714660910530934,0.185569717911048,0.5755746607254826,0.25074300425979684,0.17368233501472058,0.0564132216386497,,,,
E1,0102,2002-04-05,Millwall,Wolves,1,0,H,,,0.35239914597145755,0.2808180694460052,0.3667827845825373,0.35395537321876275,0.27651417747155493,0.3695304493096822,0.056462512351572514,,,,
E1,0102,2002-04-06,Burnley,Gillingham,2,0,H,,,0.5543478260869565,0.2608695652173913,0.1847826086956522,0.574992276569178,0.25385106262900653,0.17115666080181552,0.06486423779278994,,,,
E1,0102,2002-04-06,Man City,Barnsley,5,1,H,fpl-team-15,,0.6965155697163922,0.19117129466683958,0.11231313561676826,0.7267152379243706,0.1787161451844592,0.0945686168911702,0.05951410485431552,,,,
E1,0102,2002-04-06,Norwich,Grimsby,1,1,D,,,0.5722070844686649,0.2566757493188011,0.17111716621253406,0.5920631442571024,0.2500495264409144,0.1578873293019832,0.05765192105900496,,,,
E1,0102,2002-04-06,Preston,Coventry,4,0,H,,,0.44438415626695604,0.2734671730873576,0.2821486706456864,0.4545534457770947,0.26799568070619884,0.2774508735167064,0.06281189632136375,,,,
E1,0102,2002-04-06,Sheffield Weds,Nott'm Forest,0,2,A,,fpl-team-18,0.4825724861196792,0.2803516347933374,0.23707587908698335,0.4970205257554375,0.2751372055594885,0.22784226868507398,0.06668800441548228,,,,
E1,0102,2002-04-06,Walsall,Stockport,1,0,H,,,0.6310525480234958,0.23559295126210508,0.1333545007143991,0.6598086525597009,0.2254767597296687,0.11471458771063038,0.0686281742528081,,,,
E1,0102,2002-04-06,Watford,Sheffield United,0,3,A,,,0.44531376463605465,0.282738898181622,0.27194733718232345,0.4553805129559778,0.27817773020822356,0.2664417568357985,0.061632700730115175,,,,
E1,0102,2002-04-06,Wimbledon,Bradford,1,2,A,,,0.5722070844686649,0.2566757493188011,0.17111716621253406,0.5920631442571024,0.2500495264409144,0.1578873293019832,0.05765192105900496,,,,
E1,0102,2002-04-07,Birmingham,Portsmouth,1,1,D,,,0.63839154681538,0.23833284414440853,0.12327560904021131,0.6649872791474457,0.22938364207835468,0.10562907877419957,0.06188136385753751,,,,
E1,0102,2002-04-07,Crewe,Crystal Palace,0,0,D,,fpl-team-8,0.39996685815289434,0.27690013256738844,0.32313300927971716,0.4053888014329295,0.2723324174548251,0.32227878111224545,0.05568570410832763,,,,
E1,0102,2002-04-07,West Brom,Rotherham,1,1,D,,,0.6420446432820904,0.23316358098139067,0.12479177573651896,0.6711321415382707,0.22297201688453477,0.10589584157719446,0.06719738780520856,,,,
E1,0102,2002-04-10,Birmingham,Crewe,3,1,H,,,0.6451612903225806,0.22580645161290322,0.12903225806451613,0.6697464464837694,0.2168659990535846,0.11338755446264595,0.055469978135079145,,,,
E1,0102,2002-04-12,Coventry,Millwall,0,1,A,,,0.37867754150888433,0.2761433148849403,0.34517914360617535,0.3824546813407927,0.2713996397455042,0.34614567891370307,0.05719278904143721,,,,
E1,0102,2002-04-13,Barnsley,Norwich,0,2,A,,,0.37410071942446044,0.2805755395683453,0.3453237410071942,0.37748267677222686,0.2762152006604015,0.34630212256737175,0.056947770761325955,,,,
E1,0102,2002-04-13,Bradford,West Brom,0,1,A,,,0.20108949416342414,0.2572762645914397,0.5416342412451361,0.18745320264189938,0.24910217964865186,0.5634446177094488,0.07280178042128682,,,,
E1,0102,2002-04-13,Crystal Palace,Preston,2,0,H,fpl-team-8,,0.32905712477708104,0.270839325778059,0.4001035494448599,0.328589261097477,0.26469915083976303,0.4067115880627599,0.06817704043351114,,,,
E1,0102,2002-04-13,Gillingham,Man City,1,3,A,,fpl-team-15,0.24553480913497872,0.26785615541997676,0.48660903544504447,0.2371406957082541,0.2615178508377692,0.5013414534539767,0.06615850864909589,,,,
E1,0102,2002-04-13,Grimsby,Burnley,3,1,H,,,0.3535604789726384,0.27621912419737377,0.3702203968299878,0.35546857386708064,0.27080071894202246,0.373730707190897,0.06575985648669302,,,,
E1,0102,2002-04-13,Nott'm Forest,Crewe,2,2,D,fpl-team-18,,0.4157992768708228,0.25912128848471566,0.3250794346444615,0.42294496432333617,0.25273976590118974,0.3243152697754741,0.059462507953867316,,,,
E1,0102,2002-04-13,Portsmouth,Watford,0,1,A,,,0.4424934152765584,0.276558384547849,0.28094820017559263,0.45286336375794417,0.2711705984407014,0.2759660378013544,0.06522561493329704,,,,
E1,0102,2002-04-13,Rotherham,Birmingham,2,2,D,,,0.294049008168028,0.28238039673278875,0.42357059509918316,0.2904696408045337,0.2777634247362832,0.43176693445918324,0.062270045978948474,,,,
E1,0102,2002-04-13,Sheffield United,Walsall,0,1,A,,,0.44393829588984374,0.27166373330572524,0.28439797080443113,0.45197552761407644,0.26719207572751136,0.28083239665841214,0.04955067974515259,,,,
E1,0102,2002-04-13,Stockport,Sheffield Weds,3,1,H,,,0.22278615256419965,0.2621013559578819,0.5151124914779183,0.21296602922353075,0.2556318971003624,0.5314020736761067,0.061702261213213205,,,,
E1,0102,2002-04-14,Wolves,Wimbledon,1,0,H,,,0.5867622517010481,0.24771745129637446,0.16552029700257748,0.6051515107362382,0.24130009190201185,0.15354839736174994,0.05014560732524842,,,,
E1,0102,2002-04-21,Birmingham,Sheffield United,2,0,H,,,0.6691129031506066,0.2151953174659337,0.11569177938345972,0.6975625034008449,0.20450288985349055,0.09793460674566454,0.06040952866896987,,,,
E1,0102,2002-04-21,Burnley,Coventry,1,0,H,,,0.5957446808510638,0.2553191489361702,0.14893617021276595,0.61865747710267,0.24807683202229722,0.13326569087503268,0.06114793987944722,,,,
E1,0102,2002-04-21,Crewe,Rotherham,2,0,H,,,0.45397401871769805,0.27301299064115103,0.27301299064115103,0.4651873203080097,0.26740633984599516,0.26740633984599516,0.06379701104015112,,,,
E1,0102,2002-04-21,Man City,Portsmouth,3,1,H,fpl-team-15,,0.7052036460136148,0.1846082842967578,0.11018806968962731,0.741887485983256,0.16901176009700272,0.08910075391974134,0.07188805169425905,,,,
E1,0102,2002-04-21,Millwall,Grimsby,3,1,H,,,0.687526102195149,0.20135249153756005,0.11112140626729096,0.7200005893173633,0.18840650856958172,0.09159290211305503,0.06611388525925577,,,,
E1,0102,2002-04-21,Norwich,Stockport,2,0,H,,,0.7472826086956521,0.16304347826086957,0.08967391304347826,0.7823719043649224,0.14761157910924458,0.07001651652583295,0.06242998410016298,,,,
E1,0102,2002-04-21,Preston,Nott'm Forest,2,1,H,,fpl-team-18,0.6225179093613924,0.2393788867464341,0.13810320389217354,0.6467348876159353,0.23104998008688193,0.12221513229718271,0.058819825761020184,,,,
E1,0102,2002-04-21,Sheffield Weds,Wolves,2,2,D,,,0.19752553092222355,0.2503844758169031,0.5520899932608733,0.1852285918808561,0.24261223250140782,0.5721591756177361,0.06351045053452253,,,,
E1,0102,2002-04-21,Walsall,Bradford,2,2,D,,,0.444228882593503,0.2713213329071088,0.28444978449938824,0.45508704488161084,0.26526799490810954,0.2796449602102797,0.06729768239893019,,,,
E1,0102,2002-04-21,Watford,Gillingham,2,3,A,,,0.46496712313518873,0.2745829103909975,0.26044996647381385,0.4774176163324701,0.26900337075552,0.2535790129120099,0.0649874797090888,,,,
E1,0102,2002-04-21,West Brom,Crystal Palace,2,0,H,,fpl-team-8,0.6850275994523648,0.2027991311373103,0.11217326941032475,0.7146012422882129,0.19113201553637618,0.09426674217541092,0.06014767521992326,,,,
E1,0102,2002-04-21,Wimbledon,Barnsley,0,1,A,,,0.5468075158296813,0.2565240476435766,0.19666843652674204,0.5671357890590335,0.24901831913431027,0.18384589180665625,0.06601140182465315,,,,
