league,season,date,home_team_raw,away_team_raw,home_goals,away_goals,result,home_team_id,away_team_id,prob_home_proportional,prob_draw_proportional,prob_away_proportional,prob_home_shin,prob_draw_shin,prob_away_shin,shin_z,prob_over25_proportional,prob_under25_proportional,prob_over25_shin,prob_under25_shin
E1,0203,2002-08-10,Burnley,Brighton,1,3,A,,fpl-team-5,0.4990403071017275,0.2763915547024952,0.22456813819577734,0.512818488091196,0.27157139802738334,0.2156101138814206,0.05708477273583412,,,,
E1,0203,2002-08-10,Coventry,Sheffield United,2,1,H,,,0.49690801967181186,0.27521059551054194,0.2278813848176462,0.511070956499697,0.2700946234482979,0.2188344200520051,0.059495121939107776,,,,
E1,0203,2002-08-10,Derby,Reading,3,0,H,,,0.5850254201310872,0.2562411340174161,0.1587334458514967,0.6062817641672505,0.24939595355572208,0.1443222822770274,0.05883307382464409,,,,
E1,0203,2002-08-10,Leicester,Watford,2,0,H,,,0.5052851116272455,0.27596340711949563,0.21875148125325874,0.5197965991986,0.27101916356425837,0.20918423723714172,0.0580075898906216,,,,
E1,0203,2002-08-10,Millwall,Rotherham,0,6,A,,,0.5760545050907142,0.25675572226900406,0.16718977264028173,0.5961676601956236,0.25013686355140935,0.15369547625296698,0.05752742220647633,,,,
E1,0203,2002-08-10,Norwich,Grimsby,4,0,H,,,0.57132550291598,0.2639859897297072,0.16468850735431276,0.5912672601269391,0.2578735540597827,0.15085918581327812,0.05823216633871198,,,,
E1,0203,2002-08-10,Portsmouth,Nott'm Forest,2,0,H,,fpl-team-18,0.49244894887361396,0.27274095629923234,0.23481009482715368,0.5073811608228299,0.2669785015891509,0.22564033758801927,0.06460250657983124,,,,
E1,0203,2002-08-10,Preston,Crystal Palace,1,2,A,,fpl-team-8,0.4608574091332713,0.2786579683131407,0.26048462255358806,0.47140877823473915,0.2741128693303348,0.2544783524349261,0.056628753431141376,,,,
E1,0203,2002-08-10,Sheffield Weds,Stoke,0,0,D,,,0.46520709443394914,0.27833088022024954,0.25646202534580137,0.47624339845611835,0.27370055421424433,0.2500560473296373,0.05730790283996612,,,,
E1,0203,2002-08-10,Walsall,Ipswich,0,2,A,,,0.269268903616344,0.2797056828262798,0.4510254135573762,0.26417180788506506,0.2754200771552225,0.46040811495971246,0.054489953676238656,,,,
E1,0203,2002-08-10,Wimbledon,Gillingham,0,1,A,,,0.4837983798379838,0.2775277527752776,0.2386738673867387,0.49674327407263097,0.27266615714533504,0.23059056878203407,0.05903753428719938,,,,
E1,0203,2002-08-11,Bradford,Wolves,0,0,D,,,0.2610441767068273,0.27710843373493976,0.4618473895582329,0.2552047076197968,0.2725343405882411,0.47226095179196204,0.05542823253199458,,,,
E1,0203,2002-08-13,Brighton,Coventry,0,0,D,fpl-team-5,,0.3893053773786616,0.2788512935642506,0.33184332905708785,0.3938865549388291,0.2744144195589372,0.3316990255022337,0.05606036609970033,,,,
E1,0203,2002-08-13,Crystal Palace,Bradford,1,1,D,fpl-team-8,,0.5359285340347375,0.2622109165784664,0.20186054938679626,0.5540161238975155,0.255705855771818,0.19027802033066651,0.06166115100495517,,,,
E1,0203,2002-08-13,Gillingham,Derby,1,0,H,,,0.3012845465161541,0.2802646944336317,0.418450759050214,0.29877006116488347,0.27613737918194003,0.4250925596531765,0.053290146635845304,,,,
E1,0203,2002-08-13,Grimsby,Wimbledon,0,0,D,,,0.3745963401506997,0.28094725511302476,0.34445640473627553,0.37797681868657235,0.2766716618932563,0.3453515194201714,0.05620906664989889,,,,
E1,0203,2002-08-13,Reading,Sheffield Weds,2,1,H,,,0.42532146389713155,0.2769535113748764,0.2977250247279921,0.4333727835490404,0.2720375272634912,0.2945896891874685,0.059952810406684875,,,,
E1,0203,2002-08-13,Rotherham,Norwich,1,1,D,,,0.3692853972481136,0.282734132268087,0.3479804704837994,0.37204919715222784,0.27885522767249377,0.34909557517527845,0.05268245795741677,,,,
E1,0203,2002-08-13,Sheffield United,Portsmouth,1,1,D,,,0.38877493519666406,0.2794319846726023,0.33179308013073366,0.39356344650239417,0.274800962191193,0.3316355913064128,0.0592463209759444,,,,
E1,0203,2002-08-13,Watford,Millwall,0,0,D,,,0.4014814980586109,0.2748604102093567,0.3236580917320324,0.4074271123908464,0.26978909786853844,0.32278378974061517,0.05982792214490473,,,,
E1,0203,2002-08-14,Nott'm Forest,Preston,2,2,D,fpl-team-18,,0.4049048768168808,0.27408945507604243,0.3210056681070767,0.4113112120169783,0.26881908932869064,0.31986969865433107,0.06141533120535314,,,,
E1,0203,2002-08-14,Stoke,Leicester,0,1,A,,,0.340359181400529,0.2818599470973131,0.37778087150215783,0.34090072879733563,0.27778839543716727,0.38131087576549727,0.054405003786087036,,,,
E1,0203,2002-08-14,Wolves,Walsall,3,1,H,,,0.6059491978609626,0.24565508021390373,0.1483957219251337,0.6260664338527079,0.238889052751111,0.1350445133961811,0.05128825409337878,,,,
E1,0203,2002-08-17,Brighton,Norwich,0,2,A,fpl-team-5,,0.39137202579497443,0.28129864354013784,0.3273293306648877,0.3960805419448259,0.27709760590184107,0.32682185215333304,0.05552639300003648,,,,
E1,0203,2002-08-17,Crystal Palace,Portsmouth,2,3,A,fpl-team-8,,0.4052052950415077,0.2764191159973076,0.3183755889611847,0.4115973094483791,0.27138646310840686,0.317016227443214,0.060994207160547376,,,,
E1,0203,2002-08-17,Gillingham,Millwall,1,0,H,,,0.4109708315193731,0.282542446669569,0.3064867218110579,0.417007596552273,0.27860712580974667,0.30438527763798034,0.05310134426690638,,,,
E1,0203,2002-08-17,Grimsby,Derby,1,2,A,,,0.27164685908319186,0.28013582342954163,0.44821731748726656,0.2664311390970766,0.2756207038857504,0.45794815701717306,0.05797868501394987,,,,
E1,0203,2002-08-17,Nott'm Forest,Sheffield Weds,4,0,H,fpl-team-18,,0.4274075281081961,0.27831187876812774,0.29428059312367605,0.4352749745428262,0.27372385344492417,0.2910011720122497,0.05721106752753258,,,,
E1,0203,2002-08-17,Reading,Coventry,1,2,A,,,0.3728506787330316,0.2796380090497737,0.3475113122171945,0.3762319759580424,0.275060106286803,0.3487079177551546,0.058819937403313816,,,,
E1,0203,2002-08-17,Rotherham,Preston,0,0,D,,,0.377418606536072,0.28129480518391614,0.34128658828001196,0.38098920735845465,0.277097187926566,0.34191360471497934,0.055521612986922264,,,,
E1,0203,2002-08-17,Sheffield United,Walsall,1,1,D,,,0.537421011405268,0.26349436059193587,0.19908462800279597,0.5548388888089717,0.25738107719058767,0.18778003400044066,0.05887597845867276,,,,
E1,0203,2002-08-17,Stoke,Bradford,2,1,H,,,0.4413191076624637,0.2749757516973812,0.2837051406401552,0.4507300129833538,0.2698992747005174,0.27937071231612876,0.059690874768421054,,,,
E1,0203,2002-08-17,Watford,Wimbledon,3,2,H,,,0.4444444444444444,0.2777777777777778,0.2777777777777778,0.45460741773077357,0.2726962911346132,0.2726962911346132,0.06273432495072484,,,,
E1,0203,2002-08-17,Wolves,Burnley,3,0,H,,,0.56383832922445,0.26092956257540245,0.1752321082001477,0.5839617052889271,0.25434408912481815,0.16169420558625477,0.060599556658416986,,,,
E1,0203,2002-08-18,Ipswich,Leicester,6,1,H,,,0.4861872943053755,0.2752568066221203,0.23855589907250424,0.4993999286138842,0.2701777866494519,0.23042228473666385,0.059327831491827965,,,,
E1,0203,2002-08-24,Bradford,Grimsby,0,0,D,,,0.5080312603685345,0.27201001986449624,0.2199587197669692,0.523727309957827,0.26639163749932515,0.20988105254284792,0.06187467370182276,,,,
E1,0203,2002-08-24,Burnley,Sheffield United,0,1,A,,,0.4303716360529688,0.2780862879111491,0.29154207603588206,0.43795399416201936,0.27377959382714356,0.288266412010837,0.05336241191253066,,,,
E1,0203,2002-08-24,Coventry,Crystal Palace,1,0,H,,fpl-team-8,0.5114754098360655,0.2754098360655738,0.21311475409836064,0.5267965629294379,0.2703057545958567,0.20289768247470552,0.05919820663984865,,,,
E1,0203,2002-08-24,Derby,Wolves,1,4,A,,,0.41308089500860584,0.28399311531841653,0.3029259896729776,0.4189591059288949,0.28036645052955733,0.3006744435415477,0.05026985751464963,,,,
E1,0203,2002-08-24,Leicester,Reading,2,1,H,,,0.5513984743915729,0.25811841627315657,0.19048310933527063,0.5710692573256895,0.25113270828807654,0.177798034386234,0.06247462658211589,,,,
E1,0203,2002-08-24,Millwall,Ipswich,1,1,D,,,0.2977250247279921,0.2769535113748764,0.42532146389713155,0.2945896891874685,0.2720375272634912,0.4333727835490404,0.059952810406684875,,,,
E1,0203,2002-08-24,Norwich,Gillingham,1,0,H,,,0.49545119252520287,0.2744037373985739,0.23014507007622326,0.5098707548167047,0.26908071205456885,0.22104853312872647,0.06115373666398227,,,,
E1,0203,2002-08-24,Portsmouth,Watford,3,0,H,,,0.5364848408055808,0.266961262574001,0.1965538966204183,0.5541032631495566,0.261033139210193,0.18486359764025043,0.05988563201390207,,,,
E1,0203,2002-08-24,Preston,Stoke,4,3,H,,,0.508500658517988,0.2798724554633887,0.2116268860186233,0.522391568529703,0.27552228687072694,0.20208614459957,0.05445438320748508,,,,
E1,0203,2002-08-24,Sheffield Weds,Rotherham,1,2,A,,,0.4314683087376579,0.28315107760908803,0.28538061365325407,0.43893864879684863,0.2793326698095763,0.28172868139357493,0.05195063725113869,,,,
E1,0203,2002-08-24,Walsall,Nott'm Forest,2,1,H,,fpl-team-18,0.37491616364855807,0.2790073775989269,0.3460764587525151,0.37829398431494765,0.27461074027590315,0.34709527540914925,0.055737322312779725,,,,
E1,0203,2002-08-24,Wimbledon,Brighton,1,0,H,,fpl-team-5,0.3902002461125406,0.2804564268933885,0.32934332699407093,0.3949479676751674,0.2760640531348984,0.3289879791899342,0.05719848885200918,,,,
E1,0203,2002-08-26,Brighton,Walsall,0,2,A,fpl-team-5,,0.494895780770873,0.26491480029499676,0.24018941893413037,0.5079841070152665,0.25933482811521574,0.23268106486951765,0.055505775613710284,,,,
E1,0203,2002-08-26,Gillingham,Preston,1,1,D,,,0.4453137646360546,0.27194733718232345,0.28273889818162196,0.4553805129559778,0.26644175683579857,0.2781777302082235,0.061632700730115175,,,,
E1,0203,2002-08-26,Grimsby,Portsmouth,0,1,A,,,0.27896995708154504,0.27467811158798283,0.4463519313304721,0.27417907066641234,0.26951929281562065,0.456301636517967,0.060319863026961684,,,,
E1,0203,2002-08-26,Ipswich,Bradford,1,2,A,,,0.6398658072298241,0.2317039843190471,0.12843020845112893,0.665169783724695,0.22278742700365037,0.11204278927165455,0.05823331431020051,,,,
E1,0203,2002-08-26,Rotherham,Derby,2,1,H,,,0.31080933085094736,0.27948746030007665,0.40970320884897604,0.30898408129118843,0.27518844992536257,0.41582746878344895,0.05481855105608702,,,,
E1,0203,2002-08-26,Stoke,Norwich,1,1,D,,,0.3570376079613719,0.28449663364541056,0.35846575839321737,0.35903098404761696,0.2803885097706122,0.3605805061817709,0.057980022858828306,,,,
E1,0203,2002-08-26,Watford,Coventry,5,2,H,,,0.3426416487933753,0.2762382284845816,0.3811201227220431,0.3434467823862906,0.27117151390676286,0.3853817037069465,0.061330836615525186,,,,
E1,0203,2002-08-27,Crystal Palace,Leicester,0,0,D,fpl-team-8,,0.37203151218679786,0.2812206706293905,0.3467478171838116,0.37541037901328217,0.2766870391473021,0.34790258183941564,0.06004918087273836,,,,
E1,0203,2002-08-27,Reading,Burnley,3,0,H,,,0.4463519313304721,0.27467811158798283,0.27896995708154504,0.456301636517967,0.26951929281562065,0.27417907066641234,0.060319863026961684,,,,
E1,0203,2002-08-27,Sheffield United,Millwall,3,1,H,,,0.4262295081967213,0.2754098360655738,0.29836065573770487,0.434202009476857,0.2704587810440662,0.2953392094790768,0.05875772680155933,,,,
E1,0203,2002-08-27,Wolves,Sheffield Weds,2,2,D,,,0.6521433591004919,0.2241742796907941,0.12368236120871398,0.6791268908950396,0.21433920210332197,0.1065339070016385,0.05999050964601338,,,,
E1,0203,2002-08-28,Nott'm Forest,Wimbledon,2,0,H,fpl-team-18,,0.4766893661602933,0.2713462545835516,0.25196437925615506,0.4907329718176325,0.2652366368161904,0.2440303913661771,0.06742747419048101,,,,
E1,0203,2002-08-31,Bradford,Rotherham,4,2,H,,,0.40680426476231796,0.2775098860394107,0.3156858491982714,0.413109110834141,0.27274476761989547,0.3141461215459635,0.05878281523473561,,,,
E1,0203,2002-08-31,Burnley,Crystal Palace,0,0,D,,fpl-team-8,0.3776703316485105,0.2803021992703789,0.3420274690811106,0.3813847889961964,0.27587818249016804,0.3427370285136355,0.057494616601616144,,,,
E1,0203,2002-08-31,Coventry,Nott'm Forest,0,1,A,,fpl-team-18,0.49861901369274764,0.2725276441251964,0.22885334218205602,0.5132154058562842,0.26707650846958303,0.21970808567413283,0.06071463611442596,,,,
E1,0203,2002-08-31,Derby,Stoke,2,0,H,,,0.5684519746350374,0.2604169118581671,0.17113111350679552,0.5879757775724108,0.25410411752310796,0.1579201049044812,0.0575843402184546,,,,
E1,0203,2002-08-31,Leicester,Gillingham,2,0,H,,,0.5241098088760319,0.274149746181309,0.20174044494265914,0.5412206851069796,0.26866927591381157,0.19011003897920886,0.06194121856242418,,,,
E1,0203,2002-08-31,Millwall,Grimsby,2,0,H,,,0.5542695053959767,0.26531577059763295,0.18041472400639041,0.5718999804986308,0.259686345658542,0.16841367384282735,0.05512139410711825,,,,
E1,0203,2002-08-31,Norwich,Watford,4,0,H,,,0.5289752092215381,0.27001421127427766,0.20101057950418444,0.544159291960476,0.26497380492762707,0.19086690311189705,0.05334769166074693,,,,
E1,0203,2002-08-31,Portsmouth,Brighton,4,2,H,,fpl-team-5,0.5957446808510638,0.2553191489361702,0.14893617021276595,0.61865747710267,0.24807683202229722,0.13326569087503268,0.06114793987944722,,,,
E1,0203,2002-08-31,Walsall,Reading,0,2,A,,,0.4383561643835617,0.2808219178082192,0.2808219178082192,0.4470434533430386,0.27647827332848074,0.27647827332848074,0.0565723089966923,,,,
E1,0203,2002-08-31,Wimbledon,Wolves,3,2,H,,,0.25247878973729937,0.27578452417458854,0.4717366860881119,0.24564750176174313,0.27086795699268945,0.48348454124556745,0.058164118439890444,,,,
E1,0203,2002-09-01,Preston,Ipswich,0,0,D,,,0.3267986436225919,0.2782894699598635,0.39491188641754466,0.3261843849313108,0.2733810828483895,0.40043453222029973,0.061558623099699616,,,,
E1,0203,2002-09-01,Sheffield Weds,Sheffield United,2,0,H,,,0.36786258235886443,0.2960992261282008,0.3360381915129348,0.3705709666004233,0.29318753908063355,0.3362414943189433,0.05367396236397326,,,,
E1,0203,2002-09-07,Derby,Burnley,1,2,A,,,0.6048492791612058,0.2555701179554391,0.13958060288335522,0.6252566380335546,0.24935178864127985,0.12539157332516562,0.05243885749951005,,,,
E1,0203,2002-09-07,Gillingham,Portsmouth,1,3,A,,,0.3198317408139956,0.2776833718695156,0.40248488731648885,0.3186546362906768,0.2729628515058279,0.4083825122034953,0.05842484929598868,,,,
E1,0203,2002-09-07,Millwall,Brighton,1,0,H,,fpl-team-5,0.53531574751562,0.2663795077935937,0.19830474469078638,0.5531879485331878,0.260283532141064,0.18652851932574824,0.0611249478533864,,,,
E1,0203,2002-09-07,Norwich,Sheffield United,2,3,A,,,0.5442589869001607,0.2672555323733625,0.1884854807264767,0.5623628258760264,0.26138322019849114,0.17625395392548254,0.059341460932046175,,,,
E1,0203,2002-09-07,Rotherham,Reading,0,0,D,,,0.4444444444444444,0.2777777777777778,0.2777777777777778,0.45460741773077357,0.2726962911346132,0.2726962911346132,0.06273432495072484,,,,
E1,0203,2002-09-07,Watford,Walsall,2,0,H,,,0.5219051489115245,0.27386076287158934,0.20423408821688602,0.5378184116828063,0.26869875070044713,0.19348283761674653,0.05813029990531504,,,,
E1,0203,2002-09-07,Wimbledon,Leicester,2,3,A,,,0.33781396077028025,0.2810717720471473,0.3811142671825725,0.3381608773679114,0.2768229220438515,0.38501620058823693,0.05596626759506762,,,,
E1,0203,2002-09-14,Brighton,Gillingham,2,4,A,fpl-team-5,,0.39483569381451905,0.2785275049389243,0.3266368012465567,0.39992911179683477,0.27401236399639534,0.32605852420676984,0.056715254206210375,,,,
E1,0203,2002-09-14,Burnley,Stoke,2,1,H,,,0.4859837307600287,0.2753658585214132,0.2386504107185581,0.4991301708345491,0.27031524766129905,0.23055458150415192,0.059102275874465704,,,,
E1,0203,2002-09-14,Coventry,Grimsby,3,2,H,,,0.5853034307506063,0.2577843538577313,0.15691221539166253,0.6053691485367202,0.25146021916205347,0.14317063230122629,0.0553606899920851,,,,
E1,0203,2002-09-14,Crystal Palace,Wolves,4,2,H,fpl-team-8,,0.3225264572484462,0.27969091214513686,0.3977826306064169,0.3215758461206653,0.2751168601344794,0.40330729374485536,0.05873873457312584,,,,
E1,0203,2002-09-14,Leicester,Derby,3,1,H,,,0.4595185995623633,0.2844638949671772,0.2560175054704595,0.47025089356468247,0.2802727352338771,0.24947637120144053,0.05826490395702422,,,,
E1,0203,2002-09-14,Nott'm Forest,Watford,0,1,A,fpl-team-18,,0.5004330670772784,0.27562313540563954,0.22394379751708213,0.5147004091582124,0.27060450811087716,0.21469508273091054,0.05867085442878306,,,,
E1,0203,2002-09-14,Portsmouth,Millwall,1,0,H,,,0.5628522414978722,0.2586673127231526,0.1784804457789753,0.5831589423445045,0.251809663311325,0.1650313943441705,0.06140037439763546,,,,
E1,0203,2002-09-14,Preston,Sheffield Weds,2,2,D,,,0.5170066704138836,0.276859075908458,0.2061342536776583,0.5331662404476181,0.27173786490389173,0.19509589464849014,0.06066966545768082,,,,
E1,0203,2002-09-14,Reading,Wimbledon,0,1,A,,,0.46447515860506255,0.2757553287779902,0.2597695126169473,0.47561586871213046,0.27084356031122386,0.2535405709766455,0.058188844472169876,,,,
E1,0203,2002-09-14,Sheffield United,Rotherham,1,0,H,,,0.4883795508600646,0.27758130751209253,0.23403914162784276,0.501695230918169,0.27272294811509945,0.22558182096673152,0.058957414934411645,,,,
E1,0203,2002-09-14,Walsall,Bradford,0,1,A,,,0.39832869080779937,0.2757660167130919,0.3259052924791086,0.40382777098980527,0.27092282956349195,0.3252493994467028,0.05797737371176481,,,,
E1,0203,2002-09-15,Ipswich,Norwich,1,1,D,,,0.49961919268849964,0.281035795887281,0.21934501142421936,0.5132877055034536,0.2766369523462267,0.21007534215031967,0.05644766450859606,,,,
E1,0203,2002-09-17,Brighton,Stoke,1,2,A,fpl-team-5,,0.4016136261766024,0.27924697445091884,0.3191393993724787,0.4075549685568589,0.27456570956610615,0.31787932187703494,0.05963644734583795,,,,
E1,0203,2002-09-17,Burnley,Millwall,2,2,D,,,0.4262295081967213,0.2754098360655738,0.29836065573770487,0.434202009476857,0.2704587810440662,0.2953392094790768,0.05875772680155933,,,,
E1,0203,2002-09-17,Crystal Palace,Derby,0,1,A,fpl-team-8,,0.39397839834349996,0.280094017572332,0.32592758408416816,0.3991057197868494,0.2756161365642371,0.3252781436489135,0.05792645504698157,,,,
E1,0203,2002-09-17,Leicester,Bradford,4,0,H,,,0.5664199711760758,0.2641349600881377,0.16944506873578646,0.5858480869268163,0.25809445873059805,0.1560574543425856,0.057833217550069094,,,,
E1,0203,2002-09-17,Portsmouth,Wimbledon,4,1,H,,,0.5927007299270074,0.254014598540146,0.15328467153284675,0.6164234552294522,0.24632436105495287,0.13725218371559486,0.06409907876513898,,,,
E1,0203,2002-09-17,Preston,Watford,1,1,D,,,0.4594451316487012,0.27637391765329566,0.2641809506980032,0.4699309003098486,0.2716237193589874,0.25844538033116404,0.056906795129179955,,,,
E1,0203,2002-09-17,Sheffield United,Grimsby,2,1,H,,,0.5978947368421053,0.25263157894736843,0.14947368421052631,0.620235978064528,0.24542264067557576,0.13434138125989617,0.05902873142622411,,,,
E1,0203,2002-09-17,Walsall,Rotherham,3,4,A,,,0.39483569381451905,0.2785275049389243,0.3266368012465567,0.39992911179683477,0.27401236399639534,0.32605852420676984,0.056715254206210375,,,,
E1,0203,2002-09-18,Coventry,Sheffield Weds,1,1,D,,,0.5410382713952385,0.26017575697976913,0.19878597162499215,0.5608909198760238,0.25299376583927086,0.18611531428470535,0.06622876157052815,,,,
E1,0203,2002-09-18,Nott'm Forest,Gillingham,4,1,H,fpl-team-18,,0.47680915473577085,0.2794101646751618,0.24378068058906732,0.4874921843650445,0.2753564123920456,0.23715140324291004,0.050874239415861666,,,,
E1,0203,2002-09-18,Reading,Norwich,0,2,A,,,0.3761917089445272,0.28096818261794376,0.34284010843752905,0.37970137758405365,0.27669702491813425,0.3436015974978121,0.05616843421012163,,,,
E1,0203,2002-09-21,Bradford,Burnley,2,2,D,,,0.47214228533922303,0.27456335341329785,0.253294361247479,0.4835667578132949,0.26969908918865976,0.2467341529980454,0.056348780170083046,,,,
E1,0203,2002-09-21,Derby,Preston,0,2,A,,,0.517581502014638,0.27475280648929723,0.20766569149606467,0.5326497134964293,0.2698371603773435,0.19751312612622726,0.05624611000530422,,,,
E1,0203,2002-09-21,Gillingham,Sheffield United,1,1,D,,,0.3767633927011787,0.2789217364570742,0.3443148708417471,0.3803029426574889,0.2745047983544843,0.34519225898802686,0.05590945924632251,,,,
E1,0203,2002-09-21,Grimsby,Nott'm Forest,0,3,A,,fpl-team-18,0.3293433269940708,0.28045642689338846,0.3902002461125405,0.3289879791899343,0.27606405313489846,0.3949479676751674,0.05719848885200918,,,,
E1,0203,2002-09-21,Millwall,Walsall,0,3,A,,,0.5573222306002689,0.2634986722617447,0.17917909713798644,0.5764304826908603,0.25730551588948875,0.16626400141965092,0.05909742112271488,,,,
E1,0203,2002-09-21,Norwich,Portsmouth,1,0,H,,,0.3559660431794965,0.28310424371619325,0.36092971310431016,0.35767595875170843,0.27930547402342926,0.3630185672248624,0.05195650225505233,,,,
E1,0203,2002-09-21,Rotherham,Brighton,1,0,H,,fpl-team-5,0.548685611334043,0.27024813692572275,0.18106625174023422,0.5652461446494729,0.26520852065126094,0.16954533469926616,0.053037251345813274,,,,
E1,0203,2002-09-21,Sheffield Weds,Leicester,0,0,D,,,0.3191393993724787,0.27924697445091884,0.4016136261766024,0.31787932187703494,0.27456570956610615,0.4075549685568589,0.05963644734583795,,,,
E1,0203,2002-09-21,Watford,Crystal Palace,3,3,D,,fpl-team-8,0.44919278252611583,0.2785691674580563,0.2722380500158278,0.4588053578338839,0.2740188688589666,0.2671757733071496,0.05676143569871783,,,,
E1,0203,2002-09-21,Wimbledon,Coventry,0,1,A,,,0.3723892002037698,0.27712684666327053,0.3504839531329598,0.3757671909881638,0.27228186302195445,0.3519509459898818,0.05951916507910937,,,,
E1,0203,2002-09-21,Wolves,Reading,0,1,A,,,0.5822152935307284,0.25460563829152283,0.16317906817774872,0.6030972208266111,0.2476994326387297,0.14920334653465928,0.058351845014840364,,,,
E1,0203,2002-09-22,Stoke,Ipswich,2,1,H,,,0.2957095709570957,0.28184818481848184,0.42244224422442245,0.2926988544922812,0.27775184284221355,0.4295493026655053,0.05449231236707419,,,,
E1,0203,2002-09-24,Bradford,Coventry,1,1,D,,,0.38047512213532386,0.27872014761076047,0.34080473025391567,0.3843463881175315,0.2742552248118876,0.34139838707058096,0.05631512892432511,,,,
E1,0203,2002-09-24,Wolves,Preston,4,0,H,,,0.5159116040162961,0.2738663583457499,0.210222037637954,0.5313165708579367,0.2687243163460044,0.1999591127960589,0.058065578574314713,,,,
E1,0203,2002-09-25,Sheffield Weds,Crystal Palace,0,0,D,,fpl-team-8,0.40066042927903134,0.2773802971931756,0.3219592735277931,0.4060468272346583,0.2729267722844988,0.3210264004808429,0.05472124507650733,,,,
E1,0203,2002-09-25,Stoke,Nott'm Forest,2,2,D,,fpl-team-18,0.3716774625865535,0.28166182711637255,0.3466607102970739,0.37474066039091214,0.2775474044169649,0.34771193519212296,0.054792748065665364,,,,
E1,0203,2002-09-28,Brighton,Grimsby,1,2,A,fpl-team-5,,0.46349115801483165,0.2723188819167142,0.2641899600684541,0.4758603792968491,0.266507534657813,0.257632086045338,0.06529607297852635,,,,
E1,0203,2002-09-28,Burnley,Wimbledon,1,0,H,,,0.45015739769150054,0.2770199370409234,0.2728226652675761,0.459650319279741,0.2724397436988903,0.2679099370213688,0.05556297895964235,,,,
E1,0203,2002-09-28,Coventry,Millwall,2,3,A,,,0.5233210552812136,0.26527759964034464,0.21140134507844172,0.5385079114569356,0.25973780932217344,0.20175427922089095,0.05491688661277294,,,,
E1,0203,2002-09-28,Ipswich,Derby,0,1,A,,,0.49762573892819073,0.2756081015602287,0.22676615951158052,0.5116603765812631,0.2705926583195022,0.21774696509923483,0.05868152575567365,,,,
E1,0203,2002-09-28,Leicester,Wolves,1,0,H,,,0.4705592058306517,0.2763992381325275,0.2530415560368209,0.48196209989325156,0.2716381260421533,0.24639977406459507,0.056904722237959504,,,,
E1,0203,2002-09-28,Nott'm Forest,Rotherham,3,2,H,fpl-team-18,,0.5158976092549815,0.26641876537645315,0.21768362536856536,0.5320305783907301,0.26040097455576794,0.20756844705350194,0.060850416542962193,,,,
E1,0203,2002-09-28,Portsmouth,Bradford,3,0,H,,,0.5957446808510638,0.2553191489361702,0.14893617021276595,0.61865747710267,0.24807683202229722,0.13326569087503268,0.06114793987944722,,,,
E1,0203,2002-09-28,Preston,Norwich,1,2,A,,,0.38492381716118684,0.28147554129911784,0.3336006415396952,0.38908058010459423,0.2773164950844939,0.3336029248109118,0.05516967596486211,,,,
E1,0203,2002-09-28,Reading,Stoke,1,1,D,,,0.4441718583556603,0.2789954485296491,0.27683269311469055,0.4539207339600093,0.27421368845322996,0.2718655775867607,0.060259763384237885,,,,
E1,0203,2002-09-28,Sheffield United,Watford,1,2,A,,,0.4979541437667966,0.27368472023823937,0.22836113599496405,0.5119310852226819,0.26854291066820957,0.2195260041091085,0.05830421857535839,,,,
E1,0203,2002-09-28,Walsall,Sheffield Weds,1,0,H,,,0.4090421994955185,0.2790365391907413,0.3119212613137403,0.4152101712895391,0.27463338441103685,0.31015644429942407,0.055717425188049674,,,,
E1,0203,2002-09-29,Crystal Palace,Gillingham,2,2,D,fpl-team-8,,0.4757455017235122,0.2773230316969827,0.2469314665795051,0.48720045202008155,0.2727794590813631,0.2400200888985553,0.05505613167770207,,,,
E1,0203,2002-10-05,Bradford,Preston,1,1,D,,,0.3928038514597821,0.2792589881471888,0.32793716039302906,0.3979719923853986,0.2745851968977936,0.3274428107168078,0.05959893926046789,,,,
E1,0203,2002-10-05,Derby,Walsall,2,2,D,,,0.5738874322483362,0.2575934731606103,0.1685190945910535,0.5931934981485579,0.25126499044288303,0.15554151140855896,0.05562105984427035,,,,
E1,0203,2002-10-05,Gillingham,Coventry,0,2,A,,,0.37853183116232325,0.2806458654476912,0.34082230338998554,0.3822754006584139,0.2763007041324819,0.34142389520910416,0.056810521986335516,,,,
E1,0203,2002-10-05,Grimsby,Reading,0,3,A,,,0.35863440021748644,0.27912320761112897,0.36224239217138465,0.360671672507417,0.27475473006388323,0.3645735974286998,0.05550244194455445,,,,
E1,0203,2002-10-05,Millwall,Nott'm Forest,1,2,A,,fpl-team-18,0.3977826306064169,0.27969091214513686,0.3225264572484462,0.40330729374485536,0.2751168601344794,0.3215758461206653,0.05873873457312584,,,,
E1,0203,2002-10-05,Norwich,Leicester,0,0,D,,,0.40132851257041957,0.27688556293618094,0.32178592449339954,0.40728232519323515,0.2719709936417935,0.32074668116497135,0.060038387309759855,,,,
E1,0203,2002-10-05,Rotherham,Portsmouth,2,3,A,,,0.30215653016719163,0.2810758420159922,0.4167676278168161,0.29978279027491384,0.2771308395825473,0.4230863701425388,0.05168388085439801,,,,
E1,0203,2002-10-05,Sheffield Weds,Burnley,1,3,A,,,0.3902002461125406,0.2804564268933885,0.32934332699407093,0.3949479676751674,0.2760640531348984,0.3289879791899342,0.05719848885200918,,,,
E1,0203,2002-10-05,Stoke,Crystal Palace,1,1,D,,fpl-team-8,0.42440318302387264,0.27851458885941643,0.29708222811671087,0.43253155804654525,0.2736390049402725,0.29382943701318226,0.06116653839126229,,,,
E1,0203,2002-10-05,Watford,Brighton,1,0,H,,fpl-team-5,0.6070326958667489,0.24787168414558916,0.14509561998766193,0.6312555982317999,0.2398426933279068,0.12890170844029328,0.06213712925091386,,,,
E1,0203,2002-10-05,Wolves,Sheffield United,1,3,A,,,0.5113290175171363,0.27166793602437167,0.21700304645849203,0.5275021756343925,0.26594480965597744,0.20655301470963006,0.06262429303023964,,,,
E1,0203,2002-10-06,Wimbledon,Ipswich,0,1,A,,,0.3293433269940708,0.28045642689338846,0.3902002461125405,0.3289879791899343,0.27606405313489846,0.3949479676751674,0.05719848885200918,,,,
E1,0203,2002-10-08,Grimsby,Ipswich,3,0,H,,,0.21917192561937046,0.27025711129005076,0.5105709630905789,0.20980213415613924,0.26493722719012236,0.5252606386537384,0.05693892948329449,,,,
E1,0203,2002-10-12,Bradford,Derby,0,0,D,,,0.3526093088857546,0.28772919605077574,0.35966149506346967,0.3541783467136511,0.28401079873783625,0.3618108545485126,0.05611646850593388,,,,
E1,0203,2002-10-12,Burnley,Walsall,2,1,H,,,0.5098969953007072,0.27246404329045426,0.21763896140883848,0.525523457389905,0.26696423436581646,0.20751230824427852,0.06093802093528211,,,,
E1,0203,2002-10-12,Ipswich,Sheffield Weds,2,1,H,,,0.5857012822040625,0.25795957900501776,0.15633913879091987,0.6056611239115974,0.2516914084159796,0.14264746767242295,0.05497512733563781,,,,
E1,0203,2002-10-12,Millwall,Wimbledon,1,1,D,,,0.48362825968230855,0.2740312123707604,0.24234052794693098,0.49715862062734667,0.2686383713885142,0.23420300798413912,0.06184460944496095,,,,
E1,0203,2002-10-12,Rotherham,Gillingham,1,1,D,,,0.4604584965928582,0.27905926560953215,0.2604822377976096,0.470830528423919,0.27461007294929013,0.2545593986267908,0.05582001619040966,,,,
E1,0203,2002-10-12,Watford,Grimsby,2,0,H,,,0.6225179093613924,0.2393788867464341,0.13810320389217354,0.6467348876159353,0.23104998008688193,0.12221513229718271,0.058819825761020184,,,,
E1,0203,2002-10-19,Brighton,Sheffield United,2,4,A,fpl-team-5,,0.29428059312367605,0.27831187876812774,0.4274075281081961,0.2910011720122497,0.27372385344492417,0.4352749745428262,0.05721106752753258,,,,
E1,0203,2002-10-19,Gillingham,Watford,3,0,H,,,0.37410071942446044,0.2805755395683453,0.3453237410071942,0.37748267677222686,0.2762152006604015,0.34630212256737175,0.056947770761325955,,,,
E1,0203,2002-10-19,Grimsby,Rotherham,0,0,D,,,0.3595505617977528,0.28089887640449435,0.3595505617977528,0.3616931486743505,0.2766137026512991,0.3616931486743505,0.056301046162843704,,,,
E1,0203,2002-10-19,Leicester,Burnley,0,1,A,,,0.5388574165959822,0.266211649094433,0.1949309343095848,0.5571468329108485,0.26005134393834,0.1828018231508114,0.0615277870092541,,,,
E1,0203,2002-10-19,Norwich,Millwall,3,1,H,,,0.5489303929842586,0.26114556195648186,0.18992404505925953,0.5688858942415533,0.25424445390832645,0.17686965185012019,0.06417197058908641,,,,
E1,0203,2002-10-19,Portsmouth,Coventry,1,1,D,,,0.5293649389704582,0.27065275075181316,0.19998231027772864,0.5453816535958265,0.2653872182350704,0.1892311281691031,0.05626346729695797,,,,
E1,0203,2002-10-19,Reading,Ipswich,3,1,H,,,0.34885223792531816,0.28071703520552943,0.3704307268691523,0.3501191068989394,0.2763896770176282,0.37349121608343255,0.056664546369574964,,,,
E1,0203,2002-10-19,Sheffield Weds,Bradford,2,1,H,,,0.3857557669692967,0.28369754830655364,0.3305466847241496,0.3899800755319417,0.27971584429300916,0.3303040801750492,0.0551562774926424,,,,
E1,0203,2002-10-19,Stoke,Wolves,0,2,A,,,0.3608351010382941,0.2819024226861672,0.3572624762755387,0.36300760957180556,0.27784229916701225,0.3591500912611822,0.054315392626449466,,,,
E1,0203,2002-10-19,Walsall,Preston,3,3,D,,,0.3905070721753228,0.28288701291440704,0.32660591491026997,0.3952459370977301,0.2787257747416792,0.32602828816059076,0.05675658490508795,,,,
E1,0203,2002-10-19,Wimbledon,Crystal Palace,2,2,D,,fpl-team-8,0.3378794667861544,0.28333986781673576,0.37878066539710986,0.3382328187329112,0.2792823148122669,0.3824848664548217,0.05585296615026891,,,,
E1,0203,2002-10-20,Derby,Nott'm Forest,0,0,D,,fpl-team-18,0.3989314336598397,0.2804986642920748,0.3205699020480855,0.40440505354160267,0.2761120423223371,0.3194829041360603,0.0571258005220443,,,,
E1,0203,2002-10-22,Ipswich,Burnley,2,2,D,,,0.45192681977423116,0.2802646944336317,0.267808485792137,0.46119294129422045,0.2761063866773091,0.2627006720284704,0.05337947863154113,,,,
E1,0203,2002-10-23,Coventry,Norwich,1,1,D,,,0.39747899159663863,0.2773109243697479,0.32521008403361346,0.40301535536160044,0.27250270120109576,0.3244819434373038,0.05917003005743027,,,,
E1,0203,2002-10-23,Sheffield United,Stoke,2,1,H,,,0.554656155416344,0.2634616738227634,0.1818821707608925,0.5735629747713378,0.2572692224133717,0.1691678028152905,0.05914365779608488,,,,
E1,0203,2002-10-26,Bradford,Norwich,2,1,H,,,0.3246186758536383,0.2837218348012114,0.3916594893451505,0.3238983844233394,0.27974318899272277,0.39635842658393783,0.05511501734144986,,,,
E1,0203,2002-10-26,Burnley,Portsmouth,0,3,A,,,0.3595505617977528,0.28089887640449435,0.3595505617977528,0.3616931486743505,0.2766137026512991,0.3616931486743505,0.056301046162843704,,,,
E1,0203,2002-10-26,Coventry,Walsall,0,0,D,,,0.5392165500713668,0.2624715854023859,0.1983118645262471,0.5574323290890394,0.2560355817569938,0.18653208915396682,0.06112569663673639,,,,
E1,0203,2002-10-26,Crystal Palace,Brighton,5,0,H,fpl-team-8,fpl-team-5,0.5616907379639443,0.259354592920743,0.17895466911531266,0.5814067116175792,0.25272981590741317,0.1658634724750076,0.05984875955618918,,,,
E1,0203,2002-10-26,Ipswich,Gillingham,0,1,A,,,0.5161731165221566,0.2755570329741359,0.20826985050370736,0.5318195040154152,0.27047686247382213,0.1977036335107627,0.05893521965481341,,,,
E1,0203,2002-10-26,Millwall,Derby,3,0,H,,,0.37737335096059177,0.27791060729655986,0.34471604174284826,0.3810887332084409,0.2732544555202914,0.3456568112712678,0.057938664918765426,,,,
E1,0203,2002-10-26,Nott'm Forest,Leicester,2,2,D,fpl-team-18,,0.3925295612774893,0.2821306221681954,0.32533981655431543,0.39719436964626276,0.2781143124740024,0.32469131787973476,0.05388466501608491,,,,
E1,0203,2002-10-26,Preston,Reading,1,0,H,,,0.41187293684723203,0.28096758482601875,0.3071594783267493,0.4178433134227861,0.2770016169149924,0.3051550696622215,0.05188868357799947,,,,
E1,0203,2002-10-26,Rotherham,Stoke,4,0,H,,,0.46737746990214296,0.27823565005111944,0.25438688004673776,0.47946931322116254,0.2732299759864296,0.24730071079240784,0.061911110766232014,,,,
E1,0203,2002-10-26,Sheffield United,Wimbledon,1,1,D,,,0.5649398339076888,0.25591774476018303,0.17914242133212813,0.5847456145669704,0.24907018539402387,0.1661842000390057,0.059258663561195135,,,,
E1,0203,2002-10-26,Watford,Sheffield Weds,1,0,H,,,0.5563637270467752,0.2592332438341134,0.18440302911911158,0.5757056446490924,0.25259355880156553,0.1717007965493421,0.06004852778278291,,,,
E1,0203,2002-10-26,Wolves,Grimsby,4,1,H,,,0.6155513525031107,0.2474174464088892,0.13703120108800018,0.6409341513211813,0.23912957869433013,0.11993626998448857,0.06344780046492815,,,,
E1,0203,2002-10-29,Gillingham,Wolves,0,4,A,,,0.3691681275801617,0.2797602216818413,0.3510716507379969,0.37221940224322847,0.2752115589861384,0.35256903877063317,0.05857350933365524,,,,
E1,0203,2002-10-29,Grimsby,Burnley,6,5,H,,,0.2970822281167109,0.2785145888594165,0.42440318302387275,0.29382943701318226,0.2736390049402725,0.4325315580465453,0.06116653839126229,,,,
E1,0203,2002-10-29,Leicester,Coventry,2,1,H,,,0.47076900443797853,0.2801811152975407,0.24904988026448063,0.48239864891126594,0.27564168941471107,0.2419596616740231,0.05798889813013375,,,,
E1,0203,2002-10-29,Norwich,Nott'm Forest,0,0,D,,fpl-team-18,0.4859837307600287,0.2753658585214132,0.2386504107185581,0.4991301708345491,0.27031524766129905,0.23055458150415192,0.059102275874465704,,,,
E1,0203,2002-10-29,Portsmouth,Preston,3,2,H,,,0.5881728791763716,0.25125751303407534,0.1605696077895531,0.6108212618867713,0.24361106081654285,0.14556767729668588,0.062032578978687525,,,,
E1,0203,2002-10-29,Reading,Bradford,1,0,H,,,0.47085195026274146,0.27809240570133303,0.2510556440359256,0.48160823715491113,0.2737407860669981,0.24465097677809072,0.05348347150720656,,,,
E1,0203,2002-10-29,Walsall,Crystal Palace,3,4,A,,fpl-team-8,0.3966197183098592,0.27887323943661974,0.32450704225352117,0.4021912018732027,0.274105338635762,0.32370345949103535,0.06038123299367726,,,,
E1,0203,2002-10-29,Wimbledon,Rotherham,2,1,H,,,0.38901395767672226,0.2796037820801441,0.3313822602431337,0.393796160075961,0.27501323537484645,0.33119060454919247,0.058901825454086065,,,,
E1,0203,2002-10-30,Derby,Sheffield United,2,1,H,,,0.39747899159663863,0.2773109243697479,0.32521008403361346,0.40301535536160044,0.27250270120109576,0.3244819434373038,0.05917003005743027,,,,
E1,0203,2002-10-30,Sheffield Weds,Millwall,0,1,A,,,0.3818249796368912,0.2794130083544383,0.33876201200867045,0.38571313619327063,0.2751087772206562,0.3391780865860732,0.05493248859420419,,,,
E1,0203,2002-10-30,Stoke,Watford,1,2,A,,,0.3475113122171945,0.2796380090497737,0.3728506787330316,0.3487079177551546,0.275060106286803,0.3762319759580424,0.058819937403313816,,,,
E1,0203,2002-11-02,Brighton,Bradford,3,2,H,fpl-team-5,,0.3273293306648877,0.28129864354013784,0.39137202579497443,0.32682185215333304,0.27709760590184107,0.3960805419448259,0.05552639300003648,,,,
E1,0203,2002-11-02,Coventry,Rotherham,2,1,H,,,0.5066203399380224,0.2766926471969199,0.2166870128650577,0.5208777920915455,0.2719291623665074,0.20719304554194704,0.05652349255979061,,,,
E1,0203,2002-11-02,Grimsby,Gillingham,1,1,D,,,0.3542435424354244,0.2767527675276753,0.36900369003690037,0.3561864159215775,0.27147064455455616,0.3723429395238663,0.06466425023972988,,,,
E1,0203,2002-11-02,Nott'm Forest,Sheffield United,3,0,H,fpl-team-18,,0.42850971922246217,0.2812095032397408,0.29028077753779696,0.4362746920683938,0.2769643308492444,0.2867609770823618,0.05577251082286239,,,,
E1,0203,2002-11-02,Portsmouth,Leicester,0,2,A,,,0.4892562806563255,0.27263899609092945,0.23810472325274507,0.5029731125941298,0.2672405918217648,0.22978629558410546,0.06041686120443046,,,,
E1,0203,2002-11-02,Preston,Burnley,3,1,H,,,0.39397839834349996,0.280094017572332,0.32592758408416816,0.3991057197868494,0.2756161365642371,0.3252781436489135,0.05792645504698157,,,,
E1,0203,2002-11-02,Reading,Millwall,2,0,H,,,0.4482758620689655,0.27586206896551724,0.27586206896551724,0.4579998804089795,0.27100005979551034,0.27100005979551034,0.05790474032983184,,,,
E1,0203,2002-11-02,Sheffield Weds,Derby,1,3,A,,,0.3595505617977528,0.28089887640449435,0.3595505617977528,0.3616931486743505,0.2766137026512991,0.3616931486743505,0.056301046162843704,,,,
E1,0203,2002-11-02,Walsall,Stoke,4,2,H,,,0.4594451316487012,0.27637391765329566,0.2641809506980032,0.4699309003098486,0.2716237193589874,0.25844538033116404,0.056906795129179955,,,,
E1,0203,2002-11-02,Watford,Wolves,1,1,D,,,0.3784140103819228,0.27996724049350064,0.34161874912457657,0.38223370062766693,0.2754652834744293,0.3423010158979038,0.058164135785773396,,,,
E1,0203,2002-11-02,Wimbledon,Norwich,4,2,H,,,0.3293433269940708,0.28045642689338846,0.3902002461125405,0.3289879791899343,0.27606405313489846,0.3949479676751674,0.05719848885200918,,,,
E1,0203,2002-11-03,Ipswich,Crystal Palace,1,2,A,,fpl-team-8,0.4859837307600287,0.2753658585214132,0.2386504107185581,0.4991301708345491,0.27031524766129905,0.23055458150415192,0.059102275874465704,,,,
E1,0203,2002-11-06,Wolves,Portsmouth,1,1,D,,,0.4016136261766024,0.27924697445091884,0.3191393993724787,0.4075549685568589,0.27456570956610615,0.31787932187703494,0.05963644734583795,,,,
E1,0203,2002-11-09,Bradford,Wimbledon,3,5,A,,,0.4081524382156594,0.2806048012732658,0.3112427605110748,0.4143775767354038,0.27623727788861024,0.30938514537598594,0.05692968936637044,,,,
E1,0203,2002-11-09,Burnley,Coventry,3,1,H,,,0.3898589657488247,0.2780389523169912,0.33210208193418395,0.3946160930242466,0.2734098069048507,0.3319741000709027,0.05769095872528851,,,,
E1,0203,2002-11-09,Crystal Palace,Nott'm Forest,0,0,D,fpl-team-8,fpl-team-18,0.38901395767672226,0.2796037820801441,0.3313822602431337,0.393796160075961,0.27501323537484645,0.33119060454919247,0.058901825454086065,,,,
E1,0203,2002-11-09,Derby,Portsmouth,1,2,A,,,0.3533194843629948,0.2787911556301756,0.36788936000682965,0.3550628907540633,0.2740125099156521,0.3709245993302846,0.06052079354412854,,,,
E1,0203,2002-11-09,Gillingham,Reading,0,1,A,,,0.40748129675810474,0.2779717373233583,0.31454696591853704,0.4137465553971752,0.2733176530596801,0.3129357915431446,0.057851827470585704,,,,
E1,0203,2002-11-09,Leicester,Walsall,2,0,H,,,0.5978947368421053,0.25263157894736843,0.14947368421052631,0.620235978064528,0.24542264067557576,0.13434138125989617,0.05902873142622411,,,,
E1,0203,2002-11-09,Millwall,Preston,2,1,H,,,0.4262295081967213,0.2754098360655738,0.29836065573770487,0.434202009476857,0.2704587810440662,0.2953392094790768,0.05875772680155933,,,,
E1,0203,2002-11-09,Norwich,Sheffield Weds,3,0,H,,,0.6031528444139822,0.24880054832076764,0.14804660726525018,0.6262232434710908,0.24116236824459034,0.132614388284319,0.059845853596925735,,,,
E1,0203,2002-11-09,Rotherham,Watford,2,1,H,,,0.36421579786023217,0.2788527202367403,0.3569314819030276,0.3669198637974688,0.2740891567451367,0.35899097945739444,0.06039580865763128,,,,
E1,0203,2002-11-09,Sheffield United,Ipswich,0,0,D,,,0.4372981700753499,0.27583423035522064,0.2868675995694295,0.4460978877655008,0.27097808959527725,0.2829240226392219,0.05792460544034839,,,,
E1,0203,2002-11-09,Stoke,Grimsby,1,2,A,,,0.4482758620689655,0.27586206896551724,0.27586206896551724,0.4579998804089795,0.27100005979551034,0.27100005979551034,0.05790474032983184,,,,
E1,0203,2002-11-11,Wolves,Brighton,1,1,D,,fpl-team-5,0.6689488427490943,0.21887679818241706,0.11217435906848873,0.6971337826256698,0.2085347623187911,0.09433145505553912,0.05996944475919008,,,,
E1,0203,2002-11-16,Brighton,Derby,1,0,H,fpl-team-5,,0.319724872420679,0.27335256268027514,0.40692256489904594,0.31853028466687366,0.26825092512533766,0.41321879020778873,0.058626184705644846,0.5376344086021505,0.4623655913978494,0.5406976744129846,0.45930232558701545
E1,0203,2002-11-16,Coventry,Wolves,0,2,A,,,0.3761917089445272,0.28096818261794376,0.34284010843752905,0.37970137758405365,0.27669702491813425,0.3436015974978121,0.05616843421012163,0.5,0.5,0.5,0.5
E1,0203,2002-11-16,Gillingham,Sheffield Weds,1,1,D,,,0.509146499455874,0.27361766077628646,0.21723583976783956,0.5241090477304676,0.2684293676189095,0.2074615846506228,0.05852603167295456,0.4864864864864864,0.5135135135135135,0.48538011695777955,0.5146198830422205
E1,0203,2002-11-16,Grimsby,Preston,3,3,D,,,0.37491616364855807,0.2790073775989269,0.3460764587525151,0.37829398431494765,0.27461074027590315,0.34709527540914925,0.055737322312779725,0.5135135135135135,0.4864864864864864,0.5146198830422205,0.48538011695777955
E1,0203,2002-11-16,Millwall,Leicester,2,2,D,,,0.3280446680302947,0.27972801149870086,0.39222732047100456,0.3276040880759438,0.27549273346451597,0.3969031784595403,0.05431519285775721,0.4864864864864864,0.5135135135135135,0.48538011695777955,0.5146198830422205
E1,0203,2002-11-16,Norwich,Crystal Palace,2,0,H,,fpl-team-8,0.49722627737226277,0.2732846715328467,0.22948905109489054,0.5113338792177995,0.26803929878277055,0.22062682199942998,0.05912832077592611,0.5,0.5,0.5,0.5
E1,0203,2002-11-16,Nott'm Forest,Bradford,3,0,H,fpl-team-18,,0.584328665568369,0.2571046128500824,0.1585667215815486,0.6048485711229088,0.2505581992161557,0.14459322966093552,0.056870372500270605,0.4864864864864864,0.5135135135135135,0.48538011695777955,0.5146198830422205
E1,0203,2002-11-16,Portsmouth,Stoke,3,0,H,,,0.6779604761022614,0.20920147715646842,0.11283804674127014,0.7052957382442854,0.1987385006270601,0.09596576112865449,0.056426180293783545,0.5376344086021505,0.4623655913978494,0.5406976744129846,0.45930232558701545
E1,0203,2002-11-16,Rotherham,Burnley,0,0,D,,,0.4052052950415077,0.2764191159973076,0.3183755889611847,0.4115973094483791,0.27138646310840686,0.317016227443214,0.060994207160547376,0.5376344086021505,0.4623655913978494,0.5406976744129846,0.45930232558701545
E1,0203,2002-11-16,Wimbledon,Walsall,3,2,H,,,0.48319494353574244,0.2696374207639605,0.24716763570029715,0.49679608136649134,0.2638176075841515,0.2393863110493572,0.06234533817041665,0.5135135135135135,0.4864864864864864,0.5146198830422205,0.48538011695777955
E1,0203,2002-11-17,Watford,Ipswich,0,2,A,,,0.4501141223076317,0.2791405409659732,0.270745336726395,0.45961233191585965,0.2747243028277204,0.26566336525642,0.05561714479699731,0.4864864864864864,0.5135135135135135,0.48538011695777955,0.5146198830422205
E1,0203,2002-11-23,Bradford,Sheffield United,0,5,A,,,0.3441054750220493,0.2795856984554151,0.37630882652253556,0.3450102804103216,0.27499480456393793,0.3799949150257405,0.05892677616793662,0.5135135135135135,0.4864864864864864,0.5146198830422205,0.48538011695777955
E1,0203,2002-11-23,Burnley,Norwich,2,0,H,,,0.3798690577536397,0.28163729360015943,0.338493648646201,0.3835949771178025,0.277515789561834,0.3388892333203635,0.05484587652608752,0.5,0.5,0.5,0.5
E1,0203,2002-11-23,Crystal Palace,Grimsby,2,0,H,fpl-team-8,,0.5392165500713668,0.2624715854023859,0.1983118645262471,0.5574323290890394,0.2560355817569938,0.18653208915396682,0.06112569663673639,0.5135135135135135,0.4864864864864864,0.5146198830422205,0.48538011695777955
E1,0203,2002-11-23,Ipswich,Coventry,2,1,H,,,0.46945208235530816,0.27509892026021066,0.2554489973844813,0.4812771775444465,0.27001238027547264,0.24871044218008095,0.05955756944604218,0.5,0.5,0.5,0.5
E1,0203,2002-11-23,Leicester,Rotherham,2,1,H,,,0.5935483870967742,0.25806451612903225,0.14838709677419354,0.6170358161555091,0.250800863953662,0.13216331989082894,0.06333288410678506,0.5376344086021505,0.4623655913978494,0.5406976744129846,0.45930232558701545
E1,0203,2002-11-23,Preston,Brighton,2,2,D,,fpl-team-5,0.5349715818200573,0.2648896052923725,0.20013881288757032,0.5513256615263431,0.2592027517776902,0.18947158669596686,0.05584223521873355,0.5376344086021505,0.4623655913978494,0.5406976744129846,0.45930232558701545
E1,0203,2002-11-23,Reading,Watford,1,0,H,,,0.4482758620689655,0.27586206896551724,0.27586206896551724,0.4579998804089795,0.27100005979551034,0.27100005979551034,0.05790474032983184,0.4864864864864864,0.5135135135135135,0.48538011695777955,0.5146198830422205
E1,0203,2002-11-23,Sheffield Weds,Portsmouth,1,3,A,,,0.22900763358778628,0.2748091603053435,0.4961832061068702,0.21993486463379205,0.2695906762886845,0.5104744590775234,0.06031912472099066,0.5135135135135135,0.4864864864864864,0.5146198830422205,0.48538011695777955
E1,0203,2002-11-23,Stoke,Millwall,0,1,A,,,0.35048395313295977,0.2771268466632705,0.3723892002037697,0.3519509459898818,0.27228186302195445,0.37576719098816375,0.05951916507910937,0.4864864864864864,0.5135135135135135,0.48538011695777955,0.5146198830422205
E1,0203,2002-11-23,Walsall,Gillingham,1,0,H,,,0.4104355419714005,0.2821744351053378,0.3073900229232616,0.41651015614269576,0.2781587876668856,0.30533105619041867,0.05382434115745127,0.5135135135135135,0.4864864864864864,0.5146198830422205,0.48538011695777955
E1,0203,2002-11-23,Wolves,Nott'm Forest,2,1,H,,fpl-team-18,0.4432989690721649,0.2783505154639175,0.2783505154639175,0.4524896574200317,0.2737551712899841,0.2737551712899841,0.057181007694453,0.5,0.5,0.5,0.5
E1,0203,2002-11-25,Derby,Wimbledon,3,2,H,,,0.4482758620689655,0.27586206896551724,0.27586206896551724,0.4579998804089795,0.27100005979551034,0.27100005979551034,0.05790474032983184,0.5135135135135135,0.4864864864864864,0.5146198830422205,0.48538011695777955
E1,0203,2002-11-26,Crystal Palace,Reading,0,1,A,fpl-team-8,,0.4250681198910082,0.2759673024523161,0.2989645776566757,0.4327924772764351,0.27115593045281144,0.2960515922707534,0.057620072504505515,0.4623655913978494,0.5376344086021505,0.45930232558701545,0.5406976744129846
E1,0203,2002-11-26,Preston,Leicester,2,0,H,,,0.32296993940621466,0.2764021807011325,0.40062787989265275,0.32201848630072677,0.2713680940993882,0.40661341959988495,0.0610206623096019,0.5135135135135135,0.4864864864864864,0.5146198830422205,0.48538011695777955
E1,0203,2002-11-27,Nott'm Forest,Brighton,3,2,H,fpl-team-18,fpl-team-5,0.5811061341226644,0.2596449581884311,0.1592489076889044,0.6022635804347547,0.25300974933571874,0.14472667022952668,0.059501184383407235,0.5376344086021505,0.4623655913978494,0.5406976744129846,0.45930232558701545
E1,0203,2002-11-30,Brighton,Reading,0,1,A,fpl-team-5,,0.3313822602431337,0.2796037820801441,0.38901395767672226,0.33119060454919247,0.27501323537484645,0.393796160075961,0.058901825454086065,0.3867924528301887,0.6132075471698114,0.3205140618873234,0.6794859381126767
E1,0203,2002-11-30,Coventry,Preston,1,2,A,,,0.4830246525770864,0.27708390923026666,0.23989143819264697,0.4960953018861288,0.2721130352372149,0.23179166287665623,0.059939088532701135,0.4444444444444445,0.5555555555555556,0.41168224218229005,0.5883177578177099
E1,0203,2002-11-30,Gillingham,Stoke,1,1,D,,,0.5233772497600958,0.2745717571818349,0.20205099305806937,0.5401869404191004,0.26920758162962105,0.1906054779512786,0.061051181284710765,0.4827586206896552,0.5172413793103449,0.4725429146649764,0.5274570853350237
E1,0203,2002-11-30,Grimsby,Leicester,1,2,A,,,0.27527340624166446,0.27740730861563084,0.44731928514270475,0.2702649195082379,0.2725782155103365,0.45715686498142555,0.05910291522741318,0.358974358974359,0.641025641025641,0.27771135601745783,0.7222886439825422
E1,0203,2002-11-30,Millwall,Bradford,1,0,H,,,0.5718772803705701,0.254893873536597,0.1732288460928329,0.5930442599986887,0.24765710318261516,0.15929863681869624,0.061682005994953215,0.5421686746987951,0.4578313253012048,0.5665744494447194,0.43342555055528065
E1,0203,2002-11-30,Norwich,Derby,1,0,H,,,0.5201226733929658,0.2721313590408693,0.20774596756616479,0.5368378186789977,0.2665073067529384,0.1966548745680638,0.06173178041353822,0.4827586206896552,0.5172413793103449,0.4725429146649764,0.5274570853350237
E1,0203,2002-11-30,Nott'm Forest,Ipswich,2,1,H,fpl-team-18,,0.4376964022317707,0.2767588020265504,0.2855447957416789,0.4462512823901915,0.27212923672330486,0.28161948088650357,0.05605067638680339,0.4449152542372881,0.5550847457627118,0.4119318615547225,0.5880681384452775
E1,0203,2002-11-30,Portsmouth,Walsall,3,2,H,,,0.6529534055949685,0.22672904686739861,0.12031754753763288,0.6783774225166185,0.21768515743534747,0.1039374200480341,0.056255803909152746,0.6009615384615384,0.3990384615384615,0.6012048192870381,0.39879518071296194
E1,0203,2002-11-30,Rotherham,Wolves,0,0,D,,,0.3293433269940708,0.28045642689338846,0.3902002461125405,0.3289879791899343,0.27606405313489846,0.3949479676751674,0.05719848885200918,0.37614678899082565,0.6238532110091743,0.30416243856765823,0.6958375614323418
E1,0203,2002-11-30,Sheffield United,Crystal Palace,2,1,H,,fpl-team-8,0.4652803526552136,0.2763049478844807,0.2584146994603057,0.47627931823265734,0.2715289810933145,0.25219170067402796,0.057072106981649995,0.46666666666666673,0.5333333333333333,0.44679044833212406,0.553209551667876
E1,0203,2002-11-30,Watford,Burnley,2,1,H,,,0.4294458762886598,0.27963917525773196,0.29091494845360827,0.437120373278892,0.2753605834213043,0.2875190432998036,0.05455812031868845,0.4449152542372881,0.5550847457627118,0.4119318615547225,0.5880681384452775
E1,0203,2002-11-30,Wimbledon,Sheffield Weds,3,0,H,,,0.5306630287289851,0.26237039907936743,0.2069665721916475,0.5479506026083892,0.2560221392966111,0.19602725809499966,0.060412784572690725,0.5172413793103449,0.4827586206896552,0.5274570853350237,0.4725429146649764
E1,0203,2002-12-07,Bradford,Gillingham,1,3,A,,,0.38792167857465865,0.2766573211540201,0.3354210002713213,0.39272970143244046,0.2716927050610874,0.33557759350647215,0.06048385472968221,0.4864864864864864,0.5135135135135135,0.48538011695777955,0.5146198830422205
E1,0203,2002-12-07,Burnley,Nott'm Forest,1,0,H,,fpl-team-18,0.3790346461356234,0.27983417234231567,0.341131181522061,0.38292444834901224,0.27530097266216313,0.34177457898882463,0.05843082070350647,0.5135135135135135,0.4864864864864864,0.5146198830422205,0.48538011695777955
E1,0203,2002-12-07,Crystal Palace,Millwall,1,0,H,fpl-team-8,,0.4043321299638989,0.27797833935018046,0.31768953068592054,0.41076899061605193,0.27298811329195727,0.3162428960919907,0.06220584746915847,0.4864864864864864,0.5135135135135135,0.48538011695777955,0.5146198830422205
E1,0203,2002-12-07,Derby,Watford,3,0,H,,,0.44731928514270475,0.27527340624166446,0.27740730861563084,0.45715686498142555,0.2702649195082379,0.2725782155103365,0.05910291522741318,0.5135135135135135,0.4864864864864864,0.5146198830422205,0.48538011695777955
E1,0203,2002-12-07,Ipswich,Rotherham,1,2,A,,,0.537943473743612,0.2631967554624996,0.19885977079388856,0.5555919353952656,0.256990457681583,0.18741760692315135,0.05952831439208239,0.5135135135135135,0.4864864864864864,0.5146198830422205,0.48538011695777955
E1,0203,2002-12-07,Leicester,Sheffield United,0,0,D,,,0.5349715818200573,0.2648896052923725,0.20013881288757032,0.5513256615263431,0.2592027517776902,0.18947158669596686,0.05584223521873355,0.5376344086021505,0.4623655913978494,0.5406976744129846,0.45930232558701545
E1,0203,2002-12-07,Preston,Wimbledon,3,5,A,,,0.44731928514270475,0.27527340624166446,0.27740730861563084,0.45715686498142555,0.2702649195082379,0.2725782155103365,0.05910291522741318,0.5135135135135135,0.4864864864864864,0.5146198830422205,0.48538011695777955
E1,0203,2002-12-07,Reading,Portsmouth,0,0,D,,,0.33372734213726213,0.2789752000678675,0.38729745779487035,0.3337366451716241,0.27423599212879307,0.39202736269958277,0.06016346160322428,0.5,0.5,0.5,0.5
E1,0203,2002-12-07,Sheffield Weds,Brighton,1,1,D,,fpl-team-5,0.4262295081967213,0.2754098360655738,0.29836065573770487,0.434202009476857,0.2704587810440662,0.2953392094790768,0.05875772680155933,0.4864864864864864,0.5135135135135135,0.48538011695777955,0.5146198830422205
E1,0203,2002-12-07,Stoke,Coventry,1,2,A,,,0.35197066911090746,0.2777268560953254,0.3703024747937672,0.3536488833792424,0.272688376218189,0.3736627404025686,0.06267699296586215,0.4864864864864864,0.5135135135135135,0.48538011695777955,0.5146198830422205
E1,0203,2002-12-07,Walsall,Grimsby,3,1,H,,,0.4824782872147041,0.27464148656837006,0.24288022621692593,0.4956378601159941,0.2694113716350758,0.23495076824893016,0.060573353664949536,0.5,0.5,0.5,0.5
E1,0203,2002-12-07,Wolves,Norwich,1,0,H,,,0.47838706333575204,0.2723126360526589,0.24930030061158914,0.4921804028054017,0.26646800063613013,0.24135159655846816,0.06540020764805377,0.5376344086021505,0.4623655913978494,0.5406976744129846,0.45930232558701545
E1,0203,2002-12-10,Brighton,Ipswich,1,1,D,fpl-team-5,,0.3400047612569719,0.2764844919058632,0.383510746837165,0.34056943063830863,0.2714785044829951,0.3879520648786963,0.06083109090104699,,,,
E1,0203,2002-12-14,Bradford,Nott'm Forest,1,0,H,,fpl-team-18,0.27527340624166446,0.27740730861563084,0.44731928514270475,0.2702649195082379,0.2725782155103365,0.45715686498142555,0.05910291522741318,0.4864864864864864,0.5135135135135135,0.48538011695777955,0.5146198830422205
E1,0203,2002-12-14,Burnley,Rotherham,2,6,A,,,0.49545119252520287,0.2744037373985739,0.23014507007622326,0.5098707548167047,0.26908071205456885,0.22104853312872647,0.06115373666398227,0.5135135135135135,0.4864864864864864,0.5146198830422205,0.48538011695777955
E1,0203,2002-12-14,Crystal Palace,Norwich,2,0,H,fpl-team-8,,0.4016136261766024,0.27924697445091884,0.3191393993724787,0.4075549685568589,0.27456570956610615,0.31787932187703494,0.05963644734583795,0.5,0.5,0.5,0.5
E1,0203,2002-12-14,Derby,Brighton,1,0,H,,fpl-team-5,0.5584756898817346,0.2628120893561104,0.17871222076215507,0.5781547648488898,0.25639858951396827,0.16544664563714184,0.06061856960877776,0.5376344086021505,0.4623655913978494,0.5406976744129846,0.45930232558701545
E1,0203,2002-12-14,Ipswich,Watford,4,2,H,,,0.46359612109828285,0.2752334509720421,0.261170427929675,0.47485969425588864,0.2701911770120947,0.25494912873201664,0.05925284093245864,0.5135135135135135,0.4864864864864864,0.5146198830422205,0.48538011695777955
E1,0203,2002-12-14,Leicester,Millwall,4,1,H,,,0.5573222306002689,0.2634986722617447,0.17917909713798644,0.5764304826908603,0.25730551588948875,0.16626400141965092,0.05909742112271488,0.5,0.5,0.5,0.5
E1,0203,2002-12-14,Preston,Grimsby,3,0,H,,,0.5403942048223284,0.2630448261708686,0.19656096900680292,0.5583499870063405,0.2567825347022772,0.18486747829138236,0.059885453432798386,0.5585106382978724,0.4414893617021276,0.5631095811795052,0.43689041882049473
E1,0203,2002-12-14,Reading,Sheffield United,0,2,A,,,0.45941030776045466,0.2784240144241267,0.2621656778154186,0.46992625978395247,0.27382501651077856,0.256248723705269,0.05709419446066022,0.4864864864864864,0.5135135135135135,0.48538011695777955,0.5146198830422205
E1,0203,2002-12-14,Sheffield Weds,Gillingham,0,2,A,,,0.3715846994535518,0.27868852459016386,0.3497267759562841,0.37495887087871543,0.2738846776102663,0.35115645151101826,0.060729291988536716,0.4623655913978494,0.5376344086021505,0.45930232558701545,0.5406976744129846
E1,0203,2002-12-14,Stoke,Portsmouth,1,1,D,,,0.20013881288757032,0.2648896052923725,0.5349715818200573,0.18947158669596686,0.2592027517776902,0.5513256615263431,0.05584223521873355,0.5376344086021505,0.4623655913978494,0.5406976744129846,0.45930232558701545
E1,0203,2002-12-14,Walsall,Wimbledon,2,0,H,,,0.37632563407351477,0.27538868105844805,0.3482856848680373,0.3802602221828094,0.2701082727276569,0.3496315050895337,0.06306554959155619,0.5135135135135135,0.4864864864864864,0.5146198830422205,0.48538011695777955
E1,0203,2002-12-14,Wolves,Coventry,0,2,A,,,0.532939998492695,0.2694576931772914,0.1976023083300137,0.5511685867731048,0.2634341522803142,0.18539726094658104,0.06316485581919551,0.5135135135135135,0.4864864864864864,0.5146198830422205,0.48538011695777955
E1,0203,2002-12-20,Brighton,Leicester,0,1,A,fpl-team-5,,0.23861424214690513,0.2732224146720288,0.48816334318106613,0.23050074136789572,0.26798146954971747,0.5015177890823869,0.05919751897454262,0.4864864864864864,0.5135135135135135,0.48538011695777955,0.5146198830422205
E1,0203,2002-12-21,Coventry,Derby,3,0,H,,,0.4262295081967213,0.2754098360655738,0.29836065573770487,0.434202009476857,0.2704587810440662,0.2953392094790768,0.05875772680155933,0.5376344086021505,0.4623655913978494,0.5406976744129846,0.45930232558701545
E1,0203,2002-12-21,Gillingham,Burnley,4,2,H,,,0.4132038408176161,0.2808494855557234,0.3059466736266604,0.41979616676054426,0.27653466063100945,0.3036691726084463,0.05645237769931555,0.5,0.5,0.5,0.5
E1,0203,2002-12-21,Grimsby,Sheffield Weds,2,0,H,,,0.4492218412028488,0.27433394882616724,0.2764442099709839,0.45883094653342454,0.2694441226872329,0.2717249307793426,0.05672490247525275,0.5376344086021505,0.4623655913978494,0.5406976744129846,0.45930232558701545
E1,0203,2002-12-21,Millwall,Wolves,1,1,D,,,0.3644280690001675,0.2818623346173171,0.3537095963825156,0.36689061329953154,0.2777931908575003,0.35531619584296803,0.054394864942878485,0.5,0.5,0.5,0.5
E1,0203,2002-12-21,Norwich,Walsall,2,1,H,,,0.5544766483660679,0.25729312100439844,0.1882302306295336,0.5737100974578939,0.2504849677643458,0.17580493477776027,0.06018073670566082,0.4864864864864864,0.5135135135135135,0.48538011695777955,0.5146198830422205
E1,0203,2002-12-21,Nott'm Forest,Reading,2,0,H,fpl-team-18,,0.4692902756866207,0.27226000726857386,0.2584497170448056,0.4813977234890195,0.2668008730769919,0.25180140343398866,0.06108901300467551,0.4864864864864864,0.5135135135135135,0.48538011695777955,0.5146198830422205
E1,0203,2002-12-21,Portsmouth,Ipswich,1,1,D,,,0.551636153254399,0.26051721982160303,0.18784662692399795,0.5709770042354725,0.2538571566241417,0.17516583914038583,0.06134701892733574,0.5585106382978724,0.4414893617021276,0.5631095811795052,0.43689041882049473
E1,0203,2002-12-21,Sheffield United,Preston,1,0,H,,,0.5206388294689077,0.263917947820489,0.21544322271060326,0.5363829507026682,0.25798581384012687,0.20563123545720494,0.057808576384559274,0.5135135135135135,0.4864864864864864,0.5146198830422205,0.48538011695777955
E1,0203,2002-12-21,Watford,Bradford,1,0,H,,,0.5667427220235938,0.26045524225171246,0.17280203572469383,0.5860978318953588,0.25416307365378976,0.1597390944508514,0.05747606768272817,0.5135135135135135,0.4864864864864864,0.5146198830422205,0.48538011695777955
E1,0203,2002-12-21,Wimbledon,Stoke,1,1,D,,,0.5554698349020213,0.26539114334207686,0.17913902175590188,0.5744574898861726,0.25934469698026247,0.16619781313356488,0.059217219008132815,0.5135135135135135,0.4864864864864864,0.5146198830422205,0.48538011695777955
E1,0203,2002-12-22,Rotherham,Crystal Palace,1,3,A,,fpl-team-8,0.42850971922246217,0.2812095032397408,0.29028077753779696,0.4362746920683938,0.2769643308492444,0.2867609770823618,0.05577251082286239,0.4864864864864864,0.5135135135135135,0.48538011695777955,0.5146198830422205
E1,0203,2002-12-26,Bradford,Stoke,4,2,H,,,0.45511547706134386,0.27657017452189364,0.2683143484167625,0.4651708665914701,0.27187421344994467,0.26295491995858516,0.05649123527109623,0.4864864864864864,0.5135135135135135,0.48538011695777955,0.5146198830422205
E1,0203,2002-12-26,Burnley,Wolves,2,1,H,,,0.3497267759562842,0.2786885245901639,0.37158469945355194,0.3511564515110182,0.2738846776102663,0.37495887087871543,0.060729291988536716,0.5135135135135135,0.4864864864864864,0.5146198830422205,0.48538011695777955
E1,0203,2002-12-26,Coventry,Reading,2,0,H,,,0.4688643178797028,0.2754036870253393,0.2557319950949579,0.4805177848515459,0.27039585182801806,0.2490863633204361,0.05892926442902535,0.4414893617021276,0.5585106382978724,0.43689041882049473,0.5631095811795052
E1,0203,2002-12-26,Derby,Grimsby,1,3,A,,,0.5717988188111502,0.2549405876442285,0.17326059354462134,0.5929236025632151,0.2477206196091212,0.15935577782766383,0.061574175488203764,0.5135135135135135,0.4864864864864864,0.5146198830422205,0.48538011695777955
E1,0203,2002-12-26,Leicester,Ipswich,1,2,A,,,0.5352059709680702,0.26174306609387377,0.20305096293805605,0.5523302816233148,0.25553532974097043,0.19213438863571466,0.05846931436099112,0.5135135135135135,0.4864864864864864,0.5146198830422205,0.48538011695777955
E1,0203,2002-12-26,Millwall,Gillingham,2,2,D,,,0.4482758620689655,0.27586206896551724,0.27586206896551724,0.4579998804089795,0.27100005979551034,0.27100005979551034,0.05790474032983184,,,,
E1,0203,2002-12-26,Norwich,Brighton,0,1,A,,fpl-team-5,0.6207048156054868,0.24111674313587636,0.13817844125863685,0.6446415880856632,0.2329777364352616,0.12238067547907516,0.05848211166448891,,,,
E1,0203,2002-12-26,Portsmouth,Crystal Palace,1,1,D,,fpl-team-8,0.5628522414978722,0.2586673127231526,0.1784804457789753,0.5831589423445045,0.251809663311325,0.1650313943441705,0.06140037439763546,0.5585106382978724,0.4414893617021276,0.5631095811795052,0.43689041882049473
E1,0203,2002-12-26,Preston,Rotherham,0,2,A,,,0.4272830988211006,0.2760906176997881,0.2966262834791112,0.4351614918903219,0.2713077058908648,0.2935308022188134,0.05737530346959829,0.5585106382978724,0.4414893617021276,0.5631095811795052,0.43689041882049473
E1,0203,2002-12-26,Sheffield Weds,Nott'm Forest,2,0,H,,fpl-team-18,0.27297474097364366,0.2709067505117221,0.45611850851463415,0.26772626522397497,0.26548366225298525,0.4667900725230398,0.059544899966567755,0.4623655913978494,0.5376344086021505,0.45930232558701545,0.5406976744129846
E1,0203,2002-12-26,Walsall,Sheffield United,0,1,A,,,0.3271303634719405,0.2795942325299242,0.39327540399813515,0.32657261827284634,0.27499961450913774,0.3984277672180158,0.05892624403350055,,,,
E1,0203,2002-12-26,Wimbledon,Watford,0,0,D,,,0.4463519313304721,0.27467811158798283,0.27896995708154504,0.456301636517967,0.26951929281562065,0.27417907066641234,0.060319863026961684,,,,
E1,0203,2002-12-28,Brighton,Burnley,2,2,D,fpl-team-5,,0.3595505617977528,0.28089887640449435,0.3595505617977528,0.3616931486743505,0.2766137026512991,0.3616931486743505,0.056301046162843704,0.5135135135135135,0.4864864864864864,0.5146198830422205,0.48538011695777955
E1,0203,2002-12-28,Crystal Palace,Preston,2,0,H,fpl-team-8,,0.5163310608751877,0.2661802215317759,0.2174887175930364,0.5326344785327484,0.26009080265059314,0.2072747188166585,0.061366334557533264,0.5135135135135135,0.4864864864864864,0.5146198830422205,0.48538011695777955
E1,0203,2002-12-28,Grimsby,Norwich,1,1,D,,,0.3582494628519733,0.2798823928531041,0.36186814429492253,0.3603545016407916,0.2753628576766857,0.36428264068252264,0.05832741316407919,0.4864864864864864,0.5135135135135135,0.48538011695777955,0.5146198830422205
E1,0203,2002-12-28,Ipswich,Walsall,3,2,H,,,0.5534833959176824,0.26249763997566555,0.18401896410665214,0.5729404695962947,0.2560087542606937,0.17105077614301148,0.06124225235544145,0.5,0.5,0.5,0.5
E1,0203,2002-12-28,Nott'm Forest,Portsmouth,1,2,A,fpl-team-18,,0.37410071942446044,0.2805755395683453,0.3453237410071942,0.37748267677222686,0.2762152006604015,0.34630212256737175,0.056947770761325955,0.5,0.5,0.5,0.5
E1,0203,2002-12-28,Reading,Derby,2,1,H,,,0.4612745370284663,0.27740341003758073,0.2613220529339529,0.471532855500886,0.27290126121850466,0.25556588328060936,0.05483045615255833,0.4864864864864864,0.5135135135135135,0.48538011695777955,0.5146198830422205
E1,0203,2002-12-28,Rotherham,Millwall,1,3,A,,,0.47533191280118015,0.27664317325028687,0.24802491394853302,0.4870322253259264,0.2719342045817021,0.2410335700923714,0.05643209698610008,0.5,0.5,0.5,0.5
E1,0203,2002-12-28,Sheffield United,Coventry,0,0,D,,,0.47089349021219745,0.2752915788932847,0.2538149308945178,0.48276692128415705,0.27025167079597096,0.24698140791987203,0.059169403510168195,0.5,0.5,0.5,0.5
E1,0203,2002-12-28,Stoke,Sheffield Weds,3,2,H,,,0.4262295081967213,0.2754098360655738,0.29836065573770487,0.434202009476857,0.2704587810440662,0.2953392094790768,0.05875772680155933,0.4623655913978494,0.5376344086021505,0.45930232558701545,0.5406976744129846
E1,0203,2002-12-28,Watford,Leicester,1,2,A,,,0.3369990806300148,0.2798672052419576,0.3831337141280275,0.3372889565252305,0.2753405745023632,0.38737046897240623,0.05836805538274348,0.5,0.5,0.5,0.5
E1,0203,2002-12-28,Wolves,Bradford,1,2,A,,,0.622192158464366,0.23958546048601187,0.13822238104962223,0.6461819348225747,0.23134746001153958,0.12247060516588575,0.05830317153595388,0.5376344086021505,0.4623655913978494,0.5406976744129846,0.45930232558701545
E1,0203,2003-01-01,Crystal Palace,Coventry,1,1,D,fpl-team-8,,0.42532146389713155,0.2769535113748764,0.2977250247279921,0.4333727835490404,0.2720375272634912,0.2945896891874685,0.059952810406684875,0.4864864864864864,0.5135135135135135,0.48538011695777955,0.5146198830422205
E1,0203,2003-01-01,Ipswich,Millwall,4,1,H,,,0.5202804056941966,0.2722800789799629,0.20743951532584037,0.5357864089839114,0.2670892860940171,0.19712430492207156,0.05707422597333789,0.5135135135135135,0.4864864864864864,0.5146198830422205,0.48538011695777955
E1,0203,2003-01-01,Nott'm Forest,Walsall,1,1,D,fpl-team-18,,0.5622937626802583,0.26221081197927926,0.1754954253404625,0.5827276642100393,0.25558616865264505,0.16168616713731557,0.0620015817694366,0.5376344086021505,0.4623655913978494,0.5406976744129846,0.45930232558701545
E1,0203,2003-01-01,Rotherham,Sheffield Weds,0,2,A,,,0.48951720512716834,0.2726234280862076,0.2378593667866241,0.504228086176708,0.2668365788560726,0.22893533496721943,0.06482676230370998,0.5,0.5,0.5,0.5
E1,0203,2003-01-01,Stoke,Preston,2,1,H,,,0.3822438156305832,0.27705268807332967,0.34070349629608704,0.3864928139530003,0.2721873795268286,0.34131980652017113,0.05967570189386606,0.5,0.5,0.5,0.5
E1,0203,2003-01-01,Watford,Portsmouth,2,2,D,,,0.32450704225352117,0.27887323943661974,0.3966197183098592,0.32370345949103535,0.274105338635762,0.4021912018732027,0.06038123299367726,0.5135135135135135,0.4864864864864864,0.5146198830422205,0.48538011695777955
E1,0203,2003-01-01,Wolves,Derby,1,1,D,,,0.49167927382753407,0.2723146747352496,0.23600605143721634,0.5067393606668952,0.2664367917492312,0.22682384758387358,0.0654933883342892,0.5,0.5,0.5,0.5
E1,0203,2003-01-11,Burnley,Ipswich,1,1,D,,,0.34378216630012315,0.280397329388538,0.37582050431133884,0.34463683835147446,0.27599567584730905,0.37936748580121643,0.057303744135424495,0.5376344086021505,0.4623655913978494,0.5406976744129846,0.45930232558701545
E1,0203,2003-01-11,Coventry,Brighton,0,0,D,,fpl-team-5,0.5813953488372093,0.2558139534883721,0.16279069767441862,0.602680714061884,0.24884308885340367,0.14847619708471232,0.05974109680391848,0.4864864864864864,0.5135135135135135,0.48538011695777955,0.5146198830422205
E1,0203,2003-01-11,Derby,Gillingham,1,1,D,,,0.4482758620689655,0.27586206896551724,0.27586206896551724,0.4579998804089795,0.27100005979551034,0.27100005979551034,0.05790474032983184,0.5,0.5,0.5,0.5
E1,0203,2003-01-11,Leicester,Stoke,0,0,D,,,0.6293119522655231,0.23829945925787802,0.1323885884765989,0.655165589221601,0.22943705800481676,0.11539735277358223,0.06168226501904428,0.5376344086021505,0.4623655913978494,0.5406976744129846,0.45930232558701545
E1,0203,2003-01-11,Millwall,Watford,4,0,H,,,0.43238275442627383,0.27819975672388164,0.28941748884984464,0.44070014094174226,0.2735801661791594,0.2857196928790983,0.057450560852885246,0.4864864864864864,0.5135135135135135,0.48538011695777955,0.5146198830422205
E1,0203,2003-01-11,Norwich,Rotherham,1,1,D,,,0.5367441835714775,0.26260998510916256,0.20064583131936015,0.5546550309794951,0.25622662932624074,0.18911833969426417,0.060795870842412114,0.5376344086021505,0.4623655913978494,0.5406976744129846,0.45930232558701545
E1,0203,2003-01-11,Sheffield Weds,Reading,3,2,H,,,0.3569314819030276,0.2788527202367403,0.36421579786023217,0.35899097945739444,0.2740891567451367,0.3669198637974688,0.06039580865763128,0.4623655913978494,0.5376344086021505,0.45930232558701545,0.5406976744129846
E1,0203,2003-01-11,Walsall,Wolves,0,1,A,,,0.34228321760728075,0.2791747493609384,0.3785420330317808,0.34304036032718155,0.2744859893245435,0.38247365034827485,0.059753669891506433,0.5135135135135135,0.4864864864864864,0.5146198830422205,0.48538011695777955
E1,0203,2003-01-11,Wimbledon,Grimsby,3,3,D,,,0.5132905071049167,0.26637479003041725,0.2203347028646661,0.529216814647829,0.26035184432635466,0.21043134102581634,0.06092254922259599,0.5135135135135135,0.4864864864864864,0.5146198830422205,0.48538011695777955
E1,0203,2003-01-13,Portsmouth,Sheffield United,1,2,A,,,0.4990403071017275,0.2763915547024952,0.22456813819577734,0.512818488091196,0.27157139802738334,0.2156101138814206,0.05708477273583412,0.5376344086021505,0.4623655913978494,0.5406976744129846,0.45930232558701545
E1,0203,2003-01-17,Sheffield United,Sheffield Weds,3,1,H,,,0.532939998492695,0.2694576931772914,0.1976023083300137,0.5511685867731048,0.2634341522803142,0.18539726094658104,0.06316485581919551,0.4864864864864864,0.5135135135135135,0.48538011695777955,0.5146198830422205
E1,0203,2003-01-18,Brighton,Portsmouth,1,1,D,fpl-team-5,,0.26558690488323045,0.2758017858402778,0.45861130927649163,0.25985412121772467,0.2709106348936294,0.46923524388864607,0.05806818720884621,0.5135135135135135,0.4864864864864864,0.5146198830422205,0.48538011695777955
E1,0203,2003-01-18,Crystal Palace,Burnley,1,1,D,fpl-team-8,,0.5112220359610057,0.2773969416668411,0.2113810223721532,0.5254959016705782,0.2727964593490119,0.20170763898040986,0.05512187094427645,0.5376344086021505,0.4623655913978494,0.5406976744129846,0.45930232558701545
E1,0203,2003-01-18,Gillingham,Leicester,3,2,H,,,0.31576586678627494,0.27876205427225836,0.4054720789414667,0.31418680025962287,0.27396211320281455,0.41185108653756264,0.06062084366567433,0.4623655913978494,0.5376344086021505,0.45930232558701545,0.5406976744129846
E1,0203,2003-01-18,Grimsby,Millwall,0,2,A,,,0.37507889279596074,0.28013704805698314,0.3447840591470562,0.3785939620075447,0.27567533956449597,0.3457306984279592,0.057822638656944036,0.5135135135135135,0.4864864864864864,0.5146198830422205,0.48538011695777955
E1,0203,2003-01-18,Ipswich,Preston,3,0,H,,,0.5797669728881918,0.2604750168048398,0.1597580103069684,0.6001790872927638,0.25412064695356656,0.14570026575366954,0.05762640596367419,0.5585106382978724,0.4414893617021276,0.5631095811795052,0.43689041882049473
E1,0203,2003-01-18,Nott'm Forest,Coventry,1,1,D,fpl-team-18,,0.4262295081967213,0.2754098360655738,0.29836065573770487,0.434202009476857,0.2704587810440662,0.2953392094790768,0.05875772680155933,0.5135135135135135,0.4864864864864864,0.5146198830422205,0.48538011695777955
E1,0203,2003-01-18,Reading,Walsall,0,0,D,,,0.5330291038887192,0.26157619407009647,0.20539470204118426,0.5512488322415412,0.25488157142224527,0.19386959633621353,0.06302522704936564,0.4623655913978494,0.5376344086021505,0.45930232558701545,0.5406976744129846
E1,0203,2003-01-18,Rotherham,Bradford,3,2,H,,,0.47503860010293364,0.27406073082861554,0.2509006690684509,0.48778125297669483,0.2686940937952208,0.2435246532280844,0.061730341985821724,0.4864864864864864,0.5135135135135135,0.48538011695777955,0.5146198830422205
E1,0203,2003-01-18,Stoke,Derby,1,3,A,,,0.3977826306064169,0.27969091214513686,0.3225264572484462,0.40330729374485536,0.2751168601344794,0.3215758461206653,0.05873873457312584,0.4623655913978494,0.5376344086021505,0.45930232558701545,0.5406976744129846
E1,0203,2003-01-18,Wolves,Wimbledon,1,1,D,,,0.5267446526127351,0.26337232630636753,0.20988302108089754,0.5433239432377633,0.25725772758776494,0.19941832917447172,0.05903880833648145,0.5135135135135135,0.4864864864864864,0.5146198830422205,0.48538011695777955
E1,0203,2003-01-19,Watford,Norwich,2,1,H,,,0.42440318302387264,0.27851458885941643,0.29708222811671087,0.43253155804654525,0.2736390049402725,0.29382943701318226,0.06116653839126229,0.5135135135135135,0.4864864864864864,0.5146198830422205,0.48538011695777955
E1,0203,2003-01-25,Grimsby,Bradford,1,2,A,,,0.4262295081967213,0.2754098360655738,0.29836065573770487,0.434202009476857,0.2704587810440662,0.2953392094790768,0.05875772680155933,0.5135135135135135,0.4864864864864864,0.5146198830422205,0.48538011695777955
E1,0203,2003-01-25,Preston,Nott'm Forest,1,1,D,,fpl-team-18,0.3595505617977528,0.28089887640449435,0.3595505617977528,0.3616931486743505,0.2766137026512991,0.3616931486743505,0.056301046162843704,0.5,0.5,0.5,0.5
E1,0203,2003-01-28,Reading,Leicester,1,3,A,,,0.35308246597277826,0.2830264211369095,0.36389111289031223,0.35481856952914215,0.2785905502914893,0.36659088017936853,0.06088711996562779,,,,
E1,0203,2003-02-01,Bradford,Ipswich,2,0,H,,,0.31001589825119236,0.2766295707472178,0.4133545310015898,0.3080759897662046,0.271989048864426,0.4199349613693695,0.05625317757949233,,,,
E1,0203,2003-02-01,Burnley,Reading,2,5,A,,,0.44731928514270475,0.27527340624166446,0.27740730861563084,0.45715686498142555,0.2702649195082379,0.2725782155103365,0.05910291522741318,,,,
E1,0203,2003-02-01,Coventry,Watford,0,1,A,,,0.47751741608613046,0.2754908169727676,0.24699176694110195,0.48988056415805714,0.27048934487837684,0.23963009096356605,0.058796036057174206,,,,
E1,0203,2003-02-01,Derby,Rotherham,3,0,H,,,0.44731928514270475,0.27527340624166446,0.27740730861563084,0.45715686498142555,0.2702649195082379,0.2725782155103365,0.05910291522741318,,,,
E1,0203,2003-02-01,Leicester,Crystal Palace,1,0,H,,fpl-team-8,0.5195277020890099,0.2715712988192552,0.20890099909173473,0.5353609301978084,0.26619104134576677,0.19844802845642492,0.05854945536702871,,,,
E1,0203,2003-02-01,Millwall,Sheffield United,1,0,H,,,0.3559650551981797,0.2808786763673137,0.36315626843450655,0.35781276603328277,0.27658882762445725,0.36559840634226,0.056341399205848575,,,,
E1,0203,2003-02-01,Norwich,Stoke,2,2,D,,,0.5598422705255215,0.2604483606357861,0.17970936883869243,0.5786327452314062,0.25418559231103643,0.16718166245755736,0.05740180518478155,,,,
E1,0203,2003-02-01,Portsmouth,Grimsby,3,0,H,,,0.641025641025641,0.2393162393162393,0.11965811965811965,0.6668263447151576,0.23077302090331062,0.10240063438153177,0.05949563439935446,,,,
E1,0203,2003-02-01,Preston,Gillingham,3,0,H,,,0.3966197183098592,0.27887323943661974,0.32450704225352117,0.4021912018732027,0.274105338635762,0.32370345949103535,0.06038123299367726,,,,
E1,0203,2003-02-01,Sheffield Weds,Wolves,0,4,A,,,0.32592758408416816,0.280094017572332,0.39397839834349996,0.3252781436489135,0.2756161365642371,0.3991057197868494,0.05792645504698157,,,,
E1,0203,2003-02-01,Walsall,Brighton,1,0,H,,fpl-team-5,0.4861872943053755,0.2752568066221203,0.23855589907250424,0.4993999286138842,0.2701777866494519,0.23042228473666385,0.059327831491827965,,,,
E1,0203,2003-02-01,Wimbledon,Nott'm Forest,2,3,A,,fpl-team-18,0.37410071942446044,0.2805755395683453,0.3453237410071942,0.37748267677222686,0.2762152006604015,0.34630212256737175,0.056947770761325955,,,,
E1,0203,2003-02-04,Brighton,Wimbledon,2,3,A,fpl-team-5,,0.38362933841387054,0.2799295328738712,0.3364411287122583,0.38789971799575695,0.2754173120134342,0.33668296999080893,0.05824379075784236,,,,
E1,0203,2003-02-08,Brighton,Wolves,4,1,H,fpl-team-5,,0.29428059312367605,0.27831187876812774,0.4274075281081961,0.2910011720122497,0.27372385344492417,0.4352749745428262,0.05721106752753258,0.5135135135135135,0.4864864864864864,0.5146198830422205,0.48538011695777955
E1,0203,2003-02-08,Coventry,Burnley,0,1,A,,,0.5122410546139359,0.263653483992467,0.22410546139359697,0.5274225735842676,0.2576649767556798,0.21491244966005263,0.05831381934694946,0.5,0.5,0.5,0.5
E1,0203,2003-02-08,Grimsby,Stoke,2,0,H,,,0.4016136261766024,0.27924697445091884,0.3191393993724787,0.4075549685568589,0.27456570956610615,0.31787932187703494,0.05963644734583795,0.5135135135135135,0.4864864864864864,0.5146198830422205,0.48538011695777955
E1,0203,2003-02-08,Ipswich,Sheffield United,3,2,H,,,0.42243143675808437,0.2783462955382726,0.2992222677036431,0.42987195576696174,0.27377081893416066,0.2963572252988776,0.057129298453219235,0.5376344086021505,0.4623655913978494,0.5406976744129846,0.45930232558701545
E1,0203,2003-02-08,Nott'm Forest,Crystal Palace,2,1,H,fpl-team-18,fpl-team-8,0.4687991015542493,0.27543750289779667,0.255763395547954,0.4804336033320639,0.27043836049087255,0.24912803617706356,0.05885964771732688,0.5,0.5,0.5,0.5
E1,0203,2003-02-08,Portsmouth,Derby,6,2,H,,,0.5753943528275094,0.26239674825266274,0.16220889891982787,0.5968502509413744,0.2557551814633667,0.1473945675952589,0.06180794979445636,0.5376344086021505,0.4623655913978494,0.5406976744129846,0.45930232558701545
E1,0203,2003-02-08,Preston,Millwall,2,1,H,,,0.37327605697490396,0.2821614288944156,0.3445625141306805,0.37665957724535143,0.27784295718920854,0.34549746556544003,0.05817717802710831,0.5,0.5,0.5,0.5
E1,0203,2003-02-08,Sheffield Weds,Norwich,2,2,D,,,0.35162165216408636,0.2824047915018646,0.365973556334049,0.3531459722193594,0.2781421925797748,0.36871183520086587,0.05769181635696441,0.4623655913978494,0.5376344086021505,0.45930232558701545,0.5406976744129846
E1,0203,2003-02-08,Walsall,Leicester,1,4,A,,,0.2962071541206739,0.27554153871690595,0.42825130716242005,0.2927840407790104,0.27026717945807593,0.4369487797629137,0.06284712802153081,0.5135135135135135,0.4864864864864864,0.5146198830422205,0.48538011695777955
E1,0203,2003-02-08,Watford,Rotherham,1,2,A,,,0.5192012594352232,0.273789488563246,0.20700925200153075,0.534925462104515,0.26861713363915535,0.19645740425632974,0.058253917610272765,0.5376344086021505,0.4623655913978494,0.5406976744129846,0.45930232558701545
E1,0203,2003-02-08,Wimbledon,Bradford,2,2,D,,,0.46439997142154027,0.2728528447475173,0.26274718383094253,0.4766488450678739,0.2671848907990958,0.25616626413303034,0.06418355531059206,0.5376344086021505,0.4623655913978494,0.5406976744129846,0.45930232558701545
E1,0203,2003-02-10,Reading,Gillingham,2,1,H,,,0.4903748632296293,0.2738555005420853,0.23576963622828537,0.5045951573113245,0.26839994652149674,0.22700489616717875,0.062256118981167674,0.4623655913978494,0.5376344086021505,0.45930232558701545,0.5406976744129846
E1,0203,2003-02-15,Bradford,Brighton,0,1,A,,fpl-team-5,0.49167927382753407,0.2723146747352496,0.23600605143721634,0.5067393606668952,0.2664367917492312,0.22682384758387358,0.0654933883342892,0.5,0.5,0.5,0.5
E1,0203,2003-02-15,Derby,Sheffield Weds,2,2,D,,,0.5371974095147142,0.26362172875744133,0.19918086172784455,0.5545169988527723,0.25754803118703706,0.18793496996019063,0.05859736166894436,0.5135135135135135,0.4864864864864864,0.5146198830422205,0.48538011695777955
E1,0203,2003-02-15,Gillingham,Grimsby,3,0,H,,,0.5192609119148673,0.26714811393590265,0.21359097414923006,0.5352820391150205,0.2613328506242358,0.2033851102607437,0.05931913573294878,0.5135135135135135,0.4864864864864864,0.5146198830422205,0.48538011695777955
E1,0203,2003-02-15,Millwall,Reading,0,2,A,,,0.4342350235461614,0.27390209177527103,0.2918628846785675,0.44334156049152385,0.2685574595207297,0.28810097998774653,0.061875418527051806,0.5,0.5,0.5,0.5
E1,0203,2003-02-15,Rotherham,Coventry,1,0,H,,,0.40606871932173133,0.2748772869254797,0.3190539937527889,0.412413825025196,0.2698075613540665,0.3177786136207375,0.05980112892575562,0.4623655913978494,0.5376344086021505,0.45930232558701545,0.5406976744129846
E1,0203,2003-02-17,Leicester,Portsmouth,1,1,D,,,0.4016136261766024,0.27924697445091884,0.3191393993724787,0.4075549685568589,0.27456570956610615,0.31787932187703494,0.05963644734583795,0.5135135135135135,0.4864864864864864,0.5146198830422205,0.48538011695777955
E1,0203,2003-02-18,Sheffield United,Reading,1,3,A,,,0.49167927382753407,0.2723146747352496,0.23600605143721634,0.5067393606668952,0.2664367917492312,0.22682384758387358,0.0654933883342892,0.4864864864864864,0.5135135135135135,0.48538011695777955,0.5146198830422205
E1,0203,2003-02-19,Ipswich,Wolves,2,4,A,,,0.4678654661401151,0.27694734104231933,0.25518719281756563,0.4796624621860695,0.2719722855461248,0.2483652522678057,0.06013140548020601,0.5376344086021505,0.4623655913978494,0.5406976744129846,0.45930232558701545
E1,0203,2003-02-22,Brighton,Millwall,1,0,H,fpl-team-5,,0.38071243133526245,0.2799885124938072,0.3392990561709304,0.3850203422949616,0.2751622898141218,0.33981736789091666,0.06252793851308525,0.5,0.5,0.5,0.5
E1,0203,2003-02-22,Burnley,Derby,2,0,H,,,0.44731928514270475,0.27740730861563084,0.27527340624166446,0.45715686498142555,0.2725782155103365,0.2702649195082379,0.05910291522741318,0.5376344086021505,0.4623655913978494,0.5406976744129846,0.45930232558701545
E1,0203,2003-02-22,Coventry,Bradford,0,2,A,,,0.5081809432146295,0.2694898941289702,0.2223291626564004,0.5241324664196151,0.2635636945988835,0.21230383898150143,0.06284346629399806,0.5,0.5,0.5,0.5
E1,0203,2003-02-22,Crystal Palace,Sheffield Weds,0,0,D,fpl-team-8,,0.5585106382978723,0.2553191489361702,0.18617021276595744,0.5781933447860299,0.24829678009230494,0.17350987512166505,0.060526709305122495,0.5135135135135135,0.4864864864864864,0.5146198830422205,0.48538011695777955
E1,0203,2003-02-22,Ipswich,Grimsby,2,2,D,,,0.6370138578453285,0.23781850692892265,0.12516763522574875,0.6640213197826357,0.22865426528087993,0.1073244149364845,0.06313659506849945,0.5585106382978724,0.4414893617021276,0.5631095811795052,0.43689041882049473
E1,0203,2003-02-22,Leicester,Wimbledon,4,0,H,,,0.584016650273545,0.25554899996969543,0.16043434975675946,0.6057342389564057,0.2484696934824829,0.14579606756111138,0.06039018975570798,0.5135135135135135,0.4864864864864864,0.5146198830422205,0.48538011695777955
E1,0203,2003-02-22,Nott'm Forest,Stoke,6,0,H,fpl-team-18,,0.5827417621505442,0.2549911453524452,0.1622670924970106,0.6047892571780505,0.24772366702817128,0.14748707579377812,0.06164307869039476,0.5135135135135135,0.4864864864864864,0.5146198830422205,0.48538011695777955
E1,0203,2003-02-22,Portsmouth,Gillingham,1,0,H,,,0.5868822699585537,0.25680291326900717,0.15631481677243914,0.6078478916476507,0.2501390191560195,0.14201308919632985,0.057593225967139006,0.5376344086021505,0.4623655913978494,0.5406976744129846,0.45930232558701545
E1,0203,2003-02-22,Preston,Wolves,0,2,A,,,0.3595505617977528,0.28089887640449435,0.3595505617977528,0.3616931486743505,0.2766137026512991,0.3616931486743505,0.056301046162843704,0.5376344086021505,0.4623655913978494,0.5406976744129846,0.45930232558701545
E1,0203,2003-02-22,Reading,Rotherham,3,0,H,,,0.48960530280204884,0.27342573064175957,0.23696896655619162,0.5039536815751783,0.26785692250289883,0.22818939592192286,0.06314664683304727,0.5,0.5,0.5,0.5
E1,0203,2003-02-22,Sheffield United,Norwich,0,1,A,,,0.5136261441351608,0.27419734156138587,0.21217651430345333,0.5297725227829487,0.26876650339052266,0.20146097382652858,0.06173568102531135,0.4864864864864864,0.5135135135135135,0.48538011695777955,0.5146198830422205
E1,0203,2003-02-22,Walsall,Watford,2,0,H,,,0.36550749222504947,0.2798416737348035,0.3546508340401471,0.3682369541257709,0.2753124418717937,0.3564506040024354,0.05840940843336284,0.4864864864864864,0.5135135135135135,0.48538011695777955,0.5146198830422205
E1,0203,2003-02-25,Gillingham,Norwich,1,0,H,,,0.39832869080779937,0.2757660167130919,0.3259052924791086,0.40382777098980527,0.27092282956349195,0.3252493994467028,0.05797737371176481,0.4864864864864864,0.5135135135135135,0.48538011695777955,0.5146198830422205
E1,0203,2003-02-25,Wolves,Watford,0,0,D,,,0.5369739936124661,0.26374899098024074,0.19927701540729298,0.5541956136097119,0.257714713634749,0.1880896727555391,0.058319315081462264,0.5135135135135135,0.4864864864864864,0.5146198830422205,0.48538011695777955
E1,0203,2003-02-26,Stoke,Walsall,1,0,H,,,0.39832869080779937,0.2757660167130919,0.3259052924791086,0.40382777098980527,0.27092282956349195,0.3252493994467028,0.05797737371176481,0.5,0.5,0.5,0.5
E1,0203,2003-02-28,Rotherham,Sheffield United,1,2,A,,,0.36804198537211763,0.2817821450505276,0.3501758695773547,0.37080099099613295,0.2776949252821424,0.3515040837217247,0.05455391388386488,0.5,0.5,0.5,0.5
E1,0203,2003-03-01,Bradford,Walsall,1,2,A,,,0.46945208235530816,0.27509892026021066,0.2554489973844813,0.4812771775444465,0.27001238027547264,0.24871044218008095,0.05955756944604218,0.5135135135135135,0.4864864864864864,0.5146198830422205,0.48538011695777955
E1,0203,2003-03-01,Derby,Leicester,1,1,D,,,0.3183755889611847,0.2764191159973076,0.4052052950415077,0.317016227443214,0.27138646310840686,0.4115973094483791,0.060994207160547376,0.5135135135135135,0.4864864864864864,0.5146198830422205,0.48538011695777955
E1,0203,2003-03-01,Gillingham,Brighton,3,0,H,,fpl-team-5,0.48201333689521514,0.273018241203244,0.24496842190154086,0.4949253351086632,0.2677363625291669,0.2373383023621699,0.0595836469437927,0.4623655913978494,0.5376344086021505,0.45930232558701545,0.5406976744129846
E1,0203,2003-03-01,Grimsby,Coventry,0,2,A,,,0.3814182457067296,0.27861410916858764,0.33996764512468275,0.3856783690796027,0.2737900375838921,0.34053159333650534,0.06088609411381185,0.4864864864864864,0.5135135135135135,0.48538011695777955,0.5146198830422205
E1,0203,2003-03-01,Millwall,Portsmouth,0,5,A,,,0.32178592449339954,0.27688556293618094,0.40132851257041957,0.32074668116497135,0.2719709936417935,0.40728232519323515,0.060038387309759855,0.5,0.5,0.5,0.5
E1,0203,2003-03-01,Sheffield Weds,Preston,0,1,A,,,0.3798690577536397,0.28163729360015943,0.338493648646201,0.3835949771178025,0.277515789561834,0.3388892333203635,0.05484587652608752,0.5,0.5,0.5,0.5
E1,0203,2003-03-01,Stoke,Burnley,0,1,A,,,0.3497267759562842,0.2786885245901639,0.37158469945355194,0.3511564515110182,0.2738846776102663,0.37495887087871543,0.060729291988536716,0.5135135135135135,0.4864864864864864,0.5146198830422205,0.48538011695777955
E1,0203,2003-03-01,Watford,Nott'm Forest,1,1,D,,fpl-team-18,0.376314283470045,0.2807657349327289,0.3429199815972261,0.3798584229942038,0.2764484761214411,0.34369310088435506,0.05657067010179162,0.4864864864864864,0.5135135135135135,0.48538011695777955,0.5146198830422205
E1,0203,2003-03-01,Wimbledon,Reading,2,0,H,,,0.3293433269940708,0.28045642689338846,0.3902002461125405,0.3289879791899343,0.27606405313489846,0.3949479676751674,0.05719848885200918,0.5,0.5,0.5,0.5
E1,0203,2003-03-01,Wolves,Crystal Palace,4,0,H,,fpl-team-8,0.5190217226923799,0.2718572871738723,0.20912099013374794,0.5346549719632436,0.266556318078549,0.19878870995820733,0.05794624495320022,0.5135135135135135,0.4864864864864864,0.5146198830422205,0.48538011695777955
E1,0203,2003-03-02,Norwich,Ipswich,0,2,A,,,0.3780409938202674,0.28028195557455765,0.341677050605175,0.3817892820145279,0.2758531718918075,0.3423575460936646,0.05753525369800627,0.4864864864864864,0.5135135135135135,0.48538011695777955,0.5146198830422205
E1,0203,2003-03-04,Bradford,Leicester,0,0,D,,,0.261351914615919,0.2734143106751153,0.46523377470896576,0.25476214721925433,0.2678954248211732,0.47734242795957244,0.06301780068315566,0.5135135135135135,0.4864864864864864,0.5146198830422205,0.48538011695777955
E1,0203,2003-03-04,Gillingham,Nott'm Forest,1,4,A,,fpl-team-18,0.3870850386539336,0.2782173715325148,0.3346975898135516,0.3919119971635556,0.27329493022013057,0.3347930726163138,0.061694425414316356,0.4864864864864864,0.5135135135135135,0.48538011695777955,0.5146198830422205
E1,0203,2003-03-04,Grimsby,Sheffield United,1,4,A,,,0.3071594783267493,0.28096758482601875,0.41187293684723203,0.3051550696622215,0.2770016169149924,0.4178433134227861,0.05188868357799947,0.5,0.5,0.5,0.5
E1,0203,2003-03-04,Millwall,Burnley,1,1,D,,,0.39747899159663863,0.2773109243697479,0.32521008403361346,0.40301535536160044,0.27250270120109576,0.3244819434373038,0.05917003005743027,0.5,0.5,0.5,0.5
E1,0203,2003-03-04,Rotherham,Walsall,0,0,D,,,0.4857394125941987,0.2756288759836849,0.23863171142211645,0.49969359011106507,0.27027883742516934,0.23002757246376565,0.06295077968388796,0.4864864864864864,0.5135135135135135,0.48538011695777955,0.5146198830422205
E1,0203,2003-03-04,Watford,Preston,0,1,A,,,0.4867714762469592,0.27408978508674936,0.2391387386662914,0.5005590774177993,0.26870518709858354,0.23073573548361725,0.061743886093609035,0.5,0.5,0.5,0.5
E1,0203,2003-03-04,Wimbledon,Portsmouth,2,1,H,,,0.2604241961132566,0.276450300489457,0.4631255033972863,0.2543968071836837,0.27171354120981556,0.4738896516065007,0.05676714167930186,0.5376344086021505,0.4623655913978494,0.5406976744129846,0.45930232558701545
E1,0203,2003-03-05,Derby,Crystal Palace,0,1,A,,fpl-team-8,0.40970320884897604,0.27948746030007665,0.31080933085094736,0.41582746878344895,0.27518844992536257,0.30898408129118843,0.05481855105608702,0.5,0.5,0.5,0.5
E1,0203,2003-03-05,Norwich,Reading,0,1,A,,,0.3936560374030628,0.2776953442145637,0.3286486183823735,0.3987940427677912,0.2729821401307756,0.32822381710143317,0.0583879160694778,0.4623655913978494,0.5376344086021505,0.45930232558701545,0.5406976744129846
E1,0203,2003-03-05,Sheffield Weds,Coventry,5,1,H,,,0.3595505617977528,0.28089887640449435,0.3595505617977528,0.3616931486743505,0.2766137026512991,0.3616931486743505,0.056301046162843704,0.4623655913978494,0.5376344086021505,0.45930232558701545,0.5406976744129846
E1,0203,2003-03-05,Stoke,Brighton,1,0,H,,fpl-team-5,0.4004622452718509,0.27844640491558387,0.3210913498125652,0.40645608240464776,0.2735731627225563,0.31997075487279597,0.061249795369803905,0.4623655913978494,0.5376344086021505,0.45930232558701545,0.5406976744129846
E1,0203,2003-03-05,Wolves,Ipswich,1,1,D,,,0.47102938154920904,0.27326895418122055,0.2557016642695706,0.4828832351030546,0.2680736923450383,0.2490430725519071,0.05900507839396596,0.5135135135135135,0.4864864864864864,0.5146198830422205,0.48538011695777955
E1,0203,2003-03-08,Bradford,Crystal Palace,2,1,H,,fpl-team-8,0.3902002461125406,0.2804564268933885,0.32934332699407093,0.3949479676751674,0.2760640531348984,0.3289879791899342,0.05719848885200918,0.5,0.5,0.5,0.5
E1,0203,2003-03-08,Brighton,Rotherham,2,0,H,fpl-team-5,,0.3924617594861827,0.2768528690949041,0.3306853714189132,0.3976396882033003,0.2719347207491813,0.3304255910475184,0.06009184895083308,0.5,0.5,0.5,0.5
E1,0203,2003-03-08,Coventry,Wimbledon,2,2,D,,,0.4262295081967213,0.2754098360655738,0.29836065573770487,0.434202009476857,0.2704587810440662,0.2953392094790768,0.05875772680155933,0.4864864864864864,0.5135135135135135,0.48538011695777955,0.5146198830422205
E1,0203,2003-03-08,Ipswich,Stoke,0,0,D,,,0.6121957557148473,0.24606868292205117,0.14173556136310148,0.6385154206950022,0.23726704586042618,0.1242175334445716,0.06662246747873724,0.5585106382978724,0.4414893617021276,0.5631095811795052,0.43689041882049473
E1,0203,2003-03-08,Leicester,Sheffield Weds,1,1,D,,,0.641025641025641,0.2393162393162393,0.11965811965811965,0.6668263447151576,0.23077302090331062,0.10240063438153177,0.05949563439935446,0.5135135135135135,0.4864864864864864,0.5146198830422205,0.48538011695777955
E1,0203,2003-03-08,Preston,Derby,4,2,H,,,0.45581634084445977,0.2762459033117819,0.26793775584375834,0.4668025938401362,0.2711144322820986,0.26208297387776525,0.06150763179175556,0.5135135135135135,0.4864864864864864,0.5146198830422205,0.48538011695777955
E1,0203,2003-03-08,Walsall,Millwall,1,2,A,,,0.41437820942174586,0.27841035945523557,0.3072114311230186,0.4216313762589148,0.2735184705910734,0.3048501531500119,0.06135132513009012,0.5,0.5,0.5,0.5
E1,0203,2003-03-10,Nott'm Forest,Grimsby,2,2,D,fpl-team-18,,0.635593220338983,0.23728813559322035,0.1271186440677966,0.6630222792272404,0.22790020355768612,0.1090775172150734,0.06443637073971331,0.5376344086021505,0.4623655913978494,0.5406976744129846,0.45930232558701545
E1,0203,2003-03-11,Crystal Palace,Ipswich,1,1,D,fpl-team-8,,0.37410071942446044,0.2805755395683453,0.3453237410071942,0.37748267677222686,0.2762152006604015,0.34630212256737175,0.056947770761325955,,,,
E1,0203,2003-03-11,Gillingham,Wimbledon,3,3,D,,,0.4383411371237459,0.27863545150501673,0.28302341137123743,0.4470300006835692,0.2741135719126683,0.2788564274037626,0.05659163766540587,,,,
E1,0203,2003-03-12,Portsmouth,Norwich,3,2,H,,,0.584673209438296,0.25558571726874085,0.15974107329296305,0.6064180893059516,0.24851508641057315,0.1450668242834752,0.0603181819897145,0.5135135135135135,0.4864864864864864,0.5146198830422205,0.48538011695777955
E1,0203,2003-03-12,Reading,Wolves,0,1,A,,,0.4085988927754979,0.2787341284049908,0.3126669788195114,0.4147953445578057,0.2742604238986633,0.31094423154353107,0.05632191721815616,0.5,0.5,0.5,0.5
E1,0203,2003-03-12,Sheffield United,Burnley,4,2,H,,,0.5074678507583185,0.26988062972146937,0.2226515195202122,0.5231506912415674,0.264067394779449,0.2127819139789835,0.062008233508095145,0.5,0.5,0.5,0.5
E1,0203,2003-03-15,Brighton,Nott'm Forest,1,0,H,fpl-team-5,fpl-team-18,0.33528071929876047,0.27441437333375474,0.39030490736748485,0.3354230270512385,0.2692349130568715,0.3953420598918899,0.06072633666917682,0.5,0.5,0.5,0.5
E1,0203,2003-03-15,Derby,Bradford,1,2,A,,,0.442371020856202,0.27222832052689355,0.2854006586169045,0.4527530334473199,0.26642735983723637,0.28081960671544376,0.06538463057950139,0.5,0.5,0.5,0.5
E1,0203,2003-03-15,Gillingham,Rotherham,1,1,D,,,0.4772075018354135,0.27384368951478344,0.24894880864980307,0.4902375675236096,0.2684152382575433,0.24134719421884715,0.062193563440814614,0.5135135135135135,0.4864864864864864,0.5146198830422205,0.48538011695777955
E1,0203,2003-03-15,Grimsby,Watford,1,0,H,,,0.36473446404649995,0.27924982403560156,0.35601571191789844,0.3674495734326029,0.2745810935196625,0.3579693330477347,0.05959642864763737,0.4864864864864864,0.5135135135135135,0.48538011695777955,0.5146198830422205
E1,0203,2003-03-15,Leicester,Preston,2,1,H,,,0.5700863981870544,0.25943062178367404,0.1704829800292715,0.5904673914767854,0.2527881527675038,0.15674445575571086,0.059800161980092525,0.5135135135135135,0.4864864864864864,0.5146198830422205,0.48538011695777955
E1,0203,2003-03-15,Norwich,Coventry,2,0,H,,,0.48754875487548754,0.27452745274527457,0.23792379237923794,0.5012082709257643,0.2692562384707643,0.22953549060347153,0.06084177060984075,0.4623655913978494,0.5376344086021505,0.45930232558701545,0.5406976744129846
E1,0203,2003-03-15,Portsmouth,Wolves,1,0,H,,,0.5060476528206407,0.27065882037225175,0.22329352680710768,0.5212017999862979,0.26506711571168073,0.2137310843020213,0.060353459091857076,0.5376344086021505,0.4623655913978494,0.5406976744129846,0.45930232558701545
E1,0203,2003-03-15,Reading,Crystal Palace,2,1,H,,fpl-team-8,0.5215993333846579,0.27060416544016086,0.20779650117518125,0.5370093525030252,0.2653489204390865,0.1976417270578883,0.05629796558059752,0.4864864864864864,0.5135135135135135,0.48538011695777955,0.5146198830422205
E1,0203,2003-03-15,Sheffield Weds,Ipswich,0,1,A,,,0.3313822602431337,0.2796037820801441,0.38901395767672226,0.33119060454919247,0.27501323537484645,0.393796160075961,0.058901825454086065,0.5,0.5,0.5,0.5
E1,0203,2003-03-15,Stoke,Sheffield United,0,0,D,,,0.2970822281167109,0.2785145888594165,0.42440318302387275,0.29382943701318226,0.2736390049402725,0.4325315580465453,0.06116653839126229,0.4864864864864864,0.5135135135135135,0.48538011695777955,0.5146198830422205
E1,0203,2003-03-15,Walsall,Burnley,3,2,H,,,0.37410071942446044,0.2805755395683453,0.3453237410071942,0.37748267677222686,0.2762152006604015,0.34630212256737175,0.056947770761325955,0.5,0.5,0.5,0.5
E1,0203,2003-03-15,Wimbledon,Millwall,2,0,H,,,0.42532146389713155,0.2769535113748764,0.2977250247279921,0.4333727835490404,0.2720375272634912,0.2945896891874685,0.059952810406684875,0.5135135135135135,0.4864864864864864,0.5146198830422205,0.48538011695777955
E1,0203,2003-03-18,Bradford,Sheffield Weds,1,1,D,,,0.4933767537523567,0.27553194094170075,0.23109130530594255,0.5070835142461204,0.2705072125347715,0.2224092732191081,0.05880873021669686,0.4864864864864864,0.5135135135135135,0.48538011695777955,0.5146198830422205
E1,0203,2003-03-18,Burnley,Leicester,1,2,A,,,0.3259052924791086,0.2757660167130919,0.39832869080779937,0.3252493994467028,0.27092282956349195,0.40382777098980527,0.05797737371176481,0.5135135135135135,0.4864864864864864,0.5146198830422205,0.48538011695777955
E1,0203,2003-03-18,Crystal Palace,Wimbledon,0,1,A,fpl-team-8,,0.37410071942446044,0.2805755395683453,0.3453237410071942,0.37748267677222686,0.2762152006604015,0.34630212256737175,0.056947770761325955,0.5,0.5,0.5,0.5
E1,0203,2003-03-18,Ipswich,Reading,3,1,H,,,0.44731928514270475,0.27740730861563084,0.27527340624166446,0.45715686498142555,0.2725782155103365,0.2702649195082379,0.05910291522741318,0.5135135135135135,0.4864864864864864,0.5146198830422205,0.48538011695777955
E1,0203,2003-03-18,Millwall,Norwich,0,2,A,,,0.400157919968416,0.27607794478441106,0.32376413524717296,0.4061637561595143,0.27096286469129116,0.3228733791491946,0.06168151996098459,0.4864864864864864,0.5135135135135135,0.48538011695777955,0.5146198830422205
E1,0203,2003-03-18,Preston,Walsall,5,0,H,,,0.5194532841869091,0.2736051649534101,0.20694155085968083,0.5352994699730672,0.2683830799818908,0.19631745004504197,0.05863953637890518,0.5135135135135135,0.4864864864864864,0.5146198830422205,0.48538011695777955
E1,0203,2003-03-18,Rotherham,Grimsby,0,1,A,,,0.4927034752519934,0.2707988566270498,0.23649766812095682,0.5075943551740802,0.2648875109657388,0.22751813386018094,0.06430332863237709,0.5135135135135135,0.4864864864864864,0.5146198830422205,0.48538011695777955
E1,0203,2003-03-18,Sheffield United,Brighton,2,1,H,,fpl-team-5,0.5787501419432984,0.2581475453272266,0.163102312729475,0.5994288325521738,0.25150422872162354,0.14906693872620258,0.05860661366023123,0.5,0.5,0.5,0.5
E1,0203,2003-03-18,Watford,Gillingham,0,1,A,,,0.42440318302387264,0.27851458885941643,0.29708222811671087,0.43253155804654525,0.2736390049402725,0.29382943701318226,0.06116653839126229,0.4864864864864864,0.5135135135135135,0.48538011695777955,0.5146198830422205
E1,0203,2003-03-18,Wolves,Stoke,0,0,D,,,0.5895060598293728,0.2551719087547142,0.155322031415913,0.6119994465204187,0.24792299582642763,0.14007755765315358,0.06135696964338422,0.5376344086021505,0.4623655913978494,0.5406976744129846,0.45930232558701545
E1,0203,2003-03-19,Coventry,Portsmouth,0,4,A,,,0.2598007745355893,0.2757885145070102,0.4644107109574006,0.2535815302920404,0.27088517888299596,0.4755332908249637,0.058120771776884794,0.4864864864864864,0.5135135135135135,0.48538011695777955,0.5146198830422205
E1,0203,2003-03-19,Nott'm Forest,Derby,3,0,H,fpl-team-18,,0.5377194369761189,0.263324371342717,0.19895619168116396,0.5552688627852004,0.25715804816286375,0.18757308905193595,0.059248358476907015,0.5135135135135135,0.4864864864864864,0.5146198830422205,0.48538011695777955
E1,0203,2003-03-22,Bradford,Reading,0,1,A,,,0.3431035066532736,0.2798437976140763,0.37705269573265016,0.3439153283547026,0.2753133289372649,0.3807713427080325,0.05841017025522888,0.4864864864864864,0.5135135135135135,0.48538011695777955,0.5146198830422205
E1,0203,2003-03-22,Burnley,Grimsby,1,1,D,,,0.5027237354085604,0.2624513618677043,0.2348249027237354,0.5177185531183855,0.2561232934283976,0.2261581534532168,0.0608449662104249,0.5376344086021505,0.4623655913978494,0.5406976744129846,0.45930232558701545
E1,0203,2003-03-22,Coventry,Leicester,1,2,A,,,0.2901785714285714,0.27455357142857145,0.4352678571428572,0.28634956478496376,0.26937627402620046,0.44427416118883584,0.06053697317838669,0.4864864864864864,0.5135135135135135,0.48538011695777955,0.5146198830422205
E1,0203,2003-03-22,Crystal Palace,Walsall,2,0,H,fpl-team-8,,0.5081809432146295,0.2694898941289702,0.2223291626564004,0.5241324664196151,0.2635636945988835,0.21230383898150143,0.06284346629399806,0.4864864864864864,0.5135135135135135,0.48538011695777955,0.5146198830422205
E1,0203,2003-03-22,Ipswich,Brighton,2,2,D,,fpl-team-5,0.567274731152297,0.2545442757927664,0.1781809930549365,0.5882946230176093,0.24720976570489503,0.16449561127749562,0.06240971968509257,0.5376344086021505,0.4623655913978494,0.5406976744129846,0.45930232558701545
E1,0203,2003-03-22,Millwall,Sheffield Weds,3,0,H,,,0.48464205395414756,0.2725094175134543,0.24284852853239805,0.4980098474009276,0.26708659551997416,0.2349035570790983,0.06065722252242267,0.4864864864864864,0.5135135135135135,0.48538011695777955,0.5146198830422205
E1,0203,2003-03-22,Nott'm Forest,Norwich,4,0,H,fpl-team-18,,0.5035838195292618,0.27139708136462504,0.22501909910611312,0.5191897783297728,0.26562241944833476,0.21518780222189246,0.06312732887454331,0.5,0.5,0.5,0.5
E1,0203,2003-03-22,Preston,Portsmouth,1,1,D,,,0.30189096538759264,0.27402410704412256,0.42408492756828486,0.2990401986245977,0.26872178068574737,0.432238020689655,0.0615932559594512,0.5135135135135135,0.4864864864864864,0.5146198830422205,0.48538011695777955
E1,0203,2003-03-22,Rotherham,Wimbledon,2,1,H,,,0.37410071942446044,0.2805755395683453,0.3453237410071942,0.37748267677222686,0.2762152006604015,0.34630212256737175,0.056947770761325955,0.5,0.5,0.5,0.5
E1,0203,2003-03-22,Sheffield United,Derby,2,0,H,,,0.5923076923076923,0.2538461538461539,0.15384615384615385,0.6161338409142417,0.24609726170731583,0.1377688973784424,0.06448224605992436,0.5376344086021505,0.4623655913978494,0.5406976744129846,0.45930232558701545
E1,0203,2003-03-22,Watford,Stoke,1,2,A,,,0.47787728913246885,0.27349284854965916,0.2486298623178719,0.491117495123269,0.26796957429773477,0.24091293057899618,0.06292737845797092,0.4864864864864864,0.5135135135135135,0.48538011695777955,0.5146198830422205
E1,0203,2003-03-22,Wolves,Gillingham,6,0,H,,,0.5359229234447181,0.2647619218808981,0.1993151546743839,0.5548456012833686,0.25817167258981133,0.18698272612682004,0.06464524730108678,0.5135135135135135,0.4864864864864864,0.5146198830422205,0.48538011695777955
E1,0203,2003-03-25,Brighton,Crystal Palace,0,0,D,fpl-team-5,fpl-team-8,0.4263705646152585,0.27763664672621485,0.29599278865852663,0.4343311434373846,0.27288702818537125,0.29278182837724415,0.05857055867090821,0.5,0.5,0.5,0.5
E1,0203,2003-03-25,Burnley,Bradford,0,2,A,,,0.46033280433400364,0.2769078869147622,0.2627593087512342,0.47069668439268064,0.2722872474381651,0.2570160681691542,0.05582767887972295,0.5135135135135135,0.4864864864864864,0.5146198830422205,0.48538011695777955
E1,0203,2003-03-25,Norwich,Wimbledon,1,0,H,,,0.4463667820069204,0.2768166089965398,0.2768166089965398,0.4563148421970969,0.2718425789014516,0.2718425789014516,0.060300934594124556,0.5,0.5,0.5,0.5
E1,0203,2003-03-25,Sheffield United,Gillingham,2,2,D,,,0.6,0.25,0.15,0.6217730736655322,0.24283564810412744,0.13539127823034028,0.056972274323925376,0.5135135135135135,0.4864864864864864,0.5146198830422205,0.48538011695777955
E1,0203,2003-03-29,Gillingham,Ipswich,1,3,A,,,0.35559628823462025,0.27780960018329703,0.3665941115820827,0.3576018658426542,0.2727919701043137,0.3696061640530321,0.06250760750845075,,,,
E1,0203,2003-03-29,Norwich,Bradford,3,2,H,,,0.5392165500713668,0.2624715854023859,0.1983118645262471,0.5574323290890394,0.2560355817569938,0.18653208915396682,0.06112569663673639,,,,
E1,0203,2003-03-29,Sheffield Weds,Watford,2,2,D,,,0.4185373401833474,0.2715700298899582,0.3098926299266944,0.42627891684240904,0.26599209266135737,0.30772899049623365,0.0623352515976876,,,,
E1,0203,2003-04-04,Reading,Brighton,1,2,A,,fpl-team-5,0.5574293815830511,0.26243938038034165,0.1801312380366072,0.5759559800684385,0.256363090441154,0.16768092949040744,0.057189163053408265,0.5,0.5,0.5,0.5
E1,0203,2003-04-05,Bradford,Millwall,0,1,A,,,0.42532146389713155,0.2769535113748764,0.2977250247279921,0.4333727835490404,0.2720375272634912,0.2945896891874685,0.059952810406684875,0.4864864864864864,0.5135135135135135,0.48538011695777955,0.5146198830422205
E1,0203,2003-04-05,Burnley,Watford,4,7,A,,,0.4690421774361106,0.2763349262414295,0.25462289632246005,0.48118412043875125,0.2712030487594288,0.24761283080181998,0.06139152427203953,0.4864864864864864,0.5135135135135135,0.48538011695777955,0.5146198830422205
E1,0203,2003-04-05,Crystal Palace,Sheffield United,2,2,D,fpl-team-8,,0.341677050605175,0.28028195557455765,0.3780409938202674,0.3423575460936646,0.2758531718918075,0.3817892820145279,0.05753525369800627,0.4864864864864864,0.5135135135135135,0.48538011695777955,0.5146198830422205
E1,0203,2003-04-05,Derby,Norwich,2,1,H,,,0.34288775783552106,0.27993570854540584,0.3771765336190731,0.34367884952136085,0.2754266887383178,0.3808944617403213,0.05822635046206415,0.5,0.5,0.5,0.5
E1,0203,2003-04-05,Ipswich,Nott'm Forest,3,4,A,,fpl-team-18,0.44731928514270475,0.27527340624166446,0.27740730861563084,0.45715686498142555,0.2702649195082379,0.2725782155103365,0.05910291522741318,0.5135135135135135,0.4864864864864864,0.5146198830422205,0.48538011695777955
E1,0203,2003-04-05,Leicester,Grimsby,2,0,H,,,0.6407692087893249,0.23922050461468125,0.12001028659599394,0.6666477575509514,0.23063806073223406,0.10271418171681451,0.05972707341425121,0.5376344086021505,0.4623655913978494,0.5406976744129846,0.45930232558701545
E1,0203,2003-04-05,Preston,Coventry,2,2,D,,,0.5088836741535367,0.2698625544753604,0.2212537713711029,0.5247036338677405,0.2640400216018713,0.2112563445303882,0.06205856008455157,0.5135135135135135,0.4864864864864864,0.5146198830422205,0.48538011695777955
E1,0203,2003-04-05,Sheffield Weds,Wimbledon,4,2,H,,,0.37674595784305426,0.27744857360535,0.34580546855159566,0.38046477471878576,0.2726811616251869,0.34685406365602733,0.05887045059353113,0.5135135135135135,0.4864864864864864,0.5146198830422205,0.48538011695777955
E1,0203,2003-04-05,Stoke,Gillingham,0,0,D,,,0.42532146389713155,0.2769535113748764,0.2977250247279921,0.4333727835490404,0.2720375272634912,0.2945896891874685,0.059952810406684875,0.4623655913978494,0.5376344086021505,0.45930232558701545,0.5406976744129846
E1,0203,2003-04-05,Walsall,Portsmouth,1,2,A,,,0.22456813819577734,0.2763915547024952,0.4990403071017275,0.2156101138814206,0.27157139802738334,0.512818488091196,0.05708477273583412,0.5135135135135135,0.4864864864864864,0.5146198830422205,0.48538011695777955
E1,0203,2003-04-05,Wolves,Rotherham,0,0,D,,,0.5728314238952537,0.2553191489361702,0.1718494271685761,0.5937605038377012,0.2482255666829827,0.1580139294793161,0.060727820033207536,0.5376344086021505,0.4623655913978494,0.5406976744129846,0.45930232558701545
E1,0203,2003-04-07,Wimbledon,Sheffield United,1,0,H,,,0.3488837136671913,0.2686142276655668,0.38250205866724185,0.35021091261784426,0.2630060732118224,0.38678301417033334,0.05991748929955065,,,,
E1,0203,2003-04-08,Burnley,Preston,2,0,H,,,0.3815470312236901,0.2784100993460364,0.3400428694302734,0.3858465593711398,0.2735365486058454,0.34061689202301465,0.06129861972294748,,,,
E1,0203,2003-04-08,Crystal Palace,Watford,0,1,A,fpl-team-8,,0.5367275547908543,0.25879602533176416,0.20447641987738147,0.5546460961107792,0.2520929771041409,0.19326092678507992,0.06079528701957315,,,,
E1,0203,2003-04-08,Grimsby,Wolves,0,1,A,,,0.2670396263536692,0.2752562302414744,0.4577041434048564,0.261322929927887,0.27022893860331526,0.4684481314687979,0.05917968647554517,,,,
E1,0203,2003-04-08,Leicester,Nott'm Forest,1,0,H,,fpl-team-18,0.47772848912953736,0.2762740600981433,0.24599745077231933,0.48978112227447856,0.2714693292720173,0.2387495484535042,0.057195696514099836,,,,
E1,0203,2003-04-09,Stoke,Rotherham,2,0,H,,,0.43735873425896027,0.2780109783661608,0.2846302873748789,0.4461523008429232,0.27334080453992154,0.2805068946171553,0.05784631276037544,,,,
E1,0203,2003-04-11,Nott'm Forest,Wolves,2,2,D,fpl-team-18,,0.42532146389713155,0.2769535113748764,0.2977250247279921,0.4333727835490404,0.2720375272634912,0.2945896891874685,0.059952810406684875,0.5,0.5,0.5,0.5
E1,0203,2003-04-12,Brighton,Preston,0,2,A,fpl-team-5,,0.4492218412028488,0.27433394882616724,0.2764442099709839,0.45883094653342454,0.2694441226872329,0.2717249307793426,0.05672490247525275,0.4864864864864864,0.5135135135135135,0.48538011695777955,0.5146198830422205
E1,0203,2003-04-12,Coventry,Ipswich,2,4,A,,,0.3096042370407439,0.2793694482672338,0.41102631469202217,0.3075241728942378,0.27471111531079107,0.4177647117949712,0.0594080681912601,0.4623655913978494,0.5376344086021505,0.45930232558701545,0.5406976744129846
E1,0203,2003-04-12,Gillingham,Walsall,0,1,A,,,0.4937163375224417,0.26929982046678635,0.236983842010772,0.5084372751730347,0.2633598240317432,0.22820290079522212,0.06313154217787087,0.5,0.5,0.5,0.5
E1,0203,2003-04-12,Grimsby,Crystal Palace,1,4,A,,fpl-team-8,0.4049048768168808,0.27408945507604243,0.3210056681070767,0.4113112120169783,0.26881908932869064,0.31986969865433107,0.06141533120535314,0.4864864864864864,0.5135135135135135,0.48538011695777955,0.5146198830422205
E1,0203,2003-04-12,Millwall,Stoke,3,1,H,,,0.4697162432130743,0.27590409485961814,0.2543796619273075,0.4812447150973278,0.2710210415495991,0.24773424335307315,0.057909812428988516,0.4623655913978494,0.5376344086021505,0.45930232558701545,0.5406976744129846
E1,0203,2003-04-12,Norwich,Burnley,2,0,H,,,0.5696727656719559,0.2557016899630407,0.17462554436500344,0.5900421440825406,0.24875699539632576,0.1612008605211336,0.059812527848407626,0.5376344086021505,0.4623655913978494,0.5406976744129846,0.45930232558701545
E1,0203,2003-04-12,Portsmouth,Sheffield Weds,1,2,A,,,0.6744843883936191,0.20950429680267837,0.11601131480370248,0.7026462207227746,0.19865435413836982,0.09869942513885559,0.0587651957757771,0.5585106382978724,0.4414893617021276,0.5631095811795052,0.43689041882049473
E1,0203,2003-04-12,Rotherham,Leicester,1,1,D,,,0.2593039735446958,0.2732664951971025,0.4674295312582016,0.2524970315138391,0.26770400149036205,0.47979896699579894,0.06333736353553832,0.5,0.5,0.5,0.5
E1,0203,2003-04-12,Wimbledon,Derby,0,2,A,,,0.47503860010293364,0.27406073082861554,0.2509006690684509,0.48778125297669483,0.2686940937952208,0.2435246532280844,0.061730341985821724,0.5135135135135135,0.4864864864864864,0.5146198830422205,0.48538011695777955
E1,0203,2003-04-15,Portsmouth,Burnley,1,0,H,,,0.6639004149377593,0.22406639004149378,0.11203319502074689,0.691982838361934,0.2140228000683026,0.0939943615697634,0.060700381407514215,,,,
E1,0203,2003-04-15,Reading,Preston,5,1,H,,,0.5470235483399152,0.26224952464531226,0.19072692701477256,0.5660745444335442,0.25571138000527427,0.1782140755611815,0.06170509569346905,,,,
E1,0203,2003-04-15,Sheffield United,Nott'm Forest,1,0,H,,fpl-team-18,0.42532146389713155,0.2769535113748764,0.2977250247279921,0.4333727835490404,0.2720375272634912,0.2945896891874685,0.059952810406684875,,,,
E1,0203,2003-04-15,Walsall,Coventry,0,0,D,,,0.4274075281081961,0.27831187876812774,0.29428059312367605,0.4352749745428262,0.27372385344492417,0.2910011720122497,0.05721106752753258,,,,
E1,0203,2003-04-16,Derby,Millwall,1,2,A,,,0.4293539552118576,0.277428709521508,0.29321733526663446,0.43703715570733176,0.2729678380830878,0.28999500620958046,0.05467820318881422,,,,
E1,0203,2003-04-18,Ipswich,Portsmouth,3,0,H,,,0.3784927529746088,0.278734973120836,0.3427722739045552,0.3821981331118065,0.27427399228356775,0.34352787460462575,0.05628410819917917,0.5376344086021505,0.4623655913978494,0.5406976744129846,0.45930232558701545
E1,0203,2003-04-18,Reading,Nott'm Forest,1,0,H,,fpl-team-18,0.39568345323741,0.27697841726618705,0.32733812949640284,0.40074077967717836,0.27243137376187565,0.32682784656094593,0.05552260251715779,0.4864864864864864,0.5135135135135135,0.48538011695777955,0.5146198830422205
E1,0203,2003-04-19,Bradford,Watford,2,1,H,,,0.42243143675808437,0.2783462955382726,0.2992222677036431,0.42987195576696174,0.27377081893416066,0.2963572252988776,0.057129298453219235,0.4864864864864864,0.5135135135135135,0.48538011695777955,0.5146198830422205
E1,0203,2003-04-19,Burnley,Gillingham,2,0,H,,,0.442371020856202,0.27222832052689355,0.2854006586169045,0.4527530334473199,0.26642735983723637,0.28081960671544376,0.06538463057950139,0.5,0.5,0.5,0.5
E1,0203,2003-04-19,Crystal Palace,Rotherham,0,0,D,fpl-team-8,,0.4750436669666014,0.2755253268406288,0.2494310061927698,0.4871798917536883,0.2705372941373963,0.24228281410891533,0.05871183215640485,0.4864864864864864,0.5135135135135135,0.48538011695777955,0.5146198830422205
E1,0203,2003-04-19,Derby,Coventry,1,0,H,,,0.4688643178797028,0.2754036870253393,0.2557319950949579,0.4805177848515459,0.27039585182801806,0.2490863633204361,0.05892926442902535,0.4864864864864864,0.5135135135135135,0.48538011695777955,0.5146198830422205
E1,0203,2003-04-19,Leicester,Brighton,2,0,H,,fpl-team-5,0.622192158464366,0.23958546048601187,0.13822238104962223,0.6461819348225747,0.23134746001153958,0.12247060516588575,0.05830317153595388,0.5135135135135135,0.4864864864864864,0.5146198830422205,0.48538011695777955
E1,0203,2003-04-19,Preston,Sheffield United,2,0,H,,,0.3419496544167655,0.2780660368086721,0.3799843087745624,0.34265229121868646,0.2734464541325591,0.38390125464875435,0.05762753542512655,0.5135135135135135,0.4864864864864864,0.5146198830422205,0.48538011695777955
E1,0203,2003-04-19,Sheffield Weds,Grimsby,0,0,D,,,0.4968615143193409,0.2630443311102393,0.24009415457041974,0.511038963605474,0.2569099438661581,0.2320510925283679,0.05952242249622941,0.5,0.5,0.5,0.5
E1,0203,2003-04-19,Stoke,Wimbledon,2,1,H,,,0.46114984245140067,0.27947825335543025,0.2593719041931691,0.47142529883481993,0.27512651691942586,0.25344818424575416,0.0549827900249511,0.4864864864864864,0.5135135135135135,0.48538011695777955,0.5146198830422205
E1,0203,2003-04-19,Walsall,Norwich,0,0,D,,,0.3631284916201117,0.2737430167597765,0.3631284916201117,0.3658020039310709,0.26839599213785825,0.3658020039310709,0.06209124973975122,0.5,0.5,0.5,0.5
E1,0203,2003-04-19,Wolves,Millwall,3,0,H,,,0.5651114907641126,0.25733047883780313,0.17755803039808418,0.5865877278795015,0.25000775525578023,0.1634045168647182,0.06445022393018007,0.5135135135135135,0.4864864864864864,0.5146198830422205,0.48538011695777955
E1,0203,2003-04-21,Brighton,Sheffield Weds,1,1,D,fpl-team-5,,0.45950865841145155,0.2641499037838771,0.2763414378046714,0.47001158810377475,0.258405278859124,0.27158313303710124,0.056973055470734835,0.4623655913978494,0.5376344086021505,0.45930232558701545,0.5406976744129846
E1,0203,2003-04-21,Coventry,Stoke,0,1,A,,,0.40046776090975295,0.26798218587193995,0.3315500532183071,0.4064552693285594,0.26219265968232286,0.3313520709891177,0.06126284901984036,0.4623655913978494,0.5376344086021505,0.45930232558701545,0.5406976744129846
E1,0203,2003-04-21,Gillingham,Bradford,1,0,H,,,0.44731928514270475,0.27527340624166446,0.27740730861563084,0.45715686498142555,0.2702649195082379,0.2725782155103365,0.05910291522741318,0.4864864864864864,0.5135135135135135,0.48538011695777955,0.5146198830422205
E1,0203,2003-04-21,Grimsby,Walsall,0,1,A,,,0.40372670807453415,0.2732919254658385,0.32298136645962733,0.4101901665875699,0.26781441617948243,0.32199541723294756,0.06305916095152497,0.4623655913978494,0.5376344086021505,0.45930232558701545,0.5406976744129846
E1,0203,2003-04-21,Millwall,Crystal Palace,3,2,H,,fpl-team-8,0.42440318302387264,0.27851458885941643,0.29708222811671087,0.43253155804654525,0.2736390049402725,0.29382943701318226,0.06116653839126229,0.5,0.5,0.5,0.5
E1,0203,2003-04-21,Norwich,Wolves,0,3,A,,,0.3807982309660727,0.2781612077759984,0.34104056125792903,0.38506397857039343,0.27322721332590616,0.34170880810370036,0.06180195265915245,0.5,0.5,0.5,0.5
E1,0203,2003-04-21,Nott'm Forest,Burnley,2,0,H,fpl-team-18,,0.6208367418487788,0.23873242179891707,0.14043083635230416,0.6455408053571114,0.23013985650080357,0.12431933814208497,0.060378694674000144,0.5585106382978724,0.4414893617021276,0.5631095811795052,0.43689041882049473
E1,0203,2003-04-21,Portsmouth,Reading,3,0,H,,,0.5230733782307455,0.2572914559007465,0.21963516586850804,0.5406815689336707,0.25014013620533837,0.20917829486099093,0.06401419604662806,0.5135135135135135,0.4864864864864864,0.5146198830422205,0.48538011695777955
E1,0203,2003-04-21,Rotherham,Ipswich,2,1,H,,,0.2678998452665635,0.2678998452665635,0.4642003094668729,0.26162351526878413,0.26162351526878413,0.4767529694624317,0.06592363747768104,0.4864864864864864,0.5135135135135135,0.48538011695777955,0.5146198830422205
E1,0203,2003-04-21,Sheffield United,Leicester,2,1,H,,,0.38720672612622853,0.27830483440322673,0.3344884394705448,0.39203127815988714,0.2734036862885047,0.3345650355516082,0.061517403461039066,0.5,0.5,0.5,0.5
E1,0203,2003-04-21,Watford,Derby,2,0,H,,,0.43820224719101125,0.26966292134831465,0.29213483146067415,0.4489857153587085,0.26314858464223834,0.2878656999990532,0.07078870222903788,0.4864864864864864,0.5135135135135135,0.48538011695777955,0.5146198830422205
E1,0203,2003-04-21,Wimbledon,Preston,2,0,H,,,0.40606871932173133,0.2748772869254797,0.3190539937527889,0.412413825025196,0.2698075613540665,0.3177786136207375,0.05980112892575562,0.5135135135135135,0.4864864864864864,0.5146198830422205,0.48538011695777955
E1,0203,2003-04-26,Brighton,Watford,4,0,H,fpl-team-5,,0.47580967612954816,0.25829668132746897,0.2658936425429828,0.4869273421062692,0.25245046830245144,0.2606221895912793,0.053348102839663625,0.4864864864864864,0.5135135135135135,0.48538011695777955,0.5146198830422205
E1,0203,2003-04-26,Burnley,Sheffield Weds,2,7,A,,,0.5135388382908354,0.26474076827709636,0.22172039343206817,0.5303823379591858,0.2582277584125927,0.21138990362822158,0.06445192266255617,0.5135135135135135,0.4864864864864864,0.5146198830422205,0.48538011695777955
E1,0203,2003-04-26,Coventry,Gillingham,0,0,D,,,0.4141689373297002,0.267808485792137,0.3180225768781627,0.42143107661335205,0.26196205799081723,0.3166068653958308,0.06165259541012347,0.4864864864864864,0.5135135135135135,0.48538011695777955,0.5146198830422205
E1,0203,2003-04-26,Crystal Palace,Stoke,1,0,H,fpl-team-8,,0.3966197183098592,0.27887323943661974,0.32450704225352117,0.4021912018732027,0.274105338635762,0.32370345949103535,0.06038123299367726,0.4623655913978494,0.5376344086021505,0.45930232558701545,0.5406976744129846
E1,0203,2003-04-26,Ipswich,Wimbledon,1,5,A,,,0.6168827897510303,0.2316295378290965,0.15148767241987324,0.6406794969388002,0.2227536695875724,0.13656683347362739,0.058660572627559304,0.5774278215223098,0.4225721784776903,0.5832862789376128,0.41671372106238724
E1,0203,2003-04-26,Nott'm Forest,Millwall,3,3,D,fpl-team-18,,0.5826244071369419,0.2527441090115185,0.16463148385153953,0.6035983448601286,0.24567232785416948,0.15072932728570193,0.058497631223872304,0.5376344086021505,0.4623655913978494,0.5406976744129846,0.45930232558701545
E1,0203,2003-04-26,Preston,Bradford,1,0,H,,,0.5103208642433931,0.2646914247333011,0.22498771102330592,0.5247812309642761,0.25901399738721514,0.21620477164850882,0.0560746454866603,0.5376344086021505,0.4623655913978494,0.5406976744129846,0.45930232558701545
E1,0203,2003-04-26,Reading,Grimsby,2,1,H,,,0.6586659832825339,0.22312310183695835,0.11821091488050775,0.6874220759915362,0.2126533826932968,0.09992454131516698,0.06306631490588188,0.5135135135135135,0.4864864864864864,0.5146198830422205,0.48538011695777955
E1,0203,2003-04-26,Sheffield United,Wolves,3,3,D,,,0.4091526959673765,0.27911191662890805,0.3117353874037154,0.41531346441066597,0.2747262585217047,0.3099602770676293,0.05556696036364883,0.5135135135135135,0.4864864864864864,0.5146198830422205,0.48538011695777955
E1,0203,2003-04-26,Walsall,Derby,3,2,H,,,0.4052052950415077,0.2764191159973076,0.3183755889611847,0.4115973094483791,0.27138646310840686,0.317016227443214,0.060994207160547376,0.5,0.5,0.5,0.5
E1,0203,2003-04-27,Leicester,Norwich,1,1,D,,,0.6122884726490216,0.23626171197950246,0.15144981537147595,0.6386146546585627,0.226653119146764,0.13473222619467326,0.06635890225879848,0.5135135135135135,0.4864864864864864,0.5146198830422205,0.48538011695777955
E1,0203,2003-04-27,Portsmouth,Rotherham,3,2,H,,,0.6536939544982315,0.22037657441021632,0.12592947109155217,0.6852406322969539,0.20847962075854104,0.10627974694450505,0.07048044190742075,0.5376344086021505,0.4623655913978494,0.5406976744129846,0.45930232558701545
E1,0203,2003-04-29,Sheffield United,Bradford,3,0,H,,,0.5619330496909368,0.25768644135827246,0.18038050895079075,0.5802181286358836,0.2514409231417867,0.16834094822232967,0.055266437819227576,,,,
E1,0203,2003-04-30,Watford,Reading,0,3,A,,,0.35788479160382236,0.271555330423053,0.37055987797312445,0.3600862346377382,0.26599559725247984,0.37391816810978196,0.062302189879119396,,,,
E1,0203,2003-05-04,Bradford,Portsmouth,0,5,A,,,0.3259052924791086,0.2757660167130919,0.39832869080779937,0.3252493994467028,0.27092282956349195,0.40382777098980527,0.05797737371176481,,,,
E1,0203,2003-05-04,Derby,Ipswich,1,4,A,,,0.3695652173913044,0.2608695652173913,0.3695652173913044,0.37289774749305254,0.25420450501389474,0.37289774749305254,0.0638575810007751,,,,
E1,0203,2003-05-04,Gillingham,Crystal Palace,2,1,H,,fpl-team-8,0.40372670807453415,0.2732919254658385,0.32298136645962733,0.4101901665875699,0.26781441617948243,0.32199541723294756,0.06305916095152497,,,,
E1,0203,2003-05-04,Grimsby,Brighton,2,2,D,,fpl-team-5,0.2754036870253393,0.2557319950949579,0.4688643178797028,0.27039585182801806,0.2490863633204361,0.4805177848515459,0.05892926442902535,,,,
E1,0203,2003-05-04,Millwall,Coventry,2,0,H,,,0.5524842931218964,0.24923523279102305,0.19828047408708058,0.5719161352644802,0.24163228012875104,0.1864515846067687,0.06129800307098776,,,,
E1,0203,2003-05-04,Norwich,Preston,2,0,H,,,0.47463116372382047,0.2664914386908157,0.2588773975853638,0.4854036703863708,0.26138690242768137,0.2532094271859479,0.052090151933953166,,,,
E1,0203,2003-05-04,Rotherham,Nott'm Forest,2,2,D,,fpl-team-18,0.37457434733257655,0.2695800227014756,0.35584562996594776,0.3782876130030439,0.2638586703033607,0.3578537166935954,0.06213801261037588,,,,
E1,0203,2003-05-04,Sheffield Weds,Walsall,2,1,H,,,0.44185100949137895,0.27734647980381943,0.28080251070480156,0.4505644558958911,0.2728541506047214,0.2765813934993876,0.05487766885198653,,,,
E1,0203,2003-05-04,Stoke,Reading,1,0,H,,,0.4471030593061015,0.27943941206631345,0.273457528627585,0.45696585310216215,0.2747605658233939,0.268273581074444,0.05937478877604008,,,,
E1,0203,2003-05-04,Watford,Sheffield United,2,0,H,,,0.36289246642355244,0.26363070354887486,0.37347683002757276,0.3653623879941267,0.25779080855360526,0.376846803452268,0.057921228115446866,,,,
E1,0203,2003-05-04,Wimbledon,Burnley,2,1,H,,,0.5324665749115218,0.258626622099882,0.20890680298859615,0.5478174723692775,0.2527760894754944,0.19940643815522813,0.052930703619495034,,,,
E1,0203,2003-05-04,Wolves,Leicester,1,1,D,,,0.39999999999999997,0.2727272727272727,0.32727272727272727,0.4054183858186027,0.267829464198461,0.3267521499829363,0.055646006716415286,,,,
