league,season,date,home_team_raw,away_team_raw,home_goals,away_goals,result,home_team_id,away_team_id,prob_home_proportional,prob_draw_proportional,prob_away_proportional,prob_home_shin,prob_draw_shin,prob_away_shin,shin_z,prob_over25_proportional,prob_under25_proportional,prob_over25_shin,prob_under25_shin
E1,0304,2003-08-09,Bradford,Norwich,2,2,D,,,0.37791789956545857,0.28019069272470326,0.3418914077098381,0.3816672221808477,0.2757408087952214,0.3425919690239309,0.057717309799045324,0.4864864864864864,0.5135135135135135,0.48538011695777955,0.5146198830422205
E1,0304,2003-08-09,Burnley,Crystal Palace,2,3,A,,fpl-team-8,0.3966197183098592,0.27887323943661974,0.32450704225352117,0.4021912018732027,0.274105338635762,0.32370345949103535,0.06038123299367726,0.5376344086021505,0.4623655913978494,0.5406976744129846,0.45930232558701545
E1,0304,2003-08-09,Derby,Stoke,0,3,A,,,0.5046079108422832,0.2755935513061701,0.21979853785154668,0.5192466670953515,0.2705563839511146,0.21019694895353386,0.05876325420103967,0.4864864864864864,0.5135135135135135,0.48538011695777955,0.5146198830422205
E1,0304,2003-08-09,Ipswich,Reading,1,1,D,,,0.4873440499040307,0.27463711612284075,0.23801883397312862,0.5009359101788118,0.2693950436312459,0.2296690461899423,0.06061353744007647,0.5,0.5,0.5,0.5
E1,0304,2003-08-09,Millwall,Wigan,2,0,H,,,0.4463667820069204,0.2768166089965398,0.2768166089965398,0.4563148421970969,0.2718425789014516,0.2718425789014516,0.060300934594124556,0.5,0.5,0.5,0.5
E1,0304,2003-08-09,Nott'm Forest,Sunderland,2,0,H,fpl-team-18,fpl-team-20,0.420299859182152,0.2769417676781622,0.3027583731396858,0.4279122613104981,0.27202745041109977,0.3000602882784021,0.05996349803172052,0.4864864864864864,0.5135135135135135,0.48538011695777955,0.5146198830422205
E1,0304,2003-08-09,Preston,West Ham,1,2,A,,,0.3286486183823735,0.2776953442145637,0.3936560374030628,0.32822381710143317,0.2729821401307756,0.3987940427677912,0.0583879160694778,0.5376344086021505,0.4623655913978494,0.5406976744129846,0.45930232558701545
E1,0304,2003-08-09,Rotherham,Cardiff,0,0,D,,,0.38865268196536673,0.27717865690553284,0.3341686611291004,0.3934431619844388,0.2723420382415171,0.334214799774044,0.05942662595771253,0.4864864864864864,0.5135135135135135,0.48538011695777955,0.5146198830422205
E1,0304,2003-08-09,Sheffield United,Gillingham,0,0,D,,,0.5645802531031157,0.26327705626323233,0.1721426906336519,0.5844607580947204,0.25697905126800696,0.1585601906372725,0.059684438398107886,0.5135135135135135,0.4864864864864864,0.5146198830422205,0.48538011695777955
E1,0304,2003-08-09,Walsall,West Brom,4,1,H,,,0.32592758408416816,0.280094017572332,0.39397839834349996,0.3252781436489135,0.2756161365642371,0.3991057197868494,0.05792645504698157,0.4864864864864864,0.5135135135135135,0.48538011695777955,0.5146198830422205
E1,0304,2003-08-09,Wimbledon,Crewe,3,1,H,,,0.4677205064938586,0.2740842168054012,0.2581952767007403,0.47979365052391865,0.26873787566456137,0.2514684738115201,0.06164101930335164,0.5135135135135135,0.4864864864864864,0.5146198830422205,0.48538011695777955
E1,0304,2003-08-16,Cardiff,Bradford,0,2,A,,,0.49471804790953733,0.26781728909388486,0.2374646629965779,0.5092683798642297,0.2618532814879923,0.22887833864777807,0.061977605102583766,0.5135135135135135,0.4864864864864864,0.5146198830422205,0.48538011695777955
E1,0304,2003-08-16,Coventry,Walsall,0,0,D,,,0.45492210761165097,0.2735831567159913,0.27149473567235777,0.46601986244821375,0.2681267579185217,0.26585337963326455,0.06261618505232036,0.4864864864864864,0.5135135135135135,0.48538011695777955,0.5146198830422205
E1,0304,2003-08-16,Crewe,Ipswich,1,0,H,,,0.32521008403361346,0.2773109243697479,0.39747899159663863,0.3244819434373038,0.27250270120109576,0.40301535536160044,0.05917003005743027,0.4864864864864864,0.5135135135135135,0.48538011695777955,0.5146198830422205
E1,0304,2003-08-16,Crystal Palace,Watford,1,0,H,fpl-team-8,,0.46447515860506255,0.2757553287779902,0.2597695126169473,0.47561586871213046,0.27084356031122386,0.2535405709766455,0.058188844472169876,0.4864864864864864,0.5135135135135135,0.48538011695777955,0.5146198830422205
E1,0304,2003-08-16,Gillingham,Derby,0,0,D,,,0.4482758620689655,0.27586206896551724,0.27586206896551724,0.4579998804089795,0.27100005979551034,0.27100005979551034,0.05790474032983184,0.4623655913978494,0.5376344086021505,0.45930232558701545,0.5406976744129846
E1,0304,2003-08-16,Norwich,Rotherham,2,0,H,,,0.5246051338082788,0.27071226752244004,0.2046825986692811,0.5425287402343669,0.26467180216635144,0.19279945759928163,0.06478794617578387,0.4864864864864864,0.5135135135135135,0.48538011695777955,0.5146198830422205
E1,0304,2003-08-16,Reading,Nott'm Forest,3,0,H,,fpl-team-18,0.420299859182152,0.2769417676781622,0.3027583731396858,0.4279122613104981,0.27202745041109977,0.3000602882784021,0.05996349803172052,0.4864864864864864,0.5135135135135135,0.48538011695777955,0.5146198830422205
E1,0304,2003-08-16,Stoke,Wimbledon,2,1,H,,,0.442371020856202,0.27222832052689355,0.2854006586169045,0.4527530334473199,0.26642735983723637,0.28081960671544376,0.06538463057950139,0.4864864864864864,0.5135135135135135,0.48538011695777955,0.5146198830422205
E1,0304,2003-08-16,Sunderland,Millwall,0,1,A,fpl-team-20,,0.44731928514270475,0.27527340624166446,0.27740730861563084,0.45715686498142555,0.2702649195082379,0.2725782155103365,0.05910291522741318,0.5,0.5,0.5,0.5
E1,0304,2003-08-16,West Brom,Burnley,4,1,H,,,0.5676475793412399,0.258403050247947,0.17394937041081313,0.5885696163891465,0.25143136525066406,0.15999901836018945,0.06206619134172797,0.5774278215223098,0.4225721784776903,0.5832862789376128,0.41671372106238724
E1,0304,2003-08-16,West Ham,Sheffield United,0,0,D,,,0.49449240845489734,0.26972313188448943,0.2357844596606133,0.5090805835103365,0.2639008164318568,0.2270186000578067,0.062240385450422764,0.5376344086021505,0.4623655913978494,0.5406976744129846,0.45930232558701545
E1,0304,2003-08-16,Wigan,Preston,1,1,D,,,0.45678699882223456,0.27470467359940226,0.26850832757836307,0.4676500219674053,0.2695378564389133,0.2628121215936814,0.06030792696401477,0.5135135135135135,0.4864864864864864,0.5146198830422205,0.48538011695777955
E1,0304,2003-08-23,Bradford,Gillingham,0,1,A,,,0.44540353905912816,0.2783772119119551,0.27621924902891665,0.45546061996589354,0.27344293231465716,0.27109644771944935,0.06151771731674671,0.4623655913978494,0.5376344086021505,0.45930232558701545,0.5406976744129846
E1,0304,2003-08-23,Burnley,Wigan,0,2,A,,,0.38901395767672226,0.2796037820801441,0.3313822602431337,0.393796160075961,0.27501323537484645,0.33119060454919247,0.058901825454086065,0.5135135135135135,0.4864864864864864,0.5146198830422205,0.48538011695777955
E1,0304,2003-08-23,Derby,Reading,2,3,A,,,0.3313822602431337,0.2796037820801441,0.38901395767672226,0.33119060454919247,0.27501323537484645,0.393796160075961,0.058901825454086065,0.4864864864864864,0.5135135135135135,0.48538011695777955,0.5146198830422205
E1,0304,2003-08-23,Ipswich,Coventry,1,1,D,,,0.5248709663534074,0.26791920969084376,0.20720982395574894,0.5409317584214087,0.26230830244501635,0.19675993913357495,0.05772653524763882,0.5,0.5,0.5,0.5
E1,0304,2003-08-23,Millwall,Crewe,1,1,D,,,0.5561735261401557,0.26418242491657395,0.1796440489432703,0.5747201204909412,0.258204682310519,0.16707519719853972,0.057592888129875064,0.5,0.5,0.5,0.5
E1,0304,2003-08-23,Nott'm Forest,Cardiff,1,2,A,fpl-team-18,,0.5237647942889349,0.2603419124553823,0.2158932932556829,0.5418678719486826,0.25328500517131036,0.2048471228800071,0.06565719097852707,0.5135135135135135,0.4864864864864864,0.5146198830422205,0.48538011695777955
E1,0304,2003-08-23,Preston,Sunderland,0,2,A,,fpl-team-20,0.4193924584883656,0.2785028044649303,0.30210473704670404,0.4270741672371456,0.2736291068014401,0.2992967259614143,0.06117664335761219,0.5,0.5,0.5,0.5
E1,0304,2003-08-23,Rotherham,West Ham,1,0,H,,,0.2621656778154186,0.2784240144241267,0.45941030776045466,0.256248723705269,0.27382501651077856,0.46992625978395247,0.05709419446066022,0.5135135135135135,0.4864864864864864,0.5146198830422205,0.48538011695777955
E1,0304,2003-08-23,Sheffield United,Norwich,1,0,H,,,0.5052167973015252,0.2720457471881648,0.22273745551030993,0.5206415891472344,0.2664454733129006,0.212912937539865,0.06177576072514057,0.4864864864864864,0.5135135135135135,0.48538011695777955,0.5146198830422205
E1,0304,2003-08-23,Walsall,Stoke,1,1,D,,,0.44731928514270475,0.27740730861563084,0.27527340624166446,0.45715686498142555,0.2725782155103365,0.2702649195082379,0.05910291522741318,0.4864864864864864,0.5135135135135135,0.48538011695777955,0.5146198830422205
E1,0304,2003-08-23,Watford,West Brom,0,1,A,,,0.3497267759562842,0.2786885245901639,0.37158469945355194,0.3511564515110182,0.2738846776102663,0.37495887087871543,0.060729291988536716,0.4864864864864864,0.5135135135135135,0.48538011695777955,0.5146198830422205
E1,0304,2003-08-23,Wimbledon,Crystal Palace,1,3,A,,fpl-team-8,0.32793716039302906,0.2792589881471888,0.3928038514597821,0.3274428107168078,0.2745851968977936,0.3979719923853986,0.05959893926046789,0.5,0.5,0.5,0.5
E1,0304,2003-08-25,Cardiff,Derby,4,1,H,,,0.49026890506611204,0.27113356113504683,0.23859753379884122,0.5038151840355668,0.26571073020862496,0.23047408575580827,0.05924647464416921,0.5,0.5,0.5,0.5
E1,0304,2003-08-25,Crewe,Walsall,1,0,H,,,0.39864695565021296,0.2781257830117765,0.32322726133801055,0.40413276819028143,0.27351352056323847,0.32235371124648016,0.057527347933501005,0.4864864864864864,0.5135135135135135,0.48538011695777955,0.5146198830422205
E1,0304,2003-08-25,Gillingham,Burnley,0,3,A,,,0.4960947763154752,0.27026058709723655,0.23364463658728832,0.508607518007562,0.26536158465962795,0.22603089733281,0.052620181581005454,0.5,0.5,0.5,0.5
E1,0304,2003-08-25,Reading,Rotherham,0,0,D,,,0.6039169339861556,0.24818504136417355,0.14789802464967075,0.6246045477306645,0.2413502259380492,0.13404522633128618,0.05322749598417431,0.5135135135135135,0.4864864864864864,0.5146198830422205,0.48538011695777955
E1,0304,2003-08-25,Sunderland,Watford,2,0,H,fpl-team-20,,0.5122410546139359,0.263653483992467,0.22410546139359697,0.5274225735842676,0.2576649767556798,0.21491244966005263,0.05831381934694946,0.5,0.5,0.5,0.5
E1,0304,2003-08-25,West Brom,Preston,1,0,H,,,0.5737704918032787,0.25573770491803277,0.17049180327868851,0.5944637996744109,0.24878386363400307,0.15675233669158606,0.0597917374689132,0.5135135135135135,0.4864864864864864,0.5146198830422205,0.48538011695777955
E1,0304,2003-08-26,Crystal Palace,Sheffield United,1,2,A,fpl-team-8,,0.40275109291899874,0.2800378692952413,0.31721103778576004,0.40863595136044467,0.275542357988998,0.3158216906505574,0.058051872067153454,0.4864864864864864,0.5135135135135135,0.48538011695777955,0.5146198830422205
E1,0304,2003-08-26,Norwich,Wimbledon,3,2,H,,,0.5329549340642581,0.2638910680874055,0.20315399784833657,0.5497506194978372,0.25791335428331635,0.1923360262188465,0.05797317810356617,0.5135135135135135,0.4864864864864864,0.5146198830422205,0.48538011695777955
E1,0304,2003-08-26,Stoke,Millwall,0,0,D,,,0.37816579226341823,0.28007903989509414,0.34175516784148763,0.381950192212955,0.2756031760284609,0.3424466317585841,0.05794048239476979,0.4623655913978494,0.5376344086021505,0.45930232558701545,0.5406976744129846
E1,0304,2003-08-26,West Ham,Bradford,1,0,H,,,0.6156646235966979,0.24081163935043995,0.1435237370528622,0.6394747266105845,0.23258602092162461,0.127939252467791,0.059113545808941126,0.5376344086021505,0.4623655913978494,0.5406976744129846,0.45930232558701545
E1,0304,2003-08-26,Wigan,Ipswich,1,0,H,,,0.3815470312236901,0.2784100993460364,0.3400428694302734,0.3858465593711398,0.2735365486058454,0.34061689202301465,0.06129861972294748,0.5,0.5,0.5,0.5
E1,0304,2003-08-27,Coventry,Nott'm Forest,1,3,A,,fpl-team-18,0.37954147826679696,0.278725773102179,0.341732748631024,0.38361939265169975,0.2739291903787574,0.34245141696954284,0.06065906840376556,0.4864864864864864,0.5135135135135135,0.48538011695777955,0.5146198830422205
E1,0304,2003-08-30,Bradford,Sunderland,0,4,A,,fpl-team-20,0.3446486974173903,0.28002706665162963,0.37532423593098,0.34558716306586784,0.2755397423655959,0.37887309456853624,0.058042522985488176,0.4864864864864864,0.5135135135135135,0.48538011695777955,0.5146198830422205
E1,0304,2003-08-30,Burnley,Crewe,1,0,H,,,0.4263705646152585,0.27763664672621485,0.29599278865852663,0.4343311434373846,0.27288702818537125,0.29278182837724415,0.05857055867090821,0.5,0.5,0.5,0.5
E1,0304,2003-08-30,Derby,West Brom,0,1,A,,,0.2977250247279921,0.2769535113748764,0.42532146389713155,0.2945896891874685,0.2720375272634912,0.4333727835490404,0.059952810406684875,0.4623655913978494,0.5376344086021505,0.45930232558701545,0.5406976744129846
E1,0304,2003-08-30,Ipswich,West Ham,1,2,A,,,0.3595505617977528,0.28089887640449435,0.3595505617977528,0.3616931486743505,0.2766137026512991,0.3616931486743505,0.056301046162843704,0.5,0.5,0.5,0.5
E1,0304,2003-08-30,Millwall,Crystal Palace,1,1,D,,fpl-team-8,0.420299859182152,0.2769417676781622,0.3027583731396858,0.4279122613104981,0.27202745041109977,0.3000602882784021,0.05996349803172052,0.5,0.5,0.5,0.5
E1,0304,2003-08-30,Nott'm Forest,Norwich,2,0,H,fpl-team-18,,0.4880095923261391,0.27062350119904083,0.24136690647482015,0.5015944738462975,0.26506653547340214,0.2333389906803005,0.06030018185265362,0.5135135135135135,0.4864864864864864,0.5146198830422205,0.48538011695777955
E1,0304,2003-08-30,Preston,Stoke,1,0,H,,,0.4463667820069204,0.2768166089965398,0.2768166089965398,0.4563148421970969,0.2718425789014516,0.2718425789014516,0.060300934594124556,0.5,0.5,0.5,0.5
E1,0304,2003-08-30,Rotherham,Wigan,0,3,A,,,0.3936560374030628,0.2776953442145637,0.3286486183823735,0.3987940427677912,0.2729821401307756,0.32822381710143317,0.0583879160694778,0.4864864864864864,0.5135135135135135,0.48538011695777955,0.5146198830422205
E1,0304,2003-08-30,Sheffield United,Coventry,2,1,H,,,0.5342457316131544,0.267845905142595,0.19790836324425073,0.5523450759781908,0.2617647412586077,0.1858901827632015,0.06227557943202555,0.5,0.5,0.5,0.5
E1,0304,2003-08-30,Walsall,Cardiff,1,1,D,,,0.38901395767672226,0.2796037820801441,0.3313822602431337,0.393796160075961,0.27501323537484645,0.33119060454919247,0.058901825454086065,0.4864864864864864,0.5135135135135135,0.48538011695777955,0.5146198830422205
E1,0304,2003-08-30,Watford,Gillingham,2,2,D,,,0.43238275442627383,0.27819975672388164,0.28941748884984464,0.44070014094174226,0.2735801661791594,0.2857196928790983,0.057450560852885246,0.4623655913978494,0.5376344086021505,0.45930232558701545,0.5406976744129846
E1,0304,2003-08-30,Wimbledon,Reading,0,3,A,,,0.3203250656056887,0.2756285448234995,0.4040463895708118,0.3191067112496923,0.270397308756271,0.4104959799940367,0.06260821083560586,0.5135135135135135,0.4864864864864864,0.5146198830422205,0.48538011695777955
E1,0304,2003-09-06,Gillingham,Millwall,4,3,H,,,0.37999660717315026,0.28143498718761445,0.3385684056392354,0.38375920053673634,0.27726823845583437,0.33897256100742934,0.05524590238928795,0.4623655913978494,0.5376344086021505,0.45930232558701545,0.5406976744129846
E1,0304,2003-09-06,Stoke,Burnley,1,2,A,,,0.46536406841904665,0.27334769434214157,0.26128823723881184,0.47751063974905755,0.267810801208366,0.2546785590425765,0.06315708509646356,0.4864864864864864,0.5135135135135135,0.48538011695777955,0.5146198830422205
E1,0304,2003-09-13,Bradford,Preston,2,1,H,,,0.3928038514597821,0.2792589881471888,0.32793716039302906,0.3979719923853986,0.2745851968977936,0.3274428107168078,0.05959893926046789,0.4864864864864864,0.5135135135135135,0.48538011695777955,0.5146198830422205
E1,0304,2003-09-13,Cardiff,Gillingham,5,0,H,,,0.48960530280204884,0.27342573064175957,0.23696896655619162,0.5039536815751783,0.26785692250289883,0.22818939592192286,0.06314664683304727,0.4864864864864864,0.5135135135135135,0.48538011695777955,0.5146198830422205
E1,0304,2003-09-13,Coventry,Stoke,4,2,H,,,0.43735873425896027,0.2780109783661608,0.2846302873748789,0.4461523008429232,0.27334080453992154,0.2805068946171553,0.05784631276037544,0.4623655913978494,0.5376344086021505,0.45930232558701545,0.5406976744129846
E1,0304,2003-09-13,Norwich,Burnley,2,0,H,,,0.48754875487548754,0.27452745274527457,0.23792379237923794,0.5012082709257643,0.2692562384707643,0.22953549060347153,0.06084177060984075,0.5135135135135135,0.4864864864864864,0.5146198830422205,0.48538011695777955
E1,0304,2003-09-13,Nott'm Forest,Sheffield United,3,1,H,fpl-team-18,,0.4043321299638989,0.27797833935018046,0.31768953068592054,0.41076899061605193,0.27298811329195727,0.3162428960919907,0.06220584746915847,0.5135135135135135,0.4864864864864864,0.5146198830422205,0.48538011695777955
E1,0304,2003-09-13,Rotherham,Crewe,0,2,A,,,0.4403803950256035,0.27651792245793705,0.2831016825164594,0.4498918681271672,0.2714769659249925,0.2786311659478403,0.06088794372044504,0.4623655913978494,0.5376344086021505,0.45930232558701545,0.5406976744129846
E1,0304,2003-09-13,Sunderland,Crystal Palace,2,1,H,fpl-team-20,fpl-team-8,0.5052851116272455,0.27596340711949563,0.21875148125325874,0.5197965991986,0.27101916356425837,0.20918423723714172,0.0580075898906216,0.5,0.5,0.5,0.5
E1,0304,2003-09-13,Walsall,Derby,0,1,A,,,0.480462209170769,0.27571139080107204,0.24382640002815897,0.49298402370111993,0.2707601453712001,0.23625583092767996,0.05836045043542981,0.5,0.5,0.5,0.5
E1,0304,2003-09-13,Watford,Millwall,3,1,H,,,0.36421579786023217,0.2788527202367403,0.3569314819030276,0.3669198637974688,0.2740891567451367,0.35899097945739444,0.06039580865763128,0.4864864864864864,0.5135135135135135,0.48538011695777955,0.5146198830422205
E1,0304,2003-09-13,West Brom,Ipswich,4,1,H,,,0.5255396977478906,0.27651473327658244,0.19794556897552706,0.5414510162978843,0.2716507916776488,0.18689819202446706,0.05704789003357291,0.4864864864864864,0.5135135135135135,0.48538011695777955,0.5146198830422205
E1,0304,2003-09-13,West Ham,Reading,1,0,H,,,0.47334200260078024,0.27308192457737324,0.2535760728218465,0.48633514248955995,0.2674580019830521,0.24620685552738797,0.06375640945043415,0.4864864864864864,0.5135135135135135,0.48538011695777955,0.5146198830422205
E1,0304,2003-09-13,Wimbledon,Wigan,2,4,A,,,0.3366508824019716,0.2798410459966389,0.3835080716013895,0.3369112136102409,0.27530817760140974,0.38778060878834936,0.05842075473628938,0.5135135135135135,0.4864864864864864,0.5146198830422205,0.48538011695777955
E1,0304,2003-09-16,Burnley,Nott'm Forest,0,3,A,,fpl-team-18,0.36421579786023217,0.2788527202367403,0.3569314819030276,0.3669198637974688,0.2740891567451367,0.35899097945739444,0.06039580865763128,0.5135135135135135,0.4864864864864864,0.5146198830422205,0.48538011695777955
E1,0304,2003-09-16,Crewe,West Ham,0,3,A,,,0.2713279415601356,0.2775893555961388,0.45108270284372554,0.2663970487450189,0.2731447040502377,0.46045824720474343,0.054418560583144426,0.4864864864864864,0.5135135135135135,0.48538011695777955,0.5146198830422205
E1,0304,2003-09-16,Crystal Palace,Bradford,0,1,A,fpl-team-8,,0.553133337671634,0.26599206090974165,0.18087460141862433,0.5702258984801842,0.2605653491974786,0.16920875232233715,0.05365963384974748,0.5,0.5,0.5,0.5
E1,0304,2003-09-16,Gillingham,Norwich,1,2,A,,,0.37705269573265016,0.2798437976140763,0.3431035066532736,0.3807713427080325,0.2753133289372649,0.3439153283547026,0.05841017025522888,0.4864864864864864,0.5135135135135135,0.48538011695777955,0.5146198830422205
E1,0304,2003-09-16,Ipswich,Walsall,2,1,H,,,0.509517887889803,0.2661660608379568,0.2243160512722403,0.5252211881093098,0.2600926116311882,0.21468620025950194,0.06133920280262828,0.5135135135135135,0.4864864864864864,0.5146198830422205,0.48538011695777955
E1,0304,2003-09-16,Millwall,Wimbledon,2,0,H,,,0.5562085119766922,0.25665049909781656,0.18714098892549128,0.57475752011634,0.2500872888171445,0.17515519106651564,0.05750694707967341,0.5135135135135135,0.4864864864864864,0.5146198830422205,0.48538011695777955
E1,0304,2003-09-16,Preston,Coventry,4,2,H,,,0.43735873425896027,0.2780109783661608,0.2846302873748789,0.4461523008429232,0.27334080453992154,0.2805068946171553,0.05784631276037544,0.4864864864864864,0.5135135135135135,0.48538011695777955,0.5146198830422205
E1,0304,2003-09-16,Reading,Cardiff,2,1,H,,,0.48960530280204884,0.27342573064175957,0.23696896655619162,0.5039536815751783,0.26785692250289883,0.22818939592192286,0.06314664683304727,0.5,0.5,0.5,0.5
E1,0304,2003-09-16,Sheffield United,Rotherham,5,0,H,,,0.562464190317869,0.26303472429570934,0.1745010853864218,0.5823337295646158,0.2566714038265961,0.16099486660878817,0.060185925802215934,0.5,0.5,0.5,0.5
E1,0304,2003-09-16,Stoke,Sunderland,3,1,H,,fpl-team-20,0.31768953068592054,0.27797833935018046,0.4043321299638989,0.3162428960919907,0.27298811329195727,0.41076899061605193,0.06220584746915847,0.5,0.5,0.5,0.5
E1,0304,2003-09-16,Wigan,West Brom,1,0,H,,,0.3595505617977528,0.28089887640449435,0.3595505617977528,0.3616931486743505,0.2766137026512991,0.3616931486743505,0.056301046162843704,0.4864864864864864,0.5135135135135135,0.48538011695777955,0.5146198830422205
E1,0304,2003-09-17,Derby,Watford,3,2,H,,,0.4262295081967213,0.2754098360655738,0.29836065573770487,0.434202009476857,0.2704587810440662,0.2953392094790768,0.05875772680155933,0.4864864864864864,0.5135135135135135,0.48538011695777955,0.5146198830422205
E1,0304,2003-09-20,Burnley,Bradford,4,0,H,,,0.4541991751385715,0.26978747996952746,0.27601334489190116,0.46437338278600215,0.2644454179941912,0.2711811992198067,0.05761904222890735,0.5135135135135135,0.4864864864864864,0.5146198830422205,0.48538011695777955
E1,0304,2003-09-20,Crewe,Nott'm Forest,3,1,H,,fpl-team-18,0.32450704225352117,0.27887323943661974,0.3966197183098592,0.32370345949103535,0.274105338635762,0.4021912018732027,0.06038123299367726,0.4864864864864864,0.5135135135135135,0.48538011695777955,0.5146198830422205
E1,0304,2003-09-20,Crystal Palace,West Brom,2,2,D,fpl-team-8,,0.34378216630012315,0.280397329388538,0.37582050431133884,0.34463683835147446,0.27599567584730905,0.37936748580121643,0.057303744135424495,0.4864864864864864,0.5135135135135135,0.48538011695777955,0.5146198830422205
E1,0304,2003-09-20,Derby,Sunderland,1,1,D,,fpl-team-20,0.3346975898135516,0.2782173715325148,0.3870850386539336,0.3347930726163138,0.27329493022013057,0.3919119971635556,0.061694425414316356,0.5,0.5,0.5,0.5
E1,0304,2003-09-20,Gillingham,West Ham,2,0,H,,,0.25623212096444625,0.27176134041683697,0.47200653861871683,0.24974338386087566,0.26654178233883635,0.483714833800288,0.05783917161170393,0.5135135135135135,0.4864864864864864,0.5146198830422205,0.48538011695777955
E1,0304,2003-09-20,Ipswich,Wimbledon,4,1,H,,,0.5606581394038429,0.25790274412576775,0.18143911647038938,0.5786888124079465,0.2517325091096486,0.16957867848240488,0.05477311532013118,0.5585106382978724,0.4414893617021276,0.5631095811795052,0.43689041882049473
E1,0304,2003-09-20,Millwall,Walsall,2,1,H,,,0.5265664716573294,0.2648319607453039,0.2086015675973667,0.54227298885734,0.25915343355361786,0.19857357758904226,0.05589399021118879,0.5135135135135135,0.4864864864864864,0.5146198830422205,0.48538011695777955
E1,0304,2003-09-20,Preston,Rotherham,4,1,H,,,0.5160526525485791,0.2615931607845518,0.22235418666686904,0.5327128391703129,0.2549620749314776,0.21232508589820961,0.06282233353704214,0.5,0.5,0.5,0.5
E1,0304,2003-09-20,Reading,Coventry,1,2,A,,,0.5405264257363693,0.2600793816586589,0.1993941926049718,0.5579543523963081,0.2537747608616574,0.18827088674203446,0.05800030170939863,0.5,0.5,0.5,0.5
E1,0304,2003-09-20,Sheffield United,Cardiff,5,3,H,,,0.49241806619925,0.27082993640958747,0.2367519973911626,0.506293545266933,0.26531960262144205,0.22838685211162502,0.05989575223065913,0.5135135135135135,0.4864864864864864,0.5146198830422205,0.48538011695777955
E1,0304,2003-09-20,Stoke,Norwich,1,1,D,,,0.3845232986244438,0.27938020915682243,0.3360964922187338,0.38894958517315703,0.2747384850551809,0.3363119297716621,0.059345796471461654,0.4864864864864864,0.5135135135135135,0.48538011695777955,0.5146198830422205
E1,0304,2003-09-20,Wigan,Watford,1,0,H,,,0.5453277545327754,0.2614365411436541,0.19323570432357043,0.5647596471530628,0.2546463274418135,0.1805940254051238,0.06347865262068808,0.5,0.5,0.5,0.5
E1,0304,2003-09-27,Bradford,Sheffield United,1,2,A,,,0.3183652481080296,0.27956448349486346,0.402070268397107,0.317052259573778,0.2749582554526842,0.4079894849735378,0.058999208733439445,0.5135135135135135,0.4864864864864864,0.5146198830422205,0.48538011695777955
E1,0304,2003-09-27,Cardiff,Crewe,3,0,H,,,0.5205990155529505,0.26573860196881954,0.21366238247823002,0.5375337318123801,0.2595040735759834,0.20296219461163656,0.06235681218095124,0.5135135135135135,0.4864864864864864,0.5146198830422205,0.48538011695777955
E1,0304,2003-09-27,Coventry,Wigan,1,1,D,,,0.35197066911090746,0.2777268560953254,0.3703024747937672,0.3536488833792424,0.272688376218189,0.3736627404025686,0.06267699296586215,0.4864864864864864,0.5135135135135135,0.48538011695777955,0.5146198830422205
E1,0304,2003-09-27,Norwich,Crystal Palace,2,1,H,,fpl-team-8,0.48960530280204884,0.27342573064175957,0.23696896655619162,0.5039536815751783,0.26785692250289883,0.22818939592192286,0.06314664683304727,0.5,0.5,0.5,0.5
E1,0304,2003-09-27,Nott'm Forest,Derby,1,1,D,fpl-team-18,,0.5168720877799489,0.27145648579588155,0.21167142642416953,0.5336642710272737,0.26565590250107485,0.2006798264716516,0.06312404409982264,0.5,0.5,0.5,0.5
E1,0304,2003-09-27,Rotherham,Gillingham,1,1,D,,,0.3780425117461921,0.27998773526202353,0.34196975299178445,0.38182790676996964,0.27549064649765675,0.3426814467323736,0.058122893795371056,0.4864864864864864,0.5135135135135135,0.48538011695777955,0.5146198830422205
E1,0304,2003-09-27,Sunderland,Reading,2,0,H,fpl-team-20,,0.42440318302387264,0.27851458885941643,0.29708222811671087,0.43253155804654525,0.2736390049402725,0.29382943701318226,0.06116653839126229,0.5,0.5,0.5,0.5
E1,0304,2003-09-27,Walsall,Preston,2,1,H,,,0.3780425117461921,0.27998773526202353,0.34196975299178445,0.38182790676996964,0.27549064649765675,0.3426814467323736,0.058122893795371056,0.5,0.5,0.5,0.5
E1,0304,2003-09-27,Watford,Ipswich,1,2,A,,,0.3780425117461921,0.27998773526202353,0.34196975299178445,0.38182790676996964,0.27549064649765675,0.3426814467323736,0.058122893795371056,0.5135135135135135,0.4864864864864864,0.5146198830422205,0.48538011695777955
E1,0304,2003-09-27,West Brom,Stoke,1,0,H,,,0.5787666119157833,0.26384948484396004,0.15738390324025686,0.5994280827367342,0.2576511279886209,0.1429207892746449,0.05865457444451749,0.4864864864864864,0.5135135135135135,0.48538011695777955,0.5146198830422205
E1,0304,2003-09-27,Wimbledon,Burnley,2,2,D,,,0.35041025293279987,0.27493727537804297,0.3746524716891571,0.3518716536288166,0.2698949405710439,0.3782334058001396,0.059643271612003446,0.5376344086021505,0.4623655913978494,0.5406976744129846,0.45930232558701545
E1,0304,2003-09-28,West Ham,Millwall,1,1,D,,,0.5237461731441192,0.27346746750425766,0.20278635935162317,0.5400344110735418,0.2681946267365065,0.1917709621899516,0.05896662245504558,0.4864864864864864,0.5135135135135135,0.48538011695777955,0.5146198830422205
E1,0304,2003-09-29,Walsall,Gillingham,2,1,H,,,0.4043321299638989,0.27797833935018046,0.31768953068592054,0.41076899061605193,0.27298811329195727,0.3162428960919907,0.06220584746915847,,,,
E1,0304,2003-09-30,Bradford,Derby,1,2,A,,,0.3936560374030628,0.2776953442145637,0.3286486183823735,0.3987940427677912,0.2729821401307756,0.32822381710143317,0.0583879160694778,0.5,0.5,0.5,0.5
E1,0304,2003-09-30,Cardiff,Wigan,0,0,D,,,0.39832869080779937,0.2757660167130919,0.3259052924791086,0.40382777098980527,0.27092282956349195,0.3252493994467028,0.05797737371176481,0.5135135135135135,0.4864864864864864,0.5146198830422205,0.48538011695777955
E1,0304,2003-09-30,Norwich,Reading,2,1,H,,,0.43434343434343436,0.27609427609427606,0.2895622895622895,0.4434400137638676,0.2709538601053304,0.28560612613080194,0.06173314619809389,0.5,0.5,0.5,0.5
E1,0304,2003-09-30,Rotherham,Stoke,3,0,H,,,0.3928038514597821,0.2792589881471888,0.32793716039302906,0.3979719923853986,0.2745851968977936,0.3274428107168078,0.05959893926046789,0.4623655913978494,0.5376344086021505,0.45930232558701545,0.5406976744129846
E1,0304,2003-09-30,Sunderland,Ipswich,3,2,H,fpl-team-20,,0.47972020778686414,0.2709869876047935,0.24929280460834238,0.4933125374576936,0.2651597829924508,0.24152767954985555,0.06381525890901685,0.4864864864864864,0.5135135135135135,0.48538011695777955,0.5146198830422205
E1,0304,2003-09-30,Watford,Burnley,1,1,D,,,0.3775471145835679,0.2802107491049918,0.34224213631144035,0.3812625283590385,0.27576559987939114,0.34297187176157035,0.05767702031880617,0.5135135135135135,0.4864864864864864,0.5146198830422205,0.48538011695777955
E1,0304,2003-09-30,West Brom,Millwall,2,1,H,,,0.5362306142118638,0.26417243494260934,0.19959695084552703,0.5531279595961477,0.25826836953146826,0.18860367087238392,0.05739658745005727,0.5,0.5,0.5,0.5
E1,0304,2003-09-30,Wimbledon,Sheffield United,1,2,A,,,0.24699176694110195,0.2754908169727676,0.47751741608613046,0.23963009096356605,0.27048934487837684,0.48988056415805714,0.058796036057174206,0.5376344086021505,0.4623655913978494,0.5406976744129846,0.45930232558701545
E1,0304,2003-10-01,Coventry,Crewe,2,0,H,,,0.4822205167562036,0.27301100025581987,0.24476848298797643,0.4960715359170987,0.2673481576174533,0.236580306465448,0.06396154453977942,0.5,0.5,0.5,0.5
E1,0304,2003-10-01,Nott'm Forest,Preston,0,1,A,fpl-team-18,,0.5356143576624831,0.26620833000239835,0.19817731233511873,0.5536177853108494,0.2600600389151295,0.18632217577402105,0.061497802613303065,0.5,0.5,0.5,0.5
E1,0304,2003-10-01,West Ham,Crystal Palace,3,0,H,,fpl-team-8,0.5546492659053833,0.26508972267536707,0.1802610114192496,0.5724609915727659,0.25939168915552335,0.16814731927171075,0.05561214033514261,0.5,0.5,0.5,0.5
E1,0304,2003-10-04,Burnley,Walsall,3,1,H,,,0.49167927382753407,0.2723146747352496,0.23600605143721634,0.5067393606668952,0.2664367917492312,0.22682384758387358,0.0654933883342892,0.5135135135135135,0.4864864864864864,0.5146198830422205,0.48538011695777955
E1,0304,2003-10-04,Crewe,Watford,0,1,A,,,0.472480062753301,0.2725846515884429,0.25493528565825596,0.4855975469700242,0.26682771766803987,0.2475747353619359,0.06479131570085883,0.4864864864864864,0.5135135135135135,0.48538011695777955,0.5146198830422205
E1,0304,2003-10-04,Crystal Palace,Cardiff,2,1,H,fpl-team-8,,0.400157919968416,0.27607794478441106,0.32376413524717296,0.4061637561595143,0.27096286469129116,0.3228733791491946,0.06168151996098459,0.5135135135135135,0.4864864864864864,0.5146198830422205,0.48538011695777955
E1,0304,2003-10-04,Derby,West Ham,0,1,A,,,0.2977250247279921,0.2769535113748764,0.42532146389713155,0.2945896891874685,0.2720375272634912,0.4333727835490404,0.059952810406684875,0.5135135135135135,0.4864864864864864,0.5146198830422205,0.48538011695777955
E1,0304,2003-10-04,Gillingham,West Brom,0,2,A,,,0.29428059312367605,0.27831187876812774,0.4274075281081961,0.2910011720122497,0.27372385344492417,0.4352749745428262,0.05721106752753258,0.4864864864864864,0.5135135135135135,0.48538011695777955,0.5146198830422205
E1,0304,2003-10-04,Ipswich,Rotherham,2,1,H,,,0.5601520527523397,0.2644247190198545,0.1754232282278059,0.5788612224885216,0.2585029978502221,0.16263577966125634,0.05711718532256782,0.5376344086021505,0.4623655913978494,0.5406976744129846,0.45930232558701545
E1,0304,2003-10-04,Millwall,Coventry,2,1,H,,,0.5098286859744969,0.2685870213838373,0.22158429264166576,0.5264093480208129,0.2623953294953482,0.21119532248383902,0.06478473218157887,0.5135135135135135,0.4864864864864864,0.5146198830422205,0.48538011695777955
E1,0304,2003-10-04,Preston,Wimbledon,1,0,H,,,0.5684158497405057,0.2553752368399374,0.1762089134195568,0.591652088807374,0.2473429428870604,0.1610049683055656,0.06898889155127108,0.5585106382978724,0.4414893617021276,0.5631095811795052,0.43689041882049473
E1,0304,2003-10-04,Reading,Bradford,2,2,D,,,0.5586920034272702,0.26053122689233443,0.18077676968039527,0.5799774530674001,0.2533771564904557,0.16664539044214424,0.065688940230757,0.5135135135135135,0.4864864864864864,0.5146198830422205,0.48538011695777955
E1,0304,2003-10-04,Sheffield United,Sunderland,0,1,A,,fpl-team-20,0.47004132231404955,0.2747933884297521,0.25516528925619836,0.4820397511148156,0.26962729274659464,0.24833295613858974,0.06018905295059085,0.5376344086021505,0.4623655913978494,0.5406976744129846,0.45930232558701545
E1,0304,2003-10-04,Stoke,Nott'm Forest,2,1,H,,fpl-team-18,0.3497267759562842,0.2786885245901639,0.37158469945355194,0.3511564515110182,0.2738846776102663,0.37495887087871543,0.060729291988536716,0.5,0.5,0.5,0.5
E1,0304,2003-10-04,Wigan,Norwich,1,1,D,,,0.47089349021219745,0.2752915788932847,0.2538149308945178,0.48276692128415705,0.27025167079597096,0.24698140791987203,0.059169403510168195,0.4864864864864864,0.5135135135135135,0.48538011695777955,0.5146198830422205
E1,0304,2003-10-11,Bradford,Ipswich,0,1,A,,,0.3425968109339407,0.27835990888382683,0.3790432801822324,0.3434008807051036,0.27347487690063266,0.3831242423942638,0.061398088466376066,0.5376344086021505,0.4623655913978494,0.5406976744129846,0.45930232558701545
E1,0304,2003-10-11,Derby,Wigan,2,2,D,,,0.34918388311836546,0.27825590685994744,0.372560210021687,0.3505838941835396,0.2733469794334862,0.37606912638297424,0.06160447956062853,0.4623655913978494,0.5376344086021505,0.45930232558701545,0.5406976744129846
E1,0304,2003-10-11,Rotherham,Millwall,0,0,D,,,0.35559628823462025,0.27780960018329703,0.3665941115820827,0.3576018658426542,0.2727919701043137,0.3696061640530321,0.06250760750845075,0.4864864864864864,0.5135135135135135,0.48538011695777955,0.5146198830422205
E1,0304,2003-10-14,Crewe,Bradford,2,2,D,,,0.4668406812466349,0.2735686392105281,0.25959067954283693,0.4790367684215466,0.2680878261837356,0.25287540539471787,0.06270557316020131,0.4864864864864864,0.5135135135135135,0.48538011695777955,0.5146198830422205
E1,0304,2003-10-14,Crystal Palace,Derby,1,1,D,fpl-team-8,,0.4808673469387755,0.2737244897959184,0.24540816326530612,0.4942815964257588,0.26825644634536167,0.23746195722887953,0.06246416666544974,0.4864864864864864,0.5135135135135135,0.48538011695777955,0.5146198830422205
E1,0304,2003-10-14,Ipswich,Burnley,6,1,H,,,0.507890301823196,0.262907920943772,0.22920177723303206,0.5230993833190327,0.2567059872851049,0.22019462939586237,0.05989211029373109,0.5585106382978724,0.4414893617021276,0.5631095811795052,0.43689041882049473
E1,0304,2003-10-14,Millwall,Preston,0,1,A,,,0.4859837307600287,0.2753658585214132,0.2386504107185581,0.4991301708345491,0.27031524766129905,0.23055458150415192,0.059102275874465704,0.4864864864864864,0.5135135135135135,0.48538011695777955,0.5146198830422205
E1,0304,2003-10-14,Nott'm Forest,Rotherham,2,2,D,fpl-team-18,,0.5784038836573066,0.2605369258297544,0.16105919051293907,0.6015329471713314,0.25325650920894777,0.14521054361972077,0.0660416844766587,0.5,0.5,0.5,0.5
E1,0304,2003-10-14,Reading,Gillingham,2,1,H,,,0.5267446526127351,0.26337232630636753,0.20988302108089754,0.5433239432377633,0.25725772758776494,0.19941832917447172,0.05903880833648145,0.5,0.5,0.5,0.5
E1,0304,2003-10-14,Sunderland,Cardiff,0,0,D,fpl-team-20,,0.5318230852211435,0.26278317152103564,0.20539374325782098,0.5491954786308818,0.2564713025541915,0.19433321881492677,0.06036714697256684,0.5135135135135135,0.4864864864864864,0.5146198830422205,0.48538011695777955
E1,0304,2003-10-14,Watford,Walsall,1,1,D,,,0.44540353905912816,0.27621924902891665,0.2783772119119551,0.45546061996589354,0.27109644771944935,0.27344293231465716,0.06151771731674671,0.5135135135135135,0.4864864864864864,0.5146198830422205,0.48538011695777955
E1,0304,2003-10-14,West Brom,Sheffield United,0,2,A,,,0.48405637744902036,0.2755397840863655,0.2404038384646142,0.4969600827075908,0.27053768104016196,0.23250223625224725,0.05873325956054032,0.4864864864864864,0.5135135135135135,0.48538011695777955,0.5146198830422205
E1,0304,2003-10-14,Wigan,Stoke,2,1,H,,,0.5648108595566946,0.26413213726327783,0.17105700318002753,0.5841077195246787,0.2580988114133767,0.1577934690619447,0.05781651195138693,0.4864864864864864,0.5135135135135135,0.48538011695777955,0.5146198830422205
E1,0304,2003-10-15,Coventry,Wimbledon,1,0,H,,,0.5646302336240626,0.25914867046186757,0.17622109591406995,0.5874728793721301,0.2514894708307164,0.16103764979715354,0.06891771033406258,0.5376344086021505,0.4623655913978494,0.5406976744129846,0.45930232558701545
E1,0304,2003-10-15,West Ham,Norwich,1,1,D,,,0.5188011105025591,0.2648208653610078,0.2163780241364332,0.5360916263105712,0.25831472686446433,0.20559364682496445,0.06432809866964817,0.4864864864864864,0.5135135135135135,0.48538011695777955,0.5146198830422205
E1,0304,2003-10-18,Coventry,Cardiff,1,3,A,,,0.39747899159663863,0.2773109243697479,0.32521008403361346,0.40301535536160044,0.27250270120109576,0.3244819434373038,0.05917003005743027,0.5135135135135135,0.4864864864864864,0.5146198830422205,0.48538011695777955
E1,0304,2003-10-18,Crewe,Derby,3,0,H,,,0.39832869080779937,0.2757660167130919,0.3259052924791086,0.40382777098980527,0.27092282956349195,0.3252493994467028,0.05797737371176481,0.4623655913978494,0.5376344086021505,0.45930232558701545,0.5406976744129846
E1,0304,2003-10-18,Crystal Palace,Rotherham,1,1,D,fpl-team-8,,0.5325932139764384,0.2705248279236047,0.19688195809995676,0.5513756687824114,0.2643965111709255,0.18422782004666305,0.06528572551906109,0.5135135135135135,0.4864864864864864,0.5146198830422205,0.48538011695777955
E1,0304,2003-10-18,Ipswich,Stoke,1,0,H,,,0.5722070844686649,0.2566757493188011,0.17111716621253406,0.5920631442571024,0.2500495264409144,0.1578873293019832,0.05765192105900496,0.5376344086021505,0.4623655913978494,0.5406976744129846,0.45930232558701545
E1,0304,2003-10-18,Millwall,Sheffield United,2,0,H,,,0.37754783764358074,0.27962136725477704,0.34283079510164227,0.38133662120737366,0.27503858901303935,0.343624789779587,0.058856074581854045,0.4864864864864864,0.5135135135135135,0.48538011695777955,0.5146198830422205
E1,0304,2003-10-18,Nott'm Forest,Wimbledon,6,0,H,fpl-team-18,,0.6074196638509101,0.248367151441261,0.14421318470782896,0.6312350117852319,0.2405283343869441,0.12823665382782395,0.06096635549329221,0.5376344086021505,0.4623655913978494,0.5406976744129846,0.45930232558701545
E1,0304,2003-10-18,Reading,Preston,3,2,H,,,0.4665400042220815,0.27274646400675534,0.2607135317711632,0.4790315957192062,0.26704562878555554,0.25392277549523823,0.06441769492812455,0.5,0.5,0.5,0.5
E1,0304,2003-10-18,Sunderland,Walsall,1,0,H,fpl-team-20,,0.5957446808510638,0.2553191489361702,0.14893617021276595,0.61865747710267,0.24807683202229722,0.13326569087503268,0.06114793987944722,0.5135135135135135,0.4864864864864864,0.5146198830422205,0.48538011695777955
E1,0304,2003-10-18,Watford,Bradford,1,0,H,,,0.46230942970073396,0.26884528514963296,0.26884528514963296,0.475105265156637,0.2624473674216815,0.2624473674216815,0.0682524578878656,0.5,0.5,0.5,0.5
E1,0304,2003-10-18,West Brom,Norwich,1,0,H,,,0.5233413239500575,0.2745529099491841,0.20210576610075837,0.5401583497862965,0.2691838192362652,0.19065783097743833,0.061090139439329505,0.4864864864864864,0.5135135135135135,0.48538011695777955,0.5146198830422205
E1,0304,2003-10-18,West Ham,Burnley,2,2,D,,,0.5881626096626714,0.26207833930557267,0.1497590510317558,0.610986724880528,0.255241185408511,0.13377208971096097,0.0627787138801068,0.5376344086021505,0.4623655913978494,0.5406976744129846,0.45930232558701545
E1,0304,2003-10-18,Wigan,Gillingham,1,0,H,,,0.5782517272454191,0.2577350555722439,0.16401321718233705,0.597797891681156,0.2514319140894826,0.1507701942293613,0.05536562134511769,0.4864864864864864,0.5135135135135135,0.48538011695777955,0.5146198830422205
E1,0304,2003-10-21,Crewe,Preston,2,1,H,,,0.37306907607111633,0.278635966190615,0.34829495773826874,0.3765813066615599,0.27381918506378666,0.3495995082746534,0.06083613517694175,0.4864864864864864,0.5135135135135135,0.48538011695777955,0.5146198830422205
E1,0304,2003-10-21,Crystal Palace,Ipswich,3,4,A,fpl-team-8,,0.35412036827066984,0.27942310308857543,0.3664565286407546,0.3558986258002035,0.2747953307998342,0.36930604339996226,0.059248678386211395,0.5135135135135135,0.4864864864864864,0.5146198830422205,0.48538011695777955
E1,0304,2003-10-21,Norwich,Derby,2,1,H,,,0.542817318581758,0.26573743357435314,0.1914452478438888,0.561759638783809,0.25941683017156714,0.17882353104462387,0.06260426621884108,0.5135135135135135,0.4864864864864864,0.5146198830422205,0.48538011695777955
E1,0304,2003-10-21,Reading,Walsall,0,1,A,,,0.5650173541044475,0.25587214464444263,0.1791105012511099,0.5848629750661396,0.2490086932462457,0.16612833168761473,0.05936255631968379,0.5135135135135135,0.4864864864864864,0.5146198830422205,0.48538011695777955
E1,0304,2003-10-21,Sunderland,Rotherham,0,0,D,fpl-team-20,,0.6142296536427231,0.24654495819825967,0.13922538815901722,0.640298039301253,0.23791742006793037,0.12178454063081669,0.06552221905440092,0.5376344086021505,0.4623655913978494,0.5406976744129846,0.45930232558701545
E1,0304,2003-10-21,Watford,Coventry,1,1,D,,,0.4094640270400772,0.2815065185900531,0.3090294543698696,0.41560486068801933,0.27734297902497435,0.3070521602870064,0.05514143640175462,0.5,0.5,0.5,0.5
E1,0304,2003-10-21,West Brom,Wimbledon,0,1,A,,,0.6981228252919925,0.19935285122226898,0.10252432348573834,0.7288806069374413,0.18720561264108815,0.08391378042147064,0.06082224100828171,0.5585106382978724,0.4414893617021276,0.5631095811795052,0.43689041882049473
E1,0304,2003-10-21,Wigan,Sheffield United,1,1,D,,,0.4016136261766024,0.27924697445091884,0.3191393993724787,0.4075549685568589,0.27456570956610615,0.31787932187703494,0.05963644734583795,0.4864864864864864,0.5135135135135135,0.48538011695777955,0.5146198830422205
E1,0304,2003-10-22,West Ham,Nott'm Forest,1,1,D,,fpl-team-18,0.5130375244869625,0.2730938207269062,0.21386865478613132,0.5297161670124193,0.26736494179439757,0.20291889119318315,0.0640432727523148,0.5,0.5,0.5,0.5
E1,0304,2003-10-24,Sheffield United,Reading,1,2,A,,,0.5051610580898734,0.26539804842930664,0.2294408934808199,0.5208758471295115,0.2591089544696286,0.22001519840085987,0.06295646750368178,0.5135135135135135,0.4864864864864864,0.5146198830422205,0.48538011695777955
E1,0304,2003-10-25,Bradford,Nott'm Forest,1,2,A,,fpl-team-18,0.32450704225352117,0.27887323943661974,0.3966197183098592,0.32370345949103535,0.274105338635762,0.4021912018732027,0.06038123299367726,0.5135135135135135,0.4864864864864864,0.5146198830422205,0.48538011695777955
E1,0304,2003-10-25,Burnley,Millwall,1,1,D,,,0.400157919968416,0.27607794478441106,0.32376413524717296,0.4061637561595143,0.27096286469129116,0.3228733791491946,0.06168151996098459,0.5135135135135135,0.4864864864864864,0.5146198830422205,0.48538011695777955
E1,0304,2003-10-25,Cardiff,West Ham,0,0,D,,,0.35770471393809067,0.2772904759210005,0.3650048101409088,0.3597901724623923,0.27248616495769257,0.36772366257991523,0.059185751946642995,0.4864864864864864,0.5135135135135135,0.48538011695777955,0.5146198830422205
E1,0304,2003-10-25,Derby,Coventry,1,3,A,,,0.41689449169704335,0.2746979208856487,0.30840758741730795,0.4247505182567111,0.26921667368753655,0.30603280805575234,0.06455267569981515,0.4864864864864864,0.5135135135135135,0.48538011695777955,0.5146198830422205
E1,0304,2003-10-25,Gillingham,Crystal Palace,1,0,H,,fpl-team-8,0.39747899159663863,0.2773109243697479,0.32521008403361346,0.40301535536160044,0.27250270120109576,0.3244819434373038,0.05917003005743027,0.5,0.5,0.5,0.5
E1,0304,2003-10-25,Norwich,Sunderland,1,0,H,,fpl-team-20,0.41504719600222095,0.2745696835091616,0.31038312048861744,0.42225383441664105,0.2694155217685017,0.30833064381485725,0.060449158772826195,0.5135135135135135,0.4864864864864864,0.5146198830422205,0.48538011695777955
E1,0304,2003-10-25,Preston,Ipswich,1,1,D,,,0.3595505617977528,0.28089887640449435,0.3595505617977528,0.3616931486743505,0.2766137026512991,0.3616931486743505,0.056301046162843704,0.5585106382978724,0.4414893617021276,0.5631095811795052,0.43689041882049473
E1,0304,2003-10-25,Rotherham,West Brom,0,3,A,,,0.2912444933920705,0.27544052863436125,0.4333149779735683,0.2873570067808076,0.2701344878768043,0.442508505342388,0.0630714031867683,0.4623655913978494,0.5376344086021505,0.45930232558701545,0.5406976744129846
E1,0304,2003-10-25,Stoke,Crewe,1,1,D,,,0.439308878835777,0.27372322450536873,0.2869678966588543,0.448931414079685,0.2683257715520523,0.2827428143682628,0.062262489227578044,0.4623655913978494,0.5376344086021505,0.45930232558701545,0.5406976744129846
E1,0304,2003-10-25,Walsall,Wigan,2,0,H,,,0.3293433269940708,0.28045642689338846,0.3902002461125405,0.3289879791899343,0.27606405313489846,0.3949479676751674,0.05719848885200918,0.4864864864864864,0.5135135135135135,0.48538011695777955,0.5146198830422205
E1,0304,2003-10-25,Wimbledon,Watford,1,3,A,,,0.3400428694302734,0.2784100993460364,0.3815470312236901,0.34061689202301465,0.2735365486058454,0.3858465593711398,0.06129861972294748,0.5376344086021505,0.4623655913978494,0.5406976744129846,0.45930232558701545
E1,0304,2003-10-28,Cardiff,Watford,3,0,H,,,0.5326964586562287,0.2639980978928663,0.20330544345090498,0.5494054683131003,0.2580534225336792,0.1925411091532205,0.05773959821090102,0.4864864864864864,0.5135135135135135,0.48538011695777955,0.5146198830422205
E1,0304,2003-11-01,Burnley,Cardiff,1,1,D,,,0.3870850386539336,0.2782173715325148,0.3346975898135516,0.3919119971635556,0.27329493022013057,0.3347930726163138,0.061694425414316356,0.5135135135135135,0.4864864864864864,0.5146198830422205,0.48538011695777955
E1,0304,2003-11-01,Coventry,West Ham,1,1,D,,,0.32450704225352117,0.27887323943661974,0.3966197183098592,0.32370345949103535,0.274105338635762,0.4021912018732027,0.06038123299367726,0.4864864864864864,0.5135135135135135,0.48538011695777955,0.5146198830422205
E1,0304,2003-11-01,Crewe,Reading,1,0,H,,,0.3743299778488245,0.2795777022058408,0.34609231994533485,0.3778458929946057,0.27498533279672843,0.3471687742086657,0.05894163122866303,0.5,0.5,0.5,0.5
E1,0304,2003-11-01,Ipswich,Gillingham,3,4,A,,,0.5957446808510638,0.2553191489361702,0.14893617021276595,0.61865747710267,0.24807683202229722,0.13326569087503268,0.06114793987944722,0.5376344086021505,0.4623655913978494,0.5406976744129846,0.45930232558701545
E1,0304,2003-11-01,Millwall,Nott'm Forest,1,0,H,,fpl-team-18,0.4004622452718509,0.27844640491558387,0.3210913498125652,0.40645608240464776,0.2735731627225563,0.31997075487279597,0.061249795369803905,0.4864864864864864,0.5135135135135135,0.48538011695777955,0.5146198830422205
E1,0304,2003-11-01,Preston,Derby,3,0,H,,,0.5298408893783493,0.2633620891321795,0.20679702148947118,0.5466917117718898,0.257234439911683,0.1960738483164272,0.05908925144467503,0.5,0.5,0.5,0.5
E1,0304,2003-11-01,Stoke,Sheffield United,2,2,D,,,0.3191393993724787,0.27924697445091884,0.4016136261766024,0.31787932187703494,0.27456570956610615,0.4075549685568589,0.05963644734583795,0.4864864864864864,0.5135135135135135,0.48538011695777955,0.5146198830422205
E1,0304,2003-11-01,Walsall,Norwich,1,3,A,,,0.3667827845825373,0.2808180694460052,0.35239914597145755,0.3695304493096822,0.27651417747155493,0.35395537321876275,0.056462512351572514,0.4623655913978494,0.5376344086021505,0.45930232558701545,0.5406976744129846
E1,0304,2003-11-01,Watford,Rotherham,1,0,H,,,0.5025368446484658,0.2744624305387775,0.2230007248127567,0.5175582026498706,0.2691358533143915,0.21330594403573797,0.06108675361610949,0.4864864864864864,0.5135135135135135,0.48538011695777955,0.5146198830422205
E1,0304,2003-11-01,West Brom,Sunderland,0,0,D,,fpl-team-20,0.4819812989638615,0.27864543846348244,0.2393732625726561,0.495217962059379,0.27371099099218194,0.231071046948439,0.061164002399891615,0.4864864864864864,0.5135135135135135,0.48538011695777955,0.5146198830422205
E1,0304,2003-11-01,Wigan,Crystal Palace,5,0,H,,fpl-team-8,0.564273285608727,0.2669770619969649,0.16874965239430803,0.584279229075736,0.2609261690889005,0.15479460183536353,0.0602154980879277,0.4864864864864864,0.5135135135135135,0.48538011695777955,0.5146198830422205
E1,0304,2003-11-01,Wimbledon,Bradford,2,1,H,,,0.38792167857465865,0.2766573211540201,0.3354210002713213,0.39272970143244046,0.2716927050610874,0.33557759350647215,0.06048385472968221,0.5376344086021505,0.4623655913978494,0.5406976744129846,0.45930232558701545
E1,0304,2003-11-04,Gillingham,Sunderland,1,3,A,,fpl-team-20,0.3400428694302734,0.2784100993460364,0.3815470312236901,0.34061689202301465,0.2735365486058454,0.3858465593711398,0.06129861972294748,,,,
E1,0304,2003-11-04,Preston,Watford,2,1,H,,,0.5177789477622222,0.27641429980537097,0.2058067524324068,0.5331026794009524,0.2715493981920668,0.1953479224069808,0.05718345730565488,,,,
E1,0304,2003-11-04,Sheffield United,Crewe,2,0,H,,,0.5584756898817346,0.2628120893561104,0.17871222076215507,0.5781547648488898,0.25639858951396827,0.16544664563714184,0.06061856960877776,,,,
E1,0304,2003-11-04,Walsall,Nott'm Forest,4,1,H,,fpl-team-18,0.3595505617977528,0.28089887640449435,0.3595505617977528,0.3616931486743505,0.2766137026512991,0.3616931486743505,0.056301046162843704,,,,
E1,0304,2003-11-05,Coventry,Bradford,0,0,D,,,0.5392165500713668,0.2624715854023859,0.1983118645262471,0.5574323290890394,0.2560355817569938,0.18653208915396682,0.06112569663673639,,,,
E1,0304,2003-11-08,Bradford,Walsall,1,1,D,,,0.3728048884954741,0.2781473972759202,0.34904771422860575,0.37634800056022566,0.2732119260468739,0.3504400733929005,0.06182444537989795,0.4864864864864864,0.5135135135135135,0.48538011695777955,0.5146198830422205
E1,0304,2003-11-08,Cardiff,Stoke,3,1,H,,,0.5538282160901671,0.25845316750874464,0.18771861640108822,0.5734868171552784,0.2515679012137455,0.1749452816309762,0.061756216920912266,0.5,0.5,0.5,0.5
E1,0304,2003-11-08,Crystal Palace,Preston,1,1,D,fpl-team-8,,0.3790372165358602,0.2795399471951969,0.3414228362689428,0.38296513658833453,0.2749376169630208,0.3420972464486447,0.05902042565867305,0.5,0.5,0.5,0.5
E1,0304,2003-11-08,Derby,Ipswich,2,2,D,,,0.3190566971059521,0.27799978879619386,0.402943514097854,0.31782733093116694,0.27335512588713,0.408817543181703,0.05778753780759871,0.527027027027027,0.47297297297297297,0.5293040293045485,0.4706959706954516
E1,0304,2003-11-08,Gillingham,Crewe,2,0,H,,,0.42532146389713155,0.2769535113748764,0.2977250247279921,0.4333727835490404,0.2720375272634912,0.2945896891874685,0.059952810406684875,0.47297297297297297,0.527027027027027,0.4706959706954516,0.5293040293045485
E1,0304,2003-11-08,Norwich,Millwall,3,1,H,,,0.5190869823423743,0.27471680296273343,0.2061962146948923,0.5354387470082687,0.26940640918591097,0.19515484380582035,0.060705382376909256,0.5,0.5,0.5,0.5
E1,0304,2003-11-08,Nott'm Forest,Watford,1,1,D,fpl-team-18,,0.5450139571523983,0.26681280290445775,0.18817323994314386,0.5634648646838,0.26080636709005683,0.17572876822614314,0.06030327524058521,0.5135135135135135,0.4864864864864864,0.5146198830422205,0.48538011695777955
E1,0304,2003-11-08,Reading,Wigan,1,0,H,,,0.3780425117461921,0.27998773526202353,0.34196975299178445,0.38182790676996964,0.27549064649765675,0.3426814467323736,0.058122893795371056,0.4864864864864864,0.5135135135135135,0.48538011695777955,0.5146198830422205
E1,0304,2003-11-08,Rotherham,Wimbledon,3,1,H,,,0.47004132231404955,0.2747933884297521,0.25516528925619836,0.4820397511148156,0.26962729274659464,0.24833295613858974,0.06018905295059085,0.5135135135135135,0.4864864864864864,0.5146198830422205,0.48538011695777955
E1,0304,2003-11-08,Sheffield United,Burnley,1,0,H,,,0.565584873377112,0.2636623600890361,0.17075276653385194,0.5852780067845325,0.2574796732944677,0.15724231992099982,0.058854178292676806,0.5376344086021505,0.4623655913978494,0.5406976744129846,0.45930232558701545
E1,0304,2003-11-08,Sunderland,Coventry,0,0,D,fpl-team-20,,0.5502815768302494,0.26291230893000805,0.18680611423974255,0.5704704854343601,0.2561187105216984,0.17341080404394163,0.06457603257149458,0.5135135135135135,0.4864864864864864,0.5146198830422205,0.48538011695777955
E1,0304,2003-11-08,West Ham,West Brom,3,4,A,,,0.42532146389713155,0.2769535113748764,0.2977250247279921,0.4333727835490404,0.2720375272634912,0.2945896891874685,0.059952810406684875,0.4623655913978494,0.5376344086021505,0.45930232558701545,0.5406976744129846
E1,0304,2003-11-15,Derby,Burnley,2,0,H,,,0.3989314336598397,0.2804986642920748,0.3205699020480855,0.40440505354160267,0.2761120423223371,0.3194829041360603,0.0571258005220443,0.5376344086021505,0.4623655913978494,0.5406976744129846,0.45930232558701545
E1,0304,2003-11-15,Gillingham,Wimbledon,1,2,A,,,0.5561735261401557,0.264182424916574,0.17964404894327032,0.5747201204909412,0.2582046823105191,0.16707519719853975,0.057592888129875064,0.5466666666666666,0.4533333333333333,0.5502152080372295,0.44978479196277044
E1,0304,2003-11-15,Norwich,Watford,1,2,A,,,0.5827210539650367,0.26222447428426654,0.15505447175069673,0.6049516700179812,0.25547678302161636,0.13957154696040242,0.062334044836461544,0.5135135135135135,0.4864864864864864,0.5146198830422205,0.48538011695777955
E1,0304,2003-11-15,Reading,Millwall,1,0,H,,,0.47004132231404955,0.2747933884297521,0.25516528925619836,0.4820397511148156,0.26962729274659464,0.24833295613858974,0.06018905295059085,0.4864864864864864,0.5135135135135135,0.48538011695777955,0.5146198830422205
E1,0304,2003-11-22,Burnley,Rotherham,1,1,D,,,0.4867714762469592,0.27408978508674936,0.2391387386662914,0.5005590774177993,0.26870518709858354,0.23073573548361725,0.061743886093609035,0.5,0.5,0.5,0.5
E1,0304,2003-11-22,Coventry,Gillingham,2,2,D,,,0.4812021177523835,0.2745463245470963,0.24425155770052018,0.49520960302077055,0.2689211367341441,0.23586926024508528,0.06516733835451305,0.48684210526315796,0.513157894736842,0.48613998614008774,0.5138600138599122
E1,0304,2003-11-22,Crewe,Sunderland,3,0,H,,fpl-team-20,0.3453237410071942,0.2805755395683453,0.37410071942446044,0.34630212256737175,0.2762152006604015,0.37748267677222686,0.056947770761325955,0.47368421052631576,0.5263157894736842,0.47222222222641946,0.5277777777735805
E1,0304,2003-11-22,Ipswich,Sheffield United,3,0,H,,,0.39544243523609773,0.27804546227538124,0.326512102488521,0.40105630545860244,0.2730770756989551,0.32586661884244245,0.06205413700081408,0.5526315789473685,0.4473684210526316,0.5560224089628113,0.44397759103718865
E1,0304,2003-11-22,Millwall,Derby,0,0,D,,,0.5301354340905413,0.2719473371823235,0.1979172287271354,0.5478525440415046,0.2662347908143189,0.18591266514417645,0.062227555084973574,0.513157894736842,0.48684210526315796,0.5138600138599122,0.48613998614008774
E1,0304,2003-11-22,Preston,Norwich,0,0,D,,,0.39832869080779937,0.2757660167130919,0.3259052924791086,0.40382777098980527,0.27092282956349195,0.3252493994467028,0.05797737371176481,0.48684210526315796,0.513157894736842,0.48613998614008774,0.5138600138599122
E1,0304,2003-11-22,Stoke,Bradford,1,0,H,,,0.48754875487548754,0.27452745274527457,0.23792379237923794,0.5012082709257643,0.2692562384707643,0.22953549060347153,0.06084177060984075,0.48684210526315796,0.513157894736842,0.48613998614008774,0.5138600138599122
E1,0304,2003-11-22,Walsall,Crystal Palace,0,0,D,,fpl-team-8,0.4665400042220815,0.27274646400675534,0.2607135317711632,0.4790315957192062,0.26704562878555554,0.25392277549523823,0.06441769492812455,0.513157894736842,0.48684210526315796,0.5138600138599122,0.48613998614008774
E1,0304,2003-11-22,Watford,West Ham,0,0,D,,,0.3299005879924576,0.2809309694623272,0.3891684425452152,0.32959756909422316,0.2766475919268454,0.39375483897893143,0.05625320877879858,0.47368421052631576,0.5263157894736842,0.47222222222641946,0.5277777777735805
E1,0304,2003-11-22,West Brom,Reading,0,0,D,,,0.5114754098360655,0.2754098360655738,0.21311475409836064,0.5267965629294379,0.2703057545958567,0.20289768247470552,0.05919820663984865,0.46052631578947373,0.5394736842105263,0.45818815331659807,0.541811846683402
E1,0304,2003-11-22,Wigan,Nott'm Forest,2,2,D,,fpl-team-18,0.5160132081512311,0.27467780003127074,0.20930899181749818,0.5321155519917116,0.2693673315367559,0.19851711647153253,0.060756941325962543,0.47368421052631576,0.5263157894736842,0.47222222222641946,0.5277777777735805
E1,0304,2003-11-22,Wimbledon,Cardiff,0,1,A,,,0.31644969754411395,0.2772001226549215,0.4063501798009645,0.31495952660118787,0.2723597867267103,0.41268068667210184,0.05940900673158467,0.5394736842105263,0.46052631578947373,0.541811846683402,0.45818815331659807
E1,0304,2003-11-25,Burnley,Reading,3,0,H,,,0.3546508340401471,0.2798416737348035,0.36550749222504947,0.3564506040024354,0.2753124418717937,0.3682369541257709,0.05840940843336284,0.5,0.5,0.5,0.5
E1,0304,2003-11-25,Cardiff,West Brom,1,1,D,,,0.3595505617977528,0.28089887640449435,0.3595505617977528,0.3616931486743505,0.2766137026512991,0.3616931486743505,0.056301046162843704,0.48684210526315796,0.513157894736842,0.48613998614008774,0.5138600138599122
E1,0304,2003-11-25,Norwich,Coventry,1,1,D,,,0.5723380160989195,0.264285495669207,0.16337648823187342,0.5921463640745375,0.2582603951587566,0.14959324076670596,0.05759283434599638,0.5263157894736842,0.47368421052631576,0.5277777777735805,0.47222222222641946
E1,0304,2003-11-25,Stoke,Crystal Palace,0,1,A,,fpl-team-8,0.42532146389713155,0.2769535113748764,0.2977250247279921,0.4333727835490404,0.2720375272634912,0.2945896891874685,0.059952810406684875,0.5,0.5,0.5,0.5
E1,0304,2003-11-25,Wimbledon,West Ham,1,1,D,,,0.22456813819577734,0.2763915547024952,0.4990403071017275,0.2156101138814206,0.27157139802738334,0.512818488091196,0.05708477273583412,0.5263157894736842,0.47368421052631576,0.5277777777735805,0.47222222222641946
E1,0304,2003-11-29,Bradford,Millwall,3,2,H,,,0.3453237410071942,0.2805755395683453,0.37410071942446044,0.34630212256737175,0.2762152006604015,0.37748267677222686,0.056947770761325955,0.47368421052631576,0.5263157894736842,0.47222222222641946,0.5277777777735805
E1,0304,2003-11-29,Cardiff,Ipswich,2,3,A,,,0.4043321299638989,0.27797833935018046,0.31768953068592054,0.41076899061605193,0.27298811329195727,0.3162428960919907,0.06220584746915847,0.5263157894736842,0.47368421052631576,0.5277777777735805,0.47222222222641946
E1,0304,2003-11-29,Crystal Palace,Coventry,1,1,D,fpl-team-8,,0.4043321299638989,0.27797833935018046,0.31768953068592054,0.41076899061605193,0.27298811329195727,0.3162428960919907,0.06220584746915847,0.5,0.5,0.5,0.5
E1,0304,2003-11-29,Derby,Wimbledon,3,1,H,,,0.5160132081512311,0.27467780003127074,0.20930899181749818,0.5321155519917116,0.2693673315367559,0.19851711647153253,0.060756941325962543,0.5263157894736842,0.47368421052631576,0.5277777777735805,0.47222222222641946
E1,0304,2003-11-29,Gillingham,Stoke,3,1,H,,,0.47004132231404955,0.2747933884297521,0.25516528925619836,0.4820397511148156,0.26962729274659464,0.24833295613858974,0.06018905295059085,0.47368421052631576,0.5263157894736842,0.47222222222641946,0.5277777777735805
E1,0304,2003-11-29,Norwich,Crewe,1,0,H,,,0.5776695334500341,0.2595326889413197,0.162797777608646,0.5986211232842941,0.2528811020969604,0.14849777461874555,0.059693432645872235,0.5263157894736842,0.47368421052631576,0.5277777777735805,0.47222222222641946
E1,0304,2003-11-29,Nott'm Forest,West Brom,0,3,A,fpl-team-18,,0.351071650737997,0.27976022168184134,0.36916812758016176,0.35256903877063317,0.27521155898613836,0.3722194022432284,0.05857350933365524,0.47368421052631576,0.5263157894736842,0.47222222222641946,0.5277777777735805
E1,0304,2003-11-29,Reading,Watford,2,1,H,,,0.5227409493101937,0.2726295104863933,0.20462954020341295,0.5405801391387577,0.26673525440149165,0.1926846064597506,0.06512841302901506,0.48684210526315796,0.513157894736842,0.48613998614008774,0.5138600138599122
E1,0304,2003-11-29,Rotherham,Walsall,2,0,H,,,0.4004622452718509,0.27844640491558387,0.3210913498125652,0.40645608240464776,0.2735731627225563,0.31997075487279597,0.061249795369803905,0.46052631578947373,0.5394736842105263,0.45818815331659807,0.541811846683402
E1,0304,2003-11-29,Sheffield United,Preston,2,0,H,,,0.5279879453714851,0.2675138923215524,0.2044981623069625,0.5433880447024001,0.26218791079369835,0.19442404450390152,0.054386790143325925,0.513157894736842,0.48684210526315796,0.5138600138599122,0.48613998614008774
E1,0304,2003-11-29,Sunderland,Burnley,1,1,D,fpl-team-20,,0.5547551625349827,0.2666136751287529,0.17863116233626444,0.5741845829322396,0.26050278736824467,0.16531262969951563,0.06086172861978412,0.48684210526315796,0.513157894736842,0.48613998614008774,0.5138600138599122
E1,0304,2003-11-29,West Ham,Wigan,4,0,H,,,0.46838771921634537,0.27667553646732956,0.25493674431632507,0.4803371844457807,0.2716312016723847,0.24803161388183462,0.06068988819606602,0.47368421052631576,0.5263157894736842,0.47222222222641946,0.5277777777735805
E1,0304,2003-12-02,Rotherham,Coventry,2,0,H,,,0.388470894382531,0.283645414945975,0.32788369067149403,0.3932692647615298,0.27934274400528125,0.32738799123318885,0.0596779715269804,0.46052631578947373,0.5394736842105263,0.45818815331659807,0.541811846683402
E1,0304,2003-12-02,Sunderland,Wigan,1,1,D,fpl-team-20,,0.4463667820069204,0.2768166089965398,0.2768166089965398,0.4563148421970969,0.2718425789014516,0.2718425789014516,0.060300934594124556,0.46052631578947373,0.5394736842105263,0.45818815331659807,0.541811846683402
E1,0304,2003-12-03,Nott'm Forest,Ipswich,1,1,D,fpl-team-18,,0.34391736629807673,0.28050760188686885,0.3755750318150545,0.34478031769315076,0.2761313790785611,0.37908830322828807,0.05708387494087219,0.5263157894736842,0.47368421052631576,0.5277777777735805,0.47222222222641946
E1,0304,2003-12-06,Burnley,Sheffield United,3,2,H,,,0.3438327936414483,0.2793641448336768,0.3768030615248749,0.3447201830904219,0.27472079617267176,0.38055902073690634,0.059371754759922624,0.5,0.5,0.5,0.5
E1,0304,2003-12-06,Crewe,Gillingham,1,1,D,,,0.47334200260078024,0.27308192457737324,0.2535760728218465,0.48633514248955995,0.2674580019830521,0.24620685552738797,0.06375640945043415,0.5,0.5,0.5,0.5
E1,0304,2003-12-06,Ipswich,Derby,2,1,H,,,0.5805961552142354,0.2577342062929279,0.1616696384928366,0.6031833299362644,0.25045355274530096,0.1463631173184345,0.06380868144333363,0.5643044619422573,0.43569553805774275,0.5686466797367574,0.43135332026324247
E1,0304,2003-12-06,Millwall,Norwich,0,0,D,,,0.37532423593098,0.28002706665162963,0.3446486974173903,0.37887309456853624,0.2755397423655959,0.34558716306586784,0.058042522985488176,0.46052631578947373,0.5394736842105263,0.45818815331659807,0.541811846683402
E1,0304,2003-12-06,Preston,Crystal Palace,4,1,H,,fpl-team-8,0.5039492174250133,0.27368319038619954,0.22236759218878713,0.5194870891195459,0.2681443073848427,0.21236860349561143,0.06272247550077736,0.48684210526315796,0.513157894736842,0.48613998614008774,0.5138600138599122
E1,0304,2003-12-06,Stoke,Cardiff,2,3,A,,,0.34500249062320176,0.27869732445655515,0.3763001849202432,0.34601210863620296,0.2738946939701609,0.3800931973936362,0.06071414751932025,0.47368421052631576,0.5263157894736842,0.47222222222641946,0.5277777777735805
E1,0304,2003-12-06,Walsall,Bradford,1,0,H,,,0.4766997708174179,0.2750190985485103,0.2482811306340718,0.4891898631035131,0.26989858091915386,0.24091155597733296,0.05976055667269975,0.48684210526315796,0.513157894736842,0.48613998614008774,0.5138600138599122
E1,0304,2003-12-06,Watford,Nott'm Forest,1,1,D,,fpl-team-18,0.40132851257041957,0.27688556293618094,0.32178592449339954,0.40728232519323515,0.2719709936417935,0.32074668116497135,0.060038387309759855,0.47368421052631576,0.5263157894736842,0.47222222222641946,0.5277777777735805
E1,0304,2003-12-06,West Brom,West Ham,1,1,D,,,0.42532146389713155,0.2769535113748764,0.2977250247279921,0.4333727835490404,0.2720375272634912,0.2945896891874685,0.059952810406684875,0.46052631578947373,0.5394736842105263,0.45818815331659807,0.541811846683402
E1,0304,2003-12-06,Wigan,Reading,0,2,A,,,0.44731928514270475,0.27740730861563084,0.27527340624166446,0.45715686498142555,0.2725782155103365,0.2702649195082379,0.05910291522741318,0.47368421052631576,0.5263157894736842,0.47222222222641946,0.5277777777735805
E1,0304,2003-12-06,Wimbledon,Rotherham,1,2,A,,,0.3790372165358602,0.2795399471951969,0.3414228362689428,0.38296513658833453,0.2749376169630208,0.3420972464486447,0.05902042565867305,0.513157894736842,0.48684210526315796,0.5138600138599122,0.48613998614008774
E1,0304,2003-12-08,Coventry,Sunderland,1,1,D,,fpl-team-20,0.3554006968641115,0.2961672473867596,0.34843205574912894,0.3574108489151206,0.2927862177883566,0.34980293329652273,0.06277645495720208,0.47368421052631576,0.5263157894736842,0.47222222222641946,0.5277777777735805
E1,0304,2003-12-09,Bradford,West Brom,0,1,A,,,0.23109130530594255,0.27553194094170075,0.4933767537523567,0.2224092732191081,0.2705072125347715,0.5070835142461204,0.05880873021669686,,,,
E1,0304,2003-12-09,Cardiff,Preston,2,2,D,,,0.49264368156697735,0.26891677655460566,0.23843954187841704,0.5064811700130828,0.26326945950464,0.23024937048227728,0.05963342008180916,,,,
E1,0304,2003-12-09,Crystal Palace,Crewe,1,3,A,fpl-team-8,,0.4463667820069204,0.2768166089965398,0.2768166089965398,0.4563148421970969,0.2718425789014516,0.2718425789014516,0.060300934594124556,,,,
E1,0304,2003-12-09,Sheffield United,Walsall,2,0,H,,,0.5862303768172026,0.2593106630300911,0.1544589601527064,0.6095616923646087,0.25204066843000916,0.13839763920538217,0.06464508571662009,,,,
E1,0304,2003-12-09,West Ham,Stoke,0,1,A,,,0.6397282058695966,0.23883186352464938,0.12143993060575392,0.6659217811581474,0.23008952268892846,0.1039886961529242,0.06066841399297118,,,,
E1,0304,2003-12-13,Burnley,Coventry,1,2,A,,,0.46131015475938103,0.2775068899724401,0.2611829552681789,0.4731230519796251,0.27232978070572095,0.254547167314654,0.06336796656250954,0.5263157894736842,0.47368421052631576,0.5277777777735805,0.47222222222641946
E1,0304,2003-12-13,Crystal Palace,Nott'm Forest,1,0,H,fpl-team-8,fpl-team-18,0.38901395767672226,0.2796037820801441,0.3313822602431337,0.393796160075961,0.27501323537484645,0.33119060454919247,0.058901825454086065,0.5,0.5,0.5,0.5
E1,0304,2003-12-13,Gillingham,Preston,0,1,A,,,0.3966197183098592,0.27887323943661974,0.32450704225352117,0.4021912018732027,0.274105338635762,0.32370345949103535,0.06038123299367726,0.5,0.5,0.5,0.5
E1,0304,2003-12-13,Millwall,Ipswich,0,0,D,,,0.3537095963825155,0.281862334617317,0.36442806900016744,0.35531619584296814,0.2777931908575003,0.36689061329953165,0.054394864942878485,0.48684210526315796,0.513157894736842,0.48613998614008774,0.5138600138599122
E1,0304,2003-12-13,Norwich,Cardiff,4,1,H,,,0.48960530280204884,0.27342573064175957,0.23696896655619162,0.5039536815751783,0.26785692250289883,0.22818939592192286,0.06314664683304727,0.5263157894736842,0.47368421052631576,0.5277777777735805,0.47222222222641946
E1,0304,2003-12-13,Rotherham,Derby,0,0,D,,,0.4684530828414922,0.2766415182237587,0.2549053989347491,0.4804217010017353,0.27158847648296114,0.24798982251530358,0.06075987464282662,0.47368421052631576,0.5263157894736842,0.47222222222641946,0.5277777777735805
E1,0304,2003-12-13,Sheffield United,Watford,2,2,D,,,0.5716546182246904,0.26620334460612455,0.16214203716918496,0.5928515528983332,0.25987162712626005,0.14727681997540673,0.06202830304391682,0.513157894736842,0.48684210526315796,0.5138600138599122,0.48613998614008774
E1,0304,2003-12-13,Stoke,Reading,3,0,H,,,0.326512102488521,0.27804546227538124,0.39544243523609773,0.32586661884244245,0.2730770756989551,0.40105630545860244,0.06205413700081408,0.46052631578947373,0.5394736842105263,0.45818815331659807,0.541811846683402
E1,0304,2003-12-13,West Brom,Crewe,2,2,D,,,0.6191647529043395,0.24328541583506563,0.13754983126059478,0.6440139488162478,0.2349463708242082,0.12103968035954399,0.061199030140414834,0.47368421052631576,0.5263157894736842,0.47222222222641946,0.5277777777735805
E1,0304,2003-12-13,West Ham,Sunderland,3,2,H,,fpl-team-20,0.49545119252520287,0.2744037373985739,0.23014507007622326,0.5098707548167047,0.26908071205456885,0.22104853312872647,0.06115373666398227,0.5,0.5,0.5,0.5
E1,0304,2003-12-13,Wigan,Bradford,1,0,H,,,0.5790105251755149,0.25870861581392934,0.1622808590105557,0.6007055201478055,0.2517725436341684,0.14752193621802612,0.0615691589191556,0.47368421052631576,0.5263157894736842,0.47222222222641946,0.5277777777735805
E1,0304,2003-12-13,Wimbledon,Walsall,0,1,A,,,0.35559628823462025,0.27780960018329703,0.3665941115820827,0.3576018658426542,0.2727919701043137,0.3696061640530321,0.06250760750845075,0.5,0.5,0.5,0.5
E1,0304,2003-12-20,Bradford,Rotherham,0,2,A,,,0.37954147826679696,0.278725773102179,0.341732748631024,0.38361939265169975,0.2739291903787574,0.34245141696954284,0.06065906840376556,0.48684210526315796,0.513157894736842,0.48613998614008774,0.5138600138599122
E1,0304,2003-12-20,Cardiff,Millwall,1,3,A,,,0.4990403071017275,0.2763915547024952,0.22456813819577734,0.512818488091196,0.27157139802738334,0.2156101138814206,0.05708477273583412,0.513157894736842,0.48684210526315796,0.5138600138599122,0.48613998614008774
E1,0304,2003-12-20,Coventry,West Brom,1,0,H,,,0.31172686788718457,0.2830282038594755,0.4052449282533399,0.3097859641788063,0.27857661133839823,0.4116374244827955,0.06093044998124242,0.47368421052631576,0.5263157894736842,0.47222222222641946,0.5277777777735805
E1,0304,2003-12-20,Crewe,Wigan,2,3,A,,,0.3820633341338731,0.2775928912066422,0.3403437746594847,0.3865225402482957,0.272518504505042,0.34095895524666225,0.06295741046778858,0.48684210526315796,0.513157894736842,0.48613998614008774,0.5138600138599122
E1,0304,2003-12-20,Preston,Burnley,5,3,H,,,0.48960530280204884,0.27342573064175957,0.23696896655619162,0.5039536815751783,0.26785692250289883,0.22818939592192286,0.06314664683304727,0.5263157894736842,0.47368421052631576,0.5277777777735805,0.47222222222641946
E1,0304,2003-12-20,Reading,Crystal Palace,0,3,A,,fpl-team-8,0.5569388022539641,0.2637269034202595,0.17933429432577647,0.5758588239239034,0.2576060947795321,0.1665350812965646,0.05859407992102206,0.5,0.5,0.5,0.5
E1,0304,2003-12-20,Sunderland,Wimbledon,2,1,H,fpl-team-20,,0.6244796003330558,0.2381348875936719,0.13738551207327226,0.6500804114900689,0.22924802593041896,0.12067156257951207,0.06196032930165529,0.513157894736842,0.48684210526315796,0.5138600138599122,0.48613998614008774
E1,0304,2003-12-20,Walsall,West Ham,1,1,D,,,0.32322726133801055,0.2781257830117765,0.39864695565021296,0.32235371124648016,0.27351352056323847,0.40413276819028143,0.057527347933501005,0.47368421052631576,0.5263157894736842,0.47222222222641946,0.5277777777735805
E1,0304,2003-12-20,Watford,Stoke,1,3,A,,,0.4554646124217622,0.2753972075108329,0.2691381800674049,0.4667213510071222,0.270048584357848,0.26323006463502985,0.06325130187906325,0.47368421052631576,0.5263157894736842,0.47222222222641946,0.5277777777735805
E1,0304,2003-12-21,Ipswich,Norwich,0,2,A,,,0.42532146389713155,0.2769535113748764,0.2977250247279921,0.4333727835490404,0.2720375272634912,0.2945896891874685,0.059952810406684875,0.513157894736842,0.48684210526315796,0.5138600138599122,0.48613998614008774
E1,0304,2003-12-26,Cardiff,Walsall,0,1,A,,,0.523995919876039,0.2719978820730584,0.20400619805090262,0.5411327171504029,0.2663229776853539,0.19254430516424317,0.06205305620096624,0.5,0.5,0.5,0.5
E1,0304,2003-12-26,Coventry,Sheffield United,0,1,A,,,0.3546508340401471,0.2798416737348035,0.36550749222504947,0.3564506040024354,0.2753124418717937,0.3682369541257709,0.05840940843336284,0.47368421052631576,0.5263157894736842,0.47222222222641946,0.5277777777735805
E1,0304,2003-12-26,Crewe,Burnley,3,1,H,,,0.4677205064938586,0.2740842168054012,0.2581952767007403,0.47979365052391865,0.26873787566456137,0.2514684738115201,0.06164101930335164,0.5263157894736842,0.47368421052631576,0.5277777777735805,0.47222222222641946
E1,0304,2003-12-26,Crystal Palace,Millwall,0,1,A,fpl-team-8,,0.3859214539998443,0.27888855074207497,0.3351899952580807,0.39054280947589076,0.27412908086265697,0.33532810966145227,0.06033661006949842,0.47368421052631576,0.5263157894736842,0.47222222222641946,0.5277777777735805
E1,0304,2003-12-26,Gillingham,Watford,1,0,H,,,0.44731928514270475,0.27740730861563084,0.27527340624166446,0.45715686498142555,0.2725782155103365,0.2702649195082379,0.05910291522741318,0.5,0.5,0.5,0.5
E1,0304,2003-12-26,Norwich,Nott'm Forest,1,0,H,,fpl-team-18,0.5532618530112212,0.2683111993926599,0.17842694759611888,0.5727599338671207,0.26228170664019257,0.16495835949268678,0.06151947448961437,0.513157894736842,0.48684210526315796,0.5138600138599122,0.48613998614008774
E1,0304,2003-12-26,Reading,Wimbledon,0,3,A,,,0.6228440015331544,0.23917209658873131,0.1379839018781142,0.6472891562859394,0.23075169370989784,0.12195915000416283,0.05933838966302574,0.513157894736842,0.48684210526315796,0.5138600138599122,0.48613998614008774
E1,0304,2003-12-26,Stoke,Preston,1,1,D,,,0.38276864050554354,0.2796005303692838,0.33763082912517284,0.3870113244213667,0.275011421642126,0.3379772539365072,0.05890197353437543,0.48684210526315796,0.513157894736842,0.48613998614008774,0.5138600138599122
E1,0304,2003-12-26,Sunderland,Bradford,3,0,H,fpl-team-20,,0.5895546299263057,0.26060023496742496,0.14984513510626934,0.610670042060844,0.2542261690147105,0.13510378892444547,0.05751914391294122,0.48684210526315796,0.513157894736842,0.48613998614008774,0.5138600138599122
E1,0304,2003-12-26,West Brom,Derby,1,1,D,,,0.6125459815683777,0.24873591306721432,0.13871810536440798,0.6349204916697113,0.24152957870729097,0.12354992962299766,0.056117121828719974,0.47368421052631576,0.5263157894736842,0.47222222222641946,0.5277777777735805
E1,0304,2003-12-26,West Ham,Ipswich,1,2,A,,,0.45108270284372554,0.2775893555961388,0.2713279415601356,0.46045824720474343,0.2731447040502377,0.2663970487450189,0.054418560583144426,0.513157894736842,0.48684210526315796,0.5138600138599122,0.48613998614008774
E1,0304,2003-12-26,Wigan,Rotherham,1,2,A,,,0.5476903453606288,0.26890360565450416,0.18340604898486695,0.5663160169058301,0.2630746404378761,0.1706093426562938,0.06017030274961144,0.47368421052631576,0.5263157894736842,0.47222222222641946,0.5277777777735805
E1,0304,2003-12-28,Bradford,Coventry,1,0,H,,,0.343969223806291,0.27947499434261147,0.3765557818510975,0.3448653704238186,0.2748579292665197,0.38027670030966176,0.05914902640506625,0.48684210526315796,0.513157894736842,0.48613998614008774,0.5138600138599122
E1,0304,2003-12-28,Burnley,Stoke,0,1,A,,,0.4513888888888888,0.2743055555555556,0.2743055555555556,0.4619126403060839,0.26904367984695804,0.26904367984695804,0.06110677286051214,0.513157894736842,0.48684210526315796,0.5138600138599122,0.48613998614008774
E1,0304,2003-12-28,Derby,Norwich,0,4,A,,,0.3360964922187338,0.27938020915682243,0.3845232986244438,0.3363119297716621,0.2747384850551809,0.38894958517315703,0.059345796471461654,0.48684210526315796,0.513157894736842,0.48613998614008774,0.5138600138599122
E1,0304,2003-12-28,Ipswich,Crystal Palace,1,3,A,,fpl-team-8,0.5739013012521482,0.2633194205745151,0.1627792781733366,0.5945459128531135,0.25698301657024003,0.14847107057664646,0.059738418203778565,0.5394736842105263,0.46052631578947373,0.541811846683402,0.45818815331659807
E1,0304,2003-12-28,Millwall,Gillingham,1,2,A,,,0.49545119252520287,0.2744037373985739,0.23014507007622326,0.5098707548167047,0.26908071205456885,0.22104853312872647,0.06115373666398227,0.47368421052631576,0.5263157894736842,0.47222222222641946,0.5277777777735805
E1,0304,2003-12-28,Nott'm Forest,West Ham,0,2,A,fpl-team-18,,0.33876289431001205,0.2789500707834005,0.38228703490658744,0.33921528592317507,0.27420658211004056,0.3865781319667844,0.0602090647444129,0.47368421052631576,0.5263157894736842,0.47222222222641946,0.5277777777735805
E1,0304,2003-12-28,Preston,Crewe,0,0,D,,,0.5329649380011062,0.25953075241793,0.20750430958096375,0.550096136000021,0.25307729339039814,0.19682657060958078,0.059134726179763675,0.5263157894736842,0.47368421052631576,0.5277777777735805,0.47222222222641946
E1,0304,2003-12-28,Rotherham,Sunderland,0,2,A,,fpl-team-20,0.36421579786023217,0.2788527202367403,0.3569314819030276,0.3669198637974688,0.2740891567451367,0.35899097945739444,0.06039580865763128,0.47368421052631576,0.5263157894736842,0.47222222222641946,0.5277777777735805
E1,0304,2003-12-28,Sheffield United,Wigan,1,1,D,,,0.5040647213604054,0.2609276204689157,0.23500765817067903,0.5199807005130067,0.25412135989428514,0.2258979395927083,0.06418442074209452,0.5,0.5,0.5,0.5
E1,0304,2003-12-28,Walsall,Reading,1,1,D,,,0.4040463895708118,0.2756285448234995,0.3203250656056887,0.4104959799940367,0.270397308756271,0.3191067112496923,0.06260821083560586,0.48684210526315796,0.513157894736842,0.48613998614008774,0.5138600138599122
E1,0304,2003-12-28,Watford,Cardiff,2,1,H,,,0.37350773820156075,0.2811601556855843,0.345332106112855,0.3770233975571238,0.2766122002024792,0.34636440224039694,0.06017090124078095,0.47368421052631576,0.5263157894736842,0.47222222222641946,0.5277777777735805
E1,0304,2003-12-30,Wimbledon,West Brom,0,0,D,,,0.2009020904872264,0.2647709640301805,0.5343269454825932,0.18871449183546726,0.2581902977767233,0.5530952103878094,0.06460608588531613,0.48684210526315796,0.513157894736842,0.48613998614008774,0.5138600138599122
E1,0304,2004-01-09,West Brom,Walsall,2,0,H,,,0.5453998973070229,0.26944382986361876,0.1851562728293585,0.5622139663256949,0.2641938631741908,0.17359217050011427,0.05469570285640657,0.46052631578947373,0.5394736842105263,0.45818815331659807,0.541811846683402
E1,0304,2004-01-10,Cardiff,Rotherham,3,2,H,,,0.45004198152812763,0.28127623845507976,0.26868178001679266,0.45954899320888193,0.27702286245005225,0.26342814434106576,0.055707467370666564,0.5,0.5,0.5,0.5
E1,0304,2004-01-10,Coventry,Watford,0,0,D,,,0.4434744652989961,0.27717154081187256,0.2793539938891314,0.4537417587535991,0.2719389232645894,0.2743193179818114,0.06397013575769961,0.46052631578947373,0.5394736842105263,0.45818815331659807,0.541811846683402
E1,0304,2004-01-10,Crewe,Wimbledon,1,0,H,,,0.5399953820483665,0.26677383799702886,0.19323077995460466,0.5580344342176099,0.2607766446068085,0.1811889211755817,0.06032780627720058,0.5263157894736842,0.47368421052631576,0.5277777777735805,0.47222222222641946
E1,0304,2004-01-10,Crystal Palace,Burnley,0,0,D,fpl-team-8,,0.48754875487548754,0.27452745274527457,0.23792379237923794,0.5012082709257643,0.2692562384707643,0.22953549060347153,0.06084177060984075,0.48684210526315796,0.513157894736842,0.48613998614008774,0.5138600138599122
E1,0304,2004-01-10,Gillingham,Sheffield United,0,3,A,,,0.3453237410071942,0.2805755395683453,0.37410071942446044,0.34630212256737175,0.2762152006604015,0.37748267677222686,0.056947770761325955,0.48684210526315796,0.513157894736842,0.48613998614008774,0.5138600138599122
E1,0304,2004-01-10,Norwich,Bradford,0,1,A,,,0.6581473153074097,0.22294740306038502,0.11890528163220535,0.6870653868404234,0.21239109183098817,0.1005435213285885,0.06352704437449574,0.5263157894736842,0.47368421052631576,0.5277777777735805,0.47222222222641946
E1,0304,2004-01-10,Reading,Ipswich,1,1,D,,,0.3755699002392453,0.2799169412720625,0.34451315848869224,0.37915275462427006,0.2754038909940943,0.3454433543816357,0.05826287716627121,0.48684210526315796,0.513157894736842,0.48613998614008774,0.5138600138599122
E1,0304,2004-01-10,Stoke,Derby,2,1,H,,,0.5046583850931677,0.2732919254658385,0.2220496894409938,0.5204587487642454,0.26764474129234606,0.21189650994340867,0.06354803312569857,0.47368421052631576,0.5263157894736842,0.47222222222641946,0.5277777777735805
E1,0304,2004-01-10,Sunderland,Nott'm Forest,1,0,H,fpl-team-20,fpl-team-18,0.5539891351981544,0.2670723741328417,0.1789384906690039,0.5730462510215085,0.2611027401385087,0.16585100883998283,0.05985885881818831,0.47368421052631576,0.5263157894736842,0.47222222222641946,0.5277777777735805
E1,0304,2004-01-10,West Ham,Preston,1,2,A,,,0.5161471891929923,0.27186378667417155,0.21198902413283613,0.5326518347132081,0.26617924045460195,0.20116892483218993,0.062256637029349804,0.5,0.5,0.5,0.5
E1,0304,2004-01-10,Wigan,Millwall,0,0,D,,,0.4723832773878548,0.27830332621299975,0.2493133963991456,0.4840328597492695,0.27365427203514403,0.24231286821558642,0.057398407836444676,0.47368421052631576,0.5263157894736842,0.47222222222641946,0.5277777777735805
E1,0304,2004-01-17,Bradford,Cardiff,0,1,A,,,0.3497267759562842,0.2786885245901639,0.37158469945355194,0.3511564515110182,0.2738846776102663,0.37495887087871543,0.060729291988536716,0.48684210526315796,0.513157894736842,0.48613998614008774,0.5138600138599122
E1,0304,2004-01-17,Burnley,West Brom,1,1,D,,,0.2977250247279921,0.2769535113748764,0.42532146389713155,0.2945896891874685,0.2720375272634912,0.4333727835490404,0.059952810406684875,0.47368421052631576,0.5263157894736842,0.47222222222641946,0.5277777777735805
E1,0304,2004-01-17,Derby,Gillingham,2,1,H,,,0.3928038514597821,0.2792589881471888,0.32793716039302906,0.3979719923853986,0.2745851968977936,0.3274428107168078,0.05959893926046789,0.513157894736842,0.48684210526315796,0.5138600138599122,0.48613998614008774
E1,0304,2004-01-17,Ipswich,Crewe,6,4,H,,,0.5554103502352327,0.2646366962885521,0.1799529534762154,0.5735875266568247,0.2587998697628737,0.16761260358030167,0.056598939234390855,0.513157894736842,0.48684210526315796,0.5138600138599122,0.48613998614008774
E1,0304,2004-01-17,Millwall,Sunderland,2,1,H,,fpl-team-20,0.37410071942446044,0.2805755395683453,0.3453237410071942,0.37748267677222686,0.2762152006604015,0.34630212256737175,0.056947770761325955,0.4473684210526316,0.5526315789473685,0.44397759103718865,0.5560224089628113
E1,0304,2004-01-17,Nott'm Forest,Reading,0,1,A,fpl-team-18,,0.3785420330317808,0.2791747493609384,0.34228321760728075,0.38247365034827485,0.2744859893245435,0.34304036032718155,0.059753669891506433,0.47368421052631576,0.5263157894736842,0.47222222222641946,0.5277777777735805
E1,0304,2004-01-17,Preston,Wigan,2,4,A,,,0.46737746990214296,0.27823565005111944,0.25438688004673776,0.47946931322116254,0.2732299759864296,0.24730071079240784,0.061911110766232014,0.5,0.5,0.5,0.5
E1,0304,2004-01-17,Rotherham,Norwich,4,4,D,,,0.32450704225352117,0.27887323943661974,0.3966197183098592,0.32370345949103535,0.274105338635762,0.4021912018732027,0.06038123299367726,0.46052631578947373,0.5394736842105263,0.45818815331659807,0.541811846683402
E1,0304,2004-01-17,Sheffield United,West Ham,3,3,D,,,0.42648022722307183,0.2798776491151409,0.2936421236617872,0.4344314891775084,0.27532648633463674,0.2902420244878548,0.058425147319212556,0.46052631578947373,0.5394736842105263,0.45818815331659807,0.541811846683402
E1,0304,2004-01-17,Walsall,Coventry,1,6,A,,,0.4383561643835617,0.2808219178082192,0.2808219178082192,0.4470434533430386,0.27647827332848074,0.27647827332848074,0.0565723089966923,0.46052631578947373,0.5394736842105263,0.45818815331659807,0.541811846683402
E1,0304,2004-01-17,Watford,Crystal Palace,1,5,A,,fpl-team-8,0.406149445834823,0.27922774401144085,0.31462281015373617,0.4124919218966928,0.2745390634688052,0.312969014634502,0.05968333501368761,0.47368421052631576,0.5263157894736842,0.47222222222641946,0.5277777777735805
E1,0304,2004-01-17,Wimbledon,Stoke,0,1,A,,,0.343969223806291,0.27947499434261147,0.3765557818510975,0.3448653704238186,0.2748579292665197,0.38027670030966176,0.05914902640506625,0.47368421052631576,0.5263157894736842,0.47222222222641946,0.5277777777735805
E1,0304,2004-01-24,Bradford,Crystal Palace,1,2,A,,fpl-team-8,0.33968378121682774,0.2813006313201855,0.37901558746298675,0.340180331843477,0.2771039572209954,0.3827157109355275,0.05551113747060299,,,,
E1,0304,2004-01-28,Derby,Sheffield United,2,0,H,,,0.3000436109899695,0.2812908853030964,0.4186655037069341,0.2973233094282366,0.2770723978547923,0.4256042927169712,0.05558714643120766,0.513157894736842,0.48684210526315796,0.5138600138599122,0.48613998614008774
E1,0304,2004-01-31,Cardiff,Nott'm Forest,0,0,D,,fpl-team-18,0.5421222058943939,0.263885956104477,0.19399183800112904,0.5596913479065988,0.2578746785961562,0.18243397349724497,0.05807523219846189,0.5,0.5,0.5,0.5
E1,0304,2004-01-31,Coventry,Ipswich,1,1,D,,,0.3453237410071942,0.2805755395683453,0.37410071942446044,0.34630212256737175,0.2762152006604015,0.37748267677222686,0.056947770761325955,0.48684210526315796,0.513157894736842,0.48613998614008774,0.5138600138599122
E1,0304,2004-01-31,Crewe,Millwall,1,2,A,,,0.4077110569465987,0.2803013516507866,0.3119875914026147,0.41396324138702467,0.2758640614750463,0.31017269713792905,0.057534114457666874,0.48684210526315796,0.513157894736842,0.48613998614008774,0.5138600138599122
E1,0304,2004-01-31,Crystal Palace,Wimbledon,3,1,H,fpl-team-8,,0.5628522414978722,0.2586673127231526,0.1784804457789753,0.5831589423445045,0.251809663311325,0.1650313943441705,0.06140037439763546,0.5,0.5,0.5,0.5
E1,0304,2004-01-31,Gillingham,Bradford,1,0,H,,,0.5171335214755896,0.2745150006367366,0.20835147788767383,0.5322926788373307,0.26953909614951377,0.1981682250131556,0.05673308088444173,0.48684210526315796,0.513157894736842,0.48613998614008774,0.5138600138599122
E1,0304,2004-01-31,Norwich,Sheffield United,1,0,H,,,0.4081524382156594,0.2806048012732658,0.3112427605110748,0.4143775767354038,0.27623727788861024,0.30938514537598594,0.05692968936637044,0.48684210526315796,0.513157894736842,0.48613998614008774,0.5138600138599122
E1,0304,2004-01-31,Reading,Derby,3,1,H,,,0.555741422251961,0.2601514194020049,0.18410715834603422,0.5743968199363744,0.2538114252142739,0.17179175484935172,0.05800675950013101,0.47368421052631576,0.5263157894736842,0.47222222222641946,0.5277777777735805
E1,0304,2004-01-31,Stoke,Walsall,3,2,H,,,0.5102332222751071,0.2665397429795336,0.22322703474535938,0.5258004239480218,0.2605738580172067,0.21362571803477137,0.06054422981105745,0.46052631578947373,0.5394736842105263,0.45818815331659807,0.541811846683402
E1,0304,2004-01-31,West Brom,Watford,3,1,H,,,0.5853034307506063,0.2577843538577313,0.15691221539166253,0.6053691485367202,0.25146021916205347,0.14317063230122629,0.0553606899920851,0.48684210526315796,0.513157894736842,0.48613998614008774,0.5138600138599122
E1,0304,2004-01-31,West Ham,Rotherham,2,1,H,,,0.57634110214623,0.2610783124028835,0.16258058545088652,0.597436600343782,0.25447097551895553,0.14809242413726245,0.06046826555393636,0.513157894736842,0.48684210526315796,0.5138600138599122,0.48613998614008774
E1,0304,2004-01-31,Wigan,Burnley,0,0,D,,,0.5502017613925168,0.26498687772948415,0.1848113608779992,0.5677243617695859,0.25927574289796584,0.17299989533244836,0.055783930933102965,0.5,0.5,0.5,0.5
E1,0304,2004-02-07,Bradford,West Ham,1,2,A,,,0.22134985574421795,0.27753866527928867,0.5011114789764934,0.21249670968429382,0.2729976488529447,0.5145056414627616,0.05476293549872935,0.47368421052631576,0.5263157894736842,0.47222222222641946,0.5277777777735805
E1,0304,2004-02-07,Burnley,Gillingham,1,0,H,,,0.4262295081967213,0.2754098360655738,0.29836065573770487,0.434202009476857,0.2704587810440662,0.2953392094790768,0.05875772680155933,0.513157894736842,0.48684210526315796,0.5138600138599122,0.48613998614008774
E1,0304,2004-02-07,Derby,Cardiff,2,2,D,,,0.3765557818510975,0.27947499434261147,0.343969223806291,0.38027670030966176,0.2748579292665197,0.3448653704238186,0.05914902640506625,0.5,0.5,0.5,0.5
E1,0304,2004-02-07,Ipswich,Wigan,1,3,A,,,0.4684530828414922,0.2766415182237587,0.2549053989347491,0.4804217010017353,0.27158847648296114,0.24798982251530358,0.06075987464282662,0.5526315789473685,0.4473684210526316,0.5560224089628113,0.44397759103718865
E1,0304,2004-02-07,Millwall,Stoke,1,1,D,,,0.47334200260078024,0.27308192457737324,0.2535760728218465,0.48633514248955995,0.2674580019830521,0.24620685552738797,0.06375640945043415,0.46052631578947373,0.5394736842105263,0.45818815331659807,0.541811846683402
E1,0304,2004-02-07,Nott'm Forest,Coventry,0,1,A,fpl-team-18,,0.3936560374030628,0.2776953442145637,0.3286486183823735,0.3987940427677912,0.2729821401307756,0.32822381710143317,0.0583879160694778,0.46052631578947373,0.5394736842105263,0.45818815331659807,0.541811846683402
E1,0304,2004-02-07,Preston,West Brom,3,0,H,,,0.3595505617977528,0.28089887640449435,0.3595505617977528,0.3616931486743505,0.2766137026512991,0.3616931486743505,0.056301046162843704,0.47368421052631576,0.5263157894736842,0.47222222222641946,0.5277777777735805
E1,0304,2004-02-07,Rotherham,Reading,5,1,H,,,0.3595505617977528,0.28089887640449435,0.3595505617977528,0.3616931486743505,0.2766137026512991,0.3616931486743505,0.056301046162843704,0.46052631578947373,0.5394736842105263,0.45818815331659807,0.541811846683402
E1,0304,2004-02-07,Sheffield United,Crystal Palace,0,3,A,,fpl-team-8,0.5137683847000383,0.27482656516954357,0.21140505013041813,0.5295943403443648,0.269562718041521,0.20084294161411415,0.06042682635597885,0.513157894736842,0.48684210526315796,0.5138600138599122,0.48613998614008774
E1,0304,2004-02-07,Walsall,Crewe,1,1,D,,,0.42532146389713155,0.2769535113748764,0.2977250247279921,0.4333727835490404,0.2720375272634912,0.2945896891874685,0.059952810406684875,0.48684210526315796,0.513157894736842,0.48613998614008774,0.5138600138599122
E1,0304,2004-02-07,Watford,Sunderland,2,2,D,,fpl-team-20,0.32793716039302906,0.2792589881471888,0.3928038514597821,0.3274428107168078,0.2745851968977936,0.3979719923853986,0.05959893926046789,0.47368421052631576,0.5263157894736842,0.47222222222641946,0.5277777777735805
E1,0304,2004-02-07,Wimbledon,Norwich,0,1,A,,,0.21379938550118435,0.2739921355730563,0.5122084789257594,0.20315330376335294,0.2685107752588289,0.5283359209778182,0.06215093843638897,0.48684210526315796,0.513157894736842,0.48613998614008774,0.5138600138599122
E1,0304,2004-02-14,Coventry,Norwich,0,2,A,,,0.33781396077028025,0.2810717720471473,0.3811142671825725,0.3381608773679114,0.2768229220438515,0.38501620058823693,0.05596626759506762,0.46052631578947373,0.5394736842105263,0.45818815331659807,0.541811846683402
E1,0304,2004-02-14,Crystal Palace,Stoke,6,3,H,fpl-team-8,,0.4964911851725065,0.27288065139252266,0.23062816343497075,0.5107294582684632,0.2675296736959473,0.2217408680355896,0.05996303865686059,0.46052631578947373,0.5394736842105263,0.45818815331659807,0.541811846683402
E1,0304,2004-02-14,Ipswich,Bradford,3,1,H,,,0.6198186276417701,0.2428677071575916,0.1373136652006383,0.6451207522387709,0.23434824339963808,0.12053100436159098,0.062238226644694805,0.5526315789473685,0.4473684210526316,0.5560224089628113,0.44397759103718865
E1,0304,2004-02-14,Nott'm Forest,Walsall,3,3,D,fpl-team-18,,0.4463667820069204,0.2768166089965398,0.2768166089965398,0.4563148421970969,0.2718425789014516,0.2718425789014516,0.060300934594124556,0.46052631578947373,0.5394736842105263,0.45818815331659807,0.541811846683402
E1,0304,2004-02-14,Watford,Preston,2,0,H,,,0.351071650737997,0.27976022168184134,0.36916812758016176,0.35256903877063317,0.27521155898613836,0.3722194022432284,0.05857350933365524,0.47368421052631576,0.5263157894736842,0.47222222222641946,0.5277777777735805
E1,0304,2004-02-14,West Brom,Cardiff,2,1,H,,,0.5336869683345731,0.2690267490377462,0.19728628262768053,0.5522428153668225,0.2628742179995772,0.18488296663360024,0.06409823708236217,0.5,0.5,0.5,0.5
E1,0304,2004-02-14,Wigan,Derby,2,0,H,,,0.5628522414978722,0.2586673127231526,0.1784804457789753,0.5831589423445045,0.251809663311325,0.1650313943441705,0.06140037439763546,0.47368421052631576,0.5263157894736842,0.47222222222641946,0.5277777777735805
E1,0304,2004-02-21,Bradford,Crewe,2,1,H,,,0.3569314819030276,0.2788527202367403,0.36421579786023217,0.35899097945739444,0.2740891567451367,0.3669198637974688,0.06039580865763128,0.47368421052631576,0.5263157894736842,0.47222222222641946,0.5277777777735805
E1,0304,2004-02-21,Burnley,Ipswich,4,2,H,,,0.3453237410071942,0.2805755395683453,0.37410071942446044,0.34630212256737175,0.2762152006604015,0.37748267677222686,0.056947770761325955,0.5,0.5,0.5,0.5
E1,0304,2004-02-21,Cardiff,Sunderland,4,0,H,,fpl-team-20,0.37779465076300195,0.2800993152922569,0.3421060339447412,0.38154494915844744,0.27562825268375196,0.3428267981578006,0.057899717474356294,0.47368421052631576,0.5263157894736842,0.47222222222641946,0.5277777777735805
E1,0304,2004-02-21,Derby,Crystal Palace,2,1,H,,fpl-team-8,0.3183755889611847,0.2764191159973076,0.4052052950415077,0.317016227443214,0.27138646310840686,0.4115973094483791,0.060994207160547376,0.5263157894736842,0.47368421052631576,0.5277777777735805,0.47222222222641946
E1,0304,2004-02-21,Gillingham,Reading,0,1,A,,,0.37816579226341823,0.28007903989509414,0.34175516784148763,0.381950192212955,0.2756031760284609,0.3424466317585841,0.05794048239476979,0.47368421052631576,0.5263157894736842,0.47222222222641946,0.5277777777735805
E1,0304,2004-02-21,Norwich,West Ham,1,1,D,,,0.41437820942174586,0.27841035945523557,0.3072114311230186,0.4216313762589148,0.2735184705910734,0.3048501531500119,0.06135132513009012,0.46052631578947373,0.5394736842105263,0.45818815331659807,0.541811846683402
E1,0304,2004-02-21,Preston,Millwall,1,2,A,,,0.4463667820069204,0.2768166089965398,0.2768166089965398,0.4563148421970969,0.2718425789014516,0.2718425789014516,0.060300934594124556,0.5,0.5,0.5,0.5
E1,0304,2004-02-21,Rotherham,Nott'm Forest,1,1,D,,fpl-team-18,0.4393880171980568,0.27248869283600424,0.28812328996593894,0.45006330464832905,0.2663862964529106,0.2835503988987603,0.06923875701613724,0.47368421052631576,0.5263157894736842,0.47222222222641946,0.5277777777735805
E1,0304,2004-02-21,Sheffield United,West Brom,1,2,A,,,0.38362933841387054,0.2799295328738712,0.3364411287122583,0.38789971799575695,0.2754173120134342,0.33668296999080893,0.05824379075784236,0.46052631578947373,0.5394736842105263,0.45818815331659807,0.541811846683402
E1,0304,2004-02-21,Stoke,Wigan,1,1,D,,,0.3768030615248749,0.2793641448336768,0.3438327936414483,0.38055902073690634,0.27472079617267176,0.3447201830904219,0.059371754759922624,0.5,0.5,0.5,0.5
E1,0304,2004-02-21,Walsall,Watford,0,1,A,,,0.42648022722307183,0.2798776491151409,0.2936421236617872,0.4344314891775084,0.27532648633463674,0.2902420244878548,0.058425147319212556,0.47368421052631576,0.5263157894736842,0.47222222222641946,0.5277777777735805
E1,0304,2004-02-21,Wimbledon,Coventry,0,3,A,,,0.31267669032601597,0.2818975786220488,0.4054257310519353,0.3110164492305028,0.2778236720864943,0.4111598786830028,0.054361676098778844,0.46052631578947373,0.5394736842105263,0.45818815331659807,0.541811846683402
E1,0304,2004-02-24,Crewe,Sheffield United,0,1,A,,,0.35903212724733025,0.28049384941197675,0.36047402334069295,0.3611606301892019,0.2761160680045176,0.3627233018062805,0.05710663506761193,,,,
E1,0304,2004-02-24,Millwall,Rotherham,2,1,H,,,0.5510990555895535,0.2650138105555647,0.18388713385488165,0.5686761600700655,0.25930722779465504,0.17201661213527955,0.05573576199822128,,,,
E1,0304,2004-02-24,Reading,Burnley,2,2,D,,,0.5194532841869091,0.2736051649534101,0.20694155085968083,0.5352994699730672,0.2683830799818908,0.19631745004504197,0.05863953637890518,,,,
E1,0304,2004-02-25,Nott'm Forest,Gillingham,0,0,D,fpl-team-18,,0.4607654818789389,0.27574492403917894,0.26348959408188205,0.4723834359305132,0.27047709167157385,0.257139472397913,0.06256077834405005,,,,
E1,0304,2004-02-28,Coventry,Derby,2,0,H,,,0.47004132231404955,0.2747933884297521,0.25516528925619836,0.4820397511148156,0.26962729274659464,0.24833295613858974,0.06018905295059085,0.46052631578947373,0.5394736842105263,0.45818815331659807,0.541811846683402
E1,0304,2004-02-28,Crystal Palace,Gillingham,1,0,H,fpl-team-8,,0.5636382511119462,0.2628377785699973,0.17352397031805647,0.5837479422169366,0.2564060904367628,0.15984596734630058,0.060636861715465784,0.5263157894736842,0.47368421052631576,0.5277777777735805,0.47222222222641946
E1,0304,2004-02-28,Ipswich,Preston,2,0,H,,,0.4906293538673578,0.271906038860841,0.23746460727180116,0.504808152546488,0.26630630264704686,0.22888554480646509,0.061957458849065006,0.5526315789473685,0.4473684210526316,0.5560224089628113,0.44397759103718865
E1,0304,2004-02-28,Millwall,Burnley,2,0,H,,,0.5265345497302507,0.2683376075662315,0.20512784270351783,0.541345055435696,0.26324488777967364,0.19541005678463033,0.05264101759530604,0.5,0.5,0.5,0.5
E1,0304,2004-02-28,Nott'm Forest,Bradford,2,1,H,fpl-team-18,,0.5132820303734946,0.27247047627612836,0.21424749335037704,0.5292046938455809,0.2669620632410329,0.2038332429133862,0.06095429719425738,0.48684210526315796,0.513157894736842,0.48613998614008774,0.5138600138599122
E1,0304,2004-02-28,Reading,Sheffield United,2,1,H,,,0.3928038514597821,0.2792589881471888,0.32793716039302906,0.3979719923853986,0.2745851968977936,0.3274428107168078,0.05959893926046789,0.48684210526315796,0.513157894736842,0.48613998614008774,0.5138600138599122
E1,0304,2004-02-28,Watford,Wimbledon,4,0,H,,,0.5827417621505442,0.2549911453524452,0.1622670924970106,0.6047892571780505,0.24772366702817128,0.14748707579377812,0.06164307869039476,0.5263157894736842,0.47368421052631576,0.5277777777735805,0.47222222222641946
E1,0304,2004-02-28,West Brom,Rotherham,0,1,A,,,0.6093438891324211,0.25266315628251373,0.13799295458506522,0.6326104899386974,0.24537657007091115,0.12201293999039145,0.059206361416727304,0.5,0.5,0.5,0.5
E1,0304,2004-02-28,West Ham,Cardiff,1,0,H,,,0.5185794993704081,0.27500669758919954,0.20641380304039225,0.5347293770322293,0.2697747667240584,0.1954958562437121,0.06009766738861799,0.5,0.5,0.5,0.5
E1,0304,2004-02-28,Wigan,Walsall,1,0,H,,,0.5775546411988978,0.26329696878185044,0.15914839001925182,0.5985265994288844,0.2569311790731017,0.1445422214980139,0.05985125130973756,0.47368421052631576,0.5263157894736842,0.47222222222641946,0.5277777777735805
E1,0304,2004-03-02,Burnley,West Ham,1,1,D,,,0.32450704225352117,0.27887323943661974,0.3966197183098592,0.32370345949103535,0.274105338635762,0.4021912018732027,0.06038123299367726,0.48684210526315796,0.513157894736842,0.48613998614008774,0.5138600138599122
E1,0304,2004-03-02,Cardiff,Coventry,0,1,A,,,0.4690421774361106,0.2763349262414295,0.25462289632246005,0.48118412043875125,0.2712030487594288,0.24761283080181998,0.06139152427203953,0.513157894736842,0.48684210526315796,0.5138600138599122,0.48613998614008774
E1,0304,2004-03-02,Norwich,West Brom,0,0,D,,,0.41308089500860584,0.28399311531841653,0.3029259896729776,0.4189591059288949,0.28036645052955733,0.3006744435415477,0.05026985751464963,0.46052631578947373,0.5394736842105263,0.45818815331659807,0.541811846683402
E1,0304,2004-03-02,Preston,Reading,2,1,H,,,0.40837233948600193,0.28075598339662633,0.31087167711737174,0.41458375382333107,0.27642300755258475,0.3089932386240841,0.056629054713994265,0.5,0.5,0.5,0.5
E1,0304,2004-03-02,Sheffield United,Millwall,2,1,H,,,0.4077110569465987,0.2803013516507866,0.3119875914026147,0.41396324138702467,0.2758640614750463,0.31017269713792905,0.057534114457666874,0.47368421052631576,0.5263157894736842,0.47222222222641946,0.5277777777735805
E1,0304,2004-03-02,Stoke,Ipswich,2,0,H,,,0.3760686827727889,0.2808762974459267,0.3430550197812845,0.37957919094245895,0.2765842845026928,0.34383652455484826,0.05635081569198519,0.5263157894736842,0.47368421052631576,0.5277777777735805,0.47222222222641946
E1,0304,2004-03-02,Wimbledon,Nott'm Forest,0,1,A,,fpl-team-18,0.27586206896551724,0.27586206896551724,0.4482758620689655,0.27100005979551034,0.27100005979551034,0.4579998804089795,0.05790474032983184,0.48684210526315796,0.513157894736842,0.48613998614008774,0.5138600138599122
E1,0304,2004-03-03,Derby,Crewe,0,0,D,,,0.45643153526970953,0.2738589211618257,0.2697095435684647,0.4675679745353218,0.2684727938660592,0.26395923159861906,0.06205164548009634,0.513157894736842,0.48684210526315796,0.5138600138599122,0.48613998614008774
E1,0304,2004-03-03,Walsall,Sunderland,1,3,A,,fpl-team-20,0.3346975898135516,0.2782173715325148,0.3870850386539336,0.3347930726163138,0.27329493022013057,0.3919119971635556,0.061694425414316356,0.48684210526315796,0.513157894736842,0.48613998614008774,0.5138600138599122
E1,0304,2004-03-06,Burnley,Preston,1,1,D,,,0.3966197183098592,0.27887323943661974,0.32450704225352117,0.4021912018732027,0.274105338635762,0.32370345949103535,0.06038123299367726,0.48684210526315796,0.513157894736842,0.48613998614008774,0.5138600138599122
E1,0304,2004-03-06,Crystal Palace,Reading,2,2,D,fpl-team-8,,0.4463667820069204,0.2768166089965398,0.2768166089965398,0.4563148421970969,0.2718425789014516,0.2718425789014516,0.060300934594124556,0.48684210526315796,0.513157894736842,0.48613998614008774,0.5138600138599122
E1,0304,2004-03-06,Gillingham,Nott'm Forest,2,1,H,,fpl-team-18,0.39747899159663863,0.2773109243697479,0.32521008403361346,0.40301535536160044,0.27250270120109576,0.3244819434373038,0.05917003005743027,0.46052631578947373,0.5394736842105263,0.45818815331659807,0.541811846683402
E1,0304,2004-03-06,Rotherham,Bradford,1,2,A,,,0.5313903657076084,0.26862972666442836,0.1999799076279633,0.5475764114437643,0.2631995698153971,0.18922401874083847,0.05627914529759437,0.47368421052631576,0.5263157894736842,0.47222222222641946,0.5277777777735805
E1,0304,2004-03-06,Stoke,Watford,3,1,H,,,0.4751644969787963,0.2750060569336196,0.24982944608758403,0.48840677937028626,0.26951714719110187,0.2420760734386119,0.06417032622266561,0.47368421052631576,0.5263157894736842,0.47222222222641946,0.5277777777735805
E1,0304,2004-03-06,West Brom,Coventry,3,0,H,,,0.5336869683345731,0.2690267490377462,0.19728628262768053,0.5522428153668225,0.2628742179995772,0.18488296663360024,0.06409823708236217,0.47368421052631576,0.5263157894736842,0.47222222222641946,0.5277777777735805
E1,0304,2004-03-06,West Ham,Walsall,0,0,D,,,0.6186752515007163,0.24359811943443174,0.13772662906485178,0.643187287407416,0.23539283880357256,0.12141987378901146,0.060424656607210636,0.513157894736842,0.48684210526315796,0.5138600138599122,0.48613998614008774
E1,0304,2004-03-06,Wigan,Crewe,2,3,A,,,0.5827417621505442,0.2549911453524452,0.1622670924970106,0.6047892571780505,0.24772366702817128,0.14748707579377812,0.06164307869039476,0.48684210526315796,0.513157894736842,0.48613998614008774,0.5138600138599122
E1,0304,2004-03-07,Norwich,Ipswich,3,1,H,,,0.443292217006877,0.28599497871411417,0.27071280427900885,0.4535780168283563,0.2815474879892542,0.2648744951823895,0.06420581904239953,0.47368421052631576,0.5263157894736842,0.47222222222641946,0.5277777777735805
E1,0304,2004-03-09,Bradford,Watford,2,0,H,,,0.36421579786023217,0.2788527202367403,0.3569314819030276,0.3669198637974688,0.2740891567451367,0.35899097945739444,0.06039580865763128,0.47368421052631576,0.5263157894736842,0.47222222222641946,0.5277777777735805
E1,0304,2004-03-09,West Ham,Wimbledon,5,0,H,,,0.7133434804667681,0.19279553526128868,0.09386098427194316,0.7472227809909497,0.1791222248688339,0.07365499414021642,0.06529458635486662,0.5394736842105263,0.46052631578947373,0.541811846683402,0.45818815331659807
E1,0304,2004-03-10,Sunderland,Preston,3,3,D,fpl-team-20,,0.4961832061068702,0.2748091603053435,0.22900763358778628,0.5104744590775234,0.2695906762886845,0.21993486463379205,0.06031912472099066,0.47368421052631576,0.5263157894736842,0.47222222222641946,0.5277777777735805
E1,0304,2004-03-13,Bradford,Wigan,0,0,D,,,0.3012510425354462,0.2755629691409508,0.423185988323603,0.29828956834752507,0.270299341749924,0.43141108990255095,0.06278796377591789,0.48684210526315796,0.513157894736842,0.48613998614008774,0.5138600138599122
E1,0304,2004-03-13,Cardiff,Norwich,2,1,H,,,0.34284010843752905,0.28096818261794376,0.3761917089445272,0.3436015974978121,0.27669702491813425,0.37970137758405365,0.05616843421012163,0.47368421052631576,0.5263157894736842,0.47222222222641946,0.5277777777735805
E1,0304,2004-03-13,Coventry,Burnley,4,0,H,,,0.48158119906998836,0.2787197854462429,0.23969901548376885,0.49382557745065864,0.2741542704439294,0.23202015210541194,0.056605688063427806,0.47368421052631576,0.5263157894736842,0.47222222222641946,0.5277777777735805
E1,0304,2004-03-13,Crewe,West Brom,1,2,A,,,0.31768953068592054,0.27797833935018046,0.4043321299638989,0.3162428960919907,0.27298811329195727,0.41076899061605193,0.06220584746915847,0.46052631578947373,0.5394736842105263,0.45818815331659807,0.541811846683402
E1,0304,2004-03-13,Derby,Rotherham,1,0,H,,,0.42532146389713155,0.2769535113748764,0.2977250247279921,0.4333727835490404,0.2720375272634912,0.2945896891874685,0.059952810406684875,0.48684210526315796,0.513157894736842,0.48613998614008774,0.5138600138599122
E1,0304,2004-03-13,Ipswich,Millwall,1,3,A,,,0.4393125099771191,0.2792529133187889,0.28143457670409194,0.44789498807415584,0.27487530279213235,0.27722970913371175,0.05535661778412759,0.5394736842105263,0.46052631578947373,0.541811846683402,0.45818815331659807
E1,0304,2004-03-13,Nott'm Forest,Crystal Palace,3,2,H,fpl-team-18,fpl-team-8,0.35239914597145755,0.2808180694460052,0.3667827845825373,0.35395537321876275,0.27651417747155493,0.3695304493096822,0.056462512351572514,0.5,0.5,0.5,0.5
E1,0304,2004-03-13,Preston,Gillingham,0,0,D,,,0.5442928137571982,0.25794746391102,0.197759722331782,0.5634366727309024,0.2509356132471408,0.18562771402195677,0.06277007749304175,0.5,0.5,0.5,0.5
E1,0304,2004-03-13,Reading,Stoke,0,0,D,,,0.46607633472669263,0.27596054609631615,0.2579631191769912,0.4780968052947892,0.2707385457220893,0.25116464898312163,0.062144712544977665,0.5,0.5,0.5,0.5
E1,0304,2004-03-13,Sunderland,West Ham,2,0,H,fpl-team-20,,0.39747899159663863,0.2773109243697479,0.32521008403361346,0.40301535536160044,0.27250270120109576,0.3244819434373038,0.05917003005743027,0.46052631578947373,0.5394736842105263,0.45818815331659807,0.541811846683402
E1,0304,2004-03-13,Walsall,Wimbledon,1,0,H,,,0.5673528934997568,0.2544982979413195,0.17814880855892368,0.5884139364938965,0.2471471884492241,0.1644388750568794,0.0625159926712513,0.513157894736842,0.48684210526315796,0.5138600138599122,0.48613998614008774
E1,0304,2004-03-13,Watford,Sheffield United,0,2,A,,,0.35239914597145755,0.2808180694460052,0.3667827845825373,0.35395537321876275,0.27651417747155493,0.3695304493096822,0.056462512351572514,0.47368421052631576,0.5263157894736842,0.47222222222641946,0.5277777777735805
E1,0304,2004-03-16,Cardiff,Reading,2,3,A,,,0.4104737737374864,0.27899389308719774,0.31053233317531576,0.41724667874999466,0.27424624812280823,0.3085070731271971,0.06016314891166985,0.47368421052631576,0.5263157894736842,0.47222222222641946,0.5277777777735805
E1,0304,2004-03-16,Norwich,Gillingham,3,0,H,,,0.6267721235636472,0.24473959110580515,0.12848828533054768,0.6508650443527478,0.2369259486360368,0.11220900701121539,0.05786704854108393,0.47368421052631576,0.5263157894736842,0.47222222222641946,0.5277777777735805
E1,0304,2004-03-16,Rotherham,Sheffield United,1,1,D,,,0.3313822602431337,0.2796037820801441,0.38901395767672226,0.33119060454919247,0.27501323537484645,0.393796160075961,0.058901825454086065,0.47368421052631576,0.5263157894736842,0.47222222222641946,0.5277777777735805
E1,0304,2004-03-16,Sunderland,Stoke,1,1,D,fpl-team-20,,0.49898873158046814,0.2721756717711644,0.22883559664836753,0.5127790726799725,0.2670128111794053,0.22020811614062225,0.0571316578425467,0.4473684210526316,0.5526315789473685,0.44397759103718865,0.5560224089628113
E1,0304,2004-03-16,Walsall,Ipswich,1,3,A,,,0.33876201200867045,0.2794130083544383,0.3818249796368912,0.3391780865860732,0.2751087772206562,0.38571313619327063,0.05493248859420419,0.5263157894736842,0.47368421052631576,0.5277777777735805,0.47222222222641946
E1,0304,2004-03-16,Watford,Derby,2,1,H,,,0.4312217950860773,0.27410997827177,0.29466822664215275,0.4406024364737533,0.26845856022051034,0.2909390033057363,0.06581515457946807,0.47368421052631576,0.5263157894736842,0.47222222222641946,0.5277777777735805
E1,0304,2004-03-16,West Brom,Wigan,2,1,H,,,0.47706701148551,0.279531452042291,0.243401536472199,0.4894984646743615,0.27482452729280343,0.23567700803283517,0.05933414399623871,0.43569553805774275,0.5643044619422573,0.43135332026324247,0.5686466797367574
E1,0304,2004-03-17,Coventry,Preston,4,1,H,,,0.42843256379100847,0.27897934386391254,0.292588092345079,0.43620461017418893,0.27454828166836825,0.28924710815744276,0.05587377049960196,0.46052631578947373,0.5394736842105263,0.45818815331659807,0.541811846683402
E1,0304,2004-03-17,Nott'm Forest,Burnley,1,1,D,fpl-team-18,,0.47751741608613046,0.2754908169727676,0.24699176694110195,0.48988056415805714,0.27048934487837684,0.23963009096356605,0.058796036057174206,0.48684210526315796,0.513157894736842,0.48613998614008774,0.5138600138599122
E1,0304,2004-03-17,West Ham,Crewe,4,2,H,,,0.5978947368421053,0.25263157894736843,0.14947368421052631,0.620235978064528,0.24542264067557576,0.13434138125989617,0.05902873142622411,0.48684210526315796,0.513157894736842,0.48613998614008774,0.5138600138599122
E1,0304,2004-03-20,Crewe,Cardiff,0,1,A,,,0.39397839834349996,0.280094017572332,0.32592758408416816,0.3991057197868494,0.2756161365642371,0.3252781436489135,0.05792645504698157,0.48684210526315796,0.513157894736842,0.48613998614008774,0.5138600138599122
E1,0304,2004-03-20,Crystal Palace,Norwich,1,0,H,fpl-team-8,,0.3595505617977528,0.28089887640449435,0.3595505617977528,0.3616931486743505,0.2766137026512991,0.3616931486743505,0.056301046162843704,0.47368421052631576,0.5263157894736842,0.47222222222641946,0.5277777777735805
E1,0304,2004-03-20,Derby,Nott'm Forest,4,2,H,,fpl-team-18,0.39367311072056244,0.28295254833040423,0.3233743409490334,0.3982899208658589,0.27911457821840513,0.322595500915736,0.052272466011345387,0.46052631578947373,0.5394736842105263,0.45818815331659807,0.541811846683402
E1,0304,2004-03-20,Gillingham,Rotherham,2,0,H,,,0.44328413873941075,0.28051574404603336,0.27620011721455595,0.4524764703442756,0.2760956456839164,0.2714278839718079,0.057199905859306455,0.47368421052631576,0.5263157894736842,0.47222222222641946,0.5277777777735805
E1,0304,2004-03-20,Ipswich,Watford,4,1,H,,,0.5590756615728661,0.2609019754006709,0.18002236302646293,0.5774875319634685,0.25478627672303633,0.16772619131349523,0.05639490811154246,0.5643044619422573,0.43569553805774275,0.5686466797367574,0.43135332026324247
E1,0304,2004-03-20,Preston,Walsall,1,2,A,,,0.5371124194999422,0.2653495684395237,0.19753801206053426,0.5557805627276741,0.2589352193060929,0.18528421796623307,0.06337755918502808,0.513157894736842,0.48684210526315796,0.5138600138599122,0.48613998614008774
E1,0304,2004-03-20,Reading,Sunderland,0,2,A,,fpl-team-20,0.3989314336598397,0.2804986642920748,0.3205699020480855,0.40440505354160267,0.2761120423223371,0.3194829041360603,0.0571258005220443,0.46052631578947373,0.5394736842105263,0.45818815331659807,0.541811846683402
E1,0304,2004-03-20,Sheffield United,Bradford,2,0,H,,,0.6063454759106932,0.2526439482961222,0.1410105757931845,0.6263349786796234,0.24639388543592014,0.1272711358844564,0.050994866993278265,0.513157894736842,0.48684210526315796,0.5138600138599122,0.48613998614008774
E1,0304,2004-03-20,Wigan,Coventry,2,1,H,,,0.48960530280204884,0.27342573064175957,0.23696896655619162,0.5039536815751783,0.26785692250289883,0.22818939592192286,0.06314664683304727,0.46052631578947373,0.5394736842105263,0.45818815331659807,0.541811846683402
E1,0304,2004-03-21,Millwall,West Ham,4,1,H,,,0.38901395767672226,0.2796037820801441,0.3313822602431337,0.393796160075961,0.27501323537484645,0.33119060454919247,0.058901825454086065,0.4473684210526316,0.5526315789473685,0.44397759103718865,0.5560224089628113
E1,0304,2004-03-23,Crewe,Stoke,2,0,H,,,0.35795454545454547,0.28409090909090906,0.35795454545454547,0.3600531400404219,0.2798937199191562,0.3600531400404219,0.058778993552550673,,,,
E1,0304,2004-03-23,Sheffield United,Derby,1,1,D,,,0.5766926303175554,0.25868783702816056,0.164619532654284,0.5953968652443732,0.2527032034888813,0.15189993126674542,0.05322851589880884,,,,
E1,0304,2004-03-23,Sunderland,Gillingham,2,1,H,fpl-team-20,,0.5978947368421053,0.25263157894736843,0.14947368421052631,0.620235978064528,0.24542264067557576,0.13434138125989617,0.05902873142622411,,,,
E1,0304,2004-03-24,Wimbledon,Millwall,0,1,A,,,0.18710599310750609,0.25392956207447254,0.5589644448180213,0.1738977576882547,0.24642083405894002,0.5796814082528052,0.06369536044076085,,,,
E1,0304,2004-03-27,Bradford,Burnley,1,2,A,,,0.39864695565021296,0.2781257830117765,0.32322726133801055,0.40413276819028143,0.27351352056323847,0.32235371124648016,0.057527347933501005,0.48684210526315796,0.513157894736842,0.48613998614008774,0.5138600138599122
E1,0304,2004-03-27,Cardiff,Sheffield United,2,1,H,,,0.3692853972481136,0.282734132268087,0.3479804704837994,0.37204919715222784,0.27885522767249377,0.34909557517527845,0.05268245795741677,0.5,0.5,0.5,0.5
E1,0304,2004-03-27,Coventry,Reading,1,2,A,,,0.4303716360529688,0.2780862879111491,0.29154207603588206,0.43795399416201936,0.27377959382714356,0.288266412010837,0.05336241191253066,0.513157894736842,0.48684210526315796,0.5138600138599122,0.48613998614008774
E1,0304,2004-03-27,Norwich,Stoke,1,0,H,,,0.5543718842438409,0.2668431830875205,0.1787849326686387,0.5736146503516198,0.2608031928520503,0.16558215679632984,0.06035937916021794,0.5,0.5,0.5,0.5
E1,0304,2004-03-27,Nott'm Forest,Crewe,2,0,H,fpl-team-18,,0.4848334162108403,0.2759820984584784,0.23918448533068126,0.4976088312466118,0.27109043143464434,0.23130073731874384,0.05783159448765218,0.513157894736842,0.48684210526315796,0.5138600138599122,0.48613998614008774
E1,0304,2004-03-27,Rotherham,Preston,1,0,H,,,0.3837173890975536,0.2844381281088214,0.331844482793625,0.3879883068380947,0.28031269009408993,0.3316990030678153,0.05810825969092548,0.5263157894736842,0.47368421052631576,0.5277777777735805,0.47222222222641946
E1,0304,2004-03-27,Sunderland,Derby,2,1,H,fpl-team-20,,0.5792478173270651,0.2585627938213566,0.16218938885157824,0.6010754185323811,0.25157572240930204,0.14734885905831688,0.061902805930003524,0.47368421052631576,0.5263157894736842,0.47222222222641946,0.5277777777735805
E1,0304,2004-03-27,Walsall,Millwall,1,1,D,,,0.32793716039302906,0.2792589881471888,0.3928038514597821,0.3274428107168078,0.2745851968977936,0.3979719923853986,0.05959893926046789,0.46052631578947373,0.5394736842105263,0.45818815331659807,0.541811846683402
E1,0304,2004-03-27,Watford,Wigan,1,1,D,,,0.3431035066532736,0.2798437976140763,0.37705269573265016,0.3439153283547026,0.2753133289372649,0.3807713427080325,0.05841017025522888,0.47368421052631576,0.5263157894736842,0.47222222222641946,0.5277777777735805
E1,0304,2004-03-27,West Brom,Crystal Palace,2,0,H,,fpl-team-8,0.5281413322331509,0.27310147973644006,0.19875718803040912,0.5450146316261608,0.26771457630472173,0.18727079206911745,0.059775873785838485,0.47368421052631576,0.5263157894736842,0.47222222222641946,0.5277777777735805
E1,0304,2004-03-27,West Ham,Gillingham,2,1,H,,,0.6036217303822938,0.25150905432595577,0.1448692152917505,0.6243848942094073,0.2448724012604634,0.13074270453012926,0.053545715287327766,0.5263157894736842,0.47368421052631576,0.5277777777735805,0.47222222222641946
E1,0304,2004-03-27,Wimbledon,Ipswich,1,2,A,,,0.17797571881930868,0.25497230639361956,0.5670519747870718,0.1653323247341975,0.248269320977732,0.5863983542880704,0.057304924353957176,0.5526315789473685,0.4473684210526316,0.5560224089628113,0.44397759103718865
E1,0304,2004-04-03,Burnley,Norwich,3,5,A,,,0.3191393993724787,0.27924697445091884,0.4016136261766024,0.31787932187703494,0.27456570956610615,0.4075549685568589,0.05963644734583795,0.48684210526315796,0.513157894736842,0.48613998614008774,0.5138600138599122
E1,0304,2004-04-03,Crewe,Rotherham,0,0,D,,,0.4463519313304721,0.27896995708154504,0.27467811158798283,0.456301636517967,0.27417907066641234,0.26951929281562065,0.060319863026961684,0.46052631578947373,0.5394736842105263,0.45818815331659807,0.541811846683402
E1,0304,2004-04-03,Derby,Walsall,0,1,A,,,0.4463519313304721,0.27896995708154504,0.27467811158798283,0.456301636517967,0.27417907066641234,0.26951929281562065,0.060319863026961684,0.48684210526315796,0.513157894736842,0.48613998614008774,0.5138600138599122
E1,0304,2004-04-03,Gillingham,Cardiff,1,2,A,,,0.37410071942446044,0.2805755395683453,0.3453237410071942,0.37748267677222686,0.2762152006604015,0.34630212256737175,0.056947770761325955,0.46052631578947373,0.5394736842105263,0.45818815331659807,0.541811846683402
E1,0304,2004-04-03,Preston,Bradford,1,0,H,,,0.5325443786982248,0.2662721893491124,0.2011834319526627,0.5478720590813982,0.26099241341493123,0.19113552750367047,0.05287512741051614,0.5,0.5,0.5,0.5
E1,0304,2004-04-03,Reading,West Ham,2,0,H,,,0.37582050431133884,0.280397329388538,0.34378216630012315,0.37936748580121643,0.27599567584730905,0.34463683835147446,0.057303744135424495,0.4473684210526316,0.5526315789473685,0.44397759103718865,0.5560224089628113
E1,0304,2004-04-03,Sheffield United,Nott'm Forest,1,2,A,,fpl-team-18,0.5345525960476248,0.2680741377194059,0.19737326623296916,0.5513308337329245,0.26247587825350904,0.18619328801356652,0.0574874070007354,0.5,0.5,0.5,0.5
E1,0304,2004-04-03,Stoke,Coventry,1,0,H,,,0.4186655037069341,0.2812908853030964,0.3000436109899695,0.4256042927169712,0.2770723978547923,0.2973233094282366,0.05558714643120766,0.5,0.5,0.5,0.5
E1,0304,2004-04-03,Wigan,Wimbledon,0,1,A,,,0.7272727272727273,0.18181818181818182,0.09090909090909091,0.756309361695676,0.16986670878138188,0.07382392952294217,0.05325034097768366,0.5263157894736842,0.47368421052631576,0.5277777777735805,0.47222222222641946
E1,0304,2004-04-04,Ipswich,West Brom,2,3,A,,,0.37415523243907434,0.28358591030104446,0.3422588572598812,0.37770729445800516,0.27927465020624287,0.343018055335752,0.05978201376274228,0.5394736842105263,0.46052631578947373,0.541811846683402,0.45818815331659807
E1,0304,2004-04-06,Gillingham,Wigan,0,3,A,,,0.3453237410071942,0.2805755395683453,0.37410071942446044,0.34630212256737175,0.2762152006604015,0.37748267677222686,0.056947770761325955,,,,
E1,0304,2004-04-06,Rotherham,Crystal Palace,1,2,A,,fpl-team-8,0.37410071942446044,0.2805755395683453,0.3453237410071942,0.37748267677222686,0.2762152006604015,0.34630212256737175,0.056947770761325955,,,,
E1,0304,2004-04-06,Wimbledon,Sunderland,1,2,A,,fpl-team-20,0.15076923076923077,0.24615384615384617,0.6030769230769231,0.1369196165031952,0.23907570052344093,0.6240046829733639,0.05399916600435972,,,,
E1,0304,2004-04-07,Millwall,Cardiff,0,0,D,,,0.4796754076189045,0.27049365091291605,0.24983094146817944,0.4916972966307264,0.26530319702156663,0.24299950634770687,0.056258122669532895,,,,
E1,0304,2004-04-09,Norwich,Wigan,2,0,H,,,0.5288490361354559,0.2639578865652555,0.2071930772992886,0.5452596706072252,0.2580133949479664,0.1967269344448084,0.057791564147919416,0.47368421052631576,0.5263157894736842,0.47222222222641946,0.5277777777735805
E1,0304,2004-04-09,Sunderland,Sheffield United,3,0,H,fpl-team-20,,0.4680317592979524,0.2778938570831592,0.2540743836188884,0.48031607379919444,0.2728014391149061,0.24688248708589947,0.06261293566785753,0.46052631578947373,0.5394736842105263,0.45818815331659807,0.541811846683402
E1,0304,2004-04-10,Bradford,Reading,2,1,H,,,0.29836065573770487,0.2754098360655738,0.4262295081967213,0.2953392094790768,0.2704587810440662,0.434202009476857,0.05875772680155933,0.47368421052631576,0.5263157894736842,0.47222222222641946,0.5277777777735805
E1,0304,2004-04-10,Cardiff,Crystal Palace,0,2,A,,fpl-team-8,0.4463667820069204,0.2768166089965398,0.2768166089965398,0.4563148421970969,0.2718425789014516,0.2718425789014516,0.060300934594124556,0.513157894736842,0.48684210526315796,0.5138600138599122,0.48613998614008774
E1,0304,2004-04-10,Coventry,Millwall,4,0,H,,,0.37355902524441853,0.27841821100248065,0.3480227637531008,0.377139687846353,0.273548603861153,0.349311708292494,0.061276502907276154,0.47368421052631576,0.5263157894736842,0.47222222222641946,0.5277777777735805
E1,0304,2004-04-10,Nott'm Forest,Stoke,0,0,D,fpl-team-18,,0.43442084519378155,0.2783008539522663,0.2872783008539523,0.44351028990511415,0.27336204521334007,0.28312766488154584,0.06163160805590451,0.47368421052631576,0.5263157894736842,0.47222222222641946,0.5277777777735805
E1,0304,2004-04-10,Rotherham,Ipswich,1,3,A,,,0.3436679675622296,0.27919692248466405,0.3771351099531064,0.34448487270423417,0.27484386872410826,0.3806712585716575,0.055360139813274145,0.5,0.5,0.5,0.5
E1,0304,2004-04-10,Walsall,Burnley,0,1,A,,,0.4294458762886598,0.27963917525773196,0.29091494845360827,0.437120373278892,0.2753605834213043,0.2875190432998036,0.05455812031868845,0.5,0.5,0.5,0.5
E1,0304,2004-04-10,Watford,Crewe,2,1,H,,,0.4444444444444444,0.2777777777777778,0.2777777777777778,0.45460741773077357,0.2726962911346132,0.2726962911346132,0.06273432495072484,0.5,0.5,0.5,0.5
E1,0304,2004-04-10,West Brom,Gillingham,1,0,H,,,0.6519471488178025,0.22948539638386647,0.11856745479833102,0.6810264168014752,0.21921892134376936,0.09975466185475539,0.06523120333440602,0.513157894736842,0.48684210526315796,0.5138600138599122,0.48613998614008774
E1,0304,2004-04-10,West Ham,Derby,0,0,D,,,0.5975609756097561,0.25609756097560976,0.14634146341463414,0.6199830135820693,0.24911717581603418,0.13089981060189643,0.05940069817006588,0.513157894736842,0.48684210526315796,0.5138600138599122,0.48613998614008774
E1,0304,2004-04-10,Wimbledon,Preston,3,3,D,,,0.22258697943123149,0.26186703462497823,0.5155459859437903,0.21267072446875793,0.25532330831387645,0.5320059672173657,0.062218050472438335,0.513157894736842,0.48684210526315796,0.5138600138599122,0.48613998614008774
E1,0304,2004-04-12,Burnley,Watford,2,3,A,,,0.44708457089260595,0.2785680787869314,0.27434735032046276,0.4558219042638753,0.27435781072413595,0.2698202850119888,0.052445011446252465,0.513157894736842,0.48684210526315796,0.5138600138599122,0.48613998614008774
E1,0304,2004-04-12,Crewe,Coventry,3,1,H,,,0.37366067662195224,0.2780730616721505,0.34826626170589725,0.3770418031151073,0.2734564585389551,0.3495017383459377,0.05760964518412948,0.46052631578947373,0.5394736842105263,0.45818815331659807,0.541811846683402
E1,0304,2004-04-12,Crystal Palace,West Ham,1,0,H,fpl-team-8,,0.3697784074557811,0.28311159320833246,0.3471099993358865,0.37254235976652506,0.27931374185664576,0.3481438983768292,0.051944026025012136,0.4473684210526316,0.5526315789473685,0.44397759103718865,0.5560224089628113
E1,0304,2004-04-12,Derby,Bradford,3,2,H,,,0.5165603160133698,0.2613187481008812,0.22212093588574902,0.5334222329118217,0.25459952796130786,0.21197823912687044,0.06342936004512012,0.47368421052631576,0.5263157894736842,0.47222222222641946,0.5277777777735805
E1,0304,2004-04-12,Gillingham,Walsall,3,0,H,,,0.42048517520215634,0.278167115902965,0.3013477088948787,0.4272715633361224,0.2738868107889877,0.29884162587489,0.053179194568656385,0.46052631578947373,0.5394736842105263,0.45818815331659807,0.541811846683402
E1,0304,2004-04-12,Ipswich,Sunderland,1,0,H,,fpl-team-20,0.3918911444217048,0.2773383483599757,0.3307705072183196,0.3965788677381633,0.27287852533700574,0.330542606924831,0.05479495518375188,0.5263157894736842,0.47368421052631576,0.5277777777735805,0.47222222222641946
E1,0304,2004-04-12,Millwall,West Brom,1,1,D,,,0.35777681265938377,0.282308266239045,0.3599149211015713,0.3596782218813703,0.27833740907566357,0.3619843690429662,0.053516454761847854,0.4473684210526316,0.5526315789473685,0.44397759103718865,0.5560224089628113
E1,0304,2004-04-12,Preston,Nott'm Forest,2,2,D,,fpl-team-18,0.4313777541810459,0.27873639500929126,0.2898858508096629,0.4388572581382621,0.27457949514715013,0.2865632467145877,0.05206774827092886,0.48684210526315796,0.513157894736842,0.48613998614008774,0.5138600138599122
E1,0304,2004-04-12,Reading,Norwich,0,1,A,,,0.3550033281562015,0.28289327712447304,0.3621033947193255,0.35665221923091783,0.2790492333147731,0.36429854745430895,0.05236919550225139,0.46052631578947373,0.5394736842105263,0.45818815331659807,0.541811846683402
E1,0304,2004-04-12,Sheffield United,Wimbledon,2,1,H,,,0.6941425586515406,0.19790775616665032,0.10794968518180928,0.7266958816209168,0.18482490224491818,0.08847921613416504,0.06517292791977525,0.5394736842105263,0.46052631578947373,0.541811846683402,0.45818815331659807
E1,0304,2004-04-12,Stoke,Rotherham,0,2,A,,,0.5031918888471649,0.270371761171611,0.2264363499812242,0.5161953485921497,0.2654885527291055,0.21831609867874488,0.05242865171749145,0.46052631578947373,0.5394736842105263,0.45818815331659807,0.541811846683402
E1,0304,2004-04-13,Wigan,Cardiff,3,0,H,,,0.4612745370284663,0.27740341003758073,0.2613220529339529,0.471532855500886,0.27290126121850466,0.25556588328060936,0.05483045615255833,,,,
E1,0304,2004-04-17,Bradford,Wimbledon,2,3,A,,,0.5225243050246873,0.2590227626336664,0.21845293234164637,0.5368769122520634,0.2533185825267319,0.20980450522120478,0.05200258467812091,0.47368421052631576,0.5263157894736842,0.47222222222641946,0.5277777777735805
E1,0304,2004-04-17,Cardiff,Burnley,2,0,H,,,0.5052005943536404,0.2674591381872214,0.22734026745913816,0.5178143275534229,0.262570734074065,0.21961493837251195,0.05020500626415014,0.513157894736842,0.48684210526315796,0.5138600138599122,0.48613998614008774
E1,0304,2004-04-17,Crystal Palace,Wigan,1,1,D,fpl-team-8,,0.41958041958041953,0.27972027972027974,0.3006993006993007,0.4264439121180236,0.2754682181160723,0.29808786976590407,0.0543738518608734,0.46052631578947373,0.5394736842105263,0.45818815331659807,0.541811846683402
E1,0304,2004-04-17,Derby,Preston,5,1,H,,,0.4681134907211092,0.2728637110798771,0.2590227981990138,0.4798759516620862,0.26756710094989256,0.2525569473880213,0.05982912774197757,0.513157894736842,0.48684210526315796,0.5138600138599122,0.48613998614008774
E1,0304,2004-04-17,Gillingham,Ipswich,1,2,A,,,0.3210056681070767,0.27408945507604243,0.4049048768168808,0.31986969865433107,0.26881908932869064,0.4113112120169783,0.06141533120535314,0.5263157894736842,0.47368421052631576,0.5277777777735805,0.47222222222641946
E1,0304,2004-04-17,Norwich,Walsall,5,0,H,,,0.6542952225167804,0.22278752326696374,0.12291725421625585,0.6830642961945921,0.21219837444030315,0.10473732936510487,0.06381956324912608,0.513157894736842,0.48684210526315796,0.5138600138599122,0.48613998614008774
E1,0304,2004-04-17,Nott'm Forest,Millwall,2,2,D,fpl-team-18,,0.37729643745266733,0.28120375103894113,0.3414998115083915,0.3808682658748319,0.27698565213698395,0.34214608198818414,0.05570190981961787,0.4473684210526316,0.5526315789473685,0.44397759103718865,0.5560224089628113
E1,0304,2004-04-17,Reading,Crewe,1,1,D,,,0.5392165500713668,0.2624715854023859,0.1983118645262471,0.5574323290890394,0.2560355817569938,0.18653208915396682,0.06112569663673639,0.46052631578947373,0.5394736842105263,0.45818815331659807,0.541811846683402
E1,0304,2004-04-17,Rotherham,Watford,1,1,D,,,0.42850971922246217,0.2812095032397408,0.29028077753779696,0.4362746920683938,0.2769643308492444,0.2867609770823618,0.05577251082286239,0.47368421052631576,0.5263157894736842,0.47222222222641946,0.5277777777735805
E1,0304,2004-04-17,Sheffield United,Stoke,0,1,A,,,0.5488204456094364,0.2645806028833552,0.18659895150720837,0.5690640511442714,0.25787310908399125,0.17306283977173736,0.06521631451323628,0.48684210526315796,0.513157894736842,0.48613998614008774,0.5138600138599122
E1,0304,2004-04-17,West Ham,Coventry,2,0,H,,,0.5358917813475138,0.26219293478576156,0.20191528386672464,0.5539873024391248,0.2556823654730295,0.19033033208784564,0.0617002013605088,0.48684210526315796,0.513157894736842,0.48613998614008774,0.5138600138599122
E1,0304,2004-04-18,Sunderland,West Brom,0,1,A,fpl-team-20,,0.38488916290670633,0.28530672869433626,0.32980410839895746,0.38913570207980275,0.28136862020773146,0.32949567771246574,0.05640576756559312,0.4473684210526316,0.5526315789473685,0.44397759103718865,0.5560224089628113
E1,0304,2004-04-20,Burnley,Wimbledon,2,0,H,,,0.6069389676887764,0.23371196515802484,0.15934906715319874,0.6351853121409794,0.22297762175652366,0.1418370661024969,0.0727477353066206,,,,
E1,0304,2004-04-20,Millwall,Watford,1,2,A,,,0.5713922925528538,0.24919052758555016,0.1794171798615961,0.591464914398859,0.24188608578624557,0.1666489998148954,0.05840809037908912,,,,
E1,0304,2004-04-21,Crystal Palace,Sunderland,3,0,H,fpl-team-8,fpl-team-20,0.3835080716013895,0.2798410459966389,0.3366508824019716,0.38778060878834936,0.27530817760140974,0.3369112136102409,0.05842075473628938,,,,
E1,0304,2004-04-24,Burnley,Derby,1,0,H,,,0.40703048617900633,0.2776642076259888,0.31530530619500496,0.4133222811472527,0.272936337993293,0.31374138085945436,0.05847138538956642,0.513157894736842,0.48684210526315796,0.5138600138599122,0.48613998614008774
E1,0304,2004-04-24,Coventry,Rotherham,1,1,D,,,0.44723081848255253,0.2710489808985167,0.2817202006189307,0.4570784445319714,0.2656758117456623,0.2772457437223662,0.059215178014710546,0.47368421052631576,0.5263157894736842,0.47222222222641946,0.5277777777735805
E1,0304,2004-04-24,Crewe,Crystal Palace,2,3,A,,fpl-team-8,0.33210208193418395,0.2780389523169912,0.3898589657488247,0.3319741000709027,0.2734098069048507,0.3946160930242466,0.05769095872528851,0.48684210526315796,0.513157894736842,0.48613998614008774,0.5138600138599122
E1,0304,2004-04-24,Ipswich,Nott'm Forest,1,2,A,,fpl-team-18,0.5604034905131695,0.2585861820510768,0.18101032743575377,0.5779332136466133,0.2526363093357592,0.1694304770176275,0.05326305469498038,0.5394736842105263,0.46052631578947373,0.541811846683402,0.45818815331659807
E1,0304,2004-04-24,Millwall,Reading,0,1,A,,,0.4770193922736295,0.27103374561001675,0.25194686211635364,0.48946136575964266,0.2656107292177054,0.24492790502265194,0.059378034668043256,0.47368421052631576,0.5263157894736842,0.47222222222641946,0.5277777777735805
E1,0304,2004-04-24,Preston,Cardiff,2,2,D,,,0.3936560374030628,0.2776953442145637,0.3286486183823735,0.3987940427677912,0.2729821401307756,0.32822381710143317,0.0583879160694778,0.5,0.5,0.5,0.5
E1,0304,2004-04-24,Stoke,West Ham,0,2,A,,,0.32521008403361346,0.2773109243697479,0.39747899159663863,0.3244819434373038,0.27250270120109576,0.40301535536160044,0.05917003005743027,0.46052631578947373,0.5394736842105263,0.45818815331659807,0.541811846683402
E1,0304,2004-04-24,Walsall,Sheffield United,0,1,A,,,0.35883890340877495,0.26580659511761107,0.375354501473614,0.36094993621736604,0.2601916315492873,0.37885843223334664,0.05744564766064286,0.47368421052631576,0.5263157894736842,0.47222222222641946,0.5277777777735805
E1,0304,2004-04-24,Watford,Norwich,1,2,A,,,0.3210056681070767,0.27408945507604243,0.4049048768168808,0.31986969865433107,0.26881908932869064,0.4113112120169783,0.06141533120535314,0.48684210526315796,0.513157894736842,0.48613998614008774,0.5138600138599122
E1,0304,2004-04-24,West Brom,Bradford,2,0,H,,,0.7369942196531792,0.17702312138728327,0.08598265895953758,0.7689756650417917,0.1636235033803784,0.06740083157783,0.05800303723663092,,,,
E1,0304,2004-04-24,Wigan,Sunderland,0,0,D,,fpl-team-20,0.39980076373900053,0.27893076539930267,0.32126847086169685,0.4052318278486516,0.27450801559926397,0.3202601565520845,0.05591424065642059,0.4473684210526316,0.5526315789473685,0.44397759103718865,0.5560224089628113
E1,0304,2004-04-24,Wimbledon,Gillingham,1,2,A,,,0.291060291060291,0.25779625779625776,0.4511434511434511,0.2876674158562744,0.25182408452537847,0.4605084996183471,0.05435366462916136,,,,
E1,0304,2004-04-30,Sheffield United,Ipswich,1,1,D,,,0.3960009956027545,0.27934953953372604,0.3246494648635195,0.40104538397451406,0.2750258087506059,0.32392880727487994,0.0550729890819639,0.5263157894736842,0.47368421052631576,0.5277777777735805,0.47222222222641946
E1,0304,2004-05-01,Bradford,Stoke,0,2,A,,,0.3439979364571103,0.27731525954388586,0.3786868039990038,0.344832473242791,0.2728536941342835,0.3823138326229255,0.054830564418807626,,,,
E1,0304,2004-05-01,Cardiff,Wimbledon,1,1,D,,,0.6228440015331544,0.23917209658873131,0.1379839018781142,0.6472891562859394,0.23075169370989784,0.12195915000416283,0.05933838966302574,,,,
E1,0304,2004-05-01,Crystal Palace,Walsall,1,0,H,fpl-team-8,,0.6194251734390487,0.23785926660059467,0.1427155599603568,0.644855437393684,0.2288981301734474,0.12624643243286854,0.06251868372783065,0.5263157894736842,0.47368421052631576,0.5277777777735805,0.47222222222641946
E1,0304,2004-05-01,Derby,Millwall,2,0,H,,,0.45922028222913175,0.260224826596508,0.28055489117436017,0.46973578053412574,0.254141841569094,0.27612237789678024,0.05718383006751537,0.513157894736842,0.48684210526315796,0.5138600138599122,0.48613998614008774
E1,0304,2004-05-01,Gillingham,Coventry,2,5,A,,,0.5189990732159407,0.25653382761816496,0.22446709916589433,0.5345188148013738,0.2500514985480294,0.21542968665059695,0.05743012670427561,0.48684210526315796,0.513157894736842,0.48613998614008774,0.5138600138599122
E1,0304,2004-05-01,Norwich,Preston,3,2,H,,,0.6450351837372948,0.23455824863174354,0.12040656763096169,0.669630982583384,0.22619855438249903,0.10417046303411694,0.05575204291380942,0.5526315789473685,0.4473684210526316,0.5560224089628113,0.44397759103718865
E1,0304,2004-05-01,Nott'm Forest,Wigan,1,0,H,fpl-team-18,,0.3454063604240282,0.2641342756183746,0.3904593639575972,0.3463745974259622,0.25843636007579424,0.3951890424982435,0.05686078569851816,0.47368421052631576,0.5263157894736842,0.47222222222641946,0.5277777777735805
E1,0304,2004-05-01,Reading,West Brom,1,0,H,,,0.3792768101847759,0.2735390327999293,0.3471841570152948,0.3828928964293731,0.2688515285862105,0.34825557498441645,0.053972889203578234,0.47368421052631576,0.5263157894736842,0.47222222222641946,0.5277777777735805
E1,0304,2004-05-01,Rotherham,Burnley,3,0,H,,,0.4186655037069342,0.2812908853030964,0.3000436109899695,0.4256042927169712,0.2770723978547923,0.2973233094282366,0.05558714643120766,,,,
E1,0304,2004-05-01,Sunderland,Crewe,1,1,D,fpl-team-20,,0.606060606060606,0.2424242424242424,0.1515151515151515,0.6261520586922015,0.23545337474166184,0.13839456656613675,0.051152230240404606,0.513157894736842,0.48684210526315796,0.5138600138599122,0.48613998614008774
E1,0304,2004-05-01,West Ham,Watford,4,0,H,,,0.6573181419807186,0.22348816827344434,0.11919368974583698,0.6855304221901104,0.2132307114907488,0.10123886631914077,0.062020126497372985,0.5263157894736842,0.47368421052631576,0.5277777777735805,0.47222222222641946
E1,0304,2004-05-04,Stoke,West Brom,4,1,H,,,0.33428660067123567,0.27944270524861103,0.38627069408015346,0.3343450117801121,0.2748151679667724,0.3908398202531155,0.05922205210663378,0.46052631578947373,0.5394736842105263,0.45818815331659807,0.541811846683402
E1,0304,2004-05-04,Sunderland,Norwich,1,0,H,fpl-team-20,,0.3623935454952936,0.30815777678171224,0.3294486777229942,0.3646009156381405,0.3062495609053579,0.3291495234565016,0.05190029623918235,0.4225721784776903,0.5774278215223098,0.41671372106238724,0.5832862789376128
E1,0304,2004-05-09,Burnley,Sunderland,1,2,A,,fpl-team-20,0.34196975299178445,0.27998773526202353,0.3780425117461921,0.3426814467323736,0.27549064649765675,0.38182790676996964,0.058122893795371056,,,,
E1,0304,2004-05-09,Coventry,Crystal Palace,2,1,H,,fpl-team-8,0.27087620491714504,0.29307917253330446,0.4360446225495505,0.26546959254646674,0.289557895325232,0.4449725121283012,0.05953775648958981,0.5,0.5,0.5,0.5
E1,0304,2004-05-09,Crewe,Norwich,1,3,A,,,0.31768953068592054,0.27797833935018046,0.4043321299638989,0.3162428960919907,0.27298811329195727,0.41076899061605193,0.06220584746915847,,,,
E1,0304,2004-05-09,Ipswich,Cardiff,1,1,D,,,0.6191595650896268,0.2426094622392007,0.1382309726711725,0.6446498925321351,0.23398788434348344,0.12136222312438141,0.06285429536364973,0.5526315789473685,0.4473684210526316,0.5560224089628113,0.44397759103718865
E1,0304,2004-05-09,Millwall,Bradford,1,0,H,,,0.5608859121073284,0.2556037228031968,0.18351036508947466,0.5805713020524815,0.24866796345054698,0.17076073449697146,0.05991407576948404,,,,
E1,0304,2004-05-09,Preston,Sheffield United,3,3,D,,,0.3114503816793893,0.26290076335877866,0.4256488549618321,0.30950736023573056,0.2568258773620255,0.43366676240224394,0.05954021168872714,,,,
E1,0304,2004-05-09,Stoke,Gillingham,0,0,D,,,0.3725355341586428,0.27281063732232924,0.354653828519028,0.37616981343579414,0.2672179154165009,0.35661227114770494,0.06402206281200051,0.47368421052631576,0.5263157894736842,0.47222222222641946,0.5277777777735805
E1,0304,2004-05-09,Walsall,Rotherham,3,2,H,,,0.5602240896358543,0.24431995020230318,0.19545596016184252,0.5829847503405524,0.23519853491995987,0.18181671473948768,0.06975922372657806,0.47368421052631576,0.5263157894736842,0.47222222222641946,0.5277777777735805
E1,0304,2004-05-09,Watford,Reading,1,0,H,,,0.3167701863354037,0.2608695652173913,0.42236024844720493,0.31517603827487506,0.2541829493902981,0.4306410123348269,0.06391895713750273,,,,
E1,0304,2004-05-09,West Brom,Nott'm Forest,0,2,A,,fpl-team-18,0.5384669529105371,0.2628985711269093,0.19863447596255368,0.556347752610172,0.2565983465174391,0.1870539008723888,0.06018379330635071,,,,
E1,0304,2004-05-09,Wigan,West Ham,1,1,D,,,0.4306508281746696,0.26752551447214323,0.3018236573531872,0.44007762796627015,0.26119130390997397,0.2987310681237559,0.06657725758850574,,,,
E1,0304,2004-05-09,Wimbledon,Derby,1,0,H,,,0.3183755889611847,0.2764191159973076,0.4052052950415077,0.317016227443214,0.27138646310840686,0.4115973094483791,0.060994207160547376,,,,
