league,season,date,home_team_raw,away_team_raw,home_goals,away_goals,result,home_team_id,away_team_id,prob_home_proportional,prob_draw_proportional,prob_away_proportional,prob_home_shin,prob_draw_shin,prob_away_shin,shin_z,prob_over25_proportional,prob_under25_proportional,prob_over25_shin,prob_under25_shin
E1,0910,2009-08-07,Middlesbrough,Sheffield United,0,0,D,,,0.4154265985817949,0.288598540447789,0.29597486097041614,0.42023732031859984,0.28597962337568833,0.29378305630571183,0.03977438877336681,0.4338624338624339,0.5661375661375662,0.4287668110342363,0.5712331889657637
E1,0910,2009-08-08,Cardiff,Scunthorpe,4,0,H,,,0.554390366281987,0.2644505770195685,0.18115905669844454,0.5685221391463147,0.25992215948306957,0.17155570137061574,0.04383396147750318,0.48395721925133695,0.5160427807486632,0.48282426358777536,0.5171757364122247
E1,0910,2009-08-08,Crystal Palace,Plymouth,1,1,D,fpl-team-8,,0.4895705521472393,0.27975460122699386,0.23067484662576687,0.499539499699978,0.27629262975566155,0.22416787054436044,0.04348066262900829,0.4441489361702128,0.5558510638297872,0.43983325216669694,0.5601667478333031
E1,0910,2009-08-08,Derby,Peterboro,2,1,H,,,0.4674576495654918,0.2816182170165195,0.2509241334179888,0.47595610186465903,0.27831943587066266,0.24572446226467828,0.04311544611118734,0.48533333333333345,0.5146666666666666,0.4843420827867654,0.5156579172132345
E1,0910,2009-08-08,Leicester,Swansea,2,1,H,,,0.4167988909859202,0.2860638351176657,0.2971372738964141,0.4220640956345357,0.2830865338343624,0.29484937053110194,0.042876457097008824,0.4414893617021276,0.5585106382978724,0.43689041882049473,0.5631095811795052
E1,0910,2009-08-08,Preston,Bristol City,2,2,D,,,0.45364614691446137,0.28248517737311546,0.26386867571242306,0.46126658386971015,0.27925282943001,0.2594805867002798,0.04307508608326316,0.4414893617021276,0.5585106382978724,0.43689041882049473,0.5631095811795052
E1,0910,2009-08-08,QPR,Blackpool,1,1,D,,,0.5348970251716247,0.27059496567505725,0.19450800915331806,0.5478265996232142,0.26647208548817014,0.1857013148886157,0.04389223060570657,0.4376657824933686,0.5623342175066313,0.43281875356184146,0.5671812464381586
E1,0910,2009-08-08,Reading,Nott'm Forest,0,0,D,,fpl-team-18,0.49257958116927586,0.2782851410231257,0.22913527780759854,0.5026415297780686,0.2747633340091374,0.2225951362127939,0.04305333457887173,0.44827586206896547,0.5517241379310345,0.444526627215846,0.555473372784154
E1,0910,2009-08-08,Sheffield Weds,Barnsley,2,2,D,,,0.47923215430158395,0.2805261391033662,0.2402417065950499,0.48857386657794954,0.27711222050623363,0.23431391291581688,0.04360540094785392,0.4376657824933686,0.5623342175066313,0.43281875356184146,0.5671812464381586
E1,0910,2009-08-08,Watford,Doncaster,1,1,D,,,0.45325218683940277,0.2831082890104577,0.26363952415013964,0.46092960154902385,0.27988033496330805,0.25919006348766804,0.043549278168939054,0.4693333333333332,0.5306666666666666,0.467165372312263,0.5328346276877369
E1,0910,2009-08-08,West Brom,Newcastle,1,1,D,,fpl-team-17,0.42779624256522114,0.2838771362701313,0.2883266211646475,0.43386745232706,0.28070073409840723,0.28543181357453273,0.04370062262751162,0.4693333333333332,0.5306666666666666,0.467165372312263,0.5328346276877369
E1,0910,2009-08-09,Coventry,Ipswich,2,1,H,,,0.3665710619019319,0.2875291766793278,0.3458997614187402,0.3686891046090263,0.2846166574540068,0.3466942379369668,0.04344690986908972,0.448,0.5519999999999999,0.443926846101406,0.556073153898594
E1,0910,2009-08-15,Barnsley,Coventry,0,2,A,,,0.40108696114411596,0.28436196316409457,0.31455107569178953,0.40551022196920383,0.28117540403550556,0.31331437399529055,0.04442083113826811,0.4732620320855615,0.5267379679144386,0.4713212308926112,0.5286787691073889
E1,0910,2009-08-15,Blackpool,Cardiff,1,1,D,,,0.33625606207565467,0.2859747817652764,0.37776915615906886,0.3364377362754784,0.2828778295786196,0.3806844341459019,0.04470542073249817,0.44533333333333336,0.5546666666666668,0.44098341777534705,0.559016582224653
E1,0910,2009-08-15,Bristol City,Crystal Palace,1,0,H,,fpl-team-8,0.43964164268898775,0.28359599790740253,0.2767623594036097,0.4465595051542515,0.2803554735746128,0.2730850212711356,0.04426349117420614,0.4312169312169312,0.5687830687830688,0.42580967327754204,0.574190326722458
E1,0910,2009-08-15,Doncaster,Preston,1,1,D,,,0.39069336887532735,0.28602162518910257,0.3232850059355702,0.39445350074045343,0.2829309233004438,0.3226155759591028,0.044624198228120804,0.44297082228116713,0.557029177718833,0.4386940404900047,0.5613059595099953
E1,0910,2009-08-15,Ipswich,Leicester,0,0,D,,,0.48925469534077004,0.2778848420666609,0.232860462592569,0.49928351253976305,0.2742781352710293,0.22643835218920763,0.043831423157826066,0.4879356568364612,0.5120643431635389,0.4870548299852793,0.5129451700147207
E1,0910,2009-08-15,Newcastle,Reading,3,0,H,fpl-team-17,,0.4570035143082551,0.283511439431973,0.2594850462597719,0.46508328065482213,0.28023979871526356,0.2546769206299143,0.04446674953214824,0.48128342245989303,0.5187165775401069,0.47995418098152337,0.5200458190184767
E1,0910,2009-08-15,Nott'm Forest,West Brom,0,1,A,fpl-team-18,,0.3369941326914397,0.2874981194523845,0.3755077478561757,0.3372192106046717,0.2845787843256886,0.3782020050696397,0.04350860486738384,0.4547872340425533,0.5452127659574468,0.45150477820811263,0.5484952217918874
E1,0910,2009-08-15,Peterboro,Sheffield Weds,1,1,D,,,0.4281891279120189,0.2850175309631086,0.2867933411248725,0.4342171763864021,0.2819479382918294,0.2838348853217686,0.04320049029774964,0.46276595744680854,0.5372340425531915,0.4601684306396359,0.5398315693603641
E1,0910,2009-08-15,Plymouth,QPR,1,1,D,,,0.36154352875914436,0.2906077731165274,0.34784869812432834,0.36338284024889395,0.2878265910644254,0.3487905686866806,0.04449326707981527,0.42480211081794195,0.575197889182058,0.41879879194638786,0.5812012080536122
E1,0910,2009-08-15,Scunthorpe,Derby,3,2,H,,,0.3620541590247059,0.28828136800086307,0.3496644729744309,0.36389465536976523,0.28539868021089954,0.3507066644193352,0.043726850068196654,0.47200000000000003,0.528,0.4700393768229449,0.5299606231770552
E1,0910,2009-08-15,Sheffield United,Watford,2,0,H,,,0.5467147482502569,0.26545687198278367,0.1878283797669594,0.5606876246848677,0.26089717878438906,0.17841519653074336,0.04488050891086459,0.4879356568364612,0.5120643431635389,0.4870548299852793,0.5129451700147207
E1,0910,2009-08-15,Swansea,Middlesbrough,0,3,A,,,0.36392479992423166,0.2886300137330113,0.347445186342757,0.3658571491873902,0.28581141825504214,0.3483314325575677,0.04306937730871141,0.4274406332453826,0.5725593667546175,0.42177277123892026,0.5782272287610797
E1,0910,2009-08-18,Barnsley,Preston,0,3,A,,,0.3801147873058744,0.2862592842673869,0.3336259284267387,0.38280830567802604,0.2835568126446301,0.3336348816773439,0.03911923780106008,0.4535809018567639,0.5464190981432361,0.45032078578358825,0.5496792142164117
E1,0910,2009-08-18,Blackpool,Derby,0,0,D,,,0.38416367697827114,0.2875262302849793,0.3283100927367495,0.38716195405499926,0.28483238781557113,0.3280056581294296,0.040079798782244325,0.4444444444444444,0.5555555555555556,0.44047619047719,0.5595238095228099
E1,0910,2009-08-18,Bristol City,QPR,1,0,H,,,0.403123318076944,0.28884225282771686,0.30803442909533923,0.407165084132893,0.2862710846790527,0.30656383118805425,0.03930539474822581,0.4267015706806283,0.5732984293193717,0.4215620360289926,0.5784379639710074
E1,0910,2009-08-18,Doncaster,Coventry,0,0,D,,,0.41429213631433287,0.2873109552148934,0.29839690847077355,0.41892589484545995,0.28468044356876526,0.2963936615857749,0.03883275738917291,0.4251968503937008,0.5748031496062992,0.41966852696700674,0.5803314730329933
E1,0910,2009-08-18,Ipswich,Crystal Palace,1,3,A,,fpl-team-8,0.49387820349796185,0.2779913241246013,0.22813047237743692,0.5030165907134757,0.2748051193049262,0.2221782899815982,0.03870333475060761,0.4509283819628647,0.5490716180371352,0.44742824666177167,0.5525717533382284
E1,0910,2009-08-18,Nott'm Forest,Watford,2,4,A,fpl-team-18,,0.5165229218832113,0.27265139571547803,0.2108256824013107,0.5267592732948585,0.2692087084980468,0.2040320182070947,0.038036332465708256,0.47074468085106375,0.5292553191489361,0.4687704057047033,0.5312295942952968
E1,0910,2009-08-18,Peterboro,West Brom,2,3,A,,,0.3213388415816541,0.2865188432678526,0.3921423151504932,0.32061870752905364,0.2837495833480863,0.3956317091228601,0.04030638257972896,0.4574468085106383,0.5425531914893618,0.4544003647952621,0.545599635204738
E1,0910,2009-08-18,Plymouth,Cardiff,1,3,A,,,0.32853735282176205,0.2886215996751928,0.38284104750304504,0.3282494633120199,0.28601607236174803,0.3857344643262321,0.039704433642327785,0.44827586206896547,0.5517241379310345,0.444526627215846,0.555473372784154
E1,0910,2009-08-18,Scunthorpe,Middlesbrough,0,2,A,,,0.29524929193608723,0.2852562389782505,0.4194944690856624,0.2930356334819832,0.28246987014546937,0.4244944963725474,0.03938177227973938,0.46684350132625996,0.53315649867374,0.46466530981435855,0.5353346901856414
E1,0910,2009-08-18,Sheffield United,Leicester,1,1,D,,,0.5098514404185724,0.2753500360717513,0.21479852350967635,0.5199841191009337,0.2719707312689777,0.20804514963008858,0.039081110153347254,0.47074468085106375,0.5292553191489361,0.4687704057047033,0.5312295942952968
E1,0910,2009-08-18,Swansea,Reading,0,0,D,,,0.36972327496771196,0.2890982617348775,0.3411784632974106,0.3718007724869289,0.28657865177168507,0.34162057574138616,0.038808454759418964,0.4444444444444444,0.5555555555555556,0.44047619047719,0.5595238095228099
E1,0910,2009-08-19,Newcastle,Sheffield Weds,1,0,H,fpl-team-17,,0.5220085265048185,0.2717514976216261,0.20623997587355553,0.533477232215576,0.26793989887316294,0.19858286891126106,0.04147438216023147,0.4745308310991957,0.5254691689008043,0.4726161651050819,0.5273838348949181
E1,0910,2009-08-22,Coventry,Swansea,0,1,A,,,0.44466127683300816,0.2885419570671871,0.26679676609980485,0.4517537887157065,0.28567575483376034,0.26257045645053323,0.04332630359567702,0.4379947229551451,0.5620052770448549,0.43353696477210124,0.5664630352278986
E1,0910,2009-08-22,Crystal Palace,Newcastle,0,2,A,fpl-team-8,fpl-team-17,0.3215618658679692,0.2857221532634897,0.39271598086854115,0.3208283214432334,0.2828028972890128,0.39636878126775366,0.04181621968746185,0.4365079365079365,0.5634920634920635,0.431711480998045,0.568288519001955
E1,0910,2009-08-22,Derby,Plymouth,2,1,H,,,0.5080906378746981,0.2727802244637022,0.21912913766159967,0.5185984050422454,0.2690904508570993,0.21231114410065532,0.04096217313781381,0.4680851063829787,0.5319148936170213,0.46590909090869675,0.5340909090913033
E1,0910,2009-08-22,Leicester,Barnsley,1,0,H,,,0.5359650862924022,0.2695496925213251,0.1944852211862725,0.5486449490745176,0.2654653681325796,0.18588968279290288,0.042790337232872844,0.4547872340425533,0.5452127659574468,0.45150477820811263,0.5484952217918874
E1,0910,2009-08-22,Middlesbrough,Doncaster,2,0,H,,,0.6025043885313048,0.25186658864833233,0.1456290228203628,0.6193530227033579,0.24654129760678434,0.13410567968985773,0.04324641055427492,0.4444444444444444,0.5555555555555556,0.44047619047719,0.5595238095228099
E1,0910,2009-08-22,Preston,Peterboro,2,0,H,,,0.4876898193907809,0.27596819121214844,0.23634198939707074,0.497362701258317,0.27234020082459254,0.23029709791709052,0.042670326540246606,0.49732620320855614,0.5026737967914439,0.4971402425073935,0.5028597574926065
E1,0910,2009-08-22,QPR,Nott'm Forest,1,1,D,,fpl-team-18,0.44486947614398437,0.28297507962675456,0.272155444229261,0.45151220349345456,0.2799704171565049,0.2685173793500405,0.04044550401158631,0.4267015706806283,0.5732984293193717,0.4215620360289926,0.5784379639710074
E1,0910,2009-08-22,Reading,Sheffield United,1,3,A,,,0.38559447542801045,0.28739960901466616,0.32700591555732333,0.38869543069453816,0.2846823893684528,0.32662217993700904,0.04031890397891402,0.42297650130548303,0.577023498694517,0.4176023685857909,0.5823976314142091
E1,0910,2009-08-22,Sheffield Weds,Scunthorpe,4,0,H,,,0.4987253259523636,0.2762400757520577,0.22503459829557873,0.5089620482373219,0.27266053572995813,0.21837741603271987,0.0421691108494997,0.4574468085106383,0.5425531914893618,0.4544003647952621,0.545599635204738
E1,0910,2009-08-22,Watford,Blackpool,2,2,D,,,0.45121733578162126,0.28374096268476184,0.26504170153361706,0.4582722597894135,0.2807628304621559,0.2609649097484307,0.04065335658378899,0.4379947229551451,0.5620052770448549,0.43353696477210124,0.5664630352278986
E1,0910,2009-08-22,West Brom,Ipswich,2,0,H,,,0.5342168698668063,0.2678826622810362,0.19790046785215737,0.5463881296638288,0.26383722414319355,0.18977464619297776,0.041379734640941024,0.4919786096256684,0.5080213903743315,0.4914187643017187,0.5085812356982813
E1,0910,2009-08-23,Cardiff,Bristol City,3,0,H,,,0.4930525148144905,0.2791984120033862,0.22774907318212334,0.502353254927815,0.27600729634439947,0.22163944872778552,0.03961361059919,0.46010638297872336,0.5398936170212765,0.45728807767873103,0.542711922321269
E1,0910,2009-08-29,Barnsley,Reading,1,3,A,,,0.3494304301987709,0.28738203605132556,0.3631875337499036,0.35041841455928785,0.28455344218820466,0.3650281432525075,0.04202935309149325,0.44327176781002636,0.5567282321899736,0.43934777702599115,0.5606522229740089
E1,0910,2009-08-29,Blackpool,Coventry,3,0,H,,,0.39921341424735163,0.28818218340980695,0.3126044023428414,0.4033069475124194,0.2853841670892287,0.3113088853983519,0.04223206639289856,0.4263157894736842,0.5736842105263158,0.4207158228541977,0.5792841771458024
E1,0910,2009-08-29,Bristol City,Middlesbrough,2,1,H,,,0.3036124697978667,0.2856974482880547,0.41069008191407863,0.3017011471896796,0.282652272724272,0.4156465800860484,0.04356682696379721,0.449468085106383,0.550531914893617,0.44568790556134763,0.5543120944386524
E1,0910,2009-08-29,Doncaster,Cardiff,2,0,H,,,0.2954972637602089,0.28543388945258574,0.41906884678720535,0.2931327506868438,0.282449954113375,0.4244172951997813,0.04239189228974283,0.4523809523809524,0.5476190476190476,0.44914823289278233,0.5508517671072177
E1,0910,2009-08-29,Ipswich,Preston,1,1,D,,,0.4027991354867521,0.28557585766707816,0.3116250068461697,0.40710251005534065,0.28262571293791894,0.3102717770067403,0.04210284166038036,0.4693333333333332,0.5306666666666666,0.467165372312263,0.5328346276877369
E1,0910,2009-08-29,Nott'm Forest,Derby,3,2,H,fpl-team-18,,0.4028645449375487,0.28650925711397096,0.3106261979484803,0.4071632523342984,0.28362217455383065,0.309214573111871,0.04201430012471974,0.4574468085106383,0.5425531914893618,0.4544003647952621,0.545599635204738
E1,0910,2009-08-29,Plymouth,Sheffield Weds,1,3,A,,,0.37623171354171175,0.29235840160566134,0.33140988485262696,0.3790462179210636,0.28967805357851456,0.3312757285004219,0.04468403686769307,0.431578947368421,0.5684210526315789,0.4266034327023821,0.5733965672976178
E1,0910,2009-08-29,Scunthorpe,QPR,0,1,A,,,0.34358400413240925,0.2895613619732254,0.36685463389436535,0.3442249907449217,0.2868038407405999,0.3689711685144784,0.04302469315007329,0.4338624338624339,0.5661375661375662,0.4287668110342363,0.5712331889657637
E1,0910,2009-08-29,Sheffield United,West Brom,2,2,D,,,0.3825423663186153,0.28601298416345067,0.3314446495179339,0.38576719768016926,0.28292254983464815,0.33131025248518264,0.0446350839920342,0.44680851063829785,0.5531914893617021,0.4427655677726523,0.5572344322273477
E1,0910,2009-08-29,Swansea,Watford,1,1,D,,,0.45628751060405454,0.28186567933339146,0.26184681006255406,0.4639917411047672,0.2786281232373602,0.25738013565787254,0.04260725900530815,0.4654255319148936,0.5345744680851062,0.46304193319612175,0.5369580668038783
E1,0910,2009-08-31,Newcastle,Leicester,1,0,H,fpl-team-17,,0.5320155443029457,0.26833437074171895,0.19965008495533534,0.5447000579241753,0.2640988260080554,0.19120111606776932,0.04364999895915389,0.4666666666666667,0.5333333333333333,0.4642857142816436,0.5357142857183564
E1,0910,2009-08-31,Peterboro,Crystal Palace,1,1,D,,fpl-team-8,0.39338498212157336,0.28587604290822405,0.3207389749702026,0.3971996929755532,0.28287133597145436,0.3199289710529925,0.04320909455418587,0.45599999999999996,0.5439999999999999,0.4527003783983748,0.5472996216016252
E1,0910,2009-09-12,Coventry,Bristol City,1,1,D,,,0.37627092729913614,0.2883571592385903,0.3353719134622736,0.37880963833933506,0.28570532888560507,0.33548503277505987,0.0401971994433552,0.4391534391534391,0.5608465608465608,0.4346442373240173,0.5653557626759828
E1,0910,2009-09-12,Crystal Palace,Scunthorpe,0,4,A,fpl-team-8,,0.5333837255378591,0.26902444465903674,0.1975918298031041,0.5457498152448698,0.2649647358744648,0.18928544888066537,0.04223936120979488,0.449468085106383,0.550531914893617,0.44568790556134763,0.5543120944386524
E1,0910,2009-09-12,Derby,Sheffield United,0,1,A,,,0.35233533549829915,0.28847455593923244,0.3591901085624684,0.3534937319324974,0.28573659761740283,0.3607696704500999,0.04166223597712815,0.47340425531914887,0.526595744680851,0.47162637611816793,0.5283736238818321
E1,0910,2009-09-12,Leicester,Blackpool,2,1,H,,,0.5027668664162629,0.27697336353470775,0.22025977004902944,0.5129000456555357,0.2735537644359791,0.21354618990848512,0.040732734836637974,0.4338624338624339,0.5661375661375662,0.4287668110342363,0.5712331889657637
E1,0910,2009-09-12,Middlesbrough,Ipswich,3,1,H,,,0.5433515747332397,0.2661952959788206,0.1904531292879397,0.5561655810210011,0.2620046097238461,0.18182980925515263,0.04172011581249535,0.44680851063829785,0.5531914893617021,0.4427655677726523,0.5572344322273477
E1,0910,2009-09-12,Preston,Swansea,2,0,H,,,0.50199203187251,0.2749003984063745,0.22310756972111556,0.5122843285076087,0.2712883096914955,0.21642736180089583,0.04157118604052812,0.4547872340425533,0.5452127659574468,0.45150477820811263,0.5484952217918874
E1,0910,2009-09-12,QPR,Peterboro,1,1,D,,,0.5121037565819698,0.27352722903487997,0.21436901438315015,0.5233006089048848,0.2697208599814129,0.2069785311137023,0.042727028019726276,0.44297082228116713,0.557029177718833,0.4386940404900047,0.5613059595099953
E1,0910,2009-09-12,Reading,Doncaster,0,0,D,,,0.5078986587183308,0.2751117734724292,0.21698956780923995,0.5184458329027378,0.2715406481996228,0.21001351889763933,0.04117249744012952,0.43007915567282323,0.5699208443271768,0.4247330152375847,0.5752669847624153
E1,0910,2009-09-12,Sheffield Weds,Nott'm Forest,1,1,D,,fpl-team-18,0.4194658324323658,0.2843618066489351,0.2961723609186992,0.4244687513716437,0.2815216030091132,0.2940096456192431,0.03941882564686239,0.47200000000000003,0.528,0.4700393768229449,0.5299606231770552
E1,0910,2009-09-12,Watford,Barnsley,1,0,H,,,0.47935256277235955,0.28034862004565264,0.24029881718198798,0.48807600170372867,0.2771549624400939,0.23476903585617737,0.04062718607019633,0.47733333333333333,0.5226666666666666,0.4757724318792627,0.5242275681207372
E1,0910,2009-09-12,West Brom,Plymouth,3,1,H,,,0.6650884996556549,0.22063795095975183,0.11427354938459336,0.6851142918700605,0.2134853848339258,0.10140032329601377,0.04217878030613065,0.514745308310992,0.48525469168900803,0.5158264272572435,0.4841735727427565
E1,0910,2009-09-13,Cardiff,Newcastle,0,1,A,,fpl-team-17,0.38990973292461933,0.28698325063085334,0.3231070164445273,0.3933317890965128,0.28418844195657345,0.3224797689469136,0.04110678285360336,0.4388297872340426,0.5611702127659575,0.4339365216115311,0.5660634783884689
E1,0910,2009-09-15,Coventry,Sheffield United,3,2,H,,,0.2709951949511128,0.28342616719657665,0.44557863785231044,0.26736649138211904,0.2805101188524704,0.4521233897654105,0.03958267834968865,0.4379947229551451,0.5620052770448549,0.43353696477210124,0.5664630352278986
E1,0910,2009-09-15,Derby,Barnsley,2,3,A,,,0.5321743281682016,0.2699659857179798,0.19785968611381857,0.5439183548035346,0.26614644571575363,0.18993519948071177,0.04031156888231635,0.47340425531914887,0.526595744680851,0.47162637611816793,0.5283736238818321
E1,0910,2009-09-15,Ipswich,Nott'm Forest,1,1,D,,fpl-team-18,0.42705744565372644,0.28514297140571887,0.28779958294055474,0.4325267980018648,0.28233184347250645,0.28514135852562866,0.03960619051940739,0.44708994708994704,0.5529100529100528,0.4433764615919363,0.5566235384080637
E1,0910,2009-09-15,Leicester,Peterboro,1,1,D,,,0.5218299067150747,0.27245986279813633,0.20571023048678888,0.5333381752272834,0.2686731918537674,0.19798863291894914,0.041663413401693106,0.4666666666666667,0.5333333333333333,0.4642857142816436,0.5357142857183564
E1,0910,2009-09-15,Plymouth,Watford,0,1,A,,,0.39174231431174705,0.2827253399925758,0.3255323456956771,0.395253816113554,0.27969321663561353,0.32505296725083255,0.040860975394025445,0.4509283819628647,0.5490716180371352,0.44742824666177167,0.5525717533382284
E1,0910,2009-09-15,Scunthorpe,Preston,3,1,H,,,0.3413006185110613,0.2872436882499925,0.37145569323894617,0.341769194249369,0.28449995685587615,0.3737308488947548,0.040606699883937836,0.46276595744680854,0.5372340425531915,0.4601684306396359,0.5398315693603641
E1,0910,2009-09-15,Sheffield Weds,Middlesbrough,1,3,A,,,0.31904256930768066,0.2855627935161339,0.39539463717618545,0.31818298749764534,0.2827272506505786,0.39908976185177614,0.04044510656967759,0.4456233421750664,0.5543766578249337,0.44161540213184014,0.5583845978681599
E1,0910,2009-09-15,Swansea,Bristol City,0,0,D,,,0.39384822536870673,0.284782562958911,0.3213692116723822,0.3974344601927839,0.2819144574485994,0.32065108235861667,0.040257336338981986,0.43421052631578944,0.5657894736842105,0.4295278365170655,0.5704721634829345
E1,0910,2009-09-15,West Brom,Doncaster,3,1,H,,,0.6328822714745168,0.23511656904651262,0.13200115947897065,0.6510831481753779,0.22888759549476317,0.12002925632985884,0.04213398974388838,0.5133689839572192,0.4866310160427808,0.5143086080606718,0.48569139193932814
E1,0910,2009-09-16,Blackpool,Newcastle,2,1,H,,fpl-team-17,0.2769830157667255,0.28380105923175264,0.43921592500152185,0.27348843506086057,0.28072263105047995,0.4457889338886596,0.042186585953459144,0.4456233421750664,0.5543766578249337,0.44161540213184014,0.5583845978681599
E1,0910,2009-09-16,Reading,Cardiff,0,1,A,,,0.3854904649450242,0.2864325436124019,0.3280769914425738,0.3885960427874557,0.2836486468314824,0.32775531038106187,0.04046540963463485,0.44827586206896547,0.5517241379310345,0.444526627215846,0.555473372784154
E1,0910,2009-09-18,Sheffield United,Sheffield Weds,3,2,H,,,0.512383766403059,0.27684018423568263,0.21077604936125838,0.522739162747348,0.2735152977619484,0.20374553949070365,0.03939636889845133,0.45382585751978893,0.5461741424802111,0.45084821930926317,0.5491517806907368
E1,0910,2009-09-19,Barnsley,Swansea,0,0,D,,,0.38102640572131,0.28228480667767786,0.3366887876010122,0.3838354210301293,0.27928753976259485,0.3368770392072759,0.04004705138504505,0.4562334217506631,0.5437665782493368,0.45320476460766396,0.546795235392336
E1,0910,2009-09-19,Bristol City,Scunthorpe,1,1,D,,,0.5085722767868187,0.2746592117958487,0.2167685114173326,0.5189776563027587,0.2711236484307629,0.20989869526647834,0.040448306826874614,0.46419098143236076,0.5358090185676393,0.46181046676075377,0.5381895332392462
E1,0910,2009-09-19,Cardiff,QPR,0,2,A,,,0.49061460667153145,0.2792956646413236,0.23008972868714497,0.49973024883947864,0.2761278281278663,0.22414192303265504,0.03941651713103056,0.44327176781002636,0.5567282321899736,0.43934777702599115,0.5606522229740089
E1,0910,2009-09-19,Crystal Palace,Derby,1,0,H,fpl-team-8,,0.41757001647446457,0.28435749588138387,0.29807248764415156,0.42246349266300337,0.28151721631664656,0.2960192910203501,0.039424872724339366,0.4588859416445623,0.5411140583554377,0.4560806981703291,0.543919301829671
E1,0910,2009-09-19,Doncaster,Ipswich,3,3,D,,,0.38905421468374063,0.2849073941376316,0.32603839117862776,0.3923362447282498,0.28206414659612816,0.32559960867562204,0.04001714650075883,0.4379947229551451,0.5620052770448549,0.43353696477210124,0.5664630352278986
E1,0910,2009-09-19,Middlesbrough,West Brom,0,5,A,,,0.4149068014043,0.28468989757895047,0.3004033010167496,0.41976676703279353,0.2817974460583708,0.29843578690883565,0.040452523389831185,0.4760638297872341,0.5239361702127661,0.4744774976599343,0.5255225023400657
E1,0910,2009-09-19,Newcastle,Plymouth,3,1,H,fpl-team-17,,0.6676653416530037,0.21730617251913797,0.11502848582785831,0.6887351480465636,0.2096208853443751,0.10164396660906136,0.04412446613423526,0.5013333333333333,0.4986666666666667,0.5014222323357952,0.49857776766420475
E1,0910,2009-09-19,Nott'm Forest,Blackpool,0,1,A,fpl-team-18,,0.47496439760751924,0.28066078040444314,0.2443748219880376,0.48330142765954764,0.27753634318042186,0.2391622291600305,0.04000948928296566,0.44708994708994704,0.5529100529100528,0.4433764615919363,0.5566235384080637
E1,0910,2009-09-19,Peterboro,Reading,3,2,H,,,0.39229513438914787,0.28399279667435245,0.3237120689364997,0.3957752475128394,0.2810900188222184,0.32313473366494216,0.04009708762168884,0.4562334217506631,0.5437665782493368,0.45320476460766396,0.546795235392336
E1,0910,2009-09-19,Preston,Coventry,3,2,H,,,0.5142005335007062,0.2730268319472776,0.21277263455201637,0.5249470542367364,0.26938733546820276,0.20566561029506086,0.040491012623533607,0.4656084656084655,0.5343915343915343,0.4634338433828662,0.5365661566171338
E1,0910,2009-09-19,Watford,Leicester,3,3,D,,,0.3892550143266475,0.28681948424068765,0.32392550143266474,0.39252670480248614,0.2841064169390233,0.3233668782584905,0.03973719128407538,0.4680851063829787,0.5319148936170213,0.46590909090869675,0.5340909090913033
E1,0910,2009-09-26,Blackpool,Peterboro,2,0,H,,,0.4513826940231936,0.28040440083258994,0.2682129051442165,0.4584138590353541,0.27724527974694435,0.26434086121770156,0.04045349778607488,0.46010638297872336,0.5398936170212765,0.45728807767873103,0.542711922321269
E1,0910,2009-09-26,Coventry,Middlesbrough,2,2,D,,,0.30470601512244666,0.2849565511793251,0.41033743369822817,0.3029456258683762,0.2820005369035372,0.41505383722808653,0.041611056542024016,0.4746666666666666,0.5253333333333333,0.4729082301967493,0.5270917698032508
E1,0910,2009-09-26,Derby,Bristol City,1,0,H,,,0.40230491111780664,0.28296675705533797,0.3147283318268555,0.4064081010149783,0.2799796971266022,0.31361220185841937,0.04040628299117088,0.4680851063829787,0.5319148936170213,0.46590909090869675,0.5340909090913033
E1,0910,2009-09-26,Ipswich,Newcastle,0,4,A,,fpl-team-17,0.31804404422029653,0.28303002100338315,0.39892593477632027,0.3171277234461156,0.2800563632001926,0.40281591335369177,0.04028252884745598,0.4547872340425533,0.5452127659574468,0.45150477820811263,0.5484952217918874
E1,0910,2009-09-26,Leicester,Preston,1,2,A,,,0.42816458803888835,0.28282431503486205,0.28901109692624966,0.43384960590534255,0.2797990100447403,0.2863513840499172,0.04070799541659653,0.47074468085106375,0.5292553191489361,0.4687704057047033,0.5312295942952968
E1,0910,2009-09-26,QPR,Barnsley,5,2,H,,,0.5441820331724777,0.26892716755616636,0.186890799271356,0.5567911950395924,0.26497657275476966,0.17823223220563789,0.040890095522627234,0.47340425531914887,0.526595744680851,0.47162637611816793,0.5283736238818321
E1,0910,2009-09-26,Reading,Watford,1,1,D,,,0.44480283009052124,0.2846738112579336,0.2705233586515451,0.4514545732958183,0.28176294046720024,0.2667824862369814,0.040527165634557605,0.4746666666666666,0.5253333333333333,0.4729082301967493,0.5270917698032508
E1,0910,2009-09-26,Scunthorpe,Doncaster,2,2,D,,,0.42586696356308573,0.2826089635877358,0.29152407284917853,0.43146912575263296,0.2795418026968928,0.2889890715504742,0.04111824603751302,0.47200000000000003,0.528,0.4700393768229449,0.5299606231770552
E1,0910,2009-09-26,Sheffield Weds,Cardiff,3,1,H,,,0.3786457379625174,0.2878179441210412,0.33353631791644134,0.38139154331557207,0.28506803180834456,0.3335404248760833,0.041211742209270597,0.4547872340425533,0.5452127659574468,0.45150477820811263,0.5484952217918874
E1,0910,2009-09-26,Swansea,Sheffield United,2,1,H,,,0.30919136112506274,0.285334003013561,0.4054746358613762,0.3077304704699324,0.2824521007522148,0.4098174287778527,0.04088785732164979,0.4654255319148936,0.5345744680851062,0.46304193319612175,0.5369580668038783
E1,0910,2009-09-26,West Brom,Crystal Palace,0,1,A,,fpl-team-8,0.6158537492376575,0.24246210599907778,0.14168414476326477,0.633074188546536,0.2366996971276983,0.13022611432576575,0.04212916980031878,0.5226666666666666,0.47733333333333333,0.5242275681207372,0.4757724318792627
E1,0910,2009-09-27,Plymouth,Nott'm Forest,0,1,A,,fpl-team-18,0.34688937405939335,0.28410878182165034,0.36900184411895626,0.3476772512897594,0.2812317420467905,0.37109100666345013,0.03986654011532664,0.4547872340425533,0.5452127659574468,0.45150477820811263,0.5484952217918874
E1,0910,2009-09-29,Barnsley,West Brom,3,1,H,,,0.21973649812526183,0.2715917189217838,0.5086717829529542,0.21256820913052563,0.26761355214500365,0.5198182387244707,0.04336065356619656,0.5133689839572192,0.4866310160427808,0.5143086080606718,0.48569139193932814
E1,0910,2009-09-29,Bristol City,Blackpool,2,0,H,,,0.4308300395256917,0.28194993412384717,0.2872200263504611,0.4369123880571885,0.2787468978763546,0.28434071406645683,0.042394990334287286,0.4417989417989418,0.5582010582010583,0.43756562702875157,0.5624343729712483
E1,0910,2009-09-29,Cardiff,Derby,6,1,H,,,0.49782551589270596,0.2807857330492397,0.22138875105805436,0.5082386702018147,0.27740391800600805,0.2143574117921773,0.04316502972505987,0.47733333333333333,0.5226666666666666,0.4757724318792627,0.5242275681207372
E1,0910,2009-09-29,Crystal Palace,Sheffield Weds,0,0,D,fpl-team-8,,0.4247697581995856,0.2853716332176783,0.2898586085827361,0.4304906297837088,0.2823728445801556,0.2871365256361356,0.0425187258515507,0.47074468085106375,0.5292553191489361,0.4687704057047033,0.5312295942952968
E1,0910,2009-09-29,Doncaster,Swansea,0,0,D,,,0.41500864066042,0.2874128163579927,0.2975785429815873,0.4198591566571447,0.2846893196249399,0.29545152371791544,0.040319078136235476,0.43044619422572183,0.5695538057742783,0.4255366977734378,0.5744633022265623
E1,0910,2009-09-29,Middlesbrough,Leicester,0,1,A,,,0.5169911336888272,0.27145847137643436,0.2115503949347385,0.5287377391802438,0.2674344132472036,0.20382784757255254,0.04366769455373287,0.4946524064171124,0.5053475935828876,0.4942799942793817,0.5057200057206184
E1,0910,2009-09-29,Peterboro,Plymouth,1,2,A,,,0.5095827673752107,0.27288307957074887,0.21753415305404036,0.5205379241770451,0.2690710415892034,0.21039103423375147,0.0423823487944901,0.49732620320855614,0.5026737967914439,0.4971402425073935,0.5028597574926065
E1,0910,2009-09-29,Preston,Reading,1,2,A,,,0.49355313511922283,0.277995289961731,0.22845157491904625,0.5034275194475307,0.27454269968806416,0.2220297808644051,0.041973534505814314,0.48533333333333345,0.5146666666666666,0.4843420827867654,0.5156579172132345
E1,0910,2009-09-29,Sheffield United,Ipswich,3,3,D,,,0.5597007380446871,0.2623597209584471,0.17793954099686582,0.573549613934134,0.2578971933410433,0.16855319272482266,0.0419207236263901,0.5093333333333333,0.49066666666666664,0.5099590257227813,0.49004097427721877
E1,0910,2009-09-29,Watford,Coventry,2,3,A,,,0.4501827934673287,0.2830904069349766,0.26672679959769474,0.45738651138142705,0.2799835500158779,0.26262993860269507,0.04190011485479772,0.4946524064171124,0.5053475935828876,0.4942799942793817,0.5057200057206184
E1,0910,2009-09-30,Newcastle,QPR,1,1,D,fpl-team-17,,0.5608135593220338,0.26128813559322034,0.17789830508474577,0.5754656275014409,0.2565143020543663,0.16802007044419282,0.0442021309863776,0.48,0.5199999999999999,0.47863247862979214,0.5213675213702079
E1,0910,2009-09-30,Nott'm Forest,Scunthorpe,2,0,H,fpl-team-18,,0.4943330814702876,0.27694564202853467,0.22872127650117788,0.504736076532925,0.27325669673705094,0.22200722673002407,0.044051820412278175,0.47733333333333333,0.5226666666666666,0.4757724318792627,0.5242275681207372
E1,0910,2009-10-03,Barnsley,Ipswich,2,1,H,,,0.3946675444371297,0.28242264647794596,0.32290980908492434,0.3984069933575714,0.2793294658210211,0.32226354082140757,0.0414438359439373,0.5188172043010751,0.48118279569892475,0.5202622514294047,0.47973774857059515
E1,0910,2009-10-03,Coventry,Leicester,1,1,D,,,0.3833723643442153,0.2878278498659062,0.3287997857898786,0.3864044508207613,0.2850789417457118,0.3285166074335268,0.04119541496038437,0.4786096256684492,0.5213903743315508,0.47708064747046347,0.5229193525295365
E1,0910,2009-10-03,Crystal Palace,Blackpool,4,1,H,fpl-team-8,,0.4247926841259956,0.2858172998131699,0.28939001606083453,0.43018110408872984,0.2830192631831491,0.28679963272812115,0.039992796489968896,0.4506666666666666,0.5493333333333332,0.44686045842705185,0.5531395415729482
E1,0910,2009-10-03,Derby,Sheffield Weds,3,0,H,,,0.3888130968622101,0.286493860845839,0.32469304229195084,0.3921080244352677,0.2837207007619256,0.32417127480280666,0.0403514513745904,0.4798927613941019,0.520107238605898,0.47840234982362795,0.521597650176372
E1,0910,2009-10-03,Newcastle,Bristol City,0,0,D,fpl-team-17,,0.59879341952018,0.2512648136406205,0.14994176683919955,0.6153422151450679,0.24594244352169686,0.13871534133323515,0.0430123305413872,0.4879356568364612,0.5120643431635389,0.4870548299852793,0.5129451700147207
E1,0910,2009-10-03,Peterboro,Nott'm Forest,1,2,A,,fpl-team-18,0.3850409166691413,0.2860985139337273,0.3288605693971314,0.388166704503174,0.2832522007496301,0.32858109474719593,0.04109726124443114,0.4745308310991957,0.5254691689008043,0.4726161651050819,0.5273838348949181
E1,0910,2009-10-03,Plymouth,Scunthorpe,2,1,H,,,0.3815978570517454,0.2850206216250691,0.33338152132318555,0.3845402177733985,0.28208470957078,0.3333750726558215,0.04146670759655535,0.48525469168900803,0.514745308310992,0.4841735727427565,0.5158264272572435
E1,0910,2009-10-03,Preston,West Brom,0,0,D,,,0.3567276917168096,0.2851619510946102,0.3581103571885802,0.35813910825686274,0.28225509011251854,0.3596058016306187,0.041192206903360784,0.5120643431635389,0.4879356568364612,0.5129451700147207,0.4870548299852793
E1,0910,2009-10-03,Reading,Middlesbrough,0,2,A,,,0.34243635759812996,0.28624711006654835,0.37131653233532164,0.34297516740343215,0.2834306361376158,0.37359419645895214,0.04081026208586991,0.47593582887700536,0.5240641711229947,0.4742031644086983,0.5257968355913017
E1,0910,2009-10-03,Sheffield United,Doncaster,1,1,D,,,0.5732726732569452,0.2607257073287237,0.16600161941433128,0.5880598613838106,0.25609749549246924,0.15584264312372006,0.04233550024218857,0.4732620320855615,0.5267379679144386,0.4713212308926112,0.5286787691073889
E1,0910,2009-10-03,Swansea,QPR,2,0,H,,,0.3822865962246231,0.2873085598955242,0.3304048438798528,0.38520264302860663,0.28457526747097395,0.3302220895004194,0.040488675935193896,0.44680851063829785,0.5531914893617021,0.4427655677726523,0.5572344322273477
E1,0910,2009-10-03,Watford,Cardiff,0,4,A,,,0.34109306138091083,0.28618024654559393,0.3727266920734953,0.341552408707861,0.2833511070455436,0.3750964842465953,0.04093722207471728,0.5148247978436657,0.4851752021563342,0.5159976730645411,0.4840023269354588
E1,0910,2009-10-17,Blackpool,Plymouth,2,0,H,,,0.5177413280890414,0.2718523787606176,0.210406293150341,0.5293247545732741,0.2679242861746783,0.20275095925204767,0.04287234623916447,0.47593582887700536,0.5240641711229947,0.4742031644086983,0.5257968355913017
E1,0910,2009-10-17,Bristol City,Peterboro,1,1,D,,,0.529533741957125,0.2670691915957674,0.20339706644710762,0.5418922725823581,0.262819502317608,0.19528822510003405,0.04303208529017866,0.4625668449197861,0.5374331550802139,0.4597388778616078,0.5402611221383922
E1,0910,2009-10-17,Cardiff,Crystal Palace,1,1,D,,fpl-team-8,0.5135339504011874,0.2734796185568454,0.21298643104196713,0.524424556648918,0.26980408438643355,0.20577135896464852,0.041200408013537526,0.4932975871313674,0.5067024128686327,0.49281113411653343,0.5071888658834666
E1,0910,2009-10-17,Doncaster,Barnsley,0,1,A,,,0.42743009320905456,0.2849533954727031,0.28761651131824234,0.4331978059407895,0.28198910403628513,0.2848130900229254,0.04163911705836654,0.46276595744680854,0.5372340425531915,0.4601684306396359,0.5398315693603641
E1,0910,2009-10-17,Ipswich,Swansea,1,1,D,,,0.4255312141036778,0.2850008440138829,0.28946794188243913,0.431170150363975,0.2820467012239713,0.2867831484120537,0.04154584207572043,0.449468085106383,0.550531914893617,0.44568790556134763,0.5543120944386524
E1,0910,2009-10-17,Leicester,Derby,0,0,D,,,0.4978994443691556,0.2757826263721372,0.2263179292587071,0.5083001304821003,0.27209948936349415,0.21960038015440558,0.043075118912383914,0.48128342245989303,0.5187165775401069,0.47995418098152337,0.5200458190184767
E1,0910,2009-10-17,Middlesbrough,Watford,0,1,A,,,0.5726650071438041,0.25753929092221356,0.16979570193398244,0.5876182766510134,0.2526590158583185,0.1597227074906681,0.0429068241501227,0.5,0.5,0.5,0.5
E1,0910,2009-10-17,Nott'm Forest,Newcastle,1,0,H,fpl-team-18,fpl-team-17,0.3286213232953798,0.2850079995246967,0.3863706771799235,0.3283240704747241,0.2820687908454321,0.38960713867984376,0.04149323818273842,0.4640000000000001,0.536,0.4613998970603605,0.5386001029396396
E1,0910,2009-10-17,QPR,Preston,4,0,H,,,0.42743009320905456,0.2849533954727031,0.28761651131824234,0.4331978059407895,0.28198910403628513,0.2848130900229254,0.04163911705836654,0.4547872340425533,0.5452127659574468,0.45150477820811263,0.5484952217918874
E1,0910,2009-10-17,Scunthorpe,Sheffield United,3,1,H,,,0.30637896721483193,0.2837540588666597,0.4098669739185084,0.3046956760045903,0.28068111708319526,0.4146232069122145,0.04223419679328799,0.48525469168900803,0.514745308310992,0.4841735727427565,0.5158264272572435
E1,0910,2009-10-17,Sheffield Weds,Coventry,2,0,H,,,0.45633923404390253,0.2810381868197205,0.262622579136377,0.4640358379033349,0.2777544374572216,0.25820972463944347,0.04254512721672654,0.5040214477211796,0.4959785522788205,0.5043128234612858,0.4956871765387142
E1,0910,2009-10-17,West Brom,Reading,3,1,H,,,0.5859935596744339,0.25344625032751,0.16056018999805605,0.6022086102165108,0.24813913736228127,0.14965225242120797,0.044203485595062375,0.5013404825737265,0.49865951742627346,0.5014375251564542,0.4985624748435459
E1,0910,2009-10-20,Blackpool,Sheffield United,3,0,H,,,0.38349051200794165,0.28525065862319116,0.3312588293688672,0.3865171938848101,0.2823584351341757,0.3311243709810142,0.0410302160307765,0.4746666666666666,0.5253333333333333,0.4729082301967493,0.5270917698032508
E1,0910,2009-10-20,Bristol City,Plymouth,3,1,H,,,0.542113617778633,0.26869979315984416,0.18918658906152291,0.5542618922534346,0.26484985054902227,0.18088825719754315,0.03974514384754002,0.4574468085106383,0.5425531914893618,0.4544003647952621,0.545599635204738
E1,0910,2009-10-20,Cardiff,Coventry,2,0,H,,,0.5726719944405838,0.25986796386379435,0.16746004169562198,0.5864547626754002,0.25550805165919627,0.1580371856654035,0.03946817759424448,0.5067024128686327,0.4932975871313674,0.5071888658834666,0.49281113411653343
E1,0910,2009-10-20,Doncaster,Peterboro,3,1,H,,,0.42629065644662145,0.2846309921505134,0.28907835140286514,0.43184609461407847,0.2817222295900204,0.2864316757959012,0.040578980930149555,0.4417989417989418,0.5582010582010583,0.43756562702875157,0.5624343729712483
E1,0910,2009-10-20,Ipswich,Watford,1,1,D,,,0.438024350727474,0.28311329986044054,0.2788623494120856,0.44396772866162193,0.2802604562295666,0.27577181510881144,0.03851535636931658,0.5080213903743315,0.4919786096256684,0.5085812356982813,0.4914187643017187
E1,0910,2009-10-20,Leicester,Crystal Palace,2,0,H,,fpl-team-8,0.4493684963062991,0.2830884105171181,0.26754309317658276,0.45624332671168644,0.28010334196338627,0.26365333132492735,0.04023644863627851,0.4417989417989418,0.5582010582010583,0.43756562702875157,0.5624343729712483
E1,0910,2009-10-20,Middlesbrough,Derby,2,0,H,,,0.5722146525521434,0.25893512210460123,0.16885022534325544,0.5861219805478141,0.254475572697117,0.159402446755069,0.03990364144556224,0.48525469168900803,0.514745308310992,0.4841735727427565,0.5158264272572435
E1,0910,2009-10-20,Nott'm Forest,Barnsley,1,0,H,fpl-team-18,,0.520949739750543,0.27113758384677383,0.20791267640268307,0.5318227288434754,0.2674738990863289,0.20070337207019573,0.03949188441038132,0.4666666666666667,0.5333333333333333,0.4642857142816436,0.5357142857183564
E1,0910,2009-10-20,QPR,Reading,4,1,H,,,0.4980548129795049,0.2748907869857208,0.22705440003477428,0.5077262092407709,0.2714212205024665,0.22085257025676264,0.0399515446042642,0.4640000000000001,0.536,0.4613998970603605,0.5386001029396396
E1,0910,2009-10-20,Scunthorpe,Newcastle,2,1,H,,fpl-team-17,0.28154050464807434,0.28154050464807434,0.4369189907038512,0.2784977104757798,0.2784977104757798,0.4430045790484403,0.03988144174218178,0.4879356568364612,0.5120643431635389,0.4870548299852793,0.5129451700147207
E1,0910,2009-10-20,Sheffield Weds,Preston,1,2,A,,,0.4236747903692444,0.286372774971804,0.2899524346589516,0.42885978136193553,0.28367888407072583,0.28746133456733863,0.03894068975932896,0.48395721925133695,0.5160427807486632,0.48282426358777536,0.5171757364122247
E1,0910,2009-10-20,West Brom,Swansea,0,1,A,,,0.6089787369667168,0.2468393813838425,0.1441818816494407,0.6253396695365323,0.24150085910487507,0.13315947135859268,0.040950125781819224,0.49865951742627346,0.5013404825737265,0.4985624748435459,0.5014375251564542
E1,0910,2009-10-23,Watford,Sheffield Weds,4,1,H,,,0.4014869888475836,0.2862453531598513,0.312267657992565,0.4054190000557052,0.2835358001521404,0.3110451997921544,0.039158481755293906,0.5053475935828876,0.4946524064171124,0.5057200057206184,0.4942799942793817
E1,0910,2009-10-24,Barnsley,Bristol City,2,3,A,,,0.38761078356589274,0.28504300699153345,0.32734620944257375,0.3907873188277363,0.28222578897529266,0.326986892196971,0.039758947445079684,0.4365079365079365,0.5634920634920635,0.431711480998045,0.568288519001955
E1,0910,2009-10-24,Coventry,West Brom,0,0,D,,,0.27297508101284146,0.2812974920193305,0.44572742696782813,0.2692476507429601,0.27807544341107954,0.45267690584596043,0.04201992345042527,0.5066666666666666,0.49333333333333335,0.5071123755322393,0.4928876244677607
E1,0910,2009-10-24,Crystal Palace,Nott'm Forest,1,1,D,fpl-team-8,fpl-team-18,0.3874997892465141,0.284087268803426,0.3284129419500598,0.3906817353525713,0.28120370722177607,0.3281145574256527,0.03991432045586407,0.43007915567282323,0.5699208443271768,0.4247330152375847,0.5752669847624153
E1,0910,2009-10-24,Derby,QPR,2,4,A,,,0.3543351417750025,0.28720954038284363,0.3584553178421537,0.35558616180515923,0.28446026865817375,0.3599535695366671,0.040668950881808996,0.4521276595744681,0.547872340425532,0.4486007995439608,0.5513992004560392
E1,0910,2009-10-24,Newcastle,Doncaster,2,1,H,fpl-team-17,,0.6032850453042302,0.24879410224136717,0.1479208524544026,0.61991105623069,0.24338022171795914,0.1367087220513509,0.042501386371441185,0.47733333333333333,0.5226666666666666,0.4757724318792627,0.5242275681207372
E1,0910,2009-10-24,Peterboro,Scunthorpe,3,0,H,,,0.4186300057403148,0.28292731274804145,0.29844268151164377,0.4237174200588284,0.2799267444680282,0.29635583547314354,0.04049820080399513,0.5026737967914439,0.49732620320855614,0.5028597574926065,0.4971402425073935
E1,0910,2009-10-24,Plymouth,Ipswich,1,1,D,,,0.3729123284178318,0.2845607921465301,0.34252687943563803,0.3752775793198299,0.2816537201587441,0.34306870052142596,0.0406689866213128,0.4880000000000001,0.512,0.48719262295071786,0.5128073770492821
E1,0910,2009-10-24,Preston,Middlesbrough,2,2,D,,,0.37414030261348,0.2861072902338377,0.3397524071526822,0.3766036351030088,0.2832642984008672,0.340132066496124,0.04107582592405379,0.48533333333333345,0.5146666666666666,0.4843420827867654,0.5156579172132345
E1,0910,2009-10-24,Sheffield United,Cardiff,3,4,A,,,0.39028556245808926,0.2828675177448537,0.3268469197970571,0.3936867727004945,0.2798638665198172,0.3264493607796883,0.040587679482996464,0.496,0.5039999999999999,0.4957330602491005,0.5042669397508994
E1,0910,2009-10-24,Swansea,Blackpool,0,0,D,,,0.4263047657303532,0.28640289214701753,0.28729234212262933,0.43185866013944896,0.28359974810984284,0.2845415917507081,0.04056096449494362,0.42894736842105263,0.5710526315789474,0.4236662802851672,0.5763337197148328
E1,0910,2009-10-26,Reading,Leicester,0,1,A,,,0.3821739517644115,0.2863346635510452,0.3314913846845433,0.3850943110726225,0.28353311644618345,0.3313725724811941,0.040648762602359056,0.4441489361702128,0.5558510638297872,0.43983325216669694,0.5601667478333031
E1,0910,2009-10-30,QPR,Leicester,1,2,A,,,0.4958358347432189,0.27351416252797034,0.23065000272881084,0.5052627552374586,0.2700112250343917,0.2247260197281497,0.039453974924981594,0.48525469168900803,0.514745308310992,0.4841735727427565,0.5158264272572435
E1,0910,2009-10-31,Bristol City,Sheffield Weds,1,1,D,,,0.48125926848319506,0.27748282146778813,0.2412579100490168,0.4902399811343138,0.2740652170708904,0.23569480179479585,0.04129825555719435,0.48128342245989303,0.5187165775401069,0.47995418098152337,0.5200458190184767
E1,0910,2009-10-31,Coventry,Reading,1,3,A,,,0.39071947822542297,0.2845981384604932,0.3246823833140839,0.3942869971462963,0.28157870530271445,0.3241342975509893,0.0422772946767509,0.449468085106383,0.550531914893617,0.44568790556134763,0.5543120944386524
E1,0910,2009-10-31,Doncaster,Blackpool,3,3,D,,,0.3941728319731524,0.28556174204866147,0.32026542597818625,0.3979423261004606,0.2826114715334212,0.31944620236611815,0.04212227673269808,0.4417989417989418,0.5582010582010583,0.43756562702875157,0.5624343729712483
E1,0910,2009-10-31,Ipswich,Derby,1,0,H,,,0.4859785068721054,0.2748092747193453,0.23921221840854934,0.4953324741431069,0.27119493563387576,0.2334725902230173,0.0416992399841547,0.47733333333333333,0.5226666666666666,0.4757724318792627,0.5242275681207372
E1,0910,2009-10-31,Middlesbrough,Plymouth,0,1,A,,,0.6393375422031924,0.23190077097546527,0.12876168682134223,0.6588110627583057,0.22514249046108606,0.11604644678060827,0.04427631478756666,0.5067024128686327,0.4932975871313674,0.5071888658834666,0.49281113411653343
E1,0910,2009-10-31,Peterboro,Barnsley,1,2,A,,,0.44376963350785337,0.2831413612565445,0.2730890052356021,0.45056142352735407,0.2800491878797425,0.26938938859290346,0.041789317154325545,0.4826666666666667,0.5173333333333333,0.4814888648397009,0.5185111351602991
E1,0910,2009-10-31,Preston,Crystal Palace,1,1,D,,fpl-team-8,0.46116626869423144,0.2811989443257509,0.25763478698001757,0.46910801921042267,0.2779447476954442,0.2529472330941332,0.042244460666552186,0.4746666666666666,0.5253333333333333,0.4729082301967493,0.5270917698032508
E1,0910,2009-10-31,Scunthorpe,Swansea,0,2,A,,,0.3709867376721798,0.28688104869680986,0.3421322136310103,0.3732707645563025,0.28407036141240954,0.34265887403128786,0.04129095654934645,0.4666666666666667,0.5333333333333333,0.4642857142816436,0.5357142857183564
E1,0910,2009-10-31,West Brom,Watford,5,0,H,,,0.5735324779823976,0.2557859527843934,0.17068156923320893,0.5882547534396876,0.25089741667473536,0.1608478298855771,0.04206123482435942,0.5133689839572192,0.4866310160427808,0.5143086080606718,0.48569139193932814
E1,0910,2009-11-01,Cardiff,Nott'm Forest,1,1,D,,fpl-team-18,0.5052497568232533,0.2735523831321165,0.2211978600446301,0.515603591509346,0.2699052822239739,0.21449112626668013,0.04102275031618774,0.48,0.5199999999999999,0.47863247862979214,0.5213675213702079
E1,0910,2009-11-02,Sheffield United,Newcastle,0,1,A,,fpl-team-17,0.34027715384648294,0.2863823251316673,0.37334052102184967,0.3406998291348152,0.28347795335303666,0.375822217512148,0.042235802160575986,0.49865951742627346,0.5013404825737265,0.4985624748435459,0.5014375251564542
E1,0910,2009-11-03,QPR,Crystal Palace,1,1,D,,fpl-team-8,0.49900159457557,0.2778871155420839,0.2231112898823462,0.5084805406504735,0.27467286563881627,0.2168465937107102,0.038923065178096294,0.4693333333333332,0.5306666666666666,0.467165372312263,0.5328346276877369
E1,0910,2009-11-06,Derby,Coventry,2,1,H,,,0.4255388581591528,0.2845627947199243,0.2898983471209229,0.43084455656784065,0.2817584722637913,0.287396971168368,0.039044024888426065,0.4732620320855615,0.5267379679144386,0.4713212308926112,0.5286787691073889
E1,0910,2009-11-07,Blackpool,Scunthorpe,4,1,H,,,0.5374820399931456,0.2641340310823458,0.19838392892450868,0.549805462416943,0.2598805687372131,0.1903139688458439,0.04122307593934238,0.4932975871313674,0.5067024128686327,0.49281113411653343,0.5071888658834666
E1,0910,2009-11-07,Crystal Palace,Middlesbrough,1,0,H,fpl-team-8,,0.3502418549893789,0.28715481278632304,0.3626033322242982,0.3512497817660846,0.2843953567351507,0.3643548614987647,0.0407724694814533,0.4456233421750664,0.5543766578249337,0.44161540213184014,0.5583845978681599
E1,0910,2009-11-07,Leicester,West Brom,1,2,A,,,0.3681789867995529,0.28699666362325393,0.34482434957719316,0.3702809851479327,0.284207670325492,0.3455113445265753,0.041071857791393995,0.4666666666666667,0.5333333333333333,0.4642857142816436,0.5357142857183564
E1,0910,2009-11-07,Newcastle,Peterboro,3,1,H,fpl-team-17,,0.6368024845559194,0.23495257063768016,0.12824494480640042,0.6554056813367148,0.22863557501453372,0.11595874364875143,0.04258383717387915,0.5053475935828876,0.4946524064171124,0.5057200057206184,0.4942799942793817
E1,0910,2009-11-07,Nott'm Forest,Bristol City,1,1,D,fpl-team-18,,0.4485870206960379,0.28433515773348866,0.26707782157047344,0.45557287306434646,0.2813558170416698,0.2630713098939838,0.04118131776340306,0.44031830238726793,0.5596816976127321,0.4357620053754798,0.5642379946245202
E1,0910,2009-11-07,Plymouth,Doncaster,2,1,H,,,0.38692786664578416,0.28630266293604467,0.3267694704181711,0.39013833964824446,0.2834942603423115,0.32636740000944403,0.04071182233747095,0.449468085106383,0.550531914893617,0.44568790556134763,0.5543120944386524
E1,0910,2009-11-07,Reading,Ipswich,1,1,D,,,0.4005634298793908,0.28470816092965934,0.3147284091909499,0.40456288341768293,0.28182405996847165,0.3136130566138454,0.04040385480038822,0.4521276595744681,0.547872340425532,0.4486007995439608,0.5513992004560392
E1,0910,2009-11-07,Sheffield Weds,QPR,1,2,A,,,0.3339654909663546,0.28376822391926443,0.38226628511438104,0.333993784151201,0.28082380269274326,0.3851824131560557,0.04051983845420182,0.47593582887700536,0.5240641711229947,0.4742031644086983,0.5257968355913017
E1,0910,2009-11-07,Swansea,Cardiff,3,2,H,,,0.38170406108014426,0.2895685980607991,0.32872734085905664,0.3846433249436561,0.286917092702319,0.32843958235402476,0.04131288267672062,0.4506666666666666,0.5493333333333332,0.44686045842705185,0.5531395415729482
E1,0910,2009-11-07,Watford,Preston,2,0,H,,,0.386821449437346,0.2853405136281657,0.32783803693448826,0.3900368398627859,0.2824647747523672,0.32749838538484694,0.04086133372038603,0.5040214477211796,0.4959785522788205,0.5043128234612858,0.4956871765387142
E1,0910,2009-11-09,Barnsley,Sheffield United,2,2,D,,,0.3708317387696131,0.28472529787883605,0.3444429633515508,0.3732356896446748,0.2816171994505925,0.34514711090473277,0.04370543116237968,0.4743935309973046,0.5256064690026954,0.472319347320012,0.527680652679988
E1,0910,2009-11-20,Swansea,Derby,1,0,H,,,0.5416936129960136,0.26849161687628503,0.1898147701277015,0.5539445534895898,0.2645893561336411,0.1814660903767691,0.04016885720193386,0.47200000000000003,0.528,0.4700393768229449,0.5299606231770552
E1,0910,2009-11-21,Barnsley,Cardiff,1,0,H,,,0.3139058787848152,0.28484051963807305,0.40125360157711165,0.3127012944452473,0.2818652260106259,0.4054334795441268,0.04182319552637637,0.49732620320855614,0.5026737967914439,0.4971402425073935,0.5028597574926065
E1,0910,2009-11-21,Coventry,Crystal Palace,1,1,D,,fpl-team-8,0.36072370900866946,0.28948360346777235,0.34979268752355824,0.36239008315368443,0.2868193000997447,0.3507906167465708,0.04146533762104809,0.44266666666666665,0.5573333333333332,0.4380296304737454,0.5619703695262547
E1,0910,2009-11-21,Doncaster,QPR,2,0,H,,,0.3179391124521138,0.28634267891649995,0.3957182086313863,0.3169716435447897,0.2834263333143656,0.39960202314084464,0.042323915055021644,0.4693333333333332,0.5306666666666666,0.467165372312263,0.5328346276877369
E1,0910,2009-11-21,Ipswich,Sheffield Weds,0,0,D,,,0.4711144643242078,0.28066393619314506,0.2482215994826471,0.4795519873652418,0.2774161427106813,0.24303186992407685,0.04164731060154736,0.47200000000000003,0.528,0.4700393768229449,0.5299606231770552
E1,0910,2009-11-21,Leicester,Plymouth,1,0,H,,,0.5546124455003935,0.26379846977955673,0.1815890847200499,0.568688996566178,0.25925292298591424,0.1720580804479077,0.043609868618659675,0.48128342245989303,0.5187165775401069,0.47995418098152337,0.5200458190184767
E1,0910,2009-11-21,Middlesbrough,Nott'm Forest,1,1,D,,fpl-team-18,0.4775359192385084,0.27928615882737,0.24317792193412166,0.4865817836845047,0.27586803833281126,0.23755017798268396,0.04269516980275512,0.4376657824933686,0.5623342175066313,0.43281875356184146,0.5671812464381586
E1,0910,2009-11-21,Reading,Blackpool,2,1,H,,,0.43122865356736256,0.284823863775974,0.28394748265666336,0.4372648324812306,0.2818323809232604,0.28090278659550894,0.041892232839018106,0.4866310160427808,0.5133689839572192,0.48569139193932814,0.5143086080606718
E1,0910,2009-11-21,Sheffield United,Peterboro,1,0,H,,,0.5585598696983678,0.2610832252131181,0.18035690508851407,0.5727025379258738,0.2564262137306488,0.17087124834347736,0.04304176103323698,0.5254691689008043,0.4745308310991957,0.5273838348949181,0.4726161651050819
E1,0910,2009-11-21,Watford,Scunthorpe,3,0,H,,,0.5160052333187963,0.2716615787178369,0.2123331879633668,0.5271567929456978,0.26783727122433815,0.20500593582996413,0.04162998986430466,0.5413333333333333,0.4586666666666667,0.5443922556964305,0.4556077443035696
E1,0910,2009-11-21,West Brom,Bristol City,4,1,H,,,0.5696520739175781,0.2584975797609178,0.17185034632150403,0.5842461228321072,0.2537398214040319,0.16201405576386088,0.042377278208732605,0.5133689839572192,0.4866310160427808,0.5143086080606718,0.48569139193932814
E1,0910,2009-11-23,Preston,Newcastle,0,1,A,,fpl-team-17,0.31445209105346744,0.2853361566966649,0.40021175224986766,0.3133074142445447,0.28245630712996617,0.4042362786254891,0.04087904351763427,0.4879356568364612,0.5120643431635389,0.4870548299852793,0.5129451700147207
E1,0910,2009-11-28,Bristol City,Sheffield United,2,3,A,,,0.4061856701142624,0.2840807754173369,0.30973355446840073,0.4104713208036474,0.2811912649547085,0.3083374142416442,0.03994016093201935,0.47074468085106375,0.5292553191489361,0.4687704057047033,0.5312295942952968
E1,0910,2009-11-28,Crystal Palace,Watford,3,0,H,fpl-team-8,,0.4330919165897049,0.28605453750060755,0.2808535459096875,0.43890574043939673,0.2832969556171173,0.27779730394348595,0.03955516510177404,0.46153846153846156,0.5384615384615384,0.45894909688548324,0.5410509031145168
E1,0910,2009-11-28,Derby,Reading,2,1,H,,,0.3727266920734953,0.28618024654559393,0.34109306138091083,0.3750964842465953,0.2833511070455436,0.341552408707861,0.04093722207471728,0.4880000000000001,0.512,0.48719262295071786,0.5128073770492821
E1,0910,2009-11-28,Newcastle,Swansea,3,0,H,fpl-team-17,,0.5223063757391901,0.2727086386602851,0.20498498560052475,0.5337078186782747,0.2689811713851651,0.19731100993656026,0.041164335096254945,0.46010638297872336,0.5398936170212765,0.45728807767873103,0.542711922321269
E1,0910,2009-11-28,Nott'm Forest,Doncaster,4,1,H,fpl-team-18,,0.5078326575746406,0.276723184666421,0.21544415775893846,0.5183929740619807,0.2732407794626862,0.20836624647533303,0.041246443637646735,0.4379947229551451,0.5620052770448549,0.43353696477210124,0.5664630352278986
E1,0910,2009-11-28,Peterboro,Middlesbrough,2,2,D,,,0.30233311461249035,0.2846582556043756,0.41300862978313413,0.300477460311346,0.2817604507103734,0.4177620889782806,0.040510664926841855,0.4746666666666666,0.5253333333333333,0.4729082301967493,0.5270917698032508
E1,0910,2009-11-28,QPR,Coventry,2,2,D,,,0.5831634139236819,0.25473346926886103,0.16210311680745706,0.5976578049644609,0.2500307237225569,0.1523114713129821,0.03981732204556465,0.4866310160427808,0.5133689839572192,0.48569139193932814,0.5143086080606718
E1,0910,2009-11-28,Scunthorpe,Leicester,1,1,D,,,0.3004033010167496,0.28468989757895047,0.4149068014043,0.29843578690883565,0.2817974460583708,0.41976676703279353,0.040452523389831185,0.4746666666666666,0.5253333333333333,0.4729082301967493,0.5270917698032508
E1,0910,2009-11-28,Sheffield Weds,West Brom,0,4,A,,,0.28105653645780543,0.282775536680789,0.4361679268614056,0.27791561655301056,0.2797363045840012,0.44234807886298827,0.040813677944242954,0.4880000000000001,0.512,0.48719262295071786,0.5128073770492821
E1,0910,2009-11-29,Cardiff,Ipswich,1,2,A,,,0.5326612281560231,0.2678790478807907,0.19945972396318615,0.5451964393137606,0.2636795386875912,0.1911240219986482,0.04298121901229024,0.48395721925133695,0.5160427807486632,0.48282426358777536,0.5171757364122247
E1,0910,2009-11-30,Blackpool,Preston,1,1,D,,,0.4395804648902567,0.2840366080829351,0.27638292702680817,0.4461068652873198,0.28100456307834043,0.2728885716343397,0.04173566261306405,0.49865951742627346,0.5013404825737265,0.4985624748435459,0.5014375251564542
E1,0910,2009-12-05,Blackpool,Barnsley,1,2,A,,,0.4870688853769638,0.2762480245421586,0.23668309008087757,0.49621835445056744,0.27282101535106906,0.23096063019836355,0.04047987423837185,0.5,0.5,0.5,0.5
E1,0910,2009-12-05,Bristol City,Ipswich,0,0,D,,,0.4342261844323051,0.28634729809313,0.2794265174745649,0.4402699276981627,0.28352954209672965,0.2762005302051076,0.040678305784240365,0.45599999999999996,0.5439999999999999,0.4527003783983748,0.5472996216016252
E1,0910,2009-12-05,Cardiff,Preston,1,0,H,,,0.5226651282348885,0.27129538914244944,0.20603948262266206,0.5339866546752203,0.2675195571960848,0.19849378812869484,0.04078558646142483,0.4879356568364612,0.5120643431635389,0.4870548299852793,0.5129451700147207
E1,0910,2009-12-05,Crystal Palace,Doncaster,0,3,A,fpl-team-8,,0.49409553595354244,0.27663432701590557,0.22927013703055196,0.5038648512234736,0.27314953047624146,0.22298561830028485,0.041372165782377124,0.4574468085106383,0.5425531914893618,0.4544003647952621,0.545599635204738
E1,0910,2009-12-05,Derby,West Brom,2,2,D,,,0.24517369393009775,0.27591188839297565,0.4789144176769267,0.23986507854590253,0.2724176050004326,0.48771731645366484,0.04112083278596401,0.5294117647058824,0.47058823529411764,0.5315656565654585,0.4684343434345415
E1,0910,2009-12-05,Newcastle,Watford,2,0,H,fpl-team-17,,0.592368893086657,0.25179713166626294,0.15583397524708012,0.6080873789057197,0.24667483947350338,0.14523778162077694,0.041765313129872084,0.5,0.5,0.5,0.5
E1,0910,2009-12-05,Nott'm Forest,Leicester,5,1,H,fpl-team-18,,0.40119409974244913,0.2878131585108874,0.3109927417466636,0.4051480530751911,0.2851673456111315,0.3096846013136774,0.03955199848860502,0.4365079365079365,0.5634920634920635,0.431711480998045,0.568288519001955
E1,0910,2009-12-05,Peterboro,Swansea,2,2,D,,,0.3131649524034069,0.28690577937579204,0.39992926822080105,0.3119323166685159,0.28409391387614924,0.4039737694553349,0.041260859463363886,0.4640000000000001,0.536,0.4613998970603605,0.5386001029396396
E1,0910,2009-12-05,Plymouth,Sheffield United,0,1,A,,,0.2927484333034915,0.2829006266786034,0.42435094001790513,0.2903203078493127,0.27989228688425144,0.42978740526643583,0.040556465508416295,0.4786096256684492,0.5213903743315508,0.47708064747046347,0.5229193525295365
E1,0910,2009-12-05,QPR,Middlesbrough,1,5,A,,,0.41603710075547906,0.28506245792505047,0.29890044131947047,0.4210796762860672,0.2821245769731472,0.2967957467407856,0.041415843297727406,0.47721179624664883,0.5227882037533512,0.47551138000387005,0.52448861999613
E1,0910,2009-12-05,Sheffield Weds,Reading,0,2,A,,,0.3749380062820301,0.28583236898660935,0.3392296247313606,0.3773805651636638,0.28305123706986757,0.3395681977664687,0.039923791657201946,0.4798927613941019,0.520107238605898,0.47840234982362795,0.521597650176372
E1,0910,2009-12-06,Scunthorpe,Coventry,1,0,H,,,0.38692786664578416,0.28630266293604467,0.3267694704181711,0.39013833964824446,0.2834942603423115,0.32636740000944403,0.04071182233747095,0.48525469168900803,0.514745308310992,0.4841735727427565,0.5158264272572435
E1,0910,2009-12-07,Watford,QPR,3,1,H,,,0.37652721369861863,0.2852828889066221,0.3381898973947593,0.3789211195265385,0.28262690084273995,0.33845197963072154,0.03764322376810014,0.5,0.5,0.5,0.5
E1,0910,2009-12-08,Doncaster,Sheffield Weds,1,0,H,,,0.452632530996976,0.2837604552121714,0.2636070137908525,0.45947919213465094,0.28090519452583107,0.25961561333951805,0.03895677230320871,0.4654255319148936,0.5345744680851062,0.46304193319612175,0.5369580668038783
E1,0910,2009-12-08,Ipswich,Peterboro,0,0,D,,,0.5331030512377662,0.2665515256188831,0.20034542314335063,0.5446299411303832,0.26263050245133507,0.19273955641828167,0.03935068426653743,0.49732620320855614,0.5026737967914439,0.4971402425073935,0.5028597574926065
E1,0910,2009-12-08,Leicester,Bristol City,1,3,A,,,0.48771719592570395,0.27827707875640767,0.2340057253178883,0.496743388858626,0.27502604060883723,0.22823057053253673,0.03975875326432288,0.4574468085106383,0.5425531914893618,0.4544003647952621,0.545599635204738
E1,0910,2009-12-08,Middlesbrough,Blackpool,0,3,A,,,0.565631172562399,0.257676423056204,0.17669240438139702,0.5790301189325506,0.25320573848222916,0.16776414258522027,0.039470812072977424,0.4866310160427808,0.5133689839572192,0.48569139193932814,0.5143086080606718
E1,0910,2009-12-08,Preston,Derby,0,0,D,,,0.48805801343889293,0.2759851861708026,0.23595680039030448,0.4970198766437386,0.27263492595732514,0.2303451973989363,0.039376922184601426,0.5026737967914439,0.49732620320855614,0.5028597574926065,0.4971402425073935
E1,0910,2009-12-08,Reading,Crystal Palace,2,4,A,,fpl-team-8,0.4364514641919385,0.28604357499348587,0.27750496081457576,0.4422157628670769,0.2833966008567289,0.2743876362761942,0.03791442676447332,0.4666666666666667,0.5333333333333333,0.4642857142816436,0.5357142857183564
E1,0910,2009-12-08,Sheffield United,Nott'm Forest,0,0,D,,fpl-team-18,0.4131256176248329,0.28739173399988377,0.2994826483752835,0.4178685688939079,0.2846651138131123,0.29746631729297984,0.040356668876484036,0.4654255319148936,0.5345744680851062,0.46304193319612175,0.5369580668038783
E1,0910,2009-12-08,Swansea,Plymouth,1,0,H,,,0.5847627172282841,0.2568432929262353,0.1583939898454807,0.5988067216314163,0.25242812268602305,0.14876515568256046,0.038319638930261135,0.4456233421750664,0.5543766578249337,0.44161540213184014,0.5583845978681599
E1,0910,2009-12-08,West Brom,Cardiff,0,2,A,,,0.5560220940011645,0.2608305890398721,0.18314731695896344,0.5686923069155632,0.25661304285834613,0.17469465022609068,0.038879519794136286,0.5320855614973262,0.4679144385026738,0.5344580043114353,0.46554199568856475
E1,0910,2009-12-09,Barnsley,Scunthorpe,1,1,D,,,0.5155920576481324,0.2722447738024062,0.2121631685494614,0.5268331146092611,0.2684157705581349,0.20475111483260394,0.04206966329365969,0.5308310991957105,0.46916890080428963,0.5331890331891216,0.46681096681087847
E1,0910,2009-12-09,Coventry,Newcastle,0,2,A,,fpl-team-17,0.2224972318113724,0.274148374910441,0.5033543932781867,0.21554418040174184,0.2703586793194111,0.514097140278847,0.0430789478123188,0.47593582887700536,0.5240641711229947,0.4742031644086983,0.5257968355913017
E1,0910,2009-12-12,Barnsley,Newcastle,2,2,D,,fpl-team-17,0.23982242019746036,0.2755102803458919,0.48466729945664755,0.23430567291642856,0.27205696078201236,0.4936373663015592,0.04030518024228513,0.47200000000000003,0.528,0.4700393768229449,0.5299606231770552
E1,0910,2009-12-12,Coventry,Peterboro,3,2,H,,,0.45199935243645784,0.2824995952727861,0.265501052290756,0.45894000121929723,0.2795174570822251,0.26154254169847774,0.039714076789096,0.5066666666666666,0.49333333333333335,0.5071123755322393,0.4928876244677607
E1,0910,2009-12-12,Doncaster,Bristol City,1,0,H,,,0.4030710172744722,0.28790786948176583,0.30902111324376197,0.4071167381103132,0.2852785925848928,0.3076046693047941,0.039375745225697756,0.46010638297872336,0.5398936170212765,0.45728807767873103,0.542711922321269
E1,0910,2009-12-12,Ipswich,Blackpool,3,1,H,,,0.4293170095235772,0.2870974429012158,0.283585547575207,0.4348690684766546,0.2844215674910885,0.2807093640322569,0.03925312520004809,0.48,0.5199999999999999,0.47863247862979214,0.5213675213702079
E1,0910,2009-12-12,Leicester,Sheffield Weds,3,0,H,,,0.534996974896601,0.26596113981928726,0.19904188528411174,0.5469849347590329,0.2618823810153071,0.19113268422566015,0.0405754444655031,0.48128342245989303,0.5187165775401069,0.47995418098152337,0.5200458190184767
E1,0910,2009-12-12,Preston,Plymouth,2,0,H,,,0.5454458537829052,0.26493084326598254,0.18962330295111224,0.5577462593252678,0.2608783636648298,0.18137537700990242,0.03960674535483122,0.4826666666666667,0.5173333333333333,0.4814888648397009,0.5185111351602991
E1,0910,2009-12-12,Reading,Scunthorpe,1,1,D,,,0.5379831943797597,0.2651378493791366,0.19687895624110358,0.5501861281739308,0.260993909896266,0.1888199619298032,0.04071479011327028,0.5372340425531915,0.46276595744680854,0.5398315693603641,0.4601684306396359
E1,0910,2009-12-12,Sheffield United,Crystal Palace,2,0,H,,fpl-team-8,0.4807615312945508,0.2794788419874949,0.23975962671795423,0.489229652109388,0.27635932069707125,0.23441102719354073,0.03903245716355741,0.4746666666666666,0.5253333333333333,0.4729082301967493,0.5270917698032508
E1,0910,2009-12-12,Swansea,Nott'm Forest,0,1,A,,fpl-team-18,0.39489032452552114,0.2873041060789396,0.3178055693955393,0.39841179731599835,0.28467820737234056,0.31690999531166114,0.038828780176118016,0.43007915567282323,0.5699208443271768,0.4247330152375847,0.5752669847624153
E1,0910,2009-12-12,Watford,Derby,0,1,A,,,0.4829649438638689,0.2768037887219786,0.24023126741415243,0.49163346648754613,0.2735038872858522,0.23486264622660163,0.03937412949744612,0.536,0.4640000000000001,0.5386001029396396,0.4613998970603605
E1,0910,2009-12-13,Middlesbrough,Cardiff,0,1,A,,,0.45001265702623167,0.28436382621902984,0.26562351675473844,0.4567944774698754,0.28150802033456257,0.2616975021955621,0.039460854954086244,0.4786096256684492,0.5213903743315508,0.47708064747046347,0.5229193525295365
E1,0910,2009-12-14,West Brom,QPR,2,2,D,,,0.5601685178092686,0.2603600153198009,0.17947146687093068,0.5738983017083742,0.25583009009235985,0.1702716081992659,0.04145272960886359,0.5517241379310345,0.44827586206896547,0.555473372784154,0.444526627215846
E1,0910,2009-12-19,Bristol City,Reading,1,1,D,,,0.422903583302549,0.28585149612116734,0.2912449205762837,0.4281720036613806,0.2830607536220999,0.2887672427165194,0.03992552193813026,0.449468085106383,0.550531914893617,0.44568790556134763,0.5543120944386524
E1,0910,2009-12-19,Crystal Palace,Barnsley,1,1,D,fpl-team-8,,0.467150071815781,0.28286151137469306,0.249988416809526,0.47516493857715947,0.2798176283470224,0.2450174330758181,0.04071108275093138,0.4506666666666666,0.5493333333333332,0.44686045842705185,0.5531395415729482
E1,0910,2009-12-19,Derby,Doncaster,0,2,A,,,0.420642247205829,0.2865055553723913,0.29285219742177965,0.425832442447368,0.2837242535281972,0.29044330402443486,0.04035904188640416,0.4693333333333332,0.5306666666666666,0.467165372312263,0.5328346276877369
E1,0910,2009-12-19,Nott'm Forest,Preston,3,0,H,fpl-team-18,,0.5231995271433958,0.27237151854229724,0.20442895431430697,0.5343998457476172,0.26870805713385054,0.19689209711853226,0.04022945440374315,0.4506666666666666,0.5493333333333332,0.44686045842705185,0.5531395415729482
E1,0910,2009-12-19,Peterboro,Watford,2,1,H,,,0.3809598368252007,0.2848407395339193,0.33419942364088007,0.3837719808763408,0.28198623126279465,0.3342417878608646,0.04013962554745376,0.5213903743315508,0.4786096256684492,0.5229193525295365,0.47708064747046347
E1,0910,2009-12-19,Plymouth,Coventry,0,1,A,,,0.3852495515324233,0.28803704787470896,0.3267134005928678,0.3883663807674479,0.28532590767522675,0.32630771155732546,0.040802749106660485,0.4533333333333333,0.5466666666666666,0.44978479196277044,0.5502152080372295
E1,0910,2009-12-19,QPR,Sheffield United,1,1,D,,,0.39901411756815663,0.2839609671037188,0.31702491532812443,0.4028981358523218,0.2810503845449268,0.31605147960275126,0.04016247484833002,0.4786096256684492,0.5213903743315508,0.47708064747046347,0.5229193525295365
E1,0910,2009-12-19,Sheffield Weds,Swansea,0,2,A,,,0.3283100927367495,0.2875262302849793,0.38416367697827114,0.3280056581294296,0.28483238781557113,0.38716195405499926,0.040079798782244325,0.44266666666666665,0.5573333333333332,0.4380296304737454,0.5619703695262547
E1,0910,2009-12-20,Newcastle,Middlesbrough,2,0,H,fpl-team-17,,0.5252668507874898,0.2711054713741882,0.203627677838322,0.5368497076476841,0.2672789543084222,0.19587133804389378,0.04118154454044998,0.47593582887700536,0.5240641711229947,0.4742031644086983,0.5257968355913017
E1,0910,2009-12-26,Cardiff,Plymouth,0,1,A,,,0.6267676929631275,0.24475361097240866,0.12847869606446383,0.6436864165849776,0.23938915894217036,0.11692442447285198,0.03993596392683685,0.5026737967914439,0.49732620320855614,0.5028597574926065,0.4971402425073935
E1,0910,2009-12-26,Coventry,Doncaster,1,0,H,,,0.3768002783695016,0.29333186227499175,0.3298678593555068,0.3793236136052738,0.29101565773578686,0.32966072865893936,0.03943489235825837,0.46010638297872336,0.5398936170212765,0.45728807767873103,0.542711922321269
E1,0910,2009-12-26,Crystal Palace,Ipswich,3,1,H,fpl-team-8,,0.40259490388315405,0.2866774857372304,0.3107276103796155,0.40667683173188873,0.283934824610889,0.3093883436572223,0.04001486022025347,0.46276595744680854,0.5372340425531915,0.4601684306396359,0.5398315693603641
E1,0910,2009-12-26,Derby,Blackpool,0,2,A,,,0.38890859642899367,0.2874541799692562,0.32363722360175,0.3921987096830905,0.284746259172629,0.3230550311442805,0.04021809878759086,0.48395721925133695,0.5160427807486632,0.48282426358777536,0.5171757364122247
E1,0910,2009-12-26,Leicester,Sheffield United,2,1,H,,,0.40119409974244913,0.2878131585108874,0.3109927417466636,0.4051480530751911,0.2851673456111315,0.3096846013136774,0.03955199848860502,0.46276595744680854,0.5372340425531915,0.4601684306396359,0.5398315693603641
E1,0910,2009-12-26,Middlesbrough,Scunthorpe,3,0,H,,,0.5782451250299867,0.2577137047487406,0.16404117022127282,0.5928764348001659,0.25304839055121714,0.15407517464861684,0.041018243646249175,0.5106951871657753,0.48930481283422456,0.5114439390020781,0.48855606099792176
E1,0910,2009-12-26,QPR,Bristol City,2,1,H,,,0.4609162426964893,0.28245172189632417,0.25663203540718654,0.4683965005344332,0.27945366380081665,0.25214983566475013,0.03982423013076186,0.4746666666666666,0.5253333333333333,0.4729082301967493,0.5270917698032508
E1,0910,2009-12-26,Reading,Swansea,1,1,D,,,0.38603897200364734,0.2877309108101719,0.32623011718618083,0.3891190298268137,0.2850738746115082,0.32580709556167814,0.039695992949418724,0.449468085106383,0.550531914893617,0.44568790556134763,0.5543120944386524
E1,0910,2009-12-26,Sheffield Weds,Newcastle,2,2,D,,fpl-team-17,0.1910067306315337,0.26501503651725616,0.54397823285121,0.18318360292021163,0.2611471557151739,0.5556692413646145,0.037859799223951995,0.4866310160427808,0.5133689839572192,0.48569139193932814,0.5143086080606718
E1,0910,2009-12-26,Watford,Nott'm Forest,0,0,D,,fpl-team-18,0.3087441977167231,0.2885459791745076,0.40270982310876935,0.30729459116557734,0.2859221681066101,0.40678324072781274,0.0398599193431437,0.4654255319148936,0.5345744680851062,0.46304193319612175,0.5369580668038783
E1,0910,2009-12-26,West Brom,Peterboro,2,0,H,,,0.659007105761703,0.22498789809297848,0.11600499614531849,0.6773574460893677,0.21858678680942667,0.10405576710120565,0.03920401865616441,0.5646437994722956,0.4353562005277045,0.5693854432171179,0.43061455678288213
E1,0910,2009-12-28,Barnsley,Middlesbrough,2,1,H,,,0.3428165848465133,0.28851954811616487,0.3686638670373218,0.3433443199591041,0.28600557407827304,0.3706501059626229,0.03821210446767509,0.4746666666666666,0.5253333333333333,0.4729082301967493,0.5270917698032508
E1,0910,2009-12-28,Bristol City,Watford,2,2,D,,,0.45968336788490055,0.28309768388033507,0.2572189482347643,0.4668647337235929,0.2802286435065727,0.2529066227698344,0.0385828239377588,0.46276595744680854,0.5372340425531915,0.4601684306396359,0.5398315693603641
E1,0910,2009-12-28,Ipswich,QPR,3,0,H,,,0.4023273488406862,0.2868444987104892,0.3108281524488245,0.4061953410486286,0.28424448241879857,0.30956017653257284,0.03803068934939802,0.4826666666666667,0.5173333333333333,0.4814888648397009,0.5185111351602991
E1,0910,2009-12-28,Newcastle,Derby,0,0,D,fpl-team-17,,0.6802906562725899,0.21133746011189297,0.10837188361551722,0.6990280682794414,0.2044449698039386,0.09652696191662007,0.037655612686648965,0.5053475935828876,0.4946524064171124,0.5057200057206184,0.4942799942793817
E1,0910,2009-12-28,Nott'm Forest,Coventry,2,0,H,fpl-team-18,,0.5913890227130203,0.2543782919614909,0.1542326853254887,0.6060849438606769,0.24972260964842277,0.14419244649090038,0.03912923205643892,0.47074468085106375,0.5292553191489361,0.4687704057047033,0.5312295942952968
E1,0910,2009-12-28,Peterboro,Cardiff,4,4,D,,,0.28772858889128045,0.28595795142118025,0.4263134596875393,0.2851685926711484,0.28329988275615237,0.4315315245726992,0.03806244139559567,0.5039999999999999,0.496,0.5042669397508994,0.4957330602491005
E1,0910,2009-12-28,Plymouth,Reading,4,1,H,,,0.3272742545149097,0.2886518269634607,0.38407391852162953,0.32692835798699754,0.2861592417466927,0.38691240026630974,0.037970490055158734,0.431578947368421,0.5684210526315789,0.4266034327023821,0.5733965672976178
E1,0910,2009-12-28,Scunthorpe,West Brom,1,3,A,,,0.21071867332377425,0.2701364387668153,0.5191448879094104,0.20386929931423475,0.26652795374004,0.5296027469457254,0.038318346720188856,0.5372340425531915,0.46276595744680854,0.5398315693603641,0.4601684306396359
E1,0910,2009-12-28,Sheffield United,Preston,1,0,H,,,0.5184791734489317,0.27296403543340814,0.20855679111766015,0.5290848391946906,0.26944812321437306,0.20146703759093618,0.039021647768095136,0.47593582887700536,0.5240641711229947,0.4742031644086983,0.5257968355913017
E1,0910,2009-12-28,Swansea,Crystal Palace,0,0,D,,fpl-team-8,0.4870093893440668,0.28102354490850984,0.23196706574742335,0.49553567359278916,0.27808951246646135,0.22637481394074954,0.037695541395805776,0.4251968503937008,0.5748031496062992,0.41966852696700674,0.5803314730329933
E1,0910,2010-01-08,West Brom,Nott'm Forest,1,3,A,,fpl-team-18,0.4924044172738428,0.2811614346367259,0.2264341480894313,0.5011690384625486,0.2782502407469286,0.22058072079052277,0.03744433505926281,0.4598930481283422,0.5401069518716577,0.4568270780554385,0.5431729219445616
E1,0910,2010-01-09,Cardiff,Blackpool,1,1,D,,,0.5192834998277644,0.27346882535308303,0.2072476748191526,0.5305272413275472,0.26978216395547794,0.19969059471697487,0.04124634969048202,0.4786096256684492,0.5213903743315508,0.47708064747046347,0.5229193525295365
E1,0910,2010-01-09,Coventry,Barnsley,3,1,H,,,0.38678664820796804,0.28677639337537814,0.3264369584166539,0.3901793663343175,0.28383118360296294,0.3259894500627197,0.0431851944886148,0.4666666666666667,0.5333333333333333,0.4642857142816436,0.5357142857183564
E1,0910,2010-01-09,Derby,Scunthorpe,1,4,A,,,0.4885036747348503,0.2789341224316818,0.23256220283346773,0.4980229383846503,0.27555949078314534,0.22641757083220432,0.041763475397601724,0.49061662198391415,0.5093833780160857,0.48993385102262793,0.5100661489773721
E1,0910,2010-01-10,Leicester,Ipswich,1,1,D,,,0.45840296791475543,0.2835046047718949,0.2580924273133497,0.4662730041151907,0.28035263202670735,0.25337436385810197,0.0427973847836256,0.47200000000000003,0.528,0.4700393768229449,0.5299606231770552
E1,0910,2010-01-16,Barnsley,Sheffield Weds,1,2,A,,,0.45427290524200753,0.2837458454280847,0.26198124932990774,0.4618015312340644,0.28064569154142116,0.2575527772245143,0.04232342843897641,0.4679144385026738,0.5320855614973262,0.46554199568856475,0.5344580043114353
E1,0910,2010-01-16,Blackpool,QPR,2,2,D,,,0.41673069856011763,0.2842514950055123,0.2990178064343701,0.4220021795782877,0.28115517822999736,0.29684264219171497,0.04296590946614742,0.47058823529411764,0.5294117647058824,0.4684343434345415,0.5315656565654585
E1,0910,2010-01-16,Bristol City,Preston,4,2,H,,,0.4312239950201487,0.28570258493594997,0.2830734200439013,0.43726070818564033,0.2827640596313322,0.2799752321830275,0.041898132069036365,0.44031830238726793,0.5596816976127321,0.4357620053754798,0.5642379946245202
E1,0910,2010-01-16,Doncaster,Watford,2,1,H,,,0.43842027165848646,0.28592626412509986,0.2756534642164137,0.44509353426366755,0.28291025219085075,0.27199621354548176,0.04317384283058345,0.4376657824933686,0.5623342175066313,0.43281875356184146,0.5671812464381586
E1,0910,2010-01-16,Ipswich,Coventry,3,2,H,,,0.509798999416621,0.277097954637863,0.2131030459455159,0.520706636383695,0.27355932159219626,0.20573404202410872,0.04215832240879536,0.4574468085106383,0.5425531914893618,0.4544003647952621,0.545599635204738
E1,0910,2010-01-16,Nott'm Forest,Reading,2,1,H,fpl-team-18,,0.5574785335367843,0.263564349666388,0.17895711679682766,0.5718941369690654,0.25894563119656694,0.16916023183436765,0.04412375786341727,0.4521276595744681,0.547872340425532,0.4486007995439608,0.5513992004560392
E1,0910,2010-01-16,Peterboro,Derby,0,3,A,,,0.4099238368147198,0.2846693311213332,0.3054068320639469,0.41467538280961164,0.2816577981799849,0.30366681901040343,0.04215849959291518,0.47593582887700536,0.5240641711229947,0.4742031644086983,0.5257968355913017
E1,0910,2010-01-16,Plymouth,Crystal Palace,0,1,A,,fpl-team-8,0.33271861401474473,0.2880095502565134,0.3792718357287419,0.3326714427259618,0.2851846427938468,0.3821439144801914,0.04254362708888948,0.4225721784776903,0.5774278215223098,0.41671372106238724,0.5832862789376128
E1,0910,2010-01-16,Scunthorpe,Cardiff,1,1,D,,,0.3038812564838109,0.2850650796117484,0.4110536639044407,0.30200740450294217,0.28201315843890684,0.41597943705815105,0.043085471261292696,0.48395721925133695,0.5160427807486632,0.48282426358777536,0.5171757364122247
E1,0910,2010-01-16,Sheffield United,Middlesbrough,1,0,H,,,0.4319695993606732,0.28619657666620457,0.2818338239731221,0.4379185914903491,0.2833516682030603,0.27872974030659065,0.04096050444059074,0.4613333333333334,0.5386666666666667,0.458507411439061,0.541492588560939
E1,0910,2010-01-16,Swansea,Leicester,1,0,H,,,0.42059635927984296,0.28605777230523477,0.2933458684149223,0.42610332773770504,0.2830774836003048,0.29081918866199014,0.042893256759271026,0.41732283464566927,0.5826771653543307,0.41075981641757,0.5892401835824301
E1,0910,2010-01-18,Newcastle,West Brom,2,2,D,fpl-team-17,,0.4498746215650908,0.28203149058361954,0.26809388785128957,0.4571221621021085,0.27883297000494633,0.2640448678929452,0.04227232746779919,0.449468085106383,0.550531914893617,0.44568790556134763,0.5543120944386524
E1,0910,2010-01-19,Blackpool,Sheffield Weds,1,2,A,,,0.49260550855692825,0.2764472704737388,0.23094722096933296,0.5019945402127513,0.27305886099370563,0.224946598793543,0.04010339127853513,0.4932975871313674,0.5067024128686327,0.49281113411653343,0.5071888658834666
E1,0910,2010-01-23,Blackpool,Watford,3,2,H,,,0.48024966968882404,0.2777347487357055,0.24201558157547037,0.48941180557845865,0.27423970267748027,0.23634849174406108,0.042443516897037625,0.5106951871657753,0.48930481283422456,0.5114439390020781,0.48855606099792176
E1,0910,2010-01-23,Middlesbrough,Swansea,1,1,D,,,0.40954705722809864,0.2866829400596691,0.30377000271223215,0.4145972160249048,0.28359879287626,0.3018039910988352,0.0450859876582399,0.42368421052631583,0.5763157894736841,0.4177514960571316,0.5822485039428683
E1,0910,2010-01-23,Sheffield Weds,Peterboro,2,1,H,,,0.4979527385564511,0.2717441198611902,0.23030314158235868,0.5083443116491488,0.267817954419723,0.22383773393112807,0.043010791996493936,0.4946524064171124,0.5053475935828876,0.4942799942793817,0.5057200057206184
E1,0910,2010-01-26,Barnsley,Leicester,1,0,H,,,0.37184074056742233,0.2902455937344457,0.337913665698132,0.37410853479819706,0.2877144414994152,0.3381770237023877,0.04004433611407876,0.44708994708994704,0.5529100529100528,0.4433764615919363,0.5566235384080637
E1,0910,2010-01-26,Bristol City,Cardiff,0,6,A,,,0.380971757734515,0.288399181088745,0.3306290611767399,0.3837841525352029,0.28575419815749753,0.3304616493072996,0.040120385005138814,0.4666666666666667,0.5333333333333333,0.4642857142816436,0.5357142857183564
E1,0910,2010-01-26,Doncaster,Middlesbrough,1,4,A,,,0.38786008230452673,0.2893752338196783,0.322764683875795,0.3912033309547306,0.2866879768237585,0.3221086922215109,0.041678863344714046,0.4365079365079365,0.5634920634920635,0.431711480998045,0.568288519001955
E1,0910,2010-01-26,Ipswich,West Brom,1,1,D,,,0.31922790130151846,0.28651199837310193,0.39426010032537967,0.31834735040515355,0.2836280341584619,0.39802461543638457,0.04200160689651966,0.5093833780160857,0.49061662198391415,0.5100661489773721,0.48993385102262793
E1,0910,2010-01-26,Nott'm Forest,QPR,5,0,H,fpl-team-18,,0.5533005368399394,0.2655206599203157,0.1811788032397449,0.5666616549032444,0.2612887335907892,0.17204961150596657,0.04158825776539743,0.4693333333333332,0.5306666666666666,0.467165372312263,0.5328346276877369
E1,0910,2010-01-26,Peterboro,Preston,0,1,A,,,0.3746409711968478,0.29008250747843706,0.3352765213247153,0.37709243254363367,0.28752262509641285,0.3353849423599536,0.040349326794967055,0.48128342245989303,0.5187165775401069,0.47995418098152337,0.5200458190184767
E1,0910,2010-01-26,Plymouth,Derby,1,0,H,,,0.37604637010115793,0.28999187161405915,0.33396175828478286,0.37859196608804624,0.287415950403702,0.33399208350825177,0.04051899048499763,0.4274406332453826,0.5725593667546175,0.42177277123892026,0.5782272287610797
E1,0910,2010-01-26,Sheffield United,Reading,3,0,H,,,0.5246624873719765,0.2723911438863359,0.20294636874168762,0.536381594164179,0.2685831636591349,0.19503524217668605,0.041815276024863124,0.4640000000000001,0.536,0.4613998970603605,0.5386001029396396
E1,0910,2010-01-26,Swansea,Coventry,0,0,D,,,0.5715856723921241,0.26157310431503983,0.16684122329283624,0.5856600994895041,0.25719515746081784,0.15714474304967793,0.04052095394581556,0.42592592592592593,0.574074074074074,0.4198557403230982,0.5801442596769018
E1,0910,2010-01-27,Newcastle,Crystal Palace,2,0,H,fpl-team-17,fpl-team-8,0.5734855352443651,0.2564754754842855,0.1700389892713495,0.588219793275081,0.25162193880355876,0.16015826792136026,0.04210959328338504,0.4693333333333332,0.5306666666666666,0.467165372312263,0.5328346276877369
E1,0910,2010-01-27,Scunthorpe,Sheffield Weds,2,0,H,,,0.38668301104093583,0.28790417332954416,0.32541281562952,0.3899054471110814,0.285168550136748,0.32492600275217065,0.04105360014364123,0.4946524064171124,0.5053475935828876,0.4942799942793817,0.5057200057206184
E1,0910,2010-01-30,Cardiff,Doncaster,2,1,H,,,0.5473238229740237,0.266564052111268,0.18611212491470827,0.5601461978725256,0.2624634439555146,0.17739035817195972,0.04097892506979406,0.47593582887700536,0.5240641711229947,0.4742031644086983,0.5257968355913017
E1,0910,2010-01-30,Coventry,Blackpool,1,1,D,,,0.38603005286684616,0.28563833633181496,0.32833161080133894,0.3892821245483962,0.2827046242533754,0.32801325119822844,0.041971115162596107,0.48395721925133695,0.5160427807486632,0.48282426358777536,0.5171757364122247
E1,0910,2010-01-30,Crystal Palace,Peterboro,2,0,H,fpl-team-8,,0.5370265686828717,0.26851328434143584,0.19446014697569247,0.5494558788323088,0.26447018955509904,0.18607393161259217,0.041699918219819665,0.4932975871313674,0.5067024128686327,0.49281113411653343,0.5071888658834666
E1,0910,2010-01-30,Derby,Nott'm Forest,1,0,H,,fpl-team-18,0.2556671964510952,0.2805345225496819,0.4637982809992229,0.2508995701354094,0.27726610245628186,0.4718343274083088,0.04188021644949913,0.4666666666666667,0.5333333333333333,0.4642857142816436,0.5357142857183564
E1,0910,2010-01-30,Leicester,Newcastle,0,0,D,,fpl-team-17,0.3311968718123088,0.2869687181230874,0.3818344100646039,0.3310589784629581,0.2841728354815823,0.3847681860554596,0.04112956253811717,0.4456233421750664,0.5543766578249337,0.44161540213184014,0.5583845978681599
E1,0910,2010-01-30,Middlesbrough,Bristol City,0,0,D,,,0.49682810517565734,0.2766767292295577,0.22649516559478497,0.5067438694284234,0.27319817599249835,0.2200579545790782,0.041297654155641794,0.4640000000000001,0.536,0.4613998970603605,0.5386001029396396
E1,0910,2010-01-30,Preston,Ipswich,2,0,H,,,0.3923678188248581,0.2863553957262163,0.32127678544892563,0.39604023832678054,0.28344236621152397,0.3205173954616955,0.04229716444388032,0.48128342245989303,0.5187165775401069,0.47995418098152337,0.5200458190184767
E1,0910,2010-01-30,QPR,Scunthorpe,0,1,A,,,0.5467059164973672,0.26626311206932296,0.18703097143330982,0.5596812975429241,0.26208375970710307,0.1782349427499729,0.04159855400212109,0.5187165775401069,0.48128342245989303,0.5200458190184767,0.47995418098152337
E1,0910,2010-01-30,Reading,Barnsley,1,0,H,,,0.4610307982401006,0.28284098051539913,0.25612822124450035,0.46899338155661047,0.27967508647401684,0.2513315319693727,0.042405505082570016,0.4732620320855615,0.5267379679144386,0.4713212308926112,0.5286787691073889
E1,0910,2010-01-30,Sheffield Weds,Plymouth,2,1,H,,,0.5282239992451584,0.2695020404312033,0.20227396032363837,0.5399989375051826,0.2655727311700392,0.1944283313247783,0.041237637982703745,0.48395721925133695,0.5160427807486632,0.48282426358777536,0.5171757364122247
E1,0910,2010-01-30,West Brom,Sheffield United,3,1,H,,,0.5189789215482477,0.27011183636136865,0.21090924209038375,0.5302916571067516,0.26619879194755935,0.20350955094568896,0.04156034183688462,0.5294117647058824,0.47058823529411764,0.5315656565654585,0.4684343434345415
E1,0910,2010-02-02,Preston,Barnsley,1,4,A,,,0.4886418025845882,0.27631530503295165,0.23504289238246012,0.49749171242232343,0.2730376233018629,0.22947066427581359,0.038728543324396014,0.46276595744680854,0.5372340425531915,0.4601684306396359,0.5398315693603641
E1,0910,2010-02-02,Watford,Sheffield United,3,0,H,,,0.32531398222994196,0.28539815618945824,0.3892878615805999,0.32486381989496177,0.28276165612465476,0.3923745239803835,0.03743102424778044,0.46010638297872336,0.5398936170212765,0.45728807767873103,0.542711922321269
E1,0910,2010-02-03,Blackpool,West Brom,2,3,A,,,0.3104325275385039,0.28203930855632364,0.4075281639051725,0.3090565937538713,0.2789869425068051,0.41195646373932354,0.04053566558286548,0.5240641711229947,0.47593582887700536,0.5257968355913017,0.4742031644086983
E1,0910,2010-02-05,Newcastle,Cardiff,5,1,H,fpl-team-17,,0.4990182751850173,0.2762422594774203,0.22473946533756228,0.5084943828426187,0.27293773694785556,0.2185678802095257,0.038902659667655826,0.48395721925133695,0.5160427807486632,0.48282426358777536,0.5171757364122247
E1,0910,2010-02-06,Barnsley,Watford,1,0,H,,,0.45203470414991165,0.28373870660486766,0.2642265892452206,0.4594260512670813,0.28063887489338557,0.2599350738395332,0.04233212710823864,0.5,0.5,0.5,0.5
E1,0910,2010-02-06,Blackpool,Leicester,1,2,A,,,0.4118276692534118,0.2847203639282847,0.30345196681830344,0.41668669483810244,0.28171801602197855,0.30159528913991895,0.04206320643424988,0.47733333333333333,0.5226666666666666,0.4757724318792627,0.5242275681207372
E1,0910,2010-02-06,Bristol City,Coventry,1,1,D,,,0.4872290673621729,0.2790493749437899,0.2337215576940372,0.49698673882878863,0.27556883772321444,0.22744442344799687,0.04319092375226319,0.4391534391534391,0.5608465608465608,0.4346442373240173,0.5653557626759828
E1,0910,2010-02-06,Doncaster,Reading,1,2,A,,,0.4142644848959136,0.2886905629118398,0.29704495219224675,0.41918460832037285,0.2859796460727043,0.2948357456069228,0.041291074943728745,0.4693333333333332,0.5306666666666666,0.467165372312263,0.5328346276877369
E1,0910,2010-02-06,Ipswich,Middlesbrough,1,1,D,,,0.3912630981524934,0.2858764432321623,0.3228604586153442,0.3948017356304682,0.2829868617149554,0.3222114026545763,0.04152220254763961,0.4693333333333332,0.5306666666666666,0.467165372312263,0.5328346276877369
E1,0910,2010-02-06,Nott'm Forest,Sheffield Weds,2,1,H,fpl-team-18,,0.590818554149055,0.2553121729840792,0.15386927286686575,0.6069709792598675,0.25022117872124017,0.1428078420188923,0.043243600986897945,0.5067024128686327,0.4932975871313674,0.5071888658834666,0.49281113411653343
E1,0910,2010-02-06,Peterboro,QPR,1,0,H,,,0.3352239481675415,0.2854073862107552,0.3793686656217033,0.33533231115152246,0.28243064908566073,0.3822370397628168,0.04240697040222585,0.5133689839572192,0.4866310160427808,0.5143086080606718,0.48569139193932814
E1,0910,2010-02-06,Plymouth,West Brom,0,1,A,,,0.21002767094203026,0.27198273611667045,0.5179895929412993,0.2023950671250133,0.2680861837075382,0.5295187491674486,0.042609646916389465,0.5026737967914439,0.49732620320855614,0.5028597574926065,0.4971402425073935
E1,0910,2010-02-06,Scunthorpe,Crystal Palace,1,2,A,,fpl-team-8,0.38103981280636734,0.2872636594988813,0.33169652769475144,0.3840030711630548,0.284411065473307,0.3315858633636382,0.04225885809864849,0.44297082228116713,0.557029177718833,0.4386940404900047,0.5613059595099953
E1,0910,2010-02-06,Sheffield United,Derby,1,1,D,,,0.5374863587947383,0.2703147769377046,0.19219886426755714,0.5498049343541157,0.26642126598651134,0.18377379965937285,0.04123555705882609,0.44827586206896547,0.5517241379310345,0.444526627215846,0.555473372784154
E1,0910,2010-02-06,Swansea,Preston,2,0,H,,,0.5046830755826617,0.2790241777390547,0.21629274667828363,0.5151517810249501,0.2756486544102427,0.20919956456480712,0.041645218851044774,0.4365079365079365,0.5634920634920635,0.431711480998045,0.568288519001955
E1,0910,2010-02-09,Cardiff,Peterboro,2,0,H,,,0.6061139872458594,0.24598259959845226,0.1479034131556882,0.6219121970507915,0.24074301211468702,0.1373447908345215,0.03988370788283646,0.5213903743315508,0.4786096256684492,0.5229193525295365,0.47708064747046347
E1,0910,2010-02-09,Coventry,Nott'm Forest,1,0,H,,fpl-team-18,0.27028558883988263,0.2861356696669128,0.44357874149320464,0.26663193597448764,0.2833873735236743,0.44998069050183803,0.039418531698174775,0.4365079365079365,0.5634920634920635,0.431711480998045,0.568288519001955
E1,0910,2010-02-09,Crystal Palace,Swansea,0,1,A,fpl-team-8,,0.38363968340312127,0.29287319679354995,0.3234871198033287,0.38649874800961853,0.29057948805569284,0.3229217639346887,0.03857797884847969,0.41514360313315923,0.5848563968668407,0.408748876912001,0.591251123087999
E1,0910,2010-02-09,Derby,Newcastle,3,0,H,,fpl-team-17,0.23400572531788835,0.2782770787564077,0.48771719592570406,0.22823057053253673,0.27502604060883723,0.496743388858626,0.03975875326432288,0.4693333333333332,0.5306666666666666,0.467165372312263,0.5328346276877369
E1,0910,2010-02-09,Leicester,Doncaster,0,0,D,,,0.5176430909222314,0.2741364298079273,0.20822047926984139,0.5284339694896595,0.2706091242841161,0.2009569062262244,0.039903543423861265,0.47200000000000003,0.528,0.4700393768229449,0.5299606231770552
E1,0910,2010-02-09,Middlesbrough,Barnsley,2,1,H,,,0.5092869982025164,0.27261833433193533,0.21809466746554823,0.5195414101335635,0.26903290826338794,0.21142568160304867,0.03967958583962172,0.47593582887700536,0.5240641711229947,0.4742031644086983,0.5257968355913017
E1,0910,2010-02-09,Preston,Sheffield United,2,1,H,,,0.3873598967196761,0.2887154509711871,0.32392465230913675,0.3903735673305774,0.2862334418835421,0.3233929907858804,0.037853422574698925,0.448,0.5519999999999999,0.443926846101406,0.556073153898594
E1,0910,2010-02-09,QPR,Ipswich,1,2,A,,,0.3776839529875503,0.28826345321479696,0.33405259379765284,0.3803177814863546,0.28559456596899635,0.33408765254464895,0.04037362243980169,0.48395721925133695,0.5160427807486632,0.48282426358777536,0.5171757364122247
E1,0910,2010-02-09,Reading,Plymouth,2,1,H,,,0.5652630260670432,0.26113559514083123,0.17360137879212564,0.5787567915794997,0.2568173745598963,0.16442583386060414,0.039841091027483344,0.4746666666666666,0.5253333333333333,0.4729082301967493,0.5270917698032508
E1,0910,2010-02-09,Sheffield Weds,Blackpool,2,0,H,,,0.4172362555720654,0.2858841010401189,0.29687964338781575,0.4221629143435592,0.283101890140971,0.2947351955154698,0.039856840623542666,0.5080213903743315,0.4919786096256684,0.5085812356982813,0.4914187643017187
E1,0910,2010-02-09,Watford,Bristol City,2,0,H,,,0.4451915858742353,0.2840486192081011,0.2707597949176636,0.451789931531986,0.2811347585488009,0.26707530991921313,0.040053467033430934,0.4932975871313674,0.5067024128686327,0.49281113411653343,0.5071888658834666
E1,0910,2010-02-09,West Brom,Scunthorpe,2,0,H,,,0.6629211269326177,0.2215010925311849,0.11557778053619737,0.6818044239164246,0.2147874997018874,0.103408076381688,0.0399074989836663,0.5699208443271768,0.43007915567282323,0.5752669847624153,0.4247330152375847
E1,0910,2010-02-13,Barnsley,Plymouth,1,3,A,,,0.5510408283122702,0.2698975485611119,0.1790616231266178,0.563939951365019,0.26602502046685966,0.1700350281681215,0.040552055928856134,0.4787234042553191,0.5212765957446808,0.4773242630376109,0.5226757369623892
E1,0910,2010-02-13,Coventry,QPR,1,0,H,,,0.44593095606331085,0.28365027174669316,0.2704187721899961,0.4524265010690035,0.2807777932262091,0.26679570570478744,0.03915504412725568,0.4826666666666667,0.5173333333333333,0.4814888648397009,0.5185111351602991
E1,0910,2010-02-13,Doncaster,Nott'm Forest,1,0,H,,fpl-team-18,0.30484330484330485,0.288698955365622,0.40645773979107314,0.3031771676324924,0.2861012590505828,0.41072157331692477,0.039576717652380466,0.44327176781002636,0.5567282321899736,0.43934777702599115,0.5606522229740089
E1,0910,2010-02-13,Leicester,Scunthorpe,5,1,H,,,0.5423225794058608,0.26880336544464406,0.1888740551494953,0.5544196452477904,0.2649793469323322,0.18060100781987742,0.039534583222121,0.49066666666666664,0.5093333333333333,0.49004097427721877,0.5099590257227813
E1,0910,2010-02-13,Middlesbrough,Peterboro,1,0,H,,,0.6059310386952936,0.24921357236661268,0.14485538893809363,0.6217794301556265,0.24412793606530078,0.1340926337790727,0.04007189720869064,0.49732620320855614,0.5026737967914439,0.4971402425073935,0.5028597574926065
E1,0910,2010-02-13,Preston,Blackpool,0,0,D,,,0.43120769967377015,0.28614091182055734,0.2826513885056725,0.4368882855610078,0.2834004355410355,0.2797112788979567,0.03938894555903971,0.4880000000000001,0.512,0.48719262295071786,0.5128073770492821
E1,0910,2010-02-13,Sheffield United,Bristol City,2,0,H,,,0.49993323541193746,0.2777406863399653,0.2223260782480972,0.5099269838461098,0.27435889424213517,0.21571412191175504,0.040850712452083826,0.48,0.5199999999999999,0.47863247862979214,0.5213675213702079
E1,0910,2010-02-13,Swansea,Newcastle,1,1,D,,fpl-team-17,0.3650323963063109,0.29156675679812255,0.34340084689556655,0.36686337812421105,0.2891589126816489,0.3439777091941401,0.039284545462578535,0.42368421052631583,0.5763157894736841,0.4177514960571316,0.5822485039428683
E1,0910,2010-02-16,Blackpool,Middlesbrough,2,0,H,,,0.38065060190162964,0.29115594628212427,0.32819345181624604,0.38332396219401205,0.28877928046061535,0.3278967573453726,0.03835700126364827,0.48930481283422456,0.5106951871657753,0.48855606099792176,0.5114439390020781
E1,0910,2010-02-16,Bristol City,Leicester,1,1,D,,,0.3544444444444444,0.29111111111111115,0.3544444444444444,0.3556355267321577,0.28872894653568454,0.3556355267321577,0.03843407903332263,0.44297082228116713,0.557029177718833,0.4386940404900047,0.5613059595099953
E1,0910,2010-02-16,Cardiff,West Brom,1,1,D,,,0.3465157922810226,0.28930290445892226,0.3641813032600552,0.3472563893277638,0.2868194144653651,0.3659241962068712,0.03842573321890086,0.5,0.5,0.5,0.5
E1,0910,2010-02-16,Derby,Preston,5,3,H,,,0.42668773806629384,0.2853310641056812,0.287981197828025,0.43186278267513845,0.28267103753602346,0.2854661797888381,0.037589492625556886,0.4654255319148936,0.5345744680851062,0.46304193319612175,0.5369580668038783
E1,0910,2010-02-16,Nott'm Forest,Sheffield United,1,0,H,fpl-team-18,,0.518721736096383,0.27309173753309574,0.20818652637052143,0.5292731677594051,0.26960548003973894,0.20112135220085592,0.03876725467853248,0.4786096256684492,0.5213903743315508,0.47708064747046347,0.5229193525295365
E1,0910,2010-02-16,Peterboro,Ipswich,3,1,H,,,0.30030123095612943,0.28728507853078633,0.41241369051308435,0.29840424676992106,0.2846505482444876,0.4169452049855913,0.03887945576570928,0.49333333333333335,0.5066666666666666,0.4928876244677607,0.5071123755322393
E1,0910,2010-02-16,Plymouth,Swansea,1,1,D,,,0.2724866557854338,0.29127883894304996,0.4362345052715161,0.26906959620290194,0.288904044753091,0.442026359044007,0.03818385489284992,0.40155440414507776,0.5984455958549223,0.3938695712762322,0.6061304287237678
E1,0910,2010-02-16,Scunthorpe,Barnsley,2,1,H,,,0.367208230529305,0.29123411386806947,0.3415576556026255,0.3691127153306776,0.2888721509210169,0.3420151337483055,0.0382078115362674,0.4866310160427808,0.5133689839572192,0.48569139193932814,0.5143086080606718
E1,0910,2010-02-16,Sheffield Weds,Doncaster,0,2,A,,,0.4483666642943564,0.2864564799658388,0.26517685573980504,0.45494615174958114,0.28376500999515253,0.2612888382552664,0.038820205722004175,0.4746666666666666,0.5253333333333333,0.4729082301967493,0.5270917698032508
E1,0910,2010-02-17,Crystal Palace,Reading,1,3,A,fpl-team-8,,0.4229154267654483,0.28674451536109347,0.29034005787345823,0.42818259935074554,0.2840066147297641,0.2878107859194904,0.03991030226461589,0.4417989417989418,0.5582010582010583,0.43756562702875157,0.5624343729712483
E1,0910,2010-02-17,Newcastle,Coventry,4,1,H,fpl-team-17,,0.6218319258309517,0.2419137257149133,0.136254348454135,0.638739428186323,0.23632793440924393,0.12493263740443311,0.04051462723873556,0.4959785522788205,0.5040214477211796,0.4956871765387142,0.5043128234612858
E1,0910,2010-02-20,Blackpool,Reading,2,0,H,,,0.4244076705128731,0.2855582474438467,0.29003408204328013,0.42983808340097784,0.28271141522294374,0.28745050137607836,0.04048371477983892,0.4866310160427808,0.5133689839572192,0.48569139193932814,0.5143086080606718
E1,0910,2010-02-20,Cardiff,Barnsley,0,2,A,,,0.540186239647468,0.2669706560107429,0.19284310434178922,0.5528032743829393,0.2628328695537753,0.18436385606328543,0.04169269045814872,0.4986666666666667,0.5013333333333333,0.49857776766420475,0.5014222323357952
E1,0910,2010-02-20,Crystal Palace,Coventry,0,1,A,fpl-team-8,,0.44216857284332317,0.2852260238402918,0.27260540331638505,0.448760464009476,0.28230583613437726,0.2689336998561466,0.041143917478621006,0.4263157894736842,0.5736842105263158,0.4207158228541977,0.5792841771458024
E1,0910,2010-02-20,Derby,Swansea,0,1,A,,,0.3771115585434938,0.2905419240350817,0.3323465174214245,0.3797635385680271,0.28795703778904647,0.3322794236429266,0.04119303869083524,0.4162303664921466,0.5837696335078534,0.40974983784512087,0.5902501621548791
E1,0910,2010-02-20,Newcastle,Preston,3,0,H,fpl-team-17,,0.6117591740365761,0.24699367721797585,0.14124714874544797,0.628731543458932,0.24150178383720555,0.1297666727038625,0.042133609065786004,0.47733333333333333,0.5226666666666666,0.4757724318792627,0.5242275681207372
E1,0910,2010-02-20,Nott'm Forest,Middlesbrough,1,0,H,fpl-team-18,,0.4839559467733897,0.27842043925818505,0.23762361396842527,0.49305702015520403,0.2750717655397272,0.23187121430506877,0.04110733326524496,0.4613333333333334,0.5386666666666667,0.458507411439061,0.541492588560939
E1,0910,2010-02-20,Plymouth,Leicester,1,1,D,,,0.3079323535333199,0.2868934970807328,0.40517414938594726,0.30638165602252243,0.2840776487915508,0.4095406951859269,0.04128896864131093,0.41253263707571797,0.5874673629242819,0.40576652602573043,0.5942334739742695
E1,0910,2010-02-20,QPR,Doncaster,2,1,H,,,0.4122378147474511,0.28500392130687974,0.302758263945669,0.41706072097653496,0.2820563097980675,0.30088296922539753,0.04152290662750602,0.4391534391534391,0.5608465608465608,0.4346442373240173,0.5653557626759828
E1,0910,2010-02-20,Scunthorpe,Watford,2,2,D,,,0.3983159312899967,0.28521387672617043,0.3164701919838329,0.40224776011319685,0.28231124413953007,0.3154409957472731,0.04110986483283341,0.5,0.5,0.5,0.5
E1,0910,2010-02-20,Sheffield Weds,Ipswich,0,1,A,,,0.3917936931760571,0.28715314158245175,0.3210531652414912,0.3953030886205951,0.284389313325064,0.32030759805434084,0.04078733175992966,0.4866310160427808,0.5133689839572192,0.48569139193932814,0.5143086080606718
E1,0910,2010-02-21,Bristol City,West Brom,2,1,H,,,0.25898457099849476,0.27770634721525345,0.46330908178625185,0.25435561548977403,0.27422110462306915,0.4714232798871568,0.04245357622858137,0.4786096256684492,0.5213903743315508,0.47708064747046347,0.5229193525295365
E1,0910,2010-02-23,Doncaster,Leicester,0,1,A,,,0.37549606511064776,0.29192170579135,0.3325822290980023,0.377791167105058,0.2896729727309087,0.3325358601640333,0.03694100654684007,0.4114583333333333,0.5885416666666665,0.4047832418679943,0.5952167581320057
E1,0910,2010-02-23,Scunthorpe,Ipswich,1,1,D,,,0.3523838475958859,0.2898110148452146,0.35780513755889953,0.35343158976239947,0.2874153981917375,0.3591530120458631,0.03747999155893922,0.4880000000000001,0.512,0.48719262295071786,0.5128073770492821
E1,0910,2010-02-27,Barnsley,Blackpool,1,0,H,,,0.387301332137554,0.2901724714134026,0.32252619644904323,0.3904941993447123,0.28762610450746795,0.32187969614781964,0.04018784058280289,0.48,0.5199999999999999,0.47863247862979214,0.5213675213702079
E1,0910,2010-02-27,Coventry,Scunthorpe,2,1,H,,,0.5167567717622891,0.272057241604264,0.21118598663344693,0.5277438998130578,0.2683277647158611,0.20392833547108108,0.04083496727980673,0.4919786096256684,0.5080213903743315,0.4914187643017187,0.5085812356982813
E1,0910,2010-02-27,Doncaster,Crystal Palace,1,1,D,,fpl-team-8,0.44047331562424535,0.28906061337841105,0.27046607099734365,0.44688358118055493,0.28640266177581014,0.266713757043635,0.0406356411986053,0.41253263707571797,0.5874673629242819,0.40576652602573043,0.5942334739742695
E1,0910,2010-02-27,Ipswich,Bristol City,0,0,D,,,0.517156938932695,0.27387897061820243,0.20896409044910255,0.5280552534025735,0.2702922421053727,0.20165250449205377,0.040415806230157614,0.449468085106383,0.550531914893617,0.44568790556134763,0.5543120944386524
E1,0910,2010-02-27,Leicester,Nott'm Forest,3,0,H,,fpl-team-18,0.3541571067720506,0.29437899639332865,0.3514638968346206,0.3554074703434582,0.2920408391285712,0.3525516905279705,0.0409349394030869,0.4088541666666667,0.5911458333333334,0.401792979595891,0.598207020404109
E1,0910,2010-02-27,Middlesbrough,QPR,2,0,H,,,0.5620300188741425,0.26495700889781,0.17301297222804757,0.5752715680540226,0.2608781860693618,0.16385024587661567,0.03964601457118988,0.4654255319148936,0.5345744680851062,0.46304193319612175,0.5369580668038783
E1,0910,2010-02-27,Preston,Cardiff,3,0,H,,,0.3526522551328799,0.28783455091842536,0.35951319394869474,0.3538164879432075,0.28508936688135345,0.361094145175439,0.04117558745201677,0.4786096256684492,0.5213903743315508,0.47708064747046347,0.5229193525295365
E1,0910,2010-02-27,Reading,Sheffield Weds,5,0,H,,,0.5202926569342068,0.27481333214922493,0.20489401091656814,0.531311202352127,0.27129684925210923,0.19739194839576388,0.04018820752389729,0.4640000000000001,0.536,0.4613998970603605,0.5386001029396396
E1,0910,2010-02-27,Sheffield United,Plymouth,4,3,H,,,0.5903555001785817,0.25254990062135513,0.15709459920006327,0.6053480343340925,0.24768017179150262,0.14697179387440493,0.040084960870444775,0.482573726541555,0.517426273458445,0.48128957973796427,0.5187104202620358
E1,0910,2010-02-27,Swansea,Peterboro,1,0,H,,,0.6349013907774198,0.2382920386979519,0.12680657052462832,0.6524624793239965,0.2324908448537582,0.11504667582224525,0.0403813433367759,0.4959785522788205,0.5040214477211796,0.4956871765387142,0.5043128234612858
E1,0910,2010-02-27,Watford,Newcastle,1,2,A,,fpl-team-17,0.24261930094925802,0.2784275712700823,0.4789531277806597,0.23716592547740567,0.2750854993342612,0.48774857518833326,0.041078942362219095,0.49732620320855614,0.5026737967914439,0.4971402425073935,0.5028597574926065
E1,0910,2010-02-27,West Brom,Derby,3,1,H,,,0.6010539456503892,0.25084636214135486,0.1480996922082559,0.6169487939766619,0.24575636053089672,0.1372948454924414,0.040914157172665,0.5226666666666666,0.47733333333333333,0.5242275681207372,0.4757724318792627
E1,0910,2010-03-06,Blackpool,Ipswich,1,0,H,,,0.41500864066042,0.2874128163579927,0.2975785429815873,0.4198591566571447,0.2846893196249399,0.29545152371791544,0.040319078136235476,0.4746666666666666,0.5253333333333333,0.4729082301967493,0.5270917698032508
E1,0910,2010-03-06,Bristol City,Doncaster,2,5,A,,,0.44252337950316545,0.2854548960375357,0.27202172445929873,0.44906801858823925,0.28257841931568506,0.2683535620960757,0.04070876131299883,0.4350132625994695,0.5649867374005305,0.4298637352493277,0.5701362647506723
E1,0910,2010-03-06,Cardiff,Middlesbrough,1,0,H,,,0.4342261844323051,0.28634729809313,0.2794265174745649,0.4402699276981627,0.28352954209672965,0.2762005302051076,0.040678305784240365,0.4562334217506631,0.5437665782493368,0.45320476460766396,0.546795235392336
E1,0910,2010-03-06,Crystal Palace,Sheffield United,1,0,H,fpl-team-8,,0.35163830414478775,0.28990869589366514,0.3584529999615471,0.3527284134643423,0.2873196201120369,0.3599519664236208,0.040670139947906137,0.4114583333333333,0.5885416666666665,0.4047832418679943,0.5952167581320057
E1,0910,2010-03-06,Derby,Watford,2,0,H,,,0.47199570815450637,0.2786480686695279,0.24935622317596562,0.4802839156597294,0.27535999219490204,0.24435609214536863,0.040629162918776274,0.49333333333333335,0.5066666666666666,0.4928876244677607,0.5071123755322393
E1,0910,2010-03-06,Newcastle,Barnsley,6,1,H,fpl-team-17,,0.6478548398484384,0.2276246734602621,0.1245204866912993,0.6663183599854524,0.22114446821585224,0.1125371717986954,0.04077205643989146,0.5437665782493368,0.4562334217506631,0.546795235392336,0.45320476460766396
E1,0910,2010-03-06,Nott'm Forest,Swansea,1,0,H,fpl-team-18,,0.4651758127448288,0.2839570145282851,0.250867172726886,0.4729889041387872,0.28101071952464757,0.2460003763365653,0.0402702703140676,0.3969072164948454,0.6030927835051546,0.3889998890107268,0.6110001109892732
E1,0910,2010-03-06,Peterboro,Coventry,0,1,A,,,0.36120048368007035,0.2898662188780502,0.3489332974418793,0.36286749563299897,0.2872695932331085,0.3498629111338925,0.04074972542002797,0.4613333333333334,0.5386666666666667,0.458507411439061,0.541492588560939
E1,0910,2010-03-06,Plymouth,Preston,1,1,D,,,0.37604637010115793,0.28999187161405915,0.33396175828478286,0.37859196608804624,0.287415950403702,0.33399208350825177,0.04051899048499763,0.43007915567282323,0.5699208443271768,0.4247330152375847,0.5752669847624153
E1,0910,2010-03-06,QPR,West Brom,3,1,H,,,0.2683420837337866,0.2822500575858426,0.44940785868037075,0.26450321495270684,0.2792196714899907,0.4562771135573025,0.04018871486186981,0.5066666666666666,0.49333333333333335,0.5071123755322393,0.4928876244677607
E1,0910,2010-03-06,Sheffield Weds,Leicester,2,0,H,,,0.348250353679115,0.2913037549642912,0.3604458913565938,0.3491185510867612,0.28885165418182746,0.3620297947314114,0.03977129980921745,0.4391534391534391,0.5608465608465608,0.4346442373240173,0.5653557626759828
E1,0910,2010-03-09,Crystal Palace,Bristol City,0,1,A,fpl-team-8,,0.4643331293797116,0.28399579778575634,0.25167107283453205,0.4717673771418102,0.2811779598692647,0.2470546629889251,0.038531276397407055,0.41361256544502617,0.5863874345549738,0.40675858952664745,0.5932414104733524
E1,0910,2010-03-09,Ipswich,Cardiff,2,0,H,,,0.403897592663355,0.288498280473825,0.30760412686282007,0.4078784583813549,0.28597413056056203,0.3061474110580831,0.0382703555515036,0.4521276595744681,0.547872340425532,0.4486007995439608,0.5513992004560392
E1,0910,2010-03-09,Peterboro,Sheffield United,1,0,H,,,0.3095712861415753,0.28664007976071787,0.40378863409770693,0.3082195394250997,0.28400243905647804,0.4077780215184223,0.03841635142453015,0.4456233421750664,0.5543766578249337,0.44161540213184014,0.5583845978681599
E1,0910,2010-03-09,Preston,Doncaster,1,1,D,,,0.4169074463419933,0.28606264779773694,0.29702990586026995,0.4215723953948604,0.28342761433713903,0.29499999026800056,0.03785425843670964,0.4562334217506631,0.5437665782493368,0.45320476460766396,0.546795235392336
E1,0910,2010-03-09,QPR,Plymouth,2,0,H,,,0.5427442310702751,0.26823486564455795,0.18902090328516707,0.5547382006342161,0.2644200167580171,0.18084178260776682,0.03910797624848783,0.4680851063829787,0.5319148936170213,0.46590909090869675,0.5340909090913033
E1,0910,2010-03-09,Watford,Swansea,0,1,A,,,0.3428815660850835,0.291288101595792,0.36583033231912454,0.34341234146247246,0.28893528928406476,0.3676523692534628,0.03810766024980694,0.42105263157894735,0.5789473684210527,0.41477272727237297,0.5852272727276271
E1,0910,2010-03-09,West Brom,Sheffield Weds,1,0,H,,,0.6486576800238196,0.22514089379467525,0.12620142618150504,0.6668646950136768,0.2186393645778554,0.11449594040846776,0.04005401988979429,0.5620052770448549,0.4379947229551451,0.5664630352278986,0.43353696477210124
E1,0910,2010-03-10,Reading,Derby,4,1,H,,,0.5094339622641509,0.27594339622641517,0.21462264150943397,0.519655701313784,0.2725596518835395,0.20778464680267641,0.039527976186946034,0.48533333333333345,0.5146666666666666,0.4843420827867654,0.5156579172132345
E1,0910,2010-03-13,Barnsley,Crystal Palace,0,0,D,,fpl-team-8,0.40674382605996284,0.28853390161128617,0.30472227232875104,0.4112366831103106,0.2857975471505874,0.30296576973910194,0.04157710261642933,0.4456233421750664,0.5543766578249337,0.44161540213184014,0.5583845978681599
E1,0910,2010-03-13,Coventry,Plymouth,1,1,D,,,0.5374188082462581,0.2671561705732844,0.19542502118045746,0.5497555472660867,0.2630722550413323,0.18717219769258095,0.04129546135663986,0.4693333333333332,0.5306666666666666,0.467165372312263,0.5328346276877369
E1,0910,2010-03-13,Doncaster,Derby,2,1,H,,,0.4520849273144606,0.28289977046671766,0.2650153022188217,0.45946912500431025,0.27975305867821393,0.2607778163174758,0.04227129160426557,0.4562334217506631,0.5437665782493368,0.45320476460766396,0.546795235392336
E1,0910,2010-03-13,Ipswich,Scunthorpe,1,0,H,,,0.5645900227706171,0.2614436753170755,0.17396630191230733,0.5793756003783344,0.25670510721944223,0.16391929240222336,0.043898982694372535,0.5040214477211796,0.4959785522788205,0.5043128234612858,0.4956871765387142
E1,0910,2010-03-13,Leicester,Cardiff,1,0,H,,,0.45880196321920647,0.2828809650523328,0.25831707172846075,0.46661132946935996,0.2797250837481439,0.25366358678249606,0.04232292855158448,0.4613333333333334,0.5386666666666667,0.458507411439061,0.541492588560939
E1,0910,2010-03-13,Middlesbrough,Newcastle,2,2,D,,fpl-team-17,0.3398621442707978,0.28888282263017817,0.3712550330990241,0.34024782501293344,0.2862176687552648,0.37353450623180184,0.04089792538434267,0.44533333333333336,0.5546666666666668,0.44098341777534705,0.559016582224653
E1,0910,2010-03-13,Preston,Nott'm Forest,3,2,H,,fpl-team-18,0.33853189093266894,0.28881001945193324,0.3726580896153977,0.338838353303589,0.2861316576613581,0.37502998903505286,0.0410349159501493,0.42368421052631583,0.5763157894736841,0.4177514960571316,0.5822485039428683
E1,0910,2010-03-13,Reading,Bristol City,2,0,H,,,0.5189737812442765,0.2724995075559918,0.20852671119973187,0.5302864852564928,0.26872692286521266,0.20098659187829448,0.04157071700319648,0.4866310160427808,0.5133689839572192,0.48569139193932814,0.5143086080606718
E1,0910,2010-03-13,Sheffield United,QPR,1,1,D,,,0.451165096678235,0.2845810609816559,0.264253842340109,0.4582275095262429,0.2816478989615905,0.26012459151216666,0.040716529823839664,0.4932975871313674,0.5067024128686327,0.49281113411653343,0.5071888658834666
E1,0910,2010-03-13,Swansea,Sheffield Weds,0,0,D,,,0.5909307171099044,0.25465522615785935,0.15441405673223635,0.6070524376734299,0.2495379171376117,0.14340964518895846,0.04313360177911818,0.4338624338624339,0.5661375661375662,0.4287668110342363,0.5712331889657637
E1,0910,2010-03-13,Watford,Peterboro,0,1,A,,,0.5414019837289646,0.2652401649392622,0.1933578513317731,0.5546876868418014,0.2607955380549407,0.1845167751032579,0.04369603516533971,0.49865951742627346,0.5013404825737265,0.4985624748435459,0.5014375251564542
E1,0910,2010-03-13,West Brom,Blackpool,3,2,H,,,0.598040380047506,0.24691211401425184,0.1550475059382423,0.6148110587420708,0.24124673955635506,0.14394220170157426,0.04368440224789083,0.5558510638297872,0.4441489361702128,0.5601667478333031,0.43983325216669694
E1,0910,2010-03-16,Barnsley,Nott'm Forest,2,1,H,,fpl-team-18,0.34142390705168973,0.2929567909087054,0.36561930203960474,0.3418767102481156,0.2906790349416889,0.36744425481019544,0.03841744223609567,0.41253263707571797,0.5874673629242819,0.40576652602573043,0.5942334739742695
E1,0910,2010-03-16,Coventry,Cardiff,1,2,A,,,0.3779059152226435,0.2902412201553219,0.33185286462203467,0.38053291405496403,0.2877085205398184,0.33175856540521753,0.040054762503132224,0.4365079365079365,0.5634920634920635,0.431711480998045,0.568288519001955
E1,0910,2010-03-16,Crystal Palace,Leicester,0,1,A,fpl-team-8,,0.3547454537747446,0.29319655800941036,0.35205798821584505,0.3559400053484783,0.2909581434619801,0.35310185118954157,0.03797542164102197,0.3994845360824742,0.6005154639175257,0.39201162949817103,0.6079883705018291
E1,0910,2010-03-16,Derby,Middlesbrough,2,2,D,,,0.3428815660850835,0.291288101595792,0.36583033231912454,0.34341234146247246,0.28893528928406476,0.3676523692534628,0.03810766024980694,0.4588859416445623,0.5411140583554377,0.4560806981703291,0.543919301829671
E1,0910,2010-03-16,Peterboro,Doncaster,1,2,A,,,0.3421995145383871,0.28980021387469657,0.3680002715869163,0.3427049710159192,0.2872971500671537,0.36999787891692715,0.03918251837603748,0.449468085106383,0.550531914893617,0.44568790556134763,0.5543120944386524
E1,0910,2010-03-16,Plymouth,Bristol City,3,2,H,,,0.3824078905290088,0.2903909918704661,0.3272011176005252,0.38516166321456774,0.28798776876358967,0.3268505680218427,0.03808924159966409,0.4365079365079365,0.5634920634920635,0.431711480998045,0.568288519001955
E1,0910,2010-03-16,Preston,Sheffield Weds,2,2,D,,,0.4824236714000494,0.28068286336002873,0.23689346523992194,0.49119113154332766,0.2775559598121042,0.23125290864456816,0.039986816002056,0.47733333333333333,0.5226666666666666,0.4757724318792627,0.5242275681207372
E1,0910,2010-03-16,Reading,QPR,1,0,H,,,0.48835047439170154,0.2761505658762598,0.2354989597320388,0.49725635468381724,0.2728367504999253,0.2299068948162575,0.03905190876685083,0.48533333333333345,0.5146666666666666,0.4843420827867654,0.5156579172132345
E1,0910,2010-03-16,Sheffield United,Blackpool,3,0,H,,,0.44738946555956505,0.28495267498716914,0.2676578594532658,0.45410823473176126,0.28209389029256554,0.26379787497567314,0.040000523906201124,0.4509283819628647,0.5490716180371352,0.44742824666177167,0.5525717533382284
E1,0910,2010-03-16,Swansea,West Brom,0,2,A,,,0.37241273963186433,0.2916062017872146,0.3359810585809212,0.3746677979251799,0.2892043293446915,0.3361278727301287,0.0392134462017566,0.42894736842105263,0.5710526315789474,0.4236662802851672,0.5763337197148328
E1,0910,2010-03-16,Watford,Ipswich,2,1,H,,,0.3745997685204741,0.2912248984109015,0.3341753330686244,0.3769225647254858,0.28886066580142195,0.33421676947309226,0.03822695161215961,0.4613333333333334,0.5386666666666667,0.458507411439061,0.541492588560939
E1,0910,2010-03-17,Newcastle,Scunthorpe,3,0,H,fpl-team-17,,0.7073513768875563,0.19799792814587583,0.0946506949665678,0.7292441319536538,0.1896110282537619,0.08114483979258441,0.04135729465633631,0.5725593667546175,0.4274406332453826,0.5782272287610797,0.42177277123892026
E1,0910,2010-03-20,Blackpool,Crystal Palace,2,2,D,,fpl-team-8,0.4922200692854207,0.2787270271857202,0.22905290352885915,0.5016833955112143,0.27543576214062654,0.22288084234815916,0.04053228534758091,0.44297082228116713,0.557029177718833,0.4386940404900047,0.5613059595099953
E1,0910,2010-03-20,Bristol City,Newcastle,2,2,D,,fpl-team-17,0.22558638165161457,0.27594048469884996,0.49847313364953544,0.21937085894060823,0.2725692879370785,0.5080598531223133,0.0394962391583249,0.47340425531914887,0.526595744680851,0.47162637611816793,0.5283736238818321
E1,0910,2010-03-20,Doncaster,Sheffield United,1,1,D,,,0.41377742130200024,0.28431332015842964,0.30190925853957024,0.4184596969182117,0.2814659934935739,0.3000743095882144,0.03950482257641852,0.46276595744680854,0.5372340425531915,0.4601684306396359,0.5398315693603641
E1,0910,2010-03-20,Ipswich,Barnsley,1,0,H,,,0.5194606190622127,0.27275513331290224,0.2077842476248851,0.5306654815765507,0.26904324168617,0.20029127673727928,0.04105826071463525,0.4574468085106383,0.5425531914893618,0.4544003647952621,0.545599635204738
E1,0910,2010-03-20,Middlesbrough,Reading,1,1,D,,,0.4429123995430587,0.28482674309076694,0.2722608573661743,0.4494048766375457,0.28194658449946347,0.2686485388629909,0.04023221740499139,0.46684350132625996,0.53315649867374,0.46466530981435855,0.5353346901856414
E1,0910,2010-03-20,Nott'm Forest,Peterboro,1,0,H,fpl-team-18,,0.634671762589928,0.23698741007194246,0.1283408273381295,0.6523075044884858,0.23108802208977766,0.11660447342173652,0.040571022662334144,0.4919786096256684,0.5080213903743315,0.4914187643017187,0.5085812356982813
E1,0910,2010-03-20,QPR,Swansea,1,1,D,,,0.3814205432011062,0.28873891588121126,0.3298405409176826,0.38421540924516345,0.28615448739126886,0.32963010336356774,0.03948413161560893,0.4103896103896104,0.5896103896103896,0.4038086209801802,0.5961913790198198
E1,0910,2010-03-20,Scunthorpe,Plymouth,2,1,H,,,0.443328654213008,0.28335073006274814,0.2733206157242438,0.4497648784256431,0.2804212367539611,0.26981388482039576,0.03972308523952961,0.47340425531914887,0.526595744680851,0.47162637611816793,0.5283736238818321
E1,0910,2010-03-20,Sheffield Weds,Derby,0,0,D,,,0.43764544172082415,0.283733436222675,0.2786211220565007,0.443637953253049,0.2808817938708197,0.2754802528761313,0.038982927333563566,0.4746666666666666,0.5253333333333333,0.4729082301967493,0.5270917698032508
E1,0910,2010-03-20,West Brom,Preston,3,2,H,,,0.629844122990164,0.23439768627735214,0.13575819073248402,0.6473932801067077,0.22831290203947924,0.12429381785381306,0.040947636123746634,0.5611702127659575,0.4388297872340426,0.5660634783884689,0.4339365216115311
E1,0910,2010-03-21,Cardiff,Watford,3,1,H,,,0.5520879079806766,0.2642472038198111,0.18366488819951224,0.5647268182080344,0.2601594782828977,0.17511370350906796,0.039491306990385056,0.5080213903743315,0.4919786096256684,0.5085812356982813,0.4914187643017187
E1,0910,2010-03-21,Leicester,Coventry,2,2,D,,,0.5291048552213148,0.26916671413875026,0.20172843063993484,0.5406765045554078,0.26530372711413197,0.19401976833046017,0.040325080044567585,0.4417989417989418,0.5582010582010583,0.43756562702875157,0.5624343729712483
E1,0910,2010-03-23,Blackpool,Swansea,5,1,H,,,0.3756525715447051,0.2917804565142835,0.3325669719410113,0.37807561400208606,0.28940741819392707,0.33251696780398693,0.03889218135736883,0.41514360313315923,0.5848563968668407,0.408748876912001,0.591251123087999
E1,0910,2010-03-23,Bristol City,Barnsley,5,3,H,,,0.4338259017874427,0.28653933019294053,0.27963476801961673,0.439549276980071,0.2838714217083527,0.2765793013115763,0.038640076643787324,0.4509283819628647,0.5490716180371352,0.44742824666177167,0.5525717533382284
E1,0910,2010-03-23,Doncaster,Newcastle,0,1,A,,fpl-team-17,0.2807359237678267,0.2850416894697872,0.4342223867623861,0.2777796320689706,0.28232408266269904,0.43989628526833024,0.03814687789417803,0.47733333333333333,0.5226666666666666,0.4757724318792627,0.5242275681207372
E1,0910,2010-03-23,Ipswich,Plymouth,0,2,A,,,0.5798722448052113,0.259886720360879,0.16024103483390983,0.5940535166203103,0.25551399319988105,0.15043249017980867,0.03947923285886645,0.44827586206896547,0.5517241379310345,0.444526627215846,0.555473372784154
E1,0910,2010-03-23,Middlesbrough,Preston,2,0,H,,,0.5368786284912299,0.2692173992144428,0.1939039722943273,0.5484149090735972,0.26550687871022405,0.1860782122161787,0.0386647405102849,0.4654255319148936,0.5345744680851062,0.46304193319612175,0.5369580668038783
E1,0910,2010-03-23,Nott'm Forest,Crystal Palace,2,0,H,fpl-team-18,fpl-team-8,0.5585549676410361,0.26415989922624494,0.17728513313271888,0.5716249715569257,0.26003528513532925,0.16833974330774504,0.03971002344042063,0.41361256544502617,0.5863874345549738,0.40675858952664745,0.5932414104733524
E1,0910,2010-03-23,QPR,Derby,1,1,D,,,0.5132887249077607,0.27165280470264525,0.21505847038959414,0.5234493520564506,0.26812297416320763,0.20842767378034174,0.03842734731733799,0.4562334217506631,0.5437665782493368,0.45320476460766396,0.546795235392336
E1,0910,2010-03-23,Scunthorpe,Peterboro,4,0,H,,,0.480163485486531,0.27913118282801347,0.24070533168545571,0.4887407527168573,0.27593881514891627,0.23532043213422654,0.03970752423629165,0.47058823529411764,0.5294117647058824,0.4684343434345415,0.5315656565654585
E1,0910,2010-03-24,Cardiff,Sheffield United,1,1,D,,,0.48183681282796204,0.28034141837263243,0.2378217687994054,0.49071184582920324,0.27714377510402044,0.23214437906677624,0.04064825759269297,0.4654255319148936,0.5345744680851062,0.46304193319612175,0.5369580668038783
E1,0910,2010-03-24,Leicester,Reading,1,2,A,,,0.45165476963011036,0.28228423101881894,0.2660609993510707,0.4586460540031956,0.27925921081528043,0.26209473518152393,0.04012728238012642,0.46276595744680854,0.5372340425531915,0.4601684306396359,0.5398315693603641
E1,0910,2010-03-24,Sheffield Weds,Watford,2,1,H,,,0.4422000104662725,0.28436862211523367,0.2734313674184939,0.4487877872585832,0.28140007725527916,0.2698121354861376,0.04110512160696089,0.4666666666666667,0.5333333333333333,0.4642857142816436,0.5357142857183564
E1,0910,2010-03-24,West Brom,Coventry,1,0,H,,,0.6384072424237655,0.23084551159961594,0.13074724597661863,0.656509953906382,0.22451288178340145,0.11897716431021646,0.04113235790282488,0.5585106382978724,0.4414893617021276,0.5631095811795052,0.43689041882049473
E1,0910,2010-03-27,Barnsley,Doncaster,0,1,A,,,0.39563369118812597,0.285395201383385,0.31897110742848905,0.39952249747567725,0.2824125553250794,0.3180649471992432,0.04244043421931565,0.4693333333333332,0.5306666666666666,0.467165372312263,0.5328346276877369
E1,0910,2010-03-27,Coventry,Sheffield Weds,1,1,D,,,0.45448059643518207,0.2856333160258265,0.2598860875389914,0.4619783375966323,0.2826656467113311,0.2553560156920366,0.04207563726231456,0.4547872340425533,0.5452127659574468,0.45150477820811263,0.5484952217918874
E1,0910,2010-03-27,Crystal Palace,Cardiff,1,2,A,fpl-team-8,,0.35267367771992325,0.2905676212661003,0.35675870101397644,0.353839097163848,0.28798892000902854,0.3581719828271234,0.041140181478112936,0.449468085106383,0.550531914893617,0.44568790556134763,0.5543120944386524
E1,0910,2010-03-27,Derby,Leicester,1,0,H,,,0.35797255392417204,0.2895201219825592,0.3525073240932686,0.3594682492537574,0.2868623948423097,0.35366935590393295,0.041396722896024585,0.4547872340425533,0.5452127659574468,0.45150477820811263,0.5484952217918874
E1,0910,2010-03-27,Peterboro,Bristol City,0,1,A,,,0.35384161489355337,0.2868095077242777,0.359348877382169,0.3550850181439961,0.2839861931694257,0.3609287886865782,0.04142421158030629,0.4666666666666667,0.5333333333333333,0.4642857142816436,0.5357142857183564
E1,0910,2010-03-27,Plymouth,Blackpool,0,2,A,,,0.35861945453615107,0.28823619710382237,0.3531443483600266,0.3601188565141693,0.2855639303759204,0.3543172131099104,0.040420369477942586,0.4693333333333332,0.5306666666666666,0.467165372312263,0.5328346276877369
E1,0910,2010-03-27,Preston,QPR,2,2,D,,,0.41554611347163206,0.2829792551862034,0.30147463134216446,0.4206346575218764,0.27986980055386385,0.2994955419242597,0.04205732804257423,0.4919786096256684,0.5080213903743315,0.4914187643017187,0.5085812356982813
E1,0910,2010-03-27,Reading,West Brom,1,1,D,,,0.3454678468903616,0.2855724926307323,0.36895966047890616,0.34621070982316715,0.28262865364101286,0.3711606365358201,0.04208923934493214,0.5319148936170213,0.4680851063829787,0.5340909090913033,0.46590909090869675
E1,0910,2010-03-27,Swansea,Ipswich,0,0,D,,,0.48101456705974616,0.2815695026691197,0.23741593027113433,0.49003840791262027,0.27837344848929324,0.2315881435980865,0.04157962091267109,0.40992167101827676,0.5900783289817232,0.40276760047367766,0.5972323995263223
E1,0910,2010-03-27,Watford,Middlesbrough,1,1,D,,,0.347024308466052,0.28667225481978204,0.366303436714166,0.3478562932554051,0.28382302394988096,0.3683206827947139,0.04168468154966831,0.4693333333333332,0.5306666666666666,0.467165372312263,0.5328346276877369
E1,0910,2010-03-28,Sheffield United,Scunthorpe,0,1,A,,,0.5777458812496068,0.2589337282911403,0.1633203904592528,0.5925124045519149,0.25428476252650345,0.15320283292158166,0.041501680854707956,0.48533333333333345,0.5146666666666666,0.4843420827867654,0.5156579172132345
E1,0910,2010-03-29,Newcastle,Nott'm Forest,2,0,H,fpl-team-17,fpl-team-18,0.5450360179819097,0.2670205275415696,0.1879434544765206,0.5574364261684097,0.26304439886656034,0.17951917496502998,0.040024364832788706,0.4562334217506631,0.5437665782493368,0.45320476460766396,0.546795235392336
E1,0910,2010-03-30,Cardiff,Leicester,2,1,H,,,0.4610108233099509,0.2851174630316927,0.2538717136583565,0.46847564965480487,0.2822806041592598,0.24924374618593528,0.039714608108624816,0.44031830238726793,0.5596816976127321,0.4357620053754798,0.5642379946245202
E1,0910,2010-03-30,Plymouth,Barnsley,0,0,D,,,0.3812410781761693,0.2888907548912587,0.32986816693257204,0.38388970923453875,0.28644036115291605,0.3296699296125452,0.037523654056712985,0.47074468085106375,0.5292553191489361,0.4687704057047033,0.5312295942952968
E1,0910,2010-03-30,Watford,Crystal Palace,1,3,A,,fpl-team-8,0.4281949934123847,0.2859025032938077,0.2859025032938077,0.43353331307183335,0.28323334346408335,0.28323334346408335,0.03816949692554772,0.4521276595744681,0.547872340425532,0.4486007995439608,0.5513992004560392
E1,0910,2010-04-02,Scunthorpe,Blackpool,2,4,A,,,0.3414625930541988,0.2840300468218412,0.37450736012396,0.3419142911027469,0.2812542674846413,0.3768314414126118,0.03836441691964865,0.5026737967914439,0.49732620320855614,0.5028597574926065,0.4971402425073935
E1,0910,2010-04-02,West Brom,Leicester,3,0,H,,,0.5857704059362723,0.2544740288083806,0.159755565255347,0.5995318210980203,0.25004400247636277,0.1504241764256169,0.037363189505413175,0.5026737967914439,0.49732620320855614,0.5028597574926065,0.4971402425073935
E1,0910,2010-04-03,Bristol City,Nott'm Forest,1,1,D,,fpl-team-18,0.33112328977120303,0.2886981182692676,0.38017859195952936,0.33098115492945757,0.28599856026310233,0.38302028480744005,0.04124802118167281,0.4509283819628647,0.5490716180371352,0.44742824666177167,0.5525717533382284
E1,0910,2010-04-03,Cardiff,Swansea,2,1,H,,,0.43411586443349437,0.28986419788192574,0.27601993768458,0.4401728869826365,0.2872453349338511,0.2725817780835124,0.04081675736233592,0.4077922077922079,0.5922077922077923,0.40082690803714605,0.599173091962854
E1,0910,2010-04-03,Coventry,Derby,0,1,A,,,0.4489325536310692,0.28455417245538545,0.2665132739135454,0.45586945547826124,0.2816173401196924,0.2625132044020464,0.04076340235769749,0.44680851063829785,0.5531914893617021,0.4427655677726523,0.5572344322273477
E1,0910,2010-04-03,Doncaster,Plymouth,1,2,A,,,0.5314558376989555,0.26881777837098336,0.19972638393006106,0.543368696442006,0.26486258377078514,0.1917687197872087,0.04104821779765189,0.4417989417989418,0.5582010582010583,0.43756562702875157,0.5624343729712483
E1,0910,2010-04-03,Ipswich,Reading,2,1,H,,,0.3775649794801641,0.28727770177838574,0.3351573187414501,0.3802023866123809,0.2845394836291406,0.3352581297584784,0.04054470453411341,0.47593582887700536,0.5240641711229947,0.4742031644086983,0.5257968355913017
E1,0910,2010-04-03,Middlesbrough,Crystal Palace,1,1,D,,fpl-team-8,0.5706088619700351,0.2582084794389544,0.17118265859101053,0.5849483148160702,0.25353658073056207,0.16151510445336764,0.04144906799774617,0.4666666666666667,0.5333333333333333,0.4642857142816436,0.5357142857183564
E1,0910,2010-04-03,Peterboro,Newcastle,2,3,A,,fpl-team-17,0.15549801185303966,0.25141662242543095,0.5930853657215294,0.14504577805532007,0.24635392173114662,0.6086003002135333,0.04109301371499896,0.4866310160427808,0.5133689839572192,0.48569139193932814,0.5143086080606718
E1,0910,2010-04-03,Preston,Watford,1,1,D,,,0.48647690153989737,0.27591227251516565,0.23761082594493702,0.49573764331930026,0.27241048908210164,0.2318518675985981,0.041141643887385726,0.5040214477211796,0.4959785522788205,0.5043128234612858,0.4956871765387142
E1,0910,2010-04-03,QPR,Sheffield Weds,1,1,D,,,0.49122125974645353,0.2773261166136134,0.23145262363993296,0.5008777699675382,0.27386306688789713,0.22525916314456465,0.041637583170086145,0.4574468085106383,0.5425531914893618,0.4544003647952621,0.545599635204738
E1,0910,2010-04-03,Sheffield United,Barnsley,0,0,D,,,0.5023861499012814,0.275937467408465,0.22167638269025366,0.5125976940293044,0.27242288640124984,0.21497941956944577,0.04114433913491666,0.4547872340425533,0.5452127659574468,0.45150477820811263,0.5484952217918874
E1,0910,2010-04-05,Barnsley,Peterboro,2,2,D,,,0.5483664358169399,0.2655413399801227,0.1860922242029374,0.5609300179014185,0.26148627601874813,0.17758370607983334,0.03993176552467048,0.4679144385026738,0.5320855614973262,0.46554199568856475,0.5344580043114353
E1,0910,2010-04-05,Blackpool,Doncaster,2,0,H,,,0.49385878106991093,0.2763257465510216,0.22981547237906746,0.5030015052483965,0.2730451934189843,0.2239533013326192,0.03872270230203867,0.4746666666666666,0.5253333333333333,0.4729082301967493,0.5270917698032508
E1,0910,2010-04-05,Crystal Palace,Preston,3,1,H,fpl-team-8,,0.4484713360688788,0.2847655416142881,0.266763122316833,0.4550359301520745,0.2819877900134679,0.26297627983445765,0.03869340266101062,0.4414893617021276,0.5585106382978724,0.43689041882049473,0.5631095811795052
E1,0910,2010-04-05,Derby,Ipswich,1,3,A,,,0.40767216451344673,0.28956153741142004,0.30276629807513306,0.41183364843444514,0.28711495498678297,0.30105139657877195,0.037967024836689234,0.4441489361702128,0.5558510638297872,0.43983325216669694,0.5601667478333031
E1,0910,2010-04-05,Leicester,QPR,4,0,H,,,0.49671436467481417,0.27562488484922926,0.22766075047595652,0.5059646631537978,0.2723224032864534,0.22171293355974875,0.0384951364248991,0.449468085106383,0.550531914893617,0.44568790556134763,0.5543120944386524
E1,0910,2010-04-05,Newcastle,Sheffield United,2,1,H,fpl-team-17,,0.649661982879952,0.2282596156064696,0.12207840151357836,0.6675367389026639,0.22205540312640154,0.11040785797093458,0.03921833308413625,0.5133689839572192,0.4866310160427808,0.5143086080606718,0.48569139193932814
E1,0910,2010-04-05,Nott'm Forest,Cardiff,0,0,D,fpl-team-18,,0.4742989067698784,0.2817048052330187,0.2439962879971028,0.482185892235546,0.27879396153595326,0.2390201462285008,0.037992240162566304,0.4547872340425533,0.5452127659574468,0.45150477820811263,0.5484952217918874
E1,0910,2010-04-05,Plymouth,Middlesbrough,0,2,A,,,0.32558081093645946,0.2828979607222285,0.391521228341312,0.325127592409569,0.2800195236950973,0.39485288389533363,0.03887951700016856,0.449468085106383,0.550531914893617,0.44568790556134763,0.5543120944386524
E1,0910,2010-04-05,Reading,Coventry,3,0,H,,,0.5648180982203497,0.2587434863355792,0.17643841544407116,0.5784312901699158,0.25424462699588707,0.16732408283419717,0.04026483907364309,0.47074468085106375,0.5292553191489361,0.4687704057047033,0.5312295942952968
E1,0910,2010-04-05,Sheffield Weds,Bristol City,0,1,A,,,0.44593095606331085,0.28365027174669316,0.2704187721899961,0.4524265010690035,0.2807777932262091,0.26679570570478744,0.03915504412725568,0.4586666666666667,0.5413333333333333,0.4556077443035696,0.5443922556964305
E1,0910,2010-04-05,Swansea,Scunthorpe,3,0,H,,,0.5996228132925798,0.2511933407036483,0.14918384600377188,0.6145776682991688,0.2464119362136569,0.13901039548717442,0.038618828635662794,0.44297082228116713,0.557029177718833,0.4386940404900047,0.5613059595099953
E1,0910,2010-04-05,Watford,West Brom,1,1,D,,,0.23190782893947276,0.27203264391727006,0.4960595271432572,0.2260900685757207,0.26846774604194534,0.5054421853823339,0.03920733160339296,0.5333333333333333,0.4666666666666667,0.5357142857183564,0.4642857142816436
E1,0910,2010-04-10,Barnsley,Derby,0,0,D,,,0.4050543697140556,0.2850382601691502,0.3099073701167942,0.4094300193160343,0.28209987679072596,0.30847010389323976,0.041449982207268476,0.44680851063829785,0.5531914893617021,0.4427655677726523,0.5572344322273477
E1,0910,2010-04-10,Bristol City,Swansea,1,0,H,,,0.35195716490318624,0.28926479490480617,0.35877804019200765,0.35305316836986766,0.2866683913876899,0.3602784402424424,0.04018043354153633,0.40731070496083555,0.5926892950391646,0.39975149668630366,0.6002485033136963
E1,0910,2010-04-10,Cardiff,Reading,0,0,D,,,0.44673413210494567,0.2836624703856557,0.26960339750939866,0.45354481059964175,0.2806719190910403,0.265783270309318,0.04079493647441268,0.4746666666666666,0.5253333333333333,0.4729082301967493,0.5270917698032508
E1,0910,2010-04-10,Crystal Palace,QPR,0,2,A,fpl-team-8,,0.41759429374257007,0.2866097481897763,0.29579595806765374,0.42278369505320257,0.28373581919880037,0.2934804857479972,0.041840435238555074,0.4274406332453826,0.5725593667546175,0.42177277123892026,0.5782272287610797
E1,0910,2010-04-10,Doncaster,West Brom,2,3,A,,,0.2801058774961753,0.28181384016383487,0.4380802823399898,0.27689291430991436,0.2787023411846585,0.4444047445054273,0.041008643340319395,0.4879356568364612,0.5120643431635389,0.4870548299852793,0.5129451700147207
E1,0910,2010-04-10,Middlesbrough,Sheffield Weds,1,0,H,,,0.5533724578951653,0.26253750133094494,0.18409004077388966,0.5667177246404553,0.2581394071677782,0.17514286819176647,0.041506112553179264,0.4521276595744681,0.547872340425532,0.4486007995439608,0.5513992004560392
E1,0910,2010-04-10,Newcastle,Blackpool,4,1,H,fpl-team-17,,0.5817942706844301,0.25001429469952535,0.16819143461604436,0.5966734153976706,0.244892868349559,0.15843371625277042,0.04109290288761258,0.5585106382978724,0.4414893617021276,0.5631095811795052,0.43689041882049473
E1,0910,2010-04-10,Nott'm Forest,Ipswich,3,0,H,fpl-team-18,,0.5027990698475583,0.2753423477736629,0.22185858237877873,0.5129262738954911,0.2718307693312934,0.2152429567732155,0.04069520509801805,0.44031830238726793,0.5596816976127321,0.4357620053754798,0.5642379946245202
E1,0910,2010-04-10,Peterboro,Leicester,1,2,A,,,0.21601819100555836,0.2703385548256695,0.5136432541687721,0.2089988742189822,0.26648949766501706,0.5245116281160007,0.0410783844999969,0.4613333333333334,0.5386666666666667,0.458507411439061,0.541492588560939
E1,0910,2010-04-10,Preston,Scunthorpe,3,2,H,,,0.5011629259216188,0.27282242121176886,0.2260146528666124,0.5116238729089804,0.2690073785758105,0.2193687485152091,0.04247162654064596,0.5080213903743315,0.4919786096256684,0.5085812356982813,0.4914187643017187
E1,0910,2010-04-10,Sheffield United,Coventry,1,0,H,,,0.5049818889259111,0.27340735406343714,0.2216107570106517,0.5153912734010669,0.2697264338154286,0.21488229278350446,0.041312036802992225,0.44680851063829785,0.5531914893617021,0.4427655677726523,0.5572344322273477
E1,0910,2010-04-10,Watford,Plymouth,1,0,H,,,0.457070687137388,0.2806330662667245,0.26229624659588746,0.4646572849189234,0.27739075555168535,0.2579519595293913,0.041673116851598024,0.4574468085106383,0.5425531914893618,0.4544003647952621,0.545599635204738
E1,0910,2010-04-13,Reading,Newcastle,1,2,A,,fpl-team-17,0.35452463013663954,0.28405337338165004,0.36142199648171036,0.3557147267108155,0.2812827929044428,0.36300248038474175,0.03831795998848975,0.5253333333333333,0.4746666666666666,0.5270917698032508,0.4729082301967493
E1,0910,2010-04-17,Blackpool,Nott'm Forest,3,1,H,,fpl-team-18,0.4503231984677999,0.279746229351209,0.2699305721809911,0.4575071667548527,0.27645001257887586,0.26604282066627144,0.04172957572154701,0.4533333333333333,0.5466666666666666,0.44978479196277044,0.5502152080372295
E1,0910,2010-04-17,Coventry,Preston,1,1,D,,,0.41033743369822817,0.2849565511793251,0.30470601512244666,0.41505383722808653,0.2820005369035372,0.3029456258683762,0.041611056542024016,0.4693333333333332,0.5306666666666666,0.467165372312263,0.5328346276877369
E1,0910,2010-04-17,Derby,Crystal Palace,1,1,D,,fpl-team-8,0.39116510776738517,0.2849227328182188,0.32391215941439605,0.394708898884805,0.2819660724395105,0.3233250286756846,0.04165859334170818,0.4388297872340426,0.5611702127659575,0.4339365216115311,0.5660634783884689
E1,0910,2010-04-17,Ipswich,Doncaster,1,1,D,,,0.48165942481907936,0.27688206456665637,0.24145851061426427,0.4905676451740896,0.2734659041429139,0.23596645068299646,0.04084521299228072,0.44266666666666665,0.5573333333333332,0.4380296304737454,0.5619703695262547
E1,0910,2010-04-17,Leicester,Watford,4,1,H,,,0.5629013954914891,0.2550161018248735,0.18208250268363746,0.5770195764661906,0.2500926885356301,0.17288773499817928,0.042123372200876474,0.4786096256684492,0.5213903743315508,0.47708064747046347,0.5229193525295365
E1,0910,2010-04-17,QPR,Cardiff,0,1,A,,,0.37054354927556654,0.28389336544497257,0.345563085279461,0.37283443749263157,0.28085690473654423,0.3463086577708243,0.04194157267920673,0.4732620320855615,0.5267379679144386,0.4713212308926112,0.5286787691073889
E1,0910,2010-04-17,Reading,Peterboro,6,0,H,,,0.665754718645091,0.2192888765205394,0.11495640483436971,0.6855608768631745,0.21215955061153968,0.10227957252528576,0.041594987735152245,0.5187165775401069,0.48128342245989303,0.5200458190184767,0.47995418098152337
E1,0910,2010-04-17,Scunthorpe,Bristol City,3,0,H,,,0.3912922144092414,0.282400497249483,0.3263072883412755,0.39482858849792024,0.2793036721688547,0.32586773933322505,0.041484113316982985,0.48525469168900803,0.514745308310992,0.4841735727427565,0.5158264272572435
E1,0910,2010-04-17,Swansea,Barnsley,3,1,H,,,0.6041361341801009,0.2491450903761602,0.1467187754437388,0.6205129739783927,0.24384946057055987,0.13563756545104738,0.04171907773707062,0.4574468085106383,0.5425531914893618,0.4544003647952621,0.545599635204738
E1,0910,2010-04-17,West Brom,Middlesbrough,2,0,H,,,0.4954543438733425,0.2694576256153266,0.23508803051133087,0.505642499062303,0.2654126218543125,0.2289448790833847,0.042801315896213055,0.49732620320855614,0.5026737967914439,0.4971402425073935,0.5028597574926065
E1,0910,2010-04-18,Sheffield Weds,Sheffield United,1,1,D,,,0.40005043076276525,0.2834713175036772,0.3164782517335574,0.40408599662855976,0.2804648985059815,0.3154491048654587,0.041098385816439986,0.44266666666666665,0.5573333333333332,0.4380296304737454,0.5619703695262547
E1,0910,2010-04-19,Plymouth,Newcastle,0,2,A,,fpl-team-17,0.2509945486839733,0.27172566184961117,0.4772797894664156,0.24580989424276814,0.2678182014651223,0.4863719042921096,0.04298232519067824,0.45599999999999996,0.5439999999999999,0.4527003783983748,0.5472996216016252
E1,0910,2010-04-20,QPR,Watford,1,0,H,,,0.47127482592822423,0.2804868299331123,0.24823834413866352,0.47913395719616725,0.277456710219735,0.2434093325840978,0.03869319101795554,0.4680851063829787,0.5319148936170213,0.46590909090869675,0.5340909090913033
E1,0910,2010-04-20,Scunthorpe,Reading,2,2,D,,,0.3313748531139835,0.2820211515863689,0.38660399529964745,0.33125316803433624,0.2790914927040198,0.389655339261644,0.03890991839580238,0.5345744680851062,0.4654255319148936,0.5369580668038783,0.46304193319612175
E1,0910,2010-04-24,Barnsley,QPR,0,1,A,,,0.391703745019247,0.28619840193356744,0.3220978530471856,0.39521805013524375,0.28336943054914027,0.321412519315616,0.04091216460801661,0.4654255319148936,0.5345744680851062,0.46304193319612175,0.5369580668038783
E1,0910,2010-04-24,Bristol City,Derby,2,1,H,,,0.4788294370192818,0.2766888663015611,0.24448169667915715,0.4876473409400096,0.2732325732460189,0.2391200858139714,0.04121805680915713,0.4388297872340426,0.5611702127659575,0.4339365216115311,0.5660634783884689
E1,0910,2010-04-24,Cardiff,Sheffield Weds,3,2,H,,,0.4972899630151076,0.2720468621200295,0.2306631748648629,0.507115377147792,0.2683399213586906,0.22454470149351732,0.040785017190501094,0.4491978609625669,0.5508021390374332,0.44509939899045475,0.5549006010095452
E1,0910,2010-04-24,Doncaster,Scunthorpe,4,3,H,,,0.4626168224299065,0.2803738317757009,0.2570093457943925,0.47032973862646926,0.27720017681720516,0.2524700845563256,0.040536132408306,0.5040214477211796,0.4959785522788205,0.5043128234612858,0.4956871765387142
E1,0910,2010-04-24,Middlesbrough,Coventry,1,1,D,,,0.5681882232882117,0.2587002245697723,0.1731115521420159,0.5820298506449055,0.25418086501524073,0.16378928433985368,0.04037875821813941,0.4491978609625669,0.5508021390374332,0.44509939899045475,0.5549006010095452
E1,0910,2010-04-24,Newcastle,Ipswich,2,2,D,fpl-team-17,,0.6226485987966681,0.23193660305175887,0.14541479815157296,0.6393177154799307,0.225917888516912,0.13476439600315732,0.03971465164795518,0.5529100529100528,0.44708994708994704,0.5566235384080637,0.4433764615919363
E1,0910,2010-04-24,Nott'm Forest,Plymouth,3,0,H,fpl-team-18,,0.5942228261163772,0.24785764939613592,0.15791952448748697,0.6094158371847475,0.2427284750630353,0.14785568775221739,0.04001377313397825,0.47733333333333333,0.5226666666666666,0.4757724318792627,0.5242275681207372
E1,0910,2010-04-24,Peterboro,Blackpool,0,1,A,,,0.17070664155796436,0.24738769979790554,0.58190565864413,0.16111334370853114,0.2421304697299474,0.5967561865615214,0.04097626148723066,0.5490716180371352,0.4509283819628647,0.5525717533382284,0.44742824666177167
E1,0910,2010-04-24,Preston,Leicester,0,1,A,,,0.32496695251330376,0.2839711215808562,0.3910619259058401,0.32444225780391356,0.28094663825088834,0.3946111039451981,0.041802292224019766,0.4732620320855615,0.5267379679144386,0.4713212308926112,0.5286787691073889
E1,0910,2010-04-24,Sheffield United,Swansea,2,0,H,,,0.3190601004754944,0.2838264697481392,0.39711342977636643,0.31820145472481254,0.2808902913003482,0.40090825397483926,0.04041754896752536,0.4414893617021276,0.5585106382978724,0.43689041882049473,0.5631095811795052
E1,0910,2010-04-24,Watford,Reading,3,0,H,,,0.3640838496138505,0.28023423576338796,0.3556819146227616,0.3659189635112139,0.277068760630166,0.35701227585862005,0.04070044727995992,0.5294117647058824,0.47058823529411764,0.5315656565654585,0.4684343434345415
E1,0910,2010-04-26,Crystal Palace,West Brom,1,1,D,fpl-team-8,,0.3590496903099444,0.2832869116206901,0.3576633980693655,0.3605494481515941,0.2803688035083952,0.3590817483400106,0.03977662604302168,0.4654255319148936,0.5345744680851062,0.46304193319612175,0.5369580668038783
E1,0910,2010-05-02,Blackpool,Bristol City,1,1,D,,,0.6339696924676869,0.22910785915911455,0.13692244837319864,0.6518384957853262,0.22269187757622433,0.12546962663844952,0.04112181020900607,0.5398936170212765,0.46010638297872336,0.542711922321269,0.45728807767873103
E1,0910,2010-05-02,Coventry,Watford,0,4,A,,,0.43426065061121716,0.2820046298176502,0.2837347195711327,0.44030023719382233,0.2789338629334921,0.2807658998726856,0.04063506703823805,0.4786096256684492,0.5213903743315508,0.47708064747046347,0.5229193525295365
E1,0910,2010-05-02,Derby,Cardiff,2,0,H,,,0.374183784519113,0.28350734593932797,0.3423088695415589,0.37664539973717537,0.28051304683713524,0.34284155342568945,0.0410150105599314,0.4586666666666667,0.5413333333333333,0.4556077443035696,0.5443922556964305
E1,0910,2010-05-02,Ipswich,Sheffield United,0,3,A,,,0.4480463305618302,0.27968952756283944,0.27226414187533043,0.45510840417932075,0.27638288772915137,0.26850870809152777,0.04183547315187752,0.449468085106383,0.550531914893617,0.44568790556134763,0.5543120944386524
E1,0910,2010-05-02,Leicester,Middlesbrough,2,0,H,,,0.4380620876674627,0.2835309831221921,0.27840692921034527,0.4443888318004797,0.28051989311963577,0.27509127507988457,0.041031293803825974,0.449468085106383,0.550531914893617,0.44568790556134763,0.5543120944386524
E1,0910,2010-05-02,Plymouth,Peterboro,1,2,A,,,0.4930203445197945,0.2735750873151382,0.23340456816506724,0.502999162587731,0.26980585004104374,0.22719498737122526,0.04255787329748273,0.5187165775401069,0.48128342245989303,0.5200458190184767,0.47995418098152337
E1,0910,2010-05-02,QPR,Newcastle,0,1,A,,fpl-team-17,0.30025399129172714,0.27939042089985483,0.420355587808418,0.29826197444585045,0.27616331376227443,0.4255747117918751,0.04072997928597033,0.4866310160427808,0.5133689839572192,0.48569139193932814,0.5143086080606718
E1,0910,2010-05-02,Reading,Preston,4,1,H,,,0.5537860821355494,0.2612493664311772,0.18496455143327348,0.5670276044550874,0.25681996559510945,0.17615242994980332,0.04109094990417361,0.5372340425531915,0.46276595744680854,0.5398315693603641,0.4601684306396359
E1,0910,2010-05-02,Scunthorpe,Nott'm Forest,2,2,D,,fpl-team-18,0.3375028582559134,0.2819383632991472,0.3805587784449394,0.33774271133018124,0.2788720147107011,0.3833852739591176,0.040711681824177504,0.47721179624664883,0.5227882037533512,0.47551138000387005,0.52448861999613
E1,0910,2010-05-02,Sheffield Weds,Crystal Palace,2,2,D,,fpl-team-8,0.41290622715491465,0.2828470791519904,0.30424669369309504,0.4176688451344751,0.2798328552434913,0.3024982996220336,0.04064554162323475,0.4611260053619303,0.5388739946380697,0.4580585444799596,0.5419414555200404
E1,0910,2010-05-02,Swansea,Doncaster,0,0,D,,,0.6114834611823999,0.2449177788820753,0.1435987599355247,0.6285409828154889,0.23927562831186266,0.13218338887264844,0.04236887744627893,0.4623655913978494,0.5376344086021505,0.45930232558701545,0.5406976744129846
E1,0910,2010-05-02,West Brom,Barnsley,1,1,D,,,0.669015464442755,0.21470728858860505,0.11627724696864002,0.689639527748969,0.20707736407665814,0.10328310817437286,0.04294184222817421,0.5582010582010583,0.4417989417989418,0.5624343729712483,0.43756562702875157
