league,season,date,home_team_raw,away_team_raw,home_goals,away_goals,result,home_team_id,away_team_id,prob_home_proportional,prob_draw_proportional,prob_away_proportional,prob_home_shin,prob_draw_shin,prob_away_shin,shin_z,prob_over25_proportional,prob_under25_proportional,prob_over25_shin,prob_under25_shin
E1,1112,2011-08-05,Hull,Blackpool,0,1,A,,,0.42136728034484144,0.28260887080530156,0.296023848849857,0.4258594057423266,0.28002434163503,0.29411625262264346,0.03455516626127064,0.49206349206349204,0.5079365079365078,0.49159946236579216,0.5084005376342079
E1,1112,2011-08-06,Brighton,Doncaster,2,1,H,fpl-team-5,,0.5071300995095398,0.2697814192158308,0.2230884812746293,0.5170910563544757,0.2661008174605202,0.21680812618500409,0.038994011003524065,0.49202127659574474,0.5079787234042553,0.49150983444171986,0.5084901655582802
E1,1112,2011-08-06,Bristol City,Ipswich,0,3,A,,,0.386959038327643,0.28487781962771264,0.32816314204464425,0.38999296235945646,0.2821447771497464,0.32786226049079714,0.03841312066651881,0.46684350132625996,0.53315649867374,0.46466530981435855,0.5353346901856414
E1,1112,2011-08-06,Burnley,Watford,2,2,D,,,0.4960595271432572,0.27203264391727006,0.23190782893947276,0.5054421853823339,0.26846774604194534,0.2260900685757207,0.03920733160339296,0.5411140583554377,0.4588859416445623,0.543919301829671,0.4560806981703291
E1,1112,2011-08-06,Coventry,Leicester,0,1,A,,,0.25948089849268074,0.280647014079697,0.4598720874276223,0.25531809233279307,0.27765811396019563,0.46702379370701136,0.038359755533747375,0.4748010610079576,0.5251989389920424,0.4731956435863799,0.5268043564136201
E1,1112,2011-08-06,Derby,Birmingham,2,1,H,,,0.3624762421938637,0.28998099375509095,0.34754276405104534,0.3641401328097421,0.28750957066999877,0.34835029652025906,0.03884497005492449,0.4444444444444444,0.5555555555555556,0.44047619047719,0.5595238095228099
E1,1112,2011-08-06,Middlesbrough,Portsmouth,2,2,D,,,0.4687523921796776,0.2804017330863328,0.2508458747339896,0.47649981772755445,0.27735610671348054,0.246144075558965,0.038852049969136715,0.4721485411140583,0.5278514588859416,0.4703574050007903,0.5296425949992097
E1,1112,2011-08-06,Nott'm Forest,Barnsley,0,0,D,fpl-team-18,,0.569806835759417,0.2616296175458732,0.1685635466947096,0.5832124735687736,0.257441378448711,0.1593461479825154,0.038827234297059476,0.48670212765957455,0.5132978723404255,0.485843313799689,0.5141566862003111
E1,1112,2011-08-06,Peterboro,Crystal Palace,2,1,H,,fpl-team-8,0.42847375341357335,0.28005664003236574,0.2914696065540609,0.43377921494493593,0.27708991473592554,0.2891308703191386,0.03781911754049361,0.5172413793103448,0.48275862068965525,0.5183150183124496,0.48168498168755036
E1,1112,2011-08-06,Reading,Millwall,2,2,D,,,0.5091690170178368,0.27175589764588354,0.21907508533627965,0.5194488818569523,0.26811023661006855,0.21244088153297916,0.039804446743801236,0.46684350132625996,0.53315649867374,0.46466530981435855,0.5353346901856414
E1,1112,2011-08-06,Southampton,Leeds,3,1,H,,fpl-team-13,0.4338259017874427,0.27963476801961673,0.28653933019294053,0.439549276980071,0.2765793013115763,0.2838714217083527,0.038640076643787324,0.5278514588859416,0.4721485411140583,0.5296425949992097,0.4703574050007903
E1,1112,2011-08-07,West Ham,Cardiff,0,1,A,,,0.5194573354445314,0.26873659839471425,0.21180606616075429,0.5298454632462295,0.26508254199925885,0.20507199475451166,0.03798901056870818,0.502659574468085,0.49734042553191493,0.5028294145940619,0.49717058540593806
E1,1112,2011-08-13,Barnsley,Southampton,0,1,A,,,0.3186480438562195,0.28541481228839294,0.39593714385538764,0.31783083901147524,0.2827800601932346,0.39938910079529016,0.03740342112723738,0.4813829787234043,0.5186170212765957,0.48016716248820196,0.519832837511798
E1,1112,2011-08-13,Birmingham,Coventry,1,0,H,,,0.5343489001293965,0.2694977061522174,0.19615339371838605,0.5455777270646882,0.2658608407801741,0.18856143215513768,0.038084507221356034,0.4497354497354497,0.5502645502645503,0.4462669683264439,0.5537330316735561
E1,1112,2011-08-13,Crystal Palace,Burnley,2,0,H,fpl-team-8,,0.35140914992744215,0.2890093943328496,0.35958145573970823,0.3524413742383179,0.28647475437645004,0.361083871385232,0.038972713868133724,0.4787234042553191,0.5212765957446808,0.4773242630376109,0.5226757369623892
E1,1112,2011-08-13,Doncaster,West Ham,0,1,A,,,0.23519938509964675,0.2732463444540014,0.4915542704463518,0.22968466078424107,0.2698268896282959,0.500488449587463,0.03837178205139935,0.48806366047745364,0.5119363395225464,0.4873282270760773,0.5126717729239226
E1,1112,2011-08-13,Ipswich,Hull,0,1,A,,,0.468971902546523,0.2780132835455436,0.2530148139079334,0.47668246515283996,0.2748540022043551,0.24846353264280494,0.03859723708592355,0.47745358090185674,0.5225464190981433,0.47602932882080634,0.5239706711791936
E1,1112,2011-08-13,Leeds,Middlesbrough,0,1,A,fpl-team-13,,0.4365079365079365,0.28174603174603174,0.28174603174603174,0.44226503861267225,0.2788674806936639,0.2788674806936639,0.037844346603378654,0.5278514588859416,0.4721485411140583,0.5296425949992097,0.4703574050007903
E1,1112,2011-08-13,Leicester,Reading,0,2,A,,,0.5240038037976624,0.264241234393693,0.21175496180864442,0.5350249757626787,0.26019758730870396,0.2047774369286174,0.03937570471316576,0.5437665782493368,0.4562334217506631,0.546795235392336,0.45320476460766396
E1,1112,2011-08-13,Millwall,Nott'm Forest,2,0,H,,fpl-team-18,0.3827541470910534,0.289748466489489,0.3274973864194577,0.3854924648953973,0.2873399813413152,0.3271675537632875,0.03760238294489682,0.4244031830238727,0.5755968169761273,0.41791474653989225,0.5820852534601078
E1,1112,2011-08-13,Portsmouth,Brighton,0,1,A,,fpl-team-5,0.39196744189933397,0.28322037722604315,0.32481218087462294,0.3952726929292565,0.2804043829433949,0.3243229241273487,0.03826515772379935,0.47340425531914887,0.526595744680851,0.47162637611816793,0.5283736238818321
E1,1112,2011-08-13,Watford,Derby,0,1,A,,,0.45363285912764423,0.2775962272273643,0.2687709136449915,0.460329432882299,0.27448931525725656,0.2651812518604445,0.037762252846732736,0.554089709762533,0.445910290237467,0.5577627500767455,0.44223724992325464
E1,1112,2011-08-14,Blackpool,Peterboro,2,1,H,,,0.5133881281093006,0.2632386719200663,0.22337319997063312,0.5235296473734676,0.25925756465204947,0.21721278797448296,0.038311075419187546,0.5778364116094987,0.42216358839050133,0.5841894977169051,0.41581050228309485
E1,1112,2011-08-14,Cardiff,Bristol City,3,1,H,,,0.5597139888773452,0.25666442583878263,0.18362158528387215,0.5724876679184412,0.2522507446358877,0.17526158744567105,0.038550127763301134,0.5502645502645503,0.4497354497354497,0.5537330316735561,0.4462669683264439
E1,1112,2011-08-16,Barnsley,Middlesbrough,1,3,A,,,0.3119179788348441,0.28608428120128343,0.4019977399638724,0.3107698369306783,0.2835705394424514,0.4056596236268703,0.03614749712869525,0.45502645502645506,0.544973544973545,0.4520207721894716,0.5479792278105284
E1,1112,2011-08-16,Crystal Palace,Coventry,2,1,H,fpl-team-8,,0.4617030413643963,0.28347724728148344,0.25481971135412035,0.46855879687818797,0.28080091660570916,0.25064028651610293,0.036217273911461234,0.4447368421052632,0.5552631578947369,0.4411088364791421,0.558891163520858
E1,1112,2011-08-16,Doncaster,Nott'm Forest,0,1,A,,fpl-team-18,0.28872086303217104,0.2860720477749952,0.42520708919283373,0.2864440842799289,0.2836617087674153,0.42989420695265573,0.03454684838652611,0.43947368421052635,0.5605263157894738,0.4353405864411891,0.564659413558811
E1,1112,2011-08-16,Ipswich,Southampton,2,5,A,,,0.3613324591486786,0.2895148275166431,0.3491527133346783,0.36283028667804956,0.2871735893531139,0.34999612396883656,0.03635851410217583,0.502659574468085,0.49734042553191493,0.5028294145940619,0.49717058540593806
E1,1112,2011-08-16,Leeds,Hull,4,1,H,fpl-team-13,,0.3977214198891613,0.28758318053523974,0.314695399575599,0.40104675390320976,0.2852259476403183,0.3137272984564719,0.03498904965817928,0.48010610079575594,0.519893899204244,0.47885894689683706,0.521141053103163
E1,1112,2011-08-16,Portsmouth,Reading,1,0,H,,,0.3222277473893585,0.28841372451516656,0.38935852809547483,0.32164681863685896,0.28609371016049734,0.3922594712026437,0.035090221324935555,0.46153846153846156,0.5384615384615384,0.45894909688548324,0.5410509031145168
E1,1112,2011-08-16,Watford,West Ham,0,4,A,,,0.29333333333333333,0.2826666666666667,0.42400000000000004,0.2912006713638122,0.27997301005118425,0.42882631858500364,0.03607196279335767,0.502659574468085,0.49734042553191493,0.5028294145940619,0.49717058540593806
E1,1112,2011-08-17,Blackpool,Derby,0,1,A,,,0.5061648280337443,0.26995457495133035,0.22388059701492535,0.5155898506217221,0.26646457148201186,0.21794557789626592,0.03706277720630169,0.5585106382978724,0.4414893617021276,0.5631095811795052,0.43689041882049473
E1,1112,2011-08-17,Cardiff,Brighton,1,3,A,,fpl-team-5,0.46516678048817917,0.27854298232825103,0.2562902371835698,0.472463917191701,0.2754984378055142,0.2520376450027847,0.03755886270664632,0.5106382978723405,0.48936170212765967,0.5113224637680679,0.4886775362319321
E1,1112,2011-08-17,Leicester,Bristol City,1,2,A,,,0.6200311769290725,0.2403221616004157,0.13964666147051183,0.6359831521054853,0.2349560487599618,0.1290607991345528,0.03835515747778118,0.5517241379310345,0.44827586206896547,0.555473372784154,0.444526627215846
E1,1112,2011-08-17,Millwall,Peterboro,2,2,D,,,0.5007406508446989,0.2715386619740932,0.22772068718120783,0.5098643945304319,0.26814014686556414,0.221995458604004,0.037029224215075374,0.5626666666666666,0.4373333333333333,0.5679112241413584,0.4320887758586416
E1,1112,2011-08-20,Brighton,Blackpool,2,2,D,fpl-team-5,,0.4406752635879856,0.2775596436330297,0.28176509277898476,0.44665982133088306,0.2744519174581219,0.2788882612109951,0.03781370585784316,0.5093333333333333,0.49066666666666664,0.5099590257227813,0.49004097427721877
E1,1112,2011-08-20,Bristol City,Portsmouth,0,0,D,,,0.38751176655161595,0.28616253529965485,0.3263256981487292,0.39051700695839653,0.2835536290948209,0.3259293639467827,0.0376436811638996,0.4680851063829787,0.5319148936170213,0.46590909090869675,0.5340909090913033
E1,1112,2011-08-20,Burnley,Cardiff,1,1,D,,,0.37562575016833044,0.2831464621329664,0.3412277876987031,0.37791502527160803,0.2804367511808085,0.34164822354758356,0.036760544404387474,0.5398936170212765,0.46010638297872336,0.542711922321269,0.45728807767873103
E1,1112,2011-08-20,Coventry,Watford,0,0,D,,,0.3778499169560622,0.2816699380945191,0.3404801449494187,0.38033572590365616,0.2787930424712498,0.34087123162509414,0.03794231708161533,0.5132978723404255,0.48670212765957455,0.5141566862003111,0.485843313799689
E1,1112,2011-08-20,Derby,Doncaster,3,0,H,,,0.5296710884489239,0.26408530188954843,0.20624360966152785,0.5402354818647652,0.2603095232387517,0.199454994896483,0.03661754447966814,0.5186170212765957,0.4813829787234043,0.519832837511798,0.48016716248820196
E1,1112,2011-08-20,Hull,Crystal Palace,0,1,A,,fpl-team-8,0.5034451582371244,0.27637197113907425,0.22018287062380146,0.5127155571012728,0.27322754572710417,0.2140568971716229,0.037045060424134135,0.4535809018567639,0.5464190981432361,0.45032078578358825,0.5496792142164117
E1,1112,2011-08-20,Nott'm Forest,Leicester,2,2,D,fpl-team-18,,0.38465398915148197,0.2864192780758727,0.32892673277264534,0.38746434656831125,0.28385754682725545,0.3286781066044333,0.03715963731519878,0.4680851063829787,0.5319148936170213,0.46590909090869675,0.5340909090913033
E1,1112,2011-08-20,Peterboro,Ipswich,7,1,H,,,0.4030122046221761,0.27707089067774604,0.31991690470007794,0.40682491340407917,0.27400281719636344,0.3191722693995574,0.037119621178135276,0.5546666666666668,0.44533333333333336,0.559016582224653,0.44098341777534705
E1,1112,2011-08-20,Reading,Barnsley,1,2,A,,,0.5999251999715548,0.2453519947113219,0.15472280531712315,0.6147974812808111,0.24029782896555493,0.144904689753634,0.03830974665470421,0.5345744680851062,0.4654255319148936,0.5369580668038783,0.46304193319612175
E1,1112,2011-08-20,Southampton,Millwall,1,0,H,,,0.5268025688916411,0.2687148550254192,0.20448257608293965,0.5371752161432648,0.265196695349074,0.1976280885076613,0.0364871290512383,0.48533333333333345,0.5146666666666666,0.4843420827867654,0.5156579172132345
E1,1112,2011-08-21,Middlesbrough,Birmingham,3,1,H,,,0.448791260333405,0.2837342922472591,0.26747444741933596,0.4548744886514818,0.2811143495893685,0.2640111617591498,0.03570776293054223,0.47340425531914887,0.526595744680851,0.47162637611816793,0.5283736238818321
E1,1112,2011-08-21,West Ham,Leeds,2,2,D,,fpl-team-13,0.5478967328350867,0.2551847796766157,0.19691848748829752,0.5595889132443101,0.25086715616126515,0.1895439305944247,0.03713724936824292,0.5611702127659575,0.4388297872340426,0.5660634783884689,0.4339365216115311
E1,1112,2011-08-27,Brighton,Peterboro,2,0,H,fpl-team-5,,0.48628447456015217,0.2653723846885402,0.24834314075130762,0.49495206437811445,0.26150964958507905,0.24353828603680652,0.03849054453894496,0.6020671834625323,0.3979328165374677,0.6100830500180189,0.38991694998198106
E1,1112,2011-08-27,Crystal Palace,Blackpool,1,1,D,fpl-team-8,,0.35917300680730896,0.28711669371325005,0.35371029947944116,0.3605967678451795,0.28457182262949304,0.35483140952532743,0.037502406747080386,0.4760638297872341,0.5239361702127661,0.4744774976599343,0.5255225023400657
E1,1112,2011-08-27,Derby,Burnley,1,2,A,,,0.4010012598634043,0.2836350374643591,0.31536370267223657,0.40474052823138446,0.28089657314376726,0.3143628986248484,0.037482418585568666,0.5106382978723405,0.48936170212765967,0.5113224637680679,0.4886775362319321
E1,1112,2011-08-27,Doncaster,Bristol City,1,1,D,,,0.3827808351810481,0.2862022859969068,0.3310168788220452,0.3855173924916177,0.2836013965681817,0.3308812109402005,0.03756670735310763,0.46010638297872336,0.5398936170212765,0.45728807767873103,0.542711922321269
E1,1112,2011-08-27,Hull,Reading,1,0,H,,,0.36005891988673155,0.28939315056316745,0.350547929550101,0.3615613950534492,0.2869255060121071,0.35151309893444366,0.038257144507952034,0.4444444444444444,0.5555555555555556,0.44047619047719,0.5595238095228099
E1,1112,2011-08-27,Ipswich,Leeds,2,1,H,,fpl-team-13,0.38749000799360517,0.2767785771382894,0.33573141486810554,0.3904945859775528,0.2736513737988399,0.33585404022360726,0.03767993953078985,0.5631578947368422,0.4368421052631579,0.5675599594630787,0.43244004053692126
E1,1112,2011-08-27,Leicester,Southampton,3,2,H,,,0.3986746366073361,0.28320484856557715,0.31812051482708664,0.40236224255378084,0.28038439420590694,0.3172533632403123,0.03829891444183886,0.5013333333333333,0.4986666666666667,0.5014222323357952,0.49857776766420475
E1,1112,2011-08-27,Middlesbrough,Coventry,1,1,D,,,0.5570019141170751,0.25695944656782194,0.1860386393151031,0.569420952270764,0.25263833309262235,0.17794071463661365,0.037906157318502665,0.5039999999999999,0.496,0.5042669397508994,0.4957330602491005
E1,1112,2011-08-27,Millwall,Barnsley,0,0,D,,,0.5696620363951729,0.25579865546119335,0.1745393081436338,0.5831112977295623,0.25127875197072413,0.1656099502997135,0.03894454101100564,0.47340425531914887,0.526595744680851,0.47162637611816793,0.5283736238818321
E1,1112,2011-08-27,Portsmouth,Cardiff,1,1,D,,,0.37178249339106756,0.2877573478259037,0.3404601587830288,0.3739310579338288,0.28521658067888556,0.3408523613872856,0.03796800447162241,0.4535809018567639,0.5464190981432361,0.45032078578358825,0.5496792142164117
E1,1112,2011-08-28,Nott'm Forest,West Ham,1,4,A,fpl-team-18,,0.3427185489823895,0.28577454392070023,0.37150690709691025,0.34324198228760494,0.2830964162985686,0.3736616014138264,0.038368756766431034,0.4760638297872341,0.5239361702127661,0.4744774976599343,0.5255225023400657
E1,1112,2011-08-28,Watford,Birmingham,2,2,D,,,0.4039375368003782,0.2832488825124603,0.31281358068716153,0.4079146694892065,0.28043558949784586,0.31164974101294773,0.03821889380924404,0.4813829787234043,0.5186170212765957,0.48016716248820196,0.519832837511798
E1,1112,2011-09-10,Barnsley,Leicester,1,1,D,,,0.26087493439535675,0.2747676823809083,0.464357383223735,0.2567729677463398,0.27143825318335096,0.4717887790703093,0.03849871875718236,0.49066666666666664,0.5093333333333333,0.49004097427721877,0.5099590257227813
E1,1112,2011-09-10,Blackpool,Ipswich,2,0,H,,,0.5137104446093855,0.2649048161660934,0.2213847392245209,0.5237808422719941,0.2610489339197495,0.21517022380825646,0.03797211521305144,0.5661375661375662,0.4338624338624339,0.5712331889657637,0.4287668110342363
E1,1112,2011-09-10,Bristol City,Brighton,0,1,A,,fpl-team-5,0.3061526083315545,0.28203149373573505,0.4118158979327105,0.30465167642289787,0.2792187174910967,0.41612960608600547,0.0372709920629859,0.5106382978723405,0.48936170212765967,0.5113224637680679,0.4886775362319321
E1,1112,2011-09-10,Burnley,Middlesbrough,0,2,A,,,0.3718513787757194,0.28256183797547063,0.34558678324880987,0.3739971265198861,0.27973990121049763,0.34626297226961633,0.037871932378038764,0.5305039787798408,0.4694960212201591,0.5324858757093553,0.46751412429064465
E1,1112,2011-09-10,Cardiff,Doncaster,2,0,H,,,0.5822888681557087,0.25044682501320803,0.1672643068310833,0.5958043612613496,0.24583703564694354,0.158358603091707,0.03715492505580187,0.5396825396825397,0.4603174603174603,0.5422582826312768,0.45774171736872327
E1,1112,2011-09-10,Coventry,Derby,2,0,H,,,0.38785222291797117,0.2855353788353162,0.32661239824671257,0.39083901358545925,0.28292442924002426,0.32623655717451655,0.03717159852385521,0.44708994708994704,0.5529100529100528,0.4433764615919363,0.5566235384080637
E1,1112,2011-09-10,Leeds,Crystal Palace,3,2,H,fpl-team-13,fpl-team-8,0.5144026226239394,0.26754849050268115,0.21804888687337948,0.5243197127865165,0.2639063736878877,0.2117739135255959,0.03724484471604228,0.526595744680851,0.47340425531914887,0.5283736238818321,0.47162637611816793
E1,1112,2011-09-10,Peterboro,Hull,0,1,A,,,0.4253177045216541,0.2780435142992306,0.2966387811791154,0.43031844459957125,0.2750439585640904,0.2946375968363383,0.0368559539783746,0.5874673629242819,0.41253263707571797,0.5942334739742695,0.40576652602573043
E1,1112,2011-09-10,Reading,Watford,0,2,A,,,0.5376502490026855,0.26274998044481523,0.19959977055249914,0.5490032426165264,0.2587661974169297,0.1922305599665439,0.03786744852550328,0.526595744680851,0.47340425531914887,0.5283736238818321,0.47162637611816793
E1,1112,2011-09-10,Southampton,Nott'm Forest,3,2,H,,fpl-team-18,0.5053693366956621,0.27110191822741053,0.22352874507692744,0.5149627392795059,0.26759537754217166,0.21744188317832244,0.03791645704768598,0.4813829787234043,0.5186170212765957,0.48016716248820196,0.519832837511798
E1,1112,2011-09-10,West Ham,Portsmouth,4,3,H,,,0.5666468064823642,0.2560057197330791,0.1773474737845567,0.5797765612489024,0.25155490944922404,0.16866852930187348,0.038481571013107896,0.5239361702127661,0.4760638297872341,0.5255225023400657,0.4744774976599343
E1,1112,2011-09-11,Birmingham,Millwall,3,0,H,,,0.41310304536365805,0.2851171325362671,0.30177982210007487,0.41756986413209596,0.2824223138083782,0.3000078220595258,0.0379792838357389,0.4562334217506631,0.5437665782493368,0.45320476460766396,0.546795235392336
E1,1112,2011-09-17,Barnsley,Watford,1,1,D,,,0.3825519422429977,0.28780223518590853,0.3296458225710938,0.38529898343330016,0.2852681461985308,0.3294328703681691,0.037887759041041136,0.4680851063829787,0.5319148936170213,0.46590909090869675,0.5340909090913033
E1,1112,2011-09-17,Blackpool,Cardiff,1,1,D,,,0.4323426622756278,0.28339534265018285,0.2842619950741895,0.4378855193107978,0.2805999936439698,0.28151448704523246,0.0379695063456893,0.5132978723404255,0.48670212765957455,0.5141566862003111,0.485843313799689
E1,1112,2011-09-17,Crystal Palace,Middlesbrough,0,1,A,fpl-team-8,,0.30548432493199473,0.28406316800078774,0.41045250706721753,0.3039716435305569,0.2814032677581647,0.41462508871127834,0.03667783341370523,0.49468085106382986,0.5053191489361702,0.4943406904364988,0.505659309563501
E1,1112,2011-09-17,Hull,Portsmouth,1,0,H,,,0.43378023006308175,0.2882887243276382,0.27793104560927995,0.4395092072728925,0.2857153422856036,0.2747754504415039,0.038697188487276435,0.445910290237467,0.554089709762533,0.44223724992325464,0.5577627500767455
E1,1112,2011-09-17,Leeds,Bristol City,2,1,H,fpl-team-13,,0.5406702295284352,0.2576046522960965,0.2017251181754682,0.5522250365674932,0.25332818297813336,0.19444678045437344,0.03797698474954814,0.5676392572944297,0.4323607427055703,0.573103606436082,0.42689639356391795
E1,1112,2011-09-17,Leicester,Brighton,1,0,H,,fpl-team-5,0.4429509147152608,0.2810262600912531,0.276022825193486,0.4490283526972544,0.2781240919518792,0.2728475553508664,0.03760094731114805,0.49734042553191493,0.502659574468085,0.49717058540593806,0.5028294145940619
E1,1112,2011-09-17,Millwall,West Ham,0,0,D,,,0.32564810394570254,0.28137570310716287,0.3929761929471346,0.32522136842296334,0.2785599146219029,0.39621871695513367,0.03688286757096648,0.5066666666666666,0.49333333333333335,0.5071123755322393,0.4928876244677607
E1,1112,2011-09-17,Nott'm Forest,Derby,1,2,A,fpl-team-18,,0.5232805086226595,0.2715566487896017,0.20516284258773873,0.533623095526698,0.2681371387695669,0.19823976570373514,0.03706443007104099,0.5013333333333333,0.4986666666666667,0.5014222323357952,0.49857776766420475
E1,1112,2011-09-17,Peterboro,Burnley,2,1,H,,,0.4389723846304068,0.27290951771743766,0.2881180976521556,0.4447907292565465,0.2695876916574481,0.2856215790860054,0.0373499917332083,0.5826771653543307,0.41732283464566927,0.5892401835824301,0.41075981641757
E1,1112,2011-09-17,Reading,Doncaster,2,0,H,,,0.5777380969387026,0.2534491378940903,0.16881276516720714,0.5913149171780416,0.24889802590377172,0.15978705691818665,0.03802924323827028,0.5239361702127661,0.4760638297872341,0.5255225023400657,0.4744774976599343
E1,1112,2011-09-18,Southampton,Birmingham,4,1,H,,,0.5470835861650486,0.26272375606796117,0.1901926577669903,0.5589769106001785,0.25871818995172513,0.18230489944809627,0.03796293283812702,0.5411140583554377,0.4588859416445623,0.543919301829671,0.4560806981703291
E1,1112,2011-09-19,Ipswich,Coventry,3,0,H,,,0.4556413387378038,0.28252532857906376,0.26183333268313236,0.4624948326980418,0.27966800640059697,0.25783716090136133,0.038022443652153015,0.4986737400530504,0.5013262599469495,0.49859281774190956,0.5014071822580904
E1,1112,2011-09-23,Brighton,Leeds,3,3,D,fpl-team-5,fpl-team-13,0.4440718354979721,0.2792068426783657,0.2767213218236621,0.44999273853282235,0.2763118350799395,0.2736954263872381,0.03623975906521082,0.5538057742782152,0.44619422572178474,0.5571508224138112,0.44284917758618875
E1,1112,2011-09-24,Birmingham,Barnsley,1,1,D,,,0.5354264803207848,0.2692607155370421,0.19531280414217309,0.546396406703709,0.2657147098587676,0.18788888343752336,0.03698782285209745,0.46684350132625996,0.53315649867374,0.46466530981435855,0.5353346901856414
E1,1112,2011-09-24,Bristol City,Hull,1,1,D,,,0.35594901930855527,0.2921468366023048,0.35190414408913984,0.3572184983788449,0.28983608101373476,0.3529454206074204,0.03821152145974338,0.4365079365079365,0.5634920634920635,0.431711480998045,0.568288519001955
E1,1112,2011-09-24,Burnley,Southampton,1,1,D,,,0.2985497853034108,0.27805233735720647,0.4233978773393826,0.29665301187343185,0.2750553023814869,0.42829168574508125,0.03683692403137684,0.5596816976127321,0.44031830238726793,0.5642379946245202,0.4357620053754798
E1,1112,2011-09-24,Coventry,Reading,1,1,D,,,0.31961371294011554,0.28794919648784406,0.3924370905720405,0.3188461918979442,0.2854394046703801,0.39571440343167574,0.037617980036884546,0.45502645502645506,0.544973544973545,0.4520207721894716,0.5479792278105284
E1,1112,2011-09-24,Derby,Millwall,3,0,H,,,0.377972433987984,0.28876154894734185,0.3332660170646741,0.38045525699094535,0.2862890741799067,0.3332556688291479,0.03776320070028305,0.445910290237467,0.554089709762533,0.44223724992325464,0.5577627500767455
E1,1112,2011-09-24,Doncaster,Crystal Palace,1,0,H,,fpl-team-8,0.3816532964227388,0.28712616418181286,0.3312205393954484,0.38443846035482915,0.2844705706010898,0.33109096904408103,0.03915577824227512,0.4521276595744681,0.547872340425532,0.4486007995439608,0.5513992004560392
E1,1112,2011-09-24,Middlesbrough,Ipswich,0,0,D,,,0.553941992763898,0.2549650816009174,0.1910929256351845,0.5661125074079557,0.2505719900599815,0.18331550253206289,0.03763399459421635,0.5800524934383202,0.41994750656167984,0.5862556561203437,0.4137443438796563
E1,1112,2011-09-24,Portsmouth,Blackpool,1,0,H,,,0.3860810059020617,0.2862939151458366,0.3276250789521017,0.38898775896422827,0.2837092015778397,0.3273030394579321,0.037395867984741926,0.46419098143236076,0.5358090185676393,0.46181046676075377,0.5381895332392462
E1,1112,2011-09-24,Watford,Nott'm Forest,0,1,A,,fpl-team-18,0.3814735360171622,0.2872825394697147,0.33124392451312307,0.3841119597720488,0.28476560457870437,0.3311224356492467,0.037196672754362226,0.48010610079575594,0.519893899204244,0.47885894689683706,0.521141053103163
E1,1112,2011-09-24,West Ham,Peterboro,1,0,H,,,0.5822868772996049,0.24582031759350076,0.17189280510689445,0.5958061023627529,0.24097089444712663,0.1632230031901204,0.03714119433425367,0.6227848101265823,0.3772151898734177,0.6323184372867214,0.3676815627132785
E1,1112,2011-09-25,Cardiff,Leicester,0,0,D,,,0.39251284744364,0.2844817885141978,0.3230053640421621,0.39578498958603353,0.281788777717963,0.32242623269600346,0.037515706615522504,0.5053191489361702,0.49468085106382986,0.505659309563501,0.4943406904364988
E1,1112,2011-09-27,Brighton,Crystal Palace,1,3,A,fpl-team-5,fpl-team-8,0.5738299718500233,0.2548618131105008,0.17130821503947583,0.5861423047993305,0.2507525706970135,0.16310512450365597,0.03495813114568591,0.5343915343915343,0.4656084656084655,0.5365661566171338,0.4634338433828662
E1,1112,2011-09-27,Bristol City,Reading,2,3,A,,,0.3247180100097109,0.290431015163965,0.384850974826324,0.3242719057314533,0.28824118456187836,0.3874869097066683,0.03467074106447399,0.45382585751978893,0.5461741424802111,0.45084821930926317,0.5491517806907368
E1,1112,2011-09-27,Burnley,Nott'm Forest,5,1,H,,fpl-team-18,0.3989412143051513,0.28461050044940667,0.316448285245442,0.40239082588578073,0.2820555382203744,0.3155536358938448,0.03563535725697875,0.5132978723404255,0.48670212765957455,0.5141566862003111,0.485843313799689
E1,1112,2011-09-27,Coventry,Blackpool,2,2,D,,,0.3327858149776072,0.28861979632317164,0.37859438869922113,0.33275215148988496,0.2863365602075639,0.38091128830255117,0.03470335225574672,0.4603174603174603,0.5396825396825397,0.45774171736872327,0.5422582826312768
E1,1112,2011-09-27,Derby,Barnsley,1,1,D,,,0.48117213624123345,0.2769952356997011,0.24183262805906552,0.4889670529029218,0.27400524759270684,0.2370276995043714,0.03576979856006801,0.4603174603174603,0.5396825396825397,0.45774171736872327,0.5422582826312768
E1,1112,2011-09-27,Doncaster,Hull,1,1,D,,,0.34303380603535183,0.2924927750520869,0.36447341891256135,0.34354284976491967,0.290337629899417,0.3661195203356634,0.03588878409937024,0.43307086614173224,0.5669291338582677,0.42845117844941644,0.5715488215505835
E1,1112,2011-09-27,Portsmouth,Peterboro,2,3,A,,,0.45315402852812003,0.27782657701426405,0.2690193944576159,0.45946679397196005,0.2748984181649023,0.26563478786313766,0.03570645023137331,0.5278514588859416,0.4721485411140583,0.5296425949992097,0.4703574050007903
E1,1112,2011-09-27,Watford,Millwall,2,1,H,,,0.38651953474500444,0.2886966895317626,0.32478377572323286,0.3892325294012733,0.28642551735426175,0.3243419532444649,0.034563725464977324,0.4748010610079576,0.5251989389920424,0.4731956435863799,0.5268043564136201
E1,1112,2011-09-27,West Ham,Ipswich,0,1,A,,,0.6153819411679985,0.23326198268712162,0.1513560761448799,0.6298197129117439,0.22801630426098915,0.14216398282726703,0.03510092361830175,0.599483204134367,0.4005167958656331,0.6070634037942684,0.3929365962057316
E1,1112,2011-09-28,Cardiff,Southampton,2,1,H,,,0.34579671661292705,0.2879855008324377,0.3662177825546353,0.3464804489748486,0.28548562094156593,0.36803393008358554,0.03754007047973573,0.557029177718833,0.44297082228116713,0.5613059595099953,0.4386940404900047
E1,1112,2011-09-28,Middlesbrough,Leicester,0,0,D,,,0.4158464406003728,0.2874987737484059,0.29665478565122133,0.4203279112351452,0.2850121435668817,0.2946599451979731,0.03681548382155597,0.5186170212765957,0.4813829787234043,0.519832837511798,0.48016716248820196
E1,1112,2011-10-01,Barnsley,Coventry,2,0,H,,,0.4173260221543444,0.2872336510506753,0.2954403267949803,0.4219485784698897,0.2846991243019915,0.29335229722811873,0.0373137085698545,0.4694960212201591,0.5305039787798408,0.46751412429064465,0.5324858757093553
E1,1112,2011-10-01,Blackpool,Bristol City,5,0,H,,,0.5313870545984145,0.26645482680436255,0.20215811859722294,0.5424252908864633,0.262667117337248,0.19490759177628877,0.03797157830558717,0.512,0.4880000000000001,0.5128073770492821,0.48719262295071786
E1,1112,2011-10-01,Crystal Palace,West Ham,2,2,D,fpl-team-8,,0.2655161550040256,0.2798683795988378,0.4546154653971366,0.26186245030793626,0.2769761775299713,0.46116137216209235,0.03659613407216966,0.4840425531914894,0.5159574468085106,0.4830066840394914,0.5169933159605087
E1,1112,2011-10-01,Hull,Cardiff,2,1,H,,,0.38037793679838205,0.2903196090828773,0.3293024541187407,0.3829121227776297,0.28800848385851,0.32907939336386033,0.036542347399517894,0.4379947229551451,0.5620052770448549,0.43353696477210124,0.5664630352278986
E1,1112,2011-10-01,Ipswich,Brighton,3,1,H,,fpl-team-5,0.3898277644245738,0.27978629338580524,0.3303859421896211,0.3928823756432903,0.27690031223028966,0.33021731212641997,0.03668906935490668,0.5461741424802111,0.45382585751978893,0.5491517806907368,0.45084821930926317
E1,1112,2011-10-01,Leeds,Portsmouth,1,0,H,fpl-team-13,,0.4975278723811518,0.2681202078826381,0.23435191973621008,0.5066153788930771,0.2644871586046765,0.22889746250224657,0.037600756622850895,0.5763157894736841,0.42368421052631583,0.5822485039428683,0.4177514960571316
E1,1112,2011-10-01,Leicester,Derby,4,0,H,,,0.5578389643310899,0.25949611989774934,0.1826649157711608,0.5700385099383387,0.2553996006125117,0.1745618894491496,0.03709345241077244,0.5186170212765957,0.4813829787234043,0.519832837511798,0.48016716248820196
E1,1112,2011-10-01,Millwall,Burnley,0,1,A,,,0.441024029530746,0.2828451982704784,0.27613077219877563,0.4469613879302256,0.2800588193053218,0.2729797927644526,0.03738727746531367,0.4813829787234043,0.5186170212765957,0.48016716248820196,0.519832837511798
E1,1112,2011-10-01,Peterboro,Doncaster,1,2,A,,,0.5401309147751328,0.25878138535187417,0.20108769987299313,0.551817237891749,0.2545089495241044,0.19367381258414662,0.03852309240028262,0.5822454308093995,0.41775456919060056,0.5882847533470759,0.4117152466529241
E1,1112,2011-10-01,Reading,Middlesbrough,0,0,D,,,0.3884168343337934,0.2833435873559587,0.32823957831024797,0.391371928182945,0.2806697600625236,0.32795831175453144,0.03639111504890025,0.49734042553191493,0.502659574468085,0.49717058540593806,0.5028294145940619
E1,1112,2011-10-01,Southampton,Watford,4,0,H,,,0.6039498363429077,0.2378728255672833,0.15817733808980913,0.6190067936312033,0.232431277942338,0.14856192842645877,0.03818651521578431,0.5859374999999999,0.41406249999999994,0.5922431865671571,0.40775681343284276
E1,1112,2011-10-02,Nott'm Forest,Birmingham,1,3,A,fpl-team-18,,0.44708382377337325,0.2817982889238232,0.2711178873028036,0.45341605954130754,0.27892462078467845,0.2676593196740139,0.03775985701940954,0.5305039787798408,0.4694960212201591,0.5324858757093553,0.46751412429064465
E1,1112,2011-10-14,Doncaster,Leeds,0,3,A,,fpl-team-13,0.31947904356813156,0.2801437859516349,0.4003771704802336,0.3187344807945525,0.27732755199951176,0.40393796720593567,0.03600838570855558,0.5305039787798408,0.4694960212201591,0.5324858757093553,0.46751412429064465
E1,1112,2011-10-15,Brighton,Hull,0,0,D,fpl-team-5,,0.43914450093231544,0.28211707332621483,0.27873842574146973,0.4449401584611694,0.2793104147926564,0.2757494267461742,0.03713789861649275,0.47340425531914887,0.526595744680851,0.47162637611816793,0.5283736238818321
E1,1112,2011-10-15,Bristol City,Peterboro,1,2,A,,,0.36993276625446225,0.2796780853309338,0.35038914841460383,0.3720039017139276,0.27664768126465905,0.35134841702141334,0.038510336773470044,0.5699208443271768,0.43007915567282323,0.5752669847624153,0.4247330152375847
E1,1112,2011-10-15,Burnley,Reading,0,1,A,,,0.3908552420413761,0.28274634530652737,0.3263984126520965,0.39403608531152134,0.27995773402549273,0.32600618066298587,0.03752729925327003,0.49202127659574474,0.5079787234042553,0.49150983444171986,0.5084901655582802
E1,1112,2011-10-15,Cardiff,Ipswich,2,2,D,,,0.46861171358354825,0.27589861243528435,0.2554896739811674,0.47584967016336743,0.2728151639191986,0.251335165917434,0.03628611215390265,0.5225464190981433,0.47745358090185674,0.5239706711791936,0.47602932882080634
E1,1112,2011-10-15,Coventry,Nott'm Forest,1,0,H,,fpl-team-18,0.33508450964265935,0.28929656422565,0.37561892613169073,0.33517341578374354,0.28691701183345886,0.3779095723827976,0.03676657914184034,0.4497354497354497,0.5502645502645503,0.4462669683264439,0.5537330316735561
E1,1112,2011-10-15,Derby,Southampton,1,1,D,,,0.27013459668057604,0.2765663727920183,0.4532990305274056,0.2665833107324058,0.27337050426382425,0.4600461850037698,0.03815960185602307,0.554089709762533,0.445910290237467,0.5577627500767455,0.44223724992325464
E1,1112,2011-10-15,Middlesbrough,Millwall,1,1,D,,,0.511247934603009,0.27286546656230976,0.21588659883468134,0.5210799787850215,0.2694790829208121,0.2094409382941664,0.03759127436205745,0.4721485411140583,0.5278514588859416,0.4703574050007903,0.5296425949992097
E1,1112,2011-10-15,Portsmouth,Barnsley,2,0,H,,,0.4791732100925801,0.27999880348783296,0.2408279864195869,0.487337293868357,0.27698899894646883,0.2356737071851742,0.03801983315497637,0.44031830238726793,0.5596816976127321,0.4357620053754798,0.5642379946245202
E1,1112,2011-10-15,Watford,Crystal Palace,0,2,A,,fpl-team-8,0.42741753276095795,0.28321283325802077,0.2893696339810212,0.43250744084040876,0.28050345652385583,0.2869891026357354,0.03666976734530181,0.4787234042553191,0.5212765957446808,0.4773242630376109,0.5226757369623892
E1,1112,2011-10-15,West Ham,Blackpool,4,0,H,,,0.5262105259613669,0.26162714352573574,0.21216233051289735,0.5367239381159699,0.25767612001530554,0.20559994186872457,0.03708605095744133,0.5305039787798408,0.4694960212201591,0.5324858757093553,0.46751412429064465
E1,1112,2011-10-16,Birmingham,Leicester,2,0,H,,,0.360546282245827,0.28710166919575114,0.3523520485584219,0.36204723944083805,0.2845540765521157,0.35339868400704616,0.03753064735792577,0.46684350132625996,0.53315649867374,0.46466530981435855,0.5353346901856414
E1,1112,2011-10-18,Barnsley,Burnley,2,0,H,,,0.3506317008103891,0.2878642975788997,0.3615040016107112,0.35154784864186156,0.285451794305963,0.3630003570521754,0.03610487934201956,0.4447368421052632,0.5552631578947369,0.4411088364791421,0.558891163520858
E1,1112,2011-10-18,Blackpool,Doncaster,2,1,H,,,0.5514322916666666,0.25602213541666663,0.19254557291666666,0.563225552415895,0.2517764916437871,0.184997955940318,0.03686252317856997,0.5159574468085106,0.4840425531914894,0.5169933159605087,0.4830066840394914
E1,1112,2011-10-18,Crystal Palace,Bristol City,1,0,H,fpl-team-8,,0.4967678128628148,0.27148938609944534,0.2317428010377399,0.5053256226929272,0.2682262751809841,0.22644810212608868,0.035540885757654905,0.4986666666666667,0.5013333333333333,0.49857776766420475,0.5014222323357952
E1,1112,2011-10-18,Ipswich,Portsmouth,1,0,H,,,0.4918575945255316,0.2756723981116549,0.23247000736281348,0.5000767864597406,0.2726574059919425,0.22726580754831693,0.03518250409979373,0.4986666666666667,0.5013333333333333,0.49857776766420475,0.5014222323357952
E1,1112,2011-10-18,Leeds,Coventry,1,1,D,fpl-team-13,,0.5723093576815823,0.24549059290025768,0.18220004941816,0.5850457309850853,0.24073521845526455,0.17421905055965017,0.03637858456932008,0.5552631578947369,0.4447368421052632,0.558891163520858,0.4411088364791421
E1,1112,2011-10-18,Millwall,Brighton,1,1,D,,fpl-team-5,0.41872230712788683,0.2829547711803599,0.29832292169175323,0.4231990881183619,0.2803179635326375,0.2964829483490007,0.03551956173032522,0.4511873350923483,0.5488126649076518,0.44798695456905224,0.5520130454309478
E1,1112,2011-10-18,Nott'm Forest,Middlesbrough,2,0,H,fpl-team-18,,0.35618720696584055,0.28626088412592093,0.3575519089082384,0.3573893996097623,0.2837842677762236,0.3588263326140141,0.03580098110251129,0.46684350132625996,0.53315649867374,0.46466530981435855,0.5353346901856414
E1,1112,2011-10-18,Peterboro,Cardiff,4,3,H,,,0.38375814022985644,0.27836784500255257,0.33787401476759105,0.3864474623147797,0.27544512549392175,0.33810741219129853,0.03620121767744422,0.5680628272251308,0.43193717277486904,0.5726155564830627,0.4273844435169372
E1,1112,2011-10-18,Reading,Derby,2,2,D,,,0.5340262028682841,0.26325235352661897,0.20272144360509697,0.5444338516903842,0.25956811964452386,0.19599802866509192,0.03527704474981874,0.49734042553191493,0.502659574468085,0.49717058540593806,0.5028294145940619
E1,1112,2011-10-18,Southampton,West Ham,1,0,H,,,0.42429276474952426,0.28031353827295896,0.2953936969775169,0.429085597442482,0.2775245445899032,0.2933898579676148,0.03570174612104893,0.5552631578947369,0.4447368421052632,0.558891163520858,0.4411088364791421
E1,1112,2011-10-19,Leicester,Watford,2,0,H,,,0.5861021728912831,0.24718898007881704,0.16670884702989985,0.5997752032241774,0.2424207129529141,0.15780408382290853,0.03702400694601238,0.5132978723404255,0.48670212765957455,0.5141566862003111,0.485843313799689
E1,1112,2011-10-22,Blackpool,Nott'm Forest,1,2,A,,fpl-team-18,0.4619776797300805,0.27718660783804827,0.2608357124318713,0.4692887733453681,0.2739867718482288,0.2567244548064031,0.03857629303820431,0.512,0.4880000000000001,0.5128073770492821,0.48719262295071786
E1,1112,2011-10-22,Cardiff,Barnsley,5,3,H,,,0.550631508974075,0.262131619765123,0.18723687126080216,0.5626260218454343,0.25812119623466884,0.17925278191989685,0.03766863024793565,0.49202127659574474,0.5079787234042553,0.49150983444171986,0.5084901655582802
E1,1112,2011-10-22,Coventry,Burnley,1,2,A,,,0.35563196876468917,0.287368247206142,0.3569997840291687,0.35689779178846165,0.28475844749464846,0.35834376071688995,0.038695353316143155,0.45502645502645506,0.544973544973545,0.4520207721894716,0.5479792278105284
E1,1112,2011-10-22,Hull,Watford,3,2,H,,,0.5279630579784506,0.2709081580297588,0.20112878399179066,0.5389255426104921,0.26732680299124817,0.19374765439825983,0.03838572697713971,0.4497354497354497,0.5502645502645503,0.4462669683264439,0.5537330316735561
E1,1112,2011-10-22,Ipswich,Crystal Palace,0,1,A,,fpl-team-8,0.48093564443710923,0.2722011125406512,0.24686324302223955,0.4893732187258918,0.2686899632170009,0.24193681805710732,0.03883076389320195,0.5239361702127661,0.4760638297872341,0.5255225023400657,0.4744774976599343
E1,1112,2011-10-22,Leicester,Millwall,0,3,A,,,0.5559818160971544,0.2571993442887113,0.18681883961413437,0.568664653425096,0.25277893672342705,0.17855640985147703,0.0389088150113821,0.5066666666666666,0.49333333333333335,0.5071123755322393,0.4928876244677607
E1,1112,2011-10-22,Middlesbrough,Derby,2,0,H,,,0.5395099789063768,0.26513061820541944,0.19535940288820378,0.5513444508825681,0.2611416025846588,0.18751394653277306,0.039164546178653836,0.4826666666666667,0.5173333333333333,0.4814888648397009,0.5185111351602991
E1,1112,2011-10-22,Peterboro,Leeds,2,3,A,,fpl-team-13,0.3873369646694318,0.27584828344410567,0.3368147518864624,0.39034939606196073,0.2726523998553909,0.3369982040826483,0.037893412401899695,0.6262626262626262,0.37373737373737376,0.636224934628745,0.36377506537125504
E1,1112,2011-10-22,Portsmouth,Doncaster,3,1,H,,,0.5123680467955595,0.27196075211142595,0.21567120109301455,0.5227289127395082,0.2683600267688316,0.20891106049166014,0.03940443671308458,0.46153846153846156,0.5384615384615384,0.45894909688548324,0.5410509031145168
E1,1112,2011-10-22,Reading,Southampton,1,1,D,,,0.3452005788077067,0.2848434223904083,0.3699559988018849,0.34586600108477056,0.28210601115918243,0.37202798775604706,0.038472231943160295,0.5384615384615384,0.46153846153846156,0.5410509031145168,0.45894909688548324
E1,1112,2011-10-23,Bristol City,Birmingham,0,2,A,,,0.3328281297362837,0.2866020006062443,0.3805698696574719,0.33279192558238613,0.2839623639058938,0.3832457105117201,0.03847376396879554,0.5093333333333333,0.49066666666666664,0.5099590257227813,0.49004097427721877
E1,1112,2011-10-24,Brighton,West Ham,0,1,A,fpl-team-5,,0.3261172892628272,0.2833641080484931,0.3905186026886796,0.3257046641704222,0.28057606238325017,0.39371927344632757,0.037990837008692324,0.5212765957446808,0.4787234042553191,0.5226757369623892,0.4773242630376109
E1,1112,2011-10-26,Birmingham,Leeds,1,0,H,,fpl-team-13,0.4080118694362018,0.2818991097922849,0.31008902077151335,0.4121431841913638,0.2790614944764119,0.3087953213322243,0.03752074367366731,0.5319148936170213,0.4680851063829787,0.5340909090913033,0.46590909090869675
E1,1112,2011-10-29,Barnsley,Bristol City,1,2,A,,,0.44711002978047754,0.2809634023998167,0.27192656781970564,0.453438546652063,0.2780463892104445,0.26851506413749254,0.03772809146903455,0.49734042553191493,0.502659574468085,0.49717058540593806,0.5028294145940619
E1,1112,2011-10-29,Birmingham,Brighton,0,0,D,,fpl-team-5,0.4513205501408351,0.2791952952823184,0.26948415457684644,0.45791058810985774,0.27616686600770124,0.2659225458824409,0.037890651961788535,0.49066666666666664,0.5093333333333333,0.49004097427721877,0.5099590257227813
E1,1112,2011-10-29,Burnley,Blackpool,3,1,H,,,0.40991428242378375,0.2819713397278755,0.3081143778483408,0.41413588367191906,0.2791473485630152,0.3067167677650657,0.03738427988719195,0.5239361702127661,0.4760638297872341,0.5255225023400657,0.4744774976599343
E1,1112,2011-10-29,Crystal Palace,Reading,0,0,D,fpl-team-8,,0.3593350329744422,0.28813552179684376,0.3525294452287141,0.36075892867005077,0.28566234873430907,0.3535787225956401,0.03725908976048231,0.46684350132625996,0.53315649867374,0.46466530981435855,0.5353346901856414
E1,1112,2011-10-29,Derby,Portsmouth,3,1,H,,,0.38530005505597364,0.28867682143512574,0.3260231235089008,0.3880783530630042,0.2862956668887847,0.3256259800482111,0.03625705209560692,0.4721485411140583,0.5278514588859416,0.4703574050007903,0.5296425949992097
E1,1112,2011-10-29,Doncaster,Coventry,1,1,D,,,0.3972591320584852,0.2886914189493339,0.31404944899218085,0.40083104588128804,0.2862030661045984,0.31296588801411357,0.03790441085584462,0.44327176781002636,0.5567282321899736,0.43934777702599115,0.5606522229740089
E1,1112,2011-10-29,Millwall,Ipswich,4,1,H,,,0.42856622777744074,0.2844002184333475,0.2870335537892118,0.43386092357446426,0.28168063822257666,0.2844584382029591,0.03770232270471752,0.47340425531914887,0.526595744680851,0.47162637611816793,0.5283736238818321
E1,1112,2011-10-29,Nott'm Forest,Hull,0,1,A,fpl-team-18,,0.40844095940959413,0.28920664206642066,0.30235239852398527,0.41253506812545415,0.28680488538564836,0.3006600464888975,0.036953139933757484,0.4391534391534391,0.5608465608465608,0.4346442373240173,0.5653557626759828
E1,1112,2011-10-29,Southampton,Middlesbrough,3,0,H,,,0.4981011134625127,0.2707700820275869,0.23112880450990045,0.5070711324910931,0.2673370123028324,0.22559185520607444,0.036979789612814784,0.5132978723404255,0.48670212765957455,0.5141566862003111,0.485843313799689
E1,1112,2011-10-29,Watford,Peterboro,3,2,H,,,0.36018563587841357,0.27822722771446323,0.36158713640712337,0.36168495700699954,0.27514972700321816,0.36316531598978224,0.0380771323107183,0.5837696335078534,0.4162303664921466,0.5902501621548791,0.40974983784512087
E1,1112,2011-10-29,West Ham,Leicester,3,2,H,,,0.49432974701948235,0.27333527188136086,0.2323349810991567,0.5033797209926335,0.26993362692901746,0.22668665207834912,0.03820259077474475,0.5053191489361702,0.49468085106382986,0.505659309563501,0.4943406904364988
E1,1112,2011-10-30,Leeds,Cardiff,1,1,D,fpl-team-13,,0.4149493624174832,0.2782893927590307,0.306761244823486,0.41951891239191036,0.27521646838068353,0.30526461922740616,0.03798056463710964,0.5672823218997362,0.43271767810026385,0.5723199092526554,0.4276800907473446
E1,1112,2011-11-01,Barnsley,Hull,2,1,H,,,0.33130719390822255,0.29196446463162107,0.37672834146015627,0.331197034565604,0.2898227546392188,0.3789802107951772,0.03518351796083152,0.42036553524804177,0.5796344647519582,0.41466621900794404,0.585333780992056
E1,1112,2011-11-01,Burnley,Leicester,1,3,A,,,0.3721625373638331,0.28566604549945596,0.34217141713671095,0.37418083773778976,0.2831938164797037,0.34262534578250653,0.03527627023868263,0.48936170212765967,0.5106382978723405,0.4886775362319321,0.5113224637680679
E1,1112,2011-11-01,Crystal Palace,Portsmouth,0,0,D,fpl-team-8,,0.45562687437038524,0.2856376429539112,0.2587354826757035,0.462014546349357,0.2831347934393649,0.25485066021127817,0.035402612295001745,0.4409448818897638,0.5590551181102362,0.4371227364174747,0.5628772635825252
E1,1112,2011-11-01,Doncaster,Middlesbrough,1,3,A,,,0.27585553357576903,0.2851067862261759,0.43903768019805495,0.27291089470065466,0.2826301203752093,0.44445898492413605,0.03473738138563931,0.431578947368421,0.5684210526315789,0.4266034327023821,0.5733965672976178
E1,1112,2011-11-01,Millwall,Coventry,3,0,H,,,0.5557593543653705,0.25935436537050627,0.18488628026412326,0.5674567451161444,0.2553887744901052,0.17715448039375042,0.03586065070703626,0.46153846153846156,0.5384615384615384,0.45894909688548324,0.5410509031145168
E1,1112,2011-11-01,Nott'm Forest,Reading,1,0,H,fpl-team-18,,0.38730849755740915,0.2863231531022565,0.3263683493403344,0.39014975835107846,0.2838553323343159,0.3259949093146056,0.03569109342060983,0.4708994708994709,0.5291005291005291,0.4691011235925061,0.5308988764074939
E1,1112,2011-11-01,Southampton,Peterboro,2,1,H,,,0.6237088759796606,0.22707847426443958,0.1492126497558997,0.6385311663783984,0.221531172601218,0.1399376610203835,0.035024036187678576,0.6350000000000001,0.36500000000000005,0.6456153597181046,0.3543846402818955
E1,1112,2011-11-01,Watford,Brighton,1,0,H,,fpl-team-5,0.3828147065175857,0.2847767938728381,0.3324084996095762,0.38539143618050464,0.2822551532137309,0.3323534106057644,0.035314286360517144,0.4840425531914894,0.5159574468085106,0.4830066840394914,0.5169933159605087
E1,1112,2011-11-01,West Ham,Bristol City,0,0,D,,,0.6819895344836951,0.20489597856198738,0.11311448695431749,0.7001464940815401,0.19795868366406208,0.10189482225439787,0.036188514437526464,0.5800524934383202,0.41994750656167984,0.5862556561203437,0.4137443438796563
E1,1112,2011-11-02,Derby,Cardiff,0,3,A,,,0.3409334763948498,0.2837647532188841,0.37530177038626616,0.3413430475308056,0.2810552568698166,0.3776016955993778,0.03722393233329058,0.5292553191489361,0.47074468085106375,0.5312295942952968,0.4687704057047033
E1,1112,2011-11-02,Leeds,Blackpool,0,5,A,fpl-team-13,,0.46375139432457196,0.27659949631821645,0.2596491093572116,0.47077216738947436,0.27353694543046625,0.25569088718005933,0.03650736063718796,0.5725593667546175,0.4274406332453826,0.5782272287610797,0.42177277123892026
E1,1112,2011-11-05,Blackpool,Millwall,1,0,H,,,0.4497685430580586,0.2795858510901445,0.27064560585179687,0.4561442773190021,0.27663874306600317,0.26721697961499485,0.03713322780095041,0.5305039787798408,0.4694960212201591,0.5324858757093553,0.46751412429064465
E1,1112,2011-11-05,Bristol City,Burnley,3,1,H,,,0.354023056185257,0.28648635008222334,0.3594905937325196,0.35514722160452517,0.2839388683663722,0.36091391002910267,0.03702761430758983,0.48936170212765967,0.5106382978723405,0.4886775362319321,0.5113224637680679
E1,1112,2011-11-05,Cardiff,Crystal Palace,2,0,H,,fpl-team-8,0.4981630837231996,0.2723874171235039,0.22944949915329646,0.5071200411980179,0.2690463101876084,0.2238336486143737,0.036914024502038956,0.5172413793103448,0.48275862068965525,0.5183150183124496,0.48168498168755036
E1,1112,2011-11-05,Coventry,Southampton,2,4,A,,,0.21373429330121269,0.2685537518136275,0.5177119548851596,0.20730921462370863,0.2650068248615839,0.5276839605147076,0.03678232245147228,0.49734042553191493,0.502659574468085,0.49717058540593806,0.5028294145940619
E1,1112,2011-11-05,Hull,West Ham,0,2,A,,,0.3392264353349607,0.29046263525556015,0.3703109294094791,0.3395501809829552,0.28807312554828557,0.37237669346875923,0.037951931823045015,0.4576719576719577,0.5423280423280423,0.45488509799119997,0.5451149020088001
E1,1112,2011-11-05,Ipswich,Doncaster,2,3,A,,,0.5477187818408242,0.2630287935393789,0.189252424619797,0.5594521238629513,0.25910513261342866,0.1814427435236201,0.03733115550130606,0.5251989389920424,0.4748010610079576,0.5268043564136201,0.4731956435863799
E1,1112,2011-11-05,Middlesbrough,Watford,1,0,H,,,0.5679061443626964,0.2608868562338437,0.17120699940345993,0.5806945662318286,0.25682942895251665,0.16247600481565466,0.03728331858292222,0.49071618037135284,0.5092838196286471,0.49014639639470625,0.5098536036052937
E1,1112,2011-11-05,Peterboro,Derby,3,2,H,,,0.48970581742726377,0.26283645568129976,0.2474577268914365,0.4983518985918547,0.25892844915740304,0.24271965225074232,0.037541564321145415,0.6192893401015228,0.38071065989847713,0.6284153005649373,0.3715846994350626
E1,1112,2011-11-05,Portsmouth,Nott'm Forest,3,0,H,,fpl-team-18,0.39803577430075804,0.2883602823107659,0.31360394338847597,0.4015525888132047,0.2859216052062058,0.31252580598058943,0.036853840574622154,0.4588859416445623,0.5411140583554377,0.4560806981703291,0.543919301829671
E1,1112,2011-11-06,Brighton,Barnsley,2,0,H,fpl-team-5,,0.5190639292819493,0.2716738109399676,0.20926225977808316,0.5295393295858026,0.26814167811431255,0.20231899229988473,0.03840583609417081,0.462962962962963,0.537037037037037,0.46059113300006654,0.5394088669999334
E1,1112,2011-11-06,Leicester,Leeds,0,1,A,,fpl-team-13,0.48932441338581223,0.26792979407292317,0.24274579254126455,0.49804408479654666,0.2642569349391613,0.2376989802642921,0.03796559909824282,0.5461741424802111,0.45382585751978893,0.5491517806907368,0.45084821930926317
E1,1112,2011-11-06,Reading,Birmingham,1,0,H,,,0.4177165611332333,0.2875024479404661,0.29478099092630067,0.42229902466588937,0.2850158219010184,0.2926851534330923,0.03681047377176583,0.43947368421052635,0.5605263157894738,0.4353405864411891,0.564659413558811
E1,1112,2011-11-19,Barnsley,Doncaster,2,0,H,,,0.42667844522968196,0.284452296819788,0.28886925795053003,0.4318545493108365,0.2817433657567395,0.2864020849324239,0.03760127420537174,0.502659574468085,0.49734042553191493,0.5028294145940619,0.49717058540593806
E1,1112,2011-11-19,Birmingham,Peterboro,1,1,D,,,0.5146613614739209,0.2661534469336562,0.21918519159242278,0.524521574957665,0.26246372767793236,0.2130146973644026,0.03697056672535837,0.6118251928020565,0.3881748071979434,0.6210417942162708,0.3789582057837292
E1,1112,2011-11-19,Burnley,Leeds,1,2,A,,fpl-team-13,0.3884168343337934,0.2833435873559587,0.32823957831024797,0.391371928182945,0.2806697600625236,0.32795831175453144,0.03639111504890025,0.5631578947368422,0.4368421052631579,0.5675599594630787,0.43244004053692126
E1,1112,2011-11-19,Coventry,West Ham,1,2,A,,,0.19757751368848342,0.2695277065345785,0.532894779776938,0.1903768017442264,0.2660507729941711,0.5435724252616024,0.03643800341524184,0.4735449735449735,0.5264550264550264,0.4719266724690414,0.5280733275309587
E1,1112,2011-11-19,Derby,Hull,0,2,A,,,0.35037194788919046,0.28834958444296727,0.3612784676678423,0.3513334998953852,0.285805995186631,0.3628605049179837,0.038528599543496966,0.4721485411140583,0.5278514588859416,0.4703574050007903,0.5296425949992097
E1,1112,2011-11-19,Middlesbrough,Blackpool,2,2,D,,,0.47514743049705144,0.27716933445661335,0.2476832350463353,0.4828842235491564,0.27408860458062234,0.24302717187022135,0.03702332405373454,0.5,0.5,0.5,0.5
E1,1112,2011-11-19,Nott'm Forest,Ipswich,3,2,H,fpl-team-18,,0.47748570402083773,0.2787715936648604,0.24374270231430195,0.48537324014800054,0.27576584645922847,0.23886091339277102,0.037140909349545836,0.49468085106382986,0.5053191489361702,0.4943406904364988,0.505659309563501
E1,1112,2011-11-19,Reading,Cardiff,1,2,A,,,0.4293176426997877,0.2866520875872429,0.2840302697129693,0.43452277888608704,0.28411968217537,0.28135753893854304,0.03675912995822728,0.48275862068965525,0.5172413793103448,0.48168498168755036,0.5183150183124496
E1,1112,2011-11-19,Southampton,Brighton,3,0,H,,fpl-team-5,0.6351926652998112,0.22829663031558012,0.13651070438460855,0.6510591013520158,0.22260349141462216,0.126337407233362,0.03620855254121125,0.5305039787798408,0.4694960212201591,0.5324858757093553,0.46751412429064465
E1,1112,2011-11-19,Watford,Portsmouth,2,0,H,,,0.3892223332929018,0.2888948374441103,0.32188282926298795,0.3923131951579573,0.28644379919963964,0.32124300564240305,0.03751995135098696,0.4748010610079576,0.5251989389920424,0.4731956435863799,0.5268043564136201
E1,1112,2011-11-20,Leicester,Crystal Palace,3,0,H,,fpl-team-8,0.5577816131351215,0.2623930405452543,0.1798253463196241,0.5699943516965479,0.2584419694759942,0.17156367882745788,0.03715779515914619,0.4721485411140583,0.5278514588859416,0.4703574050007903,0.5296425949992097
E1,1112,2011-11-20,Millwall,Bristol City,1,2,A,,,0.5208568398440014,0.268684075884946,0.21045908427105253,0.5309276359212448,0.2651655769957256,0.20390678708302942,0.036529043572954834,0.4748010610079576,0.5251989389920424,0.4731956435863799,0.5268043564136201
E1,1112,2011-11-22,Birmingham,Burnley,2,1,H,,,0.5304192965455832,0.2713773145116937,0.1982033889427232,0.5408030839333936,0.26805217008416876,0.19114474598243766,0.03586534666828811,0.49336870026525204,0.5066312997347481,0.49296290041081114,0.507037099589189
E1,1112,2011-11-22,Coventry,Cardiff,1,1,D,,,0.26049430105769633,0.27424473337159233,0.46526096557071145,0.2567642597597749,0.2712074913359926,0.47202824890423245,0.03475858084857464,0.4960212201591513,0.5039787798408488,0.49577821559318824,0.5042217844068116
E1,1112,2011-11-26,Blackpool,Birmingham,2,2,D,,,0.3991927949474943,0.2844401260635051,0.31636707898900057,0.4028431513929445,0.2817378293177872,0.3154190192892683,0.03759874706156552,0.4960212201591513,0.5039787798408488,0.49577821559318824,0.5042217844068116
E1,1112,2011-11-26,Brighton,Coventry,2,1,H,fpl-team-5,,0.5395420441102594,0.265906107699039,0.1945518481907015,0.5513683014951647,0.2619632740336508,0.18666842447118445,0.03913397586438805,0.4721485411140583,0.5278514588859416,0.4703574050007903,0.5296425949992097
E1,1112,2011-11-26,Bristol City,Southampton,2,0,H,,,0.22692990239574093,0.27284826974267967,0.5002218278615794,0.22107769297061589,0.26946980207384175,0.5094525049555423,0.03759188228286803,0.5119363395225464,0.48806366047745364,0.5126717729239226,0.4873282270760773
E1,1112,2011-11-26,Cardiff,Nott'm Forest,1,0,H,,fpl-team-18,0.4739639325893736,0.27896976212467633,0.24706630528595006,0.4819105425145223,0.2758786837572122,0.2422107737282654,0.03837247425690293,0.5079787234042553,0.49202127659574474,0.5084901655582802,0.49150983444171986
E1,1112,2011-11-26,Crystal Palace,Millwall,0,0,D,fpl-team-8,,0.39706840390879483,0.2921824104234528,0.31074918566775245,0.40065383774982977,0.2898719678904644,0.30947419435970575,0.03816200140863657,0.4368421052631579,0.5631578947368422,0.43244004053692126,0.5675599594630787
E1,1112,2011-11-26,Doncaster,Watford,0,0,D,,,0.3825519422429977,0.28780223518590853,0.3296458225710938,0.38529898343330016,0.2852681461985308,0.3294328703681691,0.037887759041041136,0.4721485411140583,0.5278514588859416,0.4703574050007903,0.5296425949992097
E1,1112,2011-11-26,Hull,Burnley,2,3,A,,,0.5072468371182044,0.27382351384257053,0.21892964903922502,0.5171817175451529,0.27037930317832026,0.21243897927652688,0.038874445017427206,0.4523809523809524,0.5476190476190476,0.44914823289278233,0.5508517671072177
E1,1112,2011-11-26,Ipswich,Reading,2,3,A,,,0.3501903668850557,0.287307886144086,0.3625017469708584,0.35114803758049523,0.2846870749144586,0.3641648875050461,0.03880900586955249,0.5,0.5,0.5,0.5
E1,1112,2011-11-26,Leeds,Barnsley,1,2,A,fpl-team-13,,0.5562262243130098,0.25946865771025873,0.1843051179767314,0.5688446424728456,0.25519854106237166,0.17595681646478273,0.03867468028329313,0.5514511873350924,0.4485488126649077,0.5548831972971291,0.44511680270287096
E1,1112,2011-11-26,Peterboro,Middlesbrough,1,1,D,,,0.3674124354461818,0.27914518368733926,0.35344238086647906,0.3693109065932844,0.27613099928378226,0.3545580941229334,0.03791751281823963,0.5853018372703411,0.4146981627296588,0.5922404495513658,0.4077595504486342
E1,1112,2011-11-26,Portsmouth,Leicester,1,1,D,,,0.33436290186837236,0.2877798350446053,0.3778572630870224,0.33441353532556023,0.2852424148213229,0.3803440498531169,0.037927801022306085,0.46419098143236076,0.5358090185676393,0.46181046676075377,0.5381895332392462
E1,1112,2011-11-26,West Ham,Derby,3,1,H,,,0.6605931021660314,0.22283164451055126,0.1165752533234173,0.6784183287886161,0.21654160936193673,0.10504006184944722,0.037834875052794814,0.5278514588859416,0.4721485411140583,0.5296425949992097,0.4703574050007903
E1,1112,2011-11-29,Burnley,Ipswich,4,0,H,,,0.47906100565135484,0.2731488190117374,0.24779017533690767,0.4866602056364661,0.26999688447832676,0.24334290988520718,0.03536178986541927,0.5616797900262467,0.4383202099737532,0.5657563377903915,0.4342436622096085
E1,1112,2011-11-29,Derby,Brighton,0,1,A,,fpl-team-5,0.3670140462165835,0.28772088808337104,0.3452650657000453,0.3688175483109183,0.2852830042033016,0.34589944748578016,0.03637309465557337,0.4617414248021108,0.5382585751978891,0.459383753504971,0.540616246495029
E1,1112,2011-11-29,Leicester,Blackpool,2,0,H,,,0.5187937107647402,0.26454070237295535,0.2166655868623045,0.5285223580232198,0.2608962362544863,0.21058140572229386,0.03564738132990897,0.5514511873350924,0.4485488126649077,0.5548831972971291,0.44511680270287096
E1,1112,2011-11-29,Middlesbrough,West Ham,0,2,A,,,0.3790993882258549,0.287834720690001,0.333065891084144,0.38153896073914517,0.2854157300605341,0.33304530920032077,0.036163804470561445,0.4523809523809524,0.5476190476190476,0.44914823289278233,0.5508517671072177
E1,1112,2011-11-29,Millwall,Doncaster,3,2,H,,,0.5466717997352086,0.2633264162104808,0.19000178405431034,0.5576876468142381,0.25964520350321485,0.18266714968254702,0.035170569783076644,0.49202127659574474,0.5079787234042553,0.49150983444171986,0.5084901655582802
E1,1112,2011-11-29,Nott'm Forest,Leeds,0,4,A,fpl-team-18,fpl-team-13,0.4183979395347704,0.2844595747446762,0.29714248572055346,0.4229091663642732,0.28187139777294984,0.29521943586277705,0.03593517607077956,0.5278514588859416,0.4721485411140583,0.5296425949992097,0.4703574050007903
E1,1112,2011-11-29,Reading,Peterboro,3,2,H,,,0.5335787173209326,0.25937854314212005,0.20704273953694727,0.544095870821053,0.2554502806418377,0.20045384853710926,0.03572509216610342,0.5718015665796344,0.4281984334203655,0.5765675465058195,0.42343245349418046
E1,1112,2011-11-29,Southampton,Hull,2,1,H,,,0.5835911944125188,0.2537353019184864,0.16267350366899477,0.596736661290526,0.2494398135198395,0.15382352518963435,0.0359449009411037,0.5132275132275131,0.48677248677248675,0.5140071716723167,0.4859928283276833
E1,1112,2011-11-29,Watford,Bristol City,2,2,D,,,0.4040130151843818,0.2828091106290673,0.313177874186551,0.407744857316206,0.28014862919974254,0.3121065134840515,0.03578440798446536,0.48275862068965525,0.5172413793103448,0.48168498168755036,0.5183150183124496
E1,1112,2011-12-02,Crystal Palace,Derby,1,1,D,fpl-team-8,,0.4248366013071895,0.2875816993464052,0.2875816993464052,0.4295669584449537,0.28521652077752313,0.28521652077752313,0.03501388640142977,0.4552631578947368,0.5447368421052632,0.4525285526877652,0.547471447312235
E1,1112,2011-12-03,Blackpool,Reading,1,0,H,,,0.38299848155909993,0.28461355051639536,0.3323879679245046,0.38572487058919935,0.28194683166961,0.33232829774119055,0.03726185346022248,0.5092838196286471,0.49071618037135284,0.5098536036052937,0.49014639639470625
E1,1112,2011-12-03,Brighton,Nott'm Forest,1,0,H,fpl-team-5,fpl-team-18,0.4199580651453091,0.2868636629607958,0.29317827189389506,0.4246045632630908,0.28437300622143896,0.2910224305154703,0.03635161696001887,0.4721485411140583,0.5278514588859416,0.4703574050007903,0.5296425949992097
E1,1112,2011-12-03,Bristol City,Middlesbrough,0,1,A,,,0.3550884955752212,0.28982300884955753,0.3550884955752212,0.356285268050251,0.28742946389949803,0.356285268050251,0.037457662634551525,0.4576719576719577,0.5423280423280423,0.45488509799119997,0.5451149020088001
E1,1112,2011-12-03,Doncaster,Southampton,1,0,H,,,0.19752611183822208,0.26042548823363354,0.5420483999281444,0.19028894326361248,0.25644897971460806,0.5532620770217795,0.03659725422039628,0.5238095238095238,0.4761904761904762,0.5252525252516378,0.4747474747483622
E1,1112,2011-12-03,Hull,Leicester,2,1,H,,,0.3525478674906291,0.290851990679769,0.35660014182960187,0.3535980248827681,0.2885288281220651,0.35787314699516676,0.037228977656923234,0.43421052631578944,0.5657894736842105,0.4295278365170655,0.5704721634829345
E1,1112,2011-12-03,Ipswich,Watford,1,2,A,,,0.39439864915447387,0.2846424501542991,0.32095890069122696,0.39774857727980867,0.2819791628271332,0.3202722598930582,0.03721285820938647,0.537037037037037,0.462962962962963,0.5394088669999334,0.46059113300006654
E1,1112,2011-12-03,Leeds,Millwall,2,0,H,fpl-team-13,,0.46604129586201104,0.2757640803917225,0.2581946237462665,0.47319209631164316,0.27265311554611255,0.2541547881422443,0.03654460480902344,0.5119363395225464,0.48806366047745364,0.5126717729239226,0.4873282270760773
E1,1112,2011-12-03,Peterboro,Barnsley,3,4,A,,,0.4781711697233134,0.2718465833703968,0.24998224690628984,0.48593463771364126,0.2685385884055695,0.24552677388078925,0.03636282472871244,0.5833333333333334,0.41666666666666663,0.5892857143008219,0.410714285699178
E1,1112,2011-12-03,Portsmouth,Coventry,2,1,H,,,0.5267363959756735,0.271024250254925,0.2022393537694017,0.5371235459820202,0.2676200316912854,0.1952564223266944,0.03655946091748774,0.45382585751978893,0.5461741424802111,0.45084821930926317,0.5491517806907368
E1,1112,2011-12-03,West Ham,Burnley,1,2,A,,,0.5855340412242349,0.25026858213616493,0.16419737663960027,0.5993659558011198,0.24559350012793893,0.15504054407094137,0.03756710630841553,0.5646437994722956,0.4353562005277045,0.5693854432171179,0.43061455678288213
E1,1112,2011-12-04,Cardiff,Birmingham,1,0,H,,,0.46069855498029516,0.2786260721737115,0.26067537284599335,0.4677181315650673,0.2756018703584094,0.25667999807652314,0.03738921997137368,0.5039787798408488,0.4960212201591513,0.5042217844068116,0.49577821559318824
E1,1112,2011-12-06,Barnsley,Crystal Palace,2,1,H,,fpl-team-8,0.42293929918442347,0.2849682473163341,0.29209245349924245,0.4275671723802618,0.28247244988533327,0.2899603777344049,0.034980345983058214,0.433420365535248,0.5665796344647519,0.4292099272552123,0.5707900727447877
E1,1112,2011-12-07,Hull,Birmingham,2,1,H,,,0.39599761723257393,0.291722382600799,0.3122800001666271,0.39944611940395874,0.289437157236217,0.3111167233598243,0.03731903154402971,0.42368421052631583,0.5763157894736841,0.4177514960571316,0.5822485039428683
E1,1112,2011-12-10,Barnsley,Ipswich,3,5,A,,,0.46503512628552984,0.27516871377842,0.25979615993605015,0.47235448331915403,0.27192796384213724,0.2557175528387087,0.03771050553768873,0.5382585751978891,0.4617414248021108,0.540616246495029,0.459383753504971
E1,1112,2011-12-10,Birmingham,Doncaster,2,1,H,,,0.5746665277198832,0.2522926219258025,0.17304085035431432,0.5879110444065582,0.2477442010897909,0.164344754503651,0.0375323670450598,0.4986737400530504,0.5013262599469495,0.49859281774190956,0.5014071822580904
E1,1112,2011-12-10,Burnley,Portsmouth,0,1,A,,,0.47071652505793093,0.2773865236948521,0.25189695124721706,0.4781269294496793,0.2743552488962266,0.24751782165409408,0.03659105743281543,0.5066312997347481,0.49336870026525204,0.507037099589189,0.49296290041081114
E1,1112,2011-12-10,Coventry,Hull,0,1,A,,,0.33124392451312307,0.2872825394697147,0.3814735360171622,0.3311224356492467,0.28476560457870437,0.3841119597720488,0.037196672754362226,0.4397905759162304,0.5602094240837696,0.43602581218352804,0.563974187816472
E1,1112,2011-12-10,Derby,Bristol City,2,1,H,,,0.3716473803178031,0.2867649539489221,0.3415876657332748,0.37379898942479745,0.2841559937746411,0.34204501680056154,0.038164401659742,0.4854111405835544,0.5145888594164455,0.4845079150476607,0.5154920849523393
E1,1112,2011-12-10,Leicester,Peterboro,1,1,D,,,0.5786929749056479,0.24518307621002447,0.1761239488843276,0.5920103135684869,0.24031064842988417,0.16767903800162892,0.037097945692949,0.6010362694300517,0.39896373056994816,0.6091580833023115,0.3908419166976884
E1,1112,2011-12-10,Middlesbrough,Brighton,1,0,H,,fpl-team-5,0.5064374216607741,0.27326828617472854,0.22029429216449747,0.5158033498176815,0.2699801062878214,0.21421654389449707,0.036775271873921156,0.43307086614173224,0.5669291338582677,0.42845117844941644,0.5715488215505835
E1,1112,2011-12-10,Millwall,Cardiff,0,0,D,,,0.3689934702239684,0.28788345045337477,0.343123079322657,0.3709734220488462,0.2853653226364001,0.3436612553147537,0.03773138870019466,0.4564643799472295,0.5435356200527705,0.45370110556018506,0.5462988944398149
E1,1112,2011-12-10,Nott'm Forest,Crystal Palace,0,1,A,fpl-team-18,fpl-team-8,0.48495649671234703,0.2762956895215745,0.23874781376607854,0.4932513862419829,0.27315209316129,0.2335965205967271,0.03714508144184947,0.4447368421052632,0.5552631578947369,0.4411088364791421,0.558891163520858
E1,1112,2011-12-10,Reading,West Ham,3,0,H,,,0.3610263137977142,0.2874839165426243,0.35148976965966144,0.3625254385766442,0.2850044662235616,0.3524700951997941,0.03681505285203457,0.47745358090185674,0.5225464190981433,0.47602932882080634,0.5239706711791936
E1,1112,2011-12-10,Southampton,Blackpool,2,2,D,,,0.5858550740891313,0.24385067219940282,0.17029425371146595,0.5996005818737301,0.23888018082135493,0.16151923730491488,0.037243682192638516,0.5634920634920635,0.4365079365079365,0.568288519001955,0.431711480998045
E1,1112,2011-12-10,Watford,Leeds,1,1,D,,fpl-team-13,0.34724027199020696,0.2820011905859863,0.3707585374238067,0.34799760054552514,0.279189901181229,0.3728124982732459,0.03730767802335322,0.5317460317460317,0.46825396825396826,0.5337296567989512,0.46627034320104876
E1,1112,2011-12-17,Blackpool,Watford,0,0,D,,,0.48286057470202354,0.2781853460223598,0.23895407927561677,0.490939182428977,0.2751826044029709,0.23387821316805213,0.036674225237220526,0.4960212201591513,0.5039787798408488,0.49577821559318824,0.5042217844068116
E1,1112,2011-12-17,Brighton,Burnley,0,1,A,fpl-team-5,,0.4183979395347704,0.2844595747446762,0.29714248572055346,0.4229091663642732,0.28187139777294984,0.29521943586277705,0.03593517607077956,0.4814814814814815,0.5185185185185185,0.4803767660946392,0.5196232339053608
E1,1112,2011-12-17,Bristol City,Nott'm Forest,0,0,D,,fpl-team-18,0.3910109007743652,0.29112649621518155,0.3178626030104533,0.39399526641402766,0.2889474890392106,0.31705724454676165,0.03505826904438436,0.4383202099737532,0.5616797900262467,0.4342436622096085,0.5657563377903915
E1,1112,2011-12-17,Cardiff,Middlesbrough,2,3,A,,,0.4408030659075496,0.2875392306843093,0.27165770340814105,0.4463730669520889,0.2851599850471539,0.26846694800075727,0.03511214710306376,0.4511873350923483,0.5488126649076518,0.44798695456905224,0.5520130454309478
E1,1112,2011-12-17,Doncaster,Leicester,2,1,H,,,0.24298387546727665,0.2785248005356245,0.47849132399709865,0.23820845639464316,0.2755965194398493,0.4861950241655075,0.03600570606067777,0.4656084656084655,0.5343915343915343,0.4634338433828662,0.5365661566171338
E1,1112,2011-12-17,Hull,Millwall,2,0,H,,,0.473224393087497,0.28079881156095454,0.24597679535154857,0.4807423750821952,0.27795678123878365,0.2413008436790211,0.036462876945734024,0.4526315789473684,0.5473684210526316,0.4496869409663943,0.5503130590336057
E1,1112,2011-12-17,Ipswich,Derby,1,0,H,,,0.4301178580579042,0.27451639764283886,0.29536574429925694,0.4352253150099857,0.2714195536058264,0.2933551313841879,0.03575983736664057,0.5646437994722956,0.4353562005277045,0.5693854432171179,0.43061455678288213
E1,1112,2011-12-17,Leeds,Reading,0,1,A,fpl-team-13,,0.41442102944415893,0.28085762537631254,0.30472134517952865,0.4187598328233572,0.27805654851871264,0.3031836186579301,0.03626674343831837,0.49206349206349204,0.5079365079365078,0.49159946236579216,0.5084005376342079
E1,1112,2011-12-17,Peterboro,Coventry,1,0,H,,,0.5362424577039872,0.25217888551484796,0.21157865678116497,0.5470210166687238,0.24783235154216735,0.20514663178910889,0.03613286674953997,0.6020671834625323,0.3979328165374677,0.6100830500180189,0.38991694998198106
E1,1112,2011-12-17,West Ham,Barnsley,1,0,H,,,0.5982449446776039,0.24303700877527662,0.1587180465471194,0.6122725963067487,0.23813601055809097,0.14959139313516034,0.03627971070818603,0.5435356200527705,0.4564643799472295,0.5462988944398149,0.45370110556018506
E1,1112,2011-12-18,Portsmouth,Southampton,1,1,D,,,0.28765595256859483,0.2867708573299223,0.42557319010148287,0.2851936308016367,0.28426141989303183,0.43054494930533144,0.03653173381462693,0.4854111405835544,0.5145888594164455,0.4845079150476607,0.5154920849523393
E1,1112,2011-12-19,Crystal Palace,Birmingham,1,0,H,fpl-team-8,,0.33847082308156545,0.29362610835151576,0.367903068566919,0.3387476493729514,0.2914559685153736,0.369796382111675,0.037189355585724115,0.4251968503937008,0.5748031496062992,0.41966852696700674,0.5803314730329933
E1,1112,2011-12-26,Barnsley,Blackpool,1,3,A,,,0.36361193227626987,0.28379467884977155,0.35259338887395864,0.3652660643987474,0.2810915750982109,0.35364236050304165,0.0371651214081794,0.5240641711229947,0.47593582887700536,0.5257968355913017,0.4742031644086983
E1,1112,2011-12-26,Birmingham,West Ham,1,1,D,,,0.3778077625208349,0.28891181839828556,0.3332804190808794,0.3801561517219719,0.28657211820662065,0.3332717300714074,0.035817347932606936,0.4350132625994695,0.5649867374005305,0.4298637352493277,0.5701362647506723
E1,1112,2011-12-26,Burnley,Doncaster,3,0,H,,,0.5450600683663387,0.25535690874149014,0.19958302289217114,0.556485708549928,0.251094769632076,0.19241952181799604,0.036758063128218055,0.5374331550802139,0.4625668449197861,0.5402611221383922,0.4597388778616078
E1,1112,2011-12-26,Coventry,Bristol City,1,0,H,,,0.35555891924619687,0.2875198667978506,0.35692121395595244,0.3567584429857235,0.2850468421213858,0.3581947148928906,0.03674767422489822,0.4666666666666667,0.5333333333333333,0.4642857142816436,0.5357142857183564
E1,1112,2011-12-26,Derby,Leeds,1,0,H,,fpl-team-13,0.3334884261951844,0.28381993718739096,0.38269163661742467,0.3334893370845431,0.2812365566034602,0.38527410631199677,0.03548712097108364,0.5053475935828876,0.4946524064171124,0.5057200057206184,0.4942799942793817
E1,1112,2011-12-26,Leicester,Ipswich,1,1,D,,,0.5973950795947902,0.24081041968162084,0.16179450072358903,0.611673881546118,0.23569164460936576,0.15263447384451617,0.0370507538318634,0.5608465608465608,0.4391534391534391,0.5653557626759828,0.4346442373240173
E1,1112,2011-12-26,Middlesbrough,Hull,1,0,H,,,0.4694694053010449,0.2813988302858673,0.24913176441308785,0.4765580508989508,0.27867885107118373,0.24476309802986537,0.0353043950162828,0.4312169312169312,0.5687830687830688,0.42580967327754204,0.574190326722458
E1,1112,2011-12-26,Millwall,Portsmouth,1,0,H,,,0.4461813063682899,0.28430455192369686,0.26951414170801324,0.4522180792663613,0.2816756683873651,0.26610625234627355,0.03626190987415612,0.42216358839050133,0.5778364116094987,0.41581050228309485,0.5841894977169051
E1,1112,2011-12-26,Nott'm Forest,Peterboro,0,1,A,fpl-team-18,,0.4760262159365299,0.27043808209727493,0.25353570196619524,0.48360547905816936,0.26708822856652936,0.24930629237530125,0.03602376580238342,0.5439999999999999,0.45599999999999996,0.5472996216016252,0.4527003783983748
E1,1112,2011-12-26,Reading,Brighton,3,0,H,,fpl-team-5,0.5421196257164121,0.26641307320920826,0.19146730107437965,0.5533128090974413,0.2627546120044432,0.18393257889811546,0.036538463551551104,0.4506666666666666,0.5493333333333332,0.44686045842705185,0.5531395415729482
E1,1112,2011-12-26,Southampton,Crystal Palace,2,0,H,,fpl-team-8,0.6307783452786219,0.2305066545709532,0.138715000150425,0.6464574915251511,0.2249191175937639,0.128623390881085,0.036290916381403804,0.5240641711229947,0.47593582887700536,0.5257968355913017,0.4742031644086983
E1,1112,2011-12-26,Watford,Cardiff,1,1,D,,,0.3329816540648262,0.28954926440419665,0.3774690815309771,0.3329569390126066,0.28721267097058245,0.3798303900168108,0.03629814903251827,0.44533333333333336,0.5546666666666668,0.44098341777534705,0.559016582224653
E1,1112,2011-12-30,Southampton,Bristol City,0,1,A,,,0.6597998445550188,0.2178873905274713,0.12231276491750999,0.6760904849870083,0.21192896334770914,0.11198055166528252,0.03447353816591203,0.5278514588859416,0.4721485411140583,0.5296425949992097,0.4703574050007903
E1,1112,2011-12-31,Barnsley,Leeds,4,1,H,,fpl-team-13,0.3336899747262006,0.2845577085088459,0.3817523167649537,0.3337020185364094,0.28176505836601917,0.3845329230975714,0.03901742142625153,0.5343915343915343,0.4656084656084655,0.5365661566171338,0.4634338433828662
E1,1112,2011-12-31,Birmingham,Blackpool,3,0,H,,,0.4814135215836346,0.2740790845594143,0.2445073938569512,0.48976279631437375,0.2707192464739703,0.23951795721165595,0.03829389763996005,0.4840425531914894,0.5159574468085106,0.4830066840394914,0.5169933159605087
E1,1112,2011-12-31,Burnley,Hull,1,0,H,,,0.39200505542977426,0.28763219237416876,0.320362752196057,0.3953087094036352,0.2850660224965221,0.3196252680998428,0.03821122576482594,0.48936170212765967,0.5106382978723405,0.4886775362319321,0.5113224637680679
E1,1112,2011-12-31,Coventry,Brighton,2,0,H,,fpl-team-5,0.35576363427804286,0.29384274856509235,0.35039361715686484,0.35703207212862975,0.2916109852916728,0.3513569425796974,0.03849102067761123,0.4103896103896104,0.5896103896103896,0.4038086209801802,0.5961913790198198
E1,1112,2011-12-31,Derby,West Ham,2,1,H,,,0.26418653758816246,0.2808971318331968,0.4549163305786407,0.26049781082540924,0.27808664713316994,0.46141554204142093,0.03624022286385298,0.4854111405835544,0.5145888594164455,0.4845079150476607,0.5154920849523393
E1,1112,2011-12-31,Leicester,Portsmouth,1,1,D,,,0.5379088222169045,0.2674086961020818,0.19468248168101354,0.5491967572973193,0.2637006290423506,0.1871026136603301,0.03761567524634302,0.4414893617021276,0.5585106382978724,0.43689041882049473,0.5631095811795052
E1,1112,2011-12-31,Middlesbrough,Peterboro,1,1,D,,,0.5502144298688194,0.2568680625630676,0.192917507568113,0.5623176952355066,0.2525313808785769,0.18515092388591664,0.03806928009726107,0.5437665782493368,0.4562334217506631,0.546795235392336,0.45320476460766396
E1,1112,2011-12-31,Millwall,Crystal Palace,0,1,A,,fpl-team-8,0.444620717554951,0.2868078085462492,0.2685714738987999,0.45087865934851834,0.28418337816724304,0.2649379624842387,0.03815069608390331,0.41514360313315923,0.5848563968668407,0.408748876912001,0.591251123087999
E1,1112,2011-12-31,Nott'm Forest,Cardiff,0,1,A,fpl-team-18,,0.3517447284941221,0.29109908565030795,0.3571561858555701,0.35278321147672403,0.28871487209313373,0.35850191643014223,0.03845641086809337,0.4497354497354497,0.5502645502645503,0.4462669683264439,0.5537330316735561
E1,1112,2011-12-31,Reading,Ipswich,1,0,H,,,0.5606929382956395,0.25500007604678393,0.18430698565757653,0.5732108546804371,0.25060613929439435,0.17618300602516865,0.037590499967336655,0.5514511873350924,0.4485488126649077,0.5548831972971291,0.44511680270287096
E1,1112,2011-12-31,Watford,Doncaster,4,1,H,,,0.5150549401541686,0.2725875560465044,0.21235750379932694,0.5248256610712989,0.2692752695883988,0.2058990693403023,0.0365652060136199,0.46153846153846156,0.5384615384615384,0.45894909688548324,0.5410509031145168
E1,1112,2012-01-02,Blackpool,Middlesbrough,3,0,H,,,0.363852354688163,0.28994484514212987,0.3462028001697073,0.3655981391841572,0.28746711152096277,0.3469347492948801,0.038912428775802255,0.4376657824933686,0.5623342175066313,0.43281875356184146,0.5671812464381586
E1,1112,2012-01-02,Brighton,Southampton,3,0,H,fpl-team-5,,0.2704187721899961,0.28365027174669316,0.44593095606331085,0.26679570570478744,0.2807777932262091,0.4524265010690035,0.03915504412725568,0.4694960212201591,0.5305039787798408,0.46751412429064465,0.5324858757093553
E1,1112,2012-01-02,Cardiff,Reading,3,1,H,,,0.42593753306905224,0.28747486752028917,0.2865875994106586,0.43119837480928885,0.2848693179953303,0.28393230719538093,0.03853831370361149,0.4656084656084655,0.5343915343915343,0.4634338433828662,0.5365661566171338
E1,1112,2012-01-02,Crystal Palace,Leicester,1,2,A,fpl-team-8,,0.34091369529983795,0.2926711912479741,0.366415113452188,0.34132498140175244,0.2904457566121285,0.3682292619861191,0.037247509812004864,0.42036553524804177,0.5796344647519582,0.41466621900794404,0.585333780992056
E1,1112,2012-01-02,Doncaster,Barnsley,2,0,H,,,0.37276961482399856,0.28586626903680873,0.34136411613919276,0.3748919352618556,0.2833177308855052,0.3417903338526392,0.03654344752430916,0.5132978723404255,0.48670212765957455,0.5141566862003111,0.485843313799689
E1,1112,2012-01-02,Hull,Derby,0,1,A,,,0.521019064834078,0.2719688960130964,0.2070120391528256,0.5318760663518055,0.2683584775055901,0.19976545614260435,0.03942097956314683,0.4603174603174603,0.5396825396825397,0.45774171736872327,0.5422582826312768
E1,1112,2012-01-02,Ipswich,Nott'm Forest,1,3,A,,fpl-team-18,0.4232704606694153,0.283900918741681,0.29282862058890363,0.4281788306577848,0.28120608902133665,0.29061508032087857,0.03699758742004633,0.48806366047745364,0.5119363395225464,0.4873282270760773,0.5126717729239226
E1,1112,2012-01-02,Leeds,Burnley,2,1,H,fpl-team-13,,0.4372648691323016,0.2843562952639508,0.2783788356037476,0.4433063049294147,0.2815066463830864,0.2751870486874988,0.03945337515324354,0.49734042553191493,0.502659574468085,0.49717058540593806,0.5028294145940619
E1,1112,2012-01-02,Peterboro,Birmingham,1,1,D,,,0.3260927997849679,0.2814904411517656,0.39241675906326645,0.3256568256712382,0.278453877424938,0.39588929690382385,0.039931066799908876,0.5278514588859416,0.4721485411140583,0.5296425949992097,0.4703574050007903
E1,1112,2012-01-02,Portsmouth,Watford,2,0,H,,,0.44796394302495407,0.2858174851202161,0.26621857185482983,0.45416862200068225,0.28323713823826324,0.26259423976105445,0.03670093580149114,0.42894736842105263,0.5710526315789474,0.4236662802851672,0.5763337197148328
E1,1112,2012-01-02,West Ham,Coventry,1,0,H,,,0.6534887843742505,0.22360339127986398,0.12290782434588551,0.6718724034705813,0.21703532643786988,0.11109227009154883,0.03987502329982817,0.5172413793103448,0.48275862068965525,0.5183150183124496,0.48168498168755036
E1,1112,2012-01-03,Bristol City,Millwall,1,0,H,,,0.43851302410082055,0.28917422332345133,0.2723127525757282,0.4440052798813404,0.28686222721538346,0.2691324929032761,0.03537960071116686,0.4072164948453609,0.5927835051546392,0.4009356081398957,0.5990643918601043
E1,1112,2012-01-11,Birmingham,Ipswich,2,1,H,,,0.6088207094918505,0.2444870565675935,0.1466922339405561,0.6238127552893947,0.2394904140789936,0.13669683063161173,0.037412808276712894,0.5106382978723405,0.48936170212765967,0.5113224637680679,0.4886775362319321
E1,1112,2012-01-14,Brighton,Bristol City,2,0,H,fpl-team-5,,0.4147648051662141,0.2880311146987598,0.297204080135026,0.4190698464718247,0.2856386873349176,0.2952914661932577,0.0358199467882514,0.43569553805774275,0.5643044619422573,0.43135332026324247,0.5686466797367574
E1,1112,2012-01-14,Crystal Palace,Leeds,1,1,D,fpl-team-8,fpl-team-13,0.36742009735481673,0.2907311673773316,0.3418487352678515,0.3692167463561165,0.2884900516289805,0.34229320201490304,0.03577813762240112,0.4397905759162304,0.5602094240837696,0.43602581218352804,0.563974187816472
E1,1112,2012-01-14,Derby,Coventry,1,0,H,,,0.5068424039856215,0.2726871413255975,0.22047045468878096,0.5161218359218165,0.26940672864266846,0.21447143543551514,0.03634209814481437,0.4591029023746703,0.5408970976253298,0.4565461171848933,0.5434538828151066
E1,1112,2012-01-14,Doncaster,Cardiff,0,0,D,,,0.2518122853872567,0.2823349866463182,0.465852727966425,0.2474099247658735,0.27955553093951474,0.4730345442946118,0.03676566993817687,0.4656084656084655,0.5343915343915343,0.4634338433828662,0.5365661566171338
E1,1112,2012-01-14,Hull,Peterboro,1,0,H,,,0.537880970959919,0.2666286761491862,0.19549035289089492,0.5491760764883465,0.26287621936894373,0.18794770414270962,0.037642089650034904,0.4960212201591513,0.5039787798408488,0.49577821559318824,0.5042217844068116
E1,1112,2012-01-14,Ipswich,Blackpool,2,2,D,,,0.3298613985990826,0.28117703555283247,0.3889615658480849,0.32967063034430205,0.2784443861797049,0.39188498347599304,0.03564029233530164,0.5616797900262467,0.4383202099737532,0.5657563377903915,0.4342436622096085
E1,1112,2012-01-14,Leicester,Barnsley,1,2,A,,,0.5721586245500871,0.2548138136657492,0.17302756178416367,0.5849309364713765,0.2505176015413067,0.1645514619873168,0.03654796280898154,0.5264550264550264,0.4735449735449735,0.5280733275309587,0.4719266724690414
E1,1112,2012-01-14,Middlesbrough,Burnley,0,2,A,,,0.4836310180080853,0.27946343256155826,0.23690554943035647,0.491563574744676,0.27659606288879557,0.23184036236652847,0.03581528319045901,0.4591029023746703,0.5408970976253298,0.4565461171848933,0.5434538828151066
E1,1112,2012-01-14,Millwall,Birmingham,0,6,A,,,0.3282257389265679,0.29130034329732896,0.3804739177761031,0.3279459607575899,0.2890498703248309,0.3830041689175792,0.03640646324492991,0.43569553805774275,0.5643044619422573,0.43135332026324247,0.5686466797367574
E1,1112,2012-01-14,Nott'm Forest,Southampton,0,3,A,fpl-team-18,,0.32066678020594913,0.28889793510814615,0.3904352846859046,0.3199910038567856,0.2865539742789832,0.39345502186423126,0.03584854491055012,0.467018469656992,0.5329815303430079,0.4650388767684244,0.5349611232315755
E1,1112,2012-01-14,Portsmouth,West Ham,0,1,A,,,0.3273116234846684,0.28880437366294276,0.3838840028523889,0.32698557970944014,0.2864454269410992,0.38656899334946065,0.036019257735461,0.4511873350923483,0.5488126649076518,0.44798695456905224,0.5520130454309478
E1,1112,2012-01-14,Watford,Reading,1,2,A,,,0.33720158181992804,0.28917906552359157,0.3736193526564803,0.33739767993103004,0.2868853684817245,0.37571695158724544,0.0353203231934458,0.462962962962963,0.537037037037037,0.46059113300006654,0.5394088669999334
E1,1112,2012-01-21,Barnsley,Millwall,1,3,A,,,0.4266645054098958,0.28975969526279527,0.2835757993273088,0.4318421982706394,0.28734016049270855,0.2808176412366521,0.037618948612362146,0.4735449735449735,0.5264550264550264,0.4719266724690414,0.5280733275309587
E1,1112,2012-01-21,Birmingham,Watford,3,0,H,,,0.5590111763937058,0.26287777700100606,0.17811104660528818,0.5719638102255071,0.2587285521576284,0.16930763761686438,0.03925771184731275,0.48806366047745364,0.5119363395225464,0.4873282270760773,0.5126717729239226
E1,1112,2012-01-21,Blackpool,Crystal Palace,2,1,H,,fpl-team-8,0.5472753119570369,0.26207550150055287,0.1906491865424104,0.5591208321255412,0.25805520190436265,0.18282396597009626,0.03777026617899537,0.45382585751978893,0.5461741424802111,0.45084821930926317,0.5491517806907368
E1,1112,2012-01-21,Bristol City,Doncaster,2,1,H,,,0.5101044882035649,0.27548669689331995,0.21440881490311509,0.5201827899712812,0.27213794814838677,0.2076792618803321,0.03881146386265755,0.4485488126649077,0.5514511873350924,0.44511680270287096,0.5548831972971291
E1,1112,2012-01-21,Burnley,Derby,0,0,D,,,0.5078745409735924,0.2749734940774184,0.2171519649489893,0.5176755027323336,0.27165074296951974,0.21067375429814658,0.038204325595870614,0.48677248677248675,0.5132275132275131,0.4859928283276833,0.5140071716723167
E1,1112,2012-01-21,Cardiff,Portsmouth,3,2,H,,,0.5224244641604927,0.269540738030631,0.2080347978088763,0.5329639909308032,0.2659312912104106,0.20110471785878622,0.03795004705898464,0.45502645502645506,0.544973544973545,0.4520207721894716,0.5479792278105284
E1,1112,2012-01-21,Coventry,Middlesbrough,3,1,H,,,0.2776425626068591,0.2897515840289651,0.43260585336417584,0.2745560574224678,0.28732788800717374,0.4381160545703584,0.0376420090906322,0.4251968503937008,0.5748031496062992,0.41966852696700674,0.5803314730329933
E1,1112,2012-01-21,Leeds,Ipswich,3,1,H,fpl-team-13,,0.533791523482245,0.2668957617411225,0.1993127147766323,0.5451547469928184,0.2630626922003558,0.19178256080682576,0.038647358189336956,0.5238095238095238,0.4761904761904762,0.5252525252516378,0.4747474747483622
E1,1112,2012-01-21,Peterboro,Brighton,1,2,A,,fpl-team-5,0.4722186382920591,0.2736090345398108,0.25417232716813015,0.4799147964749378,0.27028843601369673,0.24979676751136543,0.03760740824509412,0.5251989389920424,0.4748010610079576,0.5268043564136201,0.4731956435863799
E1,1112,2012-01-21,Reading,Hull,0,1,A,,,0.4580596094074371,0.2843611642498768,0.2575792263426862,0.46501158543671756,0.281618059882436,0.2533703546808464,0.03782262094318867,0.43007915567282323,0.5699208443271768,0.4247330152375847,0.5752669847624153
E1,1112,2012-01-21,West Ham,Nott'm Forest,2,1,H,,fpl-team-18,0.588407542666453,0.2479157113101322,0.16367674602341478,0.6026812687325833,0.24301151770705506,0.1543072135603616,0.03835821244865656,0.5251989389920424,0.4748010610079576,0.5268043564136201,0.4731956435863799
E1,1112,2012-01-23,Southampton,Leicester,0,2,A,,,0.4894420412053669,0.27513014150597553,0.23542781728865747,0.498137547212497,0.2718616603097913,0.23000079247771177,0.037840758450329304,0.4591029023746703,0.5408970976253298,0.4565461171848933,0.5434538828151066
E1,1112,2012-01-28,Peterboro,Portsmouth,0,3,A,,,0.424291626481755,0.2807246712975962,0.2949837022206487,0.4294083327284691,0.2777703676620606,0.2928212996094704,0.038156370632350445,0.5039787798408488,0.4960212201591513,0.5042217844068116,0.49577821559318824
E1,1112,2012-01-28,Reading,Bristol City,1,0,H,,,0.5275017719352207,0.2706714631504339,0.2018267649143453,0.5385716135117845,0.26703325185609,0.1943951346321254,0.038861399167217314,0.4748010610079576,0.5251989389920424,0.4731956435863799,0.5268043564136201
E1,1112,2012-01-31,Barnsley,Derby,3,2,H,,,0.40387219453167766,0.2861793771068023,0.3099484283615201,0.407616079573368,0.2836823523640068,0.3087015680626252,0.03597031417302787,0.49206349206349204,0.5079365079365078,0.49159946236579216,0.5084005376342079
E1,1112,2012-01-31,Blackpool,Coventry,2,1,H,,,0.583521094040825,0.24764820967249868,0.1688306962866763,0.5966907346931043,0.2430394769453812,0.16026978836151445,0.03598927287384868,0.5145888594164455,0.4854111405835544,0.5154920849523393,0.4845079150476607
E1,1112,2012-01-31,Crystal Palace,Brighton,1,1,D,fpl-team-8,fpl-team-5,0.4059946622870047,0.2918086635187846,0.30219667419421065,0.40980071626217457,0.2896360931018595,0.30056319063596587,0.03548600943759084,0.4061696658097687,0.5938303341902313,0.3999945202339569,0.6000054797660431
E1,1112,2012-01-31,Hull,Doncaster,0,0,D,,,0.5953385441931077,0.251935718162582,0.15272573764431033,0.608894079012901,0.24759111689701757,0.14351480409008122,0.03546003089286387,0.47745358090185674,0.5225464190981433,0.47602932882080634,0.5239706711791936
E1,1112,2012-01-31,Ipswich,West Ham,5,1,H,,,0.2494805984401168,0.27202840762858216,0.47849099393130107,0.2450422610334885,0.26876205803817327,0.4861956809283382,0.03600246936548501,0.5092838196286471,0.49071618037135284,0.5098536036052937,0.49014639639470625
E1,1112,2012-01-31,Leeds,Birmingham,1,4,A,fpl-team-13,,0.34526506570004534,0.2877208880833711,0.3670140462165836,0.3458994474857801,0.2852830042033016,0.36881754831091823,0.03637309465557337,0.49206349206349204,0.5079365079365078,0.49159946236579216,0.5084005376342079
E1,1112,2012-01-31,Millwall,Watford,0,2,A,,,0.45316526436710236,0.2846098916451923,0.2622248439877053,0.45947584004954056,0.28203443948277956,0.2584897204676798,0.03569483512546867,0.4397905759162304,0.5602094240837696,0.43602581218352804,0.563974187816472
E1,1112,2012-01-31,Nott'm Forest,Burnley,0,2,A,fpl-team-18,,0.3933891702861125,0.2851169215835127,0.3214939081303747,0.3966056626264766,0.2825418310165119,0.3208525063570114,0.0363167196046561,0.4813829787234043,0.5186170212765957,0.48016716248820196,0.519832837511798
E1,1112,2012-01-31,Southampton,Cardiff,1,1,D,,,0.4671133919028524,0.2797086179058997,0.2531779901912479,0.4740813349504318,0.2769028943984694,0.24901577065109887,0.03530921507626772,0.49336870026525204,0.5066312997347481,0.49296290041081114,0.507037099589189
E1,1112,2012-02-01,Leicester,Middlesbrough,2,2,D,,,0.45831183992615326,0.28107946678250484,0.260608693291342,0.4652244151007214,0.27817910794380996,0.25659647695546867,0.037524008890613914,0.48412698412698413,0.5158730158730157,0.48318621269531237,0.5168137873046875
E1,1112,2012-02-04,Birmingham,Southampton,0,0,D,,,0.43877722143695647,0.2818811240746508,0.2793416544883927,0.4446217246316441,0.27902820751383234,0.27635006785452354,0.03758873953483999,0.4854111405835544,0.5145888594164455,0.4845079150476607,0.5154920849523393
E1,1112,2012-02-04,Brighton,Leicester,1,0,H,fpl-team-5,,0.3316605166051661,0.2892988929889299,0.37904059040590404,0.33155904923943247,0.28681326595929535,0.3816276848012723,0.03843735880218446,0.4603174603174603,0.5396825396825397,0.45774171736872327,0.5422582826312768
E1,1112,2012-02-04,Bristol City,Leeds,0,3,A,,fpl-team-13,0.38984089154442614,0.28460776744654426,0.32555134100902955,0.3930802583370531,0.2818232282338732,0.32509651342907375,0.03892641863785684,0.48010610079575594,0.519893899204244,0.47885894689683706,0.521141053103163
E1,1112,2012-02-04,Burnley,Peterboro,1,1,D,,,0.5430404585474167,0.2593852469597996,0.19757429449278355,0.554966391117489,0.2551138087219843,0.1899198001605266,0.03878805972635746,0.5238095238095238,0.4761904761904762,0.5252525252516378,0.4747474747483622
E1,1112,2012-02-04,Cardiff,Blackpool,1,3,A,,,0.5083156971769238,0.26807427257457367,0.22361003024850254,0.5180244951086211,0.26441906089858147,0.21755644399279736,0.03772407537326217,0.5305039787798408,0.4694960212201591,0.5324858757093553,0.46751412429064465
E1,1112,2012-02-04,Coventry,Ipswich,2,3,A,,,0.3908552420413761,0.28274634530652737,0.3263984126520965,0.39403608531152134,0.27995773402549273,0.32600618066298587,0.03752729925327003,0.48806366047745364,0.5119363395225464,0.4873282270760773,0.5126717729239226
E1,1112,2012-02-04,Middlesbrough,Crystal Palace,0,0,D,,fpl-team-8,0.5439913037674139,0.26577860841207934,0.1902300878205067,0.5556786400636586,0.2619529288087411,0.1823684311276002,0.03784861322492361,0.4473684210526316,0.5526315789473685,0.44397759103718865,0.5560224089628113
E1,1112,2012-02-04,Watford,Barnsley,2,1,H,,,0.4447462439183001,0.28425677363585533,0.2709969824458446,0.45098682922728,0.28150191872262714,0.26751125205009285,0.037997628562152386,0.4840425531914894,0.5159574468085106,0.4830066840394914,0.5169933159605087
E1,1112,2012-02-04,West Ham,Millwall,2,1,H,,,0.5924394979413009,0.25070889805063135,0.15685160400806789,0.606837710537243,0.2459754738244157,0.14718681563834135,0.03813301306217909,0.5039787798408488,0.4960212201591513,0.5042217844068116,0.49577821559318824
E1,1112,2012-02-07,Birmingham,Portsmouth,1,0,H,,,0.5700342643546881,0.25968227598380234,0.1702834596615097,0.5822461463132439,0.25578500684195726,0.16196884684479887,0.03523865179158747,0.4761904761904762,0.5238095238095238,0.4747474747483622,0.5252525252516378
E1,1112,2012-02-11,Blackpool,Portsmouth,1,1,D,,,0.5477493436244583,0.2586594122671053,0.1935912441084364,0.5594771972581208,0.25450839781487894,0.1860144049270003,0.037290717009454966,0.5026737967914439,0.49732620320855614,0.5028597574926065,0.4971402425073935
E1,1112,2012-02-11,Hull,Bristol City,3,0,H,,,0.5308125555811731,0.27321234478442735,0.19597509963439935,0.5419829720548228,0.2697368802571894,0.18828014768798781,0.0385756422765553,0.41514360313315923,0.5848563968668407,0.408748876912001,0.591251123087999
E1,1112,2012-02-11,Leeds,Brighton,1,2,A,fpl-team-13,fpl-team-5,0.4597229727365675,0.2772060910232437,0.2630709362401888,0.46689867551658853,0.27401196727087535,0.2590893572125361,0.03853391367010772,0.502659574468085,0.49734042553191493,0.5028294145940619,0.49717058540593806
E1,1112,2012-02-11,Leicester,Cardiff,2,1,H,,,0.41377742130200024,0.28431332015842964,0.30190925853957024,0.4184596969182117,0.2814659934935739,0.3000743095882144,0.03950482257641852,0.4603174603174603,0.5396825396825397,0.45774171736872327,0.5422582826312768
E1,1112,2012-02-11,Millwall,Derby,0,0,D,,,0.44400726392251816,0.2846549636803874,0.2713377723970944,0.45035049649121117,0.2818587941617386,0.26779070934705024,0.038895914098247886,0.4274406332453826,0.5725593667546175,0.42177277123892026,0.5782272287610797
E1,1112,2012-02-11,Nott'm Forest,Watford,1,1,D,fpl-team-18,,0.43196829590488767,0.2840158520475561,0.2840158520475561,0.4375570142110004,0.2812214928944998,0.2812214928944998,0.038436863804236054,0.46419098143236076,0.5358090185676393,0.46181046676075377,0.5381895332392462
E1,1112,2012-02-11,Reading,Coventry,2,0,H,,,0.6247694655345123,0.2399243566099029,0.13530617785558477,0.6407719614708048,0.23459371761393677,0.12463432091525838,0.037881381111219525,0.5092838196286471,0.49071618037135284,0.5098536036052937,0.49014639639470625
E1,1112,2012-02-11,Southampton,Burnley,2,0,H,,,0.5247597254004577,0.2646224256292906,0.2106178489702517,0.5356076785076437,0.2606789686467587,0.20371335284559763,0.03859106311574578,0.49071618037135284,0.5092838196286471,0.49014639639470625,0.5098536036052937
E1,1112,2012-02-14,Birmingham,Hull,0,0,D,,,0.5013704242663992,0.2792062841723062,0.2194232915612947,0.5103608941966266,0.2762697626230777,0.2133693431802958,0.03635860909707844,0.4170984455958549,0.582901554404145,0.4116632160012208,0.5883367839987793
E1,1112,2012-02-14,Brighton,Millwall,2,2,D,fpl-team-5,,0.46365526191870815,0.2824082049868495,0.2539365330944423,0.4706913553435888,0.279644576219814,0.24966406843659722,0.03662146162241697,0.41818181818181815,0.5818181818181818,0.41265527950491426,0.5873447204950857
E1,1112,2012-02-14,Bristol City,Crystal Palace,2,2,D,,fpl-team-8,0.40145272033063056,0.2901465143822625,0.3084007652871069,0.40515785725450393,0.2878019539153197,0.3070401888301763,0.03687507542781532,0.4005167958656331,0.599483204134367,0.3929365962057316,0.6070634037942684
E1,1112,2012-02-14,Burnley,Barnsley,2,0,H,,,0.5341322879479123,0.2678313764781795,0.1980363355739082,0.5445124215194055,0.26438788353801707,0.19109969494257736,0.03517748857848346,0.5172413793103448,0.48275862068965525,0.5183150183124496,0.48168498168755036
E1,1112,2012-02-14,Cardiff,Peterboro,3,1,H,,,0.5841400226059514,0.24530814597625258,0.17055183141779603,0.597135399057593,0.2406567454429739,0.16220785549943298,0.03540348540991545,0.5526315789473685,0.4473684210526316,0.5560224089628113,0.44397759103718865
E1,1112,2012-02-14,Coventry,Leeds,2,1,H,,fpl-team-13,0.31872003171836727,0.28558094585162574,0.39569902243000693,0.31794911055577374,0.28309016037424406,0.3989607290699822,0.03544508200138807,0.5013262599469495,0.4986737400530504,0.5014071822580904,0.49859281774190956
E1,1112,2012-02-14,Derby,Reading,0,1,A,,,0.33176048715044576,0.2877305459545532,0.38050896689500097,0.33166969008936786,0.28529309758019983,0.38303721233043225,0.03635869617573917,0.421875,0.578125,0.4165832499152132,0.5834167500847868
E1,1112,2012-02-14,Doncaster,Blackpool,1,3,A,,,0.3030851812813616,0.28202488167570805,0.4148899370429305,0.301487466575074,0.27933045254783,0.4191820808770959,0.03565928200259805,0.4960212201591513,0.5039787798408488,0.49577821559318824,0.5042217844068116
E1,1112,2012-02-14,Middlesbrough,Nott'm Forest,2,1,H,,fpl-team-18,0.4818170461977088,0.2815436956697455,0.23663925813254555,0.4894896934088051,0.2788435161083566,0.2316667904828383,0.035052057122811675,0.4397905759162304,0.5602094240837696,0.43602581218352804,0.563974187816472
E1,1112,2012-02-14,Portsmouth,Ipswich,0,1,A,,,0.41708518270809264,0.2805618045844227,0.30235301270748466,0.42143936402256205,0.2778243078833785,0.30073632809405954,0.03521989588625729,0.49071618037135284,0.5092838196286471,0.49014639639470625,0.5098536036052937
E1,1112,2012-02-14,Watford,Leicester,3,2,H,,,0.3153931449944557,0.2890290121311421,0.3955778428744021,0.31444511599934055,0.2867064860417348,0.3988483979589247,0.03560805809684098,0.4564643799472295,0.5435356200527705,0.45370110556018506,0.5462988944398149
E1,1112,2012-02-14,West Ham,Southampton,1,1,D,,,0.4248366013071895,0.2875816993464052,0.2875816993464052,0.4295669584449537,0.28521652077752313,0.28521652077752313,0.03501388640142977,0.4708994708994709,0.5291005291005291,0.4691011235925061,0.5308988764074939
E1,1112,2012-02-17,Reading,Burnley,1,0,H,,,0.5084100879472733,0.2735305736324511,0.2180593384202757,0.5173503046616111,0.27044055545327295,0.21220913988511594,0.0346757248044014,0.4488188976377953,0.5511811023622047,0.44569757727335396,0.554302422726646
E1,1112,2012-02-18,Barnsley,Portsmouth,2,0,H,,,0.41182684778961237,0.2833670971029443,0.3048060551074434,0.4164117865809444,0.2804555193907877,0.303132694028268,0.039649640675634146,0.491891891891892,0.5081081081081081,0.4912321720833744,0.5087678279166257
E1,1112,2012-02-18,Crystal Palace,Watford,4,0,H,fpl-team-8,,0.41622075505869577,0.2900538386815286,0.2937254062597758,0.42095425552398025,0.28758347913579296,0.2914622653402267,0.038742665317840874,0.41994750656167984,0.5800524934383202,0.4137443438796563,0.5862556561203437
E1,1112,2012-02-18,Ipswich,Cardiff,3,0,H,,,0.35178646011314874,0.2840110870638265,0.36420245282302466,0.3528237193731675,0.28123238072710893,0.3659438998997237,0.03839845396578312,0.5278514588859416,0.4721485411140583,0.5296425949992097,0.4703574050007903
E1,1112,2012-02-18,Leeds,Doncaster,3,2,H,fpl-team-13,,0.5736309577413236,0.254597849737245,0.17177119252143147,0.5871573268585509,0.2500553300852799,0.16278734305616924,0.03852854226715863,0.5396825396825397,0.4603174603174603,0.5422582826312768,0.45774171736872327
E1,1112,2012-02-18,Nott'm Forest,Coventry,2,0,H,fpl-team-18,,0.5083156971769238,0.26807427257457367,0.22361003024850254,0.5180244951086211,0.26441906089858147,0.21755644399279736,0.03772407537326217,0.4485488126649077,0.5514511873350924,0.44511680270287096,0.5548831972971291
E1,1112,2012-02-18,Peterboro,Bristol City,3,0,H,,,0.4014289494575285,0.2839375496163006,0.31463350092617093,0.40513534332656564,0.2812563682153452,0.31360828845808914,0.03690891060978174,0.5039787798408488,0.4960212201591513,0.5042217844068116,0.49577821559318824
E1,1112,2012-02-18,Southampton,Derby,4,0,H,,,0.6107879428873613,0.2411422527763088,0.14806980433633,0.626615292953616,0.23571205014898824,0.13767265689739583,0.03926787106320262,0.49071618037135284,0.5092838196286471,0.49014639639470625,0.5098536036052937
E1,1112,2012-02-21,Barnsley,Birmingham,1,3,A,,,0.2747865040483107,0.28658715146142827,0.4386263444902611,0.27174527817464444,0.2841512746084095,0.4441034472169461,0.03524038149043918,0.4788359788359788,0.5211640211640212,0.47756401267728427,0.5224359873227157
E1,1112,2012-02-21,Blackpool,West Ham,1,4,A,,,0.3971446629735658,0.2854097730849785,0.3174455639414557,0.4005119850498031,0.2828875764767522,0.31660043847344466,0.035767606808803976,0.48412698412698413,0.5158730158730157,0.48318621269531237,0.5168137873046875
E1,1112,2012-02-21,Millwall,Middlesbrough,1,3,A,,,0.38935852809547483,0.28841372451516656,0.3222277473893585,0.3922594712026437,0.28609371016049734,0.32164681863685896,0.035090221324935555,0.43229166666666663,0.5677083333333334,0.42815297888698983,0.5718470211130101
E1,1112,2012-02-22,Hull,Brighton,0,0,D,,fpl-team-5,0.5074758845264454,0.27804816427646567,0.21447595119708895,0.5173605223264162,0.2748588491704275,0.2077806285031562,0.03863584320060909,0.4005167958656331,0.599483204134367,0.3929365962057316,0.6070634037942684
E1,1112,2012-02-23,Derby,Leicester,0,1,A,,,0.3066304172408228,0.2858738966891364,0.40749568607004083,0.30512071804039864,0.28320719362269314,0.41167208833690816,0.03820123593322933,0.44356955380577423,0.5564304461942258,0.43999106844557306,0.5600089315544268
E1,1112,2012-02-25,Birmingham,Nott'm Forest,1,2,A,,fpl-team-18,0.580655113171607,0.2531466433445698,0.16619824348382312,0.5946254134827962,0.2484935590924221,0.15688102742478166,0.03870656271465123,0.46825396825396826,0.5317460317460317,0.46627034320104876,0.5337296567989512
E1,1112,2012-02-25,Brighton,Ipswich,3,0,H,fpl-team-5,,0.40724058702986904,0.2822214402517025,0.31053797271842853,0.41143835911006316,0.27932656322404925,0.3092350776658876,0.03854018484707922,0.5278514588859416,0.4721485411140583,0.5296425949992097,0.4703574050007903
E1,1112,2012-02-25,Bristol City,Blackpool,1,3,A,,,0.3150903978502216,0.28425586350402254,0.40065373864575593,0.3140622065091824,0.2815184235303822,0.4044193699604354,0.037948955316096544,0.502659574468085,0.49734042553191493,0.5028294145940619,0.49717058540593806
E1,1112,2012-02-25,Burnley,Millwall,1,3,A,,,0.4761095051861929,0.27631355211698694,0.2475769426968203,0.4842450149041529,0.2730466191447883,0.24270836595105885,0.03870036918669939,0.4379947229551451,0.5620052770448549,0.43353696477210124,0.5664630352278986
E1,1112,2012-02-25,Coventry,Barnsley,1,0,H,,,0.40337100172380774,0.28634361233480177,0.31028538594139055,0.40739328096538074,0.2836516709086953,0.308955048125924,0.038974630646407604,0.49071618037135284,0.5092838196286471,0.49014639639470625,0.5098536036052937
E1,1112,2012-02-25,Doncaster,Peterboro,1,1,D,,,0.3968694868811231,0.28399834841034494,0.31913216470853195,0.40046764576524385,0.2812128688126488,0.3183194854221073,0.03843509638682008,0.4960212201591513,0.5039787798408488,0.49577821559318824,0.5042217844068116
E1,1112,2012-02-25,Middlesbrough,Reading,0,2,A,,,0.3755468131328316,0.2907838960620985,0.33366929080506985,0.3779728754552771,0.2883449205917015,0.33368220395302134,0.03904459089972079,0.4067357512953368,0.5932642487046632,0.39986927378273085,0.6001307262172693
E1,1112,2012-02-25,Portsmouth,Leeds,0,0,D,,fpl-team-13,0.3102710058582405,0.2828385083890668,0.40689048575269265,0.3089375378432114,0.27994463012349363,0.41111783203329494,0.03900400293059647,0.47593582887700536,0.5240641711229947,0.4742031644086983,0.5257968355913017
E1,1112,2012-02-25,Watford,Southampton,0,3,A,,,0.2585719876471933,0.2796004324257301,0.4618275799270767,0.2543158133984578,0.27652156241428566,0.46916262418725657,0.03875299636274576,0.4694960212201591,0.5305039787798408,0.46751412429064465,0.5324858757093553
E1,1112,2012-02-25,West Ham,Crystal Palace,0,0,D,,fpl-team-8,0.5717594678090134,0.2553336801448471,0.17290685204613954,0.5846405326130119,0.2510201364770325,0.16433933090995562,0.036930801114067435,0.48936170212765967,0.5106382978723405,0.4886775362319321,0.5113224637680679
E1,1112,2012-03-02,Blackpool,Hull,1,1,D,,,0.4326528334675201,0.2875477293199519,0.27979943721252803,0.4377973248277873,0.2851735652164845,0.2770291099557281,0.03508597519248724,0.4708994708994709,0.5291005291005291,0.4691011235925061,0.5308988764074939
E1,1112,2012-03-03,Barnsley,Nott'm Forest,1,1,D,,fpl-team-18,0.3470094420890833,0.28971504822390753,0.3632755096870091,0.3477631874342533,0.2873028231452555,0.36493398942049127,0.03765872376970947,0.4694960212201591,0.5305039787798408,0.46751412429064465,0.5324858757093553
E1,1112,2012-03-03,Birmingham,Derby,2,2,D,,,0.6189414171259731,0.24823853628047046,0.13282004659355645,0.6352166549016977,0.2431560628143854,0.12162728228391696,0.03939043823629618,0.4576719576719577,0.5423280423280423,0.45488509799119997,0.5451149020088001
E1,1112,2012-03-03,Crystal Palace,Peterboro,1,0,H,fpl-team-8,,0.4639270817240847,0.2811679283176271,0.25490498995828825,0.47142827304520535,0.27815670454299235,0.2504150224118022,0.03900305647403002,0.4721485411140583,0.5278514588859416,0.4703574050007903,0.5296425949992097
E1,1112,2012-03-03,Doncaster,Brighton,1,1,D,,fpl-team-5,0.33397277175428663,0.2901388454615365,0.37588838278417686,0.33400266468713025,0.2876934444975338,0.37830389081533594,0.038554766215384007,0.4365079365079365,0.5634920634920635,0.431711480998045,0.568288519001955
E1,1112,2012-03-03,Ipswich,Bristol City,3,0,H,,,0.5242828054067143,0.26140297621686887,0.21431421837641673,0.5352412410312496,0.25723072756437027,0.20752803140438014,0.03908130223862827,0.5411140583554377,0.4588859416445623,0.543919301829671,0.4560806981703291
E1,1112,2012-03-03,Leeds,Southampton,0,1,A,fpl-team-13,,0.32042114041488584,0.28416553737099964,0.39541332221411446,0.319687557485281,0.2814122070388682,0.3989002354758508,0.03811675123870373,0.502659574468085,0.49734042553191493,0.5028294145940619,0.49717058540593806
E1,1112,2012-03-03,Leicester,Coventry,2,0,H,,,0.6035857292305473,0.24721330399336244,0.14920096677609035,0.618741622129362,0.2422180867560132,0.13904029111462474,0.038565382827073336,0.502659574468085,0.49734042553191493,0.5028294145940619,0.49717058540593806
E1,1112,2012-03-03,Millwall,Reading,1,2,A,,,0.3195093433465064,0.2914646360935215,0.38902602055997215,0.3187336181730013,0.28913817509036904,0.39212820673662974,0.03779041825328022,0.41775456919060056,0.5822454308093995,0.4117152466529241,0.5882847533470759
E1,1112,2012-03-03,Portsmouth,Middlesbrough,1,3,A,,,0.3259122090821093,0.29026556121375363,0.38382222970413704,0.325486687652635,0.28784069006073376,0.38667262228663124,0.038322773296386003,0.4251968503937008,0.5748031496062992,0.41966852696700674,0.5803314730329933
E1,1112,2012-03-03,Watford,Burnley,3,2,H,,,0.37464954746369183,0.2850094716901705,0.3403409808461376,0.3769697064199447,0.28230278246914126,0.3407275111109141,0.038159205578267574,0.5079787234042553,0.49202127659574474,0.5084901655582802,0.49150983444171986
E1,1112,2012-03-04,Cardiff,West Ham,0,2,A,,,0.3836390229141099,0.2847872501386951,0.331573726947195,0.3864968554686356,0.2820377149561351,0.33146542957522923,0.03858306724578142,0.4721485411140583,0.5278514588859416,0.4703574050007903,0.5296425949992097
E1,1112,2012-03-06,Bristol City,Leicester,3,2,H,,,0.23755243680130017,0.2762074191210384,0.48624014407766136,0.23253294043208422,0.2731780200842986,0.49428903948361724,0.03571834182366729,0.4854111405835544,0.5145888594164455,0.4845079150476607,0.5154920849523393
E1,1112,2012-03-06,Coventry,Crystal Palace,1,1,D,,fpl-team-8,0.3689340101522842,0.2942131979695431,0.33685279187817263,0.37091625296296754,0.2920397488977868,0.33704399813924557,0.03781442146282643,0.42931937172774864,0.5706806282722513,0.42447974937128813,0.5755202506287118
E1,1112,2012-03-06,Derby,Blackpool,2,1,H,,,0.31048024216640757,0.28319561482451117,0.40632414300908126,0.30929137106002713,0.2806078386971323,0.4101007902428405,0.035053233383223414,0.5172413793103448,0.48275862068965525,0.5183150183124496,0.48168498168755036
E1,1112,2012-03-06,Hull,Leeds,0,0,D,,fpl-team-13,0.46263062677953937,0.2806347946230239,0.25673457859743665,0.4693335663937634,0.2778919813430782,0.2527744522631584,0.03513643844053149,0.4473684210526316,0.5526315789473685,0.44397759103718865,0.5560224089628113
E1,1112,2012-03-06,Middlesbrough,Barnsley,2,0,H,,,0.570545671628017,0.25776719048758895,0.17168713788439408,0.5826187996936962,0.2538298092799462,0.16355139102635757,0.03474479936994612,0.4696569920844328,0.5303430079155673,0.4678573425068856,0.5321426574931143
E1,1112,2012-03-06,Nott'm Forest,Doncaster,1,2,A,fpl-team-18,,0.5435140196376151,0.26333637007794314,0.19314961028444175,0.5543608105758248,0.25966218031574734,0.18597700910842788,0.035137801547534764,0.4986737400530504,0.5013262599469495,0.49859281774190956,0.5014071822580904
E1,1112,2012-03-06,Peterboro,Millwall,0,3,A,,,0.4046416147312264,0.2858477461862792,0.3095106390824944,0.4083206972425101,0.2834031870924527,0.30827611566503726,0.03494998533278704,0.5211640211640212,0.4788359788359788,0.5224359873227157,0.47756401267728427
E1,1112,2012-03-06,Reading,Portsmouth,1,0,H,,,0.6142803922801892,0.24636047394878297,0.13935913377102796,0.6290437112993051,0.24161634434095888,0.1293399443597359,0.03615139774046838,0.4840425531914894,0.5159574468085106,0.4830066840394914,0.5169933159605087
E1,1112,2012-03-06,Southampton,Ipswich,1,1,D,,,0.5766013177480585,0.2458142459873302,0.1775844362646112,0.589314732573043,0.2411613557039065,0.16952391172305037,0.03567797155119479,0.5759162303664922,0.42408376963350786,0.5813692480357762,0.4186307519642238
E1,1112,2012-03-07,Brighton,Cardiff,2,2,D,fpl-team-5,,0.3863912515188336,0.29161603888213855,0.321992709599028,0.38945474693719545,0.2892136098346564,0.32133164322814817,0.03920163516886532,0.43271767810026385,0.5672823218997362,0.4276800907473446,0.5723199092526554
E1,1112,2012-03-07,West Ham,Watford,1,1,D,,,0.5981300417506402,0.24526496420991864,0.15660499403944125,0.6135263359240638,0.23999119982921885,0.1464824642467174,0.0399633664637804,0.5092838196286471,0.49071618037135284,0.5098536036052937,0.49014639639470625
E1,1112,2012-03-10,Brighton,Portsmouth,2,0,H,fpl-team-5,,0.5599245488702235,0.26172110641242735,0.17835434471734915,0.5737162507986722,0.2572445439592685,0.16903920524205931,0.04169785894919187,0.4638069705093834,0.5361930294906166,0.46098265895694995,0.5390173410430501
E1,1112,2012-03-10,Bristol City,Cardiff,1,2,A,,,0.30027924319731397,0.285496265070677,0.4142244917320089,0.2983783383717737,0.28275706597704986,0.41886459565117645,0.038921261904761195,0.46684350132625996,0.53315649867374,0.46466530981435855,0.5353346901856414
E1,1112,2012-03-10,Burnley,Crystal Palace,1,1,D,,fpl-team-8,0.46409845166862,0.2829868607735488,0.2529146875578311,0.4715713530266266,0.28009279615731103,0.24833585081606235,0.03880418371409178,0.4353562005277045,0.5646437994722956,0.43061455678288213,0.5693854432171179
E1,1112,2012-03-10,Coventry,Birmingham,1,1,D,,,0.25971571768959,0.2835428477528551,0.4567414345575549,0.25545903984534707,0.2806423131210844,0.46389864703356853,0.03938060346990824,0.44708994708994704,0.5529100529100528,0.4433764615919363,0.5566235384080637
E1,1112,2012-03-10,Derby,Watford,1,2,A,,,0.40483806477409046,0.2861355457816873,0.30902638944422234,0.4089854913583412,0.28340465512659885,0.30760985351506,0.039368659257888794,0.48533333333333345,0.5146666666666666,0.4843420827867654,0.5156579172132345
E1,1112,2012-03-10,Hull,Ipswich,2,2,D,,,0.46203471642068134,0.28142114545623315,0.25654413812308546,0.46933614235373416,0.27846257881250386,0.252201278833762,0.03851125866640359,0.4511873350923483,0.5488126649076518,0.44798695456905224,0.5520130454309478
E1,1112,2012-03-10,Nott'm Forest,Millwall,3,1,H,fpl-team-18,,0.4281926753528949,0.2867833658999327,0.2850239587471724,0.43353126250700036,0.28416291892926426,0.2823058185637353,0.038172429194673896,0.4523809523809524,0.5476190476190476,0.44914823289278233,0.5508517671072177
E1,1112,2012-03-10,Peterboro,Blackpool,3,1,H,,,0.3160474033916234,0.2781974149614889,0.40575518164688773,0.31506522276906285,0.27510791865950746,0.40982685857142964,0.03815132286399603,0.5706806282722513,0.42931937172774864,0.5755202506287118,0.42447974937128813
E1,1112,2012-03-10,Reading,Leicester,3,1,H,,,0.44235653828697913,0.28760022613085334,0.27004323558216753,0.4485151923318732,0.28500901337096524,0.2664757942971616,0.038326740032061934,0.46153846153846156,0.5384615384615384,0.45894909688548324,0.5410509031145168
E1,1112,2012-03-10,Southampton,Barnsley,2,0,H,,,0.6732140058071403,0.21605472744508222,0.11073126674777753,0.6924159531979566,0.2091059713984335,0.09847807540361,0.03942406573332846,0.5411140583554377,0.4588859416445623,0.543919301829671,0.4560806981703291
E1,1112,2012-03-10,West Ham,Doncaster,1,1,D,,,0.6827128204943717,0.20818148786375462,0.10910569164187374,0.7026190182992289,0.20071947496035486,0.09666150674041618,0.039824905106797814,0.5748031496062992,0.4251968503937008,0.5803314730329933,0.41966852696700674
E1,1112,2012-03-11,Middlesbrough,Leeds,0,2,A,,fpl-team-13,0.462285870371093,0.2801732547703594,0.25754087485854765,0.470051544499785,0.2769579639713087,0.2529904915289064,0.040924746077507734,0.49202127659574474,0.5079787234042553,0.49150983444171986,0.5084901655582802
E1,1112,2012-03-13,Cardiff,Hull,0,3,A,,,0.4499168221001159,0.2879467661440742,0.2621364117558099,0.45583116875328367,0.2856343767697468,0.25853445447696943,0.03436460578814149,0.44356955380577423,0.5564304461942258,0.43999106844557306,0.5600089315544268
E1,1112,2012-03-13,Derby,Nott'm Forest,1,0,H,,fpl-team-18,0.3454626889412592,0.2972075831843849,0.35732972787435585,0.34606997833946057,0.295395047124103,0.3585349745364365,0.034080371144227684,0.4348958333333333,0.5651041666666667,0.43101354895108535,0.5689864510489147
E1,1112,2012-03-13,Doncaster,Reading,1,1,D,,,0.24020927030748046,0.27563836622303806,0.48415236346948143,0.23539180728028805,0.2726220164774489,0.49198617624226315,0.03523204755038023,0.4450261780104712,0.5549738219895288,0.44173140953637374,0.5582685904636263
E1,1112,2012-03-13,Leicester,Birmingham,3,1,H,,,0.3844160382028361,0.29010278659406574,0.32548117520309816,0.38707451744815297,0.2878585400068384,0.3250669425450087,0.035276268841698766,0.4591029023746703,0.5408970976253298,0.4565461171848933,0.5434538828151066
E1,1112,2012-03-17,Barnsley,Reading,0,4,A,,,0.23406860958434778,0.2756192503389658,0.4903121400766864,0.2287040700938848,0.2724583226901236,0.49883760721599163,0.036880450090393424,0.45502645502645506,0.544973544973545,0.4520207721894716,0.5479792278105284
E1,1112,2012-03-17,Birmingham,Middlesbrough,3,0,H,,,0.47824976429888777,0.2820074597993441,0.23974277590176798,0.48658083473271885,0.2790295092288918,0.2343896560383893,0.03906649257987738,0.42592592592592593,0.574074074074074,0.4198557403230982,0.5801442596769018
E1,1112,2012-03-17,Blackpool,Brighton,3,1,H,,fpl-team-5,0.48332773485611913,0.2737431418654126,0.24292912327846825,0.49192950799114643,0.27030510043289785,0.2377653915759557,0.03896436910144985,0.5119363395225464,0.48806366047745364,0.5126717729239226,0.4873282270760773
E1,1112,2012-03-17,Crystal Palace,Hull,0,0,D,fpl-team-8,,0.37819905213270144,0.2953554502369668,0.32644549763033176,0.3806745174513909,0.29326485832472077,0.3260606242238882,0.037437692284584045,0.38167938931297707,0.6183206106870229,0.372427983552146,0.627572016447854
E1,1112,2012-03-17,Doncaster,Derby,1,2,A,,,0.42142833913298,0.28569221763309377,0.29287944323392634,0.42622402593796177,0.2831010740756014,0.2906748999864368,0.03690195735543966,0.44210526315789467,0.5578947368421052,0.4382300089901101,0.5617699910098899
E1,1112,2012-03-17,Ipswich,Peterboro,3,2,H,,,0.5280959585044306,0.25675383617894965,0.2151502053166198,0.5390329410663562,0.2524150410321345,0.20855201790150923,0.03822499536909163,0.5874673629242819,0.41253263707571797,0.5942334739742695,0.40576652602573043
E1,1112,2012-03-17,Leeds,West Ham,1,1,D,fpl-team-13,,0.3472543559283533,0.28635128427322676,0.36639435979842,0.3480132911451407,0.2837791238366236,0.3682075850182358,0.037281923927366734,0.49071618037135284,0.5092838196286471,0.49014639639470625,0.5098536036052937
E1,1112,2012-03-17,Millwall,Southampton,2,3,A,,,0.2683572721595535,0.2830841956317241,0.44855853220872227,0.2646695298522438,0.28021977582409713,0.45511069432365897,0.03858782141469419,0.48806366047745364,0.5119363395225464,0.4873282270760773,0.5126717729239226
E1,1112,2012-03-17,Portsmouth,Bristol City,0,0,D,,,0.41800041913042757,0.28552644014447676,0.2964731407250956,0.42285076402067706,0.2827914802731681,0.2943577557061548,0.03886820888146758,0.4535809018567639,0.5464190981432361,0.45032078578358825,0.5496792142164117
E1,1112,2012-03-17,Watford,Coventry,0,0,D,,,0.48187726277875764,0.27273405195395956,0.24538868526728289,0.4901408083637521,0.2693458430698316,0.24051334856641624,0.03777199098840356,0.4973544973544974,0.5026455026455027,0.497200447928301,0.502799552071699
E1,1112,2012-03-18,Cardiff,Burnley,0,0,D,,,0.48655724387497007,0.2757638978638554,0.23767885826117463,0.49517127018556106,0.2725021760103918,0.2323265538040472,0.03819326497614384,0.5013262599469495,0.4986737400530504,0.5014071822580904,0.49859281774190956
E1,1112,2012-03-20,Brighton,Derby,2,0,H,fpl-team-5,,0.5101343278930364,0.27376710265227466,0.21609856945468903,0.5194478016803552,0.2705885858776465,0.20996361244199832,0.03579779388383031,0.4643799472295515,0.5356200527704486,0.4622145096316831,0.537785490368317
E1,1112,2012-03-20,Bristol City,Watford,0,2,A,,,0.3891762833267012,0.28651014723438123,0.32431356943891765,0.3920878619485841,0.2840754373299495,0.32383670072146636,0.03534179809503257,0.467018469656992,0.5329815303430079,0.4650388767684244,0.5349611232315755
E1,1112,2012-03-20,Crystal Palace,Barnsley,1,0,H,fpl-team-8,,0.50981859764021,0.2752118093456001,0.21496959301418994,0.5192004384601229,0.2720788802301942,0.2087206813096829,0.03613449423573911,0.43307086614173224,0.5669291338582677,0.42845117844941644,0.5715488215505835
E1,1112,2012-03-20,Doncaster,Millwall,0,3,A,,,0.38412398506785633,0.2872065488353511,0.32866946609679265,0.3867968535741511,0.284785639503302,0.3284175069225469,0.03568482992704958,0.4643799472295515,0.5356200527704486,0.4622145096316831,0.537785490368317
E1,1112,2012-03-20,Hull,Southampton,0,2,A,,,0.33720158181992804,0.28917906552359157,0.3736193526564803,0.33739767993103004,0.2868853684817245,0.37571695158724544,0.0353203231934458,0.4552631578947368,0.5447368421052632,0.4525285526877652,0.547471447312235
E1,1112,2012-03-20,Leeds,Nott'm Forest,3,7,A,fpl-team-13,fpl-team-18,0.4864394127892511,0.27469519781040064,0.23886538940034838,0.4944500396659703,0.271606722007928,0.23394323832610175,0.035496450029313564,0.48412698412698413,0.5158730158730157,0.48318621269531237,0.5168137873046875
E1,1112,2012-03-20,Peterboro,Reading,3,1,H,,,0.24967803890332224,0.2714522864821004,0.4788696746145772,0.24530121014180184,0.26819427034144677,0.4865045195167514,0.03557609603740275,0.5435356200527705,0.4564643799472295,0.5462988944398149,0.45370110556018506
E1,1112,2012-03-20,Portsmouth,Birmingham,4,1,H,,,0.2556448467482516,0.28035975640367167,0.46399539684807667,0.2512053533307225,0.2773091042310797,0.4714855424381978,0.03892291570082307,0.46524064171123,0.5347593582887701,0.462643678157164,0.537356321842836
E1,1112,2012-03-20,West Ham,Middlesbrough,1,1,D,,,0.5264961375454628,0.2677868285791578,0.20571703387537948,0.5369407672677441,0.2641899644021443,0.19886926833011156,0.036801107693463564,0.4854111405835544,0.5145888594164455,0.4845079150476607,0.5154920849523393
E1,1112,2012-03-21,Blackpool,Leicester,3,3,D,,,0.3884168343337934,0.2833435873559587,0.32823957831024797,0.391371928182945,0.2806697600625236,0.32795831175453144,0.03639111504890025,0.5343915343915343,0.4656084656084655,0.5365661566171338,0.4634338433828662
E1,1112,2012-03-21,Cardiff,Coventry,2,2,D,,,0.5729258101892489,0.2535901127067167,0.1734840771040343,0.5866448627890921,0.2489141324459269,0.16444100476498094,0.039199999650008976,0.5039787798408488,0.4960212201591513,0.5042217844068116,0.49577821559318824
E1,1112,2012-03-21,Ipswich,Burnley,1,0,H,,,0.47734524569240594,0.2737715379706446,0.24888321633694954,0.48525904844306667,0.27048392246327213,0.2442570290936612,0.037296776194125414,0.537037037037037,0.462962962962963,0.5394088669999334,0.46059113300006654
E1,1112,2012-03-24,Barnsley,Peterboro,1,0,H,,,0.3898277644245738,0.27978629338580524,0.3303859421896211,0.3928823756432903,0.27690031223028966,0.33021731212641997,0.03668906935490668,0.5643044619422573,0.43569553805774275,0.5686466797367574,0.43135332026324247
E1,1112,2012-03-24,Burnley,West Ham,2,2,D,,,0.30550808898917486,0.2875924911780812,0.4068994198327438,0.3039996981476387,0.28512528411273463,0.4108750177396267,0.03663213853724301,0.4603174603174603,0.5396825396825397,0.45774171736872327,0.5422582826312768
E1,1112,2012-03-24,Coventry,Portsmouth,2,0,H,,,0.421792100609157,0.28640204362350163,0.2918058557673413,0.4268616763482174,0.2837143632546524,0.28942396039713014,0.038883142406120896,0.40992167101827676,0.5900783289817232,0.40276760047367766,0.5972323995263223
E1,1112,2012-03-24,Derby,Crystal Palace,3,2,H,,fpl-team-8,0.3817705886301095,0.2947848848916035,0.3234445264782872,0.384396993649689,0.292699402102535,0.32290360424777603,0.03677508619148284,0.39331619537275064,0.6066838046272494,0.3850670211613398,0.6149329788386603
E1,1112,2012-03-24,Leicester,Hull,2,1,H,,,0.45263919579222556,0.28690361333291836,0.260457190874856,0.45903005652341217,0.28440485665821025,0.2565650868183776,0.036320550134405494,0.41994750656167984,0.5800524934383202,0.4137443438796563,0.5862556561203437
E1,1112,2012-03-24,Middlesbrough,Bristol City,1,1,D,,,0.5791350881862628,0.25757113038118323,0.163293781432554,0.5923205645374585,0.25338714875779667,0.15429228670474485,0.0367222836939618,0.46419098143236076,0.5358090185676393,0.46181046676075377,0.5381895332392462
E1,1112,2012-03-24,Millwall,Leeds,0,1,A,,fpl-team-13,0.3932935304392563,0.28417855705519435,0.3225279125055493,0.39651610811854826,0.28154442556495646,0.3219394663164953,0.03644771524704993,0.5066312997347481,0.49336870026525204,0.507037099589189,0.49296290041081114
E1,1112,2012-03-24,Nott'm Forest,Brighton,1,1,D,fpl-team-18,fpl-team-5,0.41800111560338266,0.2841897828644949,0.2978091015321225,0.4225539190457644,0.2815513204197928,0.29589476053444275,0.03644489869475365,0.4473684210526316,0.5526315789473685,0.44397759103718865,0.5560224089628113
E1,1112,2012-03-24,Reading,Blackpool,3,1,H,,,0.5007933785058752,0.26921262543957464,0.22999399605455018,0.5099067355195258,0.26569571616350746,0.2243975483169667,0.03697000537067652,0.5423280423280423,0.4576719576719577,0.5451149020088001,0.45488509799119997
E1,1112,2012-03-24,Southampton,Doncaster,2,0,H,,,0.7070841716446267,0.19404388909998072,0.09887193925539271,0.7268506407856964,0.1863403344029052,0.08680902481139853,0.03706063237041235,0.5611702127659575,0.4388297872340426,0.5660634783884689,0.4339365216115311
E1,1112,2012-03-24,Watford,Ipswich,2,1,H,,,0.37768865901244747,0.28184017757122215,0.3404711634163304,0.3800403458025958,0.27911718271019176,0.34084247148721236,0.03599055763334036,0.5546666666666668,0.44533333333333336,0.559016582224653,0.44098341777534705
E1,1112,2012-03-25,Birmingham,Cardiff,1,1,D,,,0.4658527279664251,0.28233498664631823,0.25181228538725675,0.4730345442946117,0.27955553093951474,0.24740992476587345,0.03676566993817687,0.4708994708994709,0.5291005291005291,0.4691011235925061,0.5308988764074939
E1,1112,2012-03-27,Crystal Palace,Doncaster,1,1,D,fpl-team-8,,0.5188656378767068,0.27631897875090894,0.20481538337238428,0.5285738620110826,0.2732820964928097,0.19814404149610776,0.03558967146091163,0.4345549738219895,0.5654450261780105,0.43027666220104094,0.569723337798959
E1,1112,2012-03-27,Ipswich,Middlesbrough,1,1,D,,,0.4371850949559825,0.27844526881125076,0.28436963623276673,0.4424743362695061,0.2756517936927498,0.28187387003774417,0.034490796737372875,0.5396825396825397,0.4603174603174603,0.5422582826312768,0.45774171736872327
E1,1112,2012-03-27,Leicester,Nott'm Forest,0,0,D,,fpl-team-18,0.5050926494048349,0.2724260645477973,0.22248128604736778,0.5140149166910775,0.26922929522805267,0.21675578808086982,0.03527459083124995,0.5145888594164455,0.4854111405835544,0.5154920849523393,0.4845079150476607
E1,1112,2012-03-27,Peterboro,West Ham,0,2,A,,,0.25662693571093387,0.26919943688409204,0.47417362740497426,0.2526304662253358,0.26584619252312286,0.48152334125154134,0.03537848952692002,0.5680628272251308,0.43193717277486904,0.5726155564830627,0.4273844435169372
E1,1112,2012-03-27,Portsmouth,Hull,2,0,H,,,0.3402676342696464,0.2941114567504199,0.3656209089799338,0.34063448894257475,0.29201804662563874,0.3673474644317865,0.03630150179378688,0.40414507772020725,0.5958549222797926,0.3968784838533289,0.6031215161466711
E1,1112,2012-03-30,Doncaster,Birmingham,1,3,A,,,0.23456199138343706,0.2728578267113451,0.4925801819052178,0.22957541563899544,0.2697697951086867,0.5006547892523179,0.03439009631983936,0.4788359788359788,0.5211640211640212,0.47756401267728427,0.5224359873227157
E1,1112,2012-03-31,Blackpool,Southampton,3,0,H,,,0.34129266836707006,0.2814891192272209,0.377218212405709,0.34171497673150125,0.27869777746442803,0.3795872458040707,0.03665995202027261,0.544973544973545,0.45502645502645506,0.5479792278105284,0.4520207721894716
E1,1112,2012-03-31,Brighton,Middlesbrough,1,1,D,fpl-team-5,,0.42969547430941224,0.2842802375766538,0.28602428811393393,0.43485493750586324,0.2816544188177591,0.2834906436763776,0.03628609899897128,0.4214659685863874,0.5785340314136125,0.4156853376846352,0.5843146623153649
E1,1112,2012-03-31,Bristol City,Derby,1,1,D,,,0.42517589588421856,0.2847508293536509,0.2900732747621304,0.430193170611376,0.28209862997794444,0.28770819941067954,0.037034192122519016,0.4603174603174603,0.5396825396825397,0.45774171736872327,0.5422582826312768
E1,1112,2012-03-31,Cardiff,Millwall,0,0,D,,,0.5017221584385763,0.2728664370455415,0.22541140451588215,0.5106409334356616,0.2696321811559947,0.21972688540834365,0.03597202431410551,0.5225464190981433,0.47745358090185674,0.5239706711791936,0.47602932882080634
E1,1112,2012-03-31,Crystal Palace,Nott'm Forest,0,3,A,fpl-team-8,fpl-team-18,0.3902325329737334,0.2914549230647571,0.3183125439615095,0.3932647958121031,0.28922826339468327,0.3175069407932137,0.03612630511634052,0.41666666666666663,0.5833333333333334,0.410714285699178,0.5892857143008219
E1,1112,2012-03-31,Hull,Coventry,0,2,A,,,0.5329266915169999,0.2767423472269287,0.19033096125607138,0.5435929071914211,0.27364223467046195,0.18276485813811702,0.036422014120034873,0.4093264248704664,0.5906735751295337,0.4028425494295792,0.5971574505704209
E1,1112,2012-03-31,Ipswich,Barnsley,1,0,H,,,0.5821524557558273,0.24971687110169538,0.16813067314247723,0.5957068146459302,0.24505350470666032,0.15923968064740962,0.037280634976923466,0.5582010582010583,0.4417989417989418,0.5624343729712483,0.43756562702875157
E1,1112,2012-03-31,Leeds,Watford,0,2,A,fpl-team-13,,0.5087308504047796,0.27221563047975056,0.21905351911546986,0.5183492091098517,0.26882382425549384,0.21282696663465453,0.03728660708293319,0.5013262599469495,0.4986737400530504,0.5014071822580904,0.49859281774190956
E1,1112,2012-03-31,Peterboro,Leicester,1,0,H,,,0.2972743169749571,0.27454157508863686,0.4281841079364061,0.2953666921602065,0.27145090416314716,0.43318240367664634,0.03570863208733499,0.5721784776902887,0.42782152230971127,0.5773906680834776,0.42260933191652233
E1,1112,2012-03-31,Portsmouth,Burnley,1,5,A,,,0.4134635516090496,0.284493269455768,0.3020431789351823,0.41789595688217773,0.28179695870979693,0.30030708440802534,0.037509611109271646,0.4365079365079365,0.5634920634920635,0.431711480998045,0.568288519001955
E1,1112,2012-03-31,West Ham,Reading,2,4,A,,,0.4199392087383375,0.28597087220831574,0.2940899190533468,0.4245877025343638,0.2834312409016794,0.29198105656395684,0.036375833908095956,0.445910290237467,0.554089709762533,0.44223724992325464,0.5577627500767455
E1,1112,2012-04-03,Burnley,Birmingham,1,3,A,,,0.31246304447802375,0.28483673871624726,0.4027002168057289,0.31137221766389794,0.28232257882003947,0.4063052035160626,0.03521149163134396,0.49336870026525204,0.5066312997347481,0.49296290041081114,0.507037099589189
E1,1112,2012-04-06,Barnsley,West Ham,0,4,A,,,0.21090559367147765,0.27003230634816355,0.5190620999803589,0.20457779614252244,0.2666942067289011,0.5287279971285764,0.035374932922422886,0.47745358090185674,0.5225464190981433,0.47602932882080634,0.5239706711791936
E1,1112,2012-04-06,Burnley,Brighton,1,0,H,,fpl-team-5,0.39694707041274147,0.28790914057714273,0.3151437890101157,0.40032886006714324,0.2855001589587349,0.31417098097412194,0.03603368625044823,0.4353562005277045,0.5646437994722956,0.43061455678288213,0.5693854432171179
E1,1112,2012-04-06,Reading,Leeds,2,0,H,,fpl-team-13,0.5890818013544762,0.24819979897068598,0.16271839967483787,0.6031629816272014,0.24338971680198,0.1534473015708187,0.037730192532762885,0.5356200527704486,0.4643799472295515,0.537785490368317,0.4622145096316831
E1,1112,2012-04-06,Watford,Blackpool,0,2,A,,,0.36545675821487267,0.28154523669121606,0.3529980050939111,0.36718315791953227,0.2787656260561085,0.35405121602435924,0.036550679011270404,0.5461741424802111,0.45382585751978893,0.5491517806907368,0.45084821930926317
E1,1112,2012-04-07,Birmingham,Crystal Palace,3,1,H,,fpl-team-8,0.6191240541160284,0.24732204278179973,0.13355390310217183,0.6338583018529793,0.24270100291375257,0.12344069523326805,0.03550290269777179,0.4578947368421053,0.5421052631578948,0.45536212476552757,0.5446378752344725
E1,1112,2012-04-07,Coventry,Peterboro,2,2,D,,,0.4610653780774299,0.2752831522050537,0.26365146971751624,0.4675329467670631,0.2723388809416793,0.26012817229125745,0.03429960482753813,0.5382585751978891,0.4617414248021108,0.540616246495029,0.459383753504971
E1,1112,2012-04-07,Derby,Ipswich,0,0,D,,,0.3581192704453812,0.2823840772998323,0.35949665225478644,0.3593924962554342,0.27976640956292625,0.36084109418163957,0.034954169765114784,0.5264550264550264,0.4735449735449735,0.5280733275309587,0.4719266724690414
E1,1112,2012-04-07,Leicester,Doncaster,4,0,H,,,0.6458575757963251,0.22620615577407518,0.12793626842959988,0.6615601345313225,0.2206388773290772,0.11780098813960022,0.03464611084200442,0.5552631578947369,0.4447368421052632,0.558891163520858,0.4411088364791421
E1,1112,2012-04-07,Middlesbrough,Cardiff,0,2,A,,,0.39902050508298503,0.28553760914195253,0.31544188577506244,0.4024642363403402,0.2830382778222677,0.31449748583739207,0.035528447944670916,0.45000000000000007,0.5499999999999999,0.44683678894319523,0.5531632110568048
E1,1112,2012-04-07,Millwall,Hull,2,0,H,,,0.4118308482033733,0.2885358103153263,0.29963334148130044,0.415873303523195,0.28623166022617724,0.2978950362506278,0.0348780769854784,0.42036553524804177,0.5796344647519582,0.41466621900794404,0.585333780992056
E1,1112,2012-04-07,Nott'm Forest,Bristol City,0,1,A,fpl-team-18,,0.5252558886010535,0.26789555349853156,0.2068485579004149,0.5351414596231268,0.26447856375607487,0.2003799766207984,0.035017760936170816,0.4788359788359788,0.5211640211640212,0.47756401267728427,0.5224359873227157
E1,1112,2012-04-07,Southampton,Portsmouth,2,2,D,,,0.6385004929640585,0.22736846822622575,0.13413103880971589,0.6549306514908738,0.2214742049219377,0.12359514358718851,0.03714635712094605,0.5227882037533512,0.47721179624664883,0.52448861999613,0.47551138000387005
E1,1112,2012-04-09,Blackpool,Barnsley,1,1,D,,,0.6490727532097004,0.2225392296718973,0.12838801711840228,0.6654222734126413,0.21661004339307877,0.11796768319427993,0.03574527218006551,0.5680628272251308,0.43193717277486904,0.5726155564830627,0.4273844435169372
E1,1112,2012-04-09,Bristol City,Coventry,3,1,H,,,0.3931402118257698,0.28968226134530406,0.3171775268289261,0.3961773362347127,0.28747057092584893,0.31635209283943827,0.034397006151266396,0.4409448818897638,0.5590551181102362,0.4371227364174747,0.5628772635825252
E1,1112,2012-04-09,Cardiff,Watford,1,1,D,,,0.5540130844104036,0.25722036061911596,0.18876655497048028,0.5651385947050775,0.2533209260832481,0.18154047921167435,0.034329696325585246,0.5052910052910053,0.4947089947089948,0.5055995744330538,0.49440042556694624
E1,1112,2012-04-09,Crystal Palace,Southampton,0,2,A,fpl-team-8,,0.2313967398354064,0.2765807186198349,0.4920225415447589,0.2261646515686465,0.2736268352025853,0.5002085132287682,0.03500270866788924,0.4473684210526316,0.5526315789473685,0.44397759103718865,0.5560224089628113
E1,1112,2012-04-09,Doncaster,Burnley,1,2,A,,,0.3389111595335917,0.286930920341323,0.3741579201250852,0.339189880385321,0.2845724452227119,0.37623767439196704,0.03455036925151944,0.4761904761904762,0.5238095238095238,0.4747474747483622,0.5252525252516378
E1,1112,2012-04-09,Hull,Middlesbrough,2,1,H,,,0.3676640081139642,0.2927481443916832,0.33958784749435245,0.36945620813087354,0.29063360299878005,0.33991018887034646,0.03542144293896854,0.418848167539267,0.5811518324607331,0.41272522521031973,0.5872747747896803
E1,1112,2012-04-09,Ipswich,Leicester,1,2,A,,,0.378329069415477,0.2806224628997682,0.34104846768475483,0.3806554550616444,0.27790422347642973,0.3414403214619259,0.035083125811070204,0.5447368421052632,0.4552631578947368,0.547471447312235,0.4525285526877652
E1,1112,2012-04-09,Leeds,Derby,0,2,A,fpl-team-13,,0.4975486173059769,0.2703443354148083,0.232107047279215,0.5059459653258828,0.267100426350361,0.22695360832375616,0.034693706315010786,0.5026455026455027,0.4973544973544974,0.502799552071699,0.497200447928301
E1,1112,2012-04-09,Peterboro,Nott'm Forest,0,1,A,,fpl-team-18,0.35835093816018104,0.2860232258709702,0.3556258359688489,0.35962447979257794,0.283615628446928,0.35675989176049394,0.03460541251115501,0.5447368421052632,0.4552631578947368,0.547471447312235,0.4525285526877652
E1,1112,2012-04-09,West Ham,Birmingham,3,3,D,,,0.4288491384137853,0.2799075214796563,0.2912433401065582,0.4337673219849879,0.27716016474889593,0.2890725132661161,0.03487474424764514,0.4986737400530504,0.5013262599469495,0.49859281774190956,0.5014071822580904
E1,1112,2012-04-10,Brighton,Reading,0,1,A,fpl-team-5,,0.31559362201941665,0.2882356609774858,0.39617071700309753,0.31461739239291703,0.2857755797255499,0.3996070278815331,0.037085114512592554,0.44356955380577423,0.5564304461942258,0.43999106844557306,0.5600089315544268
E1,1112,2012-04-10,Portsmouth,Millwall,0,1,A,,,0.42144480262114886,0.2865824657823812,0.2919727315964699,0.4262387225878162,0.2840406150613566,0.2897206623508273,0.03688086289912462,0.44827586206896547,0.5517241379310345,0.444526627215846,0.555473372784154
E1,1112,2012-04-13,Southampton,Reading,1,3,A,,,0.4200166678073781,0.28819605206475485,0.29178728012786703,0.4243531930518254,0.28593892162301293,0.2897078853251616,0.03386577568016946,0.467018469656992,0.5329815303430079,0.4650388767684244,0.5349611232315755
E1,1112,2012-04-14,Barnsley,Cardiff,0,1,A,,,0.23919056792106047,0.27366214976850745,0.4871472823104321,0.2340093345957844,0.2703418427585627,0.4956488226456529,0.03753555379807949,0.49071618037135284,0.5092838196286471,0.49014639639470625,0.5098536036052937
E1,1112,2012-04-14,Birmingham,Bristol City,2,2,D,,,0.6300275584686429,0.23080217488455237,0.1391702666468047,0.6459440436307033,0.22512968502627156,0.12892627134302517,0.036950487177819014,0.5461741424802111,0.45382585751978893,0.5491517806907368,0.45084821930926317
E1,1112,2012-04-14,Burnley,Coventry,1,1,D,,,0.46483768280867943,0.2783459178495087,0.25681639934181183,0.47218949459756215,0.27526016997416325,0.2525503354282747,0.037941068527288735,0.4656084656084655,0.5343915343915343,0.4634338433828662,0.5365661566171338
E1,1112,2012-04-14,Crystal Palace,Ipswich,1,1,D,fpl-team-8,,0.3518009607921291,0.28685309110742835,0.3613459481004426,0.35278546880987843,0.28437139800415173,0.3628431331859698,0.036340251099318266,0.4761904761904762,0.5238095238095238,0.4747474747483622,0.5252525252516378
E1,1112,2012-04-14,Derby,Middlesbrough,0,1,A,,,0.35117720681503084,0.288117522619143,0.36070527056582624,0.35215291938334076,0.2856411527972599,0.3622059278193993,0.037292784196324646,0.4409448818897638,0.5590551181102362,0.4371227364174747,0.5628772635825252
E1,1112,2012-04-14,Doncaster,Portsmouth,3,4,A,,,0.36454961118713086,0.28194773554049996,0.3535026532723693,0.3661925771246527,0.27924634418928496,0.35456107868606235,0.035783484345301986,0.46524064171123,0.5347593582887701,0.462643678157164,0.537356321842836
E1,1112,2012-04-14,Leeds,Peterboro,4,1,H,fpl-team-13,,0.48470323951023675,0.2697478898143926,0.2455488706753706,0.49304728912736706,0.26622765893528183,0.24072505193735114,0.03742313454858959,0.5657894736842105,0.43421052631578944,0.5704721634829345,0.4295278365170655
E1,1112,2012-04-14,Millwall,Leicester,2,1,H,,,0.32745192868935846,0.28180711438720546,0.39074095692343613,0.32711623227052156,0.27895539313637546,0.39392837459310304,0.037685249000787735,0.5,0.5,0.5,0.5
E1,1112,2012-04-14,Nott'm Forest,Blackpool,0,0,D,fpl-team-18,,0.3898277644245738,0.27978629338580524,0.3303859421896211,0.3928823756432903,0.27690031223028966,0.33021731212641997,0.03668906935490668,0.5473684210526316,0.4526315789473684,0.5503130590336057,0.4496869409663943
E1,1112,2012-04-14,Watford,Hull,1,1,D,,,0.40315999652747636,0.28743814567236736,0.3094018578001563,0.40696218108596177,0.28494456561336884,0.30809325330066945,0.036917932564392686,0.4485488126649077,0.5514511873350924,0.44511680270287096,0.5548831972971291
E1,1112,2012-04-14,West Ham,Brighton,6,0,H,,fpl-team-5,0.5685349758029037,0.2568587769467664,0.17460624725032997,0.5811564503208859,0.2526593457550029,0.16618420392411132,0.03666536009404808,0.5026455026455027,0.4973544973544974,0.502799552071699,0.497200447928301
E1,1112,2012-04-17,Blackpool,Leeds,1,0,H,,fpl-team-13,0.5543957046017267,0.24918317573854204,0.19642111965973127,0.5654242320032736,0.24493826993354068,0.18963749806318578,0.03394206694792956,0.5796344647519582,0.42036553524804177,0.585333780992056,0.41466621900794404
E1,1112,2012-04-17,Brighton,Watford,2,2,D,fpl-team-5,,0.49715904011671364,0.27091565084620917,0.2319253090370773,0.5056366293820782,0.26766184473421617,0.22670152588370562,0.03511605062521994,0.4631578947368421,0.536842105263158,0.46100713011761374,0.5389928698823863
E1,1112,2012-04-17,Bristol City,West Ham,1,1,D,,,0.18611525810845372,0.24881191004419279,0.5650728318473535,0.17896304777431232,0.24461408700726792,0.5764228652184198,0.033347050892189145,0.5342105263157895,0.4657894736842106,0.5361804569814632,0.4638195430185368
E1,1112,2012-04-17,Cardiff,Derby,2,0,H,,,0.5933545816733068,0.24801593625498017,0.15862948207171318,0.6061992135479941,0.24369500156361465,0.15010578488839119,0.033777352422475815,0.5132275132275131,0.48677248677248675,0.5140071716723167,0.4859928283276833
E1,1112,2012-04-17,Coventry,Millwall,0,1,A,,,0.4273044611761319,0.2793423193957399,0.2933532194281282,0.43207194499553947,0.2766073796317265,0.29132067537273404,0.03435417776927352,0.4643799472295515,0.5356200527704486,0.4622145096316831,0.537785490368317
E1,1112,2012-04-17,Hull,Barnsley,3,1,H,,,0.5667004163760982,0.26046119415614544,0.1728383894677564,0.5787014380209761,0.25662132002623433,0.16467724195278963,0.03510758758056909,0.4409448818897638,0.5590551181102362,0.4371227364174747,0.5628772635825252
E1,1112,2012-04-17,Ipswich,Birmingham,1,1,D,,,0.31671251296473185,0.2805711451189066,0.40271634191636163,0.3158413511085906,0.2778391272539657,0.4063195216374437,0.03519167914055288,0.549738219895288,0.450261780104712,0.5526024363159369,0.44739756368406325
E1,1112,2012-04-17,Leicester,Burnley,0,0,D,,,0.5562209691175839,0.2546188632472864,0.18916016763512974,0.5678000492547235,0.2504653754299346,0.18173457531534185,0.03539895103313029,0.5485564304461943,0.4514435695538058,0.5514632246504734,0.44853677534952663
E1,1112,2012-04-17,Middlesbrough,Doncaster,0,0,D,,,0.6844155105753923,0.20684557652945187,0.10873891289515579,0.7037328737852623,0.19957697062989035,0.09669015558484734,0.03840294177643955,0.5476190476190476,0.4523809523809524,0.5508517671072177,0.44914823289278233
E1,1112,2012-04-17,Peterboro,Southampton,1,3,A,,,0.19445080160441333,0.2409390395201214,0.5646101588754653,0.1876020012802282,0.2363097043243536,0.5760882943954183,0.03377773007377982,0.5979381443298969,0.4020618556701031,0.6049955791415472,0.39500442085845283
E1,1112,2012-04-17,Portsmouth,Crystal Palace,2,1,H,,fpl-team-8,0.48135247265547,0.275464246888381,0.2431832804561489,0.4891137963294445,0.27241215797835466,0.23847404569220088,0.03556696209125221,0.4485488126649077,0.5514511873350924,0.44511680270287096,0.5548831972971291
E1,1112,2012-04-17,Reading,Nott'm Forest,1,0,H,,fpl-team-18,0.6188417251316222,0.23537808688885375,0.1457801879795241,0.6336760410758125,0.23014463825907305,0.13617932066511446,0.035685204435139894,0.5356200527704486,0.4643799472295515,0.537785490368317,0.4622145096316831
E1,1112,2012-04-21,Blackpool,Burnley,4,0,H,,,0.5503831496127525,0.25623898700979386,0.1933778633774536,0.5624438877235408,0.2518873787181134,0.18566873355834596,0.03790063806809485,0.5593667546174144,0.44063324538258575,0.5635521409893561,0.4364478590106439
E1,1112,2012-04-21,Brighton,Birmingham,1,1,D,fpl-team-5,,0.31182109156039073,0.28416723328745086,0.40401167515215847,0.3106049194565561,0.2814121027369199,0.40798297780652387,0.03811961482279003,0.4973544973544974,0.5026455026455027,0.497200447928301,0.502799552071699
E1,1112,2012-04-21,Bristol City,Barnsley,2,0,H,,,0.5161440787768852,0.269292562840114,0.21456335838300075,0.5264657826442931,0.2656300424493868,0.2079041749063201,0.038429630803875625,0.5,0.5,0.5,0.5
E1,1112,2012-04-21,Cardiff,Leeds,1,1,D,,fpl-team-13,0.556424501819549,0.258838138729428,0.18473735945102315,0.5689920756565627,0.2545551068778326,0.1764528174656047,0.03847797540947795,0.5185185185185185,0.4814814814814815,0.5196232339053608,0.4803767660946392
E1,1112,2012-04-21,Coventry,Doncaster,0,2,A,,,0.5509136090298603,0.2579069250028986,0.19117946596724103,0.5628385183403397,0.2537027450147212,0.1834587366449391,0.037379138404503465,0.526595744680851,0.47340425531914887,0.5283736238818321,0.47162637611816793
E1,1112,2012-04-21,Hull,Nott'm Forest,2,1,H,,fpl-team-18,0.40197293411986323,0.29326327269122093,0.3047637931889159,0.40563729421224465,0.29112684300456654,0.3032358627831888,0.036178919952362776,0.42297650130548303,0.577023498694517,0.4176023685857909,0.5823976314142091
E1,1112,2012-04-21,Ipswich,Millwall,0,3,A,,,0.45126019055102645,0.2808447107356841,0.2678950987132895,0.45785910953762726,0.27790139809755865,0.26423949236481414,0.037963191512972116,0.5119363395225464,0.48806366047745364,0.5126717729239226,0.4873282270760773
E1,1112,2012-04-21,Middlesbrough,Southampton,2,1,H,,,0.31290889702279734,0.2834250799780961,0.40366602299910653,0.3118097137362928,0.2807636375247754,0.4074266487389318,0.03624535340350121,0.4735449735449735,0.5264550264550264,0.4719266724690414,0.5280733275309587
E1,1112,2012-04-21,Peterboro,Watford,2,2,D,,,0.39062154667333876,0.2808698734388357,0.3285085798878255,0.3938157806105839,0.2779542001288972,0.32823001926051876,0.03785039088688791,0.5590551181102362,0.4409448818897638,0.5628772635825252,0.4371227364174747
E1,1112,2012-04-21,Portsmouth,Derby,1,2,A,,,0.45773284996125496,0.27903834397037464,0.2632288060683704,0.46473668548038327,0.2759733519800616,0.25928996253955516,0.03820593934506178,0.47593582887700536,0.5240641711229947,0.4742031644086983,0.5257968355913017
E1,1112,2012-04-21,Reading,Crystal Palace,2,2,D,,fpl-team-8,0.6717323976608187,0.21563695906432745,0.11263064327485381,0.6895216552828433,0.2091830096016177,0.10129533511553905,0.03653096221387386,0.5358090185676393,0.46419098143236076,0.5381895332392462,0.46181046676075377
E1,1112,2012-04-23,Leicester,West Ham,1,2,A,,,0.3667164755460788,0.285723879719951,0.3475596447339702,0.36852455942963325,0.28314980463784,0.34832563593252674,0.03681001835502684,0.5411140583554377,0.4588859416445623,0.543919301829671,0.4560806981703291
E1,1112,2012-04-28,Barnsley,Brighton,0,0,D,,fpl-team-5,0.33479468558615844,0.28375891034436596,0.3814464040694756,0.33486700546894654,0.2810476215401443,0.3840853729909091,0.03723697271198034,0.5119363395225464,0.48806366047745364,0.5126717729239226,0.4873282270760773
E1,1112,2012-04-28,Birmingham,Reading,2,0,H,,,0.4289104882459313,0.2820411392405064,0.2890483725135624,0.43416431827995805,0.2792241655201928,0.28661151619984926,0.037269952706992626,0.5052910052910053,0.4947089947089948,0.5055995744330538,0.49440042556694624
E1,1112,2012-04-28,Burnley,Bristol City,1,1,D,,,0.48366363149437613,0.27637921799678633,0.23995715050883773,0.4922022321653513,0.2731202249983605,0.23467754283628814,0.03858980187214911,0.5132275132275131,0.48677248677248675,0.5140071716723167,0.4859928283276833
E1,1112,2012-04-28,Crystal Palace,Cardiff,1,2,A,fpl-team-8,,0.2663140646550538,0.28250336949730637,0.45118256584763977,0.26256260295561357,0.27964450678702674,0.45779289025735975,0.038056512363255024,0.4509283819628647,0.5490716180371352,0.44742824666177167,0.5525717533382284
E1,1112,2012-04-28,Derby,Peterboro,1,1,D,,,0.4791877867639881,0.27023962393085377,0.25057258930515813,0.48735078713032054,0.2666963396950326,0.2459528731746468,0.037997214938513935,0.5755208333333334,0.4244791666666667,0.5805041223544432,0.4194958776455569
E1,1112,2012-04-28,Doncaster,Ipswich,2,3,A,,,0.29340610174410403,0.27599327671478036,0.4306006215411156,0.291183384418283,0.2728171218891256,0.4359994936925915,0.03764307824894786,0.5435356200527705,0.4564643799472295,0.5462988944398149,0.45370110556018506
E1,1112,2012-04-28,Leeds,Leicester,1,2,A,fpl-team-13,,0.35257561110343877,0.27951940339732084,0.3679049854992405,0.3536231021431235,0.2765816232108504,0.369795274646026,0.0371961675118655,0.5382585751978891,0.4617414248021108,0.540616246495029,0.459383753504971
E1,1112,2012-04-28,Millwall,Blackpool,2,2,D,,,0.3924088563342767,0.28012318961211924,0.3274679540536042,0.3956866899623939,0.2771805532165011,0.327132756821105,0.03766079037450254,0.5421052631578948,0.4578947368421053,0.5446378752344725,0.45536212476552757
E1,1112,2012-04-28,Nott'm Forest,Portsmouth,2,0,H,fpl-team-18,,0.5080766321270869,0.2710729553331105,0.22085041253980264,0.517835748866223,0.26755654809739776,0.21460770303637935,0.03798289597034454,0.4745308310991957,0.5254691689008043,0.4726161651050819,0.5273838348949181
E1,1112,2012-04-28,Southampton,Coventry,4,0,H,,,0.7173090291187146,0.18575731829767514,0.0969336525836101,0.7378962187038156,0.17749417903351009,0.08460960226267433,0.03766878857277334,0.5803108808290156,0.4196891191709845,0.5854276895954665,0.4145723104045335
E1,1112,2012-04-28,Watford,Middlesbrough,2,1,H,,,0.33010775055123354,0.280392727877855,0.3894995215709115,0.3299219331965675,0.2775048086500126,0.3925732581534199,0.03714152006432414,0.4760638297872341,0.5239361702127661,0.4744774976599343,0.5255225023400657
E1,1112,2012-04-28,West Ham,Hull,2,1,H,,,0.6405187624324293,0.2248794686506108,0.1346017689169598,0.6579560600418926,0.21851632206835175,0.12352761788975568,0.039239747216925025,0.537037037037037,0.462962962962963,0.5394088669999334,0.46059113300006654
