league,season,date,home_team_raw,away_team_raw,home_goals,away_goals,result,home_team_id,away_team_id,prob_home_proportional,prob_draw_proportional,prob_away_proportional,prob_home_shin,prob_draw_shin,prob_away_shin,shin_z,prob_over25_proportional,prob_under25_proportional,prob_over25_shin,prob_under25_shin
E1,1213,2012-08-17,Cardiff,Huddersfield,1,0,H,,,0.5333738570375449,0.2651802227079319,0.20144592025452338,0.543047623876124,0.2618390290747765,0.1951133470490995,0.03285395062994212,0.5065963060686015,0.49340369393139843,0.5069630124784155,0.49303698752158454
E1,1213,2012-08-18,Barnsley,Middlesbrough,1,0,H,,,0.3071674885980199,0.2846230857651377,0.40820942563684226,0.3057235429950729,0.2819527662035994,0.4123236908013276,0.037259250646457076,0.48284960422163586,0.5171503957783641,0.4818779970999063,0.5181220029000937
E1,1213,2012-08-18,Birmingham,Charlton,1,1,D,,,0.5100299650407857,0.27291077076743797,0.21705926419177626,0.5193664969362715,0.2696784569288619,0.2109550461348666,0.03590723290108144,0.4424083769633508,0.5575916230366492,0.4388837958712722,0.5611162041287278
E1,1213,2012-08-18,Burnley,Bolton,2,0,H,,,0.3281997676152242,0.2850420000083292,0.3867582323764467,0.32791640207959555,0.2824542621414574,0.38962933577894704,0.03645461448468268,0.5105820105820106,0.48941798941798953,0.5112029127571766,0.48879708724282345
E1,1213,2012-08-18,Crystal Palace,Watford,2,3,A,fpl-team-8,,0.3934992854531556,0.29143540828874337,0.3150653062581009,0.39670927139444323,0.28920487980222453,0.31408584880333235,0.03616416943259537,0.41406249999999994,0.5859374999999999,0.40775681343284276,0.5922431865671571
E1,1213,2012-08-18,Derby,Sheffield Weds,2,2,D,,,0.3950048325610915,0.2868342784135926,0.318160889025316,0.3983145914247188,0.28434535347222556,0.31734005510305563,0.03638659976422787,0.4761904761904762,0.5238095238095238,0.4747474747483622,0.5252525252516378
E1,1213,2012-08-18,Hull,Brighton,1,0,H,,fpl-team-5,0.4233289646133682,0.28833551769331583,0.28833551769331583,0.4282309014743927,0.28588454926280366,0.28588454926280366,0.03692293772473931,0.4162303664921466,0.5837696335078534,0.40974983784512087,0.5902501621548791
E1,1213,2012-08-18,Ipswich,Blackburn,1,1,D,,,0.3754431249633349,0.28473974003335484,0.33981713500331034,0.3777387076411053,0.28209745097112376,0.3401638413877709,0.03702082531526685,0.5238095238095238,0.4761904761904762,0.5252525252516378,0.4747474747483622
E1,1213,2012-08-18,Leeds,Wolves,1,0,H,fpl-team-13,,0.3931928243305489,0.28324224731410363,0.32356492835534756,0.3964217727514971,0.28054833834934245,0.32302988889916046,0.0365857258439064,0.5303430079155673,0.4696569920844328,0.5321426574931143,0.4678573425068856
E1,1213,2012-08-18,Leicester,Peterboro,2,0,H,,,0.5928323200777481,0.2430148152799124,0.1641528646423394,0.607123782829521,0.23792480738908195,0.15495140978139715,0.03773581515997648,0.5665796344647519,0.433420365535248,0.5707900727447877,0.4292099272552123
E1,1213,2012-08-18,Millwall,Blackpool,0,2,A,,,0.36607082630691395,0.2869814502529511,0.34694772344013486,0.3678888034426243,0.28441202963127676,0.3476991669260989,0.037756731966510415,0.4881266490765172,0.5118733509234827,0.48746168849481736,0.5125383115051826
E1,1213,2012-08-18,Nott'm Forest,Bristol City,1,0,H,fpl-team-18,,0.5086084346864634,0.26978360448586325,0.22160796082767337,0.5182538829029658,0.26624974679989366,0.21549637029714055,0.03741394309327006,0.46052631578947373,0.5394736842105263,0.45818815331659807,0.541811846683402
E1,1213,2012-08-21,Blackpool,Leeds,2,1,H,,fpl-team-13,0.4417989417989418,0.2791005291005291,0.2791005291005291,0.44763029674487853,0.27618485162756073,0.27618485162756073,0.036441787611693144,0.5447368421052632,0.4552631578947368,0.547471447312235,0.4525285526877652
E1,1213,2012-08-21,Bolton,Derby,2,0,H,,,0.5493690419891978,0.2623391492645046,0.18829180874629764,0.5606838558631143,0.2585503815079646,0.18076576262892102,0.03569326130673289,0.5145118733509234,0.48548812664907653,0.5153288740238595,0.48467112597614054
E1,1213,2012-08-21,Brighton,Cardiff,0,0,D,fpl-team-5,,0.3715604987355469,0.2905348448056768,0.3379046564587764,0.3735962540964504,0.28826077057077504,0.33814297533277454,0.03614150290377438,0.43569553805774275,0.5643044619422573,0.43135332026324247,0.5686466797367574
E1,1213,2012-08-21,Bristol City,Crystal Palace,4,1,H,,fpl-team-8,0.40734746190912413,0.2888005225299982,0.30385201556087765,0.4112838847554019,0.28643589418666093,0.3022802210579372,0.03604086092673242,0.44386422976501305,0.556135770234987,0.4406241369777816,0.5593758630222184
E1,1213,2012-08-21,Charlton,Leicester,2,1,H,,,0.33097340704975864,0.28806944687664177,0.38095714607359965,0.3308428646944925,0.2856911795853725,0.383465955720135,0.03572701150551438,0.5052910052910053,0.4947089947089948,0.5055995744330538,0.49440042556694624
E1,1213,2012-08-21,Huddersfield,Nott'm Forest,1,1,D,,fpl-team-18,0.3648068669527897,0.2918454935622318,0.3433476394849785,0.36644823663252185,0.2896855871795742,0.3438661761879039,0.035399006213992834,0.450261780104712,0.549738219895288,0.44739756368406325,0.5526024363159369
E1,1213,2012-08-21,Middlesbrough,Burnley,3,2,H,,,0.45397715529175947,0.28460341539697454,0.261419429311266,0.46062073785516094,0.28190900640470934,0.25747025574012977,0.03735493589192629,0.4488188976377953,0.5511811023622047,0.44569757727335396,0.554302422726646
E1,1213,2012-08-21,Peterboro,Millwall,1,2,A,,,0.3661248072994348,0.28551017082983443,0.3483650218707308,0.36784183074120164,0.2830100952082513,0.34914807405054704,0.03556785499677062,0.5342105263157895,0.4657894736842106,0.5361804569814632,0.4638195430185368
E1,1213,2012-08-21,Sheffield Weds,Birmingham,3,2,H,,,0.36472439363251363,0.28817729867260333,0.3470983076948829,0.36636629296468776,0.28581913439611184,0.3478145726392004,0.035522242775186896,0.48548812664907653,0.5145118733509234,0.48467112597614054,0.5153288740238595
E1,1213,2012-08-21,Watford,Ipswich,0,1,A,,,0.4225290680064133,0.28382651680673965,0.293644415186847,0.4272031594865241,0.2812352094206132,0.2915616310928627,0.035500866593793035,0.5250659630606861,0.47493403693931396,0.5265214963685101,0.47347850363148986
E1,1213,2012-08-21,Wolves,Barnsley,3,1,H,,,0.5684287177422697,0.25195218840468164,0.17961909385304858,0.5810819485902842,0.24748812969885114,0.17142992171086466,0.03675308311358094,0.5250659630606861,0.47493403693931396,0.5265214963685101,0.47347850363148986
E1,1213,2012-08-22,Blackburn,Hull,1,0,H,,,0.4847852724938733,0.28013041195005256,0.2350843155560742,0.49249657987543544,0.2773975336781051,0.23010588644645943,0.034532568184658885,0.4552631578947368,0.5447368421052632,0.4525285526877652,0.547471447312235
E1,1213,2012-08-24,Bolton,Nott'm Forest,2,2,D,,fpl-team-18,0.4681289397959984,0.2775631766932026,0.2543078835107991,0.47439772505160765,0.27496063782184416,0.25064163712654824,0.031469584442675114,0.4643799472295515,0.5356200527704486,0.4622145096316831,0.537785490368317
E1,1213,2012-08-25,Blackburn,Leicester,2,1,H,,,0.4011684478037205,0.2841101773199601,0.3147213748763194,0.4046676344745564,0.28157764369481886,0.3137547218306247,0.03494808962568641,0.47757255936675463,0.5224274406332454,0.4762821585986352,0.5237178414013648
E1,1213,2012-08-25,Blackpool,Ipswich,6,0,H,,,0.4717134717134718,0.2730972730972731,0.25518925518925517,0.4789492394467124,0.26993858602841236,0.2511121745248752,0.03544984885957092,0.5628272251308901,0.43717277486910994,0.566843058069165,0.433156941930835
E1,1213,2012-08-25,Brighton,Barnsley,5,1,H,fpl-team-5,,0.5431100065932952,0.26388395800578185,0.19300603540092306,0.5540577471007656,0.2601958212580688,0.1857464316411657,0.03554202802479267,0.45669291338582685,0.5433070866141733,0.4541895718808615,0.5458104281191385
E1,1213,2012-08-25,Bristol City,Cardiff,4,2,H,,,0.316986408405815,0.2850944831698641,0.39791910842432093,0.31614214884674013,0.28262839425148994,0.40122945690176987,0.03472382202744484,0.4643799472295515,0.5356200527704486,0.4622145096316831,0.537785490368317
E1,1213,2012-08-25,Charlton,Hull,0,0,D,,,0.4120342697748555,0.28429112230666326,0.30367460791848117,0.41605672616543626,0.2817894010761871,0.30215387275837663,0.034614417469128966,0.4488188976377953,0.5511811023622047,0.44569757727335396,0.554302422726646
E1,1213,2012-08-25,Huddersfield,Burnley,2,0,H,,,0.38599815099643053,0.2839256916143957,0.33007615738917384,0.38873905796687275,0.28136158975884207,0.32989935227428513,0.03528860199730843,0.4696569920844328,0.5303430079155673,0.4678573425068856,0.5321426574931143
E1,1213,2012-08-25,Middlesbrough,Crystal Palace,2,1,H,,fpl-team-8,0.5220589959630815,0.2716527915040453,0.20628821253287324,0.5318527782677335,0.2684026572775791,0.19974456445468738,0.03528597508557141,0.44210526315789467,0.5578947368421052,0.4382300089901101,0.5617699910098899
E1,1213,2012-08-25,Peterboro,Leeds,1,2,A,,fpl-team-13,0.3277886859556181,0.27803504612306895,0.3941762679213129,0.3274912061649511,0.27516946276787585,0.39733933106717306,0.035248177824541926,0.5473684210526316,0.4526315789473684,0.5503130590336057,0.4496869409663943
E1,1213,2012-08-25,Sheffield Weds,Millwall,3,2,H,,,0.459253827115226,0.2805023375194794,0.2602438353652948,0.46553317248719206,0.27785955237506976,0.2566072751377382,0.03377364878542721,0.4696569920844328,0.5303430079155673,0.4678573425068856,0.5321426574931143
E1,1213,2012-08-25,Watford,Birmingham,2,0,H,,,0.36212632895559727,0.2839774859287055,0.35389618511569737,0.36361675777792923,0.2814248986243694,0.3549583435977013,0.03518543369136751,0.5052910052910053,0.4947089947089948,0.5055995744330538,0.49440042556694624
E1,1213,2012-08-25,Wolves,Derby,1,1,D,,,0.5466856735566643,0.2640769779044904,0.18923734853884533,0.5576976396053303,0.2604346442972131,0.18186771609745653,0.03515844058711082,0.49340369393139843,0.5065963060686015,0.49303698752158454,0.5069630124784155
E1,1213,2012-09-01,Barnsley,Bristol City,1,0,H,,,0.3556258359688489,0.2860232258709702,0.35835093816018104,0.35675989176049394,0.283615628446928,0.35962447979257794,0.03460541251115501,0.47757255936675463,0.5224274406332454,0.4762821585986352,0.5237178414013648
E1,1213,2012-09-01,Birmingham,Peterboro,1,0,H,,,0.6051005921700537,0.2398736362822464,0.15502577154769973,0.6184367780378839,0.23517894233288753,0.14638427962922868,0.033577737398445606,0.5564304461942258,0.44356955380577423,0.5600089315544268,0.43999106844557306
E1,1213,2012-09-01,Burnley,Brighton,1,3,A,,fpl-team-5,0.394987462480082,0.2898205220055091,0.31519201551440884,0.39809578921913025,0.2876315194751343,0.3142726913057353,0.03414269140921533,0.41406249999999994,0.5859374999999999,0.40775681343284276,0.5922431865671571
E1,1213,2012-09-01,Crystal Palace,Sheffield Weds,2,1,H,fpl-team-8,,0.3272226784807828,0.2844549727826865,0.38832234873653054,0.3269066459022842,0.28198820118348045,0.39110515291423525,0.03429200919345021,0.4973544973544974,0.5026455026455027,0.497200447928301,0.502799552071699
E1,1213,2012-09-01,Derby,Watford,5,1,H,,,0.4026266293233021,0.28391908207600636,0.3134542886006916,0.40623754719385563,0.2813507178197488,0.31241173498639563,0.03530975291505456,0.4617414248021108,0.5382585751978891,0.459383753504971,0.540616246495029
E1,1213,2012-09-01,Hull,Bolton,3,1,H,,,0.3782563940137778,0.28925488953994777,0.3324887164462745,0.38058718231403443,0.2869735681333772,0.3324392495525883,0.03518120292574167,0.4338624338624339,0.5661375661375662,0.4287668110342363,0.5712331889657637
E1,1213,2012-09-01,Ipswich,Huddersfield,2,2,D,,,0.45201375188468274,0.27519660776508625,0.2727896403502312,0.45805110432850055,0.27223820251584074,0.26971069315565865,0.034455797518603504,0.5277044854881265,0.4722955145118733,0.5293296089369458,0.47067039106305425
E1,1213,2012-09-01,Leeds,Blackburn,3,3,D,fpl-team-13,,0.40435850240020993,0.2821958128533187,0.3134456847464715,0.4080612859501334,0.27953705546803986,0.3124016585818267,0.0353262429125607,0.49340369393139843,0.5065963060686015,0.49303698752158454,0.5069630124784155
E1,1213,2012-09-01,Leicester,Blackpool,1,0,H,,,0.4375266389884288,0.27701390752521826,0.28545945348635293,0.4427698526531109,0.2741826101601717,0.2830475371867174,0.03407262288965285,0.5511811023622047,0.4488188976377953,0.554302422726646,0.44569757727335396
E1,1213,2012-09-01,Millwall,Middlesbrough,3,1,H,,,0.3852449867926634,0.2862829718367499,0.3284720413705867,0.3878593681255699,0.28391962469395843,0.3282210071804717,0.03412513411603868,0.4552631578947368,0.5447368421052632,0.4525285526877652,0.547471447312235
E1,1213,2012-09-01,Nott'm Forest,Charlton,2,1,H,fpl-team-18,,0.47770281023424177,0.2778330884448409,0.24446410132091742,0.4849738179564712,0.2750215190362021,0.24000466300732667,0.03413610765710473,0.44619422572178474,0.5538057742782152,0.44284917758618875,0.5571508224138112
E1,1213,2012-09-02,Cardiff,Wolves,3,1,H,,,0.4476825993241321,0.28267571981493533,0.2696416808609326,0.4535000441229716,0.2800936182812656,0.2664063375957627,0.03445766610093415,0.47493403693931396,0.5250659630606861,0.47347850363148986,0.5265214963685101
E1,1213,2012-09-14,Brighton,Sheffield Weds,3,0,H,fpl-team-5,,0.43752712938811744,0.28333835186278694,0.2791345187490957,0.44239225072556043,0.2810027361234904,0.27660501315094915,0.031579554080963135,0.5052631578947367,0.49473684210526314,0.5055407801420785,0.4944592198579216
E1,1213,2012-09-14,Charlton,Crystal Palace,0,1,A,,fpl-team-8,0.4863210877948978,0.2760587351306331,0.23762017707446897,0.4937339283959373,0.2732648026874548,0.23300126891660786,0.03283174114767462,0.4710526315789474,0.5289473684210526,0.4694266099690281,0.5305733900309719
E1,1213,2012-09-15,Barnsley,Blackpool,1,1,D,,,0.2638938469834952,0.27233231302075817,0.4637738399957465,0.26043099929218494,0.2692835364504625,0.4702854642573527,0.033809777814894915,0.5317460317460317,0.46825396825396826,0.5337296567989512,0.46627034320104876
E1,1213,2012-09-15,Bolton,Watford,2,1,H,,,0.5029823596598841,0.26883539912855875,0.2281822412115572,0.5116360911092297,0.2655200709378041,0.22284383795296628,0.03461528243497014,0.5303430079155673,0.4696569920844328,0.5321426574931143,0.4678573425068856
E1,1213,2012-09-15,Bristol City,Blackburn,3,5,A,,,0.34564418297833505,0.28557796825344145,0.36877784876822356,0.3462533293566152,0.2832025394975199,0.370544131145865,0.03380696475505829,0.5052910052910053,0.4947089947089948,0.5055995744330538,0.49440042556694624
E1,1213,2012-09-15,Burnley,Peterboro,5,2,H,,,0.5311732551691357,0.259684702527133,0.2091420423037313,0.5413813041941111,0.2558443537326483,0.20277434207324055,0.03507734485901892,0.5499999999999999,0.45000000000000007,0.5531632110568048,0.44683678894319523
E1,1213,2012-09-15,Cardiff,Leeds,2,1,H,,fpl-team-13,0.4599735514823472,0.27625630458851025,0.26377014392914255,0.4666201125793519,0.2732550075990494,0.26012487982159876,0.03557305200956762,0.5158730158730157,0.48412698412698413,0.5168137873046875,0.48318621269531237
E1,1213,2012-09-15,Huddersfield,Derby,1,0,H,,,0.4082735648418397,0.2841782563792744,0.30754817877888585,0.41212644016696737,0.2816566693928795,0.30621689044015316,0.03482441056985408,0.48677248677248675,0.5132275132275131,0.4859928283276833,0.5140071716723167
E1,1213,2012-09-15,Hull,Millwall,4,1,H,,,0.4522349832535608,0.28627719123390544,0.26148782551253374,0.4582376253492671,0.28389196368561415,0.2578704109651187,0.03419570275582373,0.4386422976501305,0.5613577023498694,0.43493909191841096,0.5650609080815892
E1,1213,2012-09-15,Middlesbrough,Ipswich,2,0,H,,,0.43119039462047754,0.2835403504019504,0.28526925497757205,0.43616492855138017,0.28100968631510237,0.2828253851335175,0.03442270285449922,0.5026455026455027,0.4973544973544974,0.502799552071699,0.497200447928301
E1,1213,2012-09-15,Nott'm Forest,Birmingham,2,2,D,fpl-team-18,,0.43832009548697165,0.2846407937156249,0.27703911079740345,0.44383854534371914,0.28207856657480385,0.274082888081477,0.03561504720710218,0.4708994708994709,0.5291005291005291,0.4691011235925061,0.5308988764074939
E1,1213,2012-09-16,Wolves,Leicester,2,1,H,,,0.3629391297841296,0.28635564368289124,0.3507052265329792,0.36442104045073637,0.28400691691570545,0.35157204263355823,0.033984296722337604,0.5132275132275131,0.48677248677248675,0.5140071716723167,0.4859928283276833
E1,1213,2012-09-18,Birmingham,Bolton,2,1,H,,,0.41303618829062144,0.28155920342934254,0.30540460828003607,0.4169591529443462,0.2790164821100873,0.3040243649455665,0.033316298853605986,0.4986807387862796,0.5013192612137204,0.49860763018684684,0.5013923698131533
E1,1213,2012-09-18,Blackburn,Barnsley,2,1,H,,,0.6559164936103049,0.22017854128233236,0.12390496510736272,0.6717317825422283,0.21444476566645154,0.11382345179132017,0.03382765455171466,0.5725388601036269,0.427461139896373,0.5767859591534537,0.4232140408465464
E1,1213,2012-09-18,Blackpool,Middlesbrough,4,1,H,,,0.5205963756843572,0.2654599082809754,0.21394371603466739,0.5299115872603227,0.2620485219595274,0.20803989078014984,0.033776553347706795,0.5433070866141733,0.45669291338582685,0.5458104281191385,0.4541895718808615
E1,1213,2012-09-18,Crystal Palace,Nott'm Forest,1,1,D,fpl-team-8,fpl-team-18,0.3061648185237653,0.2865028577011382,0.40733232377509654,0.30480695500611366,0.28417421420714667,0.4110188307867397,0.03372625482734293,0.4578947368421053,0.5421052631578948,0.45536212476552757,0.5446378752344725
E1,1213,2012-09-18,Derby,Charlton,3,2,H,,,0.4506716573735374,0.28150061481590327,0.2678277278105594,0.45647152346443176,0.2789335746790603,0.26459490185650797,0.03346488485112786,0.48284960422163586,0.5171503957783641,0.4818779970999063,0.5181220029000937
E1,1213,2012-09-18,Leeds,Hull,2,3,A,fpl-team-13,,0.39426552676661286,0.288723678062935,0.3170107951704522,0.3972245423582834,0.2865621165998157,0.31621334104190096,0.03287061117589474,0.4710526315789474,0.5289473684210526,0.4694266099690281,0.5305733900309719
E1,1213,2012-09-18,Millwall,Cardiff,0,2,A,,,0.36373266245158725,0.286106789367407,0.3501605481810056,0.3652031361734258,0.2838251253739575,0.3509717384526167,0.03281856467947364,0.4842105263157894,0.5157894736842105,0.4833629103791193,0.5166370896208807
E1,1213,2012-09-18,Peterboro,Bristol City,1,2,A,,,0.3706441698809843,0.28075741011942823,0.34859841999958746,0.3724711120945129,0.2781876415470269,0.3493412463584602,0.03322094073519111,0.5699481865284974,0.43005181347150256,0.5739320919957633,0.42606790800423666
E1,1213,2012-09-18,Watford,Brighton,0,1,A,,fpl-team-5,0.3437608792957676,0.2896503705177301,0.36658875018650217,0.3442617775816115,0.28754065748929886,0.3681975649290896,0.03279605135321617,0.47368421052631576,0.5263157894736842,0.47222222222641946,0.5277777777735805
E1,1213,2012-09-19,Ipswich,Wolves,0,2,A,,,0.4053207494430149,0.2807944950960645,0.31388475546092054,0.40918372237771244,0.2779833770885304,0.31283290053375723,0.036380586214363575,0.5118733509234827,0.4881266490765172,0.5125383115051826,0.48746168849481736
E1,1213,2012-09-19,Leicester,Burnley,2,1,H,,,0.5152701241180409,0.2703301230880157,0.21439975279394347,0.524993697224451,0.2669205730994043,0.20808572967614472,0.03633577167056501,0.5303430079155673,0.4696569920844328,0.5321426574931143,0.4678573425068856
E1,1213,2012-09-19,Sheffield Weds,Huddersfield,1,3,A,,,0.4729754239593725,0.27244490795320575,0.2545796680874218,0.4805385997780017,0.26913736252081505,0.2503240377011833,0.03674247139133513,0.5052910052910053,0.4947089947089948,0.5055995744330538,0.49440042556694624
E1,1213,2012-09-21,Blackburn,Middlesbrough,1,2,A,,,0.5149833783751464,0.26551550953052877,0.21950111209432474,0.5239895285717652,0.2621233590240095,0.21388711240422523,0.03364895610138774,0.5471204188481674,0.4528795811518324,0.5497828912734765,0.45021710872652343
E1,1213,2012-09-22,Birmingham,Barnsley,0,5,A,,,0.5869000410228361,0.2522083960071106,0.16089156297005336,0.6003419582674895,0.2477879398841311,0.15187010184837935,0.03629809385165572,0.5382585751978891,0.4617414248021108,0.540616246495029,0.459383753504971
E1,1213,2012-09-22,Crystal Palace,Cardiff,3,2,H,fpl-team-8,,0.304661706911961,0.28690534976065035,0.4084329433273887,0.3031920182943459,0.28453657180138975,0.41227140990426436,0.03461474948562682,0.4488188976377953,0.5511811023622047,0.44569757727335396,0.554302422726646
E1,1213,2012-09-22,Derby,Burnley,1,2,A,,,0.44481108727932683,0.2771819831710939,0.2780069295495793,0.45062679103270264,0.27425293200607137,0.275120276961226,0.035345847019925714,0.5250659630606861,0.47493403693931396,0.5265214963685101,0.47347850363148986
E1,1213,2012-09-22,Ipswich,Charlton,1,2,A,,,0.4591787486244908,0.27824861483812424,0.2625726365373849,0.46595351893317594,0.2752757311946212,0.2587707498722029,0.03650424163788557,0.5224274406332454,0.47757255936675463,0.5237178414013648,0.4762821585986352
E1,1213,2012-09-22,Leeds,Nott'm Forest,2,1,H,fpl-team-13,fpl-team-18,0.3811818359610687,0.2864710116885333,0.332347152350398,0.38368035510590537,0.28403047353163435,0.33228917136246044,0.035411752527579665,0.5026455026455027,0.4973544973544974,0.502799552071699,0.497200447928301
E1,1213,2012-09-22,Millwall,Brighton,1,2,A,,fpl-team-5,0.349777811252542,0.28824282593959477,0.36197936280786314,0.35063187914374777,0.28589609180886555,0.36347202904738685,0.035400063497945666,0.45669291338582685,0.5433070866141733,0.4541895718808615,0.5458104281191385
E1,1213,2012-09-22,Peterboro,Wolves,0,2,A,,,0.29505212180252405,0.2759041964938057,0.4290436817036703,0.29308864438650617,0.27297351536723213,0.43393784024626164,0.03463249001652002,0.5710526315789474,0.42894736842105263,0.5763337197148328,0.4236662802851672
E1,1213,2012-09-22,Sheffield Weds,Bolton,1,2,A,,,0.37810821046148213,0.2847339267804454,0.3371578627580726,0.3804441899098603,0.2822049545421888,0.33735085554795086,0.03539346088655293,0.5185185185185185,0.4814814814814815,0.5196232339053608,0.4803767660946392
E1,1213,2012-09-22,Watford,Bristol City,2,2,D,,,0.4135957866482299,0.2858490757874616,0.3005551375643085,0.41773790685135137,0.28340239586216587,0.29885969728648276,0.03495425474829972,0.4986807387862796,0.5013192612137204,0.49860763018684684,0.5013923698131533
E1,1213,2012-09-23,Leicester,Hull,3,1,H,,,0.47096437722500634,0.27836103489716785,0.2506745878778259,0.4783313668824754,0.27540403964559373,0.2462645934719309,0.03630779031664133,0.4526315789473684,0.5473684210526316,0.4496869409663943,0.5503130590336057
E1,1213,2012-09-24,Blackpool,Huddersfield,1,3,A,,,0.5556379546887167,0.25228966591271457,0.19207237939856872,0.567370339672309,0.24795185241944612,0.1846778079082448,0.035964030772447586,0.5514511873350924,0.4485488126649077,0.5548831972971291,0.44511680270287096
E1,1213,2012-09-29,Barnsley,Ipswich,1,1,D,,,0.39665436190741526,0.2794341176422388,0.323911520450346,0.3998466291615646,0.276725075126186,0.3234282957122494,0.03415668266825378,0.549738219895288,0.450261780104712,0.5526024363159369,0.44739756368406325
E1,1213,2012-09-29,Bolton,Crystal Palace,0,1,A,,fpl-team-8,0.586077967779183,0.2467696706438665,0.1671523615769506,0.5985179865059113,0.24242078007887033,0.15906123341521844,0.033604429103434086,0.5394736842105263,0.46052631578947373,0.541811846683402,0.45818815331659807
E1,1213,2012-09-29,Brighton,Birmingham,0,1,A,fpl-team-5,,0.5171266512375573,0.2681946242807962,0.2146787244816465,0.5264331367783149,0.26485948425091216,0.20870737897077288,0.03439005371183157,0.5145118733509234,0.48548812664907653,0.5153288740238595,0.48467112597614054
E1,1213,2012-09-29,Bristol City,Leeds,2,3,A,,fpl-team-13,0.3901942645698428,0.28122109158186864,0.3285846438482886,0.393042917340877,0.27861790171718576,0.32833918094193726,0.033946187468245625,0.5523560209424083,0.4476439790575916,0.5554308361827337,0.44456916381726636
E1,1213,2012-09-29,Burnley,Millwall,2,2,D,,,0.47434424481028103,0.2764669119160514,0.24918884327366767,0.48166256501491356,0.27350179116146145,0.24483564382362505,0.03518754499964416,0.5277044854881265,0.4722955145118733,0.5293296089369458,0.47067039106305425
E1,1213,2012-09-29,Cardiff,Blackpool,3,0,H,,,0.4027470818394644,0.27726208601411195,0.3199908321464237,0.4063472741053178,0.27436326654482934,0.319289459349853,0.03515235334634781,0.5485564304461943,0.4514435695538058,0.5514632246504734,0.44853677534952663
E1,1213,2012-09-29,Charlton,Blackburn,1,1,D,,,0.33589530535936857,0.2829663481512256,0.38113834648940587,0.33602204915486245,0.28033971364062477,0.38363823720451273,0.03547482495196164,0.5459317585301837,0.4540682414698162,0.5486327256567128,0.4513672743432872
E1,1213,2012-09-29,Huddersfield,Watford,2,3,A,,,0.4564426810542885,0.27848437385752717,0.2650729450881845,0.46270173752269284,0.27569025024656957,0.26160801223073765,0.03443991963285953,0.5052910052910053,0.4947089947089948,0.5055995744330538,0.49440042556694624
E1,1213,2012-09-29,Hull,Peterboro,1,3,A,,,0.647704743022724,0.22693304865029743,0.1253622083269788,0.6644980770791629,0.22102782476127328,0.11447409815956382,0.03694829042069614,0.5602094240837696,0.4397905759162304,0.563974187816472,0.43602581218352804
E1,1213,2012-09-29,Middlesbrough,Leicester,1,2,A,,,0.35667396061269147,0.28665207877461707,0.35667396061269147,0.3578774022449148,0.2842451955101703,0.3578774022449148,0.03506885771639645,0.5052910052910053,0.4947089947089948,0.5055995744330538,0.49440042556694624
E1,1213,2012-09-29,Wolves,Sheffield Weds,1,0,H,,,0.4807649871276205,0.2725266642147849,0.2467083486575947,0.4880445085000348,0.2695118091372633,0.2424436823627019,0.03345394670031965,0.5549738219895288,0.4450261780104712,0.5582685904636263,0.44173140953637374
E1,1213,2012-09-30,Nott'm Forest,Derby,0,1,A,fpl-team-18,,0.47308191875307926,0.27713082814529494,0.24978725310162583,0.48007283651617944,0.27430660184684913,0.24562056163697144,0.03389517264440656,0.4973544973544974,0.5026455026455027,0.497200447928301,0.502799552071699
E1,1213,2012-10-02,Barnsley,Peterboro,0,2,A,,,0.5016012612141307,0.25911446366586316,0.23928427512000627,0.509842569449159,0.25546819810630217,0.23468923244453893,0.03319895640015602,0.5923076923076923,0.40769230769230774,0.598015192346614,0.40198480765338596
E1,1213,2012-10-02,Bolton,Leeds,2,2,D,,fpl-team-13,0.48361809559675767,0.26883068924289677,0.2475512151603456,0.49094819794445826,0.2656742966557345,0.24337750539980718,0.033041009213775396,0.549738219895288,0.450261780104712,0.5526024363159369,0.44739756368406325
E1,1213,2012-10-02,Brighton,Ipswich,1,1,D,fpl-team-5,,0.547854333222253,0.2609556851838587,0.19118998159388828,0.558569923248223,0.2572809062658776,0.18414917048589943,0.03399564675055444,0.5236842105263159,0.47631578947368425,0.5249868125159045,0.4750131874840955
E1,1213,2012-10-02,Bristol City,Millwall,1,1,D,,,0.399434350011191,0.28020021567949216,0.32036543430931697,0.4026268054876418,0.2776412861586513,0.31973190835370685,0.032694868044927716,0.5471204188481674,0.4528795811518324,0.5497828912734765,0.45021710872652343
E1,1213,2012-10-02,Burnley,Sheffield Weds,3,3,D,,,0.43441226575809194,0.2759795570698467,0.28960817717206133,0.4393283622046424,0.2731941667657147,0.28747747102964294,0.03291415376588702,0.5471204188481674,0.4528795811518324,0.5497828912734765,0.45021710872652343
E1,1213,2012-10-02,Cardiff,Birmingham,2,1,H,,,0.5147349493507563,0.26168089603865263,0.22358415461059106,0.523797939383036,0.25807611517834383,0.2181259454386202,0.03390528564341366,0.5380577427821522,0.46194225721784776,0.5401884700643199,0.4598115299356801
E1,1213,2012-10-02,Charlton,Watford,1,2,A,,,0.4194570208136688,0.2813124930007839,0.2992304861855472,0.4235548279806476,0.2788416014741829,0.29760357054516956,0.03218803508207202,0.4973684210526315,0.5026315789473684,0.4972298401618182,0.5027701598381817
E1,1213,2012-10-02,Huddersfield,Leicester,0,2,A,,,0.3112435542176007,0.2796546561776054,0.40910178960479393,0.31013564371544267,0.2769869030834461,0.41287745320111124,0.03374155249912292,0.531578947368421,0.4684210526315789,0.5333741239292438,0.4666258760707563
E1,1213,2012-10-02,Hull,Blackpool,2,3,A,,,0.3955267804590935,0.27898763978811064,0.32548557975279574,0.39859519832561435,0.27631442833111675,0.32509037334326873,0.03341774910222739,0.5263157894736842,0.47368421052631576,0.5277777777735805,0.47222222222641946
E1,1213,2012-10-02,Wolves,Crystal Palace,1,2,A,,fpl-team-8,0.5230259510280613,0.2622455048572072,0.21472854411473158,0.5325985038925365,0.25862421967215365,0.20877727643530988,0.03427409683354199,0.5289473684210526,0.4710526315789474,0.5305733900309719,0.4694266099690281
E1,1213,2012-10-03,Middlesbrough,Derby,2,2,D,,,0.4315600764794034,0.2829260924351376,0.28551383108545897,0.4364878445920658,0.2803980987921089,0.2831140566158252,0.03396390471607447,0.503957783641161,0.4960422163588391,0.5041773420969614,0.49582265790303864
E1,1213,2012-10-03,Nott'm Forest,Blackburn,0,0,D,fpl-team-18,,0.3940721894322073,0.28387571092836816,0.3220520996394246,0.39724319623980586,0.2813010038752313,0.32145579988496265,0.03538670088164508,0.503957783641161,0.4960422163588391,0.5041773420969614,0.49582265790303864
E1,1213,2012-10-06,Birmingham,Huddersfield,0,1,A,,,0.433061847798422,0.28518707050139985,0.2817510817001782,0.4381541322250484,0.2827275310156625,0.2791183367592891,0.03457926097325981,0.503957783641161,0.4960422163588391,0.5041773420969614,0.49582265790303864
E1,1213,2012-10-06,Blackburn,Wolves,0,1,A,,,0.4165507228842781,0.2840118565120078,0.29943742060371425,0.4206716995302542,0.281573285584009,0.29775501488573675,0.03351965732872486,0.5263157894736842,0.47368421052631576,0.5277777777735805,0.47222222222641946
E1,1213,2012-10-06,Blackpool,Charlton,0,2,A,,,0.5674960858373654,0.2510371425285933,0.18146677163404126,0.5792863010961335,0.24682366399145353,0.17389003491241292,0.03432061360217631,0.5613577023498694,0.4386422976501305,0.5650609080815892,0.43493909191841096
E1,1213,2012-10-06,Crystal Palace,Burnley,4,3,H,fpl-team-8,,0.4168325115549888,0.28294085632823485,0.3002266321167765,0.4212131385214217,0.2803019906469228,0.2984848708316555,0.03554428438656032,0.5236842105263159,0.47631578947368425,0.5249868125159045,0.4750131874840955
E1,1213,2012-10-06,Derby,Brighton,0,0,D,,fpl-team-5,0.346375,0.286875,0.36675,0.34703677760419527,0.2845071969365596,0.36845602545924505,0.034653283189982176,0.4960422163588391,0.503957783641161,0.49582265790303864,0.5041773420969614
E1,1213,2012-10-06,Ipswich,Cardiff,1,2,A,,,0.31372420462554707,0.28330246357094857,0.4029733318035044,0.3127088089328408,0.28073554913704873,0.4065556419301104,0.034848825191147625,0.549738219895288,0.450261780104712,0.5526024363159369,0.44739756368406325
E1,1213,2012-10-06,Leeds,Barnsley,1,0,H,fpl-team-13,,0.5181887982032748,0.26570020531102756,0.21611099648569754,0.5272535720232786,0.2623514939035366,0.21039493407318482,0.033282180316746235,0.5710526315789474,0.42894736842105263,0.5763337197148328,0.4236662802851672
E1,1213,2012-10-06,Leicester,Bristol City,2,0,H,,,0.6056900129435211,0.2416483471329074,0.15266163992357157,0.6202253128161601,0.23661880362955667,0.1431558835542832,0.03662031702697277,0.5523560209424083,0.4476439790575916,0.5554308361827337,0.44456916381726636
E1,1213,2012-10-06,Millwall,Bolton,2,1,H,,,0.34617885365609685,0.28583575072521755,0.3679853956186856,0.34683589323520575,0.2833943304439842,0.36976977632081004,0.03495730098802596,0.5433070866141733,0.45669291338582685,0.5458104281191385,0.4541895718808615
E1,1213,2012-10-06,Peterboro,Nott'm Forest,0,1,A,,fpl-team-18,0.30700314539147594,0.27867845042976236,0.41431840417876176,0.30567322063302804,0.275939486522244,0.418387292844728,0.03402162529528141,0.5608465608465608,0.4391534391534391,0.5653557626759828,0.4346442373240173
E1,1213,2012-10-06,Sheffield Weds,Hull,0,1,A,,,0.39799001576458226,0.2817098003152917,0.3203001839201261,0.4012946429708649,0.27907892028341075,0.3196264367457243,0.03462981013581157,0.5250659630606861,0.47493403693931396,0.5265214963685101,0.47347850363148986
E1,1213,2012-10-06,Watford,Middlesbrough,1,2,A,,,0.4178437101486706,0.2802305121955157,0.30192577765581363,0.42211779304994385,0.277550602148038,0.3003316048020182,0.03424666915088892,0.5210526315789473,0.4789473684210527,0.5222000222007822,0.47779997779921773
E1,1213,2012-10-19,Sheffield Weds,Leeds,1,1,D,,fpl-team-13,0.3961317964385262,0.27212532103168324,0.33174288252979056,0.3991545859470879,0.26918861421810764,0.33165679983480445,0.0326057116035372,0.5699481865284974,0.43005181347150256,0.5739320919957633,0.42606790800423666
E1,1213,2012-10-20,Birmingham,Leicester,1,1,D,,,0.29107489188440366,0.2822810885042102,0.4266440196113862,0.2888772472188503,0.27963220830720364,0.43149054447394597,0.03518264880403876,0.4986807387862796,0.5013192612137204,0.49860763018684684,0.5013923698131533
E1,1213,2012-10-20,Bolton,Bristol City,3,2,H,,,0.555446026455385,0.2556573491630265,0.18889662438158844,0.567226900792275,0.25146938180626544,0.18130371740145956,0.03615878359414637,0.5582010582010583,0.4417989417989418,0.5624343729712483,0.43756562702875157
E1,1213,2012-10-20,Brighton,Middlesbrough,0,1,A,fpl-team-5,,0.5353751793823349,0.2616721382374334,0.2029526823802316,0.5463609088089617,0.25772175514042195,0.19591733605061626,0.03702488332055509,0.4960422163588391,0.503957783641161,0.49582265790303864,0.5041773420969614
E1,1213,2012-10-20,Burnley,Blackpool,1,0,H,,,0.3285608001983963,0.2793750516657022,0.3920641481359014,0.32829932177299226,0.27653038902847515,0.39517028919853264,0.035869844956323504,0.5796344647519582,0.42036553524804177,0.585333780992056,0.41466621900794404
E1,1213,2012-10-20,Charlton,Barnsley,0,1,A,,,0.43951911073652067,0.27897620202437845,0.2815046872391009,0.445264555922814,0.2760360711543706,0.2786993729228154,0.036678795935586095,0.4973684210526315,0.5026315789473684,0.4972298401618182,0.5027701598381817
E1,1213,2012-10-20,Crystal Palace,Millwall,2,2,D,fpl-team-8,,0.44752356631671864,0.2786973107601122,0.2737791229231691,0.45379259853202575,0.27569562747965204,0.27051177398832227,0.03722930978983641,0.5092348284960422,0.4907651715039578,0.5097498467882865,0.49025015321171345
E1,1213,2012-10-20,Derby,Blackburn,1,1,D,,,0.401602878909184,0.2814860057611199,0.3169111153296962,0.40529539809790627,0.27869011365693563,0.3160144882451581,0.03667714144103229,0.5052910052910053,0.4947089947089948,0.5055995744330538,0.49440042556694624
E1,1213,2012-10-20,Huddersfield,Wolves,2,1,H,,,0.367633073848096,0.2853103303176941,0.34705659583420995,0.36952949921444905,0.2826601625274554,0.34781033825809554,0.037589323008432984,0.4802110817941952,0.5197889182058046,0.47908183187353065,0.5209181681264694
E1,1213,2012-10-20,Hull,Ipswich,2,1,H,,,0.4957147086218474,0.2701285948432096,0.234156696534943,0.5044872731858603,0.2666902567075615,0.2288224701065781,0.03668546536937356,0.5210526315789473,0.4789473684210527,0.5222000222007822,0.47779997779921773
E1,1213,2012-10-20,Nott'm Forest,Cardiff,3,1,H,fpl-team-18,,0.39060692623103743,0.2863652005190735,0.3230278732498891,0.3936158712097301,0.2839043667683114,0.3224797620219585,0.03561387723311782,0.4671916010498688,0.5328083989501312,0.46540654231752615,0.5345934576824739
E1,1213,2012-10-20,Watford,Peterboro,1,0,H,,,0.5296563857862608,0.26038973155972595,0.20995388265401327,0.5402255350234024,0.256419449840092,0.20335501513650556,0.03662706247996539,0.5616797900262467,0.4383202099737532,0.5657563377903915,0.4342436622096085
E1,1213,2012-10-23,Barnsley,Crystal Palace,1,1,D,,fpl-team-8,0.40632414300908126,0.28319561482451117,0.31048024216640757,0.4101007902428405,0.2806078386971323,0.30929137106002713,0.035053233383223414,0.47769028871391084,0.5223097112860893,0.47653100668062165,0.5234689933193785
E1,1213,2012-10-23,Blackpool,Nott'm Forest,2,2,D,,fpl-team-18,0.4265452635265278,0.2792855892137979,0.29416914725967436,0.4310725572663476,0.2766645522935299,0.2922628904401225,0.03286725259386003,0.5263157894736842,0.47368421052631576,0.5277777777735805,0.47222222222641946
E1,1213,2012-10-23,Bristol City,Burnley,3,4,A,,,0.38182156057070876,0.27924263385021986,0.33893580557907127,0.38428922599287746,0.2764974018847743,0.33921337212234826,0.0345179436262697,0.5891472868217055,0.41085271317829464,0.5951671631844772,0.40483283681552285
E1,1213,2012-10-23,Cardiff,Watford,2,1,H,,,0.5611222866696135,0.252580651951012,0.18629706137937463,0.5724572284830801,0.24850053892291896,0.1790422325940009,0.03388801869004965,0.5710594315245477,0.42894056847545214,0.5749604753801645,0.4250395246198356
E1,1213,2012-10-23,Ipswich,Derby,1,2,A,,,0.4001226592525963,0.2803254558835555,0.3195518848638482,0.40348040093000864,0.27766831583157564,0.3188512832384158,0.034053599811159074,0.5263157894736842,0.47368421052631576,0.5277777777735805,0.47222222222641946
E1,1213,2012-10-23,Leeds,Charlton,1,1,D,fpl-team-13,,0.5052064062582589,0.2640202970558698,0.2307732966858714,0.5141061611839381,0.26040947630392375,0.22548436251213816,0.035145569359883666,0.5354330708661418,0.4645669291338583,0.5373878364892272,0.46261216351077283
E1,1213,2012-10-23,Leicester,Brighton,1,0,H,,fpl-team-5,0.520474865616812,0.26316144890737686,0.216363685475811,0.5298187355822589,0.2596257426548188,0.21055552176292228,0.03389981132932007,0.4973684210526315,0.5026315789473684,0.4972298401618182,0.5027701598381817
E1,1213,2012-10-23,Middlesbrough,Hull,2,0,H,,,0.38218016610238154,0.28460225135283734,0.3332175825447811,0.38463150754653197,0.2821631391096144,0.3332053533438537,0.034012861317023635,0.5,0.5,0.5,0.5
E1,1213,2012-10-23,Millwall,Birmingham,3,3,D,,,0.4177849707996497,0.27935472674364636,0.30286030245670403,0.42206524889950686,0.27662516146608424,0.3013095896344089,0.03432216076180339,0.5065963060686015,0.49340369393139843,0.5069630124784155,0.49303698752158454
E1,1213,2012-10-23,Peterboro,Huddersfield,3,1,H,,,0.3210430324838566,0.27971114506827033,0.39924582244787304,0.32039564264704623,0.27693265557883984,0.402671701774114,0.035228337394073606,0.5613577023498694,0.4386422976501305,0.5650609080815892,0.43493909191841096
E1,1213,2012-10-23,Wolves,Bolton,2,2,D,,,0.4150027374319668,0.27748703745451037,0.307510225113523,0.41900115658137654,0.274760007226235,0.3062388361923885,0.03313994221389294,0.544502617801047,0.4554973821989528,0.5469717064457948,0.45302829355420515
E1,1213,2012-10-24,Blackburn,Sheffield Weds,1,0,H,,,0.4785493441540763,0.27127070380827,0.2501799520376538,0.4862433637583574,0.26797085669766624,0.2457857795439764,0.03593644825741649,0.554089709762533,0.445910290237467,0.5577627500767455,0.44223724992325464
E1,1213,2012-10-27,Barnsley,Nott'm Forest,1,4,A,,fpl-team-18,0.32767172704043285,0.2845833959617215,0.38774487699784554,0.32735234883434383,0.28191030594028055,0.3907373452253756,0.03732096962630749,0.4552631578947368,0.5447368421052632,0.4525285526877652,0.547471447312235
E1,1213,2012-10-27,Blackburn,Watford,1,0,H,,,0.4953084129755893,0.26835153210204843,0.2363400549223624,0.5041633711671849,0.26477749612186413,0.23105913271095102,0.03712744207587093,0.5459317585301837,0.4540682414698162,0.5486327256567128,0.4513672743432872
E1,1213,2012-10-27,Blackpool,Brighton,1,1,D,,fpl-team-5,0.41932171900718695,0.2803898241554082,0.30028845683740485,0.42403545903832607,0.27749389039073874,0.2984706505709352,0.037168281618505716,0.4986807387862796,0.5013192612137204,0.49860763018684684,0.5013923698131533
E1,1213,2012-10-27,Bristol City,Hull,1,2,A,,,0.3271820448877805,0.28428927680798,0.38852867830423937,0.32684575818680434,0.28167666357991683,0.3914775782332788,0.036236044485121965,0.5224274406332454,0.47757255936675463,0.5237178414013648,0.4762821585986352
E1,1213,2012-10-27,Cardiff,Burnley,4,0,H,,,0.5392333053203181,0.2605792229620531,0.2001874717176288,0.550200564280516,0.25664920883837244,0.19315022688111155,0.03626513166818768,0.5844155844155844,0.41558441558441556,0.5902777777793641,0.4097222222206359
E1,1213,2012-10-27,Ipswich,Sheffield Weds,0,3,A,,,0.41045723789315003,0.2789634521010331,0.31057931000581684,0.4146288461252929,0.27603122310091965,0.3093399307737875,0.03667348553426564,0.5433070866141733,0.45669291338582685,0.5458104281191385,0.4541895718808615
E1,1213,2012-10-27,Leeds,Birmingham,0,1,A,fpl-team-13,,0.45670538542766626,0.2740232312565998,0.2692713833157339,0.46339389780990414,0.2708055449678874,0.2658005572222084,0.03676218376494944,0.5421052631578948,0.4578947368421053,0.5446378752344725,0.45536212476552757
E1,1213,2012-10-27,Leicester,Crystal Palace,1,2,A,,fpl-team-8,0.60468183316848,0.2369491152873942,0.15836905154412573,0.6195220158765412,0.23155338959442515,0.14892459452903373,0.0375157801900059,0.556135770234987,0.44386422976501305,0.5593758630222184,0.4406241369777816
E1,1213,2012-10-27,Middlesbrough,Bolton,2,1,H,,,0.3665437169922039,0.28212758823036305,0.3513286947774332,0.3683536939051143,0.27934114436619106,0.35230516172869464,0.03706594742834568,0.5593667546174144,0.44063324538258575,0.5635521409893561,0.4364478590106439
E1,1213,2012-10-27,Millwall,Huddersfield,4,0,H,,,0.42566995085816656,0.27744559297005494,0.29688445617177855,0.43063015695681495,0.27444980699852994,0.2949200360446552,0.03641089634038508,0.5406824146981627,0.4593175853018373,0.5429958391045165,0.45700416089548346
E1,1213,2012-10-27,Peterboro,Derby,3,0,H,,,0.3335514988806857,0.28030381984250397,0.3861446812768104,0.3335543228670785,0.2773985856639038,0.38904709146901767,0.0373107404448092,0.5394736842105263,0.46052631578947373,0.541811846683402,0.45818815331659807
E1,1213,2012-10-27,Wolves,Charlton,1,1,D,,,0.5127521334367727,0.2666311093871218,0.22061675717610552,0.5222563522849009,0.2630642495440935,0.21467939817100562,0.03599229024257511,0.5105820105820106,0.48941798941798953,0.5112029127571766,0.48879708724282345
E1,1213,2012-11-02,Brighton,Leeds,2,2,D,fpl-team-5,fpl-team-13,0.4668314652399174,0.276793877620128,0.2563746571399546,0.4733283632205612,0.27403382026637463,0.2526378165130643,0.03295265045017004,0.47493403693931396,0.5250659630606861,0.47347850363148986,0.5265214963685101
E1,1213,2012-11-03,Birmingham,Ipswich,0,1,A,,,0.483361195755157,0.27180310717826217,0.2448356970665808,0.49074061357807647,0.26876338322435195,0.2404960031975715,0.03332705236971378,0.5197889182058046,0.4802110817941952,0.5209181681264694,0.47908183187353065
E1,1213,2012-11-03,Bolton,Cardiff,2,1,H,,,0.41248786800388226,0.27539631187318026,0.3121158201229376,0.41646491830802523,0.2724941346929603,0.31104094699901436,0.03402857657056302,0.5691906005221932,0.4308093994778067,0.5736725048680713,0.42632749513192864
E1,1213,2012-11-03,Burnley,Wolves,2,0,H,,,0.38677471770295563,0.2777432690923301,0.3354820132047142,0.38947171797031355,0.2749461360005671,0.3355821460291193,0.03421618603169918,0.5669291338582677,0.43307086614173224,0.5715488215505835,0.42845117844941644
E1,1213,2012-11-03,Charlton,Middlesbrough,1,4,A,,,0.38997964951018765,0.2827647005511934,0.32725564993861905,0.39284194202019623,0.2802167674259605,0.32694129055384324,0.03423958900384605,0.48548812664907653,0.5145118733509234,0.48467112597614054,0.5153288740238595
E1,1213,2012-11-03,Crystal Palace,Blackburn,2,0,H,fpl-team-8,,0.36830635636218456,0.28521284913413075,0.34648079450368474,0.37008360720903627,0.28277186741945126,0.3471445253715125,0.03449110523797572,0.513157894736842,0.48684210526315796,0.5138600138599122,0.48613998614008774
E1,1213,2012-11-03,Derby,Blackpool,4,1,H,,,0.3690562927003926,0.2812386808831305,0.3497050264164769,0.3709238554720111,0.2785200124854639,0.35055613204252506,0.03551713819615543,0.536842105263158,0.4631578947368421,0.5389928698823863,0.46100713011761374
E1,1213,2012-11-03,Huddersfield,Bristol City,1,0,H,,,0.491053649297291,0.27029177814346567,0.23865457255924322,0.49878704950711317,0.2671842346463699,0.23402871584651694,0.03323071822524071,0.5567282321899736,0.44327176781002636,0.5606522229740089,0.43934777702599115
E1,1213,2012-11-03,Hull,Barnsley,1,0,H,,,0.5410979261678689,0.259307316418397,0.19959475741373414,0.5516037453600916,0.25551476607791423,0.19288148856199422,0.034393050940707326,0.5118733509234827,0.4881266490765172,0.5125383115051826,0.48746168849481736
E1,1213,2012-11-03,Nott'm Forest,Millwall,1,4,A,fpl-team-18,,0.4987926895760605,0.2702392669749262,0.23096804344901328,0.5069311115051078,0.26711393476663337,0.22595495372825877,0.03335084312129766,0.531578947368421,0.4684210526315789,0.5333741239292438,0.4666258760707563
E1,1213,2012-11-03,Sheffield Weds,Peterboro,2,1,H,,,0.5173069634192563,0.26081493141750806,0.22187810516323553,0.5265742654993586,0.25713548958658605,0.21629024491405546,0.034194571897387505,0.5620052770448549,0.4379947229551451,0.5664630352278986,0.43353696477210124
E1,1213,2012-11-03,Watford,Leicester,2,1,H,,,0.28313789111413873,0.278924529639226,0.4379375792466352,0.28064726091921677,0.2762276849380559,0.44312505414272724,0.033570023835636675,0.5158730158730157,0.48412698412698413,0.5168137873046875,0.48318621269531237
E1,1213,2012-11-06,Birmingham,Bristol City,2,0,H,,,0.4962937167305109,0.2726730013432167,0.23103328192627232,0.5042727565144812,0.26968031117666647,0.2260469323088523,0.03319544461555779,0.5394736842105263,0.46052631578947373,0.541811846683402,0.45818815331659807
E1,1213,2012-11-06,Bolton,Leicester,0,0,D,,,0.3800418644173178,0.2824480321651365,0.3375101034175458,0.3824408623270808,0.27984144663824945,0.33771769103466986,0.03483595070429146,0.5289473684210526,0.4710526315789474,0.5305733900309719,0.4694266099690281
E1,1213,2012-11-06,Brighton,Peterboro,1,0,H,fpl-team-5,,0.5920490573918327,0.24297078199457028,0.1649801606135971,0.6052782742302175,0.23825249122880524,0.15646923454097725,0.034961187513545156,0.5483028720626633,0.4516971279373368,0.5509221029460813,0.4490778970539186
E1,1213,2012-11-06,Burnley,Leeds,1,0,H,,fpl-team-13,0.4179130853883846,0.2690015262270062,0.3130853883846092,0.4221784485639503,0.2657686794982573,0.3120528719377923,0.034162372816354036,0.5891472868217055,0.41085271317829464,0.5951671631844772,0.40483283681552285
E1,1213,2012-11-06,Charlton,Cardiff,5,4,H,,,0.3063551583132647,0.28067268995167366,0.41297215173506163,0.30501802773113457,0.27808048652407785,0.4169014857447875,0.0333993760868907,0.4986807387862796,0.5013192612137204,0.49860763018684684,0.5013923698131533
E1,1213,2012-11-06,Crystal Palace,Ipswich,5,0,H,fpl-team-8,,0.4803833041555331,0.27310421081728553,0.24651248502718143,0.4877350052689153,0.2700799277807729,0.24218506695031192,0.03388029453344643,0.5342105263157895,0.4657894736842106,0.5361804569814632,0.4638195430185368
E1,1213,2012-11-06,Derby,Barnsley,2,0,H,,,0.5208340362360404,0.2611424137116637,0.21802355005229596,0.5300953030280264,0.25754770936068755,0.2123569876112861,0.03352631104644388,0.5250659630606861,0.47493403693931396,0.5265214963685101,0.47347850363148986
E1,1213,2012-11-06,Huddersfield,Blackburn,2,2,D,,,0.36984336212165947,0.2861479223754735,0.344008715502867,0.3716930262747311,0.28376212908073406,0.34454484464453494,0.03437326964922249,0.4802110817941952,0.5197889182058046,0.47908183187353065,0.5209181681264694
E1,1213,2012-11-06,Hull,Wolves,2,1,H,,,0.4678418492495739,0.2743940464806885,0.2577641042697377,0.4746846235133628,0.271388032361605,0.25392734412503215,0.03447009460069239,0.5065963060686015,0.49340369393139843,0.5069630124784155,0.49303698752158454
E1,1213,2012-11-06,Nott'm Forest,Middlesbrough,0,0,D,fpl-team-18,,0.4360205277088568,0.27817333370149616,0.285806138589647,0.4410906891162484,0.275452220003235,0.2834570908805167,0.03342092107050121,0.503957783641161,0.4960422163588391,0.5041773420969614,0.49582265790303864
E1,1213,2012-11-06,Sheffield Weds,Blackpool,0,2,A,,,0.3952796087603657,0.2771635126514991,0.3275568785881353,0.3983655699428203,0.2743740529148205,0.32726037714235934,0.03375267144292593,0.5459317585301837,0.4540682414698162,0.5486327256567128,0.4513672743432872
E1,1213,2012-11-06,Watford,Millwall,0,0,D,,,0.4051025439372145,0.277681565725509,0.31721589033727643,0.40874099882061593,0.27486883618803143,0.31639016499135264,0.03434352995827794,0.549738219895288,0.450261780104712,0.5526024363159369,0.44739756368406325
E1,1213,2012-11-09,Middlesbrough,Sheffield Weds,3,1,H,,,0.5179538984296079,0.26041571004377506,0.22163039152661707,0.5270736583854101,0.2567883130255568,0.21613802858903303,0.03352121589705348,0.5511811023622047,0.4488188976377953,0.554302422726646,0.44569757727335396
E1,1213,2012-11-10,Barnsley,Huddersfield,0,1,A,,,0.3694595367457821,0.28824706891621393,0.342293394338004,0.371430124917123,0.2857929979669259,0.342776877115951,0.037052287021651864,0.48677248677248675,0.5132275132275131,0.4859928283276833,0.5140071716723167
E1,1213,2012-11-10,Blackburn,Birmingham,1,1,D,,,0.46379455730164815,0.2758068225373706,0.26039862016098114,0.4708082215696904,0.2727065409319564,0.2564852374983532,0.03645698609761894,0.48275862068965525,0.5172413793103448,0.48168498168755036,0.5183150183124496
E1,1213,2012-11-10,Blackpool,Bolton,2,2,D,,,0.3981272758800069,0.2772672099878619,0.324605514132131,0.401635924826951,0.2742415328890267,0.3241225422840224,0.03673551825340837,0.5549738219895288,0.4450261780104712,0.5582685904636263,0.44173140953637374
E1,1213,2012-11-10,Cardiff,Hull,2,1,H,,,0.4540079510751135,0.27699889872142336,0.2689931502034632,0.4606473950353613,0.27389562594105105,0.2654569790235876,0.0373162382747978,0.5079365079365078,0.49206349206349204,0.5084005376342079,0.49159946236579216
E1,1213,2012-11-10,Ipswich,Burnley,2,1,H,,,0.3883776817621497,0.27991184271145925,0.3317104755263912,0.3913343768491819,0.27705134052219993,0.3316142826286183,0.03644726728089154,0.5511811023622047,0.4488188976377953,0.554302422726646,0.44569757727335396
E1,1213,2012-11-10,Leeds,Watford,1,6,A,fpl-team-13,,0.4372433280252871,0.2796781647729314,0.28307850720178157,0.4429047503213017,0.2767561481061629,0.28033910157253544,0.03693740372546017,0.5105820105820106,0.48941798941798953,0.5112029127571766,0.48879708724282345
E1,1213,2012-11-10,Leicester,Nott'm Forest,2,2,D,,fpl-team-18,0.4990029074434119,0.27284661898221646,0.22815047357437174,0.5077869659611003,0.2696103490027385,0.22260268503616126,0.03600421966984868,0.48677248677248675,0.5132275132275131,0.4859928283276833,0.5140071716723167
E1,1213,2012-11-10,Millwall,Derby,2,1,H,,,0.4276740702562533,0.2791405608259378,0.2931853689178089,0.4327335139361224,0.27623898311373246,0.29102750295014507,0.036347750807181,0.5329815303430079,0.467018469656992,0.5349611232315755,0.4650388767684244
E1,1213,2012-11-10,Peterboro,Crystal Palace,1,2,A,,fpl-team-8,0.317569986543819,0.2761068429001156,0.4063231705560654,0.3166900879445319,0.27296304613836037,0.4103468659171078,0.03739899955689907,0.5511811023622047,0.4488188976377953,0.554302422726646,0.44569757727335396
E1,1213,2012-11-10,Wolves,Brighton,3,3,D,,fpl-team-5,0.38965482707971694,0.28921584991320604,0.3211293230070771,0.39272097139802936,0.28682031394042473,0.32045871466154585,0.03692266531288624,0.4514435695538058,0.5485564304461943,0.44853677534952663,0.5514632246504734
E1,1213,2012-11-11,Bristol City,Charlton,0,2,A,,,0.38548862914970683,0.28014488965233947,0.3343664811979536,0.3882558027173782,0.2773314071596184,0.3344127901230033,0.035999061772599816,0.5459317585301837,0.4540682414698162,0.5486327256567128,0.4513672743432872
E1,1213,2012-11-17,Birmingham,Hull,2,3,A,,,0.3662422647414468,0.2891386300590369,0.3446191051995163,0.3679579858042832,0.28683860427242674,0.34520340992329007,0.035393724450841546,0.4788359788359788,0.5211640211640212,0.47756401267728427,0.5224359873227157
E1,1213,2012-11-17,Bolton,Barnsley,1,1,D,,,0.596158540019902,0.23876757852837913,0.1650738814517189,0.6094830365030796,0.23388017799059693,0.15663678550632357,0.034658726304769516,0.5555555555555556,0.4444444444444444,0.5595238095228099,0.44047619047719
E1,1213,2012-11-17,Bristol City,Blackpool,1,1,D,,,0.294569789214959,0.2770879026146647,0.4283423081703762,0.29253248530163106,0.27414572655836406,0.4333217881400048,0.03550960146822035,0.554089709762533,0.445910290237467,0.5577627500767455,0.44223724992325464
E1,1213,2012-11-17,Burnley,Charlton,0,1,A,,,0.4512917125652474,0.2747570132382536,0.2739512741964991,0.4574394381808284,0.27170381492799534,0.2708567468911763,0.03531379182823002,0.5796344647519582,0.42036553524804177,0.585333780992056,0.41466621900794404
E1,1213,2012-11-17,Cardiff,Middlesbrough,1,0,H,,,0.44671046180998136,0.2745955485831944,0.2786939896068241,0.4526708480682522,0.2715092672839324,0.27581988464781537,0.035623862175270915,0.5669291338582677,0.43307086614173224,0.5715488215505835,0.42845117844941644
E1,1213,2012-11-17,Crystal Palace,Derby,3,0,H,fpl-team-8,,0.4832635286014243,0.2680168420117094,0.24871962938686634,0.49126758533977855,0.2645187121521338,0.24421370250808766,0.036218128399923444,0.5406824146981627,0.4593175853018373,0.5429958391045165,0.45700416089548346
E1,1213,2012-11-17,Huddersfield,Brighton,1,2,A,,fpl-team-5,0.3385136348263235,0.28925623285469126,0.37223013231898516,0.33877716529248186,0.28697573646177865,0.3742470982457395,0.03517699451185763,0.4540682414698162,0.5459317585301837,0.4513672743432872,0.5486327256567128
E1,1213,2012-11-17,Leicester,Ipswich,6,0,H,,,0.6131480489000537,0.23126179511863063,0.1555901559813158,0.6282710725951254,0.22562085853093963,0.14610806887393502,0.03709039697423577,0.5657894736842105,0.43421052631578944,0.5704721634829345,0.4295278365170655
E1,1213,2012-11-17,Nott'm Forest,Sheffield Weds,1,0,H,fpl-team-18,,0.4920668224603341,0.26943140134715704,0.2385017761925089,0.5002452526520068,0.2661210124822271,0.23363373486576602,0.034948909655213356,0.5394736842105263,0.46052631578947373,0.541811846683402,0.45818815331659807
E1,1213,2012-11-17,Peterboro,Blackburn,1,4,A,,,0.29753631834378674,0.2797197723351768,0.4227439093210364,0.2956693995671484,0.276936972349038,0.4273936280838136,0.03522895788773894,0.5552631578947369,0.4447368421052632,0.558891163520858,0.4411088364791421
E1,1213,2012-11-17,Watford,Wolves,2,1,H,,,0.4190359067298824,0.28146086506254153,0.2995032282075762,0.42347905822311166,0.2787767110985855,0.2977442306783028,0.03511839918792248,0.5394736842105263,0.46052631578947373,0.541811846683402,0.45818815331659807
E1,1213,2012-11-18,Millwall,Leeds,1,0,H,,fpl-team-13,0.4803099664588533,0.26853064407209665,0.2511593894690499,0.4882667056387199,0.2650123701301384,0.24672092423114167,0.03673255234025419,0.5511811023622047,0.4488188976377953,0.554302422726646,0.44569757727335396
E1,1213,2012-11-24,Barnsley,Cardiff,1,2,A,,,0.29820344282892103,0.27945412456722246,0.4223424326038565,0.2963448050633902,0.2766180463138799,0.42703714862272985,0.03573882090859115,0.5277044854881265,0.4722955145118733,0.5293296089369458,0.47067039106305425
E1,1213,2012-11-24,Blackburn,Millwall,0,2,A,,,0.45706006322444676,0.27423603793466805,0.26870389884088514,0.4636927223574924,0.2710654342488049,0.26524184339370266,0.03634407720528543,0.5356200527704486,0.4643799472295515,0.537785490368317,0.4622145096316831
E1,1213,2012-11-24,Blackpool,Watford,2,2,D,,,0.45478723404255317,0.27260638297872336,0.27260638297872336,0.46130679406555974,0.2693466029672202,0.2693466029672202,0.03639183030463755,0.5538057742782152,0.44619422572178474,0.5571508224138112,0.44284917758618875
E1,1213,2012-11-24,Brighton,Bolton,1,1,D,fpl-team-5,,0.4463489118857373,0.278468425624236,0.27518266249002676,0.4523617329976799,0.2755480779467506,0.27209018905556953,0.03605907107703388,0.503957783641161,0.4960422163588391,0.5041773420969614,0.49582265790303864
E1,1213,2012-11-24,Charlton,Huddersfield,1,1,D,,,0.4296610952815365,0.28168114101538794,0.2886577637030756,0.43482468515367645,0.2789147740656206,0.2862605407807029,0.03632927290163934,0.48941798941798953,0.5105820105820106,0.48879708724282345,0.5112029127571766
E1,1213,2012-11-24,Derby,Birmingham,3,2,H,,,0.42958544682835065,0.27910192204117396,0.2913126311304753,0.43475810373901486,0.2761917321412693,0.2890501641197158,0.036424300633370876,0.5105820105820106,0.48941798941798953,0.5112029127571766,0.48879708724282345
E1,1213,2012-11-24,Hull,Burnley,0,1,A,,,0.5327549493364626,0.26188796666820496,0.2053570839953325,0.5434692992383541,0.25799980933755545,0.19853089142409056,0.0365664626006037,0.5631578947368422,0.4368421052631579,0.5675599594630787,0.43244004053692126
E1,1213,2012-11-24,Ipswich,Peterboro,1,1,D,,,0.4755018931552839,0.26704404314738006,0.25745406369733603,0.4831760670426808,0.2634604651024568,0.25336346785486236,0.03661703667603433,0.5695538057742783,0.43044619422572183,0.5744633022265623,0.4255366977734378
E1,1213,2012-11-24,Leeds,Crystal Palace,2,1,H,fpl-team-13,fpl-team-8,0.3285608001983963,0.2793750516657022,0.3920641481359014,0.32829932177299226,0.27653038902847515,0.39517028919853264,0.035869844956323504,0.536842105263158,0.4631578947368421,0.5389928698823863,0.46100713011761374
E1,1213,2012-11-24,Middlesbrough,Bristol City,1,3,A,,,0.5949328889166802,0.23646699635422475,0.16860011472909528,0.6086183324905942,0.23130917849114765,0.16007248901825827,0.03577580861747265,0.5721784776902887,0.42782152230971127,0.5773906680834776,0.42260933191652233
E1,1213,2012-11-24,Sheffield Weds,Leicester,0,2,A,,,0.27659331440117524,0.27741650878927404,0.4459901768095506,0.27353925673066204,0.27440607755041424,0.45205466571892367,0.03649157378822565,0.5329815303430079,0.467018469656992,0.5349611232315755,0.4650388767684244
E1,1213,2012-11-24,Wolves,Nott'm Forest,1,2,A,,fpl-team-18,0.3707155742633794,0.288334335538184,0.3409500901984366,0.37265649481517826,0.28600292090270396,0.3413405842821177,0.03523125918582082,0.5065963060686015,0.49340369393139843,0.5069630124784155,0.49303698752158454
E1,1213,2012-11-27,Barnsley,Burnley,1,1,D,,,0.3621435611312497,0.28660441341062093,0.3512520254581294,0.36363438640848,0.28418900959442756,0.3521766039970924,0.03515816340222955,0.5224274406332454,0.47757255936675463,0.5237178414013648,0.4762821585986352
E1,1213,2012-11-27,Blackpool,Birmingham,1,1,D,,,0.4771756097742708,0.2679840100738025,0.25484038015192667,0.48454505572993334,0.26462932915984216,0.25082561511022455,0.03472530818544328,0.5602094240837696,0.4397905759162304,0.563974187816472,0.43602581218352804
E1,1213,2012-11-27,Brighton,Bristol City,2,0,H,fpl-team-5,,0.5999569100286654,0.24059968628398917,0.15944340368734547,0.613480172994017,0.23578980582755496,0.15073002117842801,0.034707161132246256,0.5394736842105263,0.46052631578947373,0.541811846683402,0.45818815331659807
E1,1213,2012-11-27,Charlton,Peterboro,2,0,H,,,0.5320557263391982,0.26303878605533393,0.20490548760546798,0.542050353247579,0.2594590350026969,0.19849061174972413,0.03418500628322363,0.5677083333333334,0.43229166666666663,0.5718470211130101,0.42815297888698983
E1,1213,2012-11-27,Derby,Cardiff,1,1,D,,,0.3575452316256876,0.28215918881304264,0.3602955795612698,0.3587473242562304,0.2796175641652804,0.36163511157848927,0.03376692580059171,0.5703125,0.4296875,0.5747198007411632,0.4252801992588368
E1,1213,2012-11-27,Hull,Crystal Palace,0,0,D,,fpl-team-8,0.4319168937491819,0.2814593571879053,0.28662374906291277,0.4367991229928465,0.2788919241856091,0.28430895282154445,0.033521869918331504,0.5224274406332454,0.47757255936675463,0.5237178414013648,0.4762821585986352
E1,1213,2012-11-27,Ipswich,Nott'm Forest,3,1,H,,fpl-team-18,0.31853073083939,0.27954637273665867,0.40192289642395135,0.31778098199091903,0.2768586740096528,0.40536034399942816,0.03394447173923254,0.5342105263157895,0.4657894736842106,0.5361804569814632,0.4638195430185368
E1,1213,2012-11-27,Leeds,Leicester,1,0,H,fpl-team-13,,0.3005387311051833,0.2765311993305089,0.42293006956430773,0.29883753656155465,0.27360396821420974,0.42755849522423567,0.03499377891421318,0.5303430079155673,0.4696569920844328,0.5321426574931143,0.4678573425068856
E1,1213,2012-11-27,Middlesbrough,Huddersfield,3,0,H,,,0.5148377294441326,0.2646905840644976,0.22047168649136975,0.5238769297935738,0.26124324248015834,0.2148798277262679,0.0338004226796329,0.5394736842105263,0.46052631578947373,0.541811846683402,0.45818815331659807
E1,1213,2012-11-27,Sheffield Weds,Watford,1,4,A,,,0.4003525609636666,0.27881696209969636,0.3208304769366369,0.40369178020185786,0.27610884407510206,0.32019937572304014,0.03374719631392509,0.5394736842105263,0.46052631578947373,0.541811846683402,0.45818815331659807
E1,1213,2012-11-27,Wolves,Millwall,0,1,A,,,0.39665436190741526,0.2794341176422388,0.323911520450346,0.3998466291615646,0.276725075126186,0.3234282957122494,0.03415668266825378,0.5511811023622047,0.4488188976377953,0.554302422726646,0.44569757727335396
E1,1213,2012-11-28,Blackburn,Bolton,1,2,A,,,0.4201751219729814,0.28180929630816276,0.29801558171885584,0.42479804596265863,0.27907139691772004,0.29613055711962144,0.03607483324594796,0.5291005291005291,0.4708994708994709,0.5308988764074939,0.4691011235925061
E1,1213,2012-11-30,Birmingham,Middlesbrough,3,2,H,,,0.3577845428981444,0.2857913117052251,0.3564241453966306,0.35898676013740244,0.2834541316683477,0.35755910819424974,0.03340713563375175,0.5092348284960422,0.4907651715039578,0.5097498467882865,0.49025015321171345
E1,1213,2012-12-01,Bolton,Ipswich,1,2,A,,,0.5497225778915921,0.253947930004268,0.19632949210414,0.5609506162102179,0.2497752189011945,0.18927416488858764,0.03532747714780271,0.5590551181102362,0.4409448818897638,0.5628772635825252,0.4371227364174747
E1,1213,2012-12-01,Bristol City,Wolves,1,4,A,,,0.3581191908146528,0.28649535265172227,0.3553854565336249,0.3594668644380686,0.28394951173705435,0.3565836238248771,0.03701067320071161,0.5356200527704486,0.4643799472295515,0.537785490368317,0.4622145096316831
E1,1213,2012-12-01,Crystal Palace,Brighton,3,0,H,fpl-team-8,fpl-team-5,0.40660621815020953,0.2830177019951306,0.31037607985465987,0.41060672510373825,0.28027781651036116,0.3091154583859006,0.037021034862846136,0.5013262599469495,0.4986737400530504,0.5014071822580904,0.49859281774190956
E1,1213,2012-12-01,Huddersfield,Leeds,2,4,A,,fpl-team-13,0.38686022149057164,0.282525192058266,0.3306145864511623,0.3897254273965684,0.27981366238353844,0.33046091021989316,0.03631442226469517,0.5118733509234827,0.4881266490765172,0.5125383115051826,0.48746168849481736
E1,1213,2012-12-01,Leicester,Derby,4,1,H,,,0.5655711612436818,0.2542758626844891,0.18015297607182915,0.5778804828384614,0.2500038601627507,0.1721156569987879,0.03617587359622121,0.5461741424802111,0.45382585751978893,0.5491517806907368,0.45084821930926317
E1,1213,2012-12-01,Millwall,Charlton,0,0,D,,,0.46088602216986596,0.2746282491985632,0.2644857286315708,0.4678756040640049,0.271406269414998,0.26071812652099696,0.037168693728744984,0.5277044854881265,0.4722955145118733,0.5293296089369458,0.47067039106305425
E1,1213,2012-12-01,Nott'm Forest,Hull,1,2,A,fpl-team-18,,0.3950048325610915,0.2868342784135926,0.318160889025316,0.3983145914247188,0.28434535347222556,0.31734005510305563,0.03638659976422787,0.48275862068965525,0.5172413793103448,0.48168498168755036,0.5183150183124496
E1,1213,2012-12-01,Peterboro,Blackpool,1,4,A,,,0.3111161947090639,0.27359924181767675,0.4152845634732593,0.3098750548725832,0.2703043509745176,0.4198205941528992,0.03754779207520187,0.5706806282722513,0.42931937172774864,0.5755202506287118,0.42447974937128813
E1,1213,2012-12-01,Watford,Barnsley,4,1,H,,,0.5317402658603154,0.2643680417836596,0.20389169235602506,0.5418105375078273,0.2608207607812928,0.1973687017108799,0.0345072615891695,0.5066312997347481,0.49336870026525204,0.507037099589189,0.49296290041081114
E1,1213,2012-12-02,Burnley,Blackburn,1,1,D,,,0.37981962046536577,0.285447260779186,0.3347331187554483,0.3823759713524844,0.28282127223676623,0.33480275641074936,0.03733427240513265,0.5421052631578948,0.4578947368421053,0.5446378752344725,0.45536212476552757
E1,1213,2012-12-02,Cardiff,Sheffield Weds,1,0,H,,,0.5747919394669081,0.24439972229301607,0.18080833824007594,0.5880067376974492,0.23945274691569185,0.17254051538685902,0.03739003324881196,0.5721784776902887,0.42782152230971127,0.5773906680834776,0.42260933191652233
E1,1213,2012-12-07,Blackburn,Cardiff,1,4,A,,,0.3575452316256876,0.28215918881304264,0.3602955795612698,0.3587473242562304,0.2796175641652804,0.36163511157848927,0.03376692580059171,0.5329815303430079,0.467018469656992,0.5349611232315755,0.4650388767684244
E1,1213,2012-12-08,Charlton,Brighton,2,2,D,,fpl-team-5,0.3359817252619907,0.28739359883948745,0.37662467589852183,0.3361137671631833,0.28500649298177017,0.3788797398550465,0.03533308766782284,0.4643799472295515,0.5356200527704486,0.4622145096316831,0.537785490368317
E1,1213,2012-12-08,Crystal Palace,Blackpool,2,2,D,fpl-team-8,,0.44627926996568384,0.27193110035809887,0.28178962967621723,0.45230205356212466,0.2686609051520618,0.2790370412858135,0.036143332021310925,0.5523560209424083,0.4476439790575916,0.5554308361827337,0.44456916381726636
E1,1213,2012-12-08,Derby,Leeds,3,1,H,,fpl-team-13,0.399938091995295,0.2798365628675788,0.32022534513712625,0.4035323723626658,0.2769588326608998,0.31950879497643425,0.03659781441092491,0.5447368421052632,0.4552631578947368,0.547471447312235,0.4525285526877652
E1,1213,2012-12-08,Huddersfield,Bolton,2,2,D,,,0.33727386189767344,0.2814001799567938,0.3813259581455328,0.33747096937094057,0.27871195840831775,0.3838170722207416,0.035212048795074224,0.5317460317460317,0.46825396825396826,0.5337296567989512,0.46627034320104876
E1,1213,2012-12-08,Ipswich,Millwall,3,0,H,,,0.34711732938551676,0.283813257157155,0.36906941345732813,0.347832918553702,0.28122984035032744,0.37093724109597054,0.03549628076143563,0.5264550264550264,0.4735449735449735,0.5280733275309587,0.4719266724690414
E1,1213,2012-12-08,Leicester,Barnsley,2,2,D,,,0.6739527759484398,0.2129078087655298,0.11313941528603036,0.6909820385056231,0.20665158853086107,0.10236637296351582,0.034665284445509315,0.5613577023498694,0.4386422976501305,0.5650609080815892,0.43493909191841096
E1,1213,2012-12-08,Nott'm Forest,Burnley,2,0,H,fpl-team-18,,0.4532135334488842,0.27459408203079455,0.2721923845203211,0.45951722254983673,0.27150435444996956,0.26897842300019376,0.035635573556646705,0.5291005291005291,0.4708994708994709,0.5308988764074939,0.4691011235925061
E1,1213,2012-12-08,Peterboro,Middlesbrough,2,3,A,,,0.25809611356409834,0.270031193960126,0.4718726924757757,0.2541876974277301,0.2667318296417652,0.4790804729305048,0.0352675043977797,0.5517241379310345,0.44827586206896547,0.555473372784154,0.444526627215846
E1,1213,2012-12-08,Sheffield Weds,Bristol City,2,3,A,,,0.45478723404255317,0.27260638297872336,0.27260638297872336,0.46130679406555974,0.2693466029672202,0.2693466029672202,0.03639183030463755,0.5356200527704486,0.4643799472295515,0.537785490368317,0.4622145096316831
E1,1213,2012-12-08,Watford,Hull,1,2,A,,,0.4036602209944751,0.2791781767955801,0.3171616022099447,0.40742077945455907,0.276291416199657,0.31628780434578396,0.036254922626540065,0.5250659630606861,0.47493403693931396,0.5265214963685101,0.47347850363148986
E1,1213,2012-12-08,Wolves,Birmingham,1,0,H,,,0.43149684646370623,0.279051852802876,0.28945130073341785,0.4367862775816969,0.27613067283392567,0.2870830495843774,0.03652300499379635,0.5291005291005291,0.4708994708994709,0.5308988764074939,0.4691011235925061
E1,1213,2012-12-15,Barnsley,Sheffield Weds,0,1,A,,,0.38095714607359965,0.28806944687664177,0.33097340704975864,0.383465955720135,0.2856911795853725,0.3308428646944925,0.03572701150551438,0.5264550264550264,0.4735449735449735,0.5280733275309587,0.4719266724690414
E1,1213,2012-12-15,Birmingham,Crystal Palace,2,2,D,,fpl-team-8,0.3464106319318845,0.28672141535285206,0.3668679527152634,0.34711028861212373,0.284215960496984,0.3686737508908923,0.036587506998330355,0.5092348284960422,0.4907651715039578,0.5097498467882865,0.49025015321171345
E1,1213,2012-12-15,Blackpool,Blackburn,2,0,H,,,0.4593353147797893,0.274250202647933,0.26641448257227773,0.46608515647111676,0.2710814652008849,0.26283337832799836,0.03631982672959566,0.5538057742782152,0.44619422572178474,0.5571508224138112,0.44284917758618875
E1,1213,2012-12-15,Bolton,Charlton,2,0,H,,,0.4903988453035645,0.27007472639906455,0.23952642829737084,0.4989083587746299,0.26662809632626133,0.23446354489910867,0.036780595197342336,0.5264550264550264,0.4735449735449735,0.5280733275309587,0.4719266724690414
E1,1213,2012-12-15,Brighton,Nott'm Forest,0,0,D,fpl-team-5,fpl-team-18,0.4799567519200657,0.27629557825665496,0.24374766982327942,0.4879777938731064,0.27315604374324903,0.23886616238364455,0.03713370952755213,0.4802110817941952,0.5197889182058046,0.47908183187353065,0.5209181681264694
E1,1213,2012-12-15,Bristol City,Derby,0,2,A,,,0.3329105262279487,0.2850610010514545,0.38202847272059687,0.3328805851757735,0.28247744196003227,0.38464197286419416,0.03641686146147549,0.5473684210526316,0.4526315789473684,0.5503130590336057,0.4496869409663943
E1,1213,2012-12-15,Burnley,Watford,1,1,D,,,0.3933095295296954,0.28076614005583683,0.32592433041446794,0.3965305408929195,0.27795194149517755,0.3255175176119029,0.03642763942480087,0.5394736842105263,0.46052631578947373,0.541811846683402,0.45818815331659807
E1,1213,2012-12-15,Cardiff,Peterboro,1,2,A,,,0.6892520835588267,0.19385214850092006,0.11689576794025328,0.7089474046885952,0.1858889276151727,0.10516366769623216,0.03853173670358956,0.6196473551637279,0.380352644836272,0.627873795291145,0.3721262047088551
E1,1213,2012-12-15,Hull,Huddersfield,2,0,H,,,0.5349808425344982,0.2622159622563456,0.20280319520915618,0.5460614217086801,0.2582524592443386,0.19568611904698127,0.03742633503861725,0.5277044854881265,0.4722955145118733,0.5293296089369458,0.47067039106305425
E1,1213,2012-12-15,Leeds,Ipswich,2,0,H,fpl-team-13,,0.4390103934196263,0.2737358923675317,0.2872537142128419,0.4448237359017538,0.27046288667395263,0.28471337742429353,0.03730313864070922,0.5538057742782152,0.44619422572178474,0.5571508224138112,0.44284917758618875
E1,1213,2012-12-15,Middlesbrough,Wolves,2,0,H,,,0.4803442366440652,0.27247597049400185,0.24717979286193278,0.4882941912016115,0.2691702780126486,0.24253553078573983,0.03669573226943612,0.5526315789473685,0.4473684210526316,0.5560224089628113,0.44397759103718865
E1,1213,2012-12-15,Millwall,Leicester,1,0,H,,,0.3096415251490397,0.2815773385796403,0.40878113627131996,0.3083582282238139,0.2787975608473891,0.41284421092879703,0.0365077902097255,0.5079365079365078,0.49206349206349204,0.5084005376342079,0.49159946236579216
E1,1213,2012-12-18,Brighton,Millwall,2,2,D,fpl-team-5,,0.4540938326927163,0.28091089950360226,0.26499526780368143,0.4602607055905129,0.27822738128311264,0.2615119131263744,0.03459445689804852,0.4722955145118733,0.5277044854881265,0.47067039106305425,0.5293296089369458
E1,1213,2012-12-21,Blackpool,Wolves,1,2,A,,,0.4709847959355843,0.2701036725970642,0.25891153146735163,0.47780727733777306,0.2669647822531491,0.25522794040907776,0.03357006562873721,0.5459317585301837,0.4540682414698162,0.5486327256567128,0.4513672743432872
E1,1213,2012-12-21,Derby,Hull,1,2,A,,,0.36324617641070805,0.28836158004296214,0.3483922435463297,0.3647243381725179,0.2861421817753509,0.34913348005213113,0.033531429246068,0.5,0.5,0.5,0.5
E1,1213,2012-12-22,Birmingham,Burnley,2,2,D,,,0.3972147419904244,0.28201046636782395,0.32077479164175166,0.4005765644318497,0.2793175605943607,0.3201058749737896,0.035674432991072536,0.5172413793103448,0.48275862068965525,0.5183150183124496,0.48168498168755036
E1,1213,2012-12-22,Crystal Palace,Huddersfield,1,1,D,fpl-team-8,,0.5486626518501316,0.2598123978120401,0.19152495033782826,0.5601586772622437,0.2558202025766626,0.18402112016109362,0.03638671454973519,0.5435356200527705,0.4564643799472295,0.5462988944398149,0.45370110556018506
E1,1213,2012-12-22,Ipswich,Bristol City,1,1,D,,,0.5038734633130988,0.2648198599798957,0.23130667670700567,0.5130566038184144,0.2611071142002286,0.22583628198135694,0.03657276090234518,0.5499999999999999,0.45000000000000007,0.5531632110568048,0.44683678894319523
E1,1213,2012-12-22,Leeds,Middlesbrough,2,1,H,fpl-team-13,,0.3594905937325196,0.28648635008222334,0.354023056185257,0.36091391002910267,0.2839388683663722,0.35514722160452517,0.03702761430758983,0.5185185185185185,0.4814814814814815,0.5196232339053608,0.4803767660946392
E1,1213,2012-12-22,Leicester,Cardiff,0,1,A,,,0.47822772321628776,0.27108838961388404,0.2506838871698282,0.4859808989356646,0.26774632906827855,0.2462727719960568,0.036298744613304734,0.5185185185185185,0.4814814814814815,0.5196232339053608,0.4803767660946392
E1,1213,2012-12-22,Millwall,Barnsley,1,2,A,,,0.549755666911207,0.2610571602650983,0.18918717282369474,0.5609721993051697,0.2572442409232959,0.1817835597715344,0.03530856571160257,0.5278514588859416,0.4721485411140583,0.5296425949992097,0.4703574050007903
E1,1213,2012-12-22,Peterboro,Bolton,5,4,H,,,0.2757123941300448,0.27409055651751507,0.45019704935244026,0.27259933183100793,0.2708913149328246,0.45650935323616754,0.03661988745443523,0.5736842105263158,0.4263157894736842,0.5792841771458024,0.4207158228541977
E1,1213,2012-12-22,Sheffield Weds,Charlton,2,0,H,,,0.38214705857813897,0.2860241788130856,0.3318287626087755,0.38475532613053853,0.28350326678186377,0.33174140708759775,0.03624972270336002,0.4788359788359788,0.5211640211640212,0.47756401267728427,0.5224359873227157
E1,1213,2012-12-22,Watford,Nott'm Forest,2,0,H,,fpl-team-18,0.4258923169993951,0.282637628554144,0.291470054446461,0.4308270641776514,0.2799377000566804,0.28923523576566823,0.03612917079590261,0.5105820105820106,0.48941798941798953,0.5112029127571766,0.48879708724282345
E1,1213,2012-12-26,Barnsley,Birmingham,1,2,A,,,0.3823001826853926,0.285559587676589,0.3321402296380184,0.38474578097164724,0.2831797458024924,0.33207447322586037,0.033844603574834764,0.48548812664907653,0.5145118733509234,0.48467112597614054,0.5153288740238595
E1,1213,2012-12-26,Bolton,Sheffield Weds,0,1,A,,,0.5351782074247946,0.25943541911174256,0.20538637346346286,0.5453067967599177,0.2556852508733681,0.19900795236671437,0.03410650626756251,0.5654450261780105,0.4345549738219895,0.569723337798959,0.43027666220104094
E1,1213,2012-12-26,Burnley,Derby,2,0,H,,,0.4110769230769231,0.28061538461538466,0.30830769230769234,0.4149248123129933,0.27801250562727436,0.3070626820597324,0.03350725839845836,0.5158730158730157,0.48412698412698413,0.5168137873046875,0.48318621269531237
E1,1213,2012-12-26,Cardiff,Crystal Palace,2,1,H,,fpl-team-8,0.48509978005569976,0.2698105404920751,0.24508967945222526,0.49275192631989745,0.26659472939877615,0.24065334428132648,0.03417748352512717,0.5158730158730157,0.48412698412698413,0.5168137873046875,0.48318621269531237
E1,1213,2012-12-26,Charlton,Ipswich,1,2,A,,,0.40331853160292114,0.28268851761896585,0.31399295077811307,0.4068719574863717,0.2801238160140938,0.3130042264995345,0.034390677814371884,0.48677248677248675,0.5132275132275131,0.4859928283276833,0.5140071716723167
E1,1213,2012-12-26,Huddersfield,Blackpool,1,1,D,,,0.31395159318718935,0.2792763425963654,0.40677206421644535,0.31295759766062936,0.2765338521610812,0.4105085501782895,0.03446466929744929,0.5485564304461943,0.4514435695538058,0.5514632246504734,0.44853677534952663
E1,1213,2012-12-26,Hull,Leicester,0,0,D,,,0.36292317301686444,0.28899437851342913,0.3480824484697065,0.36440576802651353,0.28677571682315933,0.34881851515032714,0.03400625963695347,0.4708994708994709,0.5291005291005291,0.4691011235925061,0.5308988764074939
E1,1213,2012-12-26,Middlesbrough,Blackburn,1,0,H,,,0.48255437501839477,0.26978544309385755,0.24766018188774758,0.4900887972492563,0.2665654217184089,0.24334578103233476,0.034222804475575686,0.5224274406332454,0.47757255936675463,0.5237178414013648,0.4762821585986352
E1,1213,2012-12-26,Nott'm Forest,Leeds,4,2,H,fpl-team-18,fpl-team-13,0.4243964015787035,0.2825048335810045,0.2930987648402921,0.42885570870457607,0.28001865462251274,0.29112563667291114,0.033140368992462754,0.503957783641161,0.4960422163588391,0.5041773420969614,0.49582265790303864
E1,1213,2012-12-26,Wolves,Peterboro,0,3,A,,,0.5403209885333499,0.2519556092082736,0.20772340225837668,0.5510224595788246,0.24771043406135404,0.2012671063598213,0.0351602085866034,0.5732984293193717,0.4267015706806283,0.5784379639710074,0.4215620360289926
E1,1213,2012-12-29,Barnsley,Blackburn,1,3,A,,,0.3330816117374184,0.28798748584066025,0.37893090242192135,0.333063276956211,0.28570317196297024,0.38123355108081874,0.03422843385487795,0.4552631578947368,0.5447368421052632,0.4525285526877652,0.547471447312235
E1,1213,2012-12-29,Bolton,Birmingham,3,1,H,,,0.4918460534898891,0.2685366383996521,0.2396173081104588,0.5000688291723916,0.26515833502385067,0.23477283580375774,0.035190040711313486,0.5593667546174144,0.44063324538258575,0.5635521409893561,0.4364478590106439
E1,1213,2012-12-29,Brighton,Watford,1,3,A,fpl-team-5,,0.46340590879163956,0.27290960226213173,0.26368448894622876,0.4699796429808379,0.2698518385308565,0.2601685184883057,0.03423541854135692,0.5158730158730157,0.48412698412698413,0.5168137873046875,0.48318621269531237
E1,1213,2012-12-29,Bristol City,Peterboro,4,2,H,,,0.39784713339354383,0.2717851056612872,0.3303677609451689,0.40116077998844824,0.2686348787354831,0.3302043412760687,0.03482767753303051,0.5833333333333334,0.41666666666666663,0.5892857143008219,0.410714285699178
E1,1213,2012-12-29,Burnley,Leicester,0,1,A,,,0.30517631598160183,0.28390645153439925,0.4109172324839989,0.3037691252539235,0.2814499646192445,0.41478091012683205,0.03371397498995066,0.5013192612137204,0.4986807387862796,0.5013923698131533,0.49860763018684684
E1,1213,2012-12-29,Cardiff,Millwall,1,0,H,,,0.5199069207295292,0.25780508465927066,0.22228799461120013,0.5293827540758271,0.25394405284688387,0.216673193077289,0.03448339598253369,0.5582010582010583,0.4417989417989418,0.5624343729712483,0.43756562702875157
E1,1213,2012-12-29,Charlton,Derby,1,1,D,,,0.3823001826853926,0.285559587676589,0.3321402296380184,0.38474578097164724,0.2831797458024924,0.33207447322586037,0.033844603574834764,0.4973544973544974,0.5026455026455027,0.497200447928301,0.502799552071699
E1,1213,2012-12-29,Huddersfield,Sheffield Weds,0,0,D,,,0.40651704385388304,0.28077753779697623,0.31270541834914073,0.4102764051113014,0.2780851961293477,0.31163839875935084,0.03479984891600907,0.5118733509234827,0.4881266490765172,0.5125383115051826,0.48746168849481736
E1,1213,2012-12-29,Hull,Leeds,2,0,H,,fpl-team-13,0.5054883296159047,0.2664254728744797,0.2280861975096156,0.5143271581469167,0.2629655885607657,0.22270725329231772,0.03484664880670607,0.5211640211640212,0.4788359788359788,0.5224359873227157,0.47756401267728427
E1,1213,2012-12-29,Middlesbrough,Blackpool,4,2,H,,,0.4233957235350077,0.27765713620545013,0.29894714025954217,0.42797114808978853,0.27483473592426616,0.29719411598594525,0.03440385730937123,0.5499999999999999,0.45000000000000007,0.5531632110568048,0.44683678894319523
E1,1213,2012-12-29,Nott'm Forest,Crystal Palace,2,2,D,fpl-team-18,fpl-team-8,0.4087595395793437,0.2802572891127836,0.3109831713078728,0.41256726276734784,0.27758496750564643,0.3098477697270058,0.03418890293687582,0.5211640211640212,0.4788359788359788,0.5224359873227157,0.47756401267728427
E1,1213,2012-12-29,Wolves,Ipswich,0,2,A,,,0.44389873853300693,0.27227509834437347,0.2838261631226196,0.44943395267276426,0.26922241736169306,0.2813436299655427,0.033897377317771316,0.5394736842105263,0.46052631578947373,0.541811846683402,0.45818815331659807
E1,1213,2013-01-01,Birmingham,Cardiff,0,1,A,,,0.2783641160949868,0.2783641160949868,0.44327176781002636,0.27555159510842125,0.27555159510842125,0.44889680978315755,0.034654245944693685,0.5185185185185185,0.4814814814814815,0.5196232339053608,0.4803767660946392
E1,1213,2013-01-01,Blackburn,Nott'm Forest,3,0,H,,fpl-team-18,0.4198368142533809,0.2819988240316384,0.2981643617149807,0.42419295270027507,0.2794180887121909,0.2963889585875341,0.0340956246946007,0.4761904761904762,0.5238095238095238,0.4747474747483622,0.5252525252516378
E1,1213,2013-01-01,Blackpool,Hull,0,0,D,,,0.38477704186954703,0.28247982227885177,0.3327431358516012,0.38741575809460066,0.2798787384125075,0.3327055034928919,0.0347772017121315,0.5251989389920424,0.4748010610079576,0.5268043564136201,0.4731956435863799
E1,1213,2013-01-01,Crystal Palace,Wolves,3,1,H,fpl-team-8,,0.4887293176322997,0.27374574682630276,0.23752493554139759,0.496923940107339,0.2705820098890313,0.23249405000362963,0.035784640931524336,0.5303430079155673,0.4696569920844328,0.5321426574931143,0.4678573425068856
E1,1213,2013-01-01,Derby,Middlesbrough,3,1,H,,,0.3579978237214363,0.28400435255712725,0.3579978237214363,0.35927160385150075,0.2814567922969985,0.35927160385150075,0.03513461886905134,0.5317460317460317,0.46825396825396826,0.5337296567989512,0.46627034320104876
E1,1213,2013-01-01,Ipswich,Brighton,0,3,A,,fpl-team-5,0.36504808154027946,0.2875455657671125,0.347406352692608,0.36668507642413506,0.28518585378204936,0.34812906979381564,0.03504741913639009,0.4947089947089948,0.5052910052910053,0.49440042556694624,0.5055995744330538
E1,1213,2013-01-01,Leeds,Bolton,1,0,H,fpl-team-13,,0.37094096746949357,0.2841249963596121,0.34493403617089435,0.37287514857141185,0.2815993632176058,0.3455254882109824,0.03490825183689594,0.5608465608465608,0.4391534391534391,0.5653557626759828,0.4346442373240173
E1,1213,2013-01-01,Leicester,Huddersfield,6,1,H,,,0.6323684282823103,0.2293885475141714,0.13824302420351836,0.6475425418538363,0.22395873191403753,0.12849872623212621,0.03489716397598386,0.5511811023622047,0.4488188976377953,0.554302422726646,0.44569757727335396
E1,1213,2013-01-01,Millwall,Bristol City,2,1,H,,,0.5673293406124461,0.252998219462307,0.17967243992524684,0.5791639781517984,0.24886082711166171,0.17197519473653983,0.034484653966501355,0.5356200527704486,0.4643799472295515,0.537785490368317,0.4622145096316831
E1,1213,2013-01-01,Peterboro,Barnsley,2,1,H,,,0.4134805175816946,0.27811487194483026,0.3084046104734751,0.4176334408685013,0.2752615649762504,0.30710499415524833,0.035105827962979674,0.5710526315789474,0.42894736842105263,0.5763337197148328,0.4236662802851672
E1,1213,2013-01-01,Sheffield Weds,Burnley,0,2,A,,,0.40492887196954525,0.2843117611701062,0.31075936686034866,0.408583131697104,0.2818156140641061,0.3096012542387898,0.03457046137191355,0.49206349206349204,0.5079365079365078,0.49159946236579216,0.5084005376342079
E1,1213,2013-01-01,Watford,Charlton,3,4,A,,,0.525417071644454,0.26721211072203654,0.2073708176335095,0.5352651050367202,0.26377700256866354,0.20095789239461623,0.03485095640644431,0.49206349206349204,0.5079365079365078,0.49159946236579216,0.5084005376342079
E1,1213,2013-01-11,Wolves,Blackburn,1,1,D,,,0.3867219883122134,0.27885294706192243,0.3344250646258643,0.38925148897226175,0.27627880679743155,0.33446970423030675,0.032086722436361015,0.5382585751978891,0.4617414248021108,0.540616246495029,0.459383753504971
E1,1213,2013-01-12,Barnsley,Leeds,2,0,H,,fpl-team-13,0.3174477946796183,0.2802692241315549,0.40228298118882666,0.31660109588353436,0.2774775636472275,0.40592134046923817,0.03576914989389479,0.5238095238095238,0.4761904761904762,0.5252525252516378,0.4747474747483622
E1,1213,2013-01-12,Bolton,Millwall,1,1,D,,,0.4649226703024257,0.27404532765626843,0.261032002041306,0.4717473281366253,0.2709644077913991,0.2572882640719756,0.03514930454548448,0.5264550264550264,0.4735449735449735,0.5280733275309587,0.4719266724690414
E1,1213,2013-01-12,Brighton,Derby,2,1,H,fpl-team-5,,0.47867757393871924,0.2737305774722881,0.2475918485889927,0.48634766175275107,0.27057099878623736,0.24308133946101157,0.03579320898279548,0.5,0.5,0.5,0.5
E1,1213,2013-01-12,Bristol City,Leicester,0,4,A,,,0.19973457199734573,0.2568015925680159,0.5434638354346384,0.19287881334398085,0.25279534128355613,0.5543258453724629,0.035176073550246656,0.5473684210526316,0.4526315789473684,0.5503130590336057,0.4496869409663943
E1,1213,2013-01-12,Burnley,Crystal Palace,1,0,H,,fpl-team-8,0.3690509509706041,0.2864107073483522,0.34453834168104364,0.3709197123823754,0.2839605296656066,0.34511975795201805,0.03552142437547445,0.5250659630606861,0.47493403693931396,0.5265214963685101,0.47347850363148986
E1,1213,2013-01-12,Cardiff,Ipswich,0,0,D,,,0.5762275843729404,0.24630308355782682,0.17746933206923263,0.5890446206673408,0.24162950858931614,0.16932587074334313,0.036032703588716686,0.5605263157894738,0.43947368421052635,0.564659413558811,0.4353405864411891
E1,1213,2013-01-12,Charlton,Blackpool,2,1,H,,,0.3401123896173401,0.2841182766925341,0.3757693336901258,0.3404706432564038,0.28147534126969453,0.3780540154739017,0.036554604303091764,0.5277044854881265,0.4722955145118733,0.5293296089369458,0.47067039106305425
E1,1213,2013-01-12,Huddersfield,Birmingham,1,1,D,,,0.38446269735148286,0.2865780228724244,0.3289592797760928,0.38711832673338115,0.2841560994065262,0.32872557386009266,0.035212774528190494,0.48941798941798953,0.5105820105820106,0.48879708724282345,0.5112029127571766
E1,1213,2013-01-12,Hull,Sheffield Weds,1,3,A,,,0.5738971738151056,0.25351013369068354,0.17259269249421075,0.5861917333820902,0.24934207283893553,0.16446619377897417,0.034890435985289514,0.5066312997347481,0.49336870026525204,0.507037099589189,0.49296290041081114
E1,1213,2013-01-12,Middlesbrough,Watford,1,2,A,,,0.4505377226828668,0.27189885887858134,0.2775634184385518,0.45679912985293164,0.26861928418219494,0.2745815859648734,0.0362128532724455,0.5785340314136125,0.4214659685863874,0.5843146623153649,0.4156853376846352
E1,1213,2013-01-12,Nott'm Forest,Peterboro,2,1,H,fpl-team-18,,0.532981477990853,0.25694699352176115,0.21007152848738575,0.5436431332364834,0.2528272008388158,0.20352966592470068,0.03632873762398958,0.5759162303664922,0.42408376963350786,0.5813692480357762,0.4186307519642238
E1,1213,2013-01-18,Leicester,Middlesbrough,1,0,H,,,0.5606050030499,0.24833165917595043,0.19106333777414958,0.5720797864250949,0.2439854153683859,0.1839347982065192,0.03437982720788568,0.5613577023498694,0.4386422976501305,0.5650609080815892,0.43493909191841096
E1,1213,2013-01-19,Birmingham,Brighton,2,2,D,,fpl-team-5,0.33720158181992804,0.28917906552359157,0.3736193526564803,0.33739767993103004,0.2868853684817245,0.37571695158724544,0.0353203231934458,0.4748010610079576,0.5251989389920424,0.4731956435863799,0.5268043564136201
E1,1213,2013-01-19,Blackburn,Charlton,1,2,A,,,0.48930295501093174,0.2716769314159534,0.239020113573115,0.49738516528143,0.26846319454027395,0.2341516401782961,0.03515118104405701,0.5211640211640212,0.4788359788359788,0.5224359873227157,0.47756401267728427
E1,1213,2013-01-19,Blackpool,Cardiff,1,2,A,,,0.3648594644998002,0.28133741840948456,0.3538031170907154,0.366497972371935,0.27863812166667423,0.3548639059613908,0.035328465746715665,0.5264550264550264,0.4735449735449735,0.5280733275309587,0.4719266724690414
E1,1213,2013-01-19,Crystal Palace,Bolton,0,0,D,fpl-team-8,,0.44471947194719474,0.27227722772277224,0.283003300330033,0.45054817868184993,0.26908640153838137,0.28036541977976864,0.035456900019198656,0.5291005291005291,0.4708994708994709,0.5308988764074939,0.4691011235925061
E1,1213,2013-01-19,Derby,Nott'm Forest,1,1,D,,fpl-team-18,0.4077238816659096,0.2820808728141791,0.3101952455199113,0.41162628234690196,0.27939919871527136,0.30897451893782674,0.03554714820347726,0.5026455026455027,0.4973544973544974,0.502799552071699,0.497200447928301
E1,1213,2013-01-19,Ipswich,Barnsley,1,1,D,,,0.48441042563120784,0.27020581545324596,0.2453837589155462,0.4921955285964268,0.26693928868634953,0.24086518271722376,0.03494219109416008,0.5185185185185185,0.4814814814814815,0.5196232339053608,0.4803767660946392
E1,1213,2013-01-19,Leeds,Bristol City,1,0,H,fpl-team-13,,0.5189616461107865,0.260203610863347,0.22083474302586656,0.52865316761362,0.2563563804685095,0.21499045191787047,0.035467893118038774,0.5582010582010583,0.4417989417989418,0.5624343729712483,0.43756562702875157
E1,1213,2013-01-19,Millwall,Burnley,0,2,A,,,0.4364663266765169,0.2804918735999238,0.2830417997235595,0.4418512778869839,0.2777337315466532,0.28041499056636293,0.035373127553611994,0.49336870026525204,0.5066312997347481,0.49296290041081114,0.507037099589189
E1,1213,2013-01-19,Peterboro,Hull,1,1,D,,,0.29737264984734046,0.27625743210670095,0.42636991804595853,0.2954802873922518,0.27327126180376443,0.43124845080398366,0.03552868030965328,0.5538057742782152,0.44619422572178474,0.5571508224138112,0.44284917758618875
E1,1213,2013-01-19,Sheffield Weds,Wolves,0,0,D,,,0.4115719456128338,0.28311161107307053,0.3053164433140957,0.4156390376050784,0.2805066408801043,0.3038543215148172,0.03521617210935801,0.48010610079575594,0.519893899204244,0.47885894689683706,0.521141053103163
E1,1213,2013-01-19,Watford,Huddersfield,4,0,H,,,0.5375321253131201,0.2541592114252253,0.2083086632616546,0.5479946529411212,0.2500648252479171,0.20194052181096186,0.03483443916775286,0.5564304461942258,0.44356955380577423,0.5600089315544268,0.43999106844557306
E1,1213,2013-01-22,Blackburn,Brighton,1,1,D,,fpl-team-5,0.37481368619787353,0.28568116326057436,0.33950515054155217,0.3768704650773904,0.28332372710024467,0.3398058078223648,0.03361504292115569,0.4761904761904762,0.5238095238095238,0.4747474747483622,0.5252525252516378
E1,1213,2013-01-26,Bristol City,Ipswich,2,1,H,,,0.3445031452824926,0.28205544523128545,0.373441409486222,0.34508240635149895,0.27937436630653023,0.37554322734197076,0.03557984717190266,0.5092348284960422,0.4907651715039578,0.5097498467882865,0.49025015321171345
E1,1213,2013-01-26,Burnley,Birmingham,1,2,A,,,0.48840034542819927,0.2711757731883316,0.24042388138346926,0.4966597220927351,0.26784651473244847,0.23549376317481635,0.03614604356698692,0.49206349206349204,0.5079365079365078,0.49159946236579216,0.5084005376342079
E1,1213,2013-01-26,Charlton,Sheffield Weds,1,2,A,,,0.41310427487015583,0.28377375720563897,0.30312196792420526,0.4172947553084762,0.28117552797774603,0.3015297167137778,0.03559218184091151,0.4802110817941952,0.5197889182058046,0.47908183187353065,0.5209181681264694
E1,1213,2013-01-26,Nott'm Forest,Watford,0,3,A,fpl-team-18,,0.39206414813590146,0.27937505166570226,0.32856080019839634,0.39517028919853264,0.27653038902847515,0.3282993217729922,0.035869844956323504,0.537037037037037,0.462962962962963,0.5394088669999334,0.46059113300006654
E1,1213,2013-01-26,Wolves,Blackpool,1,2,A,,,0.3465753424657534,0.28356164383561644,0.36986301369863017,0.34724072837314135,0.28104757903301636,0.3717116925938423,0.03434640588238835,0.5145118733509234,0.48548812664907653,0.5153288740238595,0.48467112597614054
E1,1213,2013-01-29,Barnsley,Millwall,2,0,H,,,0.3558636292326874,0.2855562252809406,0.35858014548637196,0.35693231468588366,0.2832892554982241,0.3597784298158922,0.03222279972396791,0.47757255936675463,0.5224274406332454,0.4762821585986352,0.5237178414013648
E1,1213,2013-01-29,Bristol City,Watford,2,0,H,,,0.25439152814855237,0.2666774826329995,0.47893098921844807,0.25057878062189837,0.2634477738974239,0.4859734454806777,0.032755200983956456,0.5613577023498694,0.4386422976501305,0.5650609080815892,0.43493909191841096
E1,1213,2013-01-30,Huddersfield,Crystal Palace,1,0,H,,fpl-team-8,0.3177281427386165,0.2813616685697387,0.40091018869164485,0.31690756035759493,0.278662880949696,0.40442955869270913,0.035294231958687305,0.4708994708994709,0.5291005291005291,0.4691011235925061,0.5308988764074939
E1,1213,2013-01-31,Leicester,Wolves,2,1,H,,,0.630609120108677,0.23274351565108278,0.1366473642402404,0.6463395060060213,0.22724343104833006,0.12641706294564867,0.03645250294357538,0.5356200527704486,0.4643799472295515,0.537785490368317,0.4622145096316831
E1,1213,2013-02-02,Birmingham,Nott'm Forest,2,1,H,,fpl-team-18,0.37678372761812795,0.2872394466718445,0.33597682571002746,0.37916926230159925,0.28471541136403666,0.33611532633436414,0.03727566823363304,0.49340369393139843,0.5065963060686015,0.49303698752158454,0.5069630124784155
E1,1213,2013-02-02,Blackburn,Bristol City,2,0,H,,,0.5578102185312278,0.25662343386973835,0.18556634759903393,0.5700188983509151,0.25237361618356663,0.17760748546551822,0.03711402975022793,0.5105820105820106,0.48941798941798953,0.5112029127571766,0.48879708724282345
E1,1213,2013-02-02,Blackpool,Barnsley,1,2,A,,,0.554328152115094,0.2544457091675841,0.19122613871732194,0.5663993696792289,0.2500689470919287,0.1835316832288424,0.037252923706546426,0.5303430079155673,0.4696569920844328,0.5321426574931143,0.4678573425068856
E1,1213,2013-02-02,Crystal Palace,Charlton,2,1,H,fpl-team-8,,0.5095372690614685,0.27106197743676963,0.21940075350176175,0.5189816137041132,0.2676867261531898,0.2133316601426969,0.036427502520382404,0.5224274406332454,0.47757255936675463,0.5237178414013648,0.4762821585986352
E1,1213,2013-02-02,Derby,Huddersfield,3,0,H,,,0.5178154085858379,0.2693837385706671,0.212800852843495,0.5277638533866325,0.2658906297957761,0.20634551681759153,0.036675249924883246,0.5,0.5,0.5,0.5
E1,1213,2013-02-02,Ipswich,Middlesbrough,4,0,H,,,0.3502610505816979,0.2857958265482566,0.3639431228700455,0.35117067390397927,0.28323499794877943,0.3655943281472413,0.036674350034445524,0.5185185185185185,0.4814814814814815,0.5196232339053608,0.4803767660946392
E1,1213,2013-02-02,Leeds,Cardiff,0,1,A,fpl-team-13,,0.3259083439839328,0.2824538981194084,0.3916377578966587,0.3255009635454169,0.2797278837227787,0.39477115273180446,0.03645222506020218,0.49340369393139843,0.5065963060686015,0.49303698752158454,0.5069630124784155
E1,1213,2013-02-02,Millwall,Hull,0,1,A,,,0.36302636600391697,0.28884760391023734,0.3481260300858457,0.36459684973700746,0.2864980290389823,0.3489051212240103,0.03593333926983178,0.4526315789473684,0.5473684210526316,0.4496869409663943,0.5503130590336057
E1,1213,2013-02-02,Peterboro,Burnley,2,2,D,,,0.33118304582064695,0.27779831604657246,0.3910186381327806,0.3310546006045552,0.2747565653769637,0.3941888340184811,0.037305525271221995,0.5587467362924282,0.4412532637075718,0.5622131283537581,0.43778687164624175
E1,1213,2013-02-02,Sheffield Weds,Brighton,3,1,H,,fpl-team-5,0.3486165611064164,0.2892546079768409,0.36212883091674264,0.3494052556651794,0.28697442944836604,0.36362031488645463,0.0351782978978008,0.46052631578947373,0.5394736842105263,0.45818815331659807,0.541811846683402
E1,1213,2013-02-02,Watford,Bolton,2,1,H,,,0.4486409447215718,0.27527232006515323,0.276086735213275,0.4547466919076423,0.27219822182802905,0.27305508626432873,0.0358867971226573,0.5549738219895288,0.4450261780104712,0.5582685904636263,0.44173140953637374
E1,1213,2013-02-08,Watford,Crystal Palace,2,2,D,,fpl-team-8,0.46029899763949234,0.27217679860422156,0.26752420375628616,0.46640605319334366,0.2692333898280932,0.26436055697856314,0.03255559131503105,0.5433070866141733,0.45669291338582685,0.5458104281191385,0.4541895718808615
E1,1213,2013-02-09,Blackburn,Ipswich,1,0,H,,,0.48135247265547,0.275464246888381,0.2431832804561489,0.4891137963294445,0.27241215797835466,0.23847404569220088,0.03556696209125221,0.48941798941798953,0.5105820105820106,0.48879708724282345,0.5112029127571766
E1,1213,2013-02-09,Blackpool,Millwall,2,1,H,,,0.4638336035321307,0.27501638439515713,0.2611500120727122,0.47084083249945424,0.27187819915516,0.25728096834538583,0.03641142533160746,0.5172413793103448,0.48275862068965525,0.5183150183124496,0.48168498168755036
E1,1213,2013-02-09,Bolton,Burnley,2,1,H,,,0.4215856939389144,0.27979110618768793,0.29862319987339764,0.4263639230599431,0.2768982045955843,0.2967378723444727,0.03670228936243802,0.5264550264550264,0.4735449735449735,0.5280733275309587,0.4719266724690414
E1,1213,2013-02-09,Brighton,Hull,1,0,H,fpl-team-5,,0.3965935629456637,0.28854330431031266,0.31486313274402355,0.4000004861831229,0.2861368623150536,0.31386265150182346,0.03651177405845374,0.45000000000000007,0.5499999999999999,0.44683678894319523,0.5531632110568048
E1,1213,2013-02-09,Bristol City,Nott'm Forest,2,0,H,,fpl-team-18,0.3339954928637009,0.2840998247224773,0.3819046824138219,0.3340236648294463,0.28145274933277725,0.3845235858377764,0.03659145697019994,0.49206349206349204,0.5079365079365078,0.49159946236579216,0.5084005376342079
E1,1213,2013-02-09,Charlton,Birmingham,1,1,D,,,0.40785958308614445,0.2838901049444592,0.3082503119693963,0.41174997632717203,0.2813150736225276,0.3069349500503003,0.03536811051890254,0.4814814814814815,0.5185185185185185,0.4803767660946392,0.5196232339053608
E1,1213,2013-02-09,Huddersfield,Cardiff,0,0,D,,,0.24338046462201493,0.27487676004368744,0.4817427753342976,0.23873768558199016,0.27183165177467006,0.48943066264333984,0.03513027646113187,0.48941798941798953,0.5105820105820106,0.48879708724282345,0.5112029127571766
E1,1213,2013-02-09,Middlesbrough,Barnsley,2,3,A,,,0.5120931849791377,0.26705146036161337,0.22085535465924896,0.5217423746460028,0.2634388974801304,0.2148187278738668,0.03668848052620888,0.5172413793103448,0.48275862068965525,0.5183150183124496,0.48168498168755036
E1,1213,2013-02-09,Peterboro,Leicester,2,1,H,,,0.19610570236439498,0.24826147426981918,0.5556328233657858,0.18891377184862293,0.24371811289587367,0.5673681152555035,0.035961826564744115,0.5854922279792746,0.4145077720207254,0.5912610619442245,0.40873893805577544
E1,1213,2013-02-09,Sheffield Weds,Derby,2,2,D,,,0.3951774506069589,0.2843349949489094,0.3204875544441316,0.39847514443261556,0.28172970887787957,0.3197951466895048,0.0361530885566026,0.48275862068965525,0.5172413793103448,0.48168498168755036,0.5183150183124496
E1,1213,2013-02-09,Wolves,Leeds,2,2,D,,fpl-team-13,0.40350393100863624,0.2815994201298942,0.3148966488614695,0.40727761167680177,0.27882530282745754,0.3138970854957408,0.03646180662326515,0.5,0.5,0.5,0.5
E1,1213,2013-02-12,Brighton,Blackburn,1,1,D,fpl-team-5,,0.4398372545551035,0.2813373430037148,0.27882540244118165,0.44514866518242563,0.27874343270926194,0.2761079021083125,0.0337624381063506,0.47757255936675463,0.5224274406332454,0.4762821585986352,0.5237178414013648
E1,1213,2013-02-12,Hull,Derby,2,1,H,,,0.4923682400682699,0.2743400751113527,0.2332916848203773,0.5004852663382414,0.2713056527605625,0.22820908090119604,0.034622741281054914,0.4657894736842106,0.5342105263157895,0.4638195430185368,0.5361804569814632
E1,1213,2013-02-12,Middlesbrough,Leeds,1,0,H,,fpl-team-13,0.445875685043796,0.27378331537776945,0.28034099957843467,0.45153712596651685,0.2707900330137653,0.27767284101971784,0.03406393155455589,0.5471204188481674,0.4528795811518324,0.5497828912734765,0.45021710872652343
E1,1213,2013-02-16,Birmingham,Watford,0,4,A,,,0.3353818667570999,0.2826934768133863,0.38192465642951373,0.33547880657704243,0.2801331558341583,0.3843880375887993,0.03437145869247615,0.5185185185185185,0.4814814814814815,0.5196232339053608,0.4803767660946392
E1,1213,2013-02-16,Cardiff,Bristol City,2,1,H,,,0.6237902415209212,0.2304643749461532,0.14574538353292552,0.6385843181151148,0.2250899638722625,0.13632571801262272,0.034967183601111174,0.5590551181102362,0.4409448818897638,0.5628772635825252,0.4371227364174747
E1,1213,2013-02-16,Crystal Palace,Middlesbrough,4,1,H,fpl-team-8,,0.45578375871862753,0.2772571826033194,0.2669590586780532,0.4621473923820879,0.2743385487893194,0.2635140588285927,0.03521514218300581,0.5132275132275131,0.48677248677248675,0.5140071716723167,0.4859928283276833
E1,1213,2013-02-16,Derby,Wolves,0,0,D,,,0.48217840763297987,0.27035436728554363,0.24746722508147645,0.4897843579703485,0.2671241302869415,0.24309151174271,0.03464187541976571,0.5052910052910053,0.4947089947089948,0.5055995744330538,0.49440042556694624
E1,1213,2013-02-16,Hull,Charlton,1,0,H,,,0.5219078284827031,0.26768338480918014,0.2104087867081168,0.5317378873324383,0.26421773195705517,0.20404438071050654,0.035436533857136965,0.47493403693931396,0.5250659630606861,0.47347850363148986,0.5265214963685101
E1,1213,2013-02-16,Ipswich,Blackpool,1,0,H,,,0.38050382083429823,0.2827913592907473,0.3367048198749546,0.38288224348172073,0.28024961491209865,0.33686814160618056,0.03418579767458141,0.5277044854881265,0.4722955145118733,0.5293296089369458,0.47067039106305425
E1,1213,2013-02-16,Nott'm Forest,Bolton,1,1,D,fpl-team-18,,0.4170261066969353,0.2796821793416573,0.3032917139614075,0.42138637271747403,0.2768936031848731,0.3017200240976528,0.03529611008707434,0.5158730158730157,0.48412698412698413,0.5168137873046875,0.48318621269531237
E1,1213,2013-02-19,Barnsley,Wolves,2,1,H,,,0.40985828313435796,0.2844168085992969,0.3057249082663452,0.4135622558605803,0.2820537721280912,0.3043839720113284,0.03275357838720083,0.4696569920844328,0.5303430079155673,0.4678573425068856,0.5321426574931143
E1,1213,2013-02-19,Birmingham,Sheffield Weds,0,0,D,,,0.3780737704918033,0.2858606557377049,0.3360655737704918,0.38027106594144666,0.2835347799618296,0.33619415409672376,0.03328036842867732,0.4788359788359788,0.5211640211640212,0.47756401267728427,0.5224359873227157
E1,1213,2013-02-19,Burnley,Middlesbrough,0,0,D,,,0.4614871534911022,0.27312505002534615,0.26538779648355165,0.46788479599202476,0.2701161346473549,0.2619990693606204,0.03380904404912144,0.5105820105820106,0.48941798941798953,0.5112029127571766,0.48879708724282345
E1,1213,2013-02-19,Cardiff,Brighton,0,2,A,,fpl-team-5,0.4758168964429518,0.2748854211122038,0.24929768244484443,0.4828671625281515,0.2719814371156255,0.24515140035622304,0.033522251062095165,0.49340369393139843,0.5065963060686015,0.49303698752158454,0.5069630124784155
E1,1213,2013-02-19,Crystal Palace,Bristol City,2,1,H,fpl-team-8,,0.6030951343872505,0.2406210766353225,0.15628378897742706,0.6156779215920304,0.2362010338661136,0.14812104454185604,0.0318662243662402,0.5342105263157895,0.4657894736842106,0.5361804569814632,0.4638195430185368
E1,1213,2013-02-19,Derby,Bolton,1,1,D,,,0.3991975437008404,0.28171598429338585,0.3190864720057738,0.4024090297812931,0.27920602028461194,0.318384949934095,0.033010645071044564,0.5,0.5,0.5,0.5
E1,1213,2013-02-19,Hull,Blackburn,2,0,H,,,0.46948412935620776,0.2794548389025046,0.2510610317412875,0.47603808961237914,0.27684946424571766,0.24711244614190306,0.032594066113233566,0.4386422976501305,0.5613577023498694,0.43493909191841096,0.5650609080815892
E1,1213,2013-02-19,Ipswich,Watford,0,2,A,,,0.3375122445115778,0.28261567462114046,0.37987208086728186,0.33770904079117925,0.28015885841618715,0.3821321007926335,0.03290633927099407,0.5224274406332454,0.47757255936675463,0.5237178414013648,0.4762821585986352
E1,1213,2013-02-19,Leicester,Charlton,1,2,A,,,0.6180959934998356,0.23487647752993748,0.14702752897022692,0.6316914283621815,0.23005827628923947,0.13825029534857905,0.032700620824471116,0.5651041666666667,0.4348958333333333,0.5689864510489147,0.43101354895108535
E1,1213,2013-02-19,Millwall,Peterboro,1,5,A,,,0.49189379109571857,0.2684334688550921,0.2396727400491894,0.4994573564043829,0.26532340020740935,0.2352192433882078,0.03231349971611053,0.5651041666666667,0.4348958333333333,0.5689864510489147,0.43101354895108535
E1,1213,2013-02-19,Nott'm Forest,Huddersfield,6,1,H,fpl-team-18,,0.5429153358913646,0.2601782634604046,0.19690640064823078,0.5529639649733697,0.25662316582784445,0.1904128691987858,0.03258461132645607,0.4802110817941952,0.5197889182058046,0.47908183187353065,0.5209181681264694
E1,1213,2013-02-20,Leeds,Blackpool,2,0,H,fpl-team-13,,0.37542585451686566,0.2858747332559619,0.33869941222717237,0.37759068041309324,0.28343977647799967,0.33896954310890715,0.03488577390089631,0.49336870026525204,0.5066312997347481,0.49296290041081114,0.507037099589189
E1,1213,2013-02-23,Blackburn,Leeds,0,0,D,,fpl-team-13,0.47434424481028103,0.2764669119160514,0.24918884327366767,0.48166256501491356,0.27350179116146145,0.24483564382362505,0.03518754499964416,0.48412698412698413,0.5158730158730157,0.48318621269531237,0.5168137873046875
E1,1213,2013-02-23,Blackpool,Leicester,0,0,D,,,0.32774674115456237,0.28305400372439476,0.38919925512104286,0.3274481415951626,0.2804428778582426,0.39210898054659465,0.035311798797920346,0.5145118733509234,0.48548812664907653,0.5153288740238595,0.48467112597614054
E1,1213,2013-02-23,Bolton,Hull,4,1,H,,,0.3690509509706041,0.2864107073483522,0.34453834168104364,0.3709197123823754,0.2839605296656066,0.34511975795201805,0.03552142437547445,0.467018469656992,0.5329815303430079,0.4650388767684244,0.5349611232315755
E1,1213,2013-02-23,Brighton,Burnley,1,0,H,fpl-team-5,,0.45795868070932083,0.27887633093940734,0.2631649883512717,0.46444809850858687,0.27603378451542687,0.25951811697598637,0.03528846229892224,0.4947089947089948,0.5052910052910053,0.49440042556694624,0.5055995744330538
E1,1213,2013-02-23,Bristol City,Barnsley,5,3,H,,,0.35817710460725394,0.28501287897101607,0.35681001642173005,0.3594508318064975,0.282535922689233,0.3580132455042695,0.03486579144373536,0.5145118733509234,0.48548812664907653,0.5153288740238595,0.48467112597614054
E1,1213,2013-02-23,Charlton,Nott'm Forest,0,2,A,,fpl-team-18,0.37623465029364656,0.2844701014415376,0.33929524826481583,0.37850332524539637,0.28189265770139427,0.33960401705320936,0.03589017526246607,0.47757255936675463,0.5224274406332454,0.4762821585986352,0.5237178414013648
E1,1213,2013-02-23,Huddersfield,Ipswich,0,0,D,,,0.3604350423886384,0.2846118170081017,0.3549531406032599,0.3618546128412009,0.2820614058928256,0.35608398126597357,0.035620543640106916,0.4656084656084655,0.5343915343915343,0.4634338433828662,0.5365661566171338
E1,1213,2013-02-23,Middlesbrough,Millwall,1,2,A,,,0.45706006322444676,0.27423603793466805,0.26870389884088514,0.4636927223574924,0.2710654342488049,0.26524184339370266,0.03634407720528543,0.5158730158730157,0.48412698412698413,0.5168137873046875,0.48318621269531237
E1,1213,2013-02-23,Peterboro,Birmingham,0,2,A,,,0.40400280122369253,0.2752939441966754,0.3207032545796322,0.4077344369343046,0.27223970665287245,0.3200258564128229,0.03580157156102359,0.5691906005221932,0.4308093994778067,0.5736725048680713,0.42632749513192864
E1,1213,2013-02-23,Sheffield Weds,Crystal Palace,1,0,H,,fpl-team-8,0.3491683300066533,0.2852960745176314,0.36553559547571524,0.34996559176119657,0.2828702348234076,0.3671641734153958,0.0343346344307065,0.4973544973544974,0.5026455026455027,0.497200447928301,0.502799552071699
E1,1213,2013-02-23,Watford,Derby,2,1,H,,,0.5159462934062988,0.26380304832355955,0.22025065827014165,0.5255204459582327,0.2601258499236767,0.2143537041180906,0.035618639551103115,0.5669291338582677,0.43307086614173224,0.5715488215505835,0.42845117844941644
E1,1213,2013-02-24,Wolves,Cardiff,1,2,A,,,0.3067474561201304,0.28781242796456674,0.40544011591530277,0.30532191948462617,0.2853844226503816,0.4092936578649922,0.036220074631273746,0.46825396825396826,0.5317460317460317,0.46627034320104876,0.5337296567989512
E1,1213,2013-02-26,Bolton,Peterboro,1,0,H,,,0.5550771350540068,0.24948945697906158,0.19543340796693157,0.56592670619993,0.24534082031421156,0.18873247348585842,0.03327844478189945,0.5792207792207792,0.42077922077922075,0.5844267286623455,0.4155732713376546
E1,1213,2013-02-26,Burnley,Huddersfield,0,1,A,,,0.5148038187587671,0.2707927601563458,0.21440342108488702,0.5238491032273579,0.2676385828909322,0.20851231388171002,0.033842428121715784,0.4881266490765172,0.5118733509234827,0.48746168849481736,0.5125383115051826
E1,1213,2013-02-26,Leicester,Blackburn,3,0,H,,,0.5609958107767469,0.25458233804270847,0.1844218511805447,0.5723636921094892,0.25058410711920204,0.17705220077130865,0.03401421895250678,0.5250659630606861,0.47493403693931396,0.5265214963685101,0.47347850363148986
E1,1213,2013-03-01,Derby,Crystal Palace,0,1,A,,fpl-team-8,0.3677118907171686,0.2850046569388388,0.3472834523439925,0.36939721602542336,0.28263939391729215,0.34796339005728455,0.03325466380920261,0.4842105263157894,0.5157894736842105,0.4833629103791193,0.5166370896208807
E1,1213,2013-03-01,Wolves,Watford,1,1,D,,,0.294111138771333,0.27353193372610846,0.4323569275025586,0.29219388461502943,0.270623958713281,0.4371821566716896,0.03297889209352434,0.531578947368421,0.4684210526315789,0.5333741239292438,0.4666258760707563
E1,1213,2013-03-02,Barnsley,Bolton,2,3,A,,,0.3511762302259062,0.283929718054988,0.3648940517191057,0.3520991813380362,0.2813681814360389,0.3665326372259249,0.03527580667287111,0.4907651715039578,0.5092348284960422,0.49025015321171345,0.5097498467882865
E1,1213,2013-03-02,Blackburn,Peterboro,2,3,A,,,0.5000195809672997,0.26563540238887806,0.2343450166438222,0.5085936924290629,0.26213377260932635,0.22927253496161082,0.03490073489956558,0.5356200527704486,0.4643799472295515,0.537785490368317,0.4622145096316831
E1,1213,2013-03-02,Blackpool,Bristol City,0,0,D,,,0.5489227654417244,0.25707126756224,0.19400596699603562,0.5603538649078826,0.2529666211861044,0.18667951390601298,0.03612349403556436,0.5264550264550264,0.4735449735449735,0.5280733275309587,0.4719266724690414
E1,1213,2013-03-02,Brighton,Huddersfield,4,1,H,fpl-team-5,,0.5762268011272808,0.2543562446392902,0.16941695423342917,0.5890391369434177,0.25008906248081436,0.16087180057576794,0.036057248478755355,0.4722955145118733,0.5277044854881265,0.47067039106305425,0.5293296089369458
E1,1213,2013-03-02,Charlton,Burnley,0,1,A,,,0.37046768260641094,0.2837624802942722,0.34576983709931686,0.37241408137811155,0.2811694965433709,0.3464164220785176,0.035592469153925776,0.48677248677248675,0.5132275132275131,0.4859928283276833,0.5140071716723167
E1,1213,2013-03-02,Hull,Birmingham,5,2,H,,,0.5463791329303329,0.2609799769024775,0.19264089016718958,0.5574702188215244,0.25715066522569274,0.1853791159527828,0.035456084879115224,0.4488188976377953,0.5511811023622047,0.44569757727335396,0.554302422726646
E1,1213,2013-03-02,Ipswich,Leicester,1,0,H,,,0.2808949539828626,0.2792129482703904,0.43989209774674704,0.2780917298447649,0.2763211274047927,0.4455871427504424,0.03622246696613729,0.4761904761904762,0.5238095238095238,0.4747474747483622,0.5252525252516378
E1,1213,2013-03-02,Leeds,Millwall,1,0,H,fpl-team-13,,0.44630321135175516,0.28095593726661694,0.27274085138162807,0.45232257170639767,0.27816175045157254,0.2695156778420298,0.036114361602813005,0.48941798941798953,0.5105820105820106,0.48879708724282345,0.5112029127571766
E1,1213,2013-03-02,Middlesbrough,Cardiff,2,1,H,,,0.3303149231030639,0.2849973269456313,0.3846877499513048,0.3301527247157799,0.28251575089486414,0.3873315243893561,0.03490014036651701,0.4814814814814815,0.5185185185185185,0.4803767660946392,0.5196232339053608
E1,1213,2013-03-02,Sheffield Weds,Nott'm Forest,0,1,A,,fpl-team-18,0.3695190151938192,0.2867739596442829,0.34370702516189794,0.37137688763797183,0.28438821296105066,0.3442348994009776,0.03484232886694372,0.4643799472295515,0.5356200527704486,0.4622145096316831,0.537785490368317
E1,1213,2013-03-05,Birmingham,Blackpool,1,1,D,,,0.3565976008724101,0.28680479825517996,0.3565976008724101,0.3577326177794181,0.2845347644411639,0.3577326177794181,0.03314683074131608,0.4973544973544974,0.5026455026455027,0.497200447928301,0.502799552071699
E1,1213,2013-03-05,Bolton,Blackburn,1,0,H,,,0.5066322256352974,0.2647654286512148,0.2286023457134879,0.5152241304050983,0.2613440626222983,0.22343180697260331,0.033628587145358324,0.503957783641161,0.4960422163588391,0.5041773420969614,0.49582265790303864
E1,1213,2013-03-05,Bristol City,Brighton,0,0,D,,fpl-team-5,0.297089476105699,0.28192274609429696,0.420987777800004,0.2953376493105924,0.27944704893063493,0.42521530175877265,0.03263284545391798,0.4986807387862796,0.5013192612137204,0.49860763018684684,0.5013923698131533
E1,1213,2013-03-05,Burnley,Barnsley,1,1,D,,,0.4838996516085772,0.2728968965466976,0.2432034518447253,0.49117475709497177,0.2699625938109109,0.23886264909411736,0.032730869483202696,0.5145118733509234,0.48548812664907653,0.5153288740238595,0.48467112597614054
E1,1213,2013-03-05,Cardiff,Derby,1,1,D,,,0.565260683332646,0.25429071391116326,0.1804486027561908,0.5765573509564025,0.2503724733422332,0.17307017570136432,0.03317825496196747,0.5238095238095238,0.4761904761904762,0.5252525252516378,0.4747474747483622
E1,1213,2013-03-05,Crystal Palace,Hull,4,2,H,fpl-team-8,,0.4072792411350406,0.28559215079591255,0.307128608069047,0.41097053053919036,0.2832137690537796,0.3058157004070301,0.03379612136632204,0.46052631578947373,0.5394736842105263,0.45818815331659807,0.541811846683402
E1,1213,2013-03-05,Huddersfield,Middlesbrough,2,1,H,,,0.3313554814261976,0.28589512574272535,0.3827493928310771,0.3312526035227141,0.28357486115274816,0.38517253532453766,0.03321737016085535,0.4591029023746703,0.5408970976253298,0.4565461171848933,0.5434538828151066
E1,1213,2013-03-05,Leicester,Leeds,1,1,D,,fpl-team-13,0.5720855342414976,0.2488647947363544,0.17904967102214808,0.5837388894701006,0.24467390050088528,0.17158721002901417,0.03325908468104899,0.5329815303430079,0.467018469656992,0.5349611232315755,0.4650388767684244
E1,1213,2013-03-05,Millwall,Wolves,0,2,A,,,0.4405509823032751,0.2826426482849326,0.2768063694117923,0.4457626480576152,0.2801767931759005,0.27406055876648433,0.032895508338697255,0.4591029023746703,0.5408970976253298,0.4565461171848933,0.5434538828151066
E1,1213,2013-03-05,Nott'm Forest,Ipswich,1,0,H,fpl-team-18,,0.5232743170131153,0.2638481767474582,0.21287750623942647,0.5327885291997745,0.26033168512415755,0.2068797856760679,0.03401991305872798,0.4735449735449735,0.5264550264550264,0.4719266724690414,0.5280733275309587
E1,1213,2013-03-05,Peterboro,Charlton,2,2,D,,,0.4028136570647612,0.27686012417725475,0.3203262187579841,0.4061760537803439,0.27413544428146597,0.3196885019381901,0.03276329720392823,0.5488126649076518,0.4511873350923483,0.5520130454309478,0.44798695456905224
E1,1213,2013-03-05,Watford,Sheffield Weds,2,1,H,,,0.5553817991150687,0.25029206413452426,0.19432613675040705,0.566150861799461,0.24621746314095547,0.18763167505958359,0.032983271521516144,0.5394736842105263,0.46052631578947373,0.541811846683402,0.45818815331659807
E1,1213,2013-03-09,Birmingham,Derby,3,1,H,,,0.38159776188995953,0.2833074292819397,0.3350948088281007,0.38407668518701804,0.28074498356724326,0.33517833124573865,0.03482932969927788,0.47493403693931396,0.5250659630606861,0.47347850363148986,0.5265214963685101
E1,1213,2013-03-09,Bolton,Brighton,1,0,H,,fpl-team-5,0.4285141656912889,0.2813737593997018,0.29011207490900925,0.4334731142734634,0.2786694679719369,0.28785741775459966,0.03529357397928834,0.4881266490765172,0.5118733509234827,0.48746168849481736,0.5125383115051826
E1,1213,2013-03-09,Bristol City,Middlesbrough,2,0,H,,,0.3540846948982994,0.2849949983327776,0.36092030676892295,0.3551483961367898,0.28251476159176336,0.3623368422714469,0.03489946969784796,0.5092348284960422,0.4907651715039578,0.5097498467882865,0.49025015321171345
E1,1213,2013-03-09,Crystal Palace,Leeds,2,2,D,fpl-team-8,fpl-team-13,0.4966839884011369,0.26987453705032877,0.23344147454853437,0.5052592833622663,0.2665203385398222,0.22822037809791143,0.03563061193563044,0.4802110817941952,0.5197889182058046,0.47908183187353065,0.5209181681264694
E1,1213,2013-03-09,Huddersfield,Charlton,0,1,A,,,0.39909482119008755,0.28646683484196467,0.31443834396794773,0.4025330202741782,0.284022512912675,0.31344446681314686,0.03542828815989196,0.4397905759162304,0.5602094240837696,0.43602581218352804,0.563974187816472
E1,1213,2013-03-09,Leicester,Sheffield Weds,0,1,A,,,0.5837669094693029,0.2497398543184183,0.16649323621227888,0.5968654575951438,0.24526454616047827,0.15786999624437792,0.035766138695180416,0.5210526315789473,0.4789473684210527,0.5222000222007822,0.47779997779921773
E1,1213,2013-03-09,Nott'm Forest,Wolves,3,1,H,fpl-team-18,,0.5249243066895116,0.26320148335417765,0.21187420995631076,0.5348889473986213,0.2595143129964865,0.20559673960489233,0.03535256930626929,0.4973544973544974,0.5026455026455027,0.497200447928301,0.502799552071699
E1,1213,2013-03-09,Peterboro,Ipswich,0,0,D,,,0.38974333613570056,0.2808960981158202,0.32936056574847933,0.39261992037551136,0.27823001806949116,0.32915006155499743,0.034564815228804946,0.5342105263157895,0.4657894736842106,0.5361804569814632,0.4638195430185368
E1,1213,2013-03-09,Watford,Blackpool,1,2,A,,,0.5159011817027122,0.26229807271963734,0.22180074557765056,0.5254858170904024,0.258539144219629,0.2159750386899686,0.03566439286805689,0.5447368421052632,0.4552631578947368,0.547471447312235,0.4525285526877652
E1,1213,2013-03-11,Burnley,Hull,0,1,A,,,0.36229648957543115,0.2849771168001867,0.3527263936243821,0.36378547388165494,0.28249359740426044,0.35372092871408467,0.03493315423838794,0.4657894736842106,0.5342105263157895,0.4638195430185368,0.5361804569814632
E1,1213,2013-03-12,Barnsley,Brighton,2,1,H,,fpl-team-5,0.332385606032633,0.2867839222781559,0.3808304716892111,0.3323363438998377,0.284618551206978,0.3830451048931843,0.031562186079099774,0.47493403693931396,0.5250659630606861,0.47347850363148986,0.5265214963685101
E1,1213,2013-03-12,Cardiff,Leicester,1,1,D,,,0.43305057446580053,0.28605175561043705,0.2808976699237625,0.4381442917329489,0.2836348546010595,0.27822085366599153,0.03459325968287885,0.4450261780104712,0.5549738219895288,0.44173140953637374,0.5582685904636263
E1,1213,2013-03-12,Leeds,Peterboro,1,1,D,fpl-team-13,,0.5188693602443091,0.26015333574576166,0.2209773040099293,0.5277787344992027,0.25661481132795877,0.21560645417283858,0.032571585616096854,0.5342105263157895,0.4657894736842106,0.5361804569814632,0.4638195430185368
E1,1213,2013-03-16,Barnsley,Watford,1,0,H,,,0.3153664148028883,0.27699839401084553,0.4076351911862661,0.31441160047599165,0.27404350965391355,0.41154488987009485,0.035665996139869094,0.5394736842105263,0.46052631578947373,0.541811846683402,0.45818815331659807
E1,1213,2013-03-16,Blackpool,Peterboro,0,1,A,,,0.5098649615077195,0.2591813554330908,0.2309536830591898,0.5192407160013615,0.2552229211056376,0.2255363628930009,0.0360686588101089,0.5631578947368422,0.4368421052631579,0.5675599594630787,0.43244004053692126
E1,1213,2013-03-16,Charlton,Millwall,0,2,A,,,0.42034438439363775,0.28712754872426954,0.29252806688209276,0.42494922542252644,0.2846838528329935,0.29036692174448003,0.03585778537672013,0.4578947368421053,0.5421052631578948,0.45536212476552757,0.5446378752344725
E1,1213,2013-03-16,Derby,Leicester,2,1,H,,,0.3053164433140957,0.28311161107307053,0.4115719456128338,0.3038543215148172,0.2805066408801043,0.4156390376050784,0.03521617210935801,0.4907651715039578,0.5092348284960422,0.49025015321171345,0.5097498467882865
E1,1213,2013-03-16,Hull,Nott'm Forest,1,2,A,,fpl-team-18,0.4485200241245075,0.2818494411416845,0.26963053473380805,0.454643450909108,0.2791074131963917,0.2662491358945003,0.036032343516126275,0.4722955145118733,0.5277044854881265,0.47067039106305425,0.5293296089369458
E1,1213,2013-03-16,Ipswich,Bolton,1,0,H,,,0.3538183461364664,0.2882964301852689,0.35788522367826486,0.3548809182101627,0.2859590264709474,0.3591600553188899,0.035300160525366664,0.4735449735449735,0.5264550264550264,0.4719266724690414,0.5280733275309587
E1,1213,2013-03-16,Leeds,Huddersfield,1,2,A,fpl-team-13,,0.49316416067094615,0.27081268938577974,0.236023149943274,0.5011209077810508,0.26768125723580954,0.2311978349831396,0.03375185118056834,0.49340369393139843,0.5065963060686015,0.49303698752158454,0.5069630124784155
E1,1213,2013-03-16,Middlesbrough,Birmingham,0,1,A,,,0.46023688663282575,0.27805978567399886,0.2617033276931754,0.46684044038527084,0.27517624777171923,0.25798331184301,0.035265832557342947,0.4973544973544974,0.5026455026455027,0.497200447928301,0.502799552071699
E1,1213,2013-03-16,Sheffield Weds,Cardiff,0,2,A,,,0.31517650940283737,0.28442758165621906,0.4003959089409436,0.31420576548832935,0.28183841920959024,0.40395581530208036,0.03598138736560941,0.4684210526315789,0.531578947368421,0.4666258760707563,0.5333741239292438
E1,1213,2013-03-16,Wolves,Bristol City,2,1,H,,,0.4169461792724821,0.28561450812549233,0.2974393126020255,0.42131515795869473,0.2831244039277338,0.29556043811357136,0.03539752680808306,0.503957783641161,0.4960422163588391,0.5041773420969614,0.49582265790303864
E1,1213,2013-03-17,Blackburn,Burnley,1,1,D,,,0.38935852809547483,0.28841372451516656,0.3222277473893585,0.3922594712026437,0.28609371016049734,0.32164681863685896,0.035090221324935555,0.4643799472295515,0.5356200527704486,0.4622145096316831,0.537785490368317
E1,1213,2013-03-17,Brighton,Crystal Palace,3,0,H,fpl-team-5,fpl-team-8,0.3883949948991276,0.28681476546397117,0.3247902396369011,0.39135184748047835,0.284323600136091,0.3243245523834308,0.03641956485807896,0.467018469656992,0.5329815303430079,0.4650388767684244,0.5349611232315755
E1,1213,2013-03-29,Blackburn,Blackpool,1,1,D,,,0.38733925013584497,0.28491215359536315,0.32774859626879194,0.3900048640789367,0.2825285174263374,0.3274666184947259,0.033433003816753626,0.450261780104712,0.549738219895288,0.44739756368406325,0.5526024363159369
E1,1213,2013-03-29,Crystal Palace,Birmingham,0,4,A,fpl-team-8,,0.5251989389920424,0.2611405835543767,0.21366047745358088,0.5342605940507171,0.25770086146704624,0.20803854448223658,0.03204182581976056,0.5171503957783641,0.48284960422163586,0.5181220029000937,0.4818779970999063
E1,1213,2013-03-29,Derby,Bristol City,3,0,H,,,0.4837412025815495,0.27123061647636015,0.2450281809420903,0.49104723195372096,0.26820141225947824,0.24075135578680074,0.03290555509738624,0.4960422163588391,0.503957783641161,0.49582265790303864,0.5041773420969614
E1,1213,2013-03-29,Leicester,Millwall,0,1,A,,,0.5694315004659833,0.24988350419384905,0.18068499534016777,0.5806917279550744,0.24584051148068872,0.17346776056423677,0.032474248902872205,0.4960422163588391,0.503957783641161,0.49582265790303864,0.5041773420969614
E1,1213,2013-03-29,Watford,Burnley,3,3,D,,,0.49328052159973546,0.267017946165099,0.23970153223516558,0.5012141538815954,0.26371376874164776,0.2350720773767568,0.0336229947861284,0.5263157894736842,0.47368421052631576,0.5277777777735805,0.47222222222641946
E1,1213,2013-03-30,Charlton,Bolton,3,2,H,,,0.33825729708282015,0.28393112512709445,0.3778115777900854,0.338495745030685,0.2814846930302052,0.3800195619391098,0.03365175169892609,0.47757255936675463,0.5224274406332454,0.4762821585986352,0.5237178414013648
E1,1213,2013-03-30,Huddersfield,Hull,0,1,A,,,0.2910583685936055,0.28486563734693304,0.42407599405946145,0.28896161438012835,0.2824654067014028,0.42857297891846885,0.033543702913448215,0.4360313315926892,0.5639686684073107,0.4320802838861742,0.5679197161138259
E1,1213,2013-03-30,Ipswich,Leeds,3,0,H,,fpl-team-13,0.43153747997503583,0.28121211157532366,0.2872504084496404,0.4364680909413704,0.2785970910218444,0.2849348180367852,0.0339920234400779,0.4657894736842106,0.5342105263157895,0.4638195430185368,0.5361804569814632
E1,1213,2013-03-30,Nott'm Forest,Brighton,2,2,D,fpl-team-18,fpl-team-5,0.44733398693065757,0.2824555989985118,0.27021041407083074,0.45320295780160474,0.27983158887828785,0.26696545332010746,0.03487542155198753,0.4631578947368421,0.536842105263158,0.46100713011761374,0.5389928698823863
E1,1213,2013-03-30,Peterboro,Cardiff,2,1,H,,,0.30118539897176994,0.2787757710720847,0.4200388299561455,0.29957264628264435,0.2760548746764723,0.4243724790408834,0.033839047653600574,0.5289473684210526,0.4710526315789474,0.5305733900309719,0.4694266099690281
E1,1213,2013-03-30,Sheffield Weds,Barnsley,2,1,H,,,0.42393763338391743,0.2805096316701969,0.29555273494588563,0.4284505998136436,0.2778826852775472,0.2936667149088092,0.03371873532887548,0.4696569920844328,0.5303430079155673,0.4678573425068856,0.5321426574931143
E1,1213,2013-03-30,Wolves,Middlesbrough,3,2,H,,,0.3695190151938192,0.2867739596442829,0.34370702516189794,0.37137688763797183,0.28438821296105066,0.3442348994009776,0.03484232886694372,0.47368421052631576,0.5263157894736842,0.47222222222641946,0.5277777777735805
E1,1213,2013-04-01,Barnsley,Leicester,2,0,H,,,0.2931572629051621,0.28427370948379355,0.42256902761104437,0.29119383973321694,0.2818813269432013,0.4269248333235819,0.03303194174077362,0.4540682414698162,0.5459317585301837,0.4513672743432872,0.5486327256567128
E1,1213,2013-04-01,Birmingham,Wolves,2,3,A,,,0.42855724435936443,0.28354693811087855,0.28789581752975707,0.43317153196495906,0.28113563715972917,0.2856928308753118,0.032788390992209315,0.47631578947368425,0.5236842105263159,0.4750131874840955,0.5249868125159045
E1,1213,2013-04-01,Blackpool,Crystal Palace,1,0,H,,fpl-team-8,0.3841636423622567,0.28578027053777627,0.33005608709996703,0.38667219524430285,0.2834395036401687,0.32988830111552847,0.03343243314884603,0.4488188976377953,0.5511811023622047,0.44569757727335396,0.554302422726646
E1,1213,2013-04-01,Bristol City,Sheffield Weds,1,1,D,,,0.3841636423622567,0.28578027053777627,0.33005608709996703,0.38667219524430285,0.2834395036401687,0.32988830111552847,0.03343243314884603,0.45669291338582685,0.5433070866141733,0.4541895718808615,0.5458104281191385
E1,1213,2013-04-01,Burnley,Nott'm Forest,1,1,D,,fpl-team-18,0.351089507765552,0.2911208030229887,0.35778968921145937,0.35196164453416634,0.28904548818217474,0.3589928672836589,0.03339636675082147,0.4386422976501305,0.5613577023498694,0.43493909191841096,0.5650609080815892
E1,1213,2013-04-01,Cardiff,Blackburn,3,0,H,,,0.5527913158384629,0.2588829853788945,0.18832569878264263,0.56322208716934,0.2552880205985291,0.18148989223213088,0.03232580027543008,0.450261780104712,0.549738219895288,0.44739756368406325,0.5526024363159369
E1,1213,2013-04-01,Leeds,Derby,1,2,A,fpl-team-13,,0.41076109672665195,0.2867813754585466,0.30245752781480156,0.41437668558893137,0.2846107877178895,0.3010125266931791,0.0315805955324322,0.450261780104712,0.549738219895288,0.44739756368406325,0.5526024363159369
E1,1213,2013-04-01,Millwall,Ipswich,0,0,D,,,0.4199886460174497,0.28641427541862774,0.29359707856392253,0.42432823411833204,0.2840665546346664,0.2916052112470016,0.033901572693139315,0.42597402597402595,0.574025974025974,0.42136629511062934,0.5786337048893706
E1,1213,2013-04-02,Bolton,Huddersfield,1,0,H,,,0.5233761343148787,0.2684364700354249,0.2081873956496962,0.5328652058383436,0.2651537473555273,0.2019810468061291,0.033920851768925786,0.4907651715039578,0.5092348284960422,0.49025015321171345,0.5097498467882865
E1,1213,2013-04-02,Brighton,Charlton,0,0,D,fpl-team-5,,0.5298415020726652,0.27104608632040966,0.19911241160692514,0.53949253680305,0.2679354246222875,0.1925720385746625,0.03338139085099101,0.4476439790575916,0.5523560209424083,0.44456916381726636,0.5554308361827337
E1,1213,2013-04-02,Hull,Watford,0,1,A,,,0.4520052558750683,0.27600320933964345,0.2719915347852882,0.45804390491887376,0.27308436648763185,0.2688717285934944,0.034465915989130735,0.5013192612137204,0.4986807387862796,0.5013923698131533,0.49860763018684684
E1,1213,2013-04-02,Middlesbrough,Peterboro,0,0,D,,,0.45310435931307796,0.273447820343461,0.273447820343461,0.45897229717644195,0.2705138514117791,0.2705138514117791,0.03316500398796052,0.5447368421052632,0.4552631578947368,0.547471447312235,0.4525285526877652
E1,1213,2013-04-06,Birmingham,Millwall,1,1,D,,,0.4154681734598195,0.285872596417307,0.29865923012287343,0.4197019135759557,0.283429601268414,0.2968684851556303,0.03491171379573643,0.4722955145118733,0.5277044854881265,0.47067039106305425,0.5293296089369458
E1,1213,2013-04-06,Bolton,Wolves,2,0,H,,,0.48143684237768136,0.2747021982978535,0.2438609593244652,0.48918242023481195,0.2716190044339005,0.23919857533128752,0.0354721259791404,0.5026455026455027,0.4973544973544974,0.502799552071699,0.497200447928301
E1,1213,2013-04-06,Brighton,Leicester,1,1,D,fpl-team-5,,0.39107649605402156,0.2920852579903474,0.31683824595563104,0.39405681271353626,0.28996081168076276,0.3159823756057009,0.03496817103587091,0.4308093994778067,0.5691906005221932,0.42632749513192864,0.5736725048680713
E1,1213,2013-04-06,Burnley,Bristol City,3,1,H,,,0.48213141674705634,0.27429177375052466,0.24357680950241908,0.48974580354206343,0.27125428858306866,0.23899990787486783,0.034696179907768965,0.46194225721784776,0.5380577427821522,0.4598115299356801,0.5401884700643199
E1,1213,2013-04-06,Charlton,Leeds,2,1,H,,fpl-team-13,0.4198368142533809,0.2819988240316384,0.2981643617149807,0.42419295270027507,0.2794180887121909,0.2963889585875341,0.0340956246946007,0.4907651715039578,0.5092348284960422,0.49025015321171345,0.5097498467882865
E1,1213,2013-04-06,Crystal Palace,Barnsley,0,0,D,fpl-team-8,,0.50354012137559,0.26913351314902223,0.2273263654753877,0.5120749127266271,0.265889048441796,0.22203603883157697,0.03401895682327449,0.5277044854881265,0.4722955145118733,0.5293296089369458,0.47067039106305425
E1,1213,2013-04-06,Derby,Ipswich,0,1,A,,,0.4499064070400546,0.28272064249042705,0.26737295046951814,0.4558227591970796,0.28014602750836437,0.264031213294556,0.03437543008476496,0.4540682414698162,0.5459317585301837,0.4513672743432872,0.5486327256567128
E1,1213,2013-04-06,Huddersfield,Peterboro,2,2,D,,,0.4103831891223733,0.28182941903584674,0.30778739184178,0.4142980018696115,0.27921881793711223,0.3064831801932763,0.03441011602990329,0.5145118733509234,0.48548812664907653,0.5153288740238595,0.48467112597614054
E1,1213,2013-04-06,Hull,Middlesbrough,1,0,H,,,0.5283222353045939,0.2679456608851378,0.20373210381026824,0.5383371575143626,0.26453750159191053,0.1971253408937268,0.034926303662359715,0.48157894736842105,0.5184210526315789,0.4805830628839423,0.5194169371160577
E1,1213,2013-04-06,Nott'm Forest,Blackpool,1,1,D,fpl-team-18,,0.48484405279900544,0.2752203005594354,0.2399356466415591,0.4925449283720554,0.272247820159524,0.23520725146842064,0.03446377639193088,0.47631578947368425,0.5236842105263159,0.4750131874840955,0.5249868125159045
E1,1213,2013-04-06,Sheffield Weds,Blackburn,3,2,H,,,0.4405978922087566,0.2830507671159285,0.2763513406753148,0.4461964166947014,0.2804238573860729,0.27337972591922566,0.03536126739345491,0.4412532637075718,0.5587467362924282,0.43778687164624175,0.5622131283537581
E1,1213,2013-04-06,Watford,Cardiff,0,0,D,,,0.39152680623872266,0.28356032330622644,0.3249128704550511,0.39447742478865977,0.2810437271111862,0.32447884810015404,0.034355427604168653,0.5303430079155673,0.4696569920844328,0.5321426574931143,0.4678573425068856
E1,1213,2013-04-09,Cardiff,Barnsley,1,1,D,,,0.572247064994682,0.2476214212641896,0.18013151374112832,0.583856174563263,0.24339142086184812,0.1727524045748889,0.03310353611595929,0.5184210526315789,0.48157894736842105,0.5194169371160577,0.4805830628839423
E1,1213,2013-04-09,Millwall,Sheffield Weds,1,2,A,,,0.386753934221055,0.2891729415868196,0.3240731241921254,0.38928284850411987,0.2870871861033701,0.3236299653925101,0.032038389006629586,0.4375,0.5625,0.43386243386060414,0.5661375661393959
E1,1213,2013-04-12,Leicester,Birmingham,2,2,D,,,0.5698259794101765,0.2500566133049977,0.1801174072848259,0.5809771685756576,0.24606748565279685,0.1729553457715456,0.03210039995610714,0.513157894736842,0.48684210526315796,0.5138600138599122,0.48613998614008774
E1,1213,2013-04-13,Barnsley,Charlton,0,6,A,,,0.42781230878232585,0.2843386686419117,0.28784902257576245,0.4328555323686155,0.28172454692198834,0.2854199207093962,0.03617339953780174,0.4722955145118733,0.5277044854881265,0.47067039106305425,0.5293296089369458
E1,1213,2013-04-13,Blackburn,Derby,2,0,H,,,0.3796578802580903,0.28915120292102237,0.3311909168208873,0.3820745185176041,0.28685212803535204,0.3310733534470438,0.035373828955926,0.4710526315789474,0.5289473684210526,0.4694266099690281,0.5305733900309719
E1,1213,2013-04-13,Blackpool,Burnley,1,0,H,,,0.4106701227539875,0.2886133680035764,0.30071650924243604,0.4148228274588333,0.28621537232651506,0.2989618002146515,0.03639199840836227,0.4645669291338583,0.5354330708661418,0.46261216351077283,0.5373878364892272
E1,1213,2013-04-13,Bristol City,Bolton,1,2,A,,,0.32280674154512373,0.2835597212964765,0.3936335371583998,0.32224035486734787,0.2809258557150728,0.3968337894175794,0.03598412941209972,0.4986807387862796,0.5013192612137204,0.49860763018684684,0.5013923698131533
E1,1213,2013-04-13,Cardiff,Nott'm Forest,3,0,H,,fpl-team-18,0.4462509729309003,0.28262561618957016,0.2711234108795295,0.4522778003242767,0.27991443131116606,0.2678077683645573,0.03617757745087147,0.48284960422163586,0.5171503957783641,0.4818779970999063,0.5181220029000937
E1,1213,2013-04-13,Ipswich,Hull,1,2,A,,,0.3319874721708615,0.29335999899374865,0.3746525288353898,0.3319111951933256,0.2912440769149096,0.37684472789176476,0.03598694386892021,0.43116883116883115,0.5688311688311688,0.42710568301330365,0.5728943169866965
E1,1213,2013-04-13,Leeds,Sheffield Weds,2,1,H,fpl-team-13,,0.39820618955035536,0.28882239056893055,0.3129714198807141,0.40149525281901105,0.28657048851098477,0.3119342586700043,0.03433671942912042,0.4722955145118733,0.5277044854881265,0.47067039106305425,0.5293296089369458
E1,1213,2013-04-13,Middlesbrough,Brighton,0,2,A,,fpl-team-5,0.3479894113198033,0.2905332156813311,0.36147737299886545,0.34876605907006647,0.2882594957680075,0.3629744451619259,0.03614270640537143,0.4578947368421053,0.5421052631578948,0.45536212476552757,0.5446378752344725
E1,1213,2013-04-13,Peterboro,Watford,3,2,H,,,0.3285636480665446,0.277714512056246,0.39372183987720943,0.32830177046878756,0.2747829285249051,0.39691530100630734,0.03586696437560022,0.5575916230366492,0.4424083769633508,0.5611162041287278,0.4388837958712722
E1,1213,2013-04-13,Wolves,Huddersfield,1,3,A,,,0.43383296104342406,0.2843722153180981,0.28179482363847785,0.43918911072643846,0.28176189627408155,0.2790489929994799,0.03611702821217477,0.4722955145118733,0.5277044854881265,0.47067039106305425,0.5293296089369458
E1,1213,2013-04-16,Barnsley,Derby,1,1,D,,,0.376798126602981,0.2869196743857562,0.33628219901126266,0.37891100622605894,0.2846686642703948,0.33642032950354633,0.032935675932094455,0.47368421052631576,0.5263157894736842,0.47222222222641946,0.5277777777735805
E1,1213,2013-04-16,Blackburn,Huddersfield,1,0,H,,,0.42744190836852236,0.2841003620576282,0.28845772957384946,0.4318593583685896,0.281790491303415,0.2863501503279954,0.031746702967211604,0.46194225721784776,0.5380577427821522,0.4598115299356801,0.5401884700643199
E1,1213,2013-04-16,Blackpool,Sheffield Weds,0,0,D,,,0.43043705794665227,0.28434932918900063,0.2852136128643471,0.43515775402304885,0.28196822006297995,0.2828740259139713,0.03289694641716778,0.46052631578947373,0.5394736842105263,0.45818815331659807,0.541811846683402
E1,1213,2013-04-16,Bristol City,Birmingham,0,1,A,,,0.3501605481810056,0.286106789367407,0.36373266245158725,0.3509717384526167,0.2838251253739575,0.3652031361734258,0.03281856467947364,0.4973684210526315,0.5026315789473684,0.4972298401618182,0.5027701598381817
E1,1213,2013-04-16,Cardiff,Charlton,0,0,D,,,0.5516656384947564,0.25694016039481804,0.19139420111042565,0.562391003582929,0.2531319956963541,0.1844770007207169,0.03342264168895781,0.4960422163588391,0.503957783641161,0.49582265790303864,0.5041773420969614
E1,1213,2013-04-16,Ipswich,Crystal Palace,3,0,H,,fpl-team-8,0.3547140169915456,0.2892283523161833,0.3560576306922711,0.3557195629440002,0.28715374502884927,0.3571266920271505,0.031930525321513414,0.4476439790575916,0.5523560209424083,0.44456916381726636,0.5554308361827337
E1,1213,2013-04-16,Leeds,Burnley,1,0,H,fpl-team-13,,0.3889668627216938,0.28666976732699756,0.32436336995130866,0.391711027155862,0.2843738952795891,0.32391507756454896,0.033404930611141026,0.46194225721784776,0.5380577427821522,0.4598115299356801,0.5401884700643199
E1,1213,2013-04-16,Leicester,Bolton,3,2,H,,,0.4672618265501876,0.27542412650025716,0.25731404694955534,0.4736836650045297,0.27264007167983717,0.25367626331563314,0.0324593426194042,0.513157894736842,0.48684210526315796,0.5138600138599122,0.48613998614008774
E1,1213,2013-04-16,Middlesbrough,Nott'm Forest,1,0,H,,fpl-team-18,0.33418084567171186,0.287170696127679,0.37864845820060905,0.3342163005189429,0.28496277005546944,0.38082092942558765,0.0324697548057884,0.4671916010498688,0.5328083989501312,0.46540654231752615,0.5345934576824739
E1,1213,2013-04-16,Millwall,Watford,1,0,H,,,0.3266959163010462,0.28585892676341546,0.3874451569355383,0.3263636680518046,0.28353167607903756,0.3901046558691578,0.033286658115684986,0.4722955145118733,0.5277044854881265,0.47067039106305425,0.5293296089369458
E1,1213,2013-04-16,Peterboro,Brighton,0,0,D,,fpl-team-5,0.32705890042197194,0.2801967296152416,0.3927443699627864,0.32674859220876357,0.27763815387663626,0.39561325391460017,0.03269857889972627,0.531578947368421,0.4684210526315789,0.5333741239292438,0.4666258760707563
E1,1213,2013-04-16,Wolves,Hull,1,0,H,,,0.2957143317126574,0.2857970827832695,0.4184885855040732,0.293854214575352,0.28345233064998315,0.4226934547746648,0.03342095366679132,0.4476439790575916,0.5523560209424083,0.44456916381726636,0.5554308361827337
E1,1213,2013-04-19,Hull,Bristol City,0,0,D,,,0.6819716693133523,0.2082125893036341,0.10981574138301353,0.69814916457445,0.20219409077353445,0.09965674465201557,0.032125901081599295,0.531578947368421,0.4684210526315789,0.5333741239292438,0.4666258760707563
E1,1213,2013-04-20,Birmingham,Leeds,1,0,H,,fpl-team-13,0.41350991868992765,0.28405240615174354,0.302437675158329,0.4176604582791557,0.2815060862635776,0.30083345545726664,0.03506588749587536,0.4881266490765172,0.5118733509234827,0.48746168849481736,0.5125383115051826
E1,1213,2013-04-20,Bolton,Middlesbrough,2,1,H,,,0.5262035394991199,0.2623647900023623,0.21143167049851772,0.5358679424961353,0.25877189543150214,0.2053601620723625,0.03403721353970468,0.5197889182058046,0.4802110817941952,0.5209181681264694,0.47908183187353065
E1,1213,2013-04-20,Brighton,Blackpool,6,1,H,fpl-team-5,,0.4865333538204886,0.2739425335294246,0.23952411265008672,0.4945259040908257,0.27082449677273435,0.23464959913643998,0.03539191675372422,0.4514435695538058,0.5485564304461943,0.44853677534952663,0.5514632246504734
E1,1213,2013-04-20,Burnley,Cardiff,1,1,D,,,0.36938710120382656,0.2831967775896004,0.34741612120657295,0.37124745423203254,0.28061458228058034,0.34813796348738707,0.035035717068240047,0.47493403693931396,0.5250659630606861,0.47347850363148986,0.5265214963685101
E1,1213,2013-04-20,Charlton,Wolves,2,1,H,,,0.4108072037107543,0.28344448401927425,0.3057483122699713,0.41494677453494705,0.28078483850507413,0.3042683869599789,0.03621393674984574,0.47757255936675463,0.5224274406332454,0.4762821585986352,0.5237178414013648
E1,1213,2013-04-20,Crystal Palace,Leicester,2,2,D,fpl-team-8,,0.36675,0.286875,0.346375,0.36845602545924505,0.2845071969365596,0.34703677760419527,0.034653283189982176,0.4802110817941952,0.5197889182058046,0.47908183187353065,0.5209181681264694
E1,1213,2013-04-20,Derby,Peterboro,3,1,H,,,0.46111889874756984,0.27370507732677385,0.2651760239256563,0.46757767524806454,0.2706876044811112,0.2617347202708243,0.03423709888011217,0.5329815303430079,0.467018469656992,0.5349611232315755,0.4650388767684244
E1,1213,2013-04-20,Huddersfield,Millwall,3,0,H,,,0.3924753425564308,0.2865310783080691,0.32099357913550014,0.3955561378645704,0.28409952769669344,0.32034433443873617,0.03530426067300141,0.4578947368421053,0.5421052631578948,0.45536212476552757,0.5446378752344725
E1,1213,2013-04-20,Nott'm Forest,Barnsley,0,0,D,fpl-team-18,,0.541229605122664,0.26081538074156235,0.19795501413577352,0.551701992618336,0.25711076655906884,0.19118724082259514,0.03426393948029727,0.5171503957783641,0.48284960422163586,0.5181220029000937,0.4818779970999063
E1,1213,2013-04-20,Sheffield Weds,Ipswich,1,1,D,,,0.43115640350422896,0.2878798140320544,0.2809637824637168,0.4361351746107728,0.28556423446672385,0.2783005909225034,0.03446507826447487,0.4348958333333333,0.5651041666666667,0.43101354895108535,0.5689864510489147
E1,1213,2013-04-20,Watford,Blackburn,4,0,H,,,0.5221221315818785,0.2640109083422493,0.2138669600758724,0.5319038695845126,0.26038153017770316,0.2077146002377841,0.035209814785048366,0.5250659630606861,0.47493403693931396,0.5265214963685101,0.47347850363148986
E1,1213,2013-04-23,Millwall,Blackburn,1,2,A,,,0.41708906589427946,0.2896451846488052,0.29326574945691525,0.421152798479469,0.28752636284364697,0.2913208386768841,0.032829338451847434,0.427461139896373,0.5725388601036269,0.4232140408465464,0.5767859591534537
E1,1213,2013-04-26,Leicester,Watford,1,2,A,,,0.4656084656084655,0.26719576719576715,0.26719576719576715,0.47180509205665344,0.26409745397167333,0.26409745397167333,0.031697574304416776,0.5613577023498694,0.4386422976501305,0.5650609080815892,0.43493909191841096
E1,1213,2013-04-27,Barnsley,Hull,2,0,H,,,0.31246304447802375,0.28483673871624726,0.4027002168057289,0.31137221766389794,0.28232257882003947,0.4063052035160626,0.03521149163134396,0.4348958333333333,0.5651041666666667,0.43101354895108535,0.5689864510489147
E1,1213,2013-04-27,Blackburn,Crystal Palace,1,1,D,,fpl-team-8,0.3403195683751816,0.2853289064121187,0.3743515252126998,0.3406670784548543,0.2829084610986985,0.3764244604464472,0.034274557954631746,0.47631578947368425,0.5236842105263159,0.4750131874840955,0.5249868125159045
E1,1213,2013-04-27,Blackpool,Derby,2,1,H,,,0.42064461833512706,0.28383922574589127,0.29551615591898167,0.4252166517365365,0.2812509349937518,0.2935324132697116,0.03547501051798463,0.4554973821989528,0.544502617801047,0.45302829355420515,0.5469717064457948
E1,1213,2013-04-27,Bristol City,Huddersfield,1,3,A,,,0.32131560220967204,0.282485922184334,0.39619847560599397,0.32069144923964954,0.27988424708823223,0.39942430367211823,0.03477062750607729,0.48684210526315796,0.513157894736842,0.48613998614008774,0.5138600138599122
E1,1213,2013-04-27,Cardiff,Bolton,1,1,D,,,0.40143075466982436,0.2825781445258884,0.3159911008042874,0.40490870798403944,0.2799929546165276,0.31509833739943294,0.034598676953464746,0.5078947368421052,0.4921052631578948,0.5083123216311592,0.4916876783688407
E1,1213,2013-04-27,Ipswich,Birmingham,3,1,H,,,0.4334375644831034,0.28199552388057336,0.28456691163632325,0.4384814168332726,0.2794096363030211,0.2821089468637063,0.03411477920599282,0.46194225721784776,0.5380577427821522,0.4598115299356801,0.5401884700643199
E1,1213,2013-04-27,Leeds,Brighton,1,2,A,fpl-team-13,fpl-team-5,0.30367460791848117,0.28429112230666326,0.4120342697748555,0.30215387275837663,0.2817894010761871,0.41605672616543626,0.034614417469128966,0.45669291338582685,0.5433070866141733,0.4541895718808615,0.5458104281191385
E1,1213,2013-04-27,Middlesbrough,Charlton,2,2,D,,,0.4011684478037205,0.2841101773199601,0.3147213748763194,0.4046676344745564,0.28157764369481886,0.3137547218306247,0.03494808962568641,0.47368421052631576,0.5263157894736842,0.47222222222641946,0.5277777777735805
E1,1213,2013-04-27,Millwall,Nott'm Forest,0,1,A,,fpl-team-18,0.2923946929601972,0.28613547934942846,0.42146982769037433,0.29031164210997074,0.2837377424234629,0.42595061546656626,0.03442442719824612,0.4464751958224543,0.5535248041775457,0.4434513957758167,0.5565486042241833
E1,1213,2013-04-27,Peterboro,Sheffield Weds,1,0,H,,,0.4114472075010191,0.281320831634733,0.30723196086424787,0.41552608697633103,0.27861159054665724,0.3058623224770117,0.0353792323730886,0.5224274406332454,0.47757255936675463,0.5237178414013648,0.4762821585986352
E1,1213,2013-04-27,Wolves,Burnley,1,2,A,,,0.4109133180793018,0.2852517529174358,0.3038349290032623,0.4150430908283847,0.2826972382526896,0.3022596709189257,0.03607476642355323,0.4631578947368421,0.536842105263158,0.46100713011761374,0.5389928698823863
E1,1213,2013-04-30,Millwall,Crystal Palace,0,0,D,,fpl-team-8,0.35315877694930925,0.285532628171782,0.3613085948789087,0.35409968926663404,0.28326146975574623,0.36263884097761967,0.03226692124735564,0.4593175853018373,0.5406824146981627,0.45700416089548346,0.5429958391045165
E1,1213,2013-05-04,Birmingham,Blackburn,1,1,D,,,0.4447980012256635,0.2796634139442795,0.27553858483005705,0.45061556382266077,0.2768606775347441,0.27252375864259526,0.0353617062792182,0.4894736842105264,0.5105263157894737,0.4889147544617743,0.5110852455382258
E1,1213,2013-05-04,Bolton,Blackpool,2,2,D,,,0.6039856923863056,0.23760858456821668,0.1584057230454778,0.6176591032004692,0.23266657645891098,0.14967432034061978,0.03457633638754487,0.556135770234987,0.44386422976501305,0.5593758630222184,0.4406241369777816
E1,1213,2013-05-04,Brighton,Wolves,2,0,H,fpl-team-5,,0.4842193608233761,0.2685469443646884,0.2472336948119354,0.49204130463266704,0.26517667552799984,0.2427820198393332,0.03515376686118543,0.513157894736842,0.48684210526315796,0.5138600138599122,0.48613998614008774
E1,1213,2013-05-04,Burnley,Ipswich,2,0,H,,,0.4251655629139073,0.28344370860927154,0.2913907284768212,0.4298574954369681,0.2808970921884428,0.2892454123745892,0.03459934168495238,0.4631578947368421,0.536842105263158,0.46100713011761374,0.5389928698823863
E1,1213,2013-05-04,Charlton,Bristol City,4,1,H,,,0.5315036519321803,0.264250403220519,0.20424594484730071,0.5416309032773504,0.260672902774538,0.1976961939481117,0.03474759263917804,0.5236842105263159,0.47631578947368425,0.5249868125159045,0.4750131874840955
E1,1213,2013-05-04,Crystal Palace,Peterboro,3,2,H,fpl-team-8,,0.48053720990296284,0.26620669298601635,0.2532560971110209,0.48786041384843315,0.2628608755112339,0.24927871064033288,0.0337060890160501,0.5755208333333334,0.4244791666666667,0.5805041223544432,0.4194958776455569
E1,1213,2013-05-04,Derby,Millwall,1,0,H,,,0.42061179898033496,0.2829570284049527,0.2964311726147123,0.42518737753542635,0.2803200410670645,0.29449258139750917,0.035517018055543303,0.4842105263157894,0.5157894736842105,0.4833629103791193,0.5166370896208807
E1,1213,2013-05-04,Huddersfield,Barnsley,2,2,D,,,0.4175913046291205,0.28259955358587,0.29980914178500956,0.42189240114549903,0.28001439895691516,0.2980931998975857,0.034569573355838656,0.48548812664907653,0.5145118733509234,0.48467112597614054,0.5153288740238595
E1,1213,2013-05-04,Hull,Cardiff,2,2,D,,,0.47016948770114203,0.2776371752300512,0.25219333706880664,0.47713589496677766,0.274789719087507,0.2480743859457153,0.03450179332867265,0.4881266490765172,0.5118733509234827,0.48746168849481736,0.5125383115051826
E1,1213,2013-05-04,Nott'm Forest,Leicester,2,3,A,fpl-team-18,,0.39755472293433247,0.2780516663380004,0.3243936107276671,0.4008911457632379,0.275188913580919,0.3239199406558431,0.035217762109823525,0.5145118733509234,0.48548812664907653,0.5153288740238595,0.48467112597614054
E1,1213,2013-05-04,Sheffield Weds,Middlesbrough,2,0,H,,,0.5075142650486216,0.27067427469259825,0.22181146025878004,0.5166496561338643,0.2673545193690396,0.2159958244970962,0.035623913165181875,0.5157894736842105,0.4842105263157894,0.5166370896208807,0.4833629103791193
E1,1213,2013-05-04,Watford,Leeds,1,2,A,,fpl-team-13,0.6619329194381034,0.20879763230597895,0.1292694482559177,0.6793272616876244,0.2020211445483714,0.11865159376400423,0.03658822667784989,0.6025641025641025,0.3974358974358974,0.6098146877052374,0.3901853122947625
