league,season,date,home_team_raw,away_team_raw,home_goals,away_goals,result,home_team_id,away_team_id,prob_home_proportional,prob_draw_proportional,prob_away_proportional,prob_home_shin,prob_draw_shin,prob_away_shin,shin_z,prob_over25_proportional,prob_under25_proportional,prob_over25_shin,prob_under25_shin
E1,1314,2013-08-03,Barnsley,Wigan,0,4,A,,,0.32905243820698904,0.283184522578136,0.387763039214875,0.3288235748088971,0.28059821679130514,0.39057820839979773,0.03506406536325812,0.4814814814814815,0.5185185185185185,0.4803767660946392,0.5196232339053608
E1,1314,2013-08-03,Birmingham,Watford,0,1,A,,,0.33606001472907243,0.2857023978430646,0.37823758742786284,0.3361952341771389,0.283236184407332,0.38056858141552913,0.03520962665788829,0.4788359788359788,0.5211640211640212,0.47756401267728427,0.5224359873227157
E1,1314,2013-08-03,Bournemouth,Charlton,2,1,H,fpl-team-3,,0.4330865089398591,0.28216242249112033,0.2847510685690205,0.43853699710087507,0.2793674269807249,0.2820955759184,0.03704330511391163,0.4617414248021108,0.5382585751978891,0.459383753504971,0.540616246495029
E1,1314,2013-08-03,Burnley,Bolton,1,1,D,,,0.36256122076406877,0.28582280287228734,0.35161597636364406,0.3641353734429193,0.2832669325388294,0.3525976940182513,0.036623500753194094,0.46825396825396826,0.5317460317460317,0.46627034320104876,0.5337296567989512
E1,1314,2013-08-03,Doncaster,Blackpool,1,3,A,,,0.38754130167113715,0.28474833445958553,0.3277103638692774,0.390369300556548,0.2822208191574669,0.32740988028598506,0.03536973404698074,0.4617414248021108,0.5382585751978891,0.459383753504971,0.540616246495029
E1,1314,2013-08-03,Leeds,Brighton,2,1,H,fpl-team-13,fpl-team-5,0.38611267699041685,0.28487581656000266,0.32901150644958055,0.38884754227494545,0.2823718711825979,0.32878058654245673,0.03512919368222356,0.4617414248021108,0.5382585751978891,0.459383753504971,0.540616246495029
E1,1314,2013-08-03,Middlesbrough,Leicester,1,2,A,,,0.34671557297424044,0.2860935249388671,0.36719090208689237,0.3474225325829585,0.2835865265206461,0.36899094089639545,0.03611559281125665,0.46825396825396826,0.5317460317460317,0.46627034320104876,0.5337296567989512
E1,1314,2013-08-03,Millwall,Yeovil,0,1,A,,,0.4749090032178573,0.27620820365192883,0.24888279313021394,0.48268855184156045,0.27305355996132696,0.24425788819711253,0.03729380085133016,0.4591029023746703,0.5408970976253298,0.4565461171848933,0.5434538828151066
E1,1314,2013-08-03,Nott'm Forest,Huddersfield,1,0,H,fpl-team-18,,0.5360045434071637,0.2612459119127353,0.2027495446801011,0.5468380496027264,0.25734047693919376,0.19582147345807982,0.036386239575222135,0.4591029023746703,0.5408970976253298,0.4565461171848933,0.5434538828151066
E1,1314,2013-08-03,QPR,Sheffield Weds,2,1,H,,,0.5150519108797055,0.26559656942799625,0.2193515196922981,0.5248255275365508,0.26191802577701584,0.2132564466864334,0.036559056024998426,0.467018469656992,0.5329815303430079,0.4650388767684244,0.5349611232315755
E1,1314,2013-08-03,Reading,Ipswich,2,1,H,,,0.48817592955779326,0.27026551462474935,0.24155855581745733,0.4964791729720354,0.2668660621245823,0.23665476490338225,0.03639349527657032,0.48010610079575594,0.519893899204244,0.47885894689683706,0.521141053103163
E1,1314,2013-08-04,Derby,Blackburn,1,1,D,,,0.45315402852812003,0.27782657701426405,0.2690193944576159,0.45946679397196005,0.2748984181649023,0.26563478786313766,0.03570645023137331,0.462962962962963,0.537037037037037,0.46059113300006654,0.5394088669999334
E1,1314,2013-08-10,Blackburn,Nott'm Forest,0,1,A,,fpl-team-18,0.362300687651089,0.2876110074276338,0.3500883049212771,0.3637901643132148,0.2852627881129141,0.350947047573871,0.03492524707689881,0.4593175853018373,0.5406824146981627,0.45700416089548346,0.5429958391045165
E1,1314,2013-08-10,Blackpool,Barnsley,1,0,H,,,0.49864718805852065,0.27491399224340723,0.2264388196980722,0.5068151298339176,0.27200026527878973,0.2211846048872926,0.033511386485770345,0.4907651715039578,0.5092348284960422,0.49025015321171345,0.5097498467882865
E1,1314,2013-08-10,Bolton,Reading,1,1,D,,,0.40862545110913784,0.2835612978908866,0.30781325099997553,0.4124459202945741,0.28104145549644044,0.30651262420898556,0.03436337749008089,0.5118733509234827,0.4881266490765172,0.5125383115051826,0.48746168849481736
E1,1314,2013-08-10,Brighton,Derby,1,2,A,fpl-team-5,,0.49270603434354304,0.27614792485331324,0.2311460408031437,0.5007545866514381,0.27323475099349864,0.22601066235506326,0.034255315782502294,0.45669291338582685,0.5433070866141733,0.4541895718808615,0.5458104281191385
E1,1314,2013-08-10,Charlton,Middlesbrough,0,1,A,,,0.4315645955647069,0.28378641587133757,0.2846489885639556,0.43649179493882856,0.28130144992258027,0.28220675513859117,0.03395828162319958,0.48548812664907653,0.5145118733509234,0.48467112597614054,0.5153288740238595
E1,1314,2013-08-10,Huddersfield,QPR,1,1,D,,,0.2973267866884888,0.2864157119476268,0.4162575013638843,0.2955211716340606,0.28406935557929935,0.4204094727866399,0.033895706525072455,0.4631578947368421,0.536842105263158,0.46100713011761374,0.5389928698823863
E1,1314,2013-08-10,Ipswich,Millwall,3,0,H,,,0.4563171448037476,0.28091596001431907,0.2627668951819333,0.46259604577257313,0.2782322809986231,0.25917167322880375,0.034588073031045496,0.4528795811518324,0.5471204188481674,0.45021710872652343,0.5497828912734765
E1,1314,2013-08-10,Sheffield Weds,Burnley,1,2,A,,,0.4318808385727603,0.28836351375473535,0.2797556476725044,0.43676764248355876,0.28613092866904943,0.27710142884739186,0.033566660014912486,0.4540682414698162,0.5459317585301837,0.4513672743432872,0.5486327256567128
E1,1314,2013-08-10,Watford,Bournemouth,6,1,H,,fpl-team-3,0.5535116850409254,0.25558326440414314,0.1909050505549314,0.5647685237259158,0.251548044267266,0.18368343200681828,0.034817112842574716,0.5250659630606861,0.47493403693931396,0.5265214963685101,0.47347850363148986
E1,1314,2013-08-10,Yeovil,Birmingham,0,1,A,,,0.36486791789739687,0.2891832414295158,0.3459488406730874,0.3665079328513621,0.28689085986333246,0.3466012072853054,0.0353108374401927,0.4789473684210527,0.5210526315789473,0.47779997779921773,0.5222000222007822
E1,1314,2013-08-11,Leicester,Leeds,0,0,D,,fpl-team-13,0.5433841760735297,0.2581825366979202,0.1984332872285501,0.554265656015266,0.254236618354398,0.191497725630336,0.03525776322931051,0.5132275132275131,0.48677248677248675,0.5140071716723167,0.4859928283276833
E1,1314,2013-08-16,Doncaster,Blackburn,2,0,H,,,0.3426288877655034,0.2906511307979812,0.36671998143651535,0.34307254617899086,0.2886013823010427,0.36832607151996644,0.032604802399873734,0.4464751958224543,0.5535248041775457,0.4434513957758167,0.5565486042241833
E1,1314,2013-08-17,Barnsley,Charlton,2,2,D,,,0.384133646187911,0.28928583231435273,0.32658052149773614,0.38664422536189685,0.28711421344777166,0.3262415611903315,0.033472694689407945,0.4540682414698162,0.5459317585301837,0.4513672743432872,0.5486327256567128
E1,1314,2013-08-17,Birmingham,Brighton,0,1,A,,fpl-team-5,0.338307199110842,0.28834182816524073,0.37335097272391726,0.3385486595917522,0.2861185130067884,0.3753328274014594,0.033569649560377,0.450261780104712,0.549738219895288,0.44739756368406325,0.5526024363159369
E1,1314,2013-08-17,Bournemouth,Wigan,1,0,H,fpl-team-3,,0.2684793811448357,0.27886697624865375,0.4526536426065105,0.26525572522185453,0.2761523870637682,0.45859188771437726,0.033698070561513305,0.5118733509234827,0.4881266490765172,0.5125383115051826,0.48746168849481736
E1,1314,2013-08-17,Burnley,Yeovil,2,0,H,,,0.5583527059418701,0.2569952180773539,0.18465207598077593,0.5693684722665707,0.2531940167783217,0.17743751095510757,0.03333092760294676,0.47368421052631576,0.5263157894736842,0.47222222222641946,0.5277777777735805
E1,1314,2013-08-17,Derby,Leicester,0,1,A,,,0.38100550349546336,0.2866279934553027,0.332366503049234,0.3833611873954966,0.2843258369619912,0.3323129756425122,0.03347986633889377,0.47493403693931396,0.5250659630606861,0.47347850363148986,0.5265214963685101
E1,1314,2013-08-17,Leeds,Sheffield Weds,1,1,D,fpl-team-13,,0.4450755000640984,0.2803311358612679,0.2745933640746338,0.4504394460166024,0.277785000624912,0.2717755533584855,0.0324813750339672,0.4657894736842106,0.5342105263157895,0.4638195430185368,0.5361804569814632
E1,1314,2013-08-17,Middlesbrough,Blackpool,1,1,D,,,0.4567847185419019,0.27869305744371986,0.2645222240143782,0.4629890476856896,0.275941268086354,0.26106968422795634,0.03403832693584263,0.47631578947368425,0.5236842105263159,0.4750131874840955,0.5249868125159045
E1,1314,2013-08-17,Millwall,Huddersfield,0,1,A,,,0.4356152252636906,0.2872922497904708,0.2770925249458387,0.4407393821958052,0.28498237642515706,0.2742782413790378,0.033918582601472735,0.44386422976501305,0.556135770234987,0.4406241369777816,0.5593758630222184
E1,1314,2013-08-17,Nott'm Forest,Bolton,3,0,H,fpl-team-18,,0.4345549738219895,0.28272251308900526,0.28272251308900526,0.4394523135238082,0.28027384323809595,0.28027384323809595,0.032738164998590946,0.450261780104712,0.549738219895288,0.44739756368406325,0.5526024363159369
E1,1314,2013-08-17,QPR,Ipswich,1,0,H,,,0.5045440300846129,0.272015042306487,0.22344092760890003,0.5128624739692436,0.26900809045710034,0.21812943557365608,0.03295106207951903,0.47631578947368425,0.5236842105263159,0.4750131874840955,0.5249868125159045
E1,1314,2013-08-17,Reading,Watford,3,3,D,,,0.3794353260981487,0.2797627628246051,0.3408019110772463,0.38171464401120925,0.2771208903297736,0.34116446565901715,0.03352196631021798,0.5459317585301837,0.4540682414698162,0.5486327256567128,0.4513672743432872
E1,1314,2013-08-20,Wigan,Doncaster,2,2,D,,,0.6245551601423488,0.23131672597864772,0.14412811387900357,0.639108103257668,0.2260840771161778,0.1348078196261542,0.03429861553013325,0.5224274406332454,0.47757255936675463,0.5237178414013648,0.4762821585986352
E1,1314,2013-08-24,Blackburn,Barnsley,5,2,H,,,0.4591787486244908,0.27824861483812424,0.2625726365373849,0.46595351893317594,0.2752757311946212,0.2587707498722029,0.03650424163788557,0.4696569920844328,0.5303430079155673,0.4678573425068856,0.5321426574931143
E1,1314,2013-08-24,Blackpool,Reading,1,0,H,,,0.33036404920527984,0.2814581929785163,0.3881777578162038,0.33019464749826344,0.278659421089359,0.3911459314123775,0.036722921300679445,0.5197889182058046,0.4802110817941952,0.5209181681264694,0.47908183187353065
E1,1314,2013-08-24,Bolton,QPR,0,1,A,,,0.36733924983255195,0.28708975217682525,0.3455709979906229,0.36913676216399216,0.2846498685765473,0.34621336925946056,0.03589826915413141,0.4722955145118733,0.5277044854881265,0.47067039106305425,0.5293296089369458
E1,1314,2013-08-24,Brighton,Burnley,2,0,H,fpl-team-5,,0.456420494932977,0.281298431922439,0.262281073144584,0.4631532123986181,0.2784430970060549,0.258403690595327,0.03710003523156047,0.4578947368421053,0.5421052631578948,0.45536212476552757,0.5446378752344725
E1,1314,2013-08-24,Huddersfield,Bournemouth,5,1,H,,fpl-team-3,0.4364663266765169,0.2830417997235595,0.2804918735999238,0.4418512778869839,0.28041499056636293,0.2777337315466532,0.035373127553611994,0.4540682414698162,0.5459317585301837,0.4513672743432872,0.5486327256567128
E1,1314,2013-08-24,Ipswich,Leeds,1,2,A,,fpl-team-13,0.3954327619457527,0.28714502098214656,0.3174222170721008,0.39871321913052454,0.284711283988978,0.31657549688049746,0.03580540826078504,0.4696569920844328,0.5303430079155673,0.4678573425068856,0.5321426574931143
E1,1314,2013-08-24,Leicester,Birmingham,3,2,H,,,0.5590366104931147,0.25933087208986155,0.18163251741702363,0.5709220200624705,0.25535332076860445,0.17372465916892488,0.03592483140528202,0.5013192612137204,0.4986807387862796,0.5013923698131533,0.49860763018684684
E1,1314,2013-08-24,Sheffield Weds,Millwall,2,2,D,,,0.46164569260486715,0.2800373270455951,0.2583169803495379,0.4685112458738766,0.27717521311054816,0.2543135410155753,0.03628263925202191,0.4476439790575916,0.5523560209424083,0.44456916381726636,0.5554308361827337
E1,1314,2013-08-24,Yeovil,Derby,0,3,A,,,0.2884831075356449,0.2840854991890649,0.4274313932752903,0.28605634744320274,0.2814239637445584,0.43251968881223884,0.036652258830145,0.4761904761904762,0.5238095238095238,0.4747474747483622,0.5252525252516378
E1,1314,2013-08-25,Watford,Nott'm Forest,1,1,D,,fpl-team-18,0.4463576158940397,0.27682119205298006,0.27682119205298006,0.452369190883806,0.273815404558097,0.273815404558097,0.036048542242497206,0.5211640211640212,0.4788359788359788,0.5224359873227157,0.47756401267728427
E1,1314,2013-08-25,Wigan,Middlesbrough,2,2,D,,,0.532602423542989,0.2625504904789383,0.20484708597807272,0.5433530440372913,0.25868071519731894,0.1979662407653897,0.03672292712144554,0.5185185185185185,0.4814814814814815,0.5196232339053608,0.4803767660946392
E1,1314,2013-08-31,Barnsley,Huddersfield,2,1,H,,,0.3643049238022511,0.28371625883993495,0.351978817357814,0.3658580586381162,0.28123105972074136,0.3529108816411424,0.034054169431328773,0.5105820105820106,0.48941798941798953,0.5112029127571766,0.48879708724282345
E1,1314,2013-08-31,Birmingham,Ipswich,1,1,D,,,0.38067080745341614,0.2872546583850932,0.3320745341614907,0.38304225635749606,0.28495204194179746,0.33200570170070653,0.03394901170395315,0.467018469656992,0.5329815303430079,0.4650388767684244,0.5349611232315755
E1,1314,2013-08-31,Blackburn,Bolton,4,1,H,,,0.38174196360014107,0.2877747110216448,0.330483325378214,0.38421480629977406,0.28545339184422663,0.3303318018559993,0.03462486923672259,0.48548812664907653,0.5145118733509234,0.48467112597614054,0.5153288740238595
E1,1314,2013-08-31,Blackpool,Watford,1,0,H,,,0.2902982407370637,0.2749295103451015,0.4347722489178349,0.2880721517175615,0.27192072564512887,0.4400071226373097,0.03495678899344057,0.5277044854881265,0.4722955145118733,0.5293296089369458,0.47067039106305425
E1,1314,2013-08-31,Brighton,Millwall,1,1,D,fpl-team-5,,0.5379303249701006,0.2629210015303301,0.1991486734995692,0.54829193764301,0.2593033520844841,0.19240471027250597,0.03444657404907048,0.45669291338582685,0.5433070866141733,0.4541895718808615,0.5458104281191385
E1,1314,2013-08-31,Charlton,Leicester,2,1,H,,,0.30901078567428725,0.2803301438901469,0.410659070435566,0.30778096310481956,0.2776716768200896,0.41454736007509085,0.03405103809200227,0.5185185185185185,0.4814814814814815,0.5196232339053608,0.4803767660946392
E1,1314,2013-08-31,Derby,Burnley,0,3,A,,,0.4828539458961364,0.27879067114241207,0.23835538296145153,0.49032982822477705,0.2760431695698801,0.23362700220534274,0.033894462743774056,0.46052631578947373,0.5394736842105263,0.45818815331659807,0.541811846683402
E1,1314,2013-08-31,Doncaster,Bournemouth,0,1,A,,fpl-team-3,0.4052780395852969,0.2836946277097079,0.31102733270499533,0.4089018659511336,0.28120033723183085,0.30989779681703555,0.034109492087736726,0.48284960422163586,0.5171503957783641,0.4818779970999063,0.5181220029000937
E1,1314,2013-08-31,Leeds,QPR,0,1,A,fpl-team-13,,0.3405303140312081,0.28637870446049607,0.3730909815082958,0.34088541098618175,0.2840335210791374,0.3750810679346808,0.03394274180755019,0.4722955145118733,0.5277044854881265,0.47067039106305425,0.5293296089369458
E1,1314,2013-08-31,Middlesbrough,Sheffield Weds,1,1,D,,,0.46730721143281484,0.27733365663668536,0.25535913193049986,0.47424210914617587,0.2744245513575044,0.2513333394963197,0.03508522245101631,0.4947089947089948,0.5052910052910053,0.49440042556694624,0.5055995744330538
E1,1314,2013-08-31,Wigan,Nott'm Forest,2,1,H,,fpl-team-18,0.4304097311139565,0.2813220230473752,0.28826824583866834,0.43548162820345265,0.278606919729364,0.28591145206718327,0.03539433144032955,0.4960422163588391,0.503957783641161,0.49582265790303864,0.5041773420969614
E1,1314,2013-08-31,Yeovil,Reading,0,1,A,,,0.26091152328006084,0.2730823231998304,0.4660061535201087,0.25729230825779975,0.2700616020997145,0.47264608964248567,0.033899585250765085,0.5433070866141733,0.45669291338582685,0.5458104281191385,0.4541895718808615
E1,1314,2013-09-14,Bolton,Leeds,0,1,A,,fpl-team-13,0.4022784143289872,0.28453839062294217,0.3131831950480706,0.4059176581201954,0.2819693510962545,0.31211299078355004,0.03577348648104817,0.48412698412698413,0.5158730158730157,0.48318621269531237,0.5168137873046875
E1,1314,2013-09-14,Bournemouth,Blackpool,1,2,A,fpl-team-3,,0.39457490686535396,0.2865220862160724,0.3189030069185737,0.39791345530550826,0.2839771399538727,0.31810940474061905,0.036971786874346435,0.48677248677248675,0.5132275132275131,0.4859928283276833,0.5140071716723167
E1,1314,2013-09-14,Burnley,Blackburn,1,1,D,,,0.4225290680064133,0.28382651680673965,0.293644415186847,0.4272031594865241,0.2812352094206132,0.2915616310928627,0.035500866593793035,0.4788359788359788,0.5211640211640212,0.47756401267728427,0.5224359873227157
E1,1314,2013-09-14,Huddersfield,Doncaster,0,0,D,,,0.49362282153636455,0.2760198617466653,0.2303573167169701,0.5021459424218416,0.27294364659930603,0.2249104109788524,0.03610285907052457,0.48284960422163586,0.5171503957783641,0.4818779970999063,0.5181220029000937
E1,1314,2013-09-14,Ipswich,Middlesbrough,3,1,H,,,0.4079071226859115,0.28616253529965485,0.30593034201443364,0.41204799800938036,0.2835488074762824,0.30440319451433706,0.03765752771869302,0.48412698412698413,0.5158730158730157,0.48318621269531237,0.5168137873046875
E1,1314,2013-09-14,Leicester,Wigan,2,0,H,,,0.4036660229991066,0.28342507997809613,0.3129088970227974,0.40742664873893186,0.2807636375247754,0.3118097137362928,0.03624535340350121,0.5211640211640212,0.4788359788359788,0.5224359873227157,0.47756401267728427
E1,1314,2013-09-14,Millwall,Derby,1,5,A,,,0.32298260479489604,0.2880925085979165,0.3889248866071873,0.3224314821951804,0.2857170568772637,0.39185146092755585,0.0356874936260283,0.4450261780104712,0.5549738219895288,0.44173140953637374,0.5582685904636263
E1,1314,2013-09-14,Nott'm Forest,Barnsley,3,2,H,fpl-team-18,,0.5986745291508305,0.24195136411277096,0.15937410673639857,0.6125764531551147,0.2370488425043121,0.1503747043405732,0.0358822604175657,0.5303430079155673,0.4696569920844328,0.5321426574931143,0.4678573425068856
E1,1314,2013-09-14,QPR,Birmingham,1,0,H,,,0.6063579277864992,0.24254317111459966,0.15109890109890112,0.620692186996438,0.23763991403328108,0.1416678989702809,0.03601920243818313,0.5,0.5,0.5,0.5
E1,1314,2013-09-14,Sheffield Weds,Yeovil,1,1,D,,,0.5237989741937217,0.2694688364349204,0.206732189371358,0.5340228961067509,0.26598933496314886,0.1999877689301002,0.0365236452780664,0.48941798941798953,0.5105820105820106,0.48879708724282345,0.5112029127571766
E1,1314,2013-09-14,Watford,Charlton,1,1,D,,,0.5695677532240295,0.249756982697168,0.18067526407880244,0.581912842789978,0.2453134803923991,0.1727736768176229,0.03565639234147966,0.5575916230366492,0.4424083769633508,0.5611162041287278,0.4388837958712722
E1,1314,2013-09-15,Reading,Brighton,0,0,D,,fpl-team-5,0.4233245013408814,0.2852277890132158,0.2914477096459027,0.4279084724498358,0.2827791885326913,0.28931233901747283,0.03449260746128857,0.48677248677248675,0.5132275132275131,0.4859928283276833,0.5140071716723167
E1,1314,2013-09-17,Bolton,Derby,2,2,D,,,0.37341701407144606,0.2857550930851614,0.34082789284339254,0.3753962574912692,0.2834109002973775,0.3411928422113533,0.033476512180641294,0.4881266490765172,0.5118733509234827,0.48746168849481736,0.5125383115051826
E1,1314,2013-09-17,Bournemouth,Barnsley,1,0,H,fpl-team-3,,0.4598116313094367,0.27670080468178493,0.2634875640087784,0.46599942198407696,0.273924934341469,0.2600756436744541,0.03312275349162519,0.5250659630606861,0.47493403693931396,0.5265214963685101,0.47347850363148986
E1,1314,2013-09-17,Burnley,Birmingham,3,0,H,,,0.49862233619241314,0.27329737377310104,0.2280802900344858,0.5067958289301739,0.27030311017942865,0.22290106089039743,0.03353673405945301,0.4710526315789474,0.5289473684210526,0.4694266099690281,0.5305733900309719
E1,1314,2013-09-17,Huddersfield,Charlton,2,1,H,,,0.4184604981404261,0.28490927532965177,0.29663022652992227,0.4226683906153671,0.2825186403828292,0.2948129690018037,0.0334569294936955,0.48284960422163586,0.5171503957783641,0.4818779970999063,0.5181220029000937
E1,1314,2013-09-17,Ipswich,Yeovil,2,1,H,,,0.5761921602467075,0.25179442927671136,0.17201341047658117,0.5878475899198506,0.24780320614086385,0.16434920393928554,0.032719342270866036,0.5277044854881265,0.4722955145118733,0.5293296089369458,0.47067039106305425
E1,1314,2013-09-17,Leicester,Blackburn,2,1,H,,,0.5266989489539086,0.2663420821414651,0.20695896890462628,0.5362448994823855,0.2629930666828322,0.20076203383478225,0.033534993533976376,0.5171503957783641,0.48284960422163586,0.5181220029000937,0.4818779970999063
E1,1314,2013-09-17,Millwall,Blackpool,3,1,H,,,0.35140623118415754,0.29048131184572773,0.3581124569701147,0.3522813578571951,0.2884044131714812,0.3593142289713237,0.03291564481332898,0.4514435695538058,0.5485564304461943,0.44853677534952663,0.5514632246504734
E1,1314,2013-09-17,Nott'm Forest,Middlesbrough,2,2,D,fpl-team-18,,0.5179882339837382,0.26941342054901324,0.2125983454672485,0.527097965608565,0.2662226917324619,0.206679342658973,0.03349469811655581,0.5092348284960422,0.4907651715039578,0.5097498467882865,0.49025015321171345
E1,1314,2013-09-17,Watford,Doncaster,2,1,H,,,0.5939702220102792,0.24696656599374767,0.1590632119959731,0.6066348294254443,0.24266845584393235,0.15069671473062332,0.03320930618792772,0.536842105263158,0.4631578947368421,0.5389928698823863,0.46100713011761374
E1,1314,2013-09-18,QPR,Brighton,0,0,D,,fpl-team-5,0.49093242645512625,0.2776105982930774,0.2314569752517965,0.4993351901183705,0.27461112414544997,0.22605368573617954,0.036199486115947366,0.4397905759162304,0.5602094240837696,0.43602581218352804,0.563974187816472
E1,1314,2013-09-18,Reading,Leeds,1,0,H,,fpl-team-13,0.44179009900990096,0.2807762376237624,0.2774336633663366,0.44762266173223786,0.2779485013251886,0.2744288369425734,0.03645260026678443,0.5,0.5,0.5,0.5
E1,1314,2013-09-21,Barnsley,Watford,1,5,A,,,0.26948794037205487,0.2734393764478914,0.4570726831800538,0.2660685525400905,0.2702280812636286,0.46370336619628094,0.036329146940261126,0.5291005291005291,0.4708994708994709,0.5308988764074939,0.4691011235925061
E1,1314,2013-09-21,Birmingham,Sheffield Weds,4,1,H,,,0.4042871222076216,0.2864733902759527,0.3092394875164258,0.40799634678939384,0.2840290369919336,0.30797461621867256,0.03541946143377572,0.46052631578947373,0.5394736842105263,0.45818815331659807,0.541811846683402
E1,1314,2013-09-21,Blackburn,Huddersfield,0,0,D,,,0.4675157872203789,0.276891790645403,0.2555924221342181,0.4749408023259817,0.27375701668778235,0.251302180986236,0.03754948149435222,0.4881266490765172,0.5118733509234827,0.48746168849481736,0.5125383115051826
E1,1314,2013-09-21,Blackpool,Leicester,2,2,D,,,0.31640625,0.2880859375,0.39550781250000006,0.31550874040183446,0.28570810258506635,0.39878315701309913,0.035703298868611455,0.48412698412698413,0.5158730158730157,0.48318621269531237,0.5168137873046875
E1,1314,2013-09-21,Brighton,Bolton,3,1,H,fpl-team-5,,0.4877311515533458,0.2764292283284541,0.2358396201182001,0.496119564628975,0.2733122941349343,0.23056814123609076,0.036890227580443025,0.4735449735449735,0.5264550264550264,0.4719266724690414,0.5280733275309587
E1,1314,2013-09-21,Charlton,Millwall,0,1,A,,,0.4349338182164664,0.28509381376993986,0.27997236801359365,0.4401478127282401,0.2826165062007014,0.2772356810710585,0.034756844164803624,0.4735449735449735,0.5264550264550264,0.4719266724690414,0.5280733275309587
E1,1314,2013-09-21,Derby,Reading,1,3,A,,,0.43192480745520623,0.2810113205130258,0.2870638720317679,0.43716110027325045,0.27823455721596646,0.28460434251078304,0.03598990140017122,0.5185185185185185,0.4814814814814815,0.5196232339053608,0.4803767660946392
E1,1314,2013-09-21,Doncaster,Nott'm Forest,2,2,D,,fpl-team-18,0.2679155864722512,0.2816756014874424,0.4504088120403065,0.2644122109565441,0.2788984614403646,0.4566893276030913,0.03636749926954508,0.4643799472295515,0.5356200527704486,0.4622145096316831,0.537785490368317
E1,1314,2013-09-21,Leeds,Burnley,1,2,A,fpl-team-13,,0.4130516324733357,0.2828777846635572,0.30407058286310706,0.41724719112065034,0.28022803234268634,0.3025247765366634,0.03566078655421734,0.4708994708994709,0.5291005291005291,0.4691011235925061,0.5308988764074939
E1,1314,2013-09-21,Middlesbrough,Bournemouth,3,3,D,,fpl-team-3,0.47078265017547455,0.27660226924256365,0.25261508058196197,0.47818161591543595,0.2735357258556791,0.24828265822888498,0.036514960462227464,0.5145888594164455,0.4854111405835544,0.5154920849523393,0.4845079150476607
E1,1314,2013-09-21,Yeovil,QPR,0,1,A,,,0.2101317853460684,0.2698213939371255,0.5200468207168061,0.20341506799674675,0.26628354998691556,0.5303013820163377,0.03737484384328127,0.4578947368421053,0.5421052631578948,0.45536212476552757,0.5446378752344725
E1,1314,2013-09-22,Wigan,Ipswich,2,0,H,,,0.504537045194256,0.2705488503215576,0.22491410448418642,0.5135782965528419,0.26720230256999794,0.21921940087716016,0.03586669289506972,0.5132275132275131,0.48677248677248675,0.5140071716723167,0.4859928283276833
E1,1314,2013-09-27,Huddersfield,Blackpool,1,1,D,,,0.41471593526022776,0.28488085522435097,0.3004032095154213,0.4187445878128362,0.28248611733293405,0.29876929485422976,0.03350730589590967,0.4708994708994709,0.5291005291005291,0.4691011235925061,0.5308988764074939
E1,1314,2013-09-28,Bolton,Yeovil,1,1,D,,,0.5426686821492372,0.25999725161467635,0.19733406623608626,0.5537283086332438,0.2560653432254774,0.19020634814127868,0.035975437611341476,0.5291005291005291,0.4708994708994709,0.5308988764074939,0.4691011235925061
E1,1314,2013-09-28,Bournemouth,Blackburn,1,3,A,fpl-team-3,,0.39620807000486147,0.2868254739912494,0.3169664560038892,0.39943371684897544,0.28444538889838517,0.31612089425263945,0.03475595312193036,0.4854111405835544,0.5145888594164455,0.4845079150476607,0.5154920849523393
E1,1314,2013-09-28,Burnley,Charlton,3,0,H,,,0.5099154389329614,0.2673768633946474,0.22270769767239126,0.5192785171328995,0.26384774474547695,0.2168737381216235,0.036022104090079665,0.5013262599469495,0.4986737400530504,0.5014071822580904,0.49859281774190956
E1,1314,2013-09-28,Ipswich,Brighton,2,0,H,,fpl-team-5,0.3890111715602807,0.2890485485277628,0.32194027991195645,0.39193280468524255,0.28673061207158945,0.321336583243168,0.035568194347433746,0.4526315789473684,0.5473684210526316,0.4496869409663943,0.5503130590336057
E1,1314,2013-09-28,Leicester,Barnsley,2,1,H,,,0.6311777517172056,0.2272854191098453,0.14153682917294913,0.6467332749358872,0.22159434401106,0.1316723810530527,0.035923965740948915,0.5859374999999999,0.41406249999999994,0.5922431865671571,0.40775681343284276
E1,1314,2013-09-28,Millwall,Leeds,2,0,H,,fpl-team-13,0.38281302003594486,0.28829128669373627,0.32889569327031887,0.3853903537128428,0.2859511857017478,0.32865846058540926,0.03531492757610977,0.45502645502645506,0.544973544973545,0.4520207721894716,0.5479792278105284
E1,1314,2013-09-28,Nott'm Forest,Derby,1,0,H,fpl-team-18,,0.4629380979264255,0.27585102000335676,0.2612108820702177,0.4695901677311643,0.27289415541146644,0.2575156768573693,0.03477804735302925,0.5278514588859416,0.4721485411140583,0.5296425949992097,0.4703574050007903
E1,1314,2013-09-28,QPR,Middlesbrough,2,0,H,,,0.5211998080633798,0.26132987575166666,0.21747031618495338,0.5311944468818819,0.2574648344928874,0.2113407186252307,0.03616290632635355,0.5277044854881265,0.4722955145118733,0.5293296089369458,0.47067039106305425
E1,1314,2013-09-28,Reading,Birmingham,2,0,H,,,0.4968723802153866,0.27075944197244256,0.2323681778121709,0.5054088994751449,0.2674693306428607,0.22712176988199445,0.035426800372079015,0.5145888594164455,0.4854111405835544,0.5154920849523393,0.4845079150476607
E1,1314,2013-09-28,Sheffield Weds,Doncaster,0,1,A,,,0.4364663266765169,0.2830417997235595,0.2804918735999238,0.4418512778869839,0.28041499056636293,0.2777337315466532,0.035373127553611994,0.46825396825396826,0.5317460317460317,0.46627034320104876,0.5337296567989512
E1,1314,2013-09-28,Watford,Wigan,1,0,H,,,0.4497161820947669,0.27756963167866916,0.2727141862265641,0.45566146428520404,0.2747191169048498,0.2696194188099461,0.03460142412222922,0.5473684210526316,0.4526315789473684,0.5503130590336057,0.4496869409663943
E1,1314,2013-10-01,Barnsley,Reading,1,1,D,,,0.2530173490579756,0.27527693988419044,0.4717057110578339,0.24914207740972694,0.2724592726196469,0.4783986499706261,0.032752241007983685,0.5185185185185185,0.4814814814814815,0.5196232339053608,0.4803767660946392
E1,1314,2013-10-01,Birmingham,Millwall,4,0,H,,,0.4062323613372694,0.28609657155155255,0.30767106711117786,0.4097712760695842,0.28380791448336606,0.30642080944704975,0.03285250370390713,0.4643799472295515,0.5356200527704486,0.4622145096316831,0.537785490368317
E1,1314,2013-10-01,Blackburn,Watford,1,0,H,,,0.33223789874230936,0.2822020706184676,0.3855600306392231,0.3321764246297275,0.2796669692563763,0.38815660611389624,0.03369023045524955,0.5329815303430079,0.467018469656992,0.5349611232315755,0.4650388767684244
E1,1314,2013-10-01,Blackpool,Bolton,0,0,D,,,0.4242929117373256,0.27990666714611623,0.2958004211165582,0.42876428267222244,0.2772846500544742,0.29395106727330317,0.03327107091899961,0.5291005291005291,0.4708994708994709,0.5308988764074939,0.4691011235925061
E1,1314,2013-10-01,Brighton,Sheffield Weds,1,1,D,fpl-team-5,,0.5516148917833888,0.26121039443781646,0.18717471377879463,0.5623516605618594,0.25759983588368085,0.18004850355445987,0.033480484038591385,0.46052631578947373,0.5394736842105263,0.45818815331659807,0.541811846683402
E1,1314,2013-10-01,Charlton,Nott'm Forest,1,1,D,,fpl-team-18,0.2591784597929588,0.27763627295328813,0.46318526725375303,0.25541147989088364,0.2747927046859144,0.46979581542320203,0.034491983242332935,0.48284960422163586,0.5171503957783641,0.4818779970999063,0.5181220029000937
E1,1314,2013-10-01,Derby,Ipswich,4,4,D,,,0.4296647897868003,0.2821292896792846,0.2882059205339153,0.43448250378060316,0.2795703077075336,0.28594718851186324,0.03385690553113818,0.5,0.5,0.5,0.5
E1,1314,2013-10-01,Doncaster,Burnley,0,2,A,,,0.3173208804127752,0.28636274573835807,0.3963163738488668,0.31655016763136196,0.28412258344032143,0.39932724892831656,0.032350893365219235,0.48412698412698413,0.5158730158730157,0.48318621269531237,0.5168137873046875
E1,1314,2013-10-01,Leeds,Bournemouth,2,1,H,fpl-team-13,fpl-team-3,0.48282411957111643,0.2738826877099315,0.24329319271895214,0.49030648799853327,0.2708915546463421,0.23880195735512466,0.0339245906798169,0.5105820105820106,0.48941798941798953,0.5112029127571766,0.48879708724282345
E1,1314,2013-10-01,Middlesbrough,Huddersfield,1,1,D,,,0.46432273342866437,0.2758623298605594,0.2598149367107762,0.470740835422637,0.27303981545412814,0.25621934912323485,0.03317683131899685,0.5171503957783641,0.48284960422163586,0.5181220029000937,0.4818779970999063
E1,1314,2013-10-01,Yeovil,Leicester,1,2,A,,,0.22074710222717453,0.25927083474881446,0.5199820630240112,0.2150689541544353,0.25549070587716977,0.5294403399683949,0.0344066871330142,0.5628272251308901,0.43717277486910994,0.566843058069165,0.433156941930835
E1,1314,2013-10-05,Birmingham,Bolton,1,2,A,,,0.39063922782735383,0.2829175013658714,0.3264432708067747,0.3936457037569181,0.2802803000218422,0.32607399622123967,0.035571157350204885,0.5197889182058046,0.4802110817941952,0.5209181681264694,0.47908183187353065
E1,1314,2013-10-05,Bournemouth,Millwall,5,2,H,fpl-team-3,,0.42296720122491743,0.2867354339592232,0.2902973648158595,0.4275919445952152,0.28433222571637023,0.2880758296884145,0.034944864455610514,0.4617414248021108,0.5382585751978891,0.459383753504971,0.540616246495029
E1,1314,2013-10-05,Brighton,Nott'm Forest,1,3,A,fpl-team-5,fpl-team-18,0.3811635642177744,0.2900157553830892,0.3288206803991364,0.3836634138304804,0.2877574193601217,0.32857916680939786,0.035435779485851526,0.4591029023746703,0.5408970976253298,0.4565461171848933,0.5434538828151066
E1,1314,2013-10-05,Burnley,Reading,2,1,H,,,0.4257626243475034,0.27916770877875224,0.29506966687374436,0.4307122397624512,0.2762723643403032,0.29301539589724557,0.0362934444565326,0.5039787798408488,0.4960212201591513,0.5042217844068116,0.49577821559318824
E1,1314,2013-10-05,Charlton,Blackpool,0,0,D,,,0.3828147065175857,0.2847767938728381,0.3324084996095762,0.38539143618050464,0.2822551532137309,0.3323534106057644,0.035314286360517144,0.48284960422163586,0.5171503957783641,0.4818779970999063,0.5181220029000937
E1,1314,2013-10-05,Derby,Leeds,3,1,H,,fpl-team-13,0.46379455730164815,0.2758068225373706,0.26039862016098114,0.4708082215696904,0.2727065409319564,0.2564852374983532,0.03645698609761894,0.49206349206349204,0.5079365079365078,0.49159946236579216,0.5084005376342079
E1,1314,2013-10-05,Doncaster,Leicester,1,0,H,,,0.2586141325017114,0.2745873583326995,0.46679850916558907,0.2546905222998727,0.2714886328042406,0.47382084489588666,0.035670031677000225,0.5435356200527705,0.4564643799472295,0.5462988944398149,0.45370110556018506
E1,1314,2013-10-05,Huddersfield,Watford,1,2,A,,,0.31016606409706476,0.28036031619584534,0.4094736197070899,0.3089414556726777,0.2775850424276973,0.41347350189962495,0.03559953556396067,0.5132275132275131,0.48677248677248675,0.5140071716723167,0.4859928283276833
E1,1314,2013-10-05,Middlesbrough,Yeovil,4,1,H,,,0.5747203293253017,0.24961043793753054,0.17566923273716772,0.5879518136284453,0.24492766556704162,0.167120520804513,0.037472683703526855,0.5461741424802111,0.45382585751978893,0.5491517806907368,0.45084821930926317
E1,1314,2013-10-05,QPR,Barnsley,2,0,H,,,0.6558644206158216,0.21070757404399698,0.13342800534018145,0.6734806233138864,0.2038286311560899,0.12269074553002385,0.03774458239786327,0.5718015665796344,0.4281984334203655,0.5765675465058195,0.42343245349418046
E1,1314,2013-10-05,Sheffield Weds,Ipswich,1,1,D,,,0.3385136348263235,0.28925623285469126,0.37223013231898516,0.33877716529248186,0.28697573646177865,0.3742470982457395,0.03517699451185763,0.4552631578947368,0.5447368421052632,0.4525285526877652,0.547471447312235
E1,1314,2013-10-06,Wigan,Blackburn,2,1,H,,,0.43342878311540073,0.27984140651594946,0.28672981036864975,0.43883617543522363,0.27695417735387007,0.2842096472109063,0.0366183347068727,0.5079365079365078,0.49206349206349204,0.5084005376342079,0.49159946236579216
E1,1314,2013-10-19,Barnsley,Middlesbrough,3,2,H,,,0.3288734903492929,0.27895519270698954,0.3921713169437175,0.32864508913684204,0.276276009991781,0.39507890087137704,0.03347850078716874,0.5394736842105263,0.46052631578947373,0.541811846683402,0.45818815331659807
E1,1314,2013-10-19,Blackburn,Charlton,0,1,A,,,0.4877193491944794,0.2746103080508505,0.2376703427546701,0.4954801020827366,0.27163871992854716,0.2328811779887163,0.03408263623714447,0.48677248677248675,0.5132275132275131,0.4859928283276833,0.5140071716723167
E1,1314,2013-10-19,Blackpool,Wigan,1,0,H,,,0.3447715879404081,0.29033396879192264,0.3648944432676693,0.345328062947058,0.2882329294888969,0.36643900756404507,0.03318693523760885,0.46052631578947373,0.5394736842105263,0.45818815331659807,0.541811846683402
E1,1314,2013-10-19,Bolton,Sheffield Weds,1,1,D,,,0.48980642168251126,0.2727493485170835,0.2374442298004052,0.4977888354908197,0.26963895982729924,0.23257220468188108,0.0345983887091279,0.4788359788359788,0.5211640211640212,0.47756401267728427,0.5224359873227157
E1,1314,2013-10-19,Ipswich,Burnley,0,1,A,,,0.3856879508085169,0.28661214693109976,0.32769990226038337,0.38827805162803525,0.28430665614518674,0.3274152922267781,0.0335110139567405,0.4986807387862796,0.5013192612137204,0.49860763018684684,0.5013923698131533
E1,1314,2013-10-19,Leicester,Huddersfield,2,1,H,,,0.5733936589702094,0.25278645180407083,0.1738198892257197,0.5846810744520453,0.24892681229820196,0.16639211324975284,0.03203207720071077,0.5250659630606861,0.47493403693931396,0.5265214963685101,0.47347850363148986
E1,1314,2013-10-19,Millwall,QPR,2,2,D,,,0.23756333613806632,0.27869370478286587,0.4837429590790678,0.23254914053537099,0.2757964855846746,0.4916543738799544,0.035689930664375424,0.43229166666666663,0.5677083333333334,0.42815297888698983,0.5718470211130101
E1,1314,2013-10-19,Nott'm Forest,Bournemouth,1,1,D,fpl-team-18,fpl-team-3,0.5745532210912415,0.24973913343432633,0.1757076454744322,0.586667861168399,0.24546269878031718,0.16786944005128387,0.034259163308888674,0.5485564304461943,0.4514435695538058,0.5514632246504734,0.44853677534952663
E1,1314,2013-10-19,Reading,Doncaster,4,1,H,,,0.5714792479602696,0.25399077687123095,0.17452997516849947,0.5832977396531308,0.24997297323681486,0.16672928711005436,0.0338461808860302,0.5118733509234827,0.4881266490765172,0.5125383115051826,0.48746168849481736
E1,1314,2013-10-19,Watford,Derby,2,3,A,,,0.488763150659161,0.26812149979016825,0.24311534955067077,0.4963180813805453,0.2649392244023276,0.23874269421712715,0.0329317981377244,0.5459317585301837,0.4540682414698162,0.5486327256567128,0.4513672743432872
E1,1314,2013-10-19,Yeovil,Brighton,0,0,D,,fpl-team-5,0.24964123415450845,0.2810332456350155,0.4693255202104759,0.2456037613188338,0.27848879274350746,0.4759074459376587,0.032775550382211804,0.46052631578947373,0.5394736842105263,0.45818815331659807,0.541811846683402
E1,1314,2013-10-20,Leeds,Birmingham,4,0,H,fpl-team-13,,0.42297417631344614,0.2876224398931434,0.2894033837934105,0.4275981368822753,0.2852650530602319,0.28713681005749275,0.03493599547073245,0.48677248677248675,0.5132275132275131,0.4859928283276833,0.5140071716723167
E1,1314,2013-10-25,Middlesbrough,Doncaster,4,0,H,,,0.5764069554589044,0.245311576344129,0.17828146819696664,0.5880050508078737,0.24104740174819306,0.17094754744393317,0.03250275831669569,0.5264550264550264,0.4735449735449735,0.5280733275309587,0.4719266724690414
E1,1314,2013-10-26,Barnsley,Sheffield Weds,1,1,D,,,0.38129511368127633,0.2874378549289622,0.3312670313897614,0.38378864149692304,0.2850579698115971,0.33115338869147987,0.03525207773782313,0.5039787798408488,0.4960212201591513,0.5042217844068116,0.49577821559318824
E1,1314,2013-10-26,Blackpool,Blackburn,2,2,D,,,0.3942573300796492,0.28574613831460816,0.3199965316057427,0.3974160051965231,0.2832854895734133,0.31929850523006353,0.03513422724790871,0.4526315789473684,0.5473684210526316,0.4496869409663943,0.5503130590336057
E1,1314,2013-10-26,Bolton,Ipswich,1,1,D,,,0.3814032037336683,0.28840674356403934,0.3301900527022924,0.38389192179884113,0.28608670494133487,0.330021373259824,0.035099811968393624,0.49336870026525204,0.5066312997347481,0.49296290041081114,0.507037099589189
E1,1314,2013-10-26,Burnley,QPR,2,0,H,,,0.3653883133930288,0.29322698504268147,0.3413847015642897,0.3670207647916693,0.2911880973287857,0.341791137879545,0.034545834409072995,0.4409448818897638,0.5590551181102362,0.4371227364174747,0.5628772635825252
E1,1314,2013-10-26,Derby,Birmingham,1,1,D,,,0.5277039338092535,0.26610711192090564,0.20618895426984077,0.5378657915126378,0.2625446127269547,0.19958959576040766,0.035556751769036055,0.5225464190981433,0.47745358090185674,0.5239706711791936,0.47602932882080634
E1,1314,2013-10-26,Huddersfield,Leeds,3,2,H,,fpl-team-13,0.3677521377533091,0.29009019561906996,0.3421576666276209,0.36954213240697525,0.2878456232301934,0.3426122443628313,0.035294412868097425,0.4576719576719577,0.5423280423280423,0.45488509799119997,0.5451149020088001
E1,1314,2013-10-26,Leicester,Bournemouth,2,1,H,,fpl-team-3,0.5838444211512299,0.24844443453243828,0.16771114431633177,0.5969218401553558,0.24391356053665397,0.15916459930799023,0.03568936069495976,0.5646437994722956,0.4353562005277045,0.5693854432171179,0.43061455678288213
E1,1314,2013-10-26,Reading,Millwall,1,1,D,,,0.5457994579945799,0.25853658536585367,0.1956639566395664,0.5570380067247238,0.2545210219084926,0.18844097136678364,0.03602735046297312,0.5408970976253298,0.4591029023746703,0.5434538828151066,0.4565461171848933
E1,1314,2013-10-26,Yeovil,Nott'm Forest,3,1,H,,fpl-team-18,0.2114464071714388,0.2693351929964725,0.5192183998320886,0.2051740331779118,0.26597706962515877,0.5288488971969294,0.03521126159466803,0.5066312997347481,0.49336870026525204,0.507037099589189,0.49296290041081114
E1,1314,2013-10-27,Charlton,Wigan,0,0,D,,,0.3361886255566141,0.2883103692853935,0.37550100515799234,0.3363378053589009,0.2858668252370952,0.3777953694040038,0.03693581139668822,0.467018469656992,0.5329815303430079,0.4650388767684244,0.5349611232315755
E1,1314,2013-10-28,Brighton,Watford,1,1,D,fpl-team-5,,0.37189605389797886,0.2898941289701636,0.3382098171318576,0.37392260938628963,0.28761641218096184,0.3384609784327485,0.03565775556489825,0.4960212201591513,0.5039787798408488,0.49577821559318824,0.5042217844068116
E1,1314,2013-10-30,Wigan,QPR,0,0,D,,,0.35033829955962004,0.29397472455160545,0.3556869758887745,0.35125111253625035,0.2918602964440355,0.3568885910197142,0.036549988435581326,0.4345549738219895,0.5654450261780105,0.43027666220104094,0.569723337798959
E1,1314,2013-11-01,Ipswich,Barnsley,1,1,D,,,0.5719093742493916,0.25011503300506727,0.1779755927455412,0.583610946056357,0.2459623645286844,0.17042668941495862,0.033428740687668324,0.5356200527704486,0.4643799472295515,0.537785490368317,0.4622145096316831
E1,1314,2013-11-02,Birmingham,Charlton,0,1,A,,,0.413631557543717,0.28675071167141114,0.29961773078487186,0.417770162970763,0.284353186238933,0.297876650790304,0.034907765802927315,0.45000000000000007,0.5499999999999999,0.44683678894319523,0.5531632110568048
E1,1314,2013-11-02,Blackburn,Middlesbrough,1,0,H,,,0.4117637471886306,0.286718928257114,0.30151732455425534,0.415812609829428,0.28431630357999066,0.2998710865905812,0.034965657629072666,0.5079365079365078,0.49206349206349204,0.5084005376342079,0.49159946236579216
E1,1314,2013-11-02,Bournemouth,Bolton,0,2,A,fpl-team-3,,0.3908510145311311,0.28479692827115954,0.3243520571977095,0.39384466454193934,0.2822778070424603,0.3238775284156004,0.03527974151074886,0.5225464190981433,0.47745358090185674,0.5239706711791936,0.47602932882080634
E1,1314,2013-11-02,Doncaster,Brighton,1,3,A,,fpl-team-5,0.28094018357715717,0.28523590503858154,0.4338239113842613,0.27814857589627195,0.28267022169702044,0.43918120240670755,0.03612828301265836,0.4360313315926892,0.5639686684073107,0.4320802838861742,0.5679197161138259
E1,1314,2013-11-02,Leeds,Yeovil,2,0,H,fpl-team-13,,0.5519860521057032,0.2584089828417281,0.18960496505256877,0.5636361043856271,0.2543479218025134,0.18201597381185963,0.03632157505489886,0.537037037037037,0.462962962962963,0.5394088669999334,0.46059113300006654
E1,1314,2013-11-02,Millwall,Burnley,2,2,D,,,0.29677529141495784,0.28588445503275756,0.4173402535522845,0.294888946058097,0.28344302566180424,0.4216680282800987,0.03489110141526908,0.46825396825396826,0.5317460317460317,0.46627034320104876,0.5337296567989512
E1,1314,2013-11-02,Nott'm Forest,Blackpool,0,1,A,fpl-team-18,,0.5195561381580953,0.2664390452092797,0.21400481663262508,0.5291103480560999,0.26296926679119165,0.20792038515270841,0.034856304759159684,0.4814814814814815,0.5185185185185185,0.4803767660946392,0.5196232339053608
E1,1314,2013-11-02,QPR,Derby,2,1,H,,,0.4814730041532073,0.2771684356252884,0.2413585602215044,0.48921138190414826,0.27421499576222724,0.23657362233362447,0.03543323581106961,0.46825396825396826,0.5317460317460317,0.46627034320104876,0.5337296567989512
E1,1314,2013-11-02,Sheffield Weds,Reading,5,2,H,,,0.3199965316057427,0.28574613831460816,0.3942573300796492,0.31929850523006353,0.2832854895734133,0.3974160051965231,0.03513422724790871,0.4947089947089948,0.5052910052910053,0.49440042556694624,0.5055995744330538
E1,1314,2013-11-02,Watford,Leicester,0,3,A,,,0.4111603586674564,0.2828284891439776,0.306011152188566,0.41526665558081854,0.2801698719777584,0.30456347244142307,0.0357528489548713,0.5396825396825397,0.4603174603174603,0.5422582826312768,0.45774171736872327
E1,1314,2013-11-02,Wigan,Huddersfield,2,1,H,,,0.5158190019831551,0.2690583266828561,0.21512267133398863,0.5254202580745405,0.26563686434134176,0.20894287758411764,0.0357581318821758,0.4722955145118733,0.5277044854881265,0.47067039106305425,0.5293296089369458
E1,1314,2013-11-09,Barnsley,Doncaster,0,0,D,,,0.444063062210018,0.28003976896127264,0.2758971688287094,0.44998519257631725,0.2771878096990937,0.272826997724589,0.03625042922794819,0.5132275132275131,0.48677248677248675,0.5140071716723167,0.4859928283276833
E1,1314,2013-11-09,Blackpool,Ipswich,2,3,A,,,0.4099725705329154,0.28849921630094044,0.3015282131661442,0.4139266638180659,0.28618930787648705,0.299884028305447,0.03494455525651574,0.44356955380577423,0.5564304461942258,0.43999106844557306,0.5600089315544268
E1,1314,2013-11-09,Bolton,Millwall,3,1,H,,,0.4808700840952808,0.27682135404891534,0.2423085618558038,0.4887215383706234,0.2737944855965743,0.23748397603280233,0.036108113592490554,0.4656084656084655,0.5343915343915343,0.4634338433828662,0.5365661566171338
E1,1314,2013-11-09,Brighton,Blackburn,3,0,H,fpl-team-5,,0.4338239113842613,0.28523590503858154,0.28094018357715717,0.43918120240670755,0.28267022169702044,0.27814857589627195,0.03612828301265836,0.45000000000000007,0.5499999999999999,0.44683678894319523,0.5531632110568048
E1,1314,2013-11-09,Burnley,Bournemouth,1,1,D,,fpl-team-3,0.5525200758645736,0.2565271780799806,0.1909527460554457,0.5640334337865899,0.25242869765321363,0.18353786856019652,0.03579199593514204,0.5317460317460317,0.46825396825396826,0.5337296567989512,0.46627034320104876
E1,1314,2013-11-09,Charlton,Leeds,2,4,A,,fpl-team-13,0.38281302003594486,0.28829128669373627,0.32889569327031887,0.3853903537128428,0.2859511857017478,0.32865846058540926,0.03531492757610977,0.4643799472295515,0.5356200527704486,0.4622145096316831,0.537785490368317
E1,1314,2013-11-09,Derby,Sheffield Weds,3,0,H,,,0.4991679581765071,0.2697815265289215,0.2310505152945714,0.5079185478040388,0.2664030341025093,0.22567841809345193,0.03582292818464339,0.5317460317460317,0.46825396825396826,0.5337296567989512,0.46627034320104876
E1,1314,2013-11-09,Huddersfield,Birmingham,1,3,A,,,0.4075068782982004,0.28450937539721916,0.3079837463045805,0.41142886619579505,0.2819336642333707,0.30663746957083426,0.0358319440856576,0.4694960212201591,0.5305039787798408,0.46751412429064465,0.5324858757093553
E1,1314,2013-11-09,Leicester,Nott'm Forest,0,2,A,,fpl-team-18,0.4711330377275686,0.27117541125017025,0.25769155102226127,0.47847119133879057,0.26785835820171056,0.2536704504594989,0.03611214132979512,0.5435356200527705,0.4564643799472295,0.5462988944398149,0.45370110556018506
E1,1314,2013-11-09,Middlesbrough,Watford,2,2,D,,,0.3712377519143188,0.2823656840318,0.3463965640538811,0.3732802423729454,0.27962510762338394,0.3470946500036707,0.036613107891753316,0.5317460317460317,0.46825396825396826,0.5337296567989512,0.46627034320104876
E1,1314,2013-11-09,Reading,QPR,1,1,D,,,0.35315564021128504,0.2868710431254746,0.35997331666324034,0.3542119436672795,0.28439258110965104,0.3613954752230694,0.03630656062159687,0.4603174603174603,0.5396825396825397,0.45774171736872327,0.5422582826312768
E1,1314,2013-11-10,Yeovil,Wigan,0,1,A,,,0.24899118218502464,0.27462262740995363,0.4763861904050216,0.24457490480701594,0.27152547786287523,0.4838996173301088,0.03561828867532313,0.5026455026455027,0.4973544973544974,0.502799552071699,0.497200447928301
E1,1314,2013-11-22,Doncaster,Yeovil,2,1,H,,,0.3980180591322489,0.28464321804609316,0.3173387228216579,0.40110753075181044,0.2823233602176623,0.3165691090305273,0.0323222866281867,0.48412698412698413,0.5158730158730157,0.48318621269531237,0.5168137873046875
E1,1314,2013-11-23,Birmingham,Blackpool,1,1,D,,,0.3986220472440945,0.2891240157480315,0.312253937007874,0.4018792798995263,0.28692292020259924,0.3111977998978743,0.03377862856723368,0.4552631578947368,0.5447368421052632,0.4525285526877652,0.547471447312235
E1,1314,2013-11-23,Blackburn,Reading,0,0,D,,,0.412334698084344,0.28277938509107575,0.3048859168245801,0.41632761102276594,0.2802297000382596,0.3034426889389744,0.03422468458302319,0.4854111405835544,0.5145888594164455,0.4845079150476607,0.5154920849523393
E1,1314,2013-11-23,Bournemouth,Derby,0,1,A,fpl-team-3,,0.33350520779622567,0.2839847375476952,0.3825100546560792,0.33350732823215123,0.2815476687587973,0.3849450030090515,0.03355219983495772,0.5238095238095238,0.4761904761904762,0.5252525252516378,0.4747474747483622
E1,1314,2013-11-23,Ipswich,Leicester,1,2,A,,,0.3517438469613904,0.2870057156188032,0.3612504374198064,0.3526742657612102,0.28466103095191886,0.3626647032868709,0.03440893045626581,0.5105820105820106,0.48941798941798953,0.5112029127571766,0.48879708724282345
E1,1314,2013-11-23,Leeds,Middlesbrough,2,1,H,fpl-team-13,,0.3937650983549983,0.287472679167146,0.31876222247785574,0.3967592390403078,0.2852059214197979,0.31803483953989437,0.033548848470672965,0.5132275132275131,0.48677248677248675,0.5140071716723167,0.4859928283276833
E1,1314,2013-11-23,Millwall,Barnsley,1,0,H,,,0.46854957694739696,0.2740056005540333,0.2574448224985697,0.4752689642820417,0.27105010037920846,0.25368093533874986,0.03365914733149111,0.5065963060686015,0.49340369393139843,0.5069630124784155,0.49303698752158454
E1,1314,2013-11-23,Nott'm Forest,Burnley,1,1,D,fpl-team-18,,0.4198765317751478,0.28287754255546205,0.2972459256693903,0.42422834820719935,0.2803442511040567,0.29542740068874385,0.03404484782367945,0.4761904761904762,0.5238095238095238,0.4747474747483622,0.5252525252516378
E1,1314,2013-11-23,QPR,Charlton,1,0,H,,,0.5617171055914844,0.26424438488388136,0.17403850952463432,0.5728867891305537,0.2607826818441518,0.1663305290252945,0.03334160731174052,0.4424083769633508,0.5575916230366492,0.4388837958712722,0.5611162041287278
E1,1314,2013-11-23,Sheffield Weds,Huddersfield,1,2,A,,,0.44361205690709693,0.2810875195417341,0.275300423551169,0.44918851954029626,0.2784435323852791,0.27236794807442455,0.03424305538646877,0.48806366047745364,0.5119363395225464,0.4873282270760773,0.5126717729239226
E1,1314,2013-11-23,Watford,Bolton,0,1,A,,,0.49143534738317257,0.26972457284536194,0.23884007977146554,0.4990917627432116,0.2666284657058854,0.23427977155090304,0.03281373134814203,0.5538057742782152,0.44619422572178474,0.5571508224138112,0.44284917758618875
E1,1314,2013-11-23,Wigan,Brighton,0,1,A,,fpl-team-5,0.47088520494975816,0.28055735264970627,0.24855744240053554,0.47772449346219614,0.27791886810647826,0.24435663843132563,0.03368701972067356,0.4386422976501305,0.5613577023498694,0.43493909191841096,0.5650609080815892
E1,1314,2013-11-26,Charlton,Doncaster,2,0,H,,,0.5386553813600077,0.2610753101856305,0.20026930845436186,0.5488382935695831,0.25744426057576547,0.19371744585465128,0.033716017846018076,0.4696569920844328,0.5303430079155673,0.4678573425068856,0.5321426574931143
E1,1314,2013-11-29,Nott'm Forest,Reading,2,3,A,fpl-team-18,,0.48510950879103615,0.27296249328475203,0.2419279979242118,0.4927593718522726,0.26990341301815113,0.23733721512957628,0.03416827949695289,0.4960422163588391,0.503957783641161,0.49582265790303864,0.5041773420969614
E1,1314,2013-11-30,Barnsley,Birmingham,0,3,A,,,0.37463591573721583,0.28614829146799614,0.3392157927947882,0.3768275242558216,0.28365062709699523,0.33952184864718304,0.036014395765960217,0.48677248677248675,0.5132275132275131,0.4859928283276833,0.5140071716723167
E1,1314,2013-11-30,Blackburn,Leeds,1,0,H,,fpl-team-13,0.4267015706806283,0.28664921465968585,0.28664921465968585,0.43154134417031403,0.284229327914843,0.284229327914843,0.035110057797282934,0.4721485411140583,0.5278514588859416,0.4703574050007903,0.5296425949992097
E1,1314,2013-11-30,Blackpool,Sheffield Weds,2,0,H,,,0.44921612978706804,0.2822868730988222,0.2684969971141096,0.4552362527572294,0.27962947755506884,0.2651342696877017,0.03519911633338779,0.48677248677248675,0.5132275132275131,0.4859928283276833,0.5140071716723167
E1,1314,2013-11-30,Bournemouth,Brighton,1,1,D,fpl-team-3,fpl-team-5,0.32808600820120976,0.28847190813976337,0.383442083659027,0.327796097604455,0.2860555120466307,0.38614839034891435,0.03663768549449742,0.45382585751978893,0.5461741424802111,0.45084821930926317,0.5491517806907368
E1,1314,2013-11-30,Charlton,Ipswich,0,1,A,,,0.3705113935914709,0.28996543846289025,0.3395231679456388,0.37245783464012044,0.28769980384840693,0.3398423615114727,0.03552554559428245,0.4473684210526316,0.5526315789473685,0.44397759103718865,0.5560224089628113
E1,1314,2013-11-30,Doncaster,QPR,2,1,H,,,0.1697387401827216,0.2644654592082064,0.565795800609072,0.16122798131753727,0.26073387823624905,0.5780381404462137,0.035990538308396935,0.4424083769633508,0.5575916230366492,0.4388837958712722,0.5611162041287278
E1,1314,2013-11-30,Huddersfield,Burnley,2,1,H,,,0.3151658376163011,0.286162846424617,0.3986713159590818,0.31419463032577605,0.2836640648974742,0.4021413047767499,0.03599782008677721,0.4473684210526316,0.5526315789473685,0.44397759103718865,0.5560224089628113
E1,1314,2013-11-30,Leicester,Millwall,3,0,H,,,0.6013456178098638,0.24147298124489353,0.15718140094524266,0.6158029076646087,0.23639059883681202,0.1478064934985793,0.03699101903475821,0.5499999999999999,0.45000000000000007,0.5531632110568048,0.44683678894319523
E1,1314,2013-11-30,Middlesbrough,Bolton,1,0,H,,,0.43267092330870216,0.2806514097137528,0.28667766697754504,0.43781313727798765,0.27792633989405746,0.2842605228279549,0.03506346861831844,0.5065963060686015,0.49340369393139843,0.5069630124784155,0.49303698752158454
E1,1314,2013-11-30,Watford,Yeovil,0,3,A,,,0.628234945524752,0.22775427465495873,0.14401077982028931,0.6431615080372401,0.22227426654365073,0.13456422541910915,0.034759477246552706,0.5833333333333334,0.41666666666666663,0.5892857143008219,0.410714285699178
E1,1314,2013-12-01,Wigan,Derby,1,3,A,,,0.4220725334067384,0.28180673680631174,0.29612072978694975,0.4267973867148622,0.2790676997856453,0.2941349134994924,0.0360815393505618,0.48941798941798953,0.5105820105820106,0.48879708724282345,0.5112029127571766
E1,1314,2013-12-03,Birmingham,Doncaster,1,1,D,,,0.5681070904688429,0.252662183092612,0.17923072643854507,0.5797297970507405,0.24859680695379485,0.17167339599546466,0.03374069696292281,0.5105820105820106,0.48941798941798953,0.5112029127571766,0.48879708724282345
E1,1314,2013-12-03,Bolton,Huddersfield,0,1,A,,,0.4800000000000001,0.27368421052631575,0.2463157894736842,0.4874238220377837,0.2706511147107104,0.24192506325150598,0.034309160662814975,0.4761904761904762,0.5238095238095238,0.4747474747483622,0.5252525252516378
E1,1314,2013-12-03,Brighton,Barnsley,1,2,A,fpl-team-5,,0.588931247535165,0.24385434468252928,0.16721440778230579,0.6017952414838341,0.23926030648369828,0.15894445203246768,0.03438314306549728,0.49071618037135284,0.5092838196286471,0.49014639639470625,0.5098536036052937
E1,1314,2013-12-03,Burnley,Watford,0,0,D,,,0.4440030963867669,0.27882337302859467,0.2771735305846385,0.4495233956526815,0.27610379375971866,0.2743728105875998,0.03377107763662934,0.5066312997347481,0.49336870026525204,0.507037099589189,0.49296290041081114
E1,1314,2013-12-03,Ipswich,Blackburn,3,1,H,,,0.43230364316387315,0.2825599113450617,0.28513644549106526,0.4371361230241834,0.2800815288256643,0.2827823481501523,0.03304344788193703,0.462962962962963,0.537037037037037,0.46059113300006654,0.5394088669999334
E1,1314,2013-12-03,Millwall,Nott'm Forest,2,2,D,,fpl-team-18,0.29028791153676214,0.28157055683595844,0.42814153162727936,0.28816709180211253,0.2790257234696912,0.4328071847281963,0.03330693510361016,0.4854111405835544,0.5145888594164455,0.4845079150476607,0.5154920849523393
E1,1314,2013-12-03,QPR,Bournemouth,3,0,H,,fpl-team-3,0.6132776816416258,0.23635134834047544,0.15037097001789862,0.626920431499423,0.23150960955387426,0.14156995894670277,0.03337388695217669,0.4854111405835544,0.5145888594164455,0.4845079150476607,0.5154920849523393
E1,1314,2013-12-03,Reading,Charlton,1,0,H,,,0.4986097713215684,0.26936389944958294,0.23202632922884867,0.5067866452693823,0.2661780089277332,0.22703534580288454,0.033547219121828675,0.49336870026525204,0.5066312997347481,0.49296290041081114,0.507037099589189
E1,1314,2013-12-03,Sheffield Weds,Leicester,2,1,H,,,0.2453346221016443,0.2678294871654054,0.48683589073295047,0.24079852341803862,0.2644309751987238,0.4947705013832375,0.03505387739278376,0.5305039787798408,0.4694960212201591,0.5324858757093553,0.46751412429064465
E1,1314,2013-12-03,Yeovil,Blackpool,1,0,H,,,0.3279299483847562,0.28769314490196396,0.38437690671327973,0.32766007217171444,0.285465642998388,0.3868742848298976,0.03313541994430125,0.4564643799472295,0.5435356200527705,0.45370110556018506,0.5462988944398149
E1,1314,2013-12-04,Derby,Middlesbrough,2,1,H,,,0.47302122257444146,0.2716769120908599,0.2553018653346985,0.4805763626003123,0.2683332479710637,0.25109038942862394,0.03668999089859426,0.5239361702127661,0.4760638297872341,0.5255225023400657,0.4744774976599343
E1,1314,2013-12-04,Leeds,Wigan,2,0,H,fpl-team-13,,0.382932602466675,0.2857356422075495,0.3313317553257755,0.3855037779573329,0.2832748758435877,0.33122134619907934,0.035148831782862544,0.4523809523809524,0.5476190476190476,0.44914823289278233,0.5508517671072177
E1,1314,2013-12-07,Birmingham,Middlesbrough,2,2,D,,,0.3918497378376585,0.28432999269927656,0.32382026946306497,0.39497020015532525,0.2817244008221571,0.32330539902251765,0.03616074612364173,0.5,0.5,0.5,0.5
E1,1314,2013-12-07,Bolton,Doncaster,3,0,H,,,0.5922285297305417,0.24754525845879796,0.1602262118106603,0.6054024220614642,0.24307060891382914,0.15152696902470664,0.034811332705430686,0.5092838196286471,0.49071618037135284,0.5098536036052937,0.49014639639470625
E1,1314,2013-12-07,Brighton,Leicester,3,1,H,fpl-team-5,,0.3454545454545454,0.2887700534759358,0.3657754010695187,0.346094283081398,0.2864070254237118,0.36749869149489023,0.03607779531739652,0.47745358090185674,0.5225464190981433,0.47602932882080634,0.5239706711791936
E1,1314,2013-12-07,Burnley,Barnsley,1,0,H,,,0.5661588809149036,0.25384841127978014,0.17999270780531618,0.5783101696371352,0.2496208442417004,0.1720689861211643,0.03560926136560738,0.5105820105820106,0.48941798941798953,0.5112029127571766,0.48879708724282345
E1,1314,2013-12-07,Derby,Blackpool,5,1,H,,,0.5254268999595736,0.26345348786705375,0.2111196121733727,0.5352738247826089,0.2598320015014099,0.20489417371598126,0.034835713217034936,0.5251989389920424,0.4748010610079576,0.5268043564136201,0.4731956435863799
E1,1314,2013-12-07,Ipswich,Huddersfield,2,1,H,,,0.4803494099614578,0.27570350749267103,0.2439470825458712,0.48829793253485526,0.2725692842179039,0.23913278324724085,0.0366917687933892,0.48010610079575594,0.519893899204244,0.47885894689683706,0.521141053103163
E1,1314,2013-12-07,Leeds,Watford,3,3,D,fpl-team-13,,0.3907476608441239,0.2838562034703514,0.3253961356855247,0.393747591133587,0.2812784325481308,0.32497397631828223,0.035421911627054214,0.5225464190981433,0.47745358090185674,0.5239706711791936,0.47602932882080634
E1,1314,2013-12-07,Millwall,Wigan,2,1,H,,,0.3408391070053887,0.2900307929176289,0.3691301000769823,0.34122608486288086,0.28777620383542096,0.3709977113016982,0.03540443885140121,0.45502645502645506,0.544973544973545,0.4520207721894716,0.5479792278105284
E1,1314,2013-12-07,QPR,Blackburn,0,0,D,,,0.5568174648242792,0.26500094643195155,0.17818158874376933,0.5682347268476912,0.2614263125683039,0.17033896058400488,0.03484194271732122,0.4564643799472295,0.5435356200527705,0.45370110556018506,0.5462988944398149
E1,1314,2013-12-07,Reading,Bournemouth,1,2,A,,fpl-team-3,0.530403770558093,0.26075716094476076,0.20883906849714623,0.5407953742265837,0.25688718785845904,0.20231743791495724,0.03586331172846258,0.5343915343915343,0.4656084656084655,0.5365661566171338,0.4634338433828662
E1,1314,2013-12-07,Sheffield Weds,Nott'm Forest,0,1,A,,fpl-team-18,0.29836587505279233,0.2847210941814756,0.4169130307657321,0.29653275123848605,0.28218183786300804,0.421285410898506,0.0354403160745278,0.519893899204244,0.48010610079575594,0.521141053103163,0.47885894689683706
E1,1314,2013-12-07,Yeovil,Charlton,2,2,D,,,0.3550165380374862,0.2899669239250275,0.3550165380374862,0.35614892617588273,0.28770214764823443,0.35614892617588273,0.03552104323171079,0.462962962962963,0.537037037037037,0.46059113300006654,0.5394088669999334
E1,1314,2013-12-14,Barnsley,Yeovil,1,1,D,,,0.44062440750805787,0.2780130190229413,0.28136257346900084,0.44621931393454467,0.275129470047143,0.2786512160183124,0.035328837344422936,0.5039787798408488,0.4960212201591513,0.5042217844068116,0.49577821559318824
E1,1314,2013-12-14,Blackburn,Millwall,3,2,H,,,0.5038099881590862,0.27724454969701195,0.21894546214390195,0.5122850430332678,0.2744214412236037,0.21329351574312844,0.033738846657797694,0.45382585751978893,0.5461741424802111,0.45084821930926317,0.5491517806907368
E1,1314,2013-12-14,Blackpool,QPR,0,2,A,,,0.26905054329544476,0.2872073284258122,0.44374212827874304,0.2658212502809725,0.28487908609287577,0.4492996636261517,0.03408703999593854,0.42597402597402595,0.574025974025974,0.42136629511062934,0.5786337048893706
E1,1314,2013-12-14,Bournemouth,Birmingham,0,2,A,fpl-team-3,,0.39484883247603886,0.2835732524146098,0.3215779151093513,0.3979662878920199,0.2810585089530048,0.3209752031549753,0.03433259634766728,0.49071618037135284,0.5092838196286471,0.49014639639470625,0.5098536036052937
E1,1314,2013-12-14,Charlton,Derby,0,2,A,,,0.30448572723153605,0.2782057091073856,0.4173085636610784,0.30299088921469164,0.2753699649057909,0.4216391458795175,0.03493361501023173,0.5013262599469495,0.4986737400530504,0.5014071822580904,0.49859281774190956
E1,1314,2013-12-14,Doncaster,Leeds,0,3,A,,fpl-team-13,0.26889626940604,0.2768517803352128,0.4542519502587472,0.2656262563593799,0.2739794779562997,0.46039426568432046,0.034406987484544516,0.4986737400530504,0.5013262599469495,0.49859281774190956,0.5014071822580904
E1,1314,2013-12-14,Huddersfield,Reading,0,1,A,,,0.37461626537012754,0.2872824120936561,0.3381013225362162,0.3766803259736319,0.2849852051441321,0.33833446888223595,0.03389565832912922,0.48412698412698413,0.5158730158730157,0.48318621269531237,0.5168137873046875
E1,1314,2013-12-14,Leicester,Burnley,1,1,D,,,0.490991847290022,0.27745397287690593,0.2315541798330721,0.49873646412025524,0.27468506017294886,0.22657847570679585,0.03330314764752984,0.47745358090185674,0.5225464190981433,0.47602932882080634,0.5239706711791936
E1,1314,2013-12-14,Middlesbrough,Brighton,0,1,A,,fpl-team-5,0.4034697581634155,0.2845136288568766,0.31201661297970795,0.40701061326606885,0.28205484321523344,0.31093454351869765,0.0341895071323961,0.4552631578947368,0.5447368421052632,0.4525285526877652,0.547471447312235
E1,1314,2013-12-14,Nott'm Forest,Ipswich,0,0,D,fpl-team-18,,0.47300717469371306,0.2779092599090658,0.2490835653972212,0.48001147313934606,0.27511643664950836,0.24487209021114562,0.03398029878735542,0.5013262599469495,0.4986737400530504,0.5014071822580904,0.49859281774190956
E1,1314,2013-12-14,Watford,Sheffield Weds,0,1,A,,,0.5503968651409685,0.2522034152937052,0.19739971956532623,0.561452293458421,0.24802210401466762,0.1905256025269115,0.03466029849369079,0.5499999999999999,0.45000000000000007,0.5531632110568048,0.44683678894319523
E1,1314,2013-12-15,Wigan,Bolton,3,2,H,,,0.43905982872236676,0.28425453956797603,0.27668563170965715,0.44447813985659984,0.28173667517491685,0.2737851849684833,0.03471023449674249,0.45000000000000007,0.5499999999999999,0.44683678894319523,0.5531632110568048
E1,1314,2013-12-21,Birmingham,Nott'm Forest,0,0,D,,fpl-team-18,0.32251536316296064,0.28966657617414054,0.3878180606628989,0.32198681732433077,0.28755749335632425,0.390455689319345,0.032772059668786824,0.48806366047745364,0.5119363395225464,0.4873282270760773,0.5126717729239226
E1,1314,2013-12-21,Bolton,Charlton,1,1,D,,,0.4779098982102867,0.28129231246010866,0.24079778932960458,0.48514189470771707,0.27866951654687994,0.23618858874540286,0.033905631164088845,0.4552631578947368,0.5447368421052632,0.4525285526877652,0.547471447312235
E1,1314,2013-12-21,Brighton,Huddersfield,0,0,D,fpl-team-5,,0.49678485545091483,0.27696854772927104,0.22624659681981416,0.5046610267133852,0.2742257921356035,0.22111318115101122,0.032668350846506655,0.4617414248021108,0.5382585751978891,0.459383753504971,0.540616246495029
E1,1314,2013-12-21,Burnley,Blackpool,2,1,H,,,0.5123940753764221,0.2749798117122735,0.21262611291130443,0.5212079526193808,0.2720684579600726,0.2067235894205466,0.033416250022128224,0.45382585751978893,0.5461741424802111,0.45084821930926317,0.5491517806907368
E1,1314,2013-12-21,Derby,Doncaster,3,1,H,,,0.6788022668666114,0.20232119401207851,0.11887653912131009,0.6960983255636122,0.19556266273071166,0.1083390117056762,0.03466310421936214,0.577023498694517,0.42297650130548303,0.5823976314142091,0.4176023685857909
E1,1314,2013-12-21,Ipswich,Watford,1,1,D,,,0.39589052865869373,0.28605504662228787,0.31805442471901835,0.39893316553271724,0.2837611052081148,0.317305729259168,0.032924204133450985,0.5158730158730157,0.48412698412698413,0.5168137873046875,0.48318621269531237
E1,1314,2013-12-21,Leeds,Barnsley,0,0,D,fpl-team-13,,0.536376146199056,0.2621950435330581,0.20142881026788587,0.5462094798748995,0.25870546544360995,0.19508505468149048,0.03290448198094964,0.5172413793103448,0.48275862068965525,0.5183150183124496,0.48168498168755036
E1,1314,2013-12-21,Millwall,Middlesbrough,0,2,A,,,0.34711643090315564,0.29379760609358,0.35908596300326445,0.3477950090959105,0.2918472383903683,0.36035775251372126,0.03350593289360404,0.4721485411140583,0.5278514588859416,0.4703574050007903,0.5296425949992097
E1,1314,2013-12-21,QPR,Leicester,0,1,A,,,0.443047630909105,0.28548965882288835,0.2714627102680066,0.4483000806150753,0.28319473189214117,0.26850518749278346,0.032393412198871374,0.4397905759162304,0.5602094240837696,0.43602581218352804,0.563974187816472
E1,1314,2013-12-21,Reading,Wigan,1,2,A,,,0.4001132094045841,0.2898652972157049,0.31002149337971086,0.4034726366101373,0.2876826872412145,0.30884467614864825,0.03406306495890021,0.48941798941798953,0.5105820105820106,0.48879708724282345,0.5112029127571766
E1,1314,2013-12-21,Sheffield Weds,Bournemouth,1,2,A,,fpl-team-3,0.399036002602302,0.28942426114673137,0.3115397362509667,0.4022609586763778,0.28727321215249724,0.3104658291711249,0.03322425635997206,0.4986737400530504,0.5013262599469495,0.49859281774190956,0.5014071822580904
E1,1314,2013-12-21,Yeovil,Blackburn,0,1,A,,,0.3081876051803615,0.2901148752469452,0.4016975195726934,0.30699644544775506,0.28807661665818934,0.4049269378940556,0.03195445751771331,0.4603174603174603,0.5396825396825397,0.45774171736872327,0.5422582826312768
E1,1314,2013-12-26,Barnsley,Bolton,0,1,A,,,0.3189372068591848,0.28842160990660853,0.39264118323420655,0.3181862675558344,0.2861023707211431,0.39571136172302257,0.03507723822258413,0.462962962962963,0.537037037037037,0.46059113300006654,0.5394088669999334
E1,1314,2013-12-26,Blackburn,Sheffield Weds,0,0,D,,,0.530803299816168,0.2700039906579352,0.1991927095258967,0.5410961304009367,0.2666452751508987,0.19225859444816462,0.03547067113686353,0.4603174603174603,0.5396825396825397,0.45774171736872327,0.5422582826312768
E1,1314,2013-12-26,Blackpool,Leeds,1,1,D,,fpl-team-13,0.37509411233248,0.29370576720373437,0.3312001204637856,0.37727162611957477,0.2916441354117119,0.3310842384687133,0.03535543358884752,0.4603174603174603,0.5396825396825397,0.45774171736872327,0.5422582826312768
E1,1314,2013-12-26,Bournemouth,Yeovil,3,0,H,fpl-team-3,,0.5127537273217172,0.2697143883599785,0.2175318843183043,0.5222567306452639,0.26630680660401523,0.21143646275072092,0.035994218895211816,0.502659574468085,0.49734042553191493,0.5028294145940619,0.49717058540593806
E1,1314,2013-12-26,Charlton,Brighton,3,2,H,,fpl-team-5,0.3205441983997599,0.29240865747438916,0.3870471441258511,0.31985909530601264,0.2902373568482712,0.3899035478457161,0.036050708033144474,0.41253263707571797,0.5874673629242819,0.40576652602573043,0.5942334739742695
E1,1314,2013-12-26,Doncaster,Ipswich,0,3,A,,,0.2581569411566424,0.2814843755985077,0.46035868324485,0.25427112856610423,0.27878683147874467,0.46694203995515116,0.03512477269396186,0.48010610079575594,0.519893899204244,0.47885894689683706,0.521141053103163
E1,1314,2013-12-26,Huddersfield,Derby,1,1,D,,,0.29734869943833864,0.2820770139686959,0.4205742865929655,0.29545518868711584,0.27939089845336923,0.425153912859515,0.035565041354857385,0.502659574468085,0.49734042553191493,0.5028294145940619,0.49717058540593806
E1,1314,2013-12-26,Leicester,Reading,1,0,H,,,0.5434514848775147,0.2589297933488436,0.19761872177364168,0.5543158002293425,0.25502867112365657,0.19065552864700094,0.03519193083047867,0.53315649867374,0.46684350132625996,0.5353346901856414,0.46466530981435855
E1,1314,2013-12-26,Middlesbrough,Burnley,1,0,H,,,0.38916845199541633,0.29096706691246077,0.31986448109212295,0.39208100559851994,0.28876223890514,0.31915675549634004,0.03535088454373181,0.47074468085106375,0.5292553191489361,0.4687704057047033,0.5312295942952968
E1,1314,2013-12-26,Nott'm Forest,QPR,2,0,H,fpl-team-18,,0.3712480252764613,0.296998420221169,0.3317535545023697,0.37317566288420967,0.2951547929221886,0.33166954419360184,0.03445930918678641,0.41666666666666663,0.5833333333333334,0.410714285699178,0.5892857143008219
E1,1314,2013-12-26,Watford,Millwall,4,0,H,,,0.5457629367117394,0.2614158604417575,0.19282120284650298,0.5570094119951148,0.25754362767505773,0.18544696032982755,0.036069421330466866,0.5186170212765957,0.4813829787234043,0.519832837511798,0.48016716248820196
E1,1314,2013-12-26,Wigan,Birmingham,0,0,D,,,0.5188145414082749,0.2699035186517037,0.21128193994002142,0.5285368097342832,0.2665348566957241,0.2049283335699929,0.0356326358160004,0.4694960212201591,0.5305039787798408,0.46751412429064465,0.5324858757093553
E1,1314,2013-12-29,Barnsley,Derby,1,2,A,,,0.24409118043733002,0.27026907515089876,0.4856397444117712,0.23932236380777733,0.2668724478749245,0.49380518831729814,0.03638079599477351,0.5212765957446808,0.4787234042553191,0.5226757369623892,0.4773242630376109
E1,1314,2013-12-29,Blackburn,Birmingham,2,3,A,,,0.4527508141038626,0.27924152007603503,0.26800766582010255,0.45912530028948306,0.27634917596522496,0.264525523745292,0.03618545504286885,0.4564643799472295,0.5435356200527705,0.45370110556018506,0.5462988944398149
E1,1314,2013-12-29,Blackpool,Brighton,0,1,A,,fpl-team-5,0.3535065022346181,0.2916428643435599,0.354850633421822,0.3545672239702395,0.2894503596081181,0.35598241642164236,0.03577053337357938,0.4409448818897638,0.5590551181102362,0.4371227364174747,0.5628772635825252
E1,1314,2013-12-29,Bournemouth,Ipswich,1,1,D,fpl-team-3,,0.35719670950123145,0.2842327474994555,0.35857054299931307,0.3584701607670535,0.2816120518688431,0.3599177873641033,0.03633580869063735,0.4986737400530504,0.5013262599469495,0.49859281774190956,0.5014071822580904
E1,1314,2013-12-29,Charlton,Sheffield Weds,1,1,D,,,0.4379589890319504,0.2844062947067239,0.2776347162613257,0.44352575818410966,0.28180052082949725,0.2746737209863931,0.03605780506040901,0.4225721784776903,0.5774278215223098,0.41671372106238724,0.5832862789376128
E1,1314,2013-12-29,Doncaster,Millwall,0,0,D,,,0.3573770491803279,0.28524590163934427,0.3573770491803279,0.3586510636254089,0.28269787274918234,0.3586510636254089,0.036064123967662454,0.4854111405835544,0.5145888594164455,0.4845079150476607,0.5154920849523393
E1,1314,2013-12-29,Huddersfield,Yeovil,5,1,H,,,0.5194145151453547,0.2671274649318967,0.21345801992274854,0.5290009178335117,0.2636777839831798,0.20732129818330852,0.03500435594469309,0.4986737400530504,0.5013262599469495,0.49859281774190956,0.5014071822580904
E1,1314,2013-12-29,Leicester,Bolton,5,3,H,,,0.5465970574276222,0.25537731371618416,0.19802562885619368,0.5576352087648215,0.25129065758814756,0.19107413364703082,0.03522960934787989,0.5251989389920424,0.4748010610079576,0.5268043564136201,0.4731956435863799
E1,1314,2013-12-29,Middlesbrough,Reading,3,0,H,,,0.4383601838230921,0.2795530513602354,0.28208676481667255,0.4438733001433454,0.2767309198532628,0.27939578000339177,0.0355657443869859,0.47745358090185674,0.5225464190981433,0.47602932882080634,0.5239706711791936
E1,1314,2013-12-29,Nott'm Forest,Leeds,2,1,H,fpl-team-18,fpl-team-13,0.47891773363313705,0.2746734060542992,0.2464088603125639,0.48654329619109327,0.2715856755542275,0.24187102825467927,0.035523565602488816,0.462962962962963,0.537037037037037,0.46059113300006654,0.5394088669999334
E1,1314,2013-12-29,Watford,QPR,0,0,D,,,0.36108641480609577,0.2886462389962309,0.3502673461976734,0.36250238891958175,0.2863687059626908,0.35112890511772743,0.03465086966753006,0.4397905759162304,0.5602094240837696,0.43602581218352804,0.563974187816472
E1,1314,2013-12-29,Wigan,Burnley,0,0,D,,,0.4364573734549267,0.283896285469162,0.27964634107591113,0.44184349534860307,0.2813127034246179,0.2768438012267792,0.035384179558604956,0.4485488126649077,0.5514511873350924,0.44511680270287096,0.5548831972971291
E1,1314,2014-01-01,Birmingham,Barnsley,1,1,D,,,0.5074870950900837,0.27056228412583716,0.22195062078407918,0.5158911809751184,0.2675051232875531,0.21660369573732838,0.03272761113476008,0.4735449735449735,0.5264550264550264,0.4719266724690414,0.5280733275309587
E1,1314,2014-01-01,Bolton,Middlesbrough,2,2,D,,,0.39968220986371694,0.2872333924097048,0.31308439772657826,0.40285542137283326,0.28503328280236256,0.31211129582480424,0.0323617837857455,0.48010610079575594,0.519893899204244,0.47885894689683706,0.521141053103163
E1,1314,2014-01-01,Brighton,Bournemouth,1,1,D,fpl-team-5,fpl-team-3,0.5049409998749114,0.27144227160905643,0.22361672851603218,0.5131736410928516,0.2684464353925961,0.2183799235145524,0.03252846049144864,0.47745358090185674,0.5225464190981433,0.47602932882080634,0.5239706711791936
E1,1314,2014-01-01,Burnley,Huddersfield,3,2,H,,,0.46714337674219786,0.2811252057640173,0.2517314174937849,0.47358543178731743,0.27859977890785614,0.24781478930482648,0.03259689104743302,0.45000000000000007,0.5499999999999999,0.44683678894319523,0.5531632110568048
E1,1314,2014-01-01,Derby,Wigan,0,1,A,,,0.45722518324948375,0.2764931049148795,0.2662817118356368,0.4633586934106375,0.2736751032188718,0.26296620337049065,0.03352160658687353,0.5158730158730157,0.48412698412698413,0.5168137873046875,0.48318621269531237
E1,1314,2014-01-01,Ipswich,Charlton,1,1,D,,,0.5021365356328024,0.2737595689893121,0.22410389537788558,0.5102613709043524,0.27086488303814493,0.21887374605750268,0.032635925337672234,0.44619422572178474,0.5538057742782152,0.44284917758618875,0.5571508224138112
E1,1314,2014-01-01,Leeds,Blackburn,1,2,A,fpl-team-13,,0.4225898226954611,0.28515179525347223,0.2922583820510666,0.4269432522803513,0.2828036359573083,0.29025311176234037,0.033005582517944276,0.4643799472295515,0.5356200527704486,0.4622145096316831,0.537785490368317
E1,1314,2014-01-01,Millwall,Leicester,1,3,A,,,0.24473755007961845,0.2708334848143328,0.4844289651060489,0.2405440881329284,0.2678547075071248,0.49160120435994675,0.03214470180682838,0.5172413793103448,0.48275862068965525,0.5183150183124496,0.48168498168755036
E1,1314,2014-01-01,QPR,Doncaster,2,1,H,,,0.7073733830036046,0.19682146430853437,0.09580515268786091,0.7248244020088442,0.19017203782267544,0.08500356016848028,0.03253518673591316,0.5013262599469495,0.4986737400530504,0.5014071822580904,0.49859281774190956
E1,1314,2014-01-01,Reading,Nott'm Forest,1,1,D,,fpl-team-18,0.34905691649816034,0.2898034275864355,0.36113965591540426,0.3498084001070882,0.28771901124894805,0.3624725886439638,0.03251379693392664,0.4656084656084655,0.5343915343915343,0.4634338433828662,0.5365661566171338
E1,1314,2014-01-01,Sheffield Weds,Blackpool,2,0,H,,,0.3850037827703036,0.28994112035788294,0.3250550968718134,0.38746686742283637,0.2878773491234724,0.32465578345369117,0.032265870831906796,0.43717277486910994,0.5628272251308901,0.433156941930835,0.566843058069165
E1,1314,2014-01-10,Leicester,Derby,4,1,H,,,0.48183602530785,0.2715549853613605,0.24660898933078934,0.4889110092838545,0.26860040980076205,0.2424885809153834,0.032261558808386326,0.5421052631578948,0.4578947368421053,0.5446378752344725,0.45536212476552757
E1,1314,2014-01-11,Blackburn,Doncaster,1,0,H,,,0.6323448082031569,0.23280356122902296,0.1348516305678202,0.6475230363826686,0.22753188926056972,0.12494507435676168,0.03493703668937087,0.5079787234042553,0.49202127659574474,0.5084901655582802,0.49150983444171986
E1,1314,2014-01-11,Blackpool,Middlesbrough,0,2,A,,,0.3252309832102527,0.2908898234923999,0.38387919329734743,0.324821432921985,0.2887752310311664,0.3864033360468485,0.0338259901618585,0.4447368421052632,0.5552631578947369,0.4411088364791421,0.558891163520858
E1,1314,2014-01-11,Bolton,Nott'm Forest,1,1,D,,fpl-team-18,0.34578116675546083,0.2910145844432605,0.3632042488012786,0.3463945626360172,0.28892200357352876,0.3646834337904539,0.033591665560379624,0.4694960212201591,0.5305039787798408,0.46751412429064465,0.5324858757093553
E1,1314,2014-01-11,Brighton,Birmingham,1,0,H,fpl-team-5,,0.5284837256969421,0.2703515012958346,0.20116477300722313,0.5384593865615181,0.2670787787530796,0.1944618346854022,0.03476514830254018,0.4267015706806283,0.5732984293193717,0.4215620360289926,0.5784379639710074
E1,1314,2014-01-11,Huddersfield,Millwall,1,0,H,,,0.5010633772862612,0.27477669076988515,0.22415993194385375,0.5094161837099289,0.2718310644444016,0.2187527518456695,0.03378591011278331,0.49468085106382986,0.5053191489361702,0.4943406904364988,0.505659309563501
E1,1314,2014-01-11,Ipswich,QPR,1,3,A,,,0.33686536433485664,0.3001556771958017,0.36297895846934164,0.3370394098568539,0.29849819343669054,0.3644623967064555,0.033919160487130284,0.41298701298701296,0.5870129870129869,0.4067735292452096,0.5932264707547904
E1,1314,2014-01-11,Sheffield Weds,Leeds,6,0,H,,fpl-team-13,0.38344467034562885,0.2905605576532094,0.3259947720011618,0.38599109382691205,0.28839225634322097,0.325616649829867,0.034431488369591534,0.45382585751978893,0.5461741424802111,0.45084821930926317,0.5491517806907368
E1,1314,2014-01-11,Watford,Reading,0,1,A,,,0.5135301056058714,0.26551840687576317,0.22095148751836552,0.5228620829048661,0.2619752725552579,0.21516264453987588,0.035172097850590944,0.5066312997347481,0.49336870026525204,0.507037099589189,0.49296290041081114
E1,1314,2014-01-11,Wigan,Bournemouth,3,0,H,,fpl-team-3,0.5175398385744021,0.26612133744876926,0.21633882397682858,0.5267528894979119,0.26272627484943384,0.2105208356526543,0.033957238774746656,0.48275862068965525,0.5172413793103448,0.48168498168755036,0.5183150183124496
E1,1314,2014-01-11,Yeovil,Burnley,1,2,A,,,0.2548693694374348,0.2808141555478324,0.4643164750147328,0.25103494726001063,0.2782298155542653,0.4707352371857241,0.03318559448234737,0.462962962962963,0.537037037037037,0.46059113300006654,0.5394088669999334
E1,1314,2014-01-18,Barnsley,Blackpool,2,0,H,,,0.37287778260060767,0.29272648353692565,0.33439573386246674,0.374753751668127,0.2908039989220399,0.33444224940983314,0.032123644603416324,0.433420365535248,0.5665796344647519,0.4292099272552123,0.5707900727447877
E1,1314,2014-01-18,Birmingham,Yeovil,0,2,A,,,0.5398474024520494,0.2559494496639145,0.2042031478840361,0.5497346626906705,0.2522067652289602,0.19805857208036926,0.032517446437850595,0.5039787798408488,0.4960212201591513,0.5042217844068116,0.49577821559318824
E1,1314,2014-01-18,Bournemouth,Watford,1,1,D,fpl-team-3,,0.3543777067244653,0.2871868265504076,0.35843546672512705,0.35538235071386026,0.2849826983260359,0.3596349509601039,0.03243685723282397,0.5,0.5,0.5,0.5
E1,1314,2014-01-18,Burnley,Sheffield Weds,1,1,D,,,0.49874112421850686,0.2725678237008119,0.22869105208068122,0.5068899046496231,0.2695496428023095,0.22356045254806745,0.03340816986747086,0.4656084656084655,0.5343915343915343,0.4634338433828662,0.5365661566171338
E1,1314,2014-01-18,Derby,Brighton,1,0,H,,fpl-team-5,0.42888735643117015,0.2812165600551685,0.28989608351366125,0.43346039922058904,0.2787247081672344,0.2878148926121766,0.03237764188088477,0.4748010610079576,0.5251989389920424,0.4731956435863799,0.5268043564136201
E1,1314,2014-01-18,Doncaster,Wigan,3,0,H,,,0.2154235145385588,0.26396965865992417,0.520606826801517,0.2095928486812109,0.26048714182478067,0.5299200094940085,0.033764097141101956,0.46684350132625996,0.53315649867374,0.46466530981435855,0.5353346901856414
E1,1314,2014-01-18,Leeds,Leicester,0,1,A,fpl-team-13,,0.2765398725622707,0.27572890519405285,0.44773122224367634,0.2738661631310475,0.27301754493055047,0.453116291938402,0.031843861332163215,0.5317460317460317,0.46825396825396826,0.5337296567989512,0.46627034320104876
E1,1314,2014-01-18,Middlesbrough,Charlton,1,0,H,,,0.5205175749758143,0.26846178652047725,0.21102063850370845,0.5298501374779881,0.2651881135830051,0.20496174893900662,0.033861736766994,0.46419098143236076,0.5358090185676393,0.46181046676075377,0.5381895332392462
E1,1314,2014-01-18,Millwall,Ipswich,1,0,H,,,0.34494842963676525,0.2913850088857147,0.36366656147751997,0.3455092343373837,0.28935182474331306,0.3651389409193032,0.032912744442000985,0.46825396825396826,0.5317460317460317,0.46627034320104876,0.5337296567989512
E1,1314,2014-01-18,Nott'm Forest,Blackburn,4,1,H,fpl-team-18,,0.4762943544958091,0.27678462488399524,0.24692102062019577,0.4832562680351279,0.2740173125866506,0.24272641937822154,0.03298564406577498,0.4694960212201591,0.5305039787798408,0.46751412429064465,0.5324858757093553
E1,1314,2014-01-18,QPR,Huddersfield,2,1,H,,,0.5629298406215525,0.2596941529939206,0.17737600638452694,0.573775036960869,0.2561451748063326,0.17007978823279854,0.03216401906684041,0.46825396825396826,0.5317460317460317,0.46627034320104876,0.5337296567989512
E1,1314,2014-01-18,Reading,Bolton,7,1,H,,,0.4106709195693936,0.2849807290345186,0.30434835139608785,0.41429537637465835,0.2827186544428981,0.3029859691824434,0.03169779875315726,0.48275862068965525,0.5172413793103448,0.48168498168755036,0.5183150183124496
E1,1314,2014-01-25,Blackburn,Derby,1,1,D,,,0.37183432738011296,0.28743021625701987,0.3407354563628672,0.3737434811113718,0.285158783427736,0.3410977354608923,0.0336201770696789,0.48275862068965525,0.5172413793103448,0.48168498168755036,0.5183150183124496
E1,1314,2014-01-25,Blackpool,Doncaster,1,1,D,,,0.45765332417110455,0.2817385328981274,0.26060814293076784,0.46371707801722356,0.279213895597885,0.25706902638489154,0.03302186878863722,0.4473684210526316,0.5526315789473685,0.44397759103718865,0.5560224089628113
E1,1314,2014-01-25,Ipswich,Reading,2,0,H,,,0.4251840197786144,0.2843175816148789,0.2904983986065067,0.4298738130177044,0.28181673085498804,0.2883094561273076,0.03457600902765989,0.4787234042553191,0.5212765957446808,0.4773242630376109,0.5226757369623892
E1,1314,2014-01-25,Leicester,Middlesbrough,2,0,H,,,0.525485178076349,0.26572830027724464,0.20878652164640646,0.5353177251586635,0.2622261573911778,0.20245611745015862,0.03477882547304034,0.5305039787798408,0.4694960212201591,0.5324858757093553,0.46751412429064465
E1,1314,2014-01-28,Barnsley,Blackburn,2,2,D,,,0.3206549548012963,0.2865427255671158,0.39280231963158796,0.32008029717806896,0.28444420739104226,0.39547549543088883,0.030395386274904013,0.4696569920844328,0.5303430079155673,0.4678573425068856,0.5321426574931143
E1,1314,2014-01-28,Birmingham,Leicester,1,2,A,,,0.2343807632288268,0.2723152220173074,0.49330401475386576,0.2298986492092043,0.26952349374174084,0.5005778570490549,0.030784690519794822,0.5052910052910053,0.4947089947089948,0.5055995744330538,0.49440042556694624
E1,1314,2014-01-28,Bournemouth,Huddersfield,2,1,H,fpl-team-3,,0.4787808233675522,0.2710339718488729,0.25018520478357503,0.4852751196192647,0.2682442021422812,0.2464806782384541,0.030202230904251337,0.5,0.5,0.5,0.5
E1,1314,2014-01-28,Burnley,Brighton,0,0,D,,fpl-team-5,0.4007167964711559,0.29154318009511343,0.3077400234337308,0.4038047115147241,0.28963085701080454,0.3065644314744713,0.030985047575086355,0.422279792746114,0.5777202072538861,0.41746678039253876,0.5825332196074612
E1,1314,2014-01-28,Derby,Yeovil,3,2,H,,,0.6551942216156842,0.21059814266218418,0.1342076357221316,0.6695097463002673,0.20502286268367584,0.12546739101605686,0.030518350191414356,0.5792207792207792,0.42077922077922075,0.5844267286623455,0.4155732713376546
E1,1314,2014-01-28,Doncaster,Charlton,3,0,H,,,0.3516645648393133,0.2926897620401738,0.3556456731205131,0.3524895677856664,0.2908597175022957,0.35665071471203774,0.030534548219293356,0.433420365535248,0.5665796344647519,0.4292099272552123,0.5707900727447877
E1,1314,2014-01-28,Leeds,Ipswich,1,1,D,fpl-team-13,,0.40265374129051806,0.28638594365343834,0.31096031505604366,0.40580036995456814,0.28425907665226297,0.3099405533931689,0.030690572457388043,0.4656084656084655,0.5343915343915343,0.4634338433828662,0.5365661566171338
E1,1314,2014-01-28,Middlesbrough,Wigan,0,0,D,,,0.4133728142131168,0.28647112960665844,0.3001560561802249,0.4169887985952819,0.2843567344658428,0.2986544669388753,0.030538579216226935,0.462962962962963,0.537037037037037,0.46059113300006654,0.5394088669999334
E1,1314,2014-01-28,Millwall,Sheffield Weds,1,1,D,,,0.3944551818226113,0.2891864676552273,0.31635835052216144,0.39720193843046403,0.28720649922874125,0.31559156234079466,0.030382790369912982,0.4552631578947368,0.5447368421052632,0.4525285526877652,0.547471447312235
E1,1314,2014-01-28,QPR,Bolton,2,1,H,,,0.5546171238530464,0.2633656733380388,0.18201720280891484,0.5645644399842012,0.26016132581616175,0.175274234199637,0.030558989150449634,0.4526315789473684,0.5473684210526316,0.4496869409663943,0.5503130590336057
E1,1314,2014-01-28,Reading,Blackpool,5,1,H,,,0.5319866952415124,0.26375810940545574,0.20425519535303185,0.5411198505186399,0.2605216211394567,0.19835852834190335,0.03119805338792503,0.4643799472295515,0.5356200527704486,0.4622145096316831,0.537785490368317
E1,1314,2014-01-30,Nott'm Forest,Watford,4,2,H,fpl-team-18,,0.4626242867554595,0.2828696693113201,0.2545060439332203,0.46883015282093177,0.28043645676619283,0.25073339041287546,0.03249438130296767,0.4813829787234043,0.5186170212765957,0.48016716248820196,0.519832837511798
E1,1314,2014-02-01,Birmingham,Derby,3,3,D,,,0.28694900605012963,0.2826274848746759,0.43042350907519444,0.28469166618215797,0.2801624258606587,0.43514590795718333,0.03291381080634892,0.502659574468085,0.49734042553191493,0.5028294145940619,0.49717058540593806
E1,1314,2014-02-01,Blackburn,Blackpool,2,0,H,,,0.5433645180939292,0.2647945398035204,0.19184094210255045,0.5532975478583776,0.261499370972783,0.1852030811688394,0.03214670764282346,0.48275862068965525,0.5172413793103448,0.48168498168755036,0.5183150183124496
E1,1314,2014-02-01,Bournemouth,Leicester,0,1,A,fpl-team-3,,0.2676490144677209,0.2763082472887354,0.4560427382435438,0.2645168622314777,0.27358317402142673,0.4618999637470955,0.03230112884193659,0.5013262599469495,0.4986737400530504,0.5014071822580904,0.49859281774190956
E1,1314,2014-02-01,Doncaster,Middlesbrough,0,0,D,,,0.2653299903685924,0.27871458928926324,0.45595542034214426,0.2620787953171814,0.27609455155700247,0.46182665312581606,0.03240377630572766,0.47745358090185674,0.5225464190981433,0.47602932882080634,0.5239706711791936
E1,1314,2014-02-01,Ipswich,Bolton,1,0,H,,,0.45595542034214426,0.27871458928926324,0.2653299903685924,0.46182665312581606,0.27609455155700247,0.2620787953171814,0.03240377630572766,0.49336870026525204,0.5066312997347481,0.49296290041081114,0.507037099589189
E1,1314,2014-02-01,Leeds,Huddersfield,5,1,H,fpl-team-13,,0.414002750367922,0.2847837101015706,0.30121353953050733,0.41782706937131486,0.2824857367300529,0.2996871938986322,0.03206858364865184,0.4854111405835544,0.5145888594164455,0.4845079150476607,0.5154920849523393
E1,1314,2014-02-01,Millwall,Reading,0,3,A,,,0.33373606752739077,0.2850450911100207,0.38121884136258866,0.33374983040561396,0.2826860749382699,0.38356409465611624,0.03318180097267032,0.4813829787234043,0.5186170212765957,0.48016716248820196,0.519832837511798
E1,1314,2014-02-01,QPR,Burnley,3,3,D,,,0.46985744973139193,0.2821966665053405,0.2479458837632675,0.4763445720089857,0.27975294439855114,0.2439024835924632,0.032170301652513444,0.445910290237467,0.554089709762533,0.44223724992325464,0.5577627500767455
E1,1314,2014-02-01,Sheffield Weds,Barnsley,1,0,H,,,0.46735907825050516,0.27875126032151787,0.2538896614279771,0.4737635949832329,0.27613303178675014,0.2501033732300169,0.032349111745133996,0.4656084656084655,0.5343915343915343,0.4634338433828662,0.5365661566171338
E1,1314,2014-02-01,Wigan,Charlton,2,1,H,,,0.5654373827392121,0.25645520637898683,0.17810741088180113,0.5766849803661848,0.2526577944365599,0.17065722519725546,0.03301401808857918,0.4656084656084655,0.5343915343915343,0.4634338433828662,0.5365661566171338
E1,1314,2014-02-02,Nott'm Forest,Yeovil,3,1,H,fpl-team-18,,0.6682384673508623,0.21173398628420578,0.12002754636493194,0.6834783500663353,0.20603370966300147,0.11048794027066322,0.03136484744027257,0.5564304461942258,0.44356955380577423,0.5600089315544268,0.43999106844557306
E1,1314,2014-02-02,Watford,Brighton,2,0,H,,fpl-team-5,0.4006372809346787,0.2858204992033988,0.31354221986192243,0.40395433718592844,0.28348424300823427,0.31256141980583724,0.03336475556716323,0.4447368421052632,0.5552631578947369,0.4411088364791421,0.558891163520858
E1,1314,2014-02-08,Barnsley,Ipswich,2,2,D,,,0.33021634436670333,0.28855828246198073,0.381225373171316,0.33005843008784036,0.28637078918824943,0.38357078072391015,0.03317111963406205,0.4526315789473684,0.5473684210526316,0.4496869409663943,0.5503130590336057
E1,1314,2014-02-08,Blackpool,Nott'm Forest,1,1,D,,fpl-team-18,0.24034118317765207,0.27649870631057316,0.48316011051177477,0.2357553510376126,0.2736670356043922,0.49057761335799516,0.03355275001376867,0.462962962962963,0.537037037037037,0.46059113300006654,0.5394088669999334
E1,1314,2014-02-08,Bolton,Bournemouth,2,2,D,,fpl-team-3,0.4225135667290976,0.28252413196945686,0.2949623013014455,0.4268757027033591,0.28004214238560554,0.29308215491103534,0.03310225624591112,0.5039787798408488,0.4960212201591513,0.5042217844068116,0.49577821559318824
E1,1314,2014-02-08,Brighton,Doncaster,1,0,H,fpl-team-5,,0.6138763783196148,0.24206980897654914,0.144053812703836,0.627330037288994,0.23756342922325926,0.13510653348774673,0.032865015091374516,0.48275862068965525,0.5172413793103448,0.48168498168755036,0.5183150183124496
E1,1314,2014-02-08,Burnley,Millwall,3,1,H,,,0.5796136800735848,0.25241240906430307,0.16797391086211225,0.5914773086583316,0.24842872976015618,0.16009396158151218,0.03286327491514385,0.4960212201591513,0.5039787798408488,0.49577821559318824,0.5042217844068116
E1,1314,2014-02-08,Charlton,Birmingham,0,2,A,,,0.40457170747579924,0.2896933214024241,0.30573497112177667,0.4080176515314636,0.28758559778714005,0.3043967506813964,0.032731544924899936,0.4397905759162304,0.5602094240837696,0.43602581218352804,0.563974187816472
E1,1314,2014-02-08,Huddersfield,Wigan,1,0,H,,,0.3326572008113591,0.28600405679513186,0.3813387423935092,0.3326185197896527,0.28370316005863816,0.38367832015170916,0.033013573847711086,0.47745358090185674,0.5225464190981433,0.47602932882080634,0.5239706711791936
E1,1314,2014-02-08,Leicester,Watford,2,2,D,,,0.549469670325602,0.25955611498806064,0.1909742146863373,0.5597697736817489,0.255986551155611,0.1842436751626402,0.03240340715274215,0.5343915343915343,0.4656084656084655,0.5365661566171338,0.4634338433828662
E1,1314,2014-02-08,Middlesbrough,Blackburn,0,0,D,,,0.42633408822685076,0.2877101208892858,0.2859557908838633,0.43088712060025747,0.285476062314795,0.2836368170849475,0.03313105879351497,0.4526315789473684,0.5473684210526316,0.4496869409663943,0.5503130590336057
E1,1314,2014-02-08,Reading,Sheffield Weds,0,2,A,,,0.521164463777815,0.2680274385143048,0.2108080977078802,0.5303473208124554,0.26479687969880145,0.20485579948874302,0.033192405477166176,0.5079365079365078,0.49206349206349204,0.5084005376342079,0.49159946236579216
E1,1314,2014-02-08,Yeovil,Leeds,1,2,A,,fpl-team-13,0.3088896799456329,0.2828387430827482,0.4082715769716191,0.3077103218644763,0.28041910718226293,0.4118705709532608,0.032497667241841555,0.4986737400530504,0.5013262599469495,0.49859281774190956,0.5014071822580904
E1,1314,2014-02-10,Derby,QPR,1,0,H,,,0.41007307712528257,0.28894379895904526,0.3009831239156721,0.41375646456033904,0.2868157621546003,0.2994277732850607,0.03247334295883775,0.44356955380577423,0.5564304461942258,0.43999106844557306,0.5600089315544268
E1,1314,2014-02-11,Bolton,Burnley,0,1,A,,,0.33260465669487044,0.2878505132863863,0.3795448300187433,0.3325663316424879,0.28575777179046424,0.3816758965670479,0.03121101134456694,0.4552631578947368,0.5447368421052632,0.4525285526877652,0.547471447312235
E1,1314,2014-02-11,Brighton,Leeds,1,0,H,fpl-team-5,fpl-team-13,0.5019979639466193,0.2727618994854464,0.2252401365679342,0.5094524486947519,0.27006291415909833,0.22048463714614974,0.02992427907884121,0.4285714285714286,0.5714285714285715,0.42424242423297087,0.5757575757670291
E1,1314,2014-02-11,Huddersfield,Nott'm Forest,0,3,A,,fpl-team-18,0.3409049096684778,0.2887787766916463,0.3703163136398759,0.34123161599310564,0.28683964840161963,0.3719287356052748,0.02949985337909311,0.4761904761904762,0.5238095238095238,0.4747474747483622,0.5252525252516378
E1,1314,2014-02-11,Sheffield Weds,Wigan,0,3,A,,,0.33507300864890716,0.2942359857198216,0.3706910056312713,0.3351494913877512,0.2924458827619972,0.3724046258502517,0.031046352116391063,0.42171717171717177,0.5782828282828284,0.4189394137504418,0.581060586249558
E1,1314,2014-02-11,Watford,Birmingham,1,0,H,,,0.5365825702678265,0.2594465174921358,0.2039709122400377,0.5454638044755047,0.25618512883377154,0.19835106669072367,0.029627750744111836,0.5026455026455027,0.4973544973544974,0.502799552071699,0.497200447928301
E1,1314,2014-02-11,Yeovil,Millwall,1,1,D,,,0.39792967027632714,0.28665450412002896,0.31541582560364395,0.4008144501632833,0.28457426865335184,0.31461128118336484,0.030190388904884458,0.467018469656992,0.5329815303430079,0.4650388767684244,0.5349611232315755
E1,1314,2014-02-15,Birmingham,Huddersfield,1,2,A,,,0.3888514300425396,0.28777384119356136,0.3233747287638989,0.39142448988973433,0.2856671986076103,0.3229083115026554,0.03135567461140454,0.467018469656992,0.5329815303430079,0.4650388767684244,0.5349611232315755
E1,1314,2014-02-15,Bournemouth,Burnley,1,1,D,fpl-team-3,,0.3356948677815306,0.2883268803031551,0.3759782519153143,0.3358016692031053,0.28620742098472585,0.3779909098121689,0.03195972950197756,0.4643799472295515,0.5356200527704486,0.4622145096316831,0.537785490368317
E1,1314,2014-02-15,Doncaster,Barnsley,2,2,D,,,0.3904318654511725,0.2895202448422541,0.3200478897065734,0.3930822763633565,0.28749089375918124,0.3194268298774622,0.03140081057790667,0.4488188976377953,0.5511811023622047,0.44569757727335396,0.554302422726646
E1,1314,2014-02-15,Ipswich,Blackpool,0,0,D,,,0.5235917619651284,0.2708755069125953,0.20553273112227627,0.5330295971684758,0.2677318214390969,0.1992385813924273,0.033702322049066424,0.4591029023746703,0.5408970976253298,0.4565461171848933,0.5434538828151066
E1,1314,2014-02-15,Millwall,Bolton,1,1,D,,,0.3578778493098144,0.28960576728763443,0.35251638340255126,0.3590083552872764,0.2875927600540383,0.35339888465868535,0.03123668674379587,0.48275862068965525,0.5172413793103448,0.48168498168755036,0.5183150183124496
E1,1314,2014-02-15,Watford,Middlesbrough,1,0,H,,,0.4337627379350125,0.2860988271486253,0.28013843491636226,0.4384034516973924,0.28391458388891117,0.27768196441369636,0.031246518716216087,0.4488188976377953,0.5511811023622047,0.44569757727335396,0.554302422726646
E1,1314,2014-02-16,QPR,Reading,1,3,A,,,0.4754275527825747,0.27874770207787863,0.24582474513954652,0.4825487833270592,0.2759964115723691,0.24145480510057168,0.03396319271996617,0.4564643799472295,0.5435356200527705,0.45370110556018506,0.5462988944398149
E1,1314,2014-02-18,Sheffield Weds,Derby,0,1,A,,,0.2916638678041244,0.28205817155907836,0.4262779606367972,0.28976421400585956,0.2797257154501348,0.43051007054400575,0.030782717280089855,0.49336870026525204,0.5066312997347481,0.49296290041081114,0.507037099589189
E1,1314,2014-02-18,Wigan,Barnsley,2,0,H,,,0.5944162317755259,0.24806346680395966,0.15752030142051437,0.6056663800925627,0.24430703821688513,0.15002658169055214,0.02937146555632353,0.48412698412698413,0.5158730158730157,0.48318621269531237,0.5168137873046875
E1,1314,2014-02-18,Yeovil,Watford,0,0,D,,,0.25808278360529086,0.2778767434098265,0.4640404729848827,0.2546564712185853,0.27533950019324627,0.47000402858816837,0.03086138772778213,0.5066312997347481,0.49336870026525204,0.507037099589189,0.49296290041081114
E1,1314,2014-02-19,Nott'm Forest,Leicester,2,2,D,fpl-team-18,,0.34133368572325284,0.28617915723748333,0.372487157039264,0.3417148177384081,0.2839097498188329,0.37437543244275895,0.03268486703746021,0.4840425531914894,0.5159574468085106,0.4830066840394914,0.5169933159605087
E1,1314,2014-02-22,Barnsley,Millwall,1,0,H,,,0.41885243597312416,0.2851761266199994,0.29597143740687637,0.4230174762791695,0.28283341767025105,0.29414910605057953,0.03295688843354583,0.4721485411140583,0.5278514588859416,0.4703574050007903,0.5296425949992097
E1,1314,2014-02-22,Blackpool,Birmingham,1,2,A,,,0.4233743262462204,0.28742844167174597,0.2891972320820337,0.42763628470479204,0.28525604198113774,0.28710767331407017,0.0320160654373467,0.41558441558441556,0.5844155844155844,0.4097222222206359,0.5902777777793641
E1,1314,2014-02-22,Bolton,Watford,2,0,H,,,0.38983592453757754,0.2873102685429853,0.3228538069194371,0.3925253085107542,0.2851249248856556,0.32234976660359016,0.03221452422440052,0.462962962962963,0.537037037037037,0.46059113300006654,0.5394088669999334
E1,1314,2014-02-22,Brighton,Wigan,1,2,A,fpl-team-5,,0.42666390807524585,0.2906069962122418,0.28272909571251237,0.43117691857496265,0.2885388255046545,0.28028425592038286,0.032718316186219454,0.4093264248704664,0.5906735751295337,0.4028425494295792,0.5971574505704209
E1,1314,2014-02-22,Burnley,Nott'm Forest,3,1,H,,fpl-team-18,0.4174470835223327,0.28811531838197807,0.2944375980956892,0.4214720929765926,0.2859530425826225,0.29257486444078495,0.03237174660898745,0.4409448818897638,0.5590551181102362,0.4371227364174747,0.5628772635825252
E1,1314,2014-02-22,Charlton,QPR,1,0,H,,,0.2665725936551252,0.2887186245126279,0.44470878183224677,0.2633327150225966,0.2865411459829225,0.45012613899448084,0.03292323253117502,0.39641943734015345,0.6035805626598465,0.3892837616254925,0.6107162383745074
E1,1314,2014-02-22,Derby,Bournemouth,1,0,H,,fpl-team-3,0.5222490858592923,0.2655503826403181,0.21220053150038964,0.531179377678413,0.2623130209147672,0.20650760140681979,0.03207211522385478,0.53315649867374,0.46684350132625996,0.5353346901856414,0.46466530981435855
E1,1314,2014-02-22,Huddersfield,Sheffield Weds,0,2,A,,,0.43453490985219145,0.2852873572281865,0.28017773291962195,0.43943489046714257,0.28295954631876397,0.2776055632140934,0.0327629002276808,0.462962962962963,0.537037037037037,0.46059113300006654,0.5394088669999334
E1,1314,2014-02-22,Leicester,Ipswich,3,0,H,,,0.5882642470414519,0.2516638490016906,0.16007190395685764,0.6000681912775481,0.24779035308358244,0.1521414556388695,0.03159896354191005,0.5106382978723405,0.48936170212765967,0.5113224637680679,0.4886775362319321
E1,1314,2014-02-22,Middlesbrough,Leeds,0,0,D,,fpl-team-13,0.46905765211311323,0.2834185209142678,0.2475238269726191,0.4756866515330231,0.28096530935639935,0.2433480391105776,0.03308236738666892,0.4447368421052632,0.5552631578947369,0.4411088364791421,0.558891163520858
E1,1314,2014-02-22,Reading,Blackburn,0,1,A,,,0.44889899056388255,0.2775736361770753,0.2735273732590421,0.45453420359819574,0.27485326031224716,0.27061253608955704,0.033004353288561106,0.4787234042553191,0.5212765957446808,0.4773242630376109,0.5226757369623892
E1,1314,2014-02-22,Yeovil,Doncaster,1,0,H,,,0.4136825011786228,0.28629856026691275,0.3000189385544645,0.41753998122563357,0.284043572790887,0.29841644598347944,0.032480839639902115,0.4591029023746703,0.5408970976253298,0.4565461171848933,0.5434538828151066
E1,1314,2014-03-01,Bolton,Blackburn,4,0,H,,,0.3898033132666084,0.2917472003020268,0.31844948643136484,0.39249519940086025,0.2897688355657508,0.3177359650333889,0.032257776241749525,0.421875,0.578125,0.4165832499152132,0.5834167500847868
E1,1314,2014-03-01,Bournemouth,Doncaster,5,0,H,fpl-team-3,,0.55178758328633,0.26356334285464367,0.1846490738590263,0.5614803951667515,0.26041308520887807,0.1781065196243703,0.030146041070111096,0.4735449735449735,0.5264550264550264,0.4719266724690414,0.5280733275309587
E1,1314,2014-03-01,Burnley,Derby,2,0,H,,,0.4255867939128191,0.28501418622646374,0.28939901986071703,0.42990367775242017,0.28275424989713754,0.2873420723504423,0.031646123388782144,0.46825396825396826,0.5317460317460317,0.46627034320104876,0.5337296567989512
E1,1314,2014-03-01,Huddersfield,Barnsley,5,0,H,,,0.4815508556256706,0.28369310225681493,0.23475604211751439,0.48867877873601895,0.28128330135850155,0.2300379199054795,0.03258553775958717,0.4708994708994709,0.5291005291005291,0.4691011235925061,0.5308988764074939
E1,1314,2014-03-01,Ipswich,Birmingham,1,0,H,,,0.4764481468512136,0.2810188171547578,0.24253303599402862,0.48338096391297936,0.2784673521008652,0.2381516839861554,0.03281503287144005,0.4267015706806283,0.5732984293193717,0.4215620360289926,0.5784379639710074
E1,1314,2014-03-01,Leicester,Charlton,3,0,H,,,0.6674086200806021,0.2158362739251488,0.11675510599424922,0.6829302843950852,0.21018753368368198,0.10688218192123285,0.03207622328773141,0.5317460317460317,0.46825396825396826,0.5337296567989512,0.46627034320104876
E1,1314,2014-03-01,Millwall,Brighton,0,1,A,,fpl-team-5,0.26109391124871,0.2848297213622291,0.45407636738906093,0.257683692520324,0.28252623329737114,0.4597900741823049,0.03202170203439891,0.41085271317829464,0.5891472868217055,0.40483283681552285,0.5951671631844772
E1,1314,2014-03-01,Nott'm Forest,Wigan,1,4,A,fpl-team-18,,0.41590583476135634,0.2856982329971627,0.29839593224148103,0.4198096528586027,0.2834490345188672,0.29674131262253,0.03197849285788834,0.4379947229551451,0.5620052770448549,0.43353696477210124,0.5664630352278986
E1,1314,2014-03-01,QPR,Leeds,1,1,D,,fpl-team-13,0.5170818647869272,0.275172220442166,0.20774591477090676,0.5256069422895472,0.2724349599597976,0.20195809775065524,0.03147558378987014,0.4244791666666667,0.5755208333333334,0.4194958776455569,0.5805041223544432
E1,1314,2014-03-01,Reading,Yeovil,1,1,D,,,0.60661192575817,0.23924897835245892,0.1541390958893711,0.6194902992196211,0.2347139633834977,0.14579573739688118,0.032217186875641346,0.5211640211640212,0.4788359788359788,0.5224359873227157,0.47756401267728427
E1,1314,2014-03-01,Sheffield Weds,Middlesbrough,1,0,H,,,0.37777466217470007,0.29673782612460675,0.3254875117006932,0.3798471065791952,0.29503441906184286,0.3251184743589619,0.03155376063659787,0.4025641025641025,0.5974358974358973,0.39612093709688767,0.6038790629031123
E1,1314,2014-03-01,Watford,Blackpool,4,0,H,,,0.5225888400040805,0.2742448723053483,0.2031662876905712,0.5314367535550555,0.2714389157200368,0.1971243307249078,0.031733887968584895,0.43947368421052635,0.5605263157894738,0.4353405864411891,0.564659413558811
E1,1314,2014-03-08,Barnsley,Nott'm Forest,1,0,H,,fpl-team-18,0.2827563437411565,0.2853268559569852,0.4319168003018583,0.2804330748269065,0.283120363928934,0.4364465612441594,0.031067417236045003,0.49071618037135284,0.5092838196286471,0.49014639639470625,0.5098536036052937
E1,1314,2014-03-08,Birmingham,QPR,0,2,A,,,0.3092829004364385,0.2956666721153374,0.395050427448224,0.3081496501070931,0.29389754132514945,0.3979528085677574,0.031809558626264334,0.404639175257732,0.5953608247422681,0.3979788788695228,0.6020211211304771
E1,1314,2014-03-08,Blackpool,Bournemouth,0,1,A,,fpl-team-3,0.3169848006437566,0.2923741794757631,0.39064101988048017,0.3162291374752666,0.2904932736756519,0.3932775888490814,0.03111536579672247,0.4564643799472295,0.5435356200527705,0.45370110556018506,0.5462988944398149
E1,1314,2014-03-08,Brighton,Reading,1,1,D,fpl-team-5,,0.4826163285251481,0.28092592257433985,0.2364577489005122,0.4895392064775479,0.2784763596133556,0.23198443390909643,0.03140141838230193,0.42408376963350786,0.5759162303664922,0.4186307519642238,0.5813692480357762
E1,1314,2014-03-08,Derby,Millwall,0,1,A,,,0.6078047862621501,0.24406668878402402,0.14812852495382586,0.6203157075128598,0.23988889378884998,0.13979539869829014,0.031166841043159366,0.519893899204244,0.48010610079575594,0.521141053103163,0.47885894689683706
E1,1314,2014-03-08,Doncaster,Huddersfield,2,0,H,,,0.2949949881446474,0.29407312880669534,0.4109318830486573,0.2932168177892041,0.2922525814229453,0.4145306007878506,0.03135877847671509,0.44327176781002636,0.5567282321899736,0.43934777702599115,0.5606522229740089
E1,1314,2014-03-08,Leeds,Bolton,1,5,A,fpl-team-13,,0.4130426865538771,0.29118226660785745,0.29577504683826533,0.41696544655507656,0.28910895944946513,0.2939255939954583,0.03330634208396077,0.4523809523809524,0.5476190476190476,0.44914823289278233,0.5508517671072177
E1,1314,2014-03-08,Middlesbrough,Ipswich,2,0,H,,,0.4291528722129271,0.29278653898638946,0.2780605888006835,0.43369242761064625,0.2908616563345928,0.27544591605476093,0.032047996297478676,0.42036553524804177,0.5796344647519582,0.41466621900794404,0.585333780992056
E1,1314,2014-03-08,Yeovil,Sheffield Weds,2,0,H,,,0.3154558632041864,0.29285310665061537,0.3916910301451981,0.31460943001411495,0.29094783834514004,0.39444273164074495,0.031899865716695786,0.4383202099737532,0.5616797900262467,0.4342436622096085,0.5657563377903915
E1,1314,2014-03-09,Blackburn,Burnley,1,2,A,,,0.34675495479797036,0.29457866065909083,0.3586663845429388,0.3473883981001449,0.292746079371551,0.359865522528304,0.03209019615314901,0.42036553524804177,0.5796344647519582,0.41466621900794404,0.585333780992056
E1,1314,2014-03-11,Barnsley,Leicester,0,3,A,,,0.188683797804319,0.2563638557123899,0.5549523464832912,0.1822956239968194,0.2528912023710355,0.5648131736321451,0.030222368659451604,0.5145888594164455,0.4854111405835544,0.5154920849523393,0.4845079150476607
E1,1314,2014-03-11,Blackpool,Millwall,1,0,H,,,0.41062890768664956,0.29606472968002945,0.29330636263332105,0.41399659749843354,0.29444048230922176,0.29156292019234464,0.029435385135002434,0.4015345268542199,0.5984654731457799,0.3952038760800564,0.6047961239199436
E1,1314,2014-03-11,Brighton,QPR,2,0,H,fpl-team-5,,0.4192418574730171,0.29663338972147435,0.28412475280550864,0.42306670376362804,0.29499681309061715,0.28193648314575487,0.03008948068600148,0.3828715365239294,0.6171284634760705,0.3751342642545138,0.6248657357454863
E1,1314,2014-03-11,Derby,Bolton,0,0,D,,,0.5062265940288382,0.26523421546299697,0.22853919050816485,0.5141796236132258,0.2620827018962126,0.2237376744905616,0.031161662307567894,0.519893899204244,0.48010610079575594,0.521141053103163,0.47885894689683706
E1,1314,2014-03-11,Doncaster,Watford,2,1,H,,,0.27308550099957246,0.2804002912049181,0.44651420779550943,0.2703467235439209,0.2779899447755479,0.4516633316805312,0.03076085401698947,0.4643799472295515,0.5356200527704486,0.4622145096316831,0.537785490368317
E1,1314,2014-03-11,Leeds,Reading,2,4,A,fpl-team-13,,0.37526799576135444,0.29071687325956774,0.33401513097907787,0.377179139371197,0.2887786288459626,0.3340422317828404,0.03084118664264679,0.4643799472295515,0.5356200527704486,0.4622145096316831,0.537785490368317
E1,1314,2014-03-11,Middlesbrough,Nott'm Forest,1,1,D,,fpl-team-18,0.399013819503017,0.28709530915460973,0.3138908713423733,0.4020238959652183,0.2849806491727056,0.31299545486207614,0.030991756357252598,0.4424083769633508,0.5575916230366492,0.4388837958712722,0.5611162041287278
E1,1314,2014-03-11,Yeovil,Ipswich,0,1,A,,,0.3234694756178066,0.29232800436267614,0.38420252001951716,0.3230107237692058,0.29044085463815345,0.38654842159264075,0.031196863390505314,0.4196891191709845,0.5803108808290156,0.4145723104045335,0.5854276895954665
E1,1314,2014-03-12,Birmingham,Burnley,3,3,D,,,0.28834595768116406,0.29012587100018356,0.4215281713186524,0.2862214126272664,0.28808453601106365,0.42569405136167,0.031948234187439084,0.4192708333333333,0.5807291666666666,0.4136562404181628,0.5863437595818372
E1,1314,2014-03-12,Blackburn,Bournemouth,0,1,A,,fpl-team-3,0.4215281713186524,0.28834595768116406,0.29012587100018356,0.42569405136167,0.2862214126272664,0.28808453601106365,0.031948234187439084,0.4603174603174603,0.5396825396825397,0.45774171736872327,0.5422582826312768
E1,1314,2014-03-12,Charlton,Huddersfield,0,0,D,,,0.37232375979112275,0.2913838120104439,0.33629242819843347,0.37421810441137915,0.28934991825834466,0.33643197733027613,0.03291643084958196,0.44356955380577423,0.5564304461942258,0.43999106844557306,0.5600089315544268
E1,1314,2014-03-12,Wigan,Sheffield Weds,1,0,H,,,0.5452246041684748,0.26870668171053774,0.18606871412098744,0.5556369121600144,0.2654638128465792,0.1788992749934065,0.03344884212128818,0.4473684210526316,0.5526315789473685,0.44397759103718865,0.5560224089628113
E1,1314,2014-03-15,Bolton,Brighton,0,2,A,,fpl-team-5,0.3832179145378158,0.29524650648353734,0.3215355789786468,0.3856177462851179,0.2934177609490093,0.32096449276587286,0.032561778323724866,0.41343669250646,0.5865633074935401,0.4077643171921881,0.592235682807812
E1,1314,2014-03-15,Bournemouth,Middlesbrough,0,0,D,fpl-team-3,,0.42446997172117396,0.2895304436740106,0.2859995846048154,0.4289206816432911,0.2873903534665766,0.28368896489013234,0.03304749680683017,0.4360313315926892,0.5639686684073107,0.4320802838861742,0.5679197161138259
E1,1314,2014-03-15,Burnley,Leeds,2,1,H,,fpl-team-13,0.543584306073601,0.2604988502790387,0.19591684364736034,0.5534630123160482,0.2570298269183865,0.18950716076556526,0.031922072637826204,0.5013262599469495,0.4986737400530504,0.5014071822580904,0.49859281774190956
E1,1314,2014-03-15,Huddersfield,Blackburn,2,4,A,,,0.4148719605783989,0.2902819290734308,0.29484611034817026,0.41888467491247156,0.28816437042918047,0.2929509546583479,0.03330573905259371,0.4526315789473684,0.5473684210526316,0.4496869409663943,0.5503130590336057
E1,1314,2014-03-15,Ipswich,Wigan,1,3,A,,,0.3504464285714286,0.2991071428571429,0.3504464285714286,0.35126294634690497,0.2974741073061901,0.35126294634690497,0.03237679065205157,0.40826873385012924,0.5917312661498708,0.4018849151570364,0.5981150848429637
E1,1314,2014-03-15,Leicester,Blackpool,3,1,H,,,0.7081199707388441,0.1945866861741039,0.09729334308705195,0.7253006887747504,0.1879669543435431,0.08673235688170651,0.031921071698889136,0.5447368421052632,0.4552631578947368,0.547471447312235,0.4525285526877652
E1,1314,2014-03-15,Millwall,Charlton,0,0,D,,,0.40144677245918736,0.29355795236078075,0.30499527518003194,0.4046974878454216,0.2916618135723332,0.30364069858224535,0.03228655178099871,0.4145077720207254,0.5854922279792746,0.40873893805577544,0.5912610619442245
E1,1314,2014-03-15,Nott'm Forest,Doncaster,0,0,D,fpl-team-18,,0.6217998967554442,0.23240540695562395,0.1457946962889318,0.6357140177648224,0.22741552814143715,0.13687045409374046,0.03305830527096987,0.5264550264550264,0.4735449735449735,0.5280733275309587,0.4719266724690414
E1,1314,2014-03-15,QPR,Yeovil,3,0,H,,,0.6260778964396858,0.23957062363763487,0.13435147992267935,0.6401422239854194,0.2349104566612092,0.1249473193533715,0.03300569602288306,0.4473684210526316,0.5526315789473685,0.44397759103718865,0.5560224089628113
E1,1314,2014-03-15,Reading,Derby,0,0,D,,,0.3849127366637606,0.28898063921833106,0.32610662411790825,0.387380829029571,0.28686331281953575,0.32575585815089325,0.03239219030365348,0.4960212201591513,0.5039787798408488,0.49577821559318824,0.5042217844068116
E1,1314,2014-03-15,Sheffield Weds,Birmingham,4,1,H,,,0.45249496842251374,0.2873204247345409,0.26018460684294537,0.4584572521004593,0.28500777253325327,0.25653497536628744,0.03388814115896821,0.4383202099737532,0.5616797900262467,0.4342436622096085,0.5657563377903915
E1,1314,2014-03-15,Watford,Barnsley,3,0,H,,,0.5730032345644471,0.25329523037350227,0.17370153506205055,0.5843993678769042,0.24941498726811545,0.16618564485498039,0.03240159945562482,0.5066312997347481,0.49336870026525204,0.507037099589189,0.49296290041081114
E1,1314,2014-03-18,Charlton,Bournemouth,1,0,H,,fpl-team-3,0.33015557543945007,0.2949665799380667,0.3748778446224832,0.3300047119922363,0.29319027045767715,0.37680501755008655,0.031392588512972,0.421875,0.578125,0.4165832499152132,0.5834167500847868
E1,1314,2014-03-18,Sheffield Weds,QPR,3,0,H,,,0.3228726240220208,0.29827280504891446,0.37885457092906477,0.32237234971901924,0.29660879097965465,0.3810188593013262,0.03217629110440612,0.39845758354755784,0.6015424164524421,0.3910945685322439,0.6089054314677561
E1,1314,2014-03-18,Wigan,Yeovil,3,3,D,,,0.6514897573254571,0.21766711149620843,0.1308431311783345,0.6670435860700905,0.21185404572336755,0.1211023682065419,0.03366238926537335,0.5186170212765957,0.4813829787234043,0.519832837511798,0.48016716248820196
E1,1314,2014-03-22,Barnsley,Bournemouth,0,1,A,,fpl-team-3,0.29186785867954296,0.28479227422670556,0.4233398670937515,0.2899007790317785,0.2824933730473069,0.4276058479209146,0.032059576362371445,0.4656084656084655,0.5343915343915343,0.4634338433828662,0.5365661566171338
E1,1314,2014-03-22,Birmingham,Reading,1,2,A,,,0.3143347087072164,0.28741919848152203,0.3982460928112615,0.3134310177843677,0.28525110567990036,0.40131787653573187,0.032016346929594874,0.4617414248021108,0.5382585751978891,0.459383753504971,0.540616246495029
E1,1314,2014-03-22,Blackburn,Leicester,1,1,D,,,0.2498829753245113,0.27797632757992974,0.472140697095559,0.24591832885551673,0.2753268896213401,0.4787547815231432,0.03226020745933056,0.47757255936675463,0.5224274406332454,0.4762821585986352,0.5237178414013648
E1,1314,2014-03-22,Blackpool,Huddersfield,1,0,H,,,0.343119494764833,0.2994100049858734,0.3574705002492937,0.3435775723881399,0.2978177557606144,0.35860467185124556,0.03183824894949794,0.4072164948453609,0.5927835051546392,0.4009356081398957,0.5990643918601043
E1,1314,2014-03-22,Brighton,Ipswich,0,2,A,fpl-team-5,,0.48027394477575125,0.2843918222841306,0.2353342329401181,0.4870589599714112,0.2821113624639101,0.23082967756467865,0.031266130274161696,0.39185750636132316,0.6081424936386769,0.38452969624838834,0.6154703037516116
E1,1314,2014-03-22,Charlton,Burnley,0,3,A,,,0.2883698492462312,0.2974954773869347,0.41413467336683424,0.28625129892076906,0.29580329694220403,0.417945404137027,0.031898366287350655,0.40826873385012924,0.5917312661498708,0.4018849151570364,0.5981150848429637
E1,1314,2014-03-22,Derby,Nott'm Forest,5,0,H,,fpl-team-18,0.443431252233079,0.284870986283069,0.27169776148385194,0.44862800250917023,0.28257941680172555,0.2687925806891043,0.03193148085847497,0.4617414248021108,0.5382585751978891,0.459383753504971,0.540616246495029
E1,1314,2014-03-22,Doncaster,Sheffield Weds,1,0,H,,,0.29987720545466295,0.29425450785238805,0.40586828669294905,0.29834080247989603,0.2924621521519466,0.4091970453681573,0.03102732333354652,0.4281984334203655,0.5718015665796344,0.42343245349418046,0.5765675465058195
E1,1314,2014-03-22,Leeds,Millwall,2,1,H,fpl-team-13,,0.5050706284668929,0.27388669648642,0.22104267504668723,0.5132745824075599,0.2710176211532994,0.21570779643914068,0.03239303920418024,0.4552631578947368,0.5447368421052632,0.4525285526877652,0.547471447312235
E1,1314,2014-03-22,Middlesbrough,QPR,1,3,A,,,0.4106709195693936,0.30434835139608785,0.2849807290345186,0.41429537637465835,0.3029859691824434,0.2827186544428981,0.03169779875315726,0.37279596977329976,0.6272040302267003,0.36296537502911136,0.6370346249708887
E1,1314,2014-03-22,Wigan,Watford,2,1,H,,,0.47202318444771807,0.282079921036324,0.24589689451595786,0.4786580374476714,0.2796128063568575,0.2417291561954711,0.032395274844020605,0.4591029023746703,0.5408970976253298,0.4565461171848933,0.5434538828151066
E1,1314,2014-03-22,Yeovil,Bolton,2,2,D,,,0.304366277448377,0.28849441635444323,0.40713930619717964,0.3030070256040564,0.28639831048757264,0.41059466390837096,0.03166360408067703,0.4696569920844328,0.5303430079155673,0.4678573425068856,0.5321426574931143
E1,1314,2014-03-25,Bolton,Blackpool,1,0,H,,,0.5126714717507557,0.2734247849337364,0.21390374331550802,0.5206627971064967,0.2707248083395197,0.20861239455398362,0.030195774976164103,0.4722955145118733,0.5277044854881265,0.47067039106305425,0.5293296089369458
E1,1314,2014-03-25,Bournemouth,Leeds,4,1,H,fpl-team-3,fpl-team-13,0.4809540761836953,0.27483090067639726,0.24421502313990748,0.48760948936625326,0.2721810268106373,0.24020948382310936,0.03050560806877911,0.4788359788359788,0.5211640211640212,0.47756401267728427,0.5224359873227157
E1,1314,2014-03-25,Burnley,Doncaster,2,0,H,,,0.6430004968992198,0.22292705906647478,0.13407244403430543,0.6563266957042471,0.21805907827300067,0.12561422602275224,0.029484458966180682,0.519893899204244,0.48010610079575594,0.521141053103163,0.47885894689683706
E1,1314,2014-03-25,Huddersfield,Middlesbrough,2,2,D,,,0.37890485805915186,0.29575959140040387,0.3253355505404443,0.380924684165843,0.2940972511490393,0.3249780646851177,0.029967681737616658,0.4296875,0.5703125,0.4252801992588368,0.5747198007411632
E1,1314,2014-03-25,Ipswich,Derby,2,1,H,,,0.3441087040714586,0.29464307786118643,0.361248218067355,0.3445889258669908,0.29291323145695886,0.3624978426760504,0.030310689937323332,0.4233766233766234,0.5766233766233767,0.41847675895462316,0.5815232410453769
E1,1314,2014-03-25,Leicester,Yeovil,1,1,D,,,0.7350315223684001,0.1720000637352015,0.09296841389639844,0.7537782250783367,0.16420078736227087,0.0820209875593925,0.03266096394509077,0.625,0.375,0.6333333333159907,0.3666666666840092
E1,1314,2014-03-25,Millwall,Birmingham,2,3,A,,,0.40501707074809684,0.28859014521194665,0.3063927840399564,0.40818417097389414,0.2866163186059162,0.3051995104201897,0.029857829678803682,0.44356955380577423,0.5564304461942258,0.43999106844557306,0.5600089315544268
E1,1314,2014-03-25,Nott'm Forest,Charlton,0,1,A,fpl-team-18,,0.5278089494758276,0.2631693647804266,0.20902168574374588,0.5362431341663918,0.260096955403105,0.20365991043050322,0.029388960916548967,0.4643799472295515,0.5356200527704486,0.4622145096316831,0.537785490368317
E1,1314,2014-03-25,QPR,Wigan,1,0,H,,,0.3980214785437369,0.29570874738202396,0.3062697740742391,0.4008992640919619,0.2940365633095783,0.30506417259845975,0.030066453851759434,0.4123711340206186,0.5876288659793815,0.4067982456114384,0.5932017543885617
E1,1314,2014-03-25,Reading,Barnsley,1,3,A,,,0.6208130678168302,0.2257502064788474,0.15343672570432226,0.6335603491825679,0.22089636269963783,0.1455432881177942,0.03028464992530644,0.5499999999999999,0.45000000000000007,0.5531632110568048,0.44683678894319523
E1,1314,2014-03-25,Sheffield Weds,Brighton,1,0,H,,fpl-team-5,0.33627804254329885,0.30570731140299895,0.35801464605370226,0.3364114691853444,0.30444251263493305,0.35914601817972247,0.031027870252728462,0.3969465648854962,0.6030534351145038,0.3904576436098243,0.6095423563901756
E1,1314,2014-03-25,Watford,Blackburn,3,3,D,,,0.4535929623406148,0.2791341306711476,0.26727290698823764,0.4589331979507151,0.276723762471762,0.264343039577523,0.03001793660223484,0.48806366047745364,0.5119363395225464,0.4873282270760773,0.5126717729239226
E1,1314,2014-03-29,Birmingham,Bournemouth,2,4,A,,fpl-team-3,0.3217662508207485,0.28998686802363755,0.3882468811556139,0.3212116124465106,0.28793010719229256,0.3908582803611969,0.03218304761685431,0.4564643799472295,0.5435356200527705,0.45370110556018506,0.5462988944398149
E1,1314,2014-03-29,Bolton,Wigan,1,1,D,,,0.34556999702351426,0.29010814564937,0.3643218573271158,0.3461439688403753,0.28807317566960056,0.3657828554900241,0.0319542238721624,0.44356955380577423,0.5564304461942258,0.43999106844557306,0.5600089315544268
E1,1314,2014-03-29,Brighton,Middlesbrough,0,2,A,fpl-team-5,,0.46526430876835634,0.28741097972846474,0.2473247115031789,0.4715192230150226,0.28521827579828013,0.24326250118669723,0.03209809819236398,0.3954081632653061,0.6045918367346939,0.38838981898016356,0.6116101810198364
E1,1314,2014-03-29,Burnley,Leicester,0,2,A,,,0.3300845635660026,0.2859395155510965,0.38397592088290095,0.3299279676148544,0.28373818755302394,0.3863338448321217,0.03151267860084772,0.5092838196286471,0.49071618037135284,0.5098536036052937,0.49014639639470625
E1,1314,2014-03-29,Derby,Charlton,3,0,H,,,0.5867368073360715,0.2516833489913443,0.16157984367258424,0.5989838652251106,0.24763962185877322,0.15337651291611606,0.03300899802707136,0.4814814814814815,0.5185185185185185,0.4803767660946392,0.5196232339053608
E1,1314,2014-03-29,Ipswich,Nott'm Forest,1,1,D,,fpl-team-18,0.4215212454753343,0.28745944263302614,0.2910193118916395,0.42568791625915775,0.28529287392804675,0.28901920981279544,0.0319570149295032,0.4488188976377953,0.5511811023622047,0.44569757727335396,0.554302422726646
E1,1314,2014-03-29,Leeds,Doncaster,1,2,A,fpl-team-13,,0.4819261719248946,0.273981351385873,0.24409247668923229,0.4889835399325138,0.27114895924601884,0.23986750082146727,0.03216251032426953,0.5079365079365078,0.49206349206349204,0.5084005376342079,0.49159946236579216
E1,1314,2014-03-29,Millwall,Blackburn,2,2,D,,,0.32701421800947866,0.2914691943127962,0.3815165876777251,0.3267039281098796,0.2894479781199146,0.38384809377020573,0.03276278427802026,0.4450261780104712,0.5549738219895288,0.44173140953637374,0.5582685904636263
E1,1314,2014-03-29,QPR,Blackpool,1,1,D,,,0.5849478826149584,0.2601563787320672,0.15489573865297424,0.5964804281810376,0.25670001973511164,0.1468195520838507,0.0312963449396193,0.4285714285714286,0.5714285714285715,0.42424242423297087,0.5757575757670291
E1,1314,2014-03-29,Reading,Huddersfield,1,1,D,,,0.48816626284389064,0.27629351533393215,0.2355402218221772,0.4952120490322257,0.27368010606169596,0.23110784490607833,0.0308064806740731,0.48941798941798953,0.5105820105820106,0.48879708724282345,0.5112029127571766
E1,1314,2014-03-29,Sheffield Weds,Watford,1,4,A,,,0.39980447666958596,0.28908939082262375,0.31110613250779046,0.40296789926973536,0.28698774522499215,0.3100443555052725,0.032198366709053516,0.4708994708994709,0.5291005291005291,0.4691011235925061,0.5308988764074939
E1,1314,2014-03-29,Yeovil,Barnsley,1,4,A,,,0.43902124113322566,0.2838385063519948,0.2771402525147796,0.44405922906539624,0.28147713392274476,0.274463637011859,0.0322497405577451,0.49071618037135284,0.5092838196286471,0.49014639639470625,0.5098536036052937
E1,1314,2014-04-01,Blackburn,Brighton,3,3,D,,fpl-team-5,0.3923381770145311,0.2906208718626156,0.31704095112285335,0.39504479538207504,0.2886654608025626,0.31628974381536235,0.03102231747470796,0.43229166666666663,0.5677083333333334,0.42815297888698983,0.5718470211130101
E1,1314,2014-04-01,Leeds,Charlton,0,1,A,fpl-team-13,,0.4267095070075496,0.28838777079103506,0.2849027222014153,0.4308880435866167,0.28637567289769544,0.28273628351568775,0.030244726222008467,0.4424083769633508,0.5575916230366492,0.4388837958712722,0.5611162041287278
E1,1314,2014-04-01,Wigan,Leicester,2,2,D,,,0.3466746594184451,0.28925002258226096,0.36407531799929377,0.3472681437099874,0.28728305513596664,0.365448801154046,0.03025837172754109,0.48275862068965525,0.5172413793103448,0.48168498168755036,0.5183150183124496
E1,1314,2014-04-04,Leicester,Sheffield Weds,2,1,H,,,0.6535331159618688,0.2168404808721408,0.1296264031659905,0.6684040600641115,0.21128464564813892,0.12031129428774959,0.031936707673594356,0.5511811023622047,0.4488188976377953,0.554302422726646,0.44569757727335396
E1,1314,2014-04-05,Barnsley,Brighton,0,0,D,,fpl-team-5,0.2702259327862476,0.28492099861752396,0.4448530685962284,0.2674082478462711,0.28275210834681064,0.44983964380691827,0.030226801754906774,0.4360313315926892,0.5639686684073107,0.4320802838861742,0.5679197161138259
E1,1314,2014-04-05,Blackburn,Ipswich,2,0,H,,,0.41182075090835685,0.2862656439241017,0.30191360516754134,0.4155956461096655,0.28400535777612607,0.3003989961142084,0.03254087851382792,0.4578947368421053,0.5421052631578948,0.45536212476552757,0.5446378752344725
E1,1314,2014-04-05,Blackpool,Yeovil,1,2,A,,,0.45501238400693966,0.28115690593861636,0.263830710054444,0.46057586927716027,0.2787655994367511,0.2606585312860886,0.030922706006094813,0.4657894736842106,0.5342105263157895,0.4638195430185368,0.5361804569814632
E1,1314,2014-04-05,Bournemouth,QPR,2,1,H,fpl-team-3,,0.40214371748026007,0.29133631545009553,0.3065199670696445,0.40533504065198156,0.2893912624396361,0.3052736969083824,0.03136342507787049,0.44356955380577423,0.5564304461942258,0.43999106844557306,0.5600089315544268
E1,1314,2014-04-05,Charlton,Reading,0,1,A,,,0.33507300864890716,0.2942359857198216,0.3706910056312713,0.3351494913877512,0.2924458827619972,0.3724046258502517,0.031046352116391063,0.43229166666666663,0.5677083333333334,0.42815297888698983,0.5718470211130101
E1,1314,2014-04-05,Doncaster,Birmingham,1,3,A,,,0.3918463267599877,0.2893634412996832,0.31879023194032896,0.39458712742097307,0.2873082734584895,0.31810459912053735,0.03168973606079817,0.467018469656992,0.5329815303430079,0.4650388767684244,0.5349611232315755
E1,1314,2014-04-05,Huddersfield,Bolton,0,1,A,,,0.4022395673084708,0.2860913639823166,0.3116690687092125,0.4054223096030156,0.28391377140407215,0.31066391899291235,0.031237684190273285,0.49206349206349204,0.5079365079365078,0.49159946236579216,0.5084005376342079
E1,1314,2014-04-05,Middlesbrough,Derby,1,0,H,,,0.3395632321646247,0.2930187392822462,0.36741802855312905,0.3398505764255367,0.29114142857034697,0.3690079950041163,0.03159136069007218,0.4552631578947368,0.5447368421052632,0.4525285526877652,0.547471447312235
E1,1314,2014-04-05,Nott'm Forest,Millwall,1,2,A,fpl-team-18,,0.5482669432112098,0.26122413914772324,0.19050891764106684,0.5578998878406202,0.25794393214725836,0.18415618001212142,0.030438430374488235,0.48010610079575594,0.519893899204244,0.47885894689683706,0.521141053103163
E1,1314,2014-04-05,Watford,Burnley,1,1,D,,,0.40934723893783936,0.2879200763171347,0.30273268474502585,0.41284306175975816,0.2858344429781461,0.3013224952620957,0.03109551453962922,0.4735449735449735,0.5264550264550264,0.4719266724690414,0.5280733275309587
E1,1314,2014-04-05,Wigan,Leeds,1,0,H,,fpl-team-13,0.6241791618428022,0.2321454518183821,0.1436753863388157,0.6373414816061709,0.2274549402651086,0.13520357812872058,0.03097517602145672,0.5224274406332454,0.47757255936675463,0.5237178414013648,0.4762821585986352
E1,1314,2014-04-08,Barnsley,Burnley,0,1,A,,,0.27958022662801696,0.28292849281517884,0.43749128055680425,0.2772613513499323,0.280752483358169,0.44198616529189866,0.02915444620884955,0.43229166666666663,0.5677083333333334,0.42815297888698983,0.5718470211130101
E1,1314,2014-04-08,Blackburn,QPR,2,0,H,,,0.3921944455772603,0.28873210717344316,0.3190734472492965,0.3949110247288218,0.2866780997626603,0.3184108755085179,0.03121756832115352,0.4360313315926892,0.5639686684073107,0.4320802838861742,0.5679197161138259
E1,1314,2014-04-08,Blackpool,Derby,1,3,A,,,0.25906176121815444,0.2831786218720968,0.4577596169097487,0.2557415080340438,0.2809234914828495,0.4633350004831066,0.030299262260086834,0.4285714285714286,0.5714285714285715,0.42424242423297087,0.5757575757670291
E1,1314,2014-04-08,Bournemouth,Reading,3,1,H,fpl-team-3,,0.46380438172315724,0.27610642079120495,0.26008919748563786,0.4698088786587813,0.2734669723950073,0.2567241489462115,0.031132238218560815,0.48412698412698413,0.5158730158730157,0.48318621269531237,0.5168137873046875
E1,1314,2014-04-08,Charlton,Yeovil,3,2,H,,,0.4833504791813309,0.27803346147598673,0.23861605934268226,0.4901305477687955,0.27551790221130396,0.23435155001990055,0.030588265042752028,0.4514435695538058,0.5485564304461943,0.44853677534952663,0.5514632246504734
E1,1314,2014-04-08,Doncaster,Bolton,1,2,A,,,0.29572464947843663,0.2850035141499132,0.4192718363716501,0.2940500619963903,0.2828566544808121,0.4230932835227975,0.03005142114125192,0.4643799472295515,0.5356200527704486,0.4622145096316831,0.537785490368317
E1,1314,2014-04-08,Huddersfield,Ipswich,0,2,A,,,0.38637152317069684,0.2918719865438082,0.32175649028549497,0.3887544308243478,0.29001290154291337,0.3212326676327388,0.03037977882195264,0.4386422976501305,0.5613577023498694,0.43493909191841096,0.5650609080815892
E1,1314,2014-04-08,Leicester,Brighton,1,4,A,,fpl-team-5,0.5327595619640965,0.2648832653585536,0.20235717267734996,0.5417026074650249,0.2617757509728524,0.1965216415621228,0.03042117436416447,0.4802110817941952,0.5197889182058046,0.47908183187353065,0.5209181681264694
E1,1314,2014-04-08,Middlesbrough,Birmingham,3,1,H,,,0.5012015724624596,0.2755143146869661,0.22328411285057442,0.5088275163518291,0.2728623969919317,0.21831008665623913,0.030774151091463864,0.4514435695538058,0.5485564304461943,0.44853677534952663,0.5514632246504734
E1,1314,2014-04-08,Nott'm Forest,Sheffield Weds,3,3,D,fpl-team-18,,0.4776430431390932,0.2792156661673631,0.24314129069354357,0.4843526279763252,0.27668449091734826,0.2389628811063266,0.031474542105570436,0.4708994708994709,0.5291005291005291,0.4691011235925061,0.5308988764074939
E1,1314,2014-04-08,Watford,Leeds,3,0,H,,fpl-team-13,0.5569889999455143,0.2516875427561281,0.19132345729835756,0.5673313798164813,0.2478652228853242,0.18480339729819456,0.03142748947720975,0.5459317585301837,0.4540682414698162,0.5486327256567128,0.4513672743432872
E1,1314,2014-04-08,Wigan,Millwall,0,1,A,,,0.5758970780244024,0.24920084642744586,0.17490207554815182,0.5864808057457862,0.24547056097722464,0.16804863327698905,0.029675851808860898,0.5211640211640212,0.4788359788359788,0.5224359873227157,0.47756401267728427
E1,1314,2014-04-12,Bolton,Barnsley,1,0,H,,,0.5353161275492612,0.26465066979963475,0.20003320265110397,0.5445118955700265,0.26148244146486066,0.19400566296511274,0.030899632023647428,0.5145888594164455,0.4854111405835544,0.5154920849523393,0.4845079150476607
E1,1314,2014-04-12,Brighton,Charlton,3,0,H,fpl-team-5,,0.5584009662547319,0.26286842144024986,0.17873061230501833,0.5683607983274855,0.2596891338972548,0.17195006777525962,0.0300854854285717,0.4409448818897638,0.5590551181102362,0.4371227364174747,0.5628772635825252
E1,1314,2014-04-12,Burnley,Middlesbrough,0,1,A,,,0.5009789279266479,0.2794778589026997,0.21954321317065223,0.5086517964453444,0.27698353425452427,0.21436466930013143,0.031015298911370337,0.44356955380577423,0.5564304461942258,0.43999106844557306,0.5600089315544268
E1,1314,2014-04-12,Derby,Huddersfield,3,1,H,,,0.5574843866426867,0.25741765394156846,0.18509795941574472,0.5676924133511633,0.25390551233087233,0.17840207431796443,0.030958406045101583,0.5145888594164455,0.4854111405835544,0.5154920849523393,0.4845079150476607
E1,1314,2014-04-12,Ipswich,Doncaster,2,1,H,,,0.5748583458377192,0.25618687151463576,0.16895478264764507,0.5857328841883332,0.25263895569121275,0.161628160120454,0.030662987614050508,0.467018469656992,0.5329815303430079,0.4650388767684244,0.5349611232315755
E1,1314,2014-04-12,Leeds,Blackpool,2,0,H,fpl-team-13,,0.4340504851935683,0.28892317572700715,0.2770263390794245,0.4386525642188368,0.28689081405095634,0.2744566217302067,0.03089384874328971,0.4578947368421053,0.5421052631578948,0.45536212476552757,0.5446378752344725
E1,1314,2014-04-12,Millwall,Watford,2,2,D,,,0.3339746056175452,0.28626394767218155,0.3797614467102732,0.33399900237833624,0.28411914845011865,0.38188184917154516,0.030908398795872927,0.4960212201591513,0.5039787798408488,0.49577821559318824,0.5042217844068116
E1,1314,2014-04-12,QPR,Nott'm Forest,5,2,H,,fpl-team-18,0.44446931513827675,0.28553786305852935,0.2699928218031939,0.4495131495770844,0.2833641947960336,0.26712265562688203,0.03068592690397054,0.4552631578947368,0.5447368421052632,0.4525285526877652,0.547471447312235
E1,1314,2014-04-12,Sheffield Weds,Blackburn,3,3,D,,,0.35416666666666663,0.2916666666666667,0.35416666666666663,0.35511109934928337,0.2897778013014333,0.35511109934928337,0.030747812008485198,0.49206349206349204,0.5079365079365078,0.49159946236579216,0.5084005376342079
E1,1314,2014-04-12,Yeovil,Bournemouth,1,1,D,,fpl-team-3,0.2675683344367729,0.27299725716447554,0.45943440839875155,0.26456096800568923,0.27023459064962874,0.465204441344682,0.0309465650934726,0.5185185185185185,0.4814814814814815,0.5196232339053608,0.4803767660946392
E1,1314,2014-04-14,Reading,Leicester,1,1,D,,,0.3238385263861552,0.286205914757183,0.3899555588566619,0.3233519620285152,0.28382823237118776,0.39281980560029706,0.034271102864295244,0.5119363395225464,0.48806366047745364,0.5126717729239226,0.4873282270760773
E1,1314,2014-04-15,Charlton,Barnsley,1,2,A,,,0.4529987498856602,0.283806445711498,0.2631948044028417,0.45843414720263864,0.2815503402809434,0.260015512516418,0.030716249137185514,0.44356955380577423,0.5564304461942258,0.43999106844557306,0.5600089315544268
E1,1314,2014-04-18,Blackburn,Yeovil,0,0,D,,,0.5827801156693746,0.24799153858271258,0.16922834574791276,0.5961590014104468,0.24331271740591717,0.16052828118363607,0.036684904946014285,0.5628272251308901,0.43717277486910994,0.566843058069165,0.433156941930835
E1,1314,2014-04-18,Blackpool,Burnley,0,1,A,,,0.2529102996029358,0.27685446997954516,0.4702352304175189,0.24883583054581213,0.2739740373016251,0.4771901321525628,0.03442640113644302,0.4244791666666667,0.5755208333333334,0.4194958776455569,0.5805041223544432
E1,1314,2014-04-18,Bournemouth,Sheffield Weds,2,4,A,fpl-team-3,,0.5326034369635958,0.25747403720615825,0.2099225258302461,0.5433555488631698,0.25333891419333276,0.20330553694349743,0.036714322748593986,0.5382585751978891,0.4617414248021108,0.540616246495029,0.459383753504971
E1,1314,2014-04-18,Charlton,Bolton,0,0,D,,,0.36900074068804484,0.2890315399197379,0.3419677193922173,0.3708711054547132,0.2867131135648928,0.34241578098039405,0.03559280978515744,0.4514435695538058,0.5485564304461943,0.44853677534952663,0.5514632246504734
E1,1314,2014-04-18,Doncaster,Derby,0,2,A,,,0.22363094783472087,0.26556175055373105,0.5108073016115481,0.21799232685913564,0.2620321821927925,0.5199754909480718,0.03507663239724934,0.5145888594164455,0.4854111405835544,0.5154920849523393,0.4845079150476607
E1,1314,2014-04-18,Huddersfield,Brighton,1,1,D,,fpl-team-5,0.2644429817215902,0.28459869679183336,0.45095832148657655,0.2608215441101282,0.2820223720928758,0.45715608379699607,0.03571252233814448,0.4386422976501305,0.5613577023498694,0.43493909191841096,0.5650609080815892
E1,1314,2014-04-18,Wigan,Reading,3,0,H,,,0.49639356522864725,0.2697167348641205,0.2338896999072323,0.505028242174938,0.2663251686835305,0.2286465891415314,0.03594605531543493,0.5039787798408488,0.4960212201591513,0.5042217844068116,0.49577821559318824
E1,1314,2014-04-19,Barnsley,Leeds,0,1,A,,fpl-team-13,0.39375668940893516,0.2810853475599929,0.3251579630310719,0.3969484173395398,0.2783339719854776,0.3247176106749826,0.035817544208839536,0.5066312997347481,0.49336870026525204,0.507037099589189,0.49296290041081114
E1,1314,2014-04-19,Leicester,QPR,1,0,H,,,0.48180085121475436,0.27092569604539807,0.24727345273984747,0.4894782795929707,0.2676858320399373,0.24283588836709205,0.035063399001955986,0.5105820105820106,0.48941798941798953,0.5112029127571766,0.48879708724282345
E1,1314,2014-04-19,Middlesbrough,Millwall,1,2,A,,,0.4805117524546267,0.2741743528711693,0.2453138946742041,0.48843037625690816,0.27097482169735415,0.24059480204573772,0.036508499179035425,0.4708994708994709,0.5291005291005291,0.4691011235925061,0.5308988764074939
E1,1314,2014-04-19,Nott'm Forest,Birmingham,1,0,H,fpl-team-18,,0.4978210012940621,0.26827817648988367,0.23390082221605432,0.5068487763721966,0.2646838362776334,0.22846738735016994,0.03728202311322093,0.5158730158730157,0.48412698412698413,0.5168137873046875,0.48318621269531237
E1,1314,2014-04-19,Watford,Ipswich,3,1,H,,,0.4486409447215718,0.27527232006515323,0.276086735213275,0.4547466919076423,0.27219822182802905,0.27305508626432873,0.0358867971226573,0.519893899204244,0.48010610079575594,0.521141053103163,0.47885894689683706
E1,1314,2014-04-21,Birmingham,Blackburn,2,4,A,,,0.3398002098705248,0.28506035843241584,0.3751394316970593,0.34011117752848236,0.28270463011554137,0.3771841923559762,0.03315163089428097,0.5317460317460317,0.46825396825396826,0.5337296567989512,0.46627034320104876
E1,1314,2014-04-21,Brighton,Blackpool,1,1,D,fpl-team-5,,0.62819750148721,0.23795359904818564,0.13384889946460443,0.6415880479201886,0.23348309100192552,0.1249288610778859,0.031150350579991937,0.48941798941798953,0.5105820105820106,0.48879708724282345,0.5112029127571766
E1,1314,2014-04-21,Burnley,Wigan,2,0,H,,,0.39125731425480653,0.2871613315631607,0.32158135418203276,0.3940378317118814,0.2849502666201639,0.3210119016679548,0.032491529593244195,0.4514435695538058,0.5485564304461943,0.44853677534952663,0.5514632246504734
E1,1314,2014-04-21,Derby,Barnsley,2,1,H,,,0.5984654731457801,0.2372704022320391,0.16426412462218093,0.6111071889670654,0.23260730943363378,0.15628550159930085,0.03255221527069807,0.5680628272251308,0.43193717277486904,0.5726155564830627,0.4273844435169372
E1,1314,2014-04-21,Ipswich,Bournemouth,2,2,D,,fpl-team-3,0.4069175991861648,0.2797558494404883,0.31332655137334686,0.41039302455976456,0.2772319252400496,0.31237505020018586,0.03195582656189799,0.5185185185185185,0.4814814814814815,0.5196232339053608,0.4803767660946392
E1,1314,2014-04-21,Leeds,Nott'm Forest,0,2,A,fpl-team-13,fpl-team-18,0.3560609204465286,0.28376976387102126,0.36016931568245003,0.35719534147065257,0.28129451821195245,0.36151014031739503,0.033953120931982994,0.537037037037037,0.462962962962963,0.5394088669999334,0.46059113300006654
E1,1314,2014-04-21,Millwall,Doncaster,0,0,D,,,0.5205018410836568,0.2653826288342025,0.21411553008214065,0.5290304683433293,0.2622571882511232,0.20871234340554742,0.030891503556631505,0.4960212201591513,0.5039787798408488,0.49577821559318824,0.5042217844068116
E1,1314,2014-04-21,QPR,Watford,2,1,H,,,0.4466059039586451,0.27996190994422526,0.2734321860971296,0.45215971990318454,0.2773428140800712,0.27049746601674424,0.03318809252232313,0.5132275132275131,0.48677248677248675,0.5140071716723167,0.4859928283276833
E1,1314,2014-04-21,Sheffield Weds,Charlton,2,3,A,,,0.4562570565438955,0.27972902871441213,0.26401391474169233,0.4620794304623905,0.27718443183004854,0.26073613770756093,0.032050783978775144,0.4788359788359788,0.5211640211640212,0.47756401267728427,0.5224359873227157
E1,1314,2014-04-21,Yeovil,Huddersfield,1,2,A,,,0.3754637645312886,0.2844422458570368,0.34009398961167453,0.3774961609312907,0.2820890018522023,0.34041483721650695,0.03269101865589619,0.5066312997347481,0.49336870026525204,0.507037099589189,0.49296290041081114
E1,1314,2014-04-22,Bolton,Leicester,0,1,A,,,0.30217855273225147,0.2796279144686506,0.418193532799098,0.30061736415588614,0.27695260673015093,0.42243002911396293,0.03379913908429444,0.5317460317460317,0.46825396825396826,0.5337296567989512,0.46627034320104876
E1,1314,2014-04-22,Reading,Middlesbrough,2,0,H,,,0.4856256553652569,0.2740519049283467,0.24032243970639636,0.4931750175139005,0.2710960863768693,0.23572889610923017,0.03359791077673435,0.48806366047745364,0.5119363395225464,0.4873282270760773,0.5126717729239226
E1,1314,2014-04-25,Brighton,Yeovil,2,0,H,fpl-team-5,,0.7139376144106386,0.18193004845985386,0.10413233712950751,0.7312095235742985,0.17485508892241763,0.09393538750328388,0.03151721693575382,0.5643044619422573,0.43569553805774275,0.5686466797367574,0.43135332026324247
E1,1314,2014-04-26,Birmingham,Leeds,1,3,A,,fpl-team-13,0.4382407494734195,0.2758338834920935,0.2859253670344871,0.44338667709279805,0.2730166239247245,0.28359669898247736,0.03320024232380092,0.5317460317460317,0.46825396825396826,0.5337296567989512,0.46627034320104876
E1,1314,2014-04-26,Bournemouth,Nott'm Forest,4,1,H,fpl-team-3,fpl-team-18,0.46029899763949234,0.26752420375628616,0.27217679860422156,0.46640605319334366,0.26436055697856314,0.2692333898280932,0.03255559131503105,0.5488126649076518,0.4511873350923483,0.5520130454309478,0.44798695456905224
E1,1314,2014-04-26,Burnley,Ipswich,1,0,H,,,0.4171101516216488,0.2801486092981223,0.302741239080229,0.42117121404874924,0.2775759241041108,0.30125286184713995,0.0328037595609203,0.48806366047745364,0.5119363395225464,0.4873282270760773,0.5126717729239226
E1,1314,2014-04-26,Charlton,Blackburn,1,3,A,,,0.33128986417264283,0.2875921213523249,0.3811180144750322,0.33118383834046994,0.2853476982502585,0.3834684634092715,0.03332182706799358,0.5092838196286471,0.49071618037135284,0.5098536036052937,0.49014639639470625
E1,1314,2014-04-26,Derby,Watford,4,2,H,,,0.48757998359310906,0.2667104183757178,0.24570959803117307,0.4953691854813613,0.2633347933017019,0.24129602121693677,0.03423204901628196,0.5654450261780105,0.4345549738219895,0.569723337798959,0.43027666220104094
E1,1314,2014-04-26,Doncaster,Reading,1,3,A,,,0.2931913253854435,0.27840125852623715,0.42840741608831934,0.29123116330023907,0.2757287120571132,0.4330401246426477,0.0329757034778595,0.5119363395225464,0.48806366047745364,0.5126717729239226,0.4873282270760773
E1,1314,2014-04-26,Huddersfield,Leicester,0,2,A,,,0.27557566554064533,0.2739641119409924,0.4504602225183625,0.2726989879078121,0.2710083864933655,0.45629262559882244,0.03371544927358627,0.5744125326370757,0.42558746736292424,0.5794757389924177,0.4205242610075823
E1,1314,2014-04-26,Middlesbrough,Barnsley,3,1,H,,,0.4601512507271669,0.2769051774287376,0.2629435718440954,0.4662827300389049,0.27417157468237263,0.2595456952787225,0.0327278443146497,0.5145888594164455,0.4854111405835544,0.5154920849523393,0.4845079150476607
E1,1314,2014-04-26,QPR,Millwall,1,1,D,,,0.47860800779232276,0.2719048392095515,0.24948715299812568,0.48571084499916006,0.2688910140268301,0.24539814097400986,0.03311798465438187,0.5172413793103448,0.48275862068965525,0.5183150183124496,0.48168498168755036
E1,1314,2014-04-26,Sheffield Weds,Bolton,1,3,A,,,0.43523049188771573,0.276847798094257,0.28792171001802735,0.44040548007037555,0.27398275862433763,0.2856117613052868,0.03439177060499787,0.5305039787798408,0.4694960212201591,0.5324858757093553,0.46751412429064465
E1,1314,2014-04-26,Wigan,Blackpool,0,2,A,,,0.6451723517158018,0.2221584041285544,0.13266924415564377,0.6594303342981181,0.2169395188012931,0.12363014690058881,0.03139390633441508,0.5211640211640212,0.4788359788359788,0.5224359873227157,0.47756401267728427
E1,1314,2014-04-29,Birmingham,Wigan,0,1,A,,,0.2500018352260631,0.273984569419261,0.47601359535467574,0.24624310238877067,0.27129167094544304,0.4824652266657863,0.030590469716116786,0.5079365079365078,0.49206349206349204,0.5084005376342079,0.49159946236579216
E1,1314,2014-04-29,Charlton,Watford,3,1,H,,,0.40868547443193276,0.28312547927513415,0.3081890462929329,0.4122451299904989,0.28075872688179787,0.3069961431277032,0.03195756836794317,0.4973544973544974,0.5026455026455027,0.497200447928301,0.502799552071699
E1,1314,2014-05-03,Barnsley,QPR,2,3,A,,,0.29028791153676214,0.28157055683595844,0.42814153162727936,0.28816709180211253,0.2790257234696912,0.4328071847281963,0.03330693510361016,0.4986737400530504,0.5013262599469495,0.49859281774190956,0.5014071822580904
E1,1314,2014-05-03,Blackburn,Wigan,4,3,H,,,0.42229392948222644,0.2781876924185587,0.29951837809921494,0.42668103582199646,0.27547385692844994,0.2978451072495536,0.033380917040631175,0.5329815303430079,0.467018469656992,0.5349611232315755,0.4650388767684244
E1,1314,2014-05-03,Blackpool,Charlton,0,3,A,,,0.4462102975202748,0.28139388131909226,0.2723958211606329,0.4518225707094053,0.27880823851478503,0.2693691907758097,0.03366236458532512,0.48806366047745364,0.5119363395225464,0.4873282270760773,0.5126717729239226
E1,1314,2014-05-03,Bolton,Birmingham,2,2,D,,,0.39743782601448185,0.2734557636717717,0.3291064103137463,0.4005705586910432,0.2705391260018011,0.32889031530715573,0.033105496084317565,0.5654450261780105,0.4345549738219895,0.569723337798959,0.43027666220104094
E1,1314,2014-05-03,Ipswich,Sheffield Weds,2,1,H,,,0.46409147587085137,0.27331334730586576,0.26259517682328287,0.47054913879255206,0.2703447083603396,0.2591061528471084,0.033443081425502896,0.5526315789473685,0.4473684210526316,0.5560224089628113,0.44397759103718865
E1,1314,2014-05-03,Leeds,Derby,1,1,D,fpl-team-13,,0.3177707599201752,0.2781672824227053,0.4040619576571194,0.31699492117104483,0.2754536295357518,0.40755144929320336,0.03340792725794017,0.5605263157894738,0.43947368421052635,0.564659413558811,0.4353405864411891
E1,1314,2014-05-03,Leicester,Doncaster,1,0,H,,,0.5944746381690573,0.2365919214879372,0.16893344034300553,0.6069965143189932,0.23187813183321623,0.16112535384779061,0.03271827916614711,0.5744125326370757,0.42558746736292424,0.5794757389924177,0.4205242610075823
E1,1314,2014-05-03,Millwall,Bournemouth,1,0,H,,fpl-team-3,0.4188234350563419,0.27756345991899584,0.30361310502466216,0.4229912011700424,0.2748510651803249,0.3021577336496326,0.03299546544440091,0.5476190476190476,0.4523809523809524,0.5508517671072177,0.44914823289278233
E1,1314,2014-05-03,Nott'm Forest,Brighton,1,2,A,fpl-team-18,fpl-team-5,0.2844867324626204,0.27609479345192367,0.439418474085456,0.2820116285129204,0.273200719591257,0.4447876518958227,0.03427269938401878,0.5132275132275131,0.48677248677248675,0.5140071716723167,0.4859928283276833
E1,1314,2014-05-03,Reading,Burnley,2,2,D,,,0.4601122484676107,0.2777008836905106,0.26218686784187867,0.46625016488592885,0.27500148883396547,0.25874834628010573,0.0327733363956213,0.5092838196286471,0.49071618037135284,0.5098536036052937,0.49014639639470625
E1,1314,2014-05-03,Watford,Huddersfield,1,4,A,,,0.4706949730072919,0.2683905433479974,0.2609144836447106,0.477569085856121,0.26513714762771856,0.2572937665161604,0.03389984811656177,0.5643044619422573,0.43569553805774275,0.5686466797367574,0.43135332026324247
E1,1314,2014-05-03,Yeovil,Middlesbrough,1,4,A,,,0.30059631838216233,0.2750324086077262,0.4243712730101115,0.2989849792022138,0.2721819387162407,0.42883308208154547,0.03317361418157816,0.5476190476190476,0.4523809523809524,0.5508517671072177,0.44914823289278233
