league,season,date,home_team_raw,away_team_raw,home_goals,away_goals,result,home_team_id,away_team_id,prob_home_proportional,prob_draw_proportional,prob_away_proportional,prob_home_shin,prob_draw_shin,prob_away_shin,shin_z,prob_over25_proportional,prob_under25_proportional,prob_over25_shin,prob_under25_shin
E1,1819,2018-08-03,Reading,Derby,1,2,A,,,0.2761228381666338,0.29407509699480505,0.42980206483856115,0.2738857994550225,0.29253450427404676,0.4335796962709309,0.02642315672710538,0.43376623376623374,0.5662337662337663,0.42995660057145807,0.5700433994285419
E1,1819,2018-08-04,Birmingham,Norwich,2,2,D,,,0.37596514404338943,0.29863054162940106,0.3254043143272095,0.37784762353976925,0.29710071132040705,0.3250516651398237,0.029854174237698317,0.42597402597402595,0.574025974025974,0.42136629511062934,0.5786337048893706
E1,1819,2018-08-04,Brentford,Rotherham,5,1,H,fpl-team-4,,0.6314079638952853,0.21873255100298566,0.14985948510172908,0.6437742898017145,0.21390319614842,0.1423225140498655,0.028314376948401332,0.574025974025974,0.42597402597402595,0.5786337048893706,0.42136629511062934
E1,1819,2018-08-04,Bristol City,Nott'm Forest,1,1,D,,fpl-team-18,0.37351416067699933,0.29256681935381057,0.33391901996919016,0.37524437314330095,0.29081462213890186,0.3339410047177973,0.029115473153069615,0.467018469656992,0.5329815303430079,0.4650388767684244,0.5349611232315755
E1,1819,2018-08-04,Ipswich,Blackburn,2,2,D,,,0.3524755087904476,0.30276742421743574,0.34475706699211667,0.3533043971443733,0.3014446987512295,0.3452509041043973,0.02930980152450502,0.4285714285714286,0.5714285714285715,0.42424242423297087,0.5757575757670291
E1,1819,2018-08-04,Millwall,Middlesbrough,2,2,D,,,0.34458712862682456,0.309563518831967,0.3458493525412085,0.3450784599520006,0.30852560588211614,0.3463959341658833,0.029569037491455674,0.4051282051282052,0.5948717948717949,0.3990615451902409,0.600938454809759
E1,1819,2018-08-04,Preston,QPR,1,0,H,,,0.4941092353805135,0.2751453759699069,0.23074538864957966,0.5012154368341807,0.27255432482540315,0.2262302383404161,0.029916259227320552,0.467018469656992,0.5329815303430079,0.4650388767684244,0.5349611232315755
E1,1819,2018-08-04,Sheffield United,Swansea,1,2,A,,,0.4244055137569334,0.2939205887198638,0.2816738975232028,0.42822694494177854,0.2922643963280304,0.279508658730191,0.028336109360679984,0.43116883116883115,0.5688311688311688,0.42710568301330365,0.5728943169866965
E1,1819,2018-08-04,West Brom,Bolton,1,2,A,,,0.6553659069041632,0.21947137347488258,0.12516271962095427,0.6696164305524761,0.21428648249685375,0.11609708695067009,0.030416493769735098,0.5,0.5,0.5,0.5
E1,1819,2018-08-04,Wigan,Sheffield Weds,3,2,H,,,0.42987163525522687,0.2927918258704332,0.2773365388743399,0.43397865711820155,0.29106372917929607,0.2749576137025024,0.02873591030947864,0.43229166666666663,0.5677083333333334,0.42815297888698983,0.5718470211130101
E1,1819,2018-08-05,Leeds,Stoke,3,1,H,fpl-team-13,,0.3493305870236869,0.2947476828012358,0.3559217301750773,0.35004081586506347,0.2930331599583173,0.3569260241766193,0.030122010270133615,0.46052631578947373,0.5394736842105263,0.45818815331659807,0.541811846683402
E1,1819,2018-08-06,Hull,Aston Villa,1,3,A,,fpl-team-2,0.36181623167679655,0.2960314622810154,0.3421523060421881,0.36305699028176197,0.2944086328709248,0.34253437684731325,0.029477320378646255,0.4564643799472295,0.5435356200527705,0.45370110556018506,0.5462988944398149
E1,1819,2018-08-07,Middlesbrough,Sheffield United,3,0,H,,,0.4292132017437446,0.2978766699798859,0.27291012827636946,0.43340578502798294,0.2963205923009046,0.2702736226711125,0.029549525235779583,0.4186046511627907,0.5813953488372093,0.4135802469263314,0.5864197530736686
E1,1819,2018-08-07,Nott'm Forest,West Brom,1,1,D,fpl-team-18,,0.38088155980845606,0.29891970516613003,0.3201987350254139,0.3829460127425665,0.29742775099028146,0.319626236267152,0.029342672089114785,0.4424083769633508,0.5575916230366492,0.4388837958712722,0.5611162041287278
E1,1819,2018-08-11,Aston Villa,Wigan,3,2,H,fpl-team-2,,0.4759155077540581,0.28186662512814753,0.24221786711779433,0.48182716961610095,0.2797198861788234,0.2384529442050757,0.028021416859701276,0.4671916010498688,0.5328083989501312,0.46540654231752615,0.5345934576824739
E1,1819,2018-08-11,Blackburn,Millwall,0,0,D,,,0.3836050007912644,0.30368729229308433,0.3127077069156512,0.3856682362288172,0.3024714722400131,0.31186029153116984,0.027711680391803384,0.43264248704663216,0.5673575129533679,0.4289093046652558,0.5710906953347442
E1,1819,2018-08-11,Bolton,Bristol City,2,2,D,,,0.3272251732849647,0.2947059014057135,0.3780689253093218,0.3269792026067008,0.2931693044306892,0.37985149296261006,0.02690523210912943,0.4488188976377953,0.5511811023622047,0.44569757727335396,0.554302422726646
E1,1819,2018-08-11,Derby,Leeds,1,4,A,,fpl-team-13,0.45127623369256953,0.2787294384571753,0.2699943278502553,0.45610658967272555,0.2764909332112181,0.2674024771160564,0.027654010336846113,0.4842105263157894,0.5157894736842105,0.4833629103791193,0.5166370896208807
E1,1819,2018-08-11,Middlesbrough,Birmingham,1,0,H,,,0.5580516754722444,0.2672360136064269,0.1747123109213288,0.5670746229575514,0.2645269060169608,0.16839847102548772,0.02725880383513868,0.4160206718346253,0.5839793281653746,0.410679931844408,0.589320068155592
E1,1819,2018-08-11,Norwich,West Brom,3,4,A,,,0.35621657863321937,0.2979673267812464,0.34581609458553414,0.35715342860078103,0.29652054371599806,0.3463260276832209,0.027689798967912793,0.44386422976501305,0.556135770234987,0.4406241369777816,0.5593758630222184
E1,1819,2018-08-11,Nott'm Forest,Reading,1,0,H,fpl-team-18,,0.5709668467246178,0.2582574838045955,0.1707756694707866,0.5806821445581973,0.2551286309622621,0.1641892244795405,0.027780064614489675,0.4514435695538058,0.5485564304461943,0.44853677534952663,0.5514632246504734
E1,1819,2018-08-11,QPR,Sheffield United,1,2,A,,,0.34189018213476424,0.28961339587562596,0.3684964219896097,0.3422413537933,0.2878075332767017,0.36995111292999827,0.027972335694357753,0.4722955145118733,0.5277044854881265,0.47067039106305425,0.5293296089369458
E1,1819,2018-08-11,Rotherham,Ipswich,1,0,H,,,0.3985614622463936,0.2964300875457552,0.30500845020785106,0.4011824991971068,0.2949483004959445,0.30386920030694864,0.027120939223095775,0.4233766233766234,0.5766233766233767,0.41847675895462316,0.5815232410453769
E1,1819,2018-08-11,Sheffield Weds,Hull,1,1,D,,,0.4096234459532084,0.28415320124682025,0.30622335279997137,0.41283553446817706,0.2820861341233431,0.30507833140847973,0.02843614504672587,0.48684210526315796,0.513157894736842,0.48613998614008774,0.5138600138599122
E1,1819,2018-08-11,Stoke,Brentford,1,1,D,,fpl-team-4,0.423893008701616,0.27845171246088557,0.2976552788374984,0.4274640396748427,0.2762908798639459,0.2962450804612115,0.026609806576743722,0.5342105263157895,0.4657894736842106,0.5361804569814632,0.4638195430185368
E1,1819,2018-08-11,Swansea,Preston,1,0,H,,,0.4003501464939384,0.29650932724707313,0.3031405262589885,0.40302934406194896,0.2950380297423307,0.3019326261957204,0.026980671333149076,0.4464751958224543,0.5535248041775457,0.4434513957758167,0.5565486042241833
E1,1819,2018-08-17,Birmingham,Swansea,0,0,D,,,0.31654893437179255,0.2958401255811145,0.3876109400470929,0.3158872876165573,0.2943687065428828,0.3897440058405599,0.02652228798251599,0.44010416666666663,0.5598958333333334,0.4367001513590554,0.5632998486409446
E1,1819,2018-08-18,Bristol City,Middlesbrough,0,2,A,,,0.33970300307787893,0.2999276514516716,0.3603693454704496,0.33996111087012415,0.2985671996258711,0.3614716895040048,0.027558533241972327,0.43005181347150256,0.5699481865284974,0.42606790800423666,0.5739320919957633
E1,1819,2018-08-18,Hull,Blackburn,0,1,A,,,0.41279299187120194,0.2877042064556862,0.2995028016731118,0.4159319837964441,0.2859034361956586,0.2981645800078973,0.026656774571165442,0.4631578947368421,0.536842105263158,0.46100713011761374,0.5389928698823863
E1,1819,2018-08-18,Ipswich,Aston Villa,1,1,D,,fpl-team-2,0.24650791539177866,0.28947718504722625,0.46401489956099506,0.24288736895067428,0.2876292748070426,0.4694833562422832,0.028279994148761034,0.4263565891472868,0.5736434108527132,0.42219492218592264,0.5778050778140774
E1,1819,2018-08-18,Leeds,Rotherham,2,0,H,fpl-team-13,,0.6646741602235072,0.20440517185368068,0.130920667922812,0.6775079470163797,0.19932098165203224,0.12317107133158807,0.02650035312399268,0.5923076923076923,0.40769230769230774,0.598015192346614,0.40198480765338596
E1,1819,2018-08-18,Millwall,Derby,2,1,H,,,0.4121353336979006,0.2925652060201146,0.2952994602819848,0.4153454632631538,0.2909048833377203,0.2937496533991259,0.02749793021939695,0.45669291338582685,0.5433070866141733,0.4541895718808615,0.5458104281191385
E1,1819,2018-08-18,Preston,Stoke,2,2,D,,,0.38582353225884514,0.29567784715163836,0.3184986205895165,0.3879084367480822,0.29418437751935606,0.3179071857325617,0.026810984360054135,0.43229166666666663,0.5677083333333334,0.42815297888698983,0.5718470211130101
E1,1819,2018-08-18,Reading,Bolton,0,1,A,,,0.46059317639738667,0.28839572747070413,0.2510110961319092,0.46568642581676384,0.28658741951297995,0.24772615467025616,0.027027585078030825,0.41752577319587636,0.5824742268041238,0.41259696274363056,0.5874030372563693
E1,1819,2018-08-18,Sheffield United,Norwich,2,1,H,,,0.45795098739707996,0.277993707892069,0.2640553047108511,0.46302685643111285,0.275735935090375,0.26123720847851223,0.027504360303282738,0.503957783641161,0.4960422163588391,0.5041773420969614,0.49582265790303864
E1,1819,2018-08-18,West Brom,QPR,7,1,H,,,0.5708508242039522,0.2506911026927409,0.17845807310330708,0.5806016161976728,0.24724941097513978,0.1721489728271874,0.027875596657395363,0.5013192612137204,0.4986807387862796,0.5013923698131533,0.49860763018684684
E1,1819,2018-08-18,Wigan,Nott'm Forest,2,2,D,,fpl-team-18,0.38288883020860837,0.29099551095854237,0.3261156588328492,0.3849935467964662,0.2892008811156507,0.3258055720878832,0.028701223782263696,0.4593175853018373,0.5406824146981627,0.45700416089548346,0.5429958391045165
E1,1819,2018-08-19,Brentford,Sheffield Weds,2,0,H,fpl-team-4,,0.6100653284534769,0.23233446169604155,0.15760020985048154,0.6218863652966843,0.22794632260738,0.15016731209593584,0.02912211837247014,0.5628272251308901,0.43717277486910994,0.566843058069165,0.433156941930835
E1,1819,2018-08-21,Derby,Ipswich,2,0,H,,,0.5075563159395494,0.2791559737667523,0.21328771029369833,0.5144879129368229,0.2769748110693259,0.2085372759938512,0.026913305278867483,0.4581151832460733,0.5418848167539266,0.45583160800374806,0.544168391996252
E1,1819,2018-08-21,QPR,Bristol City,0,3,A,,,0.38800930563184594,0.2877637403470225,0.32422695402113155,0.3902868346701067,0.28586947409869573,0.32384369123119744,0.02814048109576106,0.4907651715039578,0.5092348284960422,0.49025015321171345,0.5097498467882865
E1,1819,2018-08-21,Rotherham,Hull,2,3,A,,,0.3206861626018874,0.290284722110577,0.3890291152875356,0.32018183380558385,0.28858160462999366,0.3912365615644226,0.026754423859529197,0.4881266490765172,0.5118733509234827,0.48746168849481736,0.5125383115051826
E1,1819,2018-08-21,Swansea,Leeds,2,2,D,,fpl-team-13,0.3082066869300912,0.28085106382978725,0.41094224924012157,0.30720721465123796,0.2787757909370908,0.4140169944116712,0.026738750282675028,0.5224274406332454,0.47757255936675463,0.5237178414013648,0.4762821585986352
E1,1819,2018-08-22,Aston Villa,Brentford,2,2,D,fpl-team-2,fpl-team-4,0.3779476337615872,0.2845991218084241,0.3374532444299886,0.3798728955820193,0.2825005090050999,0.33762659541288087,0.02918729861266911,0.4960422163588391,0.503957783641161,0.49582265790303864,0.5041773420969614
E1,1819,2018-08-22,Blackburn,Reading,2,2,D,,,0.5452282308475068,0.2687527256868731,0.18601904346562,0.5537351791091091,0.26611558165572413,0.18014923923516682,0.02722204872407019,0.43229166666666663,0.5677083333333334,0.42815297888698983,0.5718470211130101
E1,1819,2018-08-22,Bolton,Birmingham,1,0,H,,,0.3252526993585561,0.30930893958607786,0.3654383610553661,0.324913495249175,0.3083045423238725,0.3667819624269526,0.02827470749616623,0.389873417721519,0.610126582278481,0.3827935549955006,0.6172064450044995
E1,1819,2018-08-22,Norwich,Preston,2,0,H,,,0.3945733689529757,0.28871222118510415,0.3167144098619203,0.397113424385373,0.2868649283979813,0.3160216472166456,0.02801209909375757,0.47368421052631576,0.5263157894736842,0.47222222222641946,0.5277777777735805
E1,1819,2018-08-22,Sheffield Weds,Millwall,2,1,H,,,0.3131539188676044,0.29279406655732676,0.3940520145750689,0.3122936106596979,0.2910737167807343,0.39663267255956774,0.028710514772683382,0.44010416666666663,0.5598958333333334,0.4367001513590554,0.5632998486409446
E1,1819,2018-08-22,Stoke,Wigan,0,3,A,,,0.4464751958224543,0.27676240208877284,0.27676240208877284,0.4512152317732589,0.2743923841133706,0.2743923841133706,0.028294648276641965,0.5013192612137204,0.4986807387862796,0.5013923698131533,0.49860763018684684
E1,1819,2018-08-24,Middlesbrough,West Brom,1,0,H,,,0.3918716474170009,0.29821678828589376,0.3099115642971053,0.3942352529217008,0.2968002120993684,0.3089645349789308,0.027255534194409847,0.44386422976501305,0.556135770234987,0.4406241369777816,0.5593758630222184
E1,1819,2018-08-25,Aston Villa,Reading,1,1,D,fpl-team-2,,0.5965761138661488,0.24637818728498093,0.15704569884887032,0.6071787716836916,0.24280426317718545,0.150016965139123,0.027415906777605414,0.4881266490765172,0.5118733509234827,0.48746168849481736,0.5125383115051826
E1,1819,2018-08-25,Blackburn,Brentford,1,0,H,,fpl-team-4,0.33336559868357374,0.2817733036492111,0.38486109766721516,0.33336203095036904,0.27963204748606435,0.38700592156356667,0.02813283121213317,0.5065963060686015,0.49340369393139843,0.5069630124784155,0.49303698752158454
E1,1819,2018-08-25,Bolton,Sheffield United,0,3,A,,,0.24519977904621618,0.28855827656048605,0.46624194439329775,0.24151621133029436,0.2866670289918303,0.4718167596778753,0.028349190251901746,0.45669291338582685,0.5433070866141733,0.4541895718808615,0.5458104281191385
E1,1819,2018-08-25,Derby,Preston,2,0,H,,,0.3942918059795513,0.29946213112370984,0.30624606289673895,0.396854204792316,0.29803922391541854,0.3051065712922654,0.028388058999553323,0.4348958333333333,0.5651041666666667,0.43101354895108535,0.5689864510489147
E1,1819,2018-08-25,Norwich,Leeds,0,3,A,,fpl-team-13,0.3614301997526333,0.27851385980938215,0.36005594043798456,0.3625921644595206,0.2762470662420508,0.36116076929842855,0.02802615868858993,0.5394736842105263,0.46052631578947373,0.541811846683402,0.45818815331659807
E1,1819,2018-08-25,Nott'm Forest,Birmingham,2,2,D,fpl-team-18,,0.5105491705410325,0.2760527491878839,0.21339808027108328,0.5175294825943413,0.27377203376137954,0.20869848364427912,0.026640889002010226,0.4540682414698162,0.5459317585301837,0.4513672743432872,0.5486327256567128
E1,1819,2018-08-25,QPR,Wigan,1,0,H,,,0.30136669708994185,0.2742873706847587,0.42434593222529937,0.30001668403824266,0.2718089275417912,0.42817438841996613,0.028411689680069685,0.5118733509234827,0.4881266490765172,0.5125383115051826,0.48746168849481736
E1,1819,2018-08-25,Sheffield Weds,Ipswich,2,1,H,,,0.40326515293676113,0.30868830925126667,0.2880465378119722,0.4061267617460222,0.30767694666090756,0.2861962915930702,0.027626794297248125,0.43116883116883115,0.5688311688311688,0.42710568301330365,0.5728943169866965
E1,1819,2018-08-25,Stoke,Hull,2,0,H,,,0.479256240485136,0.2835239620888042,0.23721979742605975,0.4856578648223622,0.2813214896818765,0.2330206454957614,0.02967929095029831,0.47757255936675463,0.5224274406332454,0.4762821585986352,0.5237178414013648
E1,1819,2018-08-25,Swansea,Bristol City,0,1,A,,,0.4230470679556841,0.2871592218850705,0.2897937101592454,0.4267234318981914,0.28526754846180996,0.28800901963999864,0.027663801796734333,0.4540682414698162,0.5459317585301837,0.4513672743432872,0.5486327256567128
E1,1819,2018-08-26,Rotherham,Millwall,1,0,H,,,0.27129022519140106,0.2895981544987963,0.4391116203098027,0.2685721161097955,0.2876741458344287,0.44375373805577584,0.029657636303454638,0.467018469656992,0.5329815303430079,0.4650388767684244,0.5349611232315755
E1,1819,2018-08-31,Leeds,Middlesbrough,0,0,D,fpl-team-13,,0.4315157516865754,0.28254007550906723,0.28594417280435724,0.43540296657947997,0.28052973020381117,0.28406730321670876,0.026717058150097728,0.48548812664907653,0.5145118733509234,0.48467112597614054,0.5153288740238595
E1,1819,2018-09-01,Birmingham,QPR,0,0,D,,,0.48119815833318397,0.27881187409305075,0.23998996757376514,0.48722197078922813,0.27657802061069103,0.23620000860008095,0.027529082261025906,0.46052631578947373,0.5394736842105263,0.45818815331659807,0.541811846683402
E1,1819,2018-09-01,Brentford,Nott'm Forest,2,1,H,fpl-team-4,fpl-team-18,0.5137644479333027,0.2589935847115827,0.22724196735511462,0.5215084519654211,0.2557878393645749,0.22270370867000408,0.0290487261954695,0.5459317585301837,0.4540682414698162,0.5486327256567128,0.4513672743432872
E1,1819,2018-09-01,Hull,Derby,1,2,A,,,0.3391779012552028,0.2911711829236972,0.36965091582109993,0.3394202665947942,0.28940449154200376,0.37117524186320205,0.028379220864735544,0.4643799472295515,0.5356200527704486,0.4622145096316831,0.537785490368317
E1,1819,2018-09-01,Millwall,Swansea,1,2,A,,,0.4411400437302182,0.2909359184110335,0.26792403785874835,0.44548636333584113,0.2892215842440238,0.26529205242013504,0.027216787566430867,0.4424083769633508,0.5575916230366492,0.4388837958712722,0.5611162041287278
E1,1819,2018-09-01,Preston,Bolton,2,2,D,,,0.6079832665156004,0.2469932020219627,0.1450235314624368,0.619065835628889,0.24341839231359863,0.13751577205751245,0.02752210502512753,0.43229166666666663,0.5677083333333334,0.42815297888698983,0.5718470211130101
E1,1819,2018-09-01,Reading,Sheffield Weds,1,2,A,,,0.41462484052890747,0.29449988673081273,0.2908752727402797,0.4181070886245176,0.29283573618097425,0.2890571751945081,0.02893402916379273,0.4450261780104712,0.5549738219895288,0.44173140953637374,0.5582685904636263
E1,1819,2018-09-01,Sheffield United,Aston Villa,4,1,H,,fpl-team-2,0.400993578287463,0.2966598259430761,0.30234659576946094,0.40383567157013706,0.29512015867203717,0.30104416975782583,0.028366416692733765,0.4348958333333333,0.5651041666666667,0.43101354895108535,0.5689864510489147
E1,1819,2018-09-01,West Brom,Stoke,2,1,H,,,0.46160952767667884,0.28332321309496755,0.2550672592283535,0.4670083989485222,0.28121009652791545,0.2517815045235623,0.028437951346859336,0.4540682414698162,0.5459317585301837,0.4513672743432872,0.5486327256567128
E1,1819,2018-09-01,Wigan,Rotherham,1,0,H,,,0.6118398965470078,0.22742250351267673,0.16073759994031558,0.6231100875007809,0.22307734292601147,0.1538125695732076,0.027546961326152086,0.5613577023498694,0.4386422976501305,0.5650609080815892,0.43493909191841096
E1,1819,2018-09-02,Bristol City,Blackburn,4,1,H,,,0.405227549555996,0.29598125092961464,0.29879119951438937,0.4083752284545875,0.29434636735500475,0.2972784041904077,0.02958166808821261,0.4476439790575916,0.5523560209424083,0.44456916381726636,0.5554308361827337
E1,1819,2018-09-02,Ipswich,Norwich,1,1,D,,,0.33146353901070885,0.2906680265170832,0.37786843447220814,0.33137883201388874,0.2888230475589452,0.37979812042716604,0.029296189080923796,0.4643799472295515,0.5356200527704486,0.4622145096316831,0.537785490368317
E1,1819,2018-09-14,Birmingham,West Brom,1,1,D,,,0.27117662522716796,0.29019205931321934,0.4386313154596127,0.2688451049361692,0.28856785342772756,0.44258704163610313,0.02533790934830904,0.44270833333333337,0.5572916666666667,0.4395272127486084,0.5604727872513917
E1,1819,2018-09-15,Blackburn,Aston Villa,1,1,D,,fpl-team-2,0.34890878225717803,0.2956485631587303,0.3554426545840915,0.34952656567124485,0.2941527286204406,0.35632070570831453,0.026858409633859992,0.44270833333333337,0.5572916666666667,0.4395272127486084,0.5604727872513917
E1,1819,2018-09-15,Bolton,QPR,1,2,A,,,0.3467938114235672,0.29327624793227597,0.3599299406441569,0.34731427741832316,0.29172463795151354,0.3609610846301633,0.02620298182591796,0.4554973821989528,0.544502617801047,0.45302829355420515,0.5469717064457948
E1,1819,2018-09-15,Brentford,Wigan,2,0,H,fpl-team-4,,0.5256365595668693,0.2510295970490853,0.22333384338404536,0.5329362069247747,0.24789417478979336,0.2191696182854318,0.025655075209215283,0.5688311688311688,0.43116883116883115,0.5728943169866965,0.42710568301330365
E1,1819,2018-09-15,Bristol City,Sheffield United,1,0,H,,,0.3625381428715772,0.28696372638173184,0.3504981307466909,0.3636787000806478,0.2851544160611199,0.3511668838582323,0.02640753798186779,0.49473684210526314,0.5052631578947367,0.4944592198579216,0.5055407801420785
E1,1819,2018-09-15,Hull,Ipswich,2,0,H,,,0.4303574253643516,0.2890850790441389,0.28055749559150944,0.43406020619883934,0.287394921299476,0.2785448725016846,0.025742129189893603,0.46194225721784776,0.5380577427821522,0.4598115299356801,0.5401884700643199
E1,1819,2018-09-15,Millwall,Leeds,1,1,D,,fpl-team-13,0.3250251256281407,0.2875979899497488,0.3873768844221105,0.32469120747237556,0.2857833458380286,0.38952544668959577,0.026842155726626515,0.48548812664907653,0.5145118733509234,0.48467112597614054,0.5153288740238595
E1,1819,2018-09-15,Norwich,Middlesbrough,1,0,H,,,0.3212297381860756,0.29994953471002644,0.37882072710389797,0.320764255489902,0.29867182164248673,0.38056392286761126,0.025858241133391857,0.427461139896373,0.5725388601036269,0.4232140408465464,0.5767859591534537
E1,1819,2018-09-15,Preston,Reading,2,3,A,,,0.5111751839331875,0.2780075561741897,0.2108172598926228,0.5180111427669887,0.27585577614202816,0.20613308109098313,0.025993023300543427,0.450261780104712,0.549738219895288,0.44739756368406325,0.5526024363159369
E1,1819,2018-09-15,Rotherham,Derby,1,0,H,,,0.2628231501787258,0.2875125976197576,0.4496642522015166,0.26000548556947234,0.2856719276944012,0.4543225867361265,0.027033643564209342,0.4671916010498688,0.5328083989501312,0.46540654231752615,0.5345934576824739
E1,1819,2018-09-15,Sheffield Weds,Stoke,2,2,D,,,0.3217574480890762,0.2876316581402348,0.39061089377068914,0.3212946817689484,0.2858221456942,0.3928831725368515,0.026781302178278565,0.4750656167979003,0.5249343832020998,0.4737569060807899,0.5262430939192101
E1,1819,2018-09-15,Swansea,Nott'm Forest,0,0,D,,fpl-team-18,0.4256227813475379,0.285885181447292,0.28849203720517,0.4292910054338995,0.2839997299760901,0.28670926459001045,0.026822285959497094,0.4710526315789474,0.5289473684210526,0.4694266099690281,0.5305733900309719
E1,1819,2018-09-18,Aston Villa,Rotherham,2,0,H,fpl-team-2,,0.6394956994075514,0.21955036684729298,0.14095393374515555,0.6507622477274791,0.21529139589222587,0.13394635638029487,0.02508128108456731,0.5572916666666667,0.44270833333333337,0.5604727872513917,0.4395272127486084
E1,1819,2018-09-18,Derby,Blackburn,0,0,D,,,0.42616562714679934,0.29513954923520574,0.27869482361799486,0.42976390252527513,0.29365630329613274,0.2765797941785921,0.02615061728283763,0.43264248704663216,0.5673575129533679,0.4289093046652558,0.5710906953347442
E1,1819,2018-09-18,Ipswich,Brentford,1,1,D,,fpl-team-4,0.22076423984214127,0.2621195244406691,0.5171162357171896,0.2165161584676722,0.2594064783192787,0.5240773632130491,0.02559675509110093,0.4881266490765172,0.5118733509234827,0.48746168849481736,0.5125383115051826
E1,1819,2018-09-18,Leeds,Preston,3,0,H,fpl-team-13,,0.4856581532416503,0.28330058939096264,0.231041257367387,0.49137571989351764,0.2814075392734944,0.22721674083298787,0.02534623653627932,0.4710526315789474,0.5289473684210526,0.4694266099690281,0.5305733900309719
E1,1819,2018-09-18,Stoke,Swansea,1,0,H,,,0.5091207008978581,0.27201591733685565,0.2188633817652862,0.5156973055370023,0.26970341103378564,0.21459928342921203,0.025278308312408626,0.4516971279373368,0.5483028720626633,0.4490778970539186,0.5509221029460813
E1,1819,2018-09-18,West Brom,Bristol City,4,2,H,,,0.4959217981445739,0.2689745345868875,0.2351036672685387,0.501989572301086,0.2665621570773381,0.23144827062157586,0.025196688948199153,0.5078947368421052,0.4921052631578948,0.5083123216311592,0.4916876783688407
E1,1819,2018-09-18,Wigan,Hull,2,1,H,,,0.4766443583337217,0.27314862941760554,0.2502070122486728,0.481861659209619,0.2709518254242479,0.2471865153661331,0.0245584009680897,0.5210526315789473,0.4789473684210527,0.5222000222007822,0.47779997779921773
E1,1819,2018-09-19,Middlesbrough,Bolton,2,0,H,,,0.6688951255593297,0.21735264949525127,0.11375222494541894,0.6820610374711652,0.2126592522877038,0.10527971024113089,0.026956627145409584,0.4631578947368421,0.536842105263158,0.46100713011761374,0.5389928698823863
E1,1819,2018-09-19,Nott'm Forest,Sheffield Weds,2,1,H,fpl-team-18,,0.4974621392612235,0.27303238103130373,0.2295054797074727,0.5038562321531632,0.27066824786223664,0.22547551998460014,0.02632268227171153,0.48157894736842105,0.5184210526315789,0.4805830628839423,0.5194169371160577
E1,1819,2018-09-19,QPR,Millwall,2,0,H,,,0.38252012113164163,0.3002056646855921,0.31727421418276625,0.38449279769887945,0.2988786339928594,0.3166285683082611,0.027073965407907963,0.44386422976501305,0.556135770234987,0.4406241369777816,0.5593758630222184
E1,1819,2018-09-19,Reading,Norwich,1,2,A,,,0.3317648585938895,0.29467313527283345,0.37356200613327706,0.3316996870365335,0.29313224687649353,0.37516806608697295,0.02696296968497336,0.4631578947368421,0.536842105263158,0.46100713011761374,0.5389928698823863
E1,1819,2018-09-19,Sheffield United,Birmingham,0,0,D,,,0.513929231581727,0.2747887509902298,0.2112820174280433,0.5208741278875604,0.27251308698332966,0.2066127851291099,0.02600423339754343,0.4593175853018373,0.5406824146981627,0.45700416089548346,0.5429958391045165
E1,1819,2018-09-21,Wigan,Bristol City,1,0,H,,,0.4230970639917145,0.27754180582546867,0.29936113018281685,0.42645816536325565,0.27545610245511504,0.2980857321816293,0.02525259554386139,0.531578947368421,0.4684210526315789,0.5333741239292438,0.4666258760707563
E1,1819,2018-09-22,Aston Villa,Sheffield Weds,1,2,A,fpl-team-2,,0.6054139338252027,0.23182923807452888,0.16275682810026854,0.6159456434503925,0.2278466381015478,0.15620771844805956,0.02631477895192802,0.5132275132275131,0.48677248677248675,0.5140071716723167,0.4859928283276833
E1,1819,2018-09-22,Derby,Brentford,3,1,H,,fpl-team-4,0.30283222686148964,0.27960615636473823,0.41756161677377207,0.3015845857604549,0.2774193558068421,0.42099605843270294,0.027527946513146162,0.5092348284960422,0.4907651715039578,0.5097498467882865,0.49025015321171345
E1,1819,2018-09-22,Ipswich,Bolton,0,0,D,,,0.48843758119676123,0.28541232154268575,0.22615009726055288,0.49480512668743076,0.28342402619082957,0.22177084712173964,0.02776233945041895,0.4160206718346253,0.5839793281653746,0.410679931844408,0.589320068155592
E1,1819,2018-09-22,Leeds,Birmingham,1,2,A,fpl-team-13,,0.5270098378604666,0.26721625581657465,0.20577390632295875,0.5347989308156913,0.2645286774330835,0.20067239175122525,0.027225262951105833,0.48284960422163586,0.5171503957783641,0.4818779970999063,0.5181220029000937
E1,1819,2018-09-22,Middlesbrough,Swansea,0,0,D,,,0.5655143538284946,0.2588730557035071,0.17561259046799832,0.574578702724231,0.25591683687357164,0.16950446040219738,0.02648933744058013,0.422279792746114,0.5777202072538861,0.41746678039253876,0.5825332196074612
E1,1819,2018-09-22,Nott'm Forest,Rotherham,1,0,H,fpl-team-18,,0.5747899159663866,0.2495798319327731,0.17563025210084032,0.5845462315630631,0.2461456345107515,0.16930813392618535,0.02743740938603878,0.5197889182058046,0.4802110817941952,0.5209181681264694,0.47908183187353065
E1,1819,2018-09-22,QPR,Norwich,0,1,A,,,0.3877125492985065,0.2849453675567337,0.3273420831447598,0.3900095740070961,0.2829060187554517,0.32708440723745213,0.028545850422233343,0.5013192612137204,0.4986807387862796,0.5013923698131533,0.49860763018684684
E1,1819,2018-09-22,Reading,Hull,3,0,H,,,0.3848604221379243,0.29311351035891453,0.32202606750316115,0.3870062663813276,0.2914415306201097,0.32155220299856274,0.028130539460107684,0.47631578947368425,0.5236842105263159,0.4750131874840955,0.5249868125159045
E1,1819,2018-09-22,Sheffield United,Preston,3,2,H,,,0.5133482854631205,0.26527774528122156,0.22137396925565808,0.5204299816108335,0.26258300106461036,0.21698701732455616,0.026597180869430304,0.47631578947368425,0.5236842105263159,0.4750131874840955,0.5249868125159045
E1,1819,2018-09-22,Stoke,Blackburn,2,3,A,,,0.4696925500262529,0.2857767924858527,0.24453065748789457,0.4751553729197708,0.2838597977270731,0.2409848293531562,0.02706055692397058,0.450261780104712,0.549738219895288,0.44739756368406325,0.5526024363159369
E1,1819,2018-09-22,West Brom,Millwall,2,0,H,,,0.5483249927306675,0.25363696187808943,0.19803804539124312,0.5569768977580445,0.2503993770267139,0.19262372521524174,0.027264434262178838,0.49340369393139843,0.5065963060686015,0.49303698752158454,0.5069630124784155
E1,1819,2018-09-28,Bristol City,Aston Villa,1,1,D,,fpl-team-2,0.38866154306817047,0.28855175167182356,0.32278670526000597,0.3907201962731279,0.2868885107009496,0.32239129302592245,0.025099323014728725,0.48548812664907653,0.5145118733509234,0.48467112597614054,0.5153288740238595
E1,1819,2018-09-28,Sheffield Weds,Leeds,1,1,D,,fpl-team-13,0.2781474520265559,0.2773365265104435,0.44451602146300057,0.27604848646751184,0.2752070484897866,0.4487444650427015,0.025654277065768838,0.5065963060686015,0.49340369393139843,0.5069630124784155,0.49303698752158454
E1,1819,2018-09-29,Birmingham,Ipswich,2,2,D,,,0.4835671539291671,0.2980476797802413,0.2183851662905916,0.4897047854813028,0.2965794211292969,0.2137157933894002,0.027640353422611952,0.3934010152284264,0.6065989847715737,0.3866243757455991,0.6133756242544008
E1,1819,2018-09-29,Blackburn,Nott'm Forest,2,2,D,,fpl-team-18,0.40972683816066513,0.3043308669296259,0.2859422949097089,0.41292846028553165,0.3031124073601084,0.28395913235436,0.028302340535447,0.39593908629441626,0.6040609137055837,0.3895712130861784,0.6104287869138215
E1,1819,2018-09-29,Bolton,Derby,1,0,H,,,0.25612906407304425,0.29895190443856906,0.4449190314883868,0.2529781377171488,0.29753422545467384,0.4494876368281774,0.02765439567156136,0.43229166666666663,0.5677083333333334,0.42815297888698983,0.5718470211130101
E1,1819,2018-09-29,Brentford,Reading,2,2,D,fpl-team-4,,0.6437102867000021,0.21505775487477344,0.14123195842522435,0.6568054936655565,0.2099757255162966,0.1332187808181469,0.028856922639533877,0.5777202072538861,0.422279792746114,0.5825332196074612,0.41746678039253876
E1,1819,2018-09-29,Hull,Middlesbrough,1,1,D,,,0.2750814103862514,0.2947912933734283,0.43012729624032037,0.27263424660591806,0.293165203027735,0.4342005503663469,0.02842136682011187,0.4386422976501305,0.5613577023498694,0.43493909191841096,0.5650609080815892
E1,1819,2018-09-29,Millwall,Sheffield United,2,3,A,,,0.3092522946319519,0.2948012528267205,0.39594645254132754,0.3082383643776185,0.29318381886265216,0.3985778167597294,0.02838260924909264,0.4684210526315789,0.531578947368421,0.4666258760707563,0.5333741239292438
E1,1819,2018-09-29,Norwich,Wigan,1,0,H,,,0.42617461492368963,0.2790878009234782,0.2947375841528321,0.4300944107298964,0.276800722948269,0.2931048663218346,0.028514763340353966,0.5277044854881265,0.4722955145118733,0.5293296089369458,0.47067039106305425
E1,1819,2018-09-29,Preston,West Brom,2,3,A,,,0.31864226052958944,0.29029678336591436,0.3910609561044962,0.3180223185286707,0.2884939066258918,0.39348377484543756,0.02835044451057911,0.49340369393139843,0.5065963060686015,0.49303698752158454,0.5069630124784155
E1,1819,2018-09-29,Rotherham,Stoke,2,2,D,,,0.27935280256172706,0.28017929014327064,0.44046790729500224,0.27711288039810167,0.2779732830896676,0.4449138365122307,0.028022018261253834,0.4960422163588391,0.503957783641161,0.49582265790303864,0.5041773420969614
E1,1819,2018-09-29,Swansea,QPR,3,0,H,,,0.4193500157381178,0.2943264085615361,0.2863235757003463,0.42286717483303915,0.29273003654276025,0.2844027886242007,0.027602713322266936,0.4348958333333333,0.5651041666666667,0.43101354895108535,0.5689864510489147
E1,1819,2018-10-02,Aston Villa,Preston,3,3,D,fpl-team-2,,0.5322304566703758,0.26463681039999243,0.20313273292963172,0.5395701573911499,0.2620768087987811,0.19835303381006897,0.024954277090728283,0.47368421052631576,0.5263157894736842,0.47222222222641946,0.5277777777735805
E1,1819,2018-10-02,Brentford,Birmingham,1,1,D,fpl-team-4,,0.5732707759734788,0.24717649041973364,0.17955273360678767,0.5823351994138,0.2438823460885878,0.17378245449761226,0.025612750090658665,0.5197889182058046,0.4802110817941952,0.5209181681264694,0.47908183187353065
E1,1819,2018-10-02,Hull,Leeds,0,1,A,,fpl-team-13,0.2785243464812841,0.272158075704569,0.44931757781414694,0.2764957617213808,0.26989656870675544,0.45360766957186377,0.02494408655911684,0.5224274406332454,0.47757255936675463,0.5237178414013648,0.4762821585986352
E1,1819,2018-10-02,Ipswich,Middlesbrough,0,2,A,,,0.23398757107356413,0.31147197985530173,0.4545404490711341,0.23012657329637848,0.3106005543352168,0.45927287236840475,0.026382631855085492,0.3731343283582089,0.626865671641791,0.36507936510439887,0.634920634895601
E1,1819,2018-10-02,Reading,QPR,0,1,A,,,0.3913892367459781,0.29263872162853133,0.31597204162549064,0.3936036183437329,0.29108884727237705,0.31530753438389,0.025732051581144333,0.4631578947368421,0.536842105263158,0.46100713011761374,0.5389928698823863
E1,1819,2018-10-02,Stoke,Bolton,2,0,H,,,0.6158229763728884,0.24070238162798174,0.1434746419991298,0.6272438657029924,0.2368655100445359,0.1358906242524717,0.027587400749325752,0.47757255936675463,0.5224274406332454,0.4762821585986352,0.5237178414013648
E1,1819,2018-10-02,Wigan,Swansea,0,0,D,,,0.4659373009073134,0.28458445923680226,0.24947823985588435,0.47106246710560823,0.28269129169973467,0.24624624119465718,0.0260905500035733,0.4671916010498688,0.5328083989501312,0.46540654231752615,0.5345934576824739
E1,1819,2018-10-03,Blackburn,Sheffield United,0,2,A,,,0.3359929726959959,0.2924383280872557,0.37156869921674845,0.336099195712617,0.2907641071975253,0.3731366970898576,0.02771296550054103,0.45669291338582685,0.5433070866141733,0.4541895718808615,0.5458104281191385
E1,1819,2018-10-03,Derby,Norwich,1,1,D,,,0.44812525502878986,0.2827456966253079,0.2691290483459021,0.4526067123306359,0.28076775044758595,0.2666255372217781,0.02634469885379076,0.4710526315789474,0.5289473684210526,0.4694266099690281,0.5305733900309719
E1,1819,2018-10-03,Nott'm Forest,Millwall,2,2,D,fpl-team-18,,0.49667827075907406,0.2741778893496623,0.22914383989126366,0.5032410925110414,0.2717848038698747,0.22497410361908388,0.02715867036022246,0.4528795811518324,0.5471204188481674,0.45021710872652343,0.5497828912734765
E1,1819,2018-10-03,Rotherham,Bristol City,0,0,D,,,0.27148890517456314,0.2802982796787525,0.4482128151466844,0.2690857496126867,0.27823384146118607,0.4526804089261272,0.02624137932434678,0.48284960422163586,0.5171503957783641,0.4818779970999063,0.5181220029000937
E1,1819,2018-10-03,Sheffield Weds,West Brom,2,2,D,,,0.2698183334947154,0.2713601525432566,0.45882151396202814,0.2673249085705969,0.26892649714455713,0.46374859428484605,0.02649988722987473,0.5433070866141733,0.45669291338582685,0.5458104281191385,0.4541895718808615
E1,1819,2018-10-06,Birmingham,Rotherham,3,1,H,,,0.5744116532648508,0.2500736749042226,0.17551467183092662,0.5842756530027475,0.24661536387966398,0.16910898311758849,0.027790458290837705,0.46052631578947373,0.5394736842105263,0.45818815331659807,0.541811846683402
E1,1819,2018-10-06,Bolton,Blackburn,0,1,A,,,0.2755954714286269,0.2999382890942469,0.4244662394771262,0.27338300012121736,0.2986523173599403,0.4279646825188424,0.025897895451635122,0.4186046511627907,0.5813953488372093,0.4135802469263314,0.5864197530736686
E1,1819,2018-10-06,Leeds,Brentford,1,1,D,fpl-team-13,fpl-team-4,0.411762387786789,0.2682871081896925,0.31995050402351843,0.4150106615830531,0.2656012180320266,0.31938812038492037,0.02798156812787056,0.5564304461942258,0.44356955380577423,0.5600089315544268,0.43999106844557306
E1,1819,2018-10-06,Middlesbrough,Nott'm Forest,0,2,A,,fpl-team-18,0.5355829172223429,0.27557609403591476,0.1888409887417424,0.5438192413571833,0.2731794354617013,0.1830013231811155,0.02761147601995617,0.4186046511627907,0.5813953488372093,0.4135802469263314,0.5864197530736686
E1,1819,2018-10-06,Millwall,Aston Villa,2,1,H,,fpl-team-2,0.34546867600092296,0.2905317611628557,0.3639995628362215,0.34593903259437897,0.2888678836485186,0.3651930837571024,0.026301695266738534,0.47493403693931396,0.5250659630606861,0.47347850363148986,0.5265214963685101
E1,1819,2018-10-06,Norwich,Stoke,0,1,A,,,0.38763536999457515,0.29043017017942174,0.3219344598260031,0.3897664887683851,0.28874943301540684,0.3214840782162081,0.026489974232390523,0.47757255936675463,0.5224274406332454,0.4762821585986352,0.5237178414013648
E1,1819,2018-10-06,Preston,Wigan,4,0,H,,,0.40838894184938035,0.2819828408007626,0.30962821734985696,0.4114732793063324,0.27987683145999354,0.3086498892336741,0.027747658314183354,0.5026455026455027,0.4973544973544974,0.502799552071699,0.497200447928301
E1,1819,2018-10-06,QPR,Derby,1,1,D,,,0.3515137452218409,0.2956657670090251,0.35282048776913405,0.3522344762934753,0.29417231136602034,0.35359321234050445,0.02682769182138145,0.450261780104712,0.549738219895288,0.44739756368406325,0.5526024363159369
E1,1819,2018-10-06,Sheffield United,Hull,1,0,H,,,0.6009711481643245,0.23503327081674077,0.16399558101893483,0.6115410262607227,0.23109545509916757,0.1573635186401097,0.026852572103962302,0.5197889182058046,0.4802110817941952,0.5209181681264694,0.47908183187353065
E1,1819,2018-10-06,Swansea,Ipswich,2,3,A,,,0.530761550043585,0.26837942784689756,0.2008590221095174,0.5384683811701774,0.26581343899040355,0.1957181798394192,0.02642294391989708,0.4186046511627907,0.5813953488372093,0.4135802469263314,0.5864197530736686
E1,1819,2018-10-06,West Brom,Reading,4,1,H,,,0.6218010682509332,0.2281428379913496,0.1500560937577173,0.6327655903769888,0.22407804940717393,0.14315636021583733,0.025879197753965855,0.5651041666666667,0.4348958333333333,0.5689864510489147,0.43101354895108535
E1,1819,2018-10-07,Bristol City,Sheffield Weds,1,2,A,,,0.5172341340910682,0.26365973966202094,0.21910612624691087,0.5249435953285598,0.2607180811411548,0.21433832353028534,0.028373915469273925,0.5185185185185185,0.4814814814814815,0.5196232339053608,0.4803767660946392
E1,1819,2018-10-19,Sheffield Weds,Middlesbrough,1,2,A,,,0.27413967786796517,0.2954238143483972,0.43043650778363757,0.27189283236107037,0.29397882753010174,0.43412834010882795,0.025646060472354293,0.43116883116883115,0.5688311688311688,0.42710568301330365,0.5728943169866965
E1,1819,2018-10-20,Aston Villa,Swansea,1,0,H,fpl-team-2,,0.49351166642208755,0.2770591811492421,0.22942915242867024,0.5000924819178838,0.27472956238753665,0.22517795569457957,0.027779344003647566,0.49473684210526314,0.5052631578947367,0.4944592198579216,0.5055407801420785
E1,1819,2018-10-20,Blackburn,Leeds,2,1,H,,fpl-team-13,0.28996312922680395,0.28733506461145525,0.4227018061617408,0.28830738056774113,0.2855798478363591,0.4261127715958998,0.025743673089891672,0.48548812664907653,0.5145118733509234,0.48467112597614054,0.5153288740238595
E1,1819,2018-10-20,Brentford,Bristol City,0,1,A,fpl-team-4,,0.5411364015524713,0.2511906373254178,0.20767296112211076,0.5497739289745025,0.24775232319973223,0.20247374782576527,0.028156738611869514,0.556135770234987,0.44386422976501305,0.5593758630222184,0.4406241369777816
E1,1819,2018-10-20,Derby,Sheffield United,2,1,H,,,0.3625381428715772,0.28696372638173184,0.3504981307466909,0.3636787000806478,0.2851544160611199,0.3511668838582323,0.02640753798186779,0.4960422163588391,0.503957783641161,0.49582265790303864,0.5041773420969614
E1,1819,2018-10-20,Hull,Preston,1,1,D,,,0.35534156785377174,0.286635041138843,0.3580233910073851,0.3562193810099057,0.2847719440624748,0.35900867492761945,0.027011553524062037,0.5013192612137204,0.4986807387862796,0.5013923698131533,0.49860763018684684
E1,1819,2018-10-20,Ipswich,QPR,0,2,A,,,0.35079080626068654,0.3085130869393661,0.34069610679994744,0.3515114460418323,0.3074892153269335,0.3409993386312341,0.02791047189384699,0.42377260981912146,0.5762273901808785,0.4193371978686282,0.5806628021313719
E1,1819,2018-10-20,Nott'm Forest,Norwich,1,2,A,fpl-team-18,,0.4063314949340852,0.2931121929400677,0.3005563121258471,0.40937384935199983,0.29143703113034275,0.29918911951765736,0.02814152045175433,0.4881266490765172,0.5118733509234827,0.48746168849481736,0.5125383115051826
E1,1819,2018-10-20,Reading,Millwall,3,1,H,,,0.3406493474574189,0.30063656696242047,0.35871408558016077,0.3409506852387496,0.299284664318894,0.3597646504423563,0.02798519772477448,0.450261780104712,0.549738219895288,0.44739756368406325,0.5526024363159369
E1,1819,2018-10-20,Rotherham,Bolton,1,1,D,,,0.43086529884032115,0.2943800178412132,0.2747546833184657,0.4348402688145467,0.29278852458855137,0.27237120659690195,0.027514498215168715,0.4528795811518324,0.5471204188481674,0.45021710872652343,0.5497828912734765
E1,1819,2018-10-20,Stoke,Birmingham,0,1,A,,,0.47635160673724525,0.2872544537597328,0.236393939503022,0.48217917918845904,0.2853609194761216,0.23245990133541936,0.02753860643133521,0.4375,0.5625,0.43386243386060414,0.5661375661393959
E1,1819,2018-10-20,Wigan,West Brom,1,0,H,,,0.30596745167697326,0.2686966289514496,0.42533591937157716,0.30485896832326015,0.2661011469858892,0.4290398846908506,0.027180955046787858,0.5471204188481674,0.4528795811518324,0.5497828912734765,0.45021710872652343
E1,1819,2018-10-23,Birmingham,Reading,2,1,H,,,0.5429154581587711,0.26318616392738214,0.1938983779138468,0.55109103516433,0.26041553459178485,0.1884934302438852,0.02642015996389091,0.47368421052631576,0.5263157894736842,0.47222222222641946,0.5277777777735805
E1,1819,2018-10-23,Middlesbrough,Rotherham,0,0,D,,,0.6736585812554203,0.21393211702030238,0.11240930172427725,0.6870047351713235,0.20910468006029062,0.10389058476838592,0.02695697406306863,0.48684210526315796,0.513157894736842,0.48613998614008774,0.5138600138599122
E1,1819,2018-10-23,Millwall,Wigan,2,1,H,,,0.4374459913586174,0.2833605376860297,0.27919347095535285,0.4415749468783025,0.28137783790071386,0.2770472152209837,0.026763753965497017,0.4696569920844328,0.5303430079155673,0.4678573425068856,0.5321426574931143
E1,1819,2018-10-23,Norwich,Aston Villa,2,1,H,,fpl-team-2,0.42045618904286297,0.28535465082188294,0.294189160135254,0.4238412773429986,0.28349189766884225,0.2926668249881592,0.026212682714685798,0.47368421052631576,0.5263157894736842,0.47222222222641946,0.5277777777735805
E1,1819,2018-10-23,QPR,Sheffield Weds,3,0,H,,,0.46718376649634236,0.28058669999632396,0.25222953350733374,0.4725897045579112,0.2784483094621373,0.24896198597995153,0.02727700606919825,0.5013192612137204,0.4986807387862796,0.5013923698131533,0.49860763018684684
E1,1819,2018-10-23,Sheffield United,Stoke,1,1,D,,,0.486189728766131,0.2756017357831266,0.23820853545074253,0.49240375573618533,0.27324205024506254,0.2343541940187521,0.02747277054004371,0.49340369393139843,0.5065963060686015,0.49303698752158454,0.5069630124784155
E1,1819,2018-10-23,Swansea,Blackburn,3,1,H,,,0.4237486629763513,0.2920606169437006,0.2841907200799482,0.42733795440316197,0.2904208035287943,0.2822412420680437,0.026788888964802027,0.4593175853018373,0.5406824146981627,0.45700416089548346,0.5429958391045165
E1,1819,2018-10-24,Bolton,Nott'm Forest,0,3,A,,fpl-team-18,0.27452988524098615,0.29690536178100385,0.42856475297801006,0.2721007246199266,0.29539324874903805,0.43250602663103527,0.027946186950430274,0.4476439790575916,0.5523560209424083,0.44456916381726636,0.5554308361827337
E1,1819,2018-10-24,Bristol City,Hull,1,0,H,,,0.5127293781396733,0.26871086389756255,0.218559757962764,0.5199538529480902,0.26608759951642813,0.21395854753548169,0.027239406248554587,0.5013192612137204,0.4986807387862796,0.5013923698131533,0.49860763018684684
E1,1819,2018-10-24,Leeds,Ipswich,2,0,H,fpl-team-13,,0.6671058292619967,0.21097779010067597,0.12191638063732756,0.6809008257429526,0.2057898237815651,0.11330935047548225,0.02838295290712267,0.5263157894736842,0.47368421052631576,0.5277777777735805,0.47222222222641946
E1,1819,2018-10-24,Preston,Brentford,4,3,H,,fpl-team-4,0.33029542552723107,0.2779905780830361,0.3917139963897328,0.33016635068968686,0.27574563702102056,0.39408801228929263,0.027472374262288213,0.5342105263157895,0.4657894736842106,0.5361804569814632,0.4638195430185368
E1,1819,2018-10-24,West Brom,Derby,1,4,A,,,0.4814876074660837,0.2642146481081295,0.25429774442578684,0.4874552287675349,0.2614273747130498,0.2511173965194153,0.027206538012251258,0.5303430079155673,0.4696569920844328,0.5321426574931143,0.4678573425068856
E1,1819,2018-10-26,QPR,Aston Villa,1,0,H,,fpl-team-2,0.36738731100748906,0.2927794263105836,0.3398332626819274,0.3686721207001637,0.29125150911772035,0.3400763701821159,0.025474431458860636,0.47757255936675463,0.5224274406332454,0.4762821585986352,0.5237178414013648
E1,1819,2018-10-27,Birmingham,Sheffield Weds,3,1,H,,,0.5235639851440522,0.2610608300580536,0.2153751847978942,0.531366025785636,0.2580752347088053,0.2105587395055587,0.02775730099529028,0.47493403693931396,0.5250659630606861,0.47347850363148986,0.5265214963685101
E1,1819,2018-10-27,Bolton,Hull,0,1,A,,,0.3274432391163225,0.2985208079010006,0.3740359529826767,0.3271935591267282,0.29706117039822183,0.37574527047504996,0.028375544352456927,0.4348958333333333,0.5651041666666667,0.43101354895108535,0.5689864510489147
E1,1819,2018-10-27,Bristol City,Stoke,0,1,A,,,0.3871797965174729,0.28572003056259304,0.3271001729199341,0.3893414914921675,0.28381258297803474,0.32684592552979785,0.0271110231988132,0.4947089947089948,0.5052910052910053,0.49440042556694624,0.5055995744330538
E1,1819,2018-10-27,Leeds,Nott'm Forest,1,1,D,fpl-team-13,fpl-team-18,0.5562591388623702,0.2475498785513166,0.19619098258631315,0.5657728394797065,0.24385543817149447,0.19037172234879912,0.028950373991392553,0.5250659630606861,0.47493403693931396,0.5265214963685101,0.47347850363148986
E1,1819,2018-10-27,Middlesbrough,Derby,1,1,D,,,0.45181828395940227,0.29650574884835773,0.25167596719224,0.4565595854834698,0.29502131065862797,0.24841910385790225,0.027023616712540388,0.40769230769230774,0.5923076923076923,0.40198480765338596,0.598015192346614
E1,1819,2018-10-27,Millwall,Ipswich,3,0,H,,,0.5910474292332139,0.23701150044439653,0.1719410703223895,0.6020402608561662,0.23284768799663977,0.16511205114719402,0.029017203953117132,0.4802110817941952,0.5197889182058046,0.47908183187353065,0.5209181681264694
E1,1819,2018-10-27,Norwich,Brentford,1,0,H,,fpl-team-4,0.4028323526478508,0.2784282437418969,0.31873940361025227,0.4057332267530434,0.27614221196096167,0.318124561285995,0.028196527156978846,0.5277044854881265,0.4722955145118733,0.5293296089369458,0.47067039106305425
E1,1819,2018-10-27,Preston,Rotherham,1,1,D,,,0.578142380422692,0.24627363737486097,0.17558398220244717,0.5880850590663174,0.24268833045138805,0.16922661048229456,0.027583292685449123,0.5185185185185185,0.4814814814814815,0.5196232339053608,0.4803767660946392
E1,1819,2018-10-27,Sheffield United,Wigan,4,2,H,,,0.5660335760458342,0.24300156092456116,0.19096486302960464,0.5760351793410894,0.23908201862262568,0.18488280203628502,0.029177678283303976,0.5158730158730157,0.48412698412698413,0.5168137873046875,0.48318621269531237
E1,1819,2018-10-27,Swansea,Reading,2,0,H,,,0.5299594175220816,0.2563857722606827,0.21365481021723562,0.537867584376992,0.25327076611544924,0.20886164950755864,0.02721681189723313,0.4973544973544974,0.5026455026455027,0.497200447928301,0.502799552071699
E1,1819,2018-10-27,West Brom,Blackburn,1,1,D,,,0.5435034585903907,0.2569826135726304,0.19951392783697885,0.5524611423571358,0.2536944019082945,0.19384445573456965,0.028898112941533327,0.5171503957783641,0.48284960422163586,0.5181220029000937,0.4818779970999063
E1,1819,2018-11-02,Aston Villa,Bolton,2,0,H,fpl-team-2,,0.6593059936908517,0.21577287066246056,0.12492113564668769,0.6722147001872117,0.21100236087545135,0.11678293893733689,0.027134085772559047,0.5157894736842105,0.4842105263157894,0.5166370896208807,0.4833629103791193
E1,1819,2018-11-03,Blackburn,QPR,1,0,H,,,0.3981217313363557,0.2828446927106049,0.3190335759530392,0.40077965652286623,0.2807780020218569,0.3184423414552769,0.02770584134850651,0.47368421052631576,0.5263157894736842,0.47222222222641946,0.5277777777735805
E1,1819,2018-11-03,Brentford,Millwall,2,0,H,fpl-team-4,,0.5024929546932583,0.25948406676783003,0.23802297853891174,0.5091453310930095,0.25657204969404007,0.2342826192129503,0.0265701690223068,0.5471204188481674,0.4528795811518324,0.5497828912734765,0.45021710872652343
E1,1819,2018-11-03,Derby,Birmingham,3,1,H,,,0.4804114796331994,0.27753976975876915,0.24204875060803147,0.48658986664570175,0.27518372057642754,0.2382264127778707,0.02839641401078552,0.45669291338582685,0.5433070866141733,0.4541895718808615,0.5458104281191385
E1,1819,2018-11-03,Hull,West Brom,1,0,H,,,0.2854106398815233,0.2738622324874732,0.4407271276310034,0.2834411536295265,0.2714240128870703,0.4451348334834032,0.02771102823317051,0.5092348284960422,0.4907651715039578,0.5097498467882865,0.49025015321171345
E1,1819,2018-11-03,Ipswich,Preston,1,1,D,,,0.285080772885651,0.2929996832435857,0.4219195438707634,0.2831714567666663,0.29140123864163764,0.42542730459169603,0.026719991816207767,0.4464751958224543,0.5535248041775457,0.4434513957758167,0.5565486042241833
E1,1819,2018-11-03,Nott'm Forest,Sheffield United,1,0,H,fpl-team-18,,0.3150527700792251,0.2864981383499902,0.39844909157078473,0.31431076708527167,0.2846098327319813,0.401079400182747,0.027271016500890255,0.48548812664907653,0.5145118733509234,0.48467112597614054,0.5153288740238595
E1,1819,2018-11-03,Reading,Bristol City,3,2,H,,,0.2881869320640415,0.28472522717438337,0.42708784076157497,0.2863548568908023,0.28275404187849734,0.4308911012307004,0.027382190339267254,0.4894736842105264,0.5105263157894737,0.4889147544617743,0.5110852455382258
E1,1819,2018-11-03,Rotherham,Swansea,2,1,H,,,0.27842679127725856,0.29127725856697817,0.43029595015576316,0.27613550217001154,0.2895174724753036,0.43434702535468495,0.028213352663442492,0.46981627296587924,0.5301837270341206,0.468195143536739,0.5318048564632609
E1,1819,2018-11-03,Sheffield Weds,Norwich,0,4,A,,,0.3004029954815658,0.28506710682334774,0.41452989769508647,0.29909568239413886,0.28315681497868644,0.4177475026271747,0.02674146112985909,0.4789473684210527,0.5210526315789473,0.47779997779921773,0.5222000222007822
E1,1819,2018-11-03,Stoke,Middlesbrough,0,0,D,,,0.38132640549694674,0.3053063503817999,0.31336724412125333,0.3832179889406519,0.3042024136822486,0.3125795973770996,0.026599490083754063,0.41752577319587636,0.5824742268041238,0.41259696274363056,0.5874030372563693
E1,1819,2018-11-04,Wigan,Leeds,1,2,A,,fpl-team-13,0.2814526588845655,0.2814526588845655,0.43709468223086906,0.27936291971939,0.27936291971939,0.44127416056122004,0.027188000036403537,0.49340369393139843,0.5065963060686015,0.49303698752158454,0.5069630124784155
E1,1819,2018-11-09,Sheffield United,Sheffield Weds,0,0,D,,,0.634799491196358,0.22092789716810607,0.14427261163553592,0.6460524048077858,0.21666269060112997,0.1372849045910842,0.025433962931856513,0.5598958333333334,0.44010416666666663,0.5632998486409446,0.4367001513590554
E1,1819,2018-11-10,Birmingham,Hull,3,3,D,,,0.4773258331275787,0.28697232867790984,0.23570183819451157,0.48296549389767457,0.28514156918901135,0.23189293691331403,0.026456946274265647,0.4528795811518324,0.5471204188481674,0.45021710872652343,0.5497828912734765
E1,1819,2018-11-10,Blackburn,Rotherham,1,1,D,,,0.5516027534327494,0.25711564658653907,0.1912815999807115,0.5603581153480369,0.25402160372408944,0.18562028092787375,0.02718843217007816,0.4842105263157894,0.5157894736842105,0.4833629103791193,0.5166370896208807
E1,1819,2018-11-10,Bolton,Swansea,0,1,A,,,0.25628977398439223,0.2899914873829515,0.4537187386326562,0.25318046180241016,0.2882290955443975,0.45859044265319227,0.027327888179570436,0.43116883116883115,0.5688311688311688,0.42710568301330365,0.5728943169866965
E1,1819,2018-11-10,Bristol City,Preston,0,1,A,,,0.44941998962305957,0.27808685574916586,0.27249315462777457,0.454117691412088,0.27584983531237783,0.27003247327553415,0.027319563436321914,0.5,0.5,0.5,0.5
E1,1819,2018-11-10,Derby,Aston Villa,0,3,A,,fpl-team-2,0.45579171014797404,0.2763984714599959,0.26780981839203,0.4607707034798675,0.27408134780778615,0.2651479487123464,0.027452948270365596,0.5210526315789473,0.4789473684210527,0.5222000222007822,0.47779997779921773
E1,1819,2018-11-10,Middlesbrough,Wigan,2,0,H,,,0.5782164500275457,0.256290534606804,0.1654930153656501,0.5881339974099922,0.253106224181065,0.15875977840894284,0.027533093467354774,0.4363636363636364,0.5636363636363637,0.43279569893156794,0.567204301068432
E1,1819,2018-11-10,Norwich,Millwall,4,3,H,,,0.5075294620069752,0.26810172145566213,0.22436881653736263,0.5144690208525547,0.26548599967254954,0.22004497947489557,0.026933578425087035,0.47368421052631576,0.5263157894736842,0.47222222222641946,0.5277777777735805
E1,1819,2018-11-10,Nott'm Forest,Stoke,0,0,D,fpl-team-18,,0.3736509314200657,0.2956614846750676,0.3306875839048665,0.37525322104448855,0.2941667623077966,0.3305800166477149,0.026837285608053207,0.450261780104712,0.549738219895288,0.44739756368406325,0.5526024363159369
E1,1819,2018-11-10,QPR,Brentford,3,2,H,,fpl-team-4,0.3215611533977647,0.2781834024995325,0.40025544410270286,0.32108315290474293,0.27597472803071815,0.40294211906453886,0.0271086897701025,0.5210526315789473,0.4789473684210527,0.5222000222007822,0.47779997779921773
E1,1819,2018-11-10,Reading,Ipswich,2,2,D,,,0.42215370204129427,0.296826821747785,0.28101947621092077,0.425632577319306,0.29539431868654986,0.27897310399414416,0.02642774279229343,0.46052631578947373,0.5394736842105263,0.45818815331659807,0.541811846683402
E1,1819,2018-11-10,West Brom,Leeds,4,1,H,,fpl-team-13,0.3628088113916646,0.2771309288181228,0.3600602597902126,0.36394183631865945,0.2749710545200443,0.36108710916129627,0.026018544333055615,0.5471204188481674,0.4528795811518324,0.5497828912734765,0.45021710872652343
E1,1819,2018-11-23,Ipswich,West Brom,1,2,A,,,0.21916146682659263,0.27490195549925206,0.5059365776741553,0.21482697444309531,0.2726539252811423,0.5125191002757624,0.025773648754693568,0.4710526315789474,0.5289473684210526,0.4694266099690281,0.5305733900309719
E1,1819,2018-11-24,Brentford,Middlesbrough,1,2,A,fpl-team-4,,0.38582353225884514,0.29567784715163836,0.3184986205895165,0.3879084367480822,0.29418437751935606,0.3179071857325617,0.026810984360054135,0.4450261780104712,0.5549738219895288,0.44173140953637374,0.5582685904636263
E1,1819,2018-11-24,Hull,Nott'm Forest,0,2,A,,fpl-team-18,0.3736829399031872,0.2991828601123618,0.327134199984451,0.37540686307378485,0.2977261047331944,0.32686703219302077,0.02887475909665227,0.4514435695538058,0.5485564304461943,0.44853677534952663,0.5514632246504734
E1,1819,2018-11-24,Leeds,Bristol City,2,0,H,fpl-team-13,,0.5424608757361089,0.2538252760797301,0.2037138481841611,0.5507564326573566,0.2506460041194423,0.1985975632232011,0.02685673558153212,0.5342105263157895,0.4657894736842106,0.5361804569814632,0.4638195430185368
E1,1819,2018-11-24,Millwall,Bolton,1,1,D,,,0.6001547220564888,0.245659186748511,0.15418609119500037,0.6109692692582952,0.24202915856532176,0.14700157217638302,0.027604981791228056,0.4631578947368421,0.536842105263158,0.46100713011761374,0.5389928698823863
E1,1819,2018-11-24,Preston,Blackburn,4,1,H,,,0.44211087014419964,0.286306738195792,0.27158239166000836,0.44631171082095067,0.28448764059476483,0.2692006485842845,0.02605569362640381,0.46194225721784776,0.5380577427821522,0.4598115299356801,0.5401884700643199
E1,1819,2018-11-24,Rotherham,Sheffield United,2,2,D,,,0.19369877848443967,0.25879426961445623,0.5475069519011041,0.18795610898961485,0.25567112821561516,0.5563727627947699,0.02806618786416948,0.5013192612137204,0.4986807387862796,0.5013923698131533,0.49860763018684684
E1,1819,2018-11-24,Sheffield Weds,Derby,1,2,A,,,0.2699868938401048,0.2699868938401048,0.46002621231979024,0.2673907782569481,0.2673907782569481,0.46521844348610386,0.027675905032083392,0.5394736842105263,0.46052631578947373,0.541811846683402,0.45818815331659807
E1,1819,2018-11-24,Stoke,QPR,2,2,D,,,0.48144748543692784,0.28143962798538513,0.23711288657768698,0.48742172622851626,0.2793322150474039,0.23324605872407986,0.027255838154815137,0.4593175853018373,0.5406824146981627,0.45700416089548346,0.5429958391045165
E1,1819,2018-11-24,Swansea,Norwich,1,4,A,,,0.3736509314200657,0.2956614846750676,0.3306875839048665,0.37525322104448855,0.2941667623077966,0.3305800166477149,0.026837285608053207,0.4671916010498688,0.5328083989501312,0.46540654231752615,0.5345934576824739
E1,1819,2018-11-24,Wigan,Reading,0,0,D,,,0.5148606831837351,0.2668573681853726,0.21828194863089231,0.5223503210956302,0.26409306454147713,0.21355661436289258,0.02791870862711221,0.5250659630606861,0.47493403693931396,0.5265214963685101,0.47347850363148986
E1,1819,2018-11-25,Aston Villa,Birmingham,4,2,H,fpl-team-2,,0.518514732986261,0.2672906933422135,0.2141945736715255,0.5259221985870374,0.26462611681959647,0.20945168459336605,0.027061637956649065,0.4802110817941952,0.5197889182058046,0.47908183187353065,0.5209181681264694
E1,1819,2018-11-27,Brentford,Sheffield United,2,3,A,fpl-team-4,,0.38199548445981646,0.2830859393764712,0.3349185761637124,0.3838465450170386,0.2811783852530404,0.3349750697299211,0.025680574821308255,0.5471204188481674,0.4528795811518324,0.5497828912734765,0.45021710872652343
E1,1819,2018-11-27,Hull,Norwich,0,0,D,,,0.27640046458310485,0.27720629684136455,0.44639323857553076,0.274214666278765,0.27505109983772297,0.450734233883512,0.025903243804350495,0.503957783641161,0.4960422163588391,0.5041773420969614,0.49582265790303864
E1,1819,2018-11-27,Leeds,Reading,1,0,H,fpl-team-13,,0.6874882956366133,0.1976528849955263,0.11485881936786031,0.7017103836459162,0.19206958567856877,0.10622003067551503,0.02762591908685863,0.5798969072164949,0.42010309278350516,0.5845262440221842,0.4154737559778157
E1,1819,2018-11-27,Preston,Middlesbrough,1,1,D,,,0.3259387880951608,0.30800688065950477,0.36605433124533443,0.3256599456864299,0.3070560052017494,0.3672840491118207,0.02535670215729624,0.41538461538461535,0.5846153846153845,0.4106562703135704,0.5893437296864297
E1,1819,2018-11-27,Rotherham,QPR,2,2,D,,,0.3206861626018874,0.290284722110577,0.3890291152875356,0.32018183380558385,0.28858160462999366,0.3912365615644226,0.026754423859529197,0.47493403693931396,0.5250659630606861,0.47347850363148986,0.5265214963685101
E1,1819,2018-11-27,Sheffield Weds,Bolton,1,0,H,,,0.4960751105324452,0.27768635924848234,0.22623853021907236,0.5021087835485554,0.2756074533528083,0.22228376309863634,0.025037337094545364,0.45669291338582685,0.5433070866141733,0.4541895718808615,0.5458104281191385
E1,1819,2018-11-28,Aston Villa,Nott'm Forest,5,5,D,fpl-team-2,fpl-team-18,0.5000256976923473,0.2753764711928869,0.2245978311147659,0.5065334988659819,0.2730959047686037,0.22037059636541445,0.026385442819446325,0.4907651715039578,0.5092348284960422,0.49025015321171345,0.5097498467882865
E1,1819,2018-11-28,Ipswich,Bristol City,2,3,A,,,0.29528970404335136,0.2943726552730304,0.41033764068361817,0.29373887585942715,0.29278473205818695,0.4134763920823859,0.027514389716088772,0.4464751958224543,0.5535248041775457,0.4434513957758167,0.5565486042241833
E1,1819,2018-11-28,Millwall,Birmingham,0,2,A,,,0.4373941333046541,0.28588712929852395,0.27671873739682196,0.4415305289894358,0.28399927105861994,0.27447019995194427,0.0268264792393893,0.4578947368421053,0.5421052631578948,0.45536212476552757,0.5446378752344725
E1,1819,2018-11-28,Stoke,Derby,2,1,H,,,0.39662694510557855,0.2925735798772632,0.3107994750171583,0.399202888792847,0.29091699737323,0.30988011383392305,0.027475616429001093,0.4684210526315789,0.531578947368421,0.4666258760707563,0.5333741239292438
E1,1819,2018-11-28,Swansea,West Brom,1,2,A,,,0.3508013453891385,0.2863468813266763,0.36285177328418516,0.351470355094525,0.28454469051377784,0.3639849543916971,0.0259524779394269,0.5052910052910053,0.4947089947089948,0.5055995744330538,0.49440042556694624
E1,1819,2018-11-28,Wigan,Blackburn,3,1,H,,,0.39747016496665905,0.29410331091960223,0.3084265241137387,0.399975383480962,0.29257263551151586,0.30745198100752225,0.026355544803664088,0.45669291338582685,0.5433070866141733,0.4541895718808615,0.5458104281191385
E1,1819,2018-12-01,Birmingham,Preston,3,0,H,,,0.40171459646204544,0.29442436262435623,0.30386104091359845,0.40449202902337267,0.2928452806877844,0.30266269028884285,0.027417371282353997,0.4464751958224543,0.5535248041775457,0.4434513957758167,0.5565486042241833
E1,1819,2018-12-01,Blackburn,Sheffield Weds,4,2,H,,,0.4884314392650562,0.272286492004083,0.23928206873086086,0.494802092992127,0.269767287632664,0.23543061937520895,0.027761687873862684,0.5157894736842105,0.4842105263157894,0.5166370896208807,0.4833629103791193
E1,1819,2018-12-01,Bolton,Wigan,1,1,D,,,0.29681528662420387,0.29681528662420387,0.4063694267515924,0.2952959382742054,0.2952959382742054,0.40940812345158917,0.02809206466190517,0.4363636363636364,0.5636363636363637,0.43279569893156794,0.567204301068432
E1,1819,2018-12-01,Derby,Swansea,2,1,H,,,0.49212478726266906,0.2745089131262865,0.2333662996110445,0.4983561414734317,0.2721867897280723,0.229457068798496,0.026512657292187214,0.5065963060686015,0.49340369393139843,0.5069630124784155,0.49303698752158454
E1,1819,2018-12-01,Middlesbrough,Aston Villa,0,3,A,,fpl-team-2,0.44301671926818376,0.2899253147504322,0.26705796598138404,0.4474742310766781,0.2881560214094389,0.26436974751388304,0.027438692864961922,0.450261780104712,0.549738219895288,0.44739756368406325,0.5526024363159369
E1,1819,2018-12-01,Norwich,Rotherham,3,1,H,,,0.6718710444447361,0.2072950049599733,0.12083395059529056,0.6858509328032241,0.201958838999134,0.11219022819764203,0.0283709317445755,0.5613577023498694,0.4386422976501305,0.5650609080815892,0.43493909191841096
E1,1819,2018-12-01,Nott'm Forest,Ipswich,2,0,H,fpl-team-18,,0.5779096143779445,0.2575466759727796,0.16454370964927587,0.5879148590021975,0.25437931703436034,0.15770582396344224,0.027820211369544268,0.4464751958224543,0.5535248041775457,0.4434513957758167,0.5565486042241833
E1,1819,2018-12-01,QPR,Hull,2,3,A,,,0.49957187382265306,0.2791725177244238,0.22125560845292327,0.5061781766940374,0.27699909397231776,0.21682272933364485,0.026868976652622223,0.47368421052631576,0.5263157894736842,0.47222222222641946,0.5277777777735805
E1,1819,2018-12-01,Reading,Stoke,2,2,D,,,0.2529771059454234,0.27738717757173614,0.4696357164828404,0.24975693617223016,0.27513329903046996,0.4751097647972998,0.027121771592646837,0.47757255936675463,0.5224274406332454,0.4762821585986352,0.5237178414013648
E1,1819,2018-12-01,Sheffield United,Leeds,0,1,A,,fpl-team-13,0.41281222913875976,0.2809077298873217,0.3062800409739185,0.41594885735052994,0.27884253596730396,0.3052086066821661,0.026633112458512187,0.5013192612137204,0.4986807387862796,0.5013923698131533,0.49860763018684684
E1,1819,2018-12-02,Bristol City,Millwall,1,1,D,,,0.46999981779421673,0.28340287520725904,0.24659730699852409,0.47540604484659316,0.2814174513805305,0.24317650377287628,0.02671371109317988,0.4617414248021108,0.5382585751978891,0.459383753504971,0.540616246495029
E1,1819,2018-12-03,West Brom,Brentford,1,1,D,,fpl-team-4,0.4896785266966648,0.2596372408034513,0.2506842324998841,0.49641889174078574,0.25645650697128486,0.24712460128792937,0.02915240661241114,0.5839793281653746,0.4160206718346253,0.589320068155592,0.410679931844408
E1,1819,2018-12-07,West Brom,Aston Villa,2,2,D,,fpl-team-2,0.41992147942729835,0.26583264523969025,0.31424587533301135,0.42336963270600997,0.26315251543117907,0.31347785186281096,0.02688804315403104,0.5979643765903307,0.4020356234096692,0.6036897387398802,0.39631026126011987
E1,1819,2018-12-08,Birmingham,Bristol City,0,1,A,,,0.43029595015576316,0.29127725856697817,0.27842679127725856,0.43434702535468495,0.2895174724753036,0.27613550217001154,0.028213352663442492,0.43264248704663216,0.5673575129533679,0.4289093046652558,0.5710906953347442
E1,1819,2018-12-08,Brentford,Swansea,2,3,A,fpl-team-4,,0.456176559825298,0.27502818679322316,0.2687952533814787,0.46109099888209953,0.2726940730653857,0.26621492805251473,0.027006519958376884,0.556135770234987,0.44386422976501305,0.5593758630222184,0.4406241369777816
E1,1819,2018-12-08,Leeds,QPR,2,1,H,fpl-team-13,,0.5587056702063715,0.2539571228210779,0.18733720697255057,0.5675546429789818,0.25080295377394507,0.181642403247073,0.026614317437633872,0.5236842105263159,0.47631578947368425,0.5249868125159045,0.4750131874840955
E1,1819,2018-12-08,Middlesbrough,Blackburn,1,1,D,,,0.5523628955332855,0.2683797119540257,0.17925739251268888,0.5609116716161204,0.2657966696341592,0.17329165874972036,0.02647010050714016,0.43376623376623374,0.5662337662337663,0.42995660057145807,0.5700433994285419
E1,1819,2018-12-08,Millwall,Hull,2,2,D,,,0.4348229257625049,0.2863788453662419,0.2787982288712532,0.43895884441998106,0.28446375825195036,0.2765773973280686,0.02751078549772501,0.47757255936675463,0.5224274406332454,0.4762821585986352,0.5237178414013648
E1,1819,2018-12-08,Norwich,Bolton,3,2,H,,,0.701527356561595,0.2019321815262587,0.0965404619121461,0.716805576387776,0.1962601910080594,0.08693423260416468,0.02876745560206473,0.5092348284960422,0.4907651715039578,0.5097498467882865,0.49025015321171345
E1,1819,2018-12-08,Nott'm Forest,Preston,0,1,A,fpl-team-18,,0.4786462472007513,0.2739073900166149,0.24744636278263377,0.48459504416653504,0.27146604682219483,0.2439389090112701,0.027658943319693208,0.4907651715039578,0.5092348284960422,0.49025015321171345,0.5097498467882865
E1,1819,2018-12-08,Reading,Sheffield United,0,2,A,,,0.20709237398575056,0.2570414831584655,0.5358661428557839,0.20202508551228868,0.2539391689467716,0.5440357455409398,0.02730918931774795,0.531578947368421,0.4684210526315789,0.5333741239292438,0.4666258760707563
E1,1819,2018-12-08,Sheffield Weds,Rotherham,2,2,D,,,0.44714433428623557,0.2804573931026093,0.272398272611155,0.45178042351917574,0.2783015660737108,0.2699180104071134,0.027502134907990694,0.5145118733509234,0.48548812664907653,0.5153288740238595,0.48467112597614054
E1,1819,2018-12-08,Stoke,Ipswich,2,0,H,,,0.6442202018183634,0.23498851034069335,0.12079128784094315,0.6571311043066677,0.23075725736054828,0.11211163833278409,0.028510728385299444,0.4528795811518324,0.5471204188481674,0.45021710872652343,0.5497828912734765
E1,1819,2018-12-08,Wigan,Derby,0,1,A,,,0.3041893776143998,0.28672835593864876,0.4090822664469515,0.30302729603016265,0.2848765898012259,0.4120961141686115,0.02685135486535728,0.4921052631578948,0.5078947368421052,0.4916876783688407,0.5083123216311592
E1,1819,2018-12-14,Sheffield United,West Brom,1,2,A,,,0.42853724615420236,0.2741650393263197,0.2972977145194779,0.4321499049694772,0.27192369972280606,0.29592639530771686,0.025596366147510707,0.5184210526315789,0.48157894736842105,0.5194169371160577,0.4805830628839423
E1,1819,2018-12-15,Aston Villa,Stoke,2,2,D,fpl-team-2,,0.47173029759508034,0.2663421062264358,0.2619275961784838,0.4773439906926277,0.2636234690114292,0.259032540295943,0.02739386400207877,0.5433070866141733,0.45669291338582685,0.5458104281191385,0.4541895718808615
E1,1819,2018-12-15,Blackburn,Birmingham,2,2,D,,,0.3998822072911283,0.29341202206810346,0.30670577064076837,0.40260272174627226,0.291781810646545,0.30561546760718267,0.02759807964321226,0.4450261780104712,0.5549738219895288,0.44173140953637374,0.5582685904636263
E1,1819,2018-12-15,Bolton,Leeds,0,1,A,,fpl-team-13,0.17696087435709038,0.2584496693607642,0.5645894562821455,0.17070873228158315,0.2553800948596699,0.5739111728587469,0.027362380176782608,0.4750656167979003,0.5249343832020998,0.4737569060807899,0.5262430939192101
E1,1819,2018-12-15,Bristol City,Norwich,2,2,D,,,0.34130719273005117,0.2937566550432019,0.36493615222674697,0.3416232975599202,0.29217932064334956,0.3661973817967303,0.026969499420374632,0.47631578947368425,0.5236842105263159,0.4750131874840955,0.5249868125159045
E1,1819,2018-12-15,Hull,Brentford,2,0,H,,fpl-team-4,0.35226582945075796,0.27466524093406924,0.37306892961517274,0.35303624918489734,0.27227035358630974,0.3746933972287929,0.027667254442349076,0.5523560209424083,0.4476439790575916,0.5554308361827337,0.44456916381726636
E1,1819,2018-12-15,Ipswich,Wigan,1,0,H,,,0.30508658487085616,0.3012124695074167,0.3937009456217272,0.303956804672937,0.2999286912435528,0.3961145040835102,0.02698360080830753,0.43005181347150256,0.5699481865284974,0.42606790800423666,0.5739320919957633
E1,1819,2018-12-15,Preston,Millwall,3,2,H,,,0.4409596568824554,0.28816512531832195,0.27087521779922263,0.44533288670547716,0.2863259344022596,0.2683411788922632,0.02743246639147401,0.4684210526315789,0.531578947368421,0.4666258760707563,0.5333741239292438
E1,1819,2018-12-15,QPR,Middlesbrough,2,1,H,,,0.3181856904672079,0.30101376431500937,0.3808005452177829,0.3175710207207888,0.29970717454346,0.38272180473575124,0.027327323332428932,0.427461139896373,0.5725388601036269,0.4232140408465464,0.5767859591534537
E1,1819,2018-12-15,Rotherham,Reading,1,1,D,,,0.46491753790148943,0.2671638809349404,0.2679185811635702,0.47022704969252127,0.2644941089184793,0.2652788413889993,0.02724570780992508,0.536842105263158,0.4631578947368421,0.5389928698823863,0.46100713011761374
E1,1819,2018-12-15,Swansea,Sheffield Weds,2,1,H,,,0.5580466281080436,0.24834535805855343,0.19360801383340287,0.5670766791019058,0.2448981028864667,0.1880252180116275,0.027237241622060537,0.5289473684210526,0.4710526315789474,0.5305733900309719,0.4694266099690281
E1,1819,2018-12-17,Derby,Nott'm Forest,0,0,D,,fpl-team-18,0.47319832361302433,0.2696286744233757,0.25717300196360016,0.47907543773970607,0.26694775068455723,0.25397681157573665,0.028393273591063917,0.5145118733509234,0.48548812664907653,0.5153288740238595,0.48467112597614054
E1,1819,2018-12-22,Blackburn,Norwich,0,1,A,,,0.3183093651350404,0.2884075762890214,0.3932830585759383,0.3177415302002583,0.28672134888714373,0.3955371209125981,0.025363293243572116,0.4973684210526315,0.5026315789473684,0.4972298401618182,0.5027701598381817
E1,1819,2018-12-22,Brentford,Bolton,1,0,H,fpl-team-4,,0.6301376070913083,0.22547577884072878,0.14438661406796288,0.6413821938233941,0.22131613104210093,0.13730167513450484,0.025818560970947146,0.5236842105263159,0.47631578947368425,0.5249868125159045,0.4750131874840955
E1,1819,2018-12-22,Derby,Bristol City,1,1,D,,,0.46795613277303544,0.2793973380968417,0.2526465291301228,0.47322129282709113,0.2772806983221264,0.24949800885078244,0.026403216877952218,0.4921052631578948,0.5078947368421052,0.4916876783688407,0.5083123216311592
E1,1819,2018-12-22,Hull,Swansea,3,2,H,,,0.3619566137267624,0.2893452565657705,0.348698129707467,0.36302619310824075,0.2877030024398642,0.3492708044518951,0.025247007608413696,0.48684210526315796,0.513157894736842,0.48613998614008774,0.5138600138599122
E1,1819,2018-12-22,Ipswich,Sheffield United,1,1,D,,,0.19691535939803304,0.2717431959692856,0.5313414446326813,0.19173843381442754,0.269358773414915,0.5389027927706576,0.025846772361546755,0.46981627296587924,0.5301837270341206,0.468195143536739,0.5318048564632609
E1,1819,2018-12-22,Nott'm Forest,QPR,0,1,A,fpl-team-18,,0.46201617774896503,0.28075319355836814,0.257230628692667,0.466860108457349,0.27876842301098886,0.25437146853166215,0.025396917015314102,0.48031496062992135,0.5196850393700787,0.4793012088058304,0.5206987911941695
E1,1819,2018-12-22,Reading,Middlesbrough,0,1,A,,,0.21075580424810195,0.2852144416770721,0.5040297540748259,0.20625152016484657,0.2834124557074499,0.5103360241277036,0.02496887813322246,0.43896103896103894,0.5610389610389611,0.4356234933220219,0.5643765066779782
E1,1819,2018-12-22,Rotherham,West Brom,0,4,A,,,0.21575747367329948,0.25855718991827464,0.5256853364084259,0.21132069299975434,0.25570708090386757,0.5329722260963782,0.025609341682866216,0.5380577427821522,0.46194225721784776,0.5401884700643199,0.4598115299356801
E1,1819,2018-12-22,Sheffield Weds,Preston,1,0,H,,,0.3030144065142499,0.28149859066708427,0.41548700281866585,0.3018638859395932,0.2795398924503722,0.4185962216100346,0.025526927085593343,0.5026315789473684,0.4973684210526315,0.5027701598381817,0.4972298401618182
E1,1819,2018-12-22,Stoke,Millwall,1,0,H,,,0.5344777605525518,0.26136549829218186,0.20415674115526655,0.5421170070316547,0.25860721896806677,0.1992757740002786,0.02569251973181963,0.4921052631578948,0.5078947368421052,0.4916876783688407,0.5083123216311592
E1,1819,2018-12-22,Wigan,Birmingham,0,3,A,,,0.38948061753980107,0.2979099394348322,0.3126094430253667,0.3916560921195253,0.2965388938712462,0.31180501400922844,0.026142313610762358,0.44155844155844154,0.5584415584415584,0.4384404924803881,0.5615595075196119
E1,1819,2018-12-23,Aston Villa,Leeds,2,3,A,fpl-team-2,fpl-team-13,0.3957300800609989,0.27449485322150213,0.32977506671749907,0.3981760500669609,0.2721942121566789,0.32962973777636023,0.026471296092495322,0.5471204188481674,0.4528795811518324,0.5497828912734765,0.45021710872652343
E1,1819,2018-12-26,Birmingham,Stoke,2,0,H,,,0.34157059696381703,0.30144960620933686,0.3569797968268463,0.34189322306166253,0.3001974535147671,0.3579093234235704,0.026560380239970982,0.4516971279373368,0.5483028720626633,0.4490778970539186,0.5509221029460813
E1,1819,2018-12-26,Bolton,Rotherham,2,1,H,,,0.3761131674423718,0.30476050866713084,0.3191263238904973,0.37785805373960657,0.3035962867313668,0.3185456595290266,0.02754173520952463,0.41645244215938304,0.583547557840617,0.4116223418841733,0.5883776581158268
E1,1819,2018-12-26,Bristol City,Brentford,1,1,D,,fpl-team-4,0.40924738653949405,0.278432239522471,0.3123203739380349,0.4122437178514269,0.27627005101788,0.3114862311306931,0.026640048250555992,0.5196850393700787,0.48031496062992135,0.5206987911941695,0.4793012088058304
E1,1819,2018-12-26,Leeds,Blackburn,3,2,H,fpl-team-13,,0.6005179075718495,0.24081682587906658,0.158665266549084,0.6112240110600708,0.2370429998083608,0.15173298913156844,0.02726867259480059,0.5223097112860893,0.47769028871391084,0.5234689933193785,0.47653100668062165
E1,1819,2018-12-26,Middlesbrough,Sheffield Weds,0,1,A,,,0.6071331859561708,0.24347757585902996,0.14938923818479916,0.6184807419639626,0.23966639025164868,0.14185286778438874,0.028265155386179686,0.46981627296587924,0.5301837270341206,0.468195143536739,0.5318048564632609
E1,1819,2018-12-26,Millwall,Reading,1,0,H,,,0.5519960031195165,0.2446992591148372,0.2033047377656463,0.5606488635996714,0.24116950315689256,0.19818163324343605,0.026797314640134573,0.5157894736842105,0.4842105263157894,0.5166370896208807,0.4833629103791193
E1,1819,2018-12-26,Norwich,Nott'm Forest,3,3,D,,fpl-team-18,0.4995971989837021,0.2727685856520212,0.22763421536427675,0.506198972129219,0.270347372526076,0.2234536553447051,0.026838104473426938,0.48818897637795283,0.5118110236220472,0.4875930521098033,0.5124069478901967
E1,1819,2018-12-26,Preston,Hull,1,2,A,,,0.44134505158578524,0.28754298815437523,0.2711119602598395,0.44566099082675087,0.2857097430690979,0.2686292661041512,0.02697074692696333,0.47631578947368425,0.5236842105263159,0.4750131874840955,0.5249868125159045
E1,1819,2018-12-26,QPR,Ipswich,3,0,H,,,0.5427509293680298,0.2713754646840149,0.1858736059479554,0.5509669297991148,0.26890166480354805,0.18013140539733719,0.026591622503474355,0.4645669291338583,0.5354330708661418,0.46261216351077283,0.5373878364892272
E1,1819,2018-12-26,Sheffield United,Derby,3,1,H,,,0.4456686511479471,0.27837953869358567,0.27595181015846726,0.45012284567557914,0.27620003097597967,0.27367712334844113,0.02676042029634118,0.5289473684210526,0.4710526315789474,0.5305733900309719,0.4694266099690281
E1,1819,2018-12-26,Swansea,Aston Villa,0,1,A,,fpl-team-2,0.3592361330839445,0.27174309207496083,0.36902077484109475,0.36027562990434053,0.2692686426939107,0.37045572740174876,0.02722944412380457,0.588235294117647,0.411764705882353,0.5931677018775194,0.4068322981224806
E1,1819,2018-12-26,West Brom,Wigan,2,0,H,,,0.6089607515469039,0.22781265525495686,0.1632265931981392,0.6197479771137208,0.22363047024552885,0.15662155264075034,0.026614146307110786,0.549738219895288,0.450261780104712,0.5526024363159369,0.44739756368406325
E1,1819,2018-12-29,Birmingham,Brentford,0,0,D,,fpl-team-4,0.4113163780962638,0.2870516112998095,0.3016320106039268,0.4143514549602532,0.2852524208884087,0.30039612415133804,0.026258123572915792,0.48684210526315796,0.513157894736842,0.48613998614008774,0.5138600138599122
E1,1819,2018-12-29,Bolton,Stoke,0,0,D,,,0.2009688731426919,0.2906980947904993,0.5083330320668089,0.1958945320088792,0.28901974601386043,0.5150857219772604,0.026113952044397593,0.42010309278350516,0.5798969072164949,0.4154737559778157,0.5845262440221842
E1,1819,2018-12-29,Bristol City,Rotherham,1,0,H,,,0.5885634440365314,0.24805946201539678,0.16337709394807168,0.5990459956578391,0.24449095115360142,0.1564630531885594,0.02794144069775939,0.48157894736842105,0.5184210526315789,0.4805830628839423,0.5194169371160577
E1,1819,2018-12-29,Leeds,Hull,0,2,A,fpl-team-13,,0.6115249851227589,0.23231954091673437,0.15615547396050677,0.6228917030908008,0.22812266895575994,0.14898562795343936,0.02783414488658309,0.5223097112860893,0.47769028871391084,0.5234689933193785,0.47653100668062165
E1,1819,2018-12-29,Middlesbrough,Ipswich,2,0,H,,,0.6526335235033204,0.23024783675907895,0.11711863973760081,0.6660737874516524,0.22574830791769032,0.1081779046306573,0.02894438151270151,0.4464751958224543,0.5535248041775457,0.4434513957758167,0.5565486042241833
E1,1819,2018-12-29,Millwall,Nott'm Forest,1,0,H,,fpl-team-18,0.3664934442281986,0.29570654845826616,0.3378000073135354,0.3678068178261074,0.2942183897458475,0.3379747924280451,0.026755858911201358,0.4645669291338583,0.5354330708661418,0.46261216351077283,0.5373878364892272
E1,1819,2018-12-29,Norwich,Derby,3,4,A,,,0.434578247122216,0.27302033969061407,0.29240141318717,0.43874808074895894,0.2705404474956887,0.29071147175535234,0.02780910232104361,0.5433070866141733,0.45669291338582685,0.5458104281191385,0.4541895718808615
E1,1819,2018-12-29,Preston,Aston Villa,1,1,D,,fpl-team-2,0.33186080201219414,0.2743126860563223,0.39382651193148344,0.33179636892204756,0.2719750785941058,0.39622855248384664,0.02682098699733615,0.5509138381201044,0.44908616187989553,0.5537308497832173,0.44626915021678265
E1,1819,2018-12-29,QPR,Reading,0,0,D,,,0.5783387178717085,0.23891070461199046,0.18275057751630097,0.5882269337794611,0.23506135444736428,0.1767117117731746,0.027391393901780248,0.5263157894736842,0.47368421052631576,0.5277777777735805,0.47222222222641946
E1,1819,2018-12-29,Sheffield United,Blackburn,3,0,H,,,0.5844170809600633,0.2409047509301024,0.17467816810983441,0.5949035500995231,0.23699322834130016,0.16810322155917673,0.028386889724060893,0.5210526315789473,0.4789473684210527,0.5222000222007822,0.47779997779921773
E1,1819,2018-12-29,Swansea,Wigan,2,2,D,,,0.5082211753772178,0.27076170881920153,0.22101711580358077,0.5150035047941939,0.26831664601656,0.21667984918924624,0.026213281555101275,0.47769028871391084,0.5223097112860893,0.47653100668062165,0.5234689933193785
E1,1819,2018-12-29,West Brom,Sheffield Weds,1,1,D,,,0.6421632124352332,0.21405440414507773,0.14378238341968913,0.6541450837526087,0.20935426821497116,0.13650064803242,0.02646875218488276,0.5933503836317136,0.4066496163682865,0.5989481674355508,0.4010518325644492
E1,1819,2019-01-01,Aston Villa,QPR,2,2,D,fpl-team-2,,0.520324776511113,0.2587484622324285,0.22092676125645866,0.5273014660560877,0.2559514270688601,0.2167471068750523,0.02520973375067115,0.5456919060052219,0.4543080939947781,0.5481218720770542,0.4518781279229459
E1,1819,2019-01-01,Blackburn,West Brom,2,1,H,,,0.31252556398074444,0.2761853821225183,0.4112890538967372,0.3117097070610734,0.27396379300676327,0.4143264999321633,0.026295061339624226,0.5342105263157895,0.4657894736842106,0.5361804569814632,0.4638195430185368
E1,1819,2019-01-01,Brentford,Norwich,1,1,D,fpl-team-4,,0.3827472235848526,0.28419554326060914,0.33305723315453833,0.38470538592314474,0.2822523605164523,0.333042253560403,0.02676439587958157,0.5418848167539266,0.4581151832460733,0.544168391996252,0.45583160800374806
E1,1819,2019-01-01,Derby,Middlesbrough,1,1,D,,,0.4092788240698209,0.2976573265962334,0.2930638493339458,0.41227247729952365,0.2962503781970263,0.29147714450345,0.026597554562613368,0.4464751958224543,0.5535248041775457,0.4434513957758167,0.5565486042241833
E1,1819,2019-01-01,Hull,Bolton,6,0,H,,,0.5724891549063752,0.2625226511449124,0.16498819394871228,0.5817714750514447,0.2597134758709054,0.15851504907765004,0.026364906458184123,0.4363636363636364,0.5636363636363637,0.43279569893156794,0.567204301068432
E1,1819,2019-01-01,Ipswich,Millwall,2,3,A,,,0.28745225521292095,0.30593793078931464,0.40660981399776436,0.2857184813175724,0.30489899032207385,0.40938252836035366,0.025521577335894108,0.3949367088607595,0.6050632911392405,0.3886922004051118,0.6113077995948881
E1,1819,2019-01-01,Nott'm Forest,Leeds,4,2,H,fpl-team-18,fpl-team-13,0.3126176423672037,0.28974318073057903,0.39763917690221723,0.3118127085174708,0.28805752948692975,0.4001297619955995,0.026132168481126428,0.4921052631578948,0.5078947368421052,0.4916876783688407,0.5083123216311592
E1,1819,2019-01-01,Reading,Swansea,1,4,A,,,0.2973651340286616,0.2865845249400092,0.4160503410313292,0.29591810876909364,0.28470781813738294,0.4193740730935234,0.02711959439329803,0.5026315789473684,0.4973684210526315,0.5027701598381817,0.4972298401618182
E1,1819,2019-01-01,Rotherham,Preston,2,1,H,,,0.3051356874219788,0.28932072801291275,0.40554358456510853,0.30400940284448225,0.2875683358460007,0.408422261309517,0.026904457714408636,0.47631578947368425,0.5236842105263159,0.4750131874840955,0.5249868125159045
E1,1819,2019-01-01,Sheffield Weds,Birmingham,1,1,D,,,0.3339761398921393,0.30400392220951133,0.3620199378983494,0.3340005430603131,0.3028262620368076,0.3631731949028793,0.027156788622960448,0.43005181347150256,0.5699481865284974,0.42606790800423666,0.5739320919957633
E1,1819,2019-01-01,Stoke,Bristol City,0,2,A,,,0.46782879456879617,0.28866032005308695,0.243510885378117,0.47311643372299644,0.28689182343898606,0.23999174283801744,0.026550251757726073,0.44270833333333337,0.5572916666666667,0.4395272127486084,0.5604727872513917
E1,1819,2019-01-01,Wigan,Sheffield United,0,3,A,,,0.2736552060101844,0.2826141562069464,0.44373063778286914,0.27130598478841,0.28061402982208566,0.4480799853895044,0.02658704959321767,0.49473684210526314,0.5052631578947367,0.4944592198579216,0.5055407801420785
E1,1819,2019-01-11,Leeds,Derby,2,0,H,fpl-team-13,,0.4717404847799945,0.27071471001579234,0.2575448052042132,0.4768209257528379,0.2684129824057728,0.25476609184138926,0.02476000413298607,0.544502617801047,0.4554973821989528,0.5469717064457948,0.45302829355420515
E1,1819,2019-01-12,Birmingham,Middlesbrough,1,2,A,,,0.35207594067339293,0.318994979804752,0.32892907952185496,0.35279733860610824,0.31844341314770597,0.32875924824618585,0.02598212519660592,0.36519607843137253,0.6348039215686274,0.35747972326061345,0.6425202767393866
E1,1819,2019-01-12,Brentford,Stoke,3,1,H,fpl-team-4,,0.40728938063282055,0.2875709869316581,0.3051396324355215,0.4102369936096092,0.28574955067992847,0.30401345571046245,0.026898604352027178,0.4789473684210527,0.5210526315789473,0.47779997779921773,0.5222000222007822
E1,1819,2019-01-12,Bristol City,Bolton,2,1,H,,,0.6006003011477519,0.2497232831088021,0.14967641574344606,0.6112769738552809,0.24630098680576498,0.142422039338954,0.027217001421377063,0.44791666666666663,0.5520833333333334,0.4451513821865228,0.5548486178134774
E1,1819,2019-01-12,Hull,Sheffield Weds,3,0,H,,,0.4658469945355191,0.2786885245901639,0.25546448087431695,0.47098894826251925,0.2765621141685476,0.2524489375689331,0.02619129663798958,0.47631578947368425,0.5236842105263159,0.4750131874840955,0.5249868125159045
E1,1819,2019-01-12,Ipswich,Rotherham,1,0,H,,,0.4010888208818017,0.29521133710865527,0.30369984200954314,0.40370117114076576,0.29374254715321446,0.3025562817060198,0.02600940444972366,0.4363636363636364,0.5636363636363637,0.43279569893156794,0.567204301068432
E1,1819,2019-01-12,Millwall,Blackburn,0,2,A,,,0.4541731457369279,0.28505161399104484,0.26077524027202725,0.4589700299918651,0.28312911820659586,0.25790085180153893,0.026797396363690495,0.47244094488188976,0.5275590551181102,0.4709784411221318,0.5290215588778682
E1,1819,2019-01-12,Preston,Swansea,1,1,D,,,0.38632486846214836,0.28368930639309997,0.3299858251447517,0.3883758931271972,0.28177186773820445,0.3298522391345983,0.026129466947168112,0.5092348284960422,0.4907651715039578,0.5097498467882865,0.49025015321171345
E1,1819,2019-01-12,Reading,Nott'm Forest,2,0,H,,fpl-team-18,0.28442728442728443,0.28442728442728443,0.4311454311454312,0.282629859941568,0.282629859941568,0.4347402801168641,0.024779401952400804,0.49473684210526314,0.5052631578947367,0.4944592198579216,0.5055407801420785
E1,1819,2019-01-12,Sheffield United,QPR,1,0,H,,,0.5840234342367301,0.24598403044079326,0.1699925353224768,0.5934267616269756,0.24266019466093175,0.16391304371209262,0.025453754467889667,0.5039370078740157,0.4960629921259842,0.504133597884274,0.495866402115726
E1,1819,2019-01-12,West Brom,Norwich,1,1,D,,,0.43591412090288645,0.2661884547810343,0.2978974243160792,0.4398952721876549,0.26358862580493286,0.2965161020074123,0.026189467636868358,0.5725388601036269,0.427461139896373,0.5767859591534537,0.4232140408465464
E1,1819,2019-01-12,Wigan,Aston Villa,3,0,H,,fpl-team-2,0.30068611369772813,0.277016944397907,0.42229694190436484,0.2994121306436952,0.2748299059333781,0.42575796342292666,0.026249481132254004,0.5406824146981627,0.4593175853018373,0.5429958391045165,0.45700416089548346
E1,1819,2019-01-18,Norwich,Birmingham,3,1,H,,,0.5051640983413717,0.27123867780261146,0.22359722385601694,0.5112162694827371,0.26903741275259324,0.2197463177646697,0.023774033645167947,0.4973684210526315,0.5026315789473684,0.4972298401618182,0.5027701598381817
E1,1819,2019-01-19,Aston Villa,Hull,2,2,D,fpl-team-2,,0.4734769297657651,0.2636256589554537,0.26289741127878113,0.47876086116865507,0.2609972311929563,0.26024190763838867,0.02544070268049836,0.5736434108527132,0.4263565891472868,0.5778050778140774,0.42219492218592264
E1,1819,2019-01-19,Blackburn,Ipswich,2,0,H,,,0.5405128205128206,0.2789743589743589,0.1805128205128205,0.5483877698244833,0.27686220247270493,0.17475002770281187,0.025762926787137985,0.4464751958224543,0.5535248041775457,0.4434513957758167,0.5565486042241833
E1,1819,2019-01-19,Derby,Reading,2,1,H,,,0.5590842927087469,0.25345154602796527,0.18746416126328788,0.567829779978348,0.2503206772905434,0.18184954273110854,0.026252964278683066,0.5406824146981627,0.4593175853018373,0.5429958391045165,0.45700416089548346
E1,1819,2019-01-19,Middlesbrough,Millwall,1,1,D,,,0.5105728881291648,0.28865214951983176,0.20077496235100348,0.5175447563079416,0.286860149404289,0.19559509428776933,0.026628698920831084,0.398477157360406,0.6015228426395939,0.3924991265417941,0.6075008734582058
E1,1819,2019-01-19,Nott'm Forest,Bristol City,0,1,A,fpl-team-18,,0.3915426029775286,0.295480908458197,0.3129764885642745,0.3937453725888556,0.29405020836306256,0.3122044190480819,0.02552564162760973,0.43264248704663216,0.5673575129533679,0.4289093046652558,0.5710906953347442
E1,1819,2019-01-19,QPR,Preston,1,4,A,,,0.4377699675368229,0.28527352238886056,0.2769565100743165,0.4418519963008849,0.2833933921092926,0.27475461158982245,0.026373193599283695,0.4894736842105264,0.5105263157894737,0.4889147544617743,0.5110852455382258
E1,1819,2019-01-19,Rotherham,Brentford,2,4,A,,fpl-team-4,0.25358981305879164,0.27092928745597394,0.4754808994852343,0.2505408736294512,0.2685348043306871,0.48092432203986174,0.02584660518914461,0.5144356955380577,0.4855643044619423,0.5151682294531524,0.48483177054684756
E1,1819,2019-01-19,Sheffield Weds,Wigan,1,0,H,,,0.3810057856359138,0.2973995003866538,0.3215947139774324,0.3829154003455058,0.29596223370709984,0.32112236594739435,0.02704361407086253,0.44270833333333337,0.5572916666666667,0.4395272127486084,0.5604727872513917
E1,1819,2019-01-19,Stoke,Leeds,2,1,H,,fpl-team-13,0.320830007980846,0.2834796488427773,0.39569034317637675,0.3203345947349251,0.2815250041796034,0.3981404010854715,0.0265214703977108,0.4881266490765172,0.5118733509234827,0.48746168849481736,0.5125383115051826
E1,1819,2019-01-19,Swansea,Sheffield United,1,0,H,,,0.32135763500523423,0.2839458506314905,0.39469651436327524,0.3208984676136985,0.28207180564732204,0.39702972673897957,0.025655627250671387,0.48293963254593175,0.5170603674540682,0.48206797616735914,0.517932023832641
E1,1819,2019-01-21,Bolton,West Brom,0,2,A,,,0.19516843173134354,0.2749329212215449,0.5298986470471115,0.18964034558080523,0.27254185789938584,0.537817796519809,0.02729527512565255,0.4894736842105264,0.5105263157894737,0.4889147544617743,0.5110852455382258
E1,1819,2019-01-26,Aston Villa,Ipswich,2,1,H,fpl-team-2,,0.626133155170757,0.22988463668105089,0.1439822081481922,0.6371735497381233,0.22590887072259289,0.13691757953928385,0.02569204568862915,0.5289473684210526,0.4710526315789474,0.5305733900309719,0.4694266099690281
E1,1819,2019-01-26,Blackburn,Hull,3,0,H,,,0.40938684671365494,0.2852184637764803,0.30539468950986476,0.4123690695337589,0.2833346117393444,0.3042963187268968,0.026459130574949086,0.48818897637795283,0.5118110236220472,0.4875930521098033,0.5124069478901967
E1,1819,2019-01-26,Norwich,Sheffield United,2,2,D,,,0.38923898787626754,0.2809890918396724,0.32977192028406,0.3914308087399025,0.2789415014260826,0.32962768983401497,0.02647254546172917,0.5249343832020998,0.4750656167979003,0.5262430939192101,0.4737569060807899
E1,1819,2019-01-26,Nott'm Forest,Wigan,3,1,H,fpl-team-18,,0.45017165332420855,0.2895921306445366,0.2602362160312548,0.45474829220697055,0.28787209988279955,0.25737960791022974,0.026438494911417365,0.4543080939947781,0.5456919060052219,0.4518781279229459,0.5481218720770542
E1,1819,2019-01-26,Rotherham,Leeds,1,2,A,,fpl-team-13,0.17118945381943496,0.24697645160408066,0.5818340945764845,0.16468995073032708,0.24343185118523852,0.5918781980844344,0.02746181038673967,0.5196850393700787,0.48031496062992135,0.5206987911941695,0.4793012088058304
E1,1819,2019-01-26,Stoke,Preston,0,2,A,,,0.484290786663083,0.2841945933711505,0.23151461996576653,0.49028599302929493,0.2822262492976948,0.22748775767301024,0.02683725394308567,0.44010416666666663,0.5598958333333334,0.4367001513590554,0.5632998486409446
E1,1819,2019-01-29,Bolton,Reading,1,1,D,,,0.3490484551843276,0.3044416238508672,0.34650992096480526,0.3496234885686406,0.30338465673685555,0.3469918546945038,0.024715553503483534,0.42894056847545214,0.5710594315245477,0.4250395246198356,0.5749604753801645
E1,1819,2019-01-29,Swansea,Birmingham,3,3,D,,,0.4538138285421288,0.2879181389542207,0.2582680325036506,0.4582256143114442,0.2862490338555751,0.25552535183298075,0.024696831591427326,0.45669291338582685,0.5433070866141733,0.4541895718808615,0.5458104281191385
E1,1819,2019-02-01,Preston,Derby,0,0,D,,,0.4125724748245347,0.2819652120842234,0.305462313091242,0.41546999343536994,0.2800898365547705,0.30444017000985957,0.02465461054816842,0.513157894736842,0.48684210526315796,0.5138600138599122,0.48613998614008774
E1,1819,2019-02-02,Birmingham,Nott'm Forest,2,0,H,,fpl-team-18,0.41550469659743566,0.30170404721087685,0.28279125619168755,0.41888969954295563,0.30039789611281525,0.28071240434422906,0.027813205611892045,0.4285714285714286,0.5714285714285715,0.42424242423297087,0.5757575757670291
E1,1819,2019-02-02,Brentford,Blackburn,5,2,H,fpl-team-4,,0.4983367295400318,0.26671543271156634,0.23494783774840206,0.5052121828349546,0.26392696630320767,0.23086085086183764,0.028175620129331946,0.5171503957783641,0.48284960422163586,0.5181220029000937,0.4818779970999063
E1,1819,2019-02-02,Bristol City,Swansea,2,0,H,,,0.41678048162531717,0.2875658642217234,0.29565365415295936,0.4203041667547938,0.28563473125802824,0.29406110198717794,0.02851707162335515,0.47757255936675463,0.5224274406332454,0.4762821585986352,0.5237178414013648
E1,1819,2019-02-02,Hull,Stoke,2,0,H,,,0.3732645582308944,0.2917206085866067,0.33501483318249886,0.37488300126709284,0.29003694589235546,0.3350800528405517,0.027383838780224323,0.4540682414698162,0.5459317585301837,0.4513672743432872,0.5486327256567128
E1,1819,2019-02-02,Ipswich,Sheffield Weds,0,1,A,,,0.32516744995004254,0.31228953114013985,0.36254301890981755,0.32482330526928904,0.311405398308602,0.363771296422109,0.028412399347871542,0.41282051282051285,0.5871794871794872,0.4077816051400617,0.5922183948599383
E1,1819,2019-02-02,Leeds,Norwich,1,3,A,fpl-team-13,,0.49305320230430366,0.2629617078956286,0.2439850898000678,0.4997317437879782,0.2600119271804562,0.24025632903156566,0.028266916633583605,0.5471204188481674,0.4528795811518324,0.5497828912734765,0.45021710872652343
E1,1819,2019-02-02,Millwall,Rotherham,0,0,D,,,0.5704023761456721,0.2552204701891686,0.1743771536651594,0.5802777578975623,0.2519099807373633,0.1678122613650743,0.02830407628789544,0.4921052631578948,0.5078947368421052,0.4916876783688407,0.5083123216311592
E1,1819,2019-02-02,Reading,Aston Villa,0,0,D,,fpl-team-2,0.2868705900447965,0.2728164112817949,0.44031299867340856,0.284926567737835,0.27029193056883705,0.4447815016933279,0.028208679636009037,0.5587467362924282,0.4412532637075718,0.5622131283537581,0.43778687164624175
E1,1819,2019-02-02,Sheffield United,Bolton,2,0,H,,,0.7431101637613813,0.1804897551450793,0.0764000810935396,0.7587326623657009,0.17438669428927803,0.06688064334502099,0.02665591426193714,0.49473684210526314,0.5052631578947367,0.4944592198579216,0.5055407801420785
E1,1819,2019-02-02,West Brom,Middlesbrough,2,3,A,,,0.4405241163954752,0.29783863215417344,0.2616372514503513,0.4449609561198378,0.2963611546352917,0.25867788924487045,0.027957507874816656,0.42010309278350516,0.5798969072164949,0.4154737559778157,0.5845262440221842
E1,1819,2019-02-02,Wigan,QPR,2,1,H,,,0.4070398116778801,0.2909210923955401,0.30203909592657985,0.4100124597151089,0.2892121762672041,0.30077536401768695,0.02722166175954044,0.4464751958224543,0.5535248041775457,0.4434513957758167,0.5565486042241833
E1,1819,2019-02-08,Aston Villa,Sheffield United,3,3,D,fpl-team-2,,0.3359866426961254,0.28214902042434264,0.381864336879532,0.3360843143369005,0.2801925543459026,0.38372313131719693,0.02586154406890273,0.5263157894736842,0.47368421052631576,0.5277777777735805,0.47222222222641946
E1,1819,2019-02-09,Blackburn,Bristol City,0,1,A,,,0.3614142260435265,0.3027131893294505,0.33587258462702285,0.36249685935424775,0.30153403431167675,0.3359691063340755,0.026032323483377695,0.44386422976501305,0.556135770234987,0.4406241369777816,0.5593758630222184
E1,1819,2019-02-09,Bolton,Preston,1,2,A,,,0.21483620432141795,0.2734840187195061,0.511679776959076,0.21039235027989736,0.2712077538645241,0.5183998958555787,0.025467297295108438,0.4285714285714286,0.5714285714285715,0.42424242423297087,0.5757575757670291
E1,1819,2019-02-09,Derby,Hull,2,0,H,,,0.4534394814079059,0.2768089857431984,0.26975153284889586,0.45791448228028603,0.2747014626445649,0.2673840550751491,0.025129595072939992,0.5065963060686015,0.49340369393139843,0.5069630124784155,0.49303698752158454
E1,1819,2019-02-09,Middlesbrough,Leeds,1,1,D,,fpl-team-13,0.3398803329864724,0.3050208116545265,0.355098855359001,0.3401256991728571,0.3039567273088562,0.3559175735182867,0.025398042635060847,0.411764705882353,0.588235294117647,0.4068322981224806,0.5931677018775194
E1,1819,2019-02-09,Nott'm Forest,Brentford,2,1,H,fpl-team-18,fpl-team-4,0.3361575690988776,0.28482811992509693,0.3790143109760254,0.3362611804932925,0.2829928112286694,0.380746008278038,0.025592643301934004,0.4960422163588391,0.503957783641161,0.49582265790303864,0.5041773420969614
E1,1819,2019-02-09,QPR,Birmingham,3,4,A,,,0.3996880917901304,0.29542163306227026,0.3048902751475994,0.40220990903032344,0.293981881564545,0.30380820940513154,0.025633989833295345,0.4464751958224543,0.5535248041775457,0.4434513957758167,0.5565486042241833
E1,1819,2019-02-09,Rotherham,Wigan,1,1,D,,,0.3208385663220945,0.2931117766399382,0.3860496570379674,0.3203453466202364,0.2915350402785771,0.38811961310118653,0.026502640917897224,0.4710526315789474,0.5289473684210526,0.4694266099690281,0.5305733900309719
E1,1819,2019-02-09,Sheffield Weds,Reading,0,0,D,,,0.4686502288025455,0.28230266007987154,0.24904711111758301,0.4737872888392225,0.2803569281980806,0.24585578296269686,0.025621565408073366,0.4710526315789474,0.5289473684210526,0.4694266099690281,0.5305733900309719
E1,1819,2019-02-09,Stoke,West Brom,0,1,A,,,0.3670556247875836,0.2934179222839017,0.3395264529285148,0.36835136182938755,0.29188637446481724,0.3397622637057953,0.025949319126084447,0.46052631578947373,0.5394736842105263,0.45818815331659807,0.541811846683402
E1,1819,2019-02-09,Swansea,Millwall,1,0,H,,,0.4571734475374733,0.28301213418986443,0.25981441827266244,0.4619184804177944,0.28107864013380457,0.2570028794484011,0.025854956242255867,0.4842105263157894,0.5157894736842105,0.4833629103791193,0.5166370896208807
E1,1819,2019-02-10,Norwich,Ipswich,3,0,H,,,0.6885067566218888,0.205213676919699,0.10627956645841236,0.7023551972495571,0.20006014688780635,0.09758465586263657,0.026859855046495795,0.5092348284960422,0.4907651715039578,0.5097498467882865,0.49025015321171345
E1,1819,2019-02-12,Birmingham,Bolton,0,1,A,,,0.6442386304010932,0.2355797976839819,0.12018157191492475,0.6571428375582797,0.23137369763964868,0.11148346480207161,0.028498393716290593,0.43376623376623374,0.5662337662337663,0.42995660057145807,0.5700433994285419
E1,1819,2019-02-12,Bristol City,QPR,2,1,H,,,0.5056367657370947,0.2763363719725983,0.2180268622903069,0.5122866148430367,0.27411562782798626,0.21359775732897704,0.026088356040418148,0.47244094488188976,0.5275590551181102,0.4709784411221318,0.5290215588778682
E1,1819,2019-02-12,Hull,Rotherham,2,2,D,,,0.5436626960322222,0.2613762961693376,0.19496100779844036,0.5516439192365663,0.2586146078521919,0.18974147291124174,0.025687581161037087,0.4960422163588391,0.503957783641161,0.49582265790303864,0.5041773420969614
E1,1819,2019-02-12,Millwall,Sheffield Weds,0,0,D,,,0.43620761552793363,0.294406378282011,0.26938600619005537,0.44014690701973713,0.29291109721680514,0.2669419957634578,0.025833936175331473,0.4263565891472868,0.5736434108527132,0.42219492218592264,0.5778050778140774
E1,1819,2019-02-12,West Brom,Nott'm Forest,2,2,D,,fpl-team-18,0.537814152559089,0.25658518868722036,0.20560065875369063,0.5454877369373913,0.2536827676930156,0.2008294953695931,0.025381803745403886,0.5171503957783641,0.48284960422163586,0.5181220029000937,0.4818779970999063
E1,1819,2019-02-13,Brentford,Aston Villa,1,0,H,fpl-team-4,fpl-team-2,0.45011524034767936,0.2638175436482232,0.28606721600409746,0.45470119736893294,0.26109277634040096,0.2842060262906661,0.026503860019147396,0.5766233766233767,0.4233766233766234,0.5815232410453769,0.41847675895462316
E1,1819,2019-02-13,Ipswich,Derby,1,1,D,,,0.21419828641370867,0.2717258261933904,0.5140758873929008,0.20966459261752268,0.2693483209279275,0.5209870864545498,0.025850800098851323,0.45669291338582685,0.5433070866141733,0.4541895718808615,0.5458104281191385
E1,1819,2019-02-13,Leeds,Swansea,2,1,H,fpl-team-13,,0.5558481430832808,0.24817240853065536,0.19597944838606396,0.5644591341404545,0.24484900889633737,0.19069185696320817,0.02620870480313897,0.5485564304461943,0.4514435695538058,0.5514632246504734,0.44853677534952663
E1,1819,2019-02-13,Preston,Norwich,3,1,H,,,0.3820398683955874,0.2819818076253145,0.33597832397909816,0.3840391357600624,0.2798785547136707,0.33608230952626694,0.027741242200136185,0.5250659630606861,0.47493403693931396,0.5265214963685101,0.47347850363148986
E1,1819,2019-02-13,Reading,Blackburn,2,1,H,,,0.3462780795771546,0.2983653893211961,0.35535653110164933,0.34679377544414997,0.2969707258038478,0.35623549875200233,0.02698537241667509,0.46052631578947373,0.5394736842105263,0.45818815331659807,0.541811846683402
E1,1819,2019-02-13,Sheffield United,Middlesbrough,1,0,H,,,0.47368421052631576,0.28708133971291866,0.23923444976076555,0.47946858213227417,0.28516012204704044,0.23537129582068533,0.02785490360110998,0.41494845360824745,0.5850515463917526,0.40970531096250845,0.5902946890374915
E1,1819,2019-02-13,Wigan,Stoke,0,0,D,,,0.3451286296225315,0.29940180803216454,0.355469562345304,0.34559557130213336,0.29805670074802026,0.35634772794984637,0.026817476376891136,0.4412532637075718,0.5587467362924282,0.43778687164624175,0.5622131283537581
E1,1819,2019-02-16,Aston Villa,West Brom,0,2,A,fpl-team-2,,0.38260217353143006,0.271100968673699,0.346296857794871,0.38456735407913534,0.26862399068523213,0.34680865523563253,0.026969523401930928,0.5813953488372093,0.4186046511627907,0.5864197530736686,0.4135802469263314
E1,1819,2019-02-16,Bolton,Norwich,0,4,A,,,0.18311688311688312,0.25227272727272726,0.5646103896103897,0.17710782755337742,0.2489638802196619,0.5739282922269607,0.02733326074667275,0.5026455026455027,0.4973544973544974,0.502799552071699,0.497200447928301
E1,1819,2019-02-16,Ipswich,Stoke,1,1,D,,,0.23259820813232251,0.2929014472777395,0.47450034458993795,0.22859918228863946,0.2912714587199899,0.4801293589913706,0.026946441968902946,0.40561224489795916,0.5943877551020408,0.40012686587796026,0.5998731341220397
E1,1819,2019-02-16,Preston,Nott'm Forest,0,0,D,,fpl-team-18,0.4794919034228644,0.27518665761660044,0.24532143896053524,0.4852754525450271,0.272876677834913,0.24184786962005983,0.026724629569798708,0.4881266490765172,0.5118733509234827,0.48746168849481736,0.5125383115051826
E1,1819,2019-02-16,Rotherham,Sheffield Weds,2,2,D,,,0.3373159682899208,0.29541336353340886,0.3672706681766705,0.33746520900746757,0.29397524201110625,0.3685595489814262,0.025640762643888593,0.4476439790575916,0.5523560209424083,0.44456916381726636,0.5554308361827337
E1,1819,2019-02-16,Sheffield United,Reading,4,0,H,,,0.662583014297992,0.21339948433471362,0.12401750136729431,0.6761358332414931,0.20833706512201328,0.11552710163649366,0.02824554080143571,0.5303430079155673,0.4696569920844328,0.5321426574931143,0.4678573425068856
E1,1819,2019-02-17,Blackburn,Middlesbrough,0,1,A,,,0.33209162047603524,0.30539615259210956,0.3625122269318552,0.33204172164757567,0.3043034396893823,0.36365483866304216,0.02644053311087191,0.427461139896373,0.5725388601036269,0.4232140408465464,0.5767859591534537
E1,1819,2019-02-19,QPR,West Brom,2,3,A,,,0.30330896739555774,0.28260835537746326,0.4140826772269789,0.3021924023416367,0.2807294235834629,0.41707817407490044,0.025014988495968282,0.5065963060686015,0.49340369393139843,0.5069630124784155,0.49303698752158454
E1,1819,2019-02-20,Derby,Millwall,0,1,A,,,0.4708929739155707,0.27812976821913826,0.250977257865291,0.4761330272447556,0.2760198095116392,0.24784716324360526,0.02570927538909018,0.47631578947368425,0.5236842105263159,0.4750131874840955,0.5249868125159045
E1,1819,2019-02-23,Birmingham,Blackburn,2,2,D,,,0.4523485720263626,0.29500993827806254,0.2526414896955749,0.4570033352730564,0.2935013332382811,0.24949533148866251,0.026403383119031787,0.44531250000000006,0.5546875,0.442344123214856,0.557655876785144
E1,1819,2019-02-23,Brentford,Hull,5,1,H,fpl-team-4,,0.5328249486355411,0.24763143826925924,0.21954361309519974,0.5408820066773676,0.24415644138670783,0.21496155193592462,0.02732875698711723,0.5725388601036269,0.427461139896373,0.5767859591534537,0.4232140408465464
E1,1819,2019-02-23,Leeds,Bolton,2,1,H,fpl-team-13,,0.7644502482271892,0.16836914881025125,0.0671806029625595,0.7820307226707197,0.16125106502845876,0.0567182123008215,0.0288637971971184,0.5380577427821522,0.46194225721784776,0.5401884700643199,0.4598115299356801
E1,1819,2019-02-23,Middlesbrough,QPR,2,0,H,,,0.5186231821371242,0.288474292799677,0.19290252506319866,0.5259996532141527,0.2866473516993527,0.18735299508649464,0.026972976163960993,0.42118863049095606,0.578811369509044,0.41646581945725997,0.5835341805427401
E1,1819,2019-02-23,Millwall,Preston,1,3,A,,,0.3581860734410295,0.30037756158820506,0.3414363649707655,0.3591705636522432,0.29907340249327186,0.34175603385448494,0.026767783099785447,0.4348958333333333,0.5651041666666667,0.43101354895108535,0.5689864510489147
E1,1819,2019-02-23,Norwich,Bristol City,3,2,H,,,0.49242405646979626,0.2632627227109991,0.24431322081920478,0.4985932491965102,0.26053935565521436,0.24086739514827538,0.026187287410721183,0.5145118733509234,0.48548812664907653,0.5153288740238595,0.48467112597614054
E1,1819,2019-02-23,Reading,Rotherham,1,1,D,,,0.4336767137224978,0.28780363728856667,0.27851964898893544,0.43761550851696435,0.28601467081799914,0.27636982066503646,0.026486578164622188,0.4657894736842106,0.5342105263157895,0.4638195430185368,0.5361804569814632
E1,1819,2019-02-23,Sheffield Weds,Swansea,3,1,H,,,0.36951311985272356,0.2949219621184781,0.3355649180287984,0.3709336850193676,0.29341608277241316,0.3356502322082192,0.026517422404140234,0.4671916010498688,0.5328083989501312,0.46540654231752615,0.5345934576824739
E1,1819,2019-02-23,Stoke,Aston Villa,1,1,D,,fpl-team-2,0.4311300639658848,0.2814498933901919,0.28742004264392323,0.4350695822566102,0.279361061382374,0.2855693563610157,0.0271891918964684,0.4986807387862796,0.5013192612137204,0.49860763018684684,0.5013923698131533
E1,1819,2019-02-23,West Brom,Sheffield United,0,1,A,,,0.39119646132268854,0.2854676879922322,0.3233358506850793,0.39342504245084386,0.2836278613659606,0.32294709618319556,0.025992657523602247,0.5013192612137204,0.4986807387862796,0.5013923698131533,0.49860763018684684
E1,1819,2019-02-23,Wigan,Ipswich,1,1,D,,,0.5551971699094788,0.27281240245551974,0.1719904276350016,0.5639769907751969,0.2703600075166083,0.16566300170819467,0.026866510161198676,0.4066496163682865,0.5933503836317136,0.4010518325644492,0.5989481674355508
E1,1819,2019-02-25,Nott'm Forest,Derby,1,0,H,fpl-team-18,,0.38496267977425813,0.28960495175678136,0.3254323684689605,0.3871019594731946,0.28779664105355224,0.3251013994732532,0.027990956092253327,0.47368421052631576,0.5263157894736842,0.47222222222641946,0.5277777777735805
E1,1819,2019-02-26,Bristol City,Birmingham,1,2,A,,,0.4632297360158158,0.2927157227584603,0.24405454122572395,0.4678554656523014,0.2912590117144188,0.24088552263327975,0.024019543547183275,0.427461139896373,0.5725388601036269,0.4232140408465464,0.5767859591534537
E1,1819,2019-02-26,Hull,Millwall,2,1,H,,,0.402260409625123,0.29699600336808146,0.30074358700679543,0.40476303479642706,0.29567706478213496,0.29955990042143804,0.024476064601913095,0.43896103896103894,0.5610389610389611,0.4356234933220219,0.5643765066779782
E1,1819,2019-02-26,QPR,Leeds,1,0,H,,fpl-team-13,0.2440363337955234,0.2703811652848129,0.4855825009196639,0.24068068847236804,0.26800248171264424,0.4913168298149877,0.02542345435358584,0.5065963060686015,0.49340369393139843,0.5069630124784155,0.49303698752158454
E1,1819,2019-02-26,Sheffield Weds,Brentford,2,0,H,,fpl-team-4,0.3022929340196537,0.28006551240056154,0.4176415535797847,0.301134033789889,0.27808528635523583,0.4207806798548751,0.02510927082039416,0.531578947368421,0.4684210526315789,0.5333741239292438,0.4666258760707563
E1,1819,2019-03-01,Leeds,West Brom,4,0,H,fpl-team-13,,0.4317988788856803,0.2785799218617292,0.28962119925259044,0.4356473484413512,0.27644197218765293,0.28791067937099574,0.02637126320041716,0.5092348284960422,0.4907651715039578,0.5097498467882865,0.49025015321171345
E1,1819,2019-03-02,Aston Villa,Derby,4,0,H,fpl-team-2,,0.44979611580773293,0.27350714822890965,0.27669673596335753,0.4544336903627042,0.2711256038567255,0.27444070578057034,0.026877363212406635,0.5184210526315789,0.48157894736842105,0.5194169371160577,0.4805830628839423
E1,1819,2019-03-02,Brentford,QPR,3,0,H,fpl-team-4,,0.5485649553783858,0.24908592462063184,0.20234912000098237,0.5571543758316397,0.2456987274881145,0.19714689668024576,0.027027438045479357,0.5688311688311688,0.43116883116883115,0.5728943169866965,0.42710568301330365
E1,1819,2019-03-02,Hull,Birmingham,2,0,H,,,0.38837620263106226,0.2955036324366778,0.31612016493226003,0.39045568744650816,0.29407634699559126,0.31546796555790063,0.02548426075372845,0.44908616187989553,0.5509138381201044,0.44626915021678265,0.5537308497832173
E1,1819,2019-03-02,Ipswich,Reading,1,2,A,,,0.3310404302142529,0.303541864126168,0.36541770565957915,0.33094975532764065,0.30238395738892576,0.36666628728343365,0.02627271320670843,0.4092071611253197,0.5907928388746803,0.40395021644738066,0.5960497835526194
E1,1819,2019-03-02,Millwall,Norwich,1,3,A,,,0.28285604606525916,0.2811823416506718,0.4359616122840691,0.28090068228454884,0.27916279510551223,0.43993652260993876,0.026130057405680418,0.4973684210526315,0.5026315789473684,0.4972298401618182,0.5027701598381817
E1,1819,2019-03-02,Preston,Bristol City,1,1,D,,,0.44033774824343475,0.28476932221731116,0.27489292953925415,0.4444186599319965,0.2829152754891755,0.2726660645788281,0.02572639810387045,0.4593175853018373,0.5406824146981627,0.45700416089548346,0.5429958391045165
E1,1819,2019-03-02,Rotherham,Blackburn,3,2,H,,,0.37546963906752734,0.28526672277502824,0.3392636381574443,0.37711396038407735,0.28339435305210525,0.33949168656381745,0.026360402815043926,0.4986807387862796,0.5013192612137204,0.49860763018684684,0.5013923698131533
E1,1819,2019-03-02,Stoke,Nott'm Forest,2,0,H,,fpl-team-18,0.4130342317931915,0.3025409978102995,0.2844247703965091,0.41614671303534506,0.3013358341401785,0.28251745282447643,0.026349138468503952,0.4248704663212435,0.5751295336787565,0.42034717644622677,0.5796528235537732
E1,1819,2019-03-02,Swansea,Bolton,2,0,H,,,0.6257107517771626,0.2348346525188363,0.139454595704001,0.6368855640137514,0.23098348585321177,0.13213095013303694,0.026068181497976184,0.5013192612137204,0.4986807387862796,0.5013923698131533,0.49860763018684684
E1,1819,2019-03-02,Wigan,Middlesbrough,0,0,D,,,0.2960694720222004,0.30460993756130234,0.3993205904164972,0.29462783364920525,0.3034969166977217,0.40187524965307303,0.02611808606889099,0.393939393939394,0.606060606060606,0.38782051281179036,0.6121794871882096
E1,1819,2019-03-04,Sheffield Weds,Sheffield United,0,0,D,,,0.2638009236197204,0.2818051409587517,0.45439393542152795,0.26107108625624004,0.279774659111329,0.459154254632431,0.02654006180819124,0.47631578947368425,0.5236842105263159,0.4750131874840955,0.5249868125159045
E1,1819,2019-03-05,Derby,Wigan,2,1,H,,,0.48667458835511795,0.2899337973179426,0.22339161432693938,0.4921818529308982,0.2883574407515474,0.21946070631755438,0.024247468449175358,0.4363636363636364,0.5636363636363637,0.43279569893156794,0.567204301068432
E1,1819,2019-03-08,Norwich,Swansea,1,0,H,,,0.5810936875305406,0.23130913775487538,0.18759717471458395,0.5901821669293892,0.2275415952257213,0.18227623784488953,0.02485012263059616,0.5802139037433154,0.41978609625668445,0.5880565910402049,0.4119434089597951
E1,1819,2019-03-09,Blackburn,Preston,0,1,A,,,0.3511572226656025,0.2883745677041766,0.36046820963022075,0.3518263692275657,0.28668495619341944,0.36148867457901485,0.02541835024021566,0.48293963254593175,0.5170603674540682,0.48206797616735914,0.517932023832641
E1,1819,2019-03-09,Bolton,Millwall,2,1,H,,,0.22605110384864655,0.2822294846867717,0.4917194114645817,0.22221745703063875,0.28038037721218656,0.4974021657571747,0.024219452403485775,0.4020356234096692,0.5979643765903307,0.39631026126011987,0.6036897387398802
E1,1819,2019-03-09,Bristol City,Leeds,0,1,A,,fpl-team-13,0.31469377587454483,0.28634298525521645,0.3989632388702388,0.3140167689283626,0.2846463100556489,0.40133692101598845,0.024385102791711688,0.48684210526315796,0.513157894736842,0.48613998614008774,0.5138600138599122
E1,1819,2019-03-09,Derby,Sheffield Weds,1,1,D,,,0.4535641002765635,0.290391649567312,0.25604425015612453,0.4580176402302573,0.28879383776471573,0.2531885220050269,0.0249871457926929,0.44531250000000006,0.5546875,0.442344123214856,0.557655876785144
E1,1819,2019-03-09,Middlesbrough,Brentford,1,2,A,,fpl-team-4,0.40491263611040773,0.2901050898961762,0.30498227399341604,0.40761658460687605,0.28847393989631903,0.30390947549680497,0.02547765360213816,0.4659685863874345,0.5340314136125655,0.46419916281732926,0.5358008371826707
E1,1819,2019-03-09,Nott'm Forest,Hull,3,0,H,fpl-team-18,,0.4512168614194593,0.2767638306962381,0.2720193078843026,0.4556237633973135,0.27464807084017945,0.26972816576250697,0.025213970337063074,0.4894736842105264,0.5105263157894737,0.4889147544617743,0.5110852455382258
E1,1819,2019-03-09,QPR,Stoke,0,0,D,,,0.3568143660121177,0.30535075552960067,0.33783487845828164,0.35767824176563456,0.30432222020503735,0.33799953802932803,0.024830254027619958,0.4143222506393862,0.5856777493606138,0.40969863603944845,0.5903013639605514
E1,1819,2019-03-09,Reading,Wigan,3,2,H,,,0.3611847119886756,0.29704910892526587,0.3417661790860586,0.3621904917187587,0.2957401640716633,0.3420693442095781,0.02437329210806638,0.44791666666666663,0.5520833333333334,0.4451513821865228,0.5548486178134774
E1,1819,2019-03-09,Sheffield United,Rotherham,2,0,H,,,0.6845889437365932,0.20332876747732148,0.11208228878608532,0.6978759813342864,0.1982809686086402,0.10384305005707327,0.025986594846472144,0.5328083989501312,0.4671916010498688,0.5345934576824739,0.46540654231752615
E1,1819,2019-03-09,West Brom,Ipswich,1,1,D,,,0.7052909158215612,0.19352494641445278,0.10118413776398594,0.7191901117275378,0.1881459001144759,0.09266398815798624,0.025764554738998413,0.544502617801047,0.4554973821989528,0.5469717064457948,0.45302829355420515
E1,1819,2019-03-10,Birmingham,Aston Villa,0,1,A,,fpl-team-2,0.35249445877693397,0.29105047054976196,0.35645507067330406,0.35321281969331747,0.28946464730095967,0.35732253300572275,0.02536273968871683,0.49081364829396334,0.5091863517060368,0.49035227961880756,0.5096477203811924
E1,1819,2019-03-12,Blackburn,Wigan,3,0,H,,,0.42017879948914433,0.28991060025542786,0.28991060025542786,0.42330156145336495,0.2883492192733175,0.2883492192733175,0.024236625526100397,0.4645669291338583,0.5354330708661418,0.46261216351077283,0.5373878364892272
E1,1819,2019-03-12,Bolton,Sheffield Weds,0,2,A,,,0.23356930513078256,0.2923198665440469,0.47411082832517065,0.22992685943365376,0.29080192151169404,0.4792712190546522,0.024743057088926435,0.39746835443037976,0.6025316455696202,0.3916126960469293,0.6083873039530707
E1,1819,2019-03-12,Bristol City,Ipswich,1,1,D,,,0.6177762633193041,0.24394242192608423,0.1382813147546117,0.6285762192113235,0.2404582363769578,0.13096554441171881,0.025893700309097767,0.46335078534031415,0.5366492146596858,0.46141656332340236,0.5385834366765977
E1,1819,2019-03-12,Reading,Leeds,0,3,A,,fpl-team-13,0.18692173994463915,0.25120699442295424,0.5618712656324065,0.18118178946828528,0.24792884730779272,0.570889363223922,0.026751903467811644,0.5,0.5,0.5,0.5
E1,1819,2019-03-12,Sheffield United,Brentford,2,0,H,,fpl-team-4,0.49529025191675796,0.26637458926615554,0.2383351588170865,0.5014942355241951,0.263800507864169,0.23470525661163588,0.025869049597531557,0.5418848167539266,0.4581151832460733,0.544168391996252,0.45583160800374806
E1,1819,2019-03-13,Birmingham,Millwall,0,2,A,,,0.4357399226946438,0.29592306276458674,0.26833701454076936,0.4397460584808715,0.29445422160625645,0.2657997199128721,0.02639979193918407,0.41494845360824745,0.5850515463917526,0.40970531096250845,0.5902946890374915
E1,1819,2019-03-13,Derby,Stoke,0,0,D,,,0.3865336658354115,0.3067331670822943,0.3067331670822943,0.38857161374716115,0.30571419312641945,0.30571419312641945,0.02584186987951398,0.3924050632911393,0.6075949367088608,0.38575268815532404,0.614247311844676
E1,1819,2019-03-13,Middlesbrough,Preston,1,2,A,,,0.45443814304386204,0.2949614034042458,0.25060045355189225,0.45919009953374623,0.29344526095434453,0.24736463951190923,0.026492369594052434,0.39593908629441626,0.6040609137055837,0.3895712130861784,0.6104287869138215
E1,1819,2019-03-13,Norwich,Hull,3,2,H,,,0.5951667216903268,0.22946186860349946,0.17537140970617365,0.6049262669103799,0.2255545325601234,0.1695192005294967,0.025287252850830555,0.5798969072164949,0.42010309278350516,0.5845262440221842,0.4154737559778157
E1,1819,2019-03-13,Nott'm Forest,Aston Villa,1,3,A,fpl-team-18,fpl-team-2,0.3795502996661438,0.28156550420337073,0.3388841961304855,0.38139379718317634,0.27950477556313513,0.3391014272536886,0.026952155865728855,0.503957783641161,0.4960422163588391,0.5041773420969614,0.49582265790303864
E1,1819,2019-03-13,QPR,Rotherham,1,2,A,,,0.5092338770263276,0.27285597422327584,0.2179101487503965,0.5157843711582795,0.2705848639287391,0.2136307649129815,0.025161330588161945,0.4789473684210527,0.5210526315789473,0.47779997779921773,0.5222000222007822
E1,1819,2019-03-13,West Brom,Swansea,3,0,H,,,0.4972602073769524,0.2652980436005528,0.2374417490224948,0.5036987292348857,0.2626161314847183,0.23368513928039603,0.02653444604948163,0.5342105263157895,0.4657894736842106,0.5361804569814632,0.4638195430185368
E1,1819,2019-03-16,Aston Villa,Middlesbrough,3,0,H,fpl-team-2,,0.4395150179112703,0.28768255717828606,0.27280242491044365,0.4437178787532738,0.28587252321228906,0.27040959803443704,0.026712947990745306,0.4543080939947781,0.5456919060052219,0.4518781279229459,0.5481218720770542
E1,1819,2019-03-16,Brentford,West Brom,0,1,A,fpl-team-4,,0.46301523935668387,0.25863249064882887,0.2783522699944873,0.468168291616639,0.25566939622625146,0.2761623121571095,0.026826902525499463,0.5846153846153845,0.41538461538461535,0.5893437296864297,0.4106562703135704
E1,1819,2019-03-16,Hull,QPR,2,2,D,,,0.45196761438523814,0.2791564677085295,0.26887591790623233,0.4566857580449164,0.2769993709037567,0.26631487105132695,0.026844623032957315,0.48818897637795283,0.5118110236220472,0.4875930521098033,0.5124069478901967
E1,1819,2019-03-16,Ipswich,Nott'm Forest,1,1,D,,fpl-team-18,0.2648127738604165,0.2970868306746548,0.4381003954649287,0.262181060171258,0.29568518742658906,0.442133752402153,0.025977252051234245,0.4226804123711341,0.577319587628866,0.41833623693271604,0.581663763067284
E1,1819,2019-03-16,Leeds,Sheffield United,0,1,A,fpl-team-13,,0.45017114840769845,0.2852435805225957,0.26458527106970575,0.45474812556943006,0.2833550292251745,0.2618968452053953,0.026438142638653517,0.46073298429319376,0.5392670157068064,0.4586275375035324,0.5413724624964675
E1,1819,2019-03-16,Preston,Birmingham,1,0,H,,,0.46134641237387547,0.2845429968533484,0.25411059077277626,0.46630838268237945,0.28264427840503537,0.2510473389125852,0.026163038797676563,0.46981627296587924,0.5301837270341206,0.468195143536739,0.5318048564632609
E1,1819,2019-03-16,Rotherham,Norwich,1,2,A,,,0.1887354720482352,0.24279780675258908,0.5684667211991756,0.1830354042685241,0.23917483843694423,0.5777897572945316,0.02688364079222083,0.5523560209424083,0.4476439790575916,0.5554308361827337,0.44456916381726636
E1,1819,2019-03-16,Sheffield Weds,Blackburn,4,2,H,,,0.4729294237217025,0.28207363254617857,0.24499694373211905,0.47831669411194544,0.2800853100142854,0.2415979958737692,0.026054642628878355,0.44908616187989553,0.5509138381201044,0.44626915021678265,0.5537308497832173
E1,1819,2019-03-16,Stoke,Reading,0,0,D,,,0.5313769709329421,0.2749031150202215,0.19371991404683633,0.5389286268630733,0.2726398779862814,0.18843149515064525,0.02581479516811669,0.4248704663212435,0.5751295336787565,0.42034717644622677,0.5796528235537732
E1,1819,2019-03-16,Wigan,Bolton,5,2,H,,,0.5489100592603706,0.26525541969844724,0.1858345210411822,0.5574043372210826,0.2625308246961244,0.18006483808279303,0.02670988952741027,0.4464751958224543,0.5535248041775457,0.4434513957758167,0.5565486042241833
E1,1819,2019-03-29,West Brom,Birmingham,3,2,H,,,0.5149065434431989,0.26908957778811243,0.21600387876868885,0.5216232609043758,0.26669419731701305,0.21168254177861112,0.024994887178763747,0.49340369393139843,0.5065963060686015,0.49303698752158454,0.5069630124784155
E1,1819,2019-03-30,Aston Villa,Blackburn,2,1,H,fpl-team-2,,0.5945960378063758,0.22384792011534146,0.18155604207828266,0.6045295936901484,0.21965640481898652,0.17581400149086504,0.025793290697038174,0.5907928388746803,0.4092071611253197,0.5960497835526194,0.40395021644738066
E1,1819,2019-03-30,Derby,Rotherham,6,1,H,,,0.5686103446218027,0.25389820201027014,0.17749145336792718,0.5778900051036553,0.25071809926024125,0.1713918956361035,0.026762981666252017,0.4921052631578948,0.5078947368421052,0.4916876783688407,0.5083123216311592
E1,1819,2019-03-30,Ipswich,Hull,0,2,A,,,0.30979221839071264,0.2972069095185899,0.3930008720906974,0.3088926453178271,0.29582970541650616,0.3952776492656668,0.025739662116393447,0.4412532637075718,0.5587467362924282,0.43778687164624175,0.5622131283537581
E1,1819,2019-03-30,Leeds,Millwall,3,2,H,fpl-team-13,,0.6256251902753013,0.2313747662332014,0.14300004349149742,0.6368294856362839,0.2273865881457148,0.13578392621800126,0.026131903054192662,0.5026315789473684,0.4973684210526315,0.5027701598381817,0.4972298401618182
E1,1819,2019-03-30,Middlesbrough,Norwich,0,1,A,,,0.328778411041681,0.29417015724781986,0.3770514317104992,0.32859890203519043,0.2926509260517063,0.37875017191310323,0.026230051647871733,0.46194225721784776,0.5380577427821522,0.4598115299356801,0.5401884700643199
E1,1819,2019-03-30,Nott'm Forest,Swansea,2,1,H,fpl-team-18,,0.3937615000438097,0.2968544642074827,0.3093840357487076,0.39597730132566317,0.29551805183996255,0.30850464683437434,0.02472346485592425,0.46981627296587924,0.5301837270341206,0.468195143536739,0.5318048564632609
E1,1819,2019-03-30,QPR,Bolton,1,2,A,,,0.573078101925381,0.2530078854245033,0.1739140126501156,0.5821959534441803,0.2499061387853371,0.16789790777048258,0.025799808325245976,0.46858638743455505,0.5314136125654451,0.4669758097866967,0.5330241902133033
E1,1819,2019-03-30,Reading,Preston,2,1,H,,,0.2933673469387755,0.2933673469387755,0.413265306122449,0.29182376036650876,0.29182376036650876,0.41635247926698254,0.02605391084216535,0.44908616187989553,0.5509138381201044,0.44626915021678265,0.5537308497832173
E1,1819,2019-03-30,Sheffield United,Bristol City,2,3,A,,,0.560752616933881,0.25904332847489064,0.1802040545912283,0.5690369860246957,0.25629813339530266,0.17466488058000174,0.024675989989191294,0.44908616187989553,0.5509138381201044,0.44626915021678265,0.5537308497832173
E1,1819,2019-03-30,Stoke,Sheffield Weds,0,0,D,,,0.41055857262863976,0.3161301009240526,0.27331132644730777,0.4136732161338054,0.3154299234753576,0.27089686039083694,0.027233630418777466,0.3636363636363637,0.6363636363636365,0.355212355184515,0.6447876448154851
E1,1819,2019-03-30,Wigan,Brentford,0,0,D,,fpl-team-4,0.29724360566178293,0.27812267196424134,0.4246337223739756,0.295866021999563,0.2760230586054659,0.4281109193949711,0.025689729256555438,0.5380577427821522,0.46194225721784776,0.5401884700643199,0.4598115299356801
E1,1819,2019-04-02,Middlesbrough,Bristol City,0,1,A,,,0.43804649178929417,0.3008104073363191,0.26114310087438686,0.4420874284475893,0.2995476879614098,0.258364883591001,0.026043174788355827,0.4020356234096692,0.5979643765903307,0.39631026126011987,0.6036897387398802
E1,1819,2019-04-02,Swansea,Brentford,3,0,H,,fpl-team-4,0.38090415684288814,0.2690001107647515,0.35009573239236036,0.3826700012719441,0.2666163850162365,0.35071361371181936,0.025082507636398077,0.577319587628866,0.4226804123711341,0.581663763067284,0.41833623693271604
E1,1819,2019-04-06,Birmingham,Leeds,1,0,H,,fpl-team-13,0.25073359327323286,0.28114802322649485,0.46811838350027224,0.2475333531380502,0.2791130134216148,0.47335363344033504,0.026220575906336308,0.4554973821989528,0.544502617801047,0.45302829355420515,0.5469717064457948
E1,1819,2019-04-06,Blackburn,Stoke,0,1,A,,,0.35704457392035727,0.30735875942658597,0.3355966666530567,0.35797369206389884,0.30634197102446176,0.3356843369116395,0.026463726069778204,0.398477157360406,0.6015228426395939,0.3924991265417941,0.6075008734582058
E1,1819,2019-04-06,Bolton,Ipswich,1,2,A,,,0.35822489128522755,0.31329899732866434,0.32847611138610827,0.35920948796040314,0.3125071953353606,0.3282833167042362,0.026708665303885937,0.4005102040816326,0.5994897959183673,0.3942946198508875,0.6057053801491125
E1,1819,2019-04-06,Brentford,Derby,3,3,D,fpl-team-4,,0.45467526933169855,0.2625058875423342,0.2828188431259672,0.4593885465659353,0.2597594862313939,0.28085196720267075,0.02621349086984992,0.5572916666666667,0.44270833333333337,0.5604727872513917,0.4395272127486084
E1,1819,2019-04-06,Bristol City,Wigan,2,2,D,,,0.49288622471824317,0.2773383130338802,0.22977546224787662,0.4989563140093836,0.2751930401906772,0.2258506457999392,0.02569635328836739,0.47368421052631576,0.5263157894736842,0.47222222222641946,0.5277777777735805
E1,1819,2019-04-06,Hull,Reading,3,1,H,,,0.5116885722885522,0.26437242901575203,0.2239389986956958,0.5184079281415471,0.26175985885011743,0.21983221300833541,0.02545291092246771,0.5052631578947367,0.49473684210526314,0.5055407801420785,0.4944592198579216
E1,1819,2019-04-06,Millwall,West Brom,2,0,H,,,0.34286581786531184,0.29043985183086046,0.3666943303038277,0.3432369178884299,0.28876192100092163,0.36800116111064846,0.026468594442121685,0.4581151832460733,0.5418848167539266,0.45583160800374806,0.544168391996252
E1,1819,2019-04-06,Norwich,QPR,4,0,H,,,0.6592804909418293,0.20372616029103738,0.13699334876713337,0.672204855489739,0.19850516641871477,0.12928997809154627,0.027113360119983554,0.6040609137055837,0.39593908629441626,0.6104287869138215,0.3895712130861784
E1,1819,2019-04-06,Preston,Sheffield United,0,1,A,,,0.3009647593218737,0.28732587294777073,0.41170936773035544,0.29972694285863793,0.28557104672778216,0.41470201041358,0.025755176786333323,0.47244094488188976,0.5275590551181102,0.4709784411221318,0.5290215588778682
E1,1819,2019-04-06,Rotherham,Nott'm Forest,2,1,H,,fpl-team-18,0.3104403807794752,0.28873786175841765,0.4008217574621072,0.3095433789530554,0.28699833504077193,0.40345828600617273,0.026360827032476664,0.47244094488188976,0.5275590551181102,0.4709784411221318,0.5290215588778682
E1,1819,2019-04-06,Sheffield Weds,Aston Villa,1,3,A,,fpl-team-2,0.3034976623069184,0.285269574480677,0.41123276321240454,0.30232919491625054,0.28339405862762973,0.4142767464561198,0.02636545803397894,0.48157894736842105,0.5184210526315789,0.4805830628839423,0.5194169371160577
E1,1819,2019-04-06,Swansea,Middlesbrough,3,1,H,,,0.40429978505047937,0.2959827086818151,0.2997175062677055,0.40706357543876115,0.29452857147953343,0.2984078530817054,0.02627458213828504,0.44010416666666663,0.5598958333333334,0.4367001513590554,0.5632998486409446
E1,1819,2019-04-09,Blackburn,Derby,2,0,H,,,0.3315528957744903,0.28320143180737717,0.3852456724181325,0.3314818592155063,0.2813137090749327,0.387204431709561,0.0254665722604841,0.513157894736842,0.48684210526315796,0.5138600138599122,0.48613998614008774
E1,1819,2019-04-09,Bolton,Middlesbrough,0,2,A,,,0.20906053961166277,0.28226274635996007,0.5086767140283772,0.2043550584922739,0.28029181818017146,0.5153531233275547,0.025747442385181785,0.41538461538461535,0.5846153846153845,0.4106562703135704,0.5893437296864297
E1,1819,2019-04-09,Bristol City,West Brom,3,2,H,,,0.38676648596391006,0.284013598648125,0.32921991538796497,0.3887876606617083,0.28215181942947376,0.3290605199088179,0.025528162717819214,0.5052631578947367,0.49473684210526314,0.5055407801420785,0.4944592198579216
E1,1819,2019-04-09,Preston,Leeds,0,2,A,,fpl-team-13,0.26528251520094914,0.27685006673587426,0.4578674180631766,0.26275722815612396,0.2747493766037181,0.4624933952401579,0.025054685305804014,0.4921052631578948,0.5078947368421052,0.4916876783688407,0.5083123216311592
E1,1819,2019-04-09,Sheffield Weds,Nott'm Forest,3,0,H,,fpl-team-18,0.4283040754775345,0.29529038744103314,0.27640553708143223,0.43194786584796474,0.29382752869262546,0.27422460545940985,0.025882679969072342,0.4363636363636364,0.5636363636363637,0.43279569893156794,0.567204301068432
E1,1819,2019-04-09,Swansea,Stoke,3,1,H,,,0.45736181314201857,0.2882765367683026,0.25436165008967876,0.4620742482444433,0.28655685927994134,0.25136889247561534,0.025639017578214407,0.44155844155844154,0.5584415584415584,0.4384404924803881,0.5615595075196119
E1,1819,2019-04-10,Birmingham,Sheffield United,1,1,D,,,0.27799180201559465,0.2898573057601627,0.43215089222424263,0.2758657863284733,0.28818328656047987,0.4359509271110468,0.025941733038052917,0.44010416666666663,0.5598958333333334,0.4367001513590554,0.5632998486409446
E1,1819,2019-04-10,Brentford,Ipswich,2,0,H,fpl-team-4,,0.6589188471244521,0.2103865055120202,0.1306946473635277,0.671964102549452,0.2053591081867302,0.1226767892638178,0.027431941591203213,0.5725388601036269,0.427461139896373,0.5767859591534537,0.4232140408465464
E1,1819,2019-04-10,Hull,Wigan,2,1,H,,,0.43855109961190175,0.2807244501940492,0.2807244501940492,0.4425188514547259,0.27874057427263704,0.27874057427263704,0.025433526025153697,0.5078947368421052,0.4921052631578948,0.5083123216311592,0.4916876783688407
E1,1819,2019-04-10,Millwall,QPR,0,0,D,,,0.47096216436126936,0.2773596419853539,0.2516781936533768,0.47618927579578885,0.275227101845353,0.24858362235885817,0.025631566997617483,0.4671916010498688,0.5328083989501312,0.46540654231752615,0.5345934576824739
E1,1819,2019-04-10,Norwich,Reading,2,2,D,,,0.6942971745694267,0.18798164607907406,0.11772117935149934,0.7080740350175768,0.1823273491503209,0.10959861583210238,0.026208435650914907,0.6040609137055837,0.39593908629441626,0.6104287869138215,0.3895712130861784
E1,1819,2019-04-10,Rotherham,Aston Villa,1,2,A,,fpl-team-2,0.20629951385704787,0.24076981237493433,0.552930673768018,0.20145626580093062,0.2372105681063709,0.5613331660926985,0.02589524071663618,0.5625,0.4375,0.5661375661393959,0.43386243386060414
E1,1819,2019-04-13,Aston Villa,Bristol City,2,1,H,fpl-team-2,,0.49911316806850775,0.2678855986808375,0.23300123325065472,0.5058207767865205,0.26522441231950616,0.22895481089397332,0.027349638054147363,0.5459317585301837,0.4540682414698162,0.5486327256567128,0.4513672743432872
E1,1819,2019-04-13,Derby,Bolton,4,0,H,,,0.674356013420744,0.20897625910401077,0.11666772747524527,0.687459855319762,0.20407301610817466,0.10846712857206336,0.026369054685346782,0.5249343832020998,0.4750656167979003,0.5262430939192101,0.4737569060807899
E1,1819,2019-04-13,Ipswich,Birmingham,1,1,D,,,0.267535953978907,0.29679769894534996,0.43566634707574303,0.26495912943813743,0.29535797200844666,0.4396828985534159,0.026489072828553617,0.41752577319587636,0.5824742268041238,0.41259696274363056,0.5874030372563693
E1,1819,2019-04-13,Leeds,Sheffield Weds,1,0,H,fpl-team-13,,0.6243551987394722,0.22595711954380895,0.14968768171671887,0.6359719344103336,0.22159783850359896,0.1424302270860675,0.027211150154471397,0.5184210526315789,0.48157894736842105,0.5194169371160577,0.4805830628839423
E1,1819,2019-04-13,Middlesbrough,Hull,1,0,H,,,0.4869655006577365,0.2744458746481463,0.2385886246941171,0.4930215341428126,0.2721130376908203,0.2348654281663671,0.026627845596522093,0.48157894736842105,0.5184210526315789,0.4805830628839423,0.5194169371160577
E1,1819,2019-04-13,Nott'm Forest,Blackburn,1,2,A,fpl-team-18,,0.4358576628323069,0.2879302136286149,0.27621212353907826,0.4398473565624949,0.2861611057881949,0.2739915376493102,0.026256056036800146,0.48031496062992135,0.5196850393700787,0.4793012088058304,0.5206987911941695
E1,1819,2019-04-13,QPR,Swansea,4,0,H,,,0.3115692697294173,0.27705139145035645,0.41137933882022626,0.3107201013907302,0.27487274363841696,0.4144071549708528,0.026179183972999454,0.5210526315789473,0.4789473684210527,0.5222000222007822,0.47779997779921773
E1,1819,2019-04-13,Reading,Brentford,2,1,H,,fpl-team-4,0.3003770294970135,0.26220757271010026,0.43741539779288613,0.2990607698165828,0.25939129826749835,0.44154793191591885,0.02680367394350469,0.5625,0.4375,0.5661375661393959,0.43386243386060414
E1,1819,2019-04-13,Sheffield United,Millwall,1,1,D,,,0.5789877868499508,0.2505382507741212,0.17047396237592805,0.5886849590400272,0.24721639586611988,0.16409864509385302,0.02680881740525365,0.47368421052631576,0.5263157894736842,0.47222222222641946,0.5277777777735805
E1,1819,2019-04-13,Stoke,Rotherham,2,2,D,,,0.542972837708722,0.27071295327357936,0.18631420901769877,0.5511314159560818,0.2682341149156976,0.1806344691282206,0.026373224332928658,0.43005181347150256,0.5699481865284974,0.42606790800423666,0.5739320919957633
E1,1819,2019-04-13,West Brom,Preston,4,1,H,,,0.49607522258896625,0.26094915818378495,0.24297561922724875,0.5021103469647981,0.2582593454616336,0.2396303075735684,0.02503129094839096,0.5406824146981627,0.4593175853018373,0.5429958391045165,0.45700416089548346
E1,1819,2019-04-14,Wigan,Norwich,1,1,D,,,0.23366803024668406,0.2522623032106112,0.5140696665427049,0.22986193650919,0.24915357603198487,0.5209844874588252,0.025848165852949023,0.5598958333333334,0.44010416666666663,0.5632998486409446,0.4367001513590554
E1,1819,2019-04-19,Birmingham,Derby,2,2,D,,,0.3717911774374876,0.29081825229005925,0.3373905702724531,0.37335043758247655,0.28909742122651494,0.3375521411910084,0.027397484867833555,0.46052631578947373,0.5394736842105263,0.45818815331659807,0.541811846683402
E1,1819,2019-04-19,Bolton,Aston Villa,0,2,A,,fpl-team-2,0.11669954866084703,0.1865354990405665,0.6967649522985866,0.10792184746587861,0.18037585307980752,0.7117022994543138,0.028301722137257457,0.577319587628866,0.4226804123711341,0.581663763067284,0.41833623693271604
E1,1819,2019-04-19,Bristol City,Reading,1,1,D,,,0.5477256180168778,0.2540389595627878,0.1982354224203344,0.5565352096896843,0.2507490119241825,0.19271577838613319,0.027847888646647334,0.5380577427821522,0.46194225721784776,0.5401884700643199,0.4598115299356801
E1,1819,2019-04-19,Leeds,Wigan,1,2,A,fpl-team-13,,0.702022712684064,0.1891677968310352,0.10880949048490085,0.7171328744459284,0.18310532943260566,0.09976179612146577,0.028282823506742716,0.5651041666666667,0.4348958333333333,0.5689864510489147,0.43101354895108535
E1,1819,2019-04-19,Middlesbrough,Stoke,1,0,H,,,0.539404895685738,0.2751746714222895,0.18542043289197244,0.5475661395633229,0.27282639937387154,0.17960746106280553,0.026848491746932268,0.3949367088607595,0.6050632911392405,0.3886922004051118,0.6113077995948881
E1,1819,2019-04-19,Millwall,Brentford,1,1,D,,fpl-team-4,0.4233209363377816,0.27565084226646247,0.3010282213957558,0.4269631379539623,0.2733207392410874,0.29971612280495036,0.027323167771100998,0.5184210526315789,0.48157894736842105,0.5194169371160577,0.4805830628839423
E1,1819,2019-04-19,Norwich,Sheffield Weds,2,2,D,,,0.6275343001642099,0.220366696104176,0.15209900373161425,0.63962753414531,0.21565249965378328,0.1447199662009066,0.02803527284413576,0.5509138381201044,0.44908616187989553,0.5537308497832173,0.44626915021678265
E1,1819,2019-04-19,Preston,Ipswich,4,0,H,,,0.5974787634304333,0.23929250223032467,0.16322873433924207,0.6078110324437628,0.23555688031407426,0.15663208724216304,0.02659049234353006,0.5078947368421052,0.4921052631578948,0.5083123216311592,0.4916876783688407
E1,1819,2019-04-19,QPR,Blackburn,1,2,A,,,0.4352027224711661,0.2710691242820406,0.29372815324679324,0.43928508126780136,0.2685785212049019,0.2921363975272967,0.0270504392683506,0.5394736842105263,0.46052631578947373,0.541811846683402,0.45818815331659807
E1,1819,2019-04-19,Sheffield United,Nott'm Forest,2,0,H,,fpl-team-18,0.6191317732234985,0.23331813128865833,0.1475500954878431,0.6309462710828623,0.22909783980232692,0.13995588911481086,0.028207025956362486,0.4973684210526315,0.5026315789473684,0.4972298401618182,0.5027701598381817
E1,1819,2019-04-19,Swansea,Rotherham,4,3,H,,,0.5841358295359306,0.23423268412084347,0.18163148634322604,0.5947063590509519,0.23001483067754455,0.17527881027150344,0.028635434806346893,0.5688311688311688,0.43116883116883115,0.5728943169866965,0.42710568301330365
E1,1819,2019-04-19,West Brom,Hull,3,2,H,,,0.5197104739714512,0.2483211925242182,0.2319683335043307,0.5268353923388034,0.24506487072252003,0.22809973693867655,0.025831464445218444,0.5861182519280206,0.4138817480719795,0.5912607605804253,0.4087392394195746
E1,1819,2019-04-22,Aston Villa,Millwall,1,0,H,fpl-team-2,,0.5932131042578167,0.23263258990502614,0.17415430583715716,0.6035613644622667,0.22857915284506813,0.1678594826926651,0.027047824813053012,0.5662337662337663,0.43376623376623374,0.5700433994285419,0.42995660057145807
E1,1819,2019-04-22,Blackburn,Bolton,2,0,H,,,0.650181978416809,0.21001453285144717,0.13980348873174392,0.6627695387660023,0.2050345877703748,0.13219587346362283,0.02714315801858902,0.5483028720626633,0.4516971279373368,0.5509221029460813,0.4490778970539186
E1,1819,2019-04-22,Brentford,Leeds,2,0,H,fpl-team-4,fpl-team-13,0.2660286661252442,0.26381176057420047,0.4701595733005553,0.26338289041143387,0.2610800851981258,0.4755370243904403,0.026530717499554157,0.5598958333333334,0.44010416666666663,0.5632998486409446,0.4367001513590554
E1,1819,2019-04-22,Derby,QPR,2,0,H,,,0.5646527734833962,0.23894626182672685,0.19640096468987692,0.5739620069182367,0.23512163765375277,0.19091635542801041,0.02727872389368713,0.5699481865284974,0.43005181347150256,0.5739320919957633,0.42606790800423666
E1,1819,2019-04-22,Hull,Sheffield United,0,3,A,,,0.26984455652019584,0.2668125952109801,0.46334284826882405,0.26735559104977136,0.2642063731049294,0.46843803584529925,0.026452235062606633,0.5328083989501312,0.4671916010498688,0.5345934576824739,0.46540654231752615
E1,1819,2019-04-22,Ipswich,Swansea,0,1,A,,,0.25263101851030223,0.26024455605444835,0.48712442543524953,0.24947217159407387,0.2573790951663137,0.4931487332396125,0.026451864861883223,0.5471204188481674,0.4528795811518324,0.5497828912734765,0.45021710872652343
E1,1819,2019-04-22,Nott'm Forest,Middlesbrough,3,0,H,fpl-team-18,,0.29831859666882843,0.28922351750209585,0.41245788582907583,0.29691198860487045,0.28745471988880333,0.4156332915063262,0.027085068402811885,0.4671916010498688,0.5328083989501312,0.46540654231752615,0.5345934576824739
E1,1819,2019-04-22,Reading,West Brom,0,0,D,,,0.2823606795345778,0.2680033568463789,0.44963596361904323,0.2803135450012526,0.2653873824654039,0.4542990725333435,0.027065980480983853,0.5509138381201044,0.44908616187989553,0.5537308497832173,0.44626915021678265
E1,1819,2019-04-22,Rotherham,Birmingham,1,3,A,,,0.34749438681484934,0.2790175517660408,0.37348806141910973,0.3480577640935681,0.27684653801370424,0.3750956978927276,0.027072485769167542,0.5223097112860893,0.47769028871391084,0.5234689933193785,0.47653100668062165
E1,1819,2019-04-22,Sheffield Weds,Bristol City,2,0,H,,,0.3679665929588111,0.2868138398289223,0.3452195672122665,0.36933383164459144,0.2849799268233874,0.3456862415320211,0.02668324636761099,0.4934383202099738,0.5065616797900262,0.49310991070491567,0.5068900892950844
E1,1819,2019-04-22,Stoke,Norwich,2,2,D,,,0.25613894260590353,0.2700040135731747,0.47385704382092164,0.2529827756678216,0.26740688589501266,0.4796103384371658,0.02765577076934278,0.5,0.5,0.5,0.5
E1,1819,2019-04-22,Wigan,Preston,2,0,H,,,0.42277085030390377,0.27370135973431925,0.30352778996177704,0.42648054000963465,0.27123353232343794,0.30228592766692747,0.028010952286422253,0.5456919060052219,0.4543080939947781,0.5481218720770542,0.4518781279229459
E1,1819,2019-04-27,Birmingham,Wigan,1,1,D,,,0.46366368379305345,0.2757649897777927,0.26057132642915404,0.46919507408129146,0.2733170802321829,0.2574878456865257,0.02867726027034223,0.513157894736842,0.48684210526315796,0.5138600138599122,0.48613998614008774
E1,1819,2019-04-27,Bolton,Brentford,0,1,A,,fpl-team-4,0.19687381686408134,0.241801431481782,0.5613247516541368,0.19078899339890182,0.2376638546232688,0.5715471519778293,0.030446334974840283,0.5613577023498694,0.4386422976501305,0.5650609080815892,0.43493909191841096
E1,1819,2019-04-27,Bristol City,Derby,0,2,A,,,0.4112534527097819,0.2765739594247071,0.312172587865511,0.4145559458984972,0.2741742647348815,0.31126978936662125,0.028633029898628592,0.5065963060686015,0.49340369393139843,0.5069630124784155,0.49303698752158454
E1,1819,2019-04-27,Middlesbrough,Reading,2,1,H,,,0.5922939775004339,0.244876063049275,0.1628299594502911,0.6029130230563827,0.24118311659855016,0.15590386034506717,0.027900476241484284,0.48548812664907653,0.5145118733509234,0.48467112597614054,0.5153288740238595
E1,1819,2019-04-27,Millwall,Stoke,0,0,D,,,0.4620002602085386,0.2827165771425385,0.2552831626489229,0.46733128229798676,0.28061155451690595,0.25205716318510746,0.027989298454485834,0.4514435695538058,0.5485564304461943,0.44853677534952663,0.5514632246504734
E1,1819,2019-04-27,Norwich,Blackburn,2,1,H,,,0.6901572106017064,0.18575940638985028,0.1240833830084433,0.7054367393846668,0.17932694448082473,0.11523631613450853,0.029468331718817353,0.6311881188118812,0.3688118811881188,0.6394920384522266,0.36050796154777337
E1,1819,2019-04-27,Preston,Sheffield Weds,3,3,D,,,0.38902026412485896,0.28387965219922145,0.32710008367591953,0.39140439942680333,0.28176732711943764,0.3268282734537591,0.028938024071976542,0.4986807387862796,0.5013192612137204,0.49860763018684684,0.5013923698131533
E1,1819,2019-04-27,QPR,Nott'm Forest,0,1,A,,fpl-team-18,0.3843059809769466,0.2756246977269063,0.34006932129614703,0.3864835954484883,0.2731652625791022,0.3403511419724096,0.028899066150188446,0.5289473684210526,0.4710526315789474,0.5305733900309719,0.4694266099690281
E1,1819,2019-04-27,Sheffield United,Ipswich,2,0,H,,,0.8044940197122504,0.1381809233275772,0.057325056960172434,0.823186124777069,0.12999044227141537,0.04682343295151563,0.028438174864277244,0.6015228426395939,0.398477157360406,0.6075008734582058,0.3924991265417941
E1,1819,2019-04-27,Swansea,Hull,2,2,D,,,0.5534591194968553,0.2389937106918239,0.20754716981132076,0.5627147325157944,0.23500763630945753,0.20227763117474806,0.02849808195605874,0.5824742268041238,0.41752577319587636,0.5874030372563693,0.41259696274363056
E1,1819,2019-04-27,West Brom,Rotherham,2,1,H,,,0.5803908521094792,0.23301406131488944,0.18659508657563134,0.5908572725546024,0.22872856360825572,0.18041416383714173,0.028772847959771752,0.5923076923076923,0.40769230769230774,0.598015192346614,0.40198480765338596
E1,1819,2019-04-28,Leeds,Aston Villa,1,1,D,fpl-team-13,fpl-team-2,0.5124107768973565,0.24880838248296844,0.238780840619675,0.5197106477182173,0.24535857749148807,0.23493077479029456,0.027561395429074764,0.5798969072164949,0.42010309278350516,0.5845262440221842,0.4154737559778157
E1,1819,2019-04-30,Millwall,Bristol City,1,2,A,,,0.305132552648676,0.2858319996196935,0.40903544773163036,0.30400524558442804,0.28394066808682167,0.4120540863287501,0.026911847293376923,0.4789473684210527,0.5210526315789473,0.47779997779921773,0.5222000222007822
E1,1819,2019-05-01,Swansea,Derby,1,1,D,,,0.3272018276351032,0.26729163384276033,0.4055065385221364,0.32694934597011466,0.2646635885131188,0.4083870655167667,0.02695863670669496,0.5762273901808785,0.42377260981912146,0.5806628021313719,0.4193371978686282
E1,1819,2019-05-05,Aston Villa,Norwich,1,2,A,fpl-team-2,,0.34628047907620363,0.26802500357875647,0.3856945173450398,0.34679143363001635,0.26542356015701485,0.38778500621296874,0.026996494038030505,0.5861182519280206,0.4138817480719795,0.5912607605804253,0.4087392394195746
E1,1819,2019-05-05,Blackburn,Swansea,2,2,D,,,0.39143803780420944,0.26534455223702713,0.3432174099587634,0.3938305919457007,0.2625524868103042,0.3436169212439951,0.027850602054968476,0.5907928388746803,0.4092071611253197,0.5960497835526194,0.40395021644738066
E1,1819,2019-05-05,Brentford,Preston,3,0,H,fpl-team-4,,0.5016475577684688,0.24884878849931916,0.2495036537322121,0.5084865689622803,0.2454162317438892,0.24609719929383045,0.027461500838398933,0.5979643765903307,0.4020356234096692,0.6036897387398802,0.39631026126011987
E1,1819,2019-05-05,Derby,West Brom,3,1,H,,,0.4930581082991659,0.2517743531740421,0.255167538526792,0.4997358987427819,0.24836582356606351,0.2518982776911545,0.028260526014491916,0.5777202072538861,0.422279792746114,0.5825332196074612,0.41746678039253876
E1,1819,2019-05-05,Hull,Bristol City,1,1,D,,,0.32897355700881437,0.2661359112880296,0.40489053170315614,0.328785967668398,0.2633838655531234,0.4078301667784787,0.02776217693462968,0.578811369509044,0.42118863049095606,0.5835341805427401,0.41646581945725997
E1,1819,2019-05-05,Ipswich,Leeds,3,2,H,,fpl-team-13,0.1657186987966896,0.23538650998236263,0.5988947912209478,0.15871010058466,0.23119368494802806,0.6100962144673119,0.028711867751553655,0.5459317585301837,0.4540682414698162,0.5486327256567128,0.4513672743432872
E1,1819,2019-05-05,Nott'm Forest,Bolton,1,0,H,fpl-team-18,,0.7212754088913556,0.1824074875767714,0.09631710353187316,0.7380832539224197,0.17564417548921868,0.08627257058836164,0.030132087180390954,0.5907928388746803,0.4092071611253197,0.5960497835526194,0.40395021644738066
E1,1819,2019-05-05,Reading,Birmingham,0,0,D,,,0.35479882166107,0.279443319715356,0.36575785862357413,0.3556789306740043,0.277230778001371,0.3670902913246248,0.027821758179925382,0.5342105263157895,0.4657894736842106,0.5361804569814632,0.4638195430185368
E1,1819,2019-05-05,Rotherham,Middlesbrough,1,2,A,,,0.2080832693604682,0.24464570428685536,0.5472710263526765,0.2028761078500692,0.24092231838478162,0.5562015737651492,0.028283114545047283,0.549738219895288,0.450261780104712,0.5526024363159369,0.44739756368406325
E1,1819,2019-05-05,Sheffield Weds,QPR,1,2,A,,,0.5354834389359593,0.2534239804589967,0.21109258060504407,0.543750224398098,0.25013452835607275,0.20611524724582925,0.02768681850284338,0.549738219895288,0.450261780104712,0.5526024363159369,0.44739756368406325
E1,1819,2019-05-05,Stoke,Sheffield United,2,2,D,,,0.28343729959773806,0.28428846265959307,0.43227423774266893,0.2813539090222337,0.2822402501568888,0.4364058408208775,0.02819790900684893,0.48157894736842105,0.5184210526315789,0.4805830628839423,0.5194169371160577
E1,1819,2019-05-05,Wigan,Millwall,1,0,H,,,0.44304484411186956,0.27561510651145377,0.2813400493766768,0.447498414132026,0.27327342659559445,0.27922815927237954,0.027404029038734734,0.513157894736842,0.48684210526315796,0.5138600138599122,0.48613998614008774
