league,season,date,home_team_raw,away_team_raw,home_goals,away_goals,result,home_team_id,away_team_id,prob_home_proportional,prob_draw_proportional,prob_away_proportional,prob_home_shin,prob_draw_shin,prob_away_shin,shin_z,prob_over25_proportional,prob_under25_proportional,prob_over25_shin,prob_under25_shin
E1,2122,2021-08-06,Bournemouth,West Brom,2,2,D,fpl-team-3,,0.41127689624971403,0.2861595272098914,0.3025635765403947,0.4143161815141553,0.2843224060480492,0.3013614124377955,0.026308799628168344,0.46214099216710186,0.5378590078328982,0.4602325708945504,0.5397674291054496
E1,2122,2021-08-07,Blackburn,Swansea,2,1,H,,,0.44312722971555035,0.2882347330064674,0.26863803727798236,0.44756813760493125,0.2864061776011156,0.2660256847939531,0.02730651805177331,0.423076923076923,0.5769230769230769,0.41919191919322074,0.5808080808067793
E1,2122,2021-08-07,Bristol City,Blackpool,1,1,D,,,0.4270945408616737,0.28558731346774574,0.28731814567058056,0.4308969411864749,0.28365134648275514,0.28545171233076994,0.027373884222470224,0.43927648578811374,0.5607235142118864,0.436297099483457,0.563702900516543
E1,2122,2021-08-07,Cardiff,Barnsley,1,1,D,,,0.41566165146309686,0.2980215614263713,0.28631678711053193,0.41902921335871657,0.29657520470547355,0.2843955819358099,0.027613199083134532,0.4086294416243655,0.5913705583756345,0.40403326846925786,0.5959667315307422
E1,2122,2021-08-07,Derby,Huddersfield,1,1,D,,,0.20427354974385614,0.25410972407814814,0.5416167261779956,0.19902492291239884,0.2508447983509251,0.550130278736676,0.02768609975464642,0.4543080939947781,0.5456919060052219,0.4518781279229459,0.5481218720770542
E1,2122,2021-08-07,Luton,Peterboro,3,0,H,,,0.4298858665594047,0.2777917441802001,0.29232238926039517,0.43365230272832744,0.27562774649332034,0.2907199507783522,0.02632013475522399,0.47382198952879584,0.5261780104712042,0.4725131249860944,0.5274868750139057
E1,2122,2021-08-07,Preston,Hull,1,4,A,,,0.40518508779269213,0.28994896190669706,0.3048659503006108,0.4080985528488349,0.2881919181205894,0.3037095290305757,0.02737105661071837,0.46858638743455505,0.5314136125654451,0.4669758097866967,0.5330241902133033
E1,2122,2021-08-07,QPR,Millwall,1,1,D,,,0.45167853509664296,0.2848423194303154,0.26347914547304174,0.4564435278243153,0.2828846901096496,0.2606717820660351,0.027183577651157975,0.42783505154639173,0.5721649484536083,0.4240204059478852,0.5759795940521147
E1,2122,2021-08-07,Stoke,Reading,3,2,H,,,0.45446070662813465,0.29225319287778506,0.25328610049408035,0.4592091736542992,0.2906335429746065,0.25015728337109433,0.02646513655781746,0.3909774436090226,0.6090225563909775,0.3852484963605688,0.6147515036394312
E1,2122,2021-08-07,Sheffield United,Birmingham,0,1,A,,,0.5208936671460832,0.2747902823785135,0.20431605047540335,0.5285257709119079,0.27237604220964584,0.19909818687844616,0.027552965795621276,0.4215938303341903,0.5784061696658098,0.41734417344999014,0.5826558265500098
E1,2122,2021-08-08,Fulham,Middlesbrough,1,1,D,fpl-team-10,,0.4947035112023081,0.275313258408241,0.22998323038945073,0.5010321016768354,0.2730224182503557,0.22594548007280885,0.026499760104343295,0.4595300261096606,0.5404699738903395,0.4574549846322122,0.5425450153677878
E1,2122,2021-08-08,Coventry,Nott'm Forest,2,1,H,,fpl-team-18,0.37752629628573875,0.30765941677831304,0.3148142869359482,0.37933667336072263,0.3066083039417959,0.31405502269748153,0.027661235304549336,0.3875,0.6125,0.38150098749344763,0.6184990125065525
E1,2122,2021-08-14,Peterboro,Derby,2,1,H,,,0.4306865308417117,0.29018818084151915,0.27912528831676914,0.43434441823953013,0.28856519492221544,0.27709038683825443,0.025339761981740594,0.4366925064599483,0.5633074935400517,0.4334998100010362,0.5665001899989639
E1,2122,2021-08-14,Barnsley,Coventry,1,0,H,,,0.4654323804556863,0.29178482566793784,0.24278279387637577,0.47014916357061004,0.2902906487624544,0.23956018766693565,0.024085646495223045,0.4329896907216495,0.5670103092783505,0.42965367965357554,0.5703463203464245
E1,2122,2021-08-14,Birmingham,Stoke,0,0,D,,,0.3467668257029743,0.31265861333874734,0.3405745609582783,0.34725097257120874,0.31191378694942334,0.340835240479368,0.02432542759925127,0.38308457711442784,0.6169154228855721,0.3769375785597758,0.6230624214402241
E1,2122,2021-08-14,Blackpool,Cardiff,0,2,A,,,0.3069279260936047,0.29826851752043093,0.3948035563859645,0.3059282631122104,0.29694313605222,0.3971286008355696,0.02551099262200296,0.42673521850899737,0.5732647814910026,0.4230104273600676,0.5769895726399324
E1,2122,2021-08-14,Huddersfield,Fulham,1,5,A,,fpl-team-10,0.21865010503242302,0.2781075897342222,0.5032423052333546,0.21429429895287078,0.2759796251099302,0.5097260759371991,0.025790148531086743,0.43927648578811374,0.5607235142118864,0.436297099483457,0.563702900516543
E1,2122,2021-08-14,Hull,QPR,0,3,A,,,0.3459570278472192,0.29638063133328746,0.3576623408194935,0.34643346002327036,0.29498388039613266,0.35858265958059704,0.025556408101692796,0.47258485639686687,0.5274151436031332,0.4712816585529708,0.5287183414470292
E1,2122,2021-08-14,Middlesbrough,Bristol City,2,1,H,,,0.5287231531744159,0.27585555817795615,0.19542128864762803,0.5360882382675621,0.27365560202290057,0.19025615970953735,0.02551084104925394,0.43556701030927836,0.5644329896907216,0.4324525141055018,0.5675474858944982
E1,2122,2021-08-14,Millwall,Blackburn,1,1,D,,,0.38369236089608777,0.3001757271363715,0.31613191196754076,0.38559331851629486,0.298925432534001,0.3154812489497041,0.02546294406056404,0.4194373401534527,0.5805626598465473,0.41538626841351595,0.584613731586484
E1,2122,2021-08-14,Nott'm Forest,Bournemouth,1,2,A,fpl-team-18,fpl-team-3,0.2765204576244517,0.2891277733216151,0.43435176905393325,0.2743609184840959,0.2874433888334897,0.4381956926824145,0.02566687040962279,0.4366925064599483,0.5633074935400517,0.4334998100010362,0.5665001899989639
E1,2122,2021-08-14,Reading,Preston,2,1,H,,,0.43328918863057003,0.2879867718994725,0.27872403946995733,0.43693016961882686,0.28633346250311703,0.27673636787805617,0.024557369761168957,0.451948051948052,0.548051948051948,0.4496105027956371,0.5503894972043629
E1,2122,2021-08-14,West Brom,Luton,3,2,H,,,0.5762881440720361,0.247623811905953,0.176088044022011,0.5856153785108151,0.2442893287059625,0.1700952927832225,0.026044299360364676,0.4856396866840731,0.5143603133159269,0.4849899022964023,0.5150100977035976
E1,2122,2021-08-14,Swansea,Sheffield United,0,0,D,,,0.31450983218614487,0.29967446274340215,0.385815705070453,0.31381944665788436,0.29844338267247017,0.3877371706696455,0.024686813121661544,0.4194373401534527,0.5805626598465473,0.41538626841351595,0.584613731586484
E1,2122,2021-08-17,Barnsley,Luton,0,1,A,,,0.41070494842420496,0.29647763464372295,0.292817416932072,0.4138051869781997,0.2950002957194318,0.2911945173023685,0.027042111149057746,0.41538461538461535,0.5846153846153845,0.4106562703135704,0.5893437296864297
E1,2122,2021-08-17,Blackpool,Coventry,0,1,A,,,0.3186710909679509,0.3014729685982519,0.37985594043379745,0.3180934432034031,0.30022234056080926,0.3816842162357876,0.02652329986449331,0.40712468193384227,0.5928753180661578,0.402092274684614,0.5979077253153859
E1,2122,2021-08-17,Huddersfield,Preston,1,0,H,,,0.38783269961977185,0.30164765525982257,0.3105196451204056,0.3899506154571506,0.3004171745206254,0.309632210022224,0.02622052771039307,0.41687979539641945,0.5831202046035805,0.4125497793691309,0.587450220630869
E1,2122,2021-08-17,Millwall,Fulham,1,2,A,,fpl-team-10,0.25496882381086194,0.30877717948523214,0.43625399670390597,0.25198528470456005,0.3078293172823607,0.44018539801307927,0.02578228455968201,0.40458015267175573,0.5954198473282442,0.39920980488085617,0.6007901951191439
E1,2122,2021-08-17,Peterboro,Cardiff,2,2,D,,,0.3038083866768362,0.2999748423654565,0.39621677095770724,0.30267785492238153,0.2986984202106115,0.39862372486700687,0.025819179136306047,0.42783505154639173,0.5721649484536083,0.4240204059478852,0.5759795940521147
E1,2122,2021-08-17,Swansea,Stoke,1,3,A,,,0.3066022907716241,0.3085932147376736,0.3848044944907023,0.3055697301566683,0.3076372097877968,0.3867930600555349,0.026065911166369915,0.4035532994923858,0.5964467005076142,0.3983005486587334,0.6016994513412668
E1,2122,2021-08-17,Reading,Bristol City,2,3,A,,,0.4149230968786728,0.2997393980606185,0.2853375050607089,0.41809658437555874,0.29843058405296774,0.28347283157147357,0.026241618674248457,0.43152454780361754,0.5684754521963824,0.4278715296689119,0.572128470331088
E1,2122,2021-08-18,Birmingham,Bournemouth,0,2,A,,fpl-team-3,0.3085935624309746,0.297021303839813,0.3943851337292123,0.30763634322861877,0.29561943368418736,0.3967442230871939,0.026068985229358077,0.44791666666666663,0.5520833333333334,0.4451513821865228,0.5548486178134774
E1,2122,2021-08-18,Hull,Derby,0,1,A,,,0.5079130461253302,0.267548562325174,0.22453839154949587,0.5147658222701412,0.26494999392811075,0.22028418380174805,0.02653275104239583,0.4554973821989528,0.544502617801047,0.45302829355420515,0.5469717064457948
E1,2122,2021-08-18,Middlesbrough,QPR,2,3,A,,,0.38734189468249874,0.29842378678368614,0.3142343185338152,0.38949339131341887,0.2970347202516588,0.31347188843492235,0.026887912303209305,0.4569190600522194,0.5430809399477807,0.4546703296758698,0.5453296703241303
E1,2122,2021-08-18,Nott'm Forest,Blackburn,1,2,A,fpl-team-18,,0.3888208762886598,0.2928157216494845,0.3183634020618557,0.39104311310832796,0.2911956693350006,0.3177612175566715,0.02703626244328916,0.4516971279373368,0.5483028720626633,0.4490778970539186,0.5509221029460813
E1,2122,2021-08-18,West Brom,Sheffield United,4,0,H,,,0.45439393542152784,0.28180514095875164,0.26380092361972035,0.4591542546324309,0.279774659111329,0.26107108625624004,0.02654006180819124,0.44415584415584414,0.5558441558441558,0.44124719898813486,0.5587528010118651
E1,2122,2021-08-20,Bristol City,Swansea,0,1,A,,,0.42315076622333925,0.2984605717876218,0.278388661989039,0.4265051237040951,0.29715513249136943,0.2763397438045355,0.02518570877145976,0.42783505154639173,0.5721649484536083,0.4240204059478852,0.5759795940521147
E1,2122,2021-08-21,QPR,Barnsley,2,2,D,,,0.4526820268202682,0.27877778777787776,0.26854018540185404,0.45728287359604247,0.2766723803776549,0.26604474602630257,0.026010826928541064,0.4595300261096606,0.5404699738903395,0.4574549846322122,0.5425450153677878
E1,2122,2021-08-21,Blackburn,West Brom,1,2,A,,,0.2521453543807607,0.2795847017692552,0.46826994384998416,0.24901933038954654,0.2775032471167648,0.4734774224936886,0.02604921511374414,0.45312499999999994,0.5468749999999999,0.4507389162488727,0.5492610837511274
E1,2122,2021-08-21,Bournemouth,Blackpool,2,2,D,fpl-team-3,,0.5663799758986032,0.25509875590071135,0.17852126820068542,0.575203343972253,0.2520940441073815,0.1727026119203654,0.02566889044828713,0.46858638743455505,0.5314136125654451,0.4669758097866967,0.5330241902133033
E1,2122,2021-08-21,Cardiff,Millwall,3,1,H,,,0.4168866363988315,0.307605673459332,0.27550769014183646,0.420113963029541,0.30660710665050256,0.2732789303199564,0.026062393793836236,0.3919597989949749,0.6080402010050251,0.3860987497240318,0.6139012502759682
E1,2122,2021-08-21,Coventry,Reading,2,1,H,,,0.4531086534150351,0.28403826034972346,0.2628530862352414,0.45763860278067914,0.2821692867330763,0.2601921104862446,0.02551488345488906,0.4404145077720207,0.5595854922279793,0.43736383441719673,0.5626361655828032
E1,2122,2021-08-21,Derby,Middlesbrough,0,0,D,,,0.3175749643507802,0.2995423165327548,0.3828827191164649,0.31695285941701307,0.2982134164877976,0.38483372409518934,0.026574659626930952,0.41687979539641945,0.5831202046035805,0.4125497793691309,0.587450220630869
E1,2122,2021-08-21,Fulham,Hull,2,0,H,fpl-team-10,,0.6737847663151182,0.2051914731110835,0.1210237605737983,0.6870930908299625,0.2000667686320268,0.11284014053801072,0.026812667725607753,0.5209424083769634,0.4790575916230366,0.5219677623056301,0.47803223769436987
E1,2122,2021-08-21,Luton,Birmingham,0,5,A,,,0.4527236509053874,0.28464660685668075,0.26262974223793195,0.45731740309756236,0.28276835240659703,0.25991424449584066,0.025963133899495006,0.42416452442159375,0.5758354755784061,0.42018398269195956,0.5798160173080403
E1,2122,2021-08-21,Preston,Peterboro,1,0,H,,,0.4280788749854724,0.29241080075930737,0.27951032425522027,0.43175259174541014,0.29082178430125716,0.27742562395333276,0.026159459026530385,0.43041237113402064,0.5695876288659795,0.42684314628064995,0.5731568537193501
E1,2122,2021-08-21,Sheffield United,Huddersfield,1,2,A,,,0.5769707428464652,0.2511877904212843,0.17184146673225048,0.5860998262492834,0.24806285187369376,0.1658373218770229,0.025418659206479788,0.4595300261096606,0.5404699738903395,0.4574549846322122,0.5425450153677878
E1,2122,2021-08-21,Stoke,Nott'm Forest,1,0,H,,fpl-team-18,0.5025894626314631,0.2810337527732145,0.21637678459532236,0.5092177376032782,0.27896221284584877,0.21182004955087314,0.0264795848634094,0.41687979539641945,0.5831202046035805,0.4125497793691309,0.587450220630869
E1,2122,2021-08-28,Cardiff,Bristol City,1,2,A,,,0.4804683194612833,0.2822929592087065,0.23723872133001023,0.48605833433738177,0.2803410906126092,0.23360057505000908,0.025652196258306503,0.4557291666666667,0.5442708333333333,0.45352016405289647,0.5464798359471035
E1,2122,2021-08-28,Derby,Nott'm Forest,1,1,D,,fpl-team-18,0.37211294467521133,0.3185983740363013,0.30928868128848735,0.37354347606351923,0.31805424559418405,0.30840227834229667,0.0248789438046515,0.37438423645320196,0.625615763546798,0.36790302528335567,0.6320969747166444
E1,2122,2021-08-28,Barnsley,Birmingham,1,1,D,,,0.4160604179113804,0.2986766009457872,0.28526298114283266,0.4191035195472496,0.2973999386159022,0.2834965418368482,0.02480126963928342,0.40506329113924056,0.5949367088607596,0.40026595744831933,0.5997340425516807
E1,2122,2021-08-28,Fulham,Stoke,3,0,H,fpl-team-10,,0.5044981501690133,0.2854794921615076,0.2100223576694791,0.5106989299268644,0.2837221718909499,0.20557889818218578,0.024478572653606534,0.42416452442159375,0.5758354755784061,0.42018398269195956,0.5798160173080403
E1,2122,2021-08-28,Huddersfield,Reading,4,0,H,,,0.4071491051797915,0.29135440554150216,0.3014964892787063,0.4098669370504397,0.28980999889234194,0.3003230640572184,0.02482444397173822,0.451948051948052,0.548051948051948,0.4496105027956371,0.5503894972043629
E1,2122,2021-08-28,Hull,Bournemouth,0,0,D,,fpl-team-3,0.27848101265822783,0.28860759493670884,0.43291139240506327,0.2764477937065128,0.2869466210399593,0.43660558525352794,0.02501601679250598,0.44675324675324674,0.5532467532467532,0.44404410962479757,0.5559558903752024
E1,2122,2021-08-28,Luton,Sheffield United,0,0,D,,,0.33559212649241693,0.29783801226202,0.36656986124556307,0.33567285687647286,0.29654458336510714,0.36778255975842006,0.02461909782141447,0.413265306122449,0.586734693877551,0.40874932902166,0.59125067097834
E1,2122,2021-08-28,Middlesbrough,Blackburn,1,1,D,,,0.4373926263778031,0.2924895477004941,0.27011782592170275,0.4411595904309084,0.2910072113232255,0.2678331982458661,0.024406135780736804,0.44415584415584414,0.5558441558441558,0.44124719898813486,0.5587528010118651
E1,2122,2021-08-28,Millwall,Blackpool,2,1,H,,,0.5099369383415547,0.2748075143223941,0.21525554733605134,0.5163250895394796,0.27267102785384556,0.21100388260667483,0.024433854734525084,0.42930591259640094,0.570694087403599,0.4258240276237681,0.5741759723762319
E1,2122,2021-08-28,Preston,Swansea,3,1,H,,,0.4143576826196474,0.2896725440806045,0.2959697732997481,0.41732210608785786,0.28807596247066247,0.29460193144147967,0.024665513541549444,0.4366925064599483,0.5633074935400517,0.4334998100010362,0.5665001899989639
E1,2122,2021-08-28,QPR,Coventry,2,0,H,,,0.4216200262522233,0.2878734922447204,0.2905064815030563,0.4248621220884201,0.28620448264997017,0.28893339526160955,0.024757947656325996,0.4647519582245431,0.5352480417754569,0.4630035626256049,0.5369964373743951
E1,2122,2021-08-28,Peterboro,West Brom,0,1,A,,,0.18908155645897284,0.25686551066124613,0.554052932879781,0.1838223202051917,0.25402841605053467,0.5621492637442737,0.024831665912643075,0.5,0.5,0.5,0.5
E1,2122,2021-09-10,Birmingham,Derby,2,0,H,,,0.5043689882952834,0.2897438868930351,0.20588712481168153,0.5105979934715851,0.28812974367031424,0.20127226285810063,0.02461741049773991,0.4025316455696203,0.5974683544303797,0.3973989979611039,0.6026010020388961
E1,2122,2021-09-11,Blackburn,Luton,2,2,D,,,0.4381441918989104,0.2846625438385137,0.2771932642625759,0.4421716814749119,0.28279086475492765,0.2750374537701605,0.02592263277620077,0.4934383202099738,0.5065616797900262,0.49310991070491567,0.5068900892950844
E1,2122,2021-09-11,Blackpool,Fulham,1,0,H,,fpl-team-10,0.1620281896580242,0.2360063209162784,0.6019654894256975,0.1555372246889265,0.23223273479531636,0.612230040515757,0.025969161186367273,0.4947643979057591,0.5052356020942408,0.49451709296171786,0.5054829070382821
E1,2122,2021-09-11,Bournemouth,Barnsley,3,0,H,fpl-team-3,,0.5040976142779093,0.2753596794755054,0.22054270624658528,0.5103903319493783,0.27320558165780917,0.21640408639281264,0.02489084261469543,0.4583333333333333,0.5416666666666667,0.45629370629077537,0.5437062937092246
E1,2122,2021-09-11,Bristol City,Preston,0,0,D,,,0.40787567392113244,0.29513985100504303,0.2969844750738246,0.4107640579098392,0.2936601703600281,0.29557577173013266,0.02613991848193109,0.4366925064599483,0.5633074935400517,0.4334998100010362,0.5665001899989639
E1,2122,2021-09-11,Coventry,Middlesbrough,2,0,H,,,0.4175426261205836,0.29657233257162946,0.28588504130778697,0.4206936290449173,0.29519525114093736,0.2841111198141454,0.02523322240449488,0.4086294416243655,0.5913705583756345,0.40403326846925786,0.5959667315307422
E1,2122,2021-09-11,Reading,QPR,3,3,D,,,0.3211009174311926,0.2795466810577442,0.39935240151106316,0.3206235246481435,0.27747303381120986,0.4019034415406468,0.026078820694237947,0.5209424083769634,0.4790575916230366,0.5219677623056301,0.47803223769436987
E1,2122,2021-09-11,Sheffield United,Peterboro,6,2,H,,,0.5770104497955475,0.24988641526578828,0.17310313493866425,0.5861284453639579,0.246718732267439,0.16715282236860313,0.025380082428455353,0.46736292428198434,0.5326370757180157,0.46576843027581766,0.5342315697241824
E1,2122,2021-09-11,Stoke,Huddersfield,2,1,H,,,0.5416025917664007,0.26851283422784933,0.18988457400575004,0.5491978701437171,0.26611524317870455,0.18468688667757832,0.024680731003172696,0.4455958549222798,0.5544041450777203,0.4429471854004886,0.5570528145995115
E1,2122,2021-09-11,Swansea,Hull,0,0,D,,,0.4422636571802421,0.28132155708210665,0.2764147857376513,0.44644143532863767,0.27932577549893656,0.27423278917242583,0.025873156264424324,0.4609375,0.5390625,0.4590600180182522,0.5409399819817476
E1,2122,2021-09-11,West Brom,Millwall,1,1,D,,,0.6105376480273573,0.23633715407510605,0.15312519789753656,0.6208280879400847,0.23267408067875425,0.1464978313811611,0.025245360913686454,0.4973821989528796,0.5026178010471204,0.4972587719301746,0.5027412280698255
E1,2122,2021-09-12,Nott'm Forest,Cardiff,1,2,A,fpl-team-18,,0.32171659919028345,0.30918218623481786,0.3691012145748988,0.3212843160794762,0.3082856798554652,0.3704300040650586,0.025059207808226347,0.4086294416243655,0.5913705583756345,0.40403326846925786,0.5959667315307422
E1,2122,2021-09-14,Blackburn,Hull,2,0,H,,,0.5403700846222614,0.2694196455907026,0.19021026978703603,0.548284846712486,0.2669392912668019,0.1847758620207121,0.025890180375427008,0.451948051948052,0.548051948051948,0.4496105027956371,0.5503894972043629
E1,2122,2021-09-14,Blackpool,Huddersfield,0,3,A,,,0.3637641924926259,0.30065053133459935,0.33558527617277467,0.36487496177042317,0.2994589850162121,0.3356660532133647,0.024629010818898678,0.4366925064599483,0.5633074935400517,0.4334998100010362,0.5665001899989639
E1,2122,2021-09-14,Bournemouth,QPR,2,1,H,fpl-team-3,,0.49699236457022705,0.2614315999931057,0.24157603543666728,0.5028279962333757,0.2588621130331158,0.23830989073350853,0.0240575538482517,0.5670103092783505,0.4329896907216495,0.5703463203464245,0.42965367965357554
E1,2122,2021-09-14,Sheffield United,Preston,2,2,D,,,0.5136356624513012,0.2811319454245288,0.20523239212417005,0.520647606322964,0.27907211892685946,0.20028027475017648,0.02631274564191699,0.43410852713178294,0.5658914728682171,0.430691454664774,0.5693085453352259
E1,2122,2021-09-14,Reading,Peterboro,3,1,H,,,0.4073208600599093,0.2770729106221476,0.31560622931794297,0.4100203709571286,0.2750246472129088,0.3149549818299626,0.024604997131973505,0.5039370078740157,0.4960629921259842,0.504133597884274,0.495866402115726
E1,2122,2021-09-14,West Brom,Derby,0,0,D,,,0.6181613618421363,0.23332561206786517,0.14851302608999842,0.6288438688050894,0.2295059104087151,0.14165022078619546,0.025530802784487605,0.5091863517060368,0.49081364829396334,0.5096477203811924,0.49035227961880756
E1,2122,2021-09-15,Birmingham,Fulham,1,4,A,,fpl-team-10,0.24108504064861447,0.3032757676949131,0.45563919165647243,0.23766741147994613,0.3021446220889241,0.46018796643112975,0.025104032130911946,0.41687979539641945,0.5831202046035805,0.4125497793691309,0.587450220630869
E1,2122,2021-09-15,Bristol City,Luton,1,1,D,,,0.3806995778687204,0.3031047594496181,0.31619566268166144,0.3824801182065222,0.301969467298547,0.31555041449493065,0.025355915538966656,0.4329896907216495,0.5670103092783505,0.42965367965357554,0.5703463203464245
E1,2122,2021-09-15,Coventry,Cardiff,1,0,H,,,0.4174789141211906,0.2983861831336409,0.28413490274516845,0.42063739149091944,0.29707235918791247,0.2822902493211682,0.025313630932942033,0.43782383419689114,0.5621761658031088,0.4345567583861699,0.5654432416138302
E1,2122,2021-09-15,Nott'm Forest,Middlesbrough,0,2,A,fpl-team-18,,0.3203439935501209,0.319269013705993,0.360386992743886,0.3198524391298663,0.3187368805154343,0.3614106803546994,0.025531730381771922,0.39,0.61,0.3844052122708325,0.6155947877291674
E1,2122,2021-09-15,Stoke,Barnsley,1,1,D,,,0.5286691481321016,0.2726660362858977,0.1986648155820006,0.5360484022598552,0.27034342951109436,0.19360816822905047,0.025561639107763767,0.42673521850899737,0.5732647814910026,0.4230104273600676,0.5769895726399324
E1,2122,2021-09-15,Swansea,Millwall,0,0,D,,,0.359281729116465,0.310129179856232,0.33058909102730283,0.3602492442947627,0.3092647923381126,0.3304859633671247,0.025159456068649888,0.4086294416243655,0.5913705583756345,0.40403326846925786,0.5959667315307422
E1,2122,2021-09-18,Hull,Sheffield United,1,3,A,,,0.2909339011163524,0.29362773353409644,0.4154383653495513,0.289325680849162,0.2921209415801152,0.4185533775707228,0.025587765034288168,0.42673521850899737,0.5732647814910026,0.4230104273600676,0.5769895726399324
E1,2122,2021-09-18,Barnsley,Blackburn,0,0,D,,,0.3361371869041473,0.30489366632651815,0.3589691467693346,0.3362424517131662,0.3038156119921214,0.3599419362947124,0.02561751054599881,0.43410852713178294,0.5658914728682171,0.430691454664774,0.5693085453352259
E1,2122,2021-09-18,Cardiff,Bournemouth,0,1,A,,fpl-team-3,0.33404519733111326,0.29114030960051157,0.3748144930683751,0.3340691888154097,0.28956730039343,0.3763635107911603,0.025202025892212987,0.46214099216710186,0.5378590078328982,0.4602325708945504,0.5397674291054496
E1,2122,2021-09-18,Derby,Stoke,2,1,H,,,0.30597878997912653,0.30402365394092123,0.38999755607995223,0.30494663973545444,0.30291812027041665,0.3921352399941291,0.025444224593229592,0.3944723618090452,0.6055276381909548,0.3889975421039103,0.6110024578960898
E1,2122,2021-09-18,Fulham,Reading,1,2,A,fpl-team-10,,0.6945105604690202,0.1922180743116278,0.11327136521935209,0.7082068013777356,0.18674650682953742,0.1050466917927269,0.026059246622025967,0.5621761658031088,0.43782383419689114,0.5654432416138302,0.4345567583861699
E1,2122,2021-09-18,Huddersfield,Nott'm Forest,0,2,A,,fpl-team-18,0.45768336222093836,0.28502436928729097,0.2572922684917707,0.4623407507582467,0.2832088263879032,0.25445042285385,0.025267773773521185,0.4455958549222798,0.5544041450777203,0.4429471854004886,0.5570528145995115
E1,2122,2021-09-18,Luton,Swansea,3,3,D,,,0.45116040585199346,0.2858704073116235,0.26296918683638293,0.45557630780662195,0.28408679871978,0.2603368934735981,0.025280864909291267,0.4493506493506493,0.5506493506493506,0.44683171556260953,0.5531682844373905
E1,2122,2021-09-18,Middlesbrough,Blackpool,1,2,A,,,0.516642216043312,0.27714917711944426,0.2062086068372438,0.523712902617435,0.27495405500992715,0.20133304237263788,0.02609312371350825,0.42930591259640094,0.570694087403599,0.4258240276237681,0.5741759723762319
E1,2122,2021-09-18,Millwall,Coventry,1,1,D,,,0.3747180519512017,0.3080206640634474,0.3172612839853508,0.3762723899089364,0.30707059653870583,0.31665701355235776,0.025334881152957678,0.41221374045801523,0.5877862595419847,0.4078082411430074,0.5921917588569927
E1,2122,2021-09-18,Peterboro,Birmingham,3,0,H,,,0.2902143001445244,0.28671774231145786,0.42306795754401777,0.2885968198456496,0.2849702238990418,0.4264329562553086,0.025287994416430593,0.4647519582245431,0.5352480417754569,0.4630035626256049,0.5369964373743951
E1,2122,2021-09-18,Preston,West Brom,1,1,D,,,0.256016942084326,0.2690716303492492,0.47491142756642485,0.25298823499880063,0.2665474389053786,0.48046432609582074,0.026479403022676706,0.49868766404199477,0.5013123359580053,0.4986222099750107,0.5013777900249893
E1,2122,2021-09-18,QPR,Bristol City,1,2,A,,,0.5175218734086807,0.2573622289383709,0.22511589765294857,0.5243871634670637,0.2545186811371135,0.22109415539582278,0.025179863325320184,0.5065616797900262,0.4934383202099738,0.5068900892950844,0.49310991070491567
E1,2122,2021-09-24,Coventry,Peterboro,3,0,H,,,0.581088612297975,0.24373026193572359,0.1751811257663013,0.5901759820687029,0.24040397751845585,0.1694200404128412,0.024867396685294807,0.4960629921259842,0.5039370078740157,0.495866402115726,0.504133597884274
E1,2122,2021-09-24,West Brom,QPR,2,1,H,,,0.5603694880128949,0.24239901517097232,0.19723149681613275,0.5687634034538653,0.2390144105032656,0.19222218604286914,0.025022471323609352,0.5743589743589743,0.42564102564102557,0.577990533564807,0.422009466435193
E1,2122,2021-09-25,Reading,Middlesbrough,1,0,H,,,0.319986068241596,0.29705871755761865,0.38295521420078543,0.3195021476900834,0.2957499210551614,0.3847479312547552,0.024359488859772682,0.4569190600522194,0.5430809399477807,0.4546703296758698,0.5453296703241303
E1,2122,2021-09-25,Birmingham,Preston,0,0,D,,,0.45368514807392557,0.292251169004676,0.25406368292139836,0.45811824616508434,0.2907300319043152,0.2511517219306005,0.02484721294604242,0.413265306122449,0.586734693877551,0.40874932902166,0.59125067097834
E1,2122,2021-09-25,Blackburn,Cardiff,5,1,H,,,0.4101385390428212,0.28488664987405543,0.3049748110831234,0.4130415629882768,0.2830581481049418,0.3039002889067814,0.025493175256997347,0.4647519582245431,0.5352480417754569,0.4630035626256049,0.5369964373743951
E1,2122,2021-09-25,Blackpool,Barnsley,1,0,H,,,0.38413227377595494,0.2940271725198667,0.3218405537041784,0.38600480997667574,0.2925804822116854,0.32141470781163894,0.024861627956852317,0.42199488491048587,0.578005115089514,0.41820863501122874,0.5817913649887713
E1,2122,2021-09-25,Bournemouth,Luton,2,1,H,fpl-team-3,,0.5802454772846256,0.23849688790646265,0.1812576348089116,0.5895806838486434,0.23487646257383782,0.1755428535775187,0.025634166202507913,0.5195822454308094,0.4804177545691906,0.5204828490307424,0.4795171509692577
E1,2122,2021-09-25,Bristol City,Fulham,1,1,D,,fpl-team-10,0.19916323714083226,0.26298350097601614,0.5378532618831515,0.19416443322312027,0.26031991943503746,0.5455156473418423,0.025348365772515535,0.48429319371727747,0.5157068062827225,0.4835368363291191,0.5164631636708809
E1,2122,2021-09-25,Nott'm Forest,Millwall,1,1,D,fpl-team-18,,0.3785425101214575,0.31174089068825916,0.30971659919028344,0.3801623963645772,0.3109670752096766,0.3088705284257461,0.024154895450919867,0.39348370927318294,0.606516290726817,0.3881402326527746,0.6118597673472255
E1,2122,2021-09-25,Sheffield United,Derby,1,0,H,,,0.5824266194331984,0.25676872469635625,0.16080465587044532,0.5911163891629247,0.25404590092939244,0.15483770990768284,0.02366424910724163,0.4545454545454546,0.5454545454545455,0.45238095237771747,0.5476190476222825
E1,2122,2021-09-25,Stoke,Hull,2,0,H,,,0.5946809544016074,0.24908102802161566,0.15623801757677697,0.6045813332021427,0.24582444130535813,0.1495942254924992,0.025754778645932674,0.4430051813471503,0.5569948186528497,0.44016047871561126,0.5598395212843887
E1,2122,2021-09-25,Swansea,Huddersfield,1,0,H,,,0.3740719726692179,0.30475512150367584,0.32117290582710617,0.37553286532989016,0.30373129736754084,0.320735837302569,0.0241781088989228,0.42199488491048587,0.578005115089514,0.41820863501122874,0.5817913649887713
E1,2122,2021-09-28,Cardiff,West Brom,0,4,A,,,0.228825052397978,0.2741955369251633,0.4969794106768585,0.22511006211267073,0.2720730431827886,0.5028168947045407,0.02407521801069379,0.4764397905759163,0.5235602094240838,0.4752747252712324,0.5247252747287677
E1,2122,2021-09-28,Huddersfield,Blackburn,3,2,H,,,0.3682749143102832,0.29348677786573335,0.3382383078239835,0.3695285512052575,0.29205910296702614,0.33841234582771634,0.0242072461405769,0.48031496062992135,0.5196850393700787,0.4793012088058304,0.5206987911941695
E1,2122,2021-09-28,Hull,Blackpool,1,1,D,,,0.41786855850939425,0.2977313479379434,0.2844000935526623,0.4209808786930332,0.29641873945754477,0.28260038184942204,0.024823117768391967,0.43927648578811374,0.5607235142118864,0.436297099483457,0.563702900516543
E1,2122,2021-09-28,Middlesbrough,Sheffield United,2,0,H,,,0.3170418945899005,0.31287029071371764,0.37008781469638197,0.3164211322737368,0.3120911647301545,0.37148770299610867,0.025697315926663578,0.3964646464646465,0.6035353535353536,0.3907336833283123,0.6092663166716877
E1,2122,2021-09-28,Preston,Stoke,1,1,D,,,0.3466235617595575,0.3104934185142616,0.34288301972618096,0.34710665874149826,0.30966341900782546,0.3432299222506762,0.024542449973523617,0.41687979539641945,0.5831202046035805,0.4125497793691309,0.587450220630869
E1,2122,2021-09-28,QPR,Birmingham,2,0,H,,,0.4779530671649836,0.2717504581880907,0.2502964746469256,0.4834718786122095,0.26939441354289206,0.24713370784489833,0.025757598923519254,0.5026315789473684,0.4973684210526315,0.5027701598381817,0.4972298401618182
E1,2122,2021-09-29,Barnsley,Nott'm Forest,1,3,A,,fpl-team-18,0.38355106506210185,0.3191968595147693,0.29725207542312887,0.3854608339185363,0.3186574018792608,0.2958817642022029,0.025656927842646837,0.39798488664987414,0.602015113350126,0.3927493246990947,0.6072506753009054
E1,2122,2021-09-29,Derby,Reading,1,0,H,,,0.41251778093883357,0.29871977240398295,0.2887624466571835,0.4154215906062308,0.297449160470877,0.2871292489228922,0.024723552400246263,0.43041237113402064,0.5695876288659795,0.42684314628064995,0.5731568537193501
E1,2122,2021-09-29,Fulham,Swansea,3,1,H,fpl-team-10,,0.6778629453258297,0.2032137309327969,0.11892332374137361,0.6916202752567987,0.19789275246231225,0.110486972280889,0.02742482745088637,0.5544041450777203,0.4455958549222798,0.5570528145995115,0.4429471854004886
E1,2122,2021-09-29,Luton,Coventry,5,0,H,,,0.3521335263782922,0.3008735826649965,0.3469928909567113,0.3528539505677977,0.2996302209389697,0.3475158284932326,0.025898685911670327,0.4404145077720207,0.5595854922279793,0.43736383441719673,0.5626361655828032
E1,2122,2021-09-29,Millwall,Bristol City,1,0,H,,,0.4533437013996889,0.2993779160186625,0.24727838258164847,0.457833247972522,0.298096631922812,0.24407012010466594,0.025246235309168696,0.4194373401534527,0.5805626598465473,0.41538626841351595,0.584613731586484
E1,2122,2021-09-29,Peterboro,Bournemouth,0,0,D,,fpl-team-3,0.19392268540959764,0.2568165293262239,0.5492607852641784,0.18852946829662443,0.2538062414373192,0.5576642902660564,0.026359895593486726,0.5104712041884817,0.4895287958115184,0.510969422734551,0.489030577265449
E1,2122,2021-10-01,Stoke,West Brom,1,0,H,,,0.27329376284600165,0.29899537063716175,0.4277108665168367,0.27113811264258825,0.29775647639566655,0.43110541096174526,0.024247232475318015,0.4430051813471503,0.5569948186528497,0.44016047871561126,0.5598395212843887
E1,2122,2021-10-02,Coventry,Fulham,4,1,H,,fpl-team-10,0.2567475065315792,0.2645925692311552,0.47865992423726567,0.25391432367016065,0.26204566961568354,0.48404000671415587,0.024977037217468023,0.4921465968586388,0.5078534031413613,0.4917745119548455,0.5082254880451544
E1,2122,2021-10-02,Barnsley,Millwall,0,1,A,,,0.3226273159907503,0.3141091030272981,0.3632635809819516,0.3222246207292159,0.3133871739622609,0.36438820530852317,0.025350683368742466,0.37871287128712877,0.6212871287128713,0.3724058016122034,0.6275941983877966
E1,2122,2021-10-02,Birmingham,Nott'm Forest,0,3,A,,fpl-team-18,0.43484194115247826,0.3013619782037744,0.2637960806437472,0.43861554456005863,0.30016695977497554,0.26121749566496594,0.025075413985177875,0.40151515151515144,0.5984848484848484,0.39650505534247177,0.6034949446575282
E1,2122,2021-10-02,Blackpool,Blackburn,2,1,H,,,0.3252970216026595,0.2888243252411492,0.38587865315619124,0.3250010059882717,0.28720362087881346,0.38779537313291484,0.024602674413472414,0.48167539267015713,0.518324607329843,0.4807861220939283,0.5192138779060717
E1,2122,2021-10-02,Bournemouth,Sheffield United,2,1,H,fpl-team-3,,0.47568564185296147,0.27656141968195436,0.24775293846508412,0.4810892151113038,0.2743986095911813,0.24451217529751482,0.02562060160562396,0.4595300261096606,0.5404699738903395,0.4574549846322122,0.5425450153677878
E1,2122,2021-10-02,Cardiff,Reading,0,1,A,,,0.4726789775311562,0.2691458200673155,0.2581752024015282,0.4781144422826671,0.26663899454130024,0.2552465631760327,0.02633145055733621,0.4921465968586388,0.5078534031413613,0.4917745119548455,0.5082254880451544
E1,2122,2021-10-02,Derby,Swansea,0,0,D,,,0.37775518355786336,0.30807218853262647,0.3141726279095101,0.379418006676418,0.3071270466361587,0.3134549466874234,0.025247716228477657,0.3944723618090452,0.6055276381909548,0.3889975421039103,0.6110024578960898
E1,2122,2021-10-02,Hull,Middlesbrough,2,0,H,,,0.31350323316850515,0.30064663370102696,0.3858501331304678,0.3127775123289283,0.29945321231026245,0.38776927536080924,0.024639902403578162,0.4096692111959288,0.5903307888040712,0.40495823516302454,0.5950417648369755
E1,2122,2021-10-02,Luton,Huddersfield,0,0,D,,,0.44743757965854447,0.2794844705785043,0.2730779497629512,0.4516128325419436,0.2775128214689455,0.27087434598911087,0.02467283117584884,0.47780678851174935,0.5221932114882506,0.4767759562805075,0.5232240437194925
E1,2122,2021-10-02,Peterboro,Bristol City,2,3,A,,,0.37209741818488873,0.2913056240224205,0.33659695779269083,0.3735278339266287,0.2897571795120832,0.3367149865612882,0.02490338438656181,0.4659685863874345,0.5340314136125655,0.46419916281732926,0.5358008371826707
E1,2122,2021-10-02,QPR,Preston,3,2,H,,,0.4519398707250445,0.2756049500664289,0.2724551792085268,0.45622728157168974,0.2735175541334451,0.2702551642948652,0.024371507111936808,0.4921465968586388,0.5078534031413613,0.4917745119548455,0.5082254880451544
E1,2122,2021-10-15,West Brom,Birmingham,1,0,H,,,0.576301087915319,0.2425757130255807,0.18112319905910024,0.5856259507979826,0.23905494719038167,0.17531910201163567,0.026025793282315135,0.5052356020942408,0.4947643979057591,0.5054829070382821,0.49451709296171786
E1,2122,2021-10-16,Fulham,QPR,4,1,H,fpl-team-10,,0.580110497237569,0.22651933701657456,0.19337016574585633,0.5894871904517439,0.22244058609166356,0.18807222345659264,0.025747810257598758,0.6070528967254408,0.39294710327455923,0.6130439408498454,0.38695605915015463
E1,2122,2021-10-16,Blackburn,Coventry,2,2,D,,,0.341785084429669,0.2941679674038637,0.3640469481664673,0.34211135760598366,0.2926490709221017,0.36523957147191455,0.026232119416818023,0.48429319371727747,0.5157068062827225,0.4835368363291191,0.5164631636708809
E1,2122,2021-10-16,Bristol City,Bournemouth,0,2,A,,fpl-team-3,0.2261306532663316,0.27135678391959794,0.5025125628140704,0.22193523441015023,0.2689053269155057,0.5091594386743441,0.02655422640964389,0.46858638743455505,0.5314136125654451,0.4669758097866967,0.5330241902133033
E1,2122,2021-10-16,Huddersfield,Hull,2,0,H,,,0.4741429401510749,0.2789076118535735,0.2469494479953515,0.4798415954606969,0.2766952511850323,0.24346315335427085,0.027338490588590503,0.44675324675324674,0.5532467532467532,0.44404410962479757,0.5559558903752024
E1,2122,2021-10-16,Middlesbrough,Peterboro,2,0,H,,,0.5251802517216506,0.26404895989338545,0.210770788384964,0.5325899113050278,0.26135057462803013,0.20605951406694206,0.02612226433120668,0.4934383202099738,0.5065616797900262,0.49310991070491567,0.5068900892950844
E1,2122,2021-10-16,Millwall,Luton,0,2,A,,,0.4006987819178213,0.29492425874075673,0.304376959341422,0.403346641467408,0.29341573455167885,0.30323762398091314,0.0265218666754663,0.44155844155844154,0.5584415584415584,0.4384404924803881,0.5615595075196119
E1,2122,2021-10-16,Nott'm Forest,Blackpool,2,1,H,fpl-team-18,,0.4674183854313821,0.2815606297999126,0.2510209847687052,0.4727816201039697,0.2794812545652938,0.24773712533073655,0.02701165317557752,0.44415584415584414,0.5558441558441558,0.44124719898813486,0.5587528010118651
E1,2122,2021-10-16,Preston,Derby,0,0,D,,,0.4615333996256434,0.298980755732335,0.23948584464202152,0.46646090648564126,0.29764598398649933,0.23589310952785936,0.025955033488571644,0.40458015267175573,0.5954198473282442,0.39920980488085617,0.6007901951191439
E1,2122,2021-10-16,Reading,Barnsley,1,0,H,,,0.43908800785565233,0.28915551736835643,0.27175647477599113,0.4433533858142746,0.28736996364229744,0.269276650543428,0.02722650347277522,0.43782383419689114,0.5621761658031088,0.4345567583861699,0.5654432416138302
E1,2122,2021-10-16,Sheffield United,Stoke,2,1,H,,,0.4259617141901692,0.2904876521847331,0.2835506336250977,0.42958643391137796,0.2888098109830751,0.281603755105547,0.02640249114483595,0.44675324675324674,0.5532467532467532,0.44404410962479757,0.5559558903752024
E1,2122,2021-10-17,Swansea,Cardiff,3,0,H,,,0.38320820556201757,0.3033731627365972,0.3134186317013853,0.38529499558038555,0.3021206519488894,0.312584352470725,0.02825836348347366,0.39999999999999997,0.6,0.39451476792871476,0.6054852320712854
E1,2122,2021-10-19,Bristol City,Nott'm Forest,1,2,A,,fpl-team-18,0.3357373061720888,0.2959927029492247,0.36826999087868656,0.33582861982097234,0.29454348030085936,0.36962789987816824,0.02624652534723282,0.45052083333333337,0.5494791666666667,0.44794948360941583,0.5520505163905842
E1,2122,2021-10-19,Derby,Luton,2,2,D,,,0.2983647317586306,0.30505881227885623,0.3965764559625131,0.2970514334605043,0.3039956297995078,0.39895293673998794,0.02534199575893581,0.3944723618090452,0.6055276381909548,0.3889975421039103,0.6110024578960898
E1,2122,2021-10-19,QPR,Blackburn,1,0,H,,,0.44207053738237745,0.270783947399462,0.28714551521816056,0.4462774545946547,0.26836732093819604,0.2853552244671492,0.02610390295740217,0.5532467532467532,0.44675324675324674,0.5559558903752024,0.44404410962479757
E1,2122,2021-10-19,Sheffield United,Millwall,1,2,A,,,0.5214894784163905,0.2735189771521126,0.20499154443149692,0.5289794972572599,0.2711080055154673,0.19991249722727275,0.026943999342620373,0.44415584415584414,0.5558441558441558,0.44124719898813486,0.5587528010118651
E1,2122,2021-10-19,Stoke,Bournemouth,0,1,A,,fpl-team-3,0.3564594272173215,0.301185655275395,0.3423549175072836,0.35732766555234613,0.2999797367968492,0.34269259765080473,0.025353710632771254,0.45312499999999994,0.5468749999999999,0.4507389162488727,0.5492610837511274
E1,2122,2021-10-20,Fulham,Cardiff,2,0,H,fpl-team-10,,0.6459678298276095,0.2158119795105877,0.13822019066180288,0.6583074323969844,0.2110874102857959,0.13060515731721972,0.026963883079588413,0.5404699738903395,0.4595300261096606,0.5425450153677878,0.4574549846322122
E1,2122,2021-10-20,Huddersfield,Birmingham,0,0,D,,,0.38419919104900985,0.29841886851919946,0.31738194043179074,0.38622593553618756,0.29702949725585115,0.3167445672079613,0.026895638089627028,0.4205128205128206,0.5794871794871795,0.416360889285732,0.5836391107142681
E1,2122,2021-10-20,Hull,Peterboro,1,2,A,,,0.45004620636327636,0.28094600456405716,0.2690077890726666,0.4546434992189159,0.2788797363825253,0.2664767643985589,0.02658407436683774,0.46335078534031415,0.5366492146596858,0.46141656332340236,0.5385834366765977
E1,2122,2021-10-20,Middlesbrough,Barnsley,2,0,H,,,0.5019660850331777,0.27740231014991396,0.22063160481690833,0.508732624963067,0.27513653661249765,0.2161308384244354,0.027134826872497797,0.44791666666666663,0.5520833333333334,0.4451513821865228,0.5548486178134774
E1,2122,2021-10-20,Preston,Coventry,2,1,H,,,0.351051587787381,0.2952770364566756,0.3536713757559435,0.351771774146495,0.2937297585330772,0.3544984673204277,0.02752168453298509,0.42783505154639173,0.5721649484536083,0.4240204059478852,0.5759795940521147
E1,2122,2021-10-20,Swansea,West Brom,2,1,H,,,0.25073398149924014,0.2879641787521577,0.46130183974860206,0.24753556156357998,0.28619307969592406,0.466271358740496,0.026215099031105638,0.45312499999999994,0.5468749999999999,0.4507389162488727,0.5492610837511274
E1,2122,2021-10-20,Reading,Blackpool,2,3,A,,,0.4292953808516009,0.28320680348717553,0.2874978156612237,0.43314079453030335,0.2811989389765646,0.2856602664931321,0.0270450038369745,0.46335078534031415,0.5366492146596858,0.46141656332340236,0.5385834366765977
E1,2122,2021-10-23,Cardiff,Middlesbrough,0,2,A,,,0.35122190838757217,0.3039420361046297,0.3448360555077981,0.3519431645920886,0.30275758526838975,0.3452992501395216,0.02726332750171423,0.43041237113402064,0.5695876288659795,0.42684314628064995,0.5731568537193501
E1,2122,2021-10-23,Birmingham,Swansea,2,1,H,,,0.38308208584547176,0.30946044719764493,0.3074574669568835,0.3850211286106674,0.3085297812139125,0.30644909017542005,0.026300013763830066,0.3909774436090226,0.6090225563909775,0.3852484963605688,0.6147515036394312
E1,2122,2021-10-23,Blackburn,Reading,2,0,H,,,0.505384238864415,0.26839614945341816,0.22621961168216673,0.5120920123021476,0.2658489687455899,0.2220590189522624,0.026348108425736427,0.5052631578947367,0.49473684210526314,0.5055407801420785,0.4944592198579216
E1,2122,2021-10-23,Blackpool,Preston,2,0,H,,,0.33323585319491156,0.2986547740897792,0.36810937271530925,0.33323008759922196,0.2972970311491229,0.36947288125165517,0.026475664228200912,0.44531250000000006,0.5546875,0.442344123214856,0.557655876785144
E1,2122,2021-10-23,Bournemouth,Huddersfield,3,0,H,fpl-team-3,,0.5863966595061668,0.2454683690956047,0.1681349713982284,0.5963001967177376,0.24197622474558986,0.1617235785366726,0.026583396596834064,0.4894736842105264,0.5105263157894737,0.4889147544617743,0.5110852455382258
E1,2122,2021-10-23,Coventry,Derby,1,1,D,,,0.4900915083446317,0.28724396561588683,0.22266452603948136,0.4961165697089622,0.28545223290653443,0.2184311973845034,0.02597291918937117,0.44270833333333337,0.5572916666666667,0.4395272127486084,0.5604727872513917
E1,2122,2021-10-23,Luton,Hull,1,0,H,,,0.5213706525187833,0.2672942500237143,0.21133509745750237,0.5288904351076608,0.26462871921887265,0.20648084567346653,0.027059538289904594,0.45052083333333337,0.5494791666666667,0.44794948360941583,0.5520505163905842
E1,2122,2021-10-23,Millwall,Stoke,2,1,H,,,0.3683568395881119,0.3105753745546826,0.32106778585720563,0.3697124117527664,0.30969517715490275,0.3205924110923307,0.026120363269001245,0.401015228426396,0.598984771573604,0.3954087105764803,0.6045912894235197
E1,2122,2021-10-23,Peterboro,QPR,2,1,H,,,0.26937686898892754,0.26121393356502065,0.4694091974460519,0.2667818672082837,0.25829281132595405,0.47492532146576233,0.02737576817162335,0.5520833333333334,0.44791666666666663,0.5548486178134774,0.4451513821865228
E1,2122,2021-10-23,West Brom,Bristol City,3,0,H,,,0.6495663967777733,0.22262134725247631,0.12781225596975054,0.6623547390122282,0.21802761324939876,0.11961764773837304,0.0276992698200047,0.5039370078740157,0.4960629921259842,0.504133597884274,0.495866402115726
E1,2122,2021-10-24,Barnsley,Sheffield United,2,3,A,,,0.26431963820157023,0.2750456525054021,0.46063470929302774,0.2615647231457796,0.27271371314745924,0.4657215637067611,0.026976821245625615,0.4569190600522194,0.5430809399477807,0.4546703296758698,0.5453296703241303
E1,2122,2021-10-24,Nott'm Forest,Fulham,0,4,A,fpl-team-18,fpl-team-10,0.23577028671704736,0.27945713396167676,0.484772579321276,0.2319837359238812,0.2773452160319994,0.49067104804411926,0.026308643398806453,0.4750656167979003,0.5249343832020998,0.4737569060807899,0.5262430939192101
E1,2122,2021-10-29,QPR,Nott'm Forest,1,1,D,,fpl-team-18,0.43736581652074613,0.2771678720974496,0.2854663113818044,0.4411369326809758,0.2751333185925849,0.2837297487264393,0.024437603424303234,0.5184210526315789,0.48157894736842105,0.5194169371160577,0.4805830628839423
E1,2122,2021-10-30,Fulham,West Brom,3,0,H,fpl-team-10,,0.4591162007560129,0.2746735651921811,0.26621023405180577,0.4639923747602363,0.2723974678954549,0.26361015734430876,0.026161045068874955,0.513157894736842,0.48684210526315796,0.5138600138599122,0.48613998614008774
E1,2122,2021-10-30,Bristol City,Barnsley,2,1,H,,,0.4054537646722015,0.2875035785857429,0.30704265674205555,0.40834112431484904,0.28567147889605193,0.3059873967890991,0.0270215324126184,0.4645669291338583,0.5354330708661418,0.46261216351077283,0.5373878364892272
E1,2122,2021-10-30,Derby,Blackburn,1,2,A,,,0.33890880127439266,0.2947033054559936,0.3663878932696137,0.339128651747499,0.29316702108946047,0.3677043271630405,0.02690792502835393,0.41794871794871796,0.5820512820512821,0.4135158509252556,0.5864841490747444
E1,2122,2021-10-30,Huddersfield,Millwall,1,0,H,,,0.3691168435045712,0.30600977026024123,0.32487338623518763,0.37055200788904497,0.3049151487434253,0.32453284336752963,0.027080917730927467,0.4020356234096692,0.5979643765903307,0.39631026126011987,0.6036897387398802
E1,2122,2021-10-30,Hull,Coventry,0,1,A,,,0.3203338122064212,0.29265064325031076,0.38701554454326803,0.3198047517721069,0.2910065618450151,0.38918868638287796,0.027333297533914447,0.45669291338582685,0.5433070866141733,0.4541895718808615,0.5458104281191385
E1,2122,2021-10-30,Middlesbrough,Birmingham,0,2,A,,,0.44180504480634675,0.2913744927403821,0.26682046245327123,0.4460518408330611,0.28972664804136955,0.26422151112556935,0.026421483838930726,0.4143222506393862,0.5856777493606138,0.40969863603944845,0.5903013639605514
E1,2122,2021-10-30,Preston,Luton,2,0,H,,,0.3817753845161706,0.29706897107664526,0.3211556444071841,0.38364050068381156,0.29567471543865426,0.3206847838775342,0.02598072262480855,0.44531250000000006,0.5546875,0.442344123214856,0.557655876785144
E1,2122,2021-10-30,Sheffield United,Blackpool,0,1,A,,,0.6012320663907192,0.23748666622433412,0.16128126738494677,0.6117211856955753,0.23367495799066695,0.15460385631375775,0.02662453055381775,0.5184210526315789,0.48157894736842105,0.5194169371160577,0.4805830628839423
E1,2122,2021-10-30,Stoke,Cardiff,3,3,D,,,0.487575839548634,0.27881902848089035,0.2336051319704757,0.49350599470046835,0.2767092110799863,0.22978479421954529,0.025967281544581056,0.46335078534031415,0.5366492146596858,0.46141656332340236,0.5385834366765977
E1,2122,2021-10-30,Swansea,Peterboro,3,0,H,,,0.5760955512089558,0.2494901993424612,0.17441424944858294,0.5854776791847824,0.2462030039752295,0.16831931683998808,0.02622527745552361,0.4921052631578948,0.5078947368421052,0.4916876783688407,0.5083123216311592
E1,2122,2021-10-30,Reading,Bournemouth,0,2,A,,fpl-team-3,0.20066659794522898,0.26004192007696797,0.539291481977803,0.1954178293517889,0.25709624443574763,0.5474859262124635,0.026942109689116478,0.4960629921259842,0.5039370078740157,0.495866402115726,0.504133597884274
E1,2122,2021-11-02,Birmingham,Bristol City,3,0,H,,,0.5056559473966356,0.26854044664002114,0.2258036059633432,0.5123026195120279,0.2660259478980203,0.22167143258995176,0.026063601369969547,0.4659685863874345,0.5340314136125655,0.46419916281732926,0.5358008371826707
E1,2122,2021-11-02,Coventry,Swansea,1,2,A,,,0.4168592084668704,0.29425355891779087,0.2888872326153387,0.42009022613736174,0.29274102565952953,0.2871687482031087,0.026095285546034575,0.44908616187989553,0.5509138381201044,0.44626915021678265,0.5537308497832173
E1,2122,2021-11-02,Luton,Middlesbrough,3,1,H,,,0.4092788240698209,0.2930638493339458,0.2976573265962334,0.41227247729952365,0.29147714450345,0.2962503781970263,0.026597554562613368,0.4581151832460733,0.5418848167539266,0.45583160800374806,0.544168391996252
E1,2122,2021-11-02,Millwall,Reading,1,0,H,,,0.49233614763456424,0.2819610578441272,0.22570279452130854,0.49852195476795513,0.27994403003229307,0.2215340151997518,0.026289470493793488,0.44531250000000006,0.5546875,0.442344123214856,0.557655876785144
E1,2122,2021-11-02,Nott'm Forest,Sheffield United,1,1,D,fpl-team-18,,0.3240423850200009,0.2868411444436866,0.3891164705363126,0.3236721207134847,0.2850103791015269,0.39131750018498834,0.026636834489181638,0.46981627296587924,0.5301837270341206,0.468195143536739,0.5318048564632609
E1,2122,2021-11-02,Peterboro,Huddersfield,1,1,D,,,0.28873992448956576,0.2852715770482497,0.4259884984621845,0.28699645388328887,0.28339375950559426,0.429609786611117,0.026369270868599415,0.4671916010498688,0.5328083989501312,0.46540654231752615,0.5345934576824739
E1,2122,2021-11-03,Barnsley,Derby,2,1,H,,,0.4177632484785542,0.2991553861344852,0.2830813653869606,0.42117457501387734,0.2977717550029963,0.28105366998312636,0.027272426057606936,0.4096692111959288,0.5903307888040712,0.40495823516302454,0.5950417648369755
E1,2122,2021-11-03,Blackburn,Fulham,0,7,A,,fpl-team-10,0.24919833139419395,0.26015210420272994,0.4906495644030762,0.24570447900343734,0.25710553920386586,0.4971899817926968,0.028099664486944675,0.5184210526315789,0.48157894736842105,0.5194169371160577,0.4805830628839423
E1,2122,2021-11-03,Blackpool,Stoke,0,1,A,,,0.30389100748453246,0.28387423453644955,0.41223475797901804,0.3026940585228228,0.28187192617218626,0.41543401530499097,0.02737130271270871,0.4581151832460733,0.5418848167539266,0.45583160800374806,0.544168391996252
E1,2122,2021-11-03,Bournemouth,Preston,1,2,A,fpl-team-3,,0.5975855856784613,0.2405471091718363,0.1618673051497025,0.6078849495483707,0.2368718750373764,0.15524317541425298,0.02649713447317481,0.4921052631578948,0.5078947368421052,0.4916876783688407,0.5083123216311592
E1,2122,2021-11-03,Cardiff,QPR,0,1,A,,,0.36069260357303196,0.2840184273643935,0.35528896906257457,0.36178763852698925,0.2820455520614475,0.3561668094115632,0.027090745978057384,0.5210526315789473,0.4789473684210527,0.5222000222007822,0.47779997779921773
E1,2122,2021-11-03,West Brom,Hull,1,0,H,,,0.6783287475217039,0.20780311740271018,0.1138681350755858,0.6919171923617494,0.20272011665168937,0.10536269098656123,0.027073193341493607,0.5157894736842105,0.4842105263157894,0.5166370896208807,0.4833629103791193
E1,2122,2021-11-06,Barnsley,Hull,0,2,A,,,0.4244398488641487,0.2934398955110164,0.2821202556248348,0.42794188998585986,0.2919045638952423,0.28015354611889776,0.025929805357009172,0.42416452442159375,0.5758354755784061,0.42018398269195956,0.5798160173080403
E1,2122,2021-11-06,Blackburn,Sheffield United,3,1,H,,,0.32365188093005515,0.2815196834125332,0.39482843565741166,0.32328207780173274,0.2795672553896031,0.3971506668086642,0.025480423122644424,0.5078947368421052,0.4921052631578948,0.5083123216311592,0.4916876783688407
E1,2122,2021-11-06,Bournemouth,Swansea,4,0,H,fpl-team-3,,0.5350709226450522,0.2713465077801119,0.1935825695748359,0.5425575141121408,0.26901333410653216,0.18842915178132702,0.02511388249695301,0.4764397905759163,0.5235602094240838,0.4752747252712324,0.5247252747287677
E1,2122,2021-11-06,Cardiff,Huddersfield,2,1,H,,,0.39999205971097346,0.2929172621883437,0.30709067810068286,0.40248632523824535,0.291406533674751,0.3061071410870037,0.025234401924535632,0.4493506493506493,0.5506493506493506,0.44683171556260953,0.5531682844373905
E1,2122,2021-11-06,Coventry,Bristol City,3,2,H,,,0.5702560847040685,0.2480019951707798,0.18174192012515158,0.5790720761117588,0.2447903114134646,0.17613761247477658,0.025215591536834836,0.5039370078740157,0.4960629921259842,0.504133597884274,0.495866402115726
E1,2122,2021-11-06,Luton,Stoke,0,1,A,,,0.392966874699952,0.29625540086413826,0.3107777244359098,0.39524630641942815,0.29483963419569476,0.3099140593848771,0.02578525443095714,0.43896103896103894,0.5610389610389611,0.4356234933220219,0.5643765066779782
E1,2122,2021-11-06,Millwall,Derby,1,1,D,,,0.5087711762198526,0.28485092800333073,0.2063778957768166,0.5154254286350486,0.2829839449131738,0.20159062645177764,0.02565151546150446,0.4025316455696203,0.5974683544303797,0.3973989979611039,0.6026010020388961
E1,2122,2021-11-06,Nott'm Forest,Preston,3,0,H,fpl-team-18,,0.42303887528949885,0.3002641859310323,0.27669693877946877,0.42640727362676273,0.29901882539234587,0.2745739009808914,0.025325091322883964,0.42416452442159375,0.5758354755784061,0.42018398269195956,0.5798160173080403
E1,2122,2021-11-06,Peterboro,Fulham,0,1,A,,fpl-team-10,0.153110103611846,0.21822589480309088,0.6286640015850631,0.14601635267121316,0.2135916841104335,0.6403919632183533,0.027061126194894314,0.5856777493606138,0.4143222506393862,0.5903013639605514,0.40969863603944845
E1,2122,2021-11-06,West Brom,Middlesbrough,1,1,D,,,0.5260976304561444,0.26823569327482294,0.2056666762690327,0.533281726549264,0.2657848614775372,0.20093341197319878,0.025200754636898637,0.48031496062992135,0.5196850393700787,0.4793012088058304,0.5206987911941695
E1,2122,2021-11-06,Birmingham,Reading,1,2,A,,,0.5188705288480499,0.2682296801672122,0.21289979098473796,0.5261934790785743,0.26563692171675735,0.20816959920466835,0.026698193047195673,0.451948051948052,0.548051948051948,0.4496105027956371,0.5503894972043629
E1,2122,2021-11-06,Blackpool,QPR,1,1,D,,,0.32741838574003607,0.2834368115361506,0.38914480272381335,0.32718111183818843,0.2814753369304681,0.3913435512313435,0.026599350851029158,0.5065616797900262,0.4934383202099738,0.5068900892950844,0.49310991070491567
E1,2122,2021-11-19,QPR,Luton,2,0,H,,,0.4099643707801028,0.28223066475069386,0.3078049644692034,0.4128857868698784,0.2802858797496082,0.3068283333805134,0.025717086158692837,0.4960629921259842,0.5039370078740157,0.495866402115726,0.504133597884274
E1,2122,2021-11-20,Sheffield United,Coventry,0,0,D,,,0.47312950696642414,0.2732730772995725,0.2535974157340033,0.4784794077018136,0.27096931789726897,0.25055127440091757,0.02582893264479935,0.49868766404199477,0.5013123359580053,0.4986222099750107,0.5013777900249893
E1,2122,2021-11-20,Bristol City,Blackburn,1,1,D,,,0.3067348665246271,0.2780345281363579,0.41523060533901485,0.3057114553324276,0.27591961351076305,0.41836893115680945,0.02585246879607439,0.5091863517060368,0.49081364829396334,0.5096477203811924,0.49035227961880756
E1,2122,2021-11-20,Fulham,Barnsley,4,1,H,fpl-team-10,,0.7382299259729511,0.1715885773883076,0.0901814966387412,0.7533074654972186,0.16538505962567193,0.08130747487710947,0.02582459943369031,0.5954198473282442,0.40458015267175573,0.6007901951191439,0.39920980488085617
E1,2122,2021-11-20,Huddersfield,West Brom,1,0,H,,,0.2513493702938629,0.2896648230825614,0.4589858066235757,0.2481630456703795,0.28795328309648366,0.46388367123313684,0.026314148912206292,0.42894056847545214,0.5710594315245477,0.4250395246198356,0.5749604753801645
E1,2122,2021-11-20,Hull,Birmingham,2,0,H,,,0.36324308559762797,0.29927574976911486,0.3374811646332572,0.3643676776347322,0.29799675955718924,0.3376355628080785,0.025382108287885785,0.4143222506393862,0.5856777493606138,0.40969863603944845,0.5903013639605514
E1,2122,2021-11-20,Middlesbrough,Millwall,1,1,D,,,0.4595937993185741,0.29004852578946594,0.2503576748919601,0.4643861869516167,0.28839635074430436,0.24721746230407896,0.02561579621396959,0.413265306122449,0.586734693877551,0.40874932902166,0.59125067097834
E1,2122,2021-11-20,Preston,Cardiff,1,2,A,,,0.4407123791852657,0.2841608176239325,0.27512680319080174,0.4447370981819828,0.2823160572495214,0.2729468445684957,0.02527849026955664,0.4581151832460733,0.5418848167539266,0.45583160800374806,0.544168391996252
E1,2122,2021-11-20,Reading,Nott'm Forest,1,1,D,,fpl-team-18,0.3087751632533088,0.2899474093963997,0.4012774273502915,0.30783503714256816,0.2882926760607114,0.40387228679672044,0.025762418983504176,0.4493506493506493,0.5506493506493506,0.44683171556260953,0.5531682844373905
E1,2122,2021-11-20,Stoke,Peterboro,2,0,H,,,0.6224345016506286,0.22782889653719185,0.14973660181217952,0.6331952320857777,0.22383781836678215,0.14296694954744033,0.025332637131214142,0.5235602094240838,0.4764397905759163,0.5247252747287677,0.4752747252712324
E1,2122,2021-11-20,Swansea,Blackpool,1,1,D,,,0.5057045528279442,0.2731967124472802,0.22109873472477562,0.5123396458795986,0.2708631957235099,0.21679715839689148,0.026015327777713537,0.4595300261096606,0.5404699738903395,0.4574549846322122,0.5425450153677878
E1,2122,2021-11-21,Derby,Bournemouth,3,2,H,,fpl-team-3,0.20481550152769434,0.2786932337502937,0.5164912647220118,0.19985888024876564,0.27654393578699427,0.5235971839642402,0.026249518617987633,0.423076923076923,0.5769230769230769,0.41919191919322074,0.5808080808067793
E1,2122,2021-11-23,Blackpool,West Brom,0,0,D,,,0.23010166129432183,0.27374163153979664,0.49615670716588145,0.22630045456374018,0.27152635057823193,0.5021731948580279,0.024948607198894024,0.46073298429319376,0.5392670157068064,0.4586275375035324,0.5413724624964675
E1,2122,2021-11-23,Coventry,Birmingham,0,0,D,,,0.46068303821369366,0.29162504253894367,0.24769191924736253,0.46528395166544534,0.29010885860128316,0.24460718973327156,0.02436962816864252,0.43264248704663216,0.5673575129533679,0.4289093046652558,0.5710906953347442
E1,2122,2021-11-23,Middlesbrough,Preston,1,2,A,,,0.4695738433172436,0.29330304674892443,0.23712310993383198,0.47453773039813063,0.29183137678184057,0.23363089282002877,0.02458819141611457,0.40712468193384227,0.5928753180661578,0.402092274684614,0.5979077253153859
E1,2122,2021-11-23,Nott'm Forest,Luton,0,0,D,fpl-team-18,,0.3564643767299509,0.30603211764275523,0.3375035056272939,0.3573328329615264,0.3050080490007944,0.33765911803767923,0.025345539208501577,0.4215938303341903,0.5784061696658098,0.41734417344999014,0.5826558265500098
E1,2122,2021-11-23,Reading,Sheffield United,0,1,A,,,0.24563168446813222,0.2754482473226454,0.4789200682092225,0.24242970458456878,0.27332207454301166,0.4842482208724195,0.02469255239702761,0.48684210526315796,0.513157894736842,0.48613998614008774,0.5138600138599122
E1,2122,2021-11-24,Barnsley,Swansea,0,2,A,,,0.31193899436015565,0.28830725236317417,0.39975375327667007,0.31112601442917065,0.2866045453317594,0.40226944023906996,0.02554831188172102,0.46214099216710186,0.5378590078328982,0.4602325708945504,0.5397674291054496
E1,2122,2021-11-24,Blackburn,Peterboro,4,0,H,,,0.5503937651084481,0.25123514871704883,0.19837108617450314,0.5584962370634043,0.24814544532966717,0.19335831760692848,0.02526029641740024,0.5287958115183247,0.4712041884816754,0.5302530253038402,0.4697469746961598
E1,2122,2021-11-24,Bristol City,Stoke,1,0,H,,,0.28712063505566016,0.2828480065578081,0.4300313583865318,0.2853291743771922,0.28089251953587707,0.4337783060869307,0.026141377398744226,0.48157894736842105,0.5184210526315789,0.4805830628839423,0.5194169371160577
E1,2122,2021-11-24,Cardiff,Hull,0,1,A,,,0.4597701149425287,0.2758620689655172,0.264367816091954,0.4645325671196439,0.2736946665811754,0.26177276629918067,0.02541050233412534,0.4581151832460733,0.5418848167539266,0.45583160800374806,0.544168391996252
E1,2122,2021-11-24,Fulham,Derby,0,0,D,fpl-team-10,,0.7305276598224621,0.17718021600171657,0.09229212417582128,0.746168322798545,0.17083352348545972,0.08299815371599542,0.027334509417414665,0.5595854922279793,0.4404145077720207,0.5626361655828032,0.43736383441719673
E1,2122,2021-11-24,Millwall,Bournemouth,1,1,D,,fpl-team-3,0.2771932642625759,0.2846625438385137,0.4381441918989104,0.2750374537701605,0.28279086475492765,0.4421716814749119,0.02592263277620077,0.4352331606217616,0.5647668393782384,0.43173875054910793,0.5682612494508922
E1,2122,2021-11-24,QPR,Huddersfield,1,0,H,,,0.46825782990601555,0.2755256216548439,0.25621654843914055,0.47346777208272617,0.2732883826817435,0.2532438452355303,0.026061988435685635,0.46858638743455505,0.5314136125654451,0.4669758097866967,0.5330241902133033
E1,2122,2021-11-26,West Brom,Nott'm Forest,0,0,D,,fpl-team-18,0.5851893915494143,0.25368582665573014,0.16112478179485562,0.5942454093707923,0.2507678019143235,0.1549867887148842,0.024404212599620223,0.43782383419689114,0.5621761658031088,0.4345567583861699,0.5654432416138302
E1,2122,2021-11-27,Preston,Fulham,1,1,D,,fpl-team-10,0.22437990643617803,0.2613656052992843,0.5142544882645378,0.22025596900263156,0.25861869963793704,0.5211253313594313,0.025660960003733635,0.5118110236220472,0.48818897637795283,0.5124069478901967,0.4875930521098033
E1,2122,2021-11-27,Birmingham,Blackpool,1,0,H,,,0.43905938620964524,0.29406137903547225,0.2668792347548824,0.4429514448681288,0.2926108356961479,0.26443771943572325,0.024825307074934244,0.44155844155844154,0.5584415584415584,0.4384404924803881,0.5615595075196119
E1,2122,2021-11-27,Bournemouth,Coventry,2,2,D,fpl-team-3,,0.5032918800292613,0.2765179224579371,0.22019019751280175,0.5097648562730067,0.2743346916328403,0.2159004520941531,0.025736981653608382,0.46858638743455505,0.5314136125654451,0.4669758097866967,0.5330241902133033
E1,2122,2021-11-27,Huddersfield,Middlesbrough,1,2,A,,,0.3497796497162278,0.3029938366968598,0.34722651358691237,0.35040130538924286,0.3018472717098671,0.3477514229008902,0.025544234784319997,0.42783505154639173,0.5721649484536083,0.4240204059478852,0.5759795940521147
E1,2122,2021-11-27,Hull,Millwall,2,1,H,,,0.35830589837985105,0.3084445597703573,0.3332495418497916,0.35921682926103266,0.30753754536768524,0.33324562537128216,0.024610012536868453,0.39898989898989906,0.601010101010101,0.3936283373992048,0.6063716626007953
E1,2122,2021-11-27,Luton,Cardiff,1,2,A,,,0.49580111415980704,0.2673983537041656,0.23680053213602728,0.5018950781880556,0.26491562481127556,0.23318929700066882,0.02532467362470925,0.46858638743455505,0.5314136125654451,0.4669758097866967,0.5330241902133033
E1,2122,2021-11-27,Peterboro,Barnsley,0,0,D,,,0.4009800064379984,0.28538216674416106,0.31363782681784036,0.4036019647133745,0.28352698755660904,0.3128710477300164,0.026153453160077333,0.4764397905759163,0.5235602094240838,0.4752747252712324,0.5247252747287677
E1,2122,2021-11-27,Stoke,Blackburn,0,1,A,,,0.45132057964073646,0.2834185782862958,0.2652608420729677,0.455710263238937,0.2815577533663338,0.26273198339472914,0.02509355335496366,0.47382198952879584,0.5261780104712042,0.4725131249860944,0.5274868750139057
E1,2122,2021-11-27,Swansea,Reading,2,3,A,,,0.531424045700763,0.2613321543418587,0.20724379995737818,0.5389668805668919,0.2585673029354666,0.2024658164976415,0.025755000999197364,0.4659685863874345,0.5340314136125655,0.46419916281732926,0.5358008371826707
E1,2122,2021-11-28,Sheffield United,Bristol City,2,0,H,,,0.6422896525318272,0.21604288312434192,0.14166746434383076,0.6542283795651503,0.21143411104885146,0.1343375093859982,0.026367655023932457,0.5301837270341206,0.46981627296587924,0.5318048564632609,0.468195143536739
E1,2122,2021-11-29,Derby,QPR,1,2,A,,,0.3238036371517674,0.28576646290803576,0.39042989994019694,0.3234182373555659,0.28386650171595196,0.39271526092848213,0.027026143623515964,0.4671916010498688,0.5328083989501312,0.46540654231752615,0.5345934576824739
E1,2122,2021-12-03,Fulham,Bournemouth,1,1,D,fpl-team-10,fpl-team-3,0.5208562827079662,0.2590127710205376,0.22013094627149615,0.5277047677345297,0.2562844330619292,0.21601079920354116,0.02467013313435018,0.5196850393700787,0.48031496062992135,0.5206987911941695,0.4793012088058304
E1,2122,2021-12-04,Coventry,West Brom,1,2,A,,,0.30727634194831016,0.29582504970178924,0.39689860834990065,0.30631233203781033,0.29444027223913727,0.3992473957230524,0.0249154232442379,0.42783505154639173,0.5721649484536083,0.4240204059478852,0.5759795940521147
E1,2122,2021-12-04,Barnsley,Huddersfield,1,1,D,,,0.34835082306614973,0.29811841597824107,0.35353076095560926,0.348922819039082,0.2967763950622638,0.35430078589865427,0.025768164545297623,0.41794871794871796,0.5820512820512821,0.4135158509252556,0.5864841490747444
E1,2122,2021-12-04,Blackburn,Preston,1,0,H,,,0.4248234185242792,0.28237520993898674,0.292801371536734,0.428276444261985,0.28045361097525456,0.2912699447627604,0.02545416890643537,0.47769028871391084,0.5223097112860893,0.47653100668062165,0.5234689933193785
E1,2122,2021-12-04,Blackpool,Luton,0,3,A,,,0.3391758040190764,0.3024497615456732,0.3583744344352505,0.33940364752708085,0.3012399368001649,0.3593564156727542,0.02649039402604103,0.43152454780361754,0.5684754521963824,0.4278715296689119,0.572128470331088
E1,2122,2021-12-04,Bristol City,Derby,1,0,H,,,0.3808871003405121,0.29850086233582457,0.32061203732366333,0.3826565296468306,0.2972064617758091,0.32013700857736027,0.02509760670363903,0.42783505154639173,0.5721649484536083,0.4240204059478852,0.5759795940521147
E1,2122,2021-12-04,Cardiff,Sheffield United,2,3,A,,,0.2980367064111368,0.2812831637430551,0.4206801298458081,0.29667719592362063,0.27928488543916763,0.42403791863721174,0.0259325229562819,0.4921465968586388,0.5078534031413613,0.4917745119548455,0.5082254880451544
E1,2122,2021-12-04,Middlesbrough,Swansea,1,0,H,,,0.4708790669077495,0.27411403894917985,0.25500689414307076,0.4761219539267851,0.2718517529828703,0.25202629309034463,0.025724003091454506,0.44415584415584414,0.5558441558441558,0.44124719898813486,0.5587528010118651
E1,2122,2021-12-04,Millwall,Birmingham,3,1,H,,,0.4381003954649287,0.2970868306746548,0.2648127738604165,0.442133752402153,0.29568518742658906,0.262181060171258,0.025977252051234245,0.3909774436090226,0.6090225563909775,0.3852484963605688,0.6147515036394312
E1,2122,2021-12-04,Nott'm Forest,Peterboro,2,0,H,fpl-team-18,,0.5391345649076319,0.26068044896632747,0.2001849861260405,0.547369043552962,0.25774295839150557,0.19488799805553245,0.027097559068351984,0.46335078534031415,0.5366492146596858,0.46141656332340236,0.5385834366765977
E1,2122,2021-12-04,Reading,Hull,1,1,D,,,0.39266072672254376,0.2905929537212709,0.3167463195561853,0.39496387374689046,0.28893646550152907,0.31609966075158064,0.02619619551114738,0.46073298429319376,0.5392670157068064,0.4586275375035324,0.5413724624964675
E1,2122,2021-12-05,QPR,Stoke,0,2,A,,,0.4029462497769495,0.2872970240101512,0.3097567262128993,0.40560906292568577,0.28553877861086924,0.3088521584634451,0.025804535020142794,0.46981627296587924,0.5301837270341206,0.468195143536739,0.5318048564632609
E1,2122,2021-12-11,Huddersfield,Coventry,1,1,D,,,0.33805015426123747,0.30348911612590324,0.35846072961285935,0.3382330328666281,0.30232545621322593,0.359441510920146,0.026363415527157485,0.4215938303341903,0.5784061696658098,0.41734417344999014,0.5826558265500098
E1,2122,2021-12-11,Birmingham,Cardiff,2,2,D,,,0.3933555982432508,0.28933755250719356,0.3173068492495556,0.39560391273389206,0.2876923047672718,0.3167037824988362,0.025266177486628294,0.44675324675324674,0.5532467532467532,0.44404410962479757,0.5559558903752024
E1,2122,2021-12-11,Bournemouth,Blackburn,0,2,A,fpl-team-3,,0.5528855978554856,0.25224488814626933,0.19486951399824493,0.5612983813660254,0.249108396202318,0.1895932224316567,0.02594695019070059,0.5039370078740157,0.4960629921259842,0.504133597884274,0.495866402115726
E1,2122,2021-12-11,Derby,Blackpool,1,0,H,,,0.39446993914612527,0.30372925026906133,0.30180081058481334,0.3968222324359871,0.3025899946023992,0.30058777296161376,0.025955611607059836,0.4025316455696203,0.5974683544303797,0.3973989979611039,0.6026010020388961
E1,2122,2021-12-11,Hull,Bristol City,2,2,D,,,0.4803948558618791,0.2725449325520116,0.24706021158610922,0.4860003244677287,0.2702206429662143,0.24377903256605704,0.025729567743837833,0.4595300261096606,0.5404699738903395,0.4574549846322122,0.5425450153677878
E1,2122,2021-12-11,Luton,Fulham,1,1,D,,fpl-team-10,0.24038201145623012,0.25456003894158424,0.5050579496021856,0.23671632260818787,0.2514436607498589,0.5118400166419532,0.026685535442084074,0.5378590078328982,0.46214099216710186,0.5397674291054496,0.4602325708945504
E1,2122,2021-12-11,Peterboro,Millwall,2,1,H,,,0.3032173535584432,0.29292293723392815,0.40385970920762865,0.3020178134365018,0.2913165983456231,0.40666558821787496,0.026848729699850082,0.43782383419689114,0.5621761658031088,0.4345567583861699,0.5654432416138302
E1,2122,2021-12-11,Preston,Barnsley,2,1,H,,,0.5304182022932022,0.26227861384111384,0.20730318386568386,0.5382116633784995,0.2594435550055721,0.20234478161592834,0.026761193061247468,0.4543080939947781,0.5456919060052219,0.4518781279229459,0.5481218720770542
E1,2122,2021-12-11,Stoke,Middlesbrough,0,0,D,,,0.39266184512259655,0.29881813370964894,0.3085200211677544,0.39496518430903377,0.2974791656094681,0.3075556500814981,0.026193767203949392,0.41794871794871796,0.5820512820512821,0.4135158509252556,0.5864841490747444
E1,2122,2021-12-11,Swansea,Nott'm Forest,1,4,A,,fpl-team-18,0.4297535367915295,0.29495506717679504,0.2752913960316754,0.43353764121743615,0.2934452761246592,0.27301708265790464,0.026482834946364164,0.40712468193384227,0.5928753180661578,0.402092274684614,0.5979077253153859
E1,2122,2021-12-11,West Brom,Reading,1,0,H,,,0.6602066901177653,0.21079770150101598,0.12899560838121873,0.6728079928547993,0.20597650353713579,0.12121550360806493,0.02637567720375955,0.5065616797900262,0.4934383202099738,0.5068900892950844,0.49310991070491567
E1,2122,2021-12-17,Barnsley,West Brom,0,0,D,,,0.18037922785905344,0.24931997986801105,0.5703007922729355,0.1747351183572929,0.24616113621113792,0.5791037454315693,0.025175461545586586,0.47244094488188976,0.5275590551181102,0.4709784411221318,0.5290215588778682
E1,2122,2021-12-18,Middlesbrough,Bournemouth,1,0,H,,fpl-team-3,0.36503512276857636,0.29225204614294,0.3427128310884836,0.36620001358107107,0.29074433767897384,0.3430556487399551,0.02480745711363852,0.4455958549222798,0.5544041450777203,0.4429471854004886,0.5570528145995115
E1,2122,2021-12-18,Blackburn,Birmingham,4,0,H,,,0.49074779617887826,0.27123952267436574,0.23801268114675594,0.49663732348529505,0.26890640039280395,0.2344562761219009,0.025257744127884507,0.43410852713178294,0.5658914728682171,0.430691454664774,0.5693085453352259
E1,2122,2021-12-18,Blackpool,Peterboro,3,1,H,,,0.4531086534150351,0.28403826034972346,0.2628530862352414,0.45763860278067914,0.2821692867330763,0.2601921104862446,0.02551488345488906,0.45312499999999994,0.5468749999999999,0.4507389162488727,0.5492610837511274
E1,2122,2021-12-18,Bristol City,Huddersfield,2,3,A,,,0.36503512276857636,0.29225204614294,0.3427128310884836,0.36620001358107107,0.29074433767897384,0.3430556487399551,0.02480745711363852,0.4493506493506493,0.5506493506493506,0.44683171556260953,0.5531682844373905
E1,2122,2021-12-18,Nott'm Forest,Hull,2,1,H,fpl-team-18,,0.5006894103834759,0.2749450519446833,0.22436553767184061,0.5070514695768094,0.27270844889840307,0.22024008152478758,0.02568330627400428,0.4194373401534527,0.5805626598465473,0.41538626841351595,0.584613731586484
E1,2122,2021-12-20,Fulham,Sheffield United,0,1,A,fpl-team-10,,0.5364474574978308,0.24921574797143323,0.21433679453073604,0.5444709655967885,0.2458762035021043,0.20965283090110703,0.026727541349828243,0.5287958115183247,0.4712041884816754,0.5302530253038402,0.4697469746961598
E1,2122,2021-12-26,Huddersfield,Blackpool,3,2,H,,,0.4351983221269508,0.285762753685769,0.27903892418728027,0.43928157427601855,0.2838545194313135,0.27686390629266794,0.027054800186306238,0.43410852713178294,0.5658914728682171,0.430691454664774,0.5693085453352259
E1,2122,2021-12-26,Middlesbrough,Nott'm Forest,2,0,H,,fpl-team-18,0.45200843758107634,0.28505036604212025,0.26294119637680347,0.45671968255181883,0.2831283392958394,0.2601519781523418,0.026797767728567123,0.42894056847545214,0.5710594315245477,0.4250395246198356,0.5749604753801645
E1,2122,2021-12-27,Derby,West Brom,1,0,H,,,0.20370609838100656,0.26642916257176846,0.529864739047225,0.19794903000415648,0.26340171311564087,0.5386492568802027,0.03031633293721825,0.4375,0.5625,0.43386243386060414,0.5661375661393959
E1,2122,2021-12-27,QPR,Bournemouth,0,1,A,,fpl-team-3,0.3441313102517877,0.2727265427067482,0.38314214704146404,0.344578122941423,0.27019179133074944,0.3852300857278276,0.028358399285934865,0.5052631578947367,0.49473684210526314,0.5055407801420785,0.4944592198579216
E1,2122,2021-12-29,Blackburn,Barnsley,2,1,H,,,0.5792122004743643,0.2435661560969122,0.1772216434287234,0.5888466056358485,0.2400053938333664,0.17114800053078516,0.026590991765260696,0.49868766404199477,0.5013123359580053,0.4986222099750107,0.5013777900249893
E1,2122,2021-12-29,Blackpool,Middlesbrough,1,2,A,,,0.28669897852013787,0.285835427380017,0.42746559409984514,0.2848389057668599,0.2839412327562385,0.43121986147690167,0.026915315887890756,0.46073298429319376,0.5392670157068064,0.4586275375035324,0.5413724624964675
E1,2122,2021-12-29,Coventry,Millwall,0,1,A,,,0.4697367988095804,0.27990216330246387,0.25036103788795583,0.47519200572086284,0.2777568531029662,0.24705114117617089,0.027008597971871495,0.43896103896103894,0.5610389610389611,0.4356234933220219,0.5643765066779782
E1,2122,2021-12-30,Bournemouth,Cardiff,3,0,H,fpl-team-3,,0.57492067156762,0.24575624561828316,0.17932308281409695,0.5846408426279313,0.24218820727366183,0.17317095009840683,0.02731002727523446,0.5,0.5,0.5,0.5
E1,2122,2021-12-30,Bristol City,QPR,1,2,A,,,0.3282059708790394,0.2814585328903335,0.3903354962306271,0.32799503379010153,0.27937763417369765,0.3926273320362009,0.027154943789355457,0.4855643044619423,0.5144356955380577,0.48483177054684756,0.5151682294531524
E1,2122,2021-12-30,Nott'm Forest,Huddersfield,0,1,A,fpl-team-18,,0.46680635688884303,0.2770809662234945,0.2561126768876624,0.47228080633754776,0.27476761547532125,0.252951578187131,0.027703987201675773,0.42783505154639173,0.5721649484536083,0.4240204059478852,0.5759795940521147
E1,2122,2021-12-30,Stoke,Derby,1,2,A,,,0.5508495796816312,0.2676444285458773,0.1815059917724915,0.559801918695688,0.26488996033042117,0.1753081209738909,0.027932356111705303,0.4252577319587629,0.5747422680412371,0.4211849436032326,0.5788150563967673
E1,2122,2022-01-01,Blackpool,Hull,1,0,H,,,0.4415392431367006,0.27676658097489976,0.2816941758883995,0.44582628950227876,0.2745264942306088,0.2796472162671125,0.026737918611615896,0.4569190600522194,0.5430809399477807,0.4546703296758698,0.5453296703241303
E1,2122,2022-01-02,Bristol City,Millwall,3,2,H,,,0.316589463256996,0.2986127744916145,0.38479776225138945,0.3158880748505007,0.2971641851364349,0.3869477400130644,0.028215681668370962,0.41794871794871796,0.5820512820512821,0.4135158509252556,0.5864841490747444
E1,2122,2022-01-02,Birmingham,QPR,1,2,A,,,0.3643784180883193,0.2960574646967594,0.33956411721492125,0.3656540922213023,0.29452787277806863,0.339818035000629,0.02777580334804952,0.4352331606217616,0.5647668393782384,0.43173875054910793,0.5682612494508922
E1,2122,2022-01-02,Blackburn,Huddersfield,0,0,D,,,0.5128165560181287,0.2650029688920498,0.2221804750898216,0.5200214546670102,0.26224233758460747,0.21773620774838234,0.027146828593686223,0.47382198952879584,0.5261780104712042,0.4725131249860944,0.5274868750139057
E1,2122,2022-01-02,West Brom,Cardiff,1,1,D,,,0.6087378640776698,0.23980582524271843,0.15145631067961166,0.6195898151988453,0.23604629582929598,0.14436388897185884,0.02683532750234008,0.47769028871391084,0.5223097112860893,0.47653100668062165,0.5234689933193785
E1,2122,2022-01-03,Reading,Derby,2,2,D,,,0.42298372868065076,0.29333856106645756,0.28367771025289157,0.4266678258775103,0.29169321859909614,0.2816389555233936,0.027743118815124035,0.42416452442159375,0.5758354755784061,0.42018398269195956,0.5798160173080403
E1,2122,2022-01-03,Stoke,Preston,1,2,A,,,0.4692664551071112,0.28128137665174024,0.24945216824114858,0.4748081529298513,0.2791499315419618,0.24604191552818686,0.027539285831153393,0.4205128205128206,0.5794871794871795,0.416360889285732,0.5836391107142681
E1,2122,2022-01-11,Reading,Fulham,0,7,A,,fpl-team-10,0.1333936769626337,0.2015035840558429,0.6651027389815234,0.12582989136047967,0.19638146897833714,0.6777886396611832,0.026142859365791082,0.5794871794871795,0.4205128205128206,0.5836391107142681,0.416360889285732
E1,2122,2022-01-15,Cardiff,Blackburn,0,1,A,,,0.3566355503065797,0.28402711491482097,0.35933733477859925,0.35756696638287544,0.2820557507534111,0.3603772828637135,0.027074585668742657,0.4671916010498688,0.5328083989501312,0.46540654231752615,0.5345934576824739
E1,2122,2022-01-15,Luton,Bournemouth,3,2,H,,fpl-team-3,0.3257781807192505,0.28727712299788455,0.3869446962828648,0.3254674826039529,0.28541034164105505,0.38912217575499203,0.027431112714111805,0.46981627296587924,0.5301837270341206,0.468195143536739,0.5318048564632609
E1,2122,2022-01-15,Derby,Sheffield United,2,0,H,,,0.27356319180189453,0.29298280109647346,0.433454007101632,0.2711971882797338,0.29137918097506377,0.43742363074520235,0.026758204912766814,0.4092071611253197,0.5907928388746803,0.40395021644738066,0.5960497835526194
E1,2122,2022-01-15,Fulham,Bristol City,6,2,H,fpl-team-10,,0.7781743145645519,0.14857162187304435,0.0732540635624038,0.7958080706652206,0.14095933444681688,0.06323259488796247,0.027922344161197543,0.6105527638190955,0.3894472361809045,0.6168193282882106,0.3831806717117893
E1,2122,2022-01-15,Huddersfield,Swansea,1,1,D,,,0.36171619316558795,0.2961551331543252,0.34212867368008687,0.36287500327741984,0.29463905289999515,0.342485943822585,0.02760137466248125,0.4215938303341903,0.5784061696658098,0.41734417344999014,0.5826558265500098
E1,2122,2022-01-15,Middlesbrough,Reading,2,1,H,,,0.6537033281922401,0.215915677876708,0.130380993931052,0.6667927231426829,0.21100886775201264,0.12219840910530444,0.027983349282294512,0.5026315789473684,0.4973684210526315,0.5027701598381817,0.4972298401618182
E1,2122,2022-01-15,Millwall,Nott'm Forest,0,1,A,,fpl-team-18,0.4053343530423976,0.2964007456622533,0.29826490129534916,0.40823350718326906,0.29491390059435935,0.29685259222237165,0.027176265371963382,0.40712468193384227,0.5928753180661578,0.402092274684614,0.5979077253153859
E1,2122,2022-01-15,Peterboro,Coventry,1,4,A,,,0.28828186181389615,0.2806057175644137,0.43111242062169014,0.2864641355779225,0.2784815563106539,0.43505430811142354,0.027210856089368463,0.4645669291338583,0.5354330708661418,0.46261216351077283,0.5373878364892272
E1,2122,2022-01-15,Preston,Birmingham,1,1,D,,,0.49176154593301946,0.27272982288814007,0.23550863117884055,0.49806939438162917,0.2703041432869319,0.23162646233143894,0.02690282859839499,0.42416452442159375,0.5758354755784061,0.42018398269195956,0.5798160173080403
E1,2122,2022-01-15,QPR,West Brom,1,0,H,,,0.2852452572802626,0.28102565288262565,0.4337290898371117,0.2833613095418788,0.2789780782468749,0.4376606122112463,0.026422741124406457,0.46194225721784776,0.5380577427821522,0.4598115299356801,0.5401884700643199
E1,2122,2022-01-16,Hull,Stoke,0,2,A,,,0.32914725541827017,0.29167510633988253,0.3791776382418473,0.3289739010567985,0.28998421774440897,0.3810418811987926,0.027467324398458004,0.4263565891472868,0.5736434108527132,0.42219492218592264,0.5778050778140774
E1,2122,2022-01-18,Fulham,Birmingham,6,2,H,fpl-team-10,,0.749806826171399,0.16532199118709667,0.08487118264150419,0.7653364811013925,0.15885622833335067,0.07580729056525681,0.02594229346141219,0.5871794871794872,0.41282051282051285,0.5922183948599383,0.4077816051400617
E1,2122,2022-01-18,Preston,Sheffield United,2,2,D,,,0.32871614637171803,0.29873888774033497,0.37254496588794717,0.3285340973166042,0.29739166000204803,0.3740742426813478,0.026328072184696794,0.43041237113402064,0.5695876288659795,0.42684314628064995,0.5731568537193501
E1,2122,2022-01-19,Hull,Blackburn,2,0,H,,,0.3122969949233694,0.28674542261145736,0.40095758246517343,0.31140837528731136,0.28478912357736447,0.40380250113532423,0.028415091335773468,0.44908616187989553,0.5509138381201044,0.44626915021678265,0.5537308497832173
E1,2122,2022-01-19,Reading,Luton,0,2,A,,,0.2575664711204506,0.2685112220179202,0.4739223068616292,0.25447588052719344,0.26586079124771095,0.47966332822509566,0.027582610491663218,0.47631578947368425,0.5236842105263159,0.4750131874840955,0.5249868125159045
E1,2122,2022-01-22,Bristol City,Cardiff,3,2,H,,,0.382220612499497,0.2804458931948972,0.3373334943056059,0.3842093215896479,0.2782991476396331,0.337491530770719,0.027492044027894735,0.4973684210526315,0.5026315789473684,0.4972298401618182,0.5027701598381817
E1,2122,2022-01-22,Nott'm Forest,Derby,2,1,H,fpl-team-18,,0.47802913145117787,0.2876892645207696,0.23428160402805248,0.4840956740097367,0.2857575616905604,0.2301467642997029,0.028349614702165127,0.39746835443037976,0.6025316455696202,0.3916126960469293,0.6083873039530707
E1,2122,2022-01-22,Birmingham,Barnsley,2,1,H,,,0.5287940739595114,0.26588241359200154,0.20532351244848704,0.5369873350823471,0.2630239900867056,0.1999886748309474,0.028396536130458117,0.43896103896103894,0.5610389610389611,0.4356234933220219,0.5643765066779782
E1,2122,2022-01-22,Blackpool,Millwall,1,0,H,,,0.39594645254132754,0.2948012528267205,0.3092522946319519,0.3985778167597294,0.29318381886265216,0.3082383643776185,0.02838260924909264,0.41902313624678666,0.5809768637532133,0.4144904717974111,0.5855095282025888
E1,2122,2022-01-22,Bournemouth,Hull,0,1,A,fpl-team-3,,0.6001138657419388,0.234697996998085,0.1651881372599762,0.6109455278301316,0.2306360906177583,0.1584183815521101,0.027617629268206656,0.4894736842105264,0.5105263157894737,0.4889147544617743,0.5110852455382258
E1,2122,2022-01-22,Coventry,QPR,1,2,A,,,0.39946680116727307,0.28176676153763014,0.3187664372950967,0.4022227669088288,0.2796227916442091,0.3181544414469622,0.02814943273551762,0.4750656167979003,0.5249343832020998,0.4737569060807899,0.5262430939192101
E1,2122,2022-01-22,Reading,Huddersfield,3,4,A,,,0.3216992872496889,0.2874759588188709,0.3908247539314402,0.32120153831322323,0.28553417950801996,0.39326428217875675,0.02867067023180425,0.44270833333333337,0.5572916666666667,0.4395272127486084,0.5604727872513917
E1,2122,2022-01-22,Sheffield United,Luton,2,0,H,,,0.5007011311582686,0.26960830139291386,0.22969056744881738,0.5077454584019155,0.26690971306546135,0.2253448285326231,0.02846996346488595,0.4543080939947781,0.5456919060052219,0.4518781279229459,0.5481218720770542
E1,2122,2022-01-22,Stoke,Fulham,2,3,A,,fpl-team-10,0.24235025232988142,0.26920155869597623,0.48844818897414244,0.23862489166620848,0.2665594212726622,0.4948156870611294,0.027742393780499697,0.48031496062992135,0.5196850393700787,0.4793012088058304,0.5206987911941695
E1,2122,2022-01-22,Swansea,Preston,1,0,H,,,0.4347093513058129,0.2898062342038753,0.2754844144903117,0.43886103535165544,0.28802062617790786,0.2731183384704367,0.02764921193011105,0.43264248704663216,0.5673575129533679,0.4289093046652558,0.5710906953347442
E1,2122,2022-01-22,West Brom,Peterboro,3,0,H,,,0.7115078981601933,0.1900211856532243,0.09847091618658244,0.7274432948935454,0.1837741826999969,0.08878252240645776,0.029225855600088835,0.5223097112860893,0.47769028871391084,0.5234689933193785,0.47653100668062165
E1,2122,2022-01-24,Blackburn,Middlesbrough,1,0,H,,,0.39041832260246667,0.29647391372624815,0.3131077636712852,0.3927051125539396,0.2949991487998517,0.3122957386462087,0.027039834996685386,0.4226804123711341,0.577319587628866,0.41833623693271604,0.581663763067284
E1,2122,2022-01-25,Birmingham,Peterboro,2,2,D,,,0.49670532100180403,0.2757869660213505,0.2275077129768455,0.50326211249,0.27345989143252447,0.22327799607747553,0.027130706934258342,0.4645669291338583,0.5354330708661418,0.46261216351077283,0.5373878364892272
E1,2122,2022-01-25,Coventry,Stoke,1,0,H,,,0.4318291324408605,0.29595766086289504,0.27221320669624444,0.4356732128103551,0.29449457360527276,0.26983221358437215,0.026335176778957248,0.42010309278350516,0.5798969072164949,0.4154737559778157,0.5845262440221842
E1,2122,2022-01-25,Luton,Bristol City,2,1,H,,,0.5357142857142857,0.26339285714285715,0.20089285714285712,0.5439209313703488,0.2605251492579505,0.1955539193717007,0.02746576606296003,0.48684210526315796,0.513157894736842,0.48613998614008774,0.5138600138599122
E1,2122,2022-01-25,Nott'm Forest,Barnsley,3,0,H,fpl-team-18,,0.6127972033016044,0.23925331615050047,0.14794948054789514,0.6237620491973682,0.2354833915942826,0.1407545592083492,0.02673368575051427,0.46335078534031415,0.5366492146596858,0.46141656332340236,0.5385834366765977
E1,2122,2022-01-25,QPR,Swansea,0,0,D,,,0.42053091266712983,0.27870963713422675,0.3007594501986434,0.4239067324697756,0.2765984074519492,0.29949486007827514,0.02611978235654533,0.5013192612137204,0.4986807387862796,0.5013923698131533,0.49860763018684684
E1,2122,2022-01-26,West Brom,Preston,0,2,A,,,0.5849980605120247,0.24873933281613653,0.16626260667183862,0.5953117033686027,0.2452101261742448,0.15947817045715248,0.027868214063346386,0.4671916010498688,0.5328083989501312,0.46540654231752615,0.5345934576824739
E1,2122,2022-01-28,Huddersfield,Stoke,1,1,D,,,0.36613568367429444,0.2974852429853643,0.33637907334034123,0.36736237130480076,0.2961464313452537,0.33649119734994554,0.02524148765951395,0.4205128205128206,0.5794871794871795,0.416360889285732,0.5836391107142681
E1,2122,2022-01-29,Barnsley,Bournemouth,0,1,A,,fpl-team-3,0.17984227736103095,0.2615887670705905,0.5585689555683785,0.17383490434795543,0.25871206476861314,0.5674530308834315,0.026755059137940407,0.46335078534031415,0.5366492146596858,0.46141656332340236,0.5385834366765977
E1,2122,2022-01-29,Fulham,Blackpool,1,1,D,fpl-team-10,,0.7295372036153275,0.1762822239219193,0.0941805724627533,0.7455575727622595,0.1697333240925114,0.08470910314522916,0.028077641036361456,0.5939086294416244,0.40609137055837563,0.5988247863269538,0.4011752136730462
E1,2122,2022-01-29,Hull,Swansea,2,0,H,,,0.334329934598042,0.2976479668521753,0.36802209854978263,0.3343671463337559,0.2962444056915971,0.36938844797464687,0.02660076494794339,0.43152454780361754,0.5684754521963824,0.4278715296689119,0.572128470331088
E1,2122,2022-01-29,Luton,Blackburn,0,0,D,,,0.39447478060101543,0.2907291196478432,0.3147960997511415,0.3968264131037683,0.2890930283198891,0.3140805585763426,0.025950049050152302,0.4363636363636364,0.5636363636363637,0.43279569893156794,0.567204301068432
E1,2122,2022-01-29,Middlesbrough,Coventry,1,0,H,,,0.45926968894158626,0.2837875391370398,0.2569427719213739,0.46411889731097566,0.28187333370755313,0.2540077689814712,0.025986080057919025,0.43896103896103894,0.5610389610389611,0.4356234933220219,0.5643765066779782
E1,2122,2022-01-29,Millwall,West Brom,2,0,H,,,0.27647832618526846,0.2963502058798347,0.4271714679348968,0.274184420338738,0.29485188278982016,0.43096369687144176,0.027279546950012445,0.41902313624678666,0.5809768637532133,0.4144904717974111,0.5855095282025888
E1,2122,2022-01-29,Preston,Bristol City,2,2,D,,,0.5107123567184781,0.2753405749264839,0.21394706835503813,0.5176553574498294,0.27304687967599334,0.20929776287417726,0.02647087210789323,0.46335078534031415,0.5366492146596858,0.46141656332340236,0.5385834366765977
E1,2122,2022-01-29,QPR,Reading,4,0,H,,,0.6243608579977715,0.22758477317904383,0.1480543688231845,0.6359750303816638,0.22328811779222782,0.1407368518261084,0.02721032197587192,0.5366492146596858,0.46335078534031415,0.5385834366765977,0.46141656332340236
E1,2122,2022-01-29,Peterboro,Sheffield United,0,2,A,,,0.23804534831161456,0.26982981243276766,0.49212483925561773,0.23431633855856793,0.267327000670423,0.49835666077100904,0.026510694297030568,0.4921052631578948,0.5078947368421052,0.4916876783688407,0.5083123216311592
E1,2122,2022-01-30,Derby,Birmingham,2,2,D,,,0.4055813953488372,0.30418604651162784,0.29023255813953486,0.4084564085931801,0.3030242509497687,0.2885193404570512,0.02685519028455019,0.3875,0.6125,0.38150098749344763,0.6184990125065525
E1,2122,2022-01-30,Cardiff,Nott'm Forest,2,1,H,,fpl-team-18,0.3354270438054068,0.2966432918654066,0.3679296643291865,0.3355077742789359,0.2951932369140383,0.3692989888070258,0.026733331382274628,0.43896103896103894,0.5610389610389611,0.4356234933220219,0.5643765066779782
E1,2122,2022-02-01,Millwall,Preston,0,0,D,,,0.38211159406861933,0.3119533997478237,0.305935006183557,0.383956825105611,0.31114412269159103,0.3048990522027979,0.025516959372907877,0.3796526054590571,0.6203473945409429,0.37320261439799013,0.6267973856020099
E1,2122,2022-02-01,Swansea,Luton,0,1,A,,,0.42483922985007677,0.30403829867864923,0.2711224714712741,0.4282897393489762,0.3029284381859549,0.26878182246506893,0.025436288909986615,0.385,0.615,0.3785767078562746,0.6214232921437255
E1,2122,2022-02-02,Barnsley,Cardiff,0,1,A,,,0.32036413113904366,0.2972657768562913,0.38237009200466504,0.31983795495566536,0.29581057648158726,0.3843514685627473,0.027281250804662704,0.43264248704663216,0.5673575129533679,0.4289093046652558,0.5710906953347442
E1,2122,2022-02-02,Huddersfield,Derby,2,0,H,,,0.4586800004451187,0.289471829549206,0.2518481700056753,0.4636305490842785,0.2877301065366818,0.2486393443790398,0.026666109915822744,0.4205128205128206,0.5794871794871795,0.416360889285732,0.5836391107142681
E1,2122,2022-02-04,Birmingham,Sheffield United,1,2,A,,,0.2461862785442522,0.27867420386534114,0.4751395175904067,0.2428101244002397,0.276541743144428,0.48064813245533233,0.026227815076708794,0.4557291666666667,0.5442708333333333,0.45352016405289647,0.5464798359471035
E1,2122,2022-02-05,Blackpool,Bristol City,3,1,H,,,0.42051055546652394,0.2888613542110468,0.29062809032242937,0.42388909424547555,0.2871381329406816,0.28897277281384287,0.02614441781770438,0.4543080939947781,0.5456919060052219,0.4518781279229459,0.5481218720770542
E1,2122,2022-02-05,Hull,Preston,0,1,A,,,0.36510778923206527,0.2994574927455425,0.33543471802239216,0.36636481910032015,0.2981191411348093,0.33551603976487054,0.026720291003584862,0.41071428571428575,0.5892857142857143,0.405891210226295,0.5941087897737051
E1,2122,2022-02-05,Swansea,Blackburn,1,0,H,,,0.37734246730453486,0.3067429089056219,0.3159146237898432,0.37902686428194143,0.3057258870998885,0.3152472486181701,0.025822435622103512,0.3909774436090226,0.6090225563909775,0.3852484963605688,0.6147515036394312
E1,2122,2022-02-08,Coventry,Blackpool,1,1,D,,,0.5701403569180749,0.2512227957923971,0.1786368472895281,0.5789884000986522,0.24811442315305457,0.17289717674829336,0.025327464565634727,0.4595300261096606,0.5404699738903395,0.4574549846322122,0.5425450153677878
E1,2122,2022-02-08,Derby,Hull,3,1,H,,,0.4218942284621875,0.3017344798495391,0.2763712916882735,0.42510173198834994,0.3005864550843178,0.27431181292733225,0.024417421082034707,0.39999999999999997,0.6,0.39451476792871476,0.6054852320712854
E1,2122,2022-02-08,Fulham,Millwall,3,0,H,fpl-team-10,,0.6951284193111502,0.19798875976221952,0.10688282092663029,0.7085944878034874,0.1928134867175371,0.09859202547897554,0.025603666435927153,0.5261780104712042,0.47382198952879584,0.5274868750139057,0.4725131249860944
E1,2122,2022-02-08,Luton,Barnsley,2,1,H,,,0.5888838041352913,0.2510504638682031,0.16006573199650537,0.598045677313745,0.24804618626022232,0.15390813642603257,0.024335291935130954,0.45052083333333337,0.5494791666666667,0.44794948360941583,0.5520505163905842
E1,2122,2022-02-08,Stoke,Swansea,3,0,H,,,0.42132788337503696,0.2994342818954665,0.2792378347294966,0.42460608159160423,0.2981683859480076,0.27722553246038817,0.025122990598902106,0.4025316455696203,0.5974683544303797,0.3973989979611039,0.6026010020388961
E1,2122,2022-02-09,Blackburn,Nott'm Forest,0,2,A,,fpl-team-18,0.40571369522189454,0.29760816514709504,0.29667813963101036,0.4085758511549313,0.29619534834487843,0.2952288005001903,0.026682881638407707,0.43152454780361754,0.5684754521963824,0.4278715296689119,0.572128470331088
E1,2122,2022-02-09,Bournemouth,Birmingham,3,1,H,fpl-team-3,,0.6283480527001593,0.22590608561362868,0.14574586168621206,0.6401752819251856,0.221518992886946,0.13830572518786852,0.02735021593980491,0.4960629921259842,0.5039370078740157,0.495866402115726,0.504133597884274
E1,2122,2022-02-09,Bristol City,Reading,2,1,H,,,0.49452280675958116,0.2601325449255879,0.24534464831483094,0.5008911915436245,0.25723537994108137,0.24187342851529423,0.02668798912782222,0.5184210526315789,0.48157894736842105,0.5194169371160577,0.4805830628839423
E1,2122,2022-02-09,Cardiff,Peterboro,4,0,H,,,0.5262910430217068,0.25742496669540005,0.21628399028289322,0.5342572157957912,0.25427115462538374,0.21147162957882504,0.027943734894506633,0.4894736842105264,0.5105263157894737,0.4889147544617743,0.5110852455382258
E1,2122,2022-02-09,Preston,Huddersfield,0,0,D,,,0.4434086564458763,0.2892971112177364,0.26729423233638744,0.4478068462953729,0.2875327374407585,0.26466041626386866,0.026971232728101313,0.4352331606217616,0.5647668393782384,0.43173875054910793,0.5682612494508922
E1,2122,2022-02-09,QPR,Middlesbrough,2,2,D,,,0.35949503351763956,0.30033762293878746,0.3401673435435729,0.3605341691314279,0.2990284822634102,0.34043734860516195,0.026837967219762504,0.44155844155844154,0.5584415584415584,0.4384404924803881,0.5615595075196119
E1,2122,2022-02-09,Sheffield United,West Brom,2,0,H,,,0.39657850688994944,0.29163773275907057,0.31178376035098004,0.39915840399549146,0.28993940120742234,0.3109021947970861,0.02754022181034088,0.4352331606217616,0.5647668393782384,0.43173875054910793,0.5682612494508922
E1,2122,2022-02-12,Huddersfield,Sheffield United,0,0,D,,,0.2827828986984112,0.2853304923803789,0.4318866089212099,0.2808155346698381,0.2834613585629979,0.435723106767164,0.0262639163993299,0.43896103896103894,0.5610389610389611,0.4356234933220219,0.5643765066779782
E1,2122,2022-02-12,Barnsley,QPR,1,0,H,,,0.2525319583674493,0.2842874740903022,0.46318056754224846,0.2493520748640788,0.2823439802816184,0.4683039448543028,0.026639675139449537,0.4712041884816754,0.5287958115183247,0.4697469746961598,0.5302530253038402
E1,2122,2022-02-12,Birmingham,Luton,3,0,H,,,0.32397638606600104,0.2947983885631625,0.3812252253708366,0.3236032559415754,0.2932744980676619,0.38312224599076267,0.0267405251506716,0.4352331606217616,0.5647668393782384,0.43173875054910793,0.5682612494508922
E1,2122,2022-02-12,Blackpool,Bournemouth,1,2,A,,fpl-team-3,0.23636938202247193,0.27383426966292135,0.4897963483146068,0.2326082428650376,0.2715069327018323,0.49588482443313014,0.02628412190824747,0.45052083333333337,0.5494791666666667,0.44794948360941583,0.5520505163905842
E1,2122,2022-02-12,Hull,Fulham,0,1,A,,fpl-team-10,0.16845304751239804,0.24404095344744847,0.5875059990401537,0.16229038042861654,0.24062829893273624,0.5970813206386473,0.025571713922545314,0.4973684210526315,0.5026315789473684,0.4972298401618182,0.5027701598381817
E1,2122,2022-02-12,Middlesbrough,Derby,4,1,H,,,0.5797428769979152,0.25286657400972895,0.1673905489923558,0.589220219337297,0.2497169583676896,0.1610628222950134,0.02611673204228282,0.44155844155844154,0.5584415584415584,0.4384404924803881,0.5615595075196119
E1,2122,2022-02-12,Millwall,Cardiff,2,1,H,,,0.41071195141950584,0.2955590678439434,0.2937289807365506,0.413811456981676,0.2940456929349253,0.29214285008339874,0.027033096179366112,0.40712468193384227,0.5928753180661578,0.402092274684614,0.5979077253153859
E1,2122,2022-02-12,Nott'm Forest,Stoke,2,2,D,fpl-team-18,,0.4110846287929992,0.2930881149727864,0.2958272562342143,0.41414461078578113,0.29150462287189394,0.29435076634232504,0.026554777286946774,0.411764705882353,0.588235294117647,0.4068322981224806,0.5931677018775194
E1,2122,2022-02-12,Peterboro,Preston,0,1,A,,,0.2678995525577171,0.27486803802887155,0.45723240941341126,0.26540039173123314,0.2726319687824015,0.4619676394863654,0.025785888312384486,0.46194225721784776,0.5380577427821522,0.4598115299356801,0.5401884700643199
E1,2122,2022-02-12,Reading,Coventry,2,3,A,,,0.25704788153952024,0.268698777020065,0.47425334144041476,0.2539774993433456,0.26609082563054554,0.47993167502610884,0.027212870772928,0.5052631578947367,0.49473684210526314,0.5055407801420785,0.4944592198579216
E1,2122,2022-02-13,Swansea,Bristol City,3,1,H,,,0.478676002546149,0.2692552514322088,0.25206874602164225,0.48461930993087066,0.2666294306763431,0.24875125939278622,0.027624865528196096,0.48031496062992135,0.5196850393700787,0.4793012088058304,0.5206987911941695
E1,2122,2022-02-14,West Brom,Blackburn,0,0,D,,,0.5156903282056023,0.2734496264836624,0.21086004531073518,0.5229853964710306,0.2710276927466937,0.20598691078227577,0.027068234863691032,0.43152454780361754,0.5684754521963824,0.4278715296689119,0.572128470331088
E1,2122,2022-02-15,Cardiff,Coventry,2,0,H,,,0.32755632582322364,0.2941941074523397,0.37824956672443677,0.32734373942521816,0.2927709980890424,0.3798852624857394,0.024562387261539698,0.44155844155844154,0.5584415584415584,0.4384404924803881,0.5615595075196119
E1,2122,2022-02-15,Millwall,QPR,2,0,H,,,0.38632559885920165,0.3048639709847374,0.3088104301560609,0.3882119684460253,0.30385085858589933,0.3079371729680754,0.02399372705258429,0.4205128205128206,0.5794871794871795,0.416360889285732,0.5836391107142681
E1,2122,2022-02-15,Sheffield United,Hull,0,0,D,,,0.6167324282752624,0.2339329900354444,0.1493345816892931,0.6278692624352666,0.22995202670748627,0.14217871085724706,0.026774263940751553,0.48684210526315796,0.513157894736842,0.48613998614008774,0.5138600138599122
E1,2122,2022-02-16,Peterboro,Reading,0,0,D,,,0.3927457253875675,0.28287043316604565,0.3243838414463868,0.3950417708152519,0.2809244269165785,0.32403380226816975,0.026083869161084294,0.49868766404199477,0.5013123359580053,0.4986222099750107,0.5013777900249893
E1,2122,2022-02-19,Fulham,Huddersfield,1,2,A,fpl-team-10,,0.6897678093013672,0.193865494263928,0.11636669643470496,0.7031683748753018,0.18851094229679782,0.10832068282790046,0.025804498698562384,0.5647668393782384,0.4352331606217616,0.5682612494508922,0.43173875054910793
E1,2122,2022-02-19,Bristol City,Middlesbrough,2,1,H,,,0.2570745610002758,0.2789372069504459,0.4639882320492784,0.25417349202543577,0.2768586478214528,0.4689678601531114,0.02571854367852211,0.46073298429319376,0.5392670157068064,0.4586275375035324,0.5413724624964675
E1,2122,2022-02-19,Cardiff,Blackpool,1,1,D,,,0.46181397439771243,0.2831359485890737,0.25505007701321386,0.46669359672227556,0.28122277631456566,0.2520836269631588,0.02562823030166328,0.44270833333333337,0.5572916666666667,0.4395272127486084,0.5604727872513917
E1,2122,2022-02-19,Coventry,Barnsley,1,0,H,,,0.6128204695437898,0.23806308967239953,0.1491164407838107,0.6237785863099369,0.23425140413155085,0.14197000955851224,0.026710203383117914,0.4569190600522194,0.5430809399477807,0.4546703296758698,0.5453296703241303
E1,2122,2022-02-19,Derby,Peterboro,1,0,H,,,0.5089794921711672,0.2727196705902816,0.2183008372385511,0.5155883740621338,0.2704198894950436,0.21399173644282282,0.025425413623452187,0.44155844155844154,0.5584415584415584,0.4384404924803881,0.5615595075196119
E1,2122,2022-02-19,Luton,West Brom,2,0,H,,,0.30676284941388643,0.3018935978358882,0.3913435527502255,0.30574640196276054,0.3006919513523635,0.3935616466848759,0.025792672531679273,0.4215938303341903,0.5784061696658098,0.41734417344999014,0.5826558265500098
E1,2122,2022-02-19,Preston,Reading,2,3,A,,,0.5691208201568618,0.24880412818375897,0.18207505165937918,0.5782581588945338,0.24548883606575098,0.1762530050397152,0.026277374010533094,0.48031496062992135,0.5196850393700787,0.4793012088058304,0.5206987911941695
E1,2122,2022-02-19,QPR,Hull,1,1,D,,,0.5093611317344549,0.26385188818377586,0.22678698008176923,0.5158834933735554,0.26126474697096386,0.2228517596554808,0.025024666218087077,0.4855643044619423,0.5144356955380577,0.48483177054684756,0.5151682294531524
E1,2122,2022-02-19,Sheffield United,Swansea,4,0,H,,,0.5834023061638794,0.24828870993397475,0.16830898390214574,0.5929875977419907,0.24497685850989828,0.16203554374811116,0.026025059400126338,0.46214099216710186,0.5378590078328982,0.4602325708945504,0.5397674291054496
E1,2122,2022-02-19,Stoke,Birmingham,2,2,D,,,0.5287142674016151,0.2607358031021663,0.21054992949621842,0.5360846267082949,0.25797652502725116,0.2059388482644539,0.02550653461366892,0.4595300261096606,0.5404699738903395,0.4574549846322122,0.5425450153677878
E1,2122,2022-02-22,Bristol City,Coventry,1,2,A,,,0.30009540312688615,0.2789743190358443,0.42093027783726955,0.29882969752141925,0.2769128776567419,0.42425742482183887,0.025619808351621032,0.4921052631578948,0.5078947368421052,0.4916876783688407,0.5083123216311592
E1,2122,2022-02-22,Hull,Barnsley,0,2,A,,,0.45367017866341525,0.2949558437130564,0.25137397762352826,0.45810555363524186,0.2935323201076445,0.24836212625711374,0.024865450337529182,0.423076923076923,0.5769230769230769,0.41919191919322074,0.5808080808067793
E1,2122,2022-02-22,Middlesbrough,West Brom,2,1,H,,,0.41475826972010177,0.29262086513994906,0.29262086513994906,0.417676757156953,0.2911616214215236,0.2911616214215236,0.02415812574326992,0.43896103896103894,0.5610389610389611,0.4356234933220219,0.5643765066779782
E1,2122,2022-02-22,Preston,Nott'm Forest,0,0,D,,fpl-team-18,0.34883720930232553,0.3023255813953488,0.34883720930232553,0.3494115514425522,0.3011768971148956,0.3494115514425522,0.025033816462382674,0.41687979539641945,0.5831202046035805,0.4125497793691309,0.587450220630869
E1,2122,2022-02-22,Reading,Birmingham,2,1,H,,,0.3702852735846782,0.2849201057223423,0.34479462069297945,0.3716760239154972,0.2831006305813838,0.345223345503119,0.025421706261113286,0.49473684210526314,0.5052631578947367,0.4944592198579216,0.5055407801420785
E1,2122,2022-02-23,Derby,Millwall,1,2,A,,,0.35779659636837385,0.31514534647015713,0.3270580571614689,0.35871587243975606,0.31446235079624857,0.3268217767639953,0.025356251280754805,0.36764705882352944,0.6323529411764707,0.36046511626231414,0.6395348837376859
E1,2122,2022-02-23,Fulham,Peterboro,2,1,H,fpl-team-10,,0.8023007989886334,0.13409240881972948,0.06360679219163716,0.8188440671570201,0.12678407046893997,0.054371862374039966,0.024921020725741982,0.6595744680851063,0.3404255319148936,0.6680107527127119,0.33198924728728796
E1,2122,2022-02-23,Huddersfield,Cardiff,2,1,H,,,0.4150610482137454,0.29066966373378494,0.29426928805246966,0.418219034459281,0.2890216592773362,0.2927593062633829,0.026066155871376395,0.43782383419689114,0.5621761658031088,0.4345567583861699,0.5654432416138302
E1,2122,2022-02-23,QPR,Blackpool,2,1,H,,,0.4871591209954991,0.2753508075191951,0.23749007148530576,0.49317537619785673,0.2730710421484265,0.2337535816537169,0.02641787612810731,0.46335078534031415,0.5366492146596858,0.46141656332340236,0.5385834366765977
E1,2122,2022-02-23,Sheffield United,Blackburn,1,0,H,,,0.5178600232405794,0.2610582034966209,0.22108177326279962,0.5246443666014486,0.25838656920682324,0.21696906419172823,0.024836149998009205,0.44531250000000006,0.5546875,0.442344123214856,0.557655876785144
E1,2122,2022-02-23,Stoke,Luton,1,2,A,,,0.4467199229014358,0.29187528704909765,0.26140479004946654,0.45100889999321897,0.2903008788389789,0.2586902211678021,0.025519542628899217,0.43152454780361754,0.5684754521963824,0.4278715296689119,0.572128470331088
E1,2122,2022-02-26,Blackburn,QPR,1,0,H,,,0.4380324306955501,0.2880395074573769,0.27392806184707313,0.44207617428325985,0.2862873976797576,0.2716364280369825,0.02605738420970738,0.44791666666666663,0.5520833333333334,0.4451513821865228,0.5548486178134774
E1,2122,2022-02-26,Barnsley,Middlesbrough,3,2,H,,,0.21151918882273182,0.27117844720863055,0.5173023639686376,0.20696240660264795,0.2688195830783557,0.5242180103189964,0.025411884766072035,0.44270833333333337,0.5572916666666667,0.4395272127486084,0.5604727872513917
E1,2122,2022-02-26,Birmingham,Huddersfield,0,2,A,,,0.36327537403962795,0.295584310553983,0.341140315406389,0.36439888618823735,0.29416954184154087,0.3414315719702217,0.02533619198948145,0.44270833333333337,0.5572916666666667,0.4395272127486084,0.5604727872513917
E1,2122,2022-02-26,Blackpool,Reading,4,1,H,,,0.4702326379884065,0.2737377316243749,0.2560296303872186,0.47559631003956687,0.2713979220814195,0.25300576787901363,0.026449344702996314,0.5052631578947367,0.49473684210526314,0.5055407801420785,0.4944592198579216
E1,2122,2022-02-26,Bournemouth,Stoke,2,1,H,fpl-team-3,,0.5468874939110135,0.25107763572695607,0.2020348703620305,0.5549627484775695,0.2479439620008957,0.1970932895215348,0.02558720693923533,0.5026315789473684,0.4973684210526315,0.5027701598381817,0.4972298401618182
E1,2122,2022-02-26,Cardiff,Fulham,0,1,A,,fpl-team-10,0.19312366472897102,0.24350375118000694,0.563372584091022,0.1879062136080485,0.2401176530567545,0.571976133335197,0.025324221118353307,0.5378590078328982,0.46214099216710186,0.5397674291054496,0.4602325708945504
E1,2122,2022-02-26,Coventry,Preston,1,1,D,,,0.48001084738021493,0.2811897863351555,0.2387993662846295,0.4856916184059083,0.27915788446925965,0.23515049712483194,0.02615490951575339,0.4352331606217616,0.5647668393782384,0.43173875054910793,0.5682612494508922
E1,2122,2022-02-26,Luton,Derby,1,0,H,,,0.5082497498312816,0.28286518815014783,0.20888506201857068,0.5150233408564241,0.28088334849664576,0.20409331064693007,0.026192720513790846,0.39898989898989906,0.601010101010101,0.3936283373992048,0.6063716626007953
E1,2122,2022-02-26,Millwall,Sheffield United,1,0,H,,,0.2715599846684553,0.29244921425833653,0.4359908010732081,0.26917475098037363,0.29086395130388365,0.4399612977157428,0.02609560894779861,0.41794871794871796,0.5820512820512821,0.4135158509252556,0.5864841490747444
E1,2122,2022-02-26,Nott'm Forest,Bristol City,2,0,H,fpl-team-18,,0.5495828237203163,0.25558556049358794,0.19483161578609573,0.5579009744507877,0.25256435060630966,0.18953467494290252,0.026047034887596965,0.5118110236220472,0.48818897637795283,0.5124069478901967,0.4875930521098033
E1,2122,2022-02-26,Peterboro,Hull,0,3,A,,,0.35846799537722274,0.29228928853835084,0.3492427160844265,0.35944778270559496,0.29069043673669487,0.3498617805577103,0.026355539448559284,0.4557291666666667,0.5442708333333333,0.45352016405289647,0.5464798359471035
E1,2122,2022-02-28,West Brom,Swansea,0,2,A,,,0.5423464750941274,0.26074349764140736,0.19691002726446533,0.5506702254211563,0.25781995866000645,0.1915098159188373,0.026975330896675587,0.46981627296587924,0.5301837270341206,0.468195143536739,0.5318048564632609
E1,2122,2022-03-01,Cardiff,Derby,1,0,H,,,0.47448938132200863,0.29897293305869505,0.22653768561929627,0.47957574614825865,0.2977174810479687,0.22270677280377263,0.024326481274329126,0.37623762376237624,0.6237623762376239,0.36946533000971704,0.6305346699902831
E1,2122,2022-03-04,Huddersfield,Peterboro,3,0,H,,,0.5997955087666149,0.24204945658348168,0.15815503464990344,0.6094190516199899,0.2386978109332079,0.1518831374468022,0.024527837755158544,0.4569190600522194,0.5430809399477807,0.4546703296758698,0.5453296703241303
E1,2122,2022-03-04,Sheffield United,Nott'm Forest,1,1,D,,fpl-team-18,0.48862039898848,0.2861290624707315,0.2252505385407886,0.49433294640629155,0.2843752992829576,0.22129175431075077,0.024841197999194264,0.43264248704663216,0.5673575129533679,0.4289093046652558,0.5710906953347442
E1,2122,2022-03-05,Fulham,Blackburn,2,0,H,fpl-team-10,,0.6555264747332394,0.21602577008254478,0.1284477551842158,0.6679938115953119,0.2113845229706166,0.12062166543407148,0.026474625570699573,0.5275590551181102,0.47244094488188976,0.5290215588778682,0.4709784411221318
E1,2122,2022-03-05,Bristol City,Birmingham,1,2,A,,,0.41342415123063225,0.27884913426113017,0.3077267145082376,0.4164933007694389,0.2767653262974819,0.30674137293307924,0.025852974969893694,0.5026315789473684,0.4973684210526315,0.5027701598381817,0.4972298401618182
E1,2122,2022-03-05,Derby,Barnsley,2,0,H,,,0.43289008378714855,0.3032987848190213,0.26381113139383017,0.43658654090018695,0.30217699540414733,0.26123646369566567,0.025044491048902273,0.39294710327455923,0.6070528967254408,0.38695605915015463,0.6130439408498454
E1,2122,2022-03-05,Hull,West Brom,0,2,A,,,0.25719108183166717,0.28749456277255847,0.4553143553957745,0.25432299784434687,0.2857571836365514,0.45991981851910174,0.025473762769252062,0.42894056847545214,0.5710594315245477,0.4250395246198356,0.5749604753801645
E1,2122,2022-03-05,Middlesbrough,Luton,2,1,H,,,0.5228276877761413,0.26804123711340205,0.20913107511045656,0.529996232601948,0.2655478745358014,0.2044558928622505,0.025579879293218255,0.44791666666666663,0.5520833333333334,0.4451513821865228,0.5548486178134774
E1,2122,2022-03-05,Preston,Bournemouth,2,1,H,,fpl-team-3,0.28708049959615584,0.29059218766461037,0.42232731273923374,0.2852840854578226,0.2889310518227105,0.42578486271946686,0.02621057373471558,0.44791666666666663,0.5520833333333334,0.4451513821865228,0.5548486178134774
E1,2122,2022-03-05,QPR,Cardiff,1,2,A,,,0.4361407428947489,0.2952754097858859,0.2685838473193652,0.44008959509494683,0.29380858167690344,0.26610182322814974,0.025914897909387946,0.42894056847545214,0.5710594315245477,0.4250395246198356,0.5749604753801645
E1,2122,2022-03-05,Reading,Millwall,0,1,A,,,0.3186504970626291,0.2921779942297338,0.38917150870763717,0.31807000866350194,0.29056103818252504,0.39136895315397296,0.02656121412292123,0.43896103896103894,0.5610389610389611,0.4356234933220219,0.5643765066779782
E1,2122,2022-03-05,Stoke,Blackpool,0,1,A,,,0.4960612631405594,0.27930722147503634,0.22463151538440423,0.5020977108710504,0.2772863096131325,0.22061597951581713,0.025052960962057114,0.44791666666666663,0.5520833333333334,0.4451513821865228,0.5548486178134774
E1,2122,2022-03-05,Swansea,Coventry,3,1,H,,,0.34017423725804297,0.2948878836911828,0.36493787905077407,0.340425268215085,0.293468877476166,0.366105854308749,0.024946726392954588,0.44791666666666663,0.5520833333333334,0.4451513821865228,0.5548486178134774
E1,2122,2022-03-08,Barnsley,Stoke,1,1,D,,,0.29736511919698877,0.30112923462986196,0.4015056461731493,0.29600757257701305,0.29991292523859425,0.40407950218439276,0.025462790159508586,0.4035532994923858,0.5964467005076142,0.3983005486587334,0.6016994513412668
E1,2122,2022-03-08,Blackburn,Millwall,0,0,D,,,0.4410054287201606,0.3196549416226668,0.2393396296571726,0.4449826194990627,0.3191355082120699,0.2358818722888675,0.024940564762800932,0.34606205250596656,0.6539379474940334,0.3376541656065383,0.6623458343934616
E1,2122,2022-03-08,Bournemouth,Peterboro,1,1,D,fpl-team-3,,0.7552181081458711,0.16210814587117506,0.08267374598295374,0.7711832147617035,0.1554126351364345,0.0734041501018621,0.026385067496448755,0.6105527638190955,0.3894472361809045,0.6168193282882106,0.3831806717117893
E1,2122,2022-03-08,Coventry,Luton,0,1,A,,,0.4269740954232933,0.29941894113017103,0.2736069634465356,0.4304665721657849,0.2981499407201585,0.27138348711405647,0.025153394090011716,0.41794871794871796,0.5820512820512821,0.4135158509252556,0.5864841490747444
E1,2122,2022-03-08,Sheffield United,Middlesbrough,4,1,H,,,0.45669711731415713,0.2901206611509387,0.2531822215349041,0.46106598720994557,0.2885830376138734,0.2503509751761811,0.02387887821532786,0.4595300261096606,0.5404699738903395,0.4574549846322122,0.5425450153677878
E1,2122,2022-03-08,Swansea,Fulham,1,5,A,,fpl-team-10,0.1949610077984403,0.26137629616933755,0.5436626960322221,0.18974147291124172,0.2586146078521919,0.5516439192365663,0.025687581161037087,0.48818897637795283,0.5118110236220472,0.4875930521098033,0.5124069478901967
E1,2122,2022-03-11,West Brom,Huddersfield,2,2,D,,,0.4941756961315962,0.2855566148305331,0.22026768903787078,0.4999690760235488,0.28381715308349126,0.21621377089295993,0.02432202617637813,0.41071428571428575,0.5892857142857143,0.405891210226295,0.5941087897737051
E1,2122,2022-03-12,Barnsley,Fulham,1,1,D,,fpl-team-10,0.1322410553011367,0.2093086901786203,0.6584502545202431,0.1241723690261676,0.20417059975837662,0.6716570312154558,0.02781411213800311,0.5275590551181102,0.47244094488188976,0.5290215588778682,0.4709784411221318
E1,2122,2022-03-12,Birmingham,Hull,0,0,D,,,0.44816659121774555,0.28791308284291534,0.26392032593933906,0.45264125125599314,0.2861379289959932,0.2612208197480136,0.026296852389350533,0.43264248704663216,0.5673575129533679,0.4289093046652558,0.5710906953347442
E1,2122,2022-03-12,Blackburn,Bristol City,0,1,A,,,0.542700266540416,0.26308184666086654,0.1942178867987174,0.5509317576155539,0.260285292085639,0.18878295029880704,0.026630872394889593,0.4554973821989528,0.544502617801047,0.45302829355420515,0.5469717064457948
E1,2122,2022-03-12,Blackpool,Swansea,1,0,H,,,0.40451594738532676,0.2898208769376579,0.3056631756770154,0.40725869147512933,0.288146300343569,0.3045950081813018,0.02599349059164524,0.43264248704663216,0.5673575129533679,0.4289093046652558,0.5710906953347442
E1,2122,2022-03-12,Bournemouth,Derby,2,0,H,fpl-team-3,,0.6007220216606498,0.24717208182912156,0.15210589651022863,0.6113628833365313,0.24366604654718663,0.14497107011628202,0.027101354906335473,0.44791666666666663,0.5520833333333334,0.4451513821865228,0.5548486178134774
E1,2122,2022-03-12,Cardiff,Preston,0,0,D,,,0.3807893677003625,0.31212243254128075,0.30708819975835683,0.3825647288549272,0.31132852419231927,0.3061067469527536,0.025231792125850916,0.3643031784841076,0.6356968215158926,0.3567372225005504,0.6432627774994496
E1,2122,2022-03-12,Coventry,Sheffield United,4,1,H,,,0.331946421402241,0.2957528863583829,0.37230069223937623,0.33188928155386116,0.29427078436481824,0.37383993408132066,0.026674120454117656,0.4252577319587629,0.5747422680412371,0.4211849436032326,0.5788150563967673
E1,2122,2022-03-12,Millwall,Middlesbrough,0,0,D,,,0.3218501173818755,0.30726791141635373,0.37088197120177063,0.32139625134021216,0.30624092189663243,0.3723628267631554,0.026621575700119138,0.3825,0.6175,0.37563176419978217,0.6243682358002178
E1,2122,2022-03-12,Nott'm Forest,Reading,4,0,H,fpl-team-18,,0.619838179739177,0.22366802240588227,0.15649379785494075,0.6314325421861391,0.2191665801876088,0.14940087762625204,0.0275686951354146,0.5287958115183247,0.4712041884816754,0.5302530253038402,0.4697469746961598
E1,2122,2022-03-12,Peterboro,Stoke,2,2,D,,,0.2581087526830431,0.285237300262342,0.45665394705461476,0.2551670122923022,0.283345678402011,0.46148730930568665,0.026455478742718697,0.45052083333333337,0.5494791666666667,0.44794948360941583,0.5520505163905842
E1,2122,2022-03-13,Luton,QPR,1,2,A,,,0.43609022556390975,0.2907268170426065,0.2731829573934837,0.4400465454007966,0.28908307126088895,0.2708703833383145,0.02597516542300582,0.4263565891472868,0.5736434108527132,0.42219492218592264,0.5778050778140774
E1,2122,2022-03-15,Barnsley,Bristol City,2,0,H,,,0.40757397659324374,0.29345326314713543,0.2989727602596208,0.41024784452374985,0.29201757330507605,0.297734582171174,0.024276715936139226,0.44791666666666663,0.5520833333333334,0.4451513821865228,0.5548486178134774
E1,2122,2022-03-15,Birmingham,Middlesbrough,0,2,A,,,0.25889552349516,0.2852501576234099,0.45585431888143013,0.25615869013331505,0.2834731029493605,0.46036820691732444,0.02484903286676854,0.4569190600522194,0.5430809399477807,0.4546703296758698,0.5453296703241303
E1,2122,2022-03-15,Blackburn,Derby,3,1,H,,,0.5197441259687539,0.29265592323779066,0.18759995079345554,0.5268526562721452,0.291062865748809,0.18208447797904584,0.025832355953752995,0.3796526054590571,0.6203473945409429,0.37320261439799013,0.6267973856020099
E1,2122,2022-03-15,Bournemouth,Reading,1,1,D,fpl-team-3,,0.6932761368312844,0.19187642574926458,0.114847437419451,0.7074227081842065,0.18619222665687096,0.10638506515892245,0.027027735603041947,0.5794871794871795,0.4205128205128206,0.5836391107142681,0.416360889285732
E1,2122,2022-03-15,West Brom,Fulham,1,0,H,,fpl-team-10,0.2569776663511474,0.2779554350328737,0.465066898615979,0.2542091362371086,0.27593938421950737,0.4698514795433841,0.024495013058185577,0.46858638743455505,0.5314136125654451,0.4669758097866967,0.5330241902133033
E1,2122,2022-03-16,Blackpool,Sheffield United,0,0,D,,,0.2702356773328224,0.2954129143514083,0.43435140831576935,0.26783937101983013,0.29396549502150043,0.43819513395866944,0.025668197544291615,0.42416452442159375,0.5758354755784061,0.42018398269195956,0.5798160173080403
E1,2122,2022-03-16,Cardiff,Stoke,2,1,H,,,0.388542814221332,0.29934902353530296,0.31210816224336513,0.3906104712431889,0.29807744018050586,0.31131208857630527,0.025258430512622,0.4025316455696203,0.5974683544303797,0.3973989979611039,0.6026010020388961
E1,2122,2022-03-16,Coventry,Hull,0,2,A,,,0.5918677327664141,0.2449632518647627,0.16316901536882308,0.6013657283318341,0.2416646591173189,0.15696961255084704,0.024940956733189523,0.46858638743455505,0.5314136125654451,0.4669758097866967,0.5330241902133033
E1,2122,2022-03-16,Luton,Preston,4,0,H,,,0.4184472892685464,0.3054261564757558,0.2761265542556978,0.4217783927208879,0.30432933875499624,0.27389226852411586,0.026410381658934057,0.3919597989949749,0.6080402010050251,0.3860987497240318,0.6139012502759682
E1,2122,2022-03-16,Millwall,Huddersfield,2,0,H,,,0.3899388961234098,0.3099188620655114,0.30014224181107885,0.3920808861562884,0.30903190413616316,0.2988872097075485,0.025523445568978786,0.37192118226600984,0.6280788177339901,0.3649526035647645,0.6350473964352354
E1,2122,2022-03-16,Nott'm Forest,QPR,3,1,H,fpl-team-18,,0.48671467593742246,0.27116960516513533,0.24211571889744227,0.4928222876701881,0.268684724221368,0.23849298810844394,0.026899393182247877,0.46981627296587924,0.5301837270341206,0.468195143536739,0.5318048564632609
E1,2122,2022-03-16,Peterboro,Swansea,2,3,A,,,0.26603727371913344,0.27291754803945584,0.46104517824141084,0.2633962695647216,0.27054323804239466,0.4660604923928837,0.026505953166633844,0.4764397905759163,0.5235602094240838,0.4752747252712324,0.5247252747287677
E1,2122,2022-03-19,Derby,Coventry,1,1,D,,,0.31271521900041843,0.3008399575193898,0.3864448234801918,0.31192066911650823,0.29959061864115916,0.38848871224233256,0.02596302516758442,0.41794871794871796,0.5820512820512821,0.4135158509252556,0.5864841490747444
E1,2122,2022-03-19,Sheffield United,Barnsley,2,0,H,,,0.6257883703870254,0.23370966166788165,0.14050196794509284,0.6369386493253618,0.22982745476626606,0.13323389590837215,0.025998224038630724,0.46858638743455505,0.5314136125654451,0.4669758097866967,0.5330241902133033
E1,2122,2022-03-19,Bristol City,West Brom,2,2,D,,,0.2627372700956815,0.2733071602719445,0.4639555696323741,0.26004530325391073,0.27101342396287764,0.4689412727832117,0.02575486816931516,0.48293963254593175,0.5170603674540682,0.48206797616735914,0.517932023832641
E1,2122,2022-03-19,Huddersfield,Bournemouth,0,3,A,,fpl-team-3,0.3151493046194833,0.28495535926671844,0.3998953361137981,0.314462250115124,0.28313968689262486,0.4023980629922512,0.025362629210576415,0.4671916010498688,0.5328083989501312,0.46540654231752615,0.5345934576824739
E1,2122,2022-03-19,Hull,Luton,1,3,A,,,0.317975001307463,0.29710789184666075,0.3849171068458762,0.31738330864949693,0.29571849413022433,0.3868981972202787,0.02591257798485458,0.43152454780361754,0.5684754521963824,0.4278715296689119,0.572128470331088
E1,2122,2022-03-19,Reading,Blackburn,1,0,H,,,0.30243672193049737,0.2886895982063839,0.4088736798631188,0.30129608590485707,0.2870455988822561,0.4116583152128868,0.024854679126292467,0.45312499999999994,0.5468749999999999,0.4507389162488727,0.5492610837511274
E1,2122,2022-03-19,Stoke,Millwall,2,0,H,,,0.4042240368758816,0.3034908903061731,0.2922850728179452,0.4069950700845384,0.3023229266848342,0.29068200323062743,0.02637347928248346,0.3944723618090452,0.6055276381909548,0.3889975421039103,0.6110024578960898
E1,2122,2022-03-19,Swansea,Birmingham,0,0,D,,,0.49563336937536395,0.26881809864426515,0.23554853198037096,0.501763380463483,0.26637082145012075,0.2318657980863963,0.02550387685187161,0.4764397905759163,0.5235602094240838,0.4752747252712324,0.5247252747287677
E1,2122,2022-03-20,QPR,Peterboro,1,3,A,,,0.632216310288879,0.22366143052672607,0.14412225918439492,0.6443167145658367,0.21913761795312253,0.13654566748104077,0.027636415557935834,0.5210526315789473,0.4789473684210527,0.5222000222007822,0.47779997779921773
E1,2122,2022-04-01,Hull,Huddersfield,0,1,A,,,0.34579726062798816,0.30202545548520476,0.3521772838868071,0.346237909274023,0.3009178646734465,0.35284422605253046,0.023892203345894814,0.4215938303341903,0.5784061696658098,0.41734417344999014,0.5826558265500098
E1,2122,2022-04-02,Blackpool,Nott'm Forest,1,4,A,,fpl-team-18,0.30523517964782376,0.29123356590251076,0.4035312544496654,0.3041901141548266,0.28967178550145817,0.40613810034371534,0.02504110662266612,0.44415584415584414,0.5558441558441558,0.44124719898813486,0.5587528010118651
E1,2122,2022-04-02,Barnsley,Reading,1,1,D,,,0.4208789665824207,0.28823832256856685,0.2908827108490124,0.42421261691969253,0.2865215599894018,0.2892658230909056,0.025683217216283083,0.4595300261096606,0.5404699738903395,0.4574549846322122,0.5425450153677878
E1,2122,2022-04-02,Bournemouth,Bristol City,3,2,H,fpl-team-3,,0.6643814813207793,0.20475549963118844,0.13086301904803227,0.6773168930060649,0.1996390118988092,0.12304409509512601,0.026740003377199173,0.5658914728682171,0.43410852713178294,0.5693085453352259,0.430691454664774
E1,2122,2022-04-02,Cardiff,Swansea,0,4,A,,,0.41182512603156984,0.2963601374245876,0.29181473654384243,0.4148052506951221,0.29495574068138225,0.2902390086234957,0.025606953306123614,0.41538461538461535,0.5846153846153845,0.4106562703135704,0.5893437296864297
E1,2122,2022-04-02,Coventry,Blackburn,2,2,D,,,0.44365157757555496,0.29714981052568323,0.2591986118987617,0.44761518686703605,0.2958430507749971,0.25654176235796683,0.02422679145820439,0.41071428571428575,0.5892857142857143,0.405891210226295,0.5941087897737051
E1,2122,2022-04-02,Derby,Preston,1,0,H,,,0.35782217814699807,0.3070345141519403,0.33514330770106165,0.35874081340015324,0.30604895276156724,0.3352102338382795,0.025319495471194386,0.3919597989949749,0.6080402010050251,0.3860987497240318,0.6139012502759682
E1,2122,2022-04-02,Luton,Millwall,2,2,D,,,0.4311715769637358,0.2996506871351749,0.26917773590108934,0.43476236461923373,0.29840956646991773,0.2668280689108486,0.024749113246798515,0.3964646464646465,0.6035353535353536,0.3907336833283123,0.6092663166716877
E1,2122,2022-04-02,Peterboro,Middlesbrough,0,4,A,,,0.20017108639863132,0.2437981180496151,0.5560307955517536,0.19507424173503057,0.24033282471574383,0.5645929335492256,0.02603053255006671,0.5235602094240838,0.4764397905759163,0.5247252747287677,0.4752747252712324
E1,2122,2022-04-02,QPR,Fulham,0,2,A,,fpl-team-10,0.19970937825560903,0.24437445771123367,0.5559161640331572,0.19457422524249854,0.24091642030872376,0.5645093544487777,0.02614057424943894,0.5404699738903395,0.4595300261096606,0.5425450153677878,0.4574549846322122
E1,2122,2022-04-02,Stoke,Sheffield United,1,0,H,,,0.3216313349653628,0.29293192353768427,0.38543674149695295,0.3211917143304976,0.29142479672706056,0.38738348894244196,0.025203770026564598,0.4516971279373368,0.5483028720626633,0.4490778970539186,0.5509221029460813
E1,2122,2022-04-03,Birmingham,West Brom,1,0,H,,,0.25805351715958785,0.28095767548736195,0.46098880735305015,0.25509613236203793,0.2788901846556914,0.4660136829822706,0.026571655180305243,0.44675324675324674,0.5532467532467532,0.44404410962479757,0.5559558903752024
E1,2122,2022-04-05,Millwall,Swansea,0,1,A,,,0.4476132822134033,0.2960920158740835,0.25629470191251313,0.45175958470945426,0.29473333029675325,0.25350708499379254,0.024469206808134913,0.40712468193384227,0.5928753180661578,0.402092274684614,0.5979077253153859
E1,2122,2022-04-05,Peterboro,Luton,1,1,D,,,0.19821340798837433,0.2569828820550082,0.5448037099566174,0.19333001311067619,0.2541837360346719,0.5524862508546519,0.024572159629315138,0.47769028871391084,0.5223097112860893,0.47653100668062165,0.5234689933193785
E1,2122,2022-04-05,Preston,Blackpool,1,0,H,,,0.41623302969000314,0.3025948057111451,0.2811721645988517,0.41925585904911244,0.3014711132430403,0.2792730277078472,0.02458379976451397,0.40712468193384227,0.5928753180661578,0.402092274684614,0.5979077253153859
E1,2122,2022-04-05,Sheffield United,QPR,1,0,H,,,0.5755350237300053,0.2507580418351204,0.1737069344348743,0.5839459343518929,0.2478519017908325,0.16820216385727457,0.02352302521467209,0.4855643044619423,0.5144356955380577,0.48483177054684756,0.5151682294531524
E1,2122,2022-04-05,Reading,Stoke,2,1,H,,,0.339289110842213,0.3036313380466938,0.3570795511110931,0.3395038325726125,0.30255660606554186,0.3579395613618456,0.024440686451271176,0.413265306122449,0.586734693877551,0.40874932902166,0.59125067097834
E1,2122,2022-04-06,Middlesbrough,Fulham,0,1,A,,fpl-team-10,0.2882983164046195,0.2831501321831084,0.4285515514122722,0.28658956155287285,0.2812478785237676,0.4321625599233595,0.025577873922884464,0.47769028871391084,0.5223097112860893,0.47653100668062165,0.5234689933193785
E1,2122,2022-04-06,Nott'm Forest,Coventry,2,0,H,fpl-team-18,,0.47487524660554714,0.2698154810258791,0.2553092723685737,0.48043504225980693,0.2673163039858349,0.2522486537543581,0.02651977981440723,0.48031496062992135,0.5196850393700787,0.4793012088058304,0.5206987911941695
E1,2122,2022-04-06,West Brom,Bournemouth,2,0,H,,fpl-team-3,0.3664477890411069,0.28959399741850395,0.3439582135403892,0.36766390512688746,0.2879897008816797,0.34434639399143285,0.02479582210071385,0.4581151832460733,0.5418848167539266,0.45583160800374806,0.544168391996252
E1,2122,2022-04-09,Sheffield United,Bournemouth,0,0,D,,fpl-team-3,0.3965146813081882,0.28837431367868227,0.31511100501312966,0.3988961225114617,0.28668252858306575,0.3144213489054726,0.02542490907944739,0.46858638743455505,0.5314136125654451,0.4669758097866967,0.5330241902133033
E1,2122,2022-04-09,Blackburn,Blackpool,1,1,D,,,0.5464135664327135,0.2583585884763374,0.195227845090949,0.5546125120661595,0.2554425963614583,0.18994489157238229,0.026053811772726476,0.4363636363636364,0.5636363636363637,0.43279569893156794,0.567204301068432
E1,2122,2022-04-09,Bristol City,Peterboro,1,1,D,,,0.52791482731758,0.25006491820306415,0.22202025447935603,0.5354842385814573,0.24681350933987975,0.21770225207866298,0.026303057791665196,0.5483028720626633,0.4516971279373368,0.5509221029460813,0.4490778970539186
E1,2122,2022-04-09,Middlesbrough,Hull,0,1,A,,,0.6092572419465997,0.2346768635646162,0.15606589448878416,0.6199494646755189,0.23079044355953085,0.14926009176495025,0.026366110192611814,0.49081364829396334,0.5091863517060368,0.49035227961880756,0.5096477203811924
E1,2122,2022-04-09,Millwall,Barnsley,4,1,H,,,0.542791881723537,0.2698539184705085,0.18735419980595458,0.5509977255117476,0.26732566861612983,0.18167660587212253,0.02654937922488898,0.41071428571428575,0.5892857142857143,0.405891210226295,0.5941087897737051
E1,2122,2022-04-09,Nott'm Forest,Birmingham,2,0,H,fpl-team-18,,0.6018526734219446,0.23832762506432895,0.15981970151372646,0.6121510741902645,0.23462526566046996,0.15322366014926553,0.026073709945194423,0.4671916010498688,0.5328083989501312,0.46540654231752615,0.5345934576824739
E1,2122,2022-04-09,Preston,QPR,2,1,H,,,0.4380668234934114,0.28719184500927575,0.27474133149731295,0.44210556914707216,0.2854101129997878,0.27248431785314,0.02601590845733881,0.44010416666666663,0.5598958333333334,0.4367001513590554,0.5632998486409446
E1,2122,2022-04-09,Reading,Cardiff,1,2,A,,,0.3986562372261181,0.29498093095059513,0.3063628318232869,0.4010578142257732,0.2935721147101186,0.30537007106410813,0.02478827501181513,0.41538461538461535,0.5846153846153845,0.4106562703135704,0.5893437296864297
E1,2122,2022-04-09,Swansea,Derby,2,1,H,,,0.4524479459763647,0.28362408553742263,0.26392796848621275,0.4570872123947221,0.281683487672078,0.26122929993319993,0.02628434356302023,0.41538461538461535,0.5846153846153845,0.4106562703135704,0.5893437296864297
E1,2122,2022-04-09,West Brom,Stoke,1,3,A,,,0.5006783058034344,0.27653743634492023,0.22278425785164532,0.5070425838034375,0.27435939069176296,0.21859802550479954,0.02569596190005541,0.4226804123711341,0.577319587628866,0.41833623693271604,0.581663763067284
E1,2122,2022-04-10,Fulham,Coventry,1,3,A,fpl-team-10,,0.6387810563319253,0.21388399414259968,0.14733494952547502,0.6502881099813157,0.209321369452698,0.14039052056598622,0.02566906879656017,0.5509138381201044,0.44908616187989553,0.5537308497832173,0.44626915021678265
E1,2122,2022-04-11,Huddersfield,Luton,2,0,H,,,0.40205247701736463,0.29285303881511743,0.30509448416751783,0.4047989927090733,0.29123676382933333,0.30396424346159345,0.026973859639838338,0.43376623376623374,0.5662337662337663,0.42995660057145807,0.5700433994285419
E1,2122,2022-04-15,Luton,Nott'm Forest,1,0,H,,fpl-team-18,0.3287591828519674,0.289668914159203,0.3815719029888296,0.3285780834022382,0.2879733564592268,0.38344856013853496,0.026262757601216435,0.44908616187989553,0.5509138381201044,0.44626915021678265,0.5537308497832173
E1,2122,2022-04-15,Birmingham,Coventry,2,4,A,,,0.30298855570604194,0.2741740821086374,0.42283736218532075,0.30183351714170664,0.2719355358066067,0.4262309470516866,0.025576317450031638,0.4750656167979003,0.5249343832020998,0.4737569060807899,0.5262430939192101
E1,2122,2022-04-15,Bournemouth,Middlesbrough,0,0,D,fpl-team-3,,0.47226420110047385,0.2759450709918466,0.2517907279076797,0.47777753404624146,0.2736607313148785,0.24856173463888012,0.026796700665727258,0.46858638743455505,0.5314136125654451,0.4669758097866967,0.5330241902133033
E1,2122,2022-04-15,Hull,Cardiff,2,1,H,,,0.3755111966764617,0.3035282196777789,0.32096058364575947,0.37715473439661695,0.30236810270772074,0.32047716289566214,0.026298281969502568,0.40816326530612246,0.5918367346938775,0.40301724137260087,0.5969827586273991
E1,2122,2022-04-15,Peterboro,Blackburn,2,1,H,,,0.20685647879140037,0.2585705984892504,0.5345729227193493,0.20209258083874015,0.25571887368924745,0.5421885454720123,0.02559602214023471,0.4842105263157894,0.5157894736842105,0.4833629103791193,0.5166370896208807
E1,2122,2022-04-15,Preston,Millwall,1,1,D,,,0.3951453874009537,0.3081878264195141,0.2966667861795322,0.39744212346415214,0.30725233164399113,0.2953055448918567,0.025056175887584686,0.3894472361809045,0.6105527638190955,0.3831806717117893,0.6168193282882106
E1,2122,2022-04-15,Sheffield United,Reading,1,2,A,,,0.5987678916235021,0.24041438072761828,0.16081772764887978,0.6087070114179076,0.23687968303426218,0.15441330554783017,0.025439932011067867,0.5065616797900262,0.4934383202099738,0.5068900892950844,0.49310991070491567
E1,2122,2022-04-15,Stoke,Bristol City,0,1,A,,,0.5412466876346617,0.2560737016766141,0.20267961068872434,0.5489371898645832,0.25319268052904514,0.19787012960637168,0.02501760795712471,0.49473684210526314,0.5052631578947367,0.4944592198579216,0.5055407801420785
E1,2122,2022-04-15,Swansea,Barnsley,1,1,D,,,0.55359779037097,0.25596456974141624,0.1904376398876137,0.5618176175414111,0.2530452864178124,0.1851370960407765,0.025266800308600068,0.48293963254593175,0.5170603674540682,0.48206797616735914,0.517932023832641
E1,2122,2022-04-15,West Brom,Blackpool,2,1,H,,,0.550713587953587,0.2617402492196993,0.18754616282671369,0.55872812163073,0.25906593835539404,0.18220594001387594,0.024962136172689497,0.44155844155844154,0.5584415584415584,0.4384404924803881,0.5615595075196119
E1,2122,2022-04-15,Huddersfield,QPR,2,2,D,,,0.48063210637887843,0.27346309500867216,0.2459047986124494,0.4861903433283376,0.2711962300094851,0.24261342666217733,0.02546918112784624,0.46335078534031415,0.5366492146596858,0.46141656332340236,0.5385834366765977
E1,2122,2022-04-15,Derby,Fulham,2,1,H,,fpl-team-10,0.1660717700299573,0.2465262285677864,0.5874020014022563,0.15980068658302987,0.2431919090771499,0.5970074043398204,0.025670220609754324,0.4921052631578948,0.5078947368421052,0.4916876783688407,0.5083123216311592
E1,2122,2022-04-18,Middlesbrough,Huddersfield,0,2,A,,,0.5173628074271044,0.26967353135010547,0.21296366122279023,0.524264355689802,0.2672649675020457,0.2084706768081524,0.0253489944152534,0.46073298429319376,0.5392670157068064,0.4586275375035324,0.5413724624964675
E1,2122,2022-04-18,Barnsley,Peterboro,0,2,A,,,0.4725753445596515,0.27139326930425695,0.25603138613609144,0.47803030747857167,0.26896238099202896,0.2530073115293993,0.026447609066963196,0.48684210526315796,0.513157894736842,0.48613998614008774,0.5138600138599122
E1,2122,2022-04-18,Blackburn,Stoke,0,1,A,,,0.467496542185339,0.28077455048409405,0.25172890733056713,0.4728456070257692,0.27867097194392104,0.24848342103030976,0.02692298812326044,0.44155844155844154,0.5584415584415584,0.4384404924803881,0.5615595075196119
E1,2122,2022-04-18,Blackpool,Birmingham,6,1,H,,,0.4460149076046983,0.2794152215288257,0.2745698708664761,0.45041517878907467,0.2773086417636039,0.27227617944732146,0.02635049493983388,0.4516971279373368,0.5483028720626633,0.4490778970539186,0.5509221029460813
E1,2122,2022-04-18,Cardiff,Luton,0,1,A,,,0.33573209774592083,0.3016259798796685,0.3626419223744106,0.3358238421717642,0.30039480683248526,0.3637813509957506,0.02625284530222416,0.4215938303341903,0.5784061696658098,0.41734417344999014,0.5826558265500098
E1,2122,2022-04-18,Coventry,Bournemouth,0,3,A,,fpl-team-3,0.32769481661497135,0.2828318357688741,0.3894733476161545,0.32747214374635664,0.2808793494570688,0.3916485067965746,0.026154926512390375,0.48818897637795283,0.5118110236220472,0.4875930521098033,0.5124069478901967
E1,2122,2022-04-18,Millwall,Hull,2,1,H,,,0.5171717237325401,0.27906040224864326,0.20376787401881663,0.524116785199727,0.27698148774763653,0.19890172705263642,0.02555218432098627,0.40816326530612246,0.5918367346938775,0.40301724137260087,0.5969827586273991
E1,2122,2022-04-18,QPR,Derby,1,0,H,,,0.4223340746810254,0.28795505091888096,0.28971087440009363,0.42579079211337695,0.286192883694384,0.2880163241922391,0.02620211918838322,0.44791666666666663,0.5520833333333334,0.4451513821865228,0.5548486178134774
E1,2122,2022-04-18,Reading,Swansea,4,4,D,,,0.38687670751385983,0.28494511990541777,0.3281781725807225,0.3888903883503531,0.28312894182699944,0.3279806698226475,0.025378085440024734,0.4789473684210527,0.5210526315789473,0.47779997779921773,0.5222000222007822
E1,2122,2022-04-18,Bristol City,Sheffield United,1,1,D,,,0.22323928638097015,0.2627070055201472,0.5140537080988825,0.21904000338544505,0.2599886178026328,0.5209713788119221,0.025868274155072868,0.5078947368421052,0.4921052631578948,0.5083123216311592,0.4916876783688407
E1,2122,2022-04-18,Nott'm Forest,West Brom,4,0,H,fpl-team-18,,0.4609051359337184,0.27681183091062966,0.26228303315565193,0.4659448204728369,0.27457523496874325,0.2594799445584199,0.02666683425195515,0.4543080939947781,0.5456919060052219,0.4518781279229459,0.5481218720770542
E1,2122,2022-04-19,Fulham,Preston,3,0,H,fpl-team-10,,0.6547801703613565,0.21480344955293368,0.13041638008570972,0.6675034247959103,0.2100100285657468,0.12248654663834287,0.027086774352937937,0.5236842105263159,0.47631578947368425,0.5249868125159045,0.4750131874840955
E1,2122,2022-04-22,Huddersfield,Barnsley,2,1,H,,,0.5923116201035815,0.24327084397111384,0.16441753592530453,0.6016763286107045,0.2399655283209868,0.15835814306830878,0.024538782192394137,0.5,0.5,0.5,0.5
E1,2122,2022-04-23,Luton,Blackpool,1,1,D,,,0.49890228824095545,0.2714824417493518,0.22961527000969273,0.5049826148452682,0.2691981446399671,0.22581924051476476,0.02479424304328859,0.46335078534031415,0.5366492146596858,0.46141656332340236,0.5385834366765977
E1,2122,2022-04-23,Birmingham,Millwall,2,2,D,,,0.28394223386564704,0.28564759262760286,0.43041017350675004,0.28206224598646,0.2838319334450693,0.43410582056847075,0.025677455123513937,0.43410852713178294,0.5658914728682171,0.430691454664774,0.5693085453352259
E1,2122,2022-04-23,Bournemouth,Fulham,1,1,D,fpl-team-3,fpl-team-10,0.41724392041267505,0.26352247605011053,0.31923360353721447,0.4204285764578056,0.26088082868112583,0.31869059486106854,0.02561485965270549,0.5249343832020998,0.4750656167979003,0.5262430939192101,0.4737569060807899
E1,2122,2022-04-23,Derby,Bristol City,1,3,A,,,0.455361902809104,0.27426696739799056,0.27037112979290545,0.45995982439978644,0.27204053994529925,0.26799963565491436,0.02541686873883009,0.47769028871391084,0.5223097112860893,0.47653100668062165,0.5234689933193785
E1,2122,2022-04-23,Hull,Reading,3,0,H,,,0.36369860806805,0.2922976543368991,0.34400373759505093,0.36481062751631466,0.2907965565103519,0.3443928159733336,0.02472541807219386,0.45052083333333337,0.5494791666666667,0.44794948360941583,0.5520505163905842
E1,2122,2022-04-23,Peterboro,Nott'm Forest,0,1,A,,fpl-team-18,0.185854955470774,0.24090566380009182,0.5732393807291343,0.18030816863648974,0.23737756636185212,0.5823142650016582,0.025634870165959,0.5235602094240838,0.4764397905759163,0.5247252747287677,0.4752747252712324
E1,2122,2022-04-23,Sheffield United,Cardiff,1,0,H,,,0.6015187849720224,0.24060751398880895,0.1578737010391687,0.6119188081898645,0.23694837131099417,0.15113282049914123,0.026375346817076206,0.47244094488188976,0.5275590551181102,0.4709784411221318,0.5290215588778682
E1,2122,2022-04-23,Stoke,QPR,1,0,H,,,0.46716862195762565,0.27385746804412536,0.258973909998249,0.472069165999206,0.271676214555197,0.2562546194455969,0.02469678281340748,0.46981627296587924,0.5301837270341206,0.468195143536739,0.5318048564632609
E1,2122,2022-04-23,Swansea,Middlesbrough,1,1,D,,,0.2980367064111368,0.2812831637430551,0.4206801298458081,0.29667719592362063,0.27928488543916763,0.42403791863721174,0.0259325229562819,0.4659685863874345,0.5340314136125655,0.46419916281732926,0.5358008371826707
E1,2122,2022-04-23,West Brom,Coventry,0,0,D,,,0.4307128362898475,0.2799633435884009,0.2893238201217517,0.4343671410491116,0.27796214388579554,0.28767071506509284,0.025307558244094253,0.47244094488188976,0.5275590551181102,0.4709784411221318,0.5290215588778682
E1,2122,2022-04-25,Preston,Blackburn,1,4,A,,,0.3523600439077937,0.29527991218441274,0.3523600439077937,0.35313348090592234,0.2937330381881552,0.35313348090592234,0.027516536181792617,0.44531250000000006,0.5546875,0.442344123214856,0.557655876785144
E1,2122,2022-04-26,Barnsley,Blackpool,0,2,A,,,0.3170789442537578,0.2781394247839981,0.40478163096224407,0.3164563072730817,0.27604585222632866,0.4074978405005896,0.025649961084127426,0.47769028871391084,0.5223097112860893,0.47653100668062165,0.5234689933193785
E1,2122,2022-04-26,Fulham,Nott'm Forest,0,1,A,fpl-team-10,fpl-team-18,0.5039775864537107,0.26025072087363743,0.23577169267265177,0.5102988456662472,0.2575354947382039,0.23216565959554894,0.02501019393093884,0.5223097112860893,0.47769028871391084,0.5234689933193785,0.47653100668062165
E1,2122,2022-04-26,Swansea,Bournemouth,3,3,D,,fpl-team-3,0.24309392265193366,0.27071823204419887,0.4861878453038673,0.2397896552962711,0.26841252518967307,0.49179781951405577,0.024766376242041588,0.49081364829396334,0.5091863517060368,0.49035227961880756,0.5096477203811924
E1,2122,2022-04-27,Middlesbrough,Cardiff,2,0,H,,,0.5954233032884719,0.24365147960653583,0.16092521710499239,0.6051009054186216,0.2402853085211002,0.15461378606027823,0.0250778968911618,0.4671916010498688,0.5328083989501312,0.46540654231752615,0.5345934576824739
E1,2122,2022-04-29,QPR,Sheffield United,1,3,A,,,0.20239701371537125,0.24454137903913747,0.5530616072454912,0.19743248858795648,0.24113919067182718,0.5614283207402163,0.025771739310584962,0.5052631578947367,0.49473684210526314,0.5055407801420785,0.4944592198579216
E1,2122,2022-04-30,Barnsley,Preston,1,3,A,,,0.2930302273295029,0.2760429677741694,0.4309268048963278,0.2915304575124584,0.27391789140284883,0.4345516510846927,0.02504661539569497,0.47382198952879584,0.5261780104712042,0.4725131249860944,0.5274868750139057
E1,2122,2022-04-30,Blackburn,Bournemouth,0,3,A,,fpl-team-3,0.33032823312805537,0.27655386959558126,0.3931178972763634,0.33020925787664385,0.27440656119959844,0.39538418092375777,0.025587199605070055,0.4960629921259842,0.5039370078740157,0.495866402115726,0.504133597884274
E1,2122,2022-04-30,Blackpool,Derby,0,2,A,,,0.505878832801779,0.26272160377550957,0.23139956342271153,0.5124758830105922,0.26001078265006883,0.22751333433933885,0.02582789969164878,0.48818897637795283,0.5118110236220472,0.4875930521098033,0.5124069478901967
E1,2122,2022-04-30,Bristol City,Hull,5,0,H,,,0.4305131420044153,0.2702937624516358,0.29919309554394896,0.4341943423388328,0.267910750976901,0.29789490668426627,0.025553016690537333,0.5026315789473684,0.4973684210526315,0.5027701598381817,0.4972298401618182
E1,2122,2022-04-30,Cardiff,Birmingham,1,1,D,,,0.45559954751131226,0.2784219457013575,0.2659785067873303,0.4601570931018354,0.2763723914692413,0.2634705154289232,0.025142304366454482,0.46335078534031415,0.5366492146596858,0.46141656332340236,0.5385834366765977
E1,2122,2022-04-30,Coventry,Huddersfield,1,2,A,,,0.3934619929105947,0.285939346199291,0.3205986608901142,0.39570158764471725,0.28417740726703494,0.3201210050882478,0.025124655570834875,0.4581151832460733,0.5418848167539266,0.45583160800374806,0.544168391996252
E1,2122,2022-04-30,Middlesbrough,Stoke,3,1,H,,,0.5226451701409076,0.259186433148897,0.21816839671019536,0.5298592793528007,0.25634447401276506,0.21379624663443417,0.02575914515182376,0.46073298429319376,0.5392670157068064,0.4586275375035324,0.5413724624964675
E1,2122,2022-04-30,Millwall,Peterboro,3,0,H,,,0.6439064247011267,0.21511997935838997,0.14097359594048336,0.6553029776571901,0.21071275155642202,0.13398427078638783,0.025012800469994545,0.5223097112860893,0.47769028871391084,0.5234689933193785,0.47653100668062165
E1,2122,2022-04-30,Nott'm Forest,Swansea,5,1,H,fpl-team-18,,0.6129751421246238,0.2246126407312451,0.1624122171441311,0.6238899234301686,0.22031749566561515,0.15579258090421622,0.02654661377891898,0.5184210526315789,0.48157894736842105,0.5194169371160577,0.4805830628839423
E1,2122,2022-04-30,Reading,West Brom,0,1,A,,,0.3267027466160114,0.28044395063498323,0.39285330274900543,0.32644336680944835,0.27841587897262793,0.3951407542179237,0.025940343737602234,0.47769028871391084,0.5223097112860893,0.47653100668062165,0.5234689933193785
E1,2122,2022-05-02,Fulham,Luton,7,0,H,fpl-team-10,,0.6169935021133902,0.2256935850961095,0.15731291279050016,0.6280508774420904,0.22143903709942614,0.1505100854584834,0.02652888558804989,0.556135770234987,0.44386422976501305,0.5593758630222184,0.4406241369777816
E1,2122,2022-05-03,Bournemouth,Nott'm Forest,1,0,H,fpl-team-3,fpl-team-18,0.41976259672957733,0.2861444728456879,0.2940929304247347,0.4229363643680093,0.28441278056297997,0.2926508550690108,0.024757213657721877,0.45052083333333337,0.5494791666666667,0.44794948360941583,0.5520505163905842
E1,2122,2022-05-07,Birmingham,Blackburn,1,2,A,,,0.3434649259225721,0.26501332724387877,0.3915217468335492,0.34384194443890187,0.26243460472557045,0.3937234508355276,0.025562502443790436,0.5721649484536083,0.42783505154639173,0.5759795940521147,0.4240204059478852
E1,2122,2022-05-07,Bournemouth,Millwall,1,0,H,fpl-team-3,,0.49080650141762355,0.2559582292339219,0.25323526934845464,0.49668435647217757,0.2530693094786825,0.25024633404913993,0.025191875640302896,0.5404699738903395,0.4595300261096606,0.5425450153677878,0.4574549846322122
E1,2122,2022-05-07,Derby,Cardiff,0,1,A,,,0.42217898832684825,0.2714007782101167,0.306420233463035,0.4256542252744588,0.2689840169066832,0.30536175781885794,0.02639798354357481,0.5196850393700787,0.48031496062992135,0.5206987911941695,0.4793012088058304
E1,2122,2022-05-07,Huddersfield,Bristol City,2,0,H,,,0.495058011609307,0.25414742841975113,0.2507945599709418,0.5013122961384666,0.25108400652946833,0.24760369733206503,0.0261149643920362,0.5532467532467532,0.44675324675324674,0.5559558903752024,0.44404410962479757
E1,2122,2022-05-07,Hull,Nott'm Forest,1,1,D,,fpl-team-18,0.2188744163185058,0.2608503317768493,0.5202752519046447,0.21461154111543987,0.25812484437411226,0.5272636145104478,0.025261095259338617,0.5091863517060368,0.49081364829396334,0.5096477203811924,0.49035227961880756
E1,2122,2022-05-07,Luton,Reading,1,0,H,,,0.6446063914711715,0.21342672469291585,0.14196688383591277,0.6557675245222818,0.20906340417400832,0.13516907130370986,0.02442588354460895,0.5584415584415584,0.44155844155844154,0.5615595075196119,0.4384404924803881
E1,2122,2022-05-07,Peterboro,Blackpool,5,0,H,,,0.2964448902262342,0.25041792042795047,0.45313718934581515,0.2950419040323096,0.24729663307969124,0.45766146288799914,0.02548513119108975,0.6035353535353536,0.3964646464646465,0.6092663166716877,0.3907336833283123
E1,2122,2022-05-07,Preston,Middlesbrough,4,1,H,,,0.19581440018347834,0.2331579777245818,0.5710276220919399,0.19085881484062897,0.2295147672890818,0.5796264178702892,0.024484661174938083,0.5404699738903395,0.4595300261096606,0.5425450153677878,0.4574549846322122
E1,2122,2022-05-07,Sheffield United,Fulham,4,0,H,,fpl-team-10,0.46593716907871513,0.2640310624779386,0.2700317684433463,0.47106308838200117,0.2613536674122678,0.2675832442057309,0.026087937760166824,0.5170603674540682,0.48293963254593175,0.517932023832641,0.48206797616735914
E1,2122,2022-05-07,Stoke,Coventry,1,1,D,,,0.3982450007266671,0.26661219936603203,0.33514279990730084,0.4006809845021393,0.2641149792960571,0.33520403620180367,0.025337570579722524,0.5710594315245477,0.42894056847545214,0.5749604753801645,0.4250395246198356
E1,2122,2022-05-07,Swansea,QPR,0,1,A,,,0.4663364305185098,0.2571152211507459,0.2765483483307442,0.47138953761332,0.2542243588561952,0.27438610353048487,0.025636713718995452,0.6045340050377834,0.3954659949622167,0.6101380042436351,0.3898619957563648
E1,2122,2022-05-07,West Brom,Barnsley,4,0,H,,,0.6888985050042574,0.19166934211812,0.1194321528776225,0.7026155399021295,0.18609676486557716,0.11128769523229338,0.02648145123384893,0.598984771573604,0.401015228426396,0.6045912894235197,0.3954087105764803
