league,season,date,home_team_raw,away_team_raw,home_goals,away_goals,result,home_team_id,away_team_id,prob_home_proportional,prob_draw_proportional,prob_away_proportional,prob_home_shin,prob_draw_shin,prob_away_shin,shin_z,prob_over25_proportional,prob_under25_proportional,prob_over25_shin,prob_under25_shin
E1,2324,2023-08-04,Sheffield Weds,Southampton,1,2,A,,,0.3024632243276763,0.28098654567719045,0.4165502299951332,0.30124816104484725,0.2789351412103854,0.4198166977447673,0.02648681157734245,0.47769028871391084,0.5223097112860893,0.47653100668062165,0.5234689933193785
E1,2324,2023-08-05,Blackburn,West Brom,2,1,H,,,0.3416336279734824,0.2958696217340439,0.36249675029247364,0.3419569991800224,0.29440389434836395,0.3636391064716137,0.02646494167856872,0.4363636363636364,0.5636363636363637,0.43279569893156794,0.567204301068432
E1,2324,2023-08-05,Bristol City,Preston,1,1,D,,,0.45733685654079004,0.2806078647801898,0.26205527867902023,0.46205402954436475,0.2785978912419519,0.25934807921368347,0.02566607599146664,0.44531250000000006,0.5546875,0.442344123214856,0.557655876785144
E1,2324,2023-08-05,Middlesbrough,Millwall,0,1,A,,,0.48705800826618684,0.2737069498902202,0.239235041843593,0.4930951627733314,0.27135424331219293,0.2355505939144757,0.026527050998993218,0.46981627296587924,0.5301837270341206,0.468195143536739,0.5318048564632609
E1,2324,2023-08-05,Norwich,Hull,2,1,H,,,0.5360272869392203,0.2599365199677863,0.2040361930929935,0.5441555898299919,0.25696557850740687,0.19887883166260115,0.02715162863023579,0.4789473684210527,0.5210526315789473,0.47779997779921773,0.5222000222007822
E1,2324,2023-08-05,Plymouth,Huddersfield,3,1,H,,,0.4363235192718748,0.2805856259624446,0.2830908547656807,0.4402464564671558,0.2785769108639968,0.2811766326688474,0.025692786555737257,0.46981627296587924,0.5301837270341206,0.468195143536739,0.5318048564632609
E1,2324,2023-08-05,Stoke,Rotherham,4,1,H,,,0.5794454819393259,0.2461892721192991,0.17436524594137512,0.5890114466759294,0.24275571137197074,0.16823284195209992,0.026379757095128298,0.48157894736842105,0.5184210526315789,0.4805830628839423,0.5194169371160577
E1,2324,2023-08-05,Swansea,Birmingham,1,1,D,,,0.5076877145842663,0.2651888341543514,0.22712345126138234,0.5145918440226535,0.2624757594853706,0.22293239649197594,0.026766758877784014,0.4986807387862796,0.5013192612137204,0.49860763018684684,0.5013923698131533
E1,2324,2023-08-05,Watford,QPR,4,0,H,,,0.5025035605813615,0.26528819259742265,0.23220824682121594,0.5091531272121722,0.262601500168421,0.2282453726194068,0.026560872560366988,0.4842105263157894,0.5157894736842105,0.4833629103791193,0.5166370896208807
E1,2324,2023-08-06,Leicester,Coventry,2,1,H,,,0.6120015029249807,0.22639673735888308,0.1616017597161363,0.6232214562660054,0.22203414768112117,0.15474439605287335,0.02740308502689004,0.5301837270341206,0.46981627296587924,0.5318048564632609,0.468195143536739
E1,2324,2023-08-06,Leeds,Cardiff,2,2,D,fpl-team-13,,0.6678473011321965,0.20134674471501463,0.1308059541527888,0.6813904452532805,0.19590596204423655,0.12270359270248309,0.027738973032683134,0.5598958333333334,0.44010416666666663,0.5632998486409446,0.4367001513590554
E1,2324,2023-08-06,Sunderland,Ipswich,1,2,A,fpl-team-20,,0.38696285330393987,0.2838499971840278,0.3291871495120322,0.3891388361233662,0.28184665713717943,0.3290145067394544,0.02740731742233038,0.4907651715039578,0.5092348284960422,0.49025015321171345,0.5097498467882865
E1,2324,2023-08-12,Coventry,Middlesbrough,3,0,H,,,0.39329752264892165,0.28209733023330397,0.3246051471177744,0.3957414638448699,0.2800139278453764,0.3242446083097537,0.02752763032913208,0.4894736842105264,0.5105263157894737,0.4889147544617743,0.5110852455382258
E1,2324,2023-08-12,Birmingham,Leeds,1,0,H,,fpl-team-13,0.2949559758588458,0.26670667112870283,0.43833735301245136,0.29335101590135915,0.26393785420977234,0.44271112988886846,0.028132586972787976,0.5263157894736842,0.47368421052631576,0.5277777777735805,0.47222222222641946
E1,2324,2023-08-12,Cardiff,QPR,1,2,A,,,0.47935320398867237,0.2721400034172002,0.24850679259412753,0.4857374768727352,0.2694557000778456,0.24480682304941925,0.02956646983511746,0.44791666666666663,0.5520833333333334,0.4451513821865228,0.5548486178134774
E1,2324,2023-08-12,Huddersfield,Leicester,0,1,A,,,0.2112812339916899,0.24594456144345153,0.5427742045648585,0.20597194272282598,0.24210649551745625,0.5519215617597177,0.029606408323161304,0.544502617801047,0.4554973821989528,0.5469717064457948,0.45302829355420515
E1,2324,2023-08-12,Hull,Sheffield Weds,4,2,H,,,0.41055068761102576,0.2818706213448833,0.30757869104409097,0.4139259409387606,0.2796256968775255,0.30644836218371396,0.02953780977986753,0.4750656167979003,0.5249343832020998,0.4737569060807899,0.5262430939192101
E1,2324,2023-08-12,Ipswich,Stoke,2,0,H,,,0.4467177201203947,0.27058330475863906,0.2826989751209662,0.4514201443055034,0.26798384410448717,0.2805960115900094,0.028007426531985402,0.5092348284960422,0.4907651715039578,0.5097498467882865,0.49025015321171345
E1,2324,2023-08-12,Millwall,Bristol City,0,1,A,,,0.5041803528553471,0.26851531540171464,0.2273043317429383,0.5111567790723686,0.2658520686198084,0.22299115230782304,0.027612891979515553,0.4516971279373368,0.5483028720626633,0.4490778970539186,0.5509221029460813
E1,2324,2023-08-12,Preston,Sunderland,2,1,H,,fpl-team-20,0.3503663850816759,0.28154441658348955,0.3680891983348346,0.35108213873506683,0.2793622944100363,0.36955556685489693,0.028560093720443547,0.49340369393139843,0.5065963060686015,0.49303698752158454,0.5069630124784155
E1,2324,2023-08-12,Rotherham,Blackburn,2,2,D,,,0.3243451340209493,0.28103495292022906,0.3946199130588217,0.32396806594206534,0.2788762126459724,0.39715572141196226,0.027951764059253037,0.4789473684210527,0.5210526315789473,0.47779997779921773,0.5222000222007822
E1,2324,2023-08-12,Southampton,Norwich,4,4,D,,,0.5143594849553639,0.25648277840592676,0.22915773663870936,0.5219666006643399,0.2532408292905582,0.224792570045102,0.028431140119209886,0.5065963060686015,0.49340369393139843,0.5069630124784155,0.49303698752158454
E1,2324,2023-08-12,Watford,Plymouth,0,0,D,,,0.545083190330523,0.24828396627620683,0.20663284339327018,0.5536328607089682,0.24482772531880115,0.20153941397223057,0.027342022862285376,0.5210526315789473,0.4789473684210527,0.5222000222007822,0.47779997779921773
E1,2324,2023-08-12,West Brom,Swansea,3,2,H,,,0.4554891901244226,0.2738200911730634,0.27069071870251404,0.46051870857783295,0.27136892390620854,0.26811236751595846,0.027804188197478652,0.4960422163588391,0.503957783641161,0.49582265790303864,0.5041773420969614
E1,2324,2023-08-18,Leeds,West Brom,1,1,D,fpl-team-13,,0.4498023536169666,0.27430143529820794,0.2758962110848254,0.45443893213811837,0.27195177619766003,0.2736092916642217,0.026870019733905792,0.49340369393139843,0.5065963060686015,0.49303698752158454,0.5069630124784155
E1,2324,2023-08-19,Plymouth,Southampton,1,2,A,,,0.2528180185101533,0.2508115262997553,0.49637045519009154,0.24954293475141862,0.24745633352347188,0.5030007317251095,0.02748132322449237,0.5546875,0.44531250000000006,0.557655876785144,0.442344123214856
E1,2324,2023-08-19,Blackburn,Hull,1,2,A,,,0.4969744474055494,0.26149344202330566,0.24153211057114488,0.5034748397382057,0.25863261384034975,0.23789254642144464,0.02683782228268683,0.513157894736842,0.48684210526315796,0.5138600138599122,0.48613998614008774
E1,2324,2023-08-19,Bristol City,Birmingham,0,2,A,,,0.42514773601634176,0.29352304994317097,0.2813292140404873,0.42887623735089414,0.2919041196599618,0.27921964298914403,0.027412196388468146,0.41794871794871796,0.5820512820512821,0.4135158509252556,0.5864841490747444
E1,2324,2023-08-19,Leicester,Cardiff,2,1,H,,,0.6318760177748337,0.21839032872402087,0.14973365350114543,0.6440899711958312,0.21361502099064197,0.14229500781352677,0.02791328332386911,0.5236842105263159,0.47631578947368425,0.5249868125159045,0.4750131874840955
E1,2324,2023-08-19,Middlesbrough,Huddersfield,1,1,D,,,0.5508848674004467,0.24357891309222834,0.20553621950732498,0.5598339996554139,0.23986476955221006,0.200301230792376,0.027870284160599113,0.5354330708661418,0.4645669291338583,0.5373878364892272,0.46261216351077283
E1,2324,2023-08-19,QPR,Ipswich,0,1,A,,,0.2296128550434845,0.26864053578741953,0.5017466091690959,0.22543003209228588,0.26600726823656534,0.5085626996711489,0.027361531974747777,0.46981627296587924,0.5301837270341206,0.468195143536739,0.5318048564632609
E1,2324,2023-08-19,Sheffield Weds,Preston,0,1,A,,,0.3727601492281444,0.29962366425300213,0.32761618651885355,0.37439978070945573,0.2982239243114106,0.3273762949791336,0.028095976682379842,0.4215938303341903,0.5784061696658098,0.41734417344999014,0.5826558265500098
E1,2324,2023-08-19,Stoke,Watford,1,0,H,,,0.4255018961169551,0.28073054092923366,0.2937675629538111,0.4291854532517504,0.2786306060953085,0.2921839406529411,0.026972523890435696,0.47368421052631576,0.5263157894736842,0.47222222222641946,0.5277777777735805
E1,2324,2023-08-19,Sunderland,Rotherham,2,1,H,fpl-team-20,,0.5738536199438742,0.23790413892145534,0.18824224113467045,0.5838798048643438,0.23389101582302604,0.18222917931263022,0.028294072952121496,0.5301837270341206,0.46981627296587924,0.5318048564632609,0.468195143536739
E1,2324,2023-08-19,Swansea,Coventry,1,1,D,,,0.3969241685568387,0.27819611813807754,0.3248797133050837,0.3994744857345857,0.27599025034022423,0.3245352639251901,0.027083530323579907,0.4973544973544974,0.5026455026455027,0.497200447928301,0.502799552071699
E1,2324,2023-08-20,Norwich,Millwall,3,1,H,,,0.46152811457309717,0.2734487384031356,0.2650231470237673,0.4669416004707495,0.27091740154527155,0.2621409979839789,0.02852954459376633,0.47631578947368425,0.5236842105263159,0.4750131874840955,0.5249868125159045
E1,2324,2023-08-25,Hull,Bristol City,1,1,D,,,0.40014611303400116,0.2847886750422171,0.3150652119237817,0.4028429891377374,0.2828330664452354,0.31432394441702716,0.027251140912994742,0.47244094488188976,0.5275590551181102,0.4709784411221318,0.5290215588778682
E1,2324,2023-08-26,Birmingham,Plymouth,2,1,H,,,0.5080872533016768,0.26992135331651584,0.2219913933818074,0.5149001542945488,0.26743122693330806,0.21766861877214308,0.02635238110087812,0.4595300261096606,0.5404699738903395,0.4574549846322122,0.5425450153677878
E1,2324,2023-08-26,Cardiff,Sheffield Weds,2,1,H,,,0.4453441295546558,0.2874493927125506,0.2672064777327935,0.4498483032205976,0.2855996907491698,0.26455200603023254,0.02714613126590848,0.4352331606217616,0.5647668393782384,0.43173875054910793,0.5682612494508922
E1,2324,2023-08-26,Coventry,Sunderland,0,0,D,,fpl-team-20,0.4479083077202598,0.2776507638499856,0.2744409284297546,0.4524242804349471,0.2754553120190938,0.27212040754595906,0.026599926757626235,0.5144356955380577,0.4855643044619423,0.5151682294531524,0.48483177054684756
E1,2324,2023-08-26,Huddersfield,Norwich,0,4,A,,,0.2839580187140006,0.26867415934979094,0.44736782193620844,0.2819622606523291,0.2660689126473093,0.45196882670036154,0.027238303096964955,0.5223097112860893,0.47769028871391084,0.5234689933193785,0.47653100668062165
E1,2324,2023-08-26,Ipswich,Leeds,3,4,A,,fpl-team-13,0.4054017512744857,0.28659821691308046,0.3080000318124339,0.40829412636316814,0.28472553441374865,0.3069803392230832,0.027089354465715587,0.45052083333333337,0.5494791666666667,0.44794948360941583,0.5520505163905842
E1,2324,2023-08-26,Millwall,Stoke,1,0,H,,,0.40353187668362767,0.2954205327746184,0.30104759054175395,0.4063687655054084,0.2938891637828878,0.2997420707117037,0.02727700350806117,0.41687979539641945,0.5831202046035805,0.4125497793691309,0.587450220630869
E1,2324,2023-08-26,Preston,Swansea,2,1,H,,,0.3663679258679239,0.2910714503061113,0.3425606238259649,0.36768462636000626,0.28938930744939806,0.3429260661905958,0.026937683345749974,0.43896103896103894,0.5610389610389611,0.4356234933220219,0.5643765066779782
E1,2324,2023-08-26,Rotherham,Leicester,1,2,A,,,0.17458398234857278,0.23292162755595827,0.5924943900954689,0.16815871237563584,0.2287834623166711,0.6030578253076931,0.027697712881490588,0.5223097112860893,0.47769028871391084,0.5234689933193785,0.47653100668062165
E1,2324,2023-08-26,Southampton,QPR,2,1,H,,,0.6982074366077136,0.18655444278712977,0.11523812060515662,0.712617439676519,0.18063730333439385,0.10674525698908711,0.02716979244723916,0.5831202046035805,0.41687979539641945,0.587450220630869,0.4125497793691309
E1,2324,2023-08-26,West Brom,Middlesbrough,4,2,H,,,0.4238413693120703,0.2776037038769116,0.2985549268110181,0.42741884155982107,0.27540452558043005,0.2971766328597488,0.026674204971641302,0.4921052631578948,0.5078947368421052,0.4916876783688407,0.5083123216311592
E1,2324,2023-08-27,Watford,Blackburn,0,1,A,,,0.45775574218354753,0.26995851462106646,0.27228574319538595,0.4628648575892332,0.26735680386353355,0.2697783385472334,0.027729611843824387,0.5052631578947367,0.49473684210526314,0.5055407801420785,0.4944592198579216
E1,2324,2023-09-02,Birmingham,Millwall,1,1,D,,,0.3968448208761801,0.30109813393462553,0.3020570451891944,0.39940287809539954,0.2997999126135739,0.3007972092910265,0.027185230748727918,0.3954659949622167,0.6045340050377834,0.3898619957563648,0.6101380042436351
E1,2324,2023-09-02,Sunderland,Southampton,5,0,H,fpl-team-20,,0.34137339873327305,0.26808419448545173,0.3905424067812753,0.34168657152044024,0.2654958395862733,0.3928175888932865,0.026880758814513683,0.5275590551181102,0.47244094488188976,0.5290215588778682,0.4709784411221318
E1,2324,2023-09-02,Swansea,Bristol City,1,2,A,,,0.44970253169341484,0.2695660062139504,0.2807314620926347,0.45435503609498784,0.2670191894711361,0.2786257744338761,0.026987562770955265,0.4894736842105264,0.5105263157894737,0.4889147544617743,0.5110852455382258
E1,2324,2023-09-02,Coventry,Watford,3,3,D,,,0.4432971601853794,0.2718211813171094,0.2848816584975111,0.4477124659058054,0.2693542360540082,0.2829332980401865,0.027103415690362453,0.49340369393139843,0.5065963060686015,0.49303698752158454,0.5069630124784155
E1,2324,2023-09-02,Ipswich,Cardiff,3,2,H,,,0.5779365623733417,0.23287861481382807,0.1891848228128304,0.5879419848156642,0.2287389914320939,0.18331902375224182,0.027756926836445928,0.5430809399477807,0.4569190600522194,0.5453296703241303,0.4546703296758698
E1,2324,2023-09-02,Leeds,Sheffield Weds,0,0,D,fpl-team-13,,0.6595180190139289,0.20163608224629673,0.1388458987397745,0.6723614969691246,0.19637481206569268,0.1312636909651827,0.02691270993091166,0.5610389610389611,0.43896103896103894,0.5643765066779782,0.4356234933220219
E1,2324,2023-09-02,Leicester,Hull,0,1,A,,,0.6199567882181755,0.21363375810220908,0.16640945367961552,0.6315165715658504,0.20876246307019114,0.1597209653639584,0.027448396664112806,0.5856777493606138,0.4143222506393862,0.5903013639605514,0.40969863603944845
E1,2324,2023-09-02,Middlesbrough,QPR,0,2,A,,,0.5934243042870957,0.2260664016331793,0.18050929407972494,0.6037107197543765,0.22179075690358568,0.17449852334203783,0.026849386747926474,0.5494791666666667,0.45052083333333337,0.5520505163905842,0.44794948360941583
E1,2324,2023-09-02,Plymouth,Blackburn,3,0,H,,,0.35268031208277045,0.25850409795712603,0.38881558996010346,0.35344692270520506,0.25551907385164496,0.3910340034431501,0.02705730847083032,0.5964467005076142,0.4035532994923858,0.6016994513412668,0.3983005486587334
E1,2324,2023-09-02,Rotherham,Norwich,2,1,H,,,0.21096810296586455,0.24342473419138222,0.5456071628427531,0.2061349782628129,0.23984453127443583,0.5540204904627511,0.026827679947018623,0.5404699738903395,0.4595300261096606,0.5425450153677878,0.4574549846322122
E1,2324,2023-09-02,Stoke,Preston,0,2,A,,,0.4919470299750413,0.2736189532714206,0.23443401675353817,0.4982158597791542,0.2712456521233174,0.23053848809752833,0.026703504845499992,0.45052083333333337,0.5494791666666667,0.44794948360941583,0.5520505163905842
E1,2324,2023-09-02,West Brom,Huddersfield,1,2,A,,,0.561128955101483,0.2425339984965489,0.19633704640196814,0.5703532376814858,0.23882919236329359,0.19081756995522062,0.027448032051324844,0.5078947368421052,0.4921052631578948,0.5083123216311592,0.4916876783688407
E1,2324,2023-09-15,Hull,Coventry,1,1,D,,,0.33920987258594437,0.2793493068354836,0.3814408205785719,0.33943555038044054,0.27724030838606656,0.383324141233493,0.026446860749274492,0.5091863517060368,0.49081364829396334,0.5096477203811924,0.49035227961880756
E1,2324,2023-09-15,Southampton,Leicester,1,4,A,,,0.38559400791720544,0.27057306805553905,0.3438329240272554,0.3875282853416595,0.26825512143026353,0.3442165932280771,0.02499582734890282,0.5494791666666667,0.45052083333333337,0.5520505163905842,0.44794948360941583
E1,2324,2023-09-16,Blackburn,Middlesbrough,2,1,H,,,0.37790699994811605,0.26947345734936684,0.35261954270251716,0.37969494315150104,0.2669163297370441,0.35338872711145486,0.02714048163034022,0.5494791666666667,0.45052083333333337,0.5520505163905842,0.44794948360941583
E1,2324,2023-09-16,Bristol City,West Brom,0,0,D,,,0.39175993329698877,0.2813231568482827,0.32691690985472854,0.3941308787278191,0.27921750508338594,0.3266516161887949,0.027409326285123825,0.4855643044619423,0.5144356955380577,0.48483177054684756,0.5151682294531524
E1,2324,2023-09-16,Huddersfield,Rotherham,2,0,H,,,0.5044909359767786,0.2664165616956022,0.22909250232761927,0.5113986191545281,0.26370131781416434,0.22490006303130752,0.02728495979681611,0.48293963254593175,0.5170603674540682,0.48206797616735914,0.517932023832641
E1,2324,2023-09-16,Norwich,Stoke,1,0,H,,,0.5017678113043058,0.2563084225311183,0.24192376616457595,0.5085802624208439,0.25318757969485756,0.23823215788429872,0.0273349741473794,0.5275590551181102,0.47244094488188976,0.5290215588778682,0.4709784411221318
E1,2324,2023-09-16,Preston,Plymouth,2,1,H,,,0.478192688424973,0.2652161129079682,0.2565911986670587,0.48422978516047016,0.2623743999137785,0.25339581492575136,0.028159909299574792,0.5065616797900262,0.4934383202099738,0.5068900892950844,0.49310991070491567
E1,2324,2023-09-16,QPR,Sunderland,1,3,A,,fpl-team-20,0.29671141766227366,0.26973765242024883,0.4335509299174775,0.29526061203819387,0.2672325015343258,0.43750688642748026,0.026640914613381028,0.5184210526315789,0.48157894736842105,0.5194169371160577,0.4805830628839423
E1,2324,2023-09-16,Sheffield Weds,Ipswich,0,1,A,,,0.25438631433713693,0.2687991366791843,0.4768145489836787,0.2512322884671542,0.2662129452446684,0.48255476628817745,0.027017683954909444,0.5105263157894737,0.4894736842105264,0.5110852455382258,0.4889147544617743
E1,2324,2023-09-16,Watford,Birmingham,2,0,H,,,0.4760095736528424,0.2753660033631269,0.24862442298403056,0.48190391848891034,0.27296259011689045,0.24513349139419915,0.02791418053675443,0.4645669291338583,0.5354330708661418,0.46261216351077283,0.5373878364892272
E1,2324,2023-09-16,Cardiff,Swansea,2,0,H,,,0.37302730612971624,0.28367944837409564,0.3432932454961882,0.3746547283674081,0.28164723899095123,0.3436980326416407,0.027722132857888937,0.4921052631578948,0.5078947368421052,0.4916876783688407,0.5083123216311592
E1,2324,2023-09-17,Millwall,Leeds,0,3,A,,fpl-team-13,0.31453191225380916,0.28430662338857826,0.4011614643576126,0.31374416801988303,0.282267663276857,0.40398816870326004,0.02814678242430091,0.4645669291338583,0.5354330708661418,0.46261216351077283,0.5373878364892272
E1,2324,2023-09-19,Bristol City,Plymouth,4,1,H,,,0.5366418274519558,0.23986263499746507,0.2234955375505792,0.5446167493925068,0.23618846467605226,0.21919478593144096,0.026531537994742393,0.586734693877551,0.413265306122449,0.59125067097834,0.40874932902166
E1,2324,2023-09-19,Cardiff,Coventry,3,2,H,,,0.3548603243058856,0.28624684770293485,0.3588928279911797,0.35574116231784597,0.2843193394881462,0.3599394981940078,0.027726911706849933,0.47382198952879584,0.5261780104712042,0.4725131249860944,0.5274868750139057
E1,2324,2023-09-19,Preston,Birmingham,2,1,H,,,0.40500445059835827,0.3021461774305212,0.2928493719711206,0.4076994047111245,0.30097235626803953,0.29132823902083593,0.0253582060104236,0.4086294416243655,0.5913705583756345,0.40403326846925786,0.5959667315307422
E1,2324,2023-09-19,QPR,Swansea,1,1,D,,,0.3502274571222133,0.28331833098543224,0.36645421189235444,0.35089506464618336,0.2813374241525208,0.36776751120129575,0.026816256809979677,0.47244094488188976,0.5275590551181102,0.4709784411221318,0.5290215588778682
E1,2324,2023-09-19,Southampton,Ipswich,0,1,A,,,0.4166485208573118,0.26241951037421846,0.32093196876846986,0.41990211903778496,0.2596588683671685,0.32043901259504654,0.026367828249931335,0.5805626598465473,0.4194373401534527,0.584613731586484,0.41538626841351595
E1,2324,2023-09-19,Sheffield Weds,Middlesbrough,1,1,D,,,0.2844121335961237,0.27375692398013063,0.44183094242374565,0.2824966825134146,0.2714291998397997,0.44607411764678573,0.026389545062556863,0.5,0.5,0.5,0.5
E1,2324,2023-09-20,Blackburn,Sunderland,1,3,A,,fpl-team-20,0.4189391423268536,0.2622721500439582,0.3187887076291882,0.4225025049287116,0.25932408374667265,0.31817341132461574,0.02812745957635343,0.556135770234987,0.44386422976501305,0.5593758630222184,0.4406241369777816
E1,2324,2023-09-20,Huddersfield,Stoke,2,2,D,,,0.3375178834102404,0.28311201563664934,0.3793701009531102,0.33768224069926955,0.281094361471333,0.3812233978293974,0.027202101424336433,0.4764397905759163,0.5235602094240838,0.4752747252712324,0.5247252747287677
E1,2324,2023-09-20,Hull,Leeds,0,0,D,,fpl-team-13,0.25372259015033394,0.26213328374647765,0.48414412610318835,0.250543946695099,0.25928530109476444,0.4901707522101366,0.026990202022716403,0.5430809399477807,0.4569190600522194,0.5453296703241303,0.4546703296758698
E1,2324,2023-09-20,Millwall,Rotherham,3,0,H,,,0.5538096685556756,0.25525998200275074,0.19093034944157367,0.5629683168524687,0.2519776034246663,0.18505407972286503,0.028174762381240726,0.4750656167979003,0.5249343832020998,0.4737569060807899,0.5262430939192101
E1,2324,2023-09-20,Watford,West Brom,2,2,D,,,0.43743302774139786,0.2783664721990713,0.28420050005953096,0.4415638439155202,0.2761865068605818,0.282249649223898,0.026779432548210025,0.4764397905759163,0.5235602094240838,0.4752747252712324,0.5247252747287677
E1,2324,2023-09-20,Norwich,Leicester,0,2,A,,,0.3593278193514507,0.2657214126296442,0.37495076801890515,0.3603647620621618,0.26301899733381984,0.3766162406040184,0.027098509948700666,0.5621761658031088,0.43782383419689114,0.5654432416138302,0.4345567583861699
E1,2324,2023-09-22,Birmingham,QPR,0,0,D,,,0.5092995647012268,0.26988523941432535,0.220815195884448,0.5165658545173246,0.26724434833869426,0.21618979714398107,0.027937420061789453,0.44415584415584414,0.5558441558441558,0.44124719898813486,0.5587528010118651
E1,2324,2023-09-23,Ipswich,Blackburn,4,3,H,,,0.5585040114113067,0.23328177380816245,0.20821421478053098,0.5674117064972569,0.22930962097203442,0.20327867253070872,0.026789875933900476,0.5831202046035805,0.41687979539641945,0.587450220630869,0.4125497793691309
E1,2324,2023-09-23,Leeds,Watford,3,0,H,fpl-team-13,,0.5450937815881098,0.2431956871700798,0.21171053124181052,0.5536413818607193,0.23954054245149237,0.20681807568778837,0.027328575029969215,0.5418848167539266,0.4581151832460733,0.544168391996252,0.45583160800374806
E1,2324,2023-09-23,Leicester,Bristol City,1,0,H,,,0.5515901374367027,0.23897607969549842,0.20943378286779882,0.5603521922626039,0.23517171400400622,0.20447609373338993,0.02718552458100021,0.5456919060052219,0.4543080939947781,0.5481218720770542,0.4518781279229459
E1,2324,2023-09-23,Middlesbrough,Southampton,2,1,H,,,0.3852059118955373,0.26768546419859374,0.3471086239058688,0.38732735828783343,0.2650068313773615,0.34766581033480515,0.027666041627526283,0.5584415584415584,0.44155844155844154,0.5615595075196119,0.4384404924803881
E1,2324,2023-09-23,Plymouth,Norwich,6,2,H,,,0.28508877092931895,0.25181581092695815,0.463095418143723,0.28316960753199955,0.24859657078474776,0.4682338216832526,0.026737089501693845,0.5877862595419847,0.41221374045801523,0.5921917588569927,0.4078082411430074
E1,2324,2023-09-23,Rotherham,Preston,1,1,D,,,0.29128488068656727,0.29039410123492637,0.4183210180785063,0.28962906679118944,0.28870349921426935,0.42166743399454115,0.026567930006422102,0.42673521850899737,0.5732647814910026,0.4230104273600676,0.5769895726399324
E1,2324,2023-09-23,Swansea,Sheffield Weds,3,0,H,,,0.48611111111111116,0.2708333333333333,0.24305555555555558,0.4923415394482817,0.2682750002447756,0.2393834603069428,0.027556696441024542,0.4764397905759163,0.5235602094240838,0.4752747252712324,0.5247252747287677
E1,2324,2023-09-23,West Brom,Millwall,0,0,D,,,0.4512513330156785,0.2795362239920132,0.26921244299230823,0.45608568580616704,0.27732806721083564,0.2665862469829973,0.02768328250385821,0.4595300261096606,0.5404699738903395,0.4574549846322122,0.5425450153677878
E1,2324,2023-09-24,Stoke,Hull,1,3,A,,,0.4959785522788204,0.2560321715817694,0.2479892761394102,0.5026924215748464,0.25283817128291725,0.24446940714223644,0.027900664834305644,0.5105263157894737,0.4894736842105264,0.5110852455382258,0.4889147544617743
E1,2324,2023-09-24,Sunderland,Cardiff,0,1,A,fpl-team-20,,0.5010265014537763,0.2580218222745605,0.24095167627166333,0.5080011085884262,0.2548826164461096,0.23711627496546422,0.02812024368904531,0.5236842105263159,0.47631578947368425,0.5249868125159045,0.4750131874840955
E1,2324,2023-09-25,Coventry,Huddersfield,1,1,D,,,0.5224464361476453,0.25557514849384805,0.22197841535850654,0.5305170715219599,0.25223979809857844,0.2172431303794616,0.028891933849081397,0.5171503957783641,0.48284960422163586,0.5181220029000937,0.4818779970999063
E1,2324,2023-09-29,Sheffield Weds,Sunderland,0,3,A,,fpl-team-20,0.3054935238945958,0.27780259044216166,0.4167038856632425,0.3044044916184842,0.27564301466739866,0.4199524937141171,0.02629296004306525,0.4973684210526315,0.5026315789473684,0.4972298401618182,0.5027701598381817
E1,2324,2023-09-30,Southampton,Leeds,3,1,H,,fpl-team-13,0.3289320388349514,0.26097087378640776,0.41009708737864076,0.3287408465396658,0.2580009796990828,0.41325817376125146,0.027833239175379276,0.5892857142857143,0.41071428571428575,0.5941087897737051,0.405891210226295
E1,2324,2023-09-30,Bristol City,Stoke,2,3,A,,,0.4052835051546392,0.2847938144329897,0.3099226804123711,0.40818724749081237,0.2828383842351589,0.30897436827402863,0.027243609307333827,0.47244094488188976,0.5275590551181102,0.4709784411221318,0.5290215588778682
E1,2324,2023-09-30,Cardiff,Rotherham,2,0,H,,,0.5588488252774433,0.2480530033868547,0.19309817133570195,0.5676600254543287,0.24469043320039122,0.18764954134528006,0.02647152845747769,0.5026315789473684,0.4973684210526315,0.5027701598381817,0.4972298401618182
E1,2324,2023-09-30,Huddersfield,Ipswich,1,1,D,,,0.2548265810485404,0.25144691816991255,0.49372650078154706,0.25162557926780454,0.24811063500647074,0.5002637857257247,0.0275414630305022,0.5598958333333334,0.44010416666666663,0.5632998486409446,0.4367001513590554
E1,2324,2023-09-30,Hull,Plymouth,1,1,D,,,0.499659986677029,0.2485219829021872,0.2518180304207839,0.506249562143972,0.2451630946351355,0.2485873432208926,0.02676546643488109,0.5856777493606138,0.4143222506393862,0.5903013639605514,0.40969863603944845
E1,2324,2023-09-30,Millwall,Swansea,0,3,A,,,0.4555341906020911,0.28199735608700877,0.2624684533109002,0.46055596911608077,0.2798825718979422,0.2595614589859771,0.027752801775932312,0.44908616187989553,0.5509138381201044,0.44626915021678265,0.5537308497832173
E1,2324,2023-09-30,Norwich,Birmingham,2,0,H,,,0.4999671894481265,0.2631406260253298,0.23689218452654376,0.5064891541996851,0.2603840382145317,0.23312680758578322,0.026441904716193676,0.5,0.5,0.5,0.5
E1,2324,2023-09-30,Preston,West Brom,0,4,A,,,0.390625,0.29296875,0.31640625,0.39289654584047723,0.29137081616906707,0.31573263799045564,0.026761262211948633,0.43152454780361754,0.5684754521963824,0.4278715296689119,0.572128470331088
E1,2324,2023-09-30,QPR,Coventry,1,3,A,,,0.30633964293056276,0.28432721349842655,0.4093331435710106,0.3052753390474294,0.2824037459296703,0.41232091502290036,0.026528413058258593,0.4842105263157894,0.5157894736842105,0.4833629103791193,0.5166370896208807
E1,2324,2023-09-30,Watford,Middlesbrough,2,3,A,,,0.3958049967785812,0.2777578924761973,0.32643711074522164,0.39824513174483545,0.27559233697550395,0.3261625312796606,0.02637041755951941,0.4973684210526315,0.5026315789473684,0.4972298401618182,0.5027701598381817
E1,2324,2023-10-01,Blackburn,Leicester,1,4,A,,,0.28508877092931895,0.25181581092695815,0.463095418143723,0.28316960753199955,0.24859657078474776,0.4682338216832526,0.026737089501693845,0.6080402010050251,0.3919597989949749,0.6139012502759682,0.3860987497240318
E1,2324,2023-10-03,Birmingham,Huddersfield,4,1,H,,,0.42232731273923374,0.28708049959615584,0.29059218766461037,0.42578486271946686,0.2852840854578226,0.2889310518227105,0.02621057373471558,0.4581151832460733,0.5418848167539266,0.45583160800374806,0.544168391996252
E1,2324,2023-10-03,Ipswich,Hull,3,0,H,,,0.5525805389185036,0.23760963173495653,0.20980982934653997,0.5610775651775155,0.23388541068813903,0.20503702413434555,0.026230289367958903,0.5784061696658098,0.4215938303341903,0.5826558265500098,0.41734417344999014
E1,2324,2023-10-03,Middlesbrough,Cardiff,2,0,H,,,0.5073482428115015,0.25367412140575074,0.2389776357827476,0.5143300304075995,0.25047225623094477,0.23519771336145567,0.027117636520415545,0.5249343832020998,0.4750656167979003,0.5262430939192101,0.4737569060807899
E1,2324,2023-10-03,Plymouth,Millwall,0,2,A,,,0.38829734616921685,0.2694981581061137,0.3422044957246696,0.3903802562408141,0.26708465494822997,0.34253508881095596,0.025598278734833002,0.5418848167539266,0.4581151832460733,0.544168391996252,0.45583160800374806
E1,2324,2023-10-03,Stoke,Southampton,0,1,A,,,0.35459725438969075,0.27706141159311115,0.36834133401719815,0.3554171603963634,0.27488800247298184,0.36969483713065476,0.026150852208957076,0.5275590551181102,0.47244094488188976,0.5290215588778682,0.4709784411221318
E1,2324,2023-10-03,West Brom,Sheffield Weds,1,0,H,,,0.5911562329602991,0.24915223431049255,0.1596915327292083,0.6008664976286318,0.24592175551664017,0.15321174685472796,0.025590376928448677,0.44908616187989553,0.5509138381201044,0.44626915021678265,0.5537308497832173
E1,2324,2023-10-04,Coventry,Blackburn,1,0,H,,,0.45862924617095924,0.2579789509711645,0.28339180285787624,0.46358898980716173,0.2550025095170124,0.28140850067582596,0.026722795562818646,0.5820512820512821,0.41794871794871796,0.5864841490747444,0.4135158509252556
E1,2324,2023-10-04,Leeds,QPR,1,0,H,fpl-team-13,,0.7071631090160707,0.18328792380687328,0.10954896717705603,0.7225273835630242,0.1769741915250739,0.1004984249119019,0.02837090566754341,0.5939086294416244,0.40609137055837563,0.5988247863269538,0.4011752136730462
E1,2324,2023-10-04,Leicester,Preston,3,0,H,,,0.6430056990441558,0.21927383285376745,0.1377204681020768,0.6547031132563323,0.21488427014742434,0.13041261659624323,0.025776185793802142,0.5184210526315789,0.48157894736842105,0.5194169371160577,0.4805830628839423
E1,2324,2023-10-04,Sunderland,Watford,2,0,H,fpl-team-20,,0.4899271143191462,0.2625576248008684,0.24751526087998532,0.4959891392638498,0.25981298129478275,0.24419787944136753,0.026139775523915887,0.5277044854881265,0.4722955145118733,0.5293296089369458,0.47067039106305425
E1,2324,2023-10-04,Swansea,Norwich,2,1,H,,,0.3350185939082434,0.2764147582391629,0.38856664785259376,0.33508129095637584,0.27411356991539026,0.39080513912823384,0.02738602878525853,0.5249343832020998,0.4750656167979003,0.5262430939192101,0.4737569060807899
E1,2324,2023-10-04,Rotherham,Bristol City,1,2,A,,,0.2563489582375549,0.2797219514886261,0.46392909027381896,0.2534130729919267,0.2776676408589349,0.4689192861491384,0.025785943493247032,0.4696569920844328,0.5303430079155673,0.4678573425068856,0.5321426574931143
E1,2324,2023-10-06,Birmingham,West Brom,3,1,H,,,0.3382426512757312,0.30173392066184274,0.360023428062426,0.33843077166984653,0.3005157004401335,0.36105352789002004,0.02606424014084041,0.4143222506393862,0.5856777493606138,0.40969863603944845,0.5903013639605514
E1,2324,2023-10-07,Sunderland,Middlesbrough,0,4,A,fpl-team-20,,0.4016046727562754,0.2715722142420659,0.3268231130016586,0.4043904594339267,0.26905915325566365,0.3265503873104096,0.027567302575334907,0.5392670157068064,0.46073298429319376,0.5413724624964675,0.4586275375035324
E1,2324,2023-10-07,Cardiff,Watford,1,1,D,,,0.38374599169426477,0.29164695368764126,0.32460705461809386,0.38580020605105153,0.28995144962117547,0.32424834432777305,0.027519389521330595,0.46194225721784776,0.5380577427821522,0.4598115299356801,0.5401884700643199
E1,2324,2023-10-07,Coventry,Norwich,1,1,D,,,0.3771964266198204,0.2834619852741764,0.33934158810600323,0.3790212783156232,0.2813913299643501,0.33958739172002667,0.028128036530688405,0.5065963060686015,0.49340369393139843,0.5069630124784155,0.49303698752158454
E1,2324,2023-10-07,Ipswich,Preston,4,2,H,,,0.5854856132770304,0.23951684179514882,0.1749975449278209,0.5956594956605233,0.23568466850189831,0.16865583583757832,0.027405679458752275,0.5197889182058046,0.4802110817941952,0.5209181681264694,0.47908183187353065
E1,2324,2023-10-07,Leeds,Bristol City,2,1,H,fpl-team-13,,0.6116070080808284,0.22149319217880467,0.16689979974036692,0.6229520126029781,0.21688476652665917,0.16016322087036286,0.027741309255361557,0.5509138381201044,0.44908616187989553,0.5537308497832173,0.44626915021678265
E1,2324,2023-10-07,Leicester,Stoke,2,0,H,,,0.6158001000880083,0.22209183937600302,0.16210806053598853,0.6272366412506686,0.21753315543259089,0.15523020331674048,0.027562412666156888,0.5509138381201044,0.44908616187989553,0.5537308497832173,0.44626915021678265
E1,2324,2023-10-07,Millwall,Hull,2,2,D,,,0.41398919533693496,0.2821533503933277,0.3038574542697375,0.4172665556104768,0.28007720363928673,0.3026562407502364,0.027430752874352038,0.4671916010498688,0.5328083989501312,0.46540654231752615,0.5345934576824739
E1,2324,2023-10-07,Plymouth,Swansea,1,3,A,,,0.3920540594256186,0.27030507800854614,0.33764086256583525,0.39440170919194234,0.2677917504880914,0.3378065403199662,0.027017494081519544,0.5610389610389611,0.43896103896103894,0.5643765066779782,0.4356234933220219
E1,2324,2023-10-07,QPR,Blackburn,0,4,A,,,0.32809065308401886,0.2701373183512292,0.40177202856475197,0.3278711477430874,0.2675863660375267,0.4045424862193858,0.027347836177796125,0.5392670157068064,0.46073298429319376,0.5413724624964675,0.4586275375035324
E1,2324,2023-10-07,Sheffield Weds,Huddersfield,0,0,D,,,0.3658224609874648,0.2871152042295557,0.3470623347829794,0.36715418215868634,0.2852231589035699,0.3476226589377438,0.027725176652893424,0.46981627296587924,0.5301837270341206,0.468195143536739,0.5318048564632609
E1,2324,2023-10-07,Southampton,Rotherham,1,1,D,,,0.7092336875471887,0.18102345548823484,0.10974285696457654,0.723830572353304,0.1749809769558002,0.1011884506908959,0.026754262973554432,0.5964467005076142,0.4035532994923858,0.6016994513412668,0.3983005486587334
E1,2324,2023-10-21,Preston,Millwall,1,1,D,,,0.3937082553027319,0.3021773551845809,0.30411438951268716,0.39612124664791215,0.30093237418021845,0.3029463791718694,0.02697379165329039,0.40609137055837563,0.5939086294416244,0.4011752136730462,0.5988247863269538
E1,2324,2023-10-21,Blackburn,Cardiff,1,0,H,,,0.4646561105065624,0.2589886517577561,0.27635523773568144,0.4700120526882223,0.2559614644474262,0.27402648286435144,0.027544173412024975,0.5610389610389611,0.43896103896103894,0.5643765066779782,0.4356234933220219
E1,2324,2023-10-21,Bristol City,Coventry,1,0,H,,,0.394391623540739,0.2792153087014081,0.32639306775785293,0.3969450624045443,0.27695778348721384,0.3260971541082418,0.028258290607482195,0.4881266490765172,0.5118733509234827,0.48746168849481736,0.5125383115051826
E1,2324,2023-10-21,Huddersfield,QPR,2,1,H,,,0.4866214972695846,0.268813574978949,0.2445649277514665,0.4927482994318598,0.26622675966541465,0.24102494090272555,0.02700007613748312,0.4842105263157894,0.5157894736842105,0.4833629103791193,0.5166370896208807
E1,2324,2023-10-21,Hull,Southampton,1,2,A,,,0.3294130225596065,0.27028760825403614,0.4002993691863573,0.329248969788248,0.2677697378645041,0.40298129234724783,0.02705364557914436,0.5471204188481674,0.4528795811518324,0.5497828912734765,0.45021710872652343
E1,2324,2023-10-21,Middlesbrough,Birmingham,1,0,H,,,0.5311597339103951,0.25421816141700726,0.2146221046725976,0.5387697363213017,0.2511574881423236,0.21007277553637482,0.02601421787403524,0.5052631578947367,0.49473684210526314,0.5055407801420785,0.4944592198579216
E1,2324,2023-10-21,Norwich,Leeds,2,3,A,,fpl-team-13,0.3135339310071464,0.26610863051867045,0.420357438474183,0.31275382124659773,0.2634928550831885,0.42375332367021384,0.026340476353652775,0.5520833333333334,0.44791666666666663,0.5548486178134774,0.4451513821865228
E1,2324,2023-10-21,Stoke,Sunderland,2,1,H,,fpl-team-20,0.38746656169918786,0.2724548733562013,0.340078564944611,0.3897781232873749,0.269861961493978,0.34035991521864706,0.02888691588304937,0.5328083989501312,0.4671916010498688,0.5345934576824739,0.46540654231752615
E1,2324,2023-10-21,Swansea,Leicester,1,3,A,,,0.21932526574310918,0.24413326495312668,0.5365414693037643,0.21484864156324077,0.24060974733134063,0.5445416111054187,0.02663217787630856,0.544502617801047,0.4554973821989528,0.5469717064457948,0.45302829355420515
E1,2324,2023-10-21,Watford,Sheffield Weds,1,0,H,,,0.5590594137197987,0.25604618135134416,0.1848944049288571,0.5688441880931034,0.2526465859434428,0.17850922596345362,0.029440847923979163,0.4593175853018373,0.5406824146981627,0.45700416089548346,0.5429958391045165
E1,2324,2023-10-21,West Brom,Plymouth,0,0,D,,,0.5558800397510075,0.24045701465056307,0.2036629455984295,0.5654969200698823,0.23641911931328813,0.19808396061682962,0.02930889092385769,0.5699481865284974,0.43005181347150256,0.5739320919957633,0.42606790800423666
E1,2324,2023-10-24,Huddersfield,Cardiff,0,4,A,,,0.40087423514377496,0.28965607844230085,0.30946968641392403,0.40350603242646355,0.2879565706394974,0.3085373969340391,0.026291733141988516,0.44791666666666663,0.5520833333333334,0.4451513821865228,0.5548486178134774
E1,2324,2023-10-24,Millwall,Blackburn,1,2,A,,,0.3866336869899948,0.2748898468194761,0.33847646619052923,0.38866301936493536,0.2726696710045426,0.33866730963052205,0.025711775990203023,0.5105263157894737,0.4894736842105264,0.5110852455382258,0.4889147544617743
E1,2324,2023-10-24,Norwich,Middlesbrough,1,2,A,,,0.3407346437249674,0.2648049181038048,0.39446043817122783,0.3410123062088221,0.2621769258488578,0.39681076794232,0.025977410841733217,0.5647668393782384,0.4352331606217616,0.5682612494508922,0.43173875054910793
E1,2324,2023-10-24,Swansea,Watford,0,1,A,,,0.40472420999303393,0.28647647394085235,0.30879931606611355,0.4074465263289057,0.2846924656380932,0.30786100803300104,0.025722971884533763,0.46858638743455505,0.5314136125654451,0.4669758097866967,0.5330241902133033
E1,2324,2023-10-24,Leicester,Sunderland,1,0,H,,fpl-team-20,0.628673087829363,0.21284671807675745,0.1584801940938795,0.6403999309020404,0.20801039823185635,0.15158967086610325,0.02704320487100631,0.5831202046035805,0.41687979539641945,0.587450220630869,0.4125497793691309
E1,2324,2023-10-24,West Brom,QPR,2,0,H,,,0.5855072779688173,0.2401320988125276,0.17436062321865514,0.5956746055071003,0.2363266126274623,0.16799878186543749,0.02738679456524551,0.4960422163588391,0.503957783641161,0.49582265790303864,0.5041773420969614
E1,2324,2023-10-25,Birmingham,Hull,0,2,A,,,0.41163062605553125,0.2855455694259091,0.3028238045185596,0.414631758226342,0.2837162636218304,0.3016519781518276,0.02585605368949473,0.4645669291338583,0.5354330708661418,0.46261216351077283,0.5373878364892272
E1,2324,2023-10-25,Bristol City,Ipswich,0,1,A,,,0.2760287141722405,0.26303013206440645,0.46094115376335304,0.2737650346164554,0.2602603897936276,0.465974575589917,0.026625446509569883,0.5494791666666667,0.45052083333333337,0.5520505163905842,0.44794948360941583
E1,2324,2023-10-25,Plymouth,Sheffield Weds,3,0,H,,,0.46561443066516345,0.26832018038331457,0.266065388951522,0.47079876379821717,0.2657716028096859,0.26342963339209696,0.026453797705471516,0.5249343832020998,0.4750656167979003,0.5262430939192101,0.4737569060807899
E1,2324,2023-10-25,Preston,Southampton,2,2,D,,,0.2785205411256227,0.271358584353821,0.4501208745205562,0.2763668451200007,0.26892696954645484,0.4547061853335445,0.026496286503970623,0.5249343832020998,0.4750656167979003,0.5262430939192101,0.4737569060807899
E1,2324,2023-10-25,Rotherham,Coventry,2,0,H,,,0.23825348083960796,0.26786690783662137,0.49387961132377073,0.23441214329790783,0.2652039401251689,0.5003839165769234,0.02737961709499359,0.4894736842105264,0.5105263157894737,0.4889147544617743,0.5110852455382258
E1,2324,2023-10-25,Stoke,Leeds,1,0,H,,fpl-team-13,0.25694580928728405,0.2604656148939592,0.48258857581875686,0.25400496343712414,0.2576582409680573,0.4883367955948185,0.025998123222962022,0.5340314136125655,0.4659685863874345,0.5358008371826707,0.46419916281732926
E1,2324,2023-10-28,Leeds,Huddersfield,4,1,H,fpl-team-13,,0.7026190545709364,0.18526088352944614,0.11212006189961751,0.7175129741128268,0.1791544145498147,0.10333261133735844,0.027794876834377646,0.5903307888040712,0.4096692111959288,0.5950417648369755,0.40495823516302454
E1,2324,2023-10-28,Southampton,Birmingham,3,1,H,,,0.5940316272742732,0.23125318823329366,0.17471518449243326,0.604134043036359,0.2272573826752089,0.1686085742884321,0.02630844502709806,0.5328083989501312,0.4671916010498688,0.5345934576824739,0.46540654231752615
E1,2324,2023-10-28,Blackburn,Swansea,0,1,A,,,0.4749534700144116,0.2512981322827575,0.2737483977028309,0.4804981042438778,0.2480927665751841,0.27140912918093807,0.026433440390974283,0.5892857142857143,0.41071428571428575,0.5941087897737051,0.405891210226295
E1,2324,2023-10-28,Cardiff,Bristol City,2,0,H,,,0.4263660030806119,0.28638439363547125,0.28724960328391674,0.42993842792735565,0.28458171538041194,0.28547985669223247,0.02590244240127504,0.44415584415584414,0.5558441558441558,0.44124719898813486,0.5587528010118651
E1,2324,2023-10-28,Hull,Preston,1,0,H,,,0.4651454363089268,0.2790872617853561,0.25576730190571717,0.4704137987129922,0.276912739536842,0.25267346175016575,0.026987801305949688,0.4581151832460733,0.5418848167539266,0.45583160800374806,0.544168391996252
E1,2324,2023-10-28,Ipswich,Plymouth,3,2,H,,,0.6876490639600101,0.1810984176077889,0.13125251843220107,0.7018228300702634,0.17493180214669046,0.1232453677830462,0.027434442075900733,0.6611374407582938,0.3388625592417061,0.6704388801012654,0.3295611198987346
E1,2324,2023-10-28,Middlesbrough,Stoke,0,2,A,,,0.536187446867448,0.2490949556313341,0.21471759750121786,0.5442769277044612,0.2457189314202801,0.21000414087525862,0.02698515960946679,0.5328083989501312,0.4671916010498688,0.5345934576824739,0.46540654231752615
E1,2324,2023-10-28,QPR,Leicester,1,2,A,,,0.11831623107689698,0.18992244707934763,0.6917613218437553,0.10962291652671736,0.18391807409046132,0.7064590093828215,0.02821433893404901,0.577319587628866,0.4226804123711341,0.581663763067284,0.41833623693271604
E1,2324,2023-10-28,Sunderland,Norwich,3,1,H,fpl-team-20,,0.45842821417790025,0.25998531598582286,0.28158646983627694,0.4634225296031572,0.25706248583634583,0.2795149845604969,0.02695410675369203,0.5584415584415584,0.44155844155844154,0.5615595075196119,0.4384404924803881
E1,2324,2023-10-28,Watford,Millwall,2,2,D,,,0.45855811672388425,0.2876410004904365,0.2538008827856792,0.4635297515926965,0.28581837779168723,0.2506518706156163,0.02680593472905457,0.43041237113402064,0.5695876288659795,0.42684314628064995,0.5731568537193501
E1,2324,2023-10-29,Sheffield Weds,Rotherham,2,0,H,,,0.501247574161353,0.27945661214305517,0.21929581369559187,0.5081712405782889,0.27721115622962855,0.2146176031920826,0.027896838262677193,0.4096692111959288,0.5903307888040712,0.40495823516302454,0.5950417648369755
E1,2324,2023-10-30,Coventry,West Brom,0,2,A,,,0.41012688389825463,0.2862214809078454,0.30365163519390004,0.41328736215748546,0.2842853049915645,0.30242733285094997,0.027786359190940857,0.4645669291338583,0.5354330708661418,0.46261216351077283,0.5373878364892272
E1,2324,2023-11-03,Leicester,Leeds,0,1,A,,fpl-team-13,0.4440358564379121,0.2617732046217994,0.2941909389402885,0.44833785571134865,0.2589990962380421,0.2926630480506093,0.026226220652461052,0.5621761658031088,0.43782383419689114,0.5654432416138302,0.4345567583861699
E1,2324,2023-11-04,Birmingham,Ipswich,2,2,D,,,0.24897515268133522,0.25566803312975817,0.49535681418890654,0.2457543748892048,0.25269862099796486,0.5015470041128303,0.025796020636335015,0.531578947368421,0.4684210526315789,0.5333741239292438,0.4666258760707563
E1,2324,2023-11-04,Bristol City,Sheffield Weds,1,0,H,,,0.45011524034767936,0.28606721600409746,0.2638175436482232,0.45470119736893294,0.2842060262906661,0.26109277634040096,0.026503860019147396,0.43896103896103894,0.5610389610389611,0.4356234933220219,0.5643765066779782
E1,2324,2023-11-04,Huddersfield,Watford,0,0,D,,,0.30511450592994793,0.28410362677908324,0.4107818672909688,0.3039848340378556,0.2821414064066736,0.41387375955547073,0.02694409340620041,0.4581151832460733,0.5418848167539266,0.45583160800374806,0.544168391996252
E1,2324,2023-11-04,Millwall,Southampton,0,1,A,,,0.276814953271028,0.2667065420560748,0.4564785046728972,0.2745803456723974,0.2640776927160136,0.461341961611589,0.02665700565557927,0.5105263157894737,0.4894736842105264,0.5110852455382258,0.4889147544617743
E1,2324,2023-11-04,Plymouth,Middlesbrough,3,3,D,,,0.2568551343575059,0.24557209227978605,0.4975727733627079,0.2538844537237818,0.2421713892877723,0.503944156988446,0.026199998566880822,0.6035353535353536,0.3964646464646465,0.6092663166716877,0.3907336833283123
E1,2324,2023-11-04,Preston,Coventry,3,2,H,,,0.341140315406389,0.295584310553983,0.36327537403962795,0.3414315719702217,0.29416954184154087,0.36439888618823735,0.02533619198948145,0.4352331606217616,0.5647668393782384,0.43173875054910793,0.5682612494508922
E1,2324,2023-11-04,Rotherham,QPR,1,1,D,,,0.35628036422916826,0.2926980223051936,0.35102161346563804,0.3571500361636594,0.29115862283618604,0.3516913410001547,0.025619977852329612,0.44531250000000006,0.5546875,0.442344123214856,0.557655876785144
E1,2324,2023-11-04,Stoke,Cardiff,0,0,D,,,0.4373941333046541,0.28588712929852395,0.27671873739682196,0.4415305289894358,0.28399927105861994,0.27447019995194427,0.0268264792393893,0.43896103896103894,0.5610389610389611,0.4356234933220219,0.5643765066779782
E1,2324,2023-11-04,Swansea,Sunderland,0,0,D,,fpl-team-20,0.3543747695169074,0.2760826692748,0.3695425612082926,0.35519595724244085,0.27384402305985295,0.3709600196977062,0.026482016313821077,0.5354330708661418,0.4645669291338583,0.5373878364892272,0.46261216351077283
E1,2324,2023-11-04,West Brom,Hull,3,1,H,,,0.4550571647052241,0.2822164611970084,0.2627263740977675,0.4597063353066559,0.28025966594226825,0.26003399875107586,0.02577050623949617,0.45312499999999994,0.5468749999999999,0.4507389162488727,0.5492610837511274
E1,2324,2023-11-05,Norwich,Blackburn,1,3,A,,,0.44546737399729847,0.25235252835485256,0.3021800976478489,0.44995124880427034,0.24912550208795117,0.30092324910777846,0.027004515752196312,0.6194029850746269,0.38059701492537307,0.625994172750678,0.3740058272493221
E1,2324,2023-11-07,Rotherham,Ipswich,2,2,D,,,0.14239363752037254,0.20903260254094422,0.6485737599386832,0.13452350167033225,0.20377188891122452,0.6617046094184431,0.02848142257425934,0.5509138381201044,0.44908616187989553,0.5537308497832173,0.44626915021678265
E1,2324,2023-11-10,Blackburn,Preston,1,2,A,,,0.48441671544622583,0.26373798952072297,0.2518452950330511,0.49038835488092125,0.26098343008285063,0.2486282150362281,0.026692451210692525,0.5236842105263159,0.47631578947368425,0.5249868125159045,0.4750131874840955
E1,2324,2023-11-11,Sunderland,Birmingham,3,1,H,fpl-team-20,,0.5457017438029568,0.24921811921709838,0.20508013697994487,0.5540894876800185,0.2458732143014884,0.200037298018493,0.026739044580608606,0.5210526315789473,0.4789473684210527,0.5222000222007822,0.47779997779921773
E1,2324,2023-11-11,Cardiff,Norwich,2,3,A,,,0.4701246817104224,0.261612081833348,0.26826323645622974,0.47550858943431096,0.2587910844268036,0.26570032613888545,0.02657003910280764,0.5211640211640212,0.4788359788359788,0.5224359873227157,0.47756401267728427
E1,2324,2023-11-11,Coventry,Stoke,0,0,D,,,0.41188118811881186,0.28316831683168314,0.30495049504950494,0.4148549784265762,0.28127203924207744,0.3038729823313463,0.02553607919253409,0.47244094488188976,0.5275590551181102,0.4709784411221318,0.5290215588778682
E1,2324,2023-11-11,Hull,Huddersfield,1,0,H,,,0.5438178041086404,0.25582826806186043,0.20035392782949912,0.5517595779132951,0.25287825090257565,0.19536217118412919,0.02553119440563023,0.49473684210526314,0.5052631578947367,0.4944592198579216,0.5055407801420785
E1,2324,2023-11-11,Ipswich,Swansea,3,2,H,,,0.5986706491102604,0.22240334861806402,0.17892600227167554,0.6086442944248227,0.21820391028264413,0.1731517952925333,0.025502246106043458,0.5877862595419847,0.41221374045801523,0.5921917588569927,0.4078082411430074
E1,2324,2023-11-11,Leeds,Plymouth,2,1,H,fpl-team-13,,0.7558887867355673,0.15046127508480486,0.09364993817962781,0.7715991089355544,0.1435212244678258,0.08487966659661973,0.02579838503152132,0.6893424036281179,0.3106575963718821,0.7004898194110377,0.29951018058896234
E1,2324,2023-11-11,Middlesbrough,Leicester,1,0,H,,,0.3240477722500353,0.26670223952039424,0.4092499882295705,0.32367368951770475,0.2640813800799735,0.4122449304023218,0.026640527183189988,0.5483028720626633,0.4516971279373368,0.5509221029460813,0.4490778970539186
E1,2324,2023-11-11,QPR,Bristol City,0,0,D,,,0.34611829011799944,0.29197095025291364,0.3619107596290869,0.34659583476483136,0.2904225248336998,0.3629816404014688,0.02531282533891499,0.4543080939947781,0.5456919060052219,0.4518781279229459,0.5481218720770542
E1,2324,2023-11-11,Sheffield Weds,Millwall,0,4,A,,,0.3597386955190364,0.30935184240073493,0.3309094620802286,0.3607742441966011,0.3084123038887673,0.33081345191463163,0.026479503139853477,0.3904282115869018,0.6095717884130982,0.3840309251015791,0.6159690748984209
E1,2324,2023-11-11,Southampton,West Brom,2,1,H,,,0.5030288693935062,0.2604724830558155,0.2364986475506783,0.5095622448846742,0.25765889725760444,0.23277885785772148,0.0260061495937407,0.5105263157894737,0.4894736842105264,0.5110852455382258,0.4889147544617743
E1,2324,2023-11-11,Watford,Rotherham,5,0,H,,,0.6474533430932763,0.21980517652358342,0.13274148038314035,0.6592900153839149,0.21543726764965507,0.12527271696642994,0.025736597133800387,0.4894736842105264,0.5105263157894737,0.4889147544617743,0.5110852455382258
E1,2324,2023-11-24,Rotherham,Leeds,1,1,D,,fpl-team-13,0.1119005328596803,0.18872113676731797,0.6993783303730018,0.10356783448360704,0.1830751999689244,0.7133569655474686,0.026264884043484926,0.5747422680412371,0.4252577319587629,0.5788150563967673,0.4211849436032326
E1,2324,2023-11-25,Birmingham,Sheffield Weds,2,1,H,,,0.4426447269328146,0.2937302971930714,0.263624975874114,0.4467639629658183,0.2922320817820225,0.2610039552521593,0.025421100202947855,0.41687979539641945,0.5831202046035805,0.4125497793691309,0.587450220630869
E1,2324,2023-11-25,Bristol City,Middlesbrough,3,2,H,,,0.27121771217712176,0.27675276752767525,0.45202952029520294,0.26875521482812803,0.27450718490852305,0.4567376002633489,0.02677209861576557,0.4790575916230366,0.5209424083769634,0.47803223769436987,0.5219677623056301
E1,2324,2023-11-25,Huddersfield,Southampton,1,1,D,,,0.2039079313740987,0.24364383594956412,0.5524482326763372,0.1988892244899067,0.2401307114684078,0.5609800640416855,0.026360902236774564,0.5287958115183247,0.4712041884816754,0.5302530253038402,0.4697469746961598
E1,2324,2023-11-25,Leicester,Watford,2,0,H,,,0.6040206964829722,0.23415123295759666,0.16182807055943113,0.6149814451973001,0.230074076709997,0.1549444780927028,0.027554694563150406,0.5052910052910053,0.4947089947089948,0.5055995744330538,0.49440042556694624
E1,2324,2023-11-25,Millwall,Coventry,0,3,A,,,0.3554426545840915,0.2956485631587303,0.34890878225717803,0.35632070570831453,0.2941527286204406,0.34952656567124485,0.026858409633859992,0.44415584415584414,0.5558441558441558,0.44124719898813486,0.5587528010118651
E1,2324,2023-11-25,Norwich,QPR,1,0,H,,,0.5401929260450162,0.2475884244372991,0.2122186495176849,0.5481576316837237,0.24427046818845802,0.20757190012781837,0.02604565490037203,0.5301837270341206,0.46981627296587924,0.5318048564632609,0.468195143536739
E1,2324,2023-11-25,Plymouth,Sunderland,2,0,H,,fpl-team-20,0.28896028037383176,0.2450204439252337,0.4660192757009346,0.2872402384229721,0.24163061515301484,0.4711291464240131,0.02599927957635373,0.6296296296296295,0.3703703703703704,0.6372549019510689,0.36274509804893107
E1,2324,2023-11-25,Preston,Cardiff,1,2,A,,,0.3895688768953997,0.30080634798252376,0.30962477512207665,0.3917380137935702,0.29955258151517106,0.3087094046912587,0.02602283633314073,0.39999999999999997,0.6,0.39451476792871476,0.6054852320712854
E1,2324,2023-11-25,Stoke,Blackburn,0,3,A,,,0.4320290439693425,0.26623638563937074,0.3017345703912868,0.4358452793556612,0.26364839542908747,0.3005063252152514,0.026092491345480084,0.5404699738903395,0.4595300261096606,0.5425450153677878,0.4574549846322122
E1,2324,2023-11-25,Swansea,Hull,2,2,D,,,0.37174122948181526,0.28838107499195365,0.3398776955262311,0.3731865150301503,0.2866921854914315,0.3401212994784181,0.02540733991190791,0.47244094488188976,0.5275590551181102,0.4709784411221318,0.5290215588778682
E1,2324,2023-11-25,West Brom,Ipswich,2,0,H,,,0.36275191104933985,0.27310632383599726,0.364141765114663,0.3638856538321029,0.27078496856227346,0.36532937760562356,0.026103095500729978,0.5118110236220472,0.48818897637795283,0.5124069478901967,0.4875930521098033
E1,2324,2023-11-28,Cardiff,West Brom,0,1,A,,,0.32874153630632735,0.2988559420966612,0.3724025215970114,0.3285732403348583,0.29760671116393217,0.37382004850120953,0.024471719516441226,0.4143222506393862,0.5856777493606138,0.40969863603944845,0.5903013639605514
E1,2324,2023-11-28,Coventry,Plymouth,1,0,H,,,0.5766910906110342,0.2254834832957835,0.1978254260931822,0.5859063487394792,0.22138322996765775,0.19271042129286306,0.025651223491877317,0.6140350877192983,0.38596491228070173,0.6205936920237535,0.37940630797624647
E1,2324,2023-11-28,Hull,Rotherham,4,1,H,,,0.664109554918548,0.21010545653396537,0.12578498854748657,0.6771363309866737,0.20514381898145212,0.1177198500318741,0.026981026167050004,0.5223097112860893,0.47769028871391084,0.5234689933193785,0.47653100668062165
E1,2324,2023-11-28,Middlesbrough,Preston,4,0,H,,,0.5669854813183789,0.2480561480767908,0.18495837060483042,0.575640406973088,0.24486378585634555,0.1794958071705664,0.02509217569604516,0.4921052631578948,0.5078947368421052,0.4916876783688407,0.5083123216311592
E1,2324,2023-11-28,QPR,Stoke,4,2,H,,,0.3002925927827113,0.29290077511421386,0.4068066321030748,0.2990537085680998,0.2913867711120188,0.4095595203198814,0.025266620912589133,0.43041237113402064,0.5695876288659795,0.42684314628064995,0.5731568537193501
E1,2324,2023-11-28,Watford,Norwich,3,2,H,,,0.44428438203695425,0.26933954038500907,0.2863760775780368,0.4485485178777364,0.2668836018345546,0.284567880287709,0.02592957462184131,0.5196850393700787,0.48031496062992135,0.5206987911941695,0.4793012088058304
E1,2324,2023-11-29,Blackburn,Birmingham,4,2,H,,,0.524822276629008,0.24737716684856886,0.22780055652242312,0.5323211361703456,0.24400263927240673,0.22367622455724756,0.026475699618458748,0.5831202046035805,0.41687979539641945,0.587450220630869,0.4125497793691309
E1,2324,2023-11-29,Leeds,Swansea,3,1,H,fpl-team-13,,0.7005783385909569,0.18322818086225026,0.11619348054679286,0.7141179389642653,0.17759461222897754,0.10828744880675714,0.02530792006291449,0.6070528967254408,0.39294710327455923,0.6130439408498454,0.38695605915015463
E1,2324,2023-11-29,Sheffield Weds,Leicester,1,1,D,,,0.17437924586361161,0.2279057290063989,0.5977150251299895,0.16824732199298584,0.2237737404699094,0.6079789375371047,0.02636148571036756,0.5328083989501312,0.4671916010498688,0.5345934576824739,0.46540654231752615
E1,2324,2023-11-29,Southampton,Bristol City,1,0,H,,,0.6028861323351997,0.22360565471587224,0.17350821294892815,0.6128702118846059,0.21950699633878157,0.16762279177661255,0.025135281961411238,0.5456919060052219,0.4543080939947781,0.5481218720770542,0.4518781279229459
E1,2324,2023-11-29,Sunderland,Huddersfield,1,2,A,fpl-team-20,,0.6167283133993897,0.22036232079699775,0.16290936580361237,0.6278716105909934,0.21587060105017064,0.15625778835883605,0.026750276563689113,0.5459317585301837,0.4540682414698162,0.5486327256567128,0.4513672743432872
E1,2324,2023-11-29,Ipswich,Millwall,3,1,H,,,0.5986128605700128,0.227702021125914,0.17368511830407307,0.6086030748596777,0.2236867505461331,0.16771017459418908,0.02555934409610927,0.5572916666666667,0.44270833333333337,0.5604727872513917,0.4395272127486084
E1,2324,2023-12-01,Preston,QPR,0,2,A,,,0.4281382351234795,0.29795200061884786,0.27390976425767277,0.43180388644663004,0.296579792718086,0.2716163208352839,0.026087153237313032,0.413265306122449,0.586734693877551,0.40874932902166,0.59125067097834
E1,2324,2023-12-02,West Brom,Leicester,1,2,A,,,0.3288797326226923,0.2924499776244865,0.37867028975282113,0.32870502111705924,0.29087378154736926,0.3804211973355714,0.02606850303709507,0.45312499999999994,0.5468749999999999,0.4507389162488727,0.5492610837511274
E1,2324,2023-12-02,Birmingham,Rotherham,0,0,D,,,0.594117459947197,0.23241758824340228,0.17346495180940058,0.6041936938029381,0.2284767756958706,0.16732953050119134,0.026232735952362418,0.5157894736842105,0.4842105263157894,0.5166370896208807,0.4833629103791193
E1,2324,2023-12-02,Hull,Watford,1,2,A,,,0.4411822124567924,0.27735139087196015,0.28146639667124734,0.4455225696048061,0.2750993107705709,0.2793781196246231,0.027165158069692552,0.4516971279373368,0.5483028720626633,0.4490778970539186,0.5509221029460813
E1,2324,2023-12-02,Ipswich,Coventry,2,1,H,,,0.5302903999039893,0.2415317597527076,0.22817784034330307,0.5381179745479111,0.23787716856751046,0.22400485688457855,0.026878879871219397,0.5809768637532133,0.41902313624678666,0.5855095282025888,0.4144904717974111
E1,2324,2023-12-02,Leeds,Middlesbrough,3,2,H,fpl-team-13,,0.5468469694532767,0.23787843171217538,0.21527459883454786,0.5549344985647943,0.23425205599343205,0.21081344544177372,0.025619537569582462,0.5784061696658098,0.4215938303341903,0.5826558265500098,0.41734417344999014
E1,2324,2023-12-02,Millwall,Sunderland,1,1,D,,fpl-team-20,0.31630039902328627,0.27991185754273123,0.4037877434339825,0.3156157622188995,0.27778442046903057,0.40659981731206996,0.02694486523978412,0.4894736842105264,0.5105263157894737,0.4889147544617743,0.5110852455382258
E1,2324,2023-12-02,Plymouth,Stoke,2,1,H,,,0.3586804228760668,0.2700292956311298,0.37129028149280346,0.3596539456492404,0.2675943804922509,0.3727516738585086,0.026053254725411534,0.5520833333333334,0.44791666666666663,0.5548486178134774,0.4451513821865228
E1,2324,2023-12-02,Sheffield Weds,Blackburn,3,1,H,,,0.32758131171330324,0.2698823306728919,0.40253635761380485,0.3273500718636959,0.26741353341294566,0.4052363947233584,0.026345205027610064,0.5392670157068064,0.46073298429319376,0.5413724624964675,0.4586275375035324
E1,2324,2023-12-02,Southampton,Cardiff,2,0,H,,,0.5779810294275496,0.23579325578636356,0.18622571478608674,0.5879730409412876,0.23177483287177078,0.1802521261869416,0.02771872957237065,0.5289473684210526,0.4710526315789474,0.5305733900309719,0.4694266099690281
E1,2324,2023-12-02,Swansea,Huddersfield,1,1,D,,,0.4919535382290404,0.2652151756374435,0.2428312861335161,0.4982217339028764,0.2625157921454366,0.23926247395168704,0.026693578343838453,0.513157894736842,0.48684210526315796,0.5138600138599122,0.48613998614008774
E1,2324,2023-12-03,Bristol City,Norwich,1,2,A,,,0.4131530896373078,0.2766434430612382,0.3102034673014541,0.41652082002752727,0.2742573143094095,0.30922186566306326,0.028500875923782587,0.5275590551181102,0.47244094488188976,0.5290215588778682,0.4709784411221318
E1,2324,2023-12-08,Coventry,Birmingham,2,0,H,,,0.5502382629721807,0.24710438963763723,0.20265734739018215,0.5593580209109007,0.2434520626822481,0.19718991640685116,0.028499949141405523,0.5354330708661418,0.4645669291338583,0.5373878364892272,0.46261216351077283
E1,2324,2023-12-09,Blackburn,Leeds,0,2,A,,fpl-team-13,0.22993696013394388,0.2304950595517447,0.5395679803143115,0.22586292163400304,0.22644247046163107,0.5476946079043659,0.026655874797143042,0.6372549019607844,0.3627450980392157,0.6455301455148579,0.35446985448514207
E1,2324,2023-12-09,Sunderland,West Brom,2,1,H,fpl-team-20,,0.4169712535809542,0.28254470018769134,0.30048404623135433,0.4204732324057502,0.28042134529659474,0.299105422297655,0.028275464428588748,0.4802110817941952,0.5197889182058046,0.47908183187353065,0.5209181681264694
E1,2324,2023-12-09,Cardiff,Millwall,1,0,H,,,0.4526855185009095,0.29021862995917197,0.25709585153991865,0.4577260562588525,0.28838881831216373,0.25388512542898367,0.02853517630137503,0.4215938303341903,0.5784061696658098,0.41734417344999014,0.5826558265500098
E1,2324,2023-12-09,Huddersfield,Bristol City,1,1,D,,,0.3075489169332045,0.3026359949374664,0.38981508812932913,0.30648461246573966,0.30137013275996755,0.3921452547742928,0.027855454245582223,0.40609137055837563,0.5939086294416244,0.4011752136730462,0.5988247863269538
E1,2324,2023-12-09,Leicester,Plymouth,4,0,H,,,0.7446305426294993,0.15787659251076197,0.0974928648597386,0.7621905005202475,0.15020562325315745,0.08760387622659517,0.029730869689956307,0.6674528301886793,0.33254716981132076,0.6779314838181273,0.32206851618187277
E1,2324,2023-12-09,Middlesbrough,Ipswich,0,2,A,,,0.4073659578797436,0.26075897853291274,0.3318750635873436,0.41030337306683995,0.2578885642658446,0.3318080626673155,0.02680800191592425,0.5721649484536083,0.42783505154639173,0.5759795940521147,0.4240204059478852
E1,2324,2023-12-09,Norwich,Preston,0,0,D,,,0.4971639024424173,0.26304239713712385,0.23979370042045886,0.5036233728828632,0.26026282812436247,0.2361137989927743,0.02663633949123323,0.5052631578947367,0.49473684210526314,0.5055407801420785,0.4944592198579216
E1,2324,2023-12-09,QPR,Hull,2,0,H,,,0.3036600891152132,0.28796944621260345,0.40837046467218335,0.3024371414446312,0.28610590193530294,0.41145695662006576,0.027770570246502757,0.4528795811518324,0.5471204188481674,0.45021710872652343,0.5497828912734765
E1,2324,2023-12-09,Rotherham,Swansea,1,2,A,,,0.2826305585615902,0.2728565911185381,0.4445128503198719,0.28051593089227933,0.2703395457129092,0.4491445233948114,0.02813375135883689,0.4894736842105264,0.5105263157894737,0.4889147544617743,0.5110852455382258
E1,2324,2023-12-09,Stoke,Sheffield Weds,0,1,A,,,0.46716620903795325,0.2865097898329441,0.24632400112910258,0.47257478457099233,0.28460609420101524,0.24281912122799248,0.02729897270910442,0.42894056847545214,0.5710594315245477,0.4250395246198356,0.5749604753801645
E1,2324,2023-12-09,Watford,Southampton,1,1,D,,,0.3016014234875445,0.27935943060498225,0.4190391459074734,0.30028184130297536,0.27712567765472407,0.42259248104230046,0.027995574520900846,0.49473684210526314,0.5052631578947367,0.4944592198579216,0.5055407801420785
E1,2324,2023-12-12,Blackburn,Bristol City,2,1,H,,,0.4855643044619423,0.25721784776902884,0.25721784776902884,0.4913027893828079,0.254348605308596,0.254348605308596,0.025441534584388137,0.5430809399477807,0.4569190600522194,0.5453296703241303,0.4546703296758698
E1,2324,2023-12-12,Huddersfield,Preston,1,3,A,,,0.35636452479843633,0.3109455167358905,0.3326899584656731,0.35723439491162523,0.31010070082483754,0.3326649042635372,0.02549210865981877,0.3815461346633417,0.6184538653366584,0.37481551760232823,0.6251844823976718
E1,2324,2023-12-12,Rotherham,West Brom,0,2,A,,,0.180263297864694,0.25654722714975314,0.5631894749855528,0.1745429061481366,0.2536160737038085,0.5718410201480549,0.025510891224257648,0.44791666666666663,0.5520833333333334,0.4451513821865228,0.5548486178134774
E1,2324,2023-12-12,Stoke,Swansea,1,1,D,,,0.454651297736215,0.2707182940936437,0.27463040817014145,0.45936882118801015,0.26828438689781,0.2723467919141798,0.026240449398756027,0.5026315789473684,0.4973684210526315,0.5027701598381817,0.4972298401618182
E1,2324,2023-12-12,Watford,Ipswich,1,2,A,,,0.32595339613287055,0.2791155180961824,0.3949310857709469,0.32567163065086563,0.27708369264083255,0.3972446767083018,0.02534435596317053,0.4881266490765172,0.5118733509234827,0.48746168849481736,0.5125383115051826
E1,2324,2023-12-12,Sunderland,Leeds,1,0,H,fpl-team-20,fpl-team-13,0.3360372251881039,0.26270313460837963,0.40125964020351645,0.3361327609655352,0.2600135015068408,0.4038537375276241,0.02579385950230062,0.5633074935400517,0.4366925064599483,0.5665001899989639,0.4334998100010362
E1,2324,2023-12-13,Cardiff,Birmingham,0,1,A,,,0.5085984421527228,0.2686664087077943,0.22273514913948286,0.5152950696269603,0.26617898815210317,0.21852594222093663,0.02581923152320087,0.4516971279373368,0.5483028720626633,0.4490778970539186,0.5509221029460813
E1,2324,2023-12-13,Coventry,Southampton,1,1,D,,,0.35005327692870425,0.27360486012818264,0.37634186294311295,0.3506719039733328,0.27138581618370167,0.37794227984296547,0.025143808918073773,0.5236842105263159,0.47631578947368425,0.5249868125159045,0.4750131874840955
E1,2324,2023-12-13,Leicester,Millwall,3,2,H,,,0.7087973129692817,0.18807691076808666,0.10312577626263165,0.7235510704827725,0.18220881849849022,0.09424011101873736,0.027131954906508327,0.5418848167539266,0.4581151832460733,0.544168391996252,0.45583160800374806
E1,2324,2023-12-13,Norwich,Sheffield Weds,3,1,H,,,0.487834841916489,0.2657200954573054,0.2464450626262056,0.4937126147455113,0.26314203324441837,0.2431453520100703,0.025682332459837198,0.4921052631578948,0.5078947368421052,0.4916876783688407,0.5083123216311592
E1,2324,2023-12-13,QPR,Plymouth,0,0,D,,,0.4734387738464047,0.26000326104679594,0.26655796510679924,0.47872996587062283,0.25723561631880426,0.26403441781057296,0.025483309291303158,0.5366492146596858,0.46335078534031415,0.5385834366765977,0.46141656332340236
E1,2324,2023-12-13,Middlesbrough,Hull,1,2,A,,,0.5109316119438295,0.2520776653091573,0.23699072274701324,0.5178268644198893,0.24891719048035682,0.2332559450997538,0.026232360396534204,0.5236842105263159,0.47631578947368425,0.5249868125159045,0.4750131874840955
E1,2324,2023-12-16,Ipswich,Norwich,2,2,D,,,0.6028674020304307,0.222035080468084,0.17509751750148536,0.6128575930262317,0.21787762311417896,0.1692647838595894,0.025150206638500094,0.6184538653366584,0.3815461346633417,0.6251844823976718,0.37481551760232823
E1,2324,2023-12-16,Bristol City,Sunderland,1,0,H,,fpl-team-20,0.3086691048360514,0.27798270260088837,0.4133481925630602,0.3077161213463015,0.27585816170190275,0.41642571695179575,0.02594991633668542,0.48031496062992135,0.5196850393700787,0.4793012088058304,0.5206987911941695
E1,2324,2023-12-16,Hull,Cardiff,3,0,H,,,0.503989015411567,0.272933879406264,0.22307710518216897,0.5103064729312186,0.27068169325877633,0.2190118338100051,0.025003257440403104,0.4543080939947781,0.5456919060052219,0.4518781279229459,0.5481218720770542
E1,2324,2023-12-16,Leeds,Coventry,1,1,D,fpl-team-13,,0.6226547406082289,0.21750268336314849,0.15984257602862254,0.6333478243894868,0.2131758280663226,0.1534763475441906,0.025124698178842664,0.5758354755784061,0.42416452442159375,0.5798160173080403,0.42018398269195956
E1,2324,2023-12-16,Millwall,Huddersfield,1,1,D,,,0.5036955926635642,0.27593758554612646,0.2203668217903093,0.5100784350969517,0.2737686271923059,0.2161529377107424,0.025312663055956364,0.42783505154639173,0.5721649484536083,0.4240204059478852,0.5759795940521147
E1,2324,2023-12-16,Plymouth,Rotherham,3,2,H,,,0.5763445974063474,0.23308053571580223,0.1905748668778503,0.5856588707456584,0.22921227869392682,0.18512885056041475,0.025976166944019496,0.5584415584415584,0.44155844155844154,0.5615595075196119,0.4384404924803881
E1,2324,2023-12-16,Preston,Watford,1,5,A,,,0.3352596490661674,0.2956948457602221,0.36904550517361057,0.3353294061028933,0.29429479087554367,0.3703758030215631,0.025140305166132748,0.4215938303341903,0.5784061696658098,0.41734417344999014,0.5826558265500098
E1,2324,2023-12-16,Sheffield Weds,QPR,2,1,H,,,0.4068417644550437,0.2975030402577507,0.29565519528720563,0.40959109978116864,0.29616269983522653,0.2942462003836049,0.02522113872691989,0.40816326530612246,0.5918367346938775,0.40301724137260087,0.5969827586273991
E1,2324,2023-12-16,Southampton,Blackburn,4,0,H,,,0.5665928466667056,0.23216487375611353,0.20124227957718083,0.5753609513120501,0.22834531611318568,0.19629373257476415,0.025447789928875864,0.6165413533834586,0.38345864661654133,0.6235453531010199,0.37645464689898006
E1,2324,2023-12-16,Swansea,Middlesbrough,1,2,A,,,0.300810407336319,0.2611431008743868,0.43804649178929406,0.29954768796140974,0.258364883591001,0.44208742844758925,0.026043174788355827,0.5546875,0.44531250000000006,0.557655876785144,0.442344123214856
E1,2324,2023-12-17,West Brom,Stoke,1,1,D,,,0.5309113923245482,0.2647162652537441,0.2043723424217078,0.5385816769024682,0.262025567680331,0.1993927554172008,0.026269696420058608,0.44155844155844154,0.5584415584415584,0.4384404924803881,0.5615595075196119
E1,2324,2023-12-18,Birmingham,Leicester,2,3,A,,,0.169200229849031,0.23110275296453017,0.599697017186439,0.16249874572564516,0.22684453409674885,0.6106567201776061,0.02798444521613419,0.5354330708661418,0.4645669291338583,0.5373878364892272,0.46261216351077283
E1,2324,2023-12-22,Bristol City,Hull,3,2,H,,,0.34777891995335586,0.2939431738305454,0.35827790621609873,0.34834680536214657,0.2923926101077439,0.35926058453010945,0.02663442341145128,0.44155844155844154,0.5584415584415584,0.4384404924803881,0.5615595075196119
E1,2324,2023-12-22,Swansea,Preston,2,1,H,,,0.45233791659933936,0.27856587239255504,0.2690962110081056,0.45699544390948194,0.2764202196260526,0.2665843364644654,0.02641207375563681,0.46073298429319376,0.5392670157068064,0.4586275375035324,0.5413724624964675
E1,2324,2023-12-23,Leeds,Ipswich,4,0,H,fpl-team-13,,0.5243038516640045,0.2366558532448499,0.2390402950911456,0.5319289493319392,0.23279676269958202,0.23527428796847874,0.026999014196917415,0.5918367346938775,0.40816326530612246,0.5969827586273991,0.40301724137260087
E1,2324,2023-12-23,Blackburn,Watford,1,2,A,,,0.4161479998748944,0.26652175272886497,0.31733024739624055,0.4194592918508499,0.26385825919509337,0.3166824489540567,0.027000405825674534,0.5558441558441558,0.44415584415584414,0.5587528010118651,0.44124719898813486
E1,2324,2023-12-23,Leicester,Rotherham,3,0,H,,,0.8287182975161211,0.11883117732463082,0.05245052515924816,0.8468789477553821,0.11055733266979972,0.04256371957481813,0.026378673035651445,0.6432038834951456,0.3567961165048544,0.6514568091405898,0.3485431908594102
E1,2324,2023-12-23,Middlesbrough,West Brom,1,0,H,,,0.4226118853751708,0.28299903038515906,0.2943890842396701,0.42603401364105076,0.2810714989070708,0.2928944874518785,0.025855922955088317,0.47244094488188976,0.5275590551181102,0.4709784411221318,0.5290215588778682
E1,2324,2023-12-23,Norwich,Huddersfield,2,0,H,,,0.5936488985774514,0.23110419409341174,0.17524690732913695,0.6038666172562069,0.22705107033069283,0.16908231241310026,0.026652832981199026,0.5406824146981627,0.4593175853018373,0.5429958391045165,0.45700416089548346
E1,2324,2023-12-23,Plymouth,Birmingham,3,3,D,,,0.4323645606835513,0.2627629926806113,0.3048724466358374,0.43613417078185107,0.2600841241497355,0.30378170506841345,0.02568437368609011,0.5673575129533679,0.43264248704663216,0.5710906953347442,0.4289093046652558
E1,2324,2023-12-23,QPR,Southampton,0,1,A,,,0.20364140543518292,0.2529269583463575,0.5434316362184595,0.1986997791775944,0.24982535845960807,0.5514748623627975,0.02590592671185732,0.5105263157894737,0.4894736842105264,0.5110852455382258,0.4889147544617743
E1,2324,2023-12-23,Sheffield Weds,Cardiff,1,2,A,,,0.4434086564458763,0.2892971112177364,0.26729423233638744,0.4478068462953729,0.2875327374407585,0.26466041626386866,0.026971232728101313,0.4143222506393862,0.5856777493606138,0.40969863603944845,0.5903013639605514
E1,2324,2023-12-23,Stoke,Millwall,0,0,D,,,0.45010013539965527,0.2793268487333155,0.27057301586702925,0.454688775841432,0.2772025264747944,0.26810869768377366,0.026520666433498263,0.44675324675324674,0.5532467532467532,0.44404410962479757,0.5559558903752024
E1,2324,2023-12-23,Sunderland,Coventry,0,3,A,fpl-team-20,,0.4614059971336412,0.2662454773376193,0.2723485255287395,0.4663580271379376,0.2636529810931217,0.26998899176894053,0.026092862710356712,0.5184210526315789,0.48157894736842105,0.5194169371160577,0.4805830628839423
E1,2324,2023-12-26,Preston,Leeds,2,1,H,,fpl-team-13,0.16992461328350744,0.2288864068083871,0.6011889799081054,0.16356102732088657,0.22474486738427268,0.6116941052948408,0.02664852619636804,0.5314136125654451,0.46858638743455505,0.5330241902133033,0.4669758097866967
E1,2324,2023-12-26,Millwall,QPR,2,0,H,,,0.4459982080682295,0.29230036405702425,0.26170142787474626,0.45040055968707743,0.29069039860105206,0.2589090417118704,0.02637217682786286,0.4086294416243655,0.5913705583756345,0.40403326846925786,0.5959667315307422
E1,2324,2023-12-26,Cardiff,Plymouth,2,2,D,,,0.47472046846506494,0.26227650191440055,0.2630030296205346,0.480309981045647,0.2594675965928837,0.26022242236146936,0.026691618375480175,0.5301837270341206,0.46981627296587924,0.5318048564632609,0.468195143536739
E1,2324,2023-12-26,Coventry,Sheffield Weds,2,0,H,,,0.5456121603685558,0.2545214903595944,0.1998663492718499,0.5540224275741743,0.25137072463869925,0.19460684778712659,0.026830639922991395,0.48031496062992135,0.5196850393700787,0.4793012088058304,0.5206987911941695
E1,2324,2023-12-26,Huddersfield,Blackburn,3,0,H,,,0.29763109327451803,0.2587038658162705,0.44366504090921144,0.29621235070142965,0.2557640798723156,0.4480235694262548,0.026668156613595784,0.5610389610389611,0.43896103896103894,0.5643765066779782,0.4356234933220219
E1,2324,2023-12-26,Hull,Sunderland,0,1,A,,fpl-team-20,0.3825370754842,0.27985013191764485,0.3376127925981552,0.38450725247990225,0.27771322694629813,0.3377795205737997,0.027055501472204924,0.5013262599469495,0.4986737400530504,0.5014071822580904,0.49859281774190956
E1,2324,2023-12-26,Rotherham,Middlesbrough,1,0,H,,,0.17242719364350814,0.23004209127741646,0.5975307150790754,0.16618489010588905,0.22596499676850593,0.6078501131256051,0.026529197697527707,0.5404699738903395,0.4595300261096606,0.5425450153677878,0.4574549846322122
E1,2324,2023-12-26,Southampton,Swansea,5,0,H,,,0.6536214095939861,0.20079471269306776,0.1455838777129462,0.6667464150039474,0.19529495797663177,0.13795862701942088,0.028005069121718407,0.5964467005076142,0.4035532994923858,0.6016994513412668,0.3983005486587334
E1,2324,2023-12-26,Watford,Bristol City,1,4,A,,,0.4849948721575839,0.27795027761077906,0.23705485023163703,0.49084839445028405,0.27580031071028305,0.23335129483943284,0.026065600221045315,0.45052083333333337,0.5494791666666667,0.44794948360941583,0.5520505163905842
E1,2324,2023-12-26,West Brom,Norwich,1,0,H,,,0.515138478085507,0.2547996773326163,0.2300618445818769,0.522565023528697,0.2515808996863872,0.2258540767849157,0.02762570744380355,0.5287958115183247,0.4712041884816754,0.5302530253038402,0.4697469746961598
E1,2324,2023-12-26,Birmingham,Stoke,1,3,A,,,0.36389062910494513,0.28693490693773616,0.3491744639573186,0.3650865519780336,0.28512087691793286,0.34979257110403356,0.02646052581258118,0.46335078534031415,0.5366492146596858,0.46141656332340236,0.5385834366765977
E1,2324,2023-12-26,Ipswich,Leicester,1,1,D,,,0.30616387344243823,0.2643754896021055,0.4294606369554564,0.30507575315685026,0.26164114278602474,0.43328310405712506,0.026845296379178762,0.5494791666666667,0.45052083333333337,0.5520505163905842,0.44794948360941583
E1,2324,2023-12-29,Southampton,Plymouth,2,1,H,,,0.7191919774338774,0.16684242710241093,0.11396559546371167,0.7345098704129368,0.1601277164502006,0.1053624131368626,0.027371883392333984,0.676674364896074,0.3233256351039261,0.6864943930063171,0.31350560699368296
E1,2324,2023-12-29,Birmingham,Bristol City,0,0,D,,,0.3426600985221675,0.28954257565095004,0.36779732582688246,0.34300176003595984,0.2879304009671441,0.36906783899689605,0.02488920441828668,0.46858638743455505,0.5314136125654451,0.4669758097866967,0.5330241902133033
E1,2324,2023-12-29,Cardiff,Leicester,0,2,A,,,0.1683587700371954,0.2408169748633301,0.5908242550994744,0.16212073432097232,0.23724231290417763,0.6006369527748501,0.025875603314489126,0.4894736842105264,0.5105263157894737,0.4889147544617743,0.5110852455382258
E1,2324,2023-12-29,Coventry,Swansea,2,2,D,,,0.5347346034333452,0.24595028271611225,0.2193151138505425,0.542310754659671,0.2426518005701325,0.21503744477019646,0.02542906836606562,0.5404699738903395,0.4595300261096606,0.5425450153677878,0.4574549846322122
E1,2324,2023-12-29,Huddersfield,Middlesbrough,1,2,A,,,0.21591585312897055,0.2533412676713255,0.5307428791997041,0.21134436246639204,0.2501986578897431,0.538456979643865,0.026430286467075348,0.49473684210526314,0.5052631578947367,0.4944592198579216,0.5055407801420785
E1,2324,2023-12-29,Hull,Blackburn,3,2,H,,,0.5114801853013169,0.24269212873991058,0.24582768595877247,0.5182489526875521,0.23924931964070956,0.24250172767173833,0.025663666427135468,0.586734693877551,0.413265306122449,0.59125067097834,0.40874932902166
E1,2324,2023-12-29,Ipswich,QPR,0,0,D,,,0.6504330106979114,0.20825267447784004,0.1413143148242486,0.662936305563482,0.2032449889114747,0.13381870552504335,0.026929825078696012,0.5404699738903395,0.4595300261096606,0.5425450153677878,0.4574549846322122
E1,2324,2023-12-29,Millwall,Norwich,1,0,H,,,0.3805256510494978,0.2856799182053287,0.3337944307451735,0.3823153245845354,0.2838761989417659,0.33380847647369877,0.025599173735827208,0.46858638743455505,0.5314136125654451,0.4669758097866967,0.5330241902133033
E1,2324,2023-12-29,Preston,Sheffield Weds,0,1,A,,,0.40535640383895316,0.31028910391581105,0.28435449224523573,0.4080161206240672,0.30943508413710624,0.28254879523882653,0.024902532808482647,0.38059701492537307,0.6194029850746269,0.3740058272493221,0.625994172750678
E1,2324,2023-12-29,Rotherham,Sunderland,1,1,D,,fpl-team-20,0.1551102629346904,0.22747031382527566,0.6174194232400338,0.14831942132150044,0.22333982628634524,0.6283407523921544,0.02616211026906967,0.5065616797900262,0.4934383202099738,0.5068900892950844,0.49310991070491567
E1,2324,2023-12-29,Watford,Stoke,1,1,D,,,0.44378144289095733,0.28014521763617956,0.276073339472863,0.44812305581149214,0.27805356741824816,0.2738233767702598,0.026526485569775105,0.46335078534031415,0.5366492146596858,0.46141656332340236,0.5385834366765977
E1,2324,2023-12-29,West Brom,Leeds,1,0,H,,fpl-team-13,0.29265705080699894,0.2864865708201044,0.4208563783728967,0.2911055022193026,0.28470172049183695,0.42419277728886046,0.02571152593009174,0.45312499999999994,0.5468749999999999,0.4507389162488727,0.5492610837511274
E1,2324,2024-01-01,Sunderland,Preston,2,0,H,fpl-team-20,,0.5960907751377101,0.23344441686427567,0.17046480799801425,0.6068449328289288,0.22930528207116152,0.16384978509990963,0.027827019337564707,0.5092348284960422,0.4907651715039578,0.5097498467882865,0.49025015321171345
E1,2324,2024-01-01,Blackburn,Rotherham,2,2,D,,,0.6366512276644896,0.20577230568765495,0.1575764666478554,0.6488668197656139,0.20058461322487664,0.1505485670095095,0.027451675850898027,0.601010101010101,0.39898989898989906,0.6063716626007953,0.3936283373992048
E1,2324,2024-01-01,Bristol City,Millwall,0,1,A,,,0.446784715750233,0.28789774996671547,0.26531753428305155,0.45147651214538503,0.2860132218613866,0.2625102659932283,0.027928903233259916,0.4252577319587629,0.5747422680412371,0.4211849436032326,0.5788150563967673
E1,2324,2024-01-01,Leeds,Birmingham,3,0,H,fpl-team-13,,0.7699481578226491,0.15080194810857617,0.07924989406877476,0.7880951643936471,0.14294411014938682,0.06896072545696619,0.029222092358395457,0.6271604938271605,0.37283950617283945,0.6342754341033365,0.36572456589666347
E1,2324,2024-01-01,Leicester,Huddersfield,4,1,H,,,0.7961667602690943,0.13871719542023753,0.06511604431066818,0.8152451768053491,0.13031478753368772,0.05444003566096307,0.029365193098783493,0.6140350877192983,0.38596491228070173,0.6205936920237535,0.37940630797624647
E1,2324,2024-01-01,Middlesbrough,Coventry,1,3,A,,,0.4765532879818594,0.2563083900226757,0.2671383219954649,0.48234388691356583,0.25319751680894614,0.264458596277488,0.027307606767863035,0.5392670157068064,0.46073298429319376,0.5413724624964675,0.4586275375035324
E1,2324,2024-01-01,Norwich,Southampton,1,1,D,,,0.2923013585837793,0.2630712227254014,0.44462741869081923,0.29059333141337024,0.2601654996834048,0.44924116890322496,0.027999110985547304,0.5546875,0.44531250000000006,0.557655876785144,0.442344123214856
E1,2324,2024-01-01,Plymouth,Watford,3,3,D,,,0.31624927198602215,0.2620850320326151,0.4216656959813629,0.3155560562157065,0.25924108025429043,0.4252028635300032,0.027043187757954,0.5729166666666667,0.42708333333333337,0.5776053215061048,0.4223946784938952
E1,2324,2024-01-01,QPR,Cardiff,1,2,A,,,0.4095852301466869,0.30070814365199794,0.2897066262013151,0.4125468712837266,0.2994394458457745,0.288013682870499,0.026203365763649344,0.39898989898989906,0.601010101010101,0.3936283373992048,0.6063716626007953
E1,2324,2024-01-01,Stoke,Ipswich,0,0,D,,,0.33001822775095135,0.2753349748968693,0.3946467973521794,0.32987496119987403,0.27294515443606915,0.3971798843640568,0.027917805593460798,0.5078947368421052,0.4921052631578948,0.5083123216311592,0.4916876783688407
E1,2324,2024-01-01,Swansea,West Brom,1,0,H,,,0.2908070175438596,0.2821520467836257,0.4270409356725145,0.2890766410671006,0.28007314524974547,0.4308502136831539,0.027440346078947186,0.46335078534031415,0.5366492146596858,0.46141656332340236,0.5385834366765977
E1,2324,2024-01-01,Sheffield Weds,Hull,3,1,H,,,0.3057402926235157,0.29434624445121077,0.3999134629252737,0.3046124312000662,0.2927563075483155,0.4026312612516183,0.027556726010516286,0.4516971279373368,0.5483028720626633,0.4490778970539186,0.5509221029460813
E1,2324,2024-01-12,Hull,Norwich,1,2,A,,,0.425558741033569,0.2673228147901011,0.3071184441763298,0.42923425873288074,0.26469912231307163,0.30606661895404763,0.026904803467914462,0.5366492146596858,0.46335078534031415,0.5385834366765977,0.46141656332340236
E1,2324,2024-01-13,Coventry,Leicester,3,1,H,,,0.26324118436705335,0.2639724098791841,0.4727864057537626,0.26051957787299224,0.2612787937071091,0.47820162841989855,0.026211098302155733,0.513157894736842,0.48684210526315796,0.5138600138599122,0.48613998614008774
E1,2324,2024-01-13,Birmingham,Swansea,2,2,D,,,0.42220953135744327,0.26835351569329025,0.3094369529492663,0.42568075433618696,0.26582231282475777,0.3084969328390552,0.026360701536759734,0.5275590551181102,0.47244094488188976,0.5290215588778682,0.4709784411221318
E1,2324,2024-01-13,Cardiff,Leeds,0,3,A,,fpl-team-13,0.18734446295253956,0.24046491827072797,0.5721906187767324,0.18164782429509926,0.23678734159814596,0.5815648341067547,0.02661007852293551,0.5026315789473684,0.4973684210526315,0.5027701598381817,0.4972298401618182
E1,2324,2024-01-13,Huddersfield,Plymouth,1,1,D,,,0.3821680095317863,0.2614281164104802,0.3564038740577334,0.3840058634563941,0.25872666077635187,0.357267475767254,0.025452307192608714,0.5732647814910026,0.42673521850899737,0.5769895726399324,0.4230104273600676
E1,2324,2024-01-13,Millwall,Middlesbrough,1,3,A,,,0.3421691200102847,0.28479944719418904,0.3730314327955261,0.3425016165942939,0.28295959942654036,0.3745387839791657,0.025644791778177023,0.4595300261096606,0.5404699738903395,0.4574549846322122,0.5425450153677878
E1,2324,2024-01-13,Preston,Bristol City,2,0,H,,,0.36176187712798125,0.3020424561417748,0.33619566673024404,0.36283687490339167,0.30086059367543116,0.33630253142117716,0.02552680391818285,0.39294710327455923,0.6070528967254408,0.38695605915015463,0.6130439408498454
E1,2324,2024-01-13,Rotherham,Stoke,0,1,A,,,0.24014371994184094,0.2671261603847444,0.49273011967341457,0.23658356328393923,0.2645821116499158,0.49883432506614506,0.025859725661575794,0.48031496062992135,0.5196850393700787,0.4793012088058304,0.5206987911941695
E1,2324,2024-01-13,Southampton,Sheffield Weds,4,0,H,,,0.6748280173356284,0.199477464243865,0.12569451842050672,0.6877707053519991,0.19430998216304912,0.11791931248495172,0.025951529620215297,0.5456919060052219,0.4543080939947781,0.5481218720770542,0.4518781279229459
E1,2324,2024-01-13,West Brom,Blackburn,4,1,H,,,0.5506630330526925,0.2417885906551162,0.20754837629219128,0.5586946524100844,0.23838957298071062,0.202915774609205,0.024994902429170907,0.5366492146596858,0.46335078534031415,0.5385834366765977,0.46141656332340236
E1,2324,2024-01-13,Ipswich,Sunderland,2,1,H,,fpl-team-20,0.44863459037711306,0.2756827048114434,0.2756827048114434,0.4530348495870026,0.2734825752064987,0.2734825752064987,0.02574520674534142,0.4907651715039578,0.5092348284960422,0.49025015321171345,0.5097498467882865
E1,2324,2024-01-14,QPR,Watford,1,2,A,,,0.3187096153151961,0.2904448482077322,0.3908455364770717,0.3181332916807526,0.2887660322676328,0.39310067605161453,0.026464249240234494,0.44415584415584414,0.5558441558441558,0.44124719898813486,0.5587528010118651
E1,2324,2024-01-19,Sunderland,Hull,0,1,A,fpl-team-20,,0.5159891454719592,0.26372778546344583,0.2202830690645951,0.5232158764179445,0.2609560018334327,0.21582812174862276,0.026753799058496952,0.49473684210526314,0.5052631578947367,0.4944592198579216,0.5055407801420785
E1,2324,2024-01-20,Swansea,Southampton,1,3,A,,,0.2001101582939527,0.23191250618907971,0.5679773355169677,0.1947577736190366,0.22780256359709275,0.5774396627838707,0.02733418089337647,0.5784061696658098,0.4215938303341903,0.5826558265500098,0.41734417344999014
E1,2324,2024-01-20,Blackburn,Huddersfield,1,1,D,,,0.539448006690828,0.239754669640368,0.220797323668804,0.5476051236881928,0.23604194212679336,0.21635293418501392,0.026775430073030293,0.5892857142857143,0.41071428571428575,0.5941087897737051,0.405891210226295
E1,2324,2024-01-20,Bristol City,Watford,1,1,D,,,0.3928634206363157,0.28809984179996484,0.3190367375637194,0.39515063212276724,0.28636507558218727,0.31848429229504555,0.025924949906766415,0.46194225721784776,0.5380577427821522,0.4598115299356801,0.5401884700643199
E1,2324,2024-01-20,Middlesbrough,Rotherham,1,1,D,,,0.7266571755006637,0.1753077163730883,0.09803510812624813,0.7414324006125756,0.16921739264833427,0.08935020673909014,0.02596692438237369,0.578811369509044,0.42118863049095606,0.5835341805427401,0.41646581945725997
E1,2324,2024-01-20,Norwich,West Brom,2,0,H,,,0.3402507618003782,0.2800293880303998,0.3797198501692221,0.3405200310963872,0.27792596308620454,0.3815540058174082,0.026717235799878836,0.4921052631578948,0.5078947368421052,0.4916876783688407,0.5083123216311592
E1,2324,2024-01-20,Plymouth,Cardiff,3,1,H,,,0.4257547846658006,0.26896123790502413,0.30528397742917535,0.42940539344264933,0.2664249326584085,0.3041696738989421,0.026661220006644726,0.5380577427821522,0.46194225721784776,0.5401884700643199,0.4598115299356801
E1,2324,2024-01-20,QPR,Millwall,2,0,H,,,0.3754149995743594,0.3015237933089299,0.3230612071167106,0.3770630222605625,0.3002796480256104,0.3226573297138271,0.02643341606017202,0.3954659949622167,0.6045340050377834,0.3898619957563648,0.6101380042436351
E1,2324,2024-01-20,Sheffield Weds,Coventry,1,2,A,,,0.30418179541755347,0.27588581444847876,0.4199323901339677,0.30301649993049423,0.27360340937782657,0.42338009069167926,0.026871368987485766,0.48548812664907653,0.5145118733509234,0.48467112597614054,0.5153288740238595
E1,2324,2024-01-20,Stoke,Birmingham,1,2,A,,,0.48964987779882946,0.2698638531050367,0.24048626909613388,0.4957691930608037,0.26736967164623054,0.23686113529296585,0.02644089888781309,0.4671916010498688,0.5328083989501312,0.46540654231752615,0.5345934576824739
E1,2324,2024-01-21,Leeds,Preston,2,1,H,fpl-team-13,,0.7366375518531807,0.17277498943465514,0.09058745871216427,0.7523302951046382,0.16633067640977917,0.08133902848558267,0.027027342235669494,0.5725388601036269,0.427461139896373,0.5767859591534537,0.4232140408465464
E1,2324,2024-01-22,Leicester,Ipswich,1,1,D,,,0.49416964849505374,0.2606609134918964,0.24516943801304988,0.5006130368189577,0.25774404948914487,0.2416429136918975,0.027066491078585386,0.5289473684210526,0.4710526315789474,0.5305733900309719,0.4694266099690281
E1,2324,2024-01-24,Leeds,Norwich,1,0,H,fpl-team-13,,0.6542225145958391,0.20269714661623223,0.1430803387879286,0.6671421037005438,0.19736553717107116,0.13549235912838503,0.027511743712238967,0.6035353535353536,0.3964646464646465,0.6092663166716877,0.3907336833283123
E1,2324,2024-01-27,Millwall,Preston,1,1,D,,,0.43179368745188607,0.30061585835257887,0.267590454195535,0.43564233595041607,0.2993308843295902,0.2650267797199937,0.026379498187452555,0.39294710327455923,0.6070528967254408,0.38695605915015463,0.6130439408498454
E1,2324,2024-01-27,Sunderland,Stoke,3,1,H,fpl-team-20,,0.4753823530474432,0.27242541721916513,0.25219222973339167,0.4808446955809288,0.27007765847108955,0.24907764594798168,0.02595631720032543,0.47244094488188976,0.5275590551181102,0.4709784411221318,0.5290215588778682
E1,2324,2024-01-28,QPR,Huddersfield,1,1,D,,,0.46099170381742494,0.29041067579935637,0.24859762038321867,0.466015311074681,0.2887109706460136,0.24527371827930544,0.026571195921860635,0.4096692111959288,0.5903307888040712,0.40495823516302454,0.5950417648369755
E1,2324,2024-01-30,Coventry,Bristol City,2,2,D,,,0.5398269801301389,0.25888160355014833,0.2012914163197128,0.5478841958326459,0.2559488369054573,0.19616696726189695,0.026413384708575904,0.4934383202099738,0.5065616797900262,0.49310991070491567,0.5068900892950844
E1,2324,2024-01-30,Leicester,Swansea,3,1,H,,,0.7192702232634083,0.17452880417420935,0.10620097256238244,0.7345536136248213,0.16810088401528853,0.09734550235989002,0.02734920009970665,0.6105527638190955,0.3894472361809045,0.6168193282882106,0.3831806717117893
E1,2324,2024-01-31,Sheffield Weds,Watford,0,0,D,,,0.3526042656808061,0.28398367505430194,0.3634120592648921,0.3533760110899034,0.28200475007849257,0.3646192388316039,0.027155401650816202,0.48818897637795283,0.5118110236220472,0.4875930521098033,0.5124069478901967
E1,2324,2024-02-02,Bristol City,Leeds,0,1,A,,fpl-team-13,0.19655538966132344,0.2555747023746431,0.5478699079640337,0.1915999426940226,0.2527163624918935,0.5556836948140839,0.024639170384034514,0.4764397905759163,0.5235602094240838,0.4752747252712324,0.5247252747287677
E1,2324,2024-02-03,Blackburn,QPR,1,2,A,,,0.47764320714782776,0.2647660117616093,0.257590781090563,0.48322280677463214,0.2621128705968497,0.25466432262851835,0.026099109323695302,0.5223097112860893,0.47769028871391084,0.5234689933193785,0.47653100668062165
E1,2324,2024-02-03,Huddersfield,Sheffield Weds,4,0,H,,,0.3887785381701796,0.2874604948894661,0.32376096694035433,0.3910034029128306,0.2856234343603743,0.3233731627267951,0.027094794088043272,0.4569190600522194,0.5430809399477807,0.4546703296758698,0.5453296703241303
E1,2324,2024-02-03,Hull,Millwall,1,0,H,,,0.46776991027131287,0.277652899956364,0.2545771897723231,0.47306928397134823,0.27545174177650084,0.2514789742521509,0.02661312511190772,0.4514435695538058,0.5485564304461943,0.44853677534952663,0.5514632246504734
E1,2324,2024-02-03,Norwich,Coventry,2,1,H,,,0.38773045010792284,0.2668369670686548,0.3454325828234222,0.3898525317838868,0.2642489441178427,0.34589852409827054,0.02636900427751243,0.5558441558441558,0.44415584415584414,0.5587528010118651,0.44124719898813486
E1,2324,2024-02-03,Preston,Ipswich,3,2,H,,,0.2592288400334394,0.27107930129211094,0.4696918586744497,0.2562628138798782,0.2685813361851926,0.4751558499349292,0.027057364233769476,0.4712041884816754,0.5287958115183247,0.4697469746961598,0.5302530253038402
E1,2324,2024-02-03,Rotherham,Southampton,0,2,A,,,0.1079769119680537,0.17921309774659952,0.7128099902853469,0.09894111810165256,0.1727878336162849,0.7282710482820627,0.028139753267169,0.5831202046035805,0.41687979539641945,0.587450220630869,0.4125497793691309
E1,2324,2024-02-03,Stoke,Leicester,0,5,A,,,0.23125000000000004,0.25625,0.5125,0.2271132577776279,0.2531078448478552,0.519778897374517,0.0274706861237064,0.5026315789473684,0.4973684210526315,0.5027701598381817,0.4972298401618182
E1,2324,2024-02-03,Swansea,Plymouth,0,1,A,,,0.4704340227206525,0.2500728226041363,0.2794931546752112,0.4757598436003487,0.2468464415480811,0.2773937148515701,0.02622444147709757,0.5964467005076142,0.4035532994923858,0.6016994513412668,0.3983005486587334
E1,2324,2024-02-03,Watford,Cardiff,0,1,A,,,0.512848001608094,0.26650809072330733,0.2206439076685986,0.520045419241244,0.26380991335570453,0.21614466740305147,0.02711517328862101,0.4712041884816754,0.5287958115183247,0.4697469746961598,0.5302530253038402
E1,2324,2024-02-03,West Brom,Birmingham,1,0,H,,,0.5547157172470604,0.24766680848367445,0.19761747426926526,0.5636329621896875,0.24418750954673368,0.19217952826357879,0.027294235303997993,0.4855643044619423,0.5144356955380577,0.48483177054684756,0.5151682294531524
E1,2324,2024-02-04,Middlesbrough,Sunderland,1,1,D,,fpl-team-20,0.45808275738264076,0.2678619513508662,0.27405529126649314,0.4631363172963936,0.2652113570477502,0.2716523256558561,0.02735175541602075,0.5209424083769634,0.4790575916230366,0.5219677623056301,0.47803223769436987
E1,2324,2024-02-09,Sheffield Weds,Birmingham,2,0,H,,,0.4125843761102121,0.2832668850905933,0.30414873879919474,0.41574590140867757,0.28127278545416734,0.3029813131371551,0.02692393260076642,0.4750656167979003,0.5249343832020998,0.4737569060807899,0.5262430939192101
E1,2324,2024-02-10,Ipswich,West Brom,2,2,D,,,0.45010013539965527,0.2793268487333155,0.27057301586702925,0.454688775841432,0.2772025264747944,0.26810869768377366,0.026520666433498263,0.46073298429319376,0.5392670157068064,0.4586275375035324,0.5413724624964675
E1,2324,2024-02-10,Blackburn,Stoke,3,1,H,,,0.3954540609046869,0.26437040283321683,0.3401755362620962,0.39792122351577575,0.2616390543601092,0.34043972212411505,0.026843757135793567,0.5673575129533679,0.43264248704663216,0.5710906953347442,0.4289093046652558
E1,2324,2024-02-10,Cardiff,Preston,0,2,A,,,0.4210166535057221,0.2978891416314071,0.2810942048628708,0.42463370233133224,0.2964239598068336,0.27894233786183414,0.027851726161316037,0.4066496163682865,0.5933503836317136,0.4010518325644492,0.5989481674355508
E1,2324,2024-02-10,Hull,Swansea,0,1,A,,,0.5517192913842939,0.24332235414897063,0.2049583544667355,0.5604463169687957,0.239704307447321,0.19984937558388344,0.02706335438415408,0.5328083989501312,0.4671916010498688,0.5345934576824739,0.46540654231752615
E1,2324,2024-02-10,Leeds,Rotherham,3,0,H,fpl-team-13,,0.82446111502476,0.11986476387844171,0.055674121096798236,0.8444306318887287,0.1107275293122453,0.04484183879902598,0.029380290769040585,0.6305418719211823,0.3694581280788178,0.6380208333459357,0.3619791666540642
E1,2324,2024-02-10,Middlesbrough,Bristol City,1,2,A,,,0.551235135447809,0.2508265695688443,0.19793829498334684,0.5600898826615476,0.24744370691548362,0.19246641042296875,0.027537193382158875,0.4894736842105264,0.5105263157894737,0.4889147544617743,0.5110852455382258
E1,2324,2024-02-10,QPR,Norwich,2,2,D,,,0.35279988715820015,0.28077860841880425,0.3664215044229955,0.3535707779519725,0.2786937803694336,0.3677354416785939,0.026864368934184313,0.48031496062992135,0.5196850393700787,0.4793012088058304,0.5206987911941695
E1,2324,2024-02-10,Southampton,Huddersfield,5,3,H,,,0.735704692945365,0.17224302248630144,0.09205228456833374,0.7517578231339415,0.16561669247680283,0.08262548438925568,0.027724500629119575,0.5928753180661578,0.40712468193384227,0.5979077253153859,0.402092274684614
E1,2324,2024-02-10,Sunderland,Plymouth,3,1,H,fpl-team-20,,0.61678882520642,0.2168618243876454,0.16634935040593463,0.627913896692458,0.21224727194403661,0.15983883136350538,0.02669241139665246,0.588235294117647,0.411764705882353,0.5931677018775194,0.4068322981224806
E1,2324,2024-02-10,Watford,Leicester,1,2,A,,,0.21696199576644132,0.24125290623393095,0.5417850979996277,0.21224519919038226,0.23749774768555237,0.5502570531240654,0.02751260227523744,0.5328083989501312,0.4671916010498688,0.5345934576824739,0.46540654231752615
E1,2324,2024-02-11,Coventry,Millwall,2,1,H,,,0.5289840043553781,0.25871075622844997,0.21230523941617196,0.5371321495576395,0.25557956608428933,0.20728828435807117,0.028198898304253817,0.46981627296587924,0.5301837270341206,0.468195143536739,0.5318048564632609
E1,2324,2024-02-13,Birmingham,Blackburn,1,0,H,,,0.4201270907669565,0.25801283291666344,0.3218600763163802,0.4235496958541024,0.255052708836302,0.3213975953095956,0.02663303480949253,0.6035353535353536,0.3964646464646465,0.6092663166716877,0.3907336833283123
E1,2324,2024-02-13,Leicester,Sheffield Weds,2,0,H,,,0.7404123826044737,0.16863484870706877,0.09095276868845742,0.757098381239035,0.16167114367121044,0.08123047508975448,0.028543789638206363,0.5928753180661578,0.40712468193384227,0.5979077253153859,0.402092274684614
E1,2324,2024-02-13,Norwich,Watford,4,2,H,,,0.44490825355519853,0.27388860695739103,0.2812031394874103,0.4494796398400244,0.27145479947548745,0.279065560684488,0.027663089567795396,0.5,0.5,0.5,0.5
E1,2324,2024-02-13,Rotherham,Hull,1,2,A,,,0.20508677224200447,0.2760324870582793,0.5188807406997162,0.20005787352760585,0.27374246121581813,0.5261996652565761,0.026694497326388955,0.4086294416243655,0.5913705583756345,0.40403326846925786,0.5959667315307422
E1,2324,2024-02-13,Swansea,Leeds,0,4,A,,fpl-team-13,0.17522045993995314,0.2221104421774054,0.6026690978826413,0.16858262904042506,0.2173695524008971,0.6140478185586777,0.02873899764381349,0.570694087403599,0.42930591259640094,0.5741759723762319,0.4258240276237681
E1,2324,2024-02-13,Bristol City,Southampton,3,1,H,,,0.21551275377407597,0.25767829255596036,0.5268089536699635,0.2107582757278188,0.2545928564878995,0.5346488677842818,0.02742059505544603,0.4973544973544974,0.5026455026455027,0.497200447928301,0.502799552071699
E1,2324,2024-02-13,West Brom,Cardiff,2,0,H,,,0.5782388377808225,0.25769339509797523,0.16406776712120222,0.588149318338635,0.25456630135056424,0.1572843803108006,0.027515356428921223,0.41687979539641945,0.5831202046035805,0.4125497793691309,0.587450220630869
E1,2324,2024-02-14,Huddersfield,Sunderland,1,0,H,,fpl-team-20,0.2680033568463789,0.2823606795345778,0.44963596361904323,0.2653873824654039,0.2803135450012526,0.4542990725333435,0.027065980480983853,0.4659685863874345,0.5340314136125655,0.46419916281732926,0.5358008371826707
E1,2324,2024-02-14,Plymouth,Coventry,2,2,D,,,0.275238922675934,0.2465682015638575,0.4781928757602085,0.2728084532563118,0.24296216668663737,0.4842293800570508,0.028161860536783934,0.601010101010101,0.39898989898989906,0.6063716626007953,0.3936283373992048
E1,2324,2024-02-14,Preston,Middlesbrough,2,1,H,,,0.29280761958120316,0.279851530219203,0.4273408501995937,0.2911798232804364,0.2777089257323391,0.4311112509872246,0.02706972579471767,0.4671916010498688,0.5328083989501312,0.46540654231752615,0.5345934576824739
E1,2324,2024-02-14,Stoke,QPR,1,0,H,,,0.45357729969265953,0.283825316274748,0.26259738403259236,0.4584727265668006,0.28180432630654956,0.25972294712664995,0.02749119745567441,0.44155844155844154,0.5584415584415584,0.4384404924803881,0.5615595075196119
E1,2324,2024-02-14,Millwall,Ipswich,0,4,A,,,0.26795979982629553,0.2781752760660076,0.4538649241076968,0.2653327730181834,0.2759540649343839,0.4587131620474327,0.02715509757399559,0.4595300261096606,0.5404699738903395,0.4574549846322122,0.5425450153677878
E1,2324,2024-02-16,West Brom,Southampton,0,2,A,,,0.3217585722482737,0.2743317306741062,0.4039096970776202,0.32129328753899683,0.2719969963132676,0.40670971614773566,0.026787219452671707,0.5261780104712042,0.47382198952879584,0.5274868750139057,0.4725131249860944
E1,2324,2024-02-17,Plymouth,Leeds,0,2,A,,fpl-team-13,0.15036149538160704,0.1938953164263844,0.6557431881920084,0.14240056845085908,0.18771837834196445,0.6698810532071765,0.030010743183083832,0.6440677966101696,0.3559322033898305,0.6521661295847144,0.34783387041528546
E1,2324,2024-02-17,Birmingham,Sunderland,2,1,H,,fpl-team-20,0.3398502798168472,0.2838869103859293,0.37626280979722365,0.3401100645249538,0.281890744639398,0.37799919083564815,0.0273365315515548,0.4789473684210527,0.5210526315789473,0.47779997779921773,0.5222000222007822
E1,2324,2024-02-17,Bristol City,QPR,0,1,A,,,0.48400556328233657,0.28233657858136296,0.23365785813630044,0.49005841274308237,0.28027204551674295,0.2296695417401747,0.027148196939378977,0.41752577319587636,0.5824742268041238,0.41259696274363056,0.5874030372563693
E1,2324,2024-02-17,Huddersfield,Hull,1,2,A,,,0.30176309238794374,0.2862646858302548,0.4119722217818015,0.3004649362787298,0.28433543152872337,0.41519963219254685,0.027707480126991868,0.46858638743455505,0.5314136125654451,0.4669758097866967,0.5330241902133033
E1,2324,2024-02-17,Leicester,Middlesbrough,1,2,A,,,0.597066339814303,0.21823804144936595,0.18469561873633109,0.6075291579108808,0.2136467582097458,0.1788240838793734,0.026932609267532825,0.5805626598465473,0.4194373401534527,0.584613731586484,0.41538626841351595
E1,2324,2024-02-17,Millwall,Sheffield Weds,0,2,A,,,0.4432856968736668,0.2909912243281126,0.26572307879822044,0.44770245806857295,0.28928472803572924,0.2630128138956978,0.027118108002468944,0.4215938303341903,0.5784061696658098,0.41734417344999014,0.5826558265500098
E1,2324,2024-02-17,Norwich,Cardiff,4,1,H,,,0.5184338534329231,0.25780813907126343,0.2237580074958135,0.5258618154436396,0.2547626949885859,0.21937548956777453,0.027138760313391685,0.513157894736842,0.48684210526315796,0.5138600138599122,0.48613998614008774
E1,2324,2024-02-17,Preston,Blackburn,2,2,D,,,0.3918430066907834,0.2789000224093223,0.32925697089989436,0.3942075203908036,0.2767055592360763,0.32908692037312004,0.027298205997794867,0.5065616797900262,0.4934383202099738,0.5068900892950844,0.49310991070491567
E1,2324,2024-02-17,Rotherham,Watford,0,1,A,,,0.2219592915746879,0.2684890014232061,0.5095517070021061,0.21742231582408833,0.2658166758641114,0.5167610083118004,0.027673461008816957,0.4595300261096606,0.5404699738903395,0.4574549846322122,0.5425450153677878
E1,2324,2024-02-17,Stoke,Coventry,0,1,A,,,0.3438505937399033,0.27192769017826157,0.3842217160818352,0.3442632573322428,0.26949204529782556,0.3862446973699317,0.02687248634174466,0.5287958115183247,0.4712041884816754,0.5302530253038402,0.4697469746961598
E1,2324,2024-02-17,Swansea,Ipswich,1,2,A,,,0.24803149606299213,0.25065616797900264,0.5013123359580053,0.24452231568912872,0.2472529170680512,0.5082247672428202,0.027816359419375658,0.5595854922279793,0.4404145077720207,0.5626361655828032,0.43736383441719673
E1,2324,2024-02-20,Cardiff,Blackburn,0,0,D,,,0.32846821333914245,0.29029759527526655,0.381234191385591,0.3282724515146768,0.28859713797084,0.3831304105144832,0.02672907430678606,0.47244094488188976,0.5275590551181102,0.4709784411221318,0.5290215588778682
E1,2324,2024-02-20,Ipswich,Rotherham,4,3,H,,,0.7771031296271305,0.15024814867592698,0.07264872169694246,0.7951672437833368,0.14248263023002797,0.062350125986635224,0.028726296732202172,0.5974683544303797,0.4025316455696203,0.6026010020388961,0.3973989979611039
E1,2324,2024-02-20,Plymouth,West Brom,0,3,A,,,0.2677165354330709,0.2677165354330709,0.4645669291338583,0.2650305288516816,0.2650305288516816,0.4699389422966368,0.027645037043839693,0.5039370078740157,0.4960629921259842,0.504133597884274,0.495866402115726
E1,2324,2024-02-20,Southampton,Hull,1,2,A,,,0.6164202404271609,0.2128446570084816,0.17073510256435753,0.6276631508695131,0.20802271767328592,0.164314131457201,0.027008109260350466,0.6175,0.3825,0.6243682358002178,0.37563176419978217
E1,2324,2024-02-23,Coventry,Preston,0,3,A,,,0.5384315083587823,0.25821238547996095,0.2033561061612568,0.5468459167883284,0.255101534847934,0.19805254836373754,0.027790092397481203,0.4855643044619423,0.5144356955380577,0.48483177054684756,0.5151682294531524
E1,2324,2024-02-23,Leeds,Leicester,3,1,H,fpl-team-13,,0.4485597638623435,0.27092498558067474,0.2805152505569818,0.45297196117266725,0.26853732419551857,0.2784907146318141,0.025833322200924158,0.5340314136125655,0.4659685863874345,0.5358008371826707,0.46419916281732926
E1,2324,2024-02-24,Hull,West Brom,1,1,D,,,0.38736435201030817,0.2920131269000785,0.3206225210896132,0.38951404911633114,0.2903719736973525,0.3201139771863163,0.026858268305659294,0.44791666666666663,0.5520833333333334,0.4451513821865228,0.5548486178134774
E1,2324,2024-02-24,Blackburn,Norwich,1,1,D,,,0.3764725941845664,0.2628008136690048,0.3607265921464287,0.378195768173114,0.25998694544357204,0.36181728638331395,0.027052843244746327,0.586734693877551,0.413265306122449,0.59125067097834,0.40874932902166
E1,2324,2024-02-24,Cardiff,Stoke,2,1,H,,,0.341369464607391,0.30319716025832166,0.35543337513428724,0.3416879457650959,0.3019999399879759,0.3563121142469281,0.026870240457355976,0.4096692111959288,0.5903307888040712,0.40495823516302454,0.5950417648369755
E1,2324,2024-02-24,Ipswich,Birmingham,3,1,H,,,0.6160565144766147,0.21513084632516702,0.16881263919821826,0.6274140299372404,0.21034114313811617,0.16224482692464354,0.027327934512868524,0.5856777493606138,0.4143222506393862,0.5903013639605514,0.40969863603944845
E1,2324,2024-02-24,Middlesbrough,Plymouth,0,2,A,,,0.647724971160366,0.20120818253066688,0.15106684630896713,0.6611442016423146,0.19550430824585682,0.14335149011182868,0.029172481037676334,0.6159600997506234,0.3840399002493765,0.6222461748647674,0.3777538251352326
E1,2324,2024-02-24,QPR,Rotherham,2,1,H,,,0.5706223546010346,0.2602288759993729,0.1691487693995924,0.5804338330173571,0.2571427443997799,0.1624234225828631,0.02810725849121809,0.4329896907216495,0.5670103092783505,0.42965367965357554,0.5703463203464245
E1,2324,2024-02-24,Sheffield Weds,Bristol City,2,1,H,,,0.37303078362002356,0.29334309300150463,0.33362612337847186,0.37465903407484497,0.2917056620144568,0.3336353039106983,0.02771407808177173,0.43410852713178294,0.5658914728682171,0.430691454664774,0.5693085453352259
E1,2324,2024-02-24,Southampton,Millwall,1,2,A,,,0.6975935401343141,0.18823952670291016,0.11416693316277583,0.7122271088908454,0.1822811373253326,0.10549175378382196,0.02765896508935839,0.5809768637532133,0.41902313624678666,0.5855095282025888,0.4144904717974111
E1,2324,2024-02-24,Sunderland,Swansea,1,2,A,fpl-team-20,,0.5239638091552736,0.25701205814933475,0.2190241326953915,0.5316699910237346,0.25390944977143387,0.21442055920483155,0.027348874951712787,0.5263157894736842,0.47368421052631576,0.5277777777735805,0.47222222222641946
E1,2324,2024-02-24,Watford,Huddersfield,1,2,A,,,0.4856352445832827,0.269030888334489,0.24533386708222832,0.4919620094055947,0.26635130299258875,0.24168668760181658,0.0280756417196244,0.49081364829396334,0.5091863517060368,0.49035227961880756,0.5096477203811924
E1,2324,2024-03-01,West Brom,Coventry,2,1,H,,,0.44828314525375657,0.2862530927523988,0.2654637619938447,0.4527393350993165,0.28442342423795586,0.26283724066272773,0.026159347966313362,0.46214099216710186,0.5378590078328982,0.4602325708945504,0.5397674291054496
E1,2324,2024-03-02,Bristol City,Cardiff,0,1,A,,,0.4838581799261663,0.2865142092614157,0.2296276108124179,0.48993996000197554,0.28460380160911075,0.22545623838891368,0.02731207211036235,0.41794871794871796,0.5820512820512821,0.4135158509252556,0.5864841490747444
E1,2324,2024-03-02,Huddersfield,Leeds,1,1,D,,fpl-team-13,0.1704307685109856,0.22874683870028667,0.6008223927887277,0.16401039700440626,0.22454984535231517,0.6114397576432785,0.026975031942129135,0.5328083989501312,0.4671916010498688,0.5345934576824739,0.46540654231752615
E1,2324,2024-03-02,Birmingham,Southampton,3,4,A,,,0.24093865933983724,0.24722948595445438,0.5118318547057082,0.23709404032161624,0.24364127888936649,0.5192646807890173,0.028162041679024696,0.5813953488372093,0.4186046511627907,0.5864197530736686,0.4135802469263314
E1,2324,2024-03-02,Leicester,QPR,1,2,A,,,0.7040278539575036,0.186726444566332,0.10924570147616436,0.7184006950154178,0.18090806459406084,0.10069124039052137,0.026705512311309576,0.5621761658031088,0.43782383419689114,0.5654432416138302,0.4345567583861699
E1,2324,2024-03-02,Millwall,Watford,1,0,H,,,0.39505593083601254,0.2899493070356055,0.31499476212838207,0.3975578444425148,0.288193733916445,0.3142484216410403,0.027366366470232606,0.44531250000000006,0.5546875,0.442344123214856,0.557655876785144
E1,2324,2024-03-02,Norwich,Sunderland,1,0,H,,fpl-team-20,0.4912905528114026,0.26049196893571613,0.24821747825288137,0.49769776388716686,0.25753296095561407,0.244769275157219,0.027407086454331875,0.5249343832020998,0.4750656167979003,0.5262430939192101,0.4737569060807899
E1,2324,2024-03-02,Plymouth,Ipswich,0,2,A,,,0.2162123460250626,0.2287161925421746,0.555071461432763,0.21155872098224107,0.22454623136147103,0.5638950476562878,0.026942251715809107,0.6262376237623761,0.37376237623762376,0.6334973692908102,0.36650263070918976
E1,2324,2024-03-02,Preston,Hull,0,0,D,,,0.33640340218712034,0.2901093560145808,0.3734872417982989,0.33652339153072247,0.2883804679861506,0.37509614048312684,0.027069679810665548,0.4659685863874345,0.5340314136125655,0.46419916281732926,0.5358008371826707
E1,2324,2024-03-02,Rotherham,Sheffield Weds,0,1,A,,,0.2772499903059444,0.2917522974911784,0.4309977122028772,0.27498042455970306,0.2900645960261099,0.434954979414187,0.027351752622053027,0.43264248704663216,0.5673575129533679,0.4289093046652558,0.5710906953347442
E1,2324,2024-03-02,Stoke,Middlesbrough,2,0,H,,,0.35394352286699055,0.2798137584907182,0.3662427186422914,0.3547675320869726,0.27767073898262484,0.36756172893040256,0.02712220454122871,0.5,0.5,0.5,0.5
E1,2324,2024-03-02,Swansea,Blackburn,2,1,H,,,0.4272712460138265,0.2687088289378739,0.3040199250482996,0.4310500616732415,0.26611574351513273,0.30283419481162566,0.027157923439517617,0.549738219895288,0.450261780104712,0.5526024363159369,0.44739756368406325
E1,2324,2024-03-05,Blackburn,Millwall,1,1,D,,,0.4259170681817298,0.29224463447546384,0.28183829734280635,0.42954750288257887,0.29063162456731745,0.27982087255010374,0.026457875384949148,0.4352331606217616,0.5647668393782384,0.43173875054910793,0.5682612494508922
E1,2324,2024-03-05,Coventry,Rotherham,5,0,H,,,0.7354396383861076,0.17280822104154442,0.09175214057234805,0.751594196806545,0.16615468163014266,0.08225112156331219,0.027929299045354128,0.5695876288659795,0.43041237113402064,0.5731568537193501,0.42684314628064995
E1,2324,2024-03-05,Hull,Birmingham,1,1,D,,,0.5499121555856192,0.24145889065053835,0.20862895376384238,0.5581447930079726,0.23795049082493458,0.20390471616709283,0.02571855136193335,0.5695876288659795,0.43041237113402064,0.5731568537193501,0.42684314628064995
E1,2324,2024-03-05,Leeds,Stoke,1,0,H,fpl-team-13,,0.7139015864479699,0.17881150847001884,0.10728690508201129,0.7289546887377807,0.17256027208324104,0.0984850391789783,0.02729617722798139,0.6105527638190955,0.3894472361809045,0.6168193282882106,0.3831806717117893
E1,2324,2024-03-05,Sheffield Weds,Plymouth,1,0,H,,,0.48699129916820905,0.26825791903333546,0.24475078179845558,0.49304255611602155,0.2656876006439015,0.241269843240077,0.026597812538966537,0.4921052631578948,0.5078947368421052,0.4916876783688407,0.5083123216311592
E1,2324,2024-03-05,Sunderland,Leicester,0,1,A,fpl-team-20,,0.24363176315615698,0.2589002387762976,0.4974679980675456,0.2401426070061561,0.2559954001288494,0.5038619928649944,0.026311735389754176,0.5157894736842105,0.4842105263157894,0.5166370896208807,0.4833629103791193
E1,2324,2024-03-05,Ipswich,Bristol City,3,2,H,,,0.5781397256932509,0.24820658380547947,0.1736536905012695,0.58808251802911,0.24469686753455216,0.1672206144363378,0.027588897035457194,0.4750656167979003,0.5249343832020998,0.4737569060807899,0.5262430939192101
E1,2324,2024-03-06,Cardiff,Huddersfield,1,0,H,,,0.3899671869135115,0.2952088050466769,0.31482400803981164,0.39228638108314107,0.29364977513875984,0.3140638437780991,0.02765008620917797,0.41687979539641945,0.5831202046035805,0.4125497793691309,0.587450220630869
E1,2324,2024-03-06,Middlesbrough,Norwich,3,1,H,,,0.41251942181835305,0.2680210932718113,0.31945948490983567,0.41568678586269237,0.26541627978587645,0.31889693435143135,0.02701112348586321,0.5430809399477807,0.4569190600522194,0.5453296703241303,0.4546703296758698
E1,2324,2024-03-06,Watford,Swansea,1,1,D,,,0.42890506297141123,0.27395381189792456,0.29714112513066426,0.43280173530338134,0.27153731164291317,0.2956609530537055,0.027526585152372718,0.5026315789473684,0.4973684210526315,0.5027701598381817,0.4972298401618182
E1,2324,2024-03-06,QPR,West Brom,2,2,D,,,0.30831997077151035,0.3053362291188828,0.3863438001096068,0.3072733334075195,0.30416544083992564,0.3885612257525548,0.028249352937564254,0.3954659949622167,0.6045340050377834,0.3898619957563648,0.6101380042436351
E1,2324,2024-03-08,Sheffield Weds,Leeds,0,2,A,,fpl-team-13,0.1809706044415447,0.23503836527469757,0.5839910302837578,0.17528058470054306,0.23131264606288798,0.5934067692365689,0.02546930848620832,0.5340314136125655,0.4659685863874345,0.5358008371826707,0.46419916281732926
E1,2324,2024-03-09,Cardiff,Ipswich,2,1,H,,,0.21059566133122182,0.25879739308005734,0.5306069455887208,0.20579747743639773,0.255848416775922,0.5383541057876802,0.026569611625745893,0.49473684210526314,0.5052631578947367,0.4944592198579216,0.5055407801420785
E1,2324,2024-03-09,Blackburn,Plymouth,1,1,D,,,0.5353069397272773,0.248137071019415,0.2165559892533076,0.542737292655271,0.2449898533514332,0.2122728539932958,0.024863518541678786,0.5610389610389611,0.43896103896103894,0.5643765066779782,0.4356234933220219
E1,2324,2024-03-09,Hull,Leicester,2,2,D,,,0.28388417222559126,0.2717177077016374,0.4443981200727714,0.2819909689595222,0.2693642808584151,0.4486447501820627,0.025794360553845763,0.5170603674540682,0.48293963254593175,0.517932023832641,0.48206797616735914
E1,2324,2024-03-09,Millwall,Birmingham,1,0,H,,,0.4302716887928373,0.2916872491509725,0.27804106205619017,0.43398604644233635,0.29008911172922497,0.2759248418284386,0.02584728691726923,0.43782383419689114,0.5621761658031088,0.4345567583861699,0.5654432416138302
E1,2324,2024-03-09,Norwich,Rotherham,5,0,H,,,0.7490197961925803,0.16543567672427428,0.08554452708314543,0.7648586534125151,0.15883168775692558,0.07630965883055932,0.02652549440972507,0.5572916666666667,0.44270833333333337,0.5604727872513917,0.4395272127486084
E1,2324,2024-03-09,Preston,Stoke,1,2,A,,,0.39224520089061843,0.2902854391912222,0.3174693599181594,0.39458028149605634,0.28858209462311185,0.31683762388083175,0.02675408753566444,0.4455958549222798,0.5544041450777203,0.4429471854004886,0.5570528145995115
E1,2324,2024-03-09,QPR,Middlesbrough,0,2,A,,,0.4005812776196204,0.27759579764868436,0.3218229247316951,0.4032387930527202,0.2753984963012853,0.3213627106459945,0.026679624221287668,0.48031496062992135,0.5196850393700787,0.4793012088058304,0.5206987911941695
E1,2324,2024-03-09,Southampton,Sunderland,4,2,H,,fpl-team-20,0.6537543114884585,0.20518263022906164,0.1410630582824799,0.6668322639044975,0.199872492069613,0.13329524402588963,0.027905918890610337,0.601010101010101,0.39898989898989906,0.6063716626007953,0.3936283373992048
E1,2324,2024-03-09,Watford,Coventry,1,2,A,,,0.33054429946421887,0.27417980909315265,0.3952758914426284,0.33042634576839497,0.2718148518832018,0.3977588023484032,0.02707706787623465,0.5235602094240838,0.4764397905759163,0.5247252747287677,0.4752747252712324
E1,2324,2024-03-10,Huddersfield,West Brom,1,4,A,,,0.3258632748854829,0.29177296305130934,0.3823637620632078,0.3255583165249587,0.29009648744117117,0.38434519603387013,0.02729100827127695,0.43410852713178294,0.5658914728682171,0.430691454664774,0.5693085453352259
E1,2324,2024-03-10,Bristol City,Swansea,1,0,H,,,0.4021294478014428,0.286714651604654,0.31115590059390325,0.4048686444421942,0.2848616423343405,0.3102697132234652,0.0268736828584224,0.4659685863874345,0.5340314136125655,0.46419916281732926,0.5358008371826707
E1,2324,2024-03-12,Birmingham,Middlesbrough,0,1,A,,,0.3309917583937165,0.26987112119033135,0.39913712041595223,0.3308936126030039,0.2674001953808787,0.4017061920161174,0.02636619727127254,0.5382585751978891,0.4617414248021108,0.540616246495029,0.459383753504971
E1,2324,2024-03-16,Swansea,Cardiff,2,0,H,,,0.46886446886446886,0.2832722832722832,0.24786324786324784,0.4739617304860813,0.2813806740806981,0.2446575954332206,0.025380818638950586,0.4543080939947781,0.5456919060052219,0.4518781279229459,0.5481218720770542
E1,2324,2024-03-16,Birmingham,Watford,0,1,A,,,0.39077775689648964,0.28177743301438274,0.32744481008912757,0.3930372939709361,0.2797540445396142,0.3272086614894495,0.026557697681710124,0.5078947368421052,0.4921052631578948,0.5083123216311592,0.4916876783688407
E1,2324,2024-03-16,Ipswich,Sheffield Weds,6,0,H,,,0.62143966856551,0.22009321595028478,0.15846711548420506,0.6325231932056942,0.21568396337952062,0.15179284341478516,0.026175317354500294,0.5546875,0.44531250000000006,0.557655876785144,0.442344123214856
E1,2324,2024-03-16,Middlesbrough,Blackburn,0,0,D,,,0.5123008387847655,0.25753501625396313,0.23016414496127147,0.5188784350315531,0.2547398066177681,0.22638175835067878,0.024818293284624815,0.5430809399477807,0.4569190600522194,0.5453296703241303,0.4546703296758698
E1,2324,2024-03-16,Plymouth,Preston,0,1,A,,,0.37730527229333904,0.2855283141679323,0.33716641353872856,0.37899044541729554,0.283699605499752,0.33730994908295253,0.025877984473481774,0.4934383202099738,0.5065616797900262,0.49310991070491567,0.5068900892950844
E1,2324,2024-03-16,Rotherham,Huddersfield,0,0,D,,,0.2318701791652882,0.2755558650949802,0.49257395573973145,0.22797429956325896,0.2733152795766753,0.4987104208600658,0.026030502514913678,0.4554973821989528,0.544502617801047,0.45302829355420515,0.5469717064457948
E1,2324,2024-03-16,Stoke,Norwich,0,3,A,,,0.37089080830217863,0.2825834729921361,0.34652571870568516,0.37236954479349954,0.28058833086261237,0.34704212434388804,0.026614743284881115,0.49202127659574474,0.5079787234042553,0.49150983444171986,0.5084901655582802
E1,2324,2024-03-16,Sunderland,QPR,0,0,D,fpl-team-20,,0.3865903213889915,0.29534540081270777,0.3180642777983007,0.3886241939213171,0.2938967058485095,0.31747910023017345,0.025765533791854978,0.4363636363636364,0.5636363636363637,0.43279569893156794,0.567204301068432
E1,2324,2024-03-16,West Brom,Bristol City,2,0,H,,,0.5251620860773731,0.27472351901735415,0.2001143949052727,0.5325739911702023,0.27242734756256026,0.19499866126723747,0.026149958604946733,0.43152454780361754,0.5684754521963824,0.4278715296689119,0.572128470331088
E1,2324,2024-03-17,Leeds,Millwall,2,0,H,fpl-team-13,,0.7053181255148043,0.1897843952188429,0.1048974792663527,0.7213570957924257,0.18340684422765596,0.09523605997991835,0.02985432604327798,0.5509138381201044,0.44908616187989553,0.5537308497832173,0.44626915021678265
E1,2324,2024-03-29,Bristol City,Leicester,1,0,H,,,0.19347115917587535,0.24660054485629712,0.5599282959678276,0.18824287958845815,0.24331381368172833,0.5684433067298136,0.025443938793614507,0.5,0.5,0.5,0.5
E1,2324,2024-03-29,Millwall,West Brom,1,1,D,,,0.27625567191596934,0.31056193182710273,0.41318239625692804,0.27404769328373635,0.3096741727860795,0.4162781339301842,0.026161646004766226,0.3753086419753087,0.6246913580246914,0.3686810901013463,0.6313189098986537
E1,2324,2024-03-29,Cardiff,Sunderland,0,2,A,,fpl-team-20,0.3698423266161116,0.30464576262929705,0.32551191075459135,0.37125133646893366,0.3035398973250856,0.3252087662059808,0.026046897284686565,0.4205128205128206,0.5794871794871795,0.416360889285732,0.5836391107142681
E1,2324,2024-03-29,Huddersfield,Coventry,1,3,A,,,0.3200307892711232,0.27550476641601046,0.4044644443128664,0.31951160552717645,0.2732770525543777,0.4072113419184459,0.026063406141474843,0.5091863517060368,0.49081364829396334,0.5096477203811924,0.49035227961880756
E1,2324,2024-03-29,Hull,Stoke,0,2,A,,,0.4891683271338626,0.26434165867400927,0.24649001419212813,0.4953878518345828,0.26158212460326996,0.24303002356214726,0.026960287941619754,0.48818897637795283,0.5118110236220472,0.4875930521098033,0.5124069478901967
E1,2324,2024-03-29,Norwich,Plymouth,2,1,H,,,0.6467385502295292,0.20401409202519485,0.14924735774527598,0.6588234501563752,0.1989707074426762,0.14220584240094855,0.026292318711057305,0.5964467005076142,0.4035532994923858,0.6016994513412668,0.3983005486587334
E1,2324,2024-03-29,Preston,Rotherham,3,0,H,,,0.6205913786961168,0.2361952262201639,0.14321339508371927,0.6319397107776326,0.23227126095989642,0.13578902826247105,0.026946260128170252,0.46214099216710186,0.5378590078328982,0.4602325708945504,0.5397674291054496
E1,2324,2024-03-29,QPR,Birmingham,2,1,H,,,0.4611964849365007,0.2777967131488863,0.26100680191461295,0.4661851578254716,0.2756256969811063,0.258189145193422,0.026333191781304777,0.4543080939947781,0.5456919060052219,0.4518781279229459,0.5481218720770542
E1,2324,2024-03-29,Sheffield Weds,Swansea,1,1,D,,,0.38627613256090104,0.28030657407074233,0.3334172933683567,0.388330096207373,0.27825385749910686,0.3334160462935201,0.026196938939392567,0.5196850393700787,0.48031496062992135,0.5206987911941695,0.4793012088058304
E1,2324,2024-03-29,Southampton,Middlesbrough,1,1,D,,,0.6041882102849124,0.21126402898603844,0.18454776072904916,0.6151032078117595,0.20632304619983508,0.17857374598840545,0.027375985169783235,0.6390243902439025,0.36097560975609755,0.6469981431547079,0.3530018568452922
E1,2324,2024-03-29,Blackburn,Ipswich,0,1,A,,,0.25629824307994736,0.2535643951537613,0.49013736176629125,0.25334071501722877,0.25050365354248355,0.4961556314402876,0.025912387995049357,0.5684754521963824,0.43152454780361754,0.572128470331088,0.4278715296689119
E1,2324,2024-03-29,Watford,Leeds,2,2,D,,fpl-team-13,0.1653743564295019,0.22114012778363626,0.6134855157868618,0.15897120560495395,0.21678837527141023,0.6242404191236358,0.02609521383419633,0.5621761658031088,0.43782383419689114,0.5654432416138302,0.4345567583861699
E1,2324,2024-04-01,Leicester,Norwich,3,1,H,,,0.5756063684765556,0.2277579155842486,0.196635715939196,0.5851338541871005,0.22358645684735795,0.19127968896554162,0.02665564534254372,0.578811369509044,0.42118863049095606,0.5835341805427401,0.41646581945725997
E1,2324,2024-04-01,Birmingham,Preston,1,0,H,,,0.4021823850350741,0.2824852466317782,0.31533236833314776,0.4049164488470572,0.28047021437434266,0.31461333677860015,0.026805104222148657,0.4581151832460733,0.5418848167539266,0.45583160800374806,0.544168391996252
E1,2324,2024-04-01,Coventry,Cardiff,1,2,A,,,0.6201640246906425,0.22169414901324366,0.1581418262961138,0.6316552476392976,0.21716279156338925,0.15118196079731325,0.027281972812488675,0.5328083989501312,0.4671916010498688,0.5345934576824739,0.46540654231752615
E1,2324,2024-04-01,Middlesbrough,Sheffield Weds,2,0,H,,,0.5275958840037419,0.25257249766136575,0.2198316183348924,0.5352435849567092,0.249378566792266,0.2153778482510248,0.026624800404533744,0.5223097112860893,0.47769028871391084,0.5234689933193785,0.47653100668062165
E1,2324,2024-04-01,Plymouth,Bristol City,0,1,A,,,0.3649381477901837,0.2849366919683116,0.3501251602415047,0.36619839989197933,0.28300892027736757,0.35079267983065304,0.026969562051817775,0.4842105263157894,0.5157894736842105,0.4833629103791193,0.5166370896208807
E1,2324,2024-04-01,Rotherham,Millwall,2,1,H,,,0.2229444552665484,0.2730587708596054,0.5039967738738461,0.2184263290021262,0.27056046157961033,0.5110132094182634,0.027809052728116512,0.43927648578811374,0.5607235142118864,0.436297099483457,0.563702900516543
E1,2324,2024-04-01,Stoke,Huddersfield,1,1,D,,,0.4512513330156785,0.2795362239920132,0.26921244299230823,0.45608568580616704,0.27732806721083564,0.2665862469829973,0.02768328250385821,0.4659685863874345,0.5340314136125655,0.46419916281732926,0.5358008371826707
E1,2324,2024-04-01,Sunderland,Blackburn,1,5,A,fpl-team-20,,0.4516971279373368,0.27415143603133163,0.27415143603133163,0.45645938577157696,0.2717703071142115,0.2717703071142115,0.02716076234355569,0.49473684210526314,0.5052631578947367,0.4944592198579216,0.5055407801420785
E1,2324,2024-04-01,Swansea,QPR,0,1,A,,,0.3822078310091165,0.28636719664731386,0.33142497234356955,0.38419789431209506,0.28445878654526907,0.3313433191426359,0.02750768163241446,0.4581151832460733,0.5418848167539266,0.45583160800374806,0.544168391996252
E1,2324,2024-04-01,West Brom,Watford,2,2,D,,,0.4997143191502543,0.27205077546861983,0.22823490538112576,0.5062906421799158,0.2696127593097436,0.22409659851034072,0.02671351656317711,0.4554973821989528,0.544502617801047,0.45302829355420515,0.5469717064457948
E1,2324,2024-04-01,Ipswich,Southampton,3,2,H,,,0.3833596920564931,0.2552286898597137,0.3614116180837931,0.3854314950183638,0.2519996583940727,0.36256884658756344,0.028069412801414728,0.6080402010050251,0.3919597989949749,0.6139012502759682,0.3860987497240318
E1,2324,2024-04-01,Leeds,Hull,3,1,H,fpl-team-13,,0.6640442709532957,0.1999122752554132,0.1360434537912912,0.6770992280443804,0.19456508762274083,0.1283356843328789,0.027000412112101912,0.5677083333333334,0.43229166666666663,0.5718470211130101,0.42815297888698983
E1,2324,2024-04-05,Rotherham,Plymouth,0,1,A,,,0.2332555253414556,0.2644428936322352,0.5023015810263093,0.22930209084492778,0.26170202159475936,0.5089958875603128,0.02677354170009494,0.4921052631578948,0.5078947368421052,0.4916876783688407,0.5083123216311592
E1,2324,2024-04-06,Norwich,Ipswich,1,0,H,,,0.34920265164227304,0.2631111391875299,0.38768620917019697,0.34981666290103414,0.26037261133580647,0.38981072576315945,0.026431141886860132,0.5820512820512821,0.41794871794871796,0.5864841490747444,0.4135158509252556
E1,2324,2024-04-06,Blackburn,Southampton,0,0,D,,,0.2466430389856736,0.2344631358258873,0.518893825188439,0.2432183246361275,0.23056811864837312,0.5262135567154994,0.026664614910259843,0.6348039215686274,0.36519607843137253,0.6425202767393866,0.35747972326061345
E1,2324,2024-04-06,Cardiff,Hull,1,3,A,,,0.303249383970129,0.2893812718983243,0.4073693441315467,0.30205293487540447,0.2876380802306979,0.4103089848938977,0.026794863864779472,0.44155844155844154,0.5584415584415584,0.4384404924803881,0.5615595075196119
E1,2324,2024-04-06,Coventry,Leeds,2,1,H,,fpl-team-13,0.25989245829312,0.2523093892182545,0.4877981524886254,0.25709184975950555,0.24922443700150157,0.4936837132389929,0.025721264770254493,0.5841836734693877,0.41581632653061223,0.5884078548997955,0.41159214510020437
E1,2324,2024-04-06,Huddersfield,Millwall,1,0,H,,,0.38885348520170687,0.3050811909621109,0.3060653238361822,0.3910737600328299,0.3039514796430274,0.3049747603241428,0.026990970131009817,0.40151515151515144,0.5984848484848484,0.39650505534247177,0.6034949446575282
E1,2324,2024-04-06,Leicester,Birmingham,2,1,H,,,0.7177925555923329,0.1741702524599043,0.10803719194776278,0.7336326284116172,0.16746894225459455,0.09889842933378819,0.028479814529418945,0.6175,0.3825,0.6243682358002178,0.37563176419978217
E1,2324,2024-04-06,Middlesbrough,Swansea,2,0,H,,,0.5211684830330723,0.2502708810343514,0.2285606359325763,0.5287388425199284,0.2469135722349539,0.22434758524511772,0.02725622896105051,0.5366492146596858,0.46335078534031415,0.5385834366765977,0.46141656332340236
E1,2324,2024-04-06,QPR,Sheffield Weds,0,2,A,,,0.482194987850948,0.2844084209779544,0.23339659117109768,0.48802026743106375,0.28247836157542655,0.22950137099350976,0.0264361675363034,0.43896103896103894,0.5610389610389611,0.4356234933220219,0.5643765066779782
E1,2324,2024-04-06,Stoke,West Brom,2,2,D,,,0.3555772994129159,0.30044031311154595,0.3439823874755382,0.35645464912154307,0.2991439625941534,0.3444013882843035,0.026657550362870097,0.42416452442159375,0.5758354755784061,0.42018398269195956,0.5798160173080403
E1,2324,2024-04-06,Sunderland,Bristol City,0,0,D,fpl-team-20,,0.3940862996066355,0.30150729588952113,0.30440640450384343,0.39646941340994735,0.3002592019616097,0.30327138462844294,0.02646795753389597,0.41794871794871796,0.5820512820512821,0.4135158509252556,0.5864841490747444
E1,2324,2024-04-06,Watford,Preston,0,0,D,,,0.45485459749927126,0.27960179669808144,0.26554360580264713,0.45953793658620923,0.2775277832588163,0.26293428015497444,0.026004953193478286,0.4543080939947781,0.5456919060052219,0.4518781279229459,0.5481218720770542
E1,2324,2024-04-09,Millwall,Leicester,1,0,H,,,0.18422875379566117,0.2543640970637145,0.5614071491406243,0.17829232339523912,0.2511554931362046,0.5705521834685562,0.027196638518944383,0.48293963254593175,0.5170603674540682,0.48206797616735914,0.517932023832641
E1,2324,2024-04-09,Plymouth,QPR,1,1,D,,,0.307724245860015,0.2889605723319653,0.4033151818080197,0.30667614224185447,0.2871516849555846,0.4061721728025609,0.027561146533116698,0.4671916010498688,0.5328083989501312,0.46540654231752615,0.5345934576824739
E1,2324,2024-04-09,Preston,Huddersfield,4,1,H,,,0.3707799436107026,0.29848951435327004,0.33073054203602736,0.37226433300223144,0.2971103581612238,0.3306253088365447,0.02676774002611637,0.43264248704663216,0.5673575129533679,0.4289093046652558,0.5710906953347442
E1,2324,2024-04-09,Sheffield Weds,Norwich,2,2,D,,,0.29368964148696913,0.27900515941262066,0.42730519910041,0.2920943476807274,0.2768254505973554,0.4310802017219171,0.027113873278722167,0.5,0.5,0.5,0.5
E1,2324,2024-04-09,Southampton,Coventry,2,1,H,,,0.5325122260460062,0.22568375294330736,0.24180402101068646,0.5406478148923923,0.22129473834674052,0.2380574467608672,0.027639115229249,0.6736596736596736,0.3263403263403263,0.684132476547461,0.3158675234525389
E1,2324,2024-04-09,Leeds,Sunderland,0,0,D,fpl-team-13,fpl-team-20,0.7090539421170209,0.17994929591606215,0.11099676196691684,0.7237185390140536,0.17383821679814707,0.1024432441877994,0.026887766318395734,0.6090225563909775,0.3909774436090226,0.6147515036394312,0.3852484963605688
E1,2324,2024-04-10,Birmingham,Cardiff,0,1,A,,,0.4985395368245358,0.2675777175046944,0.23388274567076991,0.5053712228551889,0.26484538444361827,0.22978339270119286,0.027959854574874043,0.46073298429319376,0.5392670157068064,0.4586275375035324,0.5413724624964675
E1,2324,2024-04-10,Bristol City,Blackburn,5,0,H,,,0.3804537096793833,0.29511829816251234,0.3244279921581043,0.3823937681226056,0.2935475580472297,0.3240586738301647,0.02780918264761567,0.4464751958224543,0.5535248041775457,0.4434513957758167,0.5565486042241833
E1,2324,2024-04-10,Hull,Middlesbrough,2,2,D,,,0.3945200229929105,0.27208277447786927,0.33339720252922017,0.3970626077546797,0.2695445126583298,0.3333928795869905,0.028089052066206932,0.5301837270341206,0.46981627296587924,0.5318048564632609,0.468195143536739
E1,2324,2024-04-10,Ipswich,Watford,0,0,D,,,0.6489405638937602,0.2055213065693904,0.14553812953684944,0.6619494920831386,0.20018009784183596,0.13787041007502554,0.028165713185444474,0.5954198473282442,0.40458015267175573,0.6007901951191439,0.39920980488085617
E1,2324,2024-04-10,Swansea,Stoke,3,0,H,,,0.3910897638931766,0.2942254260868171,0.3146848100200064,0.393326849689535,0.29271274069509773,0.31396040961536725,0.026134678861126304,0.47631578947368425,0.5236842105263159,0.4750131874840955,0.5249868125159045
E1,2324,2024-04-10,West Brom,Rotherham,2,0,H,,,0.7533538289547234,0.16741196198993852,0.07923420905533818,0.770047402231379,0.16054916368618077,0.06940343408244018,0.027823686134070158,0.5456919060052219,0.4543080939947781,0.5481218720770542,0.4518781279229459
E1,2324,2024-04-12,Plymouth,Leicester,1,0,H,,,0.14697635639147702,0.19821863513339072,0.6548050084751321,0.13966066798375093,0.19281188488911205,0.667527447127137,0.027020436013117433,0.6228287841191067,0.3771712158808933,0.6297441811503233,0.37025581884967673
E1,2324,2024-04-13,Leeds,Blackburn,0,1,A,fpl-team-13,,0.7040940510950661,0.1842106529027789,0.11169529600215503,0.7184441860088122,0.1783150518319162,0.10324076215927162,0.026641505304723978,0.5954198473282442,0.40458015267175573,0.6007901951191439,0.39920980488085617
E1,2324,2024-04-13,Birmingham,Coventry,3,0,H,,,0.31742911626850645,0.26811103323243907,0.4144598504990543,0.31678959762505104,0.26552631763171414,0.41768408474323476,0.026834676042199135,0.5328083989501312,0.4671916010498688,0.5345934576824739,0.46540654231752615
E1,2324,2024-04-13,Bristol City,Huddersfield,1,1,D,,,0.4092788240698209,0.2930638493339458,0.2976573265962334,0.41227247729952365,0.29147714450345,0.2962503781970263,0.026597554562613368,0.43152454780361754,0.5684754521963824,0.4278715296689119,0.572128470331088
E1,2324,2024-04-13,Hull,QPR,3,0,H,,,0.46540054104786616,0.2800640424004859,0.254535416551648,0.47062301541501683,0.27795071440461966,0.2514262701803634,0.02669815276749432,0.4569190600522194,0.5430809399477807,0.4546703296758698,0.5453296703241303
E1,2324,2024-04-13,Ipswich,Middlesbrough,1,1,D,,,0.5267831679565727,0.24250887527412554,0.2307079567693019,0.5346307936706443,0.23881889428498065,0.22655031204437517,0.027440556790679693,0.5856777493606138,0.4143222506393862,0.5903013639605514,0.40969863603944845
E1,2324,2024-04-13,Millwall,Cardiff,3,1,H,,,0.5103155942643308,0.28333940457661355,0.20634500115905555,0.5173477787967549,0.28132229083499416,0.20132993036825095,0.026890364126302302,0.3919597989949749,0.6080402010050251,0.3860987497240318,0.6139012502759682
E1,2324,2024-04-13,Preston,Norwich,0,1,A,,,0.3201041273374004,0.28210957216382176,0.39778630049877794,0.3195914349924507,0.28014479774962714,0.4002637672579223,0.02593888621777296,0.4973684210526315,0.5026315789473684,0.4972298401618182,0.5027701598381817
E1,2324,2024-04-13,Sheffield Weds,Stoke,1,1,D,,,0.36393176279447603,0.2968318440292445,0.33923639317627946,0.36512756096998794,0.29540719365461227,0.3394652453753997,0.026398069225251675,0.4464751958224543,0.5535248041775457,0.4434513957758167,0.5565486042241833
E1,2324,2024-04-13,Southampton,Watford,3,2,H,,,0.6693774537296692,0.19125070106561975,0.13937184520471113,0.682389730943057,0.18568439736311937,0.13192587169382364,0.026469444623216987,0.6237623762376239,0.37623762376237624,0.6305346699902831,0.36946533000971704
E1,2324,2024-04-13,Swansea,Rotherham,1,0,H,,,0.6912934532193709,0.19896471237616345,0.10974183440446558,0.7061530315014741,0.19322406732303005,0.10062290117549581,0.02863436588086188,0.5328083989501312,0.4671916010498688,0.5345934576824739,0.46540654231752615
E1,2324,2024-04-13,West Brom,Sunderland,0,1,A,,fpl-team-20,0.5231888669818222,0.26304773589919395,0.21376339711898382,0.5310807440743072,0.2601023998614962,0.20881685606419664,0.028140198905020952,0.4581151832460733,0.5418848167539266,0.45583160800374806,0.544168391996252
E1,2324,2024-04-16,Southampton,Preston,3,0,H,,,0.7030893145964221,0.18323756268439573,0.11367312271918202,0.7178113426705353,0.17713719239381923,0.1050514649356455,0.027418171521276236,0.6105527638190955,0.3894472361809045,0.6168193282882106,0.3831806717117893
E1,2324,2024-04-20,Leicester,West Brom,2,1,H,,,0.612162666335033,0.225917174480786,0.1619201591841811,0.6233322777022872,0.22155842297501432,0.15510929932269854,0.027260745642706752,0.5301837270341206,0.46981627296587924,0.5318048564632609,0.468195143536739
E1,2324,2024-04-20,Cardiff,Southampton,2,1,H,,,0.12963971016778644,0.19825654421056882,0.6721037456216447,0.12137981685104725,0.19261217480499365,0.6860080083439591,0.02814441453665495,0.5918367346938775,0.40816326530612246,0.5969827586273991,0.40301724137260087
E1,2324,2024-04-20,Huddersfield,Swansea,0,4,A,,,0.4477076170425458,0.26811868591248506,0.28417369704496925,0.4522551604375647,0.26552940983566076,0.28221542972677455,0.0268371410202235,0.4986807387862796,0.5013192612137204,0.49860763018684684,0.5013923698131533
E1,2324,2024-04-20,Norwich,Bristol City,1,1,D,,,0.5704123196899189,0.2379106660013229,0.19167701430875816,0.5802900122030717,0.2339031582048144,0.1858068295921139,0.028270506067201495,0.5052631578947367,0.49473684210526314,0.5055407801420785,0.4944592198579216
E1,2324,2024-04-20,Rotherham,Birmingham,0,0,D,,,0.17030016473759657,0.23790676279925546,0.591793072463148,0.1635610000664385,0.23387489297989386,0.6025641069536677,0.028341198107227683,0.4894736842105264,0.5105263157894737,0.4889147544617743,0.5110852455382258
E1,2324,2024-04-20,Stoke,Plymouth,3,0,H,,,0.5160337248684874,0.27844635007566476,0.20551992505584782,0.5232472506049416,0.27624925129981365,0.20050349809524481,0.026719464804045856,0.4973684210526315,0.5026315789473684,0.4972298401618182,0.5027701598381817
E1,2324,2024-04-20,Sunderland,Millwall,0,1,A,fpl-team-20,,0.4306099608282037,0.29238947957470623,0.2770005595970901,0.43461920960287065,0.2906988351902766,0.27468195520685273,0.027827584417536855,0.43041237113402064,0.5695876288659795,0.42684314628064995,0.5731568537193501
E1,2324,2024-04-20,Watford,Hull,0,0,D,,,0.33105433609211943,0.27443924673143816,0.3945064171764423,0.33095300348726725,0.27199662385217965,0.3970503726605531,0.028106252197176218,0.5210526315789473,0.4789473684210527,0.5222000222007822,0.47779997779921773
E1,2324,2024-04-20,QPR,Preston,1,0,H,,,0.4998901838048565,0.2745061702974646,0.22560364589767873,0.5064277581015579,0.27217973406158336,0.22139250783685868,0.02652847464196384,0.43264248704663216,0.5673575129533679,0.4289093046652558,0.5710906953347442
E1,2324,2024-04-21,Blackburn,Sheffield Weds,1,3,A,,,0.4641750566556451,0.2713229557528699,0.2645019875914849,0.4696165165188,0.26874205498589554,0.26164142849530453,0.028092213557101786,0.4973684210526315,0.5026315789473684,0.4972298401618182,0.5027701598381817
E1,2324,2024-04-22,Middlesbrough,Leeds,3,4,A,,fpl-team-13,0.2280541786170195,0.24905916875279763,0.5228866526301829,0.22364002810093933,0.2455072142778406,0.53085275762122,0.028440300840884447,0.536842105263158,0.4631578947368421,0.5389928698823863,0.46100713011761374
E1,2324,2024-04-23,Leicester,Southampton,5,0,H,,,0.4547900269771826,0.24817523665334504,0.29703473636947236,0.4594829162941431,0.24489608453075504,0.2956209991751018,0.02608461887575686,0.6432038834951456,0.3567961165048544,0.6514568091405898,0.3485431908594102
E1,2324,2024-04-24,Coventry,Hull,2,3,A,,,0.423663236090691,0.2600015476282597,0.3163352162810493,0.42726146667739584,0.257090020850172,0.3156485124724321,0.026901378761976957,0.5647668393782384,0.4352331606217616,0.5682612494508922,0.43173875054910793
E1,2324,2024-04-26,QPR,Leeds,4,0,H,,fpl-team-13,0.17837540300385313,0.22255248879452702,0.5990721082016198,0.17266070128289995,0.21841646101455983,0.6089228377025402,0.025144846411421895,0.5658914728682171,0.43410852713178294,0.5693085453352259,0.430691454664774
E1,2324,2024-04-27,Blackburn,Coventry,0,0,D,,,0.43709791750483745,0.26274306952506854,0.30015901297009406,0.4412760984211169,0.25990847079681134,0.2988154307820717,0.02718708524480462,0.5809768637532133,0.41902313624678666,0.5855095282025888,0.4144904717974111
E1,2324,2024-04-27,Bristol City,Rotherham,2,0,H,,,0.6977797272715545,0.19607033658870127,0.10614993613974431,0.7123388219706248,0.19042617342299714,0.09723500460637804,0.027556831249967217,0.5210526315789473,0.4789473684210527,0.5222000222007822,0.47779997779921773
E1,2324,2024-04-27,Cardiff,Middlesbrough,1,4,A,,,0.2611985372442648,0.2670847014638539,0.4717167612918813,0.2582727540836185,0.26439427616776034,0.47733296974862116,0.027409097994677722,0.5,0.5,0.5,0.5
E1,2324,2024-04-27,Huddersfield,Birmingham,1,1,D,,,0.4159859080000473,0.28481918025228464,0.2991949117476681,0.4193168907093293,0.28286635660442605,0.2978167526862445,0.027201521210372448,0.47631578947368425,0.5236842105263159,0.4750131874840955,0.5249868125159045
E1,2324,2024-04-27,Millwall,Plymouth,1,0,H,,,0.44270619908930414,0.2778273507481263,0.27946645016256955,0.4472107505905243,0.275541704458525,0.2772475449509508,0.027808375656604767,0.47631578947368425,0.5236842105263159,0.4750131874840955,0.5249868125159045
E1,2324,2024-04-27,Norwich,Swansea,2,2,D,,,0.5712822358092794,0.23073686409815175,0.19798090009256863,0.5809158177291633,0.22656185852763733,0.19252232374319933,0.02744984906166792,0.5710594315245477,0.42894056847545214,0.5749604753801645,0.4250395246198356
E1,2324,2024-04-27,Sheffield Weds,West Brom,3,0,H,,,0.3231339992636736,0.2904241159026269,0.38644188483369946,0.3227060258989331,0.28864154039780937,0.38865243370325747,0.028117083245888352,0.4464751958224543,0.5535248041775457,0.4434513957758167,0.5565486042241833
E1,2324,2024-04-27,Southampton,Stoke,0,1,A,,,0.5368778230131876,0.22254654490242204,0.24057563208439037,0.5447926231054228,0.21824697988240252,0.23696039701217478,0.02629826427437365,0.6253101736972705,0.3746898263027295,0.6327131294020147,0.3672868705979853
E1,2324,2024-04-27,Watford,Sunderland,1,0,H,,fpl-team-20,0.4042240368758817,0.29228507281794525,0.30349089030617316,0.40699507008453845,0.29068200323062743,0.3023229266848342,0.02637347928248346,0.4631578947368421,0.536842105263158,0.46100713011761374,0.5389928698823863
E1,2324,2024-04-27,Hull,Ipswich,3,3,D,,,0.29591883508793376,0.26158571057496904,0.4424954543370972,0.2943562899398282,0.2586129135405539,0.4470307965196179,0.028063125908374786,0.5520833333333334,0.44791666666666663,0.5548486178134774,0.4451513821865228
E1,2324,2024-04-29,Preston,Leicester,0,3,A,,,0.14488059291792477,0.2066538567115015,0.6484655503705737,0.13609508885962637,0.20058277293256394,0.6633221382078097,0.03233553539030254,0.5514511873350924,0.4485488126649077,0.5548831972971291,0.44511680270287096
E1,2324,2024-04-30,Coventry,Ipswich,1,2,A,,,0.2181075025238224,0.23028340679092899,0.5516090906852484,0.2134911113666149,0.22614211815846183,0.5603667704749233,0.027164129307493567,0.6277915632754342,0.37220843672456577,0.6357048748343199,0.36429512516568
E1,2324,2024-05-04,Birmingham,Norwich,1,0,H,,,0.4018505605741282,0.2570101146219356,0.34113932480393616,0.404611851953533,0.25394383640861473,0.34144431163785216,0.027251475723460317,0.5485564304461943,0.4514435695538058,0.5514632246504734,0.44853677534952663
E1,2324,2024-05-04,Coventry,QPR,1,2,A,,,0.4308111792774369,0.2692569870483981,0.2999318336741649,0.4347930785754131,0.266645652689912,0.2985612687346748,0.027582078240811825,0.5509138381201044,0.44908616187989553,0.5537308497832173,0.44626915021678265
E1,2324,2024-05-04,Ipswich,Huddersfield,2,0,H,,,0.7667177256688533,0.14831980964576882,0.08496246468537785,0.7834249391085085,0.14099436209683106,0.0755806987946604,0.026911670807749033,0.6480582524271845,0.35194174757281554,0.6575616685737506,0.34243833142624935
E1,2324,2024-05-04,Leeds,Southampton,1,2,A,fpl-team-13,,0.6039136743310546,0.21548737924994446,0.18059894641900107,0.6149124877591694,0.21066806854598916,0.17441944369484147,0.027623135596513748,0.6330049261083743,0.3669950738916256,0.6410179406088484,0.35898205939115146
E1,2324,2024-05-04,Leicester,Blackburn,0,2,A,,,0.5688372268427327,0.2368972989594423,0.1942654741978249,0.5780571215077168,0.23309636724847033,0.18884651124381274,0.02653083298355341,0.62,0.38,0.6273344651706926,0.37266553482930753
E1,2324,2024-05-04,Middlesbrough,Watford,3,1,H,,,0.5607187986805416,0.23282918176169906,0.20645201955775933,0.570056977780563,0.22868539241649036,0.20125762980294667,0.02783164265565574,0.5907928388746803,0.4092071611253197,0.5960497835526194,0.40395021644738066
E1,2324,2024-05-04,Plymouth,Hull,1,0,H,,,0.280018638570747,0.25374343119815684,0.46623793023109605,0.27777365837400403,0.2504120157720522,0.4718143258539438,0.028350486885756254,0.5809768637532133,0.41902313624678666,0.5855095282025888,0.4144904717974111
E1,2324,2024-05-04,Rotherham,Cardiff,5,2,H,,,0.27862918752406624,0.2827878321139776,0.43858298036195603,0.2763749610906974,0.2807031815265381,0.44292185738276435,0.02783434488810599,0.4593175853018373,0.5406824146981627,0.45700416089548346,0.5429958391045165
E1,2324,2024-05-04,Stoke,Bristol City,4,0,H,,,0.46158846626592,0.26882282836509547,0.2695887053689846,0.46699155418032834,0.26610537791226213,0.26690306790740953,0.028460010536946356,0.5065963060686015,0.49340369393139843,0.5069630124784155,0.49303698752158454
E1,2324,2024-05-04,Sunderland,Sheffield Weds,0,2,A,fpl-team-20,,0.34698310112835723,0.2914658049478201,0.3615510939238226,0.34754315841925437,0.28974424232943796,0.3627125992513076,0.027843870455399156,0.4657894736842106,0.5342105263157895,0.4638195430185368,0.5361804569814632
E1,2324,2024-05-04,Swansea,Millwall,0,1,A,,,0.4641909814323608,0.27055702917771884,0.26525198938992045,0.46962963850339057,0.2679463849092576,0.2624239765873519,0.028073982801288366,0.4960422163588391,0.503957783641161,0.49582265790303864,0.5041773420969614
E1,2324,2024-05-04,West Brom,Preston,3,0,H,,,0.6515405141124021,0.2186883670053201,0.12977111888227788,0.6653597270478402,0.21358203432424397,0.12105823862791588,0.029798048781231046,0.4947089947089948,0.5052910052910053,0.49440042556694624,0.5055995744330538
