league,season,date,home_team_raw,away_team_raw,home_goals,away_goals,result,home_team_id,away_team_id,prob_home_proportional,prob_draw_proportional,prob_away_proportional,prob_home_shin,prob_draw_shin,prob_away_shin,shin_z,prob_over25_proportional,prob_under25_proportional,prob_over25_shin,prob_under25_shin
E1,2425,2024-08-09,Blackburn,Derby,4,2,H,,,0.4170464690128271,0.28299581825870407,0.29995771272846866,0.4202555892077213,0.2810686759664981,0.29867573482578064,0.025859203306026757,0.47769028871391084,0.5223097112860893,0.47653100668062165,0.5234689933193785
E1,2425,2024-08-09,Preston,Sheffield United,0,2,A,,,0.3014593685198951,0.28436167299190107,0.4141789584882038,0.3002803743294605,0.282556020924786,0.41716360474575354,0.024892578134313226,0.48031496062992135,0.5196850393700787,0.4793012088058304,0.5206987911941695
E1,2425,2024-08-10,Cardiff,Sunderland,0,2,A,,fpl-team-20,0.3274735254528648,0.298639378557644,0.37388709598949127,0.3272414598189936,0.29727931994175993,0.37547922023924646,0.026503808330744505,0.42010309278350516,0.5798969072164949,0.4154737559778157,0.5845262440221842
E1,2425,2024-08-10,Hull,Bristol City,1,1,D,,,0.3613171922240975,0.2906006775380356,0.3480821302378668,0.36240091382524375,0.2889473040935307,0.34865178208122555,0.02617662330158055,0.4554973821989528,0.544502617801047,0.45302829355420515,0.5469717064457948
E1,2425,2024-08-10,Leeds,Portsmouth,3,3,D,fpl-team-13,,0.6901934152386161,0.18873552472592894,0.12107106003545506,0.7054579653438087,0.18242535513063235,0.11211667952555898,0.02945262403227389,0.5933503836317136,0.4066496163682865,0.5989481674355508,0.4010518325644492
E1,2425,2024-08-10,Middlesbrough,Swansea,1,0,H,,,0.5193955310629871,0.2521203771472855,0.22848409178972748,0.5265954913240906,0.24896820186534863,0.2244363068105609,0.026153527898713946,0.5456919060052219,0.4543080939947781,0.5481218720770542,0.4518781279229459
E1,2425,2024-08-10,Millwall,Watford,2,3,A,,,0.40571369522189454,0.29667813963101036,0.29760816514709504,0.4085758511549313,0.2952288005001903,0.29619534834487843,0.026682881638407707,0.411764705882353,0.588235294117647,0.4068322981224806,0.5931677018775194
E1,2425,2024-08-10,Oxford,Norwich,2,0,H,,,0.31207153502235474,0.27183308494783903,0.41609538002980634,0.3112127971720104,0.2693740261204736,0.41941317670751604,0.027065317844972014,0.5105263157894737,0.4894736842105264,0.5110852455382258,0.4889147544617743
E1,2425,2024-08-10,QPR,West Brom,1,3,A,,,0.3721202369633585,0.2983983032253346,0.32948145981130694,0.373666991750211,0.29700726072544625,0.32932574752434274,0.026929092360660434,0.4226804123711341,0.577319587628866,0.41833623693271604,0.581663763067284
E1,2425,2024-08-10,Stoke,Coventry,1,0,H,,,0.3843366633883741,0.27045913349552253,0.3452042031161033,0.38635227947983625,0.2679798673322453,0.3456678531879185,0.026715421117842197,0.5275590551181102,0.47244094488188976,0.5290215588778682,0.4709784411221318
E1,2425,2024-08-11,Sheffield Weds,Plymouth,4,0,H,,,0.5141705851883245,0.2642664460185802,0.22156296879309534,0.5218203530916096,0.26132494971979237,0.216854697188598,0.028630745713599026,0.4842105263157894,0.5157894736842105,0.4833629103791193,0.5166370896208807
E1,2425,2024-08-12,Luton,Burnley,1,4,A,,,0.394391623540739,0.2792153087014081,0.32639306775785293,0.3969450624045443,0.27695778348721384,0.3260971541082418,0.028258290607482195,0.5118733509234827,0.4881266490765172,0.5125383115051826,0.48746168849481736
E1,2425,2024-08-16,Coventry,Oxford,3,2,H,,,0.5609550712779872,0.23819449006527593,0.20085043865673693,0.5702278040347792,0.23429594584905677,0.195476250116164,0.027610000921413302,0.5546875,0.44531250000000006,0.557655876785144,0.442344123214856
E1,2425,2024-08-17,Derby,Middlesbrough,1,0,H,,,0.27483870967741936,0.26709677419354844,0.4580645161290323,0.2724652734888759,0.2644135592803203,0.46312116723080393,0.027372875018045306,0.5196850393700787,0.48031496062992135,0.5206987911941695,0.4793012088058304
E1,2425,2024-08-17,Portsmouth,Luton,0,0,D,,,0.3163696060037523,0.2673545966228893,0.41627579737335835,0.3156877357365067,0.26473961963059145,0.4195726446329019,0.026838013087399304,0.5392670157068064,0.46073298429319376,0.5413724624964675,0.4586275375035324
E1,2425,2024-08-17,West Brom,Leeds,0,0,D,,fpl-team-13,0.2797861768838022,0.2749203303293013,0.4452934927868965,0.2776270018824647,0.27256728583221324,0.449805712285322,0.027205368038266897,0.4750656167979003,0.5249343832020998,0.4737569060807899,0.5262430939192101
E1,2425,2024-08-17,Bristol City,Millwall,4,3,H,,,0.46954244562449987,0.2909434785771441,0.239514075798356,0.4750322967146361,0.289220146625491,0.2357475566598729,0.027232194086536765,0.401015228426396,0.598984771573604,0.3954087105764803,0.6045912894235197
E1,2425,2024-08-17,Burnley,Cardiff,5,0,H,,,0.6448234765449465,0.213488853720962,0.14168766973409136,0.6575479892395336,0.20850905668991102,0.13394295407055531,0.027915917453356087,0.5430809399477807,0.4569190600522194,0.5453296703241303,0.4546703296758698
E1,2425,2024-08-17,Norwich,Blackburn,2,2,D,,,0.46000806560021507,0.26768830936057714,0.27230362503920774,0.46520340789771775,0.2649972629779935,0.2697993291242887,0.02769684372469783,0.5301837270341206,0.46981627296587924,0.5318048564632609,0.468195143536739
E1,2425,2024-08-17,Plymouth,Hull,1,1,D,,,0.3356157683654505,0.2602171573901986,0.404167074244351,0.3356963589541285,0.2573628868286808,0.4069407542171908,0.02645733067765832,0.5673575129533679,0.43264248704663216,0.5710906953347442,0.4289093046652558
E1,2425,2024-08-17,Sheffield United,QPR,2,2,D,,,0.5294008953665913,0.2547386028780103,0.2158605017553983,0.5374471718781818,0.25149412742904875,0.21105870069276952,0.02777671441435814,0.5039370078740157,0.4960629921259842,0.504133597884274,0.495866402115726
E1,2425,2024-08-17,Swansea,Preston,3,0,H,,,0.48109896577215405,0.27712425806173785,0.24177677616610804,0.4871425160510034,0.2748136605277921,0.2380438234212045,0.027637643972411752,0.44908616187989553,0.5509138381201044,0.44626915021678265,0.5537308497832173
E1,2425,2024-08-17,Watford,Stoke,3,0,H,,,0.36071015521964095,0.28922795982550475,0.35006188495485446,0.3618055123758796,0.28746471776458354,0.3507297698595368,0.027063056244514883,0.46335078534031415,0.5366492146596858,0.46141656332340236,0.5385834366765977
E1,2425,2024-08-18,Sunderland,Sheffield Weds,4,0,H,fpl-team-20,,0.4411051940444788,0.27409715814902585,0.28479764780649536,0.4454569439609404,0.27170760310294384,0.2828354529361158,0.027257630368694663,0.4921052631578948,0.5078947368421052,0.4916876783688407,0.5083123216311592
E1,2425,2024-08-23,Sheffield Weds,Leeds,0,2,A,,fpl-team-13,0.23941696387036746,0.2693440843541634,0.491238951775469,0.2356107607353094,0.2667328740654807,0.49765636519921,0.027464989107102156,0.5078947368421052,0.4921052631578948,0.5083123216311592,0.4916876783688407
E1,2425,2024-08-24,Bristol City,Coventry,1,1,D,,,0.38365874141609774,0.2778994402632731,0.3384418183206291,0.38571689322527397,0.27563750791655406,0.3386455988581719,0.027643797220662236,0.5091863517060368,0.49081364829396334,0.5096477203811924,0.49035227961880756
E1,2425,2024-08-24,Hull,Millwall,0,0,D,,,0.4345006485084306,0.2827496757457847,0.2827496757457847,0.43868149528516753,0.28065925235741623,0.28065925235741623,0.02790273167192936,0.4645669291338583,0.5354330708661418,0.46261216351077283,0.5373878364892272
E1,2425,2024-08-24,QPR,Plymouth,1,1,D,,,0.55701394585726,0.24405250205086138,0.19893355209187857,0.5663249386806725,0.2403080066198306,0.19336705469949705,0.02822189638391137,0.5261780104712042,0.47382198952879584,0.5274868750139057,0.4725131249860944
E1,2425,2024-08-24,Blackburn,Oxford,2,1,H,,,0.533410598283939,0.24651090312338692,0.22007849859267412,0.5421963211499038,0.24268305971635246,0.21512061913374372,0.029752175556495786,0.544502617801047,0.4554973821989528,0.5469717064457948,0.45302829355420515
E1,2425,2024-08-24,Middlesbrough,Portsmouth,2,2,D,,,0.6441674192412735,0.2127923834347578,0.14304019732396858,0.6571114503724496,0.20768834670283093,0.13520020292471963,0.028465225361287594,0.5572916666666667,0.44270833333333337,0.5604727872513917,0.4395272127486084
E1,2425,2024-08-24,Norwich,Sheffield United,1,1,D,,,0.3449540176684845,0.27238444046445176,0.38266154186706375,0.3454463052406911,0.2697767773355212,0.3847769174237877,0.02902297768741846,0.5406824146981627,0.4593175853018373,0.5429958391045165,0.45700416089548346
E1,2425,2024-08-24,Preston,Luton,1,0,H,,,0.29826643397324026,0.2725538103548575,0.4291797556719023,0.29684914357965647,0.27011073555580345,0.43304012086454025,0.02718856604769826,0.49081364829396334,0.5091863517060368,0.49035227961880756,0.5096477203811924
E1,2425,2024-08-24,Stoke,West Brom,1,2,A,,,0.37040135836798976,0.29701995718187857,0.33257868445013167,0.3720117387528007,0.29544501308579607,0.3325432481614031,0.029375610407441854,0.4226804123711341,0.577319587628866,0.41833623693271604,0.581663763067284
E1,2425,2024-08-24,Sunderland,Burnley,1,0,H,fpl-team-20,,0.31644621812258295,0.2774704375913557,0.40608334428606135,0.31572871005982645,0.2751224311962563,0.4091488587439174,0.02846750942990184,0.5,0.5,0.5,0.5
E1,2425,2024-08-24,Watford,Derby,2,1,H,,,0.5045344042503754,0.2613516166061502,0.23411397914347445,0.5121417683048033,0.2581401478626906,0.22971808383250605,0.030078950920142233,0.5092348284960422,0.4907651715039578,0.5097498467882865,0.49025015321171345
E1,2425,2024-08-25,Swansea,Cardiff,1,1,D,,,0.48047433175005694,0.26439509316972404,0.2551305750802189,0.48664133196932075,0.2615025396301794,0.25185612840049987,0.028323473292402923,0.5052631578947367,0.49473684210526314,0.5055407801420785,0.4944592198579216
E1,2425,2024-08-30,Luton,QPR,1,2,A,,,0.48219343887756894,0.26313603174205286,0.25467052938037826,0.48802072248452644,0.26038550198527083,0.25159377553020257,0.02643124188762158,0.5366492146596858,0.46335078534031415,0.5385834366765977,0.46141656332340236
E1,2425,2024-08-31,Burnley,Blackburn,1,1,D,,,0.4920176923266395,0.25874499896196573,0.24923730871139477,0.49827269422747694,0.25580168883658716,0.24592561693593595,0.026623393641784787,0.5301837270341206,0.46981627296587924,0.5318048564632609,0.468195143536739
E1,2425,2024-08-31,Cardiff,Middlesbrough,0,2,A,,,0.24115848520596092,0.2561090112429881,0.5027325035510509,0.23757288148803002,0.2530951457491083,0.5093319727628618,0.02631706790998578,0.5065616797900262,0.4934383202099738,0.5068900892950844,0.49310991070491567
E1,2425,2024-08-31,Coventry,Norwich,0,1,A,,,0.5022831050228311,0.25114155251141557,0.2465753424657534,0.5089821962158424,0.24788084675426417,0.2431369570298934,0.02679016813635826,0.5558441558441558,0.44415584415584414,0.5587528010118651,0.44124719898813486
E1,2425,2024-08-31,Derby,Bristol City,3,0,H,,,0.32296179598267033,0.28948404883812523,0.3875541551792044,0.32254987371800997,0.28775934484392063,0.3896907814380694,0.026600573677569628,0.46981627296587924,0.5301837270341206,0.468195143536739,0.5318048564632609
E1,2425,2024-08-31,Leeds,Hull,2,0,H,fpl-team-13,,0.7150226172525991,0.17943020395206732,0.10554717879533372,0.7296545125991812,0.17339357335083086,0.09695191404998793,0.026438782224431634,0.5903307888040712,0.4096692111959288,0.5950417648369755,0.40495823516302454
E1,2425,2024-08-31,Millwall,Sheffield Weds,3,0,H,,,0.39227152206477245,0.28593285644480404,0.32179562149042346,0.39460432614185587,0.28406052534845033,0.32133514850969375,0.02671961672604084,0.44908616187989553,0.5509138381201044,0.44626915021678265,0.5537308497832173
E1,2425,2024-08-31,Oxford,Preston,3,1,H,,,0.38891471252945237,0.28158810046642835,0.32949718700411934,0.39112954836635727,0.27953078289796973,0.329339668735673,0.026911722496151924,0.47769028871391084,0.5223097112860893,0.47653100668062165,0.5234689933193785
E1,2425,2024-08-31,Plymouth,Stoke,0,1,A,,,0.29971346486224565,0.2624562661915245,0.43783026894622984,0.2983958924007638,0.2597013091894379,0.4419027984097983,0.02630319376476109,0.5595854922279793,0.4404145077720207,0.5626361655828032,0.43736383441719673
E1,2425,2024-08-31,Portsmouth,Sunderland,1,3,A,,fpl-team-20,0.2727028449231389,0.2688401983944826,0.4584569566823785,0.2702840338956158,0.26626933005838654,0.46344663604599756,0.026919900672510266,0.48293963254593175,0.5170603674540682,0.48206797616735914,0.517932023832641
E1,2425,2024-08-31,West Brom,Swansea,1,0,H,,,0.5138844835012203,0.26189705082018117,0.2242184656785985,0.5208417714528265,0.2591299258512597,0.22002830269591375,0.02604223124217242,0.4855643044619423,0.5144356955380577,0.48483177054684756,0.5151682294531524
E1,2425,2024-09-01,Sheffield United,Watford,1,0,H,,,0.5329663254136887,0.24641040499645864,0.22062326958985254,0.5409881373658317,0.24290516584184754,0.21610669679232067,0.027187177445739508,0.5236842105263159,0.47631578947368425,0.5249868125159045,0.4750131874840955
E1,2425,2024-09-13,Hull,Sheffield United,0,2,A,,,0.28252299605781866,0.2759526938239159,0.44152431011826543,0.28050719889430237,0.27367921884129087,0.44581358226440687,0.026755814673379064,0.5078947368421052,0.4921052631578948,0.5083123216311592,0.4916876783688407
E1,2425,2024-09-14,Leeds,Burnley,0,1,A,fpl-team-13,,0.5520124630308046,0.24597446539196477,0.2020130715772306,0.5606607176695336,0.24249589558055562,0.19684338674991064,0.026782359229400754,0.5170603674540682,0.48293963254593175,0.517932023832641,0.48206797616735914
E1,2425,2024-09-14,Millwall,Luton,0,1,A,,,0.3595108992321409,0.2850176498416973,0.35547145092616184,0.36054825154824627,0.2831036931495317,0.356348055302222,0.0268195322714746,0.46335078534031415,0.5366492146596858,0.46141656332340236,0.5385834366765977
E1,2425,2024-09-14,Oxford,Stoke,1,0,H,,,0.30190921396417664,0.2804718733276671,0.41761891270815626,0.30062756830359577,0.27832563217862377,0.4210467995177805,0.027455310337245464,0.4855643044619423,0.5144356955380577,0.48483177054684756,0.5151682294531524
E1,2425,2024-09-14,Blackburn,Bristol City,3,0,H,,,0.44332901060340224,0.27262186284232204,0.2840491265542757,0.44773950816092273,0.2701900566441641,0.28207043519491315,0.027065366855822504,0.49868766404199477,0.5013123359580053,0.4986222099750107,0.5013777900249893
E1,2425,2024-09-14,Derby,Cardiff,1,0,H,,,0.4036174578195653,0.28742455329575106,0.30895798888468357,0.4064460679336591,0.2855798646080145,0.30797406745832645,0.027165873907506466,0.4569190600522194,0.5430809399477807,0.4546703296758698,0.5453296703241303
E1,2425,2024-09-14,Middlesbrough,Preston,1,1,D,,,0.6502148789066724,0.2095615283010467,0.14022359279228092,0.6627915067433029,0.2045695917690101,0.132638901487687,0.027114561526104808,0.5483028720626633,0.4516971279373368,0.5509221029460813,0.4490778970539186
E1,2425,2024-09-14,Plymouth,Sunderland,3,2,H,,fpl-team-20,0.2199324390546695,0.25345155409776077,0.5266160068475697,0.21532063692647022,0.25017579321431827,0.5345035698592115,0.02761302120052278,0.5483028720626633,0.4516971279373368,0.5509221029460813,0.4490778970539186
E1,2425,2024-09-14,Sheffield Weds,QPR,1,1,D,,,0.4126817485752175,0.28503544195885894,0.3022828094659236,0.4158327744124133,0.28312008107459913,0.3010471445129876,0.026799198938533664,0.4671916010498688,0.5328083989501312,0.46540654231752615,0.5345934576824739
E1,2425,2024-09-14,Swansea,Norwich,1,0,H,,,0.40652486996679243,0.2745515788471381,0.31892355118606946,0.40954728724879325,0.2721306724768504,0.3183220402743564,0.02789372205734253,0.5105263157894737,0.4894736842105264,0.5110852455382258,0.4889147544617743
E1,2425,2024-09-14,Watford,Coventry,1,1,D,,,0.3648752892774491,0.2757778349190023,0.3593468758035484,0.3661359100029956,0.2734786598256428,0.36038543017136165,0.027064521564170718,0.5287958115183247,0.4712041884816754,0.5302530253038402,0.4697469746961598
E1,2425,2024-09-15,Portsmouth,West Brom,0,3,A,,,0.2363640145173199,0.2661577978598392,0.49747818762284074,0.23259852192241068,0.26353195893497894,0.5038695191426105,0.026302742422558367,0.48684210526315796,0.513157894736842,0.48613998614008774,0.5138600138599122
E1,2425,2024-09-20,Stoke,Hull,1,3,A,,,0.4520542787433356,0.2735775173951023,0.27436820386156213,0.4567583308081248,0.27121001449889065,0.27203165469298457,0.026743099559098482,0.49868766404199477,0.5013123359580053,0.4986222099750107,0.5013777900249893
E1,2425,2024-09-21,Norwich,Watford,4,1,H,,,0.4374594944912508,0.2704521661099756,0.29208833939877366,0.4415862419544969,0.26796445258399726,0.2904493054615058,0.026748392032459378,0.5,0.5,0.5,0.5
E1,2425,2024-09-21,QPR,Millwall,1,1,D,,,0.40883273995927755,0.2900587023564293,0.30110855768429323,0.4118723276209073,0.2883181097432158,0.2998095626358769,0.027172930305823684,0.43152454780361754,0.5684754521963824,0.4278715296689119,0.572128470331088
E1,2425,2024-09-21,Sunderland,Middlesbrough,1,0,H,fpl-team-20,,0.38616873472907587,0.27696066689024096,0.33687059838068323,0.3882294752313288,0.2747669212638693,0.3370036035048019,0.026344595244154334,0.5065616797900262,0.4934383202099738,0.5068900892950844,0.49310991070491567
E1,2425,2024-09-21,Bristol City,Oxford,2,1,H,,,0.5330957814352555,0.25926516146304773,0.20763905710169686,0.5410834456558405,0.25627870514985085,0.20263784919430852,0.02706559794023633,0.4960629921259842,0.5039370078740157,0.495866402115726,0.504133597884274
E1,2425,2024-09-21,Burnley,Portsmouth,2,1,H,,,0.6420966170488852,0.21500067720188917,0.14290270574922556,0.6541003368866836,0.21032558540118262,0.13557407771213392,0.026526996633037925,0.5456919060052219,0.4543080939947781,0.5481218720770542,0.4518781279229459
E1,2425,2024-09-21,Cardiff,Leeds,0,2,A,,fpl-team-13,0.18493345219046767,0.2365856882137404,0.5784808595957921,0.17900718099074386,0.23266420326397083,0.5883286157452853,0.027257326059043407,0.5,0.5,0.5,0.5
E1,2425,2024-09-21,Coventry,Swansea,1,2,A,,,0.5472909270247649,0.24277264198790852,0.20993643098732664,0.5562165245688875,0.23897571582687854,0.20480775960423395,0.028262531151995063,0.5546875,0.44531250000000006,0.557655876785144,0.442344123214856
E1,2425,2024-09-21,Luton,Sheffield Weds,2,1,H,,,0.49607043130778006,0.2646632748038715,0.23926629388834847,0.5027642728208022,0.26182905335041134,0.23540667382878655,0.027804149547591805,0.5170603674540682,0.48293963254593175,0.517932023832641,0.48206797616735914
E1,2425,2024-09-21,Sheffield United,Derby,1,0,H,,,0.6011477311925743,0.22296089560663557,0.17589137320079026,0.6116669777786238,0.2185897408215522,0.1697432813998242,0.02667765272781253,0.5314136125654451,0.46858638743455505,0.5330241902133033,0.4669758097866967
E1,2425,2024-09-21,West Brom,Plymouth,1,0,H,,,0.6827474097305464,0.1917209898031231,0.12553160046633063,0.6967027521948844,0.18596556276368262,0.11733168504143297,0.027402943233028054,0.6095717884130982,0.3904282115869018,0.6159690748984209,0.3840309251015791
E1,2425,2024-09-22,Preston,Blackburn,0,0,D,,,0.34401262431648866,0.28930725286554854,0.3666801228179627,0.34446033287274774,0.2874530859612091,0.36808658116604315,0.028531299205496907,0.4659685863874345,0.5340314136125655,0.46419916281732926,0.5358008371826707
E1,2425,2024-09-27,Plymouth,Luton,3,1,H,,,0.2496577563225016,0.2470639095035665,0.5032783341739319,0.24646720763881405,0.24377626954395268,0.5097565228172332,0.02574228309094906,0.5974683544303797,0.4025316455696203,0.6026010020388961,0.3973989979611039
E1,2425,2024-09-28,Blackburn,QPR,2,0,H,,,0.4649056603773585,0.26943396226415095,0.2656603773584906,0.47021728570697546,0.2668532681579322,0.26292944613509234,0.02725926006678492,0.49473684210526314,0.5052631578947367,0.4944592198579216,0.5055407801420785
E1,2425,2024-09-28,Derby,Norwich,2,3,A,,,0.3475917817446951,0.2758504546985517,0.3765577635567531,0.348155477317422,0.2735654863339914,0.37827903634858656,0.026926382910460234,0.4894736842105264,0.5105263157894737,0.4889147544617743,0.5110852455382258
E1,2425,2024-09-28,Sheffield Weds,West Brom,3,2,H,,,0.3111592675798724,0.2849957255611444,0.4038450068589833,0.3102730719665338,0.28307494466293726,0.4066519833705288,0.02686894196085632,0.4581151832460733,0.5418848167539266,0.45583160800374806,0.544168391996252
E1,2425,2024-09-28,Hull,Cardiff,4,1,H,,,0.501291559036747,0.25197900174985416,0.2467294392133989,0.5082085164083506,0.2486265380592233,0.24316494553242599,0.027838435024023056,0.4973684210526315,0.5026315789473684,0.4972298401618182,0.5027701598381817
E1,2425,2024-09-28,Leeds,Coventry,3,0,H,fpl-team-13,,0.6060606060606061,0.21885521885521889,0.17508417508417512,0.6177484803928549,0.2139078583332156,0.16834366127392952,0.02916634501889348,0.5747422680412371,0.4252577319587629,0.5788150563967673,0.4211849436032326
E1,2425,2024-09-28,Middlesbrough,Stoke,2,0,H,,,0.5846937529825651,0.23102533654433063,0.1842809104731042,0.5951020834198137,0.22675371659415547,0.1781441999860308,0.02811962109990418,0.5509138381201044,0.44908616187989553,0.5537308497832173,0.44626915021678265
E1,2425,2024-09-28,Millwall,Preston,3,1,H,,,0.4936919681891993,0.28379897572552776,0.2225090560852729,0.5002336646302,0.2817558625401073,0.21801047282969263,0.02759006293490529,0.3964646464646465,0.6035353535353536,0.3907336833283123,0.6092663166716877
E1,2425,2024-09-28,Oxford,Burnley,0,0,D,,,0.2671638809349404,0.2679185811635702,0.46491753790148943,0.2644941089184793,0.2652788413889993,0.47022704969252127,0.02724570780992508,0.5,0.5,0.5,0.5
E1,2425,2024-09-28,Portsmouth,Sheffield United,0,0,D,,,0.23667253682421086,0.25308183271068946,0.5102456304650997,0.2328256654990208,0.2498760517071294,0.5172982827938497,0.026944628218188882,0.5249343832020998,0.4750656167979003,0.5262430939192101,0.4737569060807899
E1,2425,2024-09-28,Watford,Sunderland,2,1,H,,fpl-team-20,0.33211344922232383,0.27676120768526985,0.3911253430924062,0.33205636909393405,0.2744013651125479,0.393542265793518,0.028267564019188285,0.48157894736842105,0.5184210526315789,0.4805830628839423,0.5194169371160577
E1,2425,2024-09-29,Swansea,Bristol City,1,1,D,,,0.40621296733000145,0.2696513429854426,0.32413568968455597,0.4092651230547537,0.2669923569340973,0.32374252001114906,0.02830155985429883,0.5052631578947367,0.49473684210526314,0.5055407801420785,0.4944592198579216
E1,2425,2024-10-01,Burnley,Plymouth,1,0,H,,,0.6638321673786691,0.19532510274722154,0.1408427298741093,0.6769626759204019,0.1897734989375178,0.1332638251420802,0.02716169715858996,0.606060606060606,0.393939393939394,0.6121794871882096,0.38782051281179036
E1,2425,2024-10-01,Cardiff,Millwall,1,0,H,,,0.30062660668380464,0.3084350899742931,0.3909383033419023,0.29935072609124563,0.3074623806406978,0.3931868932680566,0.026338077383115888,0.3700980392156863,0.6299019607843138,0.3634267013849222,0.6365732986150776
E1,2425,2024-10-01,Coventry,Blackburn,3,0,H,,,0.45014990666188986,0.2769143740689759,0.27293571926913435,0.4547305543534646,0.274701148926854,0.2705682967196815,0.026462161913514137,0.5196850393700787,0.48031496062992135,0.5206987911941695,0.4793012088058304
E1,2425,2024-10-01,Luton,Oxford,2,2,D,,,0.5625049698276243,0.24189145012943641,0.19560358004293932,0.5713498703418899,0.2383365419396818,0.1903135877184283,0.026142354821786284,0.5118110236220472,0.48818897637795283,0.5124069478901967,0.4875930521098033
E1,2425,2024-10-01,Norwich,Leeds,1,1,D,,fpl-team-13,0.2586966904995424,0.26895661590179054,0.47234669359866704,0.2557476614917573,0.2664075104749899,0.4778448280332528,0.026703130453824997,0.5091863517060368,0.49081364829396334,0.5096477203811924,0.49035227961880756
E1,2425,2024-10-01,QPR,Hull,1,3,A,,,0.3864061525670339,0.2812305134067762,0.33236333402619006,0.3884515096292503,0.27922686702341454,0.33232162334733517,0.026019431767053902,0.4973684210526315,0.5026315789473684,0.4972298401618182,0.5027701598381817
E1,2425,2024-10-01,Sunderland,Derby,2,0,H,fpl-team-20,,0.5619386639064741,0.24925888241520763,0.1888024536783183,0.5709386480278282,0.24591394278868312,0.1831474091834886,0.026685743359848857,0.4750656167979003,0.5249343832020998,0.4737569060807899,0.5262430939192101
E1,2425,2024-10-01,West Brom,Middlesbrough,0,1,A,,,0.38595605557959517,0.28090292802538586,0.333141016395019,0.38803122747492674,0.27883990231819095,0.3331288702068822,0.02663350570946932,0.5052631578947367,0.49473684210526314,0.5055407801420785,0.4944592198579216
E1,2425,2024-10-02,Preston,Watford,3,0,H,,,0.37462263806887947,0.2880836700043358,0.3372936919267847,0.37630589857818403,0.2862423428851317,0.33745175853668435,0.02755034528672695,0.4671916010498688,0.5328083989501312,0.46540654231752615,0.5345934576824739
E1,2425,2024-10-02,Sheffield United,Swansea,1,0,H,,,0.5359037342177451,0.25093905014957907,0.2131572156326761,0.5440647953179976,0.2476008324112871,0.2083343722707153,0.027267662342637777,0.5223097112860893,0.47769028871391084,0.5234689933193785,0.47653100668062165
E1,2425,2024-10-02,Stoke,Portsmouth,6,1,H,,,0.5155688943673294,0.2563910177394287,0.22804008789324187,0.522894886438456,0.25328590380210314,0.2238192097594408,0.027182689285837114,0.5196850393700787,0.48031496062992135,0.5206987911941695,0.4793012088058304
E1,2425,2024-10-02,Bristol City,Sheffield Weds,0,0,D,,,0.4351418363261157,0.27025903224812886,0.29459913142575533,0.4392327191261057,0.2677295347345689,0.2930377461393255,0.027124508167617023,0.4934383202099738,0.5065616797900262,0.49310991070491567,0.5068900892950844
E1,2425,2024-10-04,Sunderland,Leeds,2,2,D,fpl-team-20,fpl-team-13,0.32097022587269,0.28965605749486656,0.3893737166324436,0.3204856018278763,0.28795785082688363,0.39155654734524015,0.026288036489859223,0.44791666666666663,0.5520833333333334,0.4451513821865228,0.5548486178134774
E1,2425,2024-10-05,Burnley,Preston,0,0,D,,,0.5676421993304887,0.25144893179891675,0.18090886887059465,0.5771940679067203,0.24806482544782218,0.1747411066454575,0.027669589966535568,0.4712041884816754,0.5287958115183247,0.4697469746961598,0.5302530253038402
E1,2425,2024-10-05,Norwich,Hull,4,0,H,,,0.4748352513210723,0.25460335191478406,0.27056139676414376,0.4804026671501269,0.25151032290796727,0.2680870099419058,0.026564420899376273,0.5662337662337663,0.43376623376623374,0.5700433994285419,0.42995660057145807
E1,2425,2024-10-05,Portsmouth,Oxford,1,1,D,,,0.3871729293724179,0.28231359433405473,0.33051347629352745,0.38933477775756026,0.28026954152527844,0.33039568071716124,0.027121391845867038,0.49473684210526314,0.5052631578947367,0.4944592198579216,0.5055407801420785
E1,2425,2024-10-05,Coventry,Sheffield Weds,1,2,A,,,0.5075170143449264,0.255810462756068,0.2366725228990056,0.5144605750731361,0.2527126746582211,0.2328267502686427,0.026941693387925625,0.5456919060052219,0.4543080939947781,0.5481218720770542,0.4518781279229459
E1,2425,2024-10-05,Derby,QPR,2,0,H,,,0.42253521126760557,0.28169014084507044,0.29577464788732394,0.42627401090003003,0.2795282798819222,0.29419770921804783,0.028304430888965726,0.46335078534031415,0.5366492146596858,0.46141656332340236,0.5385834366765977
E1,2425,2024-10-05,Plymouth,Blackburn,2,1,H,,,0.29807736219573455,0.2589852491208841,0.44293738868338123,0.2966309945876695,0.2559627746221219,0.4474062307902087,0.027535677538253367,0.5710594315245477,0.42894056847545214,0.5749604753801645,0.4250395246198356
E1,2425,2024-10-05,Sheffield United,Luton,2,0,H,,,0.49448210184303404,0.26082572404907284,0.24469217410789312,0.5008591184301566,0.25795085798565365,0.24119002358418976,0.026731698540970683,0.5078947368421052,0.4921052631578948,0.5083123216311592,0.4916876783688407
E1,2425,2024-10-05,Swansea,Stoke,0,0,D,,,0.42711795797946456,0.27564007753325914,0.2972419644872763,0.43091706390907286,0.27330707567748214,0.29577586041344495,0.027345869806595147,0.49473684210526314,0.5052631578947367,0.4944592198579216,0.5055407801420785
E1,2425,2024-10-05,Watford,Middlesbrough,2,1,H,,,0.2673230042834539,0.25579424938174156,0.47688274633480465,0.26468593701009663,0.25270421143386146,0.4826098515560419,0.02694179955869913,0.5721649484536083,0.42783505154639173,0.5759795940521147,0.4240204059478852
E1,2425,2024-10-05,West Brom,Millwall,0,0,D,,,0.4836043163168566,0.28464398197628793,0.2317517017068555,0.4897372058204061,0.2826391148899262,0.2276236792896677,0.027589084347710013,0.41071428571428575,0.5892857142857143,0.405891210226295,0.5941087897737051
E1,2425,2024-10-06,Bristol City,Cardiff,1,1,D,,,0.5376434368877694,0.2530086761824797,0.20934788692975093,0.5462587914477075,0.2495974117199009,0.20414379683239148,0.02856675023213029,0.48293963254593175,0.5170603674540682,0.48206797616735914,0.517932023832641
E1,2425,2024-10-18,Leeds,Sheffield United,2,0,H,fpl-team-13,,0.4998673525287432,0.26905041637524424,0.23108223109601264,0.5064106080605661,0.26651116501656075,0.22707822692287316,0.026549869449809194,0.46335078534031415,0.5366492146596858,0.46141656332340236,0.5385834366765977
E1,2425,2024-10-19,Cardiff,Plymouth,5,0,H,,,0.46299884770857036,0.26812080163914387,0.2688803506522859,0.46815504673454805,0.26552780199162385,0.2663171512738282,0.026844687527045608,0.5261780104712042,0.47382198952879584,0.5274868750139057,0.4725131249860944
E1,2425,2024-10-19,Luton,Watford,3,0,H,,,0.47015182001097494,0.2667715383208341,0.26307664166819095,0.47553070613126347,0.26415370226665735,0.26031559160207923,0.026539454702287912,0.5538057742782152,0.44619422572178474,0.5571508224138112,0.44284917758618875
E1,2425,2024-10-19,Oxford,West Brom,1,1,D,,,0.24735073662445073,0.27293874386146283,0.4797105195140863,0.24398627056219915,0.27056247279344076,0.48545125664436006,0.026482892455533147,0.46825396825396826,0.5317460317460317,0.46627034320104876,0.5337296567989512
E1,2425,2024-10-19,Preston,Coventry,1,0,H,,,0.33897238050654566,0.2858803209091349,0.37514729858431933,0.33919274930516013,0.28400054034642347,0.37680671034841623,0.02681277645751834,0.48677248677248675,0.5132275132275131,0.4859928283276833,0.5140071716723167
E1,2425,2024-10-19,Blackburn,Swansea,1,0,H,,,0.45276821668803846,0.27322219972554046,0.274009583586421,0.4573548779540913,0.2709139267882562,0.2717311952576526,0.025910195196047425,0.5,0.5,0.5,0.5
E1,2425,2024-10-19,Middlesbrough,Bristol City,0,2,A,,,0.5521598087758238,0.24227420180980022,0.20556598941437593,0.5607691666207957,0.23867204455509003,0.20055878882411426,0.02663782809395343,0.5354330708661418,0.4645669291338583,0.5373878364892272,0.46261216351077283
E1,2425,2024-10-19,Millwall,Derby,1,1,D,,,0.4672697151402308,0.2857100969080327,0.24702018795173655,0.4726595943287173,0.283782724624172,0.24355768104711079,0.027181406505405903,0.41538461538461535,0.5846153846153845,0.4106562703135704,0.5893437296864297
E1,2425,2024-10-19,QPR,Portsmouth,1,2,A,,,0.5080200288551302,0.2602732750572859,0.23170669608758385,0.5148492966277719,0.2574062887302809,0.2277444146419473,0.026417966233566403,0.5026315789473684,0.4973684210526315,0.5027701598381817,0.4972298401618182
E1,2425,2024-10-19,Sheffield Weds,Burnley,0,2,A,,,0.34259986729140124,0.2965630101241192,0.36083712258447964,0.3429667344942712,0.2951024132597619,0.36193085224596694,0.026875240495428443,0.44010416666666663,0.5598958333333334,0.4367001513590554,0.5632998486409446
E1,2425,2024-10-19,Stoke,Norwich,1,1,D,,,0.36894306268280647,0.2732517784134907,0.3578051589037029,0.37038088542929043,0.27082806307002094,0.3587910515006887,0.027339803287759423,0.5264550264550264,0.4735449735449735,0.5280733275309587,0.4719266724690414
E1,2425,2024-10-20,Hull,Sunderland,0,1,A,,fpl-team-20,0.3344069776248809,0.2696215802502601,0.39597144212485896,0.33444435988950266,0.2669570985762983,0.39859854153419905,0.028356809401884675,0.5366492146596858,0.46335078534031415,0.5385834366765977,0.46141656332340236
E1,2425,2024-10-22,Cardiff,Portsmouth,2,0,H,,,0.4950641967912055,0.265509289899194,0.23942651330960063,0.5013167008006467,0.26287857601064196,0.23580472318871123,0.02611018647439778,0.4921052631578948,0.5078947368421052,0.4916876783688407,0.5083123216311592
E1,2425,2024-10-22,Leeds,Watford,2,1,H,fpl-team-13,,0.7144440211933373,0.1796239221525782,0.10593205665408455,0.7292931071412379,0.17349465225435717,0.09721224060440495,0.02688377141021192,0.5907928388746803,0.4092071611253197,0.5960497835526194,0.40395021644738066
E1,2425,2024-10-22,Oxford,Derby,1,1,D,,,0.36828685903921643,0.29236310656036263,0.3393500344004209,0.3696439151906535,0.29077479834570713,0.33958128646363944,0.026223301887512207,0.44791666666666663,0.5520833333333334,0.4451513821865228,0.5548486178134774
E1,2425,2024-10-22,Preston,Norwich,2,2,D,,,0.3548152164237681,0.2916885828269014,0.3534962007493304,0.35563537747765894,0.29009880376256214,0.35426581875977875,0.025821457849815488,0.47244094488188976,0.5275590551181102,0.4709784411221318,0.5290215588778682
E1,2425,2024-10-22,Sheffield Weds,Swansea,0,0,D,,,0.44004703690411645,0.2812134910393171,0.2787394720565664,0.4441713354342674,0.279198656434991,0.2766300081307416,0.026074296911247075,0.46981627296587924,0.5301837270341206,0.468195143536739,0.5318048564632609
E1,2425,2024-10-22,Stoke,Bristol City,2,2,D,,,0.39383554796684245,0.28332646883584783,0.32283798319730966,0.39623775885656193,0.2813452814782553,0.32241695966518275,0.026805949164554477,0.48293963254593175,0.5170603674540682,0.48206797616735914,0.517932023832641
E1,2425,2024-10-22,QPR,Coventry,1,1,D,,,0.3243981601322156,0.28120905597260115,0.39439278389518334,0.32404869086629373,0.2792008713534453,0.3967504377802609,0.026061504380777478,0.5170603674540682,0.48293963254593175,0.517932023832641,0.48206797616735914
E1,2425,2024-10-23,Blackburn,West Brom,0,0,D,,,0.34027330701488007,0.2903249316732463,0.36940176131187374,0.3405447100164733,0.2886293571153242,0.3708259328682025,0.02667743805795908,0.4543080939947781,0.5456919060052219,0.4518781279229459,0.5481218720770542
E1,2425,2024-10-23,Hull,Burnley,1,1,D,,,0.34641957509537274,0.2885074880733499,0.3650729368312774,0.34693569485494047,0.2867343248828936,0.36632998026216596,0.026773580815643072,0.4595300261096606,0.5404699738903395,0.4574549846322122,0.5425450153677878
E1,2425,2024-10-23,Luton,Sunderland,1,2,A,,fpl-team-20,0.3685734093922181,0.2844545531945948,0.346972037413187,0.3700250291521366,0.2824440270711584,0.34753094377670507,0.027863897383213043,0.4842105263157894,0.5157894736842105,0.4833629103791193,0.5166370896208807
E1,2425,2024-10-23,Millwall,Plymouth,1,0,H,,,0.5855458198827327,0.23479807628961066,0.17965610382765665,0.5957033150079512,0.23079001777391414,0.17350666721813474,0.02734418516047299,0.5263157894736842,0.47368421052631576,0.5277777777735805,0.47222222222641946
E1,2425,2024-10-23,Middlesbrough,Sheffield United,1,0,H,,,0.4607008984351758,0.26658535134170286,0.2727137502231213,0.4657762891349823,0.26392715235592484,0.27029655850909284,0.026900676311925054,0.4973684210526315,0.5026315789473684,0.4972298401618182,0.5027701598381817
E1,2425,2024-10-25,Portsmouth,Sheffield Weds,1,2,A,,,0.27944960073183284,0.27863010043643155,0.4419202988317356,0.277350508402906,0.2764994252169096,0.4461500663801844,0.026282632490620017,0.48031496062992135,0.5196850393700787,0.4793012088058304,0.5206987911941695
E1,2425,2024-10-26,Bristol City,Leeds,0,0,D,,fpl-team-13,0.2346380239850369,0.26113983936626695,0.5042221366486963,0.23062428639061575,0.25818562644398174,0.5111900871654025,0.027565642492845654,0.5026315789473684,0.4973684210526315,0.5027701598381817,0.4972298401618182
E1,2425,2024-10-26,Coventry,Luton,3,2,H,,,0.42813823512347937,0.2739097642576727,0.2979520006188478,0.4318038864466301,0.2716163208352839,0.296579792718086,0.026087153237313032,0.5249343832020998,0.4750656167979003,0.5262430939192101,0.4737569060807899
E1,2425,2024-10-26,Watford,Blackburn,1,0,H,,,0.3841213846184683,0.2782345513218817,0.3376440640596501,0.38615139876233684,0.2760371442532623,0.33781145698440085,0.02700754499528557,0.5235602094240838,0.4764397905759163,0.5247252747287677,0.4752747252712324
E1,2425,2024-10-26,Burnley,QPR,0,0,D,,,0.5606211497616047,0.2546907911551376,0.1846880590832577,0.5699815892051943,0.25140782865915934,0.17861058213564632,0.027945356676355004,0.46073298429319376,0.5392670157068064,0.4586275375035324,0.5413724624964675
E1,2425,2024-10-26,Derby,Hull,1,1,D,,,0.4062366813467822,0.27795141355306147,0.3158119051001563,0.40904635114034893,0.27582183105410957,0.31513181780554156,0.026006572414189577,0.5078947368421052,0.4921052631578948,0.5083123216311592,0.4916876783688407
E1,2425,2024-10-26,Plymouth,Preston,3,3,D,,,0.3505738776696208,0.2767688507918059,0.3726572715385733,0.3512897547680677,0.2744116866915557,0.37429855854037664,0.028249677270650864,0.5,0.5,0.5,0.5
E1,2425,2024-10-26,Sheffield United,Stoke,2,0,H,,,0.5338534871732864,0.25544602343237893,0.21070048939433475,0.5416514175595053,0.25239672382504524,0.20595185861544946,0.02630828763358295,0.4986807387862796,0.5013192612137204,0.49860763018684684,0.5013923698131533
E1,2425,2024-10-26,Sunderland,Oxford,2,0,H,fpl-team-20,,0.6072547706558022,0.22448280621399325,0.16826242313020454,0.6185728966948674,0.21993516428458218,0.16149193902055048,0.02811493119224906,0.5340314136125655,0.4659685863874345,0.5358008371826707,0.46419916281732926
E1,2425,2024-10-26,Swansea,Millwall,0,1,A,,,0.38209985577468436,0.2933769790468165,0.324523165178499,0.38409668611586856,0.29174379053827426,0.3241595233458571,0.0276550583075732,0.4226804123711341,0.577319587628866,0.41833623693271604,0.581663763067284
E1,2425,2024-10-26,West Brom,Cardiff,0,0,D,,,0.5684555396612986,0.24467029670988885,0.1868741636288127,0.5777812898328082,0.24111800561026378,0.18110070455692803,0.02689615893177688,0.47368421052631576,0.5263157894736842,0.47222222222641946,0.5277777777735805
E1,2425,2024-10-27,Norwich,Middlesbrough,3,3,D,,,0.33897898090191625,0.2702146733475275,0.39080634575055634,0.3392112832639681,0.2675435712925429,0.39324514544348904,0.028702361625619233,0.5584415584415584,0.44155844155844154,0.5615595075196119,0.4384404924803881
E1,2425,2024-11-01,Luton,West Brom,1,1,D,,,0.3400835952434954,0.28927842400285125,0.37063798075365323,0.3403501870639608,0.2875227930711634,0.37212701986487584,0.026971892802976072,0.4750656167979003,0.5249343832020998,0.4737569060807899,0.5262430939192101
E1,2425,2024-11-02,Blackburn,Sheffield United,0,2,A,,,0.3374885276661704,0.2991617548081825,0.363349717525647,0.3376542416983219,0.29778588560882663,0.36455987269285145,0.027241043280810118,0.43782383419689114,0.5621761658031088,0.4345567583861699,0.5654432416138302
E1,2425,2024-11-02,Oxford,Swansea,1,2,A,,,0.3424292112283107,0.29827953305107563,0.3592912557206138,0.34279292311694554,0.29687362855605887,0.3603334483269956,0.027137361001223326,0.44155844155844154,0.5584415584415584,0.4384404924803881,0.5615595075196119
E1,2425,2024-11-02,Stoke,Derby,2,1,H,,,0.42737204127048345,0.28069997976937083,0.29192797896014566,0.4311384126374053,0.27859403352989076,0.29026755383270386,0.027031107805669308,0.47769028871391084,0.5223097112860893,0.47653100668062165,0.5234689933193785
E1,2425,2024-11-02,Cardiff,Norwich,2,1,H,,,0.3674955680130324,0.26783575295865075,0.36466867902831673,0.3688749128617566,0.2651919055901731,0.3659331815480703,0.027368003968149424,0.5392670157068064,0.46073298429319376,0.5413724624964675,0.4586275375035324
E1,2425,2024-11-02,Hull,Portsmouth,1,1,D,,,0.5661888701517707,0.23313659359190556,0.20067453625632375,0.5750703104454612,0.22929694705658163,0.19563274249795723,0.025827499572187662,0.5721649484536083,0.42783505154639173,0.5759795940521147,0.4240204059478852
E1,2425,2024-11-02,Leeds,Plymouth,3,0,H,fpl-team-13,,0.8034088619708379,0.12759387040721248,0.06899726762194967,0.8225731149128498,0.11890132716637519,0.058525557920775045,0.028972506057471037,0.6650943396226415,0.33490566037735847,0.674807711503422,0.325192288496578
E1,2425,2024-11-02,Middlesbrough,Coventry,0,3,A,,,0.5524608788067578,0.23637629640488142,0.2111628247883607,0.5609901583472909,0.23258919531510408,0.206420646337605,0.02634490141645074,0.5684754521963824,0.43152454780361754,0.572128470331088,0.4278715296689119
E1,2425,2024-11-02,Preston,Bristol City,1,3,A,,,0.3775155915858289,0.29797614304416054,0.32450826537001043,0.37932616869253855,0.29652945671236935,0.32414437459509204,0.02767726848833263,0.43264248704663216,0.5673575129533679,0.4289093046652558,0.5710906953347442
E1,2425,2024-11-02,QPR,Sunderland,0,0,D,,fpl-team-20,0.2621528427067984,0.2816003829669466,0.4562467743262549,0.2593186775659839,0.27953214560218037,0.4611491768318358,0.026925956597551703,0.43896103896103894,0.5610389610389611,0.4356234933220219,0.5643765066779782
E1,2425,2024-11-02,Sheffield Weds,Watford,2,6,A,,,0.48389866588434804,0.2671665873614992,0.24893474675415278,0.4899744234868643,0.2644905587603674,0.24553501775276826,0.027259514667093754,0.4921052631578948,0.5078947368421052,0.4916876783688407,0.5083123216311592
E1,2425,2024-11-03,Millwall,Burnley,1,0,H,,,0.3412917340435651,0.31617996765908873,0.34252829829734616,0.34163143719671624,0.3154476807829843,0.34292088202029947,0.028890231158584356,0.3535108958837772,0.6464891041162226,0.3448001641709223,0.6551998358290777
E1,2425,2024-11-05,Bristol City,Sheffield United,1,2,A,,,0.31234088810912125,0.2903719571412014,0.39728715474967724,0.31151091626298555,0.28868127708985236,0.39980780664716215,0.02659865072928369,0.4569190600522194,0.5430809399477807,0.4546703296758698,0.5453296703241303
E1,2425,2024-11-05,Oxford,Hull,1,0,H,,,0.3221113898485674,0.28030342184462353,0.3975851883068091,0.3216710428364513,0.2782491399861441,0.4000798171774047,0.026205654139630497,0.4921052631578948,0.5078947368421052,0.4916876783688407,0.5083123216311592
E1,2425,2024-11-05,QPR,Middlesbrough,1,4,A,,,0.2593892364365586,0.2659284608845391,0.47468230267890227,0.2564633036350909,0.26325762402003555,0.4802790723448735,0.02673424524255097,0.5078947368421052,0.4921052631578948,0.5083123216311592,0.4916876783688407
E1,2425,2024-11-05,Sheffield Weds,Norwich,2,0,H,,,0.4278328306764326,0.28522188711762175,0.28694528220594573,0.4315390507175173,0.28333529078480024,0.28512565849768245,0.026462259935215116,0.4750656167979003,0.5249343832020998,0.4737569060807899,0.5262430939192101
E1,2425,2024-11-05,Plymouth,Portsmouth,1,0,H,,,0.4202737209229907,0.2683103416062031,0.31141593747080626,0.4236799082063295,0.26576973093806044,0.3105503608556101,0.02644477249123156,0.5494791666666667,0.45052083333333337,0.5520505163905842,0.44794948360941583
E1,2425,2024-11-05,Swansea,Watford,1,0,H,,,0.4778256503288088,0.26860820456337,0.2535661451078212,0.4833695267991865,0.2661205901200458,0.2505098830807676,0.025897821178659797,0.5196850393700787,0.48031496062992135,0.5206987911941695,0.4793012088058304
E1,2425,2024-11-06,Blackburn,Stoke,0,2,A,,,0.46910199213746184,0.2676796678298511,0.2632183400326869,0.47467452424723133,0.26498362130730696,0.2603418544454616,0.027722342405468225,0.5078947368421052,0.4921052631578948,0.5083123216311592,0.4916876783688407
E1,2425,2024-11-06,Coventry,Derby,1,2,A,,,0.5305858328347338,0.25525480606643947,0.21415936109882677,0.539196458591801,0.2518233608518017,0.20898018055639742,0.02957820170558989,0.5052631578947367,0.49473684210526314,0.5055407801420785,0.4944592198579216
E1,2425,2024-11-06,Millwall,Leeds,1,0,H,,fpl-team-13,0.22818416041223252,0.28251372241514505,0.4893021171726224,0.2240291673694083,0.28047874504189757,0.4954920875886942,0.02682288968935609,0.4096692111959288,0.5903307888040712,0.40495823516302454,0.5950417648369755
E1,2425,2024-11-06,Luton,Cardiff,1,0,H,,,0.500929416465438,0.25938536907388426,0.23968521446067784,0.5079250973152333,0.2562906812656915,0.23578422141907515,0.028223549714311957,0.5236842105263159,0.47631578947368425,0.5249868125159045,0.4750131874840955
E1,2425,2024-11-06,Preston,Sunderland,0,0,D,,fpl-team-20,0.2994405399486332,0.2966332848866148,0.40392617516475204,0.2980960270235644,0.2951781910895476,0.406725781886888,0.026761787245050073,0.43152454780361754,0.5684754521963824,0.4278715296689119,0.572128470331088
E1,2425,2024-11-07,West Brom,Burnley,0,0,D,,,0.4135142206963265,0.2977822532687382,0.2887035260349352,0.41684364200678087,0.2963045085852162,0.28685184940800296,0.02803658414632082,0.3954659949622167,0.6045340050377834,0.3898619957563648,0.6101380042436351
E1,2425,2024-11-08,Watford,Oxford,1,0,H,,,0.5584861703771499,0.24854096587464783,0.19297286374820216,0.5673963808451351,0.24515375714984258,0.18744986200502228,0.026817749021574855,0.5,0.5,0.5,0.5
E1,2425,2024-11-09,Cardiff,Blackburn,1,3,A,,,0.4092946077716511,0.27523579421166106,0.3154695980166879,0.4122857967374717,0.27295362550042723,0.3147605777621011,0.026580049889162183,0.4934383202099738,0.5065616797900262,0.49310991070491567,0.5068900892950844
E1,2425,2024-11-09,Middlesbrough,Luton,5,1,H,,,0.5396337996133287,0.2435270480306304,0.21683915235604076,0.5477429114309214,0.23998407400441707,0.21227301456466158,0.02659373520873487,0.5535248041775457,0.4464751958224543,0.5565486042241833,0.4434513957758167
E1,2425,2024-11-09,Stoke,Millwall,1,1,D,,,0.36651622381663607,0.30040412015350865,0.33307965602985523,0.36782923300641374,0.29910293640553076,0.3330678305880555,0.026722087990492582,0.41687979539641945,0.5831202046035805,0.4125497793691309,0.587450220630869
E1,2425,2024-11-09,Derby,Plymouth,1,1,D,,,0.5717539732299498,0.23727789889042913,0.19096812787962103,0.5812528553953812,0.2334216088663004,0.1853255357383184,0.02701428602449596,0.5328083989501312,0.4671916010498688,0.5345934576824739,0.46540654231752615
E1,2425,2024-11-09,Leeds,QPR,2,0,H,fpl-team-13,,0.7565431967086529,0.16276746917139692,0.08068933411995018,0.7745983280216656,0.15519711725052462,0.07020455472780965,0.029966292437165976,0.5677083333333334,0.43229166666666663,0.5718470211130101,0.42815297888698983
E1,2425,2024-11-09,Norwich,Bristol City,0,2,A,,,0.4120408541660914,0.27311065261729395,0.3148484932166147,0.41526010217821946,0.27065396618322113,0.31408593163855947,0.02762238890863955,0.5275590551181102,0.47244094488188976,0.5290215588778682,0.4709784411221318
E1,2425,2024-11-09,Portsmouth,Preston,3,1,H,,,0.3301405652491691,0.2862548103519986,0.3836046243988322,0.33000552438215014,0.284327544721048,0.3856669308968019,0.02771532186307013,0.4569190600522194,0.5430809399477807,0.4546703296758698,0.5453296703241303
E1,2425,2024-11-09,Sunderland,Coventry,2,2,D,fpl-team-20,,0.4333677027700221,0.2850075883082127,0.28162470892176505,0.4373495062062543,0.28308334717390454,0.2795671466198411,0.026862572296522558,0.4894736842105264,0.5105263157894737,0.4889147544617743,0.5110852455382258
E1,2425,2024-11-10,Sheffield United,Sheffield Weds,1,0,H,,,0.49995822541565715,0.2684434789873841,0.2315982955969588,0.507163469620604,0.26562152496147107,0.227215005417925,0.029259512666612864,0.46073298429319376,0.5392670157068064,0.4586275375035324,0.5413724624964675
E1,2425,2024-11-10,Hull,West Brom,1,2,A,,,0.3490817054967875,0.2912583555065221,0.3596599389966902,0.3496999120999123,0.2896045229725093,0.3606955649275784,0.026598816621117294,0.45669291338582685,0.5433070866141733,0.4541895718808615,0.5458104281191385
E1,2425,2024-11-10,Burnley,Swansea,1,0,H,,,0.4906646935503762,0.27608829695400167,0.23324700949562216,0.4972006399688879,0.27369435046347557,0.22910500956763646,0.028088619466871023,0.4252577319587629,0.5747422680412371,0.4211849436032326,0.5788150563967673
E1,2425,2024-11-22,Plymouth,Watford,2,2,D,,,0.3069606503861374,0.2733453630239667,0.4196939865898958,0.30589350507290564,0.27093660480347515,0.42316989012361933,0.027171756606549025,0.5494791666666667,0.45052083333333337,0.5520505163905842,0.44794948360941583
E1,2425,2024-11-23,Bristol City,Burnley,0,1,A,,,0.3444993743461405,0.3046216332642721,0.3508789923895875,0.34495738918650765,0.3034429888956196,0.3515996219178728,0.0277785878861323,0.4096692111959288,0.5903307888040712,0.40495823516302454,0.5950417648369755
E1,2425,2024-11-23,Coventry,Sheffield United,2,2,D,,,0.37005469628739307,0.28794529559140614,0.34200000812120085,0.3715647870125571,0.28608184084731086,0.3423533721401321,0.027803437085822225,0.4671916010498688,0.5328083989501312,0.46540654231752615,0.5345934576824739
E1,2425,2024-11-23,Sheffield Weds,Cardiff,1,1,D,,,0.47238332404949923,0.2744192142599692,0.25319746169053153,0.47787433995221074,0.2720866768050327,0.2500389832427566,0.026662988355383277,0.48157894736842105,0.5184210526315789,0.4805830628839423,0.5194169371160577
E1,2425,2024-11-23,Luton,Hull,1,0,H,,,0.4710215243472125,0.26744442484121383,0.26153405081157377,0.47676683307600437,0.2646932184083147,0.2585399485156809,0.028190681943669915,0.5026455026455027,0.4973544973544974,0.502799552071699,0.497200447928301
E1,2425,2024-11-23,Millwall,Sunderland,1,1,D,,fpl-team-20,0.4049438309899639,0.29986346978370737,0.29519269922632874,0.4078805695862534,0.2984901957202874,0.29362923469345925,0.02768518542870879,0.3954659949622167,0.6045340050377834,0.3898619957563648,0.6101380042436351
E1,2425,2024-11-23,Oxford,Middlesbrough,2,6,A,,,0.18035929980635387,0.23151254865118776,0.5881281515424582,0.1740253471511172,0.22722974423547004,0.5987449086134127,0.02831025468185544,0.5210526315789473,0.4789473684210527,0.5222000222007822,0.47779997779921773
E1,2425,2024-11-23,Preston,Derby,1,1,D,,,0.42852629731469016,0.2896156321301117,0.281858070555198,0.43247285592977197,0.28780159199031535,0.27972555207991256,0.027992700692266226,0.4352331606217616,0.5647668393782384,0.43173875054910793,0.5682612494508922
E1,2425,2024-11-23,QPR,Stoke,1,1,D,,,0.36567306637856456,0.28613088879772874,0.34819604482370664,0.3670086872726326,0.2841838551876354,0.34880745753973197,0.02794129867106676,0.48157894736842105,0.5184210526315789,0.4805830628839423,0.5194169371160577
E1,2425,2024-11-23,West Brom,Norwich,2,2,D,,,0.5090931324261714,0.26598686132378624,0.2249200062500425,0.5164067542136879,0.26316676275944834,0.22042648302686388,0.02815050771459937,0.47244094488188976,0.5275590551181102,0.4709784411221318,0.5290215588778682
E1,2425,2024-11-24,Swansea,Leeds,3,4,A,,fpl-team-13,0.2146585870430643,0.26470539244917196,0.5206360205077637,0.2093029314711548,0.2615637295046521,0.529133339024193,0.030752885155379772,0.4554973821989528,0.544502617801047,0.45302829355420515,0.5469717064457948
E1,2425,2024-11-26,Burnley,Coventry,2,0,H,,,0.4270409356725146,0.2908070175438597,0.28215204678362577,0.4308502136831539,0.2890766410671006,0.28007314524974547,0.027440346078947186,0.4205128205128206,0.5794871794871795,0.416360889285732,0.5836391107142681
E1,2425,2024-11-26,Hull,Sheffield Weds,0,2,A,,,0.40178036804917966,0.28733383896850423,0.31088579298231606,0.40455157113021795,0.28547460854509743,0.3099738203246846,0.027331794379279017,0.46073298429319376,0.5392670157068064,0.4586275375035324,0.5413724624964675
E1,2425,2024-11-26,Norwich,Plymouth,6,1,H,,,0.6502193783492263,0.20328057652888018,0.14650004512189357,0.6627970763960093,0.1980542375959899,0.13914868600800084,0.02709553635213524,0.5979643765903307,0.4020356234096692,0.6036897387398802,0.39631026126011987
E1,2425,2024-11-26,Sheffield United,Oxford,3,0,H,,,0.6693539124990275,0.2135915855614874,0.11705450193948512,0.6823622410152613,0.2088279197614905,0.10880983922324808,0.026564825093373656,0.4894736842105264,0.5105263157894737,0.4889147544617743,0.5110852455382258
E1,2425,2024-11-26,Stoke,Preston,0,0,D,,,0.46019830028328607,0.2771954674220963,0.26260623229461755,0.46536070932699264,0.2749071431916049,0.25973214748140244,0.027478456730023026,0.4581151832460733,0.5418848167539266,0.45583160800374806,0.544168391996252
E1,2425,2024-11-26,Watford,Bristol City,1,0,H,,,0.4240209446929203,0.28100796334678746,0.29497109196029236,0.4275759808852806,0.2789591468981582,0.2934648722165613,0.026450333883985877,0.47769028871391084,0.5223097112860893,0.47653100668062165,0.5234689933193785
E1,2425,2024-11-26,Sunderland,West Brom,0,0,D,fpl-team-20,,0.40165717576300475,0.29256510333354663,0.30577772090344874,0.4044397732375147,0.2909065472869747,0.30465367947551064,0.027492990717291832,0.42894056847545214,0.5710594315245477,0.4250395246198356,0.5749604753801645
E1,2425,2024-11-27,Cardiff,QPR,0,2,A,,,0.4820333041191937,0.2713158883185176,0.24665080756228872,0.48789217584756467,0.2688647493127637,0.24324307483967156,0.026608327636495233,0.4645669291338583,0.5354330708661418,0.46261216351077283,0.5373878364892272
E1,2425,2024-11-27,Leeds,Luton,3,0,H,fpl-team-13,,0.6708957479201474,0.20609215785782306,0.1230120942220296,0.6852176898961609,0.20056192552017224,0.11422038458366682,0.029158403631299734,0.5289473684210526,0.4710526315789474,0.5305733900309719,0.4694266099690281
E1,2425,2024-11-27,Middlesbrough,Blackburn,0,1,A,,,0.619605952354862,0.21944377479234692,0.16095027285279098,0.6312757601382721,0.2147454925235773,0.15397874733815042,0.027762244222685695,0.5546875,0.44531250000000006,0.557655876785144,0.442344123214856
E1,2425,2024-11-27,Derby,Swansea,1,2,A,,,0.38374599169426477,0.29164695368764126,0.32460705461809386,0.38580020605105153,0.28995144962117547,0.32424834432777305,0.027519389521330595,0.43376623376623374,0.5662337662337663,0.42995660057145807,0.5700433994285419
E1,2425,2024-11-29,Sheffield United,Sunderland,1,0,H,,fpl-team-20,0.46787247288574335,0.2904529418831984,0.24167458523105825,0.47315190064105894,0.2887571609310386,0.23809093842790247,0.026501730317249894,0.4035532994923858,0.5964467005076142,0.3983005486587334,0.6016994513412668
E1,2425,2024-11-30,Middlesbrough,Hull,3,1,H,,,0.6306150053964379,0.21067316438633782,0.15871183021722432,0.6432421931049866,0.20540503061830437,0.151352776276709,0.028976102941669524,0.588235294117647,0.411764705882353,0.5931677018775194,0.4068322981224806
E1,2425,2024-11-30,Oxford,Millwall,1,1,D,,,0.2711119602598395,0.28754298815437523,0.44134505158578524,0.2686292661041512,0.2857097430690979,0.44566099082675087,0.02697074692696333,0.40609137055837563,0.5939086294416244,0.4011752136730462,0.5988247863269538
E1,2425,2024-11-30,Watford,QPR,0,0,D,,,0.5067920978363123,0.26035747883349014,0.23285042333019756,0.5138985909960568,0.25735642938820746,0.2287449796157356,0.027701625367626548,0.49473684210526314,0.5052631578947367,0.4944592198579216,0.5055407801420785
E1,2425,2024-11-30,Blackburn,Leeds,1,0,H,,fpl-team-13,0.2223112196880194,0.26017741644806663,0.5175113638639139,0.2177201803307447,0.257123442063718,0.5251563776055374,0.028086593840271235,0.48157894736842105,0.5184210526315789,0.4805830628839423,0.5194169371160577
E1,2425,2024-11-30,Bristol City,Plymouth,4,0,H,,,0.635331010931149,0.2136892113515603,0.1509797777172906,0.6479780151587753,0.2086075938310388,0.14341439101018594,0.02858865330927074,0.5621761658031088,0.43782383419689114,0.5654432416138302,0.4345567583861699
E1,2425,2024-11-30,Coventry,Cardiff,2,2,D,,,0.5540906099968319,0.2417078936465772,0.20420149635659107,0.5631768750893922,0.23791436777626176,0.19890875713434597,0.02789090108126402,0.5157894736842105,0.4842105263157894,0.5166370896208807,0.4833629103791193
E1,2425,2024-11-30,Norwich,Luton,4,2,H,,,0.46019830028328607,0.26260623229461755,0.2771954674220963,0.46536070932699264,0.25973214748140244,0.2749071431916049,0.027478456730023026,0.5249343832020998,0.4750656167979003,0.5262430939192101,0.4737569060807899
E1,2425,2024-11-30,Preston,West Brom,1,1,D,,,0.32025551871917196,0.29439637745613323,0.38534810382469475,0.3197210736574858,0.29281541059154903,0.3874635157509652,0.02746151969768107,0.411764705882353,0.588235294117647,0.4068322981224806,0.5931677018775194
E1,2425,2024-11-30,Stoke,Burnley,0,2,A,,,0.30555610916903503,0.28791001167902996,0.40653387915193506,0.3044065314378787,0.28603711719563596,0.40955635136648527,0.02787882019765675,0.43264248704663216,0.5673575129533679,0.4289093046652558,0.5710906953347442
E1,2425,2024-11-30,Swansea,Portsmouth,2,2,D,,,0.5570082734464642,0.24279847816897157,0.20019324838456426,0.5663210315741951,0.2390025456088697,0.1946764228169352,0.028226269874721766,0.5144356955380577,0.4855643044619423,0.5151682294531524,0.48483177054684756
E1,2425,2024-12-01,Derby,Sheffield Weds,1,2,A,,,0.38883945440583134,0.29620058752544526,0.3149599580687234,0.3912366605144791,0.2945991858139807,0.31416415367154016,0.029181241057813168,0.42894056847545214,0.5710594315245477,0.4250395246198356,0.5749604753801645
E1,2425,2024-12-06,Burnley,Middlesbrough,1,1,D,,,0.38336505075457955,0.2943483981025874,0.32228655114283294,0.38528630442561385,0.2928537122427016,0.3218599833316845,0.02591253793798387,0.4595300261096606,0.5404699738903395,0.4574549846322122,0.5425450153677878
E1,2425,2024-12-07,Leeds,Derby,2,0,H,fpl-team-13,,0.7046323255460956,0.19373801211552527,0.10162966233837918,0.7187755844967398,0.18826110943222854,0.09296330607103163,0.026276849443092942,0.5091863517060368,0.49081364829396334,0.5096477203811924,0.49035227961880756
E1,2425,2024-12-07,Sheffield Weds,Preston,1,1,D,,,0.48720784487207847,0.2827545528275455,0.230037602300376,0.4932131816356207,0.2807639293150072,0.22602288904937212,0.026368595543317497,0.42783505154639173,0.5721649484536083,0.4240204059478852,0.5759795940521147
E1,2425,2024-12-07,Sunderland,Stoke,2,1,H,fpl-team-20,,0.5342964395404391,0.2598490880825086,0.20585447237705232,0.5419818396090357,0.25701494567616845,0.2010032147147958,0.02587128838058561,0.4855643044619423,0.5144356955380577,0.48483177054684756,0.5151682294531524
E1,2425,2024-12-07,Hull,Blackburn,0,1,A,,,0.3753613922498201,0.28179950219348504,0.3428391055566949,0.37701043282460656,0.2797810997185661,0.3432084674568274,0.026513499557040632,0.47368421052631576,0.5263157894736842,0.47222222222641946,0.5277777777735805
E1,2425,2024-12-07,Luton,Swansea,1,1,D,,,0.42045618904286297,0.28535465082188294,0.294189160135254,0.4238412773429986,0.28349189766884225,0.2926668249881592,0.026212682714685798,0.47244094488188976,0.5275590551181102,0.4709784411221318,0.5290215588778682
E1,2425,2024-12-07,Millwall,Coventry,0,1,A,,,0.3709664296291475,0.31035099995118226,0.31868257041967035,0.37244407902983895,0.30944917370062147,0.3181067472695397,0.026501446729525924,0.39898989898989906,0.601010101010101,0.3936283373992048,0.6063716626007953
E1,2425,2024-12-07,Portsmouth,Bristol City,3,0,H,,,0.29797261767970873,0.2795684265877267,0.4224589557325647,0.2966043892546083,0.27749560136000856,0.4259000093853831,0.026046946761198342,0.49473684210526314,0.5052631578947367,0.4944592198579216,0.5055407801420785
E1,2425,2024-12-07,QPR,Norwich,3,0,H,,,0.31784185278795074,0.2811677928508795,0.40099035436116987,0.3172374358760052,0.279151462405362,0.4036111017186328,0.026140759931877255,0.49473684210526314,0.5052631578947367,0.4944592198579216,0.5055407801420785
E1,2425,2024-12-08,West Brom,Sheffield United,2,2,D,,,0.3838685860435898,0.29602405067938276,0.32010736327702743,0.386073992057171,0.2943985341647402,0.3195274737780888,0.029495349852368236,0.4226804123711341,0.577319587628866,0.41833623693271604,0.581663763067284
E1,2425,2024-12-10,Burnley,Derby,0,0,D,,,0.5548134803813876,0.27338635265169825,0.1718001669669142,0.5647038593604797,0.27063547135379784,0.16466066928572237,0.03039062046445906,0.3746898263027295,0.6253101736972705,0.3672868705979853,0.6327131294020147
E1,2425,2024-12-10,Luton,Stoke,2,1,H,,,0.45664168718956366,0.27558259256046547,0.26777572024997076,0.46193781107090226,0.2730999002646499,0.26496228866444776,0.029021407011896372,0.5052631578947367,0.49473684210526314,0.5055407801420785,0.4944592198579216
E1,2425,2024-12-10,Plymouth,Swansea,1,2,A,,,0.21270123593351792,0.2433214652709909,0.5439772987954912,0.20765752080564287,0.2395274161856999,0.5528150630086572,0.028421671595424414,0.5483028720626633,0.4516971279373368,0.5509221029460813,0.4490778970539186
E1,2425,2024-12-10,Portsmouth,Norwich,0,0,D,,,0.29245492989094146,0.27620743378588913,0.43133763632316935,0.29067560304939577,0.2737298335498008,0.4355945634008034,0.029347749426960945,0.5013192612137204,0.4986807387862796,0.5013923698131533,0.49860763018684684
E1,2425,2024-12-10,Sheffield Weds,Blackburn,0,1,A,,,0.41175536139793495,0.29229547259729943,0.2959491660047657,0.415005917606578,0.29059507056904627,0.2943990118243758,0.02798529644496739,0.4363636363636364,0.5636363636363637,0.43279569893156794,0.567204301068432
E1,2425,2024-12-10,Sunderland,Bristol City,1,1,D,fpl-team-20,,0.5005433601391003,0.2758096066072593,0.22364703325364052,0.5076209609449001,0.2733530063905464,0.21902603266455345,0.028641520766541362,0.44531250000000006,0.5546875,0.442344123214856,0.557655876785144
E1,2425,2024-12-10,Leeds,Middlesbrough,3,1,H,fpl-team-13,,0.5374851802775646,0.2577585605690773,0.20475625915335793,0.5461396198643128,0.25452513482723116,0.19933524530845603,0.028727921890094876,0.503957783641161,0.4960422163588391,0.5041773420969614,0.49582265790303864
E1,2425,2024-12-11,Cardiff,Preston,0,2,A,,,0.41099037863194676,0.2972571920922885,0.2917524292757646,0.41432091361347473,0.29570901255741033,0.28997007382911494,0.02896923990920186,0.4263565891472868,0.5736434108527132,0.42219492218592264,0.5778050778140774
E1,2425,2024-12-11,Hull,Watford,1,1,D,,,0.41603608674454284,0.2753358358338519,0.3086280774216053,0.4196420977667554,0.27281333326972185,0.3075445689635228,0.02946637966670096,0.503957783641161,0.4960422163588391,0.5041773420969614,0.49582265790303864
E1,2425,2024-12-11,Millwall,Sheffield United,0,1,A,,,0.3321160781196305,0.30924906946221337,0.3586348524181562,0.3320606646958609,0.30817825069140614,0.359761084612733,0.030108678969554603,0.3765586034912718,0.6234413965087281,0.368874172205282,0.631125827794718
E1,2425,2024-12-11,QPR,Oxford,2,0,H,,,0.4701731619287077,0.2771401922219068,0.2526866458493856,0.476073910408594,0.2747088847561713,0.24921720483523474,0.029149258276447654,0.44908616187989553,0.5509138381201044,0.44626915021678265,0.5537308497832173
E1,2425,2024-12-11,West Brom,Coventry,2,0,H,,,0.40885725583234483,0.28582726091622884,0.30531548325142627,0.41240058672808144,0.28360235482235485,0.3039970584495637,0.031733158975839615,0.45669291338582685,0.5433070866141733,0.4541895718808615,0.5458104281191385
E1,2425,2024-12-13,Derby,Portsmouth,4,0,H,,,0.4504901146369829,0.29656089051337436,0.2529489948496428,0.45544518665219635,0.29499407607813277,0.24956073726967087,0.028582093538716435,0.41794871794871796,0.5820512820512821,0.4135158509252556,0.5864841490747444
E1,2425,2024-12-14,Bristol City,QPR,1,1,D,,,0.4999287246581392,0.2707350400011126,0.2293362353407483,0.5071400094791224,0.2680074200042232,0.2248525705166544,0.029292227467522025,0.450261780104712,0.549738219895288,0.44739756368406325,0.5526024363159369
E1,2425,2024-12-14,Coventry,Hull,2,1,H,,,0.5415693094371782,0.2487523074842682,0.20967838307855352,0.5500959735430612,0.24526803196065086,0.2046359944962881,0.02772873966023326,0.5301837270341206,0.46981627296587924,0.5318048564632609,0.468195143536739
E1,2425,2024-12-14,Preston,Leeds,1,1,D,,fpl-team-13,0.18225482643509114,0.2524278077363027,0.5653173658286061,0.17566689821446807,0.248819305196677,0.5755137965888549,0.029870374128222466,0.4528795811518324,0.5471204188481674,0.45021710872652343,0.5497828912734765
E1,2425,2024-12-14,Blackburn,Luton,2,0,H,,,0.43263382828338176,0.28069694811243223,0.28666922360418606,0.43706871334198155,0.27834761520947754,0.2845836714485409,0.03018547734245658,0.4657894736842106,0.5342105263157895,0.4638195430185368,0.5361804569814632
E1,2425,2024-12-14,Middlesbrough,Millwall,1,0,H,,,0.55703379144937,0.25581171400799874,0.18715449454263128,0.5673627966950588,0.25217896715178784,0.18045823615315343,0.03139077627565712,0.4528795811518324,0.5471204188481674,0.45021710872652343,0.5497828912734765
E1,2425,2024-12-14,Oxford,Sheffield Weds,1,3,A,,,0.2867712282069539,0.2957609218811531,0.41746784991189306,0.2847070598050344,0.2940919869547058,0.4212009532402599,0.029984918422996998,0.44386422976501305,0.556135770234987,0.4406241369777816,0.5593758630222184
E1,2425,2024-12-14,Sheffield United,Plymouth,2,0,H,,,0.7602295664981077,0.15843439705170645,0.0813360364501858,0.7794999912932773,0.15022137052035575,0.07027863818636695,0.03181365749333054,0.5979643765903307,0.4020356234096692,0.6036897387398802,0.39631026126011987
E1,2425,2024-12-14,Stoke,Cardiff,2,2,D,,,0.4256336568359559,0.2762885140864977,0.2980778290775464,0.42962122345522435,0.273828672919498,0.2965501036252776,0.02918820409104228,0.503957783641161,0.4960422163588391,0.5041773420969614,0.49582265790303864
E1,2425,2024-12-14,Swansea,Sunderland,2,3,A,,fpl-team-20,0.3553885167978753,0.2970913468499588,0.34752013635216583,0.3563947860653625,0.29543895812506465,0.348166255809573,0.03091684845276177,0.44010416666666663,0.5598958333333334,0.4367001513590554,0.5632998486409446
E1,2425,2024-12-15,Watford,West Brom,2,1,H,,,0.33795171060910767,0.2937337297817478,0.36831455960914466,0.33815543931124753,0.2919638963989869,0.36988066428976557,0.030296480050310493,0.4593175853018373,0.5406824146981627,0.45700416089548346,0.5429958391045165
E1,2425,2024-12-15,Norwich,Burnley,1,2,A,,,0.33095296724944595,0.2947549864565378,0.37429204629401625,0.33084379817716675,0.29304067447395277,0.3761155273488806,0.030111316707916558,0.44386422976501305,0.556135770234987,0.4406241369777816,0.5593758630222184
E1,2425,2024-12-20,Luton,Derby,2,1,H,,,0.4301493466085875,0.2994710640945862,0.27037958929682643,0.43421939731878934,0.29804139847666744,0.26773920420454317,0.02839525626040995,0.41282051282051285,0.5871794871794872,0.4077816051400617,0.5922183948599383
E1,2425,2024-12-21,Hull,Swansea,2,1,H,,,0.3762886388644143,0.2802624580266112,0.34344890310897447,0.3781549882995443,0.2779612764243693,0.34388373527608634,0.029404574306681752,0.48548812664907653,0.5145118733509234,0.48467112597614054,0.5153288740238595
E1,2425,2024-12-21,Portsmouth,Coventry,4,1,H,,,0.253406451474791,0.25684947391330715,0.4897440746119018,0.24997026987124774,0.2535586586817472,0.4964710714470051,0.02908097580075264,0.5277044854881265,0.4722955145118733,0.5293296089369458,0.47067039106305425
E1,2425,2024-12-21,Sheffield Weds,Stoke,2,0,H,,,0.486639989673422,0.27128781033518345,0.2420721999913945,0.49337419758371603,0.26855067004036587,0.23807513237591815,0.029714244650676847,0.48548812664907653,0.5145118733509234,0.48467112597614054,0.5153288740238595
E1,2425,2024-12-21,Burnley,Watford,2,1,H,,,0.5524848323302326,0.2574248128841139,0.1900903547856535,0.5619955508870317,0.25408606595692423,0.1839183831560441,0.029459081823006272,0.4593175853018373,0.5406824146981627,0.45700416089548346,0.5429958391045165
E1,2425,2024-12-21,Cardiff,Sheffield United,0,2,A,,,0.26455512663591,0.2769682704076829,0.4584766029564072,0.26156041846530853,0.2745071188007452,0.4639324627339464,0.029465835774317384,0.4593175853018373,0.5406824146981627,0.45700416089548346,0.5429958391045165
E1,2425,2024-12-21,Leeds,Oxford,4,0,H,fpl-team-13,,0.8272740053263271,0.12295858749309165,0.049767407180581154,0.8493884209168076,0.11282936740072744,0.037782211682464976,0.03297379286959767,0.6161616161616161,0.3838383838383838,0.6240293356413877,0.37597066435861237
E1,2425,2024-12-21,Millwall,Blackburn,1,0,H,,,0.4106336198281032,0.2951429142514491,0.29422346592044774,0.41400083247971,0.29347916959322884,0.2925199979270611,0.02942928788252175,0.4005102040816326,0.5994897959183673,0.3942946198508875,0.6057053801491125
E1,2425,2024-12-21,Plymouth,Middlesbrough,3,3,D,,,0.15492043316545925,0.20432022421821952,0.6407593426163212,0.14682056914911631,0.1983434375709341,0.6548359932799497,0.03132620546966791,0.6065989847715737,0.3934010152284264,0.6133756242544008,0.3866243757455991
E1,2425,2024-12-21,QPR,Preston,2,1,H,,,0.3724105480825983,0.3049186688184381,0.3226707830989635,0.37418335375683087,0.30363124349726045,0.3221854027459088,0.030681375064887106,0.3844221105527638,0.6155778894472362,0.37728424703977775,0.6227157529602223
E1,2425,2024-12-21,Sunderland,Norwich,2,1,H,fpl-team-20,,0.5100987148953908,0.2635984979208026,0.22630278718380656,0.5179237372703733,0.2604930937341673,0.22158316899545946,0.02997466828674078,0.503957783641161,0.4960422163588391,0.5041773420969614,0.49582265790303864
E1,2425,2024-12-22,West Brom,Bristol City,2,0,H,,,0.4479222881813275,0.28332433890987585,0.2687533729087965,0.4532781722822064,0.2809822763763551,0.26573955134143856,0.03161697555333376,0.4450261780104712,0.5549738219895288,0.44173140953637374,0.5582685904636263
E1,2425,2024-12-26,Blackburn,Sunderland,2,2,D,,fpl-team-20,0.33537696768848385,0.2934548467274234,0.3711681855840928,0.3354711548972097,0.29154734084047124,0.3729815042623192,0.032461240189149976,0.4375,0.5625,0.43386243386060414,0.5661375661393959
E1,2425,2024-12-26,Bristol City,Luton,1,0,H,,,0.4176636030737426,0.2830551526855184,0.29928124424073915,0.4216648379561425,0.2806733670366334,0.297661795007224,0.03209594381041825,0.4684210526315789,0.531578947368421,0.4666258760707563,0.5333741239292438
E1,2425,2024-12-26,Coventry,Plymouth,4,0,H,,,0.7164895932642931,0.1719050123033377,0.11160539443236908,0.7350951221814492,0.16388596814860126,0.10101890966994956,0.03375839698128402,0.6370370370370371,0.362962962962963,0.6463376048308346,0.35366239516916537
E1,2425,2024-12-26,Middlesbrough,Sheffield Weds,3,3,D,,,0.573502542219524,0.23454966813965575,0.1919477896408203,0.5847661656651101,0.2298786979565718,0.18535513637831816,0.03189758979715407,0.5433070866141733,0.45669291338582685,0.5458104281191385,0.4541895718808615
E1,2425,2024-12-26,Norwich,Millwall,2,1,H,,,0.4336649594788171,0.2895547575597025,0.27678028296148033,0.43831861896653085,0.287520742676206,0.2741606383572631,0.03136692033149302,0.4360313315926892,0.5639686684073107,0.4320802838861742,0.5679197161138259
E1,2425,2024-12-26,Oxford,Cardiff,3,2,H,,,0.3289949742538558,0.2931232480891051,0.3778817776570391,0.32878982770799353,0.2912610295952269,0.3799491426967796,0.03140400000847876,0.4488188976377953,0.5511811023622047,0.44569757727335396,0.554302422726646
E1,2425,2024-12-26,Preston,Hull,1,0,H,,,0.4196311119818634,0.2857062890089283,0.2946625990092082,0.42370958201685577,0.2834575378029046,0.29283288018023956,0.031966235022991896,0.4540682414698162,0.5459317585301837,0.4513672743432872,0.5486327256567128
E1,2425,2024-12-26,Sheffield United,Burnley,0,2,A,,,0.3894562096564906,0.3017972557145152,0.3087465346289942,0.3921708040743334,0.3002729879226857,0.3075562080029809,0.032730854116380215,0.39593908629441626,0.6040609137055837,0.3895712130861784,0.6104287869138215
E1,2425,2024-12-26,Swansea,QPR,3,0,H,,,0.5082676556946376,0.27254932261886367,0.21918302168649875,0.5164994481568821,0.26965960892847884,0.21384094291463907,0.03190511604771018,0.4476439790575916,0.5523560209424083,0.44456916381726636,0.5554308361827337
E1,2425,2024-12-26,Watford,Portsmouth,2,1,H,,,0.513423106612917,0.2574148726305858,0.22916202075649716,0.5220096536792421,0.2537785020366161,0.22421184428414187,0.03232261585071683,0.5197889182058046,0.4802110817941952,0.5209181681264694,0.47908183187353065
E1,2425,2024-12-26,Derby,West Brom,2,1,H,,,0.3493840985442329,0.30123180291153406,0.3493840985442329,0.3501414847198903,0.29971703056021926,0.3501414847198903,0.03200943814590573,0.4005102040816326,0.5994897959183673,0.3942946198508875,0.6057053801491125
E1,2425,2024-12-26,Stoke,Leeds,0,2,A,,fpl-team-13,0.15571168869454136,0.22553923254557068,0.6187490787598879,0.14746324340981878,0.22039047463802192,0.6321462819521594,0.03209308162331581,0.5118733509234827,0.4881266490765172,0.5125383115051826,0.48746168849481736
E1,2425,2024-12-29,Norwich,QPR,1,1,D,,,0.5319618360282797,0.25108598660534803,0.21695217736637212,0.5411038304606829,0.2472789274176413,0.21161724212167582,0.031211147434078157,0.5132275132275131,0.48677248677248675,0.5140071716723167,0.4859928283276833
E1,2425,2024-12-29,Preston,Sheffield Weds,3,1,H,,,0.3818456845994569,0.3039936518170434,0.31416066358349964,0.3841615201122673,0.3025943982557074,0.3132440816320253,0.032300713239237666,0.4123711340206186,0.5876288659793815,0.4067982456114384,0.5932017543885617
E1,2425,2024-12-29,Sheffield United,West Brom,1,1,D,,,0.4728302261664294,0.2877468348841573,0.23942293894941336,0.4793173645314877,0.28560765107265645,0.2350749843958558,0.031485846266150475,0.42597402597402595,0.574025974025974,0.42136629511062934,0.5786337048893706
E1,2425,2024-12-29,Blackburn,Hull,0,1,A,,,0.4652145790399976,0.2780276478286376,0.2567577731313648,0.47147917234067155,0.27539225259437766,0.2531285750649508,0.032151160296052694,0.4578947368421053,0.5421052631578948,0.45536212476552757,0.5446378752344725
E1,2425,2024-12-29,Bristol City,Portsmouth,3,0,H,,,0.5521743587513318,0.24767715300191664,0.2001484882467514,0.5627702347094228,0.24349094436538202,0.19373882092519518,0.03291112999431789,0.4986737400530504,0.5013262599469495,0.49859281774190956,0.5014071822580904
E1,2425,2024-12-29,Coventry,Millwall,0,0,D,,,0.516762126545474,0.2694862665652616,0.2137516068892643,0.5253623004036192,0.2664600972946732,0.2081776023017076,0.03180057310964912,0.4233766233766234,0.5766233766233767,0.41847675895462316,0.5815232410453769
E1,2425,2024-12-29,Oxford,Plymouth,2,0,H,,,0.5046257359125316,0.26072329688814133,0.23465096719932718,0.5129284439188742,0.2571890111100824,0.22988254497104332,0.03285624901764095,0.5185185185185185,0.4814814814814815,0.5196232339053608,0.4803767660946392
E1,2425,2024-12-29,Stoke,Sunderland,1,0,H,,fpl-team-20,0.30317887457778697,0.27724321864045415,0.41957790678175877,0.30174482645751394,0.27459328000007455,0.42366189354241157,0.032035408075898886,0.4696569920844328,0.5303430079155673,0.4678573425068856,0.5321426574931143
E1,2425,2024-12-29,Swansea,Luton,2,1,H,,,0.4255896604871014,0.27582203802829736,0.2985883014846013,0.42990580948606105,0.27313707778046165,0.2969571127334773,0.03164389857556671,0.4735449735449735,0.5264550264550264,0.4719266724690414,0.5280733275309587
E1,2425,2024-12-29,Watford,Cardiff,1,2,A,,,0.47403314917127076,0.2674033149171271,0.2585635359116022,0.4808520777995377,0.26420417353806563,0.2549437486623966,0.032815969781950116,0.5066312997347481,0.49336870026525204,0.507037099589189,0.49296290041081114
E1,2425,2024-12-29,Derby,Leeds,0,1,A,,fpl-team-13,0.17157966257091167,0.2396876202326476,0.5887327171964407,0.1642520824767161,0.23534186506515067,0.6004060524581332,0.03113772626966238,0.4591029023746703,0.5408970976253298,0.4565461171848933,0.5434538828151066
E1,2425,2024-12-29,Middlesbrough,Burnley,0,0,D,,,0.41015123499156214,0.28290552052128837,0.30694324448714944,0.41382667358998015,0.2804978567944058,0.3056754696156141,0.032372892019338906,0.4526315789473684,0.5473684210526316,0.4496869409663943,0.5503130590336057
E1,2425,2025-01-01,Plymouth,Bristol City,2,2,D,,,0.2360818110764506,0.2532629671386182,0.5106552217849312,0.2314580363641542,0.24943805030729374,0.519103913328552,0.032291696639731526,0.5343915343915343,0.4656084656084655,0.5365661566171338,0.4634338433828662
E1,2425,2025-01-01,QPR,Watford,3,1,H,,,0.3679090122347865,0.2845459429972971,0.34754504476791637,0.369485122466598,0.2823254272235152,0.34818945030988674,0.030885220505297184,0.4656084656084655,0.5343915343915343,0.4634338433828662,0.5365661566171338
E1,2425,2025-01-01,Millwall,Oxford,0,1,A,,,0.5581684730663108,0.2590395123622658,0.18279201457142344,0.5692322193757112,0.2553153230088019,0.1754524576154868,0.033513816772028804,0.4160206718346253,0.5839793281653746,0.410679931844408,0.589320068155592
E1,2425,2025-01-01,Burnley,Stoke,0,0,D,,,0.6131218223690502,0.24053240723708896,0.14634577039386068,0.6268093173532675,0.2358639605647308,0.13732672208200167,0.03352991258725524,0.433420365535248,0.5665796344647519,0.4292099272552123,0.5707900727447877
E1,2425,2025-01-01,Cardiff,Coventry,1,1,D,,,0.320243315886264,0.27356061677747917,0.40619606733625696,0.3195977937055629,0.2706652813717211,0.4097369249227159,0.03290477953851223,0.5092838196286471,0.49071618037135284,0.5098536036052937,0.49014639639470625
E1,2425,2025-01-01,Leeds,Blackburn,1,1,D,fpl-team-13,,0.6895989566351484,0.19954352787740465,0.11085751548744702,0.7071036268557571,0.19274393744101798,0.10015243570322485,0.034100634744390845,0.5053191489361702,0.49468085106382986,0.505659309563501,0.4943406904364988
E1,2425,2025-01-01,Luton,Norwich,0,1,A,,,0.3818083591179215,0.2778841903639311,0.3403074505181475,0.3841234141555532,0.27524287755439786,0.3406337082900489,0.03236153395846486,0.502659574468085,0.49734042553191493,0.5028294145940619,0.49717058540593806
E1,2425,2025-01-01,Portsmouth,Swansea,4,0,H,,,0.32837072249536026,0.27703252694298824,0.3945967505616514,0.3281249887464021,0.2743444195550422,0.3975305916985557,0.032427482306957245,0.49336870026525204,0.5066312997347481,0.49296290041081114,0.507037099589189
E1,2425,2025-01-01,Sheffield Weds,Derby,4,2,H,,,0.4690484493289988,0.2767247488666659,0.25422680180433543,0.4756798536606873,0.2739490958009368,0.2503710505383759,0.033089892473071814,0.4526315789473684,0.5473684210526316,0.4496869409663943,0.5503130590336057
E1,2425,2025-01-01,West Brom,Preston,3,1,H,,,0.5133752617708054,0.275506372152661,0.21111836607653348,0.5219687381328089,0.27270811570945097,0.20532314615774022,0.03238879190757871,0.4087403598971723,0.5912596401028277,0.4029258955251093,0.5970741044748907
E1,2425,2025-01-01,Hull,Middlesbrough,0,1,A,,,0.2886626897582253,0.2688119603765708,0.4425253498652038,0.28647669280177657,0.2656704979102881,0.44785280928793536,0.03302414948120713,0.5119363395225464,0.48806366047745364,0.5126717729239226,0.4873282270760773
E1,2425,2025-01-01,Sunderland,Sheffield United,2,1,H,fpl-team-20,,0.40822528363047,0.28889789303079416,0.3028768233387358,0.41182902034986774,0.2867626410460206,0.3014083386041117,0.032556850695982575,0.42708333333333337,0.5729166666666667,0.4223946784938952,0.5776053215061048
E1,2425,2025-01-04,Blackburn,Burnley,0,1,A,,,0.280636352843405,0.29652142941944676,0.4228422177371483,0.27827809898288564,0.29486808763537575,0.42685381338173856,0.03029297897592187,0.39593908629441626,0.6040609137055837,0.3895712130861784,0.6104287869138215
E1,2425,2025-01-04,Stoke,Plymouth,0,0,D,,,0.5715544589354952,0.2277934437786394,0.20065209728586533,0.582230755782797,0.2230417566136201,0.19472748760358272,0.03043926367536187,0.5751295336787565,0.4248704663212435,0.5796528235537732,0.42034717644622677
E1,2425,2025-01-04,Swansea,West Brom,1,1,D,,,0.3724812541765572,0.2873102356910639,0.34020851013237896,0.3742500093602969,0.28523488231397975,0.3405151083257234,0.030585491564124823,0.4540682414698162,0.5459317585301837,0.4513672743432872,0.5486327256567128
E1,2425,2025-01-04,Bristol City,Derby,1,0,H,,,0.488092783138613,0.2854603246840979,0.22644689217728914,0.4951516083988166,0.2832509376911895,0.22159745390999397,0.03089370415546,0.4113110539845758,0.5886889460154241,0.4058406113391472,0.5941593886608528
E1,2425,2025-01-04,Hull,Leeds,3,3,D,,fpl-team-13,0.16444827773763182,0.2315205482645283,0.6040311739978399,0.15684352087994086,0.22682144655914316,0.6163350325609159,0.031000622431747615,0.5013262599469495,0.4986737400530504,0.5014071822580904,0.49859281774190956
E1,2425,2025-01-04,Middlesbrough,Cardiff,1,1,D,,,0.5988852935420481,0.22602161318774414,0.17509309327020775,0.6114064855932599,0.2209059678259623,0.16768754658077759,0.032146788435056806,0.5549738219895288,0.4450261780104712,0.5582685904636263,0.44173140953637374
E1,2425,2025-01-04,Norwich,Coventry,2,1,H,,,0.3941233696771042,0.2730303923270374,0.33284623799585833,0.3968929274334879,0.2702912150467371,0.33281585751977505,0.030835997313261032,0.5224274406332454,0.47757255936675463,0.5237178414013648,0.4762821585986352
E1,2425,2025-01-04,Preston,Oxford,1,1,D,,,0.5140897236851452,0.271119364364212,0.21479091195064287,0.5225227017354138,0.2681848514425721,0.2092924468220141,0.03163768560625613,0.4296875,0.5703125,0.4252801992588368,0.5747198007411632
E1,2425,2025-01-04,Sheffield Weds,Millwall,2,2,D,,,0.43801125688969106,0.2952113486874094,0.26677739442289966,0.442808465461409,0.2934564711939107,0.2637350633446803,0.030992809683084488,0.38190954773869346,0.6180904522613065,0.37430466409784674,0.6256953359021532
E1,2425,2025-01-04,Watford,Sheffield United,1,2,A,,,0.3322605840281668,0.282371607447361,0.3853678085244722,0.3322040642927572,0.27998663973021176,0.387809295977031,0.031765609281137586,0.4643799472295515,0.5356200527704486,0.4622145096316831,0.537785490368317
E1,2425,2025-01-05,Sunderland,Portsmouth,1,0,H,fpl-team-20,,0.6393829943241996,0.21557178937077373,0.14504521630502676,0.6539049307910464,0.20987638940013215,0.1362186798088214,0.032533484511077404,0.53315649867374,0.46684350132625996,0.5353346901856414,0.46466530981435855
E1,2425,2025-01-06,QPR,Luton,2,1,H,,,0.382255594526503,0.29570715802993625,0.3220372474435607,0.38454992258889065,0.293945866366615,0.3215042110444942,0.031730973394587636,0.42597402597402595,0.574025974025974,0.42136629511062934,0.5786337048893706
E1,2425,2025-01-14,Cardiff,Watford,1,1,D,,,0.41645012714671653,0.29087439649939895,0.2926754763538844,0.4200109027934396,0.28905576477062805,0.2909333324359324,0.02893676864914596,0.4593175853018373,0.5406824146981627,0.45700416089548346,0.5429958391045165
E1,2425,2025-01-14,Plymouth,Oxford,1,1,D,,,0.40347646370541335,0.28697110184518754,0.30955243444939906,0.4065496420545981,0.28494347314498747,0.3085068848004145,0.02960714395157993,0.4710526315789474,0.5289473684210526,0.4694266099690281,0.5305733900309719
E1,2425,2025-01-15,Blackburn,Portsmouth,3,0,H,,,0.5417886271277956,0.2554775640114809,0.2027338088607235,0.5511858569115395,0.2519332440339534,0.19688089905450706,0.030588265508413315,0.49206349206349204,0.5079365079365078,0.49159946236579216,0.5084005376342079
E1,2425,2025-01-17,Burnley,Sunderland,0,0,D,,fpl-team-20,0.426013802476947,0.30606816876984544,0.26791802875320747,0.4299531075960765,0.3049015085110517,0.2651453838928718,0.028717352310195565,0.3611793611793612,0.6388206388206389,0.35217163788349326,0.6478283621165067
E1,2425,2025-01-18,Cardiff,Swansea,3,0,H,,,0.36118618340676023,0.2909555366332235,0.3478582799600163,0.3624362550661794,0.28905560930050034,0.3485081356333203,0.030403267010115087,0.4488188976377953,0.5511811023622047,0.44569757727335396,0.554302422726646
E1,2425,2025-01-18,Millwall,Hull,0,1,A,,,0.45292677164468476,0.29861733524838835,0.24845589310692678,0.4579271773888903,0.2971525333049597,0.24492028930614992,0.02825636579655111,0.38095238095238093,0.6190476190476191,0.3734817813942879,0.6265182186057121
E1,2425,2025-01-18,Plymouth,QPR,0,1,A,,,0.31914066454735057,0.28888573916212773,0.3919735962905218,0.31852125572882567,0.2869619821534428,0.3945167621177316,0.02930913819000125,0.4643799472295515,0.5356200527704486,0.4622145096316831,0.537785490368317
E1,2425,2025-01-18,Coventry,Bristol City,1,0,H,,,0.446556844136486,0.27631523200234176,0.2771279238611722,0.4516995552354361,0.27372566103507484,0.2745747837294891,0.030709882616065443,0.48941798941798953,0.5105820105820106,0.48879708724282345,0.5112029127571766
E1,2425,2025-01-18,Derby,Watford,0,2,A,,,0.42076789246645535,0.2856121451893515,0.29361996234419313,0.4247165522742275,0.2834587491561621,0.2918246985696105,0.030526689486578107,0.4514435695538058,0.5485564304461943,0.44853677534952663,0.5514632246504734
E1,2425,2025-01-18,Luton,Preston,0,0,D,,,0.4302052751347082,0.2935045335031186,0.2762901913621732,0.4346104220458225,0.2916890829136761,0.27370049504050137,0.030744004296138883,0.4348958333333333,0.5651041666666667,0.43101354895108535,0.5689864510489147
E1,2425,2025-01-18,Oxford,Blackburn,1,0,H,,,0.3054165760278443,0.2912769197302588,0.4033065042418969,0.30418195682876603,0.28942279133354576,0.4063952518376881,0.029829884646460414,0.43229166666666663,0.5677083333333334,0.42815297888698983,0.5718470211130101
E1,2425,2025-01-18,Portsmouth,Middlesbrough,2,1,H,,,0.23069490297125372,0.2463966502939045,0.5229084467348418,0.22595168062780407,0.2423617593142772,0.5316865600579187,0.03138241427950561,0.5613577023498694,0.4386422976501305,0.5650609080815892,0.43493909191841096
E1,2425,2025-01-18,Sheffield United,Norwich,2,0,H,,,0.44759112465217044,0.2802425142480948,0.27216636109973474,0.4525756646198901,0.27792417681995146,0.2695001585601585,0.02948026405647397,0.46052631578947373,0.5394736842105263,0.45818815331659807,0.541811846683402
E1,2425,2025-01-18,West Brom,Stoke,1,1,D,,,0.536040999359385,0.2570659833440102,0.20689301729660473,0.5450583051321286,0.25364267597859824,0.20129901888927315,0.03016575053334236,0.47757255936675463,0.5224274406332454,0.4762821585986352,0.5237178414013648
E1,2425,2025-01-19,Leeds,Sheffield Weds,3,0,H,fpl-team-13,,0.6949830375225383,0.1926544354528597,0.112362527024602,0.712645409424066,0.18557569564001636,0.10177889493591759,0.03388370433822274,0.5356200527704486,0.4643799472295515,0.537785490368317,0.4622145096316831
E1,2425,2025-01-21,Blackburn,Coventry,0,2,A,,,0.36293393742729446,0.29509581828200576,0.34197024429069983,0.36415306191532254,0.293522987732015,0.34232395035266244,0.027846332173794508,0.44908616187989553,0.5509138381201044,0.44626915021678265,0.5537308497832173
E1,2425,2025-01-21,Derby,Sunderland,0,1,A,,fpl-team-20,0.26798446444733837,0.2857961206945935,0.4462194148580681,0.2652223740704404,0.28377900154765684,0.4509986243819028,0.028599068289622664,0.4263565891472868,0.5736434108527132,0.42219492218592264,0.5778050778140774
E1,2425,2025-01-21,Hull,QPR,1,2,A,,,0.44351461249105273,0.28761250628207663,0.26887288122687053,0.447896763317063,0.285789985487906,0.2663132511950309,0.02684473991394043,0.44010416666666663,0.5598958333333334,0.4367001513590554,0.5632998486409446
E1,2425,2025-01-21,Middlesbrough,West Brom,2,0,H,,,0.47368036849674067,0.2730146216119543,0.2533050098913051,0.4794668320564614,0.27052149583841517,0.2500116721051235,0.02785393875092268,0.48157894736842105,0.5184210526315789,0.4805830628839423,0.5194169371160577
E1,2425,2025-01-21,Oxford,Luton,3,2,H,,,0.31982855559720336,0.3014944345757076,0.37867700982708885,0.31926378072917766,0.30016857280784304,0.38056764646297925,0.028163169277831912,0.41282051282051285,0.5871794871794872,0.4077816051400617,0.5922183948599383
E1,2425,2025-01-21,Swansea,Sheffield United,1,2,A,,,0.3326556203508686,0.2926137401234492,0.3747306395256821,0.3326252341690333,0.2909652485075263,0.3764095173234405,0.027396918972954154,0.44908616187989553,0.5509138381201044,0.44626915021678265,0.5537308497832173
E1,2425,2025-01-21,Watford,Preston,1,2,A,,,0.4459944444869568,0.2830862941054936,0.2709192614075497,0.4508082608181426,0.2809361572475686,0.2682555819342888,0.028866002801805735,0.4412532637075718,0.5587467362924282,0.43778687164624175,0.5622131283537581
E1,2425,2025-01-21,Millwall,Cardiff,2,2,D,,,0.43016116653875675,0.3207981580966999,0.24904067536454336,0.4342268877894584,0.32025728815696547,0.24551582405357605,0.028390532825142145,0.3341176470588235,0.6658823529411765,0.3245657691775269,0.6754342308224731
E1,2425,2025-01-22,Leeds,Norwich,2,0,H,fpl-team-13,,0.6841151622148999,0.19875345765401298,0.11713138013108705,0.6995435271218987,0.19267887786427132,0.10777759501382997,0.030328319873660803,0.5538057742782152,0.44619422572178474,0.5571508224138112,0.44284917758618875
E1,2425,2025-01-22,Portsmouth,Stoke,3,1,H,,,0.3912905767028611,0.2857606938951198,0.32294872940201896,0.3938819965871976,0.2836385448104857,0.3224794586023167,0.03023472847416997,0.4881266490765172,0.5118733509234827,0.48746168849481736,0.5125383115051826
E1,2425,2025-01-22,Sheffield Weds,Bristol City,2,2,D,,,0.38489706440669663,0.2910487061100021,0.3240542294833013,0.38720286805245163,0.2891617295664074,0.3236354023811409,0.030238023260608315,0.4514435695538058,0.5485564304461943,0.44853677534952663,0.5514632246504734
E1,2425,2025-01-22,Plymouth,Burnley,0,5,A,,,0.17413885368257992,0.25035347134206454,0.5755076749753556,0.1671715872682582,0.24662703554996895,0.5862013771817729,0.030041966354474425,0.4552631578947368,0.5447368421052632,0.4525285526877652,0.547471447312235
E1,2425,2025-01-24,Sheffield United,Hull,0,3,A,,,0.5434222321828777,0.25834827431645,0.19822949350067237,0.552400507145699,0.25510790687614127,0.19249158597815982,0.02897951891645789,0.4671916010498688,0.5328083989501312,0.46540654231752615,0.5345934576824739
E1,2425,2025-01-25,Luton,Millwall,0,1,A,,,0.4246167420315429,0.30605492445130694,0.26932833351715013,0.42872894601280304,0.3048177725597327,0.2664532814274641,0.030460069654509425,0.3602941176470588,0.6397058823529411,0.3514348268214491,0.6485651731785509
E1,2425,2025-01-25,Norwich,Swansea,5,1,H,,,0.44381084038937846,0.28218420597891825,0.27400495363170324,0.44854853331463646,0.27998864041708654,0.27146282626827695,0.02897121710702777,0.49340369393139843,0.5065963060686015,0.49303698752158454,0.5069630124784155
E1,2425,2025-01-25,Stoke,Oxford,0,0,D,,,0.47134935304990755,0.27726432532347506,0.2513863216266174,0.4775676647090971,0.27472858028681213,0.2477037550040908,0.030476553132757545,0.4631578947368421,0.536842105263158,0.46100713011761374,0.5389928698823863
E1,2425,2025-01-25,Bristol City,Blackburn,2,1,H,,,0.4742269550261645,0.28254839535990045,0.24322464961393495,0.4804569406061625,0.2802884834842194,0.23925457590961807,0.02991021773777902,0.4248704663212435,0.5751295336787565,0.42034717644622677,0.5796528235537732
E1,2425,2025-01-25,Cardiff,Derby,2,1,H,,,0.43008982739970847,0.30383765225979403,0.2660725203404976,0.4345090236484228,0.3024811153542693,0.26300986099730783,0.030889783054590225,0.3844221105527638,0.6155778894472362,0.37728424703977775,0.6227157529602223
E1,2425,2025-01-25,Coventry,Watford,2,1,H,,,0.5416746101345941,0.24934228085560686,0.20898310900979908,0.5511021704784718,0.24551509889289347,0.20338273062863477,0.030695213237777352,0.5210526315789473,0.4789473684210527,0.5222000222007822,0.47779997779921773
E1,2425,2025-01-25,Preston,Middlesbrough,2,1,H,,,0.29830036489341266,0.28826579604378716,0.41343383906280007,0.2967196548408668,0.28623687002107706,0.41704347513805606,0.0304599596420303,0.4514435695538058,0.5485564304461943,0.44853677534952663,0.5514632246504734
E1,2425,2025-01-25,QPR,Sheffield Weds,0,2,A,,,0.38027684354120495,0.2956384238188678,0.3240847326399272,0.3823724880867013,0.29395869799618907,0.3236688139171095,0.030185482348315418,0.4450261780104712,0.5549738219895288,0.44173140953637374,0.5582685904636263
E1,2425,2025-01-25,Sunderland,Plymouth,2,2,D,fpl-team-20,,0.7567714986340454,0.1566605439576321,0.08656795740832253,0.7773999144750599,0.14773382610575947,0.07486625941918065,0.03437730798032135,0.6071428571428571,0.39285714285714285,0.614591291059686,0.38540870894031387
E1,2425,2025-01-25,West Brom,Portsmouth,5,1,H,,,0.5713794732998239,0.2514069682519225,0.17721355844825362,0.5820982755750848,0.24765685017481215,0.17024487425010312,0.030634676106274128,0.48284960422163586,0.5171503957783641,0.4818779970999063,0.5181220029000937
E1,2425,2025-01-27,Burnley,Leeds,0,0,D,,fpl-team-13,0.2935539753110349,0.30202187844500705,0.404424146243958,0.29175272655659973,0.30060139255026525,0.4076458808931351,0.03063489787746221,0.37844611528822053,0.6215538847117794,0.37048707539472436,0.6295129246052756
E1,2425,2025-01-28,Portsmouth,Millwall,0,1,A,,,0.37714833785686586,0.31449911229924693,0.3083525498438871,0.3789771094832817,0.31371244612398475,0.3073104443927335,0.028190163196995854,0.36609336609336607,0.6339066339066339,0.35822797978745047,0.6417720202125494
E1,2425,2025-01-31,Blackburn,Preston,2,1,H,,,0.4332094888695436,0.30076327571197614,0.26602723541848033,0.43756631331888335,0.2993343428068093,0.26309934387430733,0.029482366982847452,0.3949367088607595,0.6050632911392405,0.3886922004051118,0.6113077995948881
E1,2425,2025-02-01,Oxford,Bristol City,1,1,D,,,0.29147910353484874,0.2979155506160599,0.41060534584909136,0.28965485907797744,0.2963697204523476,0.4139754204696749,0.029465875355526805,0.42377260981912146,0.5762273901808785,0.4193371978686282,0.5806628021313719
E1,2425,2025-02-01,Plymouth,West Brom,2,1,H,,,0.19527252319170713,0.24548545772671748,0.5592420190815754,0.18935523709435498,0.24166439491139302,0.568980367994252,0.029251868138089776,0.5092348284960422,0.4907651715039578,0.5097498467882865,0.49025015321171345
E1,2425,2025-02-01,Watford,Norwich,0,1,A,,,0.3604235098501088,0.2818834614350104,0.3576930287148807,0.36160218805714306,0.2796455135610159,0.35875229838184103,0.029500538716092706,0.503957783641161,0.4960422163588391,0.5041773420969614,0.49582265790303864
E1,2425,2025-02-01,Derby,Sheffield United,0,1,A,,,0.2723050761322101,0.29351263657864385,0.43418228728914604,0.26953653131069527,0.29169707453173455,0.4387663941575703,0.030733161373063922,0.427461139896373,0.5725388601036269,0.4232140408465464,0.5767859591534537
E1,2425,2025-02-01,Hull,Stoke,1,2,A,,,0.4932067389149964,0.27069680210564456,0.23609645897935916,0.5005009038736614,0.26782320842749857,0.23167588769884,0.03088910598307848,0.47368421052631576,0.5263157894736842,0.47222222222641946,0.5277777777735805
E1,2425,2025-02-01,Leeds,Cardiff,7,0,H,fpl-team-13,,0.7398666886172295,0.1711531319752061,0.08898017940756453,0.7592447054193917,0.163111508919159,0.07764378566144926,0.03347885585390031,0.549738219895288,0.450261780104712,0.5526024363159369,0.44739756368406325
E1,2425,2025-02-01,Millwall,QPR,2,1,H,,,0.41866685687792005,0.312956952815721,0.268376190306359,0.4225555809478991,0.31201891017714856,0.26542550887495237,0.030823224689811468,0.35696821515892424,0.6430317848410758,0.3476483150337376,0.6523516849662624
E1,2425,2025-02-01,Portsmouth,Burnley,0,0,D,,,0.19784683094643984,0.2719681220791118,0.5301850469744483,0.19189869960513428,0.2692115777989384,0.5388897225959273,0.03000002889893949,0.44010416666666663,0.5598958333333334,0.4367001513590554,0.5632998486409446
E1,2425,2025-02-01,Sheffield Weds,Luton,1,1,D,,,0.45169385194479306,0.2860727728983689,0.2622333751568382,0.45689407395140724,0.28398941431849756,0.2591165117300952,0.02969779004342854,0.4450261780104712,0.5549738219895288,0.44173140953637374,0.5582685904636263
E1,2425,2025-02-01,Swansea,Coventry,0,2,A,,,0.37099375373506993,0.28383257062863787,0.3451736756362922,0.3726962327428006,0.2815988301774328,0.34570493707976646,0.030616947798989713,0.48284960422163586,0.5171503957783641,0.4818779970999063,0.5181220029000937
E1,2425,2025-02-03,Middlesbrough,Sunderland,2,3,A,,fpl-team-20,0.4085240707178607,0.2800268852695128,0.31144904401262646,0.411845903360862,0.277677382308478,0.31047671433065993,0.029861012939363718,0.4960422163588391,0.503957783641161,0.49582265790303864,0.5041773420969614
E1,2425,2025-02-04,Burnley,Oxford,1,0,H,,,0.6333768017514664,0.23891935053409738,0.12770384771443638,0.6466444946275026,0.2345960940147482,0.11875941135774921,0.030355095397680998,0.4226804123711341,0.577319587628866,0.41833623693271604,0.581663763067284
E1,2425,2025-02-04,QPR,Blackburn,2,1,H,,,0.36095458247299705,0.30605210552726614,0.33299331199973675,0.36212780944944545,0.3048947377194943,0.33297745283106017,0.02871266333386302,0.41071428571428575,0.5892857142857143,0.405891210226295,0.5941087897737051
E1,2425,2025-02-05,Coventry,Leeds,0,2,A,,fpl-team-13,0.2345597509407477,0.2611995010475916,0.5042407480116607,0.23013888979619757,0.25794866135800837,0.511912448845794,0.03038966399617493,0.4973684210526315,0.5026315789473684,0.4972298401618182,0.5027701598381817
E1,2425,2025-02-08,Sunderland,Watford,2,2,D,fpl-team-20,,0.6308198122057006,0.218025280716256,0.1511549070780433,0.643377649876527,0.21308291556989334,0.14353943455357968,0.02881650533527136,0.5289473684210526,0.4710526315789474,0.5305733900309719,0.4694266099690281
E1,2425,2025-02-08,West Brom,Sheffield Weds,2,1,H,,,0.43770887486075,0.2740438173041218,0.2882473078351281,0.4421728115088203,0.2715115131755308,0.286315675315649,0.028891257010400295,0.4645669291338583,0.5354330708661418,0.46261216351077283,0.5373878364892272
E1,2425,2025-02-08,Norwich,Derby,1,1,D,,,0.5569350087176096,0.24785065832982625,0.19521433295256418,0.5662665372811435,0.24425024660925249,0.18948321610960397,0.028301261831074953,0.48293963254593175,0.5170603674540682,0.48206797616735914,0.517932023832641
E1,2425,2025-02-08,Sheffield United,Portsmouth,2,1,H,,,0.6304202709092427,0.22042666815008485,0.14915306094067254,0.6431065696603108,0.2155234931778726,0.14136993716181653,0.029165675165131688,0.513157894736842,0.48684210526315796,0.5138600138599122,0.48613998614008774
E1,2425,2025-02-09,Bristol City,Swansea,0,1,A,,,0.5117384965458981,0.26826177596708045,0.2199997274870216,0.5199421670905006,0.26524347628478284,0.21481435662471654,0.031165140215307474,0.4528795811518324,0.5471204188481674,0.45021710872652343,0.5497828912734765
E1,2425,2025-02-11,Coventry,QPR,1,0,H,,,0.5077530278648259,0.2667129668840519,0.22553400525112227,0.5146421838698181,0.2640658225027363,0.22129199362744556,0.0266993201803416,0.48031496062992135,0.5196850393700787,0.4793012088058304,0.5206987911941695
E1,2425,2025-02-11,Derby,Oxford,0,0,D,,,0.42339203571136935,0.3109502163913008,0.2656577478973298,0.4270246231498066,0.31003939520819945,0.2629359816419939,0.027237290050834417,0.3559322033898305,0.6440677966101696,0.34783387041528546,0.6521661295847144
E1,2425,2025-02-11,Portsmouth,Cardiff,2,1,H,,,0.41444224245600075,0.3022524634472107,0.2833052940967885,0.41766955260581573,0.30101281541045316,0.2813176319837311,0.026853237533941865,0.413265306122449,0.586734693877551,0.40874932902166,0.59125067097834
E1,2425,2025-02-11,Watford,Leeds,0,4,A,,fpl-team-13,0.10203770826353141,0.18979013737016845,0.7081721543663001,0.0929632173120846,0.18388016690989087,0.7231566157780246,0.02762817358598113,0.5442708333333333,0.4557291666666667,0.5464798359471035,0.45352016405289647
E1,2425,2025-02-11,Norwich,Preston,0,1,A,,,0.5292758927371728,0.2691488204544146,0.2015752868084126,0.5373501162579344,0.26647032902614304,0.19617955471592258,0.02791460230946541,0.43782383419689114,0.5621761658031088,0.4345567583861699,0.5654432416138302
E1,2425,2025-02-12,Bristol City,Stoke,2,0,H,,,0.5469765433431519,0.2550591428527366,0.19796431380411147,0.5559820981474023,0.25172575226808763,0.19229214958451005,0.028579548001289368,0.48157894736842105,0.5184210526315789,0.4805830628839423,0.5194169371160577
E1,2425,2025-02-12,Burnley,Hull,2,0,H,,,0.5594427899936496,0.26707862008171407,0.1734785899246363,0.5691193509774509,0.2641788849395698,0.16670176408297924,0.02909358055330813,0.4035532994923858,0.5964467005076142,0.3983005486587334,0.6016994513412668
E1,2425,2025-02-12,Plymouth,Millwall,5,1,H,,,0.27400988833341855,0.30396595329591447,0.4220241583706669,0.27147408687287966,0.30270175542545724,0.42582415770166304,0.028946782695129514,0.3825,0.6175,0.37563176419978217,0.6243682358002178
E1,2425,2025-02-12,Sunderland,Luton,2,0,H,fpl-team-20,,0.563450584297375,0.24910446884726054,0.1874449468553644,0.5730899218984647,0.2455352136445948,0.18137486445694048,0.02842824626713991,0.48157894736842105,0.5184210526315789,0.4805830628839423,0.5194169371160577
E1,2425,2025-02-12,Swansea,Sheffield Weds,0,1,A,,,0.37054477022216065,0.2846051698995511,0.34485005987828815,0.37214895953553917,0.28250802586766643,0.3453430145967943,0.029174862196668983,0.46194225721784776,0.5380577427821522,0.4598115299356801,0.5401884700643199
E1,2425,2025-02-12,Sheffield United,Middlesbrough,3,1,H,,,0.420189920800662,0.27483352377950276,0.3049765554198353,0.42390454434588376,0.27233745874167276,0.30375799691244343,0.02889328100718558,0.5013123359580053,0.49868766404199477,0.5013777900249893,0.4986222099750107
E1,2425,2025-02-12,West Brom,Blackburn,0,2,A,,,0.5146012647845547,0.2667229090714312,0.218675826144014,0.5221510824707204,0.2639268762905061,0.2139220412387735,0.028186711482703686,0.4712041884816754,0.5287958115183247,0.4697469746961598,0.5302530253038402
E1,2425,2025-02-14,QPR,Derby,4,0,H,,,0.4573833407938476,0.30298004740484175,0.23963661180131063,0.46209043440918524,0.3018139857484604,0.23609557984235433,0.025620348984375596,0.35835351089588374,0.6416464891041161,0.35084140743059505,0.649158592569405
E1,2425,2025-02-15,Cardiff,Bristol City,1,1,D,,,0.33511834115793276,0.2900259649776604,0.37485569386440704,0.33518712376916787,0.2882841145927456,0.37652876163808646,0.027221577940508723,0.43896103896103894,0.5610389610389611,0.4356234933220219,0.5643765066779782
E1,2425,2025-02-15,Oxford,Portsmouth,0,2,A,,,0.3985614622463936,0.2964300875457552,0.30500845020785106,0.4011824991971068,0.2949483004959445,0.30386920030694864,0.027120939223095775,0.42930591259640094,0.570694087403599,0.4258240276237681,0.5741759723762319
E1,2425,2025-02-15,Preston,Burnley,0,0,D,,,0.24597502905777816,0.30826740654643625,0.44575756439578573,0.24253995985746266,0.30726440190091414,0.45019563824162323,0.02666350919753313,0.33966745843230406,0.660332541567696,0.33020576548699926,0.6697942345130007
E1,2425,2025-02-15,Blackburn,Plymouth,2,0,H,,,0.5661604130889244,0.24881260259434304,0.1850269843167326,0.5761253061266883,0.24514987497932814,0.1787248188939835,0.029065108858048916,0.48684210526315796,0.513157894736842,0.48613998614008774,0.5138600138599122
E1,2425,2025-02-15,Hull,Norwich,1,1,D,,,0.36078300395900875,0.2838593004121931,0.3553576956287981,0.36195668764626965,0.28174496494114626,0.3562983474125841,0.0289714892860502,0.48818897637795283,0.5118110236220472,0.4875930521098033,0.5124069478901967
E1,2425,2025-02-15,Luton,Sheffield United,0,1,A,,,0.2791488172844105,0.2867619668467126,0.43408921586887683,0.276871566156325,0.2848015363798942,0.43832689746378073,0.028404248412698507,0.42783505154639173,0.5721649484536083,0.4240204059478852,0.5759795940521147
E1,2425,2025-02-15,Middlesbrough,Watford,0,1,A,,,0.592512415637336,0.22411817139946516,0.18336941296319878,0.6030725795775043,0.2196368438668366,0.17729057655565922,0.027670786948874593,0.5856777493606138,0.4143222506393862,0.5903013639605514,0.40969863603944845
E1,2425,2025-02-15,Millwall,West Brom,1,1,D,,,0.35093486747483044,0.3106636531744401,0.3384014793507294,0.35165601997596774,0.3097355513437461,0.3386084286802862,0.027693354641087353,0.385,0.615,0.3785767078562746,0.6214232921437255
E1,2425,2025-02-15,Sheffield Weds,Coventry,1,2,A,,,0.384767182428133,0.2783903731685904,0.3368424444032766,0.38691736493728196,0.2760989062923711,0.3369837287703469,0.02826318866573274,0.48818897637795283,0.5118110236220472,0.4875930521098033,0.5124069478901967
E1,2425,2025-02-15,Stoke,Swansea,3,1,H,,,0.3775554518335125,0.2933944842421413,0.329050063924346,0.3793637765429541,0.2917642175371327,0.3288720059199133,0.027622464927844703,0.46335078534031415,0.5366492146596858,0.46141656332340236,0.5385834366765977
E1,2425,2025-02-17,Leeds,Sunderland,2,1,H,fpl-team-13,fpl-team-20,0.610472719178654,0.23098967752705823,0.15853760329428787,0.6235649999535563,0.22606677831656866,0.15036822172987502,0.03228173987008631,0.5013192612137204,0.4986807387862796,0.5013923698131533,0.49860763018684684
E1,2425,2025-02-18,Preston,Millwall,1,1,D,,,0.3829804337690317,0.33093779642759524,0.286081769803373,0.3849247304687096,0.3308402761814746,0.28423499334981583,0.026442842558026314,0.309255079006772,0.690744920993228,0.2984351891622214,0.7015648108377787
E1,2425,2025-02-19,Luton,Plymouth,1,1,D,,,0.542859807853745,0.2623822404626434,0.19475795168361162,0.5519815200402011,0.25925158838995216,0.18876689156984672,0.029538448434323072,0.46858638743455505,0.5314136125654451,0.4669758097866967,0.5330241902133033
E1,2425,2025-02-21,Bristol City,Middlesbrough,2,1,H,,,0.40537673564383087,0.2741565206377353,0.3204667437184338,0.40827064107178385,0.27178569337341296,0.3199436655548032,0.027124967193230987,0.5,0.5,0.5,0.5
E1,2425,2025-02-21,Burnley,Sheffield Weds,4,0,H,,,0.5216483505942464,0.28340298450194884,0.19494866490380464,0.529097648471202,0.2813894780908676,0.18951287343793038,0.02679334580898285,0.39798488664987414,0.602015113350126,0.3927493246990947,0.6072506753009054
E1,2425,2025-02-22,Derby,Millwall,0,1,A,,,0.38261662483961817,0.3272031826214666,0.2901801925389153,0.38458306080330207,0.32695534226649686,0.2884615969302011,0.026942687574774027,0.3201856148491879,0.6798143851508122,0.308329623601073,0.6916703763989271
E1,2425,2025-02-22,Plymouth,Cardiff,1,1,D,,,0.3484779939249014,0.2812641375298907,0.37025786854520776,0.3490909620255339,0.2791491060642072,0.37175993191025886,0.02751620439812541,0.4790575916230366,0.5209424083769634,0.47803223769436987,0.5219677623056301
E1,2425,2025-02-22,Sunderland,Hull,0,1,A,fpl-team-20,,0.5785172083016817,0.24643330431552157,0.17504948738279671,0.5883517729065073,0.2428988107731844,0.1687494163203083,0.027236791793256998,0.4764397905759163,0.5235602094240838,0.4752747252712324,0.5247252747287677
E1,2425,2025-02-22,Coventry,Preston,2,1,H,,,0.52590401307851,0.2674088202094118,0.20668716671207815,0.533962256045399,0.2646198408798688,0.2014179030747322,0.028343591024167836,0.44791666666666663,0.5520833333333334,0.4451513821865228,0.5548486178134774
E1,2425,2025-02-22,Norwich,Stoke,4,2,H,,,0.5691589765100671,0.2422574105145414,0.18858361297539147,0.5793866892054723,0.2382676307080161,0.1823456800865115,0.02945418073795736,0.5065616797900262,0.4934383202099738,0.5068900892950844,0.49310991070491567
E1,2425,2025-02-22,Portsmouth,QPR,2,1,H,,,0.38781644674644666,0.2858828187496465,0.3263007345039069,0.39010668329944914,0.28389258089518704,0.3260007358053638,0.028403850505128503,0.4659685863874345,0.5340314136125655,0.46419916281732926,0.5358008371826707
E1,2425,2025-02-22,Swansea,Blackburn,3,0,H,,,0.36898566509300695,0.29244684292201173,0.33856749198498126,0.37053165397331284,0.2906768804165623,0.3387914656101247,0.029331928584724665,0.4363636363636364,0.5636363636363637,0.43279569893156794,0.567204301068432
E1,2425,2025-02-22,West Brom,Oxford,2,0,H,,,0.5602129676901758,0.2608154036904675,0.1789716286193567,0.5696827795168116,0.2577352309673987,0.1725819895157898,0.028344504069536924,0.43896103896103894,0.5610389610389611,0.4356234933220219,0.5643765066779782
E1,2425,2025-02-23,Watford,Luton,2,0,H,,,0.39487297902766466,0.2894927668331652,0.3156342541391701,0.39758813300915863,0.28756219536093386,0.31484967162990746,0.029821060597896576,0.43896103896103894,0.5610389610389611,0.4356234933220219,0.5643765066779782
E1,2425,2025-02-24,Sheffield United,Leeds,1,3,A,,fpl-team-13,0.2363689702862411,0.26197560873391723,0.5016554209798415,0.23204317986739445,0.25877126143787343,0.509185558694732,0.03028244711458683,0.4671916010498688,0.5328083989501312,0.46540654231752615,0.5345934576824739
E1,2425,2025-02-25,Cardiff,Hull,1,0,H,,,0.3544970541365761,0.2923237246418536,0.3531792212215703,0.3553196480348608,0.29072994620015646,0.35395040576498255,0.02629340870771557,0.451948051948052,0.548051948051948,0.4496105027956371,0.5503894972043629
E1,2425,2025-02-25,Stoke,Middlesbrough,1,3,A,,,0.31682052701286895,0.278727736374958,0.40445173661217315,0.31617764692663974,0.27662222614954507,0.40720012692381524,0.026079067029058933,0.5013123359580053,0.49868766404199477,0.5013777900249893,0.4986222099750107
E1,2425,2025-02-28,Sheffield Weds,Sunderland,1,2,A,,fpl-team-20,0.3451610678630974,0.29116347749187665,0.363675454645026,0.34562753378252964,0.2894953002331997,0.3648771659842706,0.026770776137709618,0.451948051948052,0.548051948051948,0.4496105027956371,0.5503894972043629
E1,2425,2025-03-01,Blackburn,Norwich,1,1,D,,,0.3710981059280302,0.28850614942575514,0.34039574464621475,0.37268326303916144,0.28662780205641075,0.34068893490442786,0.028383770491927862,0.46858638743455505,0.5314136125654451,0.4669758097866967,0.5330241902133033
E1,2425,2025-03-01,Leeds,West Brom,1,1,D,fpl-team-13,,0.7039339571278441,0.19172185011205511,0.1043441927601008,0.7204785928807208,0.18519318828466655,0.09432821883461268,0.030957201961427927,0.5366492146596858,0.46335078534031415,0.5385834366765977,0.46141656332340236
E1,2425,2025-03-01,Oxford,Coventry,2,3,A,,,0.268432517471939,0.28034520315856354,0.4512222793694975,0.2657715316425928,0.2781671750078171,0.4560612933495901,0.027717441436834633,0.47382198952879584,0.5261780104712042,0.4725131249860944,0.5274868750139057
E1,2425,2025-03-01,Luton,Portsmouth,1,0,H,,,0.43413313053869906,0.28335635466298326,0.2825105147983176,0.43836480211827267,0.2812580862275459,0.28037711165418144,0.028350555803626776,0.46981627296587924,0.5301837270341206,0.468195143536739,0.5318048564632609
E1,2425,2025-03-01,Middlesbrough,Derby,1,0,H,,,0.5699980855026137,0.24076255011051872,0.18923936438686773,0.5799914752577432,0.23681726898969888,0.183191255752558,0.02866252139210701,0.5065616797900262,0.4934383202099738,0.5068900892950844,0.49310991070491567
E1,2425,2025-03-01,QPR,Sheffield United,1,2,A,,,0.31538386971694454,0.29202210158976344,0.3925940286932919,0.3146243980735279,0.29028371807626696,0.39509188385020527,0.028471349622122943,0.44531250000000006,0.5546875,0.442344123214856,0.557655876785144
E1,2425,2025-03-01,Stoke,Watford,0,0,D,,,0.3885890516576715,0.28218966846569,0.32922127987663835,0.3908266273852924,0.2801233110595337,0.32905006155517397,0.02735350839793682,0.49081364829396334,0.5091863517060368,0.49035227961880756,0.5096477203811924
E1,2425,2025-03-04,Cardiff,Burnley,1,2,A,,,0.21737787933057492,0.28786100990139774,0.49476111076802737,0.2128661626142683,0.28605850593769144,0.5010753314480403,0.026446485426276922,0.37100737100737097,0.628992628992629,0.36418667215976014,0.6358133278402398
E1,2425,2025-03-04,Hull,Plymouth,2,0,H,,,0.5756650325484207,0.25194888692437517,0.17238608052720403,0.5851700722155547,0.24870552780847058,0.1661243999759746,0.0266281773801893,0.4671916010498688,0.5328083989501312,0.46540654231752615,0.5345934576824739
E1,2425,2025-03-04,Millwall,Bristol City,0,2,A,,,0.3379469434832757,0.32410611303344866,0.3379469434832757,0.3381280208750696,0.3237439582498608,0.3381280208750696,0.026520665735006332,0.33411214953271023,0.6658878504672897,0.32578824684293173,0.6742117531570683
E1,2425,2025-03-04,Preston,Swansea,0,0,D,,,0.39622641509433965,0.3018867924528302,0.3018867924528302,0.3986325648831035,0.30068371755844825,0.30068371755844825,0.025806349236518145,0.413265306122449,0.586734693877551,0.40874932902166,0.59125067097834
E1,2425,2025-03-07,Norwich,Oxford,1,1,D,,,0.5983613445378151,0.23401260504201682,0.16762605042016807,0.6097244432350541,0.2296940924587852,0.16058146430616066,0.02918893552850932,0.5039370078740157,0.4960629921259842,0.504133597884274,0.495866402115726
E1,2425,2025-03-08,Coventry,Stoke,3,2,H,,,0.6150171357357981,0.223906947761969,0.16107591650223282,0.6266997974736286,0.2193085486717125,0.153991653854659,0.02825056842993945,0.5275590551181102,0.47244094488188976,0.5290215588778682,0.4709784411221318
E1,2425,2025-03-08,Watford,Millwall,1,2,A,,,0.3981117230527144,0.3076317859952793,0.2942564909520063,0.40077110632248775,0.30657490090992107,0.29265399276759113,0.027717064484022558,0.3793969849246231,0.6206030150753769,0.3713033219810624,0.6286966780189376
E1,2425,2025-03-08,Bristol City,Hull,1,1,D,,,0.4904919884238018,0.2751888190866097,0.23431919248958843,0.49706377405410607,0.2727421391078115,0.23019408683808248,0.028275099582970142,0.44010416666666663,0.5598958333333334,0.4367001513590554,0.5632998486409446
E1,2425,2025-03-08,Burnley,Luton,4,0,H,,,0.5843580211609952,0.25865027166142407,0.1569917071775808,0.5948539467565669,0.25544642774597315,0.14969962549745994,0.028479386819526553,0.4025316455696203,0.5974683544303797,0.3973989979611039,0.6026010020388961
E1,2425,2025-03-08,Derby,Blackburn,2,1,H,,,0.34606741573033706,0.30786516853932583,0.34606741573033706,0.3465814280623213,0.3068371438753575,0.3465814280623213,0.027303786017000675,0.3954659949622167,0.6045340050377834,0.3898619957563648,0.6101380042436351
E1,2425,2025-03-08,Plymouth,Sheffield Weds,0,3,A,,,0.261746646444716,0.2691826307187137,0.4690707228365703,0.25880696916125395,0.26654407570159583,0.47464895513715005,0.02775775082409382,0.4789473684210527,0.5210526315789473,0.47779997779921773,0.5222000222007822
E1,2425,2025-03-08,Sheffield United,Preston,1,0,H,,,0.5749691976296842,0.2503164053005222,0.17471439706979355,0.5846740597582746,0.24693152288266468,0.1683944173590607,0.02727181976661086,0.44791666666666663,0.5520833333333334,0.4451513821865228,0.5548486178134774
E1,2425,2025-03-08,Sunderland,Cardiff,2,1,H,fpl-team-20,,0.6276232627263968,0.22194639969949864,0.15043033757410462,0.6396870525072037,0.21730643547253342,0.14300651202026293,0.027962553314864635,0.5,0.5,0.5,0.5
E1,2425,2025-03-08,Swansea,Middlesbrough,1,0,H,,,0.3363404589135125,0.27652480878603647,0.38713473230045103,0.336455994035273,0.27424550471811293,0.3892985012466141,0.027175539173185825,0.5065616797900262,0.4934383202099738,0.5068900892950844,0.49310991070491567
E1,2425,2025-03-08,West Brom,QPR,1,0,H,,,0.5441818992420865,0.2637539010254124,0.19206419973250113,0.5529624477566392,0.26081539804276765,0.1862221542005933,0.028239850886166096,0.44908616187989553,0.5509138381201044,0.44626915021678265,0.5537308497832173
E1,2425,2025-03-09,Portsmouth,Leeds,1,0,H,,fpl-team-13,0.1259007167709185,0.19963115767058956,0.6744681255584919,0.11693286247977777,0.1936420970126262,0.6894250405075961,0.030151858692988753,0.5456919060052219,0.4543080939947781,0.5481218720770542,0.4518781279229459
E1,2425,2025-03-11,Burnley,West Brom,1,1,D,,,0.4855708250783568,0.29775569462352064,0.21667348029812256,0.49190585230101125,0.2962464811480778,0.21184766655091106,0.028164628660306334,0.36855036855036855,0.6314496314496314,0.3612191958614918,0.6387808041385081
E1,2425,2025-03-11,Cardiff,Luton,1,2,A,,,0.40215266529964183,0.299394413283014,0.2984529214173442,0.40489002604921076,0.2980443340320714,0.2970656399187178,0.02684220252558589,0.41581632653061223,0.5841836734693877,0.41159214510020437,0.5884078548997955
E1,2425,2025-03-11,Derby,Coventry,2,0,H,,,0.2830706150698169,0.29358717042844795,0.42334221450173515,0.2810399395693331,0.29197797474365317,0.42698208568701385,0.027295551728457212,0.3954659949622167,0.6045340050377834,0.3898619957563648,0.6101380042436351
E1,2425,2025-03-11,Middlesbrough,QPR,2,1,H,,,0.4998901838048565,0.2745061702974646,0.22560364589767873,0.5064277581015579,0.27217973406158336,0.22139250783685868,0.02652847464196384,0.4790575916230366,0.5209424083769634,0.47803223769436987,0.5219677623056301
E1,2425,2025-03-11,Norwich,Sheffield Weds,2,3,A,,,0.42556010646796805,0.28244018970939544,0.2919997038226365,0.42923628599253605,0.28041330070381804,0.29035041330364597,0.02690016757696867,0.5065616797900262,0.4934383202099738,0.5068900892950844,0.49310991070491567
E1,2425,2025-03-11,Sunderland,Preston,1,1,D,fpl-team-20,,0.5726324503311259,0.2597185430463576,0.16764900662251656,0.5818751065033398,0.25681861732167355,0.16130627617498655,0.0262258960865438,0.4086294416243655,0.5913705583756345,0.40403326846925786,0.5959667315307422
E1,2425,2025-03-11,Sheffield United,Bristol City,1,1,D,,,0.4667623199602671,0.28454279565145413,0.24869488438827878,0.4722441246016934,0.28252777856573874,0.2452280968325679,0.0277561885304749,0.44155844155844154,0.5584415584415584,0.4384404924803881,0.5615595075196119
E1,2425,2025-03-12,Hull,Oxford,2,1,H,,,0.5490571745487547,0.2601593223757185,0.19078350307552686,0.5584842387479927,0.25691630812962585,0.1845994531223814,0.029664428206160665,0.44531250000000006,0.5546875,0.442344123214856,0.557655876785144
E1,2425,2025-03-12,Leeds,Millwall,2,0,H,fpl-team-13,,0.7283944237519229,0.18460290896659737,0.08700266728147968,0.7472131583830416,0.17717353332118016,0.07561330829577816,0.03345588129013777,0.4934383202099738,0.5065616797900262,0.49310991070491567,0.5068900892950844
E1,2425,2025-03-12,Portsmouth,Plymouth,1,2,A,,,0.5595378742452757,0.25283930681136785,0.18762281894335633,0.5691940189070094,0.2493593413033949,0.18144663978959577,0.028977631591260433,0.49868766404199477,0.5013123359580053,0.4986222099750107,0.5013777900249893
E1,2425,2025-03-12,Watford,Swansea,1,0,H,,,0.40656370656370655,0.2911196911196911,0.3023166023166023,0.4098271674533371,0.28924043953802464,0.30093239300863817,0.030118262395262718,0.44270833333333337,0.5572916666666667,0.4395272127486084,0.5604727872513917
E1,2425,2025-03-12,Stoke,Blackburn,1,0,H,,,0.35770647027880065,0.29510783798001056,0.34718569174118885,0.35876751202362916,0.29344516665977516,0.3477873213165956,0.02947466936893761,0.44908616187989553,0.5509138381201044,0.44626915021678265,0.5537308497832173
E1,2425,2025-03-14,Bristol City,Norwich,2,1,H,,,0.4571879560413378,0.2764392292342973,0.2663728147243649,0.4619307604771453,0.2742582221227662,0.2638110174000886,0.02583727822639048,0.4921052631578948,0.5078947368421052,0.4916876783688407,0.5083123216311592
E1,2425,2025-03-15,Millwall,Stoke,1,0,H,,,0.43812154696132594,0.3033149171270718,0.2585635359116022,0.44252548340371517,0.30204309551493197,0.25543142108135286,0.02839619107544422,0.3703703703703704,0.6296296296296295,0.36274509804893107,0.6372549019510689
E1,2425,2025-03-15,QPR,Leeds,2,2,D,,fpl-team-13,0.1471686619965794,0.22712086779279803,0.6257104702106225,0.13918917454335325,0.22242355635588001,0.6383872691007667,0.029627551208250225,0.4842105263157894,0.5157894736842105,0.4833629103791193,0.5166370896208807
E1,2425,2025-03-15,Blackburn,Cardiff,1,2,A,,,0.46817211358700267,0.2823007968494762,0.2495270895635212,0.4739130331293049,0.2801175592774671,0.24596940759322797,0.02877757651731372,0.43896103896103894,0.5610389610389611,0.4356234933220219,0.5643765066779782
E1,2425,2025-03-15,Coventry,Sunderland,3,0,H,,fpl-team-20,0.3636460214596834,0.29002443429299907,0.3463295442473175,0.364937888924799,0.28818097031207207,0.346881140763129,0.028841227060183883,0.47244094488188976,0.5275590551181102,0.4709784411221318,0.5290215588778682
E1,2425,2025-03-15,Luton,Middlesbrough,0,0,D,,,0.36260901559473896,0.2775394518188471,0.35985153258641395,0.3638325892532531,0.27520816993938674,0.36095924080736014,0.028326918836683035,0.49473684210526314,0.5052631578947367,0.4944592198579216,0.5055407801420785
E1,2425,2025-03-15,Oxford,Watford,1,0,H,,,0.33429806519945315,0.303225488626427,0.36247644617411967,0.3343370934154069,0.3019572605284953,0.36370564605609773,0.02851074980571866,0.4263565891472868,0.5736434108527132,0.42219492218592264,0.5778050778140774
E1,2425,2025-03-15,Plymouth,Derby,2,3,A,,,0.32580379225061834,0.3107996702390767,0.363396537510305,0.3254775596289891,0.30982720824444077,0.36469523212657007,0.029199405340477824,0.3815461346633417,0.6184538653366584,0.37481551760232823,0.6251844823976718
E1,2425,2025-03-15,Preston,Portsmouth,2,1,H,,,0.4338915154761628,0.2919393530055663,0.274169131518271,0.4381561800361056,0.29017984196787294,0.27166397799602143,0.02864611498080194,0.43264248704663216,0.5673575129533679,0.4289093046652558,0.5710906953347442
E1,2425,2025-03-15,Swansea,Burnley,0,2,A,,,0.2513998921564561,0.2963208760214028,0.4522792318221411,0.24789557909769075,0.29471973153919356,0.45738468936311555,0.02901393361389637,0.37562189054726364,0.6243781094527363,0.3680773594384843,0.6319226405615157
E1,2425,2025-03-15,West Brom,Hull,1,1,D,,,0.4952286982382617,0.2790226588894041,0.2257486428723341,0.5020992962891151,0.2766964160279947,0.22120428768289013,0.02871385682374239,0.4464751958224543,0.5535248041775457,0.4434513957758167,0.5565486042241833
E1,2425,2025-03-16,Sheffield Weds,Sheffield United,0,1,A,,,0.3747256706737856,0.2950964656556062,0.33017786367060836,0.3765314903736711,0.29343133475457284,0.33003717487175604,0.029497493756935,0.44270833333333337,0.5572916666666667,0.4395272127486084,0.5604727872513917
E1,2425,2025-03-28,Sheffield United,Coventry,3,1,H,,,0.4554347949875296,0.2797477820843282,0.2648174229281422,0.4609296678217067,0.2773315519712226,0.2617387802070707,0.03042839653789997,0.4710526315789474,0.5289473684210526,0.4694266099690281,0.5305733900309719
E1,2425,2025-03-29,Hull,Luton,0,1,A,,,0.4295212765957446,0.2925531914893617,0.2779255319148936,0.43367414411896077,0.2907892815242732,0.27553657435676604,0.029167976113967597,0.41902313624678666,0.5809768637532133,0.4144904717974111,0.5855095282025888
E1,2425,2025-03-29,Watford,Plymouth,0,0,D,,,0.5929735112527384,0.24362477594104756,0.1634017128062139,0.604654752654061,0.2395108819881284,0.1558343653578105,0.030671514570713043,0.48157894736842105,0.5184210526315789,0.4805830628839423,0.5194169371160577
E1,2425,2025-03-29,Burnley,Bristol City,1,0,H,,,0.5421675571386168,0.2695347284060552,0.188297714455328,0.5514638356984691,0.266642136182511,0.18189402811901986,0.030233044060878456,0.40561224489795916,0.5943877551020408,0.40012686587796026,0.5998731341220397
E1,2425,2025-03-29,Cardiff,Sheffield Weds,1,1,D,,,0.32463388759953016,0.28978055610878306,0.38558555629168684,0.3242530096170876,0.28789709813905207,0.38784989224386035,0.029290926875546575,0.4516971279373368,0.5483028720626633,0.4490778970539186,0.5509221029460813
E1,2425,2025-03-29,Leeds,Swansea,2,2,D,fpl-team-13,,0.7665075151823942,0.15818863148898404,0.0753038533286218,0.7860121516928832,0.14992957834879533,0.06405826995832148,0.03187772398814559,0.5523560209424083,0.4476439790575916,0.5554308361827337,0.44456916381726636
E1,2425,2025-03-29,Middlesbrough,Oxford,2,1,H,,,0.590899241603467,0.23401950162513543,0.17508125677139763,0.6019369861184201,0.22971328236901561,0.16834973151256435,0.029147048480808735,0.5157894736842105,0.4842105263157894,0.5166370896208807,0.4833629103791193
E1,2425,2025-03-29,Norwich,West Brom,1,0,H,,,0.4241304629800681,0.2857434841225232,0.29012605289740856,0.42798598893035883,0.2837235561930878,0.28829045487655336,0.028679023729637265,0.4750656167979003,0.5249343832020998,0.4737569060807899,0.5262430939192101
E1,2425,2025-03-29,Portsmouth,Blackburn,1,0,H,,,0.4168128035722062,0.2893471144063939,0.2938400820214,0.42033287253278456,0.28749316741493347,0.29217396005228197,0.028475935803726315,0.44270833333333337,0.5572916666666667,0.4395272127486084,0.5604727872513917
E1,2425,2025-03-29,Stoke,QPR,3,1,H,,,0.4163945613318151,0.2963058477188779,0.28729959094930707,0.41996148658170757,0.294714079958062,0.28532443346023045,0.029007619246840477,0.42894056847545214,0.5710594315245477,0.4250395246198356,0.5749604753801645
E1,2425,2025-03-29,Sunderland,Millwall,1,0,H,fpl-team-20,,0.579638680278762,0.2560463547030846,0.1643149650181534,0.5903132331350953,0.2526215050064321,0.15706526185847253,0.02951015206053853,0.41538461538461535,0.5846153846153845,0.4106562703135704,0.5893437296864297
E1,2425,2025-04-02,Derby,Preston,2,0,H,,,0.4119064019206956,0.31547346501618495,0.2726201330631194,0.4154047969987596,0.31467035595499054,0.2699248470462499,0.030104331905022264,0.34457831325301197,0.655421686746988,0.3341731797368744,0.6658268202631256
E1,2425,2025-04-04,Blackburn,Middlesbrough,0,2,A,,,0.33521762336843125,0.2805085156970255,0.38427386093454313,0.3352929188195993,0.2782530323325515,0.38645404884784923,0.02894113422371447,0.4894736842105264,0.5105263157894737,0.4889147544617743,0.5110852455382258
E1,2425,2025-04-05,Coventry,Burnley,1,2,A,,,0.307335813159339,0.2995304591743399,0.39313372766632115,0.306182771779761,0.2980337581197832,0.3957834701004558,0.029945626622065902,0.42118863049095606,0.578811369509044,0.41646581945725997,0.5835341805427401
E1,2425,2025-04-05,Luton,Leeds,1,1,D,,fpl-team-13,0.17029368265370803,0.23367842805831399,0.596027889287978,0.16287189499231156,0.22903756670517597,0.6080905383025125,0.031297625275328755,0.4789473684210527,0.5210526315789473,0.47779997779921773,0.5222000222007822
E1,2425,2025-04-05,West Brom,Sunderland,0,1,A,,fpl-team-20,0.38437928423809614,0.2897628450410264,0.3258578707208774,0.3867149502553737,0.2877735943168683,0.32551145542775806,0.030953153502196074,0.44386422976501305,0.556135770234987,0.4406241369777816,0.5593758630222184
E1,2425,2025-04-05,Bristol City,Watford,2,1,H,,,0.5199951782539253,0.26363901194386685,0.216365809802208,0.5286426219079045,0.26038261269188095,0.21097476540021462,0.03141160844825208,0.47368421052631576,0.5263157894736842,0.47222222222641946,0.5277777777735805
E1,2425,2025-04-05,Millwall,Portsmouth,2,1,H,,,0.40438279942745403,0.31096103058282765,0.2846561699897184,0.40760786957729805,0.3099409060061047,0.28245122441659726,0.03069063532166183,0.3611793611793612,0.6388206388206389,0.35217163788349326,0.6478283621165067
E1,2425,2025-04-05,Oxford,Sheffield United,1,0,H,,,0.21466905187835425,0.2731585906510073,0.5121723574706386,0.20932228326167385,0.2704007628744325,0.5202769538638937,0.03071625006850809,0.4464751958224543,0.5535248041775457,0.4434513957758167,0.5565486042241833
E1,2425,2025-04-05,Plymouth,Norwich,2,1,H,,,0.2209562563580875,0.25778229908443534,0.5212614445574771,0.21598224856544576,0.25440487379017235,0.5296128776443818,0.03010539337992668,0.5013192612137204,0.4986807387862796,0.5013923698131533,0.49860763018684684
E1,2425,2025-04-05,Preston,Stoke,1,1,D,,,0.39455289941405847,0.303209462893762,0.30223763769217943,0.39729277980281535,0.3018611266213594,0.30084609357582537,0.03024976048618555,0.41025641025641024,0.5897435897435896,0.40489130435331583,0.5951086956466841
E1,2425,2025-04-05,QPR,Cardiff,0,0,D,,,0.4225569932468604,0.29446940466890587,0.2829736020842339,0.4266025741357327,0.29270463939359165,0.28069278647067564,0.03065123374108225,0.42118863049095606,0.578811369509044,0.41646581945725997,0.5835341805427401
E1,2425,2025-04-05,Sheffield Weds,Hull,0,1,A,,,0.4722159945016374,0.27859350708061204,0.24919049841775062,0.47827512295880664,0.2761950919470045,0.2455297850941889,0.02949930727481842,0.450261780104712,0.549738219895288,0.44739756368406325,0.5526024363159369
E1,2425,2025-04-05,Swansea,Derby,1,0,H,,,0.4600405740139506,0.29563735947604974,0.24432206650999966,0.4657064798049946,0.2939350238626663,0.24035849633233916,0.03025235584937036,0.39593908629441626,0.6040609137055837,0.3895712130861784,0.6104287869138215
E1,2425,2025-04-08,Blackburn,Sheffield Weds,2,2,D,,,0.360366284709093,0.2950498956055699,0.34458381968533713,0.36154758848051943,0.2933788654048577,0.34507354611462293,0.029578899033367634,0.41282051282051285,0.5871794871794872,0.4077816051400617,0.5922183948599383
E1,2425,2025-04-08,Bristol City,West Brom,2,1,H,,,0.38902026412485896,0.28387965219922145,0.32710008367591953,0.39140439942680333,0.28176732711943764,0.3268282734537591,0.028938024071976542,0.4516971279373368,0.5483028720626633,0.4490778970539186,0.5509221029460813
E1,2425,2025-04-08,Derby,Burnley,0,0,D,,,0.20457451342520241,0.29535445375763597,0.5000710328171615,0.19907314378843624,0.29368111061070934,0.5072457456008544,0.029164531151764095,0.33890214797136037,0.6610978520286396,0.3283927390884567,0.6716072609115433
E1,2425,2025-04-08,Norwich,Sunderland,0,0,D,,fpl-team-20,0.3890794303568703,0.2732552068691315,0.3376653627739982,0.3914582380370254,0.2706982814404743,0.3378434805225003,0.02886188286356628,0.5092348284960422,0.4907651715039578,0.5097498467882865,0.49025015321171345
E1,2425,2025-04-08,Preston,Cardiff,2,2,D,,,0.37101212924268684,0.2911018244827235,0.33788604627458974,0.3726006676803295,0.28932443273381103,0.33807489958585957,0.02850541938096285,0.4404145077720207,0.5595854922279793,0.43736383441719673,0.5626361655828032
E1,2425,2025-04-08,Sheffield United,Millwall,0,1,A,,,0.57542693970067,0.25784157953800513,0.1667314807613249,0.5861400129011374,0.2544253417405713,0.15943464535829124,0.030134279280900955,0.41794871794871796,0.5820512820512821,0.4135158509252556,0.5864841490747444
E1,2425,2025-04-08,Stoke,Luton,1,1,D,,,0.3868121198275124,0.29962589599337464,0.313561984179113,0.38916810672115754,0.2981426425002115,0.3126892507786309,0.029773903777822852,0.401015228426396,0.598984771573604,0.3954087105764803,0.6045912894235197
E1,2425,2025-04-08,Watford,Hull,1,0,H,,,0.39405201457506883,0.29279406655732665,0.31315391886760435,0.39663267255956774,0.2910737167807343,0.312293610659698,0.028710514772683382,0.43264248704663216,0.5673575129533679,0.4289093046652558,0.5710906953347442
E1,2425,2025-04-08,Middlesbrough,Leeds,0,1,A,,fpl-team-13,0.20620688576389432,0.24788124325423516,0.5459118709818706,0.20068111366609198,0.24412291793430724,0.5551959683996008,0.02961462060920894,0.5157894736842105,0.4842105263157894,0.5166370896208807,0.4833629103791193
E1,2425,2025-04-09,Oxford,QPR,1,3,A,,,0.36983948522426013,0.2982197753871812,0.3319407393885586,0.3715792981600501,0.2965493452529633,0.3318713565869866,0.032268349546939135,0.4092071611253197,0.5907928388746803,0.40395021644738066,0.5960497835526194
E1,2425,2025-04-09,Swansea,Plymouth,3,0,H,,,0.5758192194139437,0.24506144324927623,0.17911933733678015,0.5875825424416692,0.24071415974976443,0.17170329780856644,0.033054528292268515,0.47244094488188976,0.5275590551181102,0.4709784411221318,0.5290215588778682
E1,2425,2025-04-09,Coventry,Portsmouth,1,0,H,,,0.5689404934687953,0.23947750362844702,0.1915820029027576,0.5803397211232778,0.23489223883610832,0.1847680400406138,0.03292291343677789,0.5184210526315789,0.48157894736842105,0.5194169371160577,0.4805830628839423
E1,2425,2025-04-11,Burnley,Norwich,2,1,H,,,0.5909477066235455,0.2468711045946926,0.16218118878176205,0.6019659936861876,0.2430997913032432,0.15493421501056912,0.029128437163308263,0.4659685863874345,0.5340314136125655,0.46419916281732926,0.5358008371826707
E1,2425,2025-04-12,Leeds,Preston,2,1,H,fpl-team-13,,0.7676262642373006,0.15554864991958478,0.07682508584311472,0.7866918286878061,0.14740927831145137,0.06589889300074253,0.031001898692920804,0.5699481865284974,0.43005181347150256,0.5739320919957633,0.42606790800423666
E1,2425,2025-04-12,Plymouth,Sheffield United,2,1,H,,,0.17467248908296942,0.23580786026200876,0.5895196506550219,0.1676411366034229,0.2313950561154211,0.6009638072811561,0.030409058090299368,0.5013123359580053,0.49868766404199477,0.5013777900249893,0.4986222099750107
E1,2425,2025-04-12,Cardiff,Stoke,0,1,A,,,0.4126167548188994,0.2868189637155764,0.30056428146552416,0.4163111370514593,0.28465440904862255,0.2990344538999182,0.03151201084256172,0.44010416666666663,0.5598958333333334,0.4367001513590554,0.5632998486409446
E1,2425,2025-04-12,Luton,Blackburn,0,1,A,,,0.501338379016439,0.27478605030638636,0.22387557067717467,0.5089350301014745,0.2721142706950544,0.2189506992034712,0.030627723317593336,0.43005181347150256,0.5699481865284974,0.42606790800423666,0.5739320919957633
E1,2425,2025-04-12,Millwall,Middlesbrough,1,0,H,,,0.3313789234914058,0.28605353881932893,0.38256753768926516,0.33128334466571424,0.28387215346676964,0.384844501867516,0.03130013216286898,0.4476439790575916,0.5523560209424083,0.44456916381726636,0.5554308361827337
E1,2425,2025-04-12,Portsmouth,Derby,2,2,D,,,0.40079893475366174,0.3129161118508655,0.28628495339547266,0.40387959607001234,0.31197934999050675,0.2841410539394809,0.030877152690663934,0.37220843672456577,0.6277915632754342,0.36429512516568,0.6357048748343199
E1,2425,2025-04-12,QPR,Bristol City,1,1,D,,,0.30273268474502585,0.2879200763171347,0.40934723893783936,0.3013224952620957,0.2858344429781461,0.41284306175975816,0.03109551453962922,0.4248704663212435,0.5751295336787565,0.42034717644622677,0.5796528235537732
E1,2425,2025-04-12,Sheffield Weds,Oxford,0,1,A,,,0.578137629018404,0.24604812932114845,0.17581424166044748,0.5892456628861359,0.2420258939227546,0.1687284431911095,0.030884806998074055,0.4789473684210527,0.5210526315789473,0.47779997779921773,0.5222000222007822
E1,2425,2025-04-12,Sunderland,Swansea,0,1,A,fpl-team-20,,0.5496826017722556,0.25965669862722573,0.1906606996005187,0.5599274452147143,0.2561144823202052,0.18395807246508067,0.032194763887673616,0.4593175853018373,0.5406824146981627,0.45700416089548346,0.5429958391045165
E1,2425,2025-04-12,West Brom,Watford,2,1,H,,,0.5415164275448195,0.2588567538263698,0.19962681862881063,0.5509819376989585,0.25543101801339724,0.1935870442876442,0.030861827079206705,0.46194225721784776,0.5380577427821522,0.4598115299356801,0.5401884700643199
E1,2425,2025-04-14,Hull,Coventry,1,1,D,,,0.3697895990472409,0.2898967844382691,0.34031361651448994,0.37152989036492895,0.28782722718788334,0.3406428824471877,0.03234323184005916,0.4696569920844328,0.5303430079155673,0.4678573425068856,0.5321426574931143
E1,2425,2025-04-18,Derby,Luton,0,1,A,,,0.3688092597899354,0.31453632523890807,0.3166544149711566,0.370469323775177,0.3136569310909747,0.3158737451338483,0.03165897144936025,0.3453237410071942,0.6546762589928057,0.3359279609272553,0.6640720390727447
E1,2425,2025-04-18,Blackburn,Millwall,4,1,H,,,0.40619760092867274,0.3020443699213207,0.2917580291500064,0.40949561572285903,0.30062629609207986,0.28987808818506106,0.030596524011343718,0.37128712871287123,0.6287128712871286,0.3635170603769038,0.6364829396230961
E1,2425,2025-04-18,Bristol City,Sunderland,2,1,H,,fpl-team-20,0.4061122716350508,0.2829370781361315,0.31095065022881774,0.40941781046818193,0.28065316675084934,0.3099290227809688,0.030709706712514162,0.4540682414698162,0.5459317585301837,0.4513672743432872,0.5486327256567128
E1,2425,2025-04-18,Coventry,West Brom,2,0,H,,,0.42813031697019344,0.2738042724809377,0.2980654105488688,0.4324612302422693,0.27109054314787995,0.2964482266098507,0.03089154069311917,0.4881266490765172,0.5118733509234827,0.48746168849481736,0.5125383115051826
E1,2425,2025-04-18,Middlesbrough,Plymouth,2,1,H,,,0.6870143001058792,0.1852774785718611,0.12770822132225976,0.7034194767756609,0.1782892372800187,0.11829128594432041,0.03197831124998629,0.6091370558375634,0.39086294416243655,0.6163419913385362,0.38365800866146377
E1,2425,2025-04-18,Norwich,Portsmouth,3,5,A,,,0.5232464929859719,0.2525050100200401,0.22424849699398797,0.5319440749879181,0.2487867272898722,0.21926919772220974,0.03103867918252945,0.5275590551181102,0.47244094488188976,0.5290215588778682,0.4709784411221318
E1,2425,2025-04-18,Preston,QPR,1,2,A,,,0.40979294638417985,0.30801430610575603,0.28219274751006396,0.41324446282581473,0.30686651816876626,0.27988901900541896,0.030518225394189358,0.3888888888888889,0.6111111111111112,0.3819362455758829,0.6180637544241171
E1,2425,2025-04-18,Stoke,Sheffield Weds,2,0,H,,,0.41544443957985905,0.2773702581900824,0.3071853022300587,0.41911529048818624,0.27487429303678057,0.30601041647503313,0.030221044551581144,0.4657894736842106,0.5342105263157895,0.4638195430185368,0.5361804569814632
E1,2425,2025-04-18,Swansea,Hull,1,0,H,,,0.3970594819901412,0.2913408583023637,0.311599659707495,0.40001372583708555,0.2893974629976401,0.3105888111652745,0.0313524145167321,0.43005181347150256,0.5699481865284974,0.42606790800423666,0.5739320919957633
E1,2425,2025-04-18,Watford,Burnley,1,2,A,,,0.2015939990623535,0.27426160337552746,0.5241443975621191,0.19578026095618528,0.27159592146687717,0.5326238175769376,0.030141122173517942,0.41025641025641024,0.5897435897435896,0.40489130435331583,0.5951086956466841
E1,2425,2025-04-18,Sheffield United,Cardiff,2,0,H,,,0.595188833978324,0.236280994393405,0.16853017162827097,0.6074996222398352,0.23164571824657565,0.16085465951358918,0.03206626302562654,0.49340369393139843,0.5065963060686015,0.49303698752158454,0.5069630124784155
E1,2425,2025-04-18,Oxford,Leeds,0,1,A,,fpl-team-13,0.11055505004549591,0.19335759781619655,0.6960873521383075,0.10015875753040265,0.1864891301002804,0.713352112369317,0.03300565201789141,0.5263157894736842,0.47368421052631576,0.5277777777735805,0.47222222222641946
E1,2425,2025-04-21,Cardiff,Oxford,1,1,D,,,0.4987225344915688,0.2805314256515074,0.22074603985692387,0.5061901611797771,0.27811928241733463,0.2156905564028883,0.03058819891884923,0.4248704663212435,0.5751295336787565,0.42034717644622677,0.5796528235537732
E1,2425,2025-04-21,Hull,Preston,2,1,H,,,0.47873599623549856,0.2866595478978517,0.23460445586664982,0.48523688981049007,0.28455262522649566,0.23021048496301422,0.030259807710535824,0.41752577319587636,0.5824742268041238,0.41259696274363056,0.5874030372563693
E1,2425,2025-04-21,Leeds,Stoke,6,0,H,fpl-team-13,,0.7540408388885034,0.16449407480115694,0.0814650863103396,0.7730738275859398,0.1565276780090288,0.07039849440503138,0.03186174761503935,0.5602094240837696,0.4397905759162304,0.563974187816472,0.43602581218352804
E1,2425,2025-04-21,Luton,Bristol City,3,1,H,,,0.3782260846708613,0.2924791772765356,0.3292947380526031,0.3802777612789097,0.2906158869095681,0.3291063518115222,0.03092016722075641,0.44010416666666663,0.5598958333333334,0.4367001513590554,0.5632998486409446
E1,2425,2025-04-21,Millwall,Norwich,3,1,H,,,0.4259535697740259,0.2896484274463376,0.2843980027796366,0.43022567014895263,0.2876321839704289,0.2821421458806184,0.031187518732622266,0.4348958333333333,0.5651041666666667,0.43101354895108535,0.5689864510489147
E1,2425,2025-04-21,Plymouth,Coventry,3,1,H,,,0.21343131470256935,0.2412701818376871,0.5452985034597436,0.20810745952380513,0.23715029062539855,0.5547422498507962,0.03021208115387708,0.5392670157068064,0.46073298429319376,0.5413724624964675,0.4586275375035324
E1,2425,2025-04-21,Portsmouth,Watford,1,0,H,,,0.4590700918989415,0.2735737466258227,0.2673561614752358,0.4649009663729328,0.2708002983721421,0.26429873525492514,0.03136946796439588,0.4593175853018373,0.5406824146981627,0.45700416089548346,0.5429958391045165
E1,2425,2025-04-21,QPR,Swansea,1,2,A,,,0.3784787936760775,0.2954270207691013,0.3260941855548211,0.38051896307828026,0.29371719463600554,0.32576384228571414,0.030564667424187064,0.41752577319587636,0.5824742268041238,0.41259696274363056,0.5874030372563693
E1,2425,2025-04-21,Sheffield Weds,Middlesbrough,2,1,H,,,0.29918710630960343,0.26850124925220825,0.4323116444381884,0.29763490088476796,0.26557643228258165,0.4367886668326504,0.030583829153329134,0.4973684210526315,0.5026315789473684,0.4972298401618182,0.5027701598381817
E1,2425,2025-04-21,Sunderland,Blackburn,0,1,A,fpl-team-20,,0.5404409313842198,0.25905433074615497,0.20050473786962528,0.5501782486105034,0.2555205884451655,0.1943011629443312,0.03193010622635484,0.4528795811518324,0.5471204188481674,0.45021710872652343,0.5497828912734765
E1,2425,2025-04-21,West Brom,Derby,1,3,A,,,0.4880034230090389,0.28283681874097444,0.22915975824998658,0.49508075327001616,0.28050259166460756,0.22441665506537625,0.030989248654805124,0.398477157360406,0.6015228426395939,0.3924991265417941,0.6075008734582058
E1,2425,2025-04-21,Burnley,Sheffield United,2,1,H,,,0.48782659803729506,0.28530464673090283,0.22686875523180222,0.4949388389398118,0.28306760223816907,0.22199355882201907,0.031184959458187222,0.38,0.62,0.37266553482930753,0.6273344651706926
E1,2425,2025-04-25,Stoke,Sheffield United,0,2,A,,,0.38775592797795144,0.28933469855235516,0.3229093734696933,0.3900504568848751,0.2874833799181124,0.32246616319701255,0.028485451359301805,0.44270833333333337,0.5572916666666667,0.4395272127486084,0.5604727872513917
E1,2425,2025-04-26,Luton,Coventry,1,0,H,,,0.382830626450116,0.2865429234338747,0.33062645011600933,0.384938284877322,0.28455484430607225,0.33050687081660574,0.028782945591956377,0.47769028871391084,0.5223097112860893,0.47653100668062165,0.5234689933193785
E1,2425,2025-04-26,QPR,Burnley,0,5,A,,,0.24210526315789474,0.27368421052631575,0.4842105263157895,0.2381201811080532,0.27105819019327376,0.4908216286986731,0.029638864332810044,0.4263565891472868,0.5736434108527132,0.42219492218592264,0.5778050778140774
E1,2425,2025-04-26,Blackburn,Watford,2,1,H,,,0.5449763282482903,0.25901347468943464,0.1960101970622749,0.5544993213830433,0.25562714402153364,0.189873534595423,0.03054579021409154,0.4802110817941952,0.5197889182058046,0.47908183187353065,0.5209181681264694
E1,2425,2025-04-26,Cardiff,West Brom,0,0,D,,,0.4167718636646906,0.2907112382352471,0.2925168981000623,0.4205820657621229,0.2887652947185383,0.29065263951933884,0.030871060909703374,0.4476439790575916,0.5523560209424083,0.44456916381726636,0.5554308361827337
E1,2425,2025-04-26,Hull,Derby,0,1,A,,,0.39271453019313834,0.30902126966017446,0.2982642001466873,0.3953947056584117,0.30792238674730726,0.29668290759428095,0.030511796940118074,0.36519607843137253,0.6348039215686274,0.35747972326061345,0.6425202767393866
E1,2425,2025-04-26,Middlesbrough,Norwich,0,0,D,,,0.6114184474093358,0.21159200202480385,0.17698955056586035,0.6242267813395518,0.20594547188662116,0.16982774677382695,0.031401983462274075,0.6206030150753769,0.3793969849246231,0.6286966780189376,0.3713033219810624
E1,2425,2025-04-26,Millwall,Swansea,1,0,H,,,0.4188129096966006,0.29820539456245293,0.2829816957409464,0.4226864368275712,0.29661029140067036,0.28070327177175847,0.030633419519290328,0.4015345268542199,0.5984654731457799,0.3952038760800564,0.6047961239199436
E1,2425,2025-04-26,Oxford,Sunderland,2,0,H,,fpl-team-20,0.3013139039699679,0.29564655781379295,0.40303953821623917,0.29988308713800965,0.2939645624697111,0.40615235039227926,0.030180804198607802,0.4348958333333333,0.5651041666666667,0.43101354895108535,0.5689864510489147
E1,2425,2025-04-26,Preston,Plymouth,1,2,A,,,0.5321580839256664,0.2580602215201177,0.20978169455421594,0.5412506743767812,0.25458760866776486,0.20416171695545401,0.03101909952238202,0.48031496062992135,0.5196850393700787,0.4793012088058304,0.5206987911941695
E1,2425,2025-04-26,Sheffield Weds,Portsmouth,1,1,D,,,0.46187308085977474,0.2610030706243603,0.27712384851586486,0.46771440803007264,0.2577216706676096,0.2745639213023178,0.03073456767015159,0.5157894736842105,0.4842105263157894,0.5166370896208807,0.4833629103791193
E1,2425,2025-04-28,Leeds,Bristol City,4,0,H,fpl-team-13,,0.5921082667536279,0.2341920756562857,0.1736996575900864,0.6040492898405604,0.22955667438037905,0.16639403577906053,0.03143987152725458,0.5210526315789473,0.4789473684210527,0.5222000222007822,0.47779997779921773
E1,2425,2025-05-03,Bristol City,Preston,2,2,D,,,0.5339005121972394,0.25609861967184655,0.21000086813091415,0.5425631553063076,0.2527367709279101,0.20470007376578225,0.029267808888107538,0.48293963254593175,0.5170603674540682,0.48206797616735914,0.517932023832641
E1,2425,2025-05-03,Burnley,Millwall,3,1,H,,,0.5878976250715866,0.24457756495226213,0.16752480997615124,0.5985780399157893,0.2407915084884737,0.16063045159573713,0.028541979612782598,0.46194225721784776,0.5380577427821522,0.4598115299356801,0.5401884700643199
E1,2425,2025-05-03,Coventry,Middlesbrough,2,0,H,,,0.45388701110574603,0.2510864316755191,0.29502655721873494,0.45917833158057964,0.2474894520844534,0.29333221633496703,0.029678501887246966,0.598984771573604,0.401015228426396,0.6045912894235197,0.3954087105764803
E1,2425,2025-05-03,Derby,Stoke,0,0,D,,,0.45618314880840677,0.33017451679489584,0.21364233439669728,0.46154460731855945,0.33000335569563793,0.20845203698580256,0.029594693332910538,0.37562189054726364,0.6243781094527363,0.3680773594384843,0.6319226405615157
E1,2425,2025-05-03,Norwich,Cardiff,4,2,H,,,0.5861718510260329,0.21303311064377273,0.20079503833019427,0.5973655965877962,0.20769654674840454,0.19493785666379934,0.030085817561484873,0.6020408163265306,0.39795918367346944,0.6086484137307512,0.3913515862692487
E1,2425,2025-05-03,Plymouth,Leeds,1,2,A,,fpl-team-13,0.08758621085696892,0.1530978482459213,0.7593159408971097,0.07652705847954923,0.14451897156683946,0.7789539699536113,0.032420293893665075,0.6354679802955665,0.36453201970443344,0.6440393882360916,0.3559606117639084
E1,2425,2025-05-03,Portsmouth,Hull,1,1,D,,,0.32649010040535337,0.265043929823447,0.40846596977119964,0.3261768897427536,0.26203144423010566,0.41179166602714073,0.02994278003461659,0.4934383202099738,0.5065616797900262,0.49310991070491567,0.5068900892950844
E1,2425,2025-05-03,Sheffield United,Blackburn,1,1,D,,,0.41752808275938635,0.2751059670659513,0.3073659501746623,0.42125380073483687,0.27253576954265224,0.3062104297225109,0.02991059678606689,0.4750656167979003,0.5249343832020998,0.4737569060807899,0.5262430939192101
E1,2425,2025-05-03,Sunderland,QPR,0,1,A,fpl-team-20,,0.593828993299362,0.2360470248364964,0.17012398186414157,0.6052596624090417,0.23171753109801962,0.1630228064929386,0.02987645799294114,0.5026315789473684,0.4973684210526315,0.5027701598381817,0.4972298401618182
E1,2425,2025-05-03,Swansea,Oxford,3,3,D,,,0.5696271194349339,0.23818161669067767,0.19219126387438826,0.5797250247752814,0.23408222439629872,0.18619275082841982,0.02900857455097139,0.4921052631578948,0.5078947368421052,0.4916876783688407,0.5083123216311592
E1,2425,2025-05-03,Watford,Sheffield Weds,1,1,D,,,0.3399704720482024,0.2662303978292965,0.39379913012250106,0.3402471532045269,0.26335678204748836,0.3963960647479848,0.029060226632282138,0.5762273901808785,0.42377260981912146,0.5806628021313719,0.4193371978686282
E1,2425,2025-05-03,West Brom,Luton,5,3,H,,,0.3159290442573446,0.2786512809231446,0.40541967481951086,0.3151676695811355,0.27628387161950324,0.4085484587993612,0.02933337423019111,0.46858638743455505,0.5314136125654451,0.4669758097866967,0.5330241902133033
