league,season,date,home_team_raw,away_team_raw,home_goals,away_goals,result,home_team_id,away_team_id,prob_home_proportional,prob_draw_proportional,prob_away_proportional,prob_home_shin,prob_draw_shin,prob_away_shin,shin_z,prob_over25_proportional,prob_under25_proportional,prob_over25_shin,prob_under25_shin
E1,2526,2025-08-08,Birmingham,Ipswich,1,1,D,,,0.3851957295373665,0.28597864768683273,0.3288256227758007,0.3874833366299995,0.28389466491410564,0.32862199845589474,0.029828139347955585,0.4562334217506631,0.5437665782493368,0.45320476460766396,0.546795235392336
E1,2526,2025-08-09,Charlton,Watford,1,0,H,,,0.3816816374613459,0.29097334707701367,0.3273450154616404,0.3838529805334493,0.28907491669024865,0.327072102776302,0.030374495778232813,0.44063324538258575,0.5593667546174144,0.4364478590106439,0.5635521409893561
E1,2526,2025-08-09,Coventry,Hull,0,0,D,,,0.5437552832118129,0.2508524373217163,0.2053922794664708,0.5535931590853279,0.24696369834180826,0.19944314257286383,0.03174077277071774,0.5026737967914439,0.49732620320855614,0.5028597574926065,0.4971402425073935
E1,2526,2025-08-09,Southampton,Wrexham,2,1,H,,,0.5507487983106888,0.25181295323830954,0.19743824845100166,0.560718315193902,0.24803538698503244,0.19124629782106545,0.031140389619395137,0.4932975871313674,0.5067024128686327,0.49281113411653343,0.5071888658834666
E1,2526,2025-08-09,Middlesbrough,Swansea,1,0,H,,,0.47165576910869056,0.2704884670104595,0.2578557638808501,0.47835802983024944,0.26743795690105493,0.25420401326869574,0.03280764352530241,0.4880000000000001,0.512,0.48719262295071786,0.5128073770492821
E1,2526,2025-08-09,Norwich,Millwall,1,2,A,,,0.46541588774521947,0.27980359918016173,0.25478051307461885,0.47164542833355544,0.2772693126965913,0.25108525896985323,0.031920633278787136,0.4523809523809524,0.5476190476190476,0.44914823289278233,0.5508517671072177
E1,2526,2025-08-09,Oxford,Portsmouth,0,1,A,,,0.3710989437521163,0.28624400234538233,0.34265705390250145,0.37291341051020754,0.2839860133280773,0.3431005761617151,0.032563802786171436,0.4588859416445623,0.5411140583554377,0.4560806981703291,0.543919301829671
E1,2526,2025-08-09,QPR,Preston,1,1,D,,,0.40471698113207555,0.2943396226415095,0.3009433962264151,0.40815021810863034,0.29246552110207386,0.29938426078929586,0.032539561041630805,0.41558441558441556,0.5844155844155844,0.4097222222206359,0.5902777777793641
E1,2526,2025-08-09,Stoke,Derby,3,1,H,,,0.41368250117862276,0.30001893855446443,0.2862985602669127,0.41753998122563357,0.2984164459834794,0.284043572790887,0.032480839639902115,0.3848101265822785,0.6151898734177216,0.37681394845316113,0.6231860515468389
E1,2526,2025-08-09,West Brom,Blackburn,1,0,H,,,0.5162989792558447,0.2739545604214686,0.2097464603226869,0.5250040054907389,0.27109078584728563,0.20390520866197537,0.03228695143479854,0.42558746736292424,0.5744125326370757,0.4205242610075823,0.5794757389924177
E1,2526,2025-08-09,Sheffield United,Bristol City,1,4,A,,,0.5484519729201484,0.24810922584482908,0.2034388012350225,0.5590185109830031,0.24388646232179848,0.1970950266951983,0.03338698111474514,0.5039999999999999,0.496,0.5042669397508994,0.4957330602491005
E1,2526,2025-08-10,Leicester,Sheffield Weds,2,1,H,,,0.8256446062540521,0.122238292354496,0.052117101391451794,0.8484490721295979,0.11176149606588714,0.03978943180451494,0.03409329545684159,0.6265664160401002,0.37343358395989973,0.6355704698080282,0.3644295301919717
E1,2526,2025-08-16,Derby,Coventry,3,5,A,,,0.31394688805491694,0.2952478571049376,0.39080525484014556,0.31305856515809677,0.2935105942687576,0.3934308405731456,0.03089145733974874,0.41298701298701296,0.5870129870129869,0.4067735292452096,0.5932264707547904
E1,2526,2025-08-16,Portsmouth,Norwich,1,2,A,,,0.38827843275336626,0.2783234783453334,0.3333980889013004,0.3907111102313265,0.2758942942265459,0.3333945955421275,0.029951748438179493,0.49066666666666664,0.5093333333333333,0.49004097427721877,0.5099590257227813
E1,2526,2025-08-16,Wrexham,West Brom,2,3,A,,,0.3421760542978935,0.2959069651947192,0.3619169805073873,0.342583165214156,0.2941761526792869,0.3632406821065572,0.031366809736937284,0.43307086614173224,0.5669291338582677,0.42845117844941644,0.5715488215505835
E1,2526,2025-08-16,Blackburn,Birmingham,1,2,A,,,0.303795589397544,0.2907090101619575,0.40549540044049864,0.3025153803545509,0.2888668198246768,0.4086177998207724,0.02923184377141297,0.4192708333333333,0.5807291666666666,0.4136562404181628,0.5863437595818372
E1,2526,2025-08-16,Bristol City,Charlton,0,0,D,,,0.4908396184718915,0.2723734299034774,0.23678695162463104,0.49797509542654644,0.2695960464424679,0.23242885813098574,0.0306662586517632,0.4509283819628647,0.5490716180371352,0.44742824666177167,0.5525717533382284
E1,2526,2025-08-16,Millwall,Middlesbrough,0,3,A,,,0.4315727376410901,0.2949305855979864,0.27349667676092343,0.43614711912283766,0.2931367419024567,0.27071613897470564,0.03149295598268509,0.4192708333333333,0.5807291666666666,0.4136562404181628,0.5863437595818372
E1,2526,2025-08-16,Preston,Leicester,2,1,H,,,0.2650819466080617,0.2833909098872972,0.451527143504641,0.2620690480606062,0.28117689069259183,0.4567540612468019,0.02989331935532391,0.4497354497354497,0.5502645502645503,0.4462669683264439,0.5537330316735561
E1,2526,2025-08-16,Sheffield Weds,Stoke,0,3,A,,,0.24103371158784062,0.2731715397995527,0.48579474861260663,0.23686836212495688,0.27043406592839975,0.49269757194664343,0.030641603283584118,0.47074468085106375,0.5292553191489361,0.4687704057047033,0.5312295942952968
E1,2526,2025-08-16,Swansea,Sheffield United,1,0,H,,,0.333801415710373,0.294285983320983,0.37191260096864387,0.3338186919275737,0.29259698785895927,0.3735843202134671,0.02930119913071394,0.43947368421052635,0.5605263157894738,0.4353405864411891,0.564659413558811
E1,2526,2025-08-16,Watford,QPR,2,1,H,,,0.44437925550803625,0.2872207383161698,0.268400006175794,0.44943638382048795,0.2851152499557927,0.2654483662237194,0.03079409571364522,0.43421052631578944,0.5657894736842105,0.4295278365170655,0.5704721634829345
E1,2526,2025-08-17,Ipswich,Southampton,1,1,D,,,0.4500559075661572,0.2713380544166977,0.27860603801714495,0.4559498016850392,0.26821038275304787,0.275839815561913,0.0341966669075191,0.5053475935828876,0.4946524064171124,0.5057200057206184,0.4942799942793817
E1,2526,2025-08-17,Hull,Oxford,3,2,H,,,0.48912461159327125,0.28458159219972146,0.22629379620700737,0.49660445046942175,0.2822123489010627,0.22118320062951555,0.03254718764219433,0.41406249999999994,0.5859374999999999,0.40775681343284276,0.5922431865671571
E1,2526,2025-08-22,Derby,Bristol City,1,1,D,,,0.3193098219225804,0.2962150863747208,0.38447509170269883,0.3186678627093831,0.29452636334834875,0.38680577394226817,0.030819142935797572,0.40568475452196384,0.5943152454780362,0.3989199667672982,0.6010800332327019
E1,2526,2025-08-23,Charlton,Leicester,0,1,A,,,0.2809833042318181,0.2852406270232093,0.43377606874497265,0.2785666588999112,0.28301832588393777,0.43841501521615106,0.03123010811395943,0.44327176781002636,0.5567282321899736,0.43934777702599115,0.5606522229740089
E1,2526,2025-08-23,Hull,Blackburn,0,3,A,,,0.40005374658485243,0.2947104402741076,0.30523581314104,0.4031970461471109,0.2928927364478136,0.3039102174050755,0.03186553926207125,0.40568475452196384,0.5943152454780362,0.3989199667672982,0.6010800332327019
E1,2526,2025-08-23,Swansea,Watford,1,1,D,,,0.4642516218634304,0.27965305411951435,0.2560953240170553,0.47017840598671684,0.2772146677737831,0.25260692623949993,0.030619510216638446,0.43044619422572183,0.5695538057742783,0.4255366977734378,0.5744633022265623
E1,2526,2025-08-23,Birmingham,Oxford,1,0,H,,,0.6454804832149578,0.21714320403083834,0.13737631275420384,0.6596401070605927,0.21175490406278755,0.12860498887661972,0.031110830372199416,0.5,0.5,0.5,0.5
E1,2526,2025-08-23,Coventry,QPR,7,1,H,,,0.6095825629266507,0.2321506075027785,0.15826682957057095,0.621553204140499,0.22769125707323698,0.1507555387862639,0.02954912348650396,0.49066666666666664,0.5093333333333333,0.49004097427721877,0.5099590257227813
E1,2526,2025-08-23,Norwich,Middlesbrough,1,2,A,,,0.42077835680230624,0.2732010200687438,0.30602062312895,0.42472508475308995,0.27049412578784676,0.3047807894590633,0.030515984864905477,0.49732620320855614,0.5026737967914439,0.4971402425073935,0.5028597574926065
E1,2526,2025-08-23,Preston,Ipswich,1,0,H,,,0.2565185464060863,0.2784626108479049,0.46501884274600874,0.25314680290492503,0.2760415990861807,0.4708115980088942,0.029740393860265613,0.4497354497354497,0.5502645502645503,0.4462669683264439,0.5537330316735561
E1,2526,2025-08-23,Sheffield United,Millwall,0,1,A,,,0.4706503808870684,0.28098530202213035,0.24836431709080128,0.47699520976188153,0.2785539318253454,0.24445085841277303,0.031269234605133533,0.42931937172774864,0.5706806282722513,0.42447974937128813,0.5755202506287118
E1,2526,2025-08-23,Southampton,Stoke,1,2,A,,,0.5452095705067275,0.25018900715560705,0.20460142233766557,0.5546747528517665,0.24644466601409157,0.19888058113414198,0.030306218191981316,0.48533333333333345,0.5146666666666666,0.4843420827867654,0.5156579172132345
E1,2526,2025-08-23,West Brom,Portsmouth,1,1,D,,,0.5288719506195515,0.2586241956326378,0.21250385374781078,0.5378994285817965,0.2551463640736155,0.20695420734458797,0.031313020386733115,0.4732620320855615,0.5267379679144386,0.4713212308926112,0.5286787691073889
E1,2526,2025-08-23,Wrexham,Sheffield Weds,2,2,D,,,0.6045694200351494,0.226713532513181,0.1687170474516696,0.6167113814930221,0.22188092516886726,0.1614076933381106,0.030508584226481616,0.5267379679144386,0.4732620320855615,0.5286787691073889,0.4713212308926112
E1,2526,2025-08-29,Leicester,Birmingham,2,0,H,,,0.3775359508939252,0.29377016178933557,0.32869388731673915,0.3796186283879756,0.29190989087504426,0.3284714807369802,0.03189085051417351,0.43947368421052635,0.5605263157894738,0.4353405864411891,0.564659413558811
E1,2526,2025-08-30,Middlesbrough,Sheffield United,1,0,H,,,0.4297616374573086,0.27519824152968003,0.29504012101301125,0.4342237461332534,0.27251318744428327,0.2932630664224633,0.03129327902570367,0.49066666666666664,0.5093333333333333,0.49004097427721877,0.5099590257227813
E1,2526,2025-08-30,QPR,Charlton,3,1,H,,,0.32325303823894935,0.2912279694350906,0.3855189923259601,0.3227787553456248,0.2892685158159207,0.3879527288384544,0.031553640961647034,0.43947368421052635,0.5605263157894738,0.4353405864411891,0.564659413558811
E1,2526,2025-08-30,Stoke,West Brom,0,1,A,,,0.3658719745170368,0.2884328142664983,0.3456952112164649,0.36739697863699433,0.2863316538859352,0.34627136747707055,0.031762366415932775,0.44708994708994704,0.5529100529100528,0.4433764615919363,0.5566235384080637
E1,2526,2025-08-30,Blackburn,Norwich,0,2,A,,,0.3969195998487848,0.28419923010320847,0.3188811700480068,0.3998841707349496,0.28191406745889536,0.31820176180615517,0.03154168964829296,0.47200000000000003,0.528,0.4700393768229449,0.5299606231770552
E1,2526,2025-08-30,Bristol City,Hull,4,2,H,,,0.5013036924608631,0.2715996950508423,0.22709661248829463,0.5089084097315533,0.268783334224996,0.22230825604345075,0.030662256525829434,0.4574468085106383,0.5425531914893618,0.4544003647952621,0.545599635204738
E1,2526,2025-08-30,Ipswich,Derby,2,2,D,,,0.6140116206161434,0.23663420139614594,0.14935417798771056,0.6274276921690818,0.23189870756441391,0.14067360026650425,0.032722469069994986,0.4666666666666667,0.5333333333333333,0.4642857142816436,0.5357142857183564
E1,2526,2025-08-30,Millwall,Wrexham,0,2,A,,,0.470395715560845,0.2767033620946147,0.2529009223445403,0.4767869063514826,0.27405336906772326,0.2491597245807942,0.031556431436911225,0.4588859416445623,0.5411140583554377,0.4560806981703291,0.543919301829671
E1,2526,2025-08-30,Oxford,Coventry,2,2,D,,,0.21261365079055053,0.25525161869976665,0.5321347305096829,0.20711517656218797,0.25165119184785,0.541233631589962,0.031040085945278406,0.48128342245989303,0.5187165775401069,0.47995418098152337,0.5200458190184767
E1,2526,2025-08-30,Portsmouth,Preston,1,0,H,,,0.42818603477108513,0.28373773388445406,0.2880762313444609,0.43251034005971967,0.2814777471863406,0.2860119127539397,0.030820823507383466,0.44708994708994704,0.5529100529100528,0.4433764615919363,0.5566235384080637
E1,2526,2025-08-30,Sheffield Weds,Swansea,0,2,A,,,0.3021925027946037,0.28740632528783405,0.4104011719175622,0.3007140401820006,0.2852335602123965,0.41405239960560286,0.03204731654841453,0.4444444444444444,0.5555555555555556,0.44047619047719,0.5595238095228099
E1,2526,2025-08-30,Watford,Southampton,2,2,D,,,0.32429158135759545,0.28085967314006033,0.3948487455023442,0.3238863927125352,0.2785486058502197,0.39756500143724516,0.029856111155822873,0.47733333333333333,0.5226666666666666,0.4757724318792627,0.5242275681207372
E1,2526,2025-09-12,Ipswich,Sheffield United,5,0,H,,,0.5176954899005736,0.25956082413747766,0.2227436859619489,0.526082403122542,0.25618442480389486,0.21773317207356319,0.030825387220829725,0.496,0.5039999999999999,0.4957330602491005,0.5042669397508994
E1,2526,2025-09-13,Charlton,Millwall,1,1,D,,,0.39102409712328595,0.30301224246531167,0.3059636604114024,0.3936348920537709,0.3016404795219821,0.30472462842424713,0.030593416653573513,0.39641943734015345,0.6035805626598465,0.3892837616254925,0.6107162383745074
E1,2526,2025-09-13,Oxford,Leicester,2,2,D,,,0.22768995677369164,0.2694439889614173,0.5028660542648911,0.22274606025568333,0.26641883135405814,0.5108351083902585,0.031854240922257304,0.4588859416445623,0.5411140583554377,0.4560806981703291,0.543919301829671
E1,2526,2025-09-13,Preston,Middlesbrough,2,2,D,,,0.3060123236227076,0.2872959735540404,0.406691702823252,0.3047061791149452,0.2851051754062164,0.41018864547883843,0.03224967094138265,0.4497354497354497,0.5502645502645503,0.4462669683264439,0.5537330316735561
E1,2526,2025-09-13,Coventry,Norwich,1,1,D,,,0.5479312683698848,0.2398070691084483,0.21226166252166703,0.5576565506918807,0.2355496021362625,0.20679384717185686,0.030744259245693684,0.5593667546174144,0.44063324538258575,0.5635521409893561,0.4364478590106439
E1,2526,2025-09-13,Sheffield Weds,Bristol City,0,3,A,,,0.2623296807826788,0.26678854221241277,0.4708817770049085,0.25907726026681366,0.2637370733251573,0.47718566640802906,0.03100346145220101,0.5026737967914439,0.49732620320855614,0.5028597574926065,0.4971402425073935
E1,2526,2025-09-13,Stoke,Birmingham,1,0,H,,,0.3085817731097919,0.2959667949637941,0.39545143192641397,0.3074352281265403,0.29424093615471864,0.39832383571874114,0.031269817845895886,0.4267015706806283,0.5732984293193717,0.4215620360289926,0.5784379639710074
E1,2526,2025-09-13,Swansea,Hull,2,2,D,,,0.5181059241753754,0.265620501971601,0.2162735738530237,0.5263964814505698,0.2625556134415821,0.21104790510784793,0.03040606086142361,0.47074468085106375,0.5292553191489361,0.4687704057047033,0.5312295942952968
E1,2526,2025-09-13,Watford,Blackburn,0,1,A,,,0.41673691317531536,0.288020007271013,0.2952430795536717,0.420550909121205,0.28594939904875916,0.29349969183003577,0.030915769282728434,0.43947368421052635,0.5605263157894738,0.4353405864411891,0.564659413558811
E1,2526,2025-09-13,West Brom,Derby,0,1,A,,,0.534456200600995,0.2766596803111033,0.1888841190879018,0.5438600405391713,0.2739504520073937,0.1821895074534351,0.03178277099505067,0.40826873385012924,0.5917312661498708,0.4018849151570364,0.5981150848429637
E1,2526,2025-09-13,Wrexham,QPR,1,3,A,,,0.4932461749663909,0.2676421006209678,0.23911172441264125,0.5005325620397454,0.26463587864165944,0.23483155931859526,0.030844934983178973,0.4946524064171124,0.5053475935828876,0.4942799942793817,0.5057200057206184
E1,2526,2025-09-14,Southampton,Portsmouth,0,0,D,,,0.5481601799212844,0.245530080589742,0.20630973948897358,0.5578250470373822,0.24155314983365384,0.20062180312896408,0.030524243717081845,0.5239361702127661,0.4760638297872341,0.5255225023400657,0.4744774976599343
E1,2526,2025-09-19,Middlesbrough,West Brom,2,1,H,,,0.4300445305394455,0.28282207864305875,0.2871333908174956,0.4344706203150602,0.2805114641190353,0.2850179155659045,0.030942055629566312,0.4680851063829787,0.5319148936170213,0.46590909090869675,0.5340909090913033
E1,2526,2025-09-20,Birmingham,Swansea,1,0,H,,,0.5026441136951618,0.2822656133963822,0.21509027290845598,0.5106579123094629,0.27981261914499744,0.20952946854553975,0.03210314782336354,0.404639175257732,0.5953608247422681,0.3979788788695228,0.6020211211304771
E1,2526,2025-09-20,Leicester,Coventry,0,0,D,,,0.3818642383566553,0.27149885154837344,0.3466369100949712,0.38417522671914167,0.2685617424690488,0.34726303081180954,0.03228764538653195,0.5529100529100528,0.44708994708994704,0.5566235384080637,0.4433764615919363
E1,2526,2025-09-20,QPR,Stoke,1,0,H,,,0.35149549786827766,0.28895948904508717,0.35954501308663517,0.3523189861521584,0.28694539454375173,0.3607356193040899,0.030791703145951033,0.45502645502645506,0.544973544973545,0.4520207721894716,0.5479792278105284
E1,2526,2025-09-20,Derby,Preston,0,1,A,,,0.40210249671484893,0.30749014454664914,0.29040735873850193,0.40529733059277206,0.3062864887195745,0.2884161806876535,0.03141809534281492,0.35872235872235875,0.6412776412776413,0.34910512782209235,0.6508948721779075
E1,2526,2025-09-20,Hull,Southampton,3,1,H,,,0.31261101243339257,0.2673179396092363,0.4200710479573712,0.3116386962719975,0.2642630323188035,0.4240982714091989,0.031413395423442125,0.5384615384615384,0.46153846153846156,0.5410509031145168,0.45894909688548324
E1,2526,2025-09-20,Norwich,Wrexham,2,3,A,,,0.523456592283963,0.25059092183806736,0.22595248587796962,0.5321045877407847,0.24681304492252013,0.22108236733669515,0.030822779051959515,0.5476190476190476,0.4523809523809524,0.5508517671072177,0.44914823289278233
E1,2526,2025-09-20,Portsmouth,Sheffield Weds,0,2,A,,,0.6071041640396408,0.2289565582144631,0.16393927774589603,0.6198380908266216,0.22402746371990825,0.1561344454534702,0.031747089116834104,0.512,0.4880000000000001,0.5128073770492821,0.48719262295071786
E1,2526,2025-09-20,Sheffield United,Charlton,0,1,A,,,0.5150536401825991,0.2677693640722036,0.21717699574519736,0.5232674203697331,0.26477874755263775,0.21195383207762916,0.030631465720944107,0.44708994708994704,0.5529100529100528,0.4433764615919363,0.5566235384080637
E1,2526,2025-09-21,Bristol City,Oxford,1,3,A,,,0.589493697044844,0.23789212647241165,0.17261417648274438,0.6021979108787948,0.2330841434851274,0.1647179456360779,0.033847797429189086,0.49468085106382986,0.5053191489361702,0.4943406904364988,0.505659309563501
E1,2526,2025-09-22,Millwall,Watford,1,0,H,,,0.452900568934851,0.29024897142264444,0.25685045964250447,0.4587993465779219,0.2881109812585372,0.25308967216354106,0.03340967069379985,0.4192708333333333,0.5807291666666666,0.4136562404181628,0.5863437595818372
E1,2526,2025-09-26,West Brom,Leicester,1,1,D,,,0.424124513618677,0.28793774319066145,0.28793774319066145,0.42829719785351733,0.2858514010732413,0.2858514010732413,0.03107338340487331,0.445910290237467,0.554089709762533,0.44223724992325464,0.5577627500767455
E1,2526,2025-09-27,Coventry,Birmingham,3,0,H,,,0.450348415334114,0.2728197646516806,0.27683182001420537,0.45576094149464613,0.2700219966828755,0.2742170618224783,0.0312835993245244,0.49468085106382986,0.5053191489361702,0.4943406904364988,0.505659309563501
E1,2526,2025-09-27,Swansea,Millwall,1,1,D,,,0.43418114821927645,0.2981560416569082,0.2676628101238154,0.4387650462415084,0.29654921936167894,0.26468573439681264,0.030735853826627135,0.39897698209718674,0.6010230179028133,0.39225313691392255,0.6077468630860775
E1,2526,2025-09-27,Wrexham,Derby,1,1,D,,,0.44465899911528256,0.29275685656037237,0.2625841443243452,0.44967405888966855,0.2909203519175627,0.25940558919276874,0.030460799112915993,0.4035989717223651,0.596401028277635,0.39704590381828925,0.6029540961817108
E1,2526,2025-09-27,Charlton,Blackburn,3,0,H,,,0.40123514209796207,0.2955807473135458,0.30318411058849226,0.40427894363275063,0.2938896812705941,0.3018313750966552,0.030298000434413552,0.4093264248704664,0.5906735751295337,0.4028425494295792,0.5971574505704209
E1,2526,2025-09-27,Ipswich,Portsmouth,2,1,H,,,0.6184425071739035,0.2222299316558707,0.15932756117022595,0.6319373807924021,0.2168902840631088,0.15117233514448902,0.03235365031287074,0.5384615384615384,0.46153846153846156,0.5410509031145168,0.45894909688548324
E1,2526,2025-09-27,Oxford,Sheffield United,0,1,A,,,0.31121428514053,0.2823291269388641,0.406456587920606,0.31021913532696505,0.2800511339739231,0.4097297306991118,0.03025972400791943,0.46153846153846156,0.5384615384615384,0.45894909688548324,0.5410509031145168
E1,2526,2025-09-27,Preston,Bristol City,0,0,D,,,0.3645058010001154,0.28847391612892576,0.34702028287095865,0.3659631101853862,0.2863796473451623,0.34765724246945157,0.03168637631461024,0.4562334217506631,0.5437665782493368,0.45320476460766396,0.546795235392336
E1,2526,2025-09-27,Sheffield Weds,QPR,1,1,D,,,0.33360814307520265,0.2808283473050959,0.38556350961970143,0.33361454677765995,0.27839198892524925,0.38799346429709075,0.03149614902213216,0.4732620320855615,0.5267379679144386,0.4713212308926112,0.5286787691073889
E1,2526,2025-09-27,Southampton,Middlesbrough,1,1,D,,,0.40206999951635525,0.2735011043221719,0.32442889616147286,0.4052659954464471,0.27072780479960024,0.32400619975395273,0.03146662935614586,0.5186170212765957,0.4813829787234043,0.519832837511798,0.48016716248820196
E1,2526,2025-09-27,Stoke,Norwich,1,1,D,,,0.46560645745572343,0.26795585300870695,0.2664376895355698,0.47180343151495296,0.26489235179625154,0.2633042166887955,0.03169988468289375,0.496,0.5039999999999999,0.4957330602491005,0.5042669397508994
E1,2526,2025-09-27,Watford,Hull,2,1,H,,,0.42169754574099827,0.28071209761266447,0.2975903566463373,0.4258436447906565,0.27824711700284643,0.29590923820649706,0.03173497808165848,0.4813829787234043,0.5186170212765957,0.48016716248820196,0.519832837511798
E1,2526,2025-09-30,Birmingham,Sheffield Weds,2,2,D,,,0.6451463992253306,0.22162676302799592,0.13322683774667363,0.6594134103444241,0.21638160917975,0.1242049804758259,0.03141338611021638,0.49202127659574474,0.5079787234042553,0.49150983444171986,0.5084901655582802
E1,2526,2025-09-30,Blackburn,Swansea,1,2,A,,,0.36225300931183285,0.2952532364297071,0.3424937542584602,0.3635715151454312,0.29351946619980346,0.3429090186547655,0.030873927986249328,0.42558746736292424,0.5744125326370757,0.4205242610075823,0.5794757389924177
E1,2526,2025-09-30,Bristol City,Ipswich,1,1,D,,,0.3392633609107479,0.2755892990389359,0.3851473400503162,0.3395366414522515,0.2728630345719142,0.3876003239758343,0.032073883106932044,0.502659574468085,0.49734042553191493,0.5028294145940619,0.49717058540593806
E1,2526,2025-09-30,Hull,Preston,2,2,D,,,0.4367666232073012,0.28161668839634946,0.28161668839634946,0.4413631685735496,0.2793184157132252,0.2793184157132252,0.030034359777346253,0.4564643799472295,0.5435356200527705,0.45370110556018506,0.5462988944398149
E1,2526,2025-09-30,Leicester,Wrexham,1,1,D,,,0.5657868080796044,0.24331764285288687,0.19089554906750877,0.5769445010930466,0.23895022495648038,0.18410527395047296,0.032655212096869946,0.5079787234042553,0.49202127659574474,0.5084901655582802,0.49150983444171986
E1,2526,2025-09-30,Middlesbrough,Stoke,0,0,D,,,0.5056962288470334,0.26874142447299487,0.22556234667997174,0.5137649437383813,0.2656946668314808,0.22054038943013793,0.031725146574899554,0.46825396825396826,0.5317460317460317,0.46627034320104876,0.5337296567989512
E1,2526,2025-09-30,Sheffield United,Southampton,1,2,A,,,0.3942924694441858,0.27963175132688545,0.3260757792289287,0.3970504547688011,0.27720867940433075,0.3257408658268682,0.0306049392092973,0.49333333333333335,0.5066666666666666,0.4928876244677607,0.5071123755322393
E1,2526,2025-09-30,Derby,Charlton,1,1,D,,,0.35954802543297504,0.3076788020918246,0.33277317247520033,0.3608181202693939,0.3064374912675972,0.3327443884630089,0.03281533461995423,0.3681592039800995,0.6318407960199005,0.35901255588455483,0.6409874441154453
E1,2526,2025-10-01,Millwall,Coventry,0,4,A,,,0.3266146099982666,0.2784413636858379,0.3949440263158956,0.3263127551105489,0.27603451796169826,0.3976527269277529,0.029729065019637346,0.49732620320855614,0.5026737967914439,0.4971402425073935,0.5028597574926065
E1,2526,2025-10-01,Norwich,West Brom,0,1,A,,,0.3386883910386966,0.27856619144602857,0.38274541751527497,0.33892771178828934,0.2760604625162106,0.3850118256955,0.031056394102051854,0.4880000000000001,0.512,0.48719262295071786,0.5128073770492821
E1,2526,2025-10-01,Portsmouth,Watford,2,2,D,,,0.43005799463756306,0.2845398816484178,0.2854021237140191,0.43448236383374716,0.28230819383145367,0.28320944233479917,0.03092535212635994,0.45502645502645506,0.544973544973545,0.4520207721894716,0.5479792278105284
E1,2526,2025-10-01,QPR,Oxford,0,0,D,,,0.4526232041493903,0.27527960954114966,0.2720971863094601,0.45811872947230425,0.27260411881649915,0.2692771517111965,0.031156758312135935,0.4680851063829787,0.5319148936170213,0.46590909090869675,0.5340909090913033
E1,2526,2025-10-03,Wrexham,Birmingham,1,1,D,,,0.3180730003607385,0.29606795002131636,0.3858590496179451,0.31736876617409243,0.29435808695251114,0.38827314687339637,0.031083731912076473,0.42708333333333337,0.5729166666666667,0.4223946784938952,0.5776053215061048
E1,2526,2025-10-04,Blackburn,Stoke,1,1,D,,,0.35969880612295446,0.296355620139038,0.3439455737380076,0.3608886958132419,0.29468873201193546,0.3444225721748226,0.030561585212126374,0.4281984334203655,0.5718015665796344,0.42343245349418046,0.5765675465058195
E1,2526,2025-10-04,Hull,Sheffield United,1,0,H,,,0.3589477270954525,0.28072926716121954,0.3603230057433278,0.3601424120188456,0.2782753622335458,0.36158222574760857,0.03168025054037571,0.5066666666666666,0.49333333333333335,0.5071123755322393,0.4928876244677607
E1,2526,2025-10-04,Sheffield Weds,Coventry,0,5,A,,,0.15729827201184632,0.21032016145404173,0.6323815665341119,0.148447175176406,0.2039875632434169,0.6475652615801771,0.03480815817601979,0.5792207792207792,0.42077922077922075,0.5844267286623455,0.4155732713376546
E1,2526,2025-10-04,Bristol City,QPR,1,2,A,,,0.5232821881254169,0.2545697131420947,0.2221480987324883,0.5319710421455383,0.25094788108265415,0.2170810767718076,0.031003308249637485,0.5253333333333333,0.4746666666666666,0.5270917698032508,0.4729082301967493
E1,2526,2025-10-04,Derby,Southampton,1,1,D,,,0.27276275983214604,0.28954816043720116,0.4376890797306529,0.26995680240822606,0.2875116434588658,0.442531554132908,0.03138314571697265,0.4383202099737532,0.5616797900262467,0.4342436622096085,0.5657563377903915
E1,2526,2025-10-04,Millwall,West Brom,3,0,H,,,0.3376106799696705,0.3028726035740774,0.35951671645625216,0.3378036926505456,0.30148707411019815,0.3607092332392562,0.03082839958369732,0.40568475452196384,0.5943152454780362,0.3989199667672982,0.6010800332327019
E1,2526,2025-10-04,Portsmouth,Middlesbrough,1,0,H,,,0.31537792178107843,0.27816518764761783,0.4064568905713037,0.31456785237630114,0.2757025091794176,0.40972963844428123,0.030260578030720353,0.48,0.5199999999999999,0.47863247862979214,0.5213675213702079
E1,2526,2025-10-04,Preston,Charlton,2,0,H,,,0.3770269715505563,0.2945523215238721,0.3284207069255716,0.37899574286799986,0.2928082488618133,0.3281960082701868,0.03047704533673823,0.41818181818181815,0.5818181818181818,0.41265527950491426,0.5873447204950857
E1,2526,2025-10-04,Swansea,Leicester,1,3,A,,,0.3734074208025777,0.28688618915319997,0.3397063900442224,0.3752638541818011,0.2847389157184895,0.33999723009970945,0.03137075435370207,0.44327176781002636,0.5567282321899736,0.43934777702599115,0.5606522229740089
E1,2526,2025-10-04,Watford,Oxford,2,1,H,,,0.46707986370443033,0.2799707194904894,0.25294941680508026,0.47301688170929335,0.27759263945070395,0.24939047884000268,0.03001816337928176,0.4562334217506631,0.5437665782493368,0.45320476460766396,0.546795235392336
E1,2526,2025-10-05,Ipswich,Norwich,3,1,H,,,0.5994052596845686,0.22567536155989754,0.17491937875553398,0.6117708146351709,0.22061789745744298,0.16761128790738608,0.03167591243982315,0.5567282321899736,0.44327176781002636,0.5606522229740089,0.43934777702599115
E1,2526,2025-10-17,Middlesbrough,Ipswich,2,1,H,,,0.3377719638163172,0.29266576989053567,0.3695622662931471,0.3379692198490306,0.29083161112114064,0.3711991690298287,0.03057943214662373,0.4473684210526316,0.5526315789473685,0.44397759103718865,0.5560224089628113
E1,2526,2025-10-18,Oxford,Derby,1,0,H,,,0.37515533078749097,0.3067230880379812,0.31812158117452777,0.37707214077919443,0.3055046515988743,0.31742320762193116,0.03099712578114122,0.38131313131313127,0.6186868686868687,0.37295580483803553,0.6270441951619645
E1,2526,2025-10-18,QPR,Millwall,1,2,A,,,0.35526868483545365,0.30969145224143163,0.33503986292311466,0.35627631131544896,0.3086066149744325,0.3351170737101186,0.03109242080245167,0.40568475452196384,0.5943152454780362,0.3989199667672982,0.6010800332327019
E1,2526,2025-10-18,Southampton,Swansea,0,0,D,,,0.4849309122477032,0.2750777689358316,0.23999131881646532,0.49200424716372076,0.27234397760906154,0.2356517752272177,0.03159291320480406,0.47200000000000003,0.528,0.4700393768229449,0.5299606231770552
E1,2526,2025-10-18,Birmingham,Hull,2,3,A,,,0.5361993332163538,0.259975434286717,0.20382523249692927,0.5451763964424378,0.25669527496220984,0.19812832859535243,0.030010631075128913,0.48533333333333345,0.5146666666666666,0.4843420827867654,0.5156579172132345
E1,2526,2025-10-18,Charlton,Sheffield Weds,2,1,H,,,0.5674347971146214,0.25877520967315143,0.17378999321222718,0.578134446903106,0.2552969365279735,0.1665686165689206,0.031114832730963826,0.44327176781002636,0.5567282321899736,0.43934777702599115,0.5606522229740089
E1,2526,2025-10-18,Coventry,Blackburn,2,0,H,,,0.6120290512936903,0.2260251172643365,0.16194583144197305,0.6246436270648346,0.2210963477371848,0.15426002519798054,0.030886626802384853,0.5643044619422573,0.43569553805774275,0.5686466797367574,0.43135332026324247
E1,2526,2025-10-18,Norwich,Bristol City,0,1,A,,,0.37109573194244305,0.27321250989385665,0.3556917581637002,0.3727929572699277,0.2705139715068303,0.35669307122324195,0.03047704487107694,0.5173333333333333,0.4826666666666667,0.5185111351602991,0.4814888648397009
E1,2526,2025-10-18,Sheffield United,Watford,1,0,H,,,0.46918162120117785,0.28067114839713314,0.25014723040168896,0.475261917686761,0.2783031962845016,0.2464348860287374,0.030273312702775,0.46276595744680854,0.5372340425531915,0.4601684306396359,0.5398315693603641
E1,2526,2025-10-18,Stoke,Wrexham,1,0,H,,,0.483685345528235,0.27259723230637517,0.24371742216538966,0.4904002892847575,0.2698729968968867,0.2397267138183558,0.030216431128792465,0.48,0.5199999999999999,0.47863247862979214,0.5213675213702079
E1,2526,2025-10-18,West Brom,Preston,2,1,H,,,0.5282562491035454,0.2686560352583745,0.20308771563808006,0.5374295336059484,0.2655697915558787,0.19700067483817305,0.03194972244091332,0.42408376963350786,0.5759162303664922,0.4186307519642238,0.5813692480357762
E1,2526,2025-10-18,Leicester,Portsmouth,1,1,D,,,0.5601619976515133,0.25162357113757816,0.1882144312109085,0.5706959429005779,0.2477780893557995,0.1815259677436226,0.03157483879476786,0.49066666666666664,0.5093333333333333,0.49004097427721877,0.5099590257227813
E1,2526,2025-10-21,Blackburn,Sheffield United,1,3,A,,,0.38917093133911396,0.29157698261320614,0.3192520860476799,0.39172362776953845,0.28967180122136016,0.31860457100910144,0.030918039847165346,0.43569553805774275,0.5643044619422573,0.43135332026324247,0.5686466797367574
E1,2526,2025-10-21,Derby,Norwich,1,0,H,,,0.378685402849826,0.29839451047343885,0.3229200866767352,0.38071597809084096,0.29683274270580695,0.32245127920335204,0.030274399206973612,0.4308093994778067,0.5691906005221932,0.42632749513192864,0.5736725048680713
E1,2526,2025-10-21,Hull,Leicester,2,1,H,,,0.2899292732820059,0.26769038016094293,0.4423803465570512,0.2879531042167957,0.26471749112193366,0.4473294046612706,0.03068735939450562,0.5159574468085106,0.4840425531914894,0.5169933159605087,0.4830066840394914
E1,2526,2025-10-21,Ipswich,Charlton,0,3,A,,,0.5825040207707803,0.24898588750624384,0.16851009172297576,0.5935426755172675,0.24517916593067046,0.16127815855206215,0.030165730509907007,0.4603174603174603,0.5396825396825397,0.45774171736872327,0.5422582826312768
E1,2526,2025-10-21,Millwall,Stoke,2,0,H,,,0.40303953821623917,0.29564655781379295,0.3013139039699679,0.40615235039227926,0.2939645624697111,0.29988308713800965,0.030180804198607802,0.4170984455958549,0.582901554404145,0.4116632160012208,0.5883367839987793
E1,2526,2025-10-21,Portsmouth,Coventry,1,2,A,,,0.23840831995820774,0.24979121056629197,0.5118004694755003,0.23405718506170017,0.24595033811064781,0.519992476827652,0.031090720323845744,0.5384615384615384,0.46153846153846156,0.5410509031145168,0.45894909688548324
E1,2526,2025-10-21,Preston,Birmingham,0,1,A,,,0.3223075083889159,0.2997254536610301,0.377967037950054,0.321795136536953,0.29817379149080625,0.38003107197224084,0.031282437266781926,0.4170984455958549,0.582901554404145,0.4116632160012208,0.5883367839987793
E1,2526,2025-10-21,Bristol City,Southampton,3,1,H,,,0.3832160172018581,0.2764549566910765,0.3403290261070654,0.38545638487827494,0.27390674294311174,0.3406368721786134,0.030404641292989254,0.5039999999999999,0.496,0.5042669397508994,0.4957330602491005
E1,2526,2025-10-22,Swansea,QPR,0,1,A,,,0.4431776617352934,0.28129839607150364,0.2755239421932029,0.4484114116721762,0.2788172645296482,0.2727713237981756,0.03223626303952187,0.4485488126649077,0.5514511873350924,0.44511680270287096,0.5548831972971291
E1,2526,2025-10-22,Watford,West Brom,2,1,H,,,0.34902487677014127,0.29266061095632967,0.3583145122735291,0.3497317164398495,0.2908261058250635,0.35944217773508697,0.030587531626224518,0.43569553805774275,0.5643044619422573,0.43135332026324247,0.5686466797367574
E1,2526,2025-10-22,Wrexham,Oxford,1,0,H,,,0.4734847506411557,0.27390542260927325,0.25260982674957105,0.4798533406761103,0.2711968125643708,0.24894984675951887,0.030741137568838894,0.4786096256684492,0.5213903743315508,0.47708064747046347,0.5229193525295365
E1,2526,2025-10-22,Sheffield Weds,Middlesbrough,0,1,A,,,0.19890937177208476,0.25089102092852295,0.5501996072993924,0.19267960009264753,0.24700758825093394,0.5603128116564186,0.031675736885517836,0.49202127659574474,0.5079787234042553,0.49150983444171986,0.5084901655582802
E1,2526,2025-10-24,Preston,Sheffield United,3,2,H,,,0.3601041408380858,0.30533101909248705,0.33456484006942727,0.36128988640011567,0.30409230150156236,0.33461781209832203,0.029961697873659432,0.4170984455958549,0.582901554404145,0.4116632160012208,0.5883367839987793
E1,2526,2025-10-25,Coventry,Watford,3,1,H,,,0.6323475206776493,0.21268573494575566,0.154966744376595,0.6459665543537232,0.20711486902849083,0.14691857661778587,0.031139982165768743,0.5706806282722513,0.42931937172774864,0.5755202506287118,0.42447974937128813
E1,2526,2025-10-25,Ipswich,West Brom,1,0,H,,,0.5325910454121378,0.26113189761204536,0.206277056975817,0.5415765695197305,0.2578424154831636,0.20058101499710576,0.03058634791523218,0.47745358090185674,0.5225464190981433,0.47602932882080634,0.5239706711791936
E1,2526,2025-10-25,Portsmouth,Stoke,0,1,A,,,0.3432428195417378,0.2893801001674959,0.36737708029076627,0.3437023318400183,0.2873300746861528,0.36896759347382885,0.03165215323679149,0.4588859416445623,0.5411140583554377,0.4560806981703291,0.543919301829671
E1,2526,2025-10-25,Blackburn,Southampton,2,1,H,,,0.31886206208488926,0.28590975171745386,0.39522818619765687,0.31818151647026505,0.283701770509531,0.3981167130202039,0.03157229092903435,0.47200000000000003,0.528,0.4700393768229449,0.5299606231770552
E1,2526,2025-10-25,Bristol City,Birmingham,1,0,H,,,0.41746784991189306,0.2867712282069539,0.2957609218811531,0.4212009532402599,0.2847070598050344,0.2940919869547058,0.029984918422996998,0.44708994708994704,0.5529100529100528,0.4433764615919363,0.5566235384080637
E1,2526,2025-10-25,Derby,QPR,1,0,H,,,0.3734074208025777,0.28688618915319997,0.3397063900442224,0.3752638541818011,0.2847389157184895,0.33999723009970945,0.03137075435370207,0.4511873350923483,0.5488126649076518,0.44798695456905224,0.5520130454309478
E1,2526,2025-10-25,Hull,Charlton,1,1,D,,,0.38322992001435013,0.28481740279012124,0.3319526771955287,0.3854706807714845,0.28264377440499944,0.331885544823516,0.030381553573533893,0.4654255319148936,0.5345744680851062,0.46304193319612175,0.5369580668038783
E1,2526,2025-10-25,Middlesbrough,Wrexham,1,1,D,,,0.5326536093215595,0.2583005173970302,0.20904587328141028,0.5416243941089497,0.2548935380961973,0.20348206779485298,0.030520551488734782,0.4826666666666667,0.5173333333333333,0.4814888648397009,0.5185111351602991
E1,2526,2025-10-25,Millwall,Leicester,1,0,H,,,0.35416700959654984,0.28898289740086586,0.3568500930025843,0.35511103126678467,0.2869726542947,0.35791631443851535,0.030748588731512427,0.44063324538258575,0.5593667546174144,0.4364478590106439,0.5635521409893561
E1,2526,2025-10-25,Sheffield Weds,Oxford,1,2,A,,,0.3479355137543603,0.28659733807729987,0.3654671481683397,0.34858563292391354,0.28451037962972736,0.3669039874463591,0.030287722824141383,0.4654255319148936,0.5345744680851062,0.46304193319612175,0.5369580668038783
E1,2526,2025-10-25,Swansea,Norwich,2,1,H,,,0.4283892149799818,0.27801069998700884,0.29360008503300933,0.4326876343513934,0.27551276727083956,0.2917995983777671,0.030569155933335423,0.48670212765957455,0.5132978723404255,0.485843313799689,0.5141566862003111
E1,2526,2025-10-31,Wrexham,Coventry,3,2,H,,,0.24953789279112756,0.2680221811460259,0.48243992606284664,0.2456353300819403,0.2649660862998351,0.4893985836182246,0.031590668484568596,0.4760638297872341,0.5239361702127661,0.4744774976599343,0.5255225023400657
E1,2526,2025-11-01,Leicester,Blackburn,0,2,A,,,0.5295016006343799,0.25964541298324967,0.21085298638237052,0.5383761938423075,0.2562824911918135,0.20534131496587904,0.03067624452523887,0.47733333333333333,0.5226666666666666,0.4757724318792627,0.5242275681207372
E1,2526,2025-11-01,Norwich,Hull,0,2,A,,,0.45323872183307246,0.25757829000349475,0.2891829881634328,0.45863526010750877,0.2541786140126131,0.2871861258798782,0.030436028726398945,0.5514511873350924,0.4485488126649077,0.5548831972971291,0.44511680270287096
E1,2526,2025-11-01,West Brom,Sheffield Weds,0,0,D,,,0.6285488736643267,0.2213200259381432,0.15013110039753025,0.6418384163721006,0.2161878139685828,0.14197376965931657,0.030781156849116087,0.5026737967914439,0.49732620320855614,0.5028597574926065,0.4971402425073935
E1,2526,2025-11-01,Birmingham,Portsmouth,4,0,H,,,0.5266575473946413,0.2670586430131468,0.20628380959221185,0.5353691060676586,0.26403665898919737,0.200594234943144,0.03056097903754562,0.4497354497354497,0.5502645502645503,0.4462669683264439,0.5537330316735561
E1,2526,2025-11-01,Charlton,Swansea,1,1,D,,,0.45083811044191285,0.28815035193382194,0.2610115376242653,0.4561735151645996,0.28609040306953326,0.2577360817658672,0.030706876888871193,0.42036553524804177,0.5796344647519582,0.41466621900794404,0.585333780992056
E1,2526,2025-11-01,Oxford,Millwall,2,2,D,,,0.33878400475694964,0.2961696645359497,0.36504633070710074,0.3390300908806187,0.29447623321227423,0.36649367590710713,0.030895568430423737,0.421875,0.578125,0.4165832499152132,0.5834167500847868
E1,2526,2025-11-01,QPR,Ipswich,1,4,A,,,0.26311619491234983,0.26459023521998204,0.47229356986766796,0.26006189932545165,0.2615990445761917,0.4783390560983567,0.02940932451747358,0.5066666666666666,0.49333333333333335,0.5071123755322393,0.4928876244677607
E1,2526,2025-11-01,Sheffield United,Derby,1,3,A,,,0.5155862539781341,0.2719086008011486,0.21250514522071742,0.5236766932559939,0.26915102003368196,0.2071722867103242,0.03008282952941954,0.43307086614173224,0.5669291338582677,0.42845117844941644,0.5715488215505835
E1,2526,2025-11-01,Southampton,Preston,0,2,A,,,0.5554758263376013,0.2465558498104235,0.1979683238519753,0.5651997359971148,0.24272415730199004,0.1920761067008952,0.02970406669192016,0.5080213903743315,0.4919786096256684,0.5085812356982813,0.4914187643017187
E1,2526,2025-11-01,Stoke,Bristol City,5,1,H,,,0.39176926472752244,0.28841909059694903,0.31981164467552853,0.394515277963521,0.2863132101827886,0.3191715118536904,0.0317946772556752,0.4511873350923483,0.5488126649076518,0.44798695456905224,0.5520130454309478
E1,2526,2025-11-01,Watford,Middlesbrough,3,0,H,,,0.34021526777957695,0.28131232589535166,0.37847240632507145,0.3405208298848429,0.27896786768501897,0.38051130243013814,0.03057875484228134,0.4746666666666666,0.5253333333333333,0.4729082301967493,0.5270917698032508
E1,2526,2025-11-04,Birmingham,Millwall,4,0,H,,,0.49587067299244425,0.27710419961342475,0.2270251273941311,0.5032680607807111,0.27452179949303124,0.22221013972625767,0.030824611894786358,0.4345549738219895,0.5654450261780105,0.43027666220104094,0.569723337798959
E1,2526,2025-11-04,Bristol City,Blackburn,0,1,A,,,0.44940663876626724,0.2817175944504959,0.2688757667832368,0.4545337644764243,0.27943394978827546,0.26603228573530036,0.029855741653591394,0.46684350132625996,0.53315649867374,0.46466530981435855,0.5353346901856414
E1,2526,2025-11-04,Charlton,West Brom,1,0,H,,,0.3702966684907882,0.3053745253138318,0.32432880619538,0.3720234454760655,0.30407016530445086,0.3239063892194837,0.03160937724169344,0.38734177215189874,0.6126582278481012,0.37981418462563105,0.620185815374369
E1,2526,2025-11-04,Derby,Hull,2,1,H,,,0.42633236271399394,0.2846509128694642,0.2890167244165419,0.4305577963754873,0.28244005285001256,0.28700215077450014,0.0307146729901433,0.4576719576719577,0.5423280423280423,0.45488509799119997,0.5451149020088001
E1,2526,2025-11-04,Ipswich,Watford,1,1,D,,,0.557420771885786,0.25188264825855033,0.19069657985566363,0.5676477574196086,0.24811900934776182,0.18423323323262952,0.03101084881927818,0.5066666666666666,0.49333333333333335,0.5071123755322393,0.4928876244677607
E1,2526,2025-11-04,Leicester,Middlesbrough,1,1,D,,,0.43179620238235644,0.27767425403939144,0.29052954357825217,0.43634164555427707,0.2751081660000413,0.28855018844568175,0.031216488336212933,0.47745358090185674,0.5225464190981433,0.47602932882080634,0.5239706711791936
E1,2526,2025-11-04,Oxford,Stoke,0,3,A,,,0.3084377984111827,0.29124931428919726,0.40031288729962,0.3072744805690456,0.28929089109825673,0.4034346283326977,0.03152137156575918,0.4485488126649077,0.5514511873350924,0.44511680270287096,0.5548831972971291
E1,2526,2025-11-04,Coventry,Sheffield United,3,1,H,,,0.5926595700957626,0.22436398010768158,0.18297644979655586,0.6044409091695016,0.21937353539161397,0.17618555543888453,0.03092137072235346,0.5755208333333334,0.4244791666666667,0.5805041223544432,0.4194958776455569
E1,2526,2025-11-05,Preston,Swansea,2,1,H,,,0.42038216560509556,0.2942675159235669,0.2853503184713376,0.42437531536837875,0.2924734599654659,0.28315122466615533,0.031014300067909062,0.421875,0.578125,0.4165832499152132,0.5834167500847868
E1,2526,2025-11-05,QPR,Southampton,1,2,A,,,0.3428752013374926,0.2814647175158521,0.3756600811466553,0.34329731888066456,0.27914888351768524,0.37755379760165025,0.030290600145235658,0.496,0.5039999999999999,0.4957330602491005,0.5042669397508994
E1,2526,2025-11-05,Sheffield Weds,Norwich,1,1,D,,,0.2890051380760932,0.270734698312662,0.44026016361124476,0.28698413328224365,0.2678929626603326,0.44512290405742383,0.03074899665080011,0.5066666666666666,0.49333333333333335,0.5071123755322393,0.4928876244677607
E1,2526,2025-11-05,Portsmouth,Wrexham,0,0,D,,,0.38142432626293676,0.2925832564811968,0.32599241725586636,0.38360932060840336,0.2907355458409686,0.32565513355062803,0.030732056125998497,0.4485488126649077,0.5514511873350924,0.44511680270287096,0.5548831972971291
E1,2526,2025-11-07,Watford,Bristol City,1,1,D,,,0.45127400809778406,0.28154109758936374,0.2671848943128523,0.4565411504586633,0.27922378263897774,0.26423506690235893,0.030191108235158026,0.445910290237467,0.554089709762533,0.44223724992325464,0.5577627500767455
E1,2526,2025-11-08,Blackburn,Derby,1,2,A,,,0.4778930200555542,0.2861547870849367,0.2359521928595092,0.4845542898601403,0.28396028751845764,0.23148542262140204,0.031199491233564913,0.4119170984455959,0.5880829015544041,0.40579890837883326,0.5942010916211667
E1,2526,2025-11-08,Hull,Portsmouth,3,2,H,,,0.44833766673333436,0.26977338112894045,0.28188895213772525,0.4536301943116057,0.26685209433374724,0.2795177113546472,0.03112277085892856,0.5093333333333333,0.49066666666666664,0.5099590257227813,0.49004097427721877
E1,2526,2025-11-08,Millwall,Preston,1,1,D,,,0.432655485565125,0.2947465495412414,0.2725979648936337,0.43708715416217164,0.2930194013320613,0.2698934445057672,0.030160052003338933,0.4119170984455959,0.5880829015544041,0.40579890837883326,0.5942010916211667
E1,2526,2025-11-08,Middlesbrough,Birmingham,2,1,H,,,0.36124718846082415,0.2983718866717566,0.34038092486741917,0.3624972223595321,0.29680833722759636,0.34069444041287156,0.030310951406136155,0.41558441558441556,0.5844155844155844,0.4097222222206359,0.5902777777793641
E1,2526,2025-11-08,Norwich,Leicester,1,2,A,,,0.321363802691737,0.27451776731393274,0.40411842999433023,0.3208064895330112,0.2718271884032219,0.4073663220637669,0.031041740207001567,0.5146666666666666,0.48533333333333345,0.5156579172132345,0.4843420827867654
E1,2526,2025-11-08,Sheffield United,QPR,0,0,D,,,0.46430766924057276,0.27241172501686783,0.2632806057425594,0.4702251018523901,0.269656097282938,0.26011880086467204,0.030553722521290183,0.48936170212765967,0.5106382978723405,0.4886775362319321,0.5113224637680679
E1,2526,2025-11-08,Southampton,Sheffield Weds,3,1,H,,,0.666930688316442,0.201364511889975,0.13170479979358307,0.6826302509095576,0.19502405237998344,0.12234569671045897,0.032386577455326915,0.5605263157894738,0.43947368421052635,0.564659413558811,0.4353405864411891
E1,2526,2025-11-08,Stoke,Coventry,0,1,A,,,0.32691398013260964,0.2690035036519759,0.40408251621541447,0.3266092614018617,0.26605792473001916,0.40733281386811915,0.03109177155420184,0.5213903743315508,0.4786096256684492,0.5229193525295365,0.47708064747046347
E1,2526,2025-11-08,Swansea,Ipswich,1,4,A,,,0.26396477700536575,0.27635022108772894,0.45968500190690526,0.26082427133755215,0.27376285541819056,0.46541287324425723,0.0306564683560282,0.46276595744680854,0.5372340425531915,0.4601684306396359,0.5398315693603641
E1,2526,2025-11-08,West Brom,Oxford,2,1,H,,,0.5391022733000655,0.26352764756288116,0.19737007913705326,0.5482545637599557,0.2603812946308791,0.1913641416091651,0.030182621907442808,0.4497354497354497,0.5502645502645503,0.4462669683264439,0.5537330316735561
E1,2526,2025-11-08,Wrexham,Charlton,1,0,H,,,0.4200641465477349,0.28952113485136194,0.2904147186009031,0.4240936969894295,0.28748580739081026,0.28842049561976024,0.03141675633378327,0.43307086614173224,0.5669291338582677,0.42845117844941644,0.5715488215505835
E1,2526,2025-11-21,Preston,Blackburn,1,2,A,,,0.3861232785219361,0.30293916385643865,0.3109375576216251,0.38852181246559075,0.30155923033994203,0.30991895719446716,0.030719224829226732,0.4196891191709845,0.5803108808290156,0.4145723104045335,0.5854276895954665
E1,2526,2025-11-22,Bristol City,Swansea,3,0,H,,,0.43334015007314886,0.2884503452940899,0.2782095046327613,0.4380369876126017,0.28633958575975715,0.27562342662764117,0.03176592697855085,0.44327176781002636,0.5567282321899736,0.43934777702599115,0.5606522229740089
E1,2526,2025-11-22,Charlton,Southampton,1,5,A,,,0.3486842105263157,0.2960526315789473,0.35526315789473684,0.34938762627246184,0.29434284737468447,0.3562695263528537,0.031104671536013484,0.44210526315789467,0.5578947368421052,0.4382300089901101,0.5617699910098899
E1,2526,2025-11-22,Coventry,West Brom,3,2,H,,,0.5357973669771576,0.25694914601629354,0.20725348700654886,0.5448754762374274,0.2534934694251745,0.20163105433739817,0.030409102560952306,0.5039999999999999,0.496,0.5042669397508994,0.4957330602491005
E1,2526,2025-11-22,Birmingham,Norwich,4,1,H,,,0.5568612217150627,0.2502913469942702,0.1928474312906672,0.5672381068502194,0.24639145451718775,0.1863704386325928,0.031548973405733705,0.5013333333333333,0.4986666666666667,0.5014222323357952,0.49857776766420475
E1,2526,2025-11-22,Derby,Watford,2,3,A,,,0.37254982738590586,0.30017549786189224,0.32727467475220196,0.374317359391792,0.2986834651060668,0.32699917550214125,0.030483742710202932,0.41406249999999994,0.5859374999999999,0.40775681343284276,0.5922431865671571
E1,2526,2025-11-22,Ipswich,Wrexham,0,0,D,,,0.6077627686495348,0.2320276579819653,0.16020957336849984,0.6202937463846785,0.22732209605692597,0.1523841575583956,0.031166723929345608,0.5146666666666666,0.48533333333333345,0.5156579172132345,0.4843420827867654
E1,2526,2025-11-22,Leicester,Stoke,2,1,H,,,0.4690461771666562,0.27406477212354036,0.2568890507098035,0.47515137527937856,0.27139231098664407,0.2534563137339773,0.030425054719671607,0.5066666666666666,0.49333333333333335,0.5071123755322393,0.4928876244677607
E1,2526,2025-11-22,Oxford,Middlesbrough,1,1,D,,,0.25871021173765557,0.2786700500319554,0.4626197382303891,0.2551353181785765,0.2760379260430162,0.4688267557784073,0.03249820228666067,0.4654255319148936,0.5345744680851062,0.46304193319612175,0.5369580668038783
E1,2526,2025-11-22,Portsmouth,Millwall,3,1,H,,,0.35134551674319353,0.3037438660876641,0.3449106171691424,0.35217001882475535,0.3023901903575423,0.3454397908177024,0.031012343242764473,0.41558441558441556,0.5844155844155844,0.4097222222206359,0.5902777777793641
E1,2526,2025-11-22,QPR,Hull,3,2,H,,,0.4490912015441532,0.28068200096509577,0.2702267974907512,0.4542675019800844,0.2783245293905288,0.2674079686293867,0.03022884880192578,0.4866310160427808,0.5133689839572192,0.48569139193932814,0.5143086080606718
E1,2526,2025-11-23,Sheffield Weds,Sheffield United,0,3,A,,,0.2501951165124317,0.2759504961534174,0.47385438733415103,0.2461532207871455,0.27314142399151353,0.4807053552213409,0.033020207891240716,0.47593582887700536,0.5240641711229947,0.4742031644086983,0.5257968355913017
E1,2526,2025-11-25,Hull,Ipswich,0,2,A,,,0.21983034115816424,0.2557699064701257,0.5243997523717101,0.21435804396349056,0.2519902933356267,0.5336516627008827,0.03285546042025089,0.5212765957446808,0.4787234042553191,0.5226757369623892,0.4773242630376109
E1,2526,2025-11-25,Middlesbrough,Coventry,2,4,A,,,0.34720998922585955,0.28087733456778485,0.37191267620635554,0.34784850358551556,0.2784512984921955,0.37370019792228887,0.03140043304301798,0.5013333333333333,0.4986666666666667,0.5014222323357952,0.49857776766420475
E1,2526,2025-11-25,Norwich,Oxford,1,1,D,,,0.4953097552823036,0.2621416532134755,0.24254859150422087,0.5028262940328265,0.25882855446850483,0.2383451514986686,0.03142125578597188,0.5132978723404255,0.48670212765957455,0.5141566862003111,0.485843313799689
E1,2526,2025-11-25,Stoke,Charlton,3,0,H,,,0.5342410867190984,0.26046102842814767,0.20529788485275396,0.5437037075004268,0.2569914314948177,0.19930486100475553,0.03197368257679045,0.46010638297872336,0.5398936170212765,0.45728807767873103,0.542711922321269
E1,2526,2025-11-25,Swansea,Derby,1,2,A,,,0.43496240601503755,0.30112781954887213,0.2639097744360902,0.4398042531539963,0.2995828176614817,0.2606129291845221,0.032242133747786283,0.39285714285714285,0.6071428571428571,0.38540870894031387,0.614591291059686
E1,2526,2025-11-25,Watford,Preston,1,1,D,,,0.49786016971430375,0.27756805922124894,0.22457177106444723,0.5055109913906717,0.27494866199005047,0.21954034661927777,0.031510695233009756,0.445910290237467,0.554089709762533,0.44223724992325464,0.5577627500767455
E1,2526,2025-11-25,Southampton,Leicester,3,0,H,,,0.4698351927736069,0.26695181407591306,0.2632129931504801,0.47632738388667745,0.26379310697491704,0.25987950913840546,0.03219143836759031,0.5199999999999999,0.48,0.5213675213702079,0.47863247862979214
E1,2526,2025-11-26,Blackburn,QPR,0,1,A,,,0.429270260330366,0.28146762578547957,0.28926211388415435,0.43379511872575494,0.27902345226192576,0.2871814290123193,0.031901762587949634,0.4666666666666667,0.5333333333333333,0.4642857142816436,0.5357142857183564
E1,2526,2025-11-26,Millwall,Sheffield Weds,1,0,H,,,0.5628026540374086,0.255402291370237,0.18179505459235443,0.5736842617072457,0.2516435357957957,0.1746722024969585,0.032276750076562166,0.47593582887700536,0.5240641711229947,0.4742031644086983,0.5257968355913017
E1,2526,2025-11-26,Sheffield United,Portsmouth,3,0,H,,,0.5313363020984117,0.2619680375248436,0.20669566037674475,0.5406287317226613,0.25858246555525194,0.20078880272208677,0.03185261832550168,0.4787234042553191,0.5212765957446808,0.4773242630376109,0.5226757369623892
E1,2526,2025-11-26,Wrexham,Bristol City,2,0,H,,,0.3748224570706343,0.29037171828620123,0.33480582464316444,0.3767513242147143,0.2883785513310996,0.3348701244541861,0.0314726943615824,0.46153846153846156,0.5384615384615384,0.45894909688548324,0.5410509031145168
E1,2526,2025-11-26,West Brom,Birmingham,1,1,D,,,0.3472850678733032,0.30542986425339375,0.3472850678733032,0.3479684589131739,0.30406308217365213,0.3479684589131739,0.03324152738787234,0.4067357512953368,0.5932642487046632,0.39986927378273085,0.6001307262172693
E1,2526,2025-11-28,Oxford,Ipswich,2,1,H,,,0.17294729193449218,0.24629143144597843,0.5807612766195294,0.16553637334138652,0.2421621117446542,0.5923015149139593,0.03177702869288623,0.49734042553191493,0.502659574468085,0.49717058540593806,0.5028294145940619
E1,2526,2025-11-29,Leicester,Sheffield United,2,3,A,,,0.41178212196624764,0.2840304395490082,0.3041874384847442,0.41529428134890656,0.2818269840106764,0.30287873464041704,0.030261225765570998,0.4746666666666666,0.5253333333333333,0.4729082301967493,0.5270917698032508
E1,2526,2025-11-29,Portsmouth,Bristol City,0,1,A,,,0.3333048519987794,0.2832590784253891,0.38343606957583154,0.3332982836322638,0.28103661970587973,0.38566509666185644,0.030096773407422006,0.47200000000000003,0.528,0.4700393768229449,0.5299606231770552
E1,2526,2025-11-29,Stoke,Hull,1,2,A,,,0.5613129397075419,0.2430427161620285,0.19564434413042955,0.5715382580762949,0.2389575309588122,0.1895042109648929,0.0304589809384197,0.528,0.47200000000000003,0.5299606231770552,0.4700393768229449
E1,2526,2025-11-29,Coventry,Charlton,3,1,H,,,0.6612046977272081,0.20911150796717937,0.12968379430561264,0.6770288120185428,0.20296519697815726,0.12000599100329995,0.03324372204951942,0.5358090185676393,0.46419098143236076,0.5381895332392462,0.46181046676075377
E1,2526,2025-11-29,Middlesbrough,Derby,2,1,H,,,0.542569450687764,0.2659354490694956,0.19149510024274027,0.5517643936090455,0.2629266923064128,0.18530891408454178,0.029830033658072352,0.43947368421052635,0.5605263157894738,0.4353405864411891,0.564659413558811
E1,2526,2025-11-29,Millwall,Southampton,3,2,H,,,0.2966931592392847,0.2783139369855237,0.42499290377519156,0.29506334279821184,0.2758767963926606,0.42905986080912756,0.029987165238708258,0.4840425531914894,0.5159574468085106,0.4830066840394914,0.5169933159605087
E1,2526,2025-11-29,Norwich,QPR,3,1,H,,,0.38352614868070506,0.2783110105470603,0.3381628407722346,0.385749419077339,0.27587980202459933,0.33837077889806183,0.02997434022836387,0.4946524064171124,0.5053475935828876,0.4942799942793817,0.5057200057206184
E1,2526,2025-11-29,Sheffield Weds,Preston,2,3,A,,,0.28205817155907836,0.2916638678041244,0.4262779606367972,0.2797257154501348,0.28976421400585956,0.43051007054400575,0.030782717280089855,0.44356955380577423,0.5564304461942258,0.43999106844557306,0.5600089315544268
E1,2526,2025-11-29,West Brom,Swansea,3,2,H,,,0.5206391478029294,0.2756324900133155,0.20372836218375498,0.5299411767260732,0.27271788376378425,0.1973409395101426,0.03374629153404385,0.42931937172774864,0.5706806282722513,0.42447974937128813,0.5755202506287118
E1,2526,2025-11-29,Wrexham,Blackburn,1,1,D,,,0.41491098872950816,0.288910412397541,0.2961785988729508,0.4186398167233105,0.2868814023752129,0.2944787809014766,0.030901713529601693,0.445910290237467,0.554089709762533,0.44223724992325464,0.5577627500767455
E1,2526,2025-12-01,Birmingham,Watford,2,1,H,,,0.51418666648415,0.2696886838620038,0.216124649653846,0.5233709271299424,0.26642041894341184,0.21020865392664576,0.03448742418549955,0.4562334217506631,0.5437665782493368,0.45320476460766396,0.546795235392336
E1,2526,2025-12-02,Blackburn,Ipswich,1,1,D,,,0.25331798408253176,0.2731428697933386,0.4735391461241297,0.2496967069945677,0.27040554888676993,0.4798977441186624,0.03067969111725688,0.4826666666666667,0.5173333333333333,0.4814888648397009,0.5185111351602991
E1,2526,2025-12-05,Hull,Middlesbrough,1,4,A,,,0.31047479100061554,0.26955261224408744,0.4199725967552969,0.3093999382490607,0.26658877707242234,0.424011284678517,0.031537206610664725,0.5384615384615384,0.46153846153846156,0.5410509031145168,0.45894909688548324
E1,2526,2025-12-06,Derby,Leicester,1,3,A,,,0.348824317839591,0.2971058858570649,0.35406979630334423,0.34952954251192814,0.29545554084199116,0.3550149166460807,0.03089080168865621,0.4170984455958549,0.582901554404145,0.4116632160012208,0.5883367839987793
E1,2526,2025-12-06,Watford,Norwich,3,2,H,,,0.4855470417562063,0.26459585983343825,0.24985709841035547,0.492499753617499,0.261449779141168,0.24605046724133303,0.03091084724292159,0.5132978723404255,0.48670212765957455,0.5141566862003111,0.485843313799689
E1,2526,2025-12-06,Bristol City,Millwall,0,1,A,,,0.43785365853658537,0.28526829268292686,0.27687804878048783,0.4426734222546097,0.28304951924521665,0.2742770585001737,0.03118232497945428,0.4447368421052632,0.5552631578947369,0.4411088364791421,0.558891163520858
E1,2526,2025-12-06,Ipswich,Coventry,3,0,H,,,0.41392036698275964,0.2707778769599033,0.31530175605733707,0.41775190790904937,0.26781331338087633,0.3144347787100744,0.03217920660972595,0.5372340425531915,0.46276595744680854,0.5398315693603641,0.4601684306396359
E1,2526,2025-12-06,Preston,Wrexham,1,1,D,,,0.39022869960673673,0.3014266557859729,0.3083446446072904,0.39289322759972434,0.2999334336069085,0.30717333879336717,0.03167565038893372,0.41818181818181815,0.5818181818181818,0.41265527950491426,0.5873447204950857
E1,2526,2025-12-06,QPR,West Brom,3,1,H,,,0.38784674085070353,0.30110785312051425,0.31104540602878206,0.39030902674906826,0.2996535951065529,0.3100373781443788,0.030535951256752014,0.43044619422572183,0.5695538057742783,0.4255366977734378,0.5744633022265623
E1,2526,2025-12-06,Sheffield United,Stoke,4,0,H,,,0.4556305845440283,0.2823818293431553,0.2619875861128163,0.46109331072296184,0.2800995554211786,0.2588071338558596,0.030200269538909197,0.4562334217506631,0.5437665782493368,0.45320476460766396,0.546795235392336
E1,2526,2025-12-06,Southampton,Birmingham,3,1,H,,,0.4091106151351178,0.2751328698277108,0.31575651503717145,0.41262850076408214,0.27243883357735565,0.3149326656585622,0.031406607711687684,0.5013333333333333,0.4986666666666667,0.5014222323357952,0.49857776766420475
E1,2526,2025-12-06,Swansea,Oxford,2,0,H,,,0.4603442456969289,0.28597142535718306,0.25368432894588816,0.4659599801386786,0.2838669876460857,0.25017303221523574,0.029896428808569908,0.43569553805774275,0.5643044619422573,0.43135332026324247,0.5686466797367574
E1,2526,2025-12-09,Blackburn,Oxford,1,1,D,,,0.5318277942688628,0.2644199988359234,0.20375220689521367,0.5409996328827091,0.2611968725819854,0.1978034945353056,0.03135916544124484,0.4576719576719577,0.5423280423280423,0.45488509799119997,0.5451149020088001
E1,2526,2025-12-09,Charlton,Middlesbrough,1,2,A,,,0.2813439629251607,0.2856197070425643,0.43303633003227493,0.278875107923543,0.28335158998244686,0.4377733020940102,0.03213959257118404,0.45502645502645506,0.544973544973545,0.4520207721894716,0.5479792278105284
E1,2526,2025-12-09,Preston,Coventry,1,1,D,,,0.25172888727799925,0.26297934034070314,0.48529177238129767,0.24797291038197136,0.25973202820859187,0.49229506140943674,0.03119128942489624,0.5186170212765957,0.4813829787234043,0.519832837511798,0.48016716248820196
E1,2526,2025-12-09,Sheffield United,Norwich,1,1,D,,,0.58436348382774,0.23116098500311089,0.1844755311691493,0.5960788673021508,0.2263478051394964,0.17757332755835287,0.031767687294632196,0.5616797900262467,0.4383202099737532,0.5657563377903915,0.4342436622096085
E1,2526,2025-12-09,Southampton,West Brom,3,2,H,,,0.5130949057559684,0.2503903140089126,0.23651478023511896,0.5217561158113553,0.24638566353265187,0.2318582206559928,0.032662983518093824,0.5488126649076518,0.4511873350923483,0.5520130454309478,0.44798695456905224
E1,2526,2025-12-09,Swansea,Portsmouth,1,0,H,,,0.44649288716145163,0.28122387818228745,0.272283234656261,0.4516452157855176,0.27884859089699565,0.26950619331748676,0.03078634664416313,0.46153846153846156,0.5384615384615384,0.45894909688548324,0.5410509031145168
E1,2526,2025-12-09,Watford,Sheffield Weds,1,1,D,,,0.60709143127432,0.21832754488983666,0.1745810238358434,0.6198332637680662,0.21292538385085275,0.16724135238108095,0.0317374668084085,0.5880829015544041,0.4119170984455959,0.5942010916211667,0.40579890837883326
E1,2526,2025-12-09,QPR,Birmingham,2,1,H,,,0.32961237260422177,0.2838052150821849,0.3865824123135934,0.32942885470727534,0.2814502646143755,0.38912088067834916,0.032276671612635255,0.48670212765957455,0.5132978723404255,0.485843313799689,0.5141566862003111
E1,2526,2025-12-10,Bristol City,Leicester,2,2,D,,,0.4062133363333923,0.27964835023545104,0.31413831343115667,0.4095091416992109,0.27722669294106456,0.3132641653597245,0.030578450998291373,0.48670212765957455,0.5132978723404255,0.485843313799689,0.5141566862003111
E1,2526,2025-12-10,Derby,Millwall,1,1,D,,,0.3813241094526954,0.3067982248691068,0.31187766567819797,0.38351499720512355,0.3055874414520901,0.3108975613427864,0.030869344249367714,0.3848101265822785,0.6151898734177216,0.37681394845316113,0.6231860515468389
E1,2526,2025-12-10,Ipswich,Stoke,1,0,H,,,0.5736191185212116,0.2437138223768879,0.18266705910190043,0.5848473124428434,0.23947128775333054,0.175681399803826,0.0318012626376003,0.5066666666666666,0.49333333333333335,0.5071123755322393,0.4928876244677607
E1,2526,2025-12-10,Hull,Wrexham,2,0,H,,,0.4005368628291216,0.2793061209639275,0.3201570162069509,0.4036389488734411,0.276819062032126,0.31954198909443293,0.03122709970921278,0.496,0.5039999999999999,0.4957330602491005,0.5042669397508994
E1,2526,2025-12-12,West Brom,Sheffield United,2,0,H,,,0.39186546734454447,0.281579976535002,0.3265545561204537,0.3946041450316845,0.27916498219467745,0.32623087277363816,0.03166642598807812,0.4919786096256684,0.5080213903743315,0.4914187643017187,0.5085812356982813
E1,2526,2025-12-13,Norwich,Southampton,2,1,H,,,0.27719892574969074,0.2505878288777204,0.47221324537258874,0.27451979200014665,0.24666595099033417,0.4788142570095193,0.03217775165103376,0.5870129870129869,0.41298701298701296,0.5932264707547904,0.4067735292452096
E1,2526,2025-12-13,Oxford,Preston,1,2,A,,,0.35919089091239614,0.29226091123927883,0.34854819784832514,0.36038546437565877,0.29036519388275667,0.34924934174158445,0.03131381026469171,0.44327176781002636,0.5567282321899736,0.43934777702599115,0.5606522229740089
E1,2526,2025-12-13,Stoke,Swansea,2,1,H,,,0.5056050668835551,0.27101597245055115,0.22337896066589372,0.5136932586907786,0.268064578304818,0.21824216300440327,0.031823536730371416,0.46276595744680854,0.5372340425531915,0.4601684306396359,0.5398315693603641
E1,2526,2025-12-13,Birmingham,Charlton,1,1,D,,,0.5974710472214063,0.24052039593272004,0.16200855684587356,0.6104066819691512,0.23588131520164207,0.15371200282920672,0.03346569766290486,0.4786096256684492,0.5213903743315508,0.47708064747046347,0.5229193525295365
E1,2526,2025-12-13,Coventry,Bristol City,1,0,H,,,0.5566007883280748,0.23935250185100418,0.2040467098209211,0.5670497319569932,0.23492643837247512,0.1980238296705317,0.03178836079314351,0.5620052770448549,0.4379947229551451,0.5664630352278986,0.43353696477210124
E1,2526,2025-12-13,Leicester,Ipswich,3,1,H,,,0.2821506958110493,0.27880172612783205,0.4390475780611187,0.27971225598797334,0.2762058244325873,0.4440819195794393,0.03221762995235622,0.4946524064171124,0.5053475935828876,0.4942799942793817,0.5057200057206184
E1,2526,2025-12-13,Middlesbrough,QPR,3,1,H,,,0.4894575053037191,0.2632376499112439,0.247304844785037,0.496873893293017,0.2599002143706946,0.2432258923362884,0.03216973040252924,0.5067024128686327,0.4932975871313674,0.5071888658834666,0.49281113411653343
E1,2526,2025-12-13,Millwall,Hull,1,3,A,,,0.4788579689194073,0.2681604625948681,0.25298156848572456,0.4859141002576903,0.2649934272839587,0.24909247245835103,0.03283717087469995,0.4932975871313674,0.5067024128686327,0.49281113411653343,0.5071888658834666
E1,2526,2025-12-13,Portsmouth,Blackburn,2,1,H,,,0.34280861640430826,0.2917067108533554,0.3654846727423364,0.34325735837873145,0.2897244017640474,0.36701823985722126,0.03232472715899348,0.44708994708994704,0.5529100529100528,0.4433764615919363,0.5566235384080637
E1,2526,2025-12-13,Wrexham,Watford,2,2,D,,,0.37586656542981645,0.2909183942955236,0.33321504027466,0.3778840337263901,0.28891084859933025,0.33320511767427974,0.03211688029114157,0.4693333333333332,0.5306666666666666,0.467165372312263,0.5328346276877369
E1,2526,2025-12-15,Sheffield Weds,Derby,0,3,A,,,0.2961651797508485,0.29155201495722155,0.41228280529193007,0.2942816400309861,0.2894371288725818,0.4162812310964321,0.034290620125830173,0.4444444444444444,0.5555555555555556,0.44047619047719,0.5595238095228099
E1,2526,2025-12-19,Swansea,Wrexham,2,1,H,,,0.422279792746114,0.28886010362694303,0.28886010362694303,0.42635817778945545,0.2868209111052723,0.2868209111052723,0.030999822774901986,0.4511873350923483,0.5488126649076518,0.44798695456905224,0.5520130454309478
E1,2526,2025-12-20,Blackburn,Millwall,2,0,H,,,0.43673727498752934,0.28627595768999636,0.27698676732247435,0.441710675888415,0.2840098563201089,0.27427946779147616,0.03254346502944827,0.4511873350923483,0.5488126649076518,0.44798695456905224,0.5520130454309478
E1,2526,2025-12-20,Preston,Norwich,1,1,D,,,0.43467959667199296,0.2737340900325087,0.2915863132954984,0.43956009732389684,0.2708692358822382,0.28957066679386495,0.03258604439906776,0.5080213903743315,0.4919786096256684,0.5085812356982813,0.4914187643017187
E1,2526,2025-12-20,Southampton,Coventry,1,1,D,,,0.3935339178514379,0.2542016388283612,0.35226444332020096,0.39634196413908046,0.25052180258584356,0.35313623327507593,0.03164652828127146,0.5943152454780362,0.40568475452196384,0.6010800332327019,0.3989199667672982
E1,2526,2025-12-20,Bristol City,Middlesbrough,2,0,H,,,0.35180113238599386,0.27545719163360805,0.3727416759803982,0.3526763037470555,0.2727041968961341,0.3746194993568105,0.032327142311260104,0.5106951871657753,0.48930481283422456,0.5114439390020781,0.48855606099792176
E1,2526,2025-12-20,Charlton,Oxford,1,0,H,,,0.446613471599112,0.28769579458838507,0.2656907338125029,0.45216575862594377,0.28545131191772305,0.26238292945633324,0.03318051714450121,0.43044619422572183,0.5695538057742783,0.4255366977734378,0.5744633022265623
E1,2526,2025-12-20,Derby,Portsmouth,1,1,D,,,0.4656900913117827,0.29123652769343683,0.2430733809947806,0.47187040820816856,0.2892527470231352,0.23887684476869622,0.03161192289553583,0.42297650130548303,0.577023498694517,0.4176023685857909,0.5823976314142091
E1,2526,2025-12-20,Hull,West Brom,1,0,H,,,0.3386522126839452,0.28001988929388894,0.3813278980221659,0.33890470764026154,0.27742821668712286,0.3836670756726156,0.03303178562782705,0.5053475935828876,0.4946524064171124,0.5057200057206184,0.4942799942793817
E1,2526,2025-12-20,Ipswich,Sheffield Weds,3,1,H,,,0.7710525779290943,0.15196835946260015,0.07697906260830564,0.7915377938615443,0.14310619439394032,0.06535601174451532,0.0332002486102283,0.6116751269035533,0.3883248730964467,0.6193285059601447,0.38067149403985534
E1,2526,2025-12-20,QPR,Leicester,4,1,H,,,0.40358201241915037,0.276572379099006,0.3198456084818436,0.4068778067112887,0.27391719280544485,0.31920500048326644,0.031747689470648766,0.49333333333333335,0.5066666666666666,0.4928876244677607,0.5071123755322393
E1,2526,2025-12-20,Sheffield United,Birmingham,3,0,H,,,0.4127007018555908,0.2767522353619844,0.3105470627824247,0.41638577309611735,0.274132091709964,0.30948213519391876,0.03140615508891642,0.5053475935828876,0.4946524064171124,0.5057200057206184,0.4942799942793817
E1,2526,2025-12-20,Watford,Stoke,1,0,H,,,0.4436338561236204,0.27694302852687547,0.27942311534950415,0.44920722404425145,0.27409457421282113,0.2766982017429274,0.03421663190238178,0.4919786096256684,0.5080213903743315,0.4914187643017187,0.5085812356982813
E1,2526,2025-12-26,Birmingham,Derby,1,1,D,,,0.5026578454242991,0.27565107652300275,0.221691078052698,0.5106704489730459,0.2728927302209371,0.21643682080601692,0.03208132856525481,0.44210526315789467,0.5578947368421052,0.4382300089901101,0.5617699910098899
E1,2526,2025-12-26,Millwall,Ipswich,0,0,D,,,0.25239356897693743,0.2828024327090986,0.464803998313964,0.24850556677931496,0.28035545058918393,0.47113898263150106,0.03262489382177591,0.43947368421052635,0.5605263157894738,0.4353405864411891,0.564659413558811
E1,2526,2025-12-26,Coventry,Swansea,1,0,H,,,0.6151284273917605,0.22421947473272805,0.16065209787551132,0.6296502815040352,0.2185014309220086,0.1518482875739561,0.03529417817480862,0.5476190476190476,0.4523809523809524,0.5508517671072177,0.44914823289278233
E1,2526,2025-12-26,Leicester,Watford,1,2,A,,,0.4160026198013317,0.281082851217116,0.30291452898155224,0.42018091099006777,0.2784476310045961,0.3013714580053361,0.034224407747387886,0.4919786096256684,0.5080213903743315,0.4914187643017187,0.5085812356982813
E1,2526,2025-12-26,Middlesbrough,Blackburn,0,0,D,,,0.5215368605766287,0.2593197167867127,0.21914342263665856,0.5314546651332109,0.2553884360730212,0.21315689879376792,0.03581097908318043,0.5,0.5,0.5,0.5
E1,2526,2025-12-26,Norwich,Charlton,1,0,H,,,0.4709530576814191,0.270866064967059,0.2581808773515218,0.4777811589304603,0.26776101783590617,0.2544578232336336,0.03360633132979274,0.49333333333333335,0.5066666666666666,0.4928876244677607,0.5071123755322393
E1,2526,2025-12-26,Oxford,Southampton,2,1,H,,,0.23752163474959526,0.24958824186254258,0.5128901233878622,0.23247367110047262,0.24515971357591054,0.5223666153236168,0.035835225600749254,0.5437665782493368,0.4562334217506631,0.546795235392336,0.45320476460766396
E1,2526,2025-12-26,Portsmouth,QPR,1,1,D,,,0.32722069111723556,0.27284290862836547,0.399936400254399,0.32690076430811943,0.26979156513913255,0.40330767055274813,0.03430664481129497,0.4959785522788205,0.5040214477211796,0.4956871765387142,0.5043128234612858
E1,2526,2025-12-26,Sheffield Weds,Hull,2,2,D,,,0.26006868560724317,0.26225413674679987,0.47767717764595685,0.2563761842397228,0.25866966332428515,0.484954152435992,0.03416019561700523,0.5345744680851062,0.4654255319148936,0.5369580668038783,0.46304193319612175
E1,2526,2025-12-26,Stoke,Preston,0,0,D,,,0.44284299702937624,0.29018593904719997,0.26697106392342396,0.44852819054011456,0.2879372578514878,0.2635345516083976,0.0351754070725292,0.43947368421052635,0.5605263157894738,0.4353405864411891,0.564659413558811
E1,2526,2025-12-26,West Brom,Bristol City,1,2,A,,,0.4523618895116093,0.2762209767814251,0.2714171337069656,0.45834549785298445,0.27334805921857414,0.26830644292844147,0.034043146297335625,0.48533333333333345,0.5146666666666666,0.4843420827867654,0.5156579172132345
E1,2526,2025-12-26,Wrexham,Sheffield United,5,3,H,,,0.28932686958594933,0.28066438846062153,0.43000874195342925,0.28715089770630214,0.2780656826460296,0.43478341964766815,0.033429100876674056,0.4746666666666666,0.5253333333333333,0.4729082301967493,0.5270917698032508
E1,2526,2025-12-29,Coventry,Ipswich,0,2,A,,,0.3965271083234695,0.28052813335123067,0.32294475832529995,0.3995214005263538,0.2780330127506195,0.3224455867230268,0.03206976572982967,0.5039999999999999,0.496,0.5042669397508994,0.4957330602491005
E1,2526,2025-12-29,Leicester,Derby,2,1,H,,,0.4528493815743844,0.28234886140330595,0.2648017570223095,0.4587569264116258,0.27982217206237553,0.2614209015259987,0.03346730885095894,0.44063324538258575,0.5593667546174144,0.4364478590106439,0.5635521409893561
E1,2526,2025-12-29,Middlesbrough,Hull,0,1,A,,,0.5678158648621949,0.23658994369258124,0.19559419144522372,0.5795241601535513,0.23171928575724438,0.1887565540892043,0.033990126685239375,0.554089709762533,0.445910290237467,0.5577627500767455,0.44223724992325464
E1,2526,2025-12-29,Millwall,Bristol City,2,1,H,,,0.3994620040349698,0.2844653665097512,0.3160726294552791,0.40265271021934723,0.28211324235048507,0.3152340474301677,0.03265637787990272,0.4654255319148936,0.5345744680851062,0.46304193319612175,0.5369580668038783
E1,2526,2025-12-29,Norwich,Watford,0,1,A,,,0.3732363979777092,0.27183691413405414,0.3549266878882367,0.375096297655542,0.2689750755408354,0.35592862680362264,0.03162320307455957,0.5306666666666666,0.4693333333333332,0.5328346276877369,0.467165372312263
E1,2526,2025-12-29,Oxford,Swansea,0,1,A,,,0.3394249280642557,0.2947357525824415,0.3658393193533028,0.33970798394777146,0.29292615473387656,0.367365861318352,0.03180720005184412,0.44210526315789467,0.5578947368421052,0.4382300089901101,0.5617699910098899
E1,2526,2025-12-29,Portsmouth,Charlton,2,1,H,,,0.4080425783560024,0.29272619751626255,0.29923122412773506,0.4114120041920479,0.2908959944898878,0.2976920013180643,0.03048484632745385,0.4192708333333333,0.5807291666666666,0.4136562404181628,0.5863437595818372
E1,2526,2025-12-29,Sheffield Weds,Blackburn,0,0,D,,,0.2138736168254925,0.258651564149838,0.5274748190246696,0.20814232041515654,0.2550195614559078,0.5368381181289357,0.0327336962800473,0.4946524064171124,0.5053475935828876,0.4942799942793817,0.5057200057206184
E1,2526,2025-12-29,Stoke,Sheffield United,1,2,A,,,0.3346898005993119,0.2876080549492558,0.3777021444514323,0.33474843958425393,0.2854746821963688,0.3797768782193772,0.03165886190254241,0.46153846153846156,0.5384615384615384,0.45894909688548324,0.5410509031145168
E1,2526,2025-12-29,West Brom,QPR,2,1,H,,,0.452556196538691,0.2784961209468868,0.2689476825144221,0.45806228308563196,0.27596045388390794,0.26597726303046004,0.031235904549248517,0.47200000000000003,0.528,0.4700393768229449,0.5299606231770552
E1,2526,2025-12-29,Wrexham,Preston,2,1,H,,,0.4374479335739959,0.2867417857268571,0.275810280699147,0.4423239169554946,0.28455663640635515,0.2731194466381502,0.03167631954420358,0.44708994708994704,0.5529100529100528,0.4433764615919363,0.5566235384080637
E1,2526,2025-12-29,Birmingham,Southampton,1,1,D,,,0.4038487340974422,0.27638025460355925,0.31977101129899854,0.40735634979968866,0.2735561333108975,0.3190875168894137,0.03369078924879432,0.5133689839572192,0.4866310160427808,0.5143086080606718,0.48569139193932814
E1,2526,2026-01-01,Blackburn,Wrexham,0,2,A,,,0.45676015069066556,0.2759313520301381,0.2673084972791963,0.4625007385751873,0.2732586120428117,0.2642406493820009,0.031462148763239384,0.4680851063829787,0.5319148936170213,0.46590909090869675,0.5340909090913033
E1,2526,2026-01-01,Bristol City,Portsmouth,5,0,H,,,0.5494134526120347,0.24854418094353956,0.20204236644442564,0.5597315974462621,0.24445914779788644,0.19580925475585145,0.03244282864034176,0.5080213903743315,0.4919786096256684,0.5085812356982813,0.4914187643017187
E1,2526,2026-01-01,Charlton,Coventry,1,1,D,,,0.24651917222159728,0.2668289903875812,0.48665183739082163,0.24236777250878166,0.26363161600663754,0.49400061148458085,0.03246310167014599,0.5026737967914439,0.49732620320855614,0.5028597574926065,0.4971402425073935
E1,2526,2026-01-01,Derby,Middlesbrough,1,0,H,,,0.30749014454664914,0.29040735873850193,0.40210249671484893,0.3062864887195745,0.2884161806876535,0.40529733059277206,0.03141809534281492,0.445910290237467,0.554089709762533,0.44223724992325464,0.5577627500767455
E1,2526,2026-01-01,Hull,Stoke,0,1,A,,,0.40051263540834403,0.2878301814096662,0.3116571831819896,0.40361751723001743,0.28573120462809304,0.3106512781418896,0.03125667991116643,0.4680851063829787,0.5319148936170213,0.46590909090869675,0.5340909090913033
E1,2526,2026-01-01,Ipswich,Oxford,2,1,H,,,0.717042624979741,0.18490666116603557,0.09805071385422347,0.7354272445584028,0.17752634411258605,0.0870464113290112,0.03344511613249779,0.5476190476190476,0.4523809523809524,0.5508517671072177,0.44914823289278233
E1,2526,2026-01-01,Preston,Sheffield Weds,3,0,H,,,0.6253710439899239,0.22549436682328988,0.14913458918678632,0.6396709175394473,0.22010155842042092,0.1402275240401318,0.0335592795163393,0.5226666666666666,0.47733333333333333,0.5242275681207372,0.4757724318792627
E1,2526,2026-01-01,QPR,Norwich,1,2,A,,,0.445412748009335,0.27320374950572585,0.2813835024849392,0.4507268336924425,0.27035540890111526,0.27891775740644226,0.032077155308797956,0.5,0.5,0.5,0.5
E1,2526,2026-01-01,Southampton,Millwall,0,0,D,,,0.5339790591319641,0.247969167301387,0.2180517735666489,0.5435087157615185,0.24389433809505648,0.21259694614342514,0.03222588961943984,0.5345744680851062,0.4654255319148936,0.5369580668038783,0.46304193319612175
E1,2526,2026-01-01,Swansea,West Brom,1,0,H,,,0.3454255266089211,0.29732830138489413,0.35724617200618464,0.3459977477852488,0.2956211282097591,0.3583811240049921,0.03217310877516866,0.43307086614173224,0.5669291338582677,0.42845117844941644,0.5715488215505835
E1,2526,2026-01-01,Watford,Birmingham,3,0,H,,,0.4004883559896497,0.2826269178905937,0.3168847261197565,0.40359484889843356,0.2802871112185247,0.3161180398830417,0.031290343729779124,0.48,0.5199999999999999,0.47863247862979214,0.5213675213702079
E1,2526,2026-01-01,Sheffield United,Leicester,3,1,H,,,0.5256672079377571,0.2549984558830855,0.21933433617915743,0.5346185887789511,0.25133069534602365,0.2140507158750253,0.03155846777372062,0.5173333333333333,0.4826666666666667,0.5185111351602991,0.4814888648397009
E1,2526,2026-01-04,Birmingham,Coventry,3,2,H,,,0.3694141012909632,0.2751647558003069,0.3554211429087298,0.37116203787889795,0.272350487589626,0.3564874745314761,0.032893481431528926,0.5240641711229947,0.47593582887700536,0.5257968355913017,0.4742031644086983
E1,2526,2026-01-04,QPR,Sheffield Weds,3,0,H,,,0.6680201912171732,0.20520881690985057,0.12677099187297633,0.6833413113530196,0.19920255223969055,0.11745613640728997,0.031507762148976326,0.536,0.4640000000000001,0.5386001029396396,0.4613998970603605
E1,2526,2026-01-04,Blackburn,Charlton,2,2,D,,,0.45198632750029877,0.29514564603331805,0.2528680264663833,0.45802608497038616,0.29318518859984405,0.2487887264297698,0.034495048224925995,0.42297650130548303,0.577023498694517,0.4176023685857909,0.5823976314142091
E1,2526,2026-01-04,Bristol City,Preston,0,2,A,,,0.5012840774397471,0.2678289213749506,0.2308870011853023,0.5095916005263449,0.2645675094446204,0.22584089002903476,0.0335433529689908,0.47733333333333333,0.5226666666666666,0.4757724318792627,0.5242275681207372
E1,2526,2026-01-04,Derby,Wrexham,1,2,A,,,0.40578717575550044,0.2975772622207003,0.2966355620237993,0.40936656284876305,0.2958106271268396,0.29482281002439753,0.033436490572057664,0.421875,0.578125,0.4165832499152132,0.5834167500847868
E1,2526,2026-01-04,Middlesbrough,Southampton,4,0,H,,,0.43568221437819,0.2631226856497496,0.3011950999720606,0.4407962328104931,0.2596266112674681,0.2995771559220388,0.03384074510540813,0.5578947368421052,0.44210526315789467,0.5617699910098899,0.4382300089901101
E1,2526,2026-01-04,Millwall,Swansea,2,1,H,,,0.43354249857387334,0.29264118653736454,0.2738163148887621,0.43857242860471424,0.29059272713481726,0.27083484426046844,0.033986347378231585,0.42297650130548303,0.577023498694517,0.4176023685857909,0.5823976314142091
E1,2526,2026-01-04,Norwich,Stoke,0,2,A,,,0.41984293888448815,0.2761798683517429,0.303977192763769,0.424197952108377,0.27331014262004527,0.3024919052715777,0.03408939833752811,0.496,0.5039999999999999,0.4957330602491005,0.5042669397508994
E1,2526,2026-01-05,Leicester,West Brom,2,1,H,,,0.37423333222822663,0.2818022080031827,0.3439644597685906,0.3763096328653881,0.27919209958292596,0.3444982675516859,0.034445544239133596,0.4693333333333332,0.5306666666666666,0.467165372312263,0.5328346276877369
E1,2526,2026-01-16,West Brom,Middlesbrough,2,3,A,,,0.37638467219167965,0.2851399031755149,0.33847542463280544,0.37838016138445624,0.28291098171752094,0.33870885689802294,0.03138627531006932,0.46276595744680854,0.5372340425531915,0.4601684306396359,0.5398315693603641
E1,2526,2026-01-17,Coventry,Leicester,2,1,H,,,0.5789428136250345,0.2327263915812794,0.18833079479368592,0.5910048179783468,0.22774003750604277,0.18125514451561042,0.033449756214395165,0.5759162303664922,0.42408376963350786,0.5813692480357762,0.4186307519642238
E1,2526,2026-01-17,Ipswich,Blackburn,3,0,H,,,0.6216592427616926,0.23120824053452116,0.1471325167037862,0.6356184393757023,0.22614538378938712,0.13823617683491055,0.033177067525684834,0.48,0.5199999999999999,0.47863247862979214,0.5213675213702079
E1,2526,2026-01-17,Watford,Millwall,0,2,A,,,0.4668314652399174,0.276793877620128,0.2563746571399546,0.4733283632205612,0.27403382026637463,0.2526378165130643,0.03295265045017004,0.46010638297872336,0.5398936170212765,0.45728807767873103,0.542711922321269
E1,2526,2026-01-17,Charlton,Sheffield United,1,0,H,,,0.28180227574302186,0.2776336030249298,0.4405641212320482,0.27929729489679267,0.27492875284108703,0.44577395226212024,0.032879520673304796,0.4866310160427808,0.5133689839572192,0.48569139193932814,0.5143086080606718
E1,2526,2026-01-17,Oxford,Bristol City,0,0,D,,,0.2895053568257601,0.28086340587573744,0.4296312372985025,0.2874645911725149,0.2784251629582399,0.4341102458692451,0.03145399130880833,0.4786096256684492,0.5213903743315508,0.47708064747046347,0.5229193525295365
E1,2526,2026-01-17,Preston,Derby,0,1,A,,,0.4125789803694594,0.30150002411614335,0.28592099551439737,0.4162771919242867,0.3000111636934052,0.28371164438230806,0.03156087547540665,0.3974358974358974,0.6025641025641025,0.3901853122947625,0.6098146877052374
E1,2526,2026-01-17,Sheffield Weds,Portsmouth,0,1,A,,,0.2764707729999686,0.2883437509815623,0.43518547601846896,0.2737871658433282,0.28621442783490125,0.43999840632177056,0.031964959343895316,0.43307086614173224,0.5669291338582677,0.42845117844941644,0.5715488215505835
E1,2526,2026-01-17,Southampton,Hull,1,2,A,,,0.5537131167865113,0.23710637242747332,0.20918051078601535,0.5639071349210384,0.23263429423688858,0.20345857084207306,0.031402369611896574,0.5759162303664922,0.42408376963350786,0.5813692480357762,0.4186307519642238
E1,2526,2026-01-17,Stoke,QPR,0,0,D,,,0.4449073012640914,0.28533568561314065,0.269757013122768,0.4502957946873872,0.28301248145178615,0.2666917238608266,0.03268393641337752,0.44708994708994704,0.5529100529100528,0.4433764615919363,0.5566235384080637
E1,2526,2026-01-17,Wrexham,Norwich,1,2,A,,,0.4197723722383397,0.2749386297701406,0.3052889979915198,0.42383428422704733,0.2722016234611573,0.30396409231179533,0.031789183616638184,0.5053475935828876,0.4946524064171124,0.5057200057206184,0.4942799942793817
E1,2526,2026-01-17,Swansea,Birmingham,1,1,D,,,0.3470744570752023,0.29392868083556195,0.3589968620892359,0.3477132536667108,0.2920933820155559,0.36019336431773324,0.0316004065098241,0.44708994708994704,0.5529100529100528,0.4433764615919363,0.5566235384080637
E1,2526,2026-01-20,Charlton,Derby,1,2,A,,,0.35118422587796055,0.3126823007817058,0.3361334733403337,0.35200833410071997,0.31172977205936137,0.3362618938399188,0.0312541468301788,0.380352644836272,0.6196473551637279,0.3721262047088551,0.627873795291145
E1,2526,2026-01-20,Coventry,Millwall,2,1,H,,,0.5251547447293712,0.25824917391911384,0.21659608135151484,0.534227506636904,0.2546713821793861,0.21110111118370983,0.03208439075388014,0.5066666666666666,0.49333333333333335,0.5071123755322393,0.4928876244677607
E1,2526,2026-01-20,Ipswich,Bristol City,2,0,H,,,0.5699866642261329,0.24880370263839138,0.18120963313547575,0.5810939008740903,0.24477657627532481,0.17412952285058486,0.03194569400511682,0.48128342245989303,0.5187165775401069,0.47995418098152337,0.5200458190184767
E1,2526,2026-01-20,Oxford,QPR,0,0,D,,,0.3593362096476722,0.3007862202162624,0.33987757013606545,0.3605303918858801,0.29929339886197603,0.3401762092521439,0.031095713144168258,0.41666666666666663,0.5833333333333334,0.410714285699178,0.5892857143008219
E1,2526,2026-01-20,Preston,Hull,0,3,A,,,0.41815849110900616,0.2859746519742443,0.29586685691674963,0.42210535716160036,0.28377330859630845,0.29412133424209125,0.03146480314899236,0.4485488126649077,0.5514511873350924,0.44511680270287096,0.5548831972971291
E1,2526,2026-01-20,Sheffield Weds,Birmingham,0,2,A,,,0.14372477961438798,0.2211670726301406,0.6351081477554713,0.13485516524026087,0.21573714637592176,0.6494076883838173,0.03248799848370254,0.5173333333333333,0.4826666666666667,0.5185111351602991,0.4814888648397009
E1,2526,2026-01-20,Swansea,Blackburn,3,1,H,,,0.45170671151996755,0.29088234054536616,0.25741094793466646,0.4573455600430295,0.2888486640754824,0.253805775881488,0.03224154899362475,0.4192708333333333,0.5807291666666666,0.4136562404181628,0.5863437595818372
E1,2526,2026-01-20,West Brom,Norwich,0,5,A,,,0.47316344489964945,0.27371955097392514,0.25311700412642535,0.4795912402864738,0.27097112912368737,0.24943763058983875,0.031103090150281787,0.4787234042553191,0.5212765957446808,0.4773242630376109,0.5226757369623892
E1,2526,2026-01-20,Wrexham,Leicester,1,1,D,,,0.42750864778632464,0.27104294672331825,0.3014484054903571,0.4319171041395077,0.2681347858537156,0.2999481100067767,0.03166603483259678,0.5026737967914439,0.49732620320855614,0.5028597574926065,0.4971402425073935
E1,2526,2026-01-21,Southampton,Sheffield United,1,0,H,,,0.4043407492131542,0.25700562689712814,0.3386536238897176,0.407801882789637,0.2532997714486223,0.33889834576174066,0.033053608145564795,0.5643044619422573,0.43569553805774275,0.5686466797367574,0.43135332026324247
E1,2526,2026-01-21,Watford,Portsmouth,1,1,D,,,0.5500611481019382,0.25559906610171584,0.19433978579634595,0.5602090185489655,0.25191300619834855,0.18787797525268587,0.03181753680109978,0.47200000000000003,0.528,0.4700393768229449,0.5299606231770552
E1,2526,2026-01-21,Stoke,Middlesbrough,1,2,A,,,0.3149902479799387,0.2906101978266927,0.39439955419336864,0.3141001362677949,0.28855073387611163,0.39734912985609344,0.03268886613659561,0.46010638297872336,0.5398936170212765,0.45728807767873103,0.542711922321269
E1,2526,2026-01-23,Derby,West Brom,1,1,D,,,0.3635329731899449,0.30852469435199276,0.3279423324580622,0.3650091624920694,0.30731360865616775,0.3276772288517629,0.03310314996633679,0.391304347826087,0.6086956521739131,0.3832866479794182,0.6167133520205819
E1,2526,2026-01-24,Middlesbrough,Preston,4,0,H,,,0.6033172644823923,0.23204510172399706,0.1646376337936106,0.6171944834084008,0.2267468247577494,0.15605869183384974,0.03516347543336451,0.5120643431635389,0.4879356568364612,0.5129451700147207,0.4870548299852793
E1,2526,2026-01-24,Millwall,Charlton,4,0,H,,,0.5259296189029891,0.27615183529419485,0.19791854580281615,0.5356536924255372,0.2732070916517855,0.19113921592267732,0.03433940652757883,0.41775456919060056,0.5822454308093995,0.4117152466529241,0.5882847533470759
E1,2526,2026-01-24,Birmingham,Stoke,1,1,D,,,0.5026960724357608,0.2685833301299636,0.22872059743427559,0.5107018863564449,0.26550139285492064,0.2237967207886346,0.03203472541645169,0.4547872340425533,0.5452127659574468,0.45150477820811263,0.5484952217918874
E1,2526,2026-01-24,Blackburn,Watford,1,1,D,,,0.34796457524014135,0.30016113519117626,0.35187428956868233,0.348658668545128,0.2985866872445811,0.3527546442102909,0.03220183472149074,0.42782152230971127,0.5721784776902887,0.42260933191652233,0.5773906680834776
E1,2526,2026-01-24,Bristol City,Sheffield Weds,2,0,H,,,0.7453189487362032,0.16591905925929615,0.08876199200450058,0.7651420523448501,0.15755329811133692,0.07730464954381296,0.033837647875770926,0.5906735751295337,0.4093264248704664,0.5971574505704209,0.4028425494295792
E1,2526,2026-01-24,Hull,Swansea,2,1,H,,,0.3916312440109094,0.29189906385906284,0.31646969213002774,0.3943869592266752,0.2899442604191471,0.3156687803541777,0.0319813396781683,0.4588859416445623,0.5411140583554377,0.4560806981703291,0.543919301829671
E1,2526,2026-01-24,Leicester,Oxford,1,2,A,,,0.5019518416882464,0.26742163645499173,0.23062652185676188,0.5101173725605671,0.26420936879535417,0.22567325864407872,0.032828285242430866,0.49333333333333335,0.5066666666666666,0.4928876244677607,0.5071123755322393
E1,2526,2026-01-24,QPR,Wrexham,2,3,A,,,0.4054364812670548,0.2921157256334059,0.30244779309953923,0.4088048894152201,0.2901921517897829,0.301002958794997,0.03159366641193628,0.44063324538258575,0.5593667546174144,0.4364478590106439,0.5635521409893561
E1,2526,2026-01-24,Sheffield United,Ipswich,3,1,H,,,0.3252588388211374,0.281436540177571,0.39330462100129165,0.3248711614517898,0.2789943128956551,0.396134525652555,0.03193837124854326,0.482573726541555,0.517426273458445,0.48128957973796427,0.5187104202620358
E1,2526,2026-01-25,Portsmouth,Southampton,1,1,D,,,0.2908449358014465,0.27955841590467395,0.42959664829387967,0.2887113980550598,0.2768658440876663,0.434422757857274,0.03394205484073609,0.49066666666666664,0.5093333333333333,0.49004097427721877,0.5099590257227813
E1,2526,2026-01-26,Norwich,Coventry,2,1,H,,,0.32910390511793286,0.2662835015769029,0.40461259330516414,0.32887217948130054,0.26283668635265617,0.40829113416604335,0.034998694667592645,0.5578947368421052,0.44210526315789467,0.5617699910098899,0.4382300089901101
E1,2526,2026-01-30,Bristol City,Derby,0,5,A,,,0.4396508728179551,0.28684538653366587,0.27350374064837907,0.44460035556296607,0.28467732828101644,0.27072231615601744,0.03148596454411745,0.4485488126649077,0.5514511873350924,0.44511680270287096,0.5548831972971291
E1,2526,2026-01-31,Leicester,Charlton,0,2,A,,,0.45232992468311795,0.2833874226930378,0.2642826526238442,0.4578715785223847,0.28105513610901894,0.26107328536859636,0.03150335932150483,0.46153846153846156,0.5384615384615384,0.45894909688548324,0.5410509031145168
E1,2526,2026-01-31,Sheffield Weds,Wrexham,0,1,A,,,0.12826804748756687,0.21232579289325126,0.6594061596191819,0.11810899505212885,0.20605531935415966,0.6758356855937114,0.03476628661155701,0.5053475935828876,0.4946524064171124,0.5057200057206184,0.4942799942793817
E1,2526,2026-01-31,Stoke,Southampton,0,2,A,,,0.3331018821069141,0.27873807345445034,0.38816004443863544,0.33308352823716025,0.2761410482708307,0.39077542349200906,0.03230680571869016,0.5026737967914439,0.49732620320855614,0.5028597574926065,0.4971402425073935
E1,2526,2026-01-31,Blackburn,Hull,0,1,A,,,0.4087475181197437,0.28402395518894574,0.30722852669131057,0.4123012893058322,0.28170502146768606,0.30599368922648174,0.03187649277970195,0.4680851063829787,0.5319148936170213,0.46590909090869675,0.5340909090913033
E1,2526,2026-01-31,Ipswich,Preston,1,1,D,,,0.6887920967080138,0.19888688991993606,0.11232101337205022,0.7065839188952923,0.19193077357497407,0.10148530752973371,0.03474742150865495,0.5253333333333333,0.4746666666666666,0.5270917698032508,0.4729082301967493
E1,2526,2026-01-31,Middlesbrough,Norwich,1,0,H,,,0.5429106984064025,0.24459258027163447,0.21249672132196296,0.5529644573455229,0.24031158051490442,0.20672396213957267,0.03257157118059695,0.5476190476190476,0.4523809523809524,0.5508517671072177,0.44914823289278233
E1,2526,2026-01-31,Millwall,Sheffield United,1,1,D,,,0.375925316663925,0.2847919065635795,0.33928277677249546,0.3779396209070511,0.2825013374237637,0.3395590416691852,0.03203627862967551,0.4880000000000001,0.512,0.48719262295071786,0.5128073770492821
E1,2526,2026-01-31,Oxford,Birmingham,0,2,A,,,0.2720502676285781,0.2810100069816151,0.4469397253898068,0.26908422625586664,0.27847196543223807,0.45244380831189523,0.03278878331184387,0.46010638297872336,0.5398936170212765,0.45728807767873103,0.542711922321269
E1,2526,2026-01-31,Portsmouth,West Brom,3,0,H,,,0.3121066225849778,0.3060068188862486,0.38188655852877357,0.31109426211040453,0.3047053753796842,0.3842003625099113,0.03224356716964394,0.39641943734015345,0.6035805626598465,0.3892837616254925,0.6107162383745074
E1,2526,2026-01-31,QPR,Coventry,2,1,H,,,0.3000107633615174,0.27700108829544234,0.42298814834304027,0.2984041680962074,0.2743008677663962,0.42729496413739637,0.032504132483154535,0.5187165775401069,0.48128342245989303,0.5200458190184767,0.47995418098152337
E1,2526,2026-01-31,Watford,Swansea,0,2,A,,,0.4452923248726241,0.284717213782193,0.26999046134518295,0.45062411144950154,0.28239723792079036,0.26697865062970816,0.03222193231340498,0.4562334217506631,0.5437665782493368,0.45320476460766396,0.546795235392336
E1,2526,2026-02-03,Blackburn,Sheffield Weds,1,0,H,,,0.6964385948744586,0.193854041872272,0.10970736325326945,0.7135762560212069,0.18706348901451958,0.09936025496427343,0.03272921941243112,0.5358090185676393,0.46419098143236076,0.5381895332392462,0.46181046676075377
E1,2526,2026-02-03,Hull,Watford,0,0,D,,,0.42169754574099827,0.28071209761266447,0.2975903566463373,0.4258436447906565,0.27824711700284643,0.29590923820649706,0.03173497808165848,0.4919786096256684,0.5080213903743315,0.4914187643017187,0.5085812356982813
E1,2526,2026-02-03,Sheffield United,Oxford,3,1,H,,,0.6800048623082704,0.2018078946205189,0.1181872430712107,0.6968811833224507,0.19521465317914813,0.10790416349840108,0.033676562597975135,0.5411140583554377,0.4588859416445623,0.543919301829671,0.4560806981703291
E1,2526,2026-02-06,Charlton,QPR,0,0,D,,,0.3325610511910754,0.3095880838390603,0.3578508649698644,0.33252408710355214,0.30849227482404207,0.35898363807240574,0.03127016709186137,0.4145077720207254,0.5854922279792746,0.40873893805577544,0.5912610619442245
E1,2526,2026-02-07,Derby,Ipswich,1,2,A,,,0.25782232554594303,0.284385837874919,0.4577918365791379,0.25416724918426287,0.28199996921915754,0.46383278159657954,0.032860904233530164,0.445910290237467,0.554089709762533,0.44223724992325464,0.5577627500767455
E1,2526,2026-02-07,Norwich,Blackburn,2,0,H,,,0.48200367808039235,0.27322882914440844,0.2447674927751992,0.4890461983302795,0.2703688907131329,0.24058491095658768,0.03207615180872381,0.47200000000000003,0.528,0.4700393768229449,0.5299606231770552
E1,2526,2026-02-07,Southampton,Watford,1,0,H,,,0.5027555312334466,0.26043015052812896,0.23681431823842453,0.5107496495627251,0.2569777387029697,0.2322726117343052,0.0319668585434556,0.5226666666666666,0.47733333333333333,0.5242275681207372,0.4757724318792627
E1,2526,2026-02-07,Birmingham,Leicester,2,1,H,,,0.5484519729201484,0.24810922584482908,0.2034388012350225,0.5590185109830031,0.24388646232179848,0.1970950266951983,0.03338698111474514,0.5173333333333333,0.4826666666666667,0.5185111351602991,0.4814888648397009
E1,2526,2026-02-07,Coventry,Oxford,0,0,D,,,0.6679121905651565,0.20037365716954694,0.1317141522652966,0.683274235746949,0.19414647712229738,0.12257928713075365,0.03157381946220994,0.5818181818181818,0.41818181818181815,0.5873447204950857,0.41265527950491426
E1,2526,2026-02-07,Hull,Bristol City,2,3,A,,,0.40347409015782487,0.2831610331529313,0.31336487668924395,0.40678006471560924,0.28080184435147826,0.31241809093291256,0.03188770916312933,0.48533333333333345,0.5146666666666666,0.4843420827867654,0.5156579172132345
E1,2526,2026-02-07,Preston,Portsmouth,1,0,H,,,0.39473684210526316,0.2982456140350877,0.30701754385964913,0.39766236959371004,0.29657535317695766,0.3057622772293323,0.032232088735327125,0.42077922077922075,0.5792207792207792,0.4155732713376546,0.5844267286623455
E1,2526,2026-02-07,West Brom,Stoke,0,0,D,,,0.42177586062684463,0.2957736381125357,0.28245050126061966,0.42591296664893225,0.29401352141750503,0.28007351193356256,0.03163578943349421,0.421875,0.578125,0.4165832499152132,0.5834167500847868
E1,2526,2026-02-07,Wrexham,Millwall,0,2,A,,,0.37058721663766725,0.2932372368410202,0.3361755465213125,0.37230402551558356,0.29139290061110706,0.3363030738733094,0.031195493880659342,0.4485488126649077,0.5514511873350924,0.44511680270287096,0.5548831972971291
E1,2526,2026-02-08,Swansea,Sheffield Weds,4,0,H,,,0.717232831181845,0.1867942363515342,0.09597293246662074,0.7355439562407409,0.17952274864234383,0.08493329511691532,0.03331841598264873,0.5345744680851062,0.4654255319148936,0.5369580668038783,0.46304193319612175
E1,2526,2026-02-09,Sheffield United,Middlesbrough,1,2,A,,,0.4171623732407475,0.2764626378873593,0.3063749888718933,0.42150809562181324,0.27352266067571823,0.3049692437024685,0.03512205556035042,0.5187165775401069,0.48128342245989303,0.5200458190184767,0.47995418098152337
E1,2526,2026-02-10,Leicester,Southampton,3,4,A,,,0.3101650495148545,0.27399419825947785,0.4158407522256678,0.3090590647949763,0.2711903011310803,0.41975063407394336,0.03206493996549398,0.5253333333333333,0.4746666666666666,0.5270917698032508,0.4729082301967493
E1,2526,2026-02-10,Oxford,Norwich,0,3,A,,,0.314013206162876,0.29347028613352893,0.39251650770359503,0.3131307232020055,0.29165861531541215,0.3952106614825823,0.03078028094023466,0.43307086614173224,0.5669291338582677,0.42845117844941644,0.5715488215505835
E1,2526,2026-02-10,Birmingham,West Brom,0,0,D,,,0.5067988474204171,0.27244099890230516,0.22076015367727772,0.5146244326242968,0.269668114578885,0.21570745279681824,0.03056291420944035,0.4576719576719577,0.5423280423280423,0.45488509799119997,0.5451149020088001
E1,2526,2026-02-11,Charlton,Stoke,1,0,H,,,0.3494978335879197,0.3022987692448566,0.34820339716722365,0.35025667298376933,0.3008420595643193,0.34890126745191136,0.03183586336672306,0.41558441558441556,0.5844155844155844,0.4097222222206359,0.5902777777793641
E1,2526,2026-02-14,Derby,Swansea,2,0,H,,,0.4301178580579042,0.29536574429925694,0.27451639764283886,0.4352253150099857,0.2933551313841879,0.2714195536058264,0.03575983736664057,0.4192708333333333,0.5807291666666666,0.4136562404181628,0.5863437595818372
E1,2526,2026-02-14,Portsmouth,Sheffield United,0,1,A,,,0.30322946175637394,0.2779603399433428,0.4188101983002833,0.3016489972582653,0.27507377616064965,0.42327722658108513,0.03540832083672285,0.48,0.5199999999999999,0.47863247862979214,0.5213675213702079
E1,2526,2026-02-14,Preston,Watford,2,2,D,,,0.3048799996718501,0.2934111595588024,0.40170884076934754,0.30343934268807465,0.2913956377075464,0.40516501960437895,0.03422538656741381,0.44063324538258575,0.5593667546174144,0.4364478590106439,0.5635521409893561
E1,2526,2026-02-14,QPR,Blackburn,1,3,A,,,0.4207149330053725,0.29278594083759474,0.2864991261570328,0.4252793589885684,0.2906660706935697,0.2840545703178619,0.03538503497838974,0.42408376963350786,0.5759162303664922,0.4186307519642238,0.5813692480357762
E1,2526,2026-02-14,Sheffield Weds,Millwall,1,2,A,,,0.1126307553068355,0.20500773444007345,0.6823615102530911,0.10147886598860895,0.19813276806831465,0.7003883659430764,0.03588481876067817,0.5066666666666666,0.49333333333333335,0.5071123755322393,0.4928876244677607
E1,2526,2026-02-16,Coventry,Middlesbrough,3,1,H,,,0.4209688698126401,0.2685491066046153,0.31048202358274457,0.4255037417713848,0.2652086650858959,0.3092875931427193,0.035067179473116994,0.554089709762533,0.445910290237467,0.5577627500767455,0.44223724992325464
E1,2526,2026-02-17,Bristol City,Wrexham,2,2,D,,,0.43497472515818864,0.2723320018381703,0.29269327300364095,0.43981573222686815,0.2694324796205257,0.2907517881526061,0.03222411894239485,0.5026737967914439,0.49732620320855614,0.5028597574926065,0.4971402425073935
E1,2526,2026-02-17,Charlton,Portsmouth,1,3,A,,,0.3839838686446781,0.3034711219933746,0.31254500936194735,0.3863425993512733,0.30208166315119245,0.3115757374975342,0.03149756509810686,0.41818181818181815,0.5818181818181818,0.41265527950491426,0.5873447204950857
E1,2526,2026-02-20,Blackburn,Preston,1,0,H,,,0.4702447987671151,0.2867346333945824,0.24302056783830236,0.47666188051344577,0.2845332547683585,0.23880486471819584,0.031732538947835565,0.42931937172774864,0.5706806282722513,0.42447974937128813,0.5755202506287118
E1,2526,2026-02-21,Hull,QPR,1,3,A,,,0.4106709195693936,0.2849807290345186,0.30434835139608785,0.41429537637465835,0.2827186544428981,0.3029859691824434,0.03169779875315726,0.4786096256684492,0.5213903743315508,0.47708064747046347,0.5229193525295365
E1,2526,2026-02-21,Stoke,Leicester,2,2,D,,,0.43977093437737397,0.28261555542569977,0.2776135101969263,0.4447035544776845,0.28026370951597646,0.27503273600633904,0.03134005470201373,0.4654255319148936,0.5345744680851062,0.46304193319612175,0.5369580668038783
E1,2526,2026-02-21,Swansea,Bristol City,1,0,H,,,0.4397818465134398,0.27844176081028443,0.28177639267627586,0.4447129318203863,0.2758999415600555,0.27938712661955817,0.03132679755799472,0.48,0.5199999999999999,0.47863247862979214,0.5213675213702079
E1,2526,2026-02-21,West Brom,Coventry,0,2,A,,,0.2711970169697892,0.2719808233772164,0.4568221596529945,0.26831384764248034,0.2691334885717793,0.46255266378574034,0.03138952306471765,0.4946524064171124,0.5053475935828876,0.4942799942793817,0.5057200057206184
E1,2526,2026-02-21,Middlesbrough,Oxford,0,0,D,,,0.6714918190567853,0.20481231953801732,0.12369586140519728,0.6874813363776686,0.198574116501929,0.11394454712040243,0.03261066460981965,0.536,0.4640000000000001,0.5386001029396396,0.4613998970603605
E1,2526,2026-02-21,Millwall,Portsmouth,1,3,A,,,0.5051471099673089,0.26844960701119847,0.22640328302149265,0.513335593071875,0.265334123297852,0.22133028363027288,0.03230712818913162,0.4586666666666667,0.5413333333333333,0.4556077443035696,0.5443922556964305
E1,2526,2026-02-21,Norwich,Birmingham,1,2,A,,,0.3695532266960838,0.28019856591285164,0.35024820739106455,0.3712984846099431,0.2776424195709683,0.3510590958190887,0.032689192332327366,0.4973118279569893,0.5026881720430109,0.49710940887399396,0.502890591126006
E1,2526,2026-02-21,Southampton,Charlton,1,1,D,,,0.602570237200082,0.2292706268371044,0.1681591359628136,0.6153174183777497,0.22427397327108273,0.1604086083511676,0.032308348221704364,0.5281501340482575,0.47184986595174266,0.5302838024921604,0.4697161975078396
E1,2526,2026-02-21,Watford,Derby,2,0,H,,,0.43453490985219145,0.2852873572281865,0.28017773291962195,0.43943489046714257,0.28295954631876397,0.2776055632140934,0.0327629002276808,0.4444444444444444,0.5555555555555556,0.44047619047719,0.5595238095228099
E1,2526,2026-02-21,Wrexham,Ipswich,5,3,H,,,0.28751408743104573,0.28318405599383123,0.4293018565751231,0.2853544823426598,0.280822766014357,0.4338227516429832,0.0318624172359705,0.4613333333333334,0.5386666666666667,0.458507411439061,0.541492588560939
E1,2526,2026-02-22,Sheffield United,Sheffield Weds,2,1,H,,,0.824282872623256,0.11746030934881398,0.05825681802793006,0.8476760637194033,0.10659822681547976,0.045725709465116976,0.03485436178743839,0.6682577565632459,0.3317422434367542,0.6811408016503337,0.31885919834966625
E1,2526,2026-02-24,Blackburn,Bristol City,1,2,A,,,0.39460792345250184,0.29440967329685097,0.3109824032506472,0.3975426919664235,0.2925481954444236,0.3099091125891529,0.03240657853893936,0.43193717277486904,0.5680628272251308,0.4273844435169372,0.5726155564830627
E1,2526,2026-02-24,Hull,Derby,4,2,H,,,0.37347309411462265,0.2893263784653403,0.337200527420037,0.37545098760635026,0.28716264046011536,0.33738637193353443,0.033394598169252276,0.46419098143236076,0.5358090185676393,0.46181046676075377,0.5381895332392462
E1,2526,2026-02-24,Middlesbrough,Leicester,1,1,D,,,0.6232961280126432,0.21742888186487555,0.15927499012248122,0.6382540875893455,0.2113576251105507,0.1503882873001037,0.03535285161342472,0.5643044619422573,0.43569553805774275,0.5686466797367574,0.43135332026324247
E1,2526,2026-02-24,Swansea,Preston,1,1,D,,,0.5314213412062422,0.25980598903416285,0.2087726697595951,0.541569807675088,0.25599888239598007,0.20243130992893196,0.034825066570192575,0.46153846153846156,0.5384615384615384,0.45894909688548324,0.5410509031145168
E1,2526,2026-02-24,Watford,Ipswich,0,2,A,,,0.2890625,0.2890625,0.421875,0.2868448996909152,0.2868448996909152,0.42631020061816965,0.0339101399295032,0.44210526315789467,0.5578947368421052,0.4382300089901101,0.5617699910098899
E1,2526,2026-02-24,West Brom,Charlton,1,1,D,,,0.47899673735725945,0.2897634584013051,0.23123980424143561,0.48602346169114824,0.2876351617276729,0.22634137658117895,0.032694687601178885,0.3863636363636363,0.6136363636363636,0.37896393125060013,0.6210360687493998
E1,2526,2026-02-24,Wrexham,Portsmouth,2,1,H,,,0.45973341056145356,0.2782955957107909,0.2619709937277557,0.4659340341348128,0.27558924221304537,0.2584767236521418,0.03321414184756577,0.47200000000000003,0.528,0.4700393768229449,0.5299606231770552
E1,2526,2026-02-24,Southampton,QPR,5,0,H,,,0.5552715174526794,0.24104810059961276,0.20368038194770774,0.5671031288942951,0.23609032860415183,0.19680654250155305,0.036305109271779656,0.5552631578947369,0.4447368421052632,0.558891163520858,0.4411088364791421
E1,2526,2026-02-25,Millwall,Birmingham,3,0,H,,,0.3826293504079314,0.2884436641536714,0.32892698543839716,0.38505890920152064,0.2862366655315942,0.32870442526688515,0.03338371589779854,0.4654255319148936,0.5345744680851062,0.46304193319612175,0.5369580668038783
E1,2526,2026-02-25,Norwich,Sheffield Weds,2,0,H,,,0.7953451176221257,0.1384228965773021,0.06623198580057221,0.8178018453527334,0.12842845971964065,0.05376969492762594,0.035042672185227275,0.6412776412776413,0.35872235872235875,0.6508948721779075,0.34910512782209235
E1,2526,2026-02-25,Sheffield United,Coventry,1,2,A,,,0.38860179705439696,0.268346799685128,0.343051403260475,0.39136489452048995,0.26510792663943766,0.34352717884007244,0.03391743102110922,0.5605263157894738,0.43947368421052635,0.564659413558811,0.4353405864411891
E1,2526,2026-02-25,Stoke,Oxford,2,1,H,,,0.5187471017804659,0.27534670211807716,0.20590619610145686,0.5276806820203628,0.27250896700505856,0.19981035097457864,0.032715093810111284,0.421875,0.578125,0.4165832499152132,0.5834167500847868
E1,2526,2026-02-27,Bristol City,Watford,1,2,A,,,0.3803090002858812,0.28436478440828805,0.33532621530583073,0.38269648738643625,0.2818824973736667,0.33542101523989704,0.034458842943422496,0.4760638297872341,0.5239361702127661,0.4744774976599343,0.5255225023400657
E1,2526,2026-02-28,Derby,Blackburn,3,1,H,,,0.43367037771942535,0.2900086736451885,0.2763209486353861,0.4386838419356231,0.2878396093863237,0.27347654867805327,0.03382796747609973,0.43569553805774275,0.5643044619422573,0.43135332026324247,0.5686466797367574
E1,2526,2026-02-28,Leicester,Norwich,0,2,A,,,0.3873792948573995,0.2717269256680889,0.34089377947451155,0.39004028349755965,0.2687027310810702,0.3412569854213702,0.03338533081114292,0.5239361702127661,0.4760638297872341,0.5255225023400657,0.4744774976599343
E1,2526,2026-02-28,Portsmouth,Hull,0,1,A,,,0.45310225303292906,0.2726516464471404,0.2742461005199307,0.45897051883490764,0.2696790419357351,0.2713504392293573,0.03316749958321452,0.4826666666666667,0.5173333333333333,0.4814888648397009,0.5185111351602991
E1,2526,2026-02-28,Charlton,Wrexham,0,1,A,,,0.3056193858366409,0.2895341550031335,0.4048464591602256,0.30419666607370194,0.2872951181218928,0.4085082158044052,0.03467810666188598,0.4456233421750664,0.5543766578249337,0.44161540213184014,0.5583845978681599
E1,2526,2026-02-28,Coventry,Stoke,2,1,H,,,0.6173370012650348,0.2197546234011365,0.16290837533382863,0.6311779344141503,0.21414274872308683,0.1546793168627629,0.033322311006486416,0.5631578947368422,0.4368421052631579,0.5675599594630787,0.43244004053692126
E1,2526,2026-02-28,Ipswich,Swansea,3,0,H,,,0.5896077581566372,0.23614013487885474,0.17425210696450807,0.6022796636303405,0.2312640648577938,0.16645627151186576,0.033738558646291494,0.520107238605898,0.4798927613941019,0.521597650176372,0.47840234982362795
E1,2526,2026-02-28,Oxford,West Brom,2,1,H,,,0.30581446959609415,0.29427430093209056,0.3999112294718154,0.30441682372560874,0.29229632111587694,0.40328685515851437,0.03433228796347976,0.42408376963350786,0.5759162303664922,0.4186307519642238,0.5813692480357762
E1,2526,2026-02-28,Preston,Millwall,0,2,A,,,0.29888161991250267,0.2834846879776162,0.417633692109881,0.29712152780640144,0.28094812704970545,0.4219303451438931,0.034515044651925564,0.46010638297872336,0.5398936170212765,0.45728807767873103,0.542711922321269
E1,2526,2026-02-28,QPR,Sheffield United,0,2,A,,,0.3214247991095006,0.27190295506065315,0.40667224582984646,0.32080575587324855,0.2687776914149617,0.4104165527117897,0.03459977242164314,0.5213903743315508,0.4786096256684492,0.5229193525295365,0.47708064747046347
E1,2526,2026-02-28,Sheffield Weds,Southampton,1,3,A,,,0.10174332912780483,0.1766616750580717,0.7215949958141235,0.09064666254045127,0.1687420889445463,0.7406112485150025,0.03418968943879008,0.6015424164524421,0.39845758354755784,0.6089054314677561,0.3910945685322439
E1,2526,2026-03-02,Birmingham,Middlesbrough,1,3,A,,,0.3764180244822031,0.2687146012922086,0.35486737422558834,0.37881113281246603,0.26513323201927963,0.3560556351682543,0.03781379363499582,0.5213903743315508,0.4786096256684492,0.5229193525295365,0.47708064747046347
E1,2526,2026-03-03,Ipswich,Hull,1,0,H,,,0.644547952715744,0.21144672656964453,0.1440053207146115,0.6606935504251329,0.20499489934170512,0.13431155023316194,0.035685378476046026,0.5590551181102362,0.4409448818897638,0.5628772635825252,0.4371227364174747
E1,2526,2026-03-06,Preston,Oxford,1,3,A,,,0.4424122281580108,0.2903758277693446,0.2672119440726447,0.447755739718276,0.2882637825470788,0.26398047773464534,0.033161293365992606,0.4244791666666667,0.5755208333333334,0.4194958776455569,0.5805041223544432
E1,2526,2026-03-07,Blackburn,Portsmouth,1,1,D,,,0.37712875223643233,0.29906069842952754,0.32381054933404024,0.37922925438951743,0.29741979492324094,0.32335095068724173,0.03246403764933348,0.40102827763496146,0.5989717223650385,0.3940794541457921,0.6059205458542078
E1,2526,2026-03-07,Hull,Millwall,1,3,A,,,0.30471518234698936,0.28183866715577394,0.41344615049723665,0.30332341585887296,0.27934900398290996,0.4173275801582171,0.032786585157737136,0.47340425531914887,0.526595744680851,0.47162637611816793,0.5283736238818321
E1,2526,2026-03-07,Bristol City,Coventry,0,2,A,,,0.2705467517527458,0.2600546339562404,0.46939861429101387,0.26751075597082885,0.2565208123991688,0.47596843163000246,0.03268895065411925,0.5502645502645503,0.4497354497354497,0.5537330316735561,0.4462669683264439
E1,2526,2026-03-07,Charlton,Birmingham,1,0,H,,,0.2745955229415094,0.2795136517106111,0.4458908253478796,0.2716440466513021,0.2768058852115543,0.45155006813714355,0.03404567646794021,0.4497354497354497,0.5502645502645503,0.4462669683264439,0.5537330316735561
E1,2526,2026-03-07,Derby,Sheffield Weds,2,1,H,,,0.7419137685529743,0.17279322520827128,0.08529300623875435,0.7630271082293306,0.1640893599346264,0.072883531836043,0.036556811071932316,0.5605263157894738,0.43947368421052635,0.564659413558811,0.4353405864411891
E1,2526,2026-03-07,Ipswich,Leicester,1,1,D,,,0.6406077865798748,0.21256531100150391,0.14682690241862123,0.6563705424819285,0.2062516652029816,0.13737779231508992,0.03524818900041282,0.5529100529100528,0.44708994708994704,0.5566235384080637,0.4433764615919363
E1,2526,2026-03-07,Sheffield United,West Brom,1,1,D,,,0.5418938559085175,0.2547490137830802,0.20335713030840238,0.552201830906056,0.2508243631680578,0.19697380592588623,0.033592485124245286,0.5,0.5,0.5,0.5
E1,2526,2026-03-07,Swansea,Stoke,2,0,H,,,0.4619835368789836,0.2824778855013062,0.25553857761971027,0.4682975384646622,0.2799710939891263,0.2517313675462116,0.03323566331528127,0.4523809523809524,0.5476190476190476,0.44914823289278233,0.5508517671072177
E1,2526,2026-03-08,QPR,Middlesbrough,0,4,A,,,0.26063497386029355,0.272828422929781,0.4665366032099255,0.2567839963059251,0.26961231597745744,0.4736036877166174,0.03597164968959987,0.4946524064171124,0.5053475935828876,0.4942799942793817,0.5057200057206184
E1,2526,2026-03-10,Leicester,Bristol City,2,0,H,,,0.4098342804367027,0.27522595372435454,0.3149397658389427,0.41353968256349427,0.2724199468511404,0.31404037058536527,0.03278787061572075,0.5053475935828876,0.4946524064171124,0.5057200057206184,0.4942799942793817
E1,2526,2026-03-10,Millwall,Derby,1,0,H,,,0.45907408044198394,0.2829338743509508,0.25799204520706537,0.46538261040644996,0.2803950478965582,0.2542223416969918,0.03398426156491041,0.462962962962963,0.537037037037037,0.46059113300006654,0.5394088669999334
E1,2526,2026-03-10,Portsmouth,Swansea,1,2,A,,,0.42743038065769595,0.2889112758149241,0.28365834352738,0.4321828196923917,0.2866661380475184,0.28115104226009,0.034195891581475735,0.41666666666666663,0.5833333333333334,0.410714285699178,0.5892857143008219
E1,2526,2026-03-10,Sheffield Weds,Watford,1,1,D,,,0.12903668465831122,0.21585399323026255,0.6551093221114263,0.11899180231840682,0.20980847660920876,0.6711997210723843,0.03447967255488038,0.5186170212765957,0.4813829787234043,0.519832837511798,0.48016716248820196
E1,2526,2026-03-10,Wrexham,Hull,1,2,A,,,0.48093044832499426,0.26491931475529346,0.25415023691971245,0.48817912799272467,0.2615542531182566,0.2502666188890188,0.033267146442085505,0.5026737967914439,0.49732620320855614,0.5028597574926065,0.4971402425073935
E1,2526,2026-03-10,Stoke,Ipswich,3,3,D,,,0.19770614389652383,0.25745250606305575,0.5448413500404204,0.19101300609127994,0.25363132279074085,0.5553556711179792,0.033807601081207395,0.47074468085106375,0.5292553191489361,0.4687704057047033,0.5312295942952968
E1,2526,2026-03-11,Birmingham,QPR,1,0,H,,,0.5409017599547642,0.25567214336659616,0.2034260966786396,0.5514577195763397,0.2516791370784809,0.19686314334517935,0.03458373830653727,0.48395721925133695,0.5160427807486632,0.48282426358777536,0.5171757364122247
E1,2526,2026-03-11,Middlesbrough,Charlton,0,1,A,,,0.6800665557404326,0.2005324459234609,0.11940099833610647,0.6969226282579587,0.1938929493209788,0.10918442242106244,0.03361733048222959,0.5319148936170213,0.4680851063829787,0.5340909090913033,0.46590909090869675
E1,2526,2026-03-11,Norwich,Sheffield United,2,1,H,,,0.3748472753930114,0.2647226521137086,0.36043007249328013,0.3768980960637049,0.26133811288950975,0.3617637910467854,0.03358259447850287,0.5411140583554377,0.4588859416445623,0.543919301829671,0.4560806981703291
E1,2526,2026-03-11,Oxford,Blackburn,1,0,H,,,0.3501683501683502,0.29966329966329963,0.3501683501683502,0.35103051046396616,0.2979389790720676,0.35103051046396616,0.03479584725573659,0.421875,0.578125,0.4165832499152132,0.5834167500847868
E1,2526,2026-03-11,West Brom,Southampton,1,1,D,,,0.3368342393535778,0.2762239484964443,0.3869418121499778,0.3370012160054863,0.27336975397778746,0.3896290300167263,0.03398616309277713,0.49732620320855614,0.5026737967914439,0.4971402425073935,0.5028597574926065
E1,2526,2026-03-11,Coventry,Preston,3,0,H,,,0.6523538001529796,0.20245462763368335,0.14519157221333703,0.6676303805130722,0.19609022540702054,0.13627939407990727,0.03286681161262095,0.6071428571428571,0.39285714285714285,0.614591291059686,0.38540870894031387
E1,2526,2026-03-13,Wrexham,Swansea,2,0,H,,,0.41344615049723665,0.28183866715577394,0.30471518234698936,0.4173275801582171,0.27934900398290996,0.30332341585887296,0.032786585157737136,0.4732620320855615,0.5267379679144386,0.4713212308926112,0.5286787691073889
E1,2526,2026-03-14,Coventry,Southampton,1,2,A,,,0.5268432978908838,0.2404566846784034,0.23270001743071292,0.5363594876492015,0.23588392556366228,0.22775658678713617,0.03336797468364239,0.5818181818181818,0.41818181818181815,0.5873447204950857,0.41265527950491426
E1,2526,2026-03-14,Middlesbrough,Bristol City,1,1,D,,,0.6401050428788315,0.2091009806737516,0.15079397644741702,0.6543943657585453,0.20322917386982864,0.1423764603716262,0.03189576184377074,0.577023498694517,0.42297650130548303,0.5823976314142091,0.4176023685857909
E1,2526,2026-03-14,Oxford,Charlton,1,1,D,,,0.41525577421421916,0.290550479790754,0.2941937459950268,0.41922850463006484,0.28847663764177794,0.29229485772815716,0.03281208430416882,0.4267015706806283,0.5732984293193717,0.4215620360289926,0.5784379639710074
E1,2526,2026-03-14,Birmingham,Sheffield United,1,1,D,,,0.4542962067647252,0.2712609234595171,0.2744428697757577,0.4604316356773975,0.2681137903758971,0.2714545739467054,0.034354541916400194,0.5026881720430109,0.4973118279569893,0.502890591126006,0.49710940887399396
E1,2526,2026-03-14,Leicester,QPR,1,3,A,,,0.4774246807624516,0.2696692721309525,0.2529060471065959,0.48474807385516744,0.2664252066371931,0.24882671950763952,0.034445353667251766,0.48525469168900803,0.514745308310992,0.4841735727427565,0.5158264272572435
E1,2526,2026-03-14,Millwall,Blackburn,1,2,A,,,0.5474979297290903,0.262983556133917,0.1895185141369928,0.558303730311171,0.25937020038891917,0.18232606929990977,0.034351782174780965,0.4456233421750664,0.5543766578249337,0.44161540213184014,0.5583845978681599
E1,2526,2026-03-14,Norwich,Preston,2,0,H,,,0.5706831796139584,0.2363435390320434,0.19297328135399833,0.5827283011962758,0.231376726402459,0.1858949724012651,0.03456741583067924,0.528,0.47200000000000003,0.5299606231770552,0.4700393768229449
E1,2526,2026-03-14,Sheffield Weds,Ipswich,0,2,A,,,0.07928611834406402,0.15514791928456378,0.7655659623713721,0.06643016599191302,0.14536005043550326,0.7882097835725836,0.037370332749560475,0.6015424164524421,0.39845758354755784,0.6089054314677561,0.3910945685322439
E1,2526,2026-03-14,Stoke,Watford,3,1,H,,,0.3586822980655103,0.2880494762926098,0.35326822564187993,0.35995512071136504,0.28577700929430205,0.3542678699943328,0.03410984203219414,0.4535809018567639,0.5464190981432361,0.45032078578358825,0.5496792142164117
E1,2526,2026-03-14,West Brom,Hull,3,0,H,,,0.4295284905164379,0.27785522531923873,0.29261628416432334,0.43436298285335545,0.27507152322168354,0.290565493924961,0.03402725444175303,0.4798927613941019,0.520107238605898,0.47840234982362795,0.521597650176372
E1,2526,2026-03-16,Portsmouth,Derby,0,1,A,,,0.428150207282193,0.2898656682842176,0.28198412443358933,0.43315302435352987,0.28756958966699087,0.2792773859794791,0.035749530186876655,0.43307086614173224,0.5669291338582677,0.42845117844941644,0.5715488215505835
E1,2526,2026-03-17,Watford,Wrexham,3,1,H,,,0.4133846681045778,0.2809530528734706,0.3056622790219517,0.4172722968031291,0.27841491135338436,0.3043127918434865,0.032866182387806475,0.4694960212201591,0.5305039787798408,0.46751412429064465,0.5324858757093553
E1,2526,2026-03-18,Southampton,Norwich,1,0,H,,,0.48498952074378865,0.25715103709766807,0.25785944215854323,0.49266370503901763,0.253296395241514,0.25403989971946833,0.034296907018870115,0.554089709762533,0.445910290237467,0.5577627500767455,0.44223724992325464
E1,2526,2026-03-20,Preston,Stoke,3,1,H,,,0.37993165451315175,0.2861070690998429,0.3339612763870053,0.38218943685106194,0.2838244190482103,0.33398614410072763,0.03282100590877235,0.46276595744680854,0.5372340425531915,0.4601684306396359,0.5398315693603641
E1,2526,2026-03-21,Blackburn,Middlesbrough,0,0,D,,,0.23041177229895446,0.2626823286433459,0.5069058990576998,0.22537146587317594,0.2591899781717942,0.5154385559550299,0.03333691810257733,0.5,0.5,0.5,0.5
E1,2526,2026-03-21,Derby,Birmingham,1,0,H,,,0.3474629746483055,0.2817267362013288,0.3708102891503656,0.3481454062867637,0.27922198607909965,0.37263260763413664,0.03298123157583177,0.4919786096256684,0.5080213903743315,0.4914187643017187,0.5085812356982813
E1,2526,2026-03-21,Ipswich,Millwall,1,1,D,,,0.5503861829526014,0.24752817751836576,0.2020856395290329,0.5614458253252884,0.24311536781231644,0.19543880686239506,0.034664164297282696,0.5146666666666666,0.48533333333333345,0.5156579172132345,0.4843420827867654
E1,2526,2026-03-21,Bristol City,West Brom,0,1,A,,,0.3853533540472624,0.283760197071166,0.33088644888157165,0.38796149718501344,0.2812814993977388,0.3307570034172477,0.033975965809077024,0.4640000000000001,0.536,0.4613998970603605,0.5386001029396396
E1,2526,2026-03-21,Charlton,Norwich,0,1,A,,,0.2871588104101022,0.279444096100577,0.4333970934893209,0.2848264614082482,0.27672740427702264,0.4384461343147292,0.03416494675911963,0.4798927613941019,0.520107238605898,0.47840234982362795,0.521597650176372
E1,2526,2026-03-21,Hull,Sheffield Weds,3,1,H,,,0.7051968143012662,0.1835443763249871,0.11125880937374664,0.7234610199721723,0.17598302625005374,0.10055595377777406,0.03412548592314124,0.5885416666666665,0.4114583333333333,0.5952167581320057,0.4047832418679943
E1,2526,2026-03-21,QPR,Portsmouth,6,1,H,,,0.3412356080695513,0.2977661038568696,0.3609982880735793,0.34163795044695916,0.29594561594786256,0.3624164336051784,0.03477682324592024,0.42036553524804177,0.5796344647519582,0.41466621900794404,0.585333780992056
E1,2526,2026-03-21,Sheffield United,Wrexham,1,2,A,,,0.48138107360509585,0.2600257876814229,0.2585931387134812,0.4885439380020118,0.25647834392957874,0.2549777180684094,0.03276483900845051,0.5320855614973262,0.4679144385026738,0.5344580043114353,0.46554199568856475
E1,2526,2026-03-21,Southampton,Oxford,2,0,H,,,0.6159713327310657,0.22452672080364985,0.15950194646528446,0.630233187769651,0.2189425717039581,0.15082424052639082,0.034545359085313976,0.5555555555555556,0.4444444444444444,0.5595238095228099,0.44047619047719
E1,2526,2026-03-21,Watford,Leicester,0,0,D,,,0.4641727076709702,0.2656172434831048,0.27021004884592503,0.47061663221488714,0.2622840897089889,0.2670992780761239,0.03334899013862014,0.5093833780160857,0.49061662198391415,0.5100661489773721,0.48993385102262793
E1,2526,2026-03-21,Swansea,Coventry,0,3,A,,,0.29297782678901974,0.2709621519436021,0.43606002126737825,0.29098138825458947,0.26789410187964585,0.4411245098657647,0.03337386390194297,0.5146666666666666,0.48533333333333345,0.5156579172132345,0.4843420827867654
E1,2526,2026-04-03,Middlesbrough,Millwall,1,2,A,,,0.5476894351952699,0.2432594634243926,0.20905110138033742,0.5584527300440977,0.23870758196353817,0.20283968799236407,0.034133570501580834,0.5567282321899736,0.44327176781002636,0.5606522229740089,0.43934777702599115
E1,2526,2026-04-03,Birmingham,Blackburn,0,1,A,,,0.5093652855512408,0.2781104229715974,0.21252429147716173,0.5180948978841318,0.2753311632579146,0.20657393885795355,0.033670643577352166,0.4267015706806283,0.5732984293193717,0.4215620360289926,0.5784379639710074
E1,2526,2026-04-03,Charlton,Bristol City,1,2,A,,,0.37346690423680595,0.29293810301074463,0.3335949927524494,0.37544547434330466,0.29095083855771525,0.3336036870989801,0.03340193198528141,0.4368421052631579,0.5631578947368422,0.43244004053692126,0.5675599594630787
E1,2526,2026-04-03,Leicester,Preston,2,2,D,,,0.5018867924528301,0.2628930817610063,0.2352201257861635,0.5100668621477014,0.2594591308654984,0.2304740069868002,0.032895155251026154,0.49732620320855614,0.5026737967914439,0.4971402425073935,0.5028597574926065
E1,2526,2026-04-03,Norwich,Portsmouth,1,1,D,,,0.4831841933616223,0.27013756055376,0.24667824608461766,0.4905978851457718,0.26699938818496904,0.24240272666925922,0.03352278284728527,0.4654255319148936,0.5345744680851062,0.46304193319612175,0.5369580668038783
E1,2526,2026-04-03,Oxford,Hull,1,1,D,,,0.38200088665582976,0.28476429732525493,0.33323481601891536,0.38430725153501655,0.28246827186101037,0.3332244766039731,0.032089443411678076,0.46153846153846156,0.5384615384615384,0.45894909688548324,0.5410509031145168
E1,2526,2026-04-03,QPR,Watford,2,1,H,,,0.36679409979162225,0.2761743810195744,0.35703151918880344,0.368395901828456,0.27344076228723224,0.3581633358843117,0.03250555694103241,0.5053475935828876,0.4946524064171124,0.5057200057206184,0.4942799942793817
E1,2526,2026-04-03,Sheffield United,Swansea,3,3,D,,,0.4786752618260404,0.2642826797687434,0.2570420584052162,0.48576593586882083,0.2609106049391,0.25332345919207927,0.03304088907316327,0.5039999999999999,0.496,0.5042669397508994,0.4957330602491005
E1,2526,2026-04-03,Stoke,Sheffield Weds,2,0,H,,,0.7155805755085215,0.18636392721991316,0.09805549727156519,0.7345037469764968,0.1787985198277119,0.0866977331957914,0.03460863162763417,0.5425531914893618,0.4574468085106383,0.545599635204738,0.4544003647952621
E1,2526,2026-04-03,West Brom,Wrexham,2,2,D,,,0.4446827976874112,0.28176597691304434,0.27355122539954446,0.450104333964725,0.27925243960299473,0.2706432264322802,0.03295307548251003,0.4497354497354497,0.5502645502645503,0.4462669683264439,0.5537330316735561
E1,2526,2026-04-03,Coventry,Derby,3,2,H,,,0.5972977136787365,0.22872131962819917,0.1739809666930643,0.6102906556392818,0.2235072564004646,0.16620208796025362,0.03359340154565871,0.5567282321899736,0.44327176781002636,0.5606522229740089,0.43934777702599115
E1,2526,2026-04-06,Portsmouth,Oxford,2,2,D,,,0.5050926494048349,0.2724260645477973,0.22248128604736778,0.5140149166910775,0.26922929522805267,0.21675578808086982,0.03527459083124995,0.43569553805774275,0.5643044619422573,0.43135332026324247,0.5686466797367574
E1,2526,2026-04-06,Millwall,Norwich,1,2,A,,,0.4317018669357745,0.2750666762776617,0.2932314567865638,0.43696564348443645,0.27195518677226205,0.2910791697433015,0.03626843320671469,0.5133689839572192,0.4866310160427808,0.5143086080606718,0.48569139193932814
E1,2526,2026-04-06,Blackburn,West Brom,0,0,D,,,0.36041028407199355,0.300148757474747,0.33944095845325933,0.36183272640451625,0.29840814772690755,0.33975912586857626,0.035648672142997384,0.421875,0.578125,0.4165832499152132,0.5834167500847868
E1,2526,2026-04-06,Bristol City,Sheffield United,1,0,H,,,0.33032508649389647,0.27017918924211765,0.3994957242639859,0.3301585153267632,0.26694074184899985,0.402900742824237,0.03489877958782017,0.5306666666666666,0.4693333333333332,0.5328346276877369,0.467165372312263
E1,2526,2026-04-06,Derby,Stoke,2,0,H,,,0.4874870711391016,0.27066869356851286,0.24184423529238547,0.4959237193677501,0.2672208988198269,0.2368553818124229,0.03715646010823548,0.4826666666666667,0.5173333333333333,0.4814888648397009,0.5185111351602991
E1,2526,2026-04-06,Ipswich,Birmingham,2,1,H,,,0.5744906903237802,0.24048447501925685,0.185024834656963,0.5877902216000915,0.23529380655706805,0.17691597184284047,0.037667382042855024,0.5146666666666666,0.48533333333333345,0.5156579172132345,0.4843420827867654
E1,2526,2026-04-06,Preston,QPR,1,1,D,,,0.39636820854583105,0.2857255491051236,0.31790624234904535,0.3997905727030047,0.2831478370290948,0.31706159026790054,0.03681818558834493,0.4654255319148936,0.5345744680851062,0.46304193319612175,0.5369580668038783
E1,2526,2026-04-06,Sheffield Weds,Leicester,1,1,D,,,0.15539198708285265,0.22612732260725046,0.6184806903098969,0.14617374110878523,0.2203921893668328,0.633434069524382,0.03596601216122508,0.5319148936170213,0.4680851063829787,0.5340909090913033,0.46590909090869675
E1,2526,2026-04-06,Watford,Charlton,1,1,D,,,0.5073455197936525,0.26825165414377034,0.22440282606257708,0.5165179444837503,0.26479085339867653,0.21869120211757317,0.03580096713267267,0.4746666666666666,0.5253333333333333,0.4729082301967493,0.5270917698032508
E1,2526,2026-04-06,Swansea,Middlesbrough,2,2,D,,,0.24444848000581118,0.26015327062070964,0.49539824937347904,0.23961183028089247,0.2561519877138855,0.5042361820052221,0.03702497715130448,0.5226666666666666,0.47733333333333333,0.5242275681207372,0.4757724318792627
E1,2526,2026-04-06,Hull,Coventry,0,0,D,,,0.2371737254944428,0.27233610921600265,0.4904901652895545,0.23239175428226486,0.2692718563526277,0.4983363893651074,0.03384828148409724,0.5411140583554377,0.4588859416445623,0.543919301829671,0.4560806981703291
E1,2526,2026-04-07,Wrexham,Southampton,1,5,A,,,0.3634094458175022,0.2717670638287408,0.3648234903537571,0.3648816206601766,0.2687529771433833,0.36636540219644004,0.03330316976644099,0.5226666666666666,0.47733333333333333,0.5242275681207372,0.4757724318792627
E1,2526,2026-04-10,West Brom,Millwall,0,0,D,,,0.42183782393415215,0.2855121857115298,0.2926499903543181,0.42627718699725436,0.2831154542747524,0.2906073587279932,0.033957432489842176,0.45502645502645506,0.544973544973545,0.4520207721894716,0.5479792278105284
E1,2526,2026-04-11,Coventry,Sheffield Weds,0,0,D,,,0.8373895725997285,0.10995033075166426,0.0526600966486073,0.862163921167889,0.09824648703988484,0.039589591792226195,0.03654268989339471,0.7079646017699115,0.2920353982300885,0.7225378787953699,0.2774621212046301
E1,2526,2026-04-11,Norwich,Ipswich,0,2,A,,,0.321028578784758,0.2678295571575695,0.41114186405767256,0.320409537785018,0.2646087583791433,0.41498170383583866,0.03342876513488591,0.5080213903743315,0.4919786096256684,0.5085812356982813,0.4914187643017187
E1,2526,2026-04-11,QPR,Bristol City,0,0,D,,,0.4150780872645307,0.2783609724682016,0.30656094026726777,0.4190687520829898,0.27568396888978647,0.30524727902722365,0.033042707247659564,0.49732620320855614,0.5026737967914439,0.4971402425073935,0.5028597574926065
E1,2526,2026-04-11,Charlton,Preston,1,2,A,,,0.4417242922066199,0.2812178677111214,0.2770578400822587,0.44716590716149146,0.2786000441335613,0.27423404870494733,0.03399221575818956,0.4547872340425533,0.5452127659574468,0.45150477820811263,0.5484952217918874
E1,2526,2026-04-11,Leicester,Swansea,0,1,A,,,0.4484118359362872,0.2693048095134598,0.28228335455025305,0.4541204431762615,0.2661332928926391,0.27974626393109936,0.03358574607409537,0.5067024128686327,0.4932975871313674,0.5071888658834666,0.49281113411653343
E1,2526,2026-04-11,Middlesbrough,Portsmouth,0,1,A,,,0.6120552819178439,0.2256492967070605,0.16229542137509553,0.6260802548604513,0.22014265245999395,0.1537770926795548,0.03442766610532999,0.5386666666666667,0.4613333333333334,0.541492588560939,0.458507411439061
E1,2526,2026-04-11,Oxford,Watford,2,0,H,,,0.3898573692551506,0.28526148969889065,0.3248811410459588,0.3927275750544931,0.2828270768365557,0.3244453481089511,0.03440618864260614,0.46010638297872336,0.5398936170212765,0.45728807767873103,0.542711922321269
E1,2526,2026-04-11,Sheffield United,Hull,2,1,H,,,0.5172736146052432,0.24509561320300788,0.23763077219174875,0.5265503882564354,0.24064039107831575,0.2328092206652488,0.034221357898786664,0.5721784776902887,0.42782152230971127,0.5773906680834776,0.42260933191652233
E1,2526,2026-04-11,Southampton,Derby,2,1,H,,,0.5283476164970542,0.25004686663095876,0.22160551687198718,0.5383612694884073,0.2457483803832738,0.21589035012831892,0.03487980179488659,0.5374331550802139,0.4625668449197861,0.5402611221383922,0.4597388778616078
E1,2526,2026-04-11,Stoke,Blackburn,1,1,D,,,0.36775546649500596,0.29123491911871585,0.34100961438627825,0.36944077753543275,0.28917755086370917,0.34138167160085814,0.03318823571316898,0.44297082228116713,0.557029177718833,0.4386940404900047,0.5613059595099953
E1,2526,2026-04-12,Birmingham,Wrexham,2,0,H,,,0.46379420342690486,0.2646509296390813,0.27155486693401387,0.4703024028708621,0.2612275577719938,0.26847003935714414,0.033786153071559966,0.5253333333333333,0.4746666666666666,0.5270917698032508,0.4729082301967493
E1,2526,2026-04-14,Portsmouth,Ipswich,2,0,H,,,0.24506487011267683,0.27605836839163306,0.47887676149569,0.24080228690131333,0.2732691016662193,0.4859286114324674,0.03281904477626085,0.43947368421052635,0.5605263157894738,0.4353405864411891,0.564659413558811
E1,2526,2026-04-14,Southampton,Blackburn,3,0,H,,,0.6045084474808569,0.23366286623324892,0.1618286862858943,0.6180271578419776,0.22860079823961396,0.1533720439184085,0.03409114317037165,0.5106951871657753,0.48930481283422456,0.5114439390020781,0.48855606099792176
E1,2526,2026-04-17,Blackburn,Coventry,1,1,D,,,0.2369186046511628,0.28924418604651164,0.4738372093023256,0.23261404144064143,0.2872473361911425,0.4801386223682161,0.030352107482030988,0.4562334217506631,0.5437665782493368,0.45320476460766396,0.546795235392336
E1,2526,2026-04-18,Derby,Oxford,1,0,H,,,0.49622240648543237,0.2710579041206552,0.2327196893939124,0.504216500103743,0.26798074834618385,0.2278027515500731,0.03327140142209828,0.4654255319148936,0.5345744680851062,0.46304193319612175,0.5369580668038783
E1,2526,2026-04-18,Millwall,QPR,2,0,H,,,0.5553931598947676,0.24700380005846242,0.19760304004676993,0.5661602294612035,0.24277636654760099,0.1910634039911955,0.032967622159048915,0.5240641711229947,0.47593582887700536,0.5257968355913017,0.4742031644086983
E1,2526,2026-04-18,Portsmouth,Leicester,1,0,H,,,0.41475376722013496,0.28577546156021494,0.29947077121965016,0.4187785627185036,0.28342790445143357,0.29779353283006277,0.033458415884524584,0.4497354497354497,0.5502645502645503,0.4462669683264439,0.5537330316735561
E1,2526,2026-04-18,Bristol City,Norwich,2,4,A,,,0.3551882958547819,0.2741804389054457,0.37063126523977247,0.35625399380063527,0.27128885996251095,0.3724571462368537,0.03324413509108126,0.5106951871657753,0.48930481283422456,0.5114439390020781,0.48855606099792176
E1,2526,2026-04-18,Hull,Birmingham,1,1,D,,,0.3840302935921185,0.27398652525285644,0.3419831811550252,0.3865438522681465,0.27105235345610806,0.3424037942757453,0.03362456080503762,0.517426273458445,0.482573726541555,0.5187104202620358,0.48128957973796427
E1,2526,2026-04-18,Preston,West Brom,0,2,A,,,0.26838942963349727,0.2855728992136907,0.4460376711528122,0.2651471124911688,0.28317776185297217,0.4516751256558591,0.03387027571443468,0.4497354497354497,0.5502645502645503,0.4462669683264439,0.5537330316735561
E1,2526,2026-04-18,Sheffield Weds,Charlton,1,1,D,,,0.1966157702825889,0.2632558492859314,0.5401283804314798,0.19017526320714342,0.25988183274239457,0.5499429040504621,0.032247384544461966,0.46010638297872336,0.5398936170212765,0.45728807767873103,0.542711922321269
E1,2526,2026-04-18,Swansea,Southampton,1,2,A,,,0.2461134344865724,0.24293367435108698,0.5109528911623406,0.241995410298401,0.23866917856545122,0.5193354111361477,0.03197789844125509,0.536,0.4640000000000001,0.5386001029396396,0.4613998970603605
E1,2526,2026-04-18,Watford,Sheffield United,0,2,A,,,0.3447072127439894,0.2741531048724126,0.381139682383598,0.34525813745519074,0.27125507360244955,0.3834867889423597,0.03329903306439519,0.5240641711229947,0.47593582887700536,0.5257968355913017,0.4742031644086983
E1,2526,2026-04-18,Wrexham,Stoke,2,0,H,,,0.5420273505478763,0.25005528438608693,0.2079173650660368,0.5523029957682963,0.24592181216789086,0.2017751920638129,0.03345410083420575,0.5253333333333333,0.4746666666666666,0.5270917698032508,0.4729082301967493
E1,2526,2026-04-19,Ipswich,Middlesbrough,2,2,D,,,0.4227171867539252,0.26691570935033565,0.3103671038957391,0.42736841234031603,0.26347235585234935,0.3091592318073346,0.03526814794167876,0.5320855614973262,0.4679144385026738,0.5344580043114353,0.46554199568856475
E1,2526,2026-04-21,Coventry,Portsmouth,5,1,H,,,0.5727507703091459,0.23901049956921103,0.18823873012164313,0.5842230483651532,0.2344433859706481,0.18133356566419875,0.0326121577527374,0.5372340425531915,0.46276595744680854,0.5398315693603641,0.4601684306396359
E1,2526,2026-04-21,Leicester,Hull,2,2,D,,,0.4838539915505724,0.2509830865262327,0.265162921923195,0.4911386597245586,0.24700439005616617,0.26185695021927524,0.032778659369796515,0.5398936170212765,0.46010638297872336,0.542711922321269,0.45728807767873103
E1,2526,2026-04-21,Norwich,Derby,2,1,H,,,0.47019669880309223,0.26564785243112554,0.2641554487657822,0.4766241764066975,0.2624685629819727,0.2609072606113298,0.031780438497662544,0.5240641711229947,0.47593582887700536,0.5257968355913017,0.4742031644086983
E1,2526,2026-04-21,Oxford,Wrexham,0,1,A,,,0.3934554653392631,0.2866946835856216,0.31984985107511527,0.3962752086188212,0.2845124304105834,0.3192123609705954,0.03173231775872409,0.4497354497354497,0.5502645502645503,0.4462669683264439,0.5537330316735561
E1,2526,2026-04-21,QPR,Swansea,1,2,A,,,0.4163171803349472,0.27919193696052835,0.3044908827045245,0.420176420077877,0.27667956349929845,0.3031440164228247,0.03145332878921181,0.49061662198391415,0.5093833780160857,0.48993385102262793,0.5100661489773721
E1,2526,2026-04-21,Southampton,Bristol City,2,2,D,,,0.6705539415867704,0.2010225949082395,0.1284234635049902,0.6868710801865389,0.1944722510551396,0.11865666875832155,0.03336082911118865,0.5620052770448549,0.4379947229551451,0.5664630352278986,0.43353696477210124
E1,2526,2026-04-21,Stoke,Millwall,1,3,A,,,0.25411296313659865,0.2561901808189142,0.4896968560444871,0.25038076667894543,0.25255389955083557,0.497065333770219,0.03190709836781025,0.5593667546174144,0.44063324538258575,0.5635521409893561,0.4364478590106439
E1,2526,2026-04-21,West Brom,Watford,3,0,H,,,0.5310224284104088,0.259643563062548,0.2093340085270431,0.5403917824881344,0.2561174495307988,0.2034907679810669,0.03216749615967274,0.48128342245989303,0.5187165775401069,0.47995418098152337,0.5200458190184767
E1,2526,2026-04-22,Birmingham,Preston,2,1,H,,,0.5672995536231368,0.24697737822643157,0.18572306815043166,0.5791450648941897,0.24254344076325424,0.178311494342556,0.03450004546903074,0.5040214477211796,0.4959785522788205,0.5043128234612858,0.4956871765387142
E1,2526,2026-04-22,Charlton,Ipswich,1,2,A,,,0.19790600470895428,0.2598544216954137,0.542239573595632,0.19132939158352974,0.2562116496953642,0.5524589587211061,0.03325558383949101,0.48525469168900803,0.514745308310992,0.4841735727427565,0.5158264272572435
E1,2526,2026-04-22,Middlesbrough,Sheffield Weds,1,0,H,,,0.8105000493676454,0.12338320961502212,0.06611674101733253,0.8330447050849228,0.11301813196433105,0.053937162950746076,0.034105670638382435,0.7017937219730942,0.29820627802690586,0.7161954406802536,0.28380455931974635
E1,2526,2026-04-22,Sheffield United,Blackburn,1,3,A,,,0.5321001662400718,0.25310710610338544,0.21479272765654273,0.5420867252125708,0.24904730238874243,0.2088659723986868,0.03412829386070371,0.5093833780160857,0.49061662198391415,0.5100661489773721,0.48993385102262793
E1,2526,2026-04-24,Leicester,Millwall,1,1,D,,,0.22543458371454705,0.2430009149130832,0.5315645013723697,0.2199412962695492,0.23837687320483775,0.5416818305256131,0.03466522344388068,0.5398936170212765,0.46010638297872336,0.542711922321269,0.45728807767873103
E1,2526,2026-04-25,Charlton,Hull,2,1,H,,,0.3414336477151966,0.2843550743889479,0.37421127789585545,0.34183963418337765,0.2818715661439388,0.3762887996726835,0.03447551862336695,0.48525469168900803,0.514745308310992,0.4841735727427565,0.5158264272572435
E1,2526,2026-04-25,Middlesbrough,Watford,5,1,H,,,0.6569082083730606,0.19847013955100978,0.1446216520759296,0.6741873104220519,0.19115012339758475,0.13466256618036337,0.03679745853878558,0.6051282051282051,0.3948717948717949,0.6128109178948655,0.3871890821051345
E1,2526,2026-04-25,West Brom,Ipswich,0,0,D,,,0.24755700325732907,0.2599348534201955,0.4925081433224756,0.24320410354353184,0.25619706816590604,0.5005988282905621,0.03446255100425333,0.47721179624664883,0.5227882037533512,0.47551138000387005,0.52448861999613
E1,2526,2026-04-25,Birmingham,Bristol City,2,1,H,,,0.5513445903689806,0.2466541588492808,0.2020012507817386,0.5621566894705163,0.24231725667340273,0.1955260538560809,0.03372194804251194,0.5254691689008043,0.4745308310991957,0.5273838348949181,0.4726161651050819
E1,2526,2026-04-25,Norwich,Swansea,1,1,D,,,0.5610386749122555,0.23659964320794613,0.2023616818797984,0.5724010392509377,0.23174099032801734,0.19585797042104494,0.03394516045227647,0.5593667546174144,0.44063324538258575,0.5635521409893561,0.4364478590106439
E1,2526,2026-04-25,Oxford,Sheffield Weds,4,1,H,,,0.6542698757981896,0.21072205459266014,0.13500806960915024,0.6706455935246897,0.20431390591292203,0.12504050056238836,0.03515875875018537,0.5013404825737265,0.49865951742627346,0.5014375251564542,0.4985624748435459
E1,2526,2026-04-25,QPR,Derby,2,3,A,,,0.3196203814016063,0.2674187718317165,0.41296084676667727,0.31888302194506835,0.2639538927228446,0.4171630853320871,0.03578624897636473,0.5267379679144386,0.4732620320855615,0.5286787691073889,0.4713212308926112
E1,2526,2026-04-25,Sheffield United,Preston,2,3,A,,,0.5790485259875623,0.22388033701667084,0.197071136995767,0.5910827022510223,0.21849256784563756,0.19042472990334006,0.033340792171657085,0.5695538057742783,0.43044619422572183,0.5744633022265623,0.4255366977734378
E1,2526,2026-04-25,Stoke,Portsmouth,1,3,A,,,0.3500183412812219,0.28492346683562875,0.36505819188314936,0.35087540092703406,0.28243008629519095,0.36669451277777493,0.035034245578572154,0.47593582887700536,0.5240641711229947,0.4742031644086983,0.5257968355913017
E1,2526,2026-04-26,Coventry,Wrexham,3,1,H,,,0.4419901334361263,0.25671755695468157,0.30129230960919223,0.4473923373354674,0.25292337088294653,0.29968429178158595,0.03367684572003782,0.5529100529100528,0.44708994708994704,0.5566235384080637,0.4433764615919363
E1,2526,2026-04-28,Southampton,Ipswich,2,2,D,,,0.42906497269586535,0.2672461829934247,0.3036888443107099,0.4339556136551677,0.26388122752271087,0.3021631588221214,0.034609121503308415,0.554089709762533,0.445910290237467,0.5577627500767455,0.44223724992325464
E1,2526,2026-05-02,Blackburn,Leicester,0,1,A,,,0.43471012857216396,0.2647667921898449,0.30052307923799115,0.4399520605068749,0.26123347088542076,0.2988144686077044,0.035037108696997166,0.5294117647058824,0.47058823529411764,0.5315656565654585,0.4684343434345415
E1,2526,2026-05-02,Bristol City,Stoke,2,0,H,,,0.4822929260165719,0.24884262672131632,0.2688644472621119,0.4898772542648541,0.24455120761810736,0.2655715381170386,0.034513653721660376,0.5859374999999999,0.41406249999999994,0.5922431865671571,0.40775681343284276
E1,2526,2026-05-02,Derby,Sheffield United,1,2,A,,,0.5166072032406993,0.24606816785938568,0.23732462889991512,0.5260350243148548,0.24157298806595948,0.2323919876191856,0.03491665911860764,0.5748031496062992,0.4251968503937008,0.5803314730329933,0.41966852696700674
E1,2526,2026-05-02,Hull,Norwich,2,1,H,,,0.5119932221280851,0.24273253795191604,0.24527423991999892,0.5209012553723109,0.23821677632111085,0.24088196830657826,0.03381749102845788,0.5896103896103896,0.4103896103896104,0.5961913790198198,0.4038086209801802
E1,2526,2026-05-02,Ipswich,QPR,3,0,H,,,0.7390704790669025,0.16554135950881238,0.09538816142428519,0.7587614854350077,0.15713344279389171,0.08410507177110062,0.034015420358628035,0.61323155216285,0.38676844783715014,0.6214784887650973,0.3785215112349028
E1,2526,2026-05-02,Millwall,Oxford,2,0,H,,,0.6986756773344426,0.18687133884793478,0.11445298381762264,0.717133952800585,0.17926650395131788,0.10359954324809714,0.03509269445203245,0.5796344647519582,0.42036553524804177,0.585333780992056,0.41466621900794404
E1,2526,2026-05-02,Portsmouth,Birmingham,1,1,D,,,0.3880016874802888,0.2694766763191631,0.342521636200548,0.39080038217153595,0.26621786683154725,0.34298175099691675,0.03474365943111479,0.5281501340482575,0.47184986595174266,0.5302838024921604,0.4697161975078396
E1,2526,2026-05-02,Preston,Southampton,1,3,A,,,0.29884636373697243,0.24486626138657688,0.45628737487645066,0.29706244431322903,0.24036925136633236,0.46256830432043866,0.03463318711146712,0.5870129870129869,0.41298701298701296,0.5932264707547904,0.4067735292452096
E1,2526,2026-05-02,Sheffield Weds,West Brom,2,1,H,,,0.16170469560223766,0.20992605101725476,0.6283692533805075,0.15311528565028398,0.20362026720668153,0.6432644471430344,0.03457967936992645,0.5859374999999999,0.41406249999999994,0.5922431865671571,0.40775681343284276
E1,2526,2026-05-02,Swansea,Charlton,3,1,H,,,0.5349296145244048,0.24634916458360745,0.21872122089198792,0.5451219588927132,0.24192977691789885,0.212948264189388,0.03434415929950774,0.5374331550802139,0.4625668449197861,0.5402611221383922,0.4597388778616078
E1,2526,2026-05-02,Watford,Coventry,0,4,A,,,0.2860586655572931,0.24244765452917863,0.4714936799135283,0.2837370952705137,0.23803957209210494,0.47822333263738137,0.0329983604606241,0.6051282051282051,0.3948717948717949,0.6128109178948655,0.3871890821051345
E1,2526,2026-05-02,Wrexham,Middlesbrough,2,2,D,,,0.35796350255514536,0.25596842237504913,0.3860680750698055,0.3592280593562476,0.2519739087640939,0.38879803187965845,0.03521528281271458,0.5721784776902887,0.42782152230971127,0.5773906680834776,0.42260933191652233
