Snapshot,Fixture ID,Commence time,Home team,Away team,Bookmaker,Market,Outcome,Price
2026-08-23,4e4a813bf4218cc527e6f8ef2351170d,2026-08-24T19:00:00Z,FUL,CHE,Betfred (UK),h2h,Away win,1.9
2026-08-23,4e4a813bf4218cc527e6f8ef2351170d,2026-08-24T19:00:00Z,FUL,CHE,Betfred (UK),h2h,Home win,3.75
2026-08-23,4e4a813bf4218cc527e6f8ef2351170d,2026-08-24T19:00:00Z,FUL,CHE,Betfred (UK),h2h,Draw,3.75
2026-08-23,4e4a813bf4218cc527e6f8ef2351170d,2026-08-24T19:00:00Z,FUL,CHE,Coral,h2h,Away win,1.91
2026-08-23,4e4a813bf4218cc527e6f8ef2351170d,2026-08-24T19:00:00Z,FUL,CHE,Coral,h2h,Home win,3.75
2026-08-23,4e4a813bf4218cc527e6f8ef2351170d,2026-08-24T19:00:00Z,FUL,CHE,Coral,h2h,Draw,3.75
2026-08-23,4e4a813bf4218cc527e6f8ef2351170d,2026-08-24T19:00:00Z,FUL,CHE,Paddy Power,h2h,Away win,1.83
2026-08-23,4e4a813bf4218cc527e6f8ef2351170d,2026-08-24T19:00:00Z,FUL,CHE,Paddy Power,h2h,Home win,4.0
2026-08-23,4e4a813bf4218cc527e6f8ef2351170d,2026-08-24T19:00:00Z,FUL,CHE,Paddy Power,h2h,Draw,3.75
2026-08-23,4e4a813bf4218cc527e6f8ef2351170d,2026-08-24T19:00:00Z,FUL,CHE,William Hill,h2h,Away win,1.85
2026-08-23,4e4a813bf4218cc527e6f8ef2351170d,2026-08-24T19:00:00Z,FUL,CHE,William Hill,h2h,Home win,3.8
2026-08-23,4e4a813bf4218cc527e6f8ef2351170d,2026-08-24T19:00:00Z,FUL,CHE,William Hill,h2h,Draw,3.75
2026-08-23,4e4a813bf4218cc527e6f8ef2351170d,2026-08-24T19:00:00Z,FUL,CHE,William Hill,totals,Over 2.5,1.62
2026-08-23,4e4a813bf4218cc527e6f8ef2351170d,2026-08-24T19:00:00Z,FUL,CHE,William Hill,totals,Under 2.5,2.25
2026-08-23,4e4a813bf4218cc527e6f8ef2351170d,2026-08-24T19:00:00Z,FUL,CHE,Bet Victor,h2h,Away win,1.83
2026-08-23,4e4a813bf4218cc527e6f8ef2351170d,2026-08-24T19:00:00Z,FUL,CHE,Bet Victor,h2h,Home win,4.0
2026-08-23,4e4a813bf4218cc527e6f8ef2351170d,2026-08-24T19:00:00Z,FUL,CHE,Bet Victor,h2h,Draw,3.9
2026-08-23,4e4a813bf4218cc527e6f8ef2351170d,2026-08-24T19:00:00Z,FUL,CHE,Betfair,h2h,Away win,1.91
2026-08-23,4e4a813bf4218cc527e6f8ef2351170d,2026-08-24T19:00:00Z,FUL,CHE,Betfair,h2h,Home win,4.3
2026-08-23,4e4a813bf4218cc527e6f8ef2351170d,2026-08-24T19:00:00Z,FUL,CHE,Betfair,h2h,Draw,4.0
2026-08-23,4e4a813bf4218cc527e6f8ef2351170d,2026-08-24T19:00:00Z,FUL,CHE,888sport,h2h,Away win,1.85
2026-08-23,4e4a813bf4218cc527e6f8ef2351170d,2026-08-24T19:00:00Z,FUL,CHE,888sport,h2h,Home win,3.8
2026-08-23,4e4a813bf4218cc527e6f8ef2351170d,2026-08-24T19:00:00Z,FUL,CHE,888sport,h2h,Draw,3.7
2026-08-23,4e4a813bf4218cc527e6f8ef2351170d,2026-08-24T19:00:00Z,FUL,CHE,Ladbrokes,h2h,Away win,1.91
2026-08-23,4e4a813bf4218cc527e6f8ef2351170d,2026-08-24T19:00:00Z,FUL,CHE,Ladbrokes,h2h,Home win,3.7
2026-08-23,4e4a813bf4218cc527e6f8ef2351170d,2026-08-24T19:00:00Z,FUL,CHE,Ladbrokes,h2h,Draw,3.75
2026-08-23,4e4a813bf4218cc527e6f8ef2351170d,2026-08-24T19:00:00Z,FUL,CHE,Sky Bet,h2h,Away win,1.8
2026-08-23,4e4a813bf4218cc527e6f8ef2351170d,2026-08-24T19:00:00Z,FUL,CHE,Sky Bet,h2h,Home win,4.0
2026-08-23,4e4a813bf4218cc527e6f8ef2351170d,2026-08-24T19:00:00Z,FUL,CHE,Sky Bet,h2h,Draw,3.8
2026-08-23,4e4a813bf4218cc527e6f8ef2351170d,2026-08-24T19:00:00Z,FUL,CHE,Unibet (UK),h2h,Away win,1.88
2026-08-23,4e4a813bf4218cc527e6f8ef2351170d,2026-08-24T19:00:00Z,FUL,CHE,Unibet (UK),h2h,Home win,4.0
2026-08-23,4e4a813bf4218cc527e6f8ef2351170d,2026-08-24T19:00:00Z,FUL,CHE,Unibet (UK),h2h,Draw,3.9
2026-08-23,4e4a813bf4218cc527e6f8ef2351170d,2026-08-24T19:00:00Z,FUL,CHE,BoyleSports,h2h,Away win,1.83
2026-08-23,4e4a813bf4218cc527e6f8ef2351170d,2026-08-24T19:00:00Z,FUL,CHE,BoyleSports,h2h,Home win,3.8
2026-08-23,4e4a813bf4218cc527e6f8ef2351170d,2026-08-24T19:00:00Z,FUL,CHE,BoyleSports,h2h,Draw,3.8
2026-08-23,4e4a813bf4218cc527e6f8ef2351170d,2026-08-24T19:00:00Z,FUL,CHE,Smarkets,h2h,Away win,1.91
2026-08-23,4e4a813bf4218cc527e6f8ef2351170d,2026-08-24T19:00:00Z,FUL,CHE,Smarkets,h2h,Home win,4.3
2026-08-23,4e4a813bf4218cc527e6f8ef2351170d,2026-08-24T19:00:00Z,FUL,CHE,Smarkets,h2h,Draw,4.0
2026-08-23,4e4a813bf4218cc527e6f8ef2351170d,2026-08-24T19:00:00Z,FUL,CHE,Casumo,h2h,Away win,1.82
2026-08-23,4e4a813bf4218cc527e6f8ef2351170d,2026-08-24T19:00:00Z,FUL,CHE,Casumo,h2h,Home win,4.3
2026-08-23,4e4a813bf4218cc527e6f8ef2351170d,2026-08-24T19:00:00Z,FUL,CHE,Casumo,h2h,Draw,3.7
2026-08-23,4e4a813bf4218cc527e6f8ef2351170d,2026-08-24T19:00:00Z,FUL,CHE,Casumo,totals,Over 2.5,1.65
2026-08-23,4e4a813bf4218cc527e6f8ef2351170d,2026-08-24T19:00:00Z,FUL,CHE,Casumo,totals,Under 2.5,2.2
2026-08-23,4e4a813bf4218cc527e6f8ef2351170d,2026-08-24T19:00:00Z,FUL,CHE,LiveScore Bet,h2h,Away win,1.75
2026-08-23,4e4a813bf4218cc527e6f8ef2351170d,2026-08-24T19:00:00Z,FUL,CHE,LiveScore Bet,h2h,Home win,4.1
2026-08-23,4e4a813bf4218cc527e6f8ef2351170d,2026-08-24T19:00:00Z,FUL,CHE,LiveScore Bet,h2h,Draw,3.55
2026-08-23,4e4a813bf4218cc527e6f8ef2351170d,2026-08-24T19:00:00Z,FUL,CHE,Grosvenor,h2h,Away win,1.82
2026-08-23,4e4a813bf4218cc527e6f8ef2351170d,2026-08-24T19:00:00Z,FUL,CHE,Grosvenor,h2h,Home win,4.3
2026-08-23,4e4a813bf4218cc527e6f8ef2351170d,2026-08-24T19:00:00Z,FUL,CHE,Grosvenor,h2h,Draw,3.7
2026-08-23,4e4a813bf4218cc527e6f8ef2351170d,2026-08-24T19:00:00Z,FUL,CHE,Grosvenor,totals,Over 2.5,1.64
2026-08-23,4e4a813bf4218cc527e6f8ef2351170d,2026-08-24T19:00:00Z,FUL,CHE,Grosvenor,totals,Under 2.5,2.2
2026-08-23,4e4a813bf4218cc527e6f8ef2351170d,2026-08-24T19:00:00Z,FUL,CHE,Virgin Bet,h2h,Away win,1.75
2026-08-23,4e4a813bf4218cc527e6f8ef2351170d,2026-08-24T19:00:00Z,FUL,CHE,Virgin Bet,h2h,Home win,4.1
2026-08-23,4e4a813bf4218cc527e6f8ef2351170d,2026-08-24T19:00:00Z,FUL,CHE,Virgin Bet,h2h,Draw,3.5
2026-08-23,4e4a813bf4218cc527e6f8ef2351170d,2026-08-24T19:00:00Z,FUL,CHE,LeoVegas,h2h,Away win,1.83
2026-08-23,4e4a813bf4218cc527e6f8ef2351170d,2026-08-24T19:00:00Z,FUL,CHE,LeoVegas,h2h,Home win,3.9
2026-08-23,4e4a813bf4218cc527e6f8ef2351170d,2026-08-24T19:00:00Z,FUL,CHE,LeoVegas,h2h,Draw,3.9
2026-08-23,4e4a813bf4218cc527e6f8ef2351170d,2026-08-24T19:00:00Z,FUL,CHE,LeoVegas,totals,Over 2.5,1.62
2026-08-23,4e4a813bf4218cc527e6f8ef2351170d,2026-08-24T19:00:00Z,FUL,CHE,LeoVegas,totals,Under 2.5,2.2
2026-08-23,4e4a813bf4218cc527e6f8ef2351170d,2026-08-24T19:00:00Z,FUL,CHE,Betano (UK),h2h,Away win,1.83
2026-08-23,4e4a813bf4218cc527e6f8ef2351170d,2026-08-24T19:00:00Z,FUL,CHE,Betano (UK),h2h,Home win,4.0
2026-08-23,4e4a813bf4218cc527e6f8ef2351170d,2026-08-24T19:00:00Z,FUL,CHE,Betano (UK),h2h,Draw,3.9
2026-08-23,4e4a813bf4218cc527e6f8ef2351170d,2026-08-24T19:00:00Z,FUL,CHE,Betway,h2h,Away win,1.83
2026-08-23,4e4a813bf4218cc527e6f8ef2351170d,2026-08-24T19:00:00Z,FUL,CHE,Betway,h2h,Home win,3.8
2026-08-23,4e4a813bf4218cc527e6f8ef2351170d,2026-08-24T19:00:00Z,FUL,CHE,Betway,h2h,Draw,3.8
2026-08-23,4e4a813bf4218cc527e6f8ef2351170d,2026-08-24T19:00:00Z,FUL,CHE,Matchbook,h2h,Away win,1.91
2026-08-23,4e4a813bf4218cc527e6f8ef2351170d,2026-08-24T19:00:00Z,FUL,CHE,Matchbook,h2h,Home win,4.3
2026-08-23,4e4a813bf4218cc527e6f8ef2351170d,2026-08-24T19:00:00Z,FUL,CHE,Matchbook,h2h,Draw,4.0
2026-08-23,4e4a813bf4218cc527e6f8ef2351170d,2026-08-24T19:00:00Z,FUL,CHE,Betfair Sportsbook,h2h,Away win,1.85
2026-08-23,4e4a813bf4218cc527e6f8ef2351170d,2026-08-24T19:00:00Z,FUL,CHE,Betfair Sportsbook,h2h,Home win,4.1
2026-08-23,4e4a813bf4218cc527e6f8ef2351170d,2026-08-24T19:00:00Z,FUL,CHE,Betfair Sportsbook,h2h,Draw,3.9
2026-08-23,373cc6e2fb57f471cd2deab9a28a6edb,2026-08-28T19:00:00Z,CRY,MCI,Unibet (UK),h2h,Home win,5.25
2026-08-23,373cc6e2fb57f471cd2deab9a28a6edb,2026-08-28T19:00:00Z,CRY,MCI,Unibet (UK),h2h,Away win,1.6
2026-08-23,373cc6e2fb57f471cd2deab9a28a6edb,2026-08-28T19:00:00Z,CRY,MCI,Unibet (UK),h2h,Draw,4.2
2026-08-23,373cc6e2fb57f471cd2deab9a28a6edb,2026-08-28T19:00:00Z,CRY,MCI,888sport,h2h,Home win,4.8
2026-08-23,373cc6e2fb57f471cd2deab9a28a6edb,2026-08-28T19:00:00Z,CRY,MCI,888sport,h2h,Away win,1.61
2026-08-23,373cc6e2fb57f471cd2deab9a28a6edb,2026-08-28T19:00:00Z,CRY,MCI,888sport,h2h,Draw,3.9
2026-08-23,373cc6e2fb57f471cd2deab9a28a6edb,2026-08-28T19:00:00Z,CRY,MCI,Betfred (UK),h2h,Home win,5.0
2026-08-23,373cc6e2fb57f471cd2deab9a28a6edb,2026-08-28T19:00:00Z,CRY,MCI,Betfred (UK),h2h,Away win,1.6
2026-08-23,373cc6e2fb57f471cd2deab9a28a6edb,2026-08-28T19:00:00Z,CRY,MCI,Betfred (UK),h2h,Draw,4.2
2026-08-23,373cc6e2fb57f471cd2deab9a28a6edb,2026-08-28T19:00:00Z,CRY,MCI,Smarkets,h2h,Home win,5.6
2026-08-23,373cc6e2fb57f471cd2deab9a28a6edb,2026-08-28T19:00:00Z,CRY,MCI,Smarkets,h2h,Away win,1.66
2026-08-23,373cc6e2fb57f471cd2deab9a28a6edb,2026-08-28T19:00:00Z,CRY,MCI,Smarkets,h2h,Draw,4.4
2026-08-23,373cc6e2fb57f471cd2deab9a28a6edb,2026-08-28T19:00:00Z,CRY,MCI,LeoVegas,h2h,Home win,5.0
2026-08-23,373cc6e2fb57f471cd2deab9a28a6edb,2026-08-28T19:00:00Z,CRY,MCI,LeoVegas,h2h,Away win,1.6
2026-08-23,373cc6e2fb57f471cd2deab9a28a6edb,2026-08-28T19:00:00Z,CRY,MCI,LeoVegas,h2h,Draw,4.2
2026-08-23,373cc6e2fb57f471cd2deab9a28a6edb,2026-08-28T19:00:00Z,CRY,MCI,LeoVegas,totals,Over 2.5,1.62
2026-08-23,373cc6e2fb57f471cd2deab9a28a6edb,2026-08-28T19:00:00Z,CRY,MCI,LeoVegas,totals,Under 2.5,2.2
2026-08-23,373cc6e2fb57f471cd2deab9a28a6edb,2026-08-28T19:00:00Z,CRY,MCI,Paddy Power,h2h,Home win,5.0
2026-08-23,373cc6e2fb57f471cd2deab9a28a6edb,2026-08-28T19:00:00Z,CRY,MCI,Paddy Power,h2h,Away win,1.57
2026-08-23,373cc6e2fb57f471cd2deab9a28a6edb,2026-08-28T19:00:00Z,CRY,MCI,Paddy Power,h2h,Draw,4.2
2026-08-23,373cc6e2fb57f471cd2deab9a28a6edb,2026-08-28T19:00:00Z,CRY,MCI,Sky Bet,h2h,Home win,5.0
2026-08-23,373cc6e2fb57f471cd2deab9a28a6edb,2026-08-28T19:00:00Z,CRY,MCI,Sky Bet,h2h,Away win,1.57
2026-08-23,373cc6e2fb57f471cd2deab9a28a6edb,2026-08-28T19:00:00Z,CRY,MCI,Sky Bet,h2h,Draw,4.0
2026-08-23,373cc6e2fb57f471cd2deab9a28a6edb,2026-08-28T19:00:00Z,CRY,MCI,William Hill,h2h,Home win,4.8
2026-08-23,373cc6e2fb57f471cd2deab9a28a6edb,2026-08-28T19:00:00Z,CRY,MCI,William Hill,h2h,Away win,1.62
2026-08-23,373cc6e2fb57f471cd2deab9a28a6edb,2026-08-28T19:00:00Z,CRY,MCI,William Hill,h2h,Draw,4.0
2026-08-23,373cc6e2fb57f471cd2deab9a28a6edb,2026-08-28T19:00:00Z,CRY,MCI,William Hill,totals,Over 2.5,1.62
2026-08-23,373cc6e2fb57f471cd2deab9a28a6edb,2026-08-28T19:00:00Z,CRY,MCI,William Hill,totals,Under 2.5,2.2
2026-08-23,373cc6e2fb57f471cd2deab9a28a6edb,2026-08-28T19:00:00Z,CRY,MCI,Betfair,h2h,Home win,5.5
2026-08-23,373cc6e2fb57f471cd2deab9a28a6edb,2026-08-28T19:00:00Z,CRY,MCI,Betfair,h2h,Away win,1.66
2026-08-23,373cc6e2fb57f471cd2deab9a28a6edb,2026-08-28T19:00:00Z,CRY,MCI,Betfair,h2h,Draw,4.4
2026-08-23,373cc6e2fb57f471cd2deab9a28a6edb,2026-08-28T19:00:00Z,CRY,MCI,Betfair Sportsbook,h2h,Home win,5.0
2026-08-23,373cc6e2fb57f471cd2deab9a28a6edb,2026-08-28T19:00:00Z,CRY,MCI,Betfair Sportsbook,h2h,Away win,1.57
2026-08-23,373cc6e2fb57f471cd2deab9a28a6edb,2026-08-28T19:00:00Z,CRY,MCI,Betfair Sportsbook,h2h,Draw,4.2
2026-08-23,373cc6e2fb57f471cd2deab9a28a6edb,2026-08-28T19:00:00Z,CRY,MCI,Matchbook,h2h,Home win,5.5
2026-08-23,373cc6e2fb57f471cd2deab9a28a6edb,2026-08-28T19:00:00Z,CRY,MCI,Matchbook,h2h,Away win,1.67
2026-08-23,373cc6e2fb57f471cd2deab9a28a6edb,2026-08-28T19:00:00Z,CRY,MCI,Matchbook,h2h,Draw,4.4
2026-08-23,373cc6e2fb57f471cd2deab9a28a6edb,2026-08-28T19:00:00Z,CRY,MCI,Matchbook,totals,Over 2.5,1.7
2026-08-23,373cc6e2fb57f471cd2deab9a28a6edb,2026-08-28T19:00:00Z,CRY,MCI,Matchbook,totals,Under 2.5,2.24
2026-08-23,373cc6e2fb57f471cd2deab9a28a6edb,2026-08-28T19:00:00Z,CRY,MCI,Bet Victor,h2h,Home win,5.25
2026-08-23,373cc6e2fb57f471cd2deab9a28a6edb,2026-08-28T19:00:00Z,CRY,MCI,Bet Victor,h2h,Away win,1.57
2026-08-23,373cc6e2fb57f471cd2deab9a28a6edb,2026-08-28T19:00:00Z,CRY,MCI,Bet Victor,h2h,Draw,4.1
2026-08-23,373cc6e2fb57f471cd2deab9a28a6edb,2026-08-28T19:00:00Z,CRY,MCI,Betano (UK),h2h,Home win,5.25
2026-08-23,373cc6e2fb57f471cd2deab9a28a6edb,2026-08-28T19:00:00Z,CRY,MCI,Betano (UK),h2h,Away win,1.57
2026-08-23,373cc6e2fb57f471cd2deab9a28a6edb,2026-08-28T19:00:00Z,CRY,MCI,Betano (UK),h2h,Draw,4.1
2026-08-23,373cc6e2fb57f471cd2deab9a28a6edb,2026-08-28T19:00:00Z,CRY,MCI,Betway,h2h,Home win,4.5
2026-08-23,373cc6e2fb57f471cd2deab9a28a6edb,2026-08-28T19:00:00Z,CRY,MCI,Betway,h2h,Away win,1.61
2026-08-23,373cc6e2fb57f471cd2deab9a28a6edb,2026-08-28T19:00:00Z,CRY,MCI,Betway,h2h,Draw,4.0
2026-08-23,373cc6e2fb57f471cd2deab9a28a6edb,2026-08-28T19:00:00Z,CRY,MCI,Grosvenor,h2h,Home win,5.5
2026-08-23,373cc6e2fb57f471cd2deab9a28a6edb,2026-08-28T19:00:00Z,CRY,MCI,Grosvenor,h2h,Away win,1.57
2026-08-23,373cc6e2fb57f471cd2deab9a28a6edb,2026-08-28T19:00:00Z,CRY,MCI,Grosvenor,h2h,Draw,4.2
2026-08-23,373cc6e2fb57f471cd2deab9a28a6edb,2026-08-28T19:00:00Z,CRY,MCI,Grosvenor,totals,Over 2.5,1.62
2026-08-23,373cc6e2fb57f471cd2deab9a28a6edb,2026-08-28T19:00:00Z,CRY,MCI,Grosvenor,totals,Under 2.5,2.23
2026-08-23,373cc6e2fb57f471cd2deab9a28a6edb,2026-08-28T19:00:00Z,CRY,MCI,Virgin Bet,h2h,Home win,5.2
2026-08-23,373cc6e2fb57f471cd2deab9a28a6edb,2026-08-28T19:00:00Z,CRY,MCI,Virgin Bet,h2h,Away win,1.54
2026-08-23,373cc6e2fb57f471cd2deab9a28a6edb,2026-08-28T19:00:00Z,CRY,MCI,Virgin Bet,h2h,Draw,4.0
2026-08-23,373cc6e2fb57f471cd2deab9a28a6edb,2026-08-28T19:00:00Z,CRY,MCI,Casumo,h2h,Home win,5.5
2026-08-23,373cc6e2fb57f471cd2deab9a28a6edb,2026-08-28T19:00:00Z,CRY,MCI,Casumo,h2h,Away win,1.57
2026-08-23,373cc6e2fb57f471cd2deab9a28a6edb,2026-08-28T19:00:00Z,CRY,MCI,Casumo,h2h,Draw,4.2
2026-08-23,373cc6e2fb57f471cd2deab9a28a6edb,2026-08-28T19:00:00Z,CRY,MCI,Casumo,totals,Over 2.5,1.63
2026-08-23,373cc6e2fb57f471cd2deab9a28a6edb,2026-08-28T19:00:00Z,CRY,MCI,Casumo,totals,Under 2.5,2.25
2026-08-23,373cc6e2fb57f471cd2deab9a28a6edb,2026-08-28T19:00:00Z,CRY,MCI,LiveScore Bet,h2h,Home win,5.2
2026-08-23,373cc6e2fb57f471cd2deab9a28a6edb,2026-08-28T19:00:00Z,CRY,MCI,LiveScore Bet,h2h,Away win,1.54
2026-08-23,373cc6e2fb57f471cd2deab9a28a6edb,2026-08-28T19:00:00Z,CRY,MCI,LiveScore Bet,h2h,Draw,4.0
2026-08-23,373cc6e2fb57f471cd2deab9a28a6edb,2026-08-28T19:00:00Z,CRY,MCI,BoyleSports,h2h,Home win,4.75
2026-08-23,373cc6e2fb57f471cd2deab9a28a6edb,2026-08-28T19:00:00Z,CRY,MCI,BoyleSports,h2h,Away win,1.6
2026-08-23,373cc6e2fb57f471cd2deab9a28a6edb,2026-08-28T19:00:00Z,CRY,MCI,BoyleSports,h2h,Draw,4.0
2026-08-23,373cc6e2fb57f471cd2deab9a28a6edb,2026-08-28T19:00:00Z,CRY,MCI,Coral,h2h,Home win,4.6
2026-08-23,373cc6e2fb57f471cd2deab9a28a6edb,2026-08-28T19:00:00Z,CRY,MCI,Coral,h2h,Away win,1.6
2026-08-23,373cc6e2fb57f471cd2deab9a28a6edb,2026-08-28T19:00:00Z,CRY,MCI,Coral,h2h,Draw,3.9
2026-08-23,373cc6e2fb57f471cd2deab9a28a6edb,2026-08-28T19:00:00Z,CRY,MCI,Ladbrokes,h2h,Home win,4.6
2026-08-23,373cc6e2fb57f471cd2deab9a28a6edb,2026-08-28T19:00:00Z,CRY,MCI,Ladbrokes,h2h,Away win,1.6
2026-08-23,373cc6e2fb57f471cd2deab9a28a6edb,2026-08-28T19:00:00Z,CRY,MCI,Ladbrokes,h2h,Draw,3.9
2026-08-23,feafb731d0307bc91a58e18187aa2eab,2026-08-29T11:30:00Z,LIV,NFO,Unibet (UK),h2h,Home win,1.48
2026-08-23,feafb731d0307bc91a58e18187aa2eab,2026-08-29T11:30:00Z,LIV,NFO,Unibet (UK),h2h,Away win,6.0
2026-08-23,feafb731d0307bc91a58e18187aa2eab,2026-08-29T11:30:00Z,LIV,NFO,Unibet (UK),h2h,Draw,4.6
2026-08-23,feafb731d0307bc91a58e18187aa2eab,2026-08-29T11:30:00Z,LIV,NFO,Betfred (UK),h2h,Home win,1.5
2026-08-23,feafb731d0307bc91a58e18187aa2eab,2026-08-29T11:30:00Z,LIV,NFO,Betfred (UK),h2h,Away win,6.0
2026-08-23,feafb731d0307bc91a58e18187aa2eab,2026-08-29T11:30:00Z,LIV,NFO,Betfred (UK),h2h,Draw,4.6
2026-08-23,feafb731d0307bc91a58e18187aa2eab,2026-08-29T11:30:00Z,LIV,NFO,Smarkets,h2h,Home win,1.53
2026-08-23,feafb731d0307bc91a58e18187aa2eab,2026-08-29T11:30:00Z,LIV,NFO,Smarkets,h2h,Away win,6.8
2026-08-23,feafb731d0307bc91a58e18187aa2eab,2026-08-29T11:30:00Z,LIV,NFO,Smarkets,h2h,Draw,4.9
2026-08-23,feafb731d0307bc91a58e18187aa2eab,2026-08-29T11:30:00Z,LIV,NFO,LeoVegas,h2h,Home win,1.47
2026-08-23,feafb731d0307bc91a58e18187aa2eab,2026-08-29T11:30:00Z,LIV,NFO,LeoVegas,h2h,Away win,6.0
2026-08-23,feafb731d0307bc91a58e18187aa2eab,2026-08-29T11:30:00Z,LIV,NFO,LeoVegas,h2h,Draw,4.6
2026-08-23,feafb731d0307bc91a58e18187aa2eab,2026-08-29T11:30:00Z,LIV,NFO,LeoVegas,totals,Over 2.5,1.55
2026-08-23,feafb731d0307bc91a58e18187aa2eab,2026-08-29T11:30:00Z,LIV,NFO,LeoVegas,totals,Under 2.5,2.3
2026-08-23,feafb731d0307bc91a58e18187aa2eab,2026-08-29T11:30:00Z,LIV,NFO,Paddy Power,h2h,Home win,1.44
2026-08-23,feafb731d0307bc91a58e18187aa2eab,2026-08-29T11:30:00Z,LIV,NFO,Paddy Power,h2h,Away win,6.0
2026-08-23,feafb731d0307bc91a58e18187aa2eab,2026-08-29T11:30:00Z,LIV,NFO,Paddy Power,h2h,Draw,4.5
2026-08-23,feafb731d0307bc91a58e18187aa2eab,2026-08-29T11:30:00Z,LIV,NFO,Sky Bet,h2h,Home win,1.44
2026-08-23,feafb731d0307bc91a58e18187aa2eab,2026-08-29T11:30:00Z,LIV,NFO,Sky Bet,h2h,Away win,6.0
2026-08-23,feafb731d0307bc91a58e18187aa2eab,2026-08-29T11:30:00Z,LIV,NFO,Sky Bet,h2h,Draw,4.5
2026-08-23,feafb731d0307bc91a58e18187aa2eab,2026-08-29T11:30:00Z,LIV,NFO,888sport,h2h,Home win,1.5
2026-08-23,feafb731d0307bc91a58e18187aa2eab,2026-08-29T11:30:00Z,LIV,NFO,888sport,h2h,Away win,5.75
2026-08-23,feafb731d0307bc91a58e18187aa2eab,2026-08-29T11:30:00Z,LIV,NFO,888sport,h2h,Draw,4.33
2026-08-23,feafb731d0307bc91a58e18187aa2eab,2026-08-29T11:30:00Z,LIV,NFO,Betfair Sportsbook,h2h,Home win,1.44
2026-08-23,feafb731d0307bc91a58e18187aa2eab,2026-08-29T11:30:00Z,LIV,NFO,Betfair Sportsbook,h2h,Away win,6.0
2026-08-23,feafb731d0307bc91a58e18187aa2eab,2026-08-29T11:30:00Z,LIV,NFO,Betfair Sportsbook,h2h,Draw,4.6
2026-08-23,feafb731d0307bc91a58e18187aa2eab,2026-08-29T11:30:00Z,LIV,NFO,William Hill,h2h,Home win,1.5
2026-08-23,feafb731d0307bc91a58e18187aa2eab,2026-08-29T11:30:00Z,LIV,NFO,William Hill,h2h,Away win,6.0
2026-08-23,feafb731d0307bc91a58e18187aa2eab,2026-08-29T11:30:00Z,LIV,NFO,William Hill,h2h,Draw,4.33
2026-08-23,feafb731d0307bc91a58e18187aa2eab,2026-08-29T11:30:00Z,LIV,NFO,William Hill,totals,Over 2.5,1.57
2026-08-23,feafb731d0307bc91a58e18187aa2eab,2026-08-29T11:30:00Z,LIV,NFO,William Hill,totals,Under 2.5,2.3
2026-08-23,feafb731d0307bc91a58e18187aa2eab,2026-08-29T11:30:00Z,LIV,NFO,Betfair,h2h,Home win,1.53
2026-08-23,feafb731d0307bc91a58e18187aa2eab,2026-08-29T11:30:00Z,LIV,NFO,Betfair,h2h,Away win,6.8
2026-08-23,feafb731d0307bc91a58e18187aa2eab,2026-08-29T11:30:00Z,LIV,NFO,Betfair,h2h,Draw,4.9
2026-08-23,feafb731d0307bc91a58e18187aa2eab,2026-08-29T11:30:00Z,LIV,NFO,Betano (UK),h2h,Home win,1.44
2026-08-23,feafb731d0307bc91a58e18187aa2eab,2026-08-29T11:30:00Z,LIV,NFO,Betano (UK),h2h,Away win,6.5
2026-08-23,feafb731d0307bc91a58e18187aa2eab,2026-08-29T11:30:00Z,LIV,NFO,Betano (UK),h2h,Draw,4.4
2026-08-23,feafb731d0307bc91a58e18187aa2eab,2026-08-29T11:30:00Z,LIV,NFO,Bet Victor,h2h,Home win,1.44
2026-08-23,feafb731d0307bc91a58e18187aa2eab,2026-08-29T11:30:00Z,LIV,NFO,Bet Victor,h2h,Away win,6.5
2026-08-23,feafb731d0307bc91a58e18187aa2eab,2026-08-29T11:30:00Z,LIV,NFO,Bet Victor,h2h,Draw,4.4
2026-08-23,feafb731d0307bc91a58e18187aa2eab,2026-08-29T11:30:00Z,LIV,NFO,Matchbook,h2h,Home win,1.53
2026-08-23,feafb731d0307bc91a58e18187aa2eab,2026-08-29T11:30:00Z,LIV,NFO,Matchbook,h2h,Away win,6.8
2026-08-23,feafb731d0307bc91a58e18187aa2eab,2026-08-29T11:30:00Z,LIV,NFO,Matchbook,h2h,Draw,4.9
2026-08-23,feafb731d0307bc91a58e18187aa2eab,2026-08-29T11:30:00Z,LIV,NFO,Matchbook,totals,Over 2.5,1.68
2026-08-23,feafb731d0307bc91a58e18187aa2eab,2026-08-29T11:30:00Z,LIV,NFO,Matchbook,totals,Under 2.5,2.4
2026-08-23,feafb731d0307bc91a58e18187aa2eab,2026-08-29T11:30:00Z,LIV,NFO,Betway,h2h,Home win,1.45
2026-08-23,feafb731d0307bc91a58e18187aa2eab,2026-08-29T11:30:00Z,LIV,NFO,Betway,h2h,Away win,5.5
2026-08-23,feafb731d0307bc91a58e18187aa2eab,2026-08-29T11:30:00Z,LIV,NFO,Betway,h2h,Draw,4.5
2026-08-23,feafb731d0307bc91a58e18187aa2eab,2026-08-29T11:30:00Z,LIV,NFO,Grosvenor,h2h,Home win,1.5
2026-08-23,feafb731d0307bc91a58e18187aa2eab,2026-08-29T11:30:00Z,LIV,NFO,Grosvenor,h2h,Away win,6.25
2026-08-23,feafb731d0307bc91a58e18187aa2eab,2026-08-29T11:30:00Z,LIV,NFO,Grosvenor,h2h,Draw,4.4
2026-08-23,feafb731d0307bc91a58e18187aa2eab,2026-08-29T11:30:00Z,LIV,NFO,Grosvenor,totals,Over 2.5,1.57
2026-08-23,feafb731d0307bc91a58e18187aa2eab,2026-08-29T11:30:00Z,LIV,NFO,Grosvenor,totals,Under 2.5,2.3
2026-08-23,feafb731d0307bc91a58e18187aa2eab,2026-08-29T11:30:00Z,LIV,NFO,LiveScore Bet,h2h,Home win,1.47
2026-08-23,feafb731d0307bc91a58e18187aa2eab,2026-08-29T11:30:00Z,LIV,NFO,LiveScore Bet,h2h,Away win,5.8
2026-08-23,feafb731d0307bc91a58e18187aa2eab,2026-08-29T11:30:00Z,LIV,NFO,LiveScore Bet,h2h,Draw,4.25
2026-08-23,feafb731d0307bc91a58e18187aa2eab,2026-08-29T11:30:00Z,LIV,NFO,Casumo,h2h,Home win,1.5
2026-08-23,feafb731d0307bc91a58e18187aa2eab,2026-08-29T11:30:00Z,LIV,NFO,Casumo,h2h,Away win,6.25
2026-08-23,feafb731d0307bc91a58e18187aa2eab,2026-08-29T11:30:00Z,LIV,NFO,Casumo,h2h,Draw,4.4
2026-08-23,feafb731d0307bc91a58e18187aa2eab,2026-08-29T11:30:00Z,LIV,NFO,Casumo,totals,Over 2.5,1.6
2026-08-23,feafb731d0307bc91a58e18187aa2eab,2026-08-29T11:30:00Z,LIV,NFO,Casumo,totals,Under 2.5,2.32
2026-08-23,feafb731d0307bc91a58e18187aa2eab,2026-08-29T11:30:00Z,LIV,NFO,Virgin Bet,h2h,Home win,1.47
2026-08-23,feafb731d0307bc91a58e18187aa2eab,2026-08-29T11:30:00Z,LIV,NFO,Virgin Bet,h2h,Away win,5.8
2026-08-23,feafb731d0307bc91a58e18187aa2eab,2026-08-29T11:30:00Z,LIV,NFO,Virgin Bet,h2h,Draw,4.25
2026-08-23,feafb731d0307bc91a58e18187aa2eab,2026-08-29T11:30:00Z,LIV,NFO,BoyleSports,h2h,Home win,1.44
2026-08-23,feafb731d0307bc91a58e18187aa2eab,2026-08-29T11:30:00Z,LIV,NFO,BoyleSports,h2h,Away win,6.0
2026-08-23,feafb731d0307bc91a58e18187aa2eab,2026-08-29T11:30:00Z,LIV,NFO,BoyleSports,h2h,Draw,4.33
2026-08-23,feafb731d0307bc91a58e18187aa2eab,2026-08-29T11:30:00Z,LIV,NFO,Coral,h2h,Home win,1.48
2026-08-23,feafb731d0307bc91a58e18187aa2eab,2026-08-29T11:30:00Z,LIV,NFO,Coral,h2h,Away win,5.5
2026-08-23,feafb731d0307bc91a58e18187aa2eab,2026-08-29T11:30:00Z,LIV,NFO,Coral,h2h,Draw,4.4
2026-08-23,feafb731d0307bc91a58e18187aa2eab,2026-08-29T11:30:00Z,LIV,NFO,Ladbrokes,h2h,Home win,1.48
2026-08-23,feafb731d0307bc91a58e18187aa2eab,2026-08-29T11:30:00Z,LIV,NFO,Ladbrokes,h2h,Away win,5.5
2026-08-23,feafb731d0307bc91a58e18187aa2eab,2026-08-29T11:30:00Z,LIV,NFO,Ladbrokes,h2h,Draw,4.4
2026-08-23,ff4818bd73fa63c0a1e4c98e50c7a2e5,2026-08-29T14:00:00Z,BOU,EVE,Betfred (UK),h2h,Home win,2.05
2026-08-23,ff4818bd73fa63c0a1e4c98e50c7a2e5,2026-08-29T14:00:00Z,BOU,EVE,Betfred (UK),h2h,Away win,3.5
2026-08-23,ff4818bd73fa63c0a1e4c98e50c7a2e5,2026-08-29T14:00:00Z,BOU,EVE,Betfred (UK),h2h,Draw,3.6
2026-08-23,ff4818bd73fa63c0a1e4c98e50c7a2e5,2026-08-29T14:00:00Z,BOU,EVE,Paddy Power,h2h,Home win,2.0
2026-08-23,ff4818bd73fa63c0a1e4c98e50c7a2e5,2026-08-29T14:00:00Z,BOU,EVE,Paddy Power,h2h,Away win,3.4
2026-08-23,ff4818bd73fa63c0a1e4c98e50c7a2e5,2026-08-29T14:00:00Z,BOU,EVE,Paddy Power,h2h,Draw,3.5
2026-08-23,ff4818bd73fa63c0a1e4c98e50c7a2e5,2026-08-29T14:00:00Z,BOU,EVE,Sky Bet,h2h,Home win,2.05
2026-08-23,ff4818bd73fa63c0a1e4c98e50c7a2e5,2026-08-29T14:00:00Z,BOU,EVE,Sky Bet,h2h,Away win,3.4
2026-08-23,ff4818bd73fa63c0a1e4c98e50c7a2e5,2026-08-29T14:00:00Z,BOU,EVE,Sky Bet,h2h,Draw,3.5
2026-08-23,ff4818bd73fa63c0a1e4c98e50c7a2e5,2026-08-29T14:00:00Z,BOU,EVE,Betfair,h2h,Home win,2.16
2026-08-23,ff4818bd73fa63c0a1e4c98e50c7a2e5,2026-08-29T14:00:00Z,BOU,EVE,Betfair,h2h,Away win,3.65
2026-08-23,ff4818bd73fa63c0a1e4c98e50c7a2e5,2026-08-29T14:00:00Z,BOU,EVE,Betfair,h2h,Draw,3.6
2026-08-23,ff4818bd73fa63c0a1e4c98e50c7a2e5,2026-08-29T14:00:00Z,BOU,EVE,Betfair Sportsbook,h2h,Home win,2.0
2026-08-23,ff4818bd73fa63c0a1e4c98e50c7a2e5,2026-08-29T14:00:00Z,BOU,EVE,Betfair Sportsbook,h2h,Away win,3.4
2026-08-23,ff4818bd73fa63c0a1e4c98e50c7a2e5,2026-08-29T14:00:00Z,BOU,EVE,Betfair Sportsbook,h2h,Draw,3.5
2026-08-23,ff4818bd73fa63c0a1e4c98e50c7a2e5,2026-08-29T14:00:00Z,BOU,EVE,LeoVegas,h2h,Home win,2.05
2026-08-23,ff4818bd73fa63c0a1e4c98e50c7a2e5,2026-08-29T14:00:00Z,BOU,EVE,LeoVegas,h2h,Away win,3.4
2026-08-23,ff4818bd73fa63c0a1e4c98e50c7a2e5,2026-08-29T14:00:00Z,BOU,EVE,LeoVegas,h2h,Draw,3.5
2026-08-23,ff4818bd73fa63c0a1e4c98e50c7a2e5,2026-08-29T14:00:00Z,BOU,EVE,LeoVegas,totals,Over 2.5,1.8
2026-08-23,ff4818bd73fa63c0a1e4c98e50c7a2e5,2026-08-29T14:00:00Z,BOU,EVE,LeoVegas,totals,Under 2.5,1.9
2026-08-23,ff4818bd73fa63c0a1e4c98e50c7a2e5,2026-08-29T14:00:00Z,BOU,EVE,Unibet (UK),h2h,Home win,2.05
2026-08-23,ff4818bd73fa63c0a1e4c98e50c7a2e5,2026-08-29T14:00:00Z,BOU,EVE,Unibet (UK),h2h,Away win,3.5
2026-08-23,ff4818bd73fa63c0a1e4c98e50c7a2e5,2026-08-29T14:00:00Z,BOU,EVE,Unibet (UK),h2h,Draw,3.5
2026-08-23,ff4818bd73fa63c0a1e4c98e50c7a2e5,2026-08-29T14:00:00Z,BOU,EVE,Smarkets,h2h,Home win,2.14
2026-08-23,ff4818bd73fa63c0a1e4c98e50c7a2e5,2026-08-29T14:00:00Z,BOU,EVE,Smarkets,h2h,Away win,3.65
2026-08-23,ff4818bd73fa63c0a1e4c98e50c7a2e5,2026-08-29T14:00:00Z,BOU,EVE,Smarkets,h2h,Draw,3.6
2026-08-23,ff4818bd73fa63c0a1e4c98e50c7a2e5,2026-08-29T14:00:00Z,BOU,EVE,Matchbook,h2h,Home win,2.16
2026-08-23,ff4818bd73fa63c0a1e4c98e50c7a2e5,2026-08-29T14:00:00Z,BOU,EVE,Matchbook,h2h,Away win,3.65
2026-08-23,ff4818bd73fa63c0a1e4c98e50c7a2e5,2026-08-29T14:00:00Z,BOU,EVE,Matchbook,h2h,Draw,3.7
2026-08-23,ff4818bd73fa63c0a1e4c98e50c7a2e5,2026-08-29T14:00:00Z,BOU,EVE,Matchbook,totals,Over 2.5,1.9
2026-08-23,ff4818bd73fa63c0a1e4c98e50c7a2e5,2026-08-29T14:00:00Z,BOU,EVE,Matchbook,totals,Under 2.5,1.98
2026-08-23,ff4818bd73fa63c0a1e4c98e50c7a2e5,2026-08-29T14:00:00Z,BOU,EVE,888sport,h2h,Home win,2.0
2026-08-23,ff4818bd73fa63c0a1e4c98e50c7a2e5,2026-08-29T14:00:00Z,BOU,EVE,888sport,h2h,Away win,3.5
2026-08-23,ff4818bd73fa63c0a1e4c98e50c7a2e5,2026-08-29T14:00:00Z,BOU,EVE,888sport,h2h,Draw,3.4
2026-08-23,ff4818bd73fa63c0a1e4c98e50c7a2e5,2026-08-29T14:00:00Z,BOU,EVE,William Hill,h2h,Home win,2.0
2026-08-23,ff4818bd73fa63c0a1e4c98e50c7a2e5,2026-08-29T14:00:00Z,BOU,EVE,William Hill,h2h,Away win,3.5
2026-08-23,ff4818bd73fa63c0a1e4c98e50c7a2e5,2026-08-29T14:00:00Z,BOU,EVE,William Hill,h2h,Draw,3.4
2026-08-23,ff4818bd73fa63c0a1e4c98e50c7a2e5,2026-08-29T14:00:00Z,BOU,EVE,William Hill,totals,Over 2.5,1.8
2026-08-23,ff4818bd73fa63c0a1e4c98e50c7a2e5,2026-08-29T14:00:00Z,BOU,EVE,William Hill,totals,Under 2.5,1.95
2026-08-23,ff4818bd73fa63c0a1e4c98e50c7a2e5,2026-08-29T14:00:00Z,BOU,EVE,Bet Victor,h2h,Home win,2.0
2026-08-23,ff4818bd73fa63c0a1e4c98e50c7a2e5,2026-08-29T14:00:00Z,BOU,EVE,Bet Victor,h2h,Away win,3.5
2026-08-23,ff4818bd73fa63c0a1e4c98e50c7a2e5,2026-08-29T14:00:00Z,BOU,EVE,Bet Victor,h2h,Draw,3.5
2026-08-23,ff4818bd73fa63c0a1e4c98e50c7a2e5,2026-08-29T14:00:00Z,BOU,EVE,Betano (UK),h2h,Home win,2.0
2026-08-23,ff4818bd73fa63c0a1e4c98e50c7a2e5,2026-08-29T14:00:00Z,BOU,EVE,Betano (UK),h2h,Away win,3.5
2026-08-23,ff4818bd73fa63c0a1e4c98e50c7a2e5,2026-08-29T14:00:00Z,BOU,EVE,Betano (UK),h2h,Draw,3.5
2026-08-23,ff4818bd73fa63c0a1e4c98e50c7a2e5,2026-08-29T14:00:00Z,BOU,EVE,Betway,h2h,Home win,2.0
2026-08-23,ff4818bd73fa63c0a1e4c98e50c7a2e5,2026-08-29T14:00:00Z,BOU,EVE,Betway,h2h,Away win,3.3
2026-08-23,ff4818bd73fa63c0a1e4c98e50c7a2e5,2026-08-29T14:00:00Z,BOU,EVE,Betway,h2h,Draw,3.4
2026-08-23,ff4818bd73fa63c0a1e4c98e50c7a2e5,2026-08-29T14:00:00Z,BOU,EVE,Casumo,h2h,Home win,1.97
2026-08-23,ff4818bd73fa63c0a1e4c98e50c7a2e5,2026-08-29T14:00:00Z,BOU,EVE,Casumo,h2h,Away win,3.75
2026-08-23,ff4818bd73fa63c0a1e4c98e50c7a2e5,2026-08-29T14:00:00Z,BOU,EVE,Casumo,h2h,Draw,3.6
2026-08-23,ff4818bd73fa63c0a1e4c98e50c7a2e5,2026-08-29T14:00:00Z,BOU,EVE,Casumo,totals,Over 2.5,1.79
2026-08-23,ff4818bd73fa63c0a1e4c98e50c7a2e5,2026-08-29T14:00:00Z,BOU,EVE,Casumo,totals,Under 2.5,2.0
2026-08-23,ff4818bd73fa63c0a1e4c98e50c7a2e5,2026-08-29T14:00:00Z,BOU,EVE,Virgin Bet,h2h,Home win,1.92
2026-08-23,ff4818bd73fa63c0a1e4c98e50c7a2e5,2026-08-29T14:00:00Z,BOU,EVE,Virgin Bet,h2h,Away win,3.55
2026-08-23,ff4818bd73fa63c0a1e4c98e50c7a2e5,2026-08-29T14:00:00Z,BOU,EVE,Virgin Bet,h2h,Draw,3.45
2026-08-23,ff4818bd73fa63c0a1e4c98e50c7a2e5,2026-08-29T14:00:00Z,BOU,EVE,LiveScore Bet,h2h,Home win,1.92
2026-08-23,ff4818bd73fa63c0a1e4c98e50c7a2e5,2026-08-29T14:00:00Z,BOU,EVE,LiveScore Bet,h2h,Away win,3.55
2026-08-23,ff4818bd73fa63c0a1e4c98e50c7a2e5,2026-08-29T14:00:00Z,BOU,EVE,LiveScore Bet,h2h,Draw,3.45
2026-08-23,ff4818bd73fa63c0a1e4c98e50c7a2e5,2026-08-29T14:00:00Z,BOU,EVE,Grosvenor,h2h,Home win,1.97
2026-08-23,ff4818bd73fa63c0a1e4c98e50c7a2e5,2026-08-29T14:00:00Z,BOU,EVE,Grosvenor,h2h,Away win,3.75
2026-08-23,ff4818bd73fa63c0a1e4c98e50c7a2e5,2026-08-29T14:00:00Z,BOU,EVE,Grosvenor,h2h,Draw,3.6
2026-08-23,ff4818bd73fa63c0a1e4c98e50c7a2e5,2026-08-29T14:00:00Z,BOU,EVE,Grosvenor,totals,Over 2.5,1.78
2026-08-23,ff4818bd73fa63c0a1e4c98e50c7a2e5,2026-08-29T14:00:00Z,BOU,EVE,Grosvenor,totals,Under 2.5,2.0
2026-08-23,ff4818bd73fa63c0a1e4c98e50c7a2e5,2026-08-29T14:00:00Z,BOU,EVE,BoyleSports,h2h,Home win,2.0
2026-08-23,ff4818bd73fa63c0a1e4c98e50c7a2e5,2026-08-29T14:00:00Z,BOU,EVE,BoyleSports,h2h,Away win,3.5
2026-08-23,ff4818bd73fa63c0a1e4c98e50c7a2e5,2026-08-29T14:00:00Z,BOU,EVE,BoyleSports,h2h,Draw,3.3
2026-08-23,ff4818bd73fa63c0a1e4c98e50c7a2e5,2026-08-29T14:00:00Z,BOU,EVE,Coral,h2h,Home win,2.0
2026-08-23,ff4818bd73fa63c0a1e4c98e50c7a2e5,2026-08-29T14:00:00Z,BOU,EVE,Coral,h2h,Away win,3.4
2026-08-23,ff4818bd73fa63c0a1e4c98e50c7a2e5,2026-08-29T14:00:00Z,BOU,EVE,Coral,h2h,Draw,3.4
2026-08-23,ff4818bd73fa63c0a1e4c98e50c7a2e5,2026-08-29T14:00:00Z,BOU,EVE,Ladbrokes,h2h,Home win,2.0
2026-08-23,ff4818bd73fa63c0a1e4c98e50c7a2e5,2026-08-29T14:00:00Z,BOU,EVE,Ladbrokes,h2h,Away win,3.4
2026-08-23,ff4818bd73fa63c0a1e4c98e50c7a2e5,2026-08-29T14:00:00Z,BOU,EVE,Ladbrokes,h2h,Draw,3.4
2026-08-23,374dd92785cc06d6514d275515219c44,2026-08-29T14:00:00Z,COV,HUL,Smarkets,h2h,Home win,1.98
2026-08-23,374dd92785cc06d6514d275515219c44,2026-08-29T14:00:00Z,COV,HUL,Smarkets,h2h,Away win,4.3
2026-08-23,374dd92785cc06d6514d275515219c44,2026-08-29T14:00:00Z,COV,HUL,Smarkets,h2h,Draw,3.65
2026-08-23,374dd92785cc06d6514d275515219c44,2026-08-29T14:00:00Z,COV,HUL,Unibet (UK),h2h,Home win,1.93
2026-08-23,374dd92785cc06d6514d275515219c44,2026-08-29T14:00:00Z,COV,HUL,Unibet (UK),h2h,Away win,3.8
2026-08-23,374dd92785cc06d6514d275515219c44,2026-08-29T14:00:00Z,COV,HUL,Unibet (UK),h2h,Draw,3.6
2026-08-23,374dd92785cc06d6514d275515219c44,2026-08-29T14:00:00Z,COV,HUL,Betfred (UK),h2h,Home win,1.91
2026-08-23,374dd92785cc06d6514d275515219c44,2026-08-29T14:00:00Z,COV,HUL,Betfred (UK),h2h,Away win,4.0
2026-08-23,374dd92785cc06d6514d275515219c44,2026-08-29T14:00:00Z,COV,HUL,Betfred (UK),h2h,Draw,3.6
2026-08-23,374dd92785cc06d6514d275515219c44,2026-08-29T14:00:00Z,COV,HUL,LeoVegas,h2h,Home win,1.91
2026-08-23,374dd92785cc06d6514d275515219c44,2026-08-29T14:00:00Z,COV,HUL,LeoVegas,h2h,Away win,3.75
2026-08-23,374dd92785cc06d6514d275515219c44,2026-08-29T14:00:00Z,COV,HUL,LeoVegas,h2h,Draw,3.5
2026-08-23,374dd92785cc06d6514d275515219c44,2026-08-29T14:00:00Z,COV,HUL,LeoVegas,totals,Over 2.5,1.7
2026-08-23,374dd92785cc06d6514d275515219c44,2026-08-29T14:00:00Z,COV,HUL,LeoVegas,totals,Under 2.5,2.02
2026-08-23,374dd92785cc06d6514d275515219c44,2026-08-29T14:00:00Z,COV,HUL,888sport,h2h,Home win,1.91
2026-08-23,374dd92785cc06d6514d275515219c44,2026-08-29T14:00:00Z,COV,HUL,888sport,h2h,Away win,3.75
2026-08-23,374dd92785cc06d6514d275515219c44,2026-08-29T14:00:00Z,COV,HUL,888sport,h2h,Draw,3.5
2026-08-23,374dd92785cc06d6514d275515219c44,2026-08-29T14:00:00Z,COV,HUL,Paddy Power,h2h,Home win,1.91
2026-08-23,374dd92785cc06d6514d275515219c44,2026-08-29T14:00:00Z,COV,HUL,Paddy Power,h2h,Away win,3.8
2026-08-23,374dd92785cc06d6514d275515219c44,2026-08-29T14:00:00Z,COV,HUL,Paddy Power,h2h,Draw,3.75
2026-08-23,374dd92785cc06d6514d275515219c44,2026-08-29T14:00:00Z,COV,HUL,Sky Bet,h2h,Home win,1.91
2026-08-23,374dd92785cc06d6514d275515219c44,2026-08-29T14:00:00Z,COV,HUL,Sky Bet,h2h,Away win,3.75
2026-08-23,374dd92785cc06d6514d275515219c44,2026-08-29T14:00:00Z,COV,HUL,Sky Bet,h2h,Draw,3.6
2026-08-23,374dd92785cc06d6514d275515219c44,2026-08-29T14:00:00Z,COV,HUL,William Hill,h2h,Home win,1.91
2026-08-23,374dd92785cc06d6514d275515219c44,2026-08-29T14:00:00Z,COV,HUL,William Hill,h2h,Away win,3.75
2026-08-23,374dd92785cc06d6514d275515219c44,2026-08-29T14:00:00Z,COV,HUL,William Hill,h2h,Draw,3.5
2026-08-23,374dd92785cc06d6514d275515219c44,2026-08-29T14:00:00Z,COV,HUL,William Hill,totals,Over 2.5,1.8
2026-08-23,374dd92785cc06d6514d275515219c44,2026-08-29T14:00:00Z,COV,HUL,William Hill,totals,Under 2.5,1.95
2026-08-23,374dd92785cc06d6514d275515219c44,2026-08-29T14:00:00Z,COV,HUL,Betfair,h2h,Home win,1.99
2026-08-23,374dd92785cc06d6514d275515219c44,2026-08-29T14:00:00Z,COV,HUL,Betfair,h2h,Away win,4.3
2026-08-23,374dd92785cc06d6514d275515219c44,2026-08-29T14:00:00Z,COV,HUL,Betfair,h2h,Draw,3.65
2026-08-23,374dd92785cc06d6514d275515219c44,2026-08-29T14:00:00Z,COV,HUL,Matchbook,h2h,Home win,1.98
2026-08-23,374dd92785cc06d6514d275515219c44,2026-08-29T14:00:00Z,COV,HUL,Matchbook,h2h,Away win,4.3
2026-08-23,374dd92785cc06d6514d275515219c44,2026-08-29T14:00:00Z,COV,HUL,Matchbook,h2h,Draw,3.6
2026-08-23,374dd92785cc06d6514d275515219c44,2026-08-29T14:00:00Z,COV,HUL,Matchbook,totals,Over 2.5,1.86
2026-08-23,374dd92785cc06d6514d275515219c44,2026-08-29T14:00:00Z,COV,HUL,Matchbook,totals,Under 2.5,2.04
2026-08-23,374dd92785cc06d6514d275515219c44,2026-08-29T14:00:00Z,COV,HUL,Betway,h2h,Home win,1.85
2026-08-23,374dd92785cc06d6514d275515219c44,2026-08-29T14:00:00Z,COV,HUL,Betway,h2h,Away win,4.0
2026-08-23,374dd92785cc06d6514d275515219c44,2026-08-29T14:00:00Z,COV,HUL,Betway,h2h,Draw,3.3
2026-08-23,374dd92785cc06d6514d275515219c44,2026-08-29T14:00:00Z,COV,HUL,Bet Victor,h2h,Home win,1.87
2026-08-23,374dd92785cc06d6514d275515219c44,2026-08-29T14:00:00Z,COV,HUL,Bet Victor,h2h,Away win,3.75
2026-08-23,374dd92785cc06d6514d275515219c44,2026-08-29T14:00:00Z,COV,HUL,Bet Victor,h2h,Draw,3.6
2026-08-23,374dd92785cc06d6514d275515219c44,2026-08-29T14:00:00Z,COV,HUL,Betano (UK),h2h,Home win,1.87
2026-08-23,374dd92785cc06d6514d275515219c44,2026-08-29T14:00:00Z,COV,HUL,Betano (UK),h2h,Away win,3.75
2026-08-23,374dd92785cc06d6514d275515219c44,2026-08-29T14:00:00Z,COV,HUL,Betano (UK),h2h,Draw,3.6
2026-08-23,374dd92785cc06d6514d275515219c44,2026-08-29T14:00:00Z,COV,HUL,LiveScore Bet,h2h,Home win,1.87
2026-08-23,374dd92785cc06d6514d275515219c44,2026-08-29T14:00:00Z,COV,HUL,LiveScore Bet,h2h,Away win,3.7
2026-08-23,374dd92785cc06d6514d275515219c44,2026-08-29T14:00:00Z,COV,HUL,LiveScore Bet,h2h,Draw,3.55
2026-08-23,374dd92785cc06d6514d275515219c44,2026-08-29T14:00:00Z,COV,HUL,Grosvenor,h2h,Home win,1.92
2026-08-23,374dd92785cc06d6514d275515219c44,2026-08-29T14:00:00Z,COV,HUL,Grosvenor,h2h,Away win,3.85
2026-08-23,374dd92785cc06d6514d275515219c44,2026-08-29T14:00:00Z,COV,HUL,Grosvenor,h2h,Draw,3.7
2026-08-23,374dd92785cc06d6514d275515219c44,2026-08-29T14:00:00Z,COV,HUL,Grosvenor,totals,Over 2.5,1.76
2026-08-23,374dd92785cc06d6514d275515219c44,2026-08-29T14:00:00Z,COV,HUL,Grosvenor,totals,Under 2.5,2.02
2026-08-23,374dd92785cc06d6514d275515219c44,2026-08-29T14:00:00Z,COV,HUL,Casumo,h2h,Home win,1.92
2026-08-23,374dd92785cc06d6514d275515219c44,2026-08-29T14:00:00Z,COV,HUL,Casumo,h2h,Away win,3.85
2026-08-23,374dd92785cc06d6514d275515219c44,2026-08-29T14:00:00Z,COV,HUL,Casumo,h2h,Draw,3.7
2026-08-23,374dd92785cc06d6514d275515219c44,2026-08-29T14:00:00Z,COV,HUL,Casumo,totals,Over 2.5,1.77
2026-08-23,374dd92785cc06d6514d275515219c44,2026-08-29T14:00:00Z,COV,HUL,Casumo,totals,Under 2.5,2.02
2026-08-23,374dd92785cc06d6514d275515219c44,2026-08-29T14:00:00Z,COV,HUL,Virgin Bet,h2h,Home win,1.87
2026-08-23,374dd92785cc06d6514d275515219c44,2026-08-29T14:00:00Z,COV,HUL,Virgin Bet,h2h,Away win,3.7
2026-08-23,374dd92785cc06d6514d275515219c44,2026-08-29T14:00:00Z,COV,HUL,Virgin Bet,h2h,Draw,3.55
2026-08-23,374dd92785cc06d6514d275515219c44,2026-08-29T14:00:00Z,COV,HUL,Betfair Sportsbook,h2h,Home win,1.91
2026-08-23,374dd92785cc06d6514d275515219c44,2026-08-29T14:00:00Z,COV,HUL,Betfair Sportsbook,h2h,Away win,3.8
2026-08-23,374dd92785cc06d6514d275515219c44,2026-08-29T14:00:00Z,COV,HUL,Betfair Sportsbook,h2h,Draw,3.75
2026-08-23,374dd92785cc06d6514d275515219c44,2026-08-29T14:00:00Z,COV,HUL,BoyleSports,h2h,Home win,1.83
2026-08-23,374dd92785cc06d6514d275515219c44,2026-08-29T14:00:00Z,COV,HUL,BoyleSports,h2h,Away win,4.2
2026-08-23,374dd92785cc06d6514d275515219c44,2026-08-29T14:00:00Z,COV,HUL,BoyleSports,h2h,Draw,3.4
2026-08-23,374dd92785cc06d6514d275515219c44,2026-08-29T14:00:00Z,COV,HUL,Coral,h2h,Home win,1.85
2026-08-23,374dd92785cc06d6514d275515219c44,2026-08-29T14:00:00Z,COV,HUL,Coral,h2h,Away win,3.8
2026-08-23,374dd92785cc06d6514d275515219c44,2026-08-29T14:00:00Z,COV,HUL,Coral,h2h,Draw,3.4
2026-08-23,374dd92785cc06d6514d275515219c44,2026-08-29T14:00:00Z,COV,HUL,Ladbrokes,h2h,Home win,1.85
2026-08-23,374dd92785cc06d6514d275515219c44,2026-08-29T14:00:00Z,COV,HUL,Ladbrokes,h2h,Away win,3.8
2026-08-23,374dd92785cc06d6514d275515219c44,2026-08-29T14:00:00Z,COV,HUL,Ladbrokes,h2h,Draw,3.4
2026-08-23,7a8746a45dc76378359a7d9cc5474bc8,2026-08-29T16:30:00Z,TOT,NEW,Betfred (UK),h2h,Away win,3.2
2026-08-23,7a8746a45dc76378359a7d9cc5474bc8,2026-08-29T16:30:00Z,TOT,NEW,Betfred (UK),h2h,Home win,2.15
2026-08-23,7a8746a45dc76378359a7d9cc5474bc8,2026-08-29T16:30:00Z,TOT,NEW,Betfred (UK),h2h,Draw,3.6
2026-08-23,7a8746a45dc76378359a7d9cc5474bc8,2026-08-29T16:30:00Z,TOT,NEW,Sky Bet,h2h,Away win,3.1
2026-08-23,7a8746a45dc76378359a7d9cc5474bc8,2026-08-29T16:30:00Z,TOT,NEW,Sky Bet,h2h,Home win,2.1
2026-08-23,7a8746a45dc76378359a7d9cc5474bc8,2026-08-29T16:30:00Z,TOT,NEW,Sky Bet,h2h,Draw,3.6
2026-08-23,7a8746a45dc76378359a7d9cc5474bc8,2026-08-29T16:30:00Z,TOT,NEW,Paddy Power,h2h,Away win,3.2
2026-08-23,7a8746a45dc76378359a7d9cc5474bc8,2026-08-29T16:30:00Z,TOT,NEW,Paddy Power,h2h,Home win,2.1
2026-08-23,7a8746a45dc76378359a7d9cc5474bc8,2026-08-29T16:30:00Z,TOT,NEW,Paddy Power,h2h,Draw,3.6
2026-08-23,7a8746a45dc76378359a7d9cc5474bc8,2026-08-29T16:30:00Z,TOT,NEW,Betfair,h2h,Away win,3.25
2026-08-23,7a8746a45dc76378359a7d9cc5474bc8,2026-08-29T16:30:00Z,TOT,NEW,Betfair,h2h,Home win,2.26
2026-08-23,7a8746a45dc76378359a7d9cc5474bc8,2026-08-29T16:30:00Z,TOT,NEW,Betfair,h2h,Draw,3.85
2026-08-23,7a8746a45dc76378359a7d9cc5474bc8,2026-08-29T16:30:00Z,TOT,NEW,Betfair Sportsbook,h2h,Away win,3.2
2026-08-23,7a8746a45dc76378359a7d9cc5474bc8,2026-08-29T16:30:00Z,TOT,NEW,Betfair Sportsbook,h2h,Home win,2.1
2026-08-23,7a8746a45dc76378359a7d9cc5474bc8,2026-08-29T16:30:00Z,TOT,NEW,Betfair Sportsbook,h2h,Draw,3.6
2026-08-23,7a8746a45dc76378359a7d9cc5474bc8,2026-08-29T16:30:00Z,TOT,NEW,LeoVegas,h2h,Away win,3.05
2026-08-23,7a8746a45dc76378359a7d9cc5474bc8,2026-08-29T16:30:00Z,TOT,NEW,LeoVegas,h2h,Home win,2.15
2026-08-23,7a8746a45dc76378359a7d9cc5474bc8,2026-08-29T16:30:00Z,TOT,NEW,LeoVegas,h2h,Draw,3.6
2026-08-23,7a8746a45dc76378359a7d9cc5474bc8,2026-08-29T16:30:00Z,TOT,NEW,LeoVegas,totals,Over 2.5,1.64
2026-08-23,7a8746a45dc76378359a7d9cc5474bc8,2026-08-29T16:30:00Z,TOT,NEW,LeoVegas,totals,Under 2.5,2.1
2026-08-23,7a8746a45dc76378359a7d9cc5474bc8,2026-08-29T16:30:00Z,TOT,NEW,Unibet (UK),h2h,Away win,3.1
2026-08-23,7a8746a45dc76378359a7d9cc5474bc8,2026-08-29T16:30:00Z,TOT,NEW,Unibet (UK),h2h,Home win,2.2
2026-08-23,7a8746a45dc76378359a7d9cc5474bc8,2026-08-29T16:30:00Z,TOT,NEW,Unibet (UK),h2h,Draw,3.6
2026-08-23,7a8746a45dc76378359a7d9cc5474bc8,2026-08-29T16:30:00Z,TOT,NEW,Smarkets,h2h,Away win,3.25
2026-08-23,7a8746a45dc76378359a7d9cc5474bc8,2026-08-29T16:30:00Z,TOT,NEW,Smarkets,h2h,Home win,2.26
2026-08-23,7a8746a45dc76378359a7d9cc5474bc8,2026-08-29T16:30:00Z,TOT,NEW,Smarkets,h2h,Draw,3.85
2026-08-23,7a8746a45dc76378359a7d9cc5474bc8,2026-08-29T16:30:00Z,TOT,NEW,Matchbook,h2h,Away win,3.25
2026-08-23,7a8746a45dc76378359a7d9cc5474bc8,2026-08-29T16:30:00Z,TOT,NEW,Matchbook,h2h,Home win,2.26
2026-08-23,7a8746a45dc76378359a7d9cc5474bc8,2026-08-29T16:30:00Z,TOT,NEW,Matchbook,h2h,Draw,3.85
2026-08-23,7a8746a45dc76378359a7d9cc5474bc8,2026-08-29T16:30:00Z,TOT,NEW,Matchbook,totals,Over 2.5,1.69
2026-08-23,7a8746a45dc76378359a7d9cc5474bc8,2026-08-29T16:30:00Z,TOT,NEW,Matchbook,totals,Under 2.5,2.22
2026-08-23,7a8746a45dc76378359a7d9cc5474bc8,2026-08-29T16:30:00Z,TOT,NEW,888sport,h2h,Away win,3.1
2026-08-23,7a8746a45dc76378359a7d9cc5474bc8,2026-08-29T16:30:00Z,TOT,NEW,888sport,h2h,Home win,2.15
2026-08-23,7a8746a45dc76378359a7d9cc5474bc8,2026-08-29T16:30:00Z,TOT,NEW,888sport,h2h,Draw,3.4
2026-08-23,7a8746a45dc76378359a7d9cc5474bc8,2026-08-29T16:30:00Z,TOT,NEW,William Hill,h2h,Away win,3.1
2026-08-23,7a8746a45dc76378359a7d9cc5474bc8,2026-08-29T16:30:00Z,TOT,NEW,William Hill,h2h,Home win,2.15
2026-08-23,7a8746a45dc76378359a7d9cc5474bc8,2026-08-29T16:30:00Z,TOT,NEW,William Hill,h2h,Draw,3.5
2026-08-23,7a8746a45dc76378359a7d9cc5474bc8,2026-08-29T16:30:00Z,TOT,NEW,William Hill,totals,Over 2.5,1.73
2026-08-23,7a8746a45dc76378359a7d9cc5474bc8,2026-08-29T16:30:00Z,TOT,NEW,William Hill,totals,Under 2.5,2.05
2026-08-23,7a8746a45dc76378359a7d9cc5474bc8,2026-08-29T16:30:00Z,TOT,NEW,Bet Victor,h2h,Away win,3.0
2026-08-23,7a8746a45dc76378359a7d9cc5474bc8,2026-08-29T16:30:00Z,TOT,NEW,Bet Victor,h2h,Home win,2.15
2026-08-23,7a8746a45dc76378359a7d9cc5474bc8,2026-08-29T16:30:00Z,TOT,NEW,Bet Victor,h2h,Draw,3.6
2026-08-23,7a8746a45dc76378359a7d9cc5474bc8,2026-08-29T16:30:00Z,TOT,NEW,Betano (UK),h2h,Away win,3.0
2026-08-23,7a8746a45dc76378359a7d9cc5474bc8,2026-08-29T16:30:00Z,TOT,NEW,Betano (UK),h2h,Home win,2.15
2026-08-23,7a8746a45dc76378359a7d9cc5474bc8,2026-08-29T16:30:00Z,TOT,NEW,Betano (UK),h2h,Draw,3.6
2026-08-23,7a8746a45dc76378359a7d9cc5474bc8,2026-08-29T16:30:00Z,TOT,NEW,Betway,h2h,Away win,3.0
2026-08-23,7a8746a45dc76378359a7d9cc5474bc8,2026-08-29T16:30:00Z,TOT,NEW,Betway,h2h,Home win,2.1
2026-08-23,7a8746a45dc76378359a7d9cc5474bc8,2026-08-29T16:30:00Z,TOT,NEW,Betway,h2h,Draw,3.6
2026-08-23,7a8746a45dc76378359a7d9cc5474bc8,2026-08-29T16:30:00Z,TOT,NEW,Virgin Bet,h2h,Away win,3.2
2026-08-23,7a8746a45dc76378359a7d9cc5474bc8,2026-08-29T16:30:00Z,TOT,NEW,Virgin Bet,h2h,Home win,2.06
2026-08-23,7a8746a45dc76378359a7d9cc5474bc8,2026-08-29T16:30:00Z,TOT,NEW,Virgin Bet,h2h,Draw,3.45
2026-08-23,7a8746a45dc76378359a7d9cc5474bc8,2026-08-29T16:30:00Z,TOT,NEW,Casumo,h2h,Away win,3.3
2026-08-23,7a8746a45dc76378359a7d9cc5474bc8,2026-08-29T16:30:00Z,TOT,NEW,Casumo,h2h,Home win,2.12
2026-08-23,7a8746a45dc76378359a7d9cc5474bc8,2026-08-29T16:30:00Z,TOT,NEW,Casumo,h2h,Draw,3.6
2026-08-23,7a8746a45dc76378359a7d9cc5474bc8,2026-08-29T16:30:00Z,TOT,NEW,Casumo,totals,Over 2.5,1.72
2026-08-23,7a8746a45dc76378359a7d9cc5474bc8,2026-08-29T16:30:00Z,TOT,NEW,Casumo,totals,Under 2.5,2.1
2026-08-23,7a8746a45dc76378359a7d9cc5474bc8,2026-08-29T16:30:00Z,TOT,NEW,LiveScore Bet,h2h,Away win,3.2
2026-08-23,7a8746a45dc76378359a7d9cc5474bc8,2026-08-29T16:30:00Z,TOT,NEW,LiveScore Bet,h2h,Home win,2.06
2026-08-23,7a8746a45dc76378359a7d9cc5474bc8,2026-08-29T16:30:00Z,TOT,NEW,LiveScore Bet,h2h,Draw,3.45
2026-08-23,7a8746a45dc76378359a7d9cc5474bc8,2026-08-29T16:30:00Z,TOT,NEW,Grosvenor,h2h,Away win,3.3
2026-08-23,7a8746a45dc76378359a7d9cc5474bc8,2026-08-29T16:30:00Z,TOT,NEW,Grosvenor,h2h,Home win,2.12
2026-08-23,7a8746a45dc76378359a7d9cc5474bc8,2026-08-29T16:30:00Z,TOT,NEW,Grosvenor,h2h,Draw,3.6
2026-08-23,7a8746a45dc76378359a7d9cc5474bc8,2026-08-29T16:30:00Z,TOT,NEW,Grosvenor,totals,Over 2.5,1.71
2026-08-23,7a8746a45dc76378359a7d9cc5474bc8,2026-08-29T16:30:00Z,TOT,NEW,Grosvenor,totals,Under 2.5,2.08
2026-08-23,7a8746a45dc76378359a7d9cc5474bc8,2026-08-29T16:30:00Z,TOT,NEW,BoyleSports,h2h,Away win,3.1
2026-08-23,7a8746a45dc76378359a7d9cc5474bc8,2026-08-29T16:30:00Z,TOT,NEW,BoyleSports,h2h,Home win,2.1
2026-08-23,7a8746a45dc76378359a7d9cc5474bc8,2026-08-29T16:30:00Z,TOT,NEW,BoyleSports,h2h,Draw,3.5
2026-08-23,7a8746a45dc76378359a7d9cc5474bc8,2026-08-29T16:30:00Z,TOT,NEW,Coral,h2h,Away win,3.0
2026-08-23,7a8746a45dc76378359a7d9cc5474bc8,2026-08-29T16:30:00Z,TOT,NEW,Coral,h2h,Home win,2.15
2026-08-23,7a8746a45dc76378359a7d9cc5474bc8,2026-08-29T16:30:00Z,TOT,NEW,Coral,h2h,Draw,3.5
2026-08-23,7a8746a45dc76378359a7d9cc5474bc8,2026-08-29T16:30:00Z,TOT,NEW,Ladbrokes,h2h,Away win,3.0
2026-08-23,7a8746a45dc76378359a7d9cc5474bc8,2026-08-29T16:30:00Z,TOT,NEW,Ladbrokes,h2h,Home win,2.15
2026-08-23,7a8746a45dc76378359a7d9cc5474bc8,2026-08-29T16:30:00Z,TOT,NEW,Ladbrokes,h2h,Draw,3.5
2026-08-23,e479c08421b8549c6959c2b84f6f3f79,2026-08-30T13:00:00Z,LEE,BRE,Betfred (UK),h2h,Away win,2.75
2026-08-23,e479c08421b8549c6959c2b84f6f3f79,2026-08-30T13:00:00Z,LEE,BRE,Betfred (UK),h2h,Home win,2.5
2026-08-23,e479c08421b8549c6959c2b84f6f3f79,2026-08-30T13:00:00Z,LEE,BRE,Betfred (UK),h2h,Draw,3.5
2026-08-23,e479c08421b8549c6959c2b84f6f3f79,2026-08-30T13:00:00Z,LEE,BRE,Sky Bet,h2h,Away win,2.63
2026-08-23,e479c08421b8549c6959c2b84f6f3f79,2026-08-30T13:00:00Z,LEE,BRE,Sky Bet,h2h,Home win,2.5
2026-08-23,e479c08421b8549c6959c2b84f6f3f79,2026-08-30T13:00:00Z,LEE,BRE,Sky Bet,h2h,Draw,3.4
2026-08-23,e479c08421b8549c6959c2b84f6f3f79,2026-08-30T13:00:00Z,LEE,BRE,Paddy Power,h2h,Away win,2.7
2026-08-23,e479c08421b8549c6959c2b84f6f3f79,2026-08-30T13:00:00Z,LEE,BRE,Paddy Power,h2h,Home win,2.5
2026-08-23,e479c08421b8549c6959c2b84f6f3f79,2026-08-30T13:00:00Z,LEE,BRE,Paddy Power,h2h,Draw,3.4
2026-08-23,e479c08421b8549c6959c2b84f6f3f79,2026-08-30T13:00:00Z,LEE,BRE,Betfair,h2h,Away win,2.86
2026-08-23,e479c08421b8549c6959c2b84f6f3f79,2026-08-30T13:00:00Z,LEE,BRE,Betfair,h2h,Home win,2.66
2026-08-23,e479c08421b8549c6959c2b84f6f3f79,2026-08-30T13:00:00Z,LEE,BRE,Betfair,h2h,Draw,3.55
2026-08-23,e479c08421b8549c6959c2b84f6f3f79,2026-08-30T13:00:00Z,LEE,BRE,Betfair Sportsbook,h2h,Away win,2.7
2026-08-23,e479c08421b8549c6959c2b84f6f3f79,2026-08-30T13:00:00Z,LEE,BRE,Betfair Sportsbook,h2h,Home win,2.5
2026-08-23,e479c08421b8549c6959c2b84f6f3f79,2026-08-30T13:00:00Z,LEE,BRE,Betfair Sportsbook,h2h,Draw,3.4
2026-08-23,e479c08421b8549c6959c2b84f6f3f79,2026-08-30T13:00:00Z,LEE,BRE,LeoVegas,h2h,Away win,2.65
2026-08-23,e479c08421b8549c6959c2b84f6f3f79,2026-08-30T13:00:00Z,LEE,BRE,LeoVegas,h2h,Home win,2.5
2026-08-23,e479c08421b8549c6959c2b84f6f3f79,2026-08-30T13:00:00Z,LEE,BRE,LeoVegas,h2h,Draw,3.4
2026-08-23,e479c08421b8549c6959c2b84f6f3f79,2026-08-30T13:00:00Z,LEE,BRE,LeoVegas,totals,Over 2.5,1.83
2026-08-23,e479c08421b8549c6959c2b84f6f3f79,2026-08-30T13:00:00Z,LEE,BRE,LeoVegas,totals,Under 2.5,1.88
2026-08-23,e479c08421b8549c6959c2b84f6f3f79,2026-08-30T13:00:00Z,LEE,BRE,Unibet (UK),h2h,Away win,2.7
2026-08-23,e479c08421b8549c6959c2b84f6f3f79,2026-08-30T13:00:00Z,LEE,BRE,Unibet (UK),h2h,Home win,2.55
2026-08-23,e479c08421b8549c6959c2b84f6f3f79,2026-08-30T13:00:00Z,LEE,BRE,Unibet (UK),h2h,Draw,3.4
2026-08-23,e479c08421b8549c6959c2b84f6f3f79,2026-08-30T13:00:00Z,LEE,BRE,Smarkets,h2h,Away win,2.84
2026-08-23,e479c08421b8549c6959c2b84f6f3f79,2026-08-30T13:00:00Z,LEE,BRE,Smarkets,h2h,Home win,2.66
2026-08-23,e479c08421b8549c6959c2b84f6f3f79,2026-08-30T13:00:00Z,LEE,BRE,Smarkets,h2h,Draw,3.55
2026-08-23,e479c08421b8549c6959c2b84f6f3f79,2026-08-30T13:00:00Z,LEE,BRE,888sport,h2h,Away win,2.7
2026-08-23,e479c08421b8549c6959c2b84f6f3f79,2026-08-30T13:00:00Z,LEE,BRE,888sport,h2h,Home win,2.45
2026-08-23,e479c08421b8549c6959c2b84f6f3f79,2026-08-30T13:00:00Z,LEE,BRE,888sport,h2h,Draw,3.3
2026-08-23,e479c08421b8549c6959c2b84f6f3f79,2026-08-30T13:00:00Z,LEE,BRE,William Hill,h2h,Away win,2.75
2026-08-23,e479c08421b8549c6959c2b84f6f3f79,2026-08-30T13:00:00Z,LEE,BRE,William Hill,h2h,Home win,2.5
2026-08-23,e479c08421b8549c6959c2b84f6f3f79,2026-08-30T13:00:00Z,LEE,BRE,William Hill,h2h,Draw,3.3
2026-08-23,e479c08421b8549c6959c2b84f6f3f79,2026-08-30T13:00:00Z,LEE,BRE,William Hill,totals,Over 2.5,1.85
2026-08-23,e479c08421b8549c6959c2b84f6f3f79,2026-08-30T13:00:00Z,LEE,BRE,William Hill,totals,Under 2.5,1.91
2026-08-23,e479c08421b8549c6959c2b84f6f3f79,2026-08-30T13:00:00Z,LEE,BRE,Betway,h2h,Away win,2.62
2026-08-23,e479c08421b8549c6959c2b84f6f3f79,2026-08-30T13:00:00Z,LEE,BRE,Betway,h2h,Home win,2.4
2026-08-23,e479c08421b8549c6959c2b84f6f3f79,2026-08-30T13:00:00Z,LEE,BRE,Betway,h2h,Draw,3.4
2026-08-23,e479c08421b8549c6959c2b84f6f3f79,2026-08-30T13:00:00Z,LEE,BRE,Casumo,h2h,Away win,2.75
2026-08-23,e479c08421b8549c6959c2b84f6f3f79,2026-08-30T13:00:00Z,LEE,BRE,Casumo,h2h,Home win,2.55
2026-08-23,e479c08421b8549c6959c2b84f6f3f79,2026-08-30T13:00:00Z,LEE,BRE,Casumo,h2h,Draw,3.4
2026-08-23,e479c08421b8549c6959c2b84f6f3f79,2026-08-30T13:00:00Z,LEE,BRE,Casumo,totals,Over 2.5,1.85
2026-08-23,e479c08421b8549c6959c2b84f6f3f79,2026-08-30T13:00:00Z,LEE,BRE,Casumo,totals,Under 2.5,1.93
2026-08-23,e479c08421b8549c6959c2b84f6f3f79,2026-08-30T13:00:00Z,LEE,BRE,LiveScore Bet,h2h,Away win,2.65
2026-08-23,e479c08421b8549c6959c2b84f6f3f79,2026-08-30T13:00:00Z,LEE,BRE,LiveScore Bet,h2h,Home win,2.45
2026-08-23,e479c08421b8549c6959c2b84f6f3f79,2026-08-30T13:00:00Z,LEE,BRE,LiveScore Bet,h2h,Draw,3.25
2026-08-23,e479c08421b8549c6959c2b84f6f3f79,2026-08-30T13:00:00Z,LEE,BRE,Grosvenor,h2h,Away win,2.75
2026-08-23,e479c08421b8549c6959c2b84f6f3f79,2026-08-30T13:00:00Z,LEE,BRE,Grosvenor,h2h,Home win,2.55
2026-08-23,e479c08421b8549c6959c2b84f6f3f79,2026-08-30T13:00:00Z,LEE,BRE,Grosvenor,h2h,Draw,3.4
2026-08-23,e479c08421b8549c6959c2b84f6f3f79,2026-08-30T13:00:00Z,LEE,BRE,Grosvenor,totals,Over 2.5,1.85
2026-08-23,e479c08421b8549c6959c2b84f6f3f79,2026-08-30T13:00:00Z,LEE,BRE,Grosvenor,totals,Under 2.5,1.92
2026-08-23,e479c08421b8549c6959c2b84f6f3f79,2026-08-30T13:00:00Z,LEE,BRE,Virgin Bet,h2h,Away win,2.65
2026-08-23,e479c08421b8549c6959c2b84f6f3f79,2026-08-30T13:00:00Z,LEE,BRE,Virgin Bet,h2h,Home win,2.45
2026-08-23,e479c08421b8549c6959c2b84f6f3f79,2026-08-30T13:00:00Z,LEE,BRE,Virgin Bet,h2h,Draw,3.25
2026-08-23,e479c08421b8549c6959c2b84f6f3f79,2026-08-30T13:00:00Z,LEE,BRE,BoyleSports,h2h,Away win,2.7
2026-08-23,e479c08421b8549c6959c2b84f6f3f79,2026-08-30T13:00:00Z,LEE,BRE,BoyleSports,h2h,Home win,2.5
2026-08-23,e479c08421b8549c6959c2b84f6f3f79,2026-08-30T13:00:00Z,LEE,BRE,BoyleSports,h2h,Draw,3.3
2026-08-23,e479c08421b8549c6959c2b84f6f3f79,2026-08-30T13:00:00Z,LEE,BRE,Coral,h2h,Away win,2.6
2026-08-23,e479c08421b8549c6959c2b84f6f3f79,2026-08-30T13:00:00Z,LEE,BRE,Coral,h2h,Home win,2.5
2026-08-23,e479c08421b8549c6959c2b84f6f3f79,2026-08-30T13:00:00Z,LEE,BRE,Coral,h2h,Draw,3.3
2026-08-23,e479c08421b8549c6959c2b84f6f3f79,2026-08-30T13:00:00Z,LEE,BRE,Ladbrokes,h2h,Away win,2.6
2026-08-23,e479c08421b8549c6959c2b84f6f3f79,2026-08-30T13:00:00Z,LEE,BRE,Ladbrokes,h2h,Home win,2.5
2026-08-23,e479c08421b8549c6959c2b84f6f3f79,2026-08-30T13:00:00Z,LEE,BRE,Ladbrokes,h2h,Draw,3.3
2026-08-23,e479c08421b8549c6959c2b84f6f3f79,2026-08-30T13:00:00Z,LEE,BRE,Matchbook,h2h,Away win,2.86
2026-08-23,e479c08421b8549c6959c2b84f6f3f79,2026-08-30T13:00:00Z,LEE,BRE,Matchbook,h2h,Home win,2.66
2026-08-23,e479c08421b8549c6959c2b84f6f3f79,2026-08-30T13:00:00Z,LEE,BRE,Matchbook,h2h,Draw,3.55
2026-08-23,e479c08421b8549c6959c2b84f6f3f79,2026-08-30T13:00:00Z,LEE,BRE,Matchbook,totals,Over 2.5,1.93
2026-08-23,e479c08421b8549c6959c2b84f6f3f79,2026-08-30T13:00:00Z,LEE,BRE,Matchbook,totals,Under 2.5,2.0
2026-08-23,6a4c946a61ddb5ef4703eb4528ccdef1,2026-08-30T13:00:00Z,CHE,BHA,Betfred (UK),h2h,Away win,3.5
2026-08-23,6a4c946a61ddb5ef4703eb4528ccdef1,2026-08-30T13:00:00Z,CHE,BHA,Betfred (UK),h2h,Home win,2.0
2026-08-23,6a4c946a61ddb5ef4703eb4528ccdef1,2026-08-30T13:00:00Z,CHE,BHA,Betfred (UK),h2h,Draw,3.75
2026-08-23,6a4c946a61ddb5ef4703eb4528ccdef1,2026-08-30T13:00:00Z,CHE,BHA,Sky Bet,h2h,Away win,3.6
2026-08-23,6a4c946a61ddb5ef4703eb4528ccdef1,2026-08-30T13:00:00Z,CHE,BHA,Sky Bet,h2h,Home win,1.91
2026-08-23,6a4c946a61ddb5ef4703eb4528ccdef1,2026-08-30T13:00:00Z,CHE,BHA,Sky Bet,h2h,Draw,3.6
2026-08-23,6a4c946a61ddb5ef4703eb4528ccdef1,2026-08-30T13:00:00Z,CHE,BHA,Paddy Power,h2h,Away win,3.6
2026-08-23,6a4c946a61ddb5ef4703eb4528ccdef1,2026-08-30T13:00:00Z,CHE,BHA,Paddy Power,h2h,Home win,1.91
2026-08-23,6a4c946a61ddb5ef4703eb4528ccdef1,2026-08-30T13:00:00Z,CHE,BHA,Paddy Power,h2h,Draw,3.75
2026-08-23,6a4c946a61ddb5ef4703eb4528ccdef1,2026-08-30T13:00:00Z,CHE,BHA,Betfair,h2h,Away win,3.85
2026-08-23,6a4c946a61ddb5ef4703eb4528ccdef1,2026-08-30T13:00:00Z,CHE,BHA,Betfair,h2h,Home win,2.0
2026-08-23,6a4c946a61ddb5ef4703eb4528ccdef1,2026-08-30T13:00:00Z,CHE,BHA,Betfair,h2h,Draw,3.95
2026-08-23,6a4c946a61ddb5ef4703eb4528ccdef1,2026-08-30T13:00:00Z,CHE,BHA,Betfair Sportsbook,h2h,Away win,3.6
2026-08-23,6a4c946a61ddb5ef4703eb4528ccdef1,2026-08-30T13:00:00Z,CHE,BHA,Betfair Sportsbook,h2h,Home win,1.91
2026-08-23,6a4c946a61ddb5ef4703eb4528ccdef1,2026-08-30T13:00:00Z,CHE,BHA,Betfair Sportsbook,h2h,Draw,3.75
2026-08-23,6a4c946a61ddb5ef4703eb4528ccdef1,2026-08-30T13:00:00Z,CHE,BHA,LeoVegas,h2h,Away win,3.5
2026-08-23,6a4c946a61ddb5ef4703eb4528ccdef1,2026-08-30T13:00:00Z,CHE,BHA,LeoVegas,h2h,Home win,1.98
2026-08-23,6a4c946a61ddb5ef4703eb4528ccdef1,2026-08-30T13:00:00Z,CHE,BHA,LeoVegas,h2h,Draw,3.6
2026-08-23,6a4c946a61ddb5ef4703eb4528ccdef1,2026-08-30T13:00:00Z,CHE,BHA,LeoVegas,totals,Over 2.5,1.67
2026-08-23,6a4c946a61ddb5ef4703eb4528ccdef1,2026-08-30T13:00:00Z,CHE,BHA,LeoVegas,totals,Under 2.5,2.05
2026-08-23,6a4c946a61ddb5ef4703eb4528ccdef1,2026-08-30T13:00:00Z,CHE,BHA,Unibet (UK),h2h,Away win,3.5
2026-08-23,6a4c946a61ddb5ef4703eb4528ccdef1,2026-08-30T13:00:00Z,CHE,BHA,Unibet (UK),h2h,Home win,2.0
2026-08-23,6a4c946a61ddb5ef4703eb4528ccdef1,2026-08-30T13:00:00Z,CHE,BHA,Unibet (UK),h2h,Draw,3.6
2026-08-23,6a4c946a61ddb5ef4703eb4528ccdef1,2026-08-30T13:00:00Z,CHE,BHA,Smarkets,h2h,Away win,3.85
2026-08-23,6a4c946a61ddb5ef4703eb4528ccdef1,2026-08-30T13:00:00Z,CHE,BHA,Smarkets,h2h,Home win,2.0
2026-08-23,6a4c946a61ddb5ef4703eb4528ccdef1,2026-08-30T13:00:00Z,CHE,BHA,Smarkets,h2h,Draw,3.95
2026-08-23,6a4c946a61ddb5ef4703eb4528ccdef1,2026-08-30T13:00:00Z,CHE,BHA,888sport,h2h,Away win,3.4
2026-08-23,6a4c946a61ddb5ef4703eb4528ccdef1,2026-08-30T13:00:00Z,CHE,BHA,888sport,h2h,Home win,2.0
2026-08-23,6a4c946a61ddb5ef4703eb4528ccdef1,2026-08-30T13:00:00Z,CHE,BHA,888sport,h2h,Draw,3.5
2026-08-23,6a4c946a61ddb5ef4703eb4528ccdef1,2026-08-30T13:00:00Z,CHE,BHA,William Hill,h2h,Away win,3.4
2026-08-23,6a4c946a61ddb5ef4703eb4528ccdef1,2026-08-30T13:00:00Z,CHE,BHA,William Hill,h2h,Home win,2.0
2026-08-23,6a4c946a61ddb5ef4703eb4528ccdef1,2026-08-30T13:00:00Z,CHE,BHA,William Hill,h2h,Draw,3.6
2026-08-23,6a4c946a61ddb5ef4703eb4528ccdef1,2026-08-30T13:00:00Z,CHE,BHA,William Hill,totals,Over 2.5,1.73
2026-08-23,6a4c946a61ddb5ef4703eb4528ccdef1,2026-08-30T13:00:00Z,CHE,BHA,William Hill,totals,Under 2.5,2.05
2026-08-23,6a4c946a61ddb5ef4703eb4528ccdef1,2026-08-30T13:00:00Z,CHE,BHA,Betway,h2h,Away win,3.3
2026-08-23,6a4c946a61ddb5ef4703eb4528ccdef1,2026-08-30T13:00:00Z,CHE,BHA,Betway,h2h,Home win,1.95
2026-08-23,6a4c946a61ddb5ef4703eb4528ccdef1,2026-08-30T13:00:00Z,CHE,BHA,Betway,h2h,Draw,3.75
2026-08-23,6a4c946a61ddb5ef4703eb4528ccdef1,2026-08-30T13:00:00Z,CHE,BHA,Grosvenor,h2h,Away win,3.65
2026-08-23,6a4c946a61ddb5ef4703eb4528ccdef1,2026-08-30T13:00:00Z,CHE,BHA,Grosvenor,h2h,Home win,2.0
2026-08-23,6a4c946a61ddb5ef4703eb4528ccdef1,2026-08-30T13:00:00Z,CHE,BHA,Grosvenor,h2h,Draw,3.65
2026-08-23,6a4c946a61ddb5ef4703eb4528ccdef1,2026-08-30T13:00:00Z,CHE,BHA,Grosvenor,totals,Over 2.5,1.72
2026-08-23,6a4c946a61ddb5ef4703eb4528ccdef1,2026-08-30T13:00:00Z,CHE,BHA,Grosvenor,totals,Under 2.5,2.07
2026-08-23,6a4c946a61ddb5ef4703eb4528ccdef1,2026-08-30T13:00:00Z,CHE,BHA,Casumo,h2h,Away win,3.65
2026-08-23,6a4c946a61ddb5ef4703eb4528ccdef1,2026-08-30T13:00:00Z,CHE,BHA,Casumo,h2h,Home win,2.0
2026-08-23,6a4c946a61ddb5ef4703eb4528ccdef1,2026-08-30T13:00:00Z,CHE,BHA,Casumo,h2h,Draw,3.65
2026-08-23,6a4c946a61ddb5ef4703eb4528ccdef1,2026-08-30T13:00:00Z,CHE,BHA,Casumo,totals,Over 2.5,1.73
2026-08-23,6a4c946a61ddb5ef4703eb4528ccdef1,2026-08-30T13:00:00Z,CHE,BHA,Casumo,totals,Under 2.5,2.08
2026-08-23,6a4c946a61ddb5ef4703eb4528ccdef1,2026-08-30T13:00:00Z,CHE,BHA,LiveScore Bet,h2h,Away win,3.5
2026-08-23,6a4c946a61ddb5ef4703eb4528ccdef1,2026-08-30T13:00:00Z,CHE,BHA,LiveScore Bet,h2h,Home win,1.94
2026-08-23,6a4c946a61ddb5ef4703eb4528ccdef1,2026-08-30T13:00:00Z,CHE,BHA,LiveScore Bet,h2h,Draw,3.5
2026-08-23,6a4c946a61ddb5ef4703eb4528ccdef1,2026-08-30T13:00:00Z,CHE,BHA,Virgin Bet,h2h,Away win,3.5
2026-08-23,6a4c946a61ddb5ef4703eb4528ccdef1,2026-08-30T13:00:00Z,CHE,BHA,Virgin Bet,h2h,Home win,1.94
2026-08-23,6a4c946a61ddb5ef4703eb4528ccdef1,2026-08-30T13:00:00Z,CHE,BHA,Virgin Bet,h2h,Draw,3.5
2026-08-23,6a4c946a61ddb5ef4703eb4528ccdef1,2026-08-30T13:00:00Z,CHE,BHA,BoyleSports,h2h,Away win,3.5
2026-08-23,6a4c946a61ddb5ef4703eb4528ccdef1,2026-08-30T13:00:00Z,CHE,BHA,BoyleSports,h2h,Home win,1.95
2026-08-23,6a4c946a61ddb5ef4703eb4528ccdef1,2026-08-30T13:00:00Z,CHE,BHA,BoyleSports,h2h,Draw,3.6
2026-08-23,6a4c946a61ddb5ef4703eb4528ccdef1,2026-08-30T13:00:00Z,CHE,BHA,Coral,h2h,Away win,3.3
2026-08-23,6a4c946a61ddb5ef4703eb4528ccdef1,2026-08-30T13:00:00Z,CHE,BHA,Coral,h2h,Home win,2.0
2026-08-23,6a4c946a61ddb5ef4703eb4528ccdef1,2026-08-30T13:00:00Z,CHE,BHA,Coral,h2h,Draw,3.5
2026-08-23,6a4c946a61ddb5ef4703eb4528ccdef1,2026-08-30T13:00:00Z,CHE,BHA,Ladbrokes,h2h,Away win,3.3
2026-08-23,6a4c946a61ddb5ef4703eb4528ccdef1,2026-08-30T13:00:00Z,CHE,BHA,Ladbrokes,h2h,Home win,2.0
2026-08-23,6a4c946a61ddb5ef4703eb4528ccdef1,2026-08-30T13:00:00Z,CHE,BHA,Ladbrokes,h2h,Draw,3.5
2026-08-23,6a4c946a61ddb5ef4703eb4528ccdef1,2026-08-30T13:00:00Z,CHE,BHA,Matchbook,h2h,Away win,3.85
2026-08-23,6a4c946a61ddb5ef4703eb4528ccdef1,2026-08-30T13:00:00Z,CHE,BHA,Matchbook,h2h,Home win,1.99
2026-08-23,6a4c946a61ddb5ef4703eb4528ccdef1,2026-08-30T13:00:00Z,CHE,BHA,Matchbook,h2h,Draw,3.95
2026-08-23,6a4c946a61ddb5ef4703eb4528ccdef1,2026-08-30T13:00:00Z,CHE,BHA,Matchbook,totals,Over 2.5,1.78
2026-08-23,6a4c946a61ddb5ef4703eb4528ccdef1,2026-08-30T13:00:00Z,CHE,BHA,Matchbook,totals,Under 2.5,2.16
2026-08-23,9becb395ad634de55caec620f9d713fa,2026-08-30T13:00:00Z,SUN,FUL,888sport,h2h,Away win,2.75
2026-08-23,9becb395ad634de55caec620f9d713fa,2026-08-30T13:00:00Z,SUN,FUL,888sport,h2h,Home win,2.5
2026-08-23,9becb395ad634de55caec620f9d713fa,2026-08-30T13:00:00Z,SUN,FUL,888sport,h2h,Draw,3.1
2026-08-23,9becb395ad634de55caec620f9d713fa,2026-08-30T13:00:00Z,SUN,FUL,Betfred (UK),h2h,Away win,2.75
2026-08-23,9becb395ad634de55caec620f9d713fa,2026-08-30T13:00:00Z,SUN,FUL,Betfred (UK),h2h,Home win,2.6
2026-08-23,9becb395ad634de55caec620f9d713fa,2026-08-30T13:00:00Z,SUN,FUL,Betfred (UK),h2h,Draw,3.3
2026-08-23,9becb395ad634de55caec620f9d713fa,2026-08-30T13:00:00Z,SUN,FUL,William Hill,h2h,Away win,2.75
2026-08-23,9becb395ad634de55caec620f9d713fa,2026-08-30T13:00:00Z,SUN,FUL,William Hill,h2h,Home win,2.6
2026-08-23,9becb395ad634de55caec620f9d713fa,2026-08-30T13:00:00Z,SUN,FUL,William Hill,h2h,Draw,3.1
2026-08-23,9becb395ad634de55caec620f9d713fa,2026-08-30T13:00:00Z,SUN,FUL,William Hill,totals,Over 2.5,2.05
2026-08-23,9becb395ad634de55caec620f9d713fa,2026-08-30T13:00:00Z,SUN,FUL,William Hill,totals,Under 2.5,1.73
2026-08-23,9becb395ad634de55caec620f9d713fa,2026-08-30T13:00:00Z,SUN,FUL,LeoVegas,h2h,Away win,2.65
2026-08-23,9becb395ad634de55caec620f9d713fa,2026-08-30T13:00:00Z,SUN,FUL,LeoVegas,h2h,Home win,2.6
2026-08-23,9becb395ad634de55caec620f9d713fa,2026-08-30T13:00:00Z,SUN,FUL,LeoVegas,h2h,Draw,3.2
2026-08-23,9becb395ad634de55caec620f9d713fa,2026-08-30T13:00:00Z,SUN,FUL,LeoVegas,totals,Over 2.5,1.98
2026-08-23,9becb395ad634de55caec620f9d713fa,2026-08-30T13:00:00Z,SUN,FUL,LeoVegas,totals,Under 2.5,1.73
2026-08-23,9becb395ad634de55caec620f9d713fa,2026-08-30T13:00:00Z,SUN,FUL,Unibet (UK),h2h,Away win,2.65
2026-08-23,9becb395ad634de55caec620f9d713fa,2026-08-30T13:00:00Z,SUN,FUL,Unibet (UK),h2h,Home win,2.65
2026-08-23,9becb395ad634de55caec620f9d713fa,2026-08-30T13:00:00Z,SUN,FUL,Unibet (UK),h2h,Draw,3.25
2026-08-23,9becb395ad634de55caec620f9d713fa,2026-08-30T13:00:00Z,SUN,FUL,Sky Bet,h2h,Away win,2.63
2026-08-23,9becb395ad634de55caec620f9d713fa,2026-08-30T13:00:00Z,SUN,FUL,Sky Bet,h2h,Home win,2.5
2026-08-23,9becb395ad634de55caec620f9d713fa,2026-08-30T13:00:00Z,SUN,FUL,Sky Bet,h2h,Draw,3.3
2026-08-23,9becb395ad634de55caec620f9d713fa,2026-08-30T13:00:00Z,SUN,FUL,Paddy Power,h2h,Away win,2.7
2026-08-23,9becb395ad634de55caec620f9d713fa,2026-08-30T13:00:00Z,SUN,FUL,Paddy Power,h2h,Home win,2.5
2026-08-23,9becb395ad634de55caec620f9d713fa,2026-08-30T13:00:00Z,SUN,FUL,Paddy Power,h2h,Draw,3.3
2026-08-23,9becb395ad634de55caec620f9d713fa,2026-08-30T13:00:00Z,SUN,FUL,Betfair,h2h,Away win,2.94
2026-08-23,9becb395ad634de55caec620f9d713fa,2026-08-30T13:00:00Z,SUN,FUL,Betfair,h2h,Home win,2.68
2026-08-23,9becb395ad634de55caec620f9d713fa,2026-08-30T13:00:00Z,SUN,FUL,Betfair,h2h,Draw,3.4
2026-08-23,9becb395ad634de55caec620f9d713fa,2026-08-30T13:00:00Z,SUN,FUL,Smarkets,h2h,Away win,2.94
2026-08-23,9becb395ad634de55caec620f9d713fa,2026-08-30T13:00:00Z,SUN,FUL,Smarkets,h2h,Home win,2.68
2026-08-23,9becb395ad634de55caec620f9d713fa,2026-08-30T13:00:00Z,SUN,FUL,Smarkets,h2h,Draw,3.4
2026-08-23,9becb395ad634de55caec620f9d713fa,2026-08-30T13:00:00Z,SUN,FUL,Betway,h2h,Away win,2.75
2026-08-23,9becb395ad634de55caec620f9d713fa,2026-08-30T13:00:00Z,SUN,FUL,Betway,h2h,Home win,2.5
2026-08-23,9becb395ad634de55caec620f9d713fa,2026-08-30T13:00:00Z,SUN,FUL,Betway,h2h,Draw,3.1
2026-08-23,9becb395ad634de55caec620f9d713fa,2026-08-30T13:00:00Z,SUN,FUL,Virgin Bet,h2h,Away win,2.65
2026-08-23,9becb395ad634de55caec620f9d713fa,2026-08-30T13:00:00Z,SUN,FUL,Virgin Bet,h2h,Home win,2.5
2026-08-23,9becb395ad634de55caec620f9d713fa,2026-08-30T13:00:00Z,SUN,FUL,Virgin Bet,h2h,Draw,3.15
2026-08-23,9becb395ad634de55caec620f9d713fa,2026-08-30T13:00:00Z,SUN,FUL,LiveScore Bet,h2h,Away win,2.65
2026-08-23,9becb395ad634de55caec620f9d713fa,2026-08-30T13:00:00Z,SUN,FUL,LiveScore Bet,h2h,Home win,2.5
2026-08-23,9becb395ad634de55caec620f9d713fa,2026-08-30T13:00:00Z,SUN,FUL,LiveScore Bet,h2h,Draw,3.15
2026-08-23,9becb395ad634de55caec620f9d713fa,2026-08-30T13:00:00Z,SUN,FUL,Grosvenor,h2h,Away win,2.75
2026-08-23,9becb395ad634de55caec620f9d713fa,2026-08-30T13:00:00Z,SUN,FUL,Grosvenor,h2h,Home win,2.6
2026-08-23,9becb395ad634de55caec620f9d713fa,2026-08-30T13:00:00Z,SUN,FUL,Grosvenor,h2h,Draw,3.3
2026-08-23,9becb395ad634de55caec620f9d713fa,2026-08-30T13:00:00Z,SUN,FUL,Grosvenor,totals,Over 2.5,2.05
2026-08-23,9becb395ad634de55caec620f9d713fa,2026-08-30T13:00:00Z,SUN,FUL,Grosvenor,totals,Under 2.5,1.74
2026-08-23,9becb395ad634de55caec620f9d713fa,2026-08-30T13:00:00Z,SUN,FUL,Casumo,h2h,Away win,2.75
2026-08-23,9becb395ad634de55caec620f9d713fa,2026-08-30T13:00:00Z,SUN,FUL,Casumo,h2h,Home win,2.6
2026-08-23,9becb395ad634de55caec620f9d713fa,2026-08-30T13:00:00Z,SUN,FUL,Casumo,h2h,Draw,3.3
2026-08-23,9becb395ad634de55caec620f9d713fa,2026-08-30T13:00:00Z,SUN,FUL,Casumo,totals,Over 2.5,2.06
2026-08-23,9becb395ad634de55caec620f9d713fa,2026-08-30T13:00:00Z,SUN,FUL,Casumo,totals,Under 2.5,1.75
2026-08-23,9becb395ad634de55caec620f9d713fa,2026-08-30T13:00:00Z,SUN,FUL,BoyleSports,h2h,Away win,2.75
2026-08-23,9becb395ad634de55caec620f9d713fa,2026-08-30T13:00:00Z,SUN,FUL,BoyleSports,h2h,Home win,2.6
2026-08-23,9becb395ad634de55caec620f9d713fa,2026-08-30T13:00:00Z,SUN,FUL,BoyleSports,h2h,Draw,3.0
2026-08-23,9becb395ad634de55caec620f9d713fa,2026-08-30T13:00:00Z,SUN,FUL,Coral,h2h,Away win,2.62
2026-08-23,9becb395ad634de55caec620f9d713fa,2026-08-30T13:00:00Z,SUN,FUL,Coral,h2h,Home win,2.5
2026-08-23,9becb395ad634de55caec620f9d713fa,2026-08-30T13:00:00Z,SUN,FUL,Coral,h2h,Draw,3.2
2026-08-23,9becb395ad634de55caec620f9d713fa,2026-08-30T13:00:00Z,SUN,FUL,Ladbrokes,h2h,Away win,2.62
2026-08-23,9becb395ad634de55caec620f9d713fa,2026-08-30T13:00:00Z,SUN,FUL,Ladbrokes,h2h,Home win,2.5
2026-08-23,9becb395ad634de55caec620f9d713fa,2026-08-30T13:00:00Z,SUN,FUL,Ladbrokes,h2h,Draw,3.2
2026-08-23,9becb395ad634de55caec620f9d713fa,2026-08-30T13:00:00Z,SUN,FUL,Matchbook,h2h,Away win,2.94
2026-08-23,9becb395ad634de55caec620f9d713fa,2026-08-30T13:00:00Z,SUN,FUL,Matchbook,h2h,Home win,2.68
2026-08-23,9becb395ad634de55caec620f9d713fa,2026-08-30T13:00:00Z,SUN,FUL,Matchbook,h2h,Draw,3.35
2026-08-23,9becb395ad634de55caec620f9d713fa,2026-08-30T13:00:00Z,SUN,FUL,Matchbook,totals,Over 2.5,2.14
2026-08-23,9becb395ad634de55caec620f9d713fa,2026-08-30T13:00:00Z,SUN,FUL,Matchbook,totals,Under 2.5,1.81
2026-08-23,9becb395ad634de55caec620f9d713fa,2026-08-30T13:00:00Z,SUN,FUL,Betfair Sportsbook,h2h,Away win,2.7
2026-08-23,9becb395ad634de55caec620f9d713fa,2026-08-30T13:00:00Z,SUN,FUL,Betfair Sportsbook,h2h,Home win,2.55
2026-08-23,9becb395ad634de55caec620f9d713fa,2026-08-30T13:00:00Z,SUN,FUL,Betfair Sportsbook,h2h,Draw,3.3
2026-08-23,5759167055d94ba38e145ab92188abbf,2026-08-30T15:30:00Z,MUN,IPS,Unibet (UK),h2h,Away win,6.5
2026-08-23,5759167055d94ba38e145ab92188abbf,2026-08-30T15:30:00Z,MUN,IPS,Unibet (UK),h2h,Home win,1.42
2026-08-23,5759167055d94ba38e145ab92188abbf,2026-08-30T15:30:00Z,MUN,IPS,Unibet (UK),h2h,Draw,4.75
2026-08-23,5759167055d94ba38e145ab92188abbf,2026-08-30T15:30:00Z,MUN,IPS,Betfred (UK),h2h,Away win,7.5
2026-08-23,5759167055d94ba38e145ab92188abbf,2026-08-30T15:30:00Z,MUN,IPS,Betfred (UK),h2h,Home win,1.4
2026-08-23,5759167055d94ba38e145ab92188abbf,2026-08-30T15:30:00Z,MUN,IPS,Betfred (UK),h2h,Draw,5.0
2026-08-23,5759167055d94ba38e145ab92188abbf,2026-08-30T15:30:00Z,MUN,IPS,LeoVegas,h2h,Away win,6.5
2026-08-23,5759167055d94ba38e145ab92188abbf,2026-08-30T15:30:00Z,MUN,IPS,LeoVegas,h2h,Home win,1.42
2026-08-23,5759167055d94ba38e145ab92188abbf,2026-08-30T15:30:00Z,MUN,IPS,LeoVegas,h2h,Draw,4.75
2026-08-23,5759167055d94ba38e145ab92188abbf,2026-08-30T15:30:00Z,MUN,IPS,LeoVegas,totals,Over 2.5,1.57
2026-08-23,5759167055d94ba38e145ab92188abbf,2026-08-30T15:30:00Z,MUN,IPS,LeoVegas,totals,Under 2.5,2.25
2026-08-23,5759167055d94ba38e145ab92188abbf,2026-08-30T15:30:00Z,MUN,IPS,888sport,h2h,Away win,6.5
2026-08-23,5759167055d94ba38e145ab92188abbf,2026-08-30T15:30:00Z,MUN,IPS,888sport,h2h,Home win,1.4
2026-08-23,5759167055d94ba38e145ab92188abbf,2026-08-30T15:30:00Z,MUN,IPS,888sport,h2h,Draw,4.5
2026-08-23,5759167055d94ba38e145ab92188abbf,2026-08-30T15:30:00Z,MUN,IPS,Paddy Power,h2h,Away win,7.0
2026-08-23,5759167055d94ba38e145ab92188abbf,2026-08-30T15:30:00Z,MUN,IPS,Paddy Power,h2h,Home win,1.36
2026-08-23,5759167055d94ba38e145ab92188abbf,2026-08-30T15:30:00Z,MUN,IPS,Paddy Power,h2h,Draw,5.0
2026-08-23,5759167055d94ba38e145ab92188abbf,2026-08-30T15:30:00Z,MUN,IPS,Sky Bet,h2h,Away win,7.0
2026-08-23,5759167055d94ba38e145ab92188abbf,2026-08-30T15:30:00Z,MUN,IPS,Sky Bet,h2h,Home win,1.4
2026-08-23,5759167055d94ba38e145ab92188abbf,2026-08-30T15:30:00Z,MUN,IPS,Sky Bet,h2h,Draw,5.0
2026-08-23,5759167055d94ba38e145ab92188abbf,2026-08-30T15:30:00Z,MUN,IPS,William Hill,h2h,Away win,6.5
2026-08-23,5759167055d94ba38e145ab92188abbf,2026-08-30T15:30:00Z,MUN,IPS,William Hill,h2h,Home win,1.44
2026-08-23,5759167055d94ba38e145ab92188abbf,2026-08-30T15:30:00Z,MUN,IPS,William Hill,h2h,Draw,4.5
2026-08-23,5759167055d94ba38e145ab92188abbf,2026-08-30T15:30:00Z,MUN,IPS,William Hill,totals,Over 2.5,1.6
2026-08-23,5759167055d94ba38e145ab92188abbf,2026-08-30T15:30:00Z,MUN,IPS,William Hill,totals,Under 2.5,2.3
2026-08-23,5759167055d94ba38e145ab92188abbf,2026-08-30T15:30:00Z,MUN,IPS,Betfair,h2h,Away win,7.4
2026-08-23,5759167055d94ba38e145ab92188abbf,2026-08-30T15:30:00Z,MUN,IPS,Betfair,h2h,Home win,1.45
2026-08-23,5759167055d94ba38e145ab92188abbf,2026-08-30T15:30:00Z,MUN,IPS,Betfair,h2h,Draw,5.1
2026-08-23,5759167055d94ba38e145ab92188abbf,2026-08-30T15:30:00Z,MUN,IPS,Smarkets,h2h,Away win,7.8
2026-08-23,5759167055d94ba38e145ab92188abbf,2026-08-30T15:30:00Z,MUN,IPS,Smarkets,h2h,Home win,1.45
2026-08-23,5759167055d94ba38e145ab92188abbf,2026-08-30T15:30:00Z,MUN,IPS,Smarkets,h2h,Draw,5.1
2026-08-23,5759167055d94ba38e145ab92188abbf,2026-08-30T15:30:00Z,MUN,IPS,Betway,h2h,Away win,6.5
2026-08-23,5759167055d94ba38e145ab92188abbf,2026-08-30T15:30:00Z,MUN,IPS,Betway,h2h,Home win,1.4
2026-08-23,5759167055d94ba38e145ab92188abbf,2026-08-30T15:30:00Z,MUN,IPS,Betway,h2h,Draw,4.75
2026-08-23,5759167055d94ba38e145ab92188abbf,2026-08-30T15:30:00Z,MUN,IPS,Casumo,h2h,Away win,7.0
2026-08-23,5759167055d94ba38e145ab92188abbf,2026-08-30T15:30:00Z,MUN,IPS,Casumo,h2h,Home win,1.42
2026-08-23,5759167055d94ba38e145ab92188abbf,2026-08-30T15:30:00Z,MUN,IPS,Casumo,h2h,Draw,4.8
2026-08-23,5759167055d94ba38e145ab92188abbf,2026-08-30T15:30:00Z,MUN,IPS,Casumo,totals,Over 2.5,1.61
2026-08-23,5759167055d94ba38e145ab92188abbf,2026-08-30T15:30:00Z,MUN,IPS,Casumo,totals,Under 2.5,2.28
2026-08-23,5759167055d94ba38e145ab92188abbf,2026-08-30T15:30:00Z,MUN,IPS,LiveScore Bet,h2h,Away win,6.75
2026-08-23,5759167055d94ba38e145ab92188abbf,2026-08-30T15:30:00Z,MUN,IPS,LiveScore Bet,h2h,Home win,1.38
2026-08-23,5759167055d94ba38e145ab92188abbf,2026-08-30T15:30:00Z,MUN,IPS,LiveScore Bet,h2h,Draw,4.6
2026-08-23,5759167055d94ba38e145ab92188abbf,2026-08-30T15:30:00Z,MUN,IPS,Grosvenor,h2h,Away win,7.0
2026-08-23,5759167055d94ba38e145ab92188abbf,2026-08-30T15:30:00Z,MUN,IPS,Grosvenor,h2h,Home win,1.42
2026-08-23,5759167055d94ba38e145ab92188abbf,2026-08-30T15:30:00Z,MUN,IPS,Grosvenor,h2h,Draw,4.8
2026-08-23,5759167055d94ba38e145ab92188abbf,2026-08-30T15:30:00Z,MUN,IPS,Grosvenor,totals,Over 2.5,1.6
2026-08-23,5759167055d94ba38e145ab92188abbf,2026-08-30T15:30:00Z,MUN,IPS,Grosvenor,totals,Under 2.5,2.28
2026-08-23,5759167055d94ba38e145ab92188abbf,2026-08-30T15:30:00Z,MUN,IPS,Virgin Bet,h2h,Away win,6.75
2026-08-23,5759167055d94ba38e145ab92188abbf,2026-08-30T15:30:00Z,MUN,IPS,Virgin Bet,h2h,Home win,1.38
2026-08-23,5759167055d94ba38e145ab92188abbf,2026-08-30T15:30:00Z,MUN,IPS,Virgin Bet,h2h,Draw,4.6
2026-08-23,5759167055d94ba38e145ab92188abbf,2026-08-30T15:30:00Z,MUN,IPS,BoyleSports,h2h,Away win,7.0
2026-08-23,5759167055d94ba38e145ab92188abbf,2026-08-30T15:30:00Z,MUN,IPS,BoyleSports,h2h,Home win,1.4
2026-08-23,5759167055d94ba38e145ab92188abbf,2026-08-30T15:30:00Z,MUN,IPS,BoyleSports,h2h,Draw,4.5
2026-08-23,5759167055d94ba38e145ab92188abbf,2026-08-30T15:30:00Z,MUN,IPS,Coral,h2h,Away win,6.0
2026-08-23,5759167055d94ba38e145ab92188abbf,2026-08-30T15:30:00Z,MUN,IPS,Coral,h2h,Home win,1.4
2026-08-23,5759167055d94ba38e145ab92188abbf,2026-08-30T15:30:00Z,MUN,IPS,Coral,h2h,Draw,4.5
2026-08-23,5759167055d94ba38e145ab92188abbf,2026-08-30T15:30:00Z,MUN,IPS,Ladbrokes,h2h,Away win,6.0
2026-08-23,5759167055d94ba38e145ab92188abbf,2026-08-30T15:30:00Z,MUN,IPS,Ladbrokes,h2h,Home win,1.4
2026-08-23,5759167055d94ba38e145ab92188abbf,2026-08-30T15:30:00Z,MUN,IPS,Ladbrokes,h2h,Draw,4.5
2026-08-23,5759167055d94ba38e145ab92188abbf,2026-08-30T15:30:00Z,MUN,IPS,Matchbook,h2h,Away win,7.6
2026-08-23,5759167055d94ba38e145ab92188abbf,2026-08-30T15:30:00Z,MUN,IPS,Matchbook,h2h,Home win,1.45
2026-08-23,5759167055d94ba38e145ab92188abbf,2026-08-30T15:30:00Z,MUN,IPS,Matchbook,h2h,Draw,5.1
2026-08-23,5759167055d94ba38e145ab92188abbf,2026-08-30T15:30:00Z,MUN,IPS,Matchbook,totals,Over 2.5,1.67
2026-08-23,5759167055d94ba38e145ab92188abbf,2026-08-30T15:30:00Z,MUN,IPS,Matchbook,totals,Under 2.5,2.34
2026-08-23,2c49e9d1ef855f62962b915e773f906d,2026-08-31T19:00:00Z,AVL,ARS,Betfred (UK),h2h,Away win,1.57
2026-08-23,2c49e9d1ef855f62962b915e773f906d,2026-08-31T19:00:00Z,AVL,ARS,Betfred (UK),h2h,Home win,6.5
2026-08-23,2c49e9d1ef855f62962b915e773f906d,2026-08-31T19:00:00Z,AVL,ARS,Betfred (UK),h2h,Draw,4.2
2026-08-23,2c49e9d1ef855f62962b915e773f906d,2026-08-31T19:00:00Z,AVL,ARS,Sky Bet,h2h,Away win,1.5
2026-08-23,2c49e9d1ef855f62962b915e773f906d,2026-08-31T19:00:00Z,AVL,ARS,Sky Bet,h2h,Home win,6.0
2026-08-23,2c49e9d1ef855f62962b915e773f906d,2026-08-31T19:00:00Z,AVL,ARS,Sky Bet,h2h,Draw,4.0
2026-08-23,2c49e9d1ef855f62962b915e773f906d,2026-08-31T19:00:00Z,AVL,ARS,Paddy Power,h2h,Away win,1.5
2026-08-23,2c49e9d1ef855f62962b915e773f906d,2026-08-31T19:00:00Z,AVL,ARS,Paddy Power,h2h,Home win,6.0
2026-08-23,2c49e9d1ef855f62962b915e773f906d,2026-08-31T19:00:00Z,AVL,ARS,Paddy Power,h2h,Draw,4.2
2026-08-23,2c49e9d1ef855f62962b915e773f906d,2026-08-31T19:00:00Z,AVL,ARS,Betfair,h2h,Away win,1.58
2026-08-23,2c49e9d1ef855f62962b915e773f906d,2026-08-31T19:00:00Z,AVL,ARS,Betfair,h2h,Home win,6.8
2026-08-23,2c49e9d1ef855f62962b915e773f906d,2026-08-31T19:00:00Z,AVL,ARS,Betfair,h2h,Draw,4.4
2026-08-23,2c49e9d1ef855f62962b915e773f906d,2026-08-31T19:00:00Z,AVL,ARS,LeoVegas,h2h,Away win,1.5
2026-08-23,2c49e9d1ef855f62962b915e773f906d,2026-08-31T19:00:00Z,AVL,ARS,LeoVegas,h2h,Home win,5.75
2026-08-23,2c49e9d1ef855f62962b915e773f906d,2026-08-31T19:00:00Z,AVL,ARS,LeoVegas,h2h,Draw,4.0
2026-08-23,2c49e9d1ef855f62962b915e773f906d,2026-08-31T19:00:00Z,AVL,ARS,LeoVegas,totals,Over 2.5,1.75
2026-08-23,2c49e9d1ef855f62962b915e773f906d,2026-08-31T19:00:00Z,AVL,ARS,LeoVegas,totals,Under 2.5,1.92
2026-08-23,2c49e9d1ef855f62962b915e773f906d,2026-08-31T19:00:00Z,AVL,ARS,Smarkets,h2h,Away win,1.57
2026-08-23,2c49e9d1ef855f62962b915e773f906d,2026-08-31T19:00:00Z,AVL,ARS,Smarkets,h2h,Home win,6.6
2026-08-23,2c49e9d1ef855f62962b915e773f906d,2026-08-31T19:00:00Z,AVL,ARS,Smarkets,h2h,Draw,4.3
2026-08-23,2c49e9d1ef855f62962b915e773f906d,2026-08-31T19:00:00Z,AVL,ARS,Unibet (UK),h2h,Away win,1.54
2026-08-23,2c49e9d1ef855f62962b915e773f906d,2026-08-31T19:00:00Z,AVL,ARS,Unibet (UK),h2h,Home win,6.0
2026-08-23,2c49e9d1ef855f62962b915e773f906d,2026-08-31T19:00:00Z,AVL,ARS,Unibet (UK),h2h,Draw,4.2
2026-08-23,2c49e9d1ef855f62962b915e773f906d,2026-08-31T19:00:00Z,AVL,ARS,Betway,h2h,Away win,1.48
2026-08-23,2c49e9d1ef855f62962b915e773f906d,2026-08-31T19:00:00Z,AVL,ARS,Betway,h2h,Home win,5.75
2026-08-23,2c49e9d1ef855f62962b915e773f906d,2026-08-31T19:00:00Z,AVL,ARS,Betway,h2h,Draw,4.2
2026-08-23,2c49e9d1ef855f62962b915e773f906d,2026-08-31T19:00:00Z,AVL,ARS,888sport,h2h,Away win,1.5
2026-08-23,2c49e9d1ef855f62962b915e773f906d,2026-08-31T19:00:00Z,AVL,ARS,888sport,h2h,Home win,5.75
2026-08-23,2c49e9d1ef855f62962b915e773f906d,2026-08-31T19:00:00Z,AVL,ARS,888sport,h2h,Draw,4.0
2026-08-23,2c49e9d1ef855f62962b915e773f906d,2026-08-31T19:00:00Z,AVL,ARS,William Hill,h2h,Away win,1.4
2026-08-23,2c49e9d1ef855f62962b915e773f906d,2026-08-31T19:00:00Z,AVL,ARS,William Hill,h2h,Home win,6.0
2026-08-23,2c49e9d1ef855f62962b915e773f906d,2026-08-31T19:00:00Z,AVL,ARS,William Hill,h2h,Draw,4.0
2026-08-23,2c49e9d1ef855f62962b915e773f906d,2026-08-31T19:00:00Z,AVL,ARS,William Hill,totals,Over 2.5,1.83
2026-08-23,2c49e9d1ef855f62962b915e773f906d,2026-08-31T19:00:00Z,AVL,ARS,William Hill,totals,Under 2.5,1.95
2026-08-23,2c49e9d1ef855f62962b915e773f906d,2026-08-31T19:00:00Z,AVL,ARS,Virgin Bet,h2h,Away win,1.45
2026-08-23,2c49e9d1ef855f62962b915e773f906d,2026-08-31T19:00:00Z,AVL,ARS,Virgin Bet,h2h,Home win,6.25
2026-08-23,2c49e9d1ef855f62962b915e773f906d,2026-08-31T19:00:00Z,AVL,ARS,Virgin Bet,h2h,Draw,4.2
2026-08-23,2c49e9d1ef855f62962b915e773f906d,2026-08-31T19:00:00Z,AVL,ARS,Casumo,h2h,Away win,1.49
2026-08-23,2c49e9d1ef855f62962b915e773f906d,2026-08-31T19:00:00Z,AVL,ARS,Casumo,h2h,Home win,6.75
2026-08-23,2c49e9d1ef855f62962b915e773f906d,2026-08-31T19:00:00Z,AVL,ARS,Casumo,h2h,Draw,4.4
2026-08-23,2c49e9d1ef855f62962b915e773f906d,2026-08-31T19:00:00Z,AVL,ARS,Casumo,totals,Over 2.5,1.73
2026-08-23,2c49e9d1ef855f62962b915e773f906d,2026-08-31T19:00:00Z,AVL,ARS,Casumo,totals,Under 2.5,2.08
2026-08-23,2c49e9d1ef855f62962b915e773f906d,2026-08-31T19:00:00Z,AVL,ARS,Grosvenor,h2h,Away win,1.49
2026-08-23,2c49e9d1ef855f62962b915e773f906d,2026-08-31T19:00:00Z,AVL,ARS,Grosvenor,h2h,Home win,6.75
2026-08-23,2c49e9d1ef855f62962b915e773f906d,2026-08-31T19:00:00Z,AVL,ARS,Grosvenor,h2h,Draw,4.4
2026-08-23,2c49e9d1ef855f62962b915e773f906d,2026-08-31T19:00:00Z,AVL,ARS,Grosvenor,totals,Over 2.5,1.72
2026-08-23,2c49e9d1ef855f62962b915e773f906d,2026-08-31T19:00:00Z,AVL,ARS,Grosvenor,totals,Under 2.5,2.07
2026-08-23,2c49e9d1ef855f62962b915e773f906d,2026-08-31T19:00:00Z,AVL,ARS,LiveScore Bet,h2h,Away win,1.45
2026-08-23,2c49e9d1ef855f62962b915e773f906d,2026-08-31T19:00:00Z,AVL,ARS,LiveScore Bet,h2h,Home win,6.25
2026-08-23,2c49e9d1ef855f62962b915e773f906d,2026-08-31T19:00:00Z,AVL,ARS,LiveScore Bet,h2h,Draw,4.2
2026-08-23,2c49e9d1ef855f62962b915e773f906d,2026-08-31T19:00:00Z,AVL,ARS,BoyleSports,h2h,Away win,1.5
2026-08-23,2c49e9d1ef855f62962b915e773f906d,2026-08-31T19:00:00Z,AVL,ARS,BoyleSports,h2h,Home win,6.0
2026-08-23,2c49e9d1ef855f62962b915e773f906d,2026-08-31T19:00:00Z,AVL,ARS,BoyleSports,h2h,Draw,4.0
2026-08-23,2c49e9d1ef855f62962b915e773f906d,2026-08-31T19:00:00Z,AVL,ARS,Coral,h2h,Away win,1.5
2026-08-23,2c49e9d1ef855f62962b915e773f906d,2026-08-31T19:00:00Z,AVL,ARS,Coral,h2h,Home win,5.5
2026-08-23,2c49e9d1ef855f62962b915e773f906d,2026-08-31T19:00:00Z,AVL,ARS,Coral,h2h,Draw,4.0
2026-08-23,2c49e9d1ef855f62962b915e773f906d,2026-08-31T19:00:00Z,AVL,ARS,Ladbrokes,h2h,Away win,1.5
2026-08-23,2c49e9d1ef855f62962b915e773f906d,2026-08-31T19:00:00Z,AVL,ARS,Ladbrokes,h2h,Home win,5.5
2026-08-23,2c49e9d1ef855f62962b915e773f906d,2026-08-31T19:00:00Z,AVL,ARS,Ladbrokes,h2h,Draw,4.0
2026-08-23,625c096fabb6047cbeb082dab9affce4,2026-09-04T19:00:00Z,IPS,LIV,LeoVegas,h2h,Home win,4.8
2026-08-23,625c096fabb6047cbeb082dab9affce4,2026-09-04T19:00:00Z,IPS,LIV,LeoVegas,h2h,Away win,1.6
2026-08-23,625c096fabb6047cbeb082dab9affce4,2026-09-04T19:00:00Z,IPS,LIV,LeoVegas,h2h,Draw,3.9
2026-08-23,625c096fabb6047cbeb082dab9affce4,2026-09-04T19:00:00Z,IPS,LIV,LeoVegas,totals,Over 2.5,1.67
2026-08-23,625c096fabb6047cbeb082dab9affce4,2026-09-04T19:00:00Z,IPS,LIV,LeoVegas,totals,Under 2.5,2.05
2026-08-23,625c096fabb6047cbeb082dab9affce4,2026-09-04T19:00:00Z,IPS,LIV,Betfred (UK),h2h,Home win,5.0
2026-08-23,625c096fabb6047cbeb082dab9affce4,2026-09-04T19:00:00Z,IPS,LIV,Betfred (UK),h2h,Away win,1.62
2026-08-23,625c096fabb6047cbeb082dab9affce4,2026-09-04T19:00:00Z,IPS,LIV,Betfred (UK),h2h,Draw,4.2
2026-08-23,625c096fabb6047cbeb082dab9affce4,2026-09-04T19:00:00Z,IPS,LIV,Unibet (UK),h2h,Home win,5.0
2026-08-23,625c096fabb6047cbeb082dab9affce4,2026-09-04T19:00:00Z,IPS,LIV,Unibet (UK),h2h,Away win,1.62
2026-08-23,625c096fabb6047cbeb082dab9affce4,2026-09-04T19:00:00Z,IPS,LIV,Unibet (UK),h2h,Draw,3.9
2026-08-23,625c096fabb6047cbeb082dab9affce4,2026-09-04T19:00:00Z,IPS,LIV,Paddy Power,h2h,Home win,5.0
2026-08-23,625c096fabb6047cbeb082dab9affce4,2026-09-04T19:00:00Z,IPS,LIV,Paddy Power,h2h,Away win,1.6
2026-08-23,625c096fabb6047cbeb082dab9affce4,2026-09-04T19:00:00Z,IPS,LIV,Paddy Power,h2h,Draw,4.0
2026-08-23,625c096fabb6047cbeb082dab9affce4,2026-09-04T19:00:00Z,IPS,LIV,Sky Bet,h2h,Home win,5.0
2026-08-23,625c096fabb6047cbeb082dab9affce4,2026-09-04T19:00:00Z,IPS,LIV,Sky Bet,h2h,Away win,1.6
2026-08-23,625c096fabb6047cbeb082dab9affce4,2026-09-04T19:00:00Z,IPS,LIV,Sky Bet,h2h,Draw,4.0
2026-08-23,625c096fabb6047cbeb082dab9affce4,2026-09-04T19:00:00Z,IPS,LIV,Smarkets,h2h,Home win,4.5
2026-08-23,625c096fabb6047cbeb082dab9affce4,2026-09-04T19:00:00Z,IPS,LIV,Smarkets,h2h,Away win,1.53
2026-08-23,625c096fabb6047cbeb082dab9affce4,2026-09-04T19:00:00Z,IPS,LIV,Smarkets,h2h,Draw,3.5
2026-08-23,625c096fabb6047cbeb082dab9affce4,2026-09-04T19:00:00Z,IPS,LIV,Betfair,h2h,Home win,2.42
2026-08-23,625c096fabb6047cbeb082dab9affce4,2026-09-04T19:00:00Z,IPS,LIV,Betfair,h2h,Away win,1.15
2026-08-23,625c096fabb6047cbeb082dab9affce4,2026-09-04T19:00:00Z,IPS,LIV,Betfair,h2h,Draw,2.46
2026-08-23,625c096fabb6047cbeb082dab9affce4,2026-09-04T19:00:00Z,IPS,LIV,888sport,h2h,Home win,4.8
2026-08-23,625c096fabb6047cbeb082dab9affce4,2026-09-04T19:00:00Z,IPS,LIV,888sport,h2h,Away win,1.65
2026-08-23,625c096fabb6047cbeb082dab9affce4,2026-09-04T19:00:00Z,IPS,LIV,888sport,h2h,Draw,3.9
2026-08-23,625c096fabb6047cbeb082dab9affce4,2026-09-04T19:00:00Z,IPS,LIV,William Hill,h2h,Home win,4.8
2026-08-23,625c096fabb6047cbeb082dab9affce4,2026-09-04T19:00:00Z,IPS,LIV,William Hill,h2h,Away win,1.65
2026-08-23,625c096fabb6047cbeb082dab9affce4,2026-09-04T19:00:00Z,IPS,LIV,William Hill,h2h,Draw,3.9
2026-08-23,625c096fabb6047cbeb082dab9affce4,2026-09-04T19:00:00Z,IPS,LIV,William Hill,totals,Over 2.5,1.7
2026-08-23,625c096fabb6047cbeb082dab9affce4,2026-09-04T19:00:00Z,IPS,LIV,William Hill,totals,Under 2.5,2.1
2026-08-23,625c096fabb6047cbeb082dab9affce4,2026-09-04T19:00:00Z,IPS,LIV,BoyleSports,h2h,Home win,5.0
2026-08-23,625c096fabb6047cbeb082dab9affce4,2026-09-04T19:00:00Z,IPS,LIV,BoyleSports,h2h,Away win,1.6
2026-08-23,625c096fabb6047cbeb082dab9affce4,2026-09-04T19:00:00Z,IPS,LIV,BoyleSports,h2h,Draw,4.0
2026-08-23,686358c484cc44fe8e617674c335d531,2026-09-05T11:30:00Z,NEW,BOU,LeoVegas,h2h,Away win,2.75
2026-08-23,686358c484cc44fe8e617674c335d531,2026-09-05T11:30:00Z,NEW,BOU,LeoVegas,h2h,Home win,2.25
2026-08-23,686358c484cc44fe8e617674c335d531,2026-09-05T11:30:00Z,NEW,BOU,LeoVegas,h2h,Draw,3.5
2026-08-23,686358c484cc44fe8e617674c335d531,2026-09-05T11:30:00Z,NEW,BOU,LeoVegas,totals,Over 2.5,1.57
2026-08-23,686358c484cc44fe8e617674c335d531,2026-09-05T11:30:00Z,NEW,BOU,LeoVegas,totals,Under 2.5,2.2
2026-08-23,686358c484cc44fe8e617674c335d531,2026-09-05T11:30:00Z,NEW,BOU,Betfred (UK),h2h,Away win,2.75
2026-08-23,686358c484cc44fe8e617674c335d531,2026-09-05T11:30:00Z,NEW,BOU,Betfred (UK),h2h,Home win,2.4
2026-08-23,686358c484cc44fe8e617674c335d531,2026-09-05T11:30:00Z,NEW,BOU,Betfred (UK),h2h,Draw,3.75
2026-08-23,686358c484cc44fe8e617674c335d531,2026-09-05T11:30:00Z,NEW,BOU,Unibet (UK),h2h,Away win,2.8
2026-08-23,686358c484cc44fe8e617674c335d531,2026-09-05T11:30:00Z,NEW,BOU,Unibet (UK),h2h,Home win,2.3
2026-08-23,686358c484cc44fe8e617674c335d531,2026-09-05T11:30:00Z,NEW,BOU,Unibet (UK),h2h,Draw,3.5
2026-08-23,686358c484cc44fe8e617674c335d531,2026-09-05T11:30:00Z,NEW,BOU,Paddy Power,h2h,Away win,2.7
2026-08-23,686358c484cc44fe8e617674c335d531,2026-09-05T11:30:00Z,NEW,BOU,Paddy Power,h2h,Home win,2.38
2026-08-23,686358c484cc44fe8e617674c335d531,2026-09-05T11:30:00Z,NEW,BOU,Paddy Power,h2h,Draw,3.75
2026-08-23,686358c484cc44fe8e617674c335d531,2026-09-05T11:30:00Z,NEW,BOU,Sky Bet,h2h,Away win,2.63
2026-08-23,686358c484cc44fe8e617674c335d531,2026-09-05T11:30:00Z,NEW,BOU,Sky Bet,h2h,Home win,2.38
2026-08-23,686358c484cc44fe8e617674c335d531,2026-09-05T11:30:00Z,NEW,BOU,Sky Bet,h2h,Draw,3.6
2026-08-23,686358c484cc44fe8e617674c335d531,2026-09-05T11:30:00Z,NEW,BOU,Betfair,h2h,Away win,1.06
2026-08-23,686358c484cc44fe8e617674c335d531,2026-09-05T11:30:00Z,NEW,BOU,Betfair,h2h,Home win,1.08
2026-08-23,686358c484cc44fe8e617674c335d531,2026-09-05T11:30:00Z,NEW,BOU,Betfair,h2h,Draw,1.06
2026-08-23,686358c484cc44fe8e617674c335d531,2026-09-05T11:30:00Z,NEW,BOU,888sport,h2h,Away win,2.8
2026-08-23,686358c484cc44fe8e617674c335d531,2026-09-05T11:30:00Z,NEW,BOU,888sport,h2h,Home win,2.3
2026-08-23,686358c484cc44fe8e617674c335d531,2026-09-05T11:30:00Z,NEW,BOU,888sport,h2h,Draw,3.4
2026-08-23,686358c484cc44fe8e617674c335d531,2026-09-05T11:30:00Z,NEW,BOU,William Hill,h2h,Away win,2.8
2026-08-23,686358c484cc44fe8e617674c335d531,2026-09-05T11:30:00Z,NEW,BOU,William Hill,h2h,Home win,2.3
2026-08-23,686358c484cc44fe8e617674c335d531,2026-09-05T11:30:00Z,NEW,BOU,William Hill,h2h,Draw,3.5
2026-08-23,686358c484cc44fe8e617674c335d531,2026-09-05T11:30:00Z,NEW,BOU,William Hill,totals,Over 2.5,1.65
2026-08-23,686358c484cc44fe8e617674c335d531,2026-09-05T11:30:00Z,NEW,BOU,William Hill,totals,Under 2.5,2.2
2026-08-23,686358c484cc44fe8e617674c335d531,2026-09-05T11:30:00Z,NEW,BOU,BoyleSports,h2h,Away win,2.75
2026-08-23,686358c484cc44fe8e617674c335d531,2026-09-05T11:30:00Z,NEW,BOU,BoyleSports,h2h,Home win,2.3
2026-08-23,686358c484cc44fe8e617674c335d531,2026-09-05T11:30:00Z,NEW,BOU,BoyleSports,h2h,Draw,3.6
2026-08-23,29f81160baf6a97d6391d7172fad2425,2026-09-05T14:00:00Z,BRE,SUN,LeoVegas,h2h,Home win,1.62
2026-08-23,29f81160baf6a97d6391d7172fad2425,2026-09-05T14:00:00Z,BRE,SUN,LeoVegas,h2h,Away win,4.75
2026-08-23,29f81160baf6a97d6391d7172fad2425,2026-09-05T14:00:00Z,BRE,SUN,LeoVegas,h2h,Draw,3.75
2026-08-23,29f81160baf6a97d6391d7172fad2425,2026-09-05T14:00:00Z,BRE,SUN,LeoVegas,totals,Over 2.5,1.7
2026-08-23,29f81160baf6a97d6391d7172fad2425,2026-09-05T14:00:00Z,BRE,SUN,LeoVegas,totals,Under 2.5,1.98
2026-08-23,29f81160baf6a97d6391d7172fad2425,2026-09-05T14:00:00Z,BRE,SUN,Unibet (UK),h2h,Home win,1.65
2026-08-23,29f81160baf6a97d6391d7172fad2425,2026-09-05T14:00:00Z,BRE,SUN,Unibet (UK),h2h,Away win,5.0
2026-08-23,29f81160baf6a97d6391d7172fad2425,2026-09-05T14:00:00Z,BRE,SUN,Unibet (UK),h2h,Draw,3.9
2026-08-23,29f81160baf6a97d6391d7172fad2425,2026-09-05T14:00:00Z,BRE,SUN,Betfred (UK),h2h,Home win,1.67
2026-08-23,29f81160baf6a97d6391d7172fad2425,2026-09-05T14:00:00Z,BRE,SUN,Betfred (UK),h2h,Away win,5.0
2026-08-23,29f81160baf6a97d6391d7172fad2425,2026-09-05T14:00:00Z,BRE,SUN,Betfred (UK),h2h,Draw,4.0
2026-08-23,29f81160baf6a97d6391d7172fad2425,2026-09-05T14:00:00Z,BRE,SUN,Smarkets,h2h,Home win,1.55
2026-08-23,29f81160baf6a97d6391d7172fad2425,2026-09-05T14:00:00Z,BRE,SUN,Smarkets,h2h,Away win,4.3
2026-08-23,29f81160baf6a97d6391d7172fad2425,2026-09-05T14:00:00Z,BRE,SUN,Smarkets,h2h,Draw,3.45
2026-08-23,29f81160baf6a97d6391d7172fad2425,2026-09-05T14:00:00Z,BRE,SUN,Paddy Power,h2h,Home win,1.62
2026-08-23,29f81160baf6a97d6391d7172fad2425,2026-09-05T14:00:00Z,BRE,SUN,Paddy Power,h2h,Away win,5.0
2026-08-23,29f81160baf6a97d6391d7172fad2425,2026-09-05T14:00:00Z,BRE,SUN,Paddy Power,h2h,Draw,4.0
2026-08-23,29f81160baf6a97d6391d7172fad2425,2026-09-05T14:00:00Z,BRE,SUN,Sky Bet,h2h,Home win,1.62
2026-08-23,29f81160baf6a97d6391d7172fad2425,2026-09-05T14:00:00Z,BRE,SUN,Sky Bet,h2h,Away win,5.0
2026-08-23,29f81160baf6a97d6391d7172fad2425,2026-09-05T14:00:00Z,BRE,SUN,Sky Bet,h2h,Draw,3.9
2026-08-23,29f81160baf6a97d6391d7172fad2425,2026-09-05T14:00:00Z,BRE,SUN,Betfair,h2h,Home win,1.24
2026-08-23,29f81160baf6a97d6391d7172fad2425,2026-09-05T14:00:00Z,BRE,SUN,Betfair,h2h,Away win,1.06
2026-08-23,29f81160baf6a97d6391d7172fad2425,2026-09-05T14:00:00Z,BRE,SUN,Betfair,h2h,Draw,1.09
2026-08-23,29f81160baf6a97d6391d7172fad2425,2026-09-05T14:00:00Z,BRE,SUN,888sport,h2h,Home win,1.65
2026-08-23,29f81160baf6a97d6391d7172fad2425,2026-09-05T14:00:00Z,BRE,SUN,888sport,h2h,Away win,5.0
2026-08-23,29f81160baf6a97d6391d7172fad2425,2026-09-05T14:00:00Z,BRE,SUN,888sport,h2h,Draw,3.8
2026-08-23,29f81160baf6a97d6391d7172fad2425,2026-09-05T14:00:00Z,BRE,SUN,William Hill,h2h,Home win,1.65
2026-08-23,29f81160baf6a97d6391d7172fad2425,2026-09-05T14:00:00Z,BRE,SUN,William Hill,h2h,Away win,5.0
2026-08-23,29f81160baf6a97d6391d7172fad2425,2026-09-05T14:00:00Z,BRE,SUN,William Hill,h2h,Draw,3.8
2026-08-23,29f81160baf6a97d6391d7172fad2425,2026-09-05T14:00:00Z,BRE,SUN,William Hill,totals,Over 2.5,1.75
2026-08-23,29f81160baf6a97d6391d7172fad2425,2026-09-05T14:00:00Z,BRE,SUN,William Hill,totals,Under 2.5,2.05
2026-08-23,29f81160baf6a97d6391d7172fad2425,2026-09-05T14:00:00Z,BRE,SUN,BoyleSports,h2h,Home win,1.62
2026-08-23,29f81160baf6a97d6391d7172fad2425,2026-09-05T14:00:00Z,BRE,SUN,BoyleSports,h2h,Away win,4.75
2026-08-23,29f81160baf6a97d6391d7172fad2425,2026-09-05T14:00:00Z,BRE,SUN,BoyleSports,h2h,Draw,3.8
2026-08-23,3b81531990da7ea3e461c43e8827672b,2026-09-05T14:00:00Z,BHA,LEE,LeoVegas,h2h,Home win,1.7
2026-08-23,3b81531990da7ea3e461c43e8827672b,2026-09-05T14:00:00Z,BHA,LEE,LeoVegas,h2h,Away win,4.5
2026-08-23,3b81531990da7ea3e461c43e8827672b,2026-09-05T14:00:00Z,BHA,LEE,LeoVegas,h2h,Draw,3.6
2026-08-23,3b81531990da7ea3e461c43e8827672b,2026-09-05T14:00:00Z,BHA,LEE,LeoVegas,totals,Over 2.5,1.73
2026-08-23,3b81531990da7ea3e461c43e8827672b,2026-09-05T14:00:00Z,BHA,LEE,LeoVegas,totals,Under 2.5,1.95
2026-08-23,3b81531990da7ea3e461c43e8827672b,2026-09-05T14:00:00Z,BHA,LEE,Unibet (UK),h2h,Home win,1.7
2026-08-23,3b81531990da7ea3e461c43e8827672b,2026-09-05T14:00:00Z,BHA,LEE,Unibet (UK),h2h,Away win,4.75
2026-08-23,3b81531990da7ea3e461c43e8827672b,2026-09-05T14:00:00Z,BHA,LEE,Unibet (UK),h2h,Draw,3.6
2026-08-23,3b81531990da7ea3e461c43e8827672b,2026-09-05T14:00:00Z,BHA,LEE,Betfred (UK),h2h,Home win,1.73
2026-08-23,3b81531990da7ea3e461c43e8827672b,2026-09-05T14:00:00Z,BHA,LEE,Betfred (UK),h2h,Away win,4.5
2026-08-23,3b81531990da7ea3e461c43e8827672b,2026-09-05T14:00:00Z,BHA,LEE,Betfred (UK),h2h,Draw,4.0
2026-08-23,3b81531990da7ea3e461c43e8827672b,2026-09-05T14:00:00Z,BHA,LEE,Paddy Power,h2h,Home win,1.73
2026-08-23,3b81531990da7ea3e461c43e8827672b,2026-09-05T14:00:00Z,BHA,LEE,Paddy Power,h2h,Away win,4.5
2026-08-23,3b81531990da7ea3e461c43e8827672b,2026-09-05T14:00:00Z,BHA,LEE,Paddy Power,h2h,Draw,3.8
2026-08-23,3b81531990da7ea3e461c43e8827672b,2026-09-05T14:00:00Z,BHA,LEE,Sky Bet,h2h,Home win,1.7
2026-08-23,3b81531990da7ea3e461c43e8827672b,2026-09-05T14:00:00Z,BHA,LEE,Sky Bet,h2h,Away win,4.5
2026-08-23,3b81531990da7ea3e461c43e8827672b,2026-09-05T14:00:00Z,BHA,LEE,Sky Bet,h2h,Draw,3.8
2026-08-23,3b81531990da7ea3e461c43e8827672b,2026-09-05T14:00:00Z,BHA,LEE,Betfair,h2h,Home win,1.58
2026-08-23,3b81531990da7ea3e461c43e8827672b,2026-09-05T14:00:00Z,BHA,LEE,Betfair,h2h,Away win,1.06
2026-08-23,3b81531990da7ea3e461c43e8827672b,2026-09-05T14:00:00Z,BHA,LEE,Betfair,h2h,Draw,1.06
2026-08-23,3b81531990da7ea3e461c43e8827672b,2026-09-05T14:00:00Z,BHA,LEE,888sport,h2h,Home win,1.75
2026-08-23,3b81531990da7ea3e461c43e8827672b,2026-09-05T14:00:00Z,BHA,LEE,888sport,h2h,Away win,4.6
2026-08-23,3b81531990da7ea3e461c43e8827672b,2026-09-05T14:00:00Z,BHA,LEE,888sport,h2h,Draw,3.5
2026-08-23,3b81531990da7ea3e461c43e8827672b,2026-09-05T14:00:00Z,BHA,LEE,William Hill,h2h,Home win,1.75
2026-08-23,3b81531990da7ea3e461c43e8827672b,2026-09-05T14:00:00Z,BHA,LEE,William Hill,h2h,Away win,4.6
2026-08-23,3b81531990da7ea3e461c43e8827672b,2026-09-05T14:00:00Z,BHA,LEE,William Hill,h2h,Draw,3.6
2026-08-23,3b81531990da7ea3e461c43e8827672b,2026-09-05T14:00:00Z,BHA,LEE,William Hill,totals,Over 2.5,1.8
2026-08-23,3b81531990da7ea3e461c43e8827672b,2026-09-05T14:00:00Z,BHA,LEE,William Hill,totals,Under 2.5,1.95
2026-08-23,3b81531990da7ea3e461c43e8827672b,2026-09-05T14:00:00Z,BHA,LEE,BoyleSports,h2h,Home win,1.7
2026-08-23,3b81531990da7ea3e461c43e8827672b,2026-09-05T14:00:00Z,BHA,LEE,BoyleSports,h2h,Away win,4.5
2026-08-23,3b81531990da7ea3e461c43e8827672b,2026-09-05T14:00:00Z,BHA,LEE,BoyleSports,h2h,Draw,3.75
2026-08-23,3b81531990da7ea3e461c43e8827672b,2026-09-05T14:00:00Z,BHA,LEE,Smarkets,h2h,Home win,1.61
2026-08-23,3b81531990da7ea3e461c43e8827672b,2026-09-05T14:00:00Z,BHA,LEE,Smarkets,h2h,Away win,4.2
2026-08-23,3b81531990da7ea3e461c43e8827672b,2026-09-05T14:00:00Z,BHA,LEE,Smarkets,h2h,Draw,3.25
2026-08-23,3db5f919507eb8ab0c8c72bddaca8f08,2026-09-05T14:00:00Z,MCI,COV,LeoVegas,h2h,Away win,10.0
2026-08-23,3db5f919507eb8ab0c8c72bddaca8f08,2026-09-05T14:00:00Z,MCI,COV,LeoVegas,h2h,Home win,1.18
2026-08-23,3db5f919507eb8ab0c8c72bddaca8f08,2026-09-05T14:00:00Z,MCI,COV,LeoVegas,h2h,Draw,7.0
2026-08-23,3db5f919507eb8ab0c8c72bddaca8f08,2026-09-05T14:00:00Z,MCI,COV,Unibet (UK),h2h,Away win,11.0
2026-08-23,3db5f919507eb8ab0c8c72bddaca8f08,2026-09-05T14:00:00Z,MCI,COV,Unibet (UK),h2h,Home win,1.19
2026-08-23,3db5f919507eb8ab0c8c72bddaca8f08,2026-09-05T14:00:00Z,MCI,COV,Unibet (UK),h2h,Draw,7.0
2026-08-23,3db5f919507eb8ab0c8c72bddaca8f08,2026-09-05T14:00:00Z,MCI,COV,Betfred (UK),h2h,Away win,13.0
2026-08-23,3db5f919507eb8ab0c8c72bddaca8f08,2026-09-05T14:00:00Z,MCI,COV,Betfred (UK),h2h,Home win,1.2
2026-08-23,3db5f919507eb8ab0c8c72bddaca8f08,2026-09-05T14:00:00Z,MCI,COV,Betfred (UK),h2h,Draw,7.0
2026-08-23,3db5f919507eb8ab0c8c72bddaca8f08,2026-09-05T14:00:00Z,MCI,COV,Paddy Power,h2h,Away win,13.0
2026-08-23,3db5f919507eb8ab0c8c72bddaca8f08,2026-09-05T14:00:00Z,MCI,COV,Paddy Power,h2h,Home win,1.17
2026-08-23,3db5f919507eb8ab0c8c72bddaca8f08,2026-09-05T14:00:00Z,MCI,COV,Paddy Power,h2h,Draw,7.0
2026-08-23,3db5f919507eb8ab0c8c72bddaca8f08,2026-09-05T14:00:00Z,MCI,COV,Sky Bet,h2h,Away win,12.0
2026-08-23,3db5f919507eb8ab0c8c72bddaca8f08,2026-09-05T14:00:00Z,MCI,COV,Sky Bet,h2h,Home win,1.17
2026-08-23,3db5f919507eb8ab0c8c72bddaca8f08,2026-09-05T14:00:00Z,MCI,COV,Sky Bet,h2h,Draw,7.0
2026-08-23,3db5f919507eb8ab0c8c72bddaca8f08,2026-09-05T14:00:00Z,MCI,COV,Smarkets,h2h,Away win,8.6
2026-08-23,3db5f919507eb8ab0c8c72bddaca8f08,2026-09-05T14:00:00Z,MCI,COV,Smarkets,h2h,Home win,1.14
2026-08-23,3db5f919507eb8ab0c8c72bddaca8f08,2026-09-05T14:00:00Z,MCI,COV,Smarkets,h2h,Draw,5.7
2026-08-23,3db5f919507eb8ab0c8c72bddaca8f08,2026-09-05T14:00:00Z,MCI,COV,Betfair,h2h,Away win,5.2
2026-08-23,3db5f919507eb8ab0c8c72bddaca8f08,2026-09-05T14:00:00Z,MCI,COV,Betfair,h2h,Home win,1.12
2026-08-23,3db5f919507eb8ab0c8c72bddaca8f08,2026-09-05T14:00:00Z,MCI,COV,Betfair,h2h,Draw,5.0
2026-08-23,3db5f919507eb8ab0c8c72bddaca8f08,2026-09-05T14:00:00Z,MCI,COV,888sport,h2h,Away win,11.0
2026-08-23,3db5f919507eb8ab0c8c72bddaca8f08,2026-09-05T14:00:00Z,MCI,COV,888sport,h2h,Home win,1.2
2026-08-23,3db5f919507eb8ab0c8c72bddaca8f08,2026-09-05T14:00:00Z,MCI,COV,888sport,h2h,Draw,6.5
2026-08-23,3db5f919507eb8ab0c8c72bddaca8f08,2026-09-05T14:00:00Z,MCI,COV,William Hill,h2h,Away win,11.0
2026-08-23,3db5f919507eb8ab0c8c72bddaca8f08,2026-09-05T14:00:00Z,MCI,COV,William Hill,h2h,Home win,1.22
2026-08-23,3db5f919507eb8ab0c8c72bddaca8f08,2026-09-05T14:00:00Z,MCI,COV,William Hill,h2h,Draw,6.5
2026-08-23,3db5f919507eb8ab0c8c72bddaca8f08,2026-09-05T14:00:00Z,MCI,COV,William Hill,totals,Over 2.5,1.3
2026-08-23,3db5f919507eb8ab0c8c72bddaca8f08,2026-09-05T14:00:00Z,MCI,COV,William Hill,totals,Under 2.5,3.5
2026-08-23,3db5f919507eb8ab0c8c72bddaca8f08,2026-09-05T14:00:00Z,MCI,COV,BoyleSports,h2h,Away win,13.0
2026-08-23,3db5f919507eb8ab0c8c72bddaca8f08,2026-09-05T14:00:00Z,MCI,COV,BoyleSports,h2h,Home win,1.18
2026-08-23,3db5f919507eb8ab0c8c72bddaca8f08,2026-09-05T14:00:00Z,MCI,COV,BoyleSports,h2h,Draw,7.0
2026-08-23,8f68612bf47c3193e7fa2d8783e79373,2026-09-05T14:00:00Z,FUL,CRY,LeoVegas,h2h,Away win,3.05
2026-08-23,8f68612bf47c3193e7fa2d8783e79373,2026-09-05T14:00:00Z,FUL,CRY,LeoVegas,h2h,Home win,2.15
2026-08-23,8f68612bf47c3193e7fa2d8783e79373,2026-09-05T14:00:00Z,FUL,CRY,LeoVegas,h2h,Draw,3.4
2026-08-23,8f68612bf47c3193e7fa2d8783e79373,2026-09-05T14:00:00Z,FUL,CRY,LeoVegas,totals,Over 2.5,1.83
2026-08-23,8f68612bf47c3193e7fa2d8783e79373,2026-09-05T14:00:00Z,FUL,CRY,LeoVegas,totals,Under 2.5,1.85
2026-08-23,8f68612bf47c3193e7fa2d8783e79373,2026-09-05T14:00:00Z,FUL,CRY,Unibet (UK),h2h,Away win,3.1
2026-08-23,8f68612bf47c3193e7fa2d8783e79373,2026-09-05T14:00:00Z,FUL,CRY,Unibet (UK),h2h,Home win,2.2
2026-08-23,8f68612bf47c3193e7fa2d8783e79373,2026-09-05T14:00:00Z,FUL,CRY,Unibet (UK),h2h,Draw,3.4
2026-08-23,8f68612bf47c3193e7fa2d8783e79373,2026-09-05T14:00:00Z,FUL,CRY,Betfred (UK),h2h,Away win,3.2
2026-08-23,8f68612bf47c3193e7fa2d8783e79373,2026-09-05T14:00:00Z,FUL,CRY,Betfred (UK),h2h,Home win,2.2
2026-08-23,8f68612bf47c3193e7fa2d8783e79373,2026-09-05T14:00:00Z,FUL,CRY,Betfred (UK),h2h,Draw,3.5
2026-08-23,8f68612bf47c3193e7fa2d8783e79373,2026-09-05T14:00:00Z,FUL,CRY,Paddy Power,h2h,Away win,3.2
2026-08-23,8f68612bf47c3193e7fa2d8783e79373,2026-09-05T14:00:00Z,FUL,CRY,Paddy Power,h2h,Home win,2.15
2026-08-23,8f68612bf47c3193e7fa2d8783e79373,2026-09-05T14:00:00Z,FUL,CRY,Paddy Power,h2h,Draw,3.4
2026-08-23,8f68612bf47c3193e7fa2d8783e79373,2026-09-05T14:00:00Z,FUL,CRY,Sky Bet,h2h,Away win,3.1
2026-08-23,8f68612bf47c3193e7fa2d8783e79373,2026-09-05T14:00:00Z,FUL,CRY,Sky Bet,h2h,Home win,2.15
2026-08-23,8f68612bf47c3193e7fa2d8783e79373,2026-09-05T14:00:00Z,FUL,CRY,Sky Bet,h2h,Draw,3.4
2026-08-23,8f68612bf47c3193e7fa2d8783e79373,2026-09-05T14:00:00Z,FUL,CRY,Betfair,h2h,Away win,1.06
2026-08-23,8f68612bf47c3193e7fa2d8783e79373,2026-09-05T14:00:00Z,FUL,CRY,Betfair,h2h,Home win,1.08
2026-08-23,8f68612bf47c3193e7fa2d8783e79373,2026-09-05T14:00:00Z,FUL,CRY,Betfair,h2h,Draw,1.06
2026-08-23,8f68612bf47c3193e7fa2d8783e79373,2026-09-05T14:00:00Z,FUL,CRY,Smarkets,h2h,Away win,2.88
2026-08-23,8f68612bf47c3193e7fa2d8783e79373,2026-09-05T14:00:00Z,FUL,CRY,Smarkets,h2h,Home win,2.04
2026-08-23,8f68612bf47c3193e7fa2d8783e79373,2026-09-05T14:00:00Z,FUL,CRY,Smarkets,h2h,Draw,3.05
2026-08-23,8f68612bf47c3193e7fa2d8783e79373,2026-09-05T14:00:00Z,FUL,CRY,William Hill,h2h,Away win,3.1
2026-08-23,8f68612bf47c3193e7fa2d8783e79373,2026-09-05T14:00:00Z,FUL,CRY,William Hill,h2h,Home win,2.2
2026-08-23,8f68612bf47c3193e7fa2d8783e79373,2026-09-05T14:00:00Z,FUL,CRY,William Hill,h2h,Draw,3.3
2026-08-23,8f68612bf47c3193e7fa2d8783e79373,2026-09-05T14:00:00Z,FUL,CRY,William Hill,totals,Over 2.5,1.85
2026-08-23,8f68612bf47c3193e7fa2d8783e79373,2026-09-05T14:00:00Z,FUL,CRY,William Hill,totals,Under 2.5,1.85
2026-08-23,8f68612bf47c3193e7fa2d8783e79373,2026-09-05T14:00:00Z,FUL,CRY,888sport,h2h,Away win,3.1
2026-08-23,8f68612bf47c3193e7fa2d8783e79373,2026-09-05T14:00:00Z,FUL,CRY,888sport,h2h,Home win,2.2
2026-08-23,8f68612bf47c3193e7fa2d8783e79373,2026-09-05T14:00:00Z,FUL,CRY,888sport,h2h,Draw,3.3
2026-08-23,8f68612bf47c3193e7fa2d8783e79373,2026-09-05T14:00:00Z,FUL,CRY,BoyleSports,h2h,Away win,3.2
2026-08-23,8f68612bf47c3193e7fa2d8783e79373,2026-09-05T14:00:00Z,FUL,CRY,BoyleSports,h2h,Home win,2.15
2026-08-23,8f68612bf47c3193e7fa2d8783e79373,2026-09-05T14:00:00Z,FUL,CRY,BoyleSports,h2h,Draw,3.4
2026-08-23,a6f2622727548c33369cc15c88b2aabd,2026-09-05T14:00:00Z,NFO,TOT,LeoVegas,h2h,Home win,2.6
2026-08-23,a6f2622727548c33369cc15c88b2aabd,2026-09-05T14:00:00Z,NFO,TOT,LeoVegas,h2h,Away win,2.5
2026-08-23,a6f2622727548c33369cc15c88b2aabd,2026-09-05T14:00:00Z,NFO,TOT,LeoVegas,h2h,Draw,3.3
2026-08-23,a6f2622727548c33369cc15c88b2aabd,2026-09-05T14:00:00Z,NFO,TOT,LeoVegas,totals,Over 2.5,1.92
2026-08-23,a6f2622727548c33369cc15c88b2aabd,2026-09-05T14:00:00Z,NFO,TOT,LeoVegas,totals,Under 2.5,1.75
2026-08-23,a6f2622727548c33369cc15c88b2aabd,2026-09-05T14:00:00Z,NFO,TOT,Unibet (UK),h2h,Home win,2.65
2026-08-23,a6f2622727548c33369cc15c88b2aabd,2026-09-05T14:00:00Z,NFO,TOT,Unibet (UK),h2h,Away win,2.6
2026-08-23,a6f2622727548c33369cc15c88b2aabd,2026-09-05T14:00:00Z,NFO,TOT,Unibet (UK),h2h,Draw,3.3
2026-08-23,a6f2622727548c33369cc15c88b2aabd,2026-09-05T14:00:00Z,NFO,TOT,Betfred (UK),h2h,Home win,2.62
2026-08-23,a6f2622727548c33369cc15c88b2aabd,2026-09-05T14:00:00Z,NFO,TOT,Betfred (UK),h2h,Away win,2.6
2026-08-23,a6f2622727548c33369cc15c88b2aabd,2026-09-05T14:00:00Z,NFO,TOT,Betfred (UK),h2h,Draw,3.5
2026-08-23,a6f2622727548c33369cc15c88b2aabd,2026-09-05T14:00:00Z,NFO,TOT,Sky Bet,h2h,Home win,2.6
2026-08-23,a6f2622727548c33369cc15c88b2aabd,2026-09-05T14:00:00Z,NFO,TOT,Sky Bet,h2h,Away win,2.6
2026-08-23,a6f2622727548c33369cc15c88b2aabd,2026-09-05T14:00:00Z,NFO,TOT,Sky Bet,h2h,Draw,3.4
2026-08-23,a6f2622727548c33369cc15c88b2aabd,2026-09-05T14:00:00Z,NFO,TOT,Paddy Power,h2h,Home win,2.6
2026-08-23,a6f2622727548c33369cc15c88b2aabd,2026-09-05T14:00:00Z,NFO,TOT,Paddy Power,h2h,Away win,2.6
2026-08-23,a6f2622727548c33369cc15c88b2aabd,2026-09-05T14:00:00Z,NFO,TOT,Paddy Power,h2h,Draw,3.4
2026-08-23,a6f2622727548c33369cc15c88b2aabd,2026-09-05T14:00:00Z,NFO,TOT,Betfair,h2h,Home win,1.62
2026-08-23,a6f2622727548c33369cc15c88b2aabd,2026-09-05T14:00:00Z,NFO,TOT,Betfair,h2h,Away win,1.08
2026-08-23,a6f2622727548c33369cc15c88b2aabd,2026-09-05T14:00:00Z,NFO,TOT,Betfair,h2h,Draw,1.62
2026-08-23,a6f2622727548c33369cc15c88b2aabd,2026-09-05T14:00:00Z,NFO,TOT,888sport,h2h,Home win,2.62
2026-08-23,a6f2622727548c33369cc15c88b2aabd,2026-09-05T14:00:00Z,NFO,TOT,888sport,h2h,Away win,2.5
2026-08-23,a6f2622727548c33369cc15c88b2aabd,2026-09-05T14:00:00Z,NFO,TOT,888sport,h2h,Draw,3.25
2026-08-23,a6f2622727548c33369cc15c88b2aabd,2026-09-05T14:00:00Z,NFO,TOT,William Hill,h2h,Home win,2.62
2026-08-23,a6f2622727548c33369cc15c88b2aabd,2026-09-05T14:00:00Z,NFO,TOT,William Hill,h2h,Away win,2.5
2026-08-23,a6f2622727548c33369cc15c88b2aabd,2026-09-05T14:00:00Z,NFO,TOT,William Hill,h2h,Draw,3.25
2026-08-23,a6f2622727548c33369cc15c88b2aabd,2026-09-05T14:00:00Z,NFO,TOT,William Hill,totals,Over 2.5,2.0
2026-08-23,a6f2622727548c33369cc15c88b2aabd,2026-09-05T14:00:00Z,NFO,TOT,William Hill,totals,Under 2.5,1.75
2026-08-23,a6f2622727548c33369cc15c88b2aabd,2026-09-05T14:00:00Z,NFO,TOT,BoyleSports,h2h,Home win,2.62
2026-08-23,a6f2622727548c33369cc15c88b2aabd,2026-09-05T14:00:00Z,NFO,TOT,BoyleSports,h2h,Away win,2.6
2026-08-23,a6f2622727548c33369cc15c88b2aabd,2026-09-05T14:00:00Z,NFO,TOT,BoyleSports,h2h,Draw,3.4
2026-08-23,a6f2622727548c33369cc15c88b2aabd,2026-09-05T14:00:00Z,NFO,TOT,Smarkets,h2h,Home win,1.1
2026-08-23,a6f2622727548c33369cc15c88b2aabd,2026-09-05T14:00:00Z,NFO,TOT,Smarkets,h2h,Away win,1.05
2026-08-23,a6f2622727548c33369cc15c88b2aabd,2026-09-05T14:00:00Z,NFO,TOT,Smarkets,h2h,Draw,1.54
2026-08-23,21fd24ad6732df00774304a046d84fe9,2026-09-05T16:30:00Z,HUL,AVL,LeoVegas,h2h,Away win,1.64
2026-08-23,21fd24ad6732df00774304a046d84fe9,2026-09-05T16:30:00Z,HUL,AVL,LeoVegas,h2h,Home win,4.5
2026-08-23,21fd24ad6732df00774304a046d84fe9,2026-09-05T16:30:00Z,HUL,AVL,LeoVegas,h2h,Draw,3.9
2026-08-23,21fd24ad6732df00774304a046d84fe9,2026-09-05T16:30:00Z,HUL,AVL,LeoVegas,totals,Over 2.5,1.67
2026-08-23,21fd24ad6732df00774304a046d84fe9,2026-09-05T16:30:00Z,HUL,AVL,LeoVegas,totals,Under 2.5,2.05
2026-08-23,21fd24ad6732df00774304a046d84fe9,2026-09-05T16:30:00Z,HUL,AVL,Unibet (UK),h2h,Away win,1.67
2026-08-23,21fd24ad6732df00774304a046d84fe9,2026-09-05T16:30:00Z,HUL,AVL,Unibet (UK),h2h,Home win,4.6
2026-08-23,21fd24ad6732df00774304a046d84fe9,2026-09-05T16:30:00Z,HUL,AVL,Unibet (UK),h2h,Draw,3.9
2026-08-23,21fd24ad6732df00774304a046d84fe9,2026-09-05T16:30:00Z,HUL,AVL,Betfred (UK),h2h,Away win,1.7
2026-08-23,21fd24ad6732df00774304a046d84fe9,2026-09-05T16:30:00Z,HUL,AVL,Betfred (UK),h2h,Home win,4.6
2026-08-23,21fd24ad6732df00774304a046d84fe9,2026-09-05T16:30:00Z,HUL,AVL,Betfred (UK),h2h,Draw,4.0
2026-08-23,21fd24ad6732df00774304a046d84fe9,2026-09-05T16:30:00Z,HUL,AVL,Paddy Power,h2h,Away win,1.67
2026-08-23,21fd24ad6732df00774304a046d84fe9,2026-09-05T16:30:00Z,HUL,AVL,Paddy Power,h2h,Home win,4.5
2026-08-23,21fd24ad6732df00774304a046d84fe9,2026-09-05T16:30:00Z,HUL,AVL,Paddy Power,h2h,Draw,4.0
2026-08-23,21fd24ad6732df00774304a046d84fe9,2026-09-05T16:30:00Z,HUL,AVL,Sky Bet,h2h,Away win,1.67
2026-08-23,21fd24ad6732df00774304a046d84fe9,2026-09-05T16:30:00Z,HUL,AVL,Sky Bet,h2h,Home win,4.5
2026-08-23,21fd24ad6732df00774304a046d84fe9,2026-09-05T16:30:00Z,HUL,AVL,Sky Bet,h2h,Draw,3.9
2026-08-23,21fd24ad6732df00774304a046d84fe9,2026-09-05T16:30:00Z,HUL,AVL,Betfair,h2h,Away win,1.82
2026-08-23,21fd24ad6732df00774304a046d84fe9,2026-09-05T16:30:00Z,HUL,AVL,Betfair,h2h,Home win,1.06
2026-08-23,21fd24ad6732df00774304a046d84fe9,2026-09-05T16:30:00Z,HUL,AVL,Betfair,h2h,Draw,1.06
2026-08-23,21fd24ad6732df00774304a046d84fe9,2026-09-05T16:30:00Z,HUL,AVL,888sport,h2h,Away win,1.7
2026-08-23,21fd24ad6732df00774304a046d84fe9,2026-09-05T16:30:00Z,HUL,AVL,888sport,h2h,Home win,4.5
2026-08-23,21fd24ad6732df00774304a046d84fe9,2026-09-05T16:30:00Z,HUL,AVL,888sport,h2h,Draw,3.8
2026-08-23,21fd24ad6732df00774304a046d84fe9,2026-09-05T16:30:00Z,HUL,AVL,William Hill,h2h,Away win,1.7
2026-08-23,21fd24ad6732df00774304a046d84fe9,2026-09-05T16:30:00Z,HUL,AVL,William Hill,h2h,Home win,4.6
2026-08-23,21fd24ad6732df00774304a046d84fe9,2026-09-05T16:30:00Z,HUL,AVL,William Hill,h2h,Draw,3.8
2026-08-23,21fd24ad6732df00774304a046d84fe9,2026-09-05T16:30:00Z,HUL,AVL,William Hill,totals,Over 2.5,1.73
2026-08-23,21fd24ad6732df00774304a046d84fe9,2026-09-05T16:30:00Z,HUL,AVL,William Hill,totals,Under 2.5,2.05
2026-08-23,21fd24ad6732df00774304a046d84fe9,2026-09-05T16:30:00Z,HUL,AVL,BoyleSports,h2h,Away win,1.62
2026-08-23,21fd24ad6732df00774304a046d84fe9,2026-09-05T16:30:00Z,HUL,AVL,BoyleSports,h2h,Home win,4.75
2026-08-23,21fd24ad6732df00774304a046d84fe9,2026-09-05T16:30:00Z,HUL,AVL,BoyleSports,h2h,Draw,3.8
2026-08-23,21fd24ad6732df00774304a046d84fe9,2026-09-05T16:30:00Z,HUL,AVL,Smarkets,h2h,Away win,1.58
2026-08-23,21fd24ad6732df00774304a046d84fe9,2026-09-05T16:30:00Z,HUL,AVL,Smarkets,h2h,Home win,4.1
2026-08-23,21fd24ad6732df00774304a046d84fe9,2026-09-05T16:30:00Z,HUL,AVL,Smarkets,h2h,Draw,3.45
2026-08-23,8ea6c863f1852654399073b518b0a1f8,2026-09-06T13:00:00Z,EVE,MUN,LeoVegas,h2h,Home win,2.7
2026-08-23,8ea6c863f1852654399073b518b0a1f8,2026-09-06T13:00:00Z,EVE,MUN,LeoVegas,h2h,Away win,2.4
2026-08-23,8ea6c863f1852654399073b518b0a1f8,2026-09-06T13:00:00Z,EVE,MUN,LeoVegas,h2h,Draw,3.3
2026-08-23,8ea6c863f1852654399073b518b0a1f8,2026-09-06T13:00:00Z,EVE,MUN,LeoVegas,totals,Over 2.5,1.83
2026-08-23,8ea6c863f1852654399073b518b0a1f8,2026-09-06T13:00:00Z,EVE,MUN,LeoVegas,totals,Under 2.5,1.85
2026-08-23,8ea6c863f1852654399073b518b0a1f8,2026-09-06T13:00:00Z,EVE,MUN,Unibet (UK),h2h,Home win,2.75
2026-08-23,8ea6c863f1852654399073b518b0a1f8,2026-09-06T13:00:00Z,EVE,MUN,Unibet (UK),h2h,Away win,2.45
2026-08-23,8ea6c863f1852654399073b518b0a1f8,2026-09-06T13:00:00Z,EVE,MUN,Unibet (UK),h2h,Draw,3.3
2026-08-23,8ea6c863f1852654399073b518b0a1f8,2026-09-06T13:00:00Z,EVE,MUN,Betfred (UK),h2h,Home win,2.75
2026-08-23,8ea6c863f1852654399073b518b0a1f8,2026-09-06T13:00:00Z,EVE,MUN,Betfred (UK),h2h,Away win,2.5
2026-08-23,8ea6c863f1852654399073b518b0a1f8,2026-09-06T13:00:00Z,EVE,MUN,Betfred (UK),h2h,Draw,3.5
2026-08-23,8ea6c863f1852654399073b518b0a1f8,2026-09-06T13:00:00Z,EVE,MUN,Paddy Power,h2h,Home win,2.7
2026-08-23,8ea6c863f1852654399073b518b0a1f8,2026-09-06T13:00:00Z,EVE,MUN,Paddy Power,h2h,Away win,2.45
2026-08-23,8ea6c863f1852654399073b518b0a1f8,2026-09-06T13:00:00Z,EVE,MUN,Paddy Power,h2h,Draw,3.5
2026-08-23,8ea6c863f1852654399073b518b0a1f8,2026-09-06T13:00:00Z,EVE,MUN,Sky Bet,h2h,Home win,2.63
2026-08-23,8ea6c863f1852654399073b518b0a1f8,2026-09-06T13:00:00Z,EVE,MUN,Sky Bet,h2h,Away win,2.45
2026-08-23,8ea6c863f1852654399073b518b0a1f8,2026-09-06T13:00:00Z,EVE,MUN,Sky Bet,h2h,Draw,3.4
2026-08-23,8ea6c863f1852654399073b518b0a1f8,2026-09-06T13:00:00Z,EVE,MUN,Betfair,h2h,Home win,1.1
2026-08-23,8ea6c863f1852654399073b518b0a1f8,2026-09-06T13:00:00Z,EVE,MUN,Betfair,h2h,Away win,2.0
2026-08-23,8ea6c863f1852654399073b518b0a1f8,2026-09-06T13:00:00Z,EVE,MUN,Betfair,h2h,Draw,1.15
2026-08-23,8ea6c863f1852654399073b518b0a1f8,2026-09-06T13:00:00Z,EVE,MUN,888sport,h2h,Home win,2.75
2026-08-23,8ea6c863f1852654399073b518b0a1f8,2026-09-06T13:00:00Z,EVE,MUN,888sport,h2h,Away win,2.45
2026-08-23,8ea6c863f1852654399073b518b0a1f8,2026-09-06T13:00:00Z,EVE,MUN,888sport,h2h,Draw,3.25
2026-08-23,8ea6c863f1852654399073b518b0a1f8,2026-09-06T13:00:00Z,EVE,MUN,William Hill,h2h,Home win,2.75
2026-08-23,8ea6c863f1852654399073b518b0a1f8,2026-09-06T13:00:00Z,EVE,MUN,William Hill,h2h,Away win,2.5
2026-08-23,8ea6c863f1852654399073b518b0a1f8,2026-09-06T13:00:00Z,EVE,MUN,William Hill,h2h,Draw,3.25
2026-08-23,8ea6c863f1852654399073b518b0a1f8,2026-09-06T13:00:00Z,EVE,MUN,William Hill,totals,Over 2.5,1.85
2026-08-23,8ea6c863f1852654399073b518b0a1f8,2026-09-06T13:00:00Z,EVE,MUN,William Hill,totals,Under 2.5,1.85
2026-08-23,8ea6c863f1852654399073b518b0a1f8,2026-09-06T13:00:00Z,EVE,MUN,BoyleSports,h2h,Home win,2.75
2026-08-23,8ea6c863f1852654399073b518b0a1f8,2026-09-06T13:00:00Z,EVE,MUN,BoyleSports,h2h,Away win,2.38
2026-08-23,8ea6c863f1852654399073b518b0a1f8,2026-09-06T13:00:00Z,EVE,MUN,BoyleSports,h2h,Draw,3.4
2026-08-23,8ea6c863f1852654399073b518b0a1f8,2026-09-06T13:00:00Z,EVE,MUN,Smarkets,h2h,Home win,2.54
2026-08-23,8ea6c863f1852654399073b518b0a1f8,2026-09-06T13:00:00Z,EVE,MUN,Smarkets,h2h,Away win,2.28
2026-08-23,8ea6c863f1852654399073b518b0a1f8,2026-09-06T13:00:00Z,EVE,MUN,Smarkets,h2h,Draw,3.0
2026-08-23,78d4dfda8c2dc27bdc3ec26c2654f8fc,2026-09-06T15:30:00Z,ARS,CHE,Betfred (UK),h2h,Home win,1.67
2026-08-23,78d4dfda8c2dc27bdc3ec26c2654f8fc,2026-09-06T15:30:00Z,ARS,CHE,Betfred (UK),h2h,Away win,5.0
2026-08-23,78d4dfda8c2dc27bdc3ec26c2654f8fc,2026-09-06T15:30:00Z,ARS,CHE,Betfred (UK),h2h,Draw,4.0
2026-08-23,78d4dfda8c2dc27bdc3ec26c2654f8fc,2026-09-06T15:30:00Z,ARS,CHE,Paddy Power,h2h,Home win,1.62
2026-08-23,78d4dfda8c2dc27bdc3ec26c2654f8fc,2026-09-06T15:30:00Z,ARS,CHE,Paddy Power,h2h,Away win,5.0
2026-08-23,78d4dfda8c2dc27bdc3ec26c2654f8fc,2026-09-06T15:30:00Z,ARS,CHE,Paddy Power,h2h,Draw,3.8
2026-08-23,78d4dfda8c2dc27bdc3ec26c2654f8fc,2026-09-06T15:30:00Z,ARS,CHE,LeoVegas,h2h,Home win,1.6
2026-08-23,78d4dfda8c2dc27bdc3ec26c2654f8fc,2026-09-06T15:30:00Z,ARS,CHE,LeoVegas,h2h,Away win,5.0
2026-08-23,78d4dfda8c2dc27bdc3ec26c2654f8fc,2026-09-06T15:30:00Z,ARS,CHE,LeoVegas,h2h,Draw,3.75
2026-08-23,78d4dfda8c2dc27bdc3ec26c2654f8fc,2026-09-06T15:30:00Z,ARS,CHE,LeoVegas,totals,Over 2.5,1.8
2026-08-23,78d4dfda8c2dc27bdc3ec26c2654f8fc,2026-09-06T15:30:00Z,ARS,CHE,LeoVegas,totals,Under 2.5,1.85
2026-08-23,78d4dfda8c2dc27bdc3ec26c2654f8fc,2026-09-06T15:30:00Z,ARS,CHE,Sky Bet,h2h,Home win,1.62
2026-08-23,78d4dfda8c2dc27bdc3ec26c2654f8fc,2026-09-06T15:30:00Z,ARS,CHE,Sky Bet,h2h,Away win,5.0
2026-08-23,78d4dfda8c2dc27bdc3ec26c2654f8fc,2026-09-06T15:30:00Z,ARS,CHE,Sky Bet,h2h,Draw,3.9
2026-08-23,78d4dfda8c2dc27bdc3ec26c2654f8fc,2026-09-06T15:30:00Z,ARS,CHE,Unibet (UK),h2h,Home win,1.62
2026-08-23,78d4dfda8c2dc27bdc3ec26c2654f8fc,2026-09-06T15:30:00Z,ARS,CHE,Unibet (UK),h2h,Away win,5.25
2026-08-23,78d4dfda8c2dc27bdc3ec26c2654f8fc,2026-09-06T15:30:00Z,ARS,CHE,Unibet (UK),h2h,Draw,3.75
2026-08-23,78d4dfda8c2dc27bdc3ec26c2654f8fc,2026-09-06T15:30:00Z,ARS,CHE,Betfair,h2h,Home win,1.26
2026-08-23,78d4dfda8c2dc27bdc3ec26c2654f8fc,2026-09-06T15:30:00Z,ARS,CHE,Betfair,h2h,Away win,1.1
2026-08-23,78d4dfda8c2dc27bdc3ec26c2654f8fc,2026-09-06T15:30:00Z,ARS,CHE,Betfair,h2h,Draw,1.11
2026-08-23,78d4dfda8c2dc27bdc3ec26c2654f8fc,2026-09-06T15:30:00Z,ARS,CHE,888sport,h2h,Home win,1.67
2026-08-23,78d4dfda8c2dc27bdc3ec26c2654f8fc,2026-09-06T15:30:00Z,ARS,CHE,888sport,h2h,Away win,4.8
2026-08-23,78d4dfda8c2dc27bdc3ec26c2654f8fc,2026-09-06T15:30:00Z,ARS,CHE,888sport,h2h,Draw,3.7
2026-08-23,78d4dfda8c2dc27bdc3ec26c2654f8fc,2026-09-06T15:30:00Z,ARS,CHE,William Hill,h2h,Home win,1.67
2026-08-23,78d4dfda8c2dc27bdc3ec26c2654f8fc,2026-09-06T15:30:00Z,ARS,CHE,William Hill,h2h,Away win,5.0
2026-08-23,78d4dfda8c2dc27bdc3ec26c2654f8fc,2026-09-06T15:30:00Z,ARS,CHE,William Hill,h2h,Draw,3.75
2026-08-23,78d4dfda8c2dc27bdc3ec26c2654f8fc,2026-09-06T15:30:00Z,ARS,CHE,William Hill,totals,Over 2.5,1.85
2026-08-23,78d4dfda8c2dc27bdc3ec26c2654f8fc,2026-09-06T15:30:00Z,ARS,CHE,William Hill,totals,Under 2.5,1.91
2026-08-23,78d4dfda8c2dc27bdc3ec26c2654f8fc,2026-09-06T15:30:00Z,ARS,CHE,Smarkets,h2h,Home win,1.53
2026-08-23,78d4dfda8c2dc27bdc3ec26c2654f8fc,2026-09-06T15:30:00Z,ARS,CHE,Smarkets,h2h,Away win,4.6
2026-08-23,78d4dfda8c2dc27bdc3ec26c2654f8fc,2026-09-06T15:30:00Z,ARS,CHE,Smarkets,h2h,Draw,3.35
2026-08-23,78d4dfda8c2dc27bdc3ec26c2654f8fc,2026-09-06T15:30:00Z,ARS,CHE,BoyleSports,h2h,Home win,1.62
2026-08-23,78d4dfda8c2dc27bdc3ec26c2654f8fc,2026-09-06T15:30:00Z,ARS,CHE,BoyleSports,h2h,Away win,5.0
2026-08-23,78d4dfda8c2dc27bdc3ec26c2654f8fc,2026-09-06T15:30:00Z,ARS,CHE,BoyleSports,h2h,Draw,3.75
2026-08-23,78d4dfda8c2dc27bdc3ec26c2654f8fc,2026-09-06T15:30:00Z,ARS,CHE,Coral,h2h,Home win,1.65
2026-08-23,78d4dfda8c2dc27bdc3ec26c2654f8fc,2026-09-06T15:30:00Z,ARS,CHE,Coral,h2h,Away win,4.6
2026-08-23,78d4dfda8c2dc27bdc3ec26c2654f8fc,2026-09-06T15:30:00Z,ARS,CHE,Coral,h2h,Draw,3.75
2026-08-23,78d4dfda8c2dc27bdc3ec26c2654f8fc,2026-09-06T15:30:00Z,ARS,CHE,Ladbrokes,h2h,Home win,1.65
2026-08-23,78d4dfda8c2dc27bdc3ec26c2654f8fc,2026-09-06T15:30:00Z,ARS,CHE,Ladbrokes,h2h,Away win,4.6
2026-08-23,78d4dfda8c2dc27bdc3ec26c2654f8fc,2026-09-06T15:30:00Z,ARS,CHE,Ladbrokes,h2h,Draw,3.75
