Snapshot,GW,ID,Player,Team,Pos,Chance next GW,Settled snapshots (player),Starts (recent),Games (recent),Start rate (recent),Starts (overall),Games (overall),Start rate (overall),Appearances,Minutes per appearance,Classification,Start probability,Note
2026-08-23,1,1,Raya,ARS,GKP,,0,,,,,,,,,Insufficient data,,only 0 finished-gameweek snapshot(s) recorded; need at least 3.
2026-08-23,1,2,Arrizabalaga,ARS,GKP,,0,,,,,,,,,Insufficient data,,only 0 finished-gameweek snapshot(s) recorded; need at least 3.
2026-08-23,1,3,Meslier,ARS,GKP,,0,,,,,,,,,Insufficient data,,only 0 finished-gameweek snapshot(s) recorded; need at least 3.
2026-08-23,1,4,Gabriel,ARS,DEF,,0,,,,,,,,,Insufficient data,,only 0 finished-gameweek snapshot(s) recorded; need at least 3.
2026-08-23,1,5,J.Timber,ARS,DEF,0.0,0,,,,,,,,,Insufficient data,,only 0 finished-gameweek snapshot(s) recorded; need at least 3.
2026-08-23,1,6,Saliba,ARS,DEF,0.0,0,,,,,,,,,Insufficient data,,only 0 finished-gameweek snapshot(s) recorded; need at least 3.
2026-08-23,1,7,Lewis-Skelly,ARS,MID,,0,,,,,,,,,Insufficient data,,only 0 finished-gameweek snapshot(s) recorded; need at least 3.
2026-08-23,1,8,Calafiori,ARS,DEF,,0,,,,,,,,,Insufficient data,,only 0 finished-gameweek snapshot(s) recorded; need at least 3.
2026-08-23,1,9,Hincapie,ARS,DEF,,0,,,,,,,,,Insufficient data,,only 0 finished-gameweek snapshot(s) recorded; need at least 3.
2026-08-23,1,10,White,ARS,DEF,100.0,0,,,,,,,,,Insufficient data,,only 0 finished-gameweek snapshot(s) recorded; need at least 3.
2026-08-23,1,11,Mosquera,ARS,DEF,,0,,,,,,,,,Insufficient data,,only 0 finished-gameweek snapshot(s) recorded; need at least 3.
2026-08-23,1,12,Saka,ARS,MID,,0,,,,,,,,,Insufficient data,,only 0 finished-gameweek snapshot(s) recorded; need at least 3.
2026-08-23,1,13,Rice,ARS,MID,,0,,,,,,,,,Insufficient data,,only 0 finished-gameweek snapshot(s) recorded; need at least 3.
2026-08-23,1,14,Eze,ARS,MID,,0,,,,,,,,,Insufficient data,,only 0 finished-gameweek snapshot(s) recorded; need at least 3.
2026-08-23,1,15,Ødegaard,ARS,MID,,0,,,,,,,,,Insufficient data,,only 0 finished-gameweek snapshot(s) recorded; need at least 3.
2026-08-23,1,16,Madueke,ARS,MID,,0,,,,,,,,,Insufficient data,,only 0 finished-gameweek snapshot(s) recorded; need at least 3.
2026-08-23,1,17,Merino,ARS,MID,,0,,,,,,,,,Insufficient data,,only 0 finished-gameweek snapshot(s) recorded; need at least 3.
2026-08-23,1,18,Martinelli,ARS,MID,,0,,,,,,,,,Insufficient data,,only 0 finished-gameweek snapshot(s) recorded; need at least 3.
2026-08-23,1,19,Zubimendi,ARS,MID,,0,,,,,,,,,Insufficient data,,only 0 finished-gameweek snapshot(s) recorded; need at least 3.
2026-08-23,1,20,Dowman,ARS,MID,,0,,,,,,,,,Insufficient data,,only 0 finished-gameweek snapshot(s) recorded; need at least 3.
2026-08-23,1,21,Nørgaard,EVE,MID,0.0,0,,,,,,,,,Insufficient data,,only 0 finished-gameweek snapshot(s) recorded; need at least 3.
2026-08-23,1,22,Nwaneri,ARS,MID,,0,,,,,,,,,Insufficient data,,only 0 finished-gameweek snapshot(s) recorded; need at least 3.
2026-08-23,1,23,Fábio Vieira,ARS,MID,,0,,,,,,,,,Insufficient data,,only 0 finished-gameweek snapshot(s) recorded; need at least 3.
2026-08-23,1,24,Nelson,ARS,MID,,0,,,,,,,,,Insufficient data,,only 0 finished-gameweek snapshot(s) recorded; need at least 3.
2026-08-23,1,25,Gyökeres,ARS,FWD,,0,,,,,,,,,Insufficient data,,only 0 finished-gameweek snapshot(s) recorded; need at least 3.
2026-08-23,1,26,Havertz,ARS,FWD,,0,,,,,,,,,Insufficient data,,only 0 finished-gameweek snapshot(s) recorded; need at least 3.
2026-08-23,1,27,G.Jesus,ARS,FWD,,0,,,,,,,,,Insufficient data,,only 0 finished-gameweek snapshot(s) recorded; need at least 3.
2026-08-23,1,28,Martinez,AVL,GKP,,0,,,,,,,,,Insufficient data,,only 0 finished-gameweek snapshot(s) recorded; need at least 3.
2026-08-23,1,29,M.Bizot,AVL,GKP,,0,,,,,,,,,Insufficient data,,only 0 finished-gameweek snapshot(s) recorded; need at least 3.
2026-08-23,1,30,Digne,AVL,DEF,0.0,0,,,,,,,,,Insufficient data,,only 0 finished-gameweek snapshot(s) recorded; need at least 3.
2026-08-23,1,31,Konsa,ARS,DEF,,0,,,,,,,,,Insufficient data,,only 0 finished-gameweek snapshot(s) recorded; need at least 3.
2026-08-23,1,32,Cash,AVL,DEF,,0,,,,,,,,,Insufficient data,,only 0 finished-gameweek snapshot(s) recorded; need at least 3.
2026-08-23,1,33,Mings,AVL,DEF,,0,,,,,,,,,Insufficient data,,only 0 finished-gameweek snapshot(s) recorded; need at least 3.
2026-08-23,1,34,Pau,AVL,DEF,,0,,,,,,,,,Insufficient data,,only 0 finished-gameweek snapshot(s) recorded; need at least 3.
2026-08-23,1,35,Bogarde,AVL,MID,,0,,,,,,,,,Insufficient data,,only 0 finished-gameweek snapshot(s) recorded; need at least 3.
2026-08-23,1,36,Maatsen,AVL,DEF,,0,,,,,,,,,Insufficient data,,only 0 finished-gameweek snapshot(s) recorded; need at least 3.
2026-08-23,1,37,Lindelöf,AVL,DEF,,0,,,,,,,,,Insufficient data,,only 0 finished-gameweek snapshot(s) recorded; need at least 3.
2026-08-23,1,38,A.García,AVL,DEF,,0,,,,,,,,,Insufficient data,,only 0 finished-gameweek snapshot(s) recorded; need at least 3.
2026-08-23,1,39,Nedeljkovic,AVL,DEF,0.0,0,,,,,,,,,Insufficient data,,only 0 finished-gameweek snapshot(s) recorded; need at least 3.
2026-08-23,1,40,Rogers,CHE,MID,,0,,,,,,,,,Insufficient data,,only 0 finished-gameweek snapshot(s) recorded; need at least 3.
2026-08-23,1,41,Buendía,AVL,MID,,0,,,,,,,,,Insufficient data,,only 0 finished-gameweek snapshot(s) recorded; need at least 3.
2026-08-23,1,42,Guessand,CRY,MID,,0,,,,,,,,,Insufficient data,,only 0 finished-gameweek snapshot(s) recorded; need at least 3.
2026-08-23,1,43,Tielemans,MUN,MID,100.0,0,,,,,,,,,Insufficient data,,only 0 finished-gameweek snapshot(s) recorded; need at least 3.
2026-08-23,1,44,Bailey,AVL,MID,,0,,,,,,,,,Insufficient data,,only 0 finished-gameweek snapshot(s) recorded; need at least 3.
2026-08-23,1,45,McGinn,AVL,MID,,0,,,,,,,,,Insufficient data,,only 0 finished-gameweek snapshot(s) recorded; need at least 3.
2026-08-23,1,46,Barkley,AVL,MID,,0,,,,,,,,,Insufficient data,,only 0 finished-gameweek snapshot(s) recorded; need at least 3.
2026-08-23,1,47,Kamara,AVL,MID,100.0,0,,,,,,,,,Insufficient data,,only 0 finished-gameweek snapshot(s) recorded; need at least 3.
2026-08-23,1,48,Onana,AVL,MID,0.0,0,,,,,,,,,Insufficient data,,only 0 finished-gameweek snapshot(s) recorded; need at least 3.
2026-08-23,1,49,Iling Jr,AVL,MID,0.0,0,,,,,,,,,Insufficient data,,only 0 finished-gameweek snapshot(s) recorded; need at least 3.
2026-08-23,1,50,Burrowes,AVL,MID,,0,,,,,,,,,Insufficient data,,only 0 finished-gameweek snapshot(s) recorded; need at least 3.
2026-08-23,1,51,George Hemmings,AVL,MID,,0,,,,,,,,,Insufficient data,,only 0 finished-gameweek snapshot(s) recorded; need at least 3.
2026-08-23,1,52,Alysson,AVL,MID,,0,,,,,,,,,Insufficient data,,only 0 finished-gameweek snapshot(s) recorded; need at least 3.
2026-08-23,1,53,Manzambi,AVL,MID,0.0,0,,,,,,,,,Insufficient data,,only 0 finished-gameweek snapshot(s) recorded; need at least 3.
2026-08-23,1,54,Gomes,AVL,MID,0.0,0,,,,,,,,,Insufficient data,,only 0 finished-gameweek snapshot(s) recorded; need at least 3.
2026-08-23,1,55,Watkins,AVL,FWD,,0,,,,,,,,,Insufficient data,,only 0 finished-gameweek snapshot(s) recorded; need at least 3.
2026-08-23,1,56,Abraham,AVL,FWD,75.0,0,,,,,,,,,Insufficient data,,only 0 finished-gameweek snapshot(s) recorded; need at least 3.
2026-08-23,1,57,Petrović,BOU,GKP,,0,,,,,,,,,Insufficient data,,only 0 finished-gameweek snapshot(s) recorded; need at least 3.
2026-08-23,1,58,Forster,BOU,GKP,,0,,,,,,,,,Insufficient data,,only 0 finished-gameweek snapshot(s) recorded; need at least 3.
2026-08-23,1,59,Dennis,BOU,GKP,,0,,,,,,,,,Insufficient data,,only 0 finished-gameweek snapshot(s) recorded; need at least 3.
2026-08-23,1,60,Hill,BOU,DEF,,0,,,,,,,,,Insufficient data,,only 0 finished-gameweek snapshot(s) recorded; need at least 3.
2026-08-23,1,61,Truffert,BOU,DEF,,0,,,,,,,,,Insufficient data,,only 0 finished-gameweek snapshot(s) recorded; need at least 3.
2026-08-23,1,62,Diakité,BOU,DEF,,0,,,,,,,,,Insufficient data,,only 0 finished-gameweek snapshot(s) recorded; need at least 3.
2026-08-23,1,63,Milosavljević,BOU,DEF,0.0,0,,,,,,,,,Insufficient data,,only 0 finished-gameweek snapshot(s) recorded; need at least 3.
2026-08-23,1,64,Smith,BOU,DEF,,0,,,,,,,,,Insufficient data,,only 0 finished-gameweek snapshot(s) recorded; need at least 3.
2026-08-23,1,65,J.Araujo,BOU,DEF,0.0,0,,,,,,,,,Insufficient data,,only 0 finished-gameweek snapshot(s) recorded; need at least 3.
2026-08-23,1,66,Soler,BOU,DEF,75.0,0,,,,,,,,,Insufficient data,,only 0 finished-gameweek snapshot(s) recorded; need at least 3.
2026-08-23,1,67,Rayan,BOU,MID,,0,,,,,,,,,Insufficient data,,only 0 finished-gameweek snapshot(s) recorded; need at least 3.
2026-08-23,1,68,Tavernier,BOU,MID,,0,,,,,,,,,Insufficient data,,only 0 finished-gameweek snapshot(s) recorded; need at least 3.
2026-08-23,1,69,Scott,BOU,MID,,0,,,,,,,,,Insufficient data,,only 0 finished-gameweek snapshot(s) recorded; need at least 3.
2026-08-23,1,70,Kluivert,BOU,MID,,0,,,,,,,,,Insufficient data,,only 0 finished-gameweek snapshot(s) recorded; need at least 3.
2026-08-23,1,71,Cook,BOU,MID,,0,,,,,,,,,Insufficient data,,only 0 finished-gameweek snapshot(s) recorded; need at least 3.
2026-08-23,1,72,Gannon-Doak,BOU,MID,,0,,,,,,,,,Insufficient data,,only 0 finished-gameweek snapshot(s) recorded; need at least 3.
2026-08-23,1,73,Adams,BOU,MID,75.0,0,,,,,,,,,Insufficient data,,only 0 finished-gameweek snapshot(s) recorded; need at least 3.
2026-08-23,1,74,Brooks,BOU,MID,75.0,0,,,,,,,,,Insufficient data,,only 0 finished-gameweek snapshot(s) recorded; need at least 3.
2026-08-23,1,75,Christie,BOU,MID,0.0,0,,,,,,,,,Insufficient data,,only 0 finished-gameweek snapshot(s) recorded; need at least 3.
2026-08-23,1,76,Tóth.A,BOU,MID,,0,,,,,,,,,Insufficient data,,only 0 finished-gameweek snapshot(s) recorded; need at least 3.
2026-08-23,1,77,Adli,BOU,MID,0.0,0,,,,,,,,,Insufficient data,,only 0 finished-gameweek snapshot(s) recorded; need at least 3.
2026-08-23,1,78,Kroupi.Jr,BOU,MID,0.0,0,,,,,,,,,Insufficient data,,only 0 finished-gameweek snapshot(s) recorded; need at least 3.
2026-08-23,1,79,Evanilson,BOU,FWD,,0,,,,,,,,,Insufficient data,,only 0 finished-gameweek snapshot(s) recorded; need at least 3.
2026-08-23,1,80,Enes Ünal,BOU,FWD,0.0,0,,,,,,,,,Insufficient data,,only 0 finished-gameweek snapshot(s) recorded; need at least 3.
2026-08-23,1,81,Rodríguez,BOU,FWD,75.0,0,,,,,,,,,Insufficient data,,only 0 finished-gameweek snapshot(s) recorded; need at least 3.
2026-08-23,1,82,Kelleher,BRE,GKP,,0,,,,,,,,,Insufficient data,,only 0 finished-gameweek snapshot(s) recorded; need at least 3.
2026-08-23,1,83,Valdimarsson,BRE,GKP,,0,,,,,,,,,Insufficient data,,only 0 finished-gameweek snapshot(s) recorded; need at least 3.
2026-08-23,1,84,Collins,BRE,DEF,,0,,,,,,,,,Insufficient data,,only 0 finished-gameweek snapshot(s) recorded; need at least 3.
2026-08-23,1,85,Van den Berg,BRE,DEF,0.0,0,,,,,,,,,Insufficient data,,only 0 finished-gameweek snapshot(s) recorded; need at least 3.
2026-08-23,1,86,Lewis-Potter,BRE,MID,,0,,,,,,,,,Insufficient data,,only 0 finished-gameweek snapshot(s) recorded; need at least 3.
2026-08-23,1,87,Ajer,BRE,DEF,,0,,,,,,,,,Insufficient data,,only 0 finished-gameweek snapshot(s) recorded; need at least 3.
2026-08-23,1,88,Kayode,BRE,DEF,,0,,,,,,,,,Insufficient data,,only 0 finished-gameweek snapshot(s) recorded; need at least 3.
2026-08-23,1,89,Henry,BRE,DEF,,0,,,,,,,,,Insufficient data,,only 0 finished-gameweek snapshot(s) recorded; need at least 3.
2026-08-23,1,90,Hickey,BRE,DEF,,0,,,,,,,,,Insufficient data,,only 0 finished-gameweek snapshot(s) recorded; need at least 3.
2026-08-23,1,91,Pinnock,BRE,DEF,,0,,,,,,,,,Insufficient data,,only 0 finished-gameweek snapshot(s) recorded; need at least 3.
2026-08-23,1,92,Ji-soo,BRE,DEF,,0,,,,,,,,,Insufficient data,,only 0 finished-gameweek snapshot(s) recorded; need at least 3.
2026-08-23,1,93,Schuster,BRE,DEF,,0,,,,,,,,,Insufficient data,,only 0 finished-gameweek snapshot(s) recorded; need at least 3.
2026-08-23,1,94,Schade,BRE,MID,,0,,,,,,,,,Insufficient data,,only 0 finished-gameweek snapshot(s) recorded; need at least 3.
2026-08-23,1,95,O.Dango,BRE,MID,,0,,,,,,,,,Insufficient data,,only 0 finished-gameweek snapshot(s) recorded; need at least 3.
2026-08-23,1,96,Damsgaard,BRE,MID,,0,,,,,,,,,Insufficient data,,only 0 finished-gameweek snapshot(s) recorded; need at least 3.
2026-08-23,1,97,Jensen,BRE,MID,,0,,,,,,,,,Insufficient data,,only 0 finished-gameweek snapshot(s) recorded; need at least 3.
2026-08-23,1,98,Janelt,BRE,MID,,0,,,,,,,,,Insufficient data,,only 0 finished-gameweek snapshot(s) recorded; need at least 3.
2026-08-23,1,99,Milambo,BRE,MID,0.0,0,,,,,,,,,Insufficient data,,only 0 finished-gameweek snapshot(s) recorded; need at least 3.
2026-08-23,1,100,Carvalho,BRE,MID,75.0,0,,,,,,,,,Insufficient data,,only 0 finished-gameweek snapshot(s) recorded; need at least 3.
2026-08-23,1,101,Henderson,CHE,MID,75.0,0,,,,,,,,,Insufficient data,,only 0 finished-gameweek snapshot(s) recorded; need at least 3.
2026-08-23,1,102,Yarmoliuk,BRE,MID,,0,,,,,,,,,Insufficient data,,only 0 finished-gameweek snapshot(s) recorded; need at least 3.
2026-08-23,1,103,Dasilva,BRE,MID,,0,,,,,,,,,Insufficient data,,only 0 finished-gameweek snapshot(s) recorded; need at least 3.
2026-08-23,1,104,Onyeka,COV,MID,,0,,,,,,,,,Insufficient data,,only 0 finished-gameweek snapshot(s) recorded; need at least 3.
2026-08-23,1,105,Anthony,BRE,MID,,0,,,,,,,,,Insufficient data,,only 0 finished-gameweek snapshot(s) recorded; need at least 3.
2026-08-23,1,106,Thiago,BRE,FWD,,0,,,,,,,,,Insufficient data,,only 0 finished-gameweek snapshot(s) recorded; need at least 3.
2026-08-23,1,107,Furo,BRE,FWD,,0,,,,,,,,,Insufficient data,,only 0 finished-gameweek snapshot(s) recorded; need at least 3.
2026-08-23,1,108,Wilson,BRE,FWD,,0,,,,,,,,,Insufficient data,,only 0 finished-gameweek snapshot(s) recorded; need at least 3.
2026-08-23,1,109,Verbruggen,BHA,GKP,,0,,,,,,,,,Insufficient data,,only 0 finished-gameweek snapshot(s) recorded; need at least 3.
2026-08-23,1,110,Rushworth,COV,GKP,,0,,,,,,,,,Insufficient data,,only 0 finished-gameweek snapshot(s) recorded; need at least 3.
2026-08-23,1,111,Steele,BHA,GKP,,0,,,,,,,,,Insufficient data,,only 0 finished-gameweek snapshot(s) recorded; need at least 3.
2026-08-23,1,112,Van Hecke,TOT,DEF,,0,,,,,,,,,Insufficient data,,only 0 finished-gameweek snapshot(s) recorded; need at least 3.
2026-08-23,1,113,F.Kadıoğlu,BHA,DEF,,0,,,,,,,,,Insufficient data,,only 0 finished-gameweek snapshot(s) recorded; need at least 3.
2026-08-23,1,114,Boscagli,BHA,DEF,,0,,,,,,,,,Insufficient data,,only 0 finished-gameweek snapshot(s) recorded; need at least 3.
2026-08-23,1,115,De Cuyper,BHA,DEF,,0,,,,,,,,,Insufficient data,,only 0 finished-gameweek snapshot(s) recorded; need at least 3.
2026-08-23,1,116,Dunk,BHA,DEF,,0,,,,,,,,,Insufficient data,,only 0 finished-gameweek snapshot(s) recorded; need at least 3.
2026-08-23,1,117,Coppola,BHA,DEF,,0,,,,,,,,,Insufficient data,,only 0 finished-gameweek snapshot(s) recorded; need at least 3.
2026-08-23,1,118,Igor,BHA,DEF,,0,,,,,,,,,Insufficient data,,only 0 finished-gameweek snapshot(s) recorded; need at least 3.
2026-08-23,1,119,Costinha,BHA,DEF,,0,,,,,,,,,Insufficient data,,only 0 finished-gameweek snapshot(s) recorded; need at least 3.
2026-08-23,1,120,Svoboda,BHA,DEF,,0,,,,,,,,,Insufficient data,,only 0 finished-gameweek snapshot(s) recorded; need at least 3.
2026-08-23,1,121,Mitoma,BHA,MID,0.0,0,,,,,,,,,Insufficient data,,only 0 finished-gameweek snapshot(s) recorded; need at least 3.
2026-08-23,1,122,Minteh,BHA,MID,0.0,0,,,,,,,,,Insufficient data,,only 0 finished-gameweek snapshot(s) recorded; need at least 3.
2026-08-23,1,123,Hinshelwood,BHA,MID,,0,,,,,,,,,Insufficient data,,only 0 finished-gameweek snapshot(s) recorded; need at least 3.
2026-08-23,1,124,Groß,BHA,MID,,0,,,,,,,,,Insufficient data,,only 0 finished-gameweek snapshot(s) recorded; need at least 3.
2026-08-23,1,125,Georginio,BHA,FWD,,0,,,,,,,,,Insufficient data,,only 0 finished-gameweek snapshot(s) recorded; need at least 3.
2026-08-23,1,126,O'Riley,BHA,MID,,0,,,,,,,,,Insufficient data,,only 0 finished-gameweek snapshot(s) recorded; need at least 3.
2026-08-23,1,127,Gomez,BHA,MID,,0,,,,,,,,,Insufficient data,,only 0 finished-gameweek snapshot(s) recorded; need at least 3.
2026-08-23,1,128,Buonanotte,BHA,MID,0.0,0,,,,,,,,,Insufficient data,,only 0 finished-gameweek snapshot(s) recorded; need at least 3.
2026-08-23,1,129,Ayari,BHA,MID,,0,,,,,,,,,Insufficient data,,only 0 finished-gameweek snapshot(s) recorded; need at least 3.
2026-08-23,1,130,Wieffer,BHA,DEF,,0,,,,,,,,,Insufficient data,,only 0 finished-gameweek snapshot(s) recorded; need at least 3.
2026-08-23,1,131,Baleba,BHA,MID,0.0,0,,,,,,,,,Insufficient data,,only 0 finished-gameweek snapshot(s) recorded; need at least 3.
2026-08-23,1,132,Howell,BHA,MID,0.0,0,,,,,,,,,Insufficient data,,only 0 finished-gameweek snapshot(s) recorded; need at least 3.
2026-08-23,1,133,Watson,BHA,MID,0.0,0,,,,,,,,,Insufficient data,,only 0 finished-gameweek snapshot(s) recorded; need at least 3.
2026-08-23,1,134,Oriola,BHA,MID,,0,,,,,,,,,Insufficient data,,only 0 finished-gameweek snapshot(s) recorded; need at least 3.
2026-08-23,1,135,Yohanna,BHA,MID,,0,,,,,,,,,Insufficient data,,only 0 finished-gameweek snapshot(s) recorded; need at least 3.
2026-08-23,1,136,Welbeck,CHE,FWD,75.0,0,,,,,,,,,Insufficient data,,only 0 finished-gameweek snapshot(s) recorded; need at least 3.
2026-08-23,1,137,Tzimas,BHA,FWD,0.0,0,,,,,,,,,Insufficient data,,only 0 finished-gameweek snapshot(s) recorded; need at least 3.
2026-08-23,1,138,Kostoulas,BHA,FWD,,0,,,,,,,,,Insufficient data,,only 0 finished-gameweek snapshot(s) recorded; need at least 3.
2026-08-23,1,139,Ferguson,BHA,FWD,0.0,0,,,,,,,,,Insufficient data,,only 0 finished-gameweek snapshot(s) recorded; need at least 3.
2026-08-23,1,140,Sánchez,CHE,GKP,,0,,,,,,,,,Insufficient data,,only 0 finished-gameweek snapshot(s) recorded; need at least 3.
2026-08-23,1,141,Jörgensen,CHE,GKP,0.0,0,,,,,,,,,Insufficient data,,only 0 finished-gameweek snapshot(s) recorded; need at least 3.
2026-08-23,1,142,James,CHE,DEF,,0,,,,,,,,,Insufficient data,,only 0 finished-gameweek snapshot(s) recorded; need at least 3.
2026-08-23,1,143,Chalobah,CHE,DEF,0.0,0,,,,,,,,,Insufficient data,,only 0 finished-gameweek snapshot(s) recorded; need at least 3.
2026-08-23,1,144,Gusto,CHE,DEF,,0,,,,,,,,,Insufficient data,,only 0 finished-gameweek snapshot(s) recorded; need at least 3.
2026-08-23,1,145,Fofana,CHE,DEF,0.0,0,,,,,,,,,Insufficient data,,only 0 finished-gameweek snapshot(s) recorded; need at least 3.
2026-08-23,1,146,B.Badiashile,CHE,DEF,,0,,,,,,,,,Insufficient data,,only 0 finished-gameweek snapshot(s) recorded; need at least 3.
2026-08-23,1,147,Tosin,CHE,DEF,,0,,,,,,,,,Insufficient data,,only 0 finished-gameweek snapshot(s) recorded; need at least 3.
2026-08-23,1,148,Hato,CHE,DEF,,0,,,,,,,,,Insufficient data,,only 0 finished-gameweek snapshot(s) recorded; need at least 3.
2026-08-23,1,149,Colwill,CHE,DEF,,0,,,,,,,,,Insufficient data,,only 0 finished-gameweek snapshot(s) recorded; need at least 3.
2026-08-23,1,150,M.Sarr,CHE,DEF,,0,,,,,,,,,Insufficient data,,only 0 finished-gameweek snapshot(s) recorded; need at least 3.
2026-08-23,1,151,Acheampong,CHE,DEF,,0,,,,,,,,,Insufficient data,,only 0 finished-gameweek snapshot(s) recorded; need at least 3.
2026-08-23,1,152,Palestra,CHE,DEF,,0,,,,,,,,,Insufficient data,,only 0 finished-gameweek snapshot(s) recorded; need at least 3.
2026-08-23,1,153,Disasi,CHE,DEF,,0,,,,,,,,,Insufficient data,,only 0 finished-gameweek snapshot(s) recorded; need at least 3.
2026-08-23,1,154,Palmer,CHE,MID,,0,,,,,,,,,Insufficient data,,only 0 finished-gameweek snapshot(s) recorded; need at least 3.
2026-08-23,1,155,Enzo,CHE,MID,,0,,,,,,,,,Insufficient data,,only 0 finished-gameweek snapshot(s) recorded; need at least 3.
2026-08-23,1,156,Neto,CHE,MID,,0,,,,,,,,,Insufficient data,,only 0 finished-gameweek snapshot(s) recorded; need at least 3.
2026-08-23,1,157,Estêvão,CHE,MID,,0,,,,,,,,,Insufficient data,,only 0 finished-gameweek snapshot(s) recorded; need at least 3.
2026-08-23,1,158,Gittens,CHE,MID,,0,,,,,,,,,Insufficient data,,only 0 finished-gameweek snapshot(s) recorded; need at least 3.
2026-08-23,1,159,Caicedo,CHE,MID,,0,,,,,,,,,Insufficient data,,only 0 finished-gameweek snapshot(s) recorded; need at least 3.
2026-08-23,1,160,Garnacho,AVL,MID,,0,,,,,,,,,Insufficient data,,only 0 finished-gameweek snapshot(s) recorded; need at least 3.
2026-08-23,1,161,Lavia,CHE,MID,,0,,,,,,,,,Insufficient data,,only 0 finished-gameweek snapshot(s) recorded; need at least 3.
2026-08-23,1,162,Andrey Santos,MUN,MID,,0,,,,,,,,,Insufficient data,,only 0 finished-gameweek snapshot(s) recorded; need at least 3.
2026-08-23,1,163,D.Essugo,CHE,MID,,0,,,,,,,,,Insufficient data,,only 0 finished-gameweek snapshot(s) recorded; need at least 3.
2026-08-23,1,164,Quenda,CHE,MID,100.0,0,,,,,,,,,Insufficient data,,only 0 finished-gameweek snapshot(s) recorded; need at least 3.
2026-08-23,1,165,João Pedro,CHE,FWD,,0,,,,,,,,,Insufficient data,,only 0 finished-gameweek snapshot(s) recorded; need at least 3.
2026-08-23,1,166,N.Jackson,CHE,FWD,,0,,,,,,,,,Insufficient data,,only 0 finished-gameweek snapshot(s) recorded; need at least 3.
2026-08-23,1,167,Delap,CHE,FWD,,0,,,,,,,,,Insufficient data,,only 0 finished-gameweek snapshot(s) recorded; need at least 3.
2026-08-23,1,168,Marc Guiu,CHE,FWD,,0,,,,,,,,,Insufficient data,,only 0 finished-gameweek snapshot(s) recorded; need at least 3.
2026-08-23,1,169,Mheuka,CHE,FWD,,0,,,,,,,,,Insufficient data,,only 0 finished-gameweek snapshot(s) recorded; need at least 3.
2026-08-23,1,170,Emegha,CHE,FWD,100.0,0,,,,,,,,,Insufficient data,,only 0 finished-gameweek snapshot(s) recorded; need at least 3.
2026-08-23,1,171,Dovin,COV,GKP,,0,,,,,,,,,Insufficient data,,only 0 finished-gameweek snapshot(s) recorded; need at least 3.
2026-08-23,1,172,Wilson,COV,GKP,,0,,,,,,,,,Insufficient data,,only 0 finished-gameweek snapshot(s) recorded; need at least 3.
2026-08-23,1,173,Thomas,COV,DEF,,0,,,,,,,,,Insufficient data,,only 0 finished-gameweek snapshot(s) recorded; need at least 3.
2026-08-23,1,174,Kitching,COV,DEF,,0,,,,,,,,,Insufficient data,,only 0 finished-gameweek snapshot(s) recorded; need at least 3.
2026-08-23,1,175,van Ewijk,COV,DEF,,0,,,,,,,,,Insufficient data,,only 0 finished-gameweek snapshot(s) recorded; need at least 3.
2026-08-23,1,176,Dasilva,COV,DEF,,0,,,,,,,,,Insufficient data,,only 0 finished-gameweek snapshot(s) recorded; need at least 3.
2026-08-23,1,177,Kesler-Hayden,COV,DEF,,0,,,,,,,,,Insufficient data,,only 0 finished-gameweek snapshot(s) recorded; need at least 3.
2026-08-23,1,178,Bidwell,COV,DEF,,0,,,,,,,,,Insufficient data,,only 0 finished-gameweek snapshot(s) recorded; need at least 3.
2026-08-23,1,179,Latibeaudiere,COV,DEF,,0,,,,,,,,,Insufficient data,,only 0 finished-gameweek snapshot(s) recorded; need at least 3.
2026-08-23,1,180,Woolfenden,COV,DEF,,0,,,,,,,,,Insufficient data,,only 0 finished-gameweek snapshot(s) recorded; need at least 3.
2026-08-23,1,181,Brau,COV,DEF,,0,,,,,,,,,Insufficient data,,only 0 finished-gameweek snapshot(s) recorded; need at least 3.
2026-08-23,1,182,Amenda,COV,DEF,,0,,,,,,,,,Insufficient data,,only 0 finished-gameweek snapshot(s) recorded; need at least 3.
2026-08-23,1,183,Rudoni,COV,MID,100.0,0,,,,,,,,,Insufficient data,,only 0 finished-gameweek snapshot(s) recorded; need at least 3.
2026-08-23,1,184,Grimes,COV,MID,,0,,,,,,,,,Insufficient data,,only 0 finished-gameweek snapshot(s) recorded; need at least 3.
2026-08-23,1,185,Sakamoto,COV,MID,,0,,,,,,,,,Insufficient data,,only 0 finished-gameweek snapshot(s) recorded; need at least 3.
2026-08-23,1,186,Mason-Clark,COV,MID,100.0,0,,,,,,,,,Insufficient data,,only 0 finished-gameweek snapshot(s) recorded; need at least 3.
2026-08-23,1,187,Eccles,COV,MID,,0,,,,,,,,,Insufficient data,,only 0 finished-gameweek snapshot(s) recorded; need at least 3.
2026-08-23,1,188,Torp,COV,MID,,0,,,,,,,,,Insufficient data,,only 0 finished-gameweek snapshot(s) recorded; need at least 3.
2026-08-23,1,189,Shepherd,COV,MID,,0,,,,,,,,,Insufficient data,,only 0 finished-gameweek snapshot(s) recorded; need at least 3.
2026-08-23,1,190,Tchaouna,COV,MID,,0,,,,,,,,,Insufficient data,,only 0 finished-gameweek snapshot(s) recorded; need at least 3.
2026-08-23,1,191,Borges Rodrigues,COV,MID,,0,,,,,,,,,Insufficient data,,only 0 finished-gameweek snapshot(s) recorded; need at least 3.
2026-08-23,1,192,Andrews,COV,MID,,0,,,,,,,,,Insufficient data,,only 0 finished-gameweek snapshot(s) recorded; need at least 3.
2026-08-23,1,193,Wright,COV,FWD,0.0,0,,,,,,,,,Insufficient data,,only 0 finished-gameweek snapshot(s) recorded; need at least 3.
2026-08-23,1,194,Thomas-Asante,COV,FWD,,0,,,,,,,,,Insufficient data,,only 0 finished-gameweek snapshot(s) recorded; need at least 3.
2026-08-23,1,195,Simms,COV,FWD,,0,,,,,,,,,Insufficient data,,only 0 finished-gameweek snapshot(s) recorded; need at least 3.
2026-08-23,1,196,Markelo,COV,FWD,0.0,0,,,,,,,,,Insufficient data,,only 0 finished-gameweek snapshot(s) recorded; need at least 3.
2026-08-23,1,197,Bassette,COV,FWD,0.0,0,,,,,,,,,Insufficient data,,only 0 finished-gameweek snapshot(s) recorded; need at least 3.
2026-08-23,1,198,Henderson,CRY,GKP,75.0,0,,,,,,,,,Insufficient data,,only 0 finished-gameweek snapshot(s) recorded; need at least 3.
2026-08-23,1,199,Benitez,CRY,GKP,,0,,,,,,,,,Insufficient data,,only 0 finished-gameweek snapshot(s) recorded; need at least 3.
2026-08-23,1,200,Lacroix,CHE,DEF,,0,,,,,,,,,Insufficient data,,only 0 finished-gameweek snapshot(s) recorded; need at least 3.
2026-08-23,1,201,Muñoz,CRY,DEF,,0,,,,,,,,,Insufficient data,,only 0 finished-gameweek snapshot(s) recorded; need at least 3.
2026-08-23,1,202,Richards,CRY,DEF,,0,,,,,,,,,Insufficient data,,only 0 finished-gameweek snapshot(s) recorded; need at least 3.
2026-08-23,1,203,Canvot,CRY,DEF,,0,,,,,,,,,Insufficient data,,only 0 finished-gameweek snapshot(s) recorded; need at least 3.
2026-08-23,1,204,Mitchell,CRY,DEF,,0,,,,,,,,,Insufficient data,,only 0 finished-gameweek snapshot(s) recorded; need at least 3.
2026-08-23,1,205,Sosa,CRY,DEF,,0,,,,,,,,,Insufficient data,,only 0 finished-gameweek snapshot(s) recorded; need at least 3.
2026-08-23,1,206,Chadi Riad,CRY,DEF,,0,,,,,,,,,Insufficient data,,only 0 finished-gameweek snapshot(s) recorded; need at least 3.
2026-08-23,1,207,Mingueza,CRY,DEF,,0,,,,,,,,,Insufficient data,,only 0 finished-gameweek snapshot(s) recorded; need at least 3.
2026-08-23,1,208,Sarr,CRY,MID,,0,,,,,,,,,Insufficient data,,only 0 finished-gameweek snapshot(s) recorded; need at least 3.
2026-08-23,1,209,Johnson,EVE,MID,,0,,,,,,,,,Insufficient data,,only 0 finished-gameweek snapshot(s) recorded; need at least 3.
2026-08-23,1,210,Wharton,CRY,MID,100.0,0,,,,,,,,,Insufficient data,,only 0 finished-gameweek snapshot(s) recorded; need at least 3.
2026-08-23,1,211,Yeremy,CRY,MID,,0,,,,,,,,,Insufficient data,,only 0 finished-gameweek snapshot(s) recorded; need at least 3.
2026-08-23,1,212,Hughes,CRY,MID,,0,,,,,,,,,Insufficient data,,only 0 finished-gameweek snapshot(s) recorded; need at least 3.
2026-08-23,1,213,Lerma,CRY,MID,,0,,,,,,,,,Insufficient data,,only 0 finished-gameweek snapshot(s) recorded; need at least 3.
2026-08-23,1,214,Kamada,CRY,MID,,0,,,,,,,,,Insufficient data,,only 0 finished-gameweek snapshot(s) recorded; need at least 3.
2026-08-23,1,215,Devenny,CRY,MID,,0,,,,,,,,,Insufficient data,,only 0 finished-gameweek snapshot(s) recorded; need at least 3.
2026-08-23,1,216,Esse,CRY,MID,,0,,,,,,,,,Insufficient data,,only 0 finished-gameweek snapshot(s) recorded; need at least 3.
2026-08-23,1,217,M.França,CRY,MID,,0,,,,,,,,,Insufficient data,,only 0 finished-gameweek snapshot(s) recorded; need at least 3.
2026-08-23,1,218,Doucouré,CRY,MID,,0,,,,,,,,,Insufficient data,,only 0 finished-gameweek snapshot(s) recorded; need at least 3.
2026-08-23,1,219,J.Rak-Sakyi,CRY,MID,,0,,,,,,,,,Insufficient data,,only 0 finished-gameweek snapshot(s) recorded; need at least 3.
2026-08-23,1,220,Cardines,CRY,DEF,0.0,0,,,,,,,,,Insufficient data,,only 0 finished-gameweek snapshot(s) recorded; need at least 3.
2026-08-23,1,221,Drakes-Thomas,CRY,MID,,0,,,,,,,,,Insufficient data,,only 0 finished-gameweek snapshot(s) recorded; need at least 3.
2026-08-23,1,222,Strand Larsen,CRY,FWD,,0,,,,,,,,,Insufficient data,,only 0 finished-gameweek snapshot(s) recorded; need at least 3.
2026-08-23,1,223,Mateta,CRY,FWD,,0,,,,,,,,,Insufficient data,,only 0 finished-gameweek snapshot(s) recorded; need at least 3.
2026-08-23,1,224,Nketiah,CRY,FWD,,0,,,,,,,,,Insufficient data,,only 0 finished-gameweek snapshot(s) recorded; need at least 3.
2026-08-23,1,225,Uche,CRY,FWD,0.0,0,,,,,,,,,Insufficient data,,only 0 finished-gameweek snapshot(s) recorded; need at least 3.
2026-08-23,1,226,Pickford,EVE,GKP,,0,,,,,,,,,Insufficient data,,only 0 finished-gameweek snapshot(s) recorded; need at least 3.
2026-08-23,1,227,Travers,EVE,GKP,,0,,,,,,,,,Insufficient data,,only 0 finished-gameweek snapshot(s) recorded; need at least 3.
2026-08-23,1,228,King,EVE,GKP,,0,,,,,,,,,Insufficient data,,only 0 finished-gameweek snapshot(s) recorded; need at least 3.
2026-08-23,1,229,Tarkowski,EVE,DEF,,0,,,,,,,,,Insufficient data,,only 0 finished-gameweek snapshot(s) recorded; need at least 3.
2026-08-23,1,230,Branthwaite,EVE,DEF,,0,,,,,,,,,Insufficient data,,only 0 finished-gameweek snapshot(s) recorded; need at least 3.
2026-08-23,1,231,Keane,EVE,DEF,,0,,,,,,,,,Insufficient data,,only 0 finished-gameweek snapshot(s) recorded; need at least 3.
2026-08-23,1,232,O'Brien,EVE,DEF,,0,,,,,,,,,Insufficient data,,only 0 finished-gameweek snapshot(s) recorded; need at least 3.
2026-08-23,1,233,Mykolenko,EVE,DEF,,0,,,,,,,,,Insufficient data,,only 0 finished-gameweek snapshot(s) recorded; need at least 3.
2026-08-23,1,234,Patterson,EVE,DEF,,0,,,,,,,,,Insufficient data,,only 0 finished-gameweek snapshot(s) recorded; need at least 3.
2026-08-23,1,235,Aznou,EVE,DEF,,0,,,,,,,,,Insufficient data,,only 0 finished-gameweek snapshot(s) recorded; need at least 3.
2026-08-23,1,236,Dewsbury-Hall,EVE,MID,,0,,,,,,,,,Insufficient data,,only 0 finished-gameweek snapshot(s) recorded; need at least 3.
2026-08-23,1,237,Ndiaye,EVE,MID,,0,,,,,,,,,Insufficient data,,only 0 finished-gameweek snapshot(s) recorded; need at least 3.
2026-08-23,1,238,Grealish,MCI,MID,100.0,0,,,,,,,,,Insufficient data,,only 0 finished-gameweek snapshot(s) recorded; need at least 3.
2026-08-23,1,239,Garner,EVE,MID,25.0,0,,,,,,,,,Insufficient data,,only 0 finished-gameweek snapshot(s) recorded; need at least 3.
2026-08-23,1,240,Iroegbunam,EVE,MID,0.0,0,,,,,,,,,Insufficient data,,only 0 finished-gameweek snapshot(s) recorded; need at least 3.
2026-08-23,1,241,McNeil,CRY,MID,,0,,,,,,,,,Insufficient data,,only 0 finished-gameweek snapshot(s) recorded; need at least 3.
2026-08-23,1,242,George,EVE,MID,,0,,,,,,,,,Insufficient data,,only 0 finished-gameweek snapshot(s) recorded; need at least 3.
2026-08-23,1,243,Alcaraz,EVE,MID,,0,,,,,,,,,Insufficient data,,only 0 finished-gameweek snapshot(s) recorded; need at least 3.
2026-08-23,1,244,Armstrong,EVE,MID,,0,,,,,,,,,Insufficient data,,only 0 finished-gameweek snapshot(s) recorded; need at least 3.
2026-08-23,1,245,Dibling,EVE,MID,,0,,,,,,,,,Insufficient data,,only 0 finished-gameweek snapshot(s) recorded; need at least 3.
2026-08-23,1,246,Röhl,EVE,MID,,0,,,,,,,,,Insufficient data,,only 0 finished-gameweek snapshot(s) recorded; need at least 3.
2026-08-23,1,247,Hackney,EVE,MID,,0,,,,,,,,,Insufficient data,,only 0 finished-gameweek snapshot(s) recorded; need at least 3.
2026-08-23,1,248,Beto,EVE,FWD,,0,,,,,,,,,Insufficient data,,only 0 finished-gameweek snapshot(s) recorded; need at least 3.
2026-08-23,1,249,Barry,EVE,FWD,,0,,,,,,,,,Insufficient data,,only 0 finished-gameweek snapshot(s) recorded; need at least 3.
2026-08-23,1,250,Leno,FUL,GKP,,0,,,,,,,,,Insufficient data,,only 0 finished-gameweek snapshot(s) recorded; need at least 3.
2026-08-23,1,251,Lecomte,FUL,GKP,,0,,,,,,,,,Insufficient data,,only 0 finished-gameweek snapshot(s) recorded; need at least 3.
2026-08-23,1,252,McNally,FUL,GKP,,0,,,,,,,,,Insufficient data,,only 0 finished-gameweek snapshot(s) recorded; need at least 3.
2026-08-23,1,253,Andersen,FUL,DEF,0.0,0,,,,,,,,,Insufficient data,,only 0 finished-gameweek snapshot(s) recorded; need at least 3.
2026-08-23,1,254,Robinson,FUL,DEF,,0,,,,,,,,,Insufficient data,,only 0 finished-gameweek snapshot(s) recorded; need at least 3.
2026-08-23,1,255,J.Cuenca,FUL,DEF,,0,,,,,,,,,Insufficient data,,only 0 finished-gameweek snapshot(s) recorded; need at least 3.
2026-08-23,1,256,Tete,FUL,DEF,,0,,,,,,,,,Insufficient data,,only 0 finished-gameweek snapshot(s) recorded; need at least 3.
2026-08-23,1,257,Bassey,FUL,DEF,,0,,,,,,,,,Insufficient data,,only 0 finished-gameweek snapshot(s) recorded; need at least 3.
2026-08-23,1,258,Castagne,FUL,DEF,,0,,,,,,,,,Insufficient data,,only 0 finished-gameweek snapshot(s) recorded; need at least 3.
2026-08-23,1,259,Diop,IPS,DEF,,0,,,,,,,,,Insufficient data,,only 0 finished-gameweek snapshot(s) recorded; need at least 3.
2026-08-23,1,260,Wilson,LEE,MID,,0,,,,,,,,,Insufficient data,,only 0 finished-gameweek snapshot(s) recorded; need at least 3.
2026-08-23,1,261,Iwobi,FUL,MID,,0,,,,,,,,,Insufficient data,,only 0 finished-gameweek snapshot(s) recorded; need at least 3.
2026-08-23,1,262,Smith Rowe,FUL,MID,,0,,,,,,,,,Insufficient data,,only 0 finished-gameweek snapshot(s) recorded; need at least 3.
2026-08-23,1,263,Kevin,FUL,MID,,0,,,,,,,,,Insufficient data,,only 0 finished-gameweek snapshot(s) recorded; need at least 3.
2026-08-23,1,264,Bobb,FUL,MID,,0,,,,,,,,,Insufficient data,,only 0 finished-gameweek snapshot(s) recorded; need at least 3.
2026-08-23,1,265,Berge,FUL,MID,,0,,,,,,,,,Insufficient data,,only 0 finished-gameweek snapshot(s) recorded; need at least 3.
2026-08-23,1,266,Cairney,FUL,MID,0.0,0,,,,,,,,,Insufficient data,,only 0 finished-gameweek snapshot(s) recorded; need at least 3.
2026-08-23,1,267,Lukić,IPS,MID,,0,,,,,,,,,Insufficient data,,only 0 finished-gameweek snapshot(s) recorded; need at least 3.
2026-08-23,1,268,King,FUL,MID,,0,,,,,,,,,Insufficient data,,only 0 finished-gameweek snapshot(s) recorded; need at least 3.
2026-08-23,1,269,Sessegnon,FUL,DEF,,0,,,,,,,,,Insufficient data,,only 0 finished-gameweek snapshot(s) recorded; need at least 3.
2026-08-23,1,270,Reed,FUL,MID,,0,,,,,,,,,Insufficient data,,only 0 finished-gameweek snapshot(s) recorded; need at least 3.
2026-08-23,1,271,Muniz,FUL,FWD,,0,,,,,,,,,Insufficient data,,only 0 finished-gameweek snapshot(s) recorded; need at least 3.
2026-08-23,1,272,Kusi-Asare,FUL,FWD,,0,,,,,,,,,Insufficient data,,only 0 finished-gameweek snapshot(s) recorded; need at least 3.
2026-08-23,1,273,Phillips,HUL,GKP,,0,,,,,,,,,Insufficient data,,only 0 finished-gameweek snapshot(s) recorded; need at least 3.
2026-08-23,1,274,Butland,HUL,GKP,0.0,0,,,,,,,,,Insufficient data,,only 0 finished-gameweek snapshot(s) recorded; need at least 3.
2026-08-23,1,275,Cartwright,HUL,GKP,0.0,0,,,,,,,,,Insufficient data,,only 0 finished-gameweek snapshot(s) recorded; need at least 3.
2026-08-23,1,276,Lo-Tutala,HUL,GKP,0.0,0,,,,,,,,,Insufficient data,,only 0 finished-gameweek snapshot(s) recorded; need at least 3.
2026-08-23,1,277,Egan,HUL,DEF,,0,,,,,,,,,Insufficient data,,only 0 finished-gameweek snapshot(s) recorded; need at least 3.
2026-08-23,1,278,Hughes,HUL,DEF,0.0,0,,,,,,,,,Insufficient data,,only 0 finished-gameweek snapshot(s) recorded; need at least 3.
2026-08-23,1,279,Ajayi,HUL,DEF,,0,,,,,,,,,Insufficient data,,only 0 finished-gameweek snapshot(s) recorded; need at least 3.
2026-08-23,1,280,Coyle,HUL,DEF,,0,,,,,,,,,Insufficient data,,only 0 finished-gameweek snapshot(s) recorded; need at least 3.
2026-08-23,1,281,Drameh,HUL,DEF,100.0,0,,,,,,,,,Insufficient data,,only 0 finished-gameweek snapshot(s) recorded; need at least 3.
2026-08-23,1,282,Giles,HUL,DEF,,0,,,,,,,,,Insufficient data,,only 0 finished-gameweek snapshot(s) recorded; need at least 3.
2026-08-23,1,283,Jacob,HUL,DEF,0.0,0,,,,,,,,,Insufficient data,,only 0 finished-gameweek snapshot(s) recorded; need at least 3.
2026-08-23,1,284,McCarthy,HUL,DEF,,0,,,,,,,,,Insufficient data,,only 0 finished-gameweek snapshot(s) recorded; need at least 3.
2026-08-23,1,285,McNair,HUL,DEF,,0,,,,,,,,,Insufficient data,,only 0 finished-gameweek snapshot(s) recorded; need at least 3.
2026-08-23,1,286,Belloumi,HUL,MID,,0,,,,,,,,,Insufficient data,,only 0 finished-gameweek snapshot(s) recorded; need at least 3.
2026-08-23,1,287,Millar,HUL,MID,,0,,,,,,,,,Insufficient data,,only 0 finished-gameweek snapshot(s) recorded; need at least 3.
2026-08-23,1,288,Dowell,HUL,MID,,0,,,,,,,,,Insufficient data,,only 0 finished-gameweek snapshot(s) recorded; need at least 3.
2026-08-23,1,289,Crooks,HUL,MID,,0,,,,,,,,,Insufficient data,,only 0 finished-gameweek snapshot(s) recorded; need at least 3.
2026-08-23,1,290,Slater,HUL,MID,,0,,,,,,,,,Insufficient data,,only 0 finished-gameweek snapshot(s) recorded; need at least 3.
2026-08-23,1,291,Matazo,HUL,MID,0.0,0,,,,,,,,,Insufficient data,,only 0 finished-gameweek snapshot(s) recorded; need at least 3.
2026-08-23,1,292,Ömür,HUL,MID,,0,,,,,,,,,Insufficient data,,only 0 finished-gameweek snapshot(s) recorded; need at least 3.
2026-08-23,1,293,Kamara,HUL,MID,0.0,0,,,,,,,,,Insufficient data,,only 0 finished-gameweek snapshot(s) recorded; need at least 3.
2026-08-23,1,294,Zambrano,HUL,MID,0.0,0,,,,,,,,,Insufficient data,,only 0 finished-gameweek snapshot(s) recorded; need at least 3.
2026-08-23,1,295,McBurnie,HUL,FWD,,0,,,,,,,,,Insufficient data,,only 0 finished-gameweek snapshot(s) recorded; need at least 3.
2026-08-23,1,296,Akintola,HUL,MID,,0,,,,,,,,,Insufficient data,,only 0 finished-gameweek snapshot(s) recorded; need at least 3.
2026-08-23,1,297,Gyabi,HUL,MID,0.0,0,,,,,,,,,Insufficient data,,only 0 finished-gameweek snapshot(s) recorded; need at least 3.
2026-08-23,1,298,Destan,HUL,FWD,0.0,0,,,,,,,,,Insufficient data,,only 0 finished-gameweek snapshot(s) recorded; need at least 3.
2026-08-23,1,299,Burstow,HUL,FWD,0.0,0,,,,,,,,,Insufficient data,,only 0 finished-gameweek snapshot(s) recorded; need at least 3.
2026-08-23,1,300,Walton,IPS,GKP,,0,,,,,,,,,Insufficient data,,only 0 finished-gameweek snapshot(s) recorded; need at least 3.
2026-08-23,1,301,Palmer,IPS,GKP,,0,,,,,,,,,Insufficient data,,only 0 finished-gameweek snapshot(s) recorded; need at least 3.
2026-08-23,1,302,Button,IPS,GKP,,0,,,,,,,,,Insufficient data,,only 0 finished-gameweek snapshot(s) recorded; need at least 3.
2026-08-23,1,303,Kipré,IPS,DEF,,0,,,,,,,,,Insufficient data,,only 0 finished-gameweek snapshot(s) recorded; need at least 3.
2026-08-23,1,304,O'Shea,IPS,DEF,,0,,,,,,,,,Insufficient data,,only 0 finished-gameweek snapshot(s) recorded; need at least 3.
2026-08-23,1,305,Davis,IPS,DEF,,0,,,,,,,,,Insufficient data,,only 0 finished-gameweek snapshot(s) recorded; need at least 3.
2026-08-23,1,306,Greaves,IPS,DEF,,0,,,,,,,,,Insufficient data,,only 0 finished-gameweek snapshot(s) recorded; need at least 3.
2026-08-23,1,307,Johnson,IPS,DEF,,0,,,,,,,,,Insufficient data,,only 0 finished-gameweek snapshot(s) recorded; need at least 3.
2026-08-23,1,308,Furlong,IPS,DEF,,0,,,,,,,,,Insufficient data,,only 0 finished-gameweek snapshot(s) recorded; need at least 3.
2026-08-23,1,309,Núñez,IPS,MID,,0,,,,,,,,,Insufficient data,,only 0 finished-gameweek snapshot(s) recorded; need at least 3.
2026-08-23,1,310,Matusiwa,IPS,MID,0.0,0,,,,,,,,,Insufficient data,,only 0 finished-gameweek snapshot(s) recorded; need at least 3.
2026-08-23,1,311,Burns,IPS,MID,0.0,0,,,,,,,,,Insufficient data,,only 0 finished-gameweek snapshot(s) recorded; need at least 3.
2026-08-23,1,312,Taylor,IPS,MID,0.0,0,,,,,,,,,Insufficient data,,only 0 finished-gameweek snapshot(s) recorded; need at least 3.
2026-08-23,1,313,Clarke,IPS,MID,,0,,,,,,,,,Insufficient data,,only 0 finished-gameweek snapshot(s) recorded; need at least 3.
2026-08-23,1,314,Ogbene,IPS,MID,,0,,,,,,,,,Insufficient data,,only 0 finished-gameweek snapshot(s) recorded; need at least 3.
2026-08-23,1,315,Fatawu,IPS,MID,,0,,,,,,,,,Insufficient data,,only 0 finished-gameweek snapshot(s) recorded; need at least 3.
2026-08-23,1,316,Emersonn,IPS,FWD,,0,,,,,,,,,Insufficient data,,only 0 finished-gameweek snapshot(s) recorded; need at least 3.
2026-08-23,1,317,Hirst,IPS,FWD,0.0,0,,,,,,,,,Insufficient data,,only 0 finished-gameweek snapshot(s) recorded; need at least 3.
2026-08-23,1,318,Philogene,IPS,MID,,0,,,,,,,,,Insufficient data,,only 0 finished-gameweek snapshot(s) recorded; need at least 3.
2026-08-23,1,319,Szmodics,IPS,MID,0.0,0,,,,,,,,,Insufficient data,,only 0 finished-gameweek snapshot(s) recorded; need at least 3.
2026-08-23,1,320,Akpom,IPS,FWD,,0,,,,,,,,,Insufficient data,,only 0 finished-gameweek snapshot(s) recorded; need at least 3.
2026-08-23,1,321,Walle Egeli,IPS,FWD,,0,,,,,,,,,Insufficient data,,only 0 finished-gameweek snapshot(s) recorded; need at least 3.
2026-08-23,1,322,Al-Hamadi,IPS,FWD,,0,,,,,,,,,Insufficient data,,only 0 finished-gameweek snapshot(s) recorded; need at least 3.
2026-08-23,1,323,McAteer,IPS,MID,,0,,,,,,,,,Insufficient data,,only 0 finished-gameweek snapshot(s) recorded; need at least 3.
2026-08-23,1,324,Mehmeti,IPS,MID,,0,,,,,,,,,Insufficient data,,only 0 finished-gameweek snapshot(s) recorded; need at least 3.
2026-08-23,1,325,Darlow,MUN,GKP,75.0,0,,,,,,,,,Insufficient data,,only 0 finished-gameweek snapshot(s) recorded; need at least 3.
2026-08-23,1,326,Perri,LEE,GKP,,0,,,,,,,,,Insufficient data,,only 0 finished-gameweek snapshot(s) recorded; need at least 3.
2026-08-23,1,327,Bijol,LEE,DEF,,0,,,,,,,,,Insufficient data,,only 0 finished-gameweek snapshot(s) recorded; need at least 3.
2026-08-23,1,328,Struijk,BHA,DEF,100.0,0,,,,,,,,,Insufficient data,,only 0 finished-gameweek snapshot(s) recorded; need at least 3.
2026-08-23,1,329,Rodon,LEE,DEF,,0,,,,,,,,,Insufficient data,,only 0 finished-gameweek snapshot(s) recorded; need at least 3.
2026-08-23,1,330,Bogle,LEE,DEF,,0,,,,,,,,,Insufficient data,,only 0 finished-gameweek snapshot(s) recorded; need at least 3.
2026-08-23,1,331,Gudmundsson,LEE,DEF,0.0,0,,,,,,,,,Insufficient data,,only 0 finished-gameweek snapshot(s) recorded; need at least 3.
2026-08-23,1,332,Justin,LEE,DEF,,0,,,,,,,,,Insufficient data,,only 0 finished-gameweek snapshot(s) recorded; need at least 3.
2026-08-23,1,333,Bornauw,LEE,DEF,0.0,0,,,,,,,,,Insufficient data,,only 0 finished-gameweek snapshot(s) recorded; need at least 3.
2026-08-23,1,334,Muharemović,LEE,DEF,,0,,,,,,,,,Insufficient data,,only 0 finished-gameweek snapshot(s) recorded; need at least 3.
2026-08-23,1,335,Stach,LEE,MID,,0,,,,,,,,,Insufficient data,,only 0 finished-gameweek snapshot(s) recorded; need at least 3.
2026-08-23,1,336,Okafor,LEE,MID,,0,,,,,,,,,Insufficient data,,only 0 finished-gameweek snapshot(s) recorded; need at least 3.
2026-08-23,1,337,Aaronson,LEE,MID,,0,,,,,,,,,Insufficient data,,only 0 finished-gameweek snapshot(s) recorded; need at least 3.
2026-08-23,1,338,Ampadu,LEE,MID,,0,,,,,,,,,Insufficient data,,only 0 finished-gameweek snapshot(s) recorded; need at least 3.
2026-08-23,1,339,Longstaff,LEE,MID,,0,,,,,,,,,Insufficient data,,only 0 finished-gameweek snapshot(s) recorded; need at least 3.
2026-08-23,1,340,Gelhardt,HUL,MID,0.0,0,,,,,,,,,Insufficient data,,only 0 finished-gameweek snapshot(s) recorded; need at least 3.
2026-08-23,1,341,Gnonto,LEE,MID,0.0,0,,,,,,,,,Insufficient data,,only 0 finished-gameweek snapshot(s) recorded; need at least 3.
2026-08-23,1,342,Harrison,LEE,MID,0.0,0,,,,,,,,,Insufficient data,,only 0 finished-gameweek snapshot(s) recorded; need at least 3.
2026-08-23,1,343,James,LEE,MID,,0,,,,,,,,,Insufficient data,,only 0 finished-gameweek snapshot(s) recorded; need at least 3.
2026-08-23,1,344,Gruev,LEE,MID,0.0,0,,,,,,,,,Insufficient data,,only 0 finished-gameweek snapshot(s) recorded; need at least 3.
2026-08-23,1,345,Tanaka,LEE,MID,,0,,,,,,,,,Insufficient data,,only 0 finished-gameweek snapshot(s) recorded; need at least 3.
2026-08-23,1,346,Calvert-Lewin,LEE,FWD,,0,,,,,,,,,Insufficient data,,only 0 finished-gameweek snapshot(s) recorded; need at least 3.
2026-08-23,1,347,Nmecha,LEE,FWD,,0,,,,,,,,,Insufficient data,,only 0 finished-gameweek snapshot(s) recorded; need at least 3.
2026-08-23,1,348,Piroe,LEE,FWD,0.0,0,,,,,,,,,Insufficient data,,only 0 finished-gameweek snapshot(s) recorded; need at least 3.
2026-08-23,1,349,Mateo Joseph,LEE,FWD,0.0,0,,,,,,,,,Insufficient data,,only 0 finished-gameweek snapshot(s) recorded; need at least 3.
2026-08-23,1,350,A.Becker,LIV,GKP,,0,,,,,,,,,Insufficient data,,only 0 finished-gameweek snapshot(s) recorded; need at least 3.
2026-08-23,1,351,Mamardashvili,LIV,GKP,,0,,,,,,,,,Insufficient data,,only 0 finished-gameweek snapshot(s) recorded; need at least 3.
2026-08-23,1,352,Woodman,LIV,GKP,,0,,,,,,,,,Insufficient data,,only 0 finished-gameweek snapshot(s) recorded; need at least 3.
2026-08-23,1,353,Pecsi,LIV,GKP,0.0,0,,,,,,,,,Insufficient data,,only 0 finished-gameweek snapshot(s) recorded; need at least 3.
2026-08-23,1,354,Jaros,LIV,GKP,0.0,0,,,,,,,,,Insufficient data,,only 0 finished-gameweek snapshot(s) recorded; need at least 3.
2026-08-23,1,355,Davies,LIV,GKP,,0,,,,,,,,,Insufficient data,,only 0 finished-gameweek snapshot(s) recorded; need at least 3.
2026-08-23,1,356,Virgil,LIV,DEF,,0,,,,,,,,,Insufficient data,,only 0 finished-gameweek snapshot(s) recorded; need at least 3.
2026-08-23,1,357,Frimpong,LIV,DEF,,0,,,,,,,,,Insufficient data,,only 0 finished-gameweek snapshot(s) recorded; need at least 3.
2026-08-23,1,358,Kerkez,LIV,DEF,,0,,,,,,,,,Insufficient data,,only 0 finished-gameweek snapshot(s) recorded; need at least 3.
2026-08-23,1,359,Gomez,LIV,DEF,0.0,0,,,,,,,,,Insufficient data,,only 0 finished-gameweek snapshot(s) recorded; need at least 3.
2026-08-23,1,360,Bradley,LIV,DEF,0.0,0,,,,,,,,,Insufficient data,,only 0 finished-gameweek snapshot(s) recorded; need at least 3.
2026-08-23,1,361,Lucky,LIV,DEF,,0,,,,,,,,,Insufficient data,,only 0 finished-gameweek snapshot(s) recorded; need at least 3.
2026-08-23,1,362,Jacquet,LIV,DEF,100.0,0,,,,,,,,,Insufficient data,,only 0 finished-gameweek snapshot(s) recorded; need at least 3.
2026-08-23,1,363,Leoni,LIV,DEF,0.0,0,,,,,,,,,Insufficient data,,only 0 finished-gameweek snapshot(s) recorded; need at least 3.
2026-08-23,1,364,Tsimikas,LIV,DEF,,0,,,,,,,,,Insufficient data,,only 0 finished-gameweek snapshot(s) recorded; need at least 3.
2026-08-23,1,365,Ramsay,LIV,DEF,,0,,,,,,,,,Insufficient data,,only 0 finished-gameweek snapshot(s) recorded; need at least 3.
2026-08-23,1,366,Wirtz,LIV,MID,,0,,,,,,,,,Insufficient data,,only 0 finished-gameweek snapshot(s) recorded; need at least 3.
2026-08-23,1,367,Gakpo,LIV,MID,,0,,,,,,,,,Insufficient data,,only 0 finished-gameweek snapshot(s) recorded; need at least 3.
2026-08-23,1,368,Szoboszlai,LIV,MID,,0,,,,,,,,,Insufficient data,,only 0 finished-gameweek snapshot(s) recorded; need at least 3.
2026-08-23,1,369,Ngumoha,LIV,MID,,0,,,,,,,,,Insufficient data,,only 0 finished-gameweek snapshot(s) recorded; need at least 3.
2026-08-23,1,370,Chiesa,LIV,MID,,0,,,,,,,,,Insufficient data,,only 0 finished-gameweek snapshot(s) recorded; need at least 3.
2026-08-23,1,371,Gravenberch,LIV,MID,,0,,,,,,,,,Insufficient data,,only 0 finished-gameweek snapshot(s) recorded; need at least 3.
2026-08-23,1,372,Mac Allister,LIV,MID,,0,,,,,,,,,Insufficient data,,only 0 finished-gameweek snapshot(s) recorded; need at least 3.
2026-08-23,1,373,C.Jones,LIV,MID,75.0,0,,,,,,,,,Insufficient data,,only 0 finished-gameweek snapshot(s) recorded; need at least 3.
2026-08-23,1,374,Endo,LIV,MID,100.0,0,,,,,,,,,Insufficient data,,only 0 finished-gameweek snapshot(s) recorded; need at least 3.
2026-08-23,1,375,Nyoni,LIV,MID,,0,,,,,,,,,Insufficient data,,only 0 finished-gameweek snapshot(s) recorded; need at least 3.
2026-08-23,1,376,Bajcetic,LIV,MID,0.0,0,,,,,,,,,Insufficient data,,only 0 finished-gameweek snapshot(s) recorded; need at least 3.
2026-08-23,1,377,Munoz,LIV,MID,,0,,,,,,,,,Insufficient data,,only 0 finished-gameweek snapshot(s) recorded; need at least 3.
2026-08-23,1,378,McConnell,LIV,MID,,0,,,,,,,,,Insufficient data,,only 0 finished-gameweek snapshot(s) recorded; need at least 3.
2026-08-23,1,379,Isak,LIV,FWD,,0,,,,,,,,,Insufficient data,,only 0 finished-gameweek snapshot(s) recorded; need at least 3.
2026-08-23,1,380,Ekitiké,LIV,FWD,0.0,0,,,,,,,,,Insufficient data,,only 0 finished-gameweek snapshot(s) recorded; need at least 3.
2026-08-23,1,381,Koumas,LIV,MID,,0,,,,,,,,,Insufficient data,,only 0 finished-gameweek snapshot(s) recorded; need at least 3.
2026-08-23,1,382,Danns,LIV,FWD,0.0,0,,,,,,,,,Insufficient data,,only 0 finished-gameweek snapshot(s) recorded; need at least 3.
2026-08-23,1,383,Elliott,LIV,MID,,0,,,,,,,,,Insufficient data,,only 0 finished-gameweek snapshot(s) recorded; need at least 3.
2026-08-23,1,384,Donnarumma,MCI,GKP,,0,,,,,,,,,Insufficient data,,only 0 finished-gameweek snapshot(s) recorded; need at least 3.
2026-08-23,1,385,Trafford,LEE,GKP,,0,,,,,,,,,Insufficient data,,only 0 finished-gameweek snapshot(s) recorded; need at least 3.
2026-08-23,1,386,Bettinelli,MCI,GKP,,0,,,,,,,,,Insufficient data,,only 0 finished-gameweek snapshot(s) recorded; need at least 3.
2026-08-23,1,387,O'Reilly,MCI,DEF,,0,,,,,,,,,Insufficient data,,only 0 finished-gameweek snapshot(s) recorded; need at least 3.
2026-08-23,1,388,Guéhi,MCI,DEF,,0,,,,,,,,,Insufficient data,,only 0 finished-gameweek snapshot(s) recorded; need at least 3.
2026-08-23,1,389,Matheus N.,MCI,DEF,100.0,0,,,,,,,,,Insufficient data,,only 0 finished-gameweek snapshot(s) recorded; need at least 3.
2026-08-23,1,390,Rúben,MCI,DEF,,0,,,,,,,,,Insufficient data,,only 0 finished-gameweek snapshot(s) recorded; need at least 3.
2026-08-23,1,391,Gvardiol,MCI,DEF,,0,,,,,,,,,Insufficient data,,only 0 finished-gameweek snapshot(s) recorded; need at least 3.
2026-08-23,1,392,Aït-Nouri,MCI,DEF,,0,,,,,,,,,Insufficient data,,only 0 finished-gameweek snapshot(s) recorded; need at least 3.
2026-08-23,1,393,Khusanov,MCI,DEF,,0,,,,,,,,,Insufficient data,,only 0 finished-gameweek snapshot(s) recorded; need at least 3.
2026-08-23,1,394,Alleyne,MCI,DEF,0.0,0,,,,,,,,,Insufficient data,,only 0 finished-gameweek snapshot(s) recorded; need at least 3.
2026-08-23,1,395,Lewis,MCI,DEF,,0,,,,,,,,,Insufficient data,,only 0 finished-gameweek snapshot(s) recorded; need at least 3.
2026-08-23,1,396,Vitor Reis,MCI,DEF,,0,,,,,,,,,Insufficient data,,only 0 finished-gameweek snapshot(s) recorded; need at least 3.
2026-08-23,1,397,Semenyo,MCI,MID,,0,,,,,,,,,Insufficient data,,only 0 finished-gameweek snapshot(s) recorded; need at least 3.
2026-08-23,1,398,Foden,MCI,MID,,0,,,,,,,,,Insufficient data,,only 0 finished-gameweek snapshot(s) recorded; need at least 3.
2026-08-23,1,399,Cherki,MCI,MID,,0,,,,,,,,,Insufficient data,,only 0 finished-gameweek snapshot(s) recorded; need at least 3.
2026-08-23,1,400,Doku,MCI,MID,0.0,0,,,,,,,,,Insufficient data,,only 0 finished-gameweek snapshot(s) recorded; need at least 3.
2026-08-23,1,401,Marmoush,MCI,FWD,,0,,,,,,,,,Insufficient data,,only 0 finished-gameweek snapshot(s) recorded; need at least 3.
2026-08-23,1,402,Rodrigo,MCI,MID,0.0,0,,,,,,,,,Insufficient data,,only 0 finished-gameweek snapshot(s) recorded; need at least 3.
2026-08-23,1,403,Savinho,MCI,MID,,0,,,,,,,,,Insufficient data,,only 0 finished-gameweek snapshot(s) recorded; need at least 3.
2026-08-23,1,404,Reijnders,MCI,MID,0.0,0,,,,,,,,,Insufficient data,,only 0 finished-gameweek snapshot(s) recorded; need at least 3.
2026-08-23,1,405,N.Gonzalez,MCI,MID,,0,,,,,,,,,Insufficient data,,only 0 finished-gameweek snapshot(s) recorded; need at least 3.
2026-08-23,1,406,Kovačić,MCI,MID,,0,,,,,,,,,Insufficient data,,only 0 finished-gameweek snapshot(s) recorded; need at least 3.
2026-08-23,1,407,Echeverri,MCI,MID,,0,,,,,,,,,Insufficient data,,only 0 finished-gameweek snapshot(s) recorded; need at least 3.
2026-08-23,1,408,Phillips,MCI,MID,0.0,0,,,,,,,,,Insufficient data,,only 0 finished-gameweek snapshot(s) recorded; need at least 3.
2026-08-23,1,409,Mukasa,MCI,MID,,0,,,,,,,,,Insufficient data,,only 0 finished-gameweek snapshot(s) recorded; need at least 3.
2026-08-23,1,410,Monga,MCI,MID,,0,,,,,,,,,Insufficient data,,only 0 finished-gameweek snapshot(s) recorded; need at least 3.
2026-08-23,1,411,Haaland,MCI,FWD,,0,,,,,,,,,Insufficient data,,only 0 finished-gameweek snapshot(s) recorded; need at least 3.
2026-08-23,1,412,Lammens,MUN,GKP,,0,,,,,,,,,Insufficient data,,only 0 finished-gameweek snapshot(s) recorded; need at least 3.
2026-08-23,1,413,Bayindir,MUN,GKP,0.0,0,,,,,,,,,Insufficient data,,only 0 finished-gameweek snapshot(s) recorded; need at least 3.
2026-08-23,1,414,Heaton,MUN,GKP,0.0,0,,,,,,,,,Insufficient data,,only 0 finished-gameweek snapshot(s) recorded; need at least 3.
2026-08-23,1,415,Dorgu,MUN,MID,,0,,,,,,,,,Insufficient data,,only 0 finished-gameweek snapshot(s) recorded; need at least 3.
2026-08-23,1,416,De Ligt,MUN,DEF,0.0,0,,,,,,,,,Insufficient data,,only 0 finished-gameweek snapshot(s) recorded; need at least 3.
2026-08-23,1,417,Dalot,MUN,DEF,,0,,,,,,,,,Insufficient data,,only 0 finished-gameweek snapshot(s) recorded; need at least 3.
2026-08-23,1,418,Maguire,MUN,DEF,,0,,,,,,,,,Insufficient data,,only 0 finished-gameweek snapshot(s) recorded; need at least 3.
2026-08-23,1,419,Martinez,MUN,DEF,100.0,0,,,,,,,,,Insufficient data,,only 0 finished-gameweek snapshot(s) recorded; need at least 3.
2026-08-23,1,420,Yoro,MUN,DEF,,0,,,,,,,,,Insufficient data,,only 0 finished-gameweek snapshot(s) recorded; need at least 3.
2026-08-23,1,421,Heaven,MUN,DEF,,0,,,,,,,,,Insufficient data,,only 0 finished-gameweek snapshot(s) recorded; need at least 3.
2026-08-23,1,422,Mazraoui,MUN,DEF,,0,,,,,,,,,Insufficient data,,only 0 finished-gameweek snapshot(s) recorded; need at least 3.
2026-08-23,1,423,Shaw,MUN,DEF,,0,,,,,,,,,Insufficient data,,only 0 finished-gameweek snapshot(s) recorded; need at least 3.
2026-08-23,1,424,Amass,MUN,DEF,,0,,,,,,,,,Insufficient data,,only 0 finished-gameweek snapshot(s) recorded; need at least 3.
2026-08-23,1,425,Fredricson,MUN,DEF,0.0,0,,,,,,,,,Insufficient data,,only 0 finished-gameweek snapshot(s) recorded; need at least 3.
2026-08-23,1,426,B.Fernandes,MUN,MID,,0,,,,,,,,,Insufficient data,,only 0 finished-gameweek snapshot(s) recorded; need at least 3.
2026-08-23,1,427,Mbeumo,MUN,MID,,0,,,,,,,,,Insufficient data,,only 0 finished-gameweek snapshot(s) recorded; need at least 3.
2026-08-23,1,428,Cunha,MUN,MID,,0,,,,,,,,,Insufficient data,,only 0 finished-gameweek snapshot(s) recorded; need at least 3.
2026-08-23,1,429,Rashford,MUN,MID,,0,,,,,,,,,Insufficient data,,only 0 finished-gameweek snapshot(s) recorded; need at least 3.
2026-08-23,1,430,Mount,MUN,MID,50.0,0,,,,,,,,,Insufficient data,,only 0 finished-gameweek snapshot(s) recorded; need at least 3.
2026-08-23,1,431,Amad,MUN,MID,,0,,,,,,,,,Insufficient data,,only 0 finished-gameweek snapshot(s) recorded; need at least 3.
2026-08-23,1,432,Mainoo,MUN,MID,,0,,,,,,,,,Insufficient data,,only 0 finished-gameweek snapshot(s) recorded; need at least 3.
2026-08-23,1,433,Ugarte,MUN,MID,0.0,0,,,,,,,,,Insufficient data,,only 0 finished-gameweek snapshot(s) recorded; need at least 3.
2026-08-23,1,434,J.Fletcher,MUN,MID,,0,,,,,,,,,Insufficient data,,only 0 finished-gameweek snapshot(s) recorded; need at least 3.
2026-08-23,1,435,Lacey,MUN,MID,,0,,,,,,,,,Insufficient data,,only 0 finished-gameweek snapshot(s) recorded; need at least 3.
2026-08-23,1,436,Collyer,MUN,MID,,0,,,,,,,,,Insufficient data,,only 0 finished-gameweek snapshot(s) recorded; need at least 3.
2026-08-23,1,437,Bendito Mantato,MUN,MID,,0,,,,,,,,,Insufficient data,,only 0 finished-gameweek snapshot(s) recorded; need at least 3.
2026-08-23,1,438,Fletcher,MUN,MID,,0,,,,,,,,,Insufficient data,,only 0 finished-gameweek snapshot(s) recorded; need at least 3.
2026-08-23,1,439,Šeško,MUN,FWD,75.0,0,,,,,,,,,Insufficient data,,only 0 finished-gameweek snapshot(s) recorded; need at least 3.
2026-08-23,1,440,Zirkzee,MUN,FWD,,0,,,,,,,,,Insufficient data,,only 0 finished-gameweek snapshot(s) recorded; need at least 3.
2026-08-23,1,441,Obi,MUN,FWD,,0,,,,,,,,,Insufficient data,,only 0 finished-gameweek snapshot(s) recorded; need at least 3.
2026-08-23,1,442,Pope,NEW,GKP,,0,,,,,,,,,Insufficient data,,only 0 finished-gameweek snapshot(s) recorded; need at least 3.
2026-08-23,1,443,Gillespie,NEW,GKP,,0,,,,,,,,,Insufficient data,,only 0 finished-gameweek snapshot(s) recorded; need at least 3.
2026-08-23,1,444,Jaouen,NEW,GKP,,0,,,,,,,,,Insufficient data,,only 0 finished-gameweek snapshot(s) recorded; need at least 3.
2026-08-23,1,445,Thiaw,NEW,DEF,,0,,,,,,,,,Insufficient data,,only 0 finished-gameweek snapshot(s) recorded; need at least 3.
2026-08-23,1,446,Schär,NEW,DEF,100.0,0,,,,,,,,,Insufficient data,,only 0 finished-gameweek snapshot(s) recorded; need at least 3.
2026-08-23,1,447,Botman,NEW,DEF,,0,,,,,,,,,Insufficient data,,only 0 finished-gameweek snapshot(s) recorded; need at least 3.
2026-08-23,1,448,Burn,NEW,DEF,,0,,,,,,,,,Insufficient data,,only 0 finished-gameweek snapshot(s) recorded; need at least 3.
2026-08-23,1,449,Hall,NEW,DEF,,0,,,,,,,,,Insufficient data,,only 0 finished-gameweek snapshot(s) recorded; need at least 3.
2026-08-23,1,450,Livramento,NEW,DEF,0.0,0,,,,,,,,,Insufficient data,,only 0 finished-gameweek snapshot(s) recorded; need at least 3.
2026-08-23,1,451,A.Murphy,NEW,DEF,0.0,0,,,,,,,,,Insufficient data,,only 0 finished-gameweek snapshot(s) recorded; need at least 3.
2026-08-23,1,452,Bruno G.,ARS,MID,75.0,0,,,,,,,,,Insufficient data,,only 0 finished-gameweek snapshot(s) recorded; need at least 3.
2026-08-23,1,453,Barnes,NEW,MID,,0,,,,,,,,,Insufficient data,,only 0 finished-gameweek snapshot(s) recorded; need at least 3.
2026-08-23,1,454,Elanga,NEW,MID,,0,,,,,,,,,Insufficient data,,only 0 finished-gameweek snapshot(s) recorded; need at least 3.
2026-08-23,1,455,Tonali,TOT,MID,,0,,,,,,,,,Insufficient data,,only 0 finished-gameweek snapshot(s) recorded; need at least 3.
2026-08-23,1,456,J.Ramsey,NEW,MID,,0,,,,,,,,,Insufficient data,,only 0 finished-gameweek snapshot(s) recorded; need at least 3.
2026-08-23,1,457,J.Murphy,NEW,MID,,0,,,,,,,,,Insufficient data,,only 0 finished-gameweek snapshot(s) recorded; need at least 3.
2026-08-23,1,458,Joelinton,NEW,MID,0.0,0,,,,,,,,,Insufficient data,,only 0 finished-gameweek snapshot(s) recorded; need at least 3.
2026-08-23,1,459,L.Miley,NEW,MID,100.0,0,,,,,,,,,Insufficient data,,only 0 finished-gameweek snapshot(s) recorded; need at least 3.
2026-08-23,1,460,Willock,NEW,MID,,0,,,,,,,,,Insufficient data,,only 0 finished-gameweek snapshot(s) recorded; need at least 3.
2026-08-23,1,461,Touré,NEW,MID,,0,,,,,,,,,Insufficient data,,only 0 finished-gameweek snapshot(s) recorded; need at least 3.
2026-08-23,1,462,Steur,NEW,MID,,0,,,,,,,,,Insufficient data,,only 0 finished-gameweek snapshot(s) recorded; need at least 3.
2026-08-23,1,463,Woltemade,NEW,FWD,,0,,,,,,,,,Insufficient data,,only 0 finished-gameweek snapshot(s) recorded; need at least 3.
2026-08-23,1,464,Wissa,NEW,FWD,,0,,,,,,,,,Insufficient data,,only 0 finished-gameweek snapshot(s) recorded; need at least 3.
2026-08-23,1,465,Osula,NEW,FWD,,0,,,,,,,,,Insufficient data,,only 0 finished-gameweek snapshot(s) recorded; need at least 3.
2026-08-23,1,466,Neave,NEW,FWD,,0,,,,,,,,,Insufficient data,,only 0 finished-gameweek snapshot(s) recorded; need at least 3.
2026-08-23,1,467,Sels,NFO,GKP,,0,,,,,,,,,Insufficient data,,only 0 finished-gameweek snapshot(s) recorded; need at least 3.
2026-08-23,1,468,John,NFO,GKP,,0,,,,,,,,,Insufficient data,,only 0 finished-gameweek snapshot(s) recorded; need at least 3.
2026-08-23,1,469,N.Williams,NFO,DEF,,0,,,,,,,,,Insufficient data,,only 0 finished-gameweek snapshot(s) recorded; need at least 3.
2026-08-23,1,470,Morato,NFO,DEF,,0,,,,,,,,,Insufficient data,,only 0 finished-gameweek snapshot(s) recorded; need at least 3.
2026-08-23,1,471,Milenković,NFO,DEF,,0,,,,,,,,,Insufficient data,,only 0 finished-gameweek snapshot(s) recorded; need at least 3.
2026-08-23,1,472,Murillo,NFO,DEF,100.0,0,,,,,,,,,Insufficient data,,only 0 finished-gameweek snapshot(s) recorded; need at least 3.
2026-08-23,1,473,Aina,NFO,DEF,,0,,,,,,,,,Insufficient data,,only 0 finished-gameweek snapshot(s) recorded; need at least 3.
2026-08-23,1,474,Jair Cunha,NFO,DEF,,0,,,,,,,,,Insufficient data,,only 0 finished-gameweek snapshot(s) recorded; need at least 3.
2026-08-23,1,475,Savona,NFO,DEF,0.0,0,,,,,,,,,Insufficient data,,only 0 finished-gameweek snapshot(s) recorded; need at least 3.
2026-08-23,1,476,O.Richards,NFO,DEF,,0,,,,,,,,,Insufficient data,,only 0 finished-gameweek snapshot(s) recorded; need at least 3.
2026-08-23,1,477,Abbott,NFO,DEF,,0,,,,,,,,,Insufficient data,,only 0 finished-gameweek snapshot(s) recorded; need at least 3.
2026-08-23,1,478,Netz,NFO,DEF,,0,,,,,,,,,Insufficient data,,only 0 finished-gameweek snapshot(s) recorded; need at least 3.
2026-08-23,1,479,Bindon,NFO,DEF,,0,,,,,,,,,Insufficient data,,only 0 finished-gameweek snapshot(s) recorded; need at least 3.
2026-08-23,1,480,Gibbs-White,NFO,MID,,0,,,,,,,,,Insufficient data,,only 0 finished-gameweek snapshot(s) recorded; need at least 3.
2026-08-23,1,481,Anderson,MCI,MID,,0,,,,,,,,,Insufficient data,,only 0 finished-gameweek snapshot(s) recorded; need at least 3.
2026-08-23,1,482,Hudson-Odoi,NFO,MID,100.0,0,,,,,,,,,Insufficient data,,only 0 finished-gameweek snapshot(s) recorded; need at least 3.
2026-08-23,1,483,Ndoye,NFO,MID,,0,,,,,,,,,Insufficient data,,only 0 finished-gameweek snapshot(s) recorded; need at least 3.
2026-08-23,1,484,Hutchinson,NFO,MID,,0,,,,,,,,,Insufficient data,,only 0 finished-gameweek snapshot(s) recorded; need at least 3.
2026-08-23,1,485,Bakwa,NFO,MID,,0,,,,,,,,,Insufficient data,,only 0 finished-gameweek snapshot(s) recorded; need at least 3.
2026-08-23,1,486,McAtee,NFO,MID,,0,,,,,,,,,Insufficient data,,only 0 finished-gameweek snapshot(s) recorded; need at least 3.
2026-08-23,1,487,Dominguez,NFO,MID,,0,,,,,,,,,Insufficient data,,only 0 finished-gameweek snapshot(s) recorded; need at least 3.
2026-08-23,1,488,I.Sangaré,NFO,MID,,0,,,,,,,,,Insufficient data,,only 0 finished-gameweek snapshot(s) recorded; need at least 3.
2026-08-23,1,489,Yates,NFO,MID,0.0,0,,,,,,,,,Insufficient data,,only 0 finished-gameweek snapshot(s) recorded; need at least 3.
2026-08-23,1,490,Wood,NFO,FWD,,0,,,,,,,,,Insufficient data,,only 0 finished-gameweek snapshot(s) recorded; need at least 3.
2026-08-23,1,491,Igor Jesus,NFO,FWD,,0,,,,,,,,,Insufficient data,,only 0 finished-gameweek snapshot(s) recorded; need at least 3.
2026-08-23,1,492,Awoniyi,COV,FWD,,0,,,,,,,,,Insufficient data,,only 0 finished-gameweek snapshot(s) recorded; need at least 3.
2026-08-23,1,493,Kalimuendo,NFO,FWD,,0,,,,,,,,,Insufficient data,,only 0 finished-gameweek snapshot(s) recorded; need at least 3.
2026-08-23,1,494,Vicario,TOT,GKP,0.0,0,,,,,,,,,Insufficient data,,only 0 finished-gameweek snapshot(s) recorded; need at least 3.
2026-08-23,1,495,Austin,TOT,GKP,,0,,,,,,,,,Insufficient data,,only 0 finished-gameweek snapshot(s) recorded; need at least 3.
2026-08-23,1,496,Kinsky,TOT,GKP,,0,,,,,,,,,Insufficient data,,only 0 finished-gameweek snapshot(s) recorded; need at least 3.
2026-08-23,1,497,Dubravka,TOT,GKP,,0,,,,,,,,,Insufficient data,,only 0 finished-gameweek snapshot(s) recorded; need at least 3.
2026-08-23,1,498,Senesi,TOT,DEF,,0,,,,,,,,,Insufficient data,,only 0 finished-gameweek snapshot(s) recorded; need at least 3.
2026-08-23,1,499,Pedro Porro,TOT,DEF,0.0,0,,,,,,,,,Insufficient data,,only 0 finished-gameweek snapshot(s) recorded; need at least 3.
2026-08-23,1,500,Romero,TOT,DEF,0.0,0,,,,,,,,,Insufficient data,,only 0 finished-gameweek snapshot(s) recorded; need at least 3.
2026-08-23,1,501,Danso,TOT,DEF,,0,,,,,,,,,Insufficient data,,only 0 finished-gameweek snapshot(s) recorded; need at least 3.
2026-08-23,1,502,Robertson,TOT,DEF,,0,,,,,,,,,Insufficient data,,only 0 finished-gameweek snapshot(s) recorded; need at least 3.
2026-08-23,1,503,Van de Ven,TOT,DEF,0.0,0,,,,,,,,,Insufficient data,,only 0 finished-gameweek snapshot(s) recorded; need at least 3.
2026-08-23,1,504,Vuskovic,BHA,DEF,,0,,,,,,,,,Insufficient data,,only 0 finished-gameweek snapshot(s) recorded; need at least 3.
2026-08-23,1,505,Spence,TOT,DEF,0.0,0,,,,,,,,,Insufficient data,,only 0 finished-gameweek snapshot(s) recorded; need at least 3.
2026-08-23,1,506,Udogie,TOT,DEF,,0,,,,,,,,,Insufficient data,,only 0 finished-gameweek snapshot(s) recorded; need at least 3.
2026-08-23,1,507,Phillips,TOT,DEF,0.0,0,,,,,,,,,Insufficient data,,only 0 finished-gameweek snapshot(s) recorded; need at least 3.
2026-08-23,1,508,Davies,TOT,DEF,,0,,,,,,,,,Insufficient data,,only 0 finished-gameweek snapshot(s) recorded; need at least 3.
2026-08-23,1,509,Byfield,TOT,DEF,,0,,,,,,,,,Insufficient data,,only 0 finished-gameweek snapshot(s) recorded; need at least 3.
2026-08-23,1,510,Rowswell,TOT,DEF,,0,,,,,,,,,Insufficient data,,only 0 finished-gameweek snapshot(s) recorded; need at least 3.
2026-08-23,1,511,Souza,TOT,DEF,,0,,,,,,,,,Insufficient data,,only 0 finished-gameweek snapshot(s) recorded; need at least 3.
2026-08-23,1,512,Kudus,TOT,MID,25.0,0,,,,,,,,,Insufficient data,,only 0 finished-gameweek snapshot(s) recorded; need at least 3.
2026-08-23,1,513,Xavi,TOT,MID,0.0,0,,,,,,,,,Insufficient data,,only 0 finished-gameweek snapshot(s) recorded; need at least 3.
2026-08-23,1,514,Tel,TOT,MID,,0,,,,,,,,,Insufficient data,,only 0 finished-gameweek snapshot(s) recorded; need at least 3.
2026-08-23,1,515,Maddison,TOT,MID,,0,,,,,,,,,Insufficient data,,only 0 finished-gameweek snapshot(s) recorded; need at least 3.
2026-08-23,1,516,Bentancur,TOT,MID,,0,,,,,,,,,Insufficient data,,only 0 finished-gameweek snapshot(s) recorded; need at least 3.
2026-08-23,1,517,Odobert,TOT,MID,0.0,0,,,,,,,,,Insufficient data,,only 0 finished-gameweek snapshot(s) recorded; need at least 3.
2026-08-23,1,518,P.M.Sarr,TOT,MID,0.0,0,,,,,,,,,Insufficient data,,only 0 finished-gameweek snapshot(s) recorded; need at least 3.
2026-08-23,1,519,Gallagher,TOT,MID,,0,,,,,,,,,Insufficient data,,only 0 finished-gameweek snapshot(s) recorded; need at least 3.
2026-08-23,1,520,Bergvall,TOT,MID,,0,,,,,,,,,Insufficient data,,only 0 finished-gameweek snapshot(s) recorded; need at least 3.
2026-08-23,1,521,Kulusevski,TOT,MID,0.0,0,,,,,,,,,Insufficient data,,only 0 finished-gameweek snapshot(s) recorded; need at least 3.
2026-08-23,1,522,Gray,TOT,MID,,0,,,,,,,,,Insufficient data,,only 0 finished-gameweek snapshot(s) recorded; need at least 3.
2026-08-23,1,523,Moore,TOT,MID,,0,,,,,,,,,Insufficient data,,only 0 finished-gameweek snapshot(s) recorded; need at least 3.
2026-08-23,1,524,Olusesi,TOT,MID,,0,,,,,,,,,Insufficient data,,only 0 finished-gameweek snapshot(s) recorded; need at least 3.
2026-08-23,1,525,Fernandes,TOT,MID,,0,,,,,,,,,Insufficient data,,only 0 finished-gameweek snapshot(s) recorded; need at least 3.
2026-08-23,1,526,Solanke,TOT,FWD,,0,,,,,,,,,Insufficient data,,only 0 finished-gameweek snapshot(s) recorded; need at least 3.
2026-08-23,1,527,Richarlison,TOT,FWD,,0,,,,,,,,,Insufficient data,,only 0 finished-gameweek snapshot(s) recorded; need at least 3.
2026-08-23,1,528,Scarlett,TOT,FWD,,0,,,,,,,,,Insufficient data,,only 0 finished-gameweek snapshot(s) recorded; need at least 3.
2026-08-23,1,529,Roefs,SUN,GKP,,0,,,,,,,,,Insufficient data,,only 0 finished-gameweek snapshot(s) recorded; need at least 3.
2026-08-23,1,530,Patterson,SUN,GKP,0.0,0,,,,,,,,,Insufficient data,,only 0 finished-gameweek snapshot(s) recorded; need at least 3.
2026-08-23,1,531,Ellborg,SUN,GKP,,0,,,,,,,,,Insufficient data,,only 0 finished-gameweek snapshot(s) recorded; need at least 3.
2026-08-23,1,532,Ballard,SUN,DEF,,0,,,,,,,,,Insufficient data,,only 0 finished-gameweek snapshot(s) recorded; need at least 3.
2026-08-23,1,533,Mukiele,SUN,DEF,100.0,0,,,,,,,,,Insufficient data,,only 0 finished-gameweek snapshot(s) recorded; need at least 3.
2026-08-23,1,534,Hume,SUN,DEF,,0,,,,,,,,,Insufficient data,,only 0 finished-gameweek snapshot(s) recorded; need at least 3.
2026-08-23,1,535,Alderete,SUN,DEF,100.0,0,,,,,,,,,Insufficient data,,only 0 finished-gameweek snapshot(s) recorded; need at least 3.
2026-08-23,1,536,Reinildo,SUN,DEF,,0,,,,,,,,,Insufficient data,,only 0 finished-gameweek snapshot(s) recorded; need at least 3.
2026-08-23,1,537,Seelt,SUN,DEF,,0,,,,,,,,,Insufficient data,,only 0 finished-gameweek snapshot(s) recorded; need at least 3.
2026-08-23,1,538,Hjelde,SUN,DEF,0.0,0,,,,,,,,,Insufficient data,,only 0 finished-gameweek snapshot(s) recorded; need at least 3.
2026-08-23,1,539,O'Nien,SUN,DEF,,0,,,,,,,,,Insufficient data,,only 0 finished-gameweek snapshot(s) recorded; need at least 3.
2026-08-23,1,540,Masuaku,SUN,DEF,0.0,0,,,,,,,,,Insufficient data,,only 0 finished-gameweek snapshot(s) recorded; need at least 3.
2026-08-23,1,541,Meunier,SUN,DEF,100.0,0,,,,,,,,,Insufficient data,,only 0 finished-gameweek snapshot(s) recorded; need at least 3.
2026-08-23,1,542,E.Le Fée,SUN,MID,,0,,,,,,,,,Insufficient data,,only 0 finished-gameweek snapshot(s) recorded; need at least 3.
2026-08-23,1,543,Diarra,SUN,MID,,0,,,,,,,,,Insufficient data,,only 0 finished-gameweek snapshot(s) recorded; need at least 3.
2026-08-23,1,544,Xhaka,SUN,MID,,0,,,,,,,,,Insufficient data,,only 0 finished-gameweek snapshot(s) recorded; need at least 3.
2026-08-23,1,545,Sadiki,SUN,MID,,0,,,,,,,,,Insufficient data,,only 0 finished-gameweek snapshot(s) recorded; need at least 3.
2026-08-23,1,546,Adingra,SUN,MID,0.0,0,,,,,,,,,Insufficient data,,only 0 finished-gameweek snapshot(s) recorded; need at least 3.
2026-08-23,1,547,Mundle,SUN,MID,,0,,,,,,,,,Insufficient data,,only 0 finished-gameweek snapshot(s) recorded; need at least 3.
2026-08-23,1,548,Rigg,SUN,MID,,0,,,,,,,,,Insufficient data,,only 0 finished-gameweek snapshot(s) recorded; need at least 3.
2026-08-23,1,549,Talbi,SUN,MID,,0,,,,,,,,,Insufficient data,,only 0 finished-gameweek snapshot(s) recorded; need at least 3.
2026-08-23,1,550,Jocelin.T,SUN,MID,,0,,,,,,,,,Insufficient data,,only 0 finished-gameweek snapshot(s) recorded; need at least 3.
2026-08-23,1,551,Angulo,SUN,MID,,0,,,,,,,,,Insufficient data,,only 0 finished-gameweek snapshot(s) recorded; need at least 3.
2026-08-23,1,552,Brobbey,SUN,FWD,,0,,,,,,,,,Insufficient data,,only 0 finished-gameweek snapshot(s) recorded; need at least 3.
2026-08-23,1,553,Isidor,SUN,FWD,,0,,,,,,,,,Insufficient data,,only 0 finished-gameweek snapshot(s) recorded; need at least 3.
2026-08-23,1,554,Van Oevelen,IPS,GKP,,0,,,,,,,,,Insufficient data,,only 0 finished-gameweek snapshot(s) recorded; need at least 3.
2026-08-23,1,555,Matthews,CRY,GKP,,0,,,,,,,,,Insufficient data,,only 0 finished-gameweek snapshot(s) recorded; need at least 3.
2026-08-23,1,556,Targett,HUL,DEF,,0,,,,,,,,,Insufficient data,,only 0 finished-gameweek snapshot(s) recorded; need at least 3.
2026-08-23,1,557,Tzolis,ARS,MID,,0,,,,,,,,,Insufficient data,,only 0 finished-gameweek snapshot(s) recorded; need at least 3.
2026-08-23,1,558,Schlager,NFO,MID,,0,,,,,,,,,Insufficient data,,only 0 finished-gameweek snapshot(s) recorded; need at least 3.
2026-08-23,1,559,Bamba,NEW,MID,,0,,,,,,,,,Insufficient data,,only 0 finished-gameweek snapshot(s) recorded; need at least 3.
2026-08-23,1,560,Penders,CHE,GKP,,0,,,,,,,,,Insufficient data,,only 0 finished-gameweek snapshot(s) recorded; need at least 3.
2026-08-23,1,561,Anselmino,CHE,DEF,,0,,,,,,,,,Insufficient data,,only 0 finished-gameweek snapshot(s) recorded; need at least 3.
2026-08-23,1,562,Maeda,IPS,MID,,0,,,,,,,,,Insufficient data,,only 0 finished-gameweek snapshot(s) recorded; need at least 3.
2026-08-23,1,563,Morita,HUL,MID,50.0,0,,,,,,,,,Insufficient data,,only 0 finished-gameweek snapshot(s) recorded; need at least 3.
2026-08-23,1,564,Scherpen,IPS,GKP,,0,,,,,,,,,Insufficient data,,only 0 finished-gameweek snapshot(s) recorded; need at least 3.
2026-08-23,1,565,M.Sangaré,BRE,MID,,0,,,,,,,,,Insufficient data,,only 0 finished-gameweek snapshot(s) recorded; need at least 3.
2026-08-23,1,566,Silva,BOU,DEF,,0,,,,,,,,,Insufficient data,,only 0 finished-gameweek snapshot(s) recorded; need at least 3.
2026-08-23,1,567,Horníček,NEW,GKP,,0,,,,,,,,,Insufficient data,,only 0 finished-gameweek snapshot(s) recorded; need at least 3.
2026-08-23,1,568,Barco,CHE,MID,,0,,,,,,,,,Insufficient data,,only 0 finished-gameweek snapshot(s) recorded; need at least 3.
2026-08-23,1,569,Gonzalo,FUL,FWD,,0,,,,,,,,,Insufficient data,,only 0 finished-gameweek snapshot(s) recorded; need at least 3.
2026-08-23,1,570,Palacios,FUL,MID,,0,,,,,,,,,Insufficient data,,only 0 finished-gameweek snapshot(s) recorded; need at least 3.
2026-08-23,1,571,Florentino,IPS,MID,,0,,,,,,,,,Insufficient data,,only 0 finished-gameweek snapshot(s) recorded; need at least 3.
2026-08-23,1,572,Tzolakis,HUL,GKP,,0,,,,,,,,,Insufficient data,,only 0 finished-gameweek snapshot(s) recorded; need at least 3.
2026-08-23,1,573,Sanchez,BOU,DEF,,0,,,,,,,,,Insufficient data,,only 0 finished-gameweek snapshot(s) recorded; need at least 3.
2026-08-23,1,574,Hjertø-Dahl,HUL,MID,,0,,,,,,,,,Insufficient data,,only 0 finished-gameweek snapshot(s) recorded; need at least 3.
2026-08-23,1,575,Yirenkyi,COV,MID,,0,,,,,,,,,Insufficient data,,only 0 finished-gameweek snapshot(s) recorded; need at least 3.
2026-08-23,1,576,Stroud,HUL,MID,,0,,,,,,,,,Insufficient data,,only 0 finished-gameweek snapshot(s) recorded; need at least 3.
2026-08-23,1,577,Tomiyasu,CRY,DEF,,0,,,,,,,,,Insufficient data,,only 0 finished-gameweek snapshot(s) recorded; need at least 3.
2026-08-23,1,578,Mudryk,CHE,MID,,0,,,,,,,,,Insufficient data,,only 0 finished-gameweek snapshot(s) recorded; need at least 3.
2026-08-23,1,579,Araujo,LIV,DEF,,0,,,,,,,,,Insufficient data,,only 0 finished-gameweek snapshot(s) recorded; need at least 3.
2026-08-23,1,580,Charles,FUL,MID,,0,,,,,,,,,Insufficient data,,only 0 finished-gameweek snapshot(s) recorded; need at least 3.
2026-08-23,1,581,Diomande,NFO,DEF,,0,,,,,,,,,Insufficient data,,only 0 finished-gameweek snapshot(s) recorded; need at least 3.
2026-08-23,1,582,Madjo,AVL,FWD,0.0,0,,,,,,,,,Insufficient data,,only 0 finished-gameweek snapshot(s) recorded; need at least 3.
2026-08-23,1,583,Chavarria,CHE,DEF,,0,,,,,,,,,Insufficient data,,only 0 finished-gameweek snapshot(s) recorded; need at least 3.
2026-08-23,1,584,Hamer,COV,MID,,0,,,,,,,,,Insufficient data,,only 0 finished-gameweek snapshot(s) recorded; need at least 3.
2026-08-23,1,585,Herrington,HUL,DEF,,0,,,,,,,,,Insufficient data,,only 0 finished-gameweek snapshot(s) recorded; need at least 3.
2026-08-23,1,586,Mendy,HUL,DEF,,0,,,,,,,,,Insufficient data,,only 0 finished-gameweek snapshot(s) recorded; need at least 3.
2026-08-23,1,587,Rulli,MCI,GKP,,0,,,,,,,,,Insufficient data,,only 0 finished-gameweek snapshot(s) recorded; need at least 3.
2026-08-23,1,588,Khalaili,CRY,DEF,,0,,,,,,,,,Insufficient data,,only 0 finished-gameweek snapshot(s) recorded; need at least 3.
2026-08-23,1,589,Gourna-Douath,HUL,MID,,0,,,,,,,,,Insufficient data,,only 0 finished-gameweek snapshot(s) recorded; need at least 3.
2026-08-23,1,590,Benda,NFO,GKP,,0,,,,,,,,,Insufficient data,,only 0 finished-gameweek snapshot(s) recorded; need at least 3.
2026-08-23,1,591,Enciso,IPS,MID,,0,,,,,,,,,Insufficient data,,only 0 finished-gameweek snapshot(s) recorded; need at least 3.
2026-08-23,1,592,Ouattara,IPS,DEF,,0,,,,,,,,,Insufficient data,,only 0 finished-gameweek snapshot(s) recorded; need at least 3.
2026-08-23,1,593,Dedić,NEW,DEF,,0,,,,,,,,,Insufficient data,,only 0 finished-gameweek snapshot(s) recorded; need at least 3.
2026-08-23,1,594,David,BHA,FWD,,0,,,,,,,,,Insufficient data,,only 0 finished-gameweek snapshot(s) recorded; need at least 3.
2026-08-23,1,595,Gozo,CRY,MID,,0,,,,,,,,,Insufficient data,,only 0 finished-gameweek snapshot(s) recorded; need at least 3.
2026-08-23,1,596,Ruggeri,AVL,DEF,,0,,,,,,,,,Insufficient data,,only 0 finished-gameweek snapshot(s) recorded; need at least 3.
2026-08-23,1,597,Suzuki,AVL,GKP,,0,,,,,,,,,Insufficient data,,only 0 finished-gameweek snapshot(s) recorded; need at least 3.
2026-08-23,1,598,Elvedi,LEE,DEF,,0,,,,,,,,,Insufficient data,,only 0 finished-gameweek snapshot(s) recorded; need at least 3.
2026-08-23,1,599,Cherif,COV,FWD,,0,,,,,,,,,Insufficient data,,only 0 finished-gameweek snapshot(s) recorded; need at least 3.
2026-08-23,1,600,Osman,BHA,MID,,0,,,,,,,,,Insufficient data,,only 0 finished-gameweek snapshot(s) recorded; need at least 3.
2026-08-24,1,1,Raya,ARS,GKP,,0,,,,,,,,,Insufficient data,,only 0 finished-gameweek snapshot(s) recorded; need at least 3.
2026-08-24,1,2,Arrizabalaga,ARS,GKP,,0,,,,,,,,,Insufficient data,,only 0 finished-gameweek snapshot(s) recorded; need at least 3.
2026-08-24,1,3,Meslier,ARS,GKP,,0,,,,,,,,,Insufficient data,,only 0 finished-gameweek snapshot(s) recorded; need at least 3.
2026-08-24,1,4,Gabriel,ARS,DEF,,0,,,,,,,,,Insufficient data,,only 0 finished-gameweek snapshot(s) recorded; need at least 3.
2026-08-24,1,5,J.Timber,ARS,DEF,0.0,0,,,,,,,,,Insufficient data,,only 0 finished-gameweek snapshot(s) recorded; need at least 3.
2026-08-24,1,6,Saliba,ARS,DEF,0.0,0,,,,,,,,,Insufficient data,,only 0 finished-gameweek snapshot(s) recorded; need at least 3.
2026-08-24,1,7,Lewis-Skelly,ARS,MID,,0,,,,,,,,,Insufficient data,,only 0 finished-gameweek snapshot(s) recorded; need at least 3.
2026-08-24,1,8,Calafiori,ARS,DEF,,0,,,,,,,,,Insufficient data,,only 0 finished-gameweek snapshot(s) recorded; need at least 3.
2026-08-24,1,9,Hincapie,ARS,DEF,,0,,,,,,,,,Insufficient data,,only 0 finished-gameweek snapshot(s) recorded; need at least 3.
2026-08-24,1,10,White,ARS,DEF,100.0,0,,,,,,,,,Insufficient data,,only 0 finished-gameweek snapshot(s) recorded; need at least 3.
2026-08-24,1,11,Mosquera,ARS,DEF,,0,,,,,,,,,Insufficient data,,only 0 finished-gameweek snapshot(s) recorded; need at least 3.
2026-08-24,1,12,Saka,ARS,MID,,0,,,,,,,,,Insufficient data,,only 0 finished-gameweek snapshot(s) recorded; need at least 3.
2026-08-24,1,13,Rice,ARS,MID,,0,,,,,,,,,Insufficient data,,only 0 finished-gameweek snapshot(s) recorded; need at least 3.
2026-08-24,1,14,Eze,ARS,MID,,0,,,,,,,,,Insufficient data,,only 0 finished-gameweek snapshot(s) recorded; need at least 3.
2026-08-24,1,15,Ødegaard,ARS,MID,,0,,,,,,,,,Insufficient data,,only 0 finished-gameweek snapshot(s) recorded; need at least 3.
2026-08-24,1,16,Madueke,ARS,MID,,0,,,,,,,,,Insufficient data,,only 0 finished-gameweek snapshot(s) recorded; need at least 3.
2026-08-24,1,17,Merino,ARS,MID,,0,,,,,,,,,Insufficient data,,only 0 finished-gameweek snapshot(s) recorded; need at least 3.
2026-08-24,1,18,Martinelli,ARS,MID,,0,,,,,,,,,Insufficient data,,only 0 finished-gameweek snapshot(s) recorded; need at least 3.
2026-08-24,1,19,Zubimendi,ARS,MID,,0,,,,,,,,,Insufficient data,,only 0 finished-gameweek snapshot(s) recorded; need at least 3.
2026-08-24,1,20,Dowman,ARS,MID,,0,,,,,,,,,Insufficient data,,only 0 finished-gameweek snapshot(s) recorded; need at least 3.
2026-08-24,1,21,Nørgaard,EVE,MID,0.0,0,,,,,,,,,Insufficient data,,only 0 finished-gameweek snapshot(s) recorded; need at least 3.
2026-08-24,1,22,Nwaneri,ARS,MID,,0,,,,,,,,,Insufficient data,,only 0 finished-gameweek snapshot(s) recorded; need at least 3.
2026-08-24,1,23,Fábio Vieira,ARS,MID,,0,,,,,,,,,Insufficient data,,only 0 finished-gameweek snapshot(s) recorded; need at least 3.
2026-08-24,1,24,Nelson,ARS,MID,,0,,,,,,,,,Insufficient data,,only 0 finished-gameweek snapshot(s) recorded; need at least 3.
2026-08-24,1,25,Gyökeres,ARS,FWD,,0,,,,,,,,,Insufficient data,,only 0 finished-gameweek snapshot(s) recorded; need at least 3.
2026-08-24,1,26,Havertz,ARS,FWD,,0,,,,,,,,,Insufficient data,,only 0 finished-gameweek snapshot(s) recorded; need at least 3.
2026-08-24,1,27,G.Jesus,ARS,FWD,,0,,,,,,,,,Insufficient data,,only 0 finished-gameweek snapshot(s) recorded; need at least 3.
2026-08-24,1,28,Martinez,AVL,GKP,,0,,,,,,,,,Insufficient data,,only 0 finished-gameweek snapshot(s) recorded; need at least 3.
2026-08-24,1,29,M.Bizot,AVL,GKP,,0,,,,,,,,,Insufficient data,,only 0 finished-gameweek snapshot(s) recorded; need at least 3.
2026-08-24,1,30,Digne,AVL,DEF,0.0,0,,,,,,,,,Insufficient data,,only 0 finished-gameweek snapshot(s) recorded; need at least 3.
2026-08-24,1,31,Konsa,ARS,DEF,,0,,,,,,,,,Insufficient data,,only 0 finished-gameweek snapshot(s) recorded; need at least 3.
2026-08-24,1,32,Cash,AVL,DEF,,0,,,,,,,,,Insufficient data,,only 0 finished-gameweek snapshot(s) recorded; need at least 3.
2026-08-24,1,33,Mings,AVL,DEF,,0,,,,,,,,,Insufficient data,,only 0 finished-gameweek snapshot(s) recorded; need at least 3.
2026-08-24,1,34,Pau,AVL,DEF,,0,,,,,,,,,Insufficient data,,only 0 finished-gameweek snapshot(s) recorded; need at least 3.
2026-08-24,1,35,Bogarde,AVL,MID,,0,,,,,,,,,Insufficient data,,only 0 finished-gameweek snapshot(s) recorded; need at least 3.
2026-08-24,1,36,Maatsen,AVL,DEF,,0,,,,,,,,,Insufficient data,,only 0 finished-gameweek snapshot(s) recorded; need at least 3.
2026-08-24,1,37,Lindelöf,AVL,DEF,,0,,,,,,,,,Insufficient data,,only 0 finished-gameweek snapshot(s) recorded; need at least 3.
2026-08-24,1,38,A.García,AVL,DEF,,0,,,,,,,,,Insufficient data,,only 0 finished-gameweek snapshot(s) recorded; need at least 3.
2026-08-24,1,39,Nedeljkovic,AVL,DEF,0.0,0,,,,,,,,,Insufficient data,,only 0 finished-gameweek snapshot(s) recorded; need at least 3.
2026-08-24,1,40,Rogers,CHE,MID,,0,,,,,,,,,Insufficient data,,only 0 finished-gameweek snapshot(s) recorded; need at least 3.
2026-08-24,1,41,Buendía,AVL,MID,,0,,,,,,,,,Insufficient data,,only 0 finished-gameweek snapshot(s) recorded; need at least 3.
2026-08-24,1,42,Guessand,CRY,MID,,0,,,,,,,,,Insufficient data,,only 0 finished-gameweek snapshot(s) recorded; need at least 3.
2026-08-24,1,43,Tielemans,MUN,MID,100.0,0,,,,,,,,,Insufficient data,,only 0 finished-gameweek snapshot(s) recorded; need at least 3.
2026-08-24,1,44,Bailey,AVL,MID,,0,,,,,,,,,Insufficient data,,only 0 finished-gameweek snapshot(s) recorded; need at least 3.
2026-08-24,1,45,McGinn,AVL,MID,,0,,,,,,,,,Insufficient data,,only 0 finished-gameweek snapshot(s) recorded; need at least 3.
2026-08-24,1,46,Barkley,AVL,MID,,0,,,,,,,,,Insufficient data,,only 0 finished-gameweek snapshot(s) recorded; need at least 3.
2026-08-24,1,47,Kamara,AVL,MID,100.0,0,,,,,,,,,Insufficient data,,only 0 finished-gameweek snapshot(s) recorded; need at least 3.
2026-08-24,1,48,Onana,AVL,MID,0.0,0,,,,,,,,,Insufficient data,,only 0 finished-gameweek snapshot(s) recorded; need at least 3.
2026-08-24,1,49,Iling Jr,AVL,MID,0.0,0,,,,,,,,,Insufficient data,,only 0 finished-gameweek snapshot(s) recorded; need at least 3.
2026-08-24,1,50,Burrowes,AVL,MID,,0,,,,,,,,,Insufficient data,,only 0 finished-gameweek snapshot(s) recorded; need at least 3.
2026-08-24,1,51,George Hemmings,AVL,MID,,0,,,,,,,,,Insufficient data,,only 0 finished-gameweek snapshot(s) recorded; need at least 3.
2026-08-24,1,52,Alysson,AVL,MID,,0,,,,,,,,,Insufficient data,,only 0 finished-gameweek snapshot(s) recorded; need at least 3.
2026-08-24,1,53,Manzambi,AVL,MID,0.0,0,,,,,,,,,Insufficient data,,only 0 finished-gameweek snapshot(s) recorded; need at least 3.
2026-08-24,1,54,Gomes,AVL,MID,0.0,0,,,,,,,,,Insufficient data,,only 0 finished-gameweek snapshot(s) recorded; need at least 3.
2026-08-24,1,55,Watkins,AVL,FWD,,0,,,,,,,,,Insufficient data,,only 0 finished-gameweek snapshot(s) recorded; need at least 3.
2026-08-24,1,56,Abraham,AVL,FWD,75.0,0,,,,,,,,,Insufficient data,,only 0 finished-gameweek snapshot(s) recorded; need at least 3.
2026-08-24,1,57,Petrović,BOU,GKP,,0,,,,,,,,,Insufficient data,,only 0 finished-gameweek snapshot(s) recorded; need at least 3.
2026-08-24,1,58,Forster,BOU,GKP,,0,,,,,,,,,Insufficient data,,only 0 finished-gameweek snapshot(s) recorded; need at least 3.
2026-08-24,1,59,Dennis,BOU,GKP,,0,,,,,,,,,Insufficient data,,only 0 finished-gameweek snapshot(s) recorded; need at least 3.
2026-08-24,1,60,Hill,BOU,DEF,,0,,,,,,,,,Insufficient data,,only 0 finished-gameweek snapshot(s) recorded; need at least 3.
2026-08-24,1,61,Truffert,BOU,DEF,,0,,,,,,,,,Insufficient data,,only 0 finished-gameweek snapshot(s) recorded; need at least 3.
2026-08-24,1,62,Diakité,BOU,DEF,,0,,,,,,,,,Insufficient data,,only 0 finished-gameweek snapshot(s) recorded; need at least 3.
2026-08-24,1,63,Milosavljević,BOU,DEF,0.0,0,,,,,,,,,Insufficient data,,only 0 finished-gameweek snapshot(s) recorded; need at least 3.
2026-08-24,1,64,Smith,BOU,DEF,,0,,,,,,,,,Insufficient data,,only 0 finished-gameweek snapshot(s) recorded; need at least 3.
2026-08-24,1,65,J.Araujo,BOU,DEF,0.0,0,,,,,,,,,Insufficient data,,only 0 finished-gameweek snapshot(s) recorded; need at least 3.
2026-08-24,1,66,Soler,BOU,DEF,75.0,0,,,,,,,,,Insufficient data,,only 0 finished-gameweek snapshot(s) recorded; need at least 3.
2026-08-24,1,67,Rayan,BOU,MID,,0,,,,,,,,,Insufficient data,,only 0 finished-gameweek snapshot(s) recorded; need at least 3.
2026-08-24,1,68,Tavernier,BOU,MID,,0,,,,,,,,,Insufficient data,,only 0 finished-gameweek snapshot(s) recorded; need at least 3.
2026-08-24,1,69,Scott,BOU,MID,,0,,,,,,,,,Insufficient data,,only 0 finished-gameweek snapshot(s) recorded; need at least 3.
2026-08-24,1,70,Kluivert,BOU,MID,,0,,,,,,,,,Insufficient data,,only 0 finished-gameweek snapshot(s) recorded; need at least 3.
2026-08-24,1,71,Cook,BOU,MID,,0,,,,,,,,,Insufficient data,,only 0 finished-gameweek snapshot(s) recorded; need at least 3.
2026-08-24,1,72,Gannon-Doak,BOU,MID,,0,,,,,,,,,Insufficient data,,only 0 finished-gameweek snapshot(s) recorded; need at least 3.
2026-08-24,1,73,Adams,BOU,MID,100.0,0,,,,,,,,,Insufficient data,,only 0 finished-gameweek snapshot(s) recorded; need at least 3.
2026-08-24,1,74,Brooks,BOU,MID,100.0,0,,,,,,,,,Insufficient data,,only 0 finished-gameweek snapshot(s) recorded; need at least 3.
2026-08-24,1,75,Christie,BOU,MID,100.0,0,,,,,,,,,Insufficient data,,only 0 finished-gameweek snapshot(s) recorded; need at least 3.
2026-08-24,1,76,Tóth.A,BOU,MID,,0,,,,,,,,,Insufficient data,,only 0 finished-gameweek snapshot(s) recorded; need at least 3.
2026-08-24,1,77,Adli,BOU,MID,0.0,0,,,,,,,,,Insufficient data,,only 0 finished-gameweek snapshot(s) recorded; need at least 3.
2026-08-24,1,78,Kroupi.Jr,BOU,MID,0.0,0,,,,,,,,,Insufficient data,,only 0 finished-gameweek snapshot(s) recorded; need at least 3.
2026-08-24,1,79,Evanilson,BOU,FWD,,0,,,,,,,,,Insufficient data,,only 0 finished-gameweek snapshot(s) recorded; need at least 3.
2026-08-24,1,80,Enes Ünal,BOU,FWD,0.0,0,,,,,,,,,Insufficient data,,only 0 finished-gameweek snapshot(s) recorded; need at least 3.
2026-08-24,1,81,Rodríguez,BOU,FWD,100.0,0,,,,,,,,,Insufficient data,,only 0 finished-gameweek snapshot(s) recorded; need at least 3.
2026-08-24,1,82,Kelleher,BRE,GKP,,0,,,,,,,,,Insufficient data,,only 0 finished-gameweek snapshot(s) recorded; need at least 3.
2026-08-24,1,83,Valdimarsson,BRE,GKP,,0,,,,,,,,,Insufficient data,,only 0 finished-gameweek snapshot(s) recorded; need at least 3.
2026-08-24,1,84,Collins,BRE,DEF,,0,,,,,,,,,Insufficient data,,only 0 finished-gameweek snapshot(s) recorded; need at least 3.
2026-08-24,1,85,Van den Berg,BRE,DEF,0.0,0,,,,,,,,,Insufficient data,,only 0 finished-gameweek snapshot(s) recorded; need at least 3.
2026-08-24,1,86,Lewis-Potter,BRE,MID,,0,,,,,,,,,Insufficient data,,only 0 finished-gameweek snapshot(s) recorded; need at least 3.
2026-08-24,1,87,Ajer,BRE,DEF,,0,,,,,,,,,Insufficient data,,only 0 finished-gameweek snapshot(s) recorded; need at least 3.
2026-08-24,1,88,Kayode,BRE,DEF,,0,,,,,,,,,Insufficient data,,only 0 finished-gameweek snapshot(s) recorded; need at least 3.
2026-08-24,1,89,Henry,BRE,DEF,,0,,,,,,,,,Insufficient data,,only 0 finished-gameweek snapshot(s) recorded; need at least 3.
2026-08-24,1,90,Hickey,BRE,DEF,,0,,,,,,,,,Insufficient data,,only 0 finished-gameweek snapshot(s) recorded; need at least 3.
2026-08-24,1,91,Pinnock,BRE,DEF,,0,,,,,,,,,Insufficient data,,only 0 finished-gameweek snapshot(s) recorded; need at least 3.
2026-08-24,1,92,Ji-soo,BRE,DEF,,0,,,,,,,,,Insufficient data,,only 0 finished-gameweek snapshot(s) recorded; need at least 3.
2026-08-24,1,93,Schuster,BRE,DEF,,0,,,,,,,,,Insufficient data,,only 0 finished-gameweek snapshot(s) recorded; need at least 3.
2026-08-24,1,94,Schade,BRE,MID,,0,,,,,,,,,Insufficient data,,only 0 finished-gameweek snapshot(s) recorded; need at least 3.
2026-08-24,1,95,O.Dango,BRE,MID,,0,,,,,,,,,Insufficient data,,only 0 finished-gameweek snapshot(s) recorded; need at least 3.
2026-08-24,1,96,Damsgaard,BRE,MID,,0,,,,,,,,,Insufficient data,,only 0 finished-gameweek snapshot(s) recorded; need at least 3.
2026-08-24,1,97,Jensen,BRE,MID,,0,,,,,,,,,Insufficient data,,only 0 finished-gameweek snapshot(s) recorded; need at least 3.
2026-08-24,1,98,Janelt,BRE,MID,,0,,,,,,,,,Insufficient data,,only 0 finished-gameweek snapshot(s) recorded; need at least 3.
2026-08-24,1,99,Milambo,BRE,MID,0.0,0,,,,,,,,,Insufficient data,,only 0 finished-gameweek snapshot(s) recorded; need at least 3.
2026-08-24,1,100,Carvalho,BRE,MID,75.0,0,,,,,,,,,Insufficient data,,only 0 finished-gameweek snapshot(s) recorded; need at least 3.
2026-08-24,1,101,Henderson,CHE,MID,75.0,0,,,,,,,,,Insufficient data,,only 0 finished-gameweek snapshot(s) recorded; need at least 3.
2026-08-24,1,102,Yarmoliuk,BRE,MID,,0,,,,,,,,,Insufficient data,,only 0 finished-gameweek snapshot(s) recorded; need at least 3.
2026-08-24,1,103,Dasilva,BRE,MID,,0,,,,,,,,,Insufficient data,,only 0 finished-gameweek snapshot(s) recorded; need at least 3.
2026-08-24,1,104,Onyeka,COV,MID,,0,,,,,,,,,Insufficient data,,only 0 finished-gameweek snapshot(s) recorded; need at least 3.
2026-08-24,1,105,Anthony,BRE,MID,,0,,,,,,,,,Insufficient data,,only 0 finished-gameweek snapshot(s) recorded; need at least 3.
2026-08-24,1,106,Thiago,BRE,FWD,,0,,,,,,,,,Insufficient data,,only 0 finished-gameweek snapshot(s) recorded; need at least 3.
2026-08-24,1,107,Furo,BRE,FWD,,0,,,,,,,,,Insufficient data,,only 0 finished-gameweek snapshot(s) recorded; need at least 3.
2026-08-24,1,108,Wilson,BRE,FWD,,0,,,,,,,,,Insufficient data,,only 0 finished-gameweek snapshot(s) recorded; need at least 3.
2026-08-24,1,109,Verbruggen,BHA,GKP,,0,,,,,,,,,Insufficient data,,only 0 finished-gameweek snapshot(s) recorded; need at least 3.
2026-08-24,1,110,Rushworth,COV,GKP,,0,,,,,,,,,Insufficient data,,only 0 finished-gameweek snapshot(s) recorded; need at least 3.
2026-08-24,1,111,Steele,BHA,GKP,,0,,,,,,,,,Insufficient data,,only 0 finished-gameweek snapshot(s) recorded; need at least 3.
2026-08-24,1,112,Van Hecke,TOT,DEF,,0,,,,,,,,,Insufficient data,,only 0 finished-gameweek snapshot(s) recorded; need at least 3.
2026-08-24,1,113,F.Kadıoğlu,BHA,DEF,75.0,0,,,,,,,,,Insufficient data,,only 0 finished-gameweek snapshot(s) recorded; need at least 3.
2026-08-24,1,114,Boscagli,BHA,DEF,,0,,,,,,,,,Insufficient data,,only 0 finished-gameweek snapshot(s) recorded; need at least 3.
2026-08-24,1,115,De Cuyper,BHA,DEF,,0,,,,,,,,,Insufficient data,,only 0 finished-gameweek snapshot(s) recorded; need at least 3.
2026-08-24,1,116,Dunk,BHA,DEF,,0,,,,,,,,,Insufficient data,,only 0 finished-gameweek snapshot(s) recorded; need at least 3.
2026-08-24,1,117,Coppola,BHA,DEF,,0,,,,,,,,,Insufficient data,,only 0 finished-gameweek snapshot(s) recorded; need at least 3.
2026-08-24,1,118,Igor,BHA,DEF,,0,,,,,,,,,Insufficient data,,only 0 finished-gameweek snapshot(s) recorded; need at least 3.
2026-08-24,1,119,Costinha,BHA,DEF,,0,,,,,,,,,Insufficient data,,only 0 finished-gameweek snapshot(s) recorded; need at least 3.
2026-08-24,1,120,Svoboda,BHA,DEF,,0,,,,,,,,,Insufficient data,,only 0 finished-gameweek snapshot(s) recorded; need at least 3.
2026-08-24,1,121,Mitoma,BHA,MID,0.0,0,,,,,,,,,Insufficient data,,only 0 finished-gameweek snapshot(s) recorded; need at least 3.
2026-08-24,1,122,Minteh,BHA,MID,0.0,0,,,,,,,,,Insufficient data,,only 0 finished-gameweek snapshot(s) recorded; need at least 3.
2026-08-24,1,123,Hinshelwood,BHA,MID,,0,,,,,,,,,Insufficient data,,only 0 finished-gameweek snapshot(s) recorded; need at least 3.
2026-08-24,1,124,Groß,BHA,MID,,0,,,,,,,,,Insufficient data,,only 0 finished-gameweek snapshot(s) recorded; need at least 3.
2026-08-24,1,125,Georginio,BHA,FWD,,0,,,,,,,,,Insufficient data,,only 0 finished-gameweek snapshot(s) recorded; need at least 3.
2026-08-24,1,126,O'Riley,BHA,MID,,0,,,,,,,,,Insufficient data,,only 0 finished-gameweek snapshot(s) recorded; need at least 3.
2026-08-24,1,127,Gomez,BHA,MID,,0,,,,,,,,,Insufficient data,,only 0 finished-gameweek snapshot(s) recorded; need at least 3.
2026-08-24,1,128,Buonanotte,BHA,MID,0.0,0,,,,,,,,,Insufficient data,,only 0 finished-gameweek snapshot(s) recorded; need at least 3.
2026-08-24,1,129,Ayari,BHA,MID,,0,,,,,,,,,Insufficient data,,only 0 finished-gameweek snapshot(s) recorded; need at least 3.
2026-08-24,1,130,Wieffer,BHA,DEF,,0,,,,,,,,,Insufficient data,,only 0 finished-gameweek snapshot(s) recorded; need at least 3.
2026-08-24,1,131,Baleba,BHA,MID,0.0,0,,,,,,,,,Insufficient data,,only 0 finished-gameweek snapshot(s) recorded; need at least 3.
2026-08-24,1,132,Howell,BHA,MID,0.0,0,,,,,,,,,Insufficient data,,only 0 finished-gameweek snapshot(s) recorded; need at least 3.
2026-08-24,1,133,Watson,BHA,MID,0.0,0,,,,,,,,,Insufficient data,,only 0 finished-gameweek snapshot(s) recorded; need at least 3.
2026-08-24,1,134,Oriola,BHA,MID,,0,,,,,,,,,Insufficient data,,only 0 finished-gameweek snapshot(s) recorded; need at least 3.
2026-08-24,1,135,Yohanna,BHA,MID,,0,,,,,,,,,Insufficient data,,only 0 finished-gameweek snapshot(s) recorded; need at least 3.
2026-08-24,1,136,Welbeck,CHE,FWD,75.0,0,,,,,,,,,Insufficient data,,only 0 finished-gameweek snapshot(s) recorded; need at least 3.
2026-08-24,1,137,Tzimas,BHA,FWD,0.0,0,,,,,,,,,Insufficient data,,only 0 finished-gameweek snapshot(s) recorded; need at least 3.
2026-08-24,1,138,Kostoulas,BHA,FWD,,0,,,,,,,,,Insufficient data,,only 0 finished-gameweek snapshot(s) recorded; need at least 3.
2026-08-24,1,139,Ferguson,BHA,FWD,0.0,0,,,,,,,,,Insufficient data,,only 0 finished-gameweek snapshot(s) recorded; need at least 3.
2026-08-24,1,140,Sánchez,CHE,GKP,,0,,,,,,,,,Insufficient data,,only 0 finished-gameweek snapshot(s) recorded; need at least 3.
2026-08-24,1,141,Jörgensen,CHE,GKP,0.0,0,,,,,,,,,Insufficient data,,only 0 finished-gameweek snapshot(s) recorded; need at least 3.
2026-08-24,1,142,James,CHE,DEF,,0,,,,,,,,,Insufficient data,,only 0 finished-gameweek snapshot(s) recorded; need at least 3.
2026-08-24,1,143,Chalobah,CHE,DEF,0.0,0,,,,,,,,,Insufficient data,,only 0 finished-gameweek snapshot(s) recorded; need at least 3.
2026-08-24,1,144,Gusto,CHE,DEF,,0,,,,,,,,,Insufficient data,,only 0 finished-gameweek snapshot(s) recorded; need at least 3.
2026-08-24,1,145,Fofana,CHE,DEF,0.0,0,,,,,,,,,Insufficient data,,only 0 finished-gameweek snapshot(s) recorded; need at least 3.
2026-08-24,1,146,B.Badiashile,CHE,DEF,,0,,,,,,,,,Insufficient data,,only 0 finished-gameweek snapshot(s) recorded; need at least 3.
2026-08-24,1,147,Tosin,CHE,DEF,,0,,,,,,,,,Insufficient data,,only 0 finished-gameweek snapshot(s) recorded; need at least 3.
2026-08-24,1,148,Hato,CHE,DEF,,0,,,,,,,,,Insufficient data,,only 0 finished-gameweek snapshot(s) recorded; need at least 3.
2026-08-24,1,149,Colwill,CHE,DEF,,0,,,,,,,,,Insufficient data,,only 0 finished-gameweek snapshot(s) recorded; need at least 3.
2026-08-24,1,150,M.Sarr,CHE,DEF,,0,,,,,,,,,Insufficient data,,only 0 finished-gameweek snapshot(s) recorded; need at least 3.
2026-08-24,1,151,Acheampong,CHE,DEF,,0,,,,,,,,,Insufficient data,,only 0 finished-gameweek snapshot(s) recorded; need at least 3.
2026-08-24,1,152,Palestra,CHE,DEF,,0,,,,,,,,,Insufficient data,,only 0 finished-gameweek snapshot(s) recorded; need at least 3.
2026-08-24,1,153,Disasi,CHE,DEF,,0,,,,,,,,,Insufficient data,,only 0 finished-gameweek snapshot(s) recorded; need at least 3.
2026-08-24,1,154,Palmer,CHE,MID,,0,,,,,,,,,Insufficient data,,only 0 finished-gameweek snapshot(s) recorded; need at least 3.
2026-08-24,1,155,Enzo,CHE,MID,,0,,,,,,,,,Insufficient data,,only 0 finished-gameweek snapshot(s) recorded; need at least 3.
2026-08-24,1,156,Neto,CHE,MID,,0,,,,,,,,,Insufficient data,,only 0 finished-gameweek snapshot(s) recorded; need at least 3.
2026-08-24,1,157,Estêvão,CHE,MID,,0,,,,,,,,,Insufficient data,,only 0 finished-gameweek snapshot(s) recorded; need at least 3.
2026-08-24,1,158,Gittens,CHE,MID,,0,,,,,,,,,Insufficient data,,only 0 finished-gameweek snapshot(s) recorded; need at least 3.
2026-08-24,1,159,Caicedo,CHE,MID,,0,,,,,,,,,Insufficient data,,only 0 finished-gameweek snapshot(s) recorded; need at least 3.
2026-08-24,1,160,Garnacho,AVL,MID,,0,,,,,,,,,Insufficient data,,only 0 finished-gameweek snapshot(s) recorded; need at least 3.
2026-08-24,1,161,Lavia,CHE,MID,,0,,,,,,,,,Insufficient data,,only 0 finished-gameweek snapshot(s) recorded; need at least 3.
2026-08-24,1,162,Andrey Santos,MUN,MID,,0,,,,,,,,,Insufficient data,,only 0 finished-gameweek snapshot(s) recorded; need at least 3.
2026-08-24,1,163,D.Essugo,CHE,MID,,0,,,,,,,,,Insufficient data,,only 0 finished-gameweek snapshot(s) recorded; need at least 3.
2026-08-24,1,164,Quenda,CHE,MID,100.0,0,,,,,,,,,Insufficient data,,only 0 finished-gameweek snapshot(s) recorded; need at least 3.
2026-08-24,1,165,João Pedro,CHE,FWD,,0,,,,,,,,,Insufficient data,,only 0 finished-gameweek snapshot(s) recorded; need at least 3.
2026-08-24,1,166,N.Jackson,CHE,FWD,,0,,,,,,,,,Insufficient data,,only 0 finished-gameweek snapshot(s) recorded; need at least 3.
2026-08-24,1,167,Delap,CHE,FWD,,0,,,,,,,,,Insufficient data,,only 0 finished-gameweek snapshot(s) recorded; need at least 3.
2026-08-24,1,168,Marc Guiu,CHE,FWD,,0,,,,,,,,,Insufficient data,,only 0 finished-gameweek snapshot(s) recorded; need at least 3.
2026-08-24,1,169,Mheuka,CHE,FWD,,0,,,,,,,,,Insufficient data,,only 0 finished-gameweek snapshot(s) recorded; need at least 3.
2026-08-24,1,170,Emegha,CHE,FWD,100.0,0,,,,,,,,,Insufficient data,,only 0 finished-gameweek snapshot(s) recorded; need at least 3.
2026-08-24,1,171,Dovin,COV,GKP,,0,,,,,,,,,Insufficient data,,only 0 finished-gameweek snapshot(s) recorded; need at least 3.
2026-08-24,1,172,Wilson,COV,GKP,,0,,,,,,,,,Insufficient data,,only 0 finished-gameweek snapshot(s) recorded; need at least 3.
2026-08-24,1,173,Thomas,COV,DEF,,0,,,,,,,,,Insufficient data,,only 0 finished-gameweek snapshot(s) recorded; need at least 3.
2026-08-24,1,174,Kitching,COV,DEF,,0,,,,,,,,,Insufficient data,,only 0 finished-gameweek snapshot(s) recorded; need at least 3.
2026-08-24,1,175,van Ewijk,COV,DEF,,0,,,,,,,,,Insufficient data,,only 0 finished-gameweek snapshot(s) recorded; need at least 3.
2026-08-24,1,176,Dasilva,COV,DEF,,0,,,,,,,,,Insufficient data,,only 0 finished-gameweek snapshot(s) recorded; need at least 3.
2026-08-24,1,177,Kesler-Hayden,COV,DEF,,0,,,,,,,,,Insufficient data,,only 0 finished-gameweek snapshot(s) recorded; need at least 3.
2026-08-24,1,178,Bidwell,COV,DEF,,0,,,,,,,,,Insufficient data,,only 0 finished-gameweek snapshot(s) recorded; need at least 3.
2026-08-24,1,179,Latibeaudiere,COV,DEF,,0,,,,,,,,,Insufficient data,,only 0 finished-gameweek snapshot(s) recorded; need at least 3.
2026-08-24,1,180,Woolfenden,COV,DEF,,0,,,,,,,,,Insufficient data,,only 0 finished-gameweek snapshot(s) recorded; need at least 3.
2026-08-24,1,181,Brau,COV,DEF,,0,,,,,,,,,Insufficient data,,only 0 finished-gameweek snapshot(s) recorded; need at least 3.
2026-08-24,1,182,Amenda,COV,DEF,,0,,,,,,,,,Insufficient data,,only 0 finished-gameweek snapshot(s) recorded; need at least 3.
2026-08-24,1,183,Rudoni,COV,MID,100.0,0,,,,,,,,,Insufficient data,,only 0 finished-gameweek snapshot(s) recorded; need at least 3.
2026-08-24,1,184,Grimes,COV,MID,,0,,,,,,,,,Insufficient data,,only 0 finished-gameweek snapshot(s) recorded; need at least 3.
2026-08-24,1,185,Sakamoto,COV,MID,,0,,,,,,,,,Insufficient data,,only 0 finished-gameweek snapshot(s) recorded; need at least 3.
2026-08-24,1,186,Mason-Clark,COV,MID,100.0,0,,,,,,,,,Insufficient data,,only 0 finished-gameweek snapshot(s) recorded; need at least 3.
2026-08-24,1,187,Eccles,COV,MID,,0,,,,,,,,,Insufficient data,,only 0 finished-gameweek snapshot(s) recorded; need at least 3.
2026-08-24,1,188,Torp,COV,MID,,0,,,,,,,,,Insufficient data,,only 0 finished-gameweek snapshot(s) recorded; need at least 3.
2026-08-24,1,189,Shepherd,COV,MID,,0,,,,,,,,,Insufficient data,,only 0 finished-gameweek snapshot(s) recorded; need at least 3.
2026-08-24,1,190,Tchaouna,COV,MID,,0,,,,,,,,,Insufficient data,,only 0 finished-gameweek snapshot(s) recorded; need at least 3.
2026-08-24,1,191,Borges Rodrigues,COV,MID,,0,,,,,,,,,Insufficient data,,only 0 finished-gameweek snapshot(s) recorded; need at least 3.
2026-08-24,1,192,Andrews,COV,MID,,0,,,,,,,,,Insufficient data,,only 0 finished-gameweek snapshot(s) recorded; need at least 3.
2026-08-24,1,193,Wright,COV,FWD,0.0,0,,,,,,,,,Insufficient data,,only 0 finished-gameweek snapshot(s) recorded; need at least 3.
2026-08-24,1,194,Thomas-Asante,COV,FWD,,0,,,,,,,,,Insufficient data,,only 0 finished-gameweek snapshot(s) recorded; need at least 3.
2026-08-24,1,195,Simms,COV,FWD,,0,,,,,,,,,Insufficient data,,only 0 finished-gameweek snapshot(s) recorded; need at least 3.
2026-08-24,1,196,Markelo,COV,FWD,0.0,0,,,,,,,,,Insufficient data,,only 0 finished-gameweek snapshot(s) recorded; need at least 3.
2026-08-24,1,197,Bassette,COV,FWD,0.0,0,,,,,,,,,Insufficient data,,only 0 finished-gameweek snapshot(s) recorded; need at least 3.
2026-08-24,1,198,Henderson,CRY,GKP,100.0,0,,,,,,,,,Insufficient data,,only 0 finished-gameweek snapshot(s) recorded; need at least 3.
2026-08-24,1,199,Benitez,CRY,GKP,,0,,,,,,,,,Insufficient data,,only 0 finished-gameweek snapshot(s) recorded; need at least 3.
2026-08-24,1,200,Lacroix,CHE,DEF,,0,,,,,,,,,Insufficient data,,only 0 finished-gameweek snapshot(s) recorded; need at least 3.
2026-08-24,1,201,Muñoz,CRY,DEF,,0,,,,,,,,,Insufficient data,,only 0 finished-gameweek snapshot(s) recorded; need at least 3.
2026-08-24,1,202,Richards,CRY,DEF,,0,,,,,,,,,Insufficient data,,only 0 finished-gameweek snapshot(s) recorded; need at least 3.
2026-08-24,1,203,Canvot,CRY,DEF,,0,,,,,,,,,Insufficient data,,only 0 finished-gameweek snapshot(s) recorded; need at least 3.
2026-08-24,1,204,Mitchell,CRY,DEF,,0,,,,,,,,,Insufficient data,,only 0 finished-gameweek snapshot(s) recorded; need at least 3.
2026-08-24,1,205,Sosa,CRY,DEF,,0,,,,,,,,,Insufficient data,,only 0 finished-gameweek snapshot(s) recorded; need at least 3.
2026-08-24,1,206,Chadi Riad,CRY,DEF,50.0,0,,,,,,,,,Insufficient data,,only 0 finished-gameweek snapshot(s) recorded; need at least 3.
2026-08-24,1,207,Mingueza,CRY,DEF,,0,,,,,,,,,Insufficient data,,only 0 finished-gameweek snapshot(s) recorded; need at least 3.
2026-08-24,1,208,Sarr,CRY,MID,75.0,0,,,,,,,,,Insufficient data,,only 0 finished-gameweek snapshot(s) recorded; need at least 3.
2026-08-24,1,209,Johnson,EVE,MID,,0,,,,,,,,,Insufficient data,,only 0 finished-gameweek snapshot(s) recorded; need at least 3.
2026-08-24,1,210,Wharton,CRY,MID,100.0,0,,,,,,,,,Insufficient data,,only 0 finished-gameweek snapshot(s) recorded; need at least 3.
2026-08-24,1,211,Yeremy,CRY,MID,,0,,,,,,,,,Insufficient data,,only 0 finished-gameweek snapshot(s) recorded; need at least 3.
2026-08-24,1,212,Hughes,CRY,MID,,0,,,,,,,,,Insufficient data,,only 0 finished-gameweek snapshot(s) recorded; need at least 3.
2026-08-24,1,213,Lerma,CRY,MID,,0,,,,,,,,,Insufficient data,,only 0 finished-gameweek snapshot(s) recorded; need at least 3.
2026-08-24,1,214,Kamada,CRY,MID,,0,,,,,,,,,Insufficient data,,only 0 finished-gameweek snapshot(s) recorded; need at least 3.
2026-08-24,1,215,Devenny,CRY,MID,,0,,,,,,,,,Insufficient data,,only 0 finished-gameweek snapshot(s) recorded; need at least 3.
2026-08-24,1,216,Esse,CRY,MID,,0,,,,,,,,,Insufficient data,,only 0 finished-gameweek snapshot(s) recorded; need at least 3.
2026-08-24,1,217,M.França,CRY,MID,,0,,,,,,,,,Insufficient data,,only 0 finished-gameweek snapshot(s) recorded; need at least 3.
2026-08-24,1,218,Doucouré,CRY,MID,,0,,,,,,,,,Insufficient data,,only 0 finished-gameweek snapshot(s) recorded; need at least 3.
2026-08-24,1,219,J.Rak-Sakyi,CRY,MID,,0,,,,,,,,,Insufficient data,,only 0 finished-gameweek snapshot(s) recorded; need at least 3.
2026-08-24,1,220,Cardines,CRY,DEF,0.0,0,,,,,,,,,Insufficient data,,only 0 finished-gameweek snapshot(s) recorded; need at least 3.
2026-08-24,1,221,Drakes-Thomas,CRY,MID,,0,,,,,,,,,Insufficient data,,only 0 finished-gameweek snapshot(s) recorded; need at least 3.
2026-08-24,1,222,Strand Larsen,CRY,FWD,,0,,,,,,,,,Insufficient data,,only 0 finished-gameweek snapshot(s) recorded; need at least 3.
2026-08-24,1,223,Mateta,CRY,FWD,,0,,,,,,,,,Insufficient data,,only 0 finished-gameweek snapshot(s) recorded; need at least 3.
2026-08-24,1,224,Nketiah,CRY,FWD,,0,,,,,,,,,Insufficient data,,only 0 finished-gameweek snapshot(s) recorded; need at least 3.
2026-08-24,1,225,Uche,CRY,FWD,0.0,0,,,,,,,,,Insufficient data,,only 0 finished-gameweek snapshot(s) recorded; need at least 3.
2026-08-24,1,226,Pickford,EVE,GKP,,0,,,,,,,,,Insufficient data,,only 0 finished-gameweek snapshot(s) recorded; need at least 3.
2026-08-24,1,227,Travers,EVE,GKP,,0,,,,,,,,,Insufficient data,,only 0 finished-gameweek snapshot(s) recorded; need at least 3.
2026-08-24,1,228,King,EVE,GKP,,0,,,,,,,,,Insufficient data,,only 0 finished-gameweek snapshot(s) recorded; need at least 3.
2026-08-24,1,229,Tarkowski,EVE,DEF,,0,,,,,,,,,Insufficient data,,only 0 finished-gameweek snapshot(s) recorded; need at least 3.
2026-08-24,1,230,Branthwaite,EVE,DEF,,0,,,,,,,,,Insufficient data,,only 0 finished-gameweek snapshot(s) recorded; need at least 3.
2026-08-24,1,231,Keane,EVE,DEF,,0,,,,,,,,,Insufficient data,,only 0 finished-gameweek snapshot(s) recorded; need at least 3.
2026-08-24,1,232,O'Brien,EVE,DEF,,0,,,,,,,,,Insufficient data,,only 0 finished-gameweek snapshot(s) recorded; need at least 3.
2026-08-24,1,233,Mykolenko,EVE,DEF,,0,,,,,,,,,Insufficient data,,only 0 finished-gameweek snapshot(s) recorded; need at least 3.
2026-08-24,1,234,Patterson,EVE,DEF,,0,,,,,,,,,Insufficient data,,only 0 finished-gameweek snapshot(s) recorded; need at least 3.
2026-08-24,1,235,Aznou,EVE,DEF,,0,,,,,,,,,Insufficient data,,only 0 finished-gameweek snapshot(s) recorded; need at least 3.
2026-08-24,1,236,Dewsbury-Hall,EVE,MID,,0,,,,,,,,,Insufficient data,,only 0 finished-gameweek snapshot(s) recorded; need at least 3.
2026-08-24,1,237,Ndiaye,EVE,MID,,0,,,,,,,,,Insufficient data,,only 0 finished-gameweek snapshot(s) recorded; need at least 3.
2026-08-24,1,238,Grealish,MCI,MID,100.0,0,,,,,,,,,Insufficient data,,only 0 finished-gameweek snapshot(s) recorded; need at least 3.
2026-08-24,1,239,Garner,EVE,MID,100.0,0,,,,,,,,,Insufficient data,,only 0 finished-gameweek snapshot(s) recorded; need at least 3.
2026-08-24,1,240,Iroegbunam,EVE,MID,0.0,0,,,,,,,,,Insufficient data,,only 0 finished-gameweek snapshot(s) recorded; need at least 3.
2026-08-24,1,241,McNeil,CRY,MID,,0,,,,,,,,,Insufficient data,,only 0 finished-gameweek snapshot(s) recorded; need at least 3.
2026-08-24,1,242,George,EVE,MID,,0,,,,,,,,,Insufficient data,,only 0 finished-gameweek snapshot(s) recorded; need at least 3.
2026-08-24,1,243,Alcaraz,EVE,MID,,0,,,,,,,,,Insufficient data,,only 0 finished-gameweek snapshot(s) recorded; need at least 3.
2026-08-24,1,244,Armstrong,EVE,MID,,0,,,,,,,,,Insufficient data,,only 0 finished-gameweek snapshot(s) recorded; need at least 3.
2026-08-24,1,245,Dibling,EVE,MID,,0,,,,,,,,,Insufficient data,,only 0 finished-gameweek snapshot(s) recorded; need at least 3.
2026-08-24,1,246,Röhl,EVE,MID,,0,,,,,,,,,Insufficient data,,only 0 finished-gameweek snapshot(s) recorded; need at least 3.
2026-08-24,1,247,Hackney,EVE,MID,,0,,,,,,,,,Insufficient data,,only 0 finished-gameweek snapshot(s) recorded; need at least 3.
2026-08-24,1,248,Beto,EVE,FWD,,0,,,,,,,,,Insufficient data,,only 0 finished-gameweek snapshot(s) recorded; need at least 3.
2026-08-24,1,249,Barry,EVE,FWD,,0,,,,,,,,,Insufficient data,,only 0 finished-gameweek snapshot(s) recorded; need at least 3.
2026-08-24,1,250,Leno,FUL,GKP,,0,,,,,,,,,Insufficient data,,only 0 finished-gameweek snapshot(s) recorded; need at least 3.
2026-08-24,1,251,Lecomte,FUL,GKP,,0,,,,,,,,,Insufficient data,,only 0 finished-gameweek snapshot(s) recorded; need at least 3.
2026-08-24,1,252,McNally,FUL,GKP,,0,,,,,,,,,Insufficient data,,only 0 finished-gameweek snapshot(s) recorded; need at least 3.
2026-08-24,1,253,Andersen,FUL,DEF,0.0,0,,,,,,,,,Insufficient data,,only 0 finished-gameweek snapshot(s) recorded; need at least 3.
2026-08-24,1,254,Robinson,FUL,DEF,,0,,,,,,,,,Insufficient data,,only 0 finished-gameweek snapshot(s) recorded; need at least 3.
2026-08-24,1,255,J.Cuenca,FUL,DEF,,0,,,,,,,,,Insufficient data,,only 0 finished-gameweek snapshot(s) recorded; need at least 3.
2026-08-24,1,256,Tete,FUL,DEF,,0,,,,,,,,,Insufficient data,,only 0 finished-gameweek snapshot(s) recorded; need at least 3.
2026-08-24,1,257,Bassey,FUL,DEF,,0,,,,,,,,,Insufficient data,,only 0 finished-gameweek snapshot(s) recorded; need at least 3.
2026-08-24,1,258,Castagne,FUL,DEF,,0,,,,,,,,,Insufficient data,,only 0 finished-gameweek snapshot(s) recorded; need at least 3.
2026-08-24,1,259,Diop,IPS,DEF,,0,,,,,,,,,Insufficient data,,only 0 finished-gameweek snapshot(s) recorded; need at least 3.
2026-08-24,1,260,Wilson,LEE,MID,,0,,,,,,,,,Insufficient data,,only 0 finished-gameweek snapshot(s) recorded; need at least 3.
2026-08-24,1,261,Iwobi,FUL,MID,,0,,,,,,,,,Insufficient data,,only 0 finished-gameweek snapshot(s) recorded; need at least 3.
2026-08-24,1,262,Smith Rowe,FUL,MID,,0,,,,,,,,,Insufficient data,,only 0 finished-gameweek snapshot(s) recorded; need at least 3.
2026-08-24,1,263,Kevin,FUL,MID,,0,,,,,,,,,Insufficient data,,only 0 finished-gameweek snapshot(s) recorded; need at least 3.
2026-08-24,1,264,Bobb,FUL,MID,,0,,,,,,,,,Insufficient data,,only 0 finished-gameweek snapshot(s) recorded; need at least 3.
2026-08-24,1,265,Berge,FUL,MID,,0,,,,,,,,,Insufficient data,,only 0 finished-gameweek snapshot(s) recorded; need at least 3.
2026-08-24,1,266,Cairney,FUL,MID,0.0,0,,,,,,,,,Insufficient data,,only 0 finished-gameweek snapshot(s) recorded; need at least 3.
2026-08-24,1,267,Lukić,IPS,MID,,0,,,,,,,,,Insufficient data,,only 0 finished-gameweek snapshot(s) recorded; need at least 3.
2026-08-24,1,268,King,FUL,MID,,0,,,,,,,,,Insufficient data,,only 0 finished-gameweek snapshot(s) recorded; need at least 3.
2026-08-24,1,269,Sessegnon,FUL,DEF,,0,,,,,,,,,Insufficient data,,only 0 finished-gameweek snapshot(s) recorded; need at least 3.
2026-08-24,1,270,Reed,FUL,MID,,0,,,,,,,,,Insufficient data,,only 0 finished-gameweek snapshot(s) recorded; need at least 3.
2026-08-24,1,271,Muniz,FUL,FWD,,0,,,,,,,,,Insufficient data,,only 0 finished-gameweek snapshot(s) recorded; need at least 3.
2026-08-24,1,272,Kusi-Asare,FUL,FWD,,0,,,,,,,,,Insufficient data,,only 0 finished-gameweek snapshot(s) recorded; need at least 3.
2026-08-24,1,273,Phillips,HUL,GKP,,0,,,,,,,,,Insufficient data,,only 0 finished-gameweek snapshot(s) recorded; need at least 3.
2026-08-24,1,274,Butland,HUL,GKP,0.0,0,,,,,,,,,Insufficient data,,only 0 finished-gameweek snapshot(s) recorded; need at least 3.
2026-08-24,1,275,Cartwright,HUL,GKP,0.0,0,,,,,,,,,Insufficient data,,only 0 finished-gameweek snapshot(s) recorded; need at least 3.
2026-08-24,1,276,Lo-Tutala,HUL,GKP,0.0,0,,,,,,,,,Insufficient data,,only 0 finished-gameweek snapshot(s) recorded; need at least 3.
2026-08-24,1,277,Egan,HUL,DEF,,0,,,,,,,,,Insufficient data,,only 0 finished-gameweek snapshot(s) recorded; need at least 3.
2026-08-24,1,278,Hughes,HUL,DEF,0.0,0,,,,,,,,,Insufficient data,,only 0 finished-gameweek snapshot(s) recorded; need at least 3.
2026-08-24,1,279,Ajayi,HUL,DEF,75.0,0,,,,,,,,,Insufficient data,,only 0 finished-gameweek snapshot(s) recorded; need at least 3.
2026-08-24,1,280,Coyle,HUL,DEF,75.0,0,,,,,,,,,Insufficient data,,only 0 finished-gameweek snapshot(s) recorded; need at least 3.
2026-08-24,1,281,Drameh,HUL,DEF,100.0,0,,,,,,,,,Insufficient data,,only 0 finished-gameweek snapshot(s) recorded; need at least 3.
2026-08-24,1,282,Giles,HUL,DEF,,0,,,,,,,,,Insufficient data,,only 0 finished-gameweek snapshot(s) recorded; need at least 3.
2026-08-24,1,283,Jacob,HUL,DEF,0.0,0,,,,,,,,,Insufficient data,,only 0 finished-gameweek snapshot(s) recorded; need at least 3.
2026-08-24,1,284,McCarthy,HUL,DEF,,0,,,,,,,,,Insufficient data,,only 0 finished-gameweek snapshot(s) recorded; need at least 3.
2026-08-24,1,285,McNair,HUL,DEF,,0,,,,,,,,,Insufficient data,,only 0 finished-gameweek snapshot(s) recorded; need at least 3.
2026-08-24,1,286,Belloumi,HUL,MID,,0,,,,,,,,,Insufficient data,,only 0 finished-gameweek snapshot(s) recorded; need at least 3.
2026-08-24,1,287,Millar,HUL,MID,,0,,,,,,,,,Insufficient data,,only 0 finished-gameweek snapshot(s) recorded; need at least 3.
2026-08-24,1,288,Dowell,HUL,MID,,0,,,,,,,,,Insufficient data,,only 0 finished-gameweek snapshot(s) recorded; need at least 3.
2026-08-24,1,289,Crooks,HUL,MID,,0,,,,,,,,,Insufficient data,,only 0 finished-gameweek snapshot(s) recorded; need at least 3.
2026-08-24,1,290,Slater,HUL,MID,,0,,,,,,,,,Insufficient data,,only 0 finished-gameweek snapshot(s) recorded; need at least 3.
2026-08-24,1,291,Matazo,HUL,MID,0.0,0,,,,,,,,,Insufficient data,,only 0 finished-gameweek snapshot(s) recorded; need at least 3.
2026-08-24,1,292,Ömür,HUL,MID,,0,,,,,,,,,Insufficient data,,only 0 finished-gameweek snapshot(s) recorded; need at least 3.
2026-08-24,1,293,Kamara,HUL,MID,0.0,0,,,,,,,,,Insufficient data,,only 0 finished-gameweek snapshot(s) recorded; need at least 3.
2026-08-24,1,294,Zambrano,HUL,MID,0.0,0,,,,,,,,,Insufficient data,,only 0 finished-gameweek snapshot(s) recorded; need at least 3.
2026-08-24,1,295,McBurnie,HUL,FWD,,0,,,,,,,,,Insufficient data,,only 0 finished-gameweek snapshot(s) recorded; need at least 3.
2026-08-24,1,296,Akintola,HUL,MID,,0,,,,,,,,,Insufficient data,,only 0 finished-gameweek snapshot(s) recorded; need at least 3.
2026-08-24,1,297,Gyabi,HUL,MID,0.0,0,,,,,,,,,Insufficient data,,only 0 finished-gameweek snapshot(s) recorded; need at least 3.
2026-08-24,1,298,Destan,HUL,FWD,0.0,0,,,,,,,,,Insufficient data,,only 0 finished-gameweek snapshot(s) recorded; need at least 3.
2026-08-24,1,299,Burstow,HUL,FWD,0.0,0,,,,,,,,,Insufficient data,,only 0 finished-gameweek snapshot(s) recorded; need at least 3.
2026-08-24,1,300,Walton,IPS,GKP,,0,,,,,,,,,Insufficient data,,only 0 finished-gameweek snapshot(s) recorded; need at least 3.
2026-08-24,1,301,Palmer,IPS,GKP,,0,,,,,,,,,Insufficient data,,only 0 finished-gameweek snapshot(s) recorded; need at least 3.
2026-08-24,1,302,Button,IPS,GKP,,0,,,,,,,,,Insufficient data,,only 0 finished-gameweek snapshot(s) recorded; need at least 3.
2026-08-24,1,303,Kipré,IPS,DEF,,0,,,,,,,,,Insufficient data,,only 0 finished-gameweek snapshot(s) recorded; need at least 3.
2026-08-24,1,304,O'Shea,IPS,DEF,,0,,,,,,,,,Insufficient data,,only 0 finished-gameweek snapshot(s) recorded; need at least 3.
2026-08-24,1,305,Davis,IPS,DEF,,0,,,,,,,,,Insufficient data,,only 0 finished-gameweek snapshot(s) recorded; need at least 3.
2026-08-24,1,306,Greaves,IPS,DEF,,0,,,,,,,,,Insufficient data,,only 0 finished-gameweek snapshot(s) recorded; need at least 3.
2026-08-24,1,307,Johnson,IPS,DEF,,0,,,,,,,,,Insufficient data,,only 0 finished-gameweek snapshot(s) recorded; need at least 3.
2026-08-24,1,308,Furlong,IPS,DEF,,0,,,,,,,,,Insufficient data,,only 0 finished-gameweek snapshot(s) recorded; need at least 3.
2026-08-24,1,309,Núñez,IPS,MID,,0,,,,,,,,,Insufficient data,,only 0 finished-gameweek snapshot(s) recorded; need at least 3.
2026-08-24,1,310,Matusiwa,IPS,MID,0.0,0,,,,,,,,,Insufficient data,,only 0 finished-gameweek snapshot(s) recorded; need at least 3.
2026-08-24,1,311,Burns,IPS,MID,0.0,0,,,,,,,,,Insufficient data,,only 0 finished-gameweek snapshot(s) recorded; need at least 3.
2026-08-24,1,312,Taylor,IPS,MID,0.0,0,,,,,,,,,Insufficient data,,only 0 finished-gameweek snapshot(s) recorded; need at least 3.
2026-08-24,1,313,Clarke,IPS,MID,,0,,,,,,,,,Insufficient data,,only 0 finished-gameweek snapshot(s) recorded; need at least 3.
2026-08-24,1,314,Ogbene,IPS,MID,,0,,,,,,,,,Insufficient data,,only 0 finished-gameweek snapshot(s) recorded; need at least 3.
2026-08-24,1,315,Fatawu,IPS,MID,,0,,,,,,,,,Insufficient data,,only 0 finished-gameweek snapshot(s) recorded; need at least 3.
2026-08-24,1,316,Emersonn,IPS,FWD,,0,,,,,,,,,Insufficient data,,only 0 finished-gameweek snapshot(s) recorded; need at least 3.
2026-08-24,1,317,Hirst,IPS,FWD,0.0,0,,,,,,,,,Insufficient data,,only 0 finished-gameweek snapshot(s) recorded; need at least 3.
2026-08-24,1,318,Philogene,IPS,MID,,0,,,,,,,,,Insufficient data,,only 0 finished-gameweek snapshot(s) recorded; need at least 3.
2026-08-24,1,319,Szmodics,IPS,MID,0.0,0,,,,,,,,,Insufficient data,,only 0 finished-gameweek snapshot(s) recorded; need at least 3.
2026-08-24,1,320,Akpom,IPS,FWD,,0,,,,,,,,,Insufficient data,,only 0 finished-gameweek snapshot(s) recorded; need at least 3.
2026-08-24,1,321,Walle Egeli,IPS,FWD,,0,,,,,,,,,Insufficient data,,only 0 finished-gameweek snapshot(s) recorded; need at least 3.
2026-08-24,1,322,Al-Hamadi,IPS,FWD,,0,,,,,,,,,Insufficient data,,only 0 finished-gameweek snapshot(s) recorded; need at least 3.
2026-08-24,1,323,McAteer,IPS,MID,,0,,,,,,,,,Insufficient data,,only 0 finished-gameweek snapshot(s) recorded; need at least 3.
2026-08-24,1,324,Mehmeti,IPS,MID,,0,,,,,,,,,Insufficient data,,only 0 finished-gameweek snapshot(s) recorded; need at least 3.
2026-08-24,1,325,Darlow,MUN,GKP,100.0,0,,,,,,,,,Insufficient data,,only 0 finished-gameweek snapshot(s) recorded; need at least 3.
2026-08-24,1,326,Perri,LEE,GKP,,0,,,,,,,,,Insufficient data,,only 0 finished-gameweek snapshot(s) recorded; need at least 3.
2026-08-24,1,327,Bijol,LEE,DEF,,0,,,,,,,,,Insufficient data,,only 0 finished-gameweek snapshot(s) recorded; need at least 3.
2026-08-24,1,328,Struijk,BHA,DEF,100.0,0,,,,,,,,,Insufficient data,,only 0 finished-gameweek snapshot(s) recorded; need at least 3.
2026-08-24,1,329,Rodon,LEE,DEF,,0,,,,,,,,,Insufficient data,,only 0 finished-gameweek snapshot(s) recorded; need at least 3.
2026-08-24,1,330,Bogle,LEE,DEF,,0,,,,,,,,,Insufficient data,,only 0 finished-gameweek snapshot(s) recorded; need at least 3.
2026-08-24,1,331,Gudmundsson,LEE,DEF,0.0,0,,,,,,,,,Insufficient data,,only 0 finished-gameweek snapshot(s) recorded; need at least 3.
2026-08-24,1,332,Justin,LEE,DEF,,0,,,,,,,,,Insufficient data,,only 0 finished-gameweek snapshot(s) recorded; need at least 3.
2026-08-24,1,333,Bornauw,LEE,DEF,0.0,0,,,,,,,,,Insufficient data,,only 0 finished-gameweek snapshot(s) recorded; need at least 3.
2026-08-24,1,334,Muharemović,LEE,DEF,,0,,,,,,,,,Insufficient data,,only 0 finished-gameweek snapshot(s) recorded; need at least 3.
2026-08-24,1,335,Stach,LEE,MID,,0,,,,,,,,,Insufficient data,,only 0 finished-gameweek snapshot(s) recorded; need at least 3.
2026-08-24,1,336,Okafor,LEE,MID,,0,,,,,,,,,Insufficient data,,only 0 finished-gameweek snapshot(s) recorded; need at least 3.
2026-08-24,1,337,Aaronson,LEE,MID,,0,,,,,,,,,Insufficient data,,only 0 finished-gameweek snapshot(s) recorded; need at least 3.
2026-08-24,1,338,Ampadu,LEE,MID,,0,,,,,,,,,Insufficient data,,only 0 finished-gameweek snapshot(s) recorded; need at least 3.
2026-08-24,1,339,Longstaff,LEE,MID,,0,,,,,,,,,Insufficient data,,only 0 finished-gameweek snapshot(s) recorded; need at least 3.
2026-08-24,1,340,Gelhardt,HUL,MID,0.0,0,,,,,,,,,Insufficient data,,only 0 finished-gameweek snapshot(s) recorded; need at least 3.
2026-08-24,1,341,Gnonto,LEE,MID,0.0,0,,,,,,,,,Insufficient data,,only 0 finished-gameweek snapshot(s) recorded; need at least 3.
2026-08-24,1,342,Harrison,LEE,MID,0.0,0,,,,,,,,,Insufficient data,,only 0 finished-gameweek snapshot(s) recorded; need at least 3.
2026-08-24,1,343,James,LEE,MID,,0,,,,,,,,,Insufficient data,,only 0 finished-gameweek snapshot(s) recorded; need at least 3.
2026-08-24,1,344,Gruev,LEE,MID,0.0,0,,,,,,,,,Insufficient data,,only 0 finished-gameweek snapshot(s) recorded; need at least 3.
2026-08-24,1,345,Tanaka,LEE,MID,,0,,,,,,,,,Insufficient data,,only 0 finished-gameweek snapshot(s) recorded; need at least 3.
2026-08-24,1,346,Calvert-Lewin,LEE,FWD,,0,,,,,,,,,Insufficient data,,only 0 finished-gameweek snapshot(s) recorded; need at least 3.
2026-08-24,1,347,Nmecha,LEE,FWD,,0,,,,,,,,,Insufficient data,,only 0 finished-gameweek snapshot(s) recorded; need at least 3.
2026-08-24,1,348,Piroe,LEE,FWD,0.0,0,,,,,,,,,Insufficient data,,only 0 finished-gameweek snapshot(s) recorded; need at least 3.
2026-08-24,1,349,Mateo Joseph,LEE,FWD,0.0,0,,,,,,,,,Insufficient data,,only 0 finished-gameweek snapshot(s) recorded; need at least 3.
2026-08-24,1,350,A.Becker,LIV,GKP,,0,,,,,,,,,Insufficient data,,only 0 finished-gameweek snapshot(s) recorded; need at least 3.
2026-08-24,1,351,Mamardashvili,LIV,GKP,,0,,,,,,,,,Insufficient data,,only 0 finished-gameweek snapshot(s) recorded; need at least 3.
2026-08-24,1,352,Woodman,LIV,GKP,,0,,,,,,,,,Insufficient data,,only 0 finished-gameweek snapshot(s) recorded; need at least 3.
2026-08-24,1,353,Pecsi,LIV,GKP,0.0,0,,,,,,,,,Insufficient data,,only 0 finished-gameweek snapshot(s) recorded; need at least 3.
2026-08-24,1,354,Jaros,LIV,GKP,0.0,0,,,,,,,,,Insufficient data,,only 0 finished-gameweek snapshot(s) recorded; need at least 3.
2026-08-24,1,355,Davies,LIV,GKP,,0,,,,,,,,,Insufficient data,,only 0 finished-gameweek snapshot(s) recorded; need at least 3.
2026-08-24,1,356,Virgil,LIV,DEF,,0,,,,,,,,,Insufficient data,,only 0 finished-gameweek snapshot(s) recorded; need at least 3.
2026-08-24,1,357,Frimpong,LIV,DEF,,0,,,,,,,,,Insufficient data,,only 0 finished-gameweek snapshot(s) recorded; need at least 3.
2026-08-24,1,358,Kerkez,LIV,DEF,,0,,,,,,,,,Insufficient data,,only 0 finished-gameweek snapshot(s) recorded; need at least 3.
2026-08-24,1,359,Gomez,LIV,DEF,0.0,0,,,,,,,,,Insufficient data,,only 0 finished-gameweek snapshot(s) recorded; need at least 3.
2026-08-24,1,360,Bradley,LIV,DEF,0.0,0,,,,,,,,,Insufficient data,,only 0 finished-gameweek snapshot(s) recorded; need at least 3.
2026-08-24,1,361,Lucky,LIV,DEF,,0,,,,,,,,,Insufficient data,,only 0 finished-gameweek snapshot(s) recorded; need at least 3.
2026-08-24,1,362,Jacquet,LIV,DEF,100.0,0,,,,,,,,,Insufficient data,,only 0 finished-gameweek snapshot(s) recorded; need at least 3.
2026-08-24,1,363,Leoni,LIV,DEF,0.0,0,,,,,,,,,Insufficient data,,only 0 finished-gameweek snapshot(s) recorded; need at least 3.
2026-08-24,1,364,Tsimikas,LIV,DEF,,0,,,,,,,,,Insufficient data,,only 0 finished-gameweek snapshot(s) recorded; need at least 3.
2026-08-24,1,365,Ramsay,LIV,DEF,,0,,,,,,,,,Insufficient data,,only 0 finished-gameweek snapshot(s) recorded; need at least 3.
2026-08-24,1,366,Wirtz,LIV,MID,,0,,,,,,,,,Insufficient data,,only 0 finished-gameweek snapshot(s) recorded; need at least 3.
2026-08-24,1,367,Gakpo,LIV,MID,,0,,,,,,,,,Insufficient data,,only 0 finished-gameweek snapshot(s) recorded; need at least 3.
2026-08-24,1,368,Szoboszlai,LIV,MID,,0,,,,,,,,,Insufficient data,,only 0 finished-gameweek snapshot(s) recorded; need at least 3.
2026-08-24,1,369,Ngumoha,LIV,MID,,0,,,,,,,,,Insufficient data,,only 0 finished-gameweek snapshot(s) recorded; need at least 3.
2026-08-24,1,370,Chiesa,LIV,MID,,0,,,,,,,,,Insufficient data,,only 0 finished-gameweek snapshot(s) recorded; need at least 3.
2026-08-24,1,371,Gravenberch,LIV,MID,,0,,,,,,,,,Insufficient data,,only 0 finished-gameweek snapshot(s) recorded; need at least 3.
2026-08-24,1,372,Mac Allister,LIV,MID,,0,,,,,,,,,Insufficient data,,only 0 finished-gameweek snapshot(s) recorded; need at least 3.
2026-08-24,1,373,C.Jones,LIV,MID,75.0,0,,,,,,,,,Insufficient data,,only 0 finished-gameweek snapshot(s) recorded; need at least 3.
2026-08-24,1,374,Endo,LIV,MID,100.0,0,,,,,,,,,Insufficient data,,only 0 finished-gameweek snapshot(s) recorded; need at least 3.
2026-08-24,1,375,Nyoni,LIV,MID,,0,,,,,,,,,Insufficient data,,only 0 finished-gameweek snapshot(s) recorded; need at least 3.
2026-08-24,1,376,Bajcetic,LIV,MID,0.0,0,,,,,,,,,Insufficient data,,only 0 finished-gameweek snapshot(s) recorded; need at least 3.
2026-08-24,1,377,Munoz,LIV,MID,,0,,,,,,,,,Insufficient data,,only 0 finished-gameweek snapshot(s) recorded; need at least 3.
2026-08-24,1,378,McConnell,LIV,MID,,0,,,,,,,,,Insufficient data,,only 0 finished-gameweek snapshot(s) recorded; need at least 3.
2026-08-24,1,379,Isak,LIV,FWD,,0,,,,,,,,,Insufficient data,,only 0 finished-gameweek snapshot(s) recorded; need at least 3.
2026-08-24,1,380,Ekitiké,LIV,FWD,0.0,0,,,,,,,,,Insufficient data,,only 0 finished-gameweek snapshot(s) recorded; need at least 3.
2026-08-24,1,381,Koumas,LIV,MID,,0,,,,,,,,,Insufficient data,,only 0 finished-gameweek snapshot(s) recorded; need at least 3.
2026-08-24,1,382,Danns,LIV,FWD,0.0,0,,,,,,,,,Insufficient data,,only 0 finished-gameweek snapshot(s) recorded; need at least 3.
2026-08-24,1,383,Elliott,LIV,MID,,0,,,,,,,,,Insufficient data,,only 0 finished-gameweek snapshot(s) recorded; need at least 3.
2026-08-24,1,384,Donnarumma,MCI,GKP,,0,,,,,,,,,Insufficient data,,only 0 finished-gameweek snapshot(s) recorded; need at least 3.
2026-08-24,1,385,Trafford,LEE,GKP,,0,,,,,,,,,Insufficient data,,only 0 finished-gameweek snapshot(s) recorded; need at least 3.
2026-08-24,1,386,Bettinelli,MCI,GKP,,0,,,,,,,,,Insufficient data,,only 0 finished-gameweek snapshot(s) recorded; need at least 3.
2026-08-24,1,387,O'Reilly,MCI,DEF,,0,,,,,,,,,Insufficient data,,only 0 finished-gameweek snapshot(s) recorded; need at least 3.
2026-08-24,1,388,Guéhi,MCI,DEF,,0,,,,,,,,,Insufficient data,,only 0 finished-gameweek snapshot(s) recorded; need at least 3.
2026-08-24,1,389,Matheus N.,MCI,DEF,100.0,0,,,,,,,,,Insufficient data,,only 0 finished-gameweek snapshot(s) recorded; need at least 3.
2026-08-24,1,390,Rúben,MCI,DEF,,0,,,,,,,,,Insufficient data,,only 0 finished-gameweek snapshot(s) recorded; need at least 3.
2026-08-24,1,391,Gvardiol,MCI,DEF,,0,,,,,,,,,Insufficient data,,only 0 finished-gameweek snapshot(s) recorded; need at least 3.
2026-08-24,1,392,Aït-Nouri,MCI,DEF,,0,,,,,,,,,Insufficient data,,only 0 finished-gameweek snapshot(s) recorded; need at least 3.
2026-08-24,1,393,Khusanov,MCI,DEF,,0,,,,,,,,,Insufficient data,,only 0 finished-gameweek snapshot(s) recorded; need at least 3.
2026-08-24,1,394,Alleyne,MCI,DEF,0.0,0,,,,,,,,,Insufficient data,,only 0 finished-gameweek snapshot(s) recorded; need at least 3.
2026-08-24,1,395,Lewis,MCI,DEF,,0,,,,,,,,,Insufficient data,,only 0 finished-gameweek snapshot(s) recorded; need at least 3.
2026-08-24,1,396,Vitor Reis,MCI,DEF,,0,,,,,,,,,Insufficient data,,only 0 finished-gameweek snapshot(s) recorded; need at least 3.
2026-08-24,1,397,Semenyo,MCI,MID,,0,,,,,,,,,Insufficient data,,only 0 finished-gameweek snapshot(s) recorded; need at least 3.
2026-08-24,1,398,Foden,MCI,MID,,0,,,,,,,,,Insufficient data,,only 0 finished-gameweek snapshot(s) recorded; need at least 3.
2026-08-24,1,399,Cherki,MCI,MID,,0,,,,,,,,,Insufficient data,,only 0 finished-gameweek snapshot(s) recorded; need at least 3.
2026-08-24,1,400,Doku,MCI,MID,0.0,0,,,,,,,,,Insufficient data,,only 0 finished-gameweek snapshot(s) recorded; need at least 3.
2026-08-24,1,401,Marmoush,MCI,FWD,,0,,,,,,,,,Insufficient data,,only 0 finished-gameweek snapshot(s) recorded; need at least 3.
2026-08-24,1,402,Rodrigo,MCI,MID,0.0,0,,,,,,,,,Insufficient data,,only 0 finished-gameweek snapshot(s) recorded; need at least 3.
2026-08-24,1,403,Savinho,MCI,MID,,0,,,,,,,,,Insufficient data,,only 0 finished-gameweek snapshot(s) recorded; need at least 3.
2026-08-24,1,404,Reijnders,MCI,MID,0.0,0,,,,,,,,,Insufficient data,,only 0 finished-gameweek snapshot(s) recorded; need at least 3.
2026-08-24,1,405,N.Gonzalez,MCI,MID,,0,,,,,,,,,Insufficient data,,only 0 finished-gameweek snapshot(s) recorded; need at least 3.
2026-08-24,1,406,Kovačić,MCI,MID,,0,,,,,,,,,Insufficient data,,only 0 finished-gameweek snapshot(s) recorded; need at least 3.
2026-08-24,1,407,Echeverri,MCI,MID,,0,,,,,,,,,Insufficient data,,only 0 finished-gameweek snapshot(s) recorded; need at least 3.
2026-08-24,1,408,Phillips,MCI,MID,0.0,0,,,,,,,,,Insufficient data,,only 0 finished-gameweek snapshot(s) recorded; need at least 3.
2026-08-24,1,409,Mukasa,MCI,MID,,0,,,,,,,,,Insufficient data,,only 0 finished-gameweek snapshot(s) recorded; need at least 3.
2026-08-24,1,410,Monga,MCI,MID,,0,,,,,,,,,Insufficient data,,only 0 finished-gameweek snapshot(s) recorded; need at least 3.
2026-08-24,1,411,Haaland,MCI,FWD,,0,,,,,,,,,Insufficient data,,only 0 finished-gameweek snapshot(s) recorded; need at least 3.
2026-08-24,1,412,Lammens,MUN,GKP,,0,,,,,,,,,Insufficient data,,only 0 finished-gameweek snapshot(s) recorded; need at least 3.
2026-08-24,1,413,Bayindir,MUN,GKP,0.0,0,,,,,,,,,Insufficient data,,only 0 finished-gameweek snapshot(s) recorded; need at least 3.
2026-08-24,1,414,Heaton,MUN,GKP,0.0,0,,,,,,,,,Insufficient data,,only 0 finished-gameweek snapshot(s) recorded; need at least 3.
2026-08-24,1,415,Dorgu,MUN,MID,,0,,,,,,,,,Insufficient data,,only 0 finished-gameweek snapshot(s) recorded; need at least 3.
2026-08-24,1,416,De Ligt,MUN,DEF,0.0,0,,,,,,,,,Insufficient data,,only 0 finished-gameweek snapshot(s) recorded; need at least 3.
2026-08-24,1,417,Dalot,MUN,DEF,,0,,,,,,,,,Insufficient data,,only 0 finished-gameweek snapshot(s) recorded; need at least 3.
2026-08-24,1,418,Maguire,MUN,DEF,,0,,,,,,,,,Insufficient data,,only 0 finished-gameweek snapshot(s) recorded; need at least 3.
2026-08-24,1,419,Martinez,MUN,DEF,100.0,0,,,,,,,,,Insufficient data,,only 0 finished-gameweek snapshot(s) recorded; need at least 3.
2026-08-24,1,420,Yoro,MUN,DEF,,0,,,,,,,,,Insufficient data,,only 0 finished-gameweek snapshot(s) recorded; need at least 3.
2026-08-24,1,421,Heaven,MUN,DEF,,0,,,,,,,,,Insufficient data,,only 0 finished-gameweek snapshot(s) recorded; need at least 3.
2026-08-24,1,422,Mazraoui,MUN,DEF,,0,,,,,,,,,Insufficient data,,only 0 finished-gameweek snapshot(s) recorded; need at least 3.
2026-08-24,1,423,Shaw,MUN,DEF,,0,,,,,,,,,Insufficient data,,only 0 finished-gameweek snapshot(s) recorded; need at least 3.
2026-08-24,1,424,Amass,MUN,DEF,,0,,,,,,,,,Insufficient data,,only 0 finished-gameweek snapshot(s) recorded; need at least 3.
2026-08-24,1,425,Fredricson,MUN,DEF,0.0,0,,,,,,,,,Insufficient data,,only 0 finished-gameweek snapshot(s) recorded; need at least 3.
2026-08-24,1,426,B.Fernandes,MUN,MID,,0,,,,,,,,,Insufficient data,,only 0 finished-gameweek snapshot(s) recorded; need at least 3.
2026-08-24,1,427,Mbeumo,MUN,MID,,0,,,,,,,,,Insufficient data,,only 0 finished-gameweek snapshot(s) recorded; need at least 3.
2026-08-24,1,428,Cunha,MUN,MID,,0,,,,,,,,,Insufficient data,,only 0 finished-gameweek snapshot(s) recorded; need at least 3.
2026-08-24,1,429,Rashford,MUN,MID,,0,,,,,,,,,Insufficient data,,only 0 finished-gameweek snapshot(s) recorded; need at least 3.
2026-08-24,1,430,Mount,MUN,MID,75.0,0,,,,,,,,,Insufficient data,,only 0 finished-gameweek snapshot(s) recorded; need at least 3.
2026-08-24,1,431,Amad,MUN,MID,75.0,0,,,,,,,,,Insufficient data,,only 0 finished-gameweek snapshot(s) recorded; need at least 3.
2026-08-24,1,432,Mainoo,MUN,MID,,0,,,,,,,,,Insufficient data,,only 0 finished-gameweek snapshot(s) recorded; need at least 3.
2026-08-24,1,433,Ugarte,MUN,MID,0.0,0,,,,,,,,,Insufficient data,,only 0 finished-gameweek snapshot(s) recorded; need at least 3.
2026-08-24,1,434,J.Fletcher,MUN,MID,,0,,,,,,,,,Insufficient data,,only 0 finished-gameweek snapshot(s) recorded; need at least 3.
2026-08-24,1,435,Lacey,MUN,MID,,0,,,,,,,,,Insufficient data,,only 0 finished-gameweek snapshot(s) recorded; need at least 3.
2026-08-24,1,436,Collyer,MUN,MID,,0,,,,,,,,,Insufficient data,,only 0 finished-gameweek snapshot(s) recorded; need at least 3.
2026-08-24,1,437,Bendito Mantato,MUN,MID,,0,,,,,,,,,Insufficient data,,only 0 finished-gameweek snapshot(s) recorded; need at least 3.
2026-08-24,1,438,Fletcher,MUN,MID,,0,,,,,,,,,Insufficient data,,only 0 finished-gameweek snapshot(s) recorded; need at least 3.
2026-08-24,1,439,Šeško,MUN,FWD,100.0,0,,,,,,,,,Insufficient data,,only 0 finished-gameweek snapshot(s) recorded; need at least 3.
2026-08-24,1,440,Zirkzee,MUN,FWD,,0,,,,,,,,,Insufficient data,,only 0 finished-gameweek snapshot(s) recorded; need at least 3.
2026-08-24,1,441,Obi,MUN,FWD,,0,,,,,,,,,Insufficient data,,only 0 finished-gameweek snapshot(s) recorded; need at least 3.
2026-08-24,1,442,Pope,NEW,GKP,,0,,,,,,,,,Insufficient data,,only 0 finished-gameweek snapshot(s) recorded; need at least 3.
2026-08-24,1,443,Gillespie,NEW,GKP,,0,,,,,,,,,Insufficient data,,only 0 finished-gameweek snapshot(s) recorded; need at least 3.
2026-08-24,1,444,Jaouen,NEW,GKP,,0,,,,,,,,,Insufficient data,,only 0 finished-gameweek snapshot(s) recorded; need at least 3.
2026-08-24,1,445,Thiaw,NEW,DEF,,0,,,,,,,,,Insufficient data,,only 0 finished-gameweek snapshot(s) recorded; need at least 3.
2026-08-24,1,446,Schär,NEW,DEF,100.0,0,,,,,,,,,Insufficient data,,only 0 finished-gameweek snapshot(s) recorded; need at least 3.
2026-08-24,1,447,Botman,NEW,DEF,,0,,,,,,,,,Insufficient data,,only 0 finished-gameweek snapshot(s) recorded; need at least 3.
2026-08-24,1,448,Burn,NEW,DEF,0.0,0,,,,,,,,,Insufficient data,,only 0 finished-gameweek snapshot(s) recorded; need at least 3.
2026-08-24,1,449,Hall,NEW,DEF,,0,,,,,,,,,Insufficient data,,only 0 finished-gameweek snapshot(s) recorded; need at least 3.
2026-08-24,1,450,Livramento,NEW,DEF,0.0,0,,,,,,,,,Insufficient data,,only 0 finished-gameweek snapshot(s) recorded; need at least 3.
2026-08-24,1,451,A.Murphy,NEW,DEF,0.0,0,,,,,,,,,Insufficient data,,only 0 finished-gameweek snapshot(s) recorded; need at least 3.
2026-08-24,1,452,Bruno G.,ARS,MID,75.0,0,,,,,,,,,Insufficient data,,only 0 finished-gameweek snapshot(s) recorded; need at least 3.
2026-08-24,1,453,Barnes,NEW,MID,,0,,,,,,,,,Insufficient data,,only 0 finished-gameweek snapshot(s) recorded; need at least 3.
2026-08-24,1,454,Elanga,NEW,MID,,0,,,,,,,,,Insufficient data,,only 0 finished-gameweek snapshot(s) recorded; need at least 3.
2026-08-24,1,455,Tonali,TOT,MID,,0,,,,,,,,,Insufficient data,,only 0 finished-gameweek snapshot(s) recorded; need at least 3.
2026-08-24,1,456,J.Ramsey,NEW,MID,,0,,,,,,,,,Insufficient data,,only 0 finished-gameweek snapshot(s) recorded; need at least 3.
2026-08-24,1,457,J.Murphy,NEW,MID,,0,,,,,,,,,Insufficient data,,only 0 finished-gameweek snapshot(s) recorded; need at least 3.
2026-08-24,1,458,Joelinton,NEW,MID,0.0,0,,,,,,,,,Insufficient data,,only 0 finished-gameweek snapshot(s) recorded; need at least 3.
2026-08-24,1,459,L.Miley,NEW,MID,100.0,0,,,,,,,,,Insufficient data,,only 0 finished-gameweek snapshot(s) recorded; need at least 3.
2026-08-24,1,460,Willock,NEW,MID,,0,,,,,,,,,Insufficient data,,only 0 finished-gameweek snapshot(s) recorded; need at least 3.
2026-08-24,1,461,Touré,NEW,MID,,0,,,,,,,,,Insufficient data,,only 0 finished-gameweek snapshot(s) recorded; need at least 3.
2026-08-24,1,462,Steur,NEW,MID,,0,,,,,,,,,Insufficient data,,only 0 finished-gameweek snapshot(s) recorded; need at least 3.
2026-08-24,1,463,Woltemade,NEW,FWD,,0,,,,,,,,,Insufficient data,,only 0 finished-gameweek snapshot(s) recorded; need at least 3.
2026-08-24,1,464,Wissa,NEW,FWD,,0,,,,,,,,,Insufficient data,,only 0 finished-gameweek snapshot(s) recorded; need at least 3.
2026-08-24,1,465,Osula,NEW,FWD,,0,,,,,,,,,Insufficient data,,only 0 finished-gameweek snapshot(s) recorded; need at least 3.
2026-08-24,1,466,Neave,NEW,FWD,,0,,,,,,,,,Insufficient data,,only 0 finished-gameweek snapshot(s) recorded; need at least 3.
2026-08-24,1,467,Sels,NFO,GKP,,0,,,,,,,,,Insufficient data,,only 0 finished-gameweek snapshot(s) recorded; need at least 3.
2026-08-24,1,468,John,NFO,GKP,,0,,,,,,,,,Insufficient data,,only 0 finished-gameweek snapshot(s) recorded; need at least 3.
2026-08-24,1,469,N.Williams,NFO,DEF,,0,,,,,,,,,Insufficient data,,only 0 finished-gameweek snapshot(s) recorded; need at least 3.
2026-08-24,1,470,Morato,NFO,DEF,,0,,,,,,,,,Insufficient data,,only 0 finished-gameweek snapshot(s) recorded; need at least 3.
2026-08-24,1,471,Milenković,NFO,DEF,,0,,,,,,,,,Insufficient data,,only 0 finished-gameweek snapshot(s) recorded; need at least 3.
2026-08-24,1,472,Murillo,NFO,DEF,100.0,0,,,,,,,,,Insufficient data,,only 0 finished-gameweek snapshot(s) recorded; need at least 3.
2026-08-24,1,473,Aina,NFO,DEF,,0,,,,,,,,,Insufficient data,,only 0 finished-gameweek snapshot(s) recorded; need at least 3.
2026-08-24,1,474,Jair Cunha,NFO,DEF,,0,,,,,,,,,Insufficient data,,only 0 finished-gameweek snapshot(s) recorded; need at least 3.
2026-08-24,1,475,Savona,NFO,DEF,0.0,0,,,,,,,,,Insufficient data,,only 0 finished-gameweek snapshot(s) recorded; need at least 3.
2026-08-24,1,476,O.Richards,NFO,DEF,,0,,,,,,,,,Insufficient data,,only 0 finished-gameweek snapshot(s) recorded; need at least 3.
2026-08-24,1,477,Abbott,NFO,DEF,,0,,,,,,,,,Insufficient data,,only 0 finished-gameweek snapshot(s) recorded; need at least 3.
2026-08-24,1,478,Netz,NFO,DEF,,0,,,,,,,,,Insufficient data,,only 0 finished-gameweek snapshot(s) recorded; need at least 3.
2026-08-24,1,479,Bindon,NFO,DEF,,0,,,,,,,,,Insufficient data,,only 0 finished-gameweek snapshot(s) recorded; need at least 3.
2026-08-24,1,480,Gibbs-White,NFO,MID,,0,,,,,,,,,Insufficient data,,only 0 finished-gameweek snapshot(s) recorded; need at least 3.
2026-08-24,1,481,Anderson,MCI,MID,75.0,0,,,,,,,,,Insufficient data,,only 0 finished-gameweek snapshot(s) recorded; need at least 3.
2026-08-24,1,482,Hudson-Odoi,NFO,MID,100.0,0,,,,,,,,,Insufficient data,,only 0 finished-gameweek snapshot(s) recorded; need at least 3.
2026-08-24,1,483,Ndoye,NFO,MID,,0,,,,,,,,,Insufficient data,,only 0 finished-gameweek snapshot(s) recorded; need at least 3.
2026-08-24,1,484,Hutchinson,NFO,MID,,0,,,,,,,,,Insufficient data,,only 0 finished-gameweek snapshot(s) recorded; need at least 3.
2026-08-24,1,485,Bakwa,NFO,MID,,0,,,,,,,,,Insufficient data,,only 0 finished-gameweek snapshot(s) recorded; need at least 3.
2026-08-24,1,486,McAtee,NFO,MID,,0,,,,,,,,,Insufficient data,,only 0 finished-gameweek snapshot(s) recorded; need at least 3.
2026-08-24,1,487,Dominguez,NFO,MID,,0,,,,,,,,,Insufficient data,,only 0 finished-gameweek snapshot(s) recorded; need at least 3.
2026-08-24,1,488,I.Sangaré,NFO,MID,,0,,,,,,,,,Insufficient data,,only 0 finished-gameweek snapshot(s) recorded; need at least 3.
2026-08-24,1,489,Yates,NFO,MID,0.0,0,,,,,,,,,Insufficient data,,only 0 finished-gameweek snapshot(s) recorded; need at least 3.
2026-08-24,1,490,Wood,NFO,FWD,,0,,,,,,,,,Insufficient data,,only 0 finished-gameweek snapshot(s) recorded; need at least 3.
2026-08-24,1,491,Igor Jesus,NFO,FWD,,0,,,,,,,,,Insufficient data,,only 0 finished-gameweek snapshot(s) recorded; need at least 3.
2026-08-24,1,492,Awoniyi,COV,FWD,,0,,,,,,,,,Insufficient data,,only 0 finished-gameweek snapshot(s) recorded; need at least 3.
2026-08-24,1,493,Kalimuendo,NFO,FWD,,0,,,,,,,,,Insufficient data,,only 0 finished-gameweek snapshot(s) recorded; need at least 3.
2026-08-24,1,494,Vicario,TOT,GKP,0.0,0,,,,,,,,,Insufficient data,,only 0 finished-gameweek snapshot(s) recorded; need at least 3.
2026-08-24,1,495,Austin,TOT,GKP,,0,,,,,,,,,Insufficient data,,only 0 finished-gameweek snapshot(s) recorded; need at least 3.
2026-08-24,1,496,Kinsky,TOT,GKP,,0,,,,,,,,,Insufficient data,,only 0 finished-gameweek snapshot(s) recorded; need at least 3.
2026-08-24,1,497,Dubravka,TOT,GKP,,0,,,,,,,,,Insufficient data,,only 0 finished-gameweek snapshot(s) recorded; need at least 3.
2026-08-24,1,498,Senesi,TOT,DEF,,0,,,,,,,,,Insufficient data,,only 0 finished-gameweek snapshot(s) recorded; need at least 3.
2026-08-24,1,499,Pedro Porro,TOT,DEF,75.0,0,,,,,,,,,Insufficient data,,only 0 finished-gameweek snapshot(s) recorded; need at least 3.
2026-08-24,1,500,Romero,TOT,DEF,0.0,0,,,,,,,,,Insufficient data,,only 0 finished-gameweek snapshot(s) recorded; need at least 3.
2026-08-24,1,501,Danso,TOT,DEF,,0,,,,,,,,,Insufficient data,,only 0 finished-gameweek snapshot(s) recorded; need at least 3.
2026-08-24,1,502,Robertson,TOT,DEF,,0,,,,,,,,,Insufficient data,,only 0 finished-gameweek snapshot(s) recorded; need at least 3.
2026-08-24,1,503,Van de Ven,TOT,DEF,50.0,0,,,,,,,,,Insufficient data,,only 0 finished-gameweek snapshot(s) recorded; need at least 3.
2026-08-24,1,504,Vuskovic,BHA,DEF,,0,,,,,,,,,Insufficient data,,only 0 finished-gameweek snapshot(s) recorded; need at least 3.
2026-08-24,1,505,Spence,TOT,DEF,0.0,0,,,,,,,,,Insufficient data,,only 0 finished-gameweek snapshot(s) recorded; need at least 3.
2026-08-24,1,506,Udogie,TOT,DEF,,0,,,,,,,,,Insufficient data,,only 0 finished-gameweek snapshot(s) recorded; need at least 3.
2026-08-24,1,507,Phillips,TOT,DEF,0.0,0,,,,,,,,,Insufficient data,,only 0 finished-gameweek snapshot(s) recorded; need at least 3.
2026-08-24,1,508,Davies,TOT,DEF,,0,,,,,,,,,Insufficient data,,only 0 finished-gameweek snapshot(s) recorded; need at least 3.
2026-08-24,1,509,Byfield,TOT,DEF,,0,,,,,,,,,Insufficient data,,only 0 finished-gameweek snapshot(s) recorded; need at least 3.
2026-08-24,1,510,Rowswell,TOT,DEF,,0,,,,,,,,,Insufficient data,,only 0 finished-gameweek snapshot(s) recorded; need at least 3.
2026-08-24,1,511,Souza,TOT,DEF,,0,,,,,,,,,Insufficient data,,only 0 finished-gameweek snapshot(s) recorded; need at least 3.
2026-08-24,1,512,Kudus,TOT,MID,50.0,0,,,,,,,,,Insufficient data,,only 0 finished-gameweek snapshot(s) recorded; need at least 3.
2026-08-24,1,513,Xavi,TOT,MID,0.0,0,,,,,,,,,Insufficient data,,only 0 finished-gameweek snapshot(s) recorded; need at least 3.
2026-08-24,1,514,Tel,TOT,MID,,0,,,,,,,,,Insufficient data,,only 0 finished-gameweek snapshot(s) recorded; need at least 3.
2026-08-24,1,515,Maddison,TOT,MID,,0,,,,,,,,,Insufficient data,,only 0 finished-gameweek snapshot(s) recorded; need at least 3.
2026-08-24,1,516,Bentancur,TOT,MID,,0,,,,,,,,,Insufficient data,,only 0 finished-gameweek snapshot(s) recorded; need at least 3.
2026-08-24,1,517,Odobert,TOT,MID,0.0,0,,,,,,,,,Insufficient data,,only 0 finished-gameweek snapshot(s) recorded; need at least 3.
2026-08-24,1,518,P.M.Sarr,TOT,MID,0.0,0,,,,,,,,,Insufficient data,,only 0 finished-gameweek snapshot(s) recorded; need at least 3.
2026-08-24,1,519,Gallagher,TOT,MID,,0,,,,,,,,,Insufficient data,,only 0 finished-gameweek snapshot(s) recorded; need at least 3.
2026-08-24,1,520,Bergvall,TOT,MID,,0,,,,,,,,,Insufficient data,,only 0 finished-gameweek snapshot(s) recorded; need at least 3.
2026-08-24,1,521,Kulusevski,TOT,MID,0.0,0,,,,,,,,,Insufficient data,,only 0 finished-gameweek snapshot(s) recorded; need at least 3.
2026-08-24,1,522,Gray,TOT,MID,,0,,,,,,,,,Insufficient data,,only 0 finished-gameweek snapshot(s) recorded; need at least 3.
2026-08-24,1,523,Moore,TOT,MID,,0,,,,,,,,,Insufficient data,,only 0 finished-gameweek snapshot(s) recorded; need at least 3.
2026-08-24,1,524,Olusesi,TOT,MID,,0,,,,,,,,,Insufficient data,,only 0 finished-gameweek snapshot(s) recorded; need at least 3.
2026-08-24,1,525,Fernandes,TOT,MID,,0,,,,,,,,,Insufficient data,,only 0 finished-gameweek snapshot(s) recorded; need at least 3.
2026-08-24,1,526,Solanke,TOT,FWD,,0,,,,,,,,,Insufficient data,,only 0 finished-gameweek snapshot(s) recorded; need at least 3.
2026-08-24,1,527,Richarlison,TOT,FWD,,0,,,,,,,,,Insufficient data,,only 0 finished-gameweek snapshot(s) recorded; need at least 3.
2026-08-24,1,528,Scarlett,TOT,FWD,,0,,,,,,,,,Insufficient data,,only 0 finished-gameweek snapshot(s) recorded; need at least 3.
2026-08-24,1,529,Roefs,SUN,GKP,,0,,,,,,,,,Insufficient data,,only 0 finished-gameweek snapshot(s) recorded; need at least 3.
2026-08-24,1,530,Patterson,SUN,GKP,0.0,0,,,,,,,,,Insufficient data,,only 0 finished-gameweek snapshot(s) recorded; need at least 3.
2026-08-24,1,531,Ellborg,SUN,GKP,,0,,,,,,,,,Insufficient data,,only 0 finished-gameweek snapshot(s) recorded; need at least 3.
2026-08-24,1,532,Ballard,SUN,DEF,,0,,,,,,,,,Insufficient data,,only 0 finished-gameweek snapshot(s) recorded; need at least 3.
2026-08-24,1,533,Mukiele,SUN,DEF,100.0,0,,,,,,,,,Insufficient data,,only 0 finished-gameweek snapshot(s) recorded; need at least 3.
2026-08-24,1,534,Hume,SUN,DEF,,0,,,,,,,,,Insufficient data,,only 0 finished-gameweek snapshot(s) recorded; need at least 3.
2026-08-24,1,535,Alderete,SUN,DEF,100.0,0,,,,,,,,,Insufficient data,,only 0 finished-gameweek snapshot(s) recorded; need at least 3.
2026-08-24,1,536,Reinildo,SUN,DEF,,0,,,,,,,,,Insufficient data,,only 0 finished-gameweek snapshot(s) recorded; need at least 3.
2026-08-24,1,537,Seelt,SUN,DEF,,0,,,,,,,,,Insufficient data,,only 0 finished-gameweek snapshot(s) recorded; need at least 3.
2026-08-24,1,538,Hjelde,SUN,DEF,0.0,0,,,,,,,,,Insufficient data,,only 0 finished-gameweek snapshot(s) recorded; need at least 3.
2026-08-24,1,539,O'Nien,SUN,DEF,,0,,,,,,,,,Insufficient data,,only 0 finished-gameweek snapshot(s) recorded; need at least 3.
2026-08-24,1,540,Masuaku,SUN,DEF,0.0,0,,,,,,,,,Insufficient data,,only 0 finished-gameweek snapshot(s) recorded; need at least 3.
2026-08-24,1,541,Meunier,SUN,DEF,100.0,0,,,,,,,,,Insufficient data,,only 0 finished-gameweek snapshot(s) recorded; need at least 3.
2026-08-24,1,542,E.Le Fée,SUN,MID,,0,,,,,,,,,Insufficient data,,only 0 finished-gameweek snapshot(s) recorded; need at least 3.
2026-08-24,1,543,Diarra,SUN,MID,,0,,,,,,,,,Insufficient data,,only 0 finished-gameweek snapshot(s) recorded; need at least 3.
2026-08-24,1,544,Xhaka,SUN,MID,,0,,,,,,,,,Insufficient data,,only 0 finished-gameweek snapshot(s) recorded; need at least 3.
2026-08-24,1,545,Sadiki,SUN,MID,,0,,,,,,,,,Insufficient data,,only 0 finished-gameweek snapshot(s) recorded; need at least 3.
2026-08-24,1,546,Adingra,SUN,MID,0.0,0,,,,,,,,,Insufficient data,,only 0 finished-gameweek snapshot(s) recorded; need at least 3.
2026-08-24,1,547,Mundle,SUN,MID,,0,,,,,,,,,Insufficient data,,only 0 finished-gameweek snapshot(s) recorded; need at least 3.
2026-08-24,1,548,Rigg,SUN,MID,,0,,,,,,,,,Insufficient data,,only 0 finished-gameweek snapshot(s) recorded; need at least 3.
2026-08-24,1,549,Talbi,SUN,MID,,0,,,,,,,,,Insufficient data,,only 0 finished-gameweek snapshot(s) recorded; need at least 3.
2026-08-24,1,550,Jocelin.T,SUN,MID,,0,,,,,,,,,Insufficient data,,only 0 finished-gameweek snapshot(s) recorded; need at least 3.
2026-08-24,1,551,Angulo,SUN,MID,,0,,,,,,,,,Insufficient data,,only 0 finished-gameweek snapshot(s) recorded; need at least 3.
2026-08-24,1,552,Brobbey,SUN,FWD,,0,,,,,,,,,Insufficient data,,only 0 finished-gameweek snapshot(s) recorded; need at least 3.
2026-08-24,1,553,Isidor,SUN,FWD,,0,,,,,,,,,Insufficient data,,only 0 finished-gameweek snapshot(s) recorded; need at least 3.
2026-08-24,1,554,Van Oevelen,IPS,GKP,,0,,,,,,,,,Insufficient data,,only 0 finished-gameweek snapshot(s) recorded; need at least 3.
2026-08-24,1,555,Matthews,CRY,GKP,,0,,,,,,,,,Insufficient data,,only 0 finished-gameweek snapshot(s) recorded; need at least 3.
2026-08-24,1,556,Targett,HUL,DEF,,0,,,,,,,,,Insufficient data,,only 0 finished-gameweek snapshot(s) recorded; need at least 3.
2026-08-24,1,557,Tzolis,ARS,MID,,0,,,,,,,,,Insufficient data,,only 0 finished-gameweek snapshot(s) recorded; need at least 3.
2026-08-24,1,558,Schlager,NFO,MID,,0,,,,,,,,,Insufficient data,,only 0 finished-gameweek snapshot(s) recorded; need at least 3.
2026-08-24,1,559,Bamba,NEW,MID,,0,,,,,,,,,Insufficient data,,only 0 finished-gameweek snapshot(s) recorded; need at least 3.
2026-08-24,1,560,Penders,CHE,GKP,,0,,,,,,,,,Insufficient data,,only 0 finished-gameweek snapshot(s) recorded; need at least 3.
2026-08-24,1,561,Anselmino,CHE,DEF,25.0,0,,,,,,,,,Insufficient data,,only 0 finished-gameweek snapshot(s) recorded; need at least 3.
2026-08-24,1,562,Maeda,IPS,MID,,0,,,,,,,,,Insufficient data,,only 0 finished-gameweek snapshot(s) recorded; need at least 3.
2026-08-24,1,563,Morita,HUL,MID,50.0,0,,,,,,,,,Insufficient data,,only 0 finished-gameweek snapshot(s) recorded; need at least 3.
2026-08-24,1,564,Scherpen,IPS,GKP,,0,,,,,,,,,Insufficient data,,only 0 finished-gameweek snapshot(s) recorded; need at least 3.
2026-08-24,1,565,M.Sangaré,BRE,MID,,0,,,,,,,,,Insufficient data,,only 0 finished-gameweek snapshot(s) recorded; need at least 3.
2026-08-24,1,566,Silva,BOU,DEF,,0,,,,,,,,,Insufficient data,,only 0 finished-gameweek snapshot(s) recorded; need at least 3.
2026-08-24,1,567,Horníček,NEW,GKP,,0,,,,,,,,,Insufficient data,,only 0 finished-gameweek snapshot(s) recorded; need at least 3.
2026-08-24,1,568,Barco,CHE,MID,,0,,,,,,,,,Insufficient data,,only 0 finished-gameweek snapshot(s) recorded; need at least 3.
2026-08-24,1,569,Gonzalo,FUL,FWD,,0,,,,,,,,,Insufficient data,,only 0 finished-gameweek snapshot(s) recorded; need at least 3.
2026-08-24,1,570,Palacios,FUL,MID,,0,,,,,,,,,Insufficient data,,only 0 finished-gameweek snapshot(s) recorded; need at least 3.
2026-08-24,1,571,Florentino,IPS,MID,,0,,,,,,,,,Insufficient data,,only 0 finished-gameweek snapshot(s) recorded; need at least 3.
2026-08-24,1,572,Tzolakis,HUL,GKP,,0,,,,,,,,,Insufficient data,,only 0 finished-gameweek snapshot(s) recorded; need at least 3.
2026-08-24,1,573,Sanchez,BOU,DEF,,0,,,,,,,,,Insufficient data,,only 0 finished-gameweek snapshot(s) recorded; need at least 3.
2026-08-24,1,574,Hjertø-Dahl,HUL,MID,,0,,,,,,,,,Insufficient data,,only 0 finished-gameweek snapshot(s) recorded; need at least 3.
2026-08-24,1,575,Yirenkyi,COV,MID,,0,,,,,,,,,Insufficient data,,only 0 finished-gameweek snapshot(s) recorded; need at least 3.
2026-08-24,1,576,Stroud,HUL,MID,,0,,,,,,,,,Insufficient data,,only 0 finished-gameweek snapshot(s) recorded; need at least 3.
2026-08-24,1,577,Tomiyasu,CRY,DEF,,0,,,,,,,,,Insufficient data,,only 0 finished-gameweek snapshot(s) recorded; need at least 3.
2026-08-24,1,578,Mudryk,CHE,MID,,0,,,,,,,,,Insufficient data,,only 0 finished-gameweek snapshot(s) recorded; need at least 3.
2026-08-24,1,579,Araujo,LIV,DEF,,0,,,,,,,,,Insufficient data,,only 0 finished-gameweek snapshot(s) recorded; need at least 3.
2026-08-24,1,580,Charles,FUL,MID,,0,,,,,,,,,Insufficient data,,only 0 finished-gameweek snapshot(s) recorded; need at least 3.
2026-08-24,1,581,Diomande,NFO,DEF,,0,,,,,,,,,Insufficient data,,only 0 finished-gameweek snapshot(s) recorded; need at least 3.
2026-08-24,1,582,Madjo,AVL,FWD,0.0,0,,,,,,,,,Insufficient data,,only 0 finished-gameweek snapshot(s) recorded; need at least 3.
2026-08-24,1,583,Chavarria,CHE,DEF,,0,,,,,,,,,Insufficient data,,only 0 finished-gameweek snapshot(s) recorded; need at least 3.
2026-08-24,1,584,Hamer,COV,MID,,0,,,,,,,,,Insufficient data,,only 0 finished-gameweek snapshot(s) recorded; need at least 3.
2026-08-24,1,585,Herrington,HUL,DEF,,0,,,,,,,,,Insufficient data,,only 0 finished-gameweek snapshot(s) recorded; need at least 3.
2026-08-24,1,586,Mendy,HUL,DEF,75.0,0,,,,,,,,,Insufficient data,,only 0 finished-gameweek snapshot(s) recorded; need at least 3.
2026-08-24,1,587,Rulli,MCI,GKP,,0,,,,,,,,,Insufficient data,,only 0 finished-gameweek snapshot(s) recorded; need at least 3.
2026-08-24,1,588,Khalaili,CRY,DEF,,0,,,,,,,,,Insufficient data,,only 0 finished-gameweek snapshot(s) recorded; need at least 3.
2026-08-24,1,589,Gourna-Douath,HUL,MID,,0,,,,,,,,,Insufficient data,,only 0 finished-gameweek snapshot(s) recorded; need at least 3.
2026-08-24,1,590,Benda,NFO,GKP,,0,,,,,,,,,Insufficient data,,only 0 finished-gameweek snapshot(s) recorded; need at least 3.
2026-08-24,1,591,Enciso,IPS,MID,75.0,0,,,,,,,,,Insufficient data,,only 0 finished-gameweek snapshot(s) recorded; need at least 3.
2026-08-24,1,592,Ouattara,IPS,DEF,,0,,,,,,,,,Insufficient data,,only 0 finished-gameweek snapshot(s) recorded; need at least 3.
2026-08-24,1,593,Dedić,NEW,DEF,,0,,,,,,,,,Insufficient data,,only 0 finished-gameweek snapshot(s) recorded; need at least 3.
2026-08-24,1,594,David,BHA,FWD,,0,,,,,,,,,Insufficient data,,only 0 finished-gameweek snapshot(s) recorded; need at least 3.
2026-08-24,1,595,Gozo,CRY,MID,,0,,,,,,,,,Insufficient data,,only 0 finished-gameweek snapshot(s) recorded; need at least 3.
2026-08-24,1,596,Ruggeri,AVL,DEF,,0,,,,,,,,,Insufficient data,,only 0 finished-gameweek snapshot(s) recorded; need at least 3.
2026-08-24,1,597,Suzuki,AVL,GKP,,0,,,,,,,,,Insufficient data,,only 0 finished-gameweek snapshot(s) recorded; need at least 3.
2026-08-24,1,598,Elvedi,LEE,DEF,,0,,,,,,,,,Insufficient data,,only 0 finished-gameweek snapshot(s) recorded; need at least 3.
2026-08-24,1,599,Cherif,COV,FWD,,0,,,,,,,,,Insufficient data,,only 0 finished-gameweek snapshot(s) recorded; need at least 3.
2026-08-24,1,600,Osman,BHA,MID,,0,,,,,,,,,Insufficient data,,only 0 finished-gameweek snapshot(s) recorded; need at least 3.
2026-08-24,1,601,Williams-Barnett,TOT,MID,,0,,,,,,,,,Insufficient data,,only 0 finished-gameweek snapshot(s) recorded; need at least 3.
2026-08-24,1,602,Humphreys,IPS,MID,,0,,,,,,,,,Insufficient data,,only 0 finished-gameweek snapshot(s) recorded; need at least 3.
2026-08-24,1,603,Lienou,LEE,DEF,,0,,,,,,,,,Insufficient data,,only 0 finished-gameweek snapshot(s) recorded; need at least 3.
2026-08-24,1,604,Cresswell,LEE,MID,,0,,,,,,,,,Insufficient data,,only 0 finished-gameweek snapshot(s) recorded; need at least 3.
2026-08-24,1,605,Yalcouyé,BHA,MID,,0,,,,,,,,,Insufficient data,,only 0 finished-gameweek snapshot(s) recorded; need at least 3.
2026-08-24,1,606,Rowe,AVL,DEF,,0,,,,,,,,,Insufficient data,,only 0 finished-gameweek snapshot(s) recorded; need at least 3.
2026-08-24,1,607,Lynch,AVL,MID,,0,,,,,,,,,Insufficient data,,only 0 finished-gameweek snapshot(s) recorded; need at least 3.
2026-08-24,1,608,Jebbison,BOU,FWD,,0,,,,,,,,,Insufficient data,,only 0 finished-gameweek snapshot(s) recorded; need at least 3.
2026-08-24,1,609,Shahar,NEW,DEF,,0,,,,,,,,,Insufficient data,,only 0 finished-gameweek snapshot(s) recorded; need at least 3.
2026-08-25,1,1,Raya,ARS,GKP,,0,,,,,,,,,Insufficient data,,only 0 finished-gameweek snapshot(s) recorded; need at least 3.
2026-08-25,1,2,Arrizabalaga,ARS,GKP,,0,,,,,,,,,Insufficient data,,only 0 finished-gameweek snapshot(s) recorded; need at least 3.
2026-08-25,1,3,Meslier,ARS,GKP,,0,,,,,,,,,Insufficient data,,only 0 finished-gameweek snapshot(s) recorded; need at least 3.
2026-08-25,1,4,Gabriel,ARS,DEF,,0,,,,,,,,,Insufficient data,,only 0 finished-gameweek snapshot(s) recorded; need at least 3.
2026-08-25,1,5,J.Timber,ARS,DEF,0.0,0,,,,,,,,,Insufficient data,,only 0 finished-gameweek snapshot(s) recorded; need at least 3.
2026-08-25,1,6,Saliba,ARS,DEF,0.0,0,,,,,,,,,Insufficient data,,only 0 finished-gameweek snapshot(s) recorded; need at least 3.
2026-08-25,1,7,Lewis-Skelly,ARS,MID,,0,,,,,,,,,Insufficient data,,only 0 finished-gameweek snapshot(s) recorded; need at least 3.
2026-08-25,1,8,Calafiori,ARS,DEF,,0,,,,,,,,,Insufficient data,,only 0 finished-gameweek snapshot(s) recorded; need at least 3.
2026-08-25,1,9,Hincapie,ARS,DEF,,0,,,,,,,,,Insufficient data,,only 0 finished-gameweek snapshot(s) recorded; need at least 3.
2026-08-25,1,10,White,ARS,DEF,100.0,0,,,,,,,,,Insufficient data,,only 0 finished-gameweek snapshot(s) recorded; need at least 3.
2026-08-25,1,11,Mosquera,ARS,DEF,,0,,,,,,,,,Insufficient data,,only 0 finished-gameweek snapshot(s) recorded; need at least 3.
2026-08-25,1,12,Saka,ARS,MID,,0,,,,,,,,,Insufficient data,,only 0 finished-gameweek snapshot(s) recorded; need at least 3.
2026-08-25,1,13,Rice,ARS,MID,,0,,,,,,,,,Insufficient data,,only 0 finished-gameweek snapshot(s) recorded; need at least 3.
2026-08-25,1,14,Eze,ARS,MID,,0,,,,,,,,,Insufficient data,,only 0 finished-gameweek snapshot(s) recorded; need at least 3.
2026-08-25,1,15,Ødegaard,ARS,MID,,0,,,,,,,,,Insufficient data,,only 0 finished-gameweek snapshot(s) recorded; need at least 3.
2026-08-25,1,16,Madueke,ARS,MID,,0,,,,,,,,,Insufficient data,,only 0 finished-gameweek snapshot(s) recorded; need at least 3.
2026-08-25,1,17,Merino,ARS,MID,,0,,,,,,,,,Insufficient data,,only 0 finished-gameweek snapshot(s) recorded; need at least 3.
2026-08-25,1,18,Martinelli,ARS,MID,,0,,,,,,,,,Insufficient data,,only 0 finished-gameweek snapshot(s) recorded; need at least 3.
2026-08-25,1,19,Zubimendi,ARS,MID,,0,,,,,,,,,Insufficient data,,only 0 finished-gameweek snapshot(s) recorded; need at least 3.
2026-08-25,1,20,Dowman,ARS,MID,,0,,,,,,,,,Insufficient data,,only 0 finished-gameweek snapshot(s) recorded; need at least 3.
2026-08-25,1,21,Nørgaard,EVE,MID,0.0,0,,,,,,,,,Insufficient data,,only 0 finished-gameweek snapshot(s) recorded; need at least 3.
2026-08-25,1,22,Nwaneri,ARS,MID,,0,,,,,,,,,Insufficient data,,only 0 finished-gameweek snapshot(s) recorded; need at least 3.
2026-08-25,1,23,Fábio Vieira,ARS,MID,,0,,,,,,,,,Insufficient data,,only 0 finished-gameweek snapshot(s) recorded; need at least 3.
2026-08-25,1,24,Nelson,ARS,MID,,0,,,,,,,,,Insufficient data,,only 0 finished-gameweek snapshot(s) recorded; need at least 3.
2026-08-25,1,25,Gyökeres,ARS,FWD,,0,,,,,,,,,Insufficient data,,only 0 finished-gameweek snapshot(s) recorded; need at least 3.
2026-08-25,1,26,Havertz,ARS,FWD,,0,,,,,,,,,Insufficient data,,only 0 finished-gameweek snapshot(s) recorded; need at least 3.
2026-08-25,1,27,G.Jesus,ARS,FWD,,0,,,,,,,,,Insufficient data,,only 0 finished-gameweek snapshot(s) recorded; need at least 3.
2026-08-25,1,28,Martinez,AVL,GKP,,0,,,,,,,,,Insufficient data,,only 0 finished-gameweek snapshot(s) recorded; need at least 3.
2026-08-25,1,29,M.Bizot,AVL,GKP,,0,,,,,,,,,Insufficient data,,only 0 finished-gameweek snapshot(s) recorded; need at least 3.
2026-08-25,1,30,Digne,AVL,DEF,0.0,0,,,,,,,,,Insufficient data,,only 0 finished-gameweek snapshot(s) recorded; need at least 3.
2026-08-25,1,31,Konsa,ARS,DEF,,0,,,,,,,,,Insufficient data,,only 0 finished-gameweek snapshot(s) recorded; need at least 3.
2026-08-25,1,32,Cash,AVL,DEF,,0,,,,,,,,,Insufficient data,,only 0 finished-gameweek snapshot(s) recorded; need at least 3.
2026-08-25,1,33,Mings,AVL,DEF,,0,,,,,,,,,Insufficient data,,only 0 finished-gameweek snapshot(s) recorded; need at least 3.
2026-08-25,1,34,Pau,AVL,DEF,,0,,,,,,,,,Insufficient data,,only 0 finished-gameweek snapshot(s) recorded; need at least 3.
2026-08-25,1,35,Bogarde,AVL,MID,,0,,,,,,,,,Insufficient data,,only 0 finished-gameweek snapshot(s) recorded; need at least 3.
2026-08-25,1,36,Maatsen,AVL,DEF,,0,,,,,,,,,Insufficient data,,only 0 finished-gameweek snapshot(s) recorded; need at least 3.
2026-08-25,1,37,Lindelöf,AVL,DEF,,0,,,,,,,,,Insufficient data,,only 0 finished-gameweek snapshot(s) recorded; need at least 3.
2026-08-25,1,38,A.García,AVL,DEF,,0,,,,,,,,,Insufficient data,,only 0 finished-gameweek snapshot(s) recorded; need at least 3.
2026-08-25,1,39,Nedeljkovic,AVL,DEF,0.0,0,,,,,,,,,Insufficient data,,only 0 finished-gameweek snapshot(s) recorded; need at least 3.
2026-08-25,1,40,Rogers,CHE,MID,,0,,,,,,,,,Insufficient data,,only 0 finished-gameweek snapshot(s) recorded; need at least 3.
2026-08-25,1,41,Buendía,AVL,MID,,0,,,,,,,,,Insufficient data,,only 0 finished-gameweek snapshot(s) recorded; need at least 3.
2026-08-25,1,42,Guessand,CRY,MID,,0,,,,,,,,,Insufficient data,,only 0 finished-gameweek snapshot(s) recorded; need at least 3.
2026-08-25,1,43,Tielemans,MUN,MID,100.0,0,,,,,,,,,Insufficient data,,only 0 finished-gameweek snapshot(s) recorded; need at least 3.
2026-08-25,1,44,Bailey,AVL,MID,,0,,,,,,,,,Insufficient data,,only 0 finished-gameweek snapshot(s) recorded; need at least 3.
2026-08-25,1,45,McGinn,AVL,MID,,0,,,,,,,,,Insufficient data,,only 0 finished-gameweek snapshot(s) recorded; need at least 3.
2026-08-25,1,46,Barkley,AVL,MID,,0,,,,,,,,,Insufficient data,,only 0 finished-gameweek snapshot(s) recorded; need at least 3.
2026-08-25,1,47,Kamara,AVL,MID,100.0,0,,,,,,,,,Insufficient data,,only 0 finished-gameweek snapshot(s) recorded; need at least 3.
2026-08-25,1,48,Onana,AVL,MID,0.0,0,,,,,,,,,Insufficient data,,only 0 finished-gameweek snapshot(s) recorded; need at least 3.
2026-08-25,1,49,Iling Jr,AVL,MID,0.0,0,,,,,,,,,Insufficient data,,only 0 finished-gameweek snapshot(s) recorded; need at least 3.
2026-08-25,1,50,Burrowes,AVL,MID,,0,,,,,,,,,Insufficient data,,only 0 finished-gameweek snapshot(s) recorded; need at least 3.
2026-08-25,1,51,George Hemmings,AVL,MID,,0,,,,,,,,,Insufficient data,,only 0 finished-gameweek snapshot(s) recorded; need at least 3.
2026-08-25,1,52,Alysson,AVL,MID,,0,,,,,,,,,Insufficient data,,only 0 finished-gameweek snapshot(s) recorded; need at least 3.
2026-08-25,1,53,Manzambi,AVL,MID,0.0,0,,,,,,,,,Insufficient data,,only 0 finished-gameweek snapshot(s) recorded; need at least 3.
2026-08-25,1,54,Gomes,AVL,MID,0.0,0,,,,,,,,,Insufficient data,,only 0 finished-gameweek snapshot(s) recorded; need at least 3.
2026-08-25,1,55,Watkins,AVL,FWD,,0,,,,,,,,,Insufficient data,,only 0 finished-gameweek snapshot(s) recorded; need at least 3.
2026-08-25,1,56,Abraham,AVL,FWD,75.0,0,,,,,,,,,Insufficient data,,only 0 finished-gameweek snapshot(s) recorded; need at least 3.
2026-08-25,1,57,Petrović,BOU,GKP,,0,,,,,,,,,Insufficient data,,only 0 finished-gameweek snapshot(s) recorded; need at least 3.
2026-08-25,1,58,Forster,BOU,GKP,,0,,,,,,,,,Insufficient data,,only 0 finished-gameweek snapshot(s) recorded; need at least 3.
2026-08-25,1,59,Dennis,BOU,GKP,,0,,,,,,,,,Insufficient data,,only 0 finished-gameweek snapshot(s) recorded; need at least 3.
2026-08-25,1,60,Hill,BOU,DEF,,0,,,,,,,,,Insufficient data,,only 0 finished-gameweek snapshot(s) recorded; need at least 3.
2026-08-25,1,61,Truffert,BOU,DEF,,0,,,,,,,,,Insufficient data,,only 0 finished-gameweek snapshot(s) recorded; need at least 3.
2026-08-25,1,62,Diakité,BOU,DEF,,0,,,,,,,,,Insufficient data,,only 0 finished-gameweek snapshot(s) recorded; need at least 3.
2026-08-25,1,63,Milosavljević,BOU,DEF,0.0,0,,,,,,,,,Insufficient data,,only 0 finished-gameweek snapshot(s) recorded; need at least 3.
2026-08-25,1,64,Smith,BOU,DEF,,0,,,,,,,,,Insufficient data,,only 0 finished-gameweek snapshot(s) recorded; need at least 3.
2026-08-25,1,65,J.Araujo,BOU,DEF,0.0,0,,,,,,,,,Insufficient data,,only 0 finished-gameweek snapshot(s) recorded; need at least 3.
2026-08-25,1,66,Soler,BOU,DEF,75.0,0,,,,,,,,,Insufficient data,,only 0 finished-gameweek snapshot(s) recorded; need at least 3.
2026-08-25,1,67,Rayan,BOU,MID,,0,,,,,,,,,Insufficient data,,only 0 finished-gameweek snapshot(s) recorded; need at least 3.
2026-08-25,1,68,Tavernier,BOU,MID,,0,,,,,,,,,Insufficient data,,only 0 finished-gameweek snapshot(s) recorded; need at least 3.
2026-08-25,1,69,Scott,BOU,MID,,0,,,,,,,,,Insufficient data,,only 0 finished-gameweek snapshot(s) recorded; need at least 3.
2026-08-25,1,70,Kluivert,BOU,MID,,0,,,,,,,,,Insufficient data,,only 0 finished-gameweek snapshot(s) recorded; need at least 3.
2026-08-25,1,71,Cook,BOU,MID,,0,,,,,,,,,Insufficient data,,only 0 finished-gameweek snapshot(s) recorded; need at least 3.
2026-08-25,1,72,Gannon-Doak,BOU,MID,,0,,,,,,,,,Insufficient data,,only 0 finished-gameweek snapshot(s) recorded; need at least 3.
2026-08-25,1,73,Adams,BOU,MID,100.0,0,,,,,,,,,Insufficient data,,only 0 finished-gameweek snapshot(s) recorded; need at least 3.
2026-08-25,1,74,Brooks,BOU,MID,100.0,0,,,,,,,,,Insufficient data,,only 0 finished-gameweek snapshot(s) recorded; need at least 3.
2026-08-25,1,75,Christie,BOU,MID,100.0,0,,,,,,,,,Insufficient data,,only 0 finished-gameweek snapshot(s) recorded; need at least 3.
2026-08-25,1,76,Tóth.A,BOU,MID,,0,,,,,,,,,Insufficient data,,only 0 finished-gameweek snapshot(s) recorded; need at least 3.
2026-08-25,1,77,Adli,BOU,MID,0.0,0,,,,,,,,,Insufficient data,,only 0 finished-gameweek snapshot(s) recorded; need at least 3.
2026-08-25,1,78,Kroupi.Jr,BOU,MID,0.0,0,,,,,,,,,Insufficient data,,only 0 finished-gameweek snapshot(s) recorded; need at least 3.
2026-08-25,1,79,Evanilson,BOU,FWD,,0,,,,,,,,,Insufficient data,,only 0 finished-gameweek snapshot(s) recorded; need at least 3.
2026-08-25,1,80,Enes Ünal,BOU,FWD,0.0,0,,,,,,,,,Insufficient data,,only 0 finished-gameweek snapshot(s) recorded; need at least 3.
2026-08-25,1,81,Rodríguez,BOU,FWD,100.0,0,,,,,,,,,Insufficient data,,only 0 finished-gameweek snapshot(s) recorded; need at least 3.
2026-08-25,1,82,Kelleher,BRE,GKP,,0,,,,,,,,,Insufficient data,,only 0 finished-gameweek snapshot(s) recorded; need at least 3.
2026-08-25,1,83,Valdimarsson,BRE,GKP,,0,,,,,,,,,Insufficient data,,only 0 finished-gameweek snapshot(s) recorded; need at least 3.
2026-08-25,1,84,Collins,BRE,DEF,,0,,,,,,,,,Insufficient data,,only 0 finished-gameweek snapshot(s) recorded; need at least 3.
2026-08-25,1,85,Van den Berg,BRE,DEF,0.0,0,,,,,,,,,Insufficient data,,only 0 finished-gameweek snapshot(s) recorded; need at least 3.
2026-08-25,1,86,Lewis-Potter,BRE,MID,,0,,,,,,,,,Insufficient data,,only 0 finished-gameweek snapshot(s) recorded; need at least 3.
2026-08-25,1,87,Ajer,BRE,DEF,,0,,,,,,,,,Insufficient data,,only 0 finished-gameweek snapshot(s) recorded; need at least 3.
2026-08-25,1,88,Kayode,BRE,DEF,,0,,,,,,,,,Insufficient data,,only 0 finished-gameweek snapshot(s) recorded; need at least 3.
2026-08-25,1,89,Henry,BRE,DEF,,0,,,,,,,,,Insufficient data,,only 0 finished-gameweek snapshot(s) recorded; need at least 3.
2026-08-25,1,90,Hickey,BRE,DEF,,0,,,,,,,,,Insufficient data,,only 0 finished-gameweek snapshot(s) recorded; need at least 3.
2026-08-25,1,91,Pinnock,BRE,DEF,,0,,,,,,,,,Insufficient data,,only 0 finished-gameweek snapshot(s) recorded; need at least 3.
2026-08-25,1,92,Ji-soo,BRE,DEF,,0,,,,,,,,,Insufficient data,,only 0 finished-gameweek snapshot(s) recorded; need at least 3.
2026-08-25,1,93,Schuster,BRE,DEF,,0,,,,,,,,,Insufficient data,,only 0 finished-gameweek snapshot(s) recorded; need at least 3.
2026-08-25,1,94,Schade,BRE,MID,,0,,,,,,,,,Insufficient data,,only 0 finished-gameweek snapshot(s) recorded; need at least 3.
2026-08-25,1,95,O.Dango,BRE,MID,,0,,,,,,,,,Insufficient data,,only 0 finished-gameweek snapshot(s) recorded; need at least 3.
2026-08-25,1,96,Damsgaard,BRE,MID,,0,,,,,,,,,Insufficient data,,only 0 finished-gameweek snapshot(s) recorded; need at least 3.
2026-08-25,1,97,Jensen,BRE,MID,,0,,,,,,,,,Insufficient data,,only 0 finished-gameweek snapshot(s) recorded; need at least 3.
2026-08-25,1,98,Janelt,BRE,MID,,0,,,,,,,,,Insufficient data,,only 0 finished-gameweek snapshot(s) recorded; need at least 3.
2026-08-25,1,99,Milambo,BRE,MID,0.0,0,,,,,,,,,Insufficient data,,only 0 finished-gameweek snapshot(s) recorded; need at least 3.
2026-08-25,1,100,Carvalho,BRE,MID,75.0,0,,,,,,,,,Insufficient data,,only 0 finished-gameweek snapshot(s) recorded; need at least 3.
2026-08-25,1,101,Henderson,CHE,MID,75.0,0,,,,,,,,,Insufficient data,,only 0 finished-gameweek snapshot(s) recorded; need at least 3.
2026-08-25,1,102,Yarmoliuk,BRE,MID,,0,,,,,,,,,Insufficient data,,only 0 finished-gameweek snapshot(s) recorded; need at least 3.
2026-08-25,1,103,Dasilva,BRE,MID,,0,,,,,,,,,Insufficient data,,only 0 finished-gameweek snapshot(s) recorded; need at least 3.
2026-08-25,1,104,Onyeka,COV,MID,,0,,,,,,,,,Insufficient data,,only 0 finished-gameweek snapshot(s) recorded; need at least 3.
2026-08-25,1,105,Anthony,BRE,MID,,0,,,,,,,,,Insufficient data,,only 0 finished-gameweek snapshot(s) recorded; need at least 3.
2026-08-25,1,106,Thiago,BRE,FWD,,0,,,,,,,,,Insufficient data,,only 0 finished-gameweek snapshot(s) recorded; need at least 3.
2026-08-25,1,107,Furo,BRE,FWD,,0,,,,,,,,,Insufficient data,,only 0 finished-gameweek snapshot(s) recorded; need at least 3.
2026-08-25,1,108,Wilson,BRE,FWD,,0,,,,,,,,,Insufficient data,,only 0 finished-gameweek snapshot(s) recorded; need at least 3.
2026-08-25,1,109,Verbruggen,BHA,GKP,,0,,,,,,,,,Insufficient data,,only 0 finished-gameweek snapshot(s) recorded; need at least 3.
2026-08-25,1,110,Rushworth,COV,GKP,,0,,,,,,,,,Insufficient data,,only 0 finished-gameweek snapshot(s) recorded; need at least 3.
2026-08-25,1,111,Steele,BHA,GKP,,0,,,,,,,,,Insufficient data,,only 0 finished-gameweek snapshot(s) recorded; need at least 3.
2026-08-25,1,112,Van Hecke,TOT,DEF,,0,,,,,,,,,Insufficient data,,only 0 finished-gameweek snapshot(s) recorded; need at least 3.
2026-08-25,1,113,F.Kadıoğlu,BHA,DEF,75.0,0,,,,,,,,,Insufficient data,,only 0 finished-gameweek snapshot(s) recorded; need at least 3.
2026-08-25,1,114,Boscagli,BHA,DEF,,0,,,,,,,,,Insufficient data,,only 0 finished-gameweek snapshot(s) recorded; need at least 3.
2026-08-25,1,115,De Cuyper,BHA,DEF,,0,,,,,,,,,Insufficient data,,only 0 finished-gameweek snapshot(s) recorded; need at least 3.
2026-08-25,1,116,Dunk,BHA,DEF,,0,,,,,,,,,Insufficient data,,only 0 finished-gameweek snapshot(s) recorded; need at least 3.
2026-08-25,1,117,Coppola,BHA,DEF,,0,,,,,,,,,Insufficient data,,only 0 finished-gameweek snapshot(s) recorded; need at least 3.
2026-08-25,1,118,Igor,BHA,DEF,,0,,,,,,,,,Insufficient data,,only 0 finished-gameweek snapshot(s) recorded; need at least 3.
2026-08-25,1,119,Costinha,BHA,DEF,,0,,,,,,,,,Insufficient data,,only 0 finished-gameweek snapshot(s) recorded; need at least 3.
2026-08-25,1,120,Svoboda,BHA,DEF,,0,,,,,,,,,Insufficient data,,only 0 finished-gameweek snapshot(s) recorded; need at least 3.
2026-08-25,1,121,Mitoma,BHA,MID,0.0,0,,,,,,,,,Insufficient data,,only 0 finished-gameweek snapshot(s) recorded; need at least 3.
2026-08-25,1,122,Minteh,BHA,MID,0.0,0,,,,,,,,,Insufficient data,,only 0 finished-gameweek snapshot(s) recorded; need at least 3.
2026-08-25,1,123,Hinshelwood,BHA,MID,,0,,,,,,,,,Insufficient data,,only 0 finished-gameweek snapshot(s) recorded; need at least 3.
2026-08-25,1,124,Groß,BHA,MID,,0,,,,,,,,,Insufficient data,,only 0 finished-gameweek snapshot(s) recorded; need at least 3.
2026-08-25,1,125,Georginio,BHA,FWD,,0,,,,,,,,,Insufficient data,,only 0 finished-gameweek snapshot(s) recorded; need at least 3.
2026-08-25,1,126,O'Riley,BHA,MID,,0,,,,,,,,,Insufficient data,,only 0 finished-gameweek snapshot(s) recorded; need at least 3.
2026-08-25,1,127,Gomez,BHA,MID,,0,,,,,,,,,Insufficient data,,only 0 finished-gameweek snapshot(s) recorded; need at least 3.
2026-08-25,1,128,Buonanotte,BHA,MID,0.0,0,,,,,,,,,Insufficient data,,only 0 finished-gameweek snapshot(s) recorded; need at least 3.
2026-08-25,1,129,Ayari,BHA,MID,,0,,,,,,,,,Insufficient data,,only 0 finished-gameweek snapshot(s) recorded; need at least 3.
2026-08-25,1,130,Wieffer,BHA,DEF,,0,,,,,,,,,Insufficient data,,only 0 finished-gameweek snapshot(s) recorded; need at least 3.
2026-08-25,1,131,Baleba,BHA,MID,0.0,0,,,,,,,,,Insufficient data,,only 0 finished-gameweek snapshot(s) recorded; need at least 3.
2026-08-25,1,132,Howell,BHA,MID,0.0,0,,,,,,,,,Insufficient data,,only 0 finished-gameweek snapshot(s) recorded; need at least 3.
2026-08-25,1,133,Watson,BHA,MID,0.0,0,,,,,,,,,Insufficient data,,only 0 finished-gameweek snapshot(s) recorded; need at least 3.
2026-08-25,1,134,Oriola,BHA,MID,,0,,,,,,,,,Insufficient data,,only 0 finished-gameweek snapshot(s) recorded; need at least 3.
2026-08-25,1,135,Yohanna,BHA,MID,,0,,,,,,,,,Insufficient data,,only 0 finished-gameweek snapshot(s) recorded; need at least 3.
2026-08-25,1,136,Welbeck,CHE,FWD,100.0,0,,,,,,,,,Insufficient data,,only 0 finished-gameweek snapshot(s) recorded; need at least 3.
2026-08-25,1,137,Tzimas,BHA,FWD,0.0,0,,,,,,,,,Insufficient data,,only 0 finished-gameweek snapshot(s) recorded; need at least 3.
2026-08-25,1,138,Kostoulas,BHA,FWD,,0,,,,,,,,,Insufficient data,,only 0 finished-gameweek snapshot(s) recorded; need at least 3.
2026-08-25,1,139,Ferguson,BHA,FWD,0.0,0,,,,,,,,,Insufficient data,,only 0 finished-gameweek snapshot(s) recorded; need at least 3.
2026-08-25,1,140,Sánchez,CHE,GKP,,0,,,,,,,,,Insufficient data,,only 0 finished-gameweek snapshot(s) recorded; need at least 3.
2026-08-25,1,141,Jörgensen,CHE,GKP,0.0,0,,,,,,,,,Insufficient data,,only 0 finished-gameweek snapshot(s) recorded; need at least 3.
2026-08-25,1,142,James,CHE,DEF,,0,,,,,,,,,Insufficient data,,only 0 finished-gameweek snapshot(s) recorded; need at least 3.
2026-08-25,1,143,Chalobah,CHE,DEF,0.0,0,,,,,,,,,Insufficient data,,only 0 finished-gameweek snapshot(s) recorded; need at least 3.
2026-08-25,1,144,Gusto,CHE,DEF,,0,,,,,,,,,Insufficient data,,only 0 finished-gameweek snapshot(s) recorded; need at least 3.
2026-08-25,1,145,Fofana,CHE,DEF,100.0,0,,,,,,,,,Insufficient data,,only 0 finished-gameweek snapshot(s) recorded; need at least 3.
2026-08-25,1,146,B.Badiashile,CHE,DEF,,0,,,,,,,,,Insufficient data,,only 0 finished-gameweek snapshot(s) recorded; need at least 3.
2026-08-25,1,147,Tosin,CHE,DEF,,0,,,,,,,,,Insufficient data,,only 0 finished-gameweek snapshot(s) recorded; need at least 3.
2026-08-25,1,148,Hato,CHE,DEF,,0,,,,,,,,,Insufficient data,,only 0 finished-gameweek snapshot(s) recorded; need at least 3.
2026-08-25,1,149,Colwill,CHE,DEF,,0,,,,,,,,,Insufficient data,,only 0 finished-gameweek snapshot(s) recorded; need at least 3.
2026-08-25,1,150,M.Sarr,CHE,DEF,,0,,,,,,,,,Insufficient data,,only 0 finished-gameweek snapshot(s) recorded; need at least 3.
2026-08-25,1,151,Acheampong,CHE,DEF,,0,,,,,,,,,Insufficient data,,only 0 finished-gameweek snapshot(s) recorded; need at least 3.
2026-08-25,1,152,Palestra,CHE,DEF,75.0,0,,,,,,,,,Insufficient data,,only 0 finished-gameweek snapshot(s) recorded; need at least 3.
2026-08-25,1,153,Disasi,CHE,DEF,,0,,,,,,,,,Insufficient data,,only 0 finished-gameweek snapshot(s) recorded; need at least 3.
2026-08-25,1,154,Palmer,CHE,MID,100.0,0,,,,,,,,,Insufficient data,,only 0 finished-gameweek snapshot(s) recorded; need at least 3.
2026-08-25,1,155,Enzo,CHE,MID,,0,,,,,,,,,Insufficient data,,only 0 finished-gameweek snapshot(s) recorded; need at least 3.
2026-08-25,1,156,Neto,CHE,MID,,0,,,,,,,,,Insufficient data,,only 0 finished-gameweek snapshot(s) recorded; need at least 3.
2026-08-25,1,157,Estêvão,CHE,MID,,0,,,,,,,,,Insufficient data,,only 0 finished-gameweek snapshot(s) recorded; need at least 3.
2026-08-25,1,158,Gittens,CHE,MID,,0,,,,,,,,,Insufficient data,,only 0 finished-gameweek snapshot(s) recorded; need at least 3.
2026-08-25,1,159,Caicedo,CHE,MID,75.0,0,,,,,,,,,Insufficient data,,only 0 finished-gameweek snapshot(s) recorded; need at least 3.
2026-08-25,1,160,Garnacho,AVL,MID,,0,,,,,,,,,Insufficient data,,only 0 finished-gameweek snapshot(s) recorded; need at least 3.
2026-08-25,1,161,Lavia,CHE,MID,,0,,,,,,,,,Insufficient data,,only 0 finished-gameweek snapshot(s) recorded; need at least 3.
2026-08-25,1,162,Andrey Santos,MUN,MID,,0,,,,,,,,,Insufficient data,,only 0 finished-gameweek snapshot(s) recorded; need at least 3.
2026-08-25,1,163,D.Essugo,CHE,MID,,0,,,,,,,,,Insufficient data,,only 0 finished-gameweek snapshot(s) recorded; need at least 3.
2026-08-25,1,164,Quenda,CHE,MID,100.0,0,,,,,,,,,Insufficient data,,only 0 finished-gameweek snapshot(s) recorded; need at least 3.
2026-08-25,1,165,João Pedro,CHE,FWD,,0,,,,,,,,,Insufficient data,,only 0 finished-gameweek snapshot(s) recorded; need at least 3.
2026-08-25,1,166,N.Jackson,CHE,FWD,,0,,,,,,,,,Insufficient data,,only 0 finished-gameweek snapshot(s) recorded; need at least 3.
2026-08-25,1,167,Delap,CHE,FWD,,0,,,,,,,,,Insufficient data,,only 0 finished-gameweek snapshot(s) recorded; need at least 3.
2026-08-25,1,168,Marc Guiu,CHE,FWD,,0,,,,,,,,,Insufficient data,,only 0 finished-gameweek snapshot(s) recorded; need at least 3.
2026-08-25,1,169,Mheuka,CHE,FWD,,0,,,,,,,,,Insufficient data,,only 0 finished-gameweek snapshot(s) recorded; need at least 3.
2026-08-25,1,170,Emegha,CHE,FWD,100.0,0,,,,,,,,,Insufficient data,,only 0 finished-gameweek snapshot(s) recorded; need at least 3.
2026-08-25,1,171,Dovin,COV,GKP,,0,,,,,,,,,Insufficient data,,only 0 finished-gameweek snapshot(s) recorded; need at least 3.
2026-08-25,1,172,Wilson,COV,GKP,,0,,,,,,,,,Insufficient data,,only 0 finished-gameweek snapshot(s) recorded; need at least 3.
2026-08-25,1,173,Thomas,COV,DEF,,0,,,,,,,,,Insufficient data,,only 0 finished-gameweek snapshot(s) recorded; need at least 3.
2026-08-25,1,174,Kitching,COV,DEF,,0,,,,,,,,,Insufficient data,,only 0 finished-gameweek snapshot(s) recorded; need at least 3.
2026-08-25,1,175,van Ewijk,COV,DEF,,0,,,,,,,,,Insufficient data,,only 0 finished-gameweek snapshot(s) recorded; need at least 3.
2026-08-25,1,176,Dasilva,COV,DEF,,0,,,,,,,,,Insufficient data,,only 0 finished-gameweek snapshot(s) recorded; need at least 3.
2026-08-25,1,177,Kesler-Hayden,COV,DEF,,0,,,,,,,,,Insufficient data,,only 0 finished-gameweek snapshot(s) recorded; need at least 3.
2026-08-25,1,178,Bidwell,COV,DEF,,0,,,,,,,,,Insufficient data,,only 0 finished-gameweek snapshot(s) recorded; need at least 3.
2026-08-25,1,179,Latibeaudiere,COV,DEF,,0,,,,,,,,,Insufficient data,,only 0 finished-gameweek snapshot(s) recorded; need at least 3.
2026-08-25,1,180,Woolfenden,COV,DEF,,0,,,,,,,,,Insufficient data,,only 0 finished-gameweek snapshot(s) recorded; need at least 3.
2026-08-25,1,181,Brau,COV,DEF,,0,,,,,,,,,Insufficient data,,only 0 finished-gameweek snapshot(s) recorded; need at least 3.
2026-08-25,1,182,Amenda,COV,DEF,,0,,,,,,,,,Insufficient data,,only 0 finished-gameweek snapshot(s) recorded; need at least 3.
2026-08-25,1,183,Rudoni,COV,MID,100.0,0,,,,,,,,,Insufficient data,,only 0 finished-gameweek snapshot(s) recorded; need at least 3.
2026-08-25,1,184,Grimes,COV,MID,,0,,,,,,,,,Insufficient data,,only 0 finished-gameweek snapshot(s) recorded; need at least 3.
2026-08-25,1,185,Sakamoto,COV,MID,,0,,,,,,,,,Insufficient data,,only 0 finished-gameweek snapshot(s) recorded; need at least 3.
2026-08-25,1,186,Mason-Clark,COV,MID,100.0,0,,,,,,,,,Insufficient data,,only 0 finished-gameweek snapshot(s) recorded; need at least 3.
2026-08-25,1,187,Eccles,COV,MID,,0,,,,,,,,,Insufficient data,,only 0 finished-gameweek snapshot(s) recorded; need at least 3.
2026-08-25,1,188,Torp,COV,MID,,0,,,,,,,,,Insufficient data,,only 0 finished-gameweek snapshot(s) recorded; need at least 3.
2026-08-25,1,189,Shepherd,COV,MID,,0,,,,,,,,,Insufficient data,,only 0 finished-gameweek snapshot(s) recorded; need at least 3.
2026-08-25,1,190,Tchaouna,COV,MID,,0,,,,,,,,,Insufficient data,,only 0 finished-gameweek snapshot(s) recorded; need at least 3.
2026-08-25,1,191,Borges Rodrigues,COV,MID,,0,,,,,,,,,Insufficient data,,only 0 finished-gameweek snapshot(s) recorded; need at least 3.
2026-08-25,1,192,Andrews,COV,MID,,0,,,,,,,,,Insufficient data,,only 0 finished-gameweek snapshot(s) recorded; need at least 3.
2026-08-25,1,193,Wright,COV,FWD,0.0,0,,,,,,,,,Insufficient data,,only 0 finished-gameweek snapshot(s) recorded; need at least 3.
2026-08-25,1,194,Thomas-Asante,COV,FWD,,0,,,,,,,,,Insufficient data,,only 0 finished-gameweek snapshot(s) recorded; need at least 3.
2026-08-25,1,195,Simms,COV,FWD,,0,,,,,,,,,Insufficient data,,only 0 finished-gameweek snapshot(s) recorded; need at least 3.
2026-08-25,1,196,Markelo,COV,FWD,0.0,0,,,,,,,,,Insufficient data,,only 0 finished-gameweek snapshot(s) recorded; need at least 3.
2026-08-25,1,197,Bassette,COV,FWD,0.0,0,,,,,,,,,Insufficient data,,only 0 finished-gameweek snapshot(s) recorded; need at least 3.
2026-08-25,1,198,Henderson,CRY,GKP,100.0,0,,,,,,,,,Insufficient data,,only 0 finished-gameweek snapshot(s) recorded; need at least 3.
2026-08-25,1,199,Benitez,CRY,GKP,,0,,,,,,,,,Insufficient data,,only 0 finished-gameweek snapshot(s) recorded; need at least 3.
2026-08-25,1,200,Lacroix,CHE,DEF,,0,,,,,,,,,Insufficient data,,only 0 finished-gameweek snapshot(s) recorded; need at least 3.
2026-08-25,1,201,Muñoz,CRY,DEF,,0,,,,,,,,,Insufficient data,,only 0 finished-gameweek snapshot(s) recorded; need at least 3.
2026-08-25,1,202,Richards,CRY,DEF,,0,,,,,,,,,Insufficient data,,only 0 finished-gameweek snapshot(s) recorded; need at least 3.
2026-08-25,1,203,Canvot,CRY,DEF,,0,,,,,,,,,Insufficient data,,only 0 finished-gameweek snapshot(s) recorded; need at least 3.
2026-08-25,1,204,Mitchell,CRY,DEF,,0,,,,,,,,,Insufficient data,,only 0 finished-gameweek snapshot(s) recorded; need at least 3.
2026-08-25,1,205,Sosa,CRY,DEF,,0,,,,,,,,,Insufficient data,,only 0 finished-gameweek snapshot(s) recorded; need at least 3.
2026-08-25,1,206,Chadi Riad,CRY,DEF,50.0,0,,,,,,,,,Insufficient data,,only 0 finished-gameweek snapshot(s) recorded; need at least 3.
2026-08-25,1,207,Mingueza,CRY,DEF,,0,,,,,,,,,Insufficient data,,only 0 finished-gameweek snapshot(s) recorded; need at least 3.
2026-08-25,1,208,Sarr,CRY,MID,75.0,0,,,,,,,,,Insufficient data,,only 0 finished-gameweek snapshot(s) recorded; need at least 3.
2026-08-25,1,209,Johnson,EVE,MID,,0,,,,,,,,,Insufficient data,,only 0 finished-gameweek snapshot(s) recorded; need at least 3.
2026-08-25,1,210,Wharton,CRY,MID,100.0,0,,,,,,,,,Insufficient data,,only 0 finished-gameweek snapshot(s) recorded; need at least 3.
2026-08-25,1,211,Yeremy,CRY,MID,,0,,,,,,,,,Insufficient data,,only 0 finished-gameweek snapshot(s) recorded; need at least 3.
2026-08-25,1,212,Hughes,CRY,MID,,0,,,,,,,,,Insufficient data,,only 0 finished-gameweek snapshot(s) recorded; need at least 3.
2026-08-25,1,213,Lerma,CRY,MID,,0,,,,,,,,,Insufficient data,,only 0 finished-gameweek snapshot(s) recorded; need at least 3.
2026-08-25,1,214,Kamada,CRY,MID,,0,,,,,,,,,Insufficient data,,only 0 finished-gameweek snapshot(s) recorded; need at least 3.
2026-08-25,1,215,Devenny,CRY,MID,,0,,,,,,,,,Insufficient data,,only 0 finished-gameweek snapshot(s) recorded; need at least 3.
2026-08-25,1,216,Esse,CRY,MID,,0,,,,,,,,,Insufficient data,,only 0 finished-gameweek snapshot(s) recorded; need at least 3.
2026-08-25,1,217,M.França,CRY,MID,,0,,,,,,,,,Insufficient data,,only 0 finished-gameweek snapshot(s) recorded; need at least 3.
2026-08-25,1,218,Doucouré,CRY,MID,,0,,,,,,,,,Insufficient data,,only 0 finished-gameweek snapshot(s) recorded; need at least 3.
2026-08-25,1,219,J.Rak-Sakyi,CRY,MID,,0,,,,,,,,,Insufficient data,,only 0 finished-gameweek snapshot(s) recorded; need at least 3.
2026-08-25,1,220,Cardines,CRY,DEF,0.0,0,,,,,,,,,Insufficient data,,only 0 finished-gameweek snapshot(s) recorded; need at least 3.
2026-08-25,1,221,Drakes-Thomas,CRY,MID,,0,,,,,,,,,Insufficient data,,only 0 finished-gameweek snapshot(s) recorded; need at least 3.
2026-08-25,1,222,Strand Larsen,CRY,FWD,,0,,,,,,,,,Insufficient data,,only 0 finished-gameweek snapshot(s) recorded; need at least 3.
2026-08-25,1,223,Mateta,CRY,FWD,,0,,,,,,,,,Insufficient data,,only 0 finished-gameweek snapshot(s) recorded; need at least 3.
2026-08-25,1,224,Nketiah,CRY,FWD,,0,,,,,,,,,Insufficient data,,only 0 finished-gameweek snapshot(s) recorded; need at least 3.
2026-08-25,1,225,Uche,CRY,FWD,0.0,0,,,,,,,,,Insufficient data,,only 0 finished-gameweek snapshot(s) recorded; need at least 3.
2026-08-25,1,226,Pickford,EVE,GKP,,0,,,,,,,,,Insufficient data,,only 0 finished-gameweek snapshot(s) recorded; need at least 3.
2026-08-25,1,227,Travers,EVE,GKP,,0,,,,,,,,,Insufficient data,,only 0 finished-gameweek snapshot(s) recorded; need at least 3.
2026-08-25,1,228,King,EVE,GKP,,0,,,,,,,,,Insufficient data,,only 0 finished-gameweek snapshot(s) recorded; need at least 3.
2026-08-25,1,229,Tarkowski,EVE,DEF,,0,,,,,,,,,Insufficient data,,only 0 finished-gameweek snapshot(s) recorded; need at least 3.
2026-08-25,1,230,Branthwaite,EVE,DEF,,0,,,,,,,,,Insufficient data,,only 0 finished-gameweek snapshot(s) recorded; need at least 3.
2026-08-25,1,231,Keane,EVE,DEF,,0,,,,,,,,,Insufficient data,,only 0 finished-gameweek snapshot(s) recorded; need at least 3.
2026-08-25,1,232,O'Brien,EVE,DEF,,0,,,,,,,,,Insufficient data,,only 0 finished-gameweek snapshot(s) recorded; need at least 3.
2026-08-25,1,233,Mykolenko,EVE,DEF,,0,,,,,,,,,Insufficient data,,only 0 finished-gameweek snapshot(s) recorded; need at least 3.
2026-08-25,1,234,Patterson,EVE,DEF,,0,,,,,,,,,Insufficient data,,only 0 finished-gameweek snapshot(s) recorded; need at least 3.
2026-08-25,1,235,Aznou,EVE,DEF,,0,,,,,,,,,Insufficient data,,only 0 finished-gameweek snapshot(s) recorded; need at least 3.
2026-08-25,1,236,Dewsbury-Hall,EVE,MID,,0,,,,,,,,,Insufficient data,,only 0 finished-gameweek snapshot(s) recorded; need at least 3.
2026-08-25,1,237,Ndiaye,EVE,MID,,0,,,,,,,,,Insufficient data,,only 0 finished-gameweek snapshot(s) recorded; need at least 3.
2026-08-25,1,238,Grealish,MCI,MID,100.0,0,,,,,,,,,Insufficient data,,only 0 finished-gameweek snapshot(s) recorded; need at least 3.
2026-08-25,1,239,Garner,EVE,MID,100.0,0,,,,,,,,,Insufficient data,,only 0 finished-gameweek snapshot(s) recorded; need at least 3.
2026-08-25,1,240,Iroegbunam,EVE,MID,0.0,0,,,,,,,,,Insufficient data,,only 0 finished-gameweek snapshot(s) recorded; need at least 3.
2026-08-25,1,241,McNeil,CRY,MID,,0,,,,,,,,,Insufficient data,,only 0 finished-gameweek snapshot(s) recorded; need at least 3.
2026-08-25,1,242,George,EVE,MID,,0,,,,,,,,,Insufficient data,,only 0 finished-gameweek snapshot(s) recorded; need at least 3.
2026-08-25,1,243,Alcaraz,EVE,MID,,0,,,,,,,,,Insufficient data,,only 0 finished-gameweek snapshot(s) recorded; need at least 3.
2026-08-25,1,244,Armstrong,EVE,MID,,0,,,,,,,,,Insufficient data,,only 0 finished-gameweek snapshot(s) recorded; need at least 3.
2026-08-25,1,245,Dibling,EVE,MID,,0,,,,,,,,,Insufficient data,,only 0 finished-gameweek snapshot(s) recorded; need at least 3.
2026-08-25,1,246,Röhl,EVE,MID,,0,,,,,,,,,Insufficient data,,only 0 finished-gameweek snapshot(s) recorded; need at least 3.
2026-08-25,1,247,Hackney,EVE,MID,,0,,,,,,,,,Insufficient data,,only 0 finished-gameweek snapshot(s) recorded; need at least 3.
2026-08-25,1,248,Beto,EVE,FWD,,0,,,,,,,,,Insufficient data,,only 0 finished-gameweek snapshot(s) recorded; need at least 3.
2026-08-25,1,249,Barry,EVE,FWD,,0,,,,,,,,,Insufficient data,,only 0 finished-gameweek snapshot(s) recorded; need at least 3.
2026-08-25,1,250,Leno,FUL,GKP,,0,,,,,,,,,Insufficient data,,only 0 finished-gameweek snapshot(s) recorded; need at least 3.
2026-08-25,1,251,Lecomte,FUL,GKP,,0,,,,,,,,,Insufficient data,,only 0 finished-gameweek snapshot(s) recorded; need at least 3.
2026-08-25,1,252,McNally,FUL,GKP,,0,,,,,,,,,Insufficient data,,only 0 finished-gameweek snapshot(s) recorded; need at least 3.
2026-08-25,1,253,Andersen,FUL,DEF,100.0,0,,,,,,,,,Insufficient data,,only 0 finished-gameweek snapshot(s) recorded; need at least 3.
2026-08-25,1,254,Robinson,FUL,DEF,,0,,,,,,,,,Insufficient data,,only 0 finished-gameweek snapshot(s) recorded; need at least 3.
2026-08-25,1,255,J.Cuenca,FUL,DEF,,0,,,,,,,,,Insufficient data,,only 0 finished-gameweek snapshot(s) recorded; need at least 3.
2026-08-25,1,256,Tete,FUL,DEF,,0,,,,,,,,,Insufficient data,,only 0 finished-gameweek snapshot(s) recorded; need at least 3.
2026-08-25,1,257,Bassey,FUL,DEF,,0,,,,,,,,,Insufficient data,,only 0 finished-gameweek snapshot(s) recorded; need at least 3.
2026-08-25,1,258,Castagne,FUL,DEF,,0,,,,,,,,,Insufficient data,,only 0 finished-gameweek snapshot(s) recorded; need at least 3.
2026-08-25,1,259,Diop,IPS,DEF,,0,,,,,,,,,Insufficient data,,only 0 finished-gameweek snapshot(s) recorded; need at least 3.
2026-08-25,1,260,Wilson,LEE,MID,,0,,,,,,,,,Insufficient data,,only 0 finished-gameweek snapshot(s) recorded; need at least 3.
2026-08-25,1,261,Iwobi,FUL,MID,,0,,,,,,,,,Insufficient data,,only 0 finished-gameweek snapshot(s) recorded; need at least 3.
2026-08-25,1,262,Smith Rowe,FUL,MID,,0,,,,,,,,,Insufficient data,,only 0 finished-gameweek snapshot(s) recorded; need at least 3.
2026-08-25,1,263,Kevin,FUL,MID,,0,,,,,,,,,Insufficient data,,only 0 finished-gameweek snapshot(s) recorded; need at least 3.
2026-08-25,1,264,Bobb,FUL,MID,,0,,,,,,,,,Insufficient data,,only 0 finished-gameweek snapshot(s) recorded; need at least 3.
2026-08-25,1,265,Berge,FUL,MID,,0,,,,,,,,,Insufficient data,,only 0 finished-gameweek snapshot(s) recorded; need at least 3.
2026-08-25,1,266,Cairney,FUL,MID,0.0,0,,,,,,,,,Insufficient data,,only 0 finished-gameweek snapshot(s) recorded; need at least 3.
2026-08-25,1,267,Lukić,IPS,MID,,0,,,,,,,,,Insufficient data,,only 0 finished-gameweek snapshot(s) recorded; need at least 3.
2026-08-25,1,268,King,FUL,MID,,0,,,,,,,,,Insufficient data,,only 0 finished-gameweek snapshot(s) recorded; need at least 3.
2026-08-25,1,269,Sessegnon,FUL,DEF,,0,,,,,,,,,Insufficient data,,only 0 finished-gameweek snapshot(s) recorded; need at least 3.
2026-08-25,1,270,Reed,FUL,MID,,0,,,,,,,,,Insufficient data,,only 0 finished-gameweek snapshot(s) recorded; need at least 3.
2026-08-25,1,271,Muniz,FUL,FWD,,0,,,,,,,,,Insufficient data,,only 0 finished-gameweek snapshot(s) recorded; need at least 3.
2026-08-25,1,272,Kusi-Asare,FUL,FWD,,0,,,,,,,,,Insufficient data,,only 0 finished-gameweek snapshot(s) recorded; need at least 3.
2026-08-25,1,273,Phillips,HUL,GKP,,0,,,,,,,,,Insufficient data,,only 0 finished-gameweek snapshot(s) recorded; need at least 3.
2026-08-25,1,274,Butland,HUL,GKP,0.0,0,,,,,,,,,Insufficient data,,only 0 finished-gameweek snapshot(s) recorded; need at least 3.
2026-08-25,1,275,Cartwright,HUL,GKP,0.0,0,,,,,,,,,Insufficient data,,only 0 finished-gameweek snapshot(s) recorded; need at least 3.
2026-08-25,1,276,Lo-Tutala,HUL,GKP,0.0,0,,,,,,,,,Insufficient data,,only 0 finished-gameweek snapshot(s) recorded; need at least 3.
2026-08-25,1,277,Egan,HUL,DEF,,0,,,,,,,,,Insufficient data,,only 0 finished-gameweek snapshot(s) recorded; need at least 3.
2026-08-25,1,278,Hughes,HUL,DEF,0.0,0,,,,,,,,,Insufficient data,,only 0 finished-gameweek snapshot(s) recorded; need at least 3.
2026-08-25,1,279,Ajayi,HUL,DEF,75.0,0,,,,,,,,,Insufficient data,,only 0 finished-gameweek snapshot(s) recorded; need at least 3.
2026-08-25,1,280,Coyle,HUL,DEF,75.0,0,,,,,,,,,Insufficient data,,only 0 finished-gameweek snapshot(s) recorded; need at least 3.
2026-08-25,1,281,Drameh,HUL,DEF,100.0,0,,,,,,,,,Insufficient data,,only 0 finished-gameweek snapshot(s) recorded; need at least 3.
2026-08-25,1,282,Giles,HUL,DEF,,0,,,,,,,,,Insufficient data,,only 0 finished-gameweek snapshot(s) recorded; need at least 3.
2026-08-25,1,283,Jacob,HUL,DEF,0.0,0,,,,,,,,,Insufficient data,,only 0 finished-gameweek snapshot(s) recorded; need at least 3.
2026-08-25,1,284,McCarthy,HUL,DEF,,0,,,,,,,,,Insufficient data,,only 0 finished-gameweek snapshot(s) recorded; need at least 3.
2026-08-25,1,285,McNair,HUL,DEF,,0,,,,,,,,,Insufficient data,,only 0 finished-gameweek snapshot(s) recorded; need at least 3.
2026-08-25,1,286,Belloumi,HUL,MID,,0,,,,,,,,,Insufficient data,,only 0 finished-gameweek snapshot(s) recorded; need at least 3.
2026-08-25,1,287,Millar,HUL,MID,,0,,,,,,,,,Insufficient data,,only 0 finished-gameweek snapshot(s) recorded; need at least 3.
2026-08-25,1,288,Dowell,HUL,MID,,0,,,,,,,,,Insufficient data,,only 0 finished-gameweek snapshot(s) recorded; need at least 3.
2026-08-25,1,289,Crooks,HUL,MID,,0,,,,,,,,,Insufficient data,,only 0 finished-gameweek snapshot(s) recorded; need at least 3.
2026-08-25,1,290,Slater,HUL,MID,,0,,,,,,,,,Insufficient data,,only 0 finished-gameweek snapshot(s) recorded; need at least 3.
2026-08-25,1,291,Matazo,HUL,MID,0.0,0,,,,,,,,,Insufficient data,,only 0 finished-gameweek snapshot(s) recorded; need at least 3.
2026-08-25,1,292,Ömür,HUL,MID,,0,,,,,,,,,Insufficient data,,only 0 finished-gameweek snapshot(s) recorded; need at least 3.
2026-08-25,1,293,Kamara,HUL,MID,0.0,0,,,,,,,,,Insufficient data,,only 0 finished-gameweek snapshot(s) recorded; need at least 3.
2026-08-25,1,294,Zambrano,HUL,MID,0.0,0,,,,,,,,,Insufficient data,,only 0 finished-gameweek snapshot(s) recorded; need at least 3.
2026-08-25,1,295,McBurnie,HUL,FWD,,0,,,,,,,,,Insufficient data,,only 0 finished-gameweek snapshot(s) recorded; need at least 3.
2026-08-25,1,296,Akintola,HUL,MID,,0,,,,,,,,,Insufficient data,,only 0 finished-gameweek snapshot(s) recorded; need at least 3.
2026-08-25,1,297,Gyabi,HUL,MID,0.0,0,,,,,,,,,Insufficient data,,only 0 finished-gameweek snapshot(s) recorded; need at least 3.
2026-08-25,1,298,Destan,HUL,FWD,0.0,0,,,,,,,,,Insufficient data,,only 0 finished-gameweek snapshot(s) recorded; need at least 3.
2026-08-25,1,299,Burstow,HUL,FWD,0.0,0,,,,,,,,,Insufficient data,,only 0 finished-gameweek snapshot(s) recorded; need at least 3.
2026-08-25,1,300,Walton,IPS,GKP,,0,,,,,,,,,Insufficient data,,only 0 finished-gameweek snapshot(s) recorded; need at least 3.
2026-08-25,1,301,Palmer,IPS,GKP,,0,,,,,,,,,Insufficient data,,only 0 finished-gameweek snapshot(s) recorded; need at least 3.
2026-08-25,1,302,Button,IPS,GKP,,0,,,,,,,,,Insufficient data,,only 0 finished-gameweek snapshot(s) recorded; need at least 3.
2026-08-25,1,303,Kipré,IPS,DEF,,0,,,,,,,,,Insufficient data,,only 0 finished-gameweek snapshot(s) recorded; need at least 3.
2026-08-25,1,304,O'Shea,IPS,DEF,,0,,,,,,,,,Insufficient data,,only 0 finished-gameweek snapshot(s) recorded; need at least 3.
2026-08-25,1,305,Davis,IPS,DEF,,0,,,,,,,,,Insufficient data,,only 0 finished-gameweek snapshot(s) recorded; need at least 3.
2026-08-25,1,306,Greaves,IPS,DEF,,0,,,,,,,,,Insufficient data,,only 0 finished-gameweek snapshot(s) recorded; need at least 3.
2026-08-25,1,307,Johnson,IPS,DEF,,0,,,,,,,,,Insufficient data,,only 0 finished-gameweek snapshot(s) recorded; need at least 3.
2026-08-25,1,308,Furlong,IPS,DEF,,0,,,,,,,,,Insufficient data,,only 0 finished-gameweek snapshot(s) recorded; need at least 3.
2026-08-25,1,309,Núñez,IPS,MID,,0,,,,,,,,,Insufficient data,,only 0 finished-gameweek snapshot(s) recorded; need at least 3.
2026-08-25,1,310,Matusiwa,IPS,MID,0.0,0,,,,,,,,,Insufficient data,,only 0 finished-gameweek snapshot(s) recorded; need at least 3.
2026-08-25,1,311,Burns,IPS,MID,0.0,0,,,,,,,,,Insufficient data,,only 0 finished-gameweek snapshot(s) recorded; need at least 3.
2026-08-25,1,312,Taylor,IPS,MID,0.0,0,,,,,,,,,Insufficient data,,only 0 finished-gameweek snapshot(s) recorded; need at least 3.
2026-08-25,1,313,Clarke,IPS,MID,,0,,,,,,,,,Insufficient data,,only 0 finished-gameweek snapshot(s) recorded; need at least 3.
2026-08-25,1,314,Ogbene,IPS,MID,,0,,,,,,,,,Insufficient data,,only 0 finished-gameweek snapshot(s) recorded; need at least 3.
2026-08-25,1,315,Fatawu,IPS,MID,,0,,,,,,,,,Insufficient data,,only 0 finished-gameweek snapshot(s) recorded; need at least 3.
2026-08-25,1,316,Emersonn,IPS,FWD,,0,,,,,,,,,Insufficient data,,only 0 finished-gameweek snapshot(s) recorded; need at least 3.
2026-08-25,1,317,Hirst,IPS,FWD,0.0,0,,,,,,,,,Insufficient data,,only 0 finished-gameweek snapshot(s) recorded; need at least 3.
2026-08-25,1,318,Philogene,IPS,MID,,0,,,,,,,,,Insufficient data,,only 0 finished-gameweek snapshot(s) recorded; need at least 3.
2026-08-25,1,319,Szmodics,IPS,MID,0.0,0,,,,,,,,,Insufficient data,,only 0 finished-gameweek snapshot(s) recorded; need at least 3.
2026-08-25,1,320,Akpom,IPS,FWD,,0,,,,,,,,,Insufficient data,,only 0 finished-gameweek snapshot(s) recorded; need at least 3.
2026-08-25,1,321,Walle Egeli,IPS,FWD,,0,,,,,,,,,Insufficient data,,only 0 finished-gameweek snapshot(s) recorded; need at least 3.
2026-08-25,1,322,Al-Hamadi,IPS,FWD,,0,,,,,,,,,Insufficient data,,only 0 finished-gameweek snapshot(s) recorded; need at least 3.
2026-08-25,1,323,McAteer,IPS,MID,,0,,,,,,,,,Insufficient data,,only 0 finished-gameweek snapshot(s) recorded; need at least 3.
2026-08-25,1,324,Mehmeti,IPS,MID,,0,,,,,,,,,Insufficient data,,only 0 finished-gameweek snapshot(s) recorded; need at least 3.
2026-08-25,1,325,Darlow,MUN,GKP,100.0,0,,,,,,,,,Insufficient data,,only 0 finished-gameweek snapshot(s) recorded; need at least 3.
2026-08-25,1,326,Perri,LEE,GKP,,0,,,,,,,,,Insufficient data,,only 0 finished-gameweek snapshot(s) recorded; need at least 3.
2026-08-25,1,327,Bijol,LEE,DEF,,0,,,,,,,,,Insufficient data,,only 0 finished-gameweek snapshot(s) recorded; need at least 3.
2026-08-25,1,328,Struijk,BHA,DEF,100.0,0,,,,,,,,,Insufficient data,,only 0 finished-gameweek snapshot(s) recorded; need at least 3.
2026-08-25,1,329,Rodon,LEE,DEF,,0,,,,,,,,,Insufficient data,,only 0 finished-gameweek snapshot(s) recorded; need at least 3.
2026-08-25,1,330,Bogle,LEE,DEF,,0,,,,,,,,,Insufficient data,,only 0 finished-gameweek snapshot(s) recorded; need at least 3.
2026-08-25,1,331,Gudmundsson,LEE,DEF,0.0,0,,,,,,,,,Insufficient data,,only 0 finished-gameweek snapshot(s) recorded; need at least 3.
2026-08-25,1,332,Justin,LEE,DEF,,0,,,,,,,,,Insufficient data,,only 0 finished-gameweek snapshot(s) recorded; need at least 3.
2026-08-25,1,333,Bornauw,LEE,DEF,0.0,0,,,,,,,,,Insufficient data,,only 0 finished-gameweek snapshot(s) recorded; need at least 3.
2026-08-25,1,334,Muharemović,LEE,DEF,,0,,,,,,,,,Insufficient data,,only 0 finished-gameweek snapshot(s) recorded; need at least 3.
2026-08-25,1,335,Stach,LEE,MID,,0,,,,,,,,,Insufficient data,,only 0 finished-gameweek snapshot(s) recorded; need at least 3.
2026-08-25,1,336,Okafor,LEE,MID,,0,,,,,,,,,Insufficient data,,only 0 finished-gameweek snapshot(s) recorded; need at least 3.
2026-08-25,1,337,Aaronson,LEE,MID,,0,,,,,,,,,Insufficient data,,only 0 finished-gameweek snapshot(s) recorded; need at least 3.
2026-08-25,1,338,Ampadu,LEE,MID,,0,,,,,,,,,Insufficient data,,only 0 finished-gameweek snapshot(s) recorded; need at least 3.
2026-08-25,1,339,Longstaff,LEE,MID,,0,,,,,,,,,Insufficient data,,only 0 finished-gameweek snapshot(s) recorded; need at least 3.
2026-08-25,1,340,Gelhardt,HUL,MID,0.0,0,,,,,,,,,Insufficient data,,only 0 finished-gameweek snapshot(s) recorded; need at least 3.
2026-08-25,1,341,Gnonto,LEE,MID,0.0,0,,,,,,,,,Insufficient data,,only 0 finished-gameweek snapshot(s) recorded; need at least 3.
2026-08-25,1,342,Harrison,LEE,MID,0.0,0,,,,,,,,,Insufficient data,,only 0 finished-gameweek snapshot(s) recorded; need at least 3.
2026-08-25,1,343,James,LEE,MID,,0,,,,,,,,,Insufficient data,,only 0 finished-gameweek snapshot(s) recorded; need at least 3.
2026-08-25,1,344,Gruev,LEE,MID,0.0,0,,,,,,,,,Insufficient data,,only 0 finished-gameweek snapshot(s) recorded; need at least 3.
2026-08-25,1,345,Tanaka,LEE,MID,,0,,,,,,,,,Insufficient data,,only 0 finished-gameweek snapshot(s) recorded; need at least 3.
2026-08-25,1,346,Calvert-Lewin,LEE,FWD,,0,,,,,,,,,Insufficient data,,only 0 finished-gameweek snapshot(s) recorded; need at least 3.
2026-08-25,1,347,Nmecha,LEE,FWD,,0,,,,,,,,,Insufficient data,,only 0 finished-gameweek snapshot(s) recorded; need at least 3.
2026-08-25,1,348,Piroe,LEE,FWD,0.0,0,,,,,,,,,Insufficient data,,only 0 finished-gameweek snapshot(s) recorded; need at least 3.
2026-08-25,1,349,Mateo Joseph,LEE,FWD,0.0,0,,,,,,,,,Insufficient data,,only 0 finished-gameweek snapshot(s) recorded; need at least 3.
2026-08-25,1,350,A.Becker,LIV,GKP,,0,,,,,,,,,Insufficient data,,only 0 finished-gameweek snapshot(s) recorded; need at least 3.
2026-08-25,1,351,Mamardashvili,LIV,GKP,,0,,,,,,,,,Insufficient data,,only 0 finished-gameweek snapshot(s) recorded; need at least 3.
2026-08-25,1,352,Woodman,LIV,GKP,,0,,,,,,,,,Insufficient data,,only 0 finished-gameweek snapshot(s) recorded; need at least 3.
2026-08-25,1,353,Pecsi,LIV,GKP,0.0,0,,,,,,,,,Insufficient data,,only 0 finished-gameweek snapshot(s) recorded; need at least 3.
2026-08-25,1,354,Jaros,LIV,GKP,0.0,0,,,,,,,,,Insufficient data,,only 0 finished-gameweek snapshot(s) recorded; need at least 3.
2026-08-25,1,355,Davies,LIV,GKP,,0,,,,,,,,,Insufficient data,,only 0 finished-gameweek snapshot(s) recorded; need at least 3.
2026-08-25,1,356,Virgil,LIV,DEF,,0,,,,,,,,,Insufficient data,,only 0 finished-gameweek snapshot(s) recorded; need at least 3.
2026-08-25,1,357,Frimpong,LIV,DEF,,0,,,,,,,,,Insufficient data,,only 0 finished-gameweek snapshot(s) recorded; need at least 3.
2026-08-25,1,358,Kerkez,LIV,DEF,,0,,,,,,,,,Insufficient data,,only 0 finished-gameweek snapshot(s) recorded; need at least 3.
2026-08-25,1,359,Gomez,LIV,DEF,0.0,0,,,,,,,,,Insufficient data,,only 0 finished-gameweek snapshot(s) recorded; need at least 3.
2026-08-25,1,360,Bradley,LIV,DEF,0.0,0,,,,,,,,,Insufficient data,,only 0 finished-gameweek snapshot(s) recorded; need at least 3.
2026-08-25,1,361,Lucky,LIV,DEF,,0,,,,,,,,,Insufficient data,,only 0 finished-gameweek snapshot(s) recorded; need at least 3.
2026-08-25,1,362,Jacquet,LIV,DEF,100.0,0,,,,,,,,,Insufficient data,,only 0 finished-gameweek snapshot(s) recorded; need at least 3.
2026-08-25,1,363,Leoni,LIV,DEF,0.0,0,,,,,,,,,Insufficient data,,only 0 finished-gameweek snapshot(s) recorded; need at least 3.
2026-08-25,1,364,Tsimikas,LIV,DEF,,0,,,,,,,,,Insufficient data,,only 0 finished-gameweek snapshot(s) recorded; need at least 3.
2026-08-25,1,365,Ramsay,LIV,DEF,,0,,,,,,,,,Insufficient data,,only 0 finished-gameweek snapshot(s) recorded; need at least 3.
2026-08-25,1,366,Wirtz,LIV,MID,,0,,,,,,,,,Insufficient data,,only 0 finished-gameweek snapshot(s) recorded; need at least 3.
2026-08-25,1,367,Gakpo,LIV,MID,,0,,,,,,,,,Insufficient data,,only 0 finished-gameweek snapshot(s) recorded; need at least 3.
2026-08-25,1,368,Szoboszlai,LIV,MID,,0,,,,,,,,,Insufficient data,,only 0 finished-gameweek snapshot(s) recorded; need at least 3.
2026-08-25,1,369,Ngumoha,LIV,MID,,0,,,,,,,,,Insufficient data,,only 0 finished-gameweek snapshot(s) recorded; need at least 3.
2026-08-25,1,370,Chiesa,LIV,MID,,0,,,,,,,,,Insufficient data,,only 0 finished-gameweek snapshot(s) recorded; need at least 3.
2026-08-25,1,371,Gravenberch,LIV,MID,,0,,,,,,,,,Insufficient data,,only 0 finished-gameweek snapshot(s) recorded; need at least 3.
2026-08-25,1,372,Mac Allister,LIV,MID,,0,,,,,,,,,Insufficient data,,only 0 finished-gameweek snapshot(s) recorded; need at least 3.
2026-08-25,1,373,C.Jones,LIV,MID,75.0,0,,,,,,,,,Insufficient data,,only 0 finished-gameweek snapshot(s) recorded; need at least 3.
2026-08-25,1,374,Endo,LIV,MID,100.0,0,,,,,,,,,Insufficient data,,only 0 finished-gameweek snapshot(s) recorded; need at least 3.
2026-08-25,1,375,Nyoni,LIV,MID,,0,,,,,,,,,Insufficient data,,only 0 finished-gameweek snapshot(s) recorded; need at least 3.
2026-08-25,1,376,Bajcetic,LIV,MID,0.0,0,,,,,,,,,Insufficient data,,only 0 finished-gameweek snapshot(s) recorded; need at least 3.
2026-08-25,1,377,Munoz,LIV,MID,,0,,,,,,,,,Insufficient data,,only 0 finished-gameweek snapshot(s) recorded; need at least 3.
2026-08-25,1,378,McConnell,LIV,MID,,0,,,,,,,,,Insufficient data,,only 0 finished-gameweek snapshot(s) recorded; need at least 3.
2026-08-25,1,379,Isak,LIV,FWD,,0,,,,,,,,,Insufficient data,,only 0 finished-gameweek snapshot(s) recorded; need at least 3.
2026-08-25,1,380,Ekitiké,LIV,FWD,0.0,0,,,,,,,,,Insufficient data,,only 0 finished-gameweek snapshot(s) recorded; need at least 3.
2026-08-25,1,381,Koumas,LIV,MID,,0,,,,,,,,,Insufficient data,,only 0 finished-gameweek snapshot(s) recorded; need at least 3.
2026-08-25,1,382,Danns,LIV,FWD,0.0,0,,,,,,,,,Insufficient data,,only 0 finished-gameweek snapshot(s) recorded; need at least 3.
2026-08-25,1,383,Elliott,LIV,MID,,0,,,,,,,,,Insufficient data,,only 0 finished-gameweek snapshot(s) recorded; need at least 3.
2026-08-25,1,384,Donnarumma,MCI,GKP,,0,,,,,,,,,Insufficient data,,only 0 finished-gameweek snapshot(s) recorded; need at least 3.
2026-08-25,1,385,Trafford,LEE,GKP,,0,,,,,,,,,Insufficient data,,only 0 finished-gameweek snapshot(s) recorded; need at least 3.
2026-08-25,1,386,Bettinelli,MCI,GKP,,0,,,,,,,,,Insufficient data,,only 0 finished-gameweek snapshot(s) recorded; need at least 3.
2026-08-25,1,387,O'Reilly,MCI,DEF,,0,,,,,,,,,Insufficient data,,only 0 finished-gameweek snapshot(s) recorded; need at least 3.
2026-08-25,1,388,Guéhi,MCI,DEF,,0,,,,,,,,,Insufficient data,,only 0 finished-gameweek snapshot(s) recorded; need at least 3.
2026-08-25,1,389,Matheus N.,MCI,DEF,100.0,0,,,,,,,,,Insufficient data,,only 0 finished-gameweek snapshot(s) recorded; need at least 3.
2026-08-25,1,390,Rúben,MCI,DEF,,0,,,,,,,,,Insufficient data,,only 0 finished-gameweek snapshot(s) recorded; need at least 3.
2026-08-25,1,391,Gvardiol,MCI,DEF,,0,,,,,,,,,Insufficient data,,only 0 finished-gameweek snapshot(s) recorded; need at least 3.
2026-08-25,1,392,Aït-Nouri,MCI,DEF,,0,,,,,,,,,Insufficient data,,only 0 finished-gameweek snapshot(s) recorded; need at least 3.
2026-08-25,1,393,Khusanov,MCI,DEF,,0,,,,,,,,,Insufficient data,,only 0 finished-gameweek snapshot(s) recorded; need at least 3.
2026-08-25,1,394,Alleyne,MCI,DEF,0.0,0,,,,,,,,,Insufficient data,,only 0 finished-gameweek snapshot(s) recorded; need at least 3.
2026-08-25,1,395,Lewis,MCI,DEF,,0,,,,,,,,,Insufficient data,,only 0 finished-gameweek snapshot(s) recorded; need at least 3.
2026-08-25,1,396,Vitor Reis,MCI,DEF,,0,,,,,,,,,Insufficient data,,only 0 finished-gameweek snapshot(s) recorded; need at least 3.
2026-08-25,1,397,Semenyo,MCI,MID,,0,,,,,,,,,Insufficient data,,only 0 finished-gameweek snapshot(s) recorded; need at least 3.
2026-08-25,1,398,Foden,MCI,MID,,0,,,,,,,,,Insufficient data,,only 0 finished-gameweek snapshot(s) recorded; need at least 3.
2026-08-25,1,399,Cherki,MCI,MID,,0,,,,,,,,,Insufficient data,,only 0 finished-gameweek snapshot(s) recorded; need at least 3.
2026-08-25,1,400,Doku,MCI,MID,0.0,0,,,,,,,,,Insufficient data,,only 0 finished-gameweek snapshot(s) recorded; need at least 3.
2026-08-25,1,401,Marmoush,MCI,FWD,,0,,,,,,,,,Insufficient data,,only 0 finished-gameweek snapshot(s) recorded; need at least 3.
2026-08-25,1,402,Rodrigo,MCI,MID,0.0,0,,,,,,,,,Insufficient data,,only 0 finished-gameweek snapshot(s) recorded; need at least 3.
2026-08-25,1,403,Savinho,MCI,MID,,0,,,,,,,,,Insufficient data,,only 0 finished-gameweek snapshot(s) recorded; need at least 3.
2026-08-25,1,404,Reijnders,MCI,MID,0.0,0,,,,,,,,,Insufficient data,,only 0 finished-gameweek snapshot(s) recorded; need at least 3.
2026-08-25,1,405,N.Gonzalez,MCI,MID,,0,,,,,,,,,Insufficient data,,only 0 finished-gameweek snapshot(s) recorded; need at least 3.
2026-08-25,1,406,Kovačić,MCI,MID,,0,,,,,,,,,Insufficient data,,only 0 finished-gameweek snapshot(s) recorded; need at least 3.
2026-08-25,1,407,Echeverri,MCI,MID,,0,,,,,,,,,Insufficient data,,only 0 finished-gameweek snapshot(s) recorded; need at least 3.
2026-08-25,1,408,Phillips,MCI,MID,0.0,0,,,,,,,,,Insufficient data,,only 0 finished-gameweek snapshot(s) recorded; need at least 3.
2026-08-25,1,409,Mukasa,MCI,MID,,0,,,,,,,,,Insufficient data,,only 0 finished-gameweek snapshot(s) recorded; need at least 3.
2026-08-25,1,410,Monga,MCI,MID,,0,,,,,,,,,Insufficient data,,only 0 finished-gameweek snapshot(s) recorded; need at least 3.
2026-08-25,1,411,Haaland,MCI,FWD,,0,,,,,,,,,Insufficient data,,only 0 finished-gameweek snapshot(s) recorded; need at least 3.
2026-08-25,1,412,Lammens,MUN,GKP,,0,,,,,,,,,Insufficient data,,only 0 finished-gameweek snapshot(s) recorded; need at least 3.
2026-08-25,1,413,Bayindir,MUN,GKP,0.0,0,,,,,,,,,Insufficient data,,only 0 finished-gameweek snapshot(s) recorded; need at least 3.
2026-08-25,1,414,Heaton,MUN,GKP,0.0,0,,,,,,,,,Insufficient data,,only 0 finished-gameweek snapshot(s) recorded; need at least 3.
2026-08-25,1,415,Dorgu,MUN,MID,,0,,,,,,,,,Insufficient data,,only 0 finished-gameweek snapshot(s) recorded; need at least 3.
2026-08-25,1,416,De Ligt,MUN,DEF,0.0,0,,,,,,,,,Insufficient data,,only 0 finished-gameweek snapshot(s) recorded; need at least 3.
2026-08-25,1,417,Dalot,MUN,DEF,,0,,,,,,,,,Insufficient data,,only 0 finished-gameweek snapshot(s) recorded; need at least 3.
2026-08-25,1,418,Maguire,MUN,DEF,,0,,,,,,,,,Insufficient data,,only 0 finished-gameweek snapshot(s) recorded; need at least 3.
2026-08-25,1,419,Martinez,MUN,DEF,100.0,0,,,,,,,,,Insufficient data,,only 0 finished-gameweek snapshot(s) recorded; need at least 3.
2026-08-25,1,420,Yoro,MUN,DEF,,0,,,,,,,,,Insufficient data,,only 0 finished-gameweek snapshot(s) recorded; need at least 3.
2026-08-25,1,421,Heaven,MUN,DEF,,0,,,,,,,,,Insufficient data,,only 0 finished-gameweek snapshot(s) recorded; need at least 3.
2026-08-25,1,422,Mazraoui,MUN,DEF,,0,,,,,,,,,Insufficient data,,only 0 finished-gameweek snapshot(s) recorded; need at least 3.
2026-08-25,1,423,Shaw,MUN,DEF,,0,,,,,,,,,Insufficient data,,only 0 finished-gameweek snapshot(s) recorded; need at least 3.
2026-08-25,1,424,Amass,MUN,DEF,,0,,,,,,,,,Insufficient data,,only 0 finished-gameweek snapshot(s) recorded; need at least 3.
2026-08-25,1,425,Fredricson,MUN,DEF,0.0,0,,,,,,,,,Insufficient data,,only 0 finished-gameweek snapshot(s) recorded; need at least 3.
2026-08-25,1,426,B.Fernandes,MUN,MID,,0,,,,,,,,,Insufficient data,,only 0 finished-gameweek snapshot(s) recorded; need at least 3.
2026-08-25,1,427,Mbeumo,MUN,MID,,0,,,,,,,,,Insufficient data,,only 0 finished-gameweek snapshot(s) recorded; need at least 3.
2026-08-25,1,428,Cunha,MUN,MID,,0,,,,,,,,,Insufficient data,,only 0 finished-gameweek snapshot(s) recorded; need at least 3.
2026-08-25,1,429,Rashford,MUN,MID,,0,,,,,,,,,Insufficient data,,only 0 finished-gameweek snapshot(s) recorded; need at least 3.
2026-08-25,1,430,Mount,MUN,MID,75.0,0,,,,,,,,,Insufficient data,,only 0 finished-gameweek snapshot(s) recorded; need at least 3.
2026-08-25,1,431,Amad,MUN,MID,75.0,0,,,,,,,,,Insufficient data,,only 0 finished-gameweek snapshot(s) recorded; need at least 3.
2026-08-25,1,432,Mainoo,MUN,MID,,0,,,,,,,,,Insufficient data,,only 0 finished-gameweek snapshot(s) recorded; need at least 3.
2026-08-25,1,433,Ugarte,MUN,MID,0.0,0,,,,,,,,,Insufficient data,,only 0 finished-gameweek snapshot(s) recorded; need at least 3.
2026-08-25,1,434,J.Fletcher,MUN,MID,,0,,,,,,,,,Insufficient data,,only 0 finished-gameweek snapshot(s) recorded; need at least 3.
2026-08-25,1,435,Lacey,MUN,MID,,0,,,,,,,,,Insufficient data,,only 0 finished-gameweek snapshot(s) recorded; need at least 3.
2026-08-25,1,436,Collyer,MUN,MID,,0,,,,,,,,,Insufficient data,,only 0 finished-gameweek snapshot(s) recorded; need at least 3.
2026-08-25,1,437,Bendito Mantato,MUN,MID,,0,,,,,,,,,Insufficient data,,only 0 finished-gameweek snapshot(s) recorded; need at least 3.
2026-08-25,1,438,Fletcher,MUN,MID,,0,,,,,,,,,Insufficient data,,only 0 finished-gameweek snapshot(s) recorded; need at least 3.
2026-08-25,1,439,Šeško,MUN,FWD,100.0,0,,,,,,,,,Insufficient data,,only 0 finished-gameweek snapshot(s) recorded; need at least 3.
2026-08-25,1,440,Zirkzee,MUN,FWD,,0,,,,,,,,,Insufficient data,,only 0 finished-gameweek snapshot(s) recorded; need at least 3.
2026-08-25,1,441,Obi,MUN,FWD,,0,,,,,,,,,Insufficient data,,only 0 finished-gameweek snapshot(s) recorded; need at least 3.
2026-08-25,1,442,Pope,NEW,GKP,,0,,,,,,,,,Insufficient data,,only 0 finished-gameweek snapshot(s) recorded; need at least 3.
2026-08-25,1,443,Gillespie,NEW,GKP,,0,,,,,,,,,Insufficient data,,only 0 finished-gameweek snapshot(s) recorded; need at least 3.
2026-08-25,1,444,Jaouen,NEW,GKP,,0,,,,,,,,,Insufficient data,,only 0 finished-gameweek snapshot(s) recorded; need at least 3.
2026-08-25,1,445,Thiaw,NEW,DEF,,0,,,,,,,,,Insufficient data,,only 0 finished-gameweek snapshot(s) recorded; need at least 3.
2026-08-25,1,446,Schär,NEW,DEF,100.0,0,,,,,,,,,Insufficient data,,only 0 finished-gameweek snapshot(s) recorded; need at least 3.
2026-08-25,1,447,Botman,NEW,DEF,,0,,,,,,,,,Insufficient data,,only 0 finished-gameweek snapshot(s) recorded; need at least 3.
2026-08-25,1,448,Burn,NEW,DEF,0.0,0,,,,,,,,,Insufficient data,,only 0 finished-gameweek snapshot(s) recorded; need at least 3.
2026-08-25,1,449,Hall,NEW,DEF,,0,,,,,,,,,Insufficient data,,only 0 finished-gameweek snapshot(s) recorded; need at least 3.
2026-08-25,1,450,Livramento,NEW,DEF,0.0,0,,,,,,,,,Insufficient data,,only 0 finished-gameweek snapshot(s) recorded; need at least 3.
2026-08-25,1,451,A.Murphy,NEW,DEF,0.0,0,,,,,,,,,Insufficient data,,only 0 finished-gameweek snapshot(s) recorded; need at least 3.
2026-08-25,1,452,Bruno G.,ARS,MID,75.0,0,,,,,,,,,Insufficient data,,only 0 finished-gameweek snapshot(s) recorded; need at least 3.
2026-08-25,1,453,Barnes,NEW,MID,,0,,,,,,,,,Insufficient data,,only 0 finished-gameweek snapshot(s) recorded; need at least 3.
2026-08-25,1,454,Elanga,NEW,MID,,0,,,,,,,,,Insufficient data,,only 0 finished-gameweek snapshot(s) recorded; need at least 3.
2026-08-25,1,455,Tonali,TOT,MID,,0,,,,,,,,,Insufficient data,,only 0 finished-gameweek snapshot(s) recorded; need at least 3.
2026-08-25,1,456,J.Ramsey,NEW,MID,,0,,,,,,,,,Insufficient data,,only 0 finished-gameweek snapshot(s) recorded; need at least 3.
2026-08-25,1,457,J.Murphy,NEW,MID,,0,,,,,,,,,Insufficient data,,only 0 finished-gameweek snapshot(s) recorded; need at least 3.
2026-08-25,1,458,Joelinton,NEW,MID,0.0,0,,,,,,,,,Insufficient data,,only 0 finished-gameweek snapshot(s) recorded; need at least 3.
2026-08-25,1,459,L.Miley,NEW,MID,100.0,0,,,,,,,,,Insufficient data,,only 0 finished-gameweek snapshot(s) recorded; need at least 3.
2026-08-25,1,460,Willock,NEW,MID,,0,,,,,,,,,Insufficient data,,only 0 finished-gameweek snapshot(s) recorded; need at least 3.
2026-08-25,1,461,Touré,NEW,MID,,0,,,,,,,,,Insufficient data,,only 0 finished-gameweek snapshot(s) recorded; need at least 3.
2026-08-25,1,462,Steur,NEW,MID,,0,,,,,,,,,Insufficient data,,only 0 finished-gameweek snapshot(s) recorded; need at least 3.
2026-08-25,1,463,Woltemade,NEW,FWD,,0,,,,,,,,,Insufficient data,,only 0 finished-gameweek snapshot(s) recorded; need at least 3.
2026-08-25,1,464,Wissa,NEW,FWD,,0,,,,,,,,,Insufficient data,,only 0 finished-gameweek snapshot(s) recorded; need at least 3.
2026-08-25,1,465,Osula,NEW,FWD,,0,,,,,,,,,Insufficient data,,only 0 finished-gameweek snapshot(s) recorded; need at least 3.
2026-08-25,1,466,Neave,NEW,FWD,,0,,,,,,,,,Insufficient data,,only 0 finished-gameweek snapshot(s) recorded; need at least 3.
2026-08-25,1,467,Sels,NFO,GKP,,0,,,,,,,,,Insufficient data,,only 0 finished-gameweek snapshot(s) recorded; need at least 3.
2026-08-25,1,468,John,NFO,GKP,,0,,,,,,,,,Insufficient data,,only 0 finished-gameweek snapshot(s) recorded; need at least 3.
2026-08-25,1,469,N.Williams,NFO,DEF,,0,,,,,,,,,Insufficient data,,only 0 finished-gameweek snapshot(s) recorded; need at least 3.
2026-08-25,1,470,Morato,NFO,DEF,,0,,,,,,,,,Insufficient data,,only 0 finished-gameweek snapshot(s) recorded; need at least 3.
2026-08-25,1,471,Milenković,NFO,DEF,,0,,,,,,,,,Insufficient data,,only 0 finished-gameweek snapshot(s) recorded; need at least 3.
2026-08-25,1,472,Murillo,NFO,DEF,100.0,0,,,,,,,,,Insufficient data,,only 0 finished-gameweek snapshot(s) recorded; need at least 3.
2026-08-25,1,473,Aina,NFO,DEF,,0,,,,,,,,,Insufficient data,,only 0 finished-gameweek snapshot(s) recorded; need at least 3.
2026-08-25,1,474,Jair Cunha,NFO,DEF,,0,,,,,,,,,Insufficient data,,only 0 finished-gameweek snapshot(s) recorded; need at least 3.
2026-08-25,1,475,Savona,NFO,DEF,0.0,0,,,,,,,,,Insufficient data,,only 0 finished-gameweek snapshot(s) recorded; need at least 3.
2026-08-25,1,476,O.Richards,NFO,DEF,,0,,,,,,,,,Insufficient data,,only 0 finished-gameweek snapshot(s) recorded; need at least 3.
2026-08-25,1,477,Abbott,NFO,DEF,,0,,,,,,,,,Insufficient data,,only 0 finished-gameweek snapshot(s) recorded; need at least 3.
2026-08-25,1,478,Netz,NFO,DEF,,0,,,,,,,,,Insufficient data,,only 0 finished-gameweek snapshot(s) recorded; need at least 3.
2026-08-25,1,479,Bindon,NFO,DEF,,0,,,,,,,,,Insufficient data,,only 0 finished-gameweek snapshot(s) recorded; need at least 3.
2026-08-25,1,480,Gibbs-White,NFO,MID,75.0,0,,,,,,,,,Insufficient data,,only 0 finished-gameweek snapshot(s) recorded; need at least 3.
2026-08-25,1,481,Anderson,MCI,MID,75.0,0,,,,,,,,,Insufficient data,,only 0 finished-gameweek snapshot(s) recorded; need at least 3.
2026-08-25,1,482,Hudson-Odoi,NFO,MID,100.0,0,,,,,,,,,Insufficient data,,only 0 finished-gameweek snapshot(s) recorded; need at least 3.
2026-08-25,1,483,Ndoye,NFO,MID,,0,,,,,,,,,Insufficient data,,only 0 finished-gameweek snapshot(s) recorded; need at least 3.
2026-08-25,1,484,Hutchinson,NFO,MID,,0,,,,,,,,,Insufficient data,,only 0 finished-gameweek snapshot(s) recorded; need at least 3.
2026-08-25,1,485,Bakwa,NFO,MID,,0,,,,,,,,,Insufficient data,,only 0 finished-gameweek snapshot(s) recorded; need at least 3.
2026-08-25,1,486,McAtee,NFO,MID,,0,,,,,,,,,Insufficient data,,only 0 finished-gameweek snapshot(s) recorded; need at least 3.
2026-08-25,1,487,Dominguez,NFO,MID,,0,,,,,,,,,Insufficient data,,only 0 finished-gameweek snapshot(s) recorded; need at least 3.
2026-08-25,1,488,I.Sangaré,NFO,MID,,0,,,,,,,,,Insufficient data,,only 0 finished-gameweek snapshot(s) recorded; need at least 3.
2026-08-25,1,489,Yates,NFO,MID,0.0,0,,,,,,,,,Insufficient data,,only 0 finished-gameweek snapshot(s) recorded; need at least 3.
2026-08-25,1,490,Wood,NFO,FWD,,0,,,,,,,,,Insufficient data,,only 0 finished-gameweek snapshot(s) recorded; need at least 3.
2026-08-25,1,491,Igor Jesus,NFO,FWD,,0,,,,,,,,,Insufficient data,,only 0 finished-gameweek snapshot(s) recorded; need at least 3.
2026-08-25,1,492,Awoniyi,COV,FWD,,0,,,,,,,,,Insufficient data,,only 0 finished-gameweek snapshot(s) recorded; need at least 3.
2026-08-25,1,493,Kalimuendo,NFO,FWD,,0,,,,,,,,,Insufficient data,,only 0 finished-gameweek snapshot(s) recorded; need at least 3.
2026-08-25,1,494,Vicario,TOT,GKP,0.0,0,,,,,,,,,Insufficient data,,only 0 finished-gameweek snapshot(s) recorded; need at least 3.
2026-08-25,1,495,Austin,TOT,GKP,,0,,,,,,,,,Insufficient data,,only 0 finished-gameweek snapshot(s) recorded; need at least 3.
2026-08-25,1,496,Kinsky,TOT,GKP,,0,,,,,,,,,Insufficient data,,only 0 finished-gameweek snapshot(s) recorded; need at least 3.
2026-08-25,1,497,Dubravka,TOT,GKP,,0,,,,,,,,,Insufficient data,,only 0 finished-gameweek snapshot(s) recorded; need at least 3.
2026-08-25,1,498,Senesi,TOT,DEF,,0,,,,,,,,,Insufficient data,,only 0 finished-gameweek snapshot(s) recorded; need at least 3.
2026-08-25,1,499,Pedro Porro,TOT,DEF,75.0,0,,,,,,,,,Insufficient data,,only 0 finished-gameweek snapshot(s) recorded; need at least 3.
2026-08-25,1,500,Romero,TOT,DEF,0.0,0,,,,,,,,,Insufficient data,,only 0 finished-gameweek snapshot(s) recorded; need at least 3.
2026-08-25,1,501,Danso,TOT,DEF,,0,,,,,,,,,Insufficient data,,only 0 finished-gameweek snapshot(s) recorded; need at least 3.
2026-08-25,1,502,Robertson,TOT,DEF,,0,,,,,,,,,Insufficient data,,only 0 finished-gameweek snapshot(s) recorded; need at least 3.
2026-08-25,1,503,Van de Ven,TOT,DEF,50.0,0,,,,,,,,,Insufficient data,,only 0 finished-gameweek snapshot(s) recorded; need at least 3.
2026-08-25,1,504,Vuskovic,BHA,DEF,,0,,,,,,,,,Insufficient data,,only 0 finished-gameweek snapshot(s) recorded; need at least 3.
2026-08-25,1,505,Spence,TOT,DEF,0.0,0,,,,,,,,,Insufficient data,,only 0 finished-gameweek snapshot(s) recorded; need at least 3.
2026-08-25,1,506,Udogie,TOT,DEF,,0,,,,,,,,,Insufficient data,,only 0 finished-gameweek snapshot(s) recorded; need at least 3.
2026-08-25,1,507,Phillips,TOT,DEF,0.0,0,,,,,,,,,Insufficient data,,only 0 finished-gameweek snapshot(s) recorded; need at least 3.
2026-08-25,1,508,Davies,TOT,DEF,,0,,,,,,,,,Insufficient data,,only 0 finished-gameweek snapshot(s) recorded; need at least 3.
2026-08-25,1,509,Byfield,TOT,DEF,,0,,,,,,,,,Insufficient data,,only 0 finished-gameweek snapshot(s) recorded; need at least 3.
2026-08-25,1,510,Rowswell,TOT,DEF,,0,,,,,,,,,Insufficient data,,only 0 finished-gameweek snapshot(s) recorded; need at least 3.
2026-08-25,1,511,Souza,TOT,DEF,,0,,,,,,,,,Insufficient data,,only 0 finished-gameweek snapshot(s) recorded; need at least 3.
2026-08-25,1,512,Kudus,TOT,MID,50.0,0,,,,,,,,,Insufficient data,,only 0 finished-gameweek snapshot(s) recorded; need at least 3.
2026-08-25,1,513,Xavi,TOT,MID,0.0,0,,,,,,,,,Insufficient data,,only 0 finished-gameweek snapshot(s) recorded; need at least 3.
2026-08-25,1,514,Tel,TOT,MID,,0,,,,,,,,,Insufficient data,,only 0 finished-gameweek snapshot(s) recorded; need at least 3.
2026-08-25,1,515,Maddison,TOT,MID,,0,,,,,,,,,Insufficient data,,only 0 finished-gameweek snapshot(s) recorded; need at least 3.
2026-08-25,1,516,Bentancur,TOT,MID,,0,,,,,,,,,Insufficient data,,only 0 finished-gameweek snapshot(s) recorded; need at least 3.
2026-08-25,1,517,Odobert,TOT,MID,0.0,0,,,,,,,,,Insufficient data,,only 0 finished-gameweek snapshot(s) recorded; need at least 3.
2026-08-25,1,518,P.M.Sarr,TOT,MID,0.0,0,,,,,,,,,Insufficient data,,only 0 finished-gameweek snapshot(s) recorded; need at least 3.
2026-08-25,1,519,Gallagher,TOT,MID,,0,,,,,,,,,Insufficient data,,only 0 finished-gameweek snapshot(s) recorded; need at least 3.
2026-08-25,1,520,Bergvall,TOT,MID,,0,,,,,,,,,Insufficient data,,only 0 finished-gameweek snapshot(s) recorded; need at least 3.
2026-08-25,1,521,Kulusevski,TOT,MID,0.0,0,,,,,,,,,Insufficient data,,only 0 finished-gameweek snapshot(s) recorded; need at least 3.
2026-08-25,1,522,Gray,TOT,MID,,0,,,,,,,,,Insufficient data,,only 0 finished-gameweek snapshot(s) recorded; need at least 3.
2026-08-25,1,523,Moore,TOT,MID,,0,,,,,,,,,Insufficient data,,only 0 finished-gameweek snapshot(s) recorded; need at least 3.
2026-08-25,1,524,Olusesi,TOT,MID,,0,,,,,,,,,Insufficient data,,only 0 finished-gameweek snapshot(s) recorded; need at least 3.
2026-08-25,1,525,Fernandes,TOT,MID,,0,,,,,,,,,Insufficient data,,only 0 finished-gameweek snapshot(s) recorded; need at least 3.
2026-08-25,1,526,Solanke,TOT,FWD,,0,,,,,,,,,Insufficient data,,only 0 finished-gameweek snapshot(s) recorded; need at least 3.
2026-08-25,1,527,Richarlison,TOT,FWD,,0,,,,,,,,,Insufficient data,,only 0 finished-gameweek snapshot(s) recorded; need at least 3.
2026-08-25,1,528,Scarlett,TOT,FWD,,0,,,,,,,,,Insufficient data,,only 0 finished-gameweek snapshot(s) recorded; need at least 3.
2026-08-25,1,529,Roefs,SUN,GKP,,0,,,,,,,,,Insufficient data,,only 0 finished-gameweek snapshot(s) recorded; need at least 3.
2026-08-25,1,530,Patterson,SUN,GKP,0.0,0,,,,,,,,,Insufficient data,,only 0 finished-gameweek snapshot(s) recorded; need at least 3.
2026-08-25,1,531,Ellborg,SUN,GKP,,0,,,,,,,,,Insufficient data,,only 0 finished-gameweek snapshot(s) recorded; need at least 3.
2026-08-25,1,532,Ballard,SUN,DEF,,0,,,,,,,,,Insufficient data,,only 0 finished-gameweek snapshot(s) recorded; need at least 3.
2026-08-25,1,533,Mukiele,SUN,DEF,100.0,0,,,,,,,,,Insufficient data,,only 0 finished-gameweek snapshot(s) recorded; need at least 3.
2026-08-25,1,534,Hume,SUN,DEF,,0,,,,,,,,,Insufficient data,,only 0 finished-gameweek snapshot(s) recorded; need at least 3.
2026-08-25,1,535,Alderete,SUN,DEF,100.0,0,,,,,,,,,Insufficient data,,only 0 finished-gameweek snapshot(s) recorded; need at least 3.
2026-08-25,1,536,Reinildo,SUN,DEF,,0,,,,,,,,,Insufficient data,,only 0 finished-gameweek snapshot(s) recorded; need at least 3.
2026-08-25,1,537,Seelt,SUN,DEF,,0,,,,,,,,,Insufficient data,,only 0 finished-gameweek snapshot(s) recorded; need at least 3.
2026-08-25,1,538,Hjelde,SUN,DEF,0.0,0,,,,,,,,,Insufficient data,,only 0 finished-gameweek snapshot(s) recorded; need at least 3.
2026-08-25,1,539,O'Nien,SUN,DEF,,0,,,,,,,,,Insufficient data,,only 0 finished-gameweek snapshot(s) recorded; need at least 3.
2026-08-25,1,540,Masuaku,SUN,DEF,0.0,0,,,,,,,,,Insufficient data,,only 0 finished-gameweek snapshot(s) recorded; need at least 3.
2026-08-25,1,541,Meunier,SUN,DEF,100.0,0,,,,,,,,,Insufficient data,,only 0 finished-gameweek snapshot(s) recorded; need at least 3.
2026-08-25,1,542,E.Le Fée,SUN,MID,,0,,,,,,,,,Insufficient data,,only 0 finished-gameweek snapshot(s) recorded; need at least 3.
2026-08-25,1,543,Diarra,SUN,MID,,0,,,,,,,,,Insufficient data,,only 0 finished-gameweek snapshot(s) recorded; need at least 3.
2026-08-25,1,544,Xhaka,SUN,MID,,0,,,,,,,,,Insufficient data,,only 0 finished-gameweek snapshot(s) recorded; need at least 3.
2026-08-25,1,545,Sadiki,SUN,MID,,0,,,,,,,,,Insufficient data,,only 0 finished-gameweek snapshot(s) recorded; need at least 3.
2026-08-25,1,546,Adingra,SUN,MID,0.0,0,,,,,,,,,Insufficient data,,only 0 finished-gameweek snapshot(s) recorded; need at least 3.
2026-08-25,1,547,Mundle,SUN,MID,,0,,,,,,,,,Insufficient data,,only 0 finished-gameweek snapshot(s) recorded; need at least 3.
2026-08-25,1,548,Rigg,SUN,MID,,0,,,,,,,,,Insufficient data,,only 0 finished-gameweek snapshot(s) recorded; need at least 3.
2026-08-25,1,549,Talbi,SUN,MID,,0,,,,,,,,,Insufficient data,,only 0 finished-gameweek snapshot(s) recorded; need at least 3.
2026-08-25,1,550,Jocelin.T,SUN,MID,,0,,,,,,,,,Insufficient data,,only 0 finished-gameweek snapshot(s) recorded; need at least 3.
2026-08-25,1,551,Angulo,SUN,MID,,0,,,,,,,,,Insufficient data,,only 0 finished-gameweek snapshot(s) recorded; need at least 3.
2026-08-25,1,552,Brobbey,SUN,FWD,,0,,,,,,,,,Insufficient data,,only 0 finished-gameweek snapshot(s) recorded; need at least 3.
2026-08-25,1,553,Isidor,SUN,FWD,,0,,,,,,,,,Insufficient data,,only 0 finished-gameweek snapshot(s) recorded; need at least 3.
2026-08-25,1,554,Van Oevelen,IPS,GKP,,0,,,,,,,,,Insufficient data,,only 0 finished-gameweek snapshot(s) recorded; need at least 3.
2026-08-25,1,555,Matthews,CRY,GKP,,0,,,,,,,,,Insufficient data,,only 0 finished-gameweek snapshot(s) recorded; need at least 3.
2026-08-25,1,556,Targett,HUL,DEF,,0,,,,,,,,,Insufficient data,,only 0 finished-gameweek snapshot(s) recorded; need at least 3.
2026-08-25,1,557,Tzolis,ARS,MID,,0,,,,,,,,,Insufficient data,,only 0 finished-gameweek snapshot(s) recorded; need at least 3.
2026-08-25,1,558,Schlager,NFO,MID,,0,,,,,,,,,Insufficient data,,only 0 finished-gameweek snapshot(s) recorded; need at least 3.
2026-08-25,1,559,Bamba,NEW,MID,,0,,,,,,,,,Insufficient data,,only 0 finished-gameweek snapshot(s) recorded; need at least 3.
2026-08-25,1,560,Penders,CHE,GKP,,0,,,,,,,,,Insufficient data,,only 0 finished-gameweek snapshot(s) recorded; need at least 3.
2026-08-25,1,561,Anselmino,CHE,DEF,25.0,0,,,,,,,,,Insufficient data,,only 0 finished-gameweek snapshot(s) recorded; need at least 3.
2026-08-25,1,562,Maeda,IPS,MID,,0,,,,,,,,,Insufficient data,,only 0 finished-gameweek snapshot(s) recorded; need at least 3.
2026-08-25,1,563,Morita,HUL,MID,50.0,0,,,,,,,,,Insufficient data,,only 0 finished-gameweek snapshot(s) recorded; need at least 3.
2026-08-25,1,564,Scherpen,IPS,GKP,,0,,,,,,,,,Insufficient data,,only 0 finished-gameweek snapshot(s) recorded; need at least 3.
2026-08-25,1,565,M.Sangaré,BRE,MID,,0,,,,,,,,,Insufficient data,,only 0 finished-gameweek snapshot(s) recorded; need at least 3.
2026-08-25,1,566,Silva,BOU,DEF,,0,,,,,,,,,Insufficient data,,only 0 finished-gameweek snapshot(s) recorded; need at least 3.
2026-08-25,1,567,Horníček,NEW,GKP,,0,,,,,,,,,Insufficient data,,only 0 finished-gameweek snapshot(s) recorded; need at least 3.
2026-08-25,1,568,Barco,CHE,MID,,0,,,,,,,,,Insufficient data,,only 0 finished-gameweek snapshot(s) recorded; need at least 3.
2026-08-25,1,569,Gonzalo,FUL,FWD,,0,,,,,,,,,Insufficient data,,only 0 finished-gameweek snapshot(s) recorded; need at least 3.
2026-08-25,1,570,Palacios,FUL,MID,,0,,,,,,,,,Insufficient data,,only 0 finished-gameweek snapshot(s) recorded; need at least 3.
2026-08-25,1,571,Florentino,IPS,MID,,0,,,,,,,,,Insufficient data,,only 0 finished-gameweek snapshot(s) recorded; need at least 3.
2026-08-25,1,572,Tzolakis,HUL,GKP,,0,,,,,,,,,Insufficient data,,only 0 finished-gameweek snapshot(s) recorded; need at least 3.
2026-08-25,1,573,Sanchez,BOU,DEF,,0,,,,,,,,,Insufficient data,,only 0 finished-gameweek snapshot(s) recorded; need at least 3.
2026-08-25,1,574,Hjertø-Dahl,HUL,MID,,0,,,,,,,,,Insufficient data,,only 0 finished-gameweek snapshot(s) recorded; need at least 3.
2026-08-25,1,575,Yirenkyi,COV,MID,,0,,,,,,,,,Insufficient data,,only 0 finished-gameweek snapshot(s) recorded; need at least 3.
2026-08-25,1,576,Stroud,HUL,MID,,0,,,,,,,,,Insufficient data,,only 0 finished-gameweek snapshot(s) recorded; need at least 3.
2026-08-25,1,577,Tomiyasu,CRY,DEF,,0,,,,,,,,,Insufficient data,,only 0 finished-gameweek snapshot(s) recorded; need at least 3.
2026-08-25,1,578,Mudryk,CHE,MID,,0,,,,,,,,,Insufficient data,,only 0 finished-gameweek snapshot(s) recorded; need at least 3.
2026-08-25,1,579,Araujo,LIV,DEF,,0,,,,,,,,,Insufficient data,,only 0 finished-gameweek snapshot(s) recorded; need at least 3.
2026-08-25,1,580,Charles,FUL,MID,,0,,,,,,,,,Insufficient data,,only 0 finished-gameweek snapshot(s) recorded; need at least 3.
2026-08-25,1,581,Diomande,NFO,DEF,,0,,,,,,,,,Insufficient data,,only 0 finished-gameweek snapshot(s) recorded; need at least 3.
2026-08-25,1,582,Madjo,AVL,FWD,0.0,0,,,,,,,,,Insufficient data,,only 0 finished-gameweek snapshot(s) recorded; need at least 3.
2026-08-25,1,583,Chavarria,CHE,DEF,,0,,,,,,,,,Insufficient data,,only 0 finished-gameweek snapshot(s) recorded; need at least 3.
2026-08-25,1,584,Hamer,COV,MID,,0,,,,,,,,,Insufficient data,,only 0 finished-gameweek snapshot(s) recorded; need at least 3.
2026-08-25,1,585,Herrington,HUL,DEF,,0,,,,,,,,,Insufficient data,,only 0 finished-gameweek snapshot(s) recorded; need at least 3.
2026-08-25,1,586,Mendy,HUL,DEF,75.0,0,,,,,,,,,Insufficient data,,only 0 finished-gameweek snapshot(s) recorded; need at least 3.
2026-08-25,1,587,Rulli,MCI,GKP,,0,,,,,,,,,Insufficient data,,only 0 finished-gameweek snapshot(s) recorded; need at least 3.
2026-08-25,1,588,Khalaili,CRY,DEF,,0,,,,,,,,,Insufficient data,,only 0 finished-gameweek snapshot(s) recorded; need at least 3.
2026-08-25,1,589,Gourna-Douath,HUL,MID,,0,,,,,,,,,Insufficient data,,only 0 finished-gameweek snapshot(s) recorded; need at least 3.
2026-08-25,1,590,Benda,NFO,GKP,,0,,,,,,,,,Insufficient data,,only 0 finished-gameweek snapshot(s) recorded; need at least 3.
2026-08-25,1,591,Enciso,IPS,MID,75.0,0,,,,,,,,,Insufficient data,,only 0 finished-gameweek snapshot(s) recorded; need at least 3.
2026-08-25,1,592,Ouattara,IPS,DEF,,0,,,,,,,,,Insufficient data,,only 0 finished-gameweek snapshot(s) recorded; need at least 3.
2026-08-25,1,593,Dedić,NEW,DEF,,0,,,,,,,,,Insufficient data,,only 0 finished-gameweek snapshot(s) recorded; need at least 3.
2026-08-25,1,594,David,BHA,FWD,,0,,,,,,,,,Insufficient data,,only 0 finished-gameweek snapshot(s) recorded; need at least 3.
2026-08-25,1,595,Gozo,CRY,MID,,0,,,,,,,,,Insufficient data,,only 0 finished-gameweek snapshot(s) recorded; need at least 3.
2026-08-25,1,596,Ruggeri,AVL,DEF,,0,,,,,,,,,Insufficient data,,only 0 finished-gameweek snapshot(s) recorded; need at least 3.
2026-08-25,1,597,Suzuki,AVL,GKP,,0,,,,,,,,,Insufficient data,,only 0 finished-gameweek snapshot(s) recorded; need at least 3.
2026-08-25,1,598,Elvedi,LEE,DEF,,0,,,,,,,,,Insufficient data,,only 0 finished-gameweek snapshot(s) recorded; need at least 3.
2026-08-25,1,599,Cherif,COV,FWD,,0,,,,,,,,,Insufficient data,,only 0 finished-gameweek snapshot(s) recorded; need at least 3.
2026-08-25,1,600,Osman,BHA,MID,,0,,,,,,,,,Insufficient data,,only 0 finished-gameweek snapshot(s) recorded; need at least 3.
2026-08-25,1,601,Williams-Barnett,TOT,MID,,0,,,,,,,,,Insufficient data,,only 0 finished-gameweek snapshot(s) recorded; need at least 3.
2026-08-25,1,602,Humphreys,IPS,MID,,0,,,,,,,,,Insufficient data,,only 0 finished-gameweek snapshot(s) recorded; need at least 3.
2026-08-25,1,603,Lienou,LEE,DEF,,0,,,,,,,,,Insufficient data,,only 0 finished-gameweek snapshot(s) recorded; need at least 3.
2026-08-25,1,604,Cresswell,LEE,MID,,0,,,,,,,,,Insufficient data,,only 0 finished-gameweek snapshot(s) recorded; need at least 3.
2026-08-25,1,605,Yalcouyé,BHA,MID,,0,,,,,,,,,Insufficient data,,only 0 finished-gameweek snapshot(s) recorded; need at least 3.
2026-08-25,1,606,Rowe,AVL,DEF,,0,,,,,,,,,Insufficient data,,only 0 finished-gameweek snapshot(s) recorded; need at least 3.
2026-08-25,1,607,Lynch,AVL,MID,,0,,,,,,,,,Insufficient data,,only 0 finished-gameweek snapshot(s) recorded; need at least 3.
2026-08-25,1,608,Jebbison,BOU,FWD,,0,,,,,,,,,Insufficient data,,only 0 finished-gameweek snapshot(s) recorded; need at least 3.
2026-08-25,1,609,Shahar,NEW,DEF,,0,,,,,,,,,Insufficient data,,only 0 finished-gameweek snapshot(s) recorded; need at least 3.
2026-08-25,1,610,De Fougerolles,FUL,DEF,,0,,,,,,,,,Insufficient data,,only 0 finished-gameweek snapshot(s) recorded; need at least 3.
2026-08-28,1,1,Raya,ARS,GKP,,0,,,,,,,,,Insufficient data,,only 0 finished-gameweek snapshot(s) recorded; need at least 3.
2026-08-28,1,2,Arrizabalaga,ARS,GKP,,0,,,,,,,,,Insufficient data,,only 0 finished-gameweek snapshot(s) recorded; need at least 3.
2026-08-28,1,3,Meslier,ARS,GKP,,0,,,,,,,,,Insufficient data,,only 0 finished-gameweek snapshot(s) recorded; need at least 3.
2026-08-28,1,4,Gabriel,ARS,DEF,,0,,,,,,,,,Insufficient data,,only 0 finished-gameweek snapshot(s) recorded; need at least 3.
2026-08-28,1,5,J.Timber,ARS,DEF,0.0,0,,,,,,,,,Insufficient data,,only 0 finished-gameweek snapshot(s) recorded; need at least 3.
2026-08-28,1,6,Saliba,ARS,DEF,0.0,0,,,,,,,,,Insufficient data,,only 0 finished-gameweek snapshot(s) recorded; need at least 3.
2026-08-28,1,7,Lewis-Skelly,ARS,MID,,0,,,,,,,,,Insufficient data,,only 0 finished-gameweek snapshot(s) recorded; need at least 3.
2026-08-28,1,8,Calafiori,ARS,DEF,,0,,,,,,,,,Insufficient data,,only 0 finished-gameweek snapshot(s) recorded; need at least 3.
2026-08-28,1,9,Hincapie,ARS,DEF,,0,,,,,,,,,Insufficient data,,only 0 finished-gameweek snapshot(s) recorded; need at least 3.
2026-08-28,1,10,White,ARS,DEF,100.0,0,,,,,,,,,Insufficient data,,only 0 finished-gameweek snapshot(s) recorded; need at least 3.
2026-08-28,1,11,Mosquera,ARS,DEF,,0,,,,,,,,,Insufficient data,,only 0 finished-gameweek snapshot(s) recorded; need at least 3.
2026-08-28,1,12,Saka,ARS,MID,,0,,,,,,,,,Insufficient data,,only 0 finished-gameweek snapshot(s) recorded; need at least 3.
2026-08-28,1,13,Rice,ARS,MID,,0,,,,,,,,,Insufficient data,,only 0 finished-gameweek snapshot(s) recorded; need at least 3.
2026-08-28,1,14,Eze,ARS,MID,,0,,,,,,,,,Insufficient data,,only 0 finished-gameweek snapshot(s) recorded; need at least 3.
2026-08-28,1,15,Ødegaard,ARS,MID,,0,,,,,,,,,Insufficient data,,only 0 finished-gameweek snapshot(s) recorded; need at least 3.
2026-08-28,1,16,Madueke,ARS,MID,,0,,,,,,,,,Insufficient data,,only 0 finished-gameweek snapshot(s) recorded; need at least 3.
2026-08-28,1,17,Merino,ARS,MID,,0,,,,,,,,,Insufficient data,,only 0 finished-gameweek snapshot(s) recorded; need at least 3.
2026-08-28,1,18,Martinelli,ARS,MID,,0,,,,,,,,,Insufficient data,,only 0 finished-gameweek snapshot(s) recorded; need at least 3.
2026-08-28,1,19,Zubimendi,ARS,MID,,0,,,,,,,,,Insufficient data,,only 0 finished-gameweek snapshot(s) recorded; need at least 3.
2026-08-28,1,20,Dowman,ARS,MID,,0,,,,,,,,,Insufficient data,,only 0 finished-gameweek snapshot(s) recorded; need at least 3.
2026-08-28,1,21,Nørgaard,EVE,MID,0.0,0,,,,,,,,,Insufficient data,,only 0 finished-gameweek snapshot(s) recorded; need at least 3.
2026-08-28,1,22,Nwaneri,ARS,MID,,0,,,,,,,,,Insufficient data,,only 0 finished-gameweek snapshot(s) recorded; need at least 3.
2026-08-28,1,23,Fábio Vieira,ARS,MID,,0,,,,,,,,,Insufficient data,,only 0 finished-gameweek snapshot(s) recorded; need at least 3.
2026-08-28,1,24,Nelson,ARS,MID,,0,,,,,,,,,Insufficient data,,only 0 finished-gameweek snapshot(s) recorded; need at least 3.
2026-08-28,1,25,Gyökeres,ARS,FWD,,0,,,,,,,,,Insufficient data,,only 0 finished-gameweek snapshot(s) recorded; need at least 3.
2026-08-28,1,26,Havertz,ARS,FWD,,0,,,,,,,,,Insufficient data,,only 0 finished-gameweek snapshot(s) recorded; need at least 3.
2026-08-28,1,27,G.Jesus,ARS,FWD,,0,,,,,,,,,Insufficient data,,only 0 finished-gameweek snapshot(s) recorded; need at least 3.
2026-08-28,1,28,Martinez,AVL,GKP,,0,,,,,,,,,Insufficient data,,only 0 finished-gameweek snapshot(s) recorded; need at least 3.
2026-08-28,1,29,M.Bizot,AVL,GKP,,0,,,,,,,,,Insufficient data,,only 0 finished-gameweek snapshot(s) recorded; need at least 3.
2026-08-28,1,30,Digne,AVL,DEF,0.0,0,,,,,,,,,Insufficient data,,only 0 finished-gameweek snapshot(s) recorded; need at least 3.
2026-08-28,1,31,Konsa,ARS,DEF,,0,,,,,,,,,Insufficient data,,only 0 finished-gameweek snapshot(s) recorded; need at least 3.
2026-08-28,1,32,Cash,AVL,DEF,,0,,,,,,,,,Insufficient data,,only 0 finished-gameweek snapshot(s) recorded; need at least 3.
2026-08-28,1,33,Mings,AVL,DEF,,0,,,,,,,,,Insufficient data,,only 0 finished-gameweek snapshot(s) recorded; need at least 3.
2026-08-28,1,34,Pau,AVL,DEF,,0,,,,,,,,,Insufficient data,,only 0 finished-gameweek snapshot(s) recorded; need at least 3.
2026-08-28,1,35,Bogarde,AVL,MID,,0,,,,,,,,,Insufficient data,,only 0 finished-gameweek snapshot(s) recorded; need at least 3.
2026-08-28,1,36,Maatsen,AVL,DEF,,0,,,,,,,,,Insufficient data,,only 0 finished-gameweek snapshot(s) recorded; need at least 3.
2026-08-28,1,37,Lindelöf,AVL,DEF,,0,,,,,,,,,Insufficient data,,only 0 finished-gameweek snapshot(s) recorded; need at least 3.
2026-08-28,1,38,A.García,AVL,DEF,,0,,,,,,,,,Insufficient data,,only 0 finished-gameweek snapshot(s) recorded; need at least 3.
2026-08-28,1,39,Nedeljkovic,AVL,DEF,0.0,0,,,,,,,,,Insufficient data,,only 0 finished-gameweek snapshot(s) recorded; need at least 3.
2026-08-28,1,40,Rogers,CHE,MID,,0,,,,,,,,,Insufficient data,,only 0 finished-gameweek snapshot(s) recorded; need at least 3.
2026-08-28,1,41,Buendía,AVL,MID,,0,,,,,,,,,Insufficient data,,only 0 finished-gameweek snapshot(s) recorded; need at least 3.
2026-08-28,1,42,Guessand,CRY,MID,,0,,,,,,,,,Insufficient data,,only 0 finished-gameweek snapshot(s) recorded; need at least 3.
2026-08-28,1,43,Tielemans,MUN,MID,100.0,0,,,,,,,,,Insufficient data,,only 0 finished-gameweek snapshot(s) recorded; need at least 3.
2026-08-28,1,44,Bailey,AVL,MID,,0,,,,,,,,,Insufficient data,,only 0 finished-gameweek snapshot(s) recorded; need at least 3.
2026-08-28,1,45,McGinn,AVL,MID,,0,,,,,,,,,Insufficient data,,only 0 finished-gameweek snapshot(s) recorded; need at least 3.
2026-08-28,1,46,Barkley,AVL,MID,,0,,,,,,,,,Insufficient data,,only 0 finished-gameweek snapshot(s) recorded; need at least 3.
2026-08-28,1,47,Kamara,AVL,MID,100.0,0,,,,,,,,,Insufficient data,,only 0 finished-gameweek snapshot(s) recorded; need at least 3.
2026-08-28,1,48,Onana,AVL,MID,0.0,0,,,,,,,,,Insufficient data,,only 0 finished-gameweek snapshot(s) recorded; need at least 3.
2026-08-28,1,49,Iling Jr,AVL,MID,0.0,0,,,,,,,,,Insufficient data,,only 0 finished-gameweek snapshot(s) recorded; need at least 3.
2026-08-28,1,50,Burrowes,AVL,MID,,0,,,,,,,,,Insufficient data,,only 0 finished-gameweek snapshot(s) recorded; need at least 3.
2026-08-28,1,51,George Hemmings,AVL,MID,,0,,,,,,,,,Insufficient data,,only 0 finished-gameweek snapshot(s) recorded; need at least 3.
2026-08-28,1,52,Alysson,AVL,MID,,0,,,,,,,,,Insufficient data,,only 0 finished-gameweek snapshot(s) recorded; need at least 3.
2026-08-28,1,53,Manzambi,AVL,MID,0.0,0,,,,,,,,,Insufficient data,,only 0 finished-gameweek snapshot(s) recorded; need at least 3.
2026-08-28,1,54,Gomes,AVL,MID,0.0,0,,,,,,,,,Insufficient data,,only 0 finished-gameweek snapshot(s) recorded; need at least 3.
2026-08-28,1,55,Watkins,AVL,FWD,,0,,,,,,,,,Insufficient data,,only 0 finished-gameweek snapshot(s) recorded; need at least 3.
2026-08-28,1,56,Abraham,AVL,FWD,75.0,0,,,,,,,,,Insufficient data,,only 0 finished-gameweek snapshot(s) recorded; need at least 3.
2026-08-28,1,57,Petrović,BOU,GKP,,0,,,,,,,,,Insufficient data,,only 0 finished-gameweek snapshot(s) recorded; need at least 3.
2026-08-28,1,58,Forster,BOU,GKP,,0,,,,,,,,,Insufficient data,,only 0 finished-gameweek snapshot(s) recorded; need at least 3.
2026-08-28,1,59,Dennis,BOU,GKP,,0,,,,,,,,,Insufficient data,,only 0 finished-gameweek snapshot(s) recorded; need at least 3.
2026-08-28,1,60,Hill,BOU,DEF,,0,,,,,,,,,Insufficient data,,only 0 finished-gameweek snapshot(s) recorded; need at least 3.
2026-08-28,1,61,Truffert,BOU,DEF,,0,,,,,,,,,Insufficient data,,only 0 finished-gameweek snapshot(s) recorded; need at least 3.
2026-08-28,1,62,Diakité,BOU,DEF,,0,,,,,,,,,Insufficient data,,only 0 finished-gameweek snapshot(s) recorded; need at least 3.
2026-08-28,1,63,Milosavljević,BOU,DEF,0.0,0,,,,,,,,,Insufficient data,,only 0 finished-gameweek snapshot(s) recorded; need at least 3.
2026-08-28,1,64,Smith,BOU,DEF,,0,,,,,,,,,Insufficient data,,only 0 finished-gameweek snapshot(s) recorded; need at least 3.
2026-08-28,1,65,J.Araujo,BOU,DEF,0.0,0,,,,,,,,,Insufficient data,,only 0 finished-gameweek snapshot(s) recorded; need at least 3.
2026-08-28,1,66,Soler,BOU,DEF,75.0,0,,,,,,,,,Insufficient data,,only 0 finished-gameweek snapshot(s) recorded; need at least 3.
2026-08-28,1,67,Rayan,BOU,MID,,0,,,,,,,,,Insufficient data,,only 0 finished-gameweek snapshot(s) recorded; need at least 3.
2026-08-28,1,68,Tavernier,BOU,MID,,0,,,,,,,,,Insufficient data,,only 0 finished-gameweek snapshot(s) recorded; need at least 3.
2026-08-28,1,69,Scott,BOU,MID,,0,,,,,,,,,Insufficient data,,only 0 finished-gameweek snapshot(s) recorded; need at least 3.
2026-08-28,1,70,Kluivert,BOU,MID,,0,,,,,,,,,Insufficient data,,only 0 finished-gameweek snapshot(s) recorded; need at least 3.
2026-08-28,1,71,Cook,BOU,MID,,0,,,,,,,,,Insufficient data,,only 0 finished-gameweek snapshot(s) recorded; need at least 3.
2026-08-28,1,72,Gannon-Doak,BOU,MID,,0,,,,,,,,,Insufficient data,,only 0 finished-gameweek snapshot(s) recorded; need at least 3.
2026-08-28,1,73,Adams,BOU,MID,100.0,0,,,,,,,,,Insufficient data,,only 0 finished-gameweek snapshot(s) recorded; need at least 3.
2026-08-28,1,74,Brooks,BOU,MID,100.0,0,,,,,,,,,Insufficient data,,only 0 finished-gameweek snapshot(s) recorded; need at least 3.
2026-08-28,1,75,Christie,BOU,MID,100.0,0,,,,,,,,,Insufficient data,,only 0 finished-gameweek snapshot(s) recorded; need at least 3.
2026-08-28,1,76,Tóth.A,BOU,MID,,0,,,,,,,,,Insufficient data,,only 0 finished-gameweek snapshot(s) recorded; need at least 3.
2026-08-28,1,77,Adli,BOU,MID,0.0,0,,,,,,,,,Insufficient data,,only 0 finished-gameweek snapshot(s) recorded; need at least 3.
2026-08-28,1,78,Kroupi.Jr,BOU,MID,0.0,0,,,,,,,,,Insufficient data,,only 0 finished-gameweek snapshot(s) recorded; need at least 3.
2026-08-28,1,79,Evanilson,BOU,FWD,,0,,,,,,,,,Insufficient data,,only 0 finished-gameweek snapshot(s) recorded; need at least 3.
2026-08-28,1,80,Enes Ünal,BOU,FWD,0.0,0,,,,,,,,,Insufficient data,,only 0 finished-gameweek snapshot(s) recorded; need at least 3.
2026-08-28,1,81,Rodríguez,BOU,FWD,100.0,0,,,,,,,,,Insufficient data,,only 0 finished-gameweek snapshot(s) recorded; need at least 3.
2026-08-28,1,82,Kelleher,BRE,GKP,,0,,,,,,,,,Insufficient data,,only 0 finished-gameweek snapshot(s) recorded; need at least 3.
2026-08-28,1,83,Valdimarsson,BRE,GKP,,0,,,,,,,,,Insufficient data,,only 0 finished-gameweek snapshot(s) recorded; need at least 3.
2026-08-28,1,84,Collins,BRE,DEF,,0,,,,,,,,,Insufficient data,,only 0 finished-gameweek snapshot(s) recorded; need at least 3.
2026-08-28,1,85,Van den Berg,BRE,DEF,0.0,0,,,,,,,,,Insufficient data,,only 0 finished-gameweek snapshot(s) recorded; need at least 3.
2026-08-28,1,86,Lewis-Potter,BRE,MID,,0,,,,,,,,,Insufficient data,,only 0 finished-gameweek snapshot(s) recorded; need at least 3.
2026-08-28,1,87,Ajer,BRE,DEF,,0,,,,,,,,,Insufficient data,,only 0 finished-gameweek snapshot(s) recorded; need at least 3.
2026-08-28,1,88,Kayode,BRE,DEF,,0,,,,,,,,,Insufficient data,,only 0 finished-gameweek snapshot(s) recorded; need at least 3.
2026-08-28,1,89,Henry,BRE,DEF,,0,,,,,,,,,Insufficient data,,only 0 finished-gameweek snapshot(s) recorded; need at least 3.
2026-08-28,1,90,Hickey,BRE,DEF,,0,,,,,,,,,Insufficient data,,only 0 finished-gameweek snapshot(s) recorded; need at least 3.
2026-08-28,1,91,Pinnock,BRE,DEF,,0,,,,,,,,,Insufficient data,,only 0 finished-gameweek snapshot(s) recorded; need at least 3.
2026-08-28,1,92,Ji-soo,BRE,DEF,,0,,,,,,,,,Insufficient data,,only 0 finished-gameweek snapshot(s) recorded; need at least 3.
2026-08-28,1,93,Schuster,BRE,DEF,,0,,,,,,,,,Insufficient data,,only 0 finished-gameweek snapshot(s) recorded; need at least 3.
2026-08-28,1,94,Schade,BRE,MID,,0,,,,,,,,,Insufficient data,,only 0 finished-gameweek snapshot(s) recorded; need at least 3.
2026-08-28,1,95,O.Dango,BRE,MID,,0,,,,,,,,,Insufficient data,,only 0 finished-gameweek snapshot(s) recorded; need at least 3.
2026-08-28,1,96,Damsgaard,BRE,MID,,0,,,,,,,,,Insufficient data,,only 0 finished-gameweek snapshot(s) recorded; need at least 3.
2026-08-28,1,97,Jensen,BRE,MID,,0,,,,,,,,,Insufficient data,,only 0 finished-gameweek snapshot(s) recorded; need at least 3.
2026-08-28,1,98,Janelt,BRE,MID,,0,,,,,,,,,Insufficient data,,only 0 finished-gameweek snapshot(s) recorded; need at least 3.
2026-08-28,1,99,Milambo,BRE,MID,0.0,0,,,,,,,,,Insufficient data,,only 0 finished-gameweek snapshot(s) recorded; need at least 3.
2026-08-28,1,100,Carvalho,BRE,MID,75.0,0,,,,,,,,,Insufficient data,,only 0 finished-gameweek snapshot(s) recorded; need at least 3.
2026-08-28,1,101,Henderson,CHE,MID,75.0,0,,,,,,,,,Insufficient data,,only 0 finished-gameweek snapshot(s) recorded; need at least 3.
2026-08-28,1,102,Yarmoliuk,BRE,MID,,0,,,,,,,,,Insufficient data,,only 0 finished-gameweek snapshot(s) recorded; need at least 3.
2026-08-28,1,103,Dasilva,BRE,MID,,0,,,,,,,,,Insufficient data,,only 0 finished-gameweek snapshot(s) recorded; need at least 3.
2026-08-28,1,104,Onyeka,COV,MID,,0,,,,,,,,,Insufficient data,,only 0 finished-gameweek snapshot(s) recorded; need at least 3.
2026-08-28,1,105,Anthony,BRE,MID,,0,,,,,,,,,Insufficient data,,only 0 finished-gameweek snapshot(s) recorded; need at least 3.
2026-08-28,1,106,Thiago,BRE,FWD,,0,,,,,,,,,Insufficient data,,only 0 finished-gameweek snapshot(s) recorded; need at least 3.
2026-08-28,1,107,Furo,BRE,FWD,,0,,,,,,,,,Insufficient data,,only 0 finished-gameweek snapshot(s) recorded; need at least 3.
2026-08-28,1,108,Wilson,BRE,FWD,,0,,,,,,,,,Insufficient data,,only 0 finished-gameweek snapshot(s) recorded; need at least 3.
2026-08-28,1,109,Verbruggen,BHA,GKP,,0,,,,,,,,,Insufficient data,,only 0 finished-gameweek snapshot(s) recorded; need at least 3.
2026-08-28,1,110,Rushworth,COV,GKP,,0,,,,,,,,,Insufficient data,,only 0 finished-gameweek snapshot(s) recorded; need at least 3.
2026-08-28,1,111,Steele,BHA,GKP,,0,,,,,,,,,Insufficient data,,only 0 finished-gameweek snapshot(s) recorded; need at least 3.
2026-08-28,1,112,Van Hecke,TOT,DEF,,0,,,,,,,,,Insufficient data,,only 0 finished-gameweek snapshot(s) recorded; need at least 3.
2026-08-28,1,113,F.Kadıoğlu,BHA,DEF,75.0,0,,,,,,,,,Insufficient data,,only 0 finished-gameweek snapshot(s) recorded; need at least 3.
2026-08-28,1,114,Boscagli,BHA,DEF,,0,,,,,,,,,Insufficient data,,only 0 finished-gameweek snapshot(s) recorded; need at least 3.
2026-08-28,1,115,De Cuyper,BHA,DEF,,0,,,,,,,,,Insufficient data,,only 0 finished-gameweek snapshot(s) recorded; need at least 3.
2026-08-28,1,116,Dunk,BHA,DEF,,0,,,,,,,,,Insufficient data,,only 0 finished-gameweek snapshot(s) recorded; need at least 3.
2026-08-28,1,117,Coppola,BHA,DEF,,0,,,,,,,,,Insufficient data,,only 0 finished-gameweek snapshot(s) recorded; need at least 3.
2026-08-28,1,118,Igor,BHA,DEF,,0,,,,,,,,,Insufficient data,,only 0 finished-gameweek snapshot(s) recorded; need at least 3.
2026-08-28,1,119,Costinha,BHA,DEF,,0,,,,,,,,,Insufficient data,,only 0 finished-gameweek snapshot(s) recorded; need at least 3.
2026-08-28,1,120,Svoboda,BHA,DEF,,0,,,,,,,,,Insufficient data,,only 0 finished-gameweek snapshot(s) recorded; need at least 3.
2026-08-28,1,121,Mitoma,BHA,MID,0.0,0,,,,,,,,,Insufficient data,,only 0 finished-gameweek snapshot(s) recorded; need at least 3.
2026-08-28,1,122,Minteh,BHA,MID,0.0,0,,,,,,,,,Insufficient data,,only 0 finished-gameweek snapshot(s) recorded; need at least 3.
2026-08-28,1,123,Hinshelwood,BHA,MID,,0,,,,,,,,,Insufficient data,,only 0 finished-gameweek snapshot(s) recorded; need at least 3.
2026-08-28,1,124,Groß,BHA,MID,,0,,,,,,,,,Insufficient data,,only 0 finished-gameweek snapshot(s) recorded; need at least 3.
2026-08-28,1,125,Georginio,BHA,FWD,,0,,,,,,,,,Insufficient data,,only 0 finished-gameweek snapshot(s) recorded; need at least 3.
2026-08-28,1,126,O'Riley,BHA,MID,,0,,,,,,,,,Insufficient data,,only 0 finished-gameweek snapshot(s) recorded; need at least 3.
2026-08-28,1,127,Gomez,BHA,MID,,0,,,,,,,,,Insufficient data,,only 0 finished-gameweek snapshot(s) recorded; need at least 3.
2026-08-28,1,128,Buonanotte,BHA,MID,0.0,0,,,,,,,,,Insufficient data,,only 0 finished-gameweek snapshot(s) recorded; need at least 3.
2026-08-28,1,129,Ayari,BHA,MID,,0,,,,,,,,,Insufficient data,,only 0 finished-gameweek snapshot(s) recorded; need at least 3.
2026-08-28,1,130,Wieffer,BHA,DEF,,0,,,,,,,,,Insufficient data,,only 0 finished-gameweek snapshot(s) recorded; need at least 3.
2026-08-28,1,131,Baleba,BHA,MID,0.0,0,,,,,,,,,Insufficient data,,only 0 finished-gameweek snapshot(s) recorded; need at least 3.
2026-08-28,1,132,Howell,BHA,MID,0.0,0,,,,,,,,,Insufficient data,,only 0 finished-gameweek snapshot(s) recorded; need at least 3.
2026-08-28,1,133,Watson,BHA,MID,0.0,0,,,,,,,,,Insufficient data,,only 0 finished-gameweek snapshot(s) recorded; need at least 3.
2026-08-28,1,134,Oriola,BHA,MID,,0,,,,,,,,,Insufficient data,,only 0 finished-gameweek snapshot(s) recorded; need at least 3.
2026-08-28,1,135,Yohanna,BHA,MID,,0,,,,,,,,,Insufficient data,,only 0 finished-gameweek snapshot(s) recorded; need at least 3.
2026-08-28,1,136,Welbeck,CHE,FWD,100.0,0,,,,,,,,,Insufficient data,,only 0 finished-gameweek snapshot(s) recorded; need at least 3.
2026-08-28,1,137,Tzimas,BHA,FWD,0.0,0,,,,,,,,,Insufficient data,,only 0 finished-gameweek snapshot(s) recorded; need at least 3.
2026-08-28,1,138,Kostoulas,BHA,FWD,,0,,,,,,,,,Insufficient data,,only 0 finished-gameweek snapshot(s) recorded; need at least 3.
2026-08-28,1,139,Ferguson,BHA,FWD,0.0,0,,,,,,,,,Insufficient data,,only 0 finished-gameweek snapshot(s) recorded; need at least 3.
2026-08-28,1,140,Sánchez,CHE,GKP,,0,,,,,,,,,Insufficient data,,only 0 finished-gameweek snapshot(s) recorded; need at least 3.
2026-08-28,1,141,Jörgensen,CHE,GKP,0.0,0,,,,,,,,,Insufficient data,,only 0 finished-gameweek snapshot(s) recorded; need at least 3.
2026-08-28,1,142,James,CHE,DEF,,0,,,,,,,,,Insufficient data,,only 0 finished-gameweek snapshot(s) recorded; need at least 3.
2026-08-28,1,143,Chalobah,CHE,DEF,0.0,0,,,,,,,,,Insufficient data,,only 0 finished-gameweek snapshot(s) recorded; need at least 3.
2026-08-28,1,144,Gusto,CHE,DEF,,0,,,,,,,,,Insufficient data,,only 0 finished-gameweek snapshot(s) recorded; need at least 3.
2026-08-28,1,145,Fofana,CHE,DEF,100.0,0,,,,,,,,,Insufficient data,,only 0 finished-gameweek snapshot(s) recorded; need at least 3.
2026-08-28,1,146,B.Badiashile,CHE,DEF,,0,,,,,,,,,Insufficient data,,only 0 finished-gameweek snapshot(s) recorded; need at least 3.
2026-08-28,1,147,Tosin,CHE,DEF,,0,,,,,,,,,Insufficient data,,only 0 finished-gameweek snapshot(s) recorded; need at least 3.
2026-08-28,1,148,Hato,CHE,DEF,,0,,,,,,,,,Insufficient data,,only 0 finished-gameweek snapshot(s) recorded; need at least 3.
2026-08-28,1,149,Colwill,CHE,DEF,,0,,,,,,,,,Insufficient data,,only 0 finished-gameweek snapshot(s) recorded; need at least 3.
2026-08-28,1,150,M.Sarr,CHE,DEF,,0,,,,,,,,,Insufficient data,,only 0 finished-gameweek snapshot(s) recorded; need at least 3.
2026-08-28,1,151,Acheampong,CHE,DEF,,0,,,,,,,,,Insufficient data,,only 0 finished-gameweek snapshot(s) recorded; need at least 3.
2026-08-28,1,152,Palestra,CHE,DEF,75.0,0,,,,,,,,,Insufficient data,,only 0 finished-gameweek snapshot(s) recorded; need at least 3.
2026-08-28,1,153,Disasi,CHE,DEF,,0,,,,,,,,,Insufficient data,,only 0 finished-gameweek snapshot(s) recorded; need at least 3.
2026-08-28,1,154,Palmer,CHE,MID,100.0,0,,,,,,,,,Insufficient data,,only 0 finished-gameweek snapshot(s) recorded; need at least 3.
2026-08-28,1,155,Enzo,CHE,MID,,0,,,,,,,,,Insufficient data,,only 0 finished-gameweek snapshot(s) recorded; need at least 3.
2026-08-28,1,156,Neto,CHE,MID,,0,,,,,,,,,Insufficient data,,only 0 finished-gameweek snapshot(s) recorded; need at least 3.
2026-08-28,1,157,Estêvão,CHE,MID,,0,,,,,,,,,Insufficient data,,only 0 finished-gameweek snapshot(s) recorded; need at least 3.
2026-08-28,1,158,Gittens,CHE,MID,,0,,,,,,,,,Insufficient data,,only 0 finished-gameweek snapshot(s) recorded; need at least 3.
2026-08-28,1,159,Caicedo,CHE,MID,75.0,0,,,,,,,,,Insufficient data,,only 0 finished-gameweek snapshot(s) recorded; need at least 3.
2026-08-28,1,160,Garnacho,AVL,MID,,0,,,,,,,,,Insufficient data,,only 0 finished-gameweek snapshot(s) recorded; need at least 3.
2026-08-28,1,161,Lavia,CHE,MID,,0,,,,,,,,,Insufficient data,,only 0 finished-gameweek snapshot(s) recorded; need at least 3.
2026-08-28,1,162,Andrey Santos,MUN,MID,,0,,,,,,,,,Insufficient data,,only 0 finished-gameweek snapshot(s) recorded; need at least 3.
2026-08-28,1,163,D.Essugo,CHE,MID,,0,,,,,,,,,Insufficient data,,only 0 finished-gameweek snapshot(s) recorded; need at least 3.
2026-08-28,1,164,Quenda,CHE,MID,100.0,0,,,,,,,,,Insufficient data,,only 0 finished-gameweek snapshot(s) recorded; need at least 3.
2026-08-28,1,165,João Pedro,CHE,FWD,,0,,,,,,,,,Insufficient data,,only 0 finished-gameweek snapshot(s) recorded; need at least 3.
2026-08-28,1,166,N.Jackson,CHE,FWD,,0,,,,,,,,,Insufficient data,,only 0 finished-gameweek snapshot(s) recorded; need at least 3.
2026-08-28,1,167,Delap,CHE,FWD,,0,,,,,,,,,Insufficient data,,only 0 finished-gameweek snapshot(s) recorded; need at least 3.
2026-08-28,1,168,Marc Guiu,CHE,FWD,,0,,,,,,,,,Insufficient data,,only 0 finished-gameweek snapshot(s) recorded; need at least 3.
2026-08-28,1,169,Mheuka,CHE,FWD,,0,,,,,,,,,Insufficient data,,only 0 finished-gameweek snapshot(s) recorded; need at least 3.
2026-08-28,1,170,Emegha,CHE,FWD,100.0,0,,,,,,,,,Insufficient data,,only 0 finished-gameweek snapshot(s) recorded; need at least 3.
2026-08-28,1,171,Dovin,COV,GKP,,0,,,,,,,,,Insufficient data,,only 0 finished-gameweek snapshot(s) recorded; need at least 3.
2026-08-28,1,172,Wilson,COV,GKP,,0,,,,,,,,,Insufficient data,,only 0 finished-gameweek snapshot(s) recorded; need at least 3.
2026-08-28,1,173,Thomas,COV,DEF,,0,,,,,,,,,Insufficient data,,only 0 finished-gameweek snapshot(s) recorded; need at least 3.
2026-08-28,1,174,Kitching,COV,DEF,,0,,,,,,,,,Insufficient data,,only 0 finished-gameweek snapshot(s) recorded; need at least 3.
2026-08-28,1,175,van Ewijk,COV,DEF,,0,,,,,,,,,Insufficient data,,only 0 finished-gameweek snapshot(s) recorded; need at least 3.
2026-08-28,1,176,Dasilva,COV,DEF,,0,,,,,,,,,Insufficient data,,only 0 finished-gameweek snapshot(s) recorded; need at least 3.
2026-08-28,1,177,Kesler-Hayden,COV,DEF,,0,,,,,,,,,Insufficient data,,only 0 finished-gameweek snapshot(s) recorded; need at least 3.
2026-08-28,1,178,Bidwell,COV,DEF,,0,,,,,,,,,Insufficient data,,only 0 finished-gameweek snapshot(s) recorded; need at least 3.
2026-08-28,1,179,Latibeaudiere,COV,DEF,,0,,,,,,,,,Insufficient data,,only 0 finished-gameweek snapshot(s) recorded; need at least 3.
2026-08-28,1,180,Woolfenden,COV,DEF,,0,,,,,,,,,Insufficient data,,only 0 finished-gameweek snapshot(s) recorded; need at least 3.
2026-08-28,1,181,Brau,COV,DEF,,0,,,,,,,,,Insufficient data,,only 0 finished-gameweek snapshot(s) recorded; need at least 3.
2026-08-28,1,182,Amenda,COV,DEF,,0,,,,,,,,,Insufficient data,,only 0 finished-gameweek snapshot(s) recorded; need at least 3.
2026-08-28,1,183,Rudoni,COV,MID,100.0,0,,,,,,,,,Insufficient data,,only 0 finished-gameweek snapshot(s) recorded; need at least 3.
2026-08-28,1,184,Grimes,COV,MID,,0,,,,,,,,,Insufficient data,,only 0 finished-gameweek snapshot(s) recorded; need at least 3.
2026-08-28,1,185,Sakamoto,COV,MID,,0,,,,,,,,,Insufficient data,,only 0 finished-gameweek snapshot(s) recorded; need at least 3.
2026-08-28,1,186,Mason-Clark,COV,MID,100.0,0,,,,,,,,,Insufficient data,,only 0 finished-gameweek snapshot(s) recorded; need at least 3.
2026-08-28,1,187,Eccles,COV,MID,,0,,,,,,,,,Insufficient data,,only 0 finished-gameweek snapshot(s) recorded; need at least 3.
2026-08-28,1,188,Torp,COV,MID,,0,,,,,,,,,Insufficient data,,only 0 finished-gameweek snapshot(s) recorded; need at least 3.
2026-08-28,1,189,Shepherd,COV,MID,,0,,,,,,,,,Insufficient data,,only 0 finished-gameweek snapshot(s) recorded; need at least 3.
2026-08-28,1,190,Tchaouna,COV,MID,,0,,,,,,,,,Insufficient data,,only 0 finished-gameweek snapshot(s) recorded; need at least 3.
2026-08-28,1,191,Borges Rodrigues,COV,MID,,0,,,,,,,,,Insufficient data,,only 0 finished-gameweek snapshot(s) recorded; need at least 3.
2026-08-28,1,192,Andrews,COV,MID,,0,,,,,,,,,Insufficient data,,only 0 finished-gameweek snapshot(s) recorded; need at least 3.
2026-08-28,1,193,Wright,COV,FWD,0.0,0,,,,,,,,,Insufficient data,,only 0 finished-gameweek snapshot(s) recorded; need at least 3.
2026-08-28,1,194,Thomas-Asante,COV,FWD,,0,,,,,,,,,Insufficient data,,only 0 finished-gameweek snapshot(s) recorded; need at least 3.
2026-08-28,1,195,Simms,COV,FWD,,0,,,,,,,,,Insufficient data,,only 0 finished-gameweek snapshot(s) recorded; need at least 3.
2026-08-28,1,196,Markelo,COV,FWD,0.0,0,,,,,,,,,Insufficient data,,only 0 finished-gameweek snapshot(s) recorded; need at least 3.
2026-08-28,1,197,Bassette,COV,FWD,0.0,0,,,,,,,,,Insufficient data,,only 0 finished-gameweek snapshot(s) recorded; need at least 3.
2026-08-28,1,198,Henderson,CRY,GKP,100.0,0,,,,,,,,,Insufficient data,,only 0 finished-gameweek snapshot(s) recorded; need at least 3.
2026-08-28,1,199,Benitez,CRY,GKP,,0,,,,,,,,,Insufficient data,,only 0 finished-gameweek snapshot(s) recorded; need at least 3.
2026-08-28,1,200,Lacroix,CHE,DEF,,0,,,,,,,,,Insufficient data,,only 0 finished-gameweek snapshot(s) recorded; need at least 3.
2026-08-28,1,201,Muñoz,CRY,DEF,,0,,,,,,,,,Insufficient data,,only 0 finished-gameweek snapshot(s) recorded; need at least 3.
2026-08-28,1,202,Richards,CRY,DEF,,0,,,,,,,,,Insufficient data,,only 0 finished-gameweek snapshot(s) recorded; need at least 3.
2026-08-28,1,203,Canvot,CRY,DEF,,0,,,,,,,,,Insufficient data,,only 0 finished-gameweek snapshot(s) recorded; need at least 3.
2026-08-28,1,204,Mitchell,CRY,DEF,,0,,,,,,,,,Insufficient data,,only 0 finished-gameweek snapshot(s) recorded; need at least 3.
2026-08-28,1,205,Sosa,CRY,DEF,,0,,,,,,,,,Insufficient data,,only 0 finished-gameweek snapshot(s) recorded; need at least 3.
2026-08-28,1,206,Chadi Riad,CRY,DEF,50.0,0,,,,,,,,,Insufficient data,,only 0 finished-gameweek snapshot(s) recorded; need at least 3.
2026-08-28,1,207,Mingueza,CRY,DEF,,0,,,,,,,,,Insufficient data,,only 0 finished-gameweek snapshot(s) recorded; need at least 3.
2026-08-28,1,208,Sarr,CRY,MID,75.0,0,,,,,,,,,Insufficient data,,only 0 finished-gameweek snapshot(s) recorded; need at least 3.
2026-08-28,1,209,Johnson,EVE,MID,,0,,,,,,,,,Insufficient data,,only 0 finished-gameweek snapshot(s) recorded; need at least 3.
2026-08-28,1,210,Wharton,CRY,MID,100.0,0,,,,,,,,,Insufficient data,,only 0 finished-gameweek snapshot(s) recorded; need at least 3.
2026-08-28,1,211,Yeremy,CRY,MID,,0,,,,,,,,,Insufficient data,,only 0 finished-gameweek snapshot(s) recorded; need at least 3.
2026-08-28,1,212,Hughes,CRY,MID,,0,,,,,,,,,Insufficient data,,only 0 finished-gameweek snapshot(s) recorded; need at least 3.
2026-08-28,1,213,Lerma,CRY,MID,,0,,,,,,,,,Insufficient data,,only 0 finished-gameweek snapshot(s) recorded; need at least 3.
2026-08-28,1,214,Kamada,CRY,MID,,0,,,,,,,,,Insufficient data,,only 0 finished-gameweek snapshot(s) recorded; need at least 3.
2026-08-28,1,215,Devenny,CRY,MID,,0,,,,,,,,,Insufficient data,,only 0 finished-gameweek snapshot(s) recorded; need at least 3.
2026-08-28,1,216,Esse,CRY,MID,,0,,,,,,,,,Insufficient data,,only 0 finished-gameweek snapshot(s) recorded; need at least 3.
2026-08-28,1,217,M.França,CRY,MID,,0,,,,,,,,,Insufficient data,,only 0 finished-gameweek snapshot(s) recorded; need at least 3.
2026-08-28,1,218,Doucouré,CRY,MID,,0,,,,,,,,,Insufficient data,,only 0 finished-gameweek snapshot(s) recorded; need at least 3.
2026-08-28,1,219,J.Rak-Sakyi,CRY,MID,,0,,,,,,,,,Insufficient data,,only 0 finished-gameweek snapshot(s) recorded; need at least 3.
2026-08-28,1,220,Cardines,CRY,DEF,0.0,0,,,,,,,,,Insufficient data,,only 0 finished-gameweek snapshot(s) recorded; need at least 3.
2026-08-28,1,221,Drakes-Thomas,CRY,MID,,0,,,,,,,,,Insufficient data,,only 0 finished-gameweek snapshot(s) recorded; need at least 3.
2026-08-28,1,222,Strand Larsen,CRY,FWD,,0,,,,,,,,,Insufficient data,,only 0 finished-gameweek snapshot(s) recorded; need at least 3.
2026-08-28,1,223,Mateta,CRY,FWD,,0,,,,,,,,,Insufficient data,,only 0 finished-gameweek snapshot(s) recorded; need at least 3.
2026-08-28,1,224,Nketiah,CRY,FWD,,0,,,,,,,,,Insufficient data,,only 0 finished-gameweek snapshot(s) recorded; need at least 3.
2026-08-28,1,225,Uche,CRY,FWD,0.0,0,,,,,,,,,Insufficient data,,only 0 finished-gameweek snapshot(s) recorded; need at least 3.
2026-08-28,1,226,Pickford,EVE,GKP,,0,,,,,,,,,Insufficient data,,only 0 finished-gameweek snapshot(s) recorded; need at least 3.
2026-08-28,1,227,Travers,EVE,GKP,,0,,,,,,,,,Insufficient data,,only 0 finished-gameweek snapshot(s) recorded; need at least 3.
2026-08-28,1,228,King,EVE,GKP,,0,,,,,,,,,Insufficient data,,only 0 finished-gameweek snapshot(s) recorded; need at least 3.
2026-08-28,1,229,Tarkowski,EVE,DEF,,0,,,,,,,,,Insufficient data,,only 0 finished-gameweek snapshot(s) recorded; need at least 3.
2026-08-28,1,230,Branthwaite,EVE,DEF,,0,,,,,,,,,Insufficient data,,only 0 finished-gameweek snapshot(s) recorded; need at least 3.
2026-08-28,1,231,Keane,EVE,DEF,,0,,,,,,,,,Insufficient data,,only 0 finished-gameweek snapshot(s) recorded; need at least 3.
2026-08-28,1,232,O'Brien,EVE,DEF,,0,,,,,,,,,Insufficient data,,only 0 finished-gameweek snapshot(s) recorded; need at least 3.
2026-08-28,1,233,Mykolenko,EVE,DEF,,0,,,,,,,,,Insufficient data,,only 0 finished-gameweek snapshot(s) recorded; need at least 3.
2026-08-28,1,234,Patterson,EVE,DEF,,0,,,,,,,,,Insufficient data,,only 0 finished-gameweek snapshot(s) recorded; need at least 3.
2026-08-28,1,235,Aznou,EVE,DEF,,0,,,,,,,,,Insufficient data,,only 0 finished-gameweek snapshot(s) recorded; need at least 3.
2026-08-28,1,236,Dewsbury-Hall,EVE,MID,,0,,,,,,,,,Insufficient data,,only 0 finished-gameweek snapshot(s) recorded; need at least 3.
2026-08-28,1,237,Ndiaye,EVE,MID,,0,,,,,,,,,Insufficient data,,only 0 finished-gameweek snapshot(s) recorded; need at least 3.
2026-08-28,1,238,Grealish,MCI,MID,100.0,0,,,,,,,,,Insufficient data,,only 0 finished-gameweek snapshot(s) recorded; need at least 3.
2026-08-28,1,239,Garner,EVE,MID,100.0,0,,,,,,,,,Insufficient data,,only 0 finished-gameweek snapshot(s) recorded; need at least 3.
2026-08-28,1,240,Iroegbunam,EVE,MID,0.0,0,,,,,,,,,Insufficient data,,only 0 finished-gameweek snapshot(s) recorded; need at least 3.
2026-08-28,1,241,McNeil,CRY,MID,,0,,,,,,,,,Insufficient data,,only 0 finished-gameweek snapshot(s) recorded; need at least 3.
2026-08-28,1,242,George,EVE,MID,,0,,,,,,,,,Insufficient data,,only 0 finished-gameweek snapshot(s) recorded; need at least 3.
2026-08-28,1,243,Alcaraz,EVE,MID,,0,,,,,,,,,Insufficient data,,only 0 finished-gameweek snapshot(s) recorded; need at least 3.
2026-08-28,1,244,Armstrong,EVE,MID,,0,,,,,,,,,Insufficient data,,only 0 finished-gameweek snapshot(s) recorded; need at least 3.
2026-08-28,1,245,Dibling,EVE,MID,,0,,,,,,,,,Insufficient data,,only 0 finished-gameweek snapshot(s) recorded; need at least 3.
2026-08-28,1,246,Röhl,EVE,MID,,0,,,,,,,,,Insufficient data,,only 0 finished-gameweek snapshot(s) recorded; need at least 3.
2026-08-28,1,247,Hackney,EVE,MID,,0,,,,,,,,,Insufficient data,,only 0 finished-gameweek snapshot(s) recorded; need at least 3.
2026-08-28,1,248,Beto,EVE,FWD,,0,,,,,,,,,Insufficient data,,only 0 finished-gameweek snapshot(s) recorded; need at least 3.
2026-08-28,1,249,Barry,EVE,FWD,,0,,,,,,,,,Insufficient data,,only 0 finished-gameweek snapshot(s) recorded; need at least 3.
2026-08-28,1,250,Leno,FUL,GKP,,0,,,,,,,,,Insufficient data,,only 0 finished-gameweek snapshot(s) recorded; need at least 3.
2026-08-28,1,251,Lecomte,FUL,GKP,,0,,,,,,,,,Insufficient data,,only 0 finished-gameweek snapshot(s) recorded; need at least 3.
2026-08-28,1,252,McNally,FUL,GKP,,0,,,,,,,,,Insufficient data,,only 0 finished-gameweek snapshot(s) recorded; need at least 3.
2026-08-28,1,253,Andersen,FUL,DEF,100.0,0,,,,,,,,,Insufficient data,,only 0 finished-gameweek snapshot(s) recorded; need at least 3.
2026-08-28,1,254,Robinson,FUL,DEF,,0,,,,,,,,,Insufficient data,,only 0 finished-gameweek snapshot(s) recorded; need at least 3.
2026-08-28,1,255,J.Cuenca,FUL,DEF,,0,,,,,,,,,Insufficient data,,only 0 finished-gameweek snapshot(s) recorded; need at least 3.
2026-08-28,1,256,Tete,FUL,DEF,,0,,,,,,,,,Insufficient data,,only 0 finished-gameweek snapshot(s) recorded; need at least 3.
2026-08-28,1,257,Bassey,FUL,DEF,,0,,,,,,,,,Insufficient data,,only 0 finished-gameweek snapshot(s) recorded; need at least 3.
2026-08-28,1,258,Castagne,FUL,DEF,,0,,,,,,,,,Insufficient data,,only 0 finished-gameweek snapshot(s) recorded; need at least 3.
2026-08-28,1,259,Diop,IPS,DEF,,0,,,,,,,,,Insufficient data,,only 0 finished-gameweek snapshot(s) recorded; need at least 3.
2026-08-28,1,260,Wilson,LEE,MID,,0,,,,,,,,,Insufficient data,,only 0 finished-gameweek snapshot(s) recorded; need at least 3.
2026-08-28,1,261,Iwobi,FUL,MID,,0,,,,,,,,,Insufficient data,,only 0 finished-gameweek snapshot(s) recorded; need at least 3.
2026-08-28,1,262,Smith Rowe,FUL,MID,,0,,,,,,,,,Insufficient data,,only 0 finished-gameweek snapshot(s) recorded; need at least 3.
2026-08-28,1,263,Kevin,FUL,MID,,0,,,,,,,,,Insufficient data,,only 0 finished-gameweek snapshot(s) recorded; need at least 3.
2026-08-28,1,264,Bobb,FUL,MID,,0,,,,,,,,,Insufficient data,,only 0 finished-gameweek snapshot(s) recorded; need at least 3.
2026-08-28,1,265,Berge,FUL,MID,,0,,,,,,,,,Insufficient data,,only 0 finished-gameweek snapshot(s) recorded; need at least 3.
2026-08-28,1,266,Cairney,FUL,MID,0.0,0,,,,,,,,,Insufficient data,,only 0 finished-gameweek snapshot(s) recorded; need at least 3.
2026-08-28,1,267,Lukić,IPS,MID,,0,,,,,,,,,Insufficient data,,only 0 finished-gameweek snapshot(s) recorded; need at least 3.
2026-08-28,1,268,King,FUL,MID,,0,,,,,,,,,Insufficient data,,only 0 finished-gameweek snapshot(s) recorded; need at least 3.
2026-08-28,1,269,Sessegnon,FUL,DEF,,0,,,,,,,,,Insufficient data,,only 0 finished-gameweek snapshot(s) recorded; need at least 3.
2026-08-28,1,270,Reed,FUL,MID,,0,,,,,,,,,Insufficient data,,only 0 finished-gameweek snapshot(s) recorded; need at least 3.
2026-08-28,1,271,Muniz,FUL,FWD,,0,,,,,,,,,Insufficient data,,only 0 finished-gameweek snapshot(s) recorded; need at least 3.
2026-08-28,1,272,Kusi-Asare,FUL,FWD,,0,,,,,,,,,Insufficient data,,only 0 finished-gameweek snapshot(s) recorded; need at least 3.
2026-08-28,1,273,Phillips,HUL,GKP,,0,,,,,,,,,Insufficient data,,only 0 finished-gameweek snapshot(s) recorded; need at least 3.
2026-08-28,1,274,Butland,HUL,GKP,0.0,0,,,,,,,,,Insufficient data,,only 0 finished-gameweek snapshot(s) recorded; need at least 3.
2026-08-28,1,275,Cartwright,HUL,GKP,0.0,0,,,,,,,,,Insufficient data,,only 0 finished-gameweek snapshot(s) recorded; need at least 3.
2026-08-28,1,276,Lo-Tutala,HUL,GKP,0.0,0,,,,,,,,,Insufficient data,,only 0 finished-gameweek snapshot(s) recorded; need at least 3.
2026-08-28,1,277,Egan,HUL,DEF,,0,,,,,,,,,Insufficient data,,only 0 finished-gameweek snapshot(s) recorded; need at least 3.
2026-08-28,1,278,Hughes,HUL,DEF,0.0,0,,,,,,,,,Insufficient data,,only 0 finished-gameweek snapshot(s) recorded; need at least 3.
2026-08-28,1,279,Ajayi,HUL,DEF,75.0,0,,,,,,,,,Insufficient data,,only 0 finished-gameweek snapshot(s) recorded; need at least 3.
2026-08-28,1,280,Coyle,HUL,DEF,75.0,0,,,,,,,,,Insufficient data,,only 0 finished-gameweek snapshot(s) recorded; need at least 3.
2026-08-28,1,281,Drameh,HUL,DEF,100.0,0,,,,,,,,,Insufficient data,,only 0 finished-gameweek snapshot(s) recorded; need at least 3.
2026-08-28,1,282,Giles,HUL,DEF,,0,,,,,,,,,Insufficient data,,only 0 finished-gameweek snapshot(s) recorded; need at least 3.
2026-08-28,1,283,Jacob,HUL,DEF,0.0,0,,,,,,,,,Insufficient data,,only 0 finished-gameweek snapshot(s) recorded; need at least 3.
2026-08-28,1,284,McCarthy,HUL,DEF,,0,,,,,,,,,Insufficient data,,only 0 finished-gameweek snapshot(s) recorded; need at least 3.
2026-08-28,1,285,McNair,HUL,DEF,,0,,,,,,,,,Insufficient data,,only 0 finished-gameweek snapshot(s) recorded; need at least 3.
2026-08-28,1,286,Belloumi,HUL,MID,,0,,,,,,,,,Insufficient data,,only 0 finished-gameweek snapshot(s) recorded; need at least 3.
2026-08-28,1,287,Millar,HUL,MID,,0,,,,,,,,,Insufficient data,,only 0 finished-gameweek snapshot(s) recorded; need at least 3.
2026-08-28,1,288,Dowell,HUL,MID,,0,,,,,,,,,Insufficient data,,only 0 finished-gameweek snapshot(s) recorded; need at least 3.
2026-08-28,1,289,Crooks,HUL,MID,,0,,,,,,,,,Insufficient data,,only 0 finished-gameweek snapshot(s) recorded; need at least 3.
2026-08-28,1,290,Slater,HUL,MID,,0,,,,,,,,,Insufficient data,,only 0 finished-gameweek snapshot(s) recorded; need at least 3.
2026-08-28,1,291,Matazo,HUL,MID,0.0,0,,,,,,,,,Insufficient data,,only 0 finished-gameweek snapshot(s) recorded; need at least 3.
2026-08-28,1,292,Ömür,HUL,MID,,0,,,,,,,,,Insufficient data,,only 0 finished-gameweek snapshot(s) recorded; need at least 3.
2026-08-28,1,293,Kamara,HUL,MID,0.0,0,,,,,,,,,Insufficient data,,only 0 finished-gameweek snapshot(s) recorded; need at least 3.
2026-08-28,1,294,Zambrano,HUL,MID,0.0,0,,,,,,,,,Insufficient data,,only 0 finished-gameweek snapshot(s) recorded; need at least 3.
2026-08-28,1,295,McBurnie,HUL,FWD,,0,,,,,,,,,Insufficient data,,only 0 finished-gameweek snapshot(s) recorded; need at least 3.
2026-08-28,1,296,Akintola,HUL,MID,,0,,,,,,,,,Insufficient data,,only 0 finished-gameweek snapshot(s) recorded; need at least 3.
2026-08-28,1,297,Gyabi,HUL,MID,0.0,0,,,,,,,,,Insufficient data,,only 0 finished-gameweek snapshot(s) recorded; need at least 3.
2026-08-28,1,298,Destan,HUL,FWD,0.0,0,,,,,,,,,Insufficient data,,only 0 finished-gameweek snapshot(s) recorded; need at least 3.
2026-08-28,1,299,Burstow,HUL,FWD,0.0,0,,,,,,,,,Insufficient data,,only 0 finished-gameweek snapshot(s) recorded; need at least 3.
2026-08-28,1,300,Walton,IPS,GKP,,0,,,,,,,,,Insufficient data,,only 0 finished-gameweek snapshot(s) recorded; need at least 3.
2026-08-28,1,301,Palmer,IPS,GKP,,0,,,,,,,,,Insufficient data,,only 0 finished-gameweek snapshot(s) recorded; need at least 3.
2026-08-28,1,302,Button,IPS,GKP,,0,,,,,,,,,Insufficient data,,only 0 finished-gameweek snapshot(s) recorded; need at least 3.
2026-08-28,1,303,Kipré,IPS,DEF,,0,,,,,,,,,Insufficient data,,only 0 finished-gameweek snapshot(s) recorded; need at least 3.
2026-08-28,1,304,O'Shea,IPS,DEF,,0,,,,,,,,,Insufficient data,,only 0 finished-gameweek snapshot(s) recorded; need at least 3.
2026-08-28,1,305,Davis,IPS,DEF,,0,,,,,,,,,Insufficient data,,only 0 finished-gameweek snapshot(s) recorded; need at least 3.
2026-08-28,1,306,Greaves,IPS,DEF,,0,,,,,,,,,Insufficient data,,only 0 finished-gameweek snapshot(s) recorded; need at least 3.
2026-08-28,1,307,Johnson,IPS,DEF,,0,,,,,,,,,Insufficient data,,only 0 finished-gameweek snapshot(s) recorded; need at least 3.
2026-08-28,1,308,Furlong,IPS,DEF,,0,,,,,,,,,Insufficient data,,only 0 finished-gameweek snapshot(s) recorded; need at least 3.
2026-08-28,1,309,Núñez,IPS,MID,,0,,,,,,,,,Insufficient data,,only 0 finished-gameweek snapshot(s) recorded; need at least 3.
2026-08-28,1,310,Matusiwa,IPS,MID,0.0,0,,,,,,,,,Insufficient data,,only 0 finished-gameweek snapshot(s) recorded; need at least 3.
2026-08-28,1,311,Burns,IPS,MID,0.0,0,,,,,,,,,Insufficient data,,only 0 finished-gameweek snapshot(s) recorded; need at least 3.
2026-08-28,1,312,Taylor,IPS,MID,0.0,0,,,,,,,,,Insufficient data,,only 0 finished-gameweek snapshot(s) recorded; need at least 3.
2026-08-28,1,313,Clarke,IPS,MID,,0,,,,,,,,,Insufficient data,,only 0 finished-gameweek snapshot(s) recorded; need at least 3.
2026-08-28,1,314,Ogbene,IPS,MID,,0,,,,,,,,,Insufficient data,,only 0 finished-gameweek snapshot(s) recorded; need at least 3.
2026-08-28,1,315,Fatawu,IPS,MID,,0,,,,,,,,,Insufficient data,,only 0 finished-gameweek snapshot(s) recorded; need at least 3.
2026-08-28,1,316,Emersonn,IPS,FWD,,0,,,,,,,,,Insufficient data,,only 0 finished-gameweek snapshot(s) recorded; need at least 3.
2026-08-28,1,317,Hirst,IPS,FWD,0.0,0,,,,,,,,,Insufficient data,,only 0 finished-gameweek snapshot(s) recorded; need at least 3.
2026-08-28,1,318,Philogene,IPS,MID,,0,,,,,,,,,Insufficient data,,only 0 finished-gameweek snapshot(s) recorded; need at least 3.
2026-08-28,1,319,Szmodics,IPS,MID,0.0,0,,,,,,,,,Insufficient data,,only 0 finished-gameweek snapshot(s) recorded; need at least 3.
2026-08-28,1,320,Akpom,IPS,FWD,,0,,,,,,,,,Insufficient data,,only 0 finished-gameweek snapshot(s) recorded; need at least 3.
2026-08-28,1,321,Walle Egeli,IPS,FWD,,0,,,,,,,,,Insufficient data,,only 0 finished-gameweek snapshot(s) recorded; need at least 3.
2026-08-28,1,322,Al-Hamadi,IPS,FWD,,0,,,,,,,,,Insufficient data,,only 0 finished-gameweek snapshot(s) recorded; need at least 3.
2026-08-28,1,323,McAteer,IPS,MID,,0,,,,,,,,,Insufficient data,,only 0 finished-gameweek snapshot(s) recorded; need at least 3.
2026-08-28,1,324,Mehmeti,IPS,MID,,0,,,,,,,,,Insufficient data,,only 0 finished-gameweek snapshot(s) recorded; need at least 3.
2026-08-28,1,325,Darlow,MUN,GKP,100.0,0,,,,,,,,,Insufficient data,,only 0 finished-gameweek snapshot(s) recorded; need at least 3.
2026-08-28,1,326,Perri,LEE,GKP,,0,,,,,,,,,Insufficient data,,only 0 finished-gameweek snapshot(s) recorded; need at least 3.
2026-08-28,1,327,Bijol,LEE,DEF,,0,,,,,,,,,Insufficient data,,only 0 finished-gameweek snapshot(s) recorded; need at least 3.
2026-08-28,1,328,Struijk,BHA,DEF,100.0,0,,,,,,,,,Insufficient data,,only 0 finished-gameweek snapshot(s) recorded; need at least 3.
2026-08-28,1,329,Rodon,LEE,DEF,,0,,,,,,,,,Insufficient data,,only 0 finished-gameweek snapshot(s) recorded; need at least 3.
2026-08-28,1,330,Bogle,LEE,DEF,,0,,,,,,,,,Insufficient data,,only 0 finished-gameweek snapshot(s) recorded; need at least 3.
2026-08-28,1,331,Gudmundsson,LEE,DEF,0.0,0,,,,,,,,,Insufficient data,,only 0 finished-gameweek snapshot(s) recorded; need at least 3.
2026-08-28,1,332,Justin,LEE,DEF,,0,,,,,,,,,Insufficient data,,only 0 finished-gameweek snapshot(s) recorded; need at least 3.
2026-08-28,1,333,Bornauw,LEE,DEF,0.0,0,,,,,,,,,Insufficient data,,only 0 finished-gameweek snapshot(s) recorded; need at least 3.
2026-08-28,1,334,Muharemović,LEE,DEF,,0,,,,,,,,,Insufficient data,,only 0 finished-gameweek snapshot(s) recorded; need at least 3.
2026-08-28,1,335,Stach,LEE,MID,,0,,,,,,,,,Insufficient data,,only 0 finished-gameweek snapshot(s) recorded; need at least 3.
2026-08-28,1,336,Okafor,LEE,MID,,0,,,,,,,,,Insufficient data,,only 0 finished-gameweek snapshot(s) recorded; need at least 3.
2026-08-28,1,337,Aaronson,LEE,MID,,0,,,,,,,,,Insufficient data,,only 0 finished-gameweek snapshot(s) recorded; need at least 3.
2026-08-28,1,338,Ampadu,LEE,MID,,0,,,,,,,,,Insufficient data,,only 0 finished-gameweek snapshot(s) recorded; need at least 3.
2026-08-28,1,339,Longstaff,LEE,MID,,0,,,,,,,,,Insufficient data,,only 0 finished-gameweek snapshot(s) recorded; need at least 3.
2026-08-28,1,340,Gelhardt,HUL,MID,0.0,0,,,,,,,,,Insufficient data,,only 0 finished-gameweek snapshot(s) recorded; need at least 3.
2026-08-28,1,341,Gnonto,LEE,MID,0.0,0,,,,,,,,,Insufficient data,,only 0 finished-gameweek snapshot(s) recorded; need at least 3.
2026-08-28,1,342,Harrison,LEE,MID,0.0,0,,,,,,,,,Insufficient data,,only 0 finished-gameweek snapshot(s) recorded; need at least 3.
2026-08-28,1,343,James,LEE,MID,,0,,,,,,,,,Insufficient data,,only 0 finished-gameweek snapshot(s) recorded; need at least 3.
2026-08-28,1,344,Gruev,LEE,MID,0.0,0,,,,,,,,,Insufficient data,,only 0 finished-gameweek snapshot(s) recorded; need at least 3.
2026-08-28,1,345,Tanaka,LEE,MID,,0,,,,,,,,,Insufficient data,,only 0 finished-gameweek snapshot(s) recorded; need at least 3.
2026-08-28,1,346,Calvert-Lewin,LEE,FWD,,0,,,,,,,,,Insufficient data,,only 0 finished-gameweek snapshot(s) recorded; need at least 3.
2026-08-28,1,347,Nmecha,LEE,FWD,,0,,,,,,,,,Insufficient data,,only 0 finished-gameweek snapshot(s) recorded; need at least 3.
2026-08-28,1,348,Piroe,LEE,FWD,0.0,0,,,,,,,,,Insufficient data,,only 0 finished-gameweek snapshot(s) recorded; need at least 3.
2026-08-28,1,349,Mateo Joseph,LEE,FWD,0.0,0,,,,,,,,,Insufficient data,,only 0 finished-gameweek snapshot(s) recorded; need at least 3.
2026-08-28,1,350,A.Becker,LIV,GKP,,0,,,,,,,,,Insufficient data,,only 0 finished-gameweek snapshot(s) recorded; need at least 3.
2026-08-28,1,351,Mamardashvili,LIV,GKP,,0,,,,,,,,,Insufficient data,,only 0 finished-gameweek snapshot(s) recorded; need at least 3.
2026-08-28,1,352,Woodman,LIV,GKP,,0,,,,,,,,,Insufficient data,,only 0 finished-gameweek snapshot(s) recorded; need at least 3.
2026-08-28,1,353,Pecsi,LIV,GKP,0.0,0,,,,,,,,,Insufficient data,,only 0 finished-gameweek snapshot(s) recorded; need at least 3.
2026-08-28,1,354,Jaros,LIV,GKP,0.0,0,,,,,,,,,Insufficient data,,only 0 finished-gameweek snapshot(s) recorded; need at least 3.
2026-08-28,1,355,Davies,LIV,GKP,,0,,,,,,,,,Insufficient data,,only 0 finished-gameweek snapshot(s) recorded; need at least 3.
2026-08-28,1,356,Virgil,LIV,DEF,,0,,,,,,,,,Insufficient data,,only 0 finished-gameweek snapshot(s) recorded; need at least 3.
2026-08-28,1,357,Frimpong,LIV,DEF,,0,,,,,,,,,Insufficient data,,only 0 finished-gameweek snapshot(s) recorded; need at least 3.
2026-08-28,1,358,Kerkez,LIV,DEF,,0,,,,,,,,,Insufficient data,,only 0 finished-gameweek snapshot(s) recorded; need at least 3.
2026-08-28,1,359,Gomez,LIV,DEF,0.0,0,,,,,,,,,Insufficient data,,only 0 finished-gameweek snapshot(s) recorded; need at least 3.
2026-08-28,1,360,Bradley,LIV,DEF,0.0,0,,,,,,,,,Insufficient data,,only 0 finished-gameweek snapshot(s) recorded; need at least 3.
2026-08-28,1,361,Lucky,LIV,DEF,,0,,,,,,,,,Insufficient data,,only 0 finished-gameweek snapshot(s) recorded; need at least 3.
2026-08-28,1,362,Jacquet,LIV,DEF,100.0,0,,,,,,,,,Insufficient data,,only 0 finished-gameweek snapshot(s) recorded; need at least 3.
2026-08-28,1,363,Leoni,LIV,DEF,0.0,0,,,,,,,,,Insufficient data,,only 0 finished-gameweek snapshot(s) recorded; need at least 3.
2026-08-28,1,364,Tsimikas,LIV,DEF,,0,,,,,,,,,Insufficient data,,only 0 finished-gameweek snapshot(s) recorded; need at least 3.
2026-08-28,1,365,Ramsay,LIV,DEF,,0,,,,,,,,,Insufficient data,,only 0 finished-gameweek snapshot(s) recorded; need at least 3.
2026-08-28,1,366,Wirtz,LIV,MID,,0,,,,,,,,,Insufficient data,,only 0 finished-gameweek snapshot(s) recorded; need at least 3.
2026-08-28,1,367,Gakpo,LIV,MID,,0,,,,,,,,,Insufficient data,,only 0 finished-gameweek snapshot(s) recorded; need at least 3.
2026-08-28,1,368,Szoboszlai,LIV,MID,,0,,,,,,,,,Insufficient data,,only 0 finished-gameweek snapshot(s) recorded; need at least 3.
2026-08-28,1,369,Ngumoha,LIV,MID,,0,,,,,,,,,Insufficient data,,only 0 finished-gameweek snapshot(s) recorded; need at least 3.
2026-08-28,1,370,Chiesa,LIV,MID,,0,,,,,,,,,Insufficient data,,only 0 finished-gameweek snapshot(s) recorded; need at least 3.
2026-08-28,1,371,Gravenberch,LIV,MID,,0,,,,,,,,,Insufficient data,,only 0 finished-gameweek snapshot(s) recorded; need at least 3.
2026-08-28,1,372,Mac Allister,LIV,MID,,0,,,,,,,,,Insufficient data,,only 0 finished-gameweek snapshot(s) recorded; need at least 3.
2026-08-28,1,373,C.Jones,LIV,MID,75.0,0,,,,,,,,,Insufficient data,,only 0 finished-gameweek snapshot(s) recorded; need at least 3.
2026-08-28,1,374,Endo,LIV,MID,100.0,0,,,,,,,,,Insufficient data,,only 0 finished-gameweek snapshot(s) recorded; need at least 3.
2026-08-28,1,375,Nyoni,LIV,MID,,0,,,,,,,,,Insufficient data,,only 0 finished-gameweek snapshot(s) recorded; need at least 3.
2026-08-28,1,376,Bajcetic,LIV,MID,0.0,0,,,,,,,,,Insufficient data,,only 0 finished-gameweek snapshot(s) recorded; need at least 3.
2026-08-28,1,377,Munoz,LIV,MID,,0,,,,,,,,,Insufficient data,,only 0 finished-gameweek snapshot(s) recorded; need at least 3.
2026-08-28,1,378,McConnell,LIV,MID,,0,,,,,,,,,Insufficient data,,only 0 finished-gameweek snapshot(s) recorded; need at least 3.
2026-08-28,1,379,Isak,LIV,FWD,,0,,,,,,,,,Insufficient data,,only 0 finished-gameweek snapshot(s) recorded; need at least 3.
2026-08-28,1,380,Ekitiké,LIV,FWD,0.0,0,,,,,,,,,Insufficient data,,only 0 finished-gameweek snapshot(s) recorded; need at least 3.
2026-08-28,1,381,Koumas,LIV,MID,,0,,,,,,,,,Insufficient data,,only 0 finished-gameweek snapshot(s) recorded; need at least 3.
2026-08-28,1,382,Danns,LIV,FWD,0.0,0,,,,,,,,,Insufficient data,,only 0 finished-gameweek snapshot(s) recorded; need at least 3.
2026-08-28,1,383,Elliott,LIV,MID,,0,,,,,,,,,Insufficient data,,only 0 finished-gameweek snapshot(s) recorded; need at least 3.
2026-08-28,1,384,Donnarumma,MCI,GKP,,0,,,,,,,,,Insufficient data,,only 0 finished-gameweek snapshot(s) recorded; need at least 3.
2026-08-28,1,385,Trafford,LEE,GKP,,0,,,,,,,,,Insufficient data,,only 0 finished-gameweek snapshot(s) recorded; need at least 3.
2026-08-28,1,386,Bettinelli,MCI,GKP,,0,,,,,,,,,Insufficient data,,only 0 finished-gameweek snapshot(s) recorded; need at least 3.
2026-08-28,1,387,O'Reilly,MCI,DEF,,0,,,,,,,,,Insufficient data,,only 0 finished-gameweek snapshot(s) recorded; need at least 3.
2026-08-28,1,388,Guéhi,MCI,DEF,,0,,,,,,,,,Insufficient data,,only 0 finished-gameweek snapshot(s) recorded; need at least 3.
2026-08-28,1,389,Matheus N.,MCI,DEF,100.0,0,,,,,,,,,Insufficient data,,only 0 finished-gameweek snapshot(s) recorded; need at least 3.
2026-08-28,1,390,Rúben,MCI,DEF,,0,,,,,,,,,Insufficient data,,only 0 finished-gameweek snapshot(s) recorded; need at least 3.
2026-08-28,1,391,Gvardiol,MCI,DEF,,0,,,,,,,,,Insufficient data,,only 0 finished-gameweek snapshot(s) recorded; need at least 3.
2026-08-28,1,392,Aït-Nouri,MCI,DEF,,0,,,,,,,,,Insufficient data,,only 0 finished-gameweek snapshot(s) recorded; need at least 3.
2026-08-28,1,393,Khusanov,MCI,DEF,,0,,,,,,,,,Insufficient data,,only 0 finished-gameweek snapshot(s) recorded; need at least 3.
2026-08-28,1,394,Alleyne,MCI,DEF,0.0,0,,,,,,,,,Insufficient data,,only 0 finished-gameweek snapshot(s) recorded; need at least 3.
2026-08-28,1,395,Lewis,MCI,DEF,,0,,,,,,,,,Insufficient data,,only 0 finished-gameweek snapshot(s) recorded; need at least 3.
2026-08-28,1,396,Vitor Reis,MCI,DEF,,0,,,,,,,,,Insufficient data,,only 0 finished-gameweek snapshot(s) recorded; need at least 3.
2026-08-28,1,397,Semenyo,MCI,MID,,0,,,,,,,,,Insufficient data,,only 0 finished-gameweek snapshot(s) recorded; need at least 3.
2026-08-28,1,398,Foden,MCI,MID,,0,,,,,,,,,Insufficient data,,only 0 finished-gameweek snapshot(s) recorded; need at least 3.
2026-08-28,1,399,Cherki,MCI,MID,,0,,,,,,,,,Insufficient data,,only 0 finished-gameweek snapshot(s) recorded; need at least 3.
2026-08-28,1,400,Doku,MCI,MID,0.0,0,,,,,,,,,Insufficient data,,only 0 finished-gameweek snapshot(s) recorded; need at least 3.
2026-08-28,1,401,Marmoush,MCI,FWD,,0,,,,,,,,,Insufficient data,,only 0 finished-gameweek snapshot(s) recorded; need at least 3.
2026-08-28,1,402,Rodrigo,MCI,MID,0.0,0,,,,,,,,,Insufficient data,,only 0 finished-gameweek snapshot(s) recorded; need at least 3.
2026-08-28,1,403,Savinho,MCI,MID,,0,,,,,,,,,Insufficient data,,only 0 finished-gameweek snapshot(s) recorded; need at least 3.
2026-08-28,1,404,Reijnders,MCI,MID,0.0,0,,,,,,,,,Insufficient data,,only 0 finished-gameweek snapshot(s) recorded; need at least 3.
2026-08-28,1,405,N.Gonzalez,MCI,MID,,0,,,,,,,,,Insufficient data,,only 0 finished-gameweek snapshot(s) recorded; need at least 3.
2026-08-28,1,406,Kovačić,MCI,MID,,0,,,,,,,,,Insufficient data,,only 0 finished-gameweek snapshot(s) recorded; need at least 3.
2026-08-28,1,407,Echeverri,MCI,MID,,0,,,,,,,,,Insufficient data,,only 0 finished-gameweek snapshot(s) recorded; need at least 3.
2026-08-28,1,408,Phillips,MCI,MID,0.0,0,,,,,,,,,Insufficient data,,only 0 finished-gameweek snapshot(s) recorded; need at least 3.
2026-08-28,1,409,Mukasa,MCI,MID,,0,,,,,,,,,Insufficient data,,only 0 finished-gameweek snapshot(s) recorded; need at least 3.
2026-08-28,1,410,Monga,MCI,MID,,0,,,,,,,,,Insufficient data,,only 0 finished-gameweek snapshot(s) recorded; need at least 3.
2026-08-28,1,411,Haaland,MCI,FWD,,0,,,,,,,,,Insufficient data,,only 0 finished-gameweek snapshot(s) recorded; need at least 3.
2026-08-28,1,412,Lammens,MUN,GKP,,0,,,,,,,,,Insufficient data,,only 0 finished-gameweek snapshot(s) recorded; need at least 3.
2026-08-28,1,413,Bayindir,MUN,GKP,0.0,0,,,,,,,,,Insufficient data,,only 0 finished-gameweek snapshot(s) recorded; need at least 3.
2026-08-28,1,414,Heaton,MUN,GKP,0.0,0,,,,,,,,,Insufficient data,,only 0 finished-gameweek snapshot(s) recorded; need at least 3.
2026-08-28,1,415,Dorgu,MUN,MID,,0,,,,,,,,,Insufficient data,,only 0 finished-gameweek snapshot(s) recorded; need at least 3.
2026-08-28,1,416,De Ligt,MUN,DEF,0.0,0,,,,,,,,,Insufficient data,,only 0 finished-gameweek snapshot(s) recorded; need at least 3.
2026-08-28,1,417,Dalot,MUN,DEF,,0,,,,,,,,,Insufficient data,,only 0 finished-gameweek snapshot(s) recorded; need at least 3.
2026-08-28,1,418,Maguire,MUN,DEF,,0,,,,,,,,,Insufficient data,,only 0 finished-gameweek snapshot(s) recorded; need at least 3.
2026-08-28,1,419,Martinez,MUN,DEF,100.0,0,,,,,,,,,Insufficient data,,only 0 finished-gameweek snapshot(s) recorded; need at least 3.
2026-08-28,1,420,Yoro,MUN,DEF,,0,,,,,,,,,Insufficient data,,only 0 finished-gameweek snapshot(s) recorded; need at least 3.
2026-08-28,1,421,Heaven,MUN,DEF,,0,,,,,,,,,Insufficient data,,only 0 finished-gameweek snapshot(s) recorded; need at least 3.
2026-08-28,1,422,Mazraoui,MUN,DEF,,0,,,,,,,,,Insufficient data,,only 0 finished-gameweek snapshot(s) recorded; need at least 3.
2026-08-28,1,423,Shaw,MUN,DEF,,0,,,,,,,,,Insufficient data,,only 0 finished-gameweek snapshot(s) recorded; need at least 3.
2026-08-28,1,424,Amass,MUN,DEF,,0,,,,,,,,,Insufficient data,,only 0 finished-gameweek snapshot(s) recorded; need at least 3.
2026-08-28,1,425,Fredricson,MUN,DEF,0.0,0,,,,,,,,,Insufficient data,,only 0 finished-gameweek snapshot(s) recorded; need at least 3.
2026-08-28,1,426,B.Fernandes,MUN,MID,,0,,,,,,,,,Insufficient data,,only 0 finished-gameweek snapshot(s) recorded; need at least 3.
2026-08-28,1,427,Mbeumo,MUN,MID,,0,,,,,,,,,Insufficient data,,only 0 finished-gameweek snapshot(s) recorded; need at least 3.
2026-08-28,1,428,Cunha,MUN,MID,,0,,,,,,,,,Insufficient data,,only 0 finished-gameweek snapshot(s) recorded; need at least 3.
2026-08-28,1,429,Rashford,MUN,MID,,0,,,,,,,,,Insufficient data,,only 0 finished-gameweek snapshot(s) recorded; need at least 3.
2026-08-28,1,430,Mount,MUN,MID,75.0,0,,,,,,,,,Insufficient data,,only 0 finished-gameweek snapshot(s) recorded; need at least 3.
2026-08-28,1,431,Amad,MUN,MID,75.0,0,,,,,,,,,Insufficient data,,only 0 finished-gameweek snapshot(s) recorded; need at least 3.
2026-08-28,1,432,Mainoo,MUN,MID,,0,,,,,,,,,Insufficient data,,only 0 finished-gameweek snapshot(s) recorded; need at least 3.
2026-08-28,1,433,Ugarte,MUN,MID,0.0,0,,,,,,,,,Insufficient data,,only 0 finished-gameweek snapshot(s) recorded; need at least 3.
2026-08-28,1,434,J.Fletcher,MUN,MID,,0,,,,,,,,,Insufficient data,,only 0 finished-gameweek snapshot(s) recorded; need at least 3.
2026-08-28,1,435,Lacey,MUN,MID,,0,,,,,,,,,Insufficient data,,only 0 finished-gameweek snapshot(s) recorded; need at least 3.
2026-08-28,1,436,Collyer,MUN,MID,,0,,,,,,,,,Insufficient data,,only 0 finished-gameweek snapshot(s) recorded; need at least 3.
2026-08-28,1,437,Bendito Mantato,MUN,MID,,0,,,,,,,,,Insufficient data,,only 0 finished-gameweek snapshot(s) recorded; need at least 3.
2026-08-28,1,438,Fletcher,MUN,MID,,0,,,,,,,,,Insufficient data,,only 0 finished-gameweek snapshot(s) recorded; need at least 3.
2026-08-28,1,439,Šeško,MUN,FWD,100.0,0,,,,,,,,,Insufficient data,,only 0 finished-gameweek snapshot(s) recorded; need at least 3.
2026-08-28,1,440,Zirkzee,MUN,FWD,,0,,,,,,,,,Insufficient data,,only 0 finished-gameweek snapshot(s) recorded; need at least 3.
2026-08-28,1,441,Obi,MUN,FWD,,0,,,,,,,,,Insufficient data,,only 0 finished-gameweek snapshot(s) recorded; need at least 3.
2026-08-28,1,442,Pope,NEW,GKP,,0,,,,,,,,,Insufficient data,,only 0 finished-gameweek snapshot(s) recorded; need at least 3.
2026-08-28,1,443,Gillespie,NEW,GKP,,0,,,,,,,,,Insufficient data,,only 0 finished-gameweek snapshot(s) recorded; need at least 3.
2026-08-28,1,444,Jaouen,NEW,GKP,,0,,,,,,,,,Insufficient data,,only 0 finished-gameweek snapshot(s) recorded; need at least 3.
2026-08-28,1,445,Thiaw,NEW,DEF,,0,,,,,,,,,Insufficient data,,only 0 finished-gameweek snapshot(s) recorded; need at least 3.
2026-08-28,1,446,Schär,NEW,DEF,100.0,0,,,,,,,,,Insufficient data,,only 0 finished-gameweek snapshot(s) recorded; need at least 3.
2026-08-28,1,447,Botman,NEW,DEF,,0,,,,,,,,,Insufficient data,,only 0 finished-gameweek snapshot(s) recorded; need at least 3.
2026-08-28,1,448,Burn,NEW,DEF,0.0,0,,,,,,,,,Insufficient data,,only 0 finished-gameweek snapshot(s) recorded; need at least 3.
2026-08-28,1,449,Hall,NEW,DEF,,0,,,,,,,,,Insufficient data,,only 0 finished-gameweek snapshot(s) recorded; need at least 3.
2026-08-28,1,450,Livramento,NEW,DEF,0.0,0,,,,,,,,,Insufficient data,,only 0 finished-gameweek snapshot(s) recorded; need at least 3.
2026-08-28,1,451,A.Murphy,NEW,DEF,0.0,0,,,,,,,,,Insufficient data,,only 0 finished-gameweek snapshot(s) recorded; need at least 3.
2026-08-28,1,452,Bruno G.,ARS,MID,75.0,0,,,,,,,,,Insufficient data,,only 0 finished-gameweek snapshot(s) recorded; need at least 3.
2026-08-28,1,453,Barnes,NEW,MID,,0,,,,,,,,,Insufficient data,,only 0 finished-gameweek snapshot(s) recorded; need at least 3.
2026-08-28,1,454,Elanga,NEW,MID,,0,,,,,,,,,Insufficient data,,only 0 finished-gameweek snapshot(s) recorded; need at least 3.
2026-08-28,1,455,Tonali,TOT,MID,,0,,,,,,,,,Insufficient data,,only 0 finished-gameweek snapshot(s) recorded; need at least 3.
2026-08-28,1,456,J.Ramsey,NEW,MID,,0,,,,,,,,,Insufficient data,,only 0 finished-gameweek snapshot(s) recorded; need at least 3.
2026-08-28,1,457,J.Murphy,NEW,MID,,0,,,,,,,,,Insufficient data,,only 0 finished-gameweek snapshot(s) recorded; need at least 3.
2026-08-28,1,458,Joelinton,NEW,MID,0.0,0,,,,,,,,,Insufficient data,,only 0 finished-gameweek snapshot(s) recorded; need at least 3.
2026-08-28,1,459,L.Miley,NEW,MID,100.0,0,,,,,,,,,Insufficient data,,only 0 finished-gameweek snapshot(s) recorded; need at least 3.
2026-08-28,1,460,Willock,NEW,MID,,0,,,,,,,,,Insufficient data,,only 0 finished-gameweek snapshot(s) recorded; need at least 3.
2026-08-28,1,461,Touré,NEW,MID,,0,,,,,,,,,Insufficient data,,only 0 finished-gameweek snapshot(s) recorded; need at least 3.
2026-08-28,1,462,Steur,NEW,MID,,0,,,,,,,,,Insufficient data,,only 0 finished-gameweek snapshot(s) recorded; need at least 3.
2026-08-28,1,463,Woltemade,NEW,FWD,,0,,,,,,,,,Insufficient data,,only 0 finished-gameweek snapshot(s) recorded; need at least 3.
2026-08-28,1,464,Wissa,NEW,FWD,,0,,,,,,,,,Insufficient data,,only 0 finished-gameweek snapshot(s) recorded; need at least 3.
2026-08-28,1,465,Osula,NEW,FWD,,0,,,,,,,,,Insufficient data,,only 0 finished-gameweek snapshot(s) recorded; need at least 3.
2026-08-28,1,466,Neave,NEW,FWD,,0,,,,,,,,,Insufficient data,,only 0 finished-gameweek snapshot(s) recorded; need at least 3.
2026-08-28,1,467,Sels,NFO,GKP,,0,,,,,,,,,Insufficient data,,only 0 finished-gameweek snapshot(s) recorded; need at least 3.
2026-08-28,1,468,John,NFO,GKP,,0,,,,,,,,,Insufficient data,,only 0 finished-gameweek snapshot(s) recorded; need at least 3.
2026-08-28,1,469,N.Williams,NFO,DEF,,0,,,,,,,,,Insufficient data,,only 0 finished-gameweek snapshot(s) recorded; need at least 3.
2026-08-28,1,470,Morato,NFO,DEF,,0,,,,,,,,,Insufficient data,,only 0 finished-gameweek snapshot(s) recorded; need at least 3.
2026-08-28,1,471,Milenković,NFO,DEF,,0,,,,,,,,,Insufficient data,,only 0 finished-gameweek snapshot(s) recorded; need at least 3.
2026-08-28,1,472,Murillo,NFO,DEF,100.0,0,,,,,,,,,Insufficient data,,only 0 finished-gameweek snapshot(s) recorded; need at least 3.
2026-08-28,1,473,Aina,NFO,DEF,,0,,,,,,,,,Insufficient data,,only 0 finished-gameweek snapshot(s) recorded; need at least 3.
2026-08-28,1,474,Jair Cunha,NFO,DEF,,0,,,,,,,,,Insufficient data,,only 0 finished-gameweek snapshot(s) recorded; need at least 3.
2026-08-28,1,475,Savona,NFO,DEF,0.0,0,,,,,,,,,Insufficient data,,only 0 finished-gameweek snapshot(s) recorded; need at least 3.
2026-08-28,1,476,O.Richards,NFO,DEF,,0,,,,,,,,,Insufficient data,,only 0 finished-gameweek snapshot(s) recorded; need at least 3.
2026-08-28,1,477,Abbott,NFO,DEF,,0,,,,,,,,,Insufficient data,,only 0 finished-gameweek snapshot(s) recorded; need at least 3.
2026-08-28,1,478,Netz,NFO,DEF,,0,,,,,,,,,Insufficient data,,only 0 finished-gameweek snapshot(s) recorded; need at least 3.
2026-08-28,1,479,Bindon,NFO,DEF,,0,,,,,,,,,Insufficient data,,only 0 finished-gameweek snapshot(s) recorded; need at least 3.
2026-08-28,1,480,Gibbs-White,NFO,MID,75.0,0,,,,,,,,,Insufficient data,,only 0 finished-gameweek snapshot(s) recorded; need at least 3.
2026-08-28,1,481,Anderson,MCI,MID,75.0,0,,,,,,,,,Insufficient data,,only 0 finished-gameweek snapshot(s) recorded; need at least 3.
2026-08-28,1,482,Hudson-Odoi,NFO,MID,100.0,0,,,,,,,,,Insufficient data,,only 0 finished-gameweek snapshot(s) recorded; need at least 3.
2026-08-28,1,483,Ndoye,NFO,MID,,0,,,,,,,,,Insufficient data,,only 0 finished-gameweek snapshot(s) recorded; need at least 3.
2026-08-28,1,484,Hutchinson,NFO,MID,,0,,,,,,,,,Insufficient data,,only 0 finished-gameweek snapshot(s) recorded; need at least 3.
2026-08-28,1,485,Bakwa,NFO,MID,,0,,,,,,,,,Insufficient data,,only 0 finished-gameweek snapshot(s) recorded; need at least 3.
2026-08-28,1,486,McAtee,NFO,MID,,0,,,,,,,,,Insufficient data,,only 0 finished-gameweek snapshot(s) recorded; need at least 3.
2026-08-28,1,487,Dominguez,NFO,MID,,0,,,,,,,,,Insufficient data,,only 0 finished-gameweek snapshot(s) recorded; need at least 3.
2026-08-28,1,488,I.Sangaré,NFO,MID,,0,,,,,,,,,Insufficient data,,only 0 finished-gameweek snapshot(s) recorded; need at least 3.
2026-08-28,1,489,Yates,NFO,MID,0.0,0,,,,,,,,,Insufficient data,,only 0 finished-gameweek snapshot(s) recorded; need at least 3.
2026-08-28,1,490,Wood,NFO,FWD,,0,,,,,,,,,Insufficient data,,only 0 finished-gameweek snapshot(s) recorded; need at least 3.
2026-08-28,1,491,Igor Jesus,NFO,FWD,,0,,,,,,,,,Insufficient data,,only 0 finished-gameweek snapshot(s) recorded; need at least 3.
2026-08-28,1,492,Awoniyi,COV,FWD,,0,,,,,,,,,Insufficient data,,only 0 finished-gameweek snapshot(s) recorded; need at least 3.
2026-08-28,1,493,Kalimuendo,NFO,FWD,,0,,,,,,,,,Insufficient data,,only 0 finished-gameweek snapshot(s) recorded; need at least 3.
2026-08-28,1,494,Vicario,TOT,GKP,0.0,0,,,,,,,,,Insufficient data,,only 0 finished-gameweek snapshot(s) recorded; need at least 3.
2026-08-28,1,495,Austin,TOT,GKP,,0,,,,,,,,,Insufficient data,,only 0 finished-gameweek snapshot(s) recorded; need at least 3.
2026-08-28,1,496,Kinsky,TOT,GKP,,0,,,,,,,,,Insufficient data,,only 0 finished-gameweek snapshot(s) recorded; need at least 3.
2026-08-28,1,497,Dubravka,TOT,GKP,,0,,,,,,,,,Insufficient data,,only 0 finished-gameweek snapshot(s) recorded; need at least 3.
2026-08-28,1,498,Senesi,TOT,DEF,,0,,,,,,,,,Insufficient data,,only 0 finished-gameweek snapshot(s) recorded; need at least 3.
2026-08-28,1,499,Pedro Porro,TOT,DEF,75.0,0,,,,,,,,,Insufficient data,,only 0 finished-gameweek snapshot(s) recorded; need at least 3.
2026-08-28,1,500,Romero,TOT,DEF,0.0,0,,,,,,,,,Insufficient data,,only 0 finished-gameweek snapshot(s) recorded; need at least 3.
2026-08-28,1,501,Danso,TOT,DEF,,0,,,,,,,,,Insufficient data,,only 0 finished-gameweek snapshot(s) recorded; need at least 3.
2026-08-28,1,502,Robertson,TOT,DEF,,0,,,,,,,,,Insufficient data,,only 0 finished-gameweek snapshot(s) recorded; need at least 3.
2026-08-28,1,503,Van de Ven,TOT,DEF,50.0,0,,,,,,,,,Insufficient data,,only 0 finished-gameweek snapshot(s) recorded; need at least 3.
2026-08-28,1,504,Vuskovic,BHA,DEF,,0,,,,,,,,,Insufficient data,,only 0 finished-gameweek snapshot(s) recorded; need at least 3.
2026-08-28,1,505,Spence,TOT,DEF,0.0,0,,,,,,,,,Insufficient data,,only 0 finished-gameweek snapshot(s) recorded; need at least 3.
2026-08-28,1,506,Udogie,TOT,DEF,,0,,,,,,,,,Insufficient data,,only 0 finished-gameweek snapshot(s) recorded; need at least 3.
2026-08-28,1,507,Phillips,TOT,DEF,0.0,0,,,,,,,,,Insufficient data,,only 0 finished-gameweek snapshot(s) recorded; need at least 3.
2026-08-28,1,508,Davies,TOT,DEF,,0,,,,,,,,,Insufficient data,,only 0 finished-gameweek snapshot(s) recorded; need at least 3.
2026-08-28,1,509,Byfield,TOT,DEF,,0,,,,,,,,,Insufficient data,,only 0 finished-gameweek snapshot(s) recorded; need at least 3.
2026-08-28,1,510,Rowswell,TOT,DEF,,0,,,,,,,,,Insufficient data,,only 0 finished-gameweek snapshot(s) recorded; need at least 3.
2026-08-28,1,511,Souza,TOT,DEF,,0,,,,,,,,,Insufficient data,,only 0 finished-gameweek snapshot(s) recorded; need at least 3.
2026-08-28,1,512,Kudus,TOT,MID,50.0,0,,,,,,,,,Insufficient data,,only 0 finished-gameweek snapshot(s) recorded; need at least 3.
2026-08-28,1,513,Xavi,TOT,MID,0.0,0,,,,,,,,,Insufficient data,,only 0 finished-gameweek snapshot(s) recorded; need at least 3.
2026-08-28,1,514,Tel,TOT,MID,,0,,,,,,,,,Insufficient data,,only 0 finished-gameweek snapshot(s) recorded; need at least 3.
2026-08-28,1,515,Maddison,TOT,MID,,0,,,,,,,,,Insufficient data,,only 0 finished-gameweek snapshot(s) recorded; need at least 3.
2026-08-28,1,516,Bentancur,TOT,MID,,0,,,,,,,,,Insufficient data,,only 0 finished-gameweek snapshot(s) recorded; need at least 3.
2026-08-28,1,517,Odobert,TOT,MID,0.0,0,,,,,,,,,Insufficient data,,only 0 finished-gameweek snapshot(s) recorded; need at least 3.
2026-08-28,1,518,P.M.Sarr,TOT,MID,0.0,0,,,,,,,,,Insufficient data,,only 0 finished-gameweek snapshot(s) recorded; need at least 3.
2026-08-28,1,519,Gallagher,TOT,MID,,0,,,,,,,,,Insufficient data,,only 0 finished-gameweek snapshot(s) recorded; need at least 3.
2026-08-28,1,520,Bergvall,TOT,MID,,0,,,,,,,,,Insufficient data,,only 0 finished-gameweek snapshot(s) recorded; need at least 3.
2026-08-28,1,521,Kulusevski,TOT,MID,0.0,0,,,,,,,,,Insufficient data,,only 0 finished-gameweek snapshot(s) recorded; need at least 3.
2026-08-28,1,522,Gray,TOT,MID,,0,,,,,,,,,Insufficient data,,only 0 finished-gameweek snapshot(s) recorded; need at least 3.
2026-08-28,1,523,Moore,TOT,MID,,0,,,,,,,,,Insufficient data,,only 0 finished-gameweek snapshot(s) recorded; need at least 3.
2026-08-28,1,524,Olusesi,TOT,MID,,0,,,,,,,,,Insufficient data,,only 0 finished-gameweek snapshot(s) recorded; need at least 3.
2026-08-28,1,525,Fernandes,TOT,MID,,0,,,,,,,,,Insufficient data,,only 0 finished-gameweek snapshot(s) recorded; need at least 3.
2026-08-28,1,526,Solanke,TOT,FWD,,0,,,,,,,,,Insufficient data,,only 0 finished-gameweek snapshot(s) recorded; need at least 3.
2026-08-28,1,527,Richarlison,TOT,FWD,,0,,,,,,,,,Insufficient data,,only 0 finished-gameweek snapshot(s) recorded; need at least 3.
2026-08-28,1,528,Scarlett,TOT,FWD,,0,,,,,,,,,Insufficient data,,only 0 finished-gameweek snapshot(s) recorded; need at least 3.
2026-08-28,1,529,Roefs,SUN,GKP,,0,,,,,,,,,Insufficient data,,only 0 finished-gameweek snapshot(s) recorded; need at least 3.
2026-08-28,1,530,Patterson,SUN,GKP,0.0,0,,,,,,,,,Insufficient data,,only 0 finished-gameweek snapshot(s) recorded; need at least 3.
2026-08-28,1,531,Ellborg,SUN,GKP,,0,,,,,,,,,Insufficient data,,only 0 finished-gameweek snapshot(s) recorded; need at least 3.
2026-08-28,1,532,Ballard,SUN,DEF,,0,,,,,,,,,Insufficient data,,only 0 finished-gameweek snapshot(s) recorded; need at least 3.
2026-08-28,1,533,Mukiele,SUN,DEF,100.0,0,,,,,,,,,Insufficient data,,only 0 finished-gameweek snapshot(s) recorded; need at least 3.
2026-08-28,1,534,Hume,SUN,DEF,,0,,,,,,,,,Insufficient data,,only 0 finished-gameweek snapshot(s) recorded; need at least 3.
2026-08-28,1,535,Alderete,SUN,DEF,100.0,0,,,,,,,,,Insufficient data,,only 0 finished-gameweek snapshot(s) recorded; need at least 3.
2026-08-28,1,536,Reinildo,SUN,DEF,,0,,,,,,,,,Insufficient data,,only 0 finished-gameweek snapshot(s) recorded; need at least 3.
2026-08-28,1,537,Seelt,SUN,DEF,,0,,,,,,,,,Insufficient data,,only 0 finished-gameweek snapshot(s) recorded; need at least 3.
2026-08-28,1,538,Hjelde,SUN,DEF,0.0,0,,,,,,,,,Insufficient data,,only 0 finished-gameweek snapshot(s) recorded; need at least 3.
2026-08-28,1,539,O'Nien,SUN,DEF,,0,,,,,,,,,Insufficient data,,only 0 finished-gameweek snapshot(s) recorded; need at least 3.
2026-08-28,1,540,Masuaku,SUN,DEF,0.0,0,,,,,,,,,Insufficient data,,only 0 finished-gameweek snapshot(s) recorded; need at least 3.
2026-08-28,1,541,Meunier,SUN,DEF,100.0,0,,,,,,,,,Insufficient data,,only 0 finished-gameweek snapshot(s) recorded; need at least 3.
2026-08-28,1,542,E.Le Fée,SUN,MID,,0,,,,,,,,,Insufficient data,,only 0 finished-gameweek snapshot(s) recorded; need at least 3.
2026-08-28,1,543,Diarra,SUN,MID,,0,,,,,,,,,Insufficient data,,only 0 finished-gameweek snapshot(s) recorded; need at least 3.
2026-08-28,1,544,Xhaka,SUN,MID,,0,,,,,,,,,Insufficient data,,only 0 finished-gameweek snapshot(s) recorded; need at least 3.
2026-08-28,1,545,Sadiki,SUN,MID,,0,,,,,,,,,Insufficient data,,only 0 finished-gameweek snapshot(s) recorded; need at least 3.
2026-08-28,1,546,Adingra,SUN,MID,0.0,0,,,,,,,,,Insufficient data,,only 0 finished-gameweek snapshot(s) recorded; need at least 3.
2026-08-28,1,547,Mundle,SUN,MID,,0,,,,,,,,,Insufficient data,,only 0 finished-gameweek snapshot(s) recorded; need at least 3.
2026-08-28,1,548,Rigg,SUN,MID,,0,,,,,,,,,Insufficient data,,only 0 finished-gameweek snapshot(s) recorded; need at least 3.
2026-08-28,1,549,Talbi,SUN,MID,,0,,,,,,,,,Insufficient data,,only 0 finished-gameweek snapshot(s) recorded; need at least 3.
2026-08-28,1,550,Jocelin.T,SUN,MID,,0,,,,,,,,,Insufficient data,,only 0 finished-gameweek snapshot(s) recorded; need at least 3.
2026-08-28,1,551,Angulo,SUN,MID,,0,,,,,,,,,Insufficient data,,only 0 finished-gameweek snapshot(s) recorded; need at least 3.
2026-08-28,1,552,Brobbey,SUN,FWD,,0,,,,,,,,,Insufficient data,,only 0 finished-gameweek snapshot(s) recorded; need at least 3.
2026-08-28,1,553,Isidor,SUN,FWD,,0,,,,,,,,,Insufficient data,,only 0 finished-gameweek snapshot(s) recorded; need at least 3.
2026-08-28,1,554,Van Oevelen,IPS,GKP,,0,,,,,,,,,Insufficient data,,only 0 finished-gameweek snapshot(s) recorded; need at least 3.
2026-08-28,1,555,Matthews,CRY,GKP,,0,,,,,,,,,Insufficient data,,only 0 finished-gameweek snapshot(s) recorded; need at least 3.
2026-08-28,1,556,Targett,HUL,DEF,,0,,,,,,,,,Insufficient data,,only 0 finished-gameweek snapshot(s) recorded; need at least 3.
2026-08-28,1,557,Tzolis,ARS,MID,,0,,,,,,,,,Insufficient data,,only 0 finished-gameweek snapshot(s) recorded; need at least 3.
2026-08-28,1,558,Schlager,NFO,MID,,0,,,,,,,,,Insufficient data,,only 0 finished-gameweek snapshot(s) recorded; need at least 3.
2026-08-28,1,559,Bamba,NEW,MID,,0,,,,,,,,,Insufficient data,,only 0 finished-gameweek snapshot(s) recorded; need at least 3.
2026-08-28,1,560,Penders,CHE,GKP,,0,,,,,,,,,Insufficient data,,only 0 finished-gameweek snapshot(s) recorded; need at least 3.
2026-08-28,1,561,Anselmino,CHE,DEF,25.0,0,,,,,,,,,Insufficient data,,only 0 finished-gameweek snapshot(s) recorded; need at least 3.
2026-08-28,1,562,Maeda,IPS,MID,,0,,,,,,,,,Insufficient data,,only 0 finished-gameweek snapshot(s) recorded; need at least 3.
2026-08-28,1,563,Morita,HUL,MID,50.0,0,,,,,,,,,Insufficient data,,only 0 finished-gameweek snapshot(s) recorded; need at least 3.
2026-08-28,1,564,Scherpen,IPS,GKP,,0,,,,,,,,,Insufficient data,,only 0 finished-gameweek snapshot(s) recorded; need at least 3.
2026-08-28,1,565,M.Sangaré,BRE,MID,,0,,,,,,,,,Insufficient data,,only 0 finished-gameweek snapshot(s) recorded; need at least 3.
2026-08-28,1,566,Silva,BOU,DEF,,0,,,,,,,,,Insufficient data,,only 0 finished-gameweek snapshot(s) recorded; need at least 3.
2026-08-28,1,567,Horníček,NEW,GKP,,0,,,,,,,,,Insufficient data,,only 0 finished-gameweek snapshot(s) recorded; need at least 3.
2026-08-28,1,568,Barco,CHE,MID,,0,,,,,,,,,Insufficient data,,only 0 finished-gameweek snapshot(s) recorded; need at least 3.
2026-08-28,1,569,Gonzalo,FUL,FWD,,0,,,,,,,,,Insufficient data,,only 0 finished-gameweek snapshot(s) recorded; need at least 3.
2026-08-28,1,570,Palacios,FUL,MID,,0,,,,,,,,,Insufficient data,,only 0 finished-gameweek snapshot(s) recorded; need at least 3.
2026-08-28,1,571,Florentino,IPS,MID,,0,,,,,,,,,Insufficient data,,only 0 finished-gameweek snapshot(s) recorded; need at least 3.
2026-08-28,1,572,Tzolakis,HUL,GKP,,0,,,,,,,,,Insufficient data,,only 0 finished-gameweek snapshot(s) recorded; need at least 3.
2026-08-28,1,573,Sanchez,BOU,DEF,,0,,,,,,,,,Insufficient data,,only 0 finished-gameweek snapshot(s) recorded; need at least 3.
2026-08-28,1,574,Hjertø-Dahl,HUL,MID,,0,,,,,,,,,Insufficient data,,only 0 finished-gameweek snapshot(s) recorded; need at least 3.
2026-08-28,1,575,Yirenkyi,COV,MID,,0,,,,,,,,,Insufficient data,,only 0 finished-gameweek snapshot(s) recorded; need at least 3.
2026-08-28,1,576,Stroud,HUL,MID,,0,,,,,,,,,Insufficient data,,only 0 finished-gameweek snapshot(s) recorded; need at least 3.
2026-08-28,1,577,Tomiyasu,CRY,DEF,,0,,,,,,,,,Insufficient data,,only 0 finished-gameweek snapshot(s) recorded; need at least 3.
2026-08-28,1,578,Mudryk,CHE,MID,,0,,,,,,,,,Insufficient data,,only 0 finished-gameweek snapshot(s) recorded; need at least 3.
2026-08-28,1,579,Araujo,LIV,DEF,,0,,,,,,,,,Insufficient data,,only 0 finished-gameweek snapshot(s) recorded; need at least 3.
2026-08-28,1,580,Charles,FUL,MID,,0,,,,,,,,,Insufficient data,,only 0 finished-gameweek snapshot(s) recorded; need at least 3.
2026-08-28,1,581,Diomande,NFO,DEF,,0,,,,,,,,,Insufficient data,,only 0 finished-gameweek snapshot(s) recorded; need at least 3.
2026-08-28,1,582,Madjo,AVL,FWD,0.0,0,,,,,,,,,Insufficient data,,only 0 finished-gameweek snapshot(s) recorded; need at least 3.
2026-08-28,1,583,Chavarria,CHE,DEF,,0,,,,,,,,,Insufficient data,,only 0 finished-gameweek snapshot(s) recorded; need at least 3.
2026-08-28,1,584,Hamer,COV,MID,,0,,,,,,,,,Insufficient data,,only 0 finished-gameweek snapshot(s) recorded; need at least 3.
2026-08-28,1,585,Herrington,HUL,DEF,,0,,,,,,,,,Insufficient data,,only 0 finished-gameweek snapshot(s) recorded; need at least 3.
2026-08-28,1,586,Mendy,HUL,DEF,75.0,0,,,,,,,,,Insufficient data,,only 0 finished-gameweek snapshot(s) recorded; need at least 3.
2026-08-28,1,587,Rulli,MCI,GKP,,0,,,,,,,,,Insufficient data,,only 0 finished-gameweek snapshot(s) recorded; need at least 3.
2026-08-28,1,588,Khalaili,CRY,DEF,,0,,,,,,,,,Insufficient data,,only 0 finished-gameweek snapshot(s) recorded; need at least 3.
2026-08-28,1,589,Gourna-Douath,HUL,MID,,0,,,,,,,,,Insufficient data,,only 0 finished-gameweek snapshot(s) recorded; need at least 3.
2026-08-28,1,590,Benda,NFO,GKP,,0,,,,,,,,,Insufficient data,,only 0 finished-gameweek snapshot(s) recorded; need at least 3.
2026-08-28,1,591,Enciso,IPS,MID,75.0,0,,,,,,,,,Insufficient data,,only 0 finished-gameweek snapshot(s) recorded; need at least 3.
2026-08-28,1,592,Ouattara,IPS,DEF,,0,,,,,,,,,Insufficient data,,only 0 finished-gameweek snapshot(s) recorded; need at least 3.
2026-08-28,1,593,Dedić,NEW,DEF,,0,,,,,,,,,Insufficient data,,only 0 finished-gameweek snapshot(s) recorded; need at least 3.
2026-08-28,1,594,David,BHA,FWD,,0,,,,,,,,,Insufficient data,,only 0 finished-gameweek snapshot(s) recorded; need at least 3.
2026-08-28,1,595,Gozo,CRY,MID,,0,,,,,,,,,Insufficient data,,only 0 finished-gameweek snapshot(s) recorded; need at least 3.
2026-08-28,1,596,Ruggeri,AVL,DEF,,0,,,,,,,,,Insufficient data,,only 0 finished-gameweek snapshot(s) recorded; need at least 3.
2026-08-28,1,597,Suzuki,AVL,GKP,,0,,,,,,,,,Insufficient data,,only 0 finished-gameweek snapshot(s) recorded; need at least 3.
2026-08-28,1,598,Elvedi,LEE,DEF,,0,,,,,,,,,Insufficient data,,only 0 finished-gameweek snapshot(s) recorded; need at least 3.
2026-08-28,1,599,Cherif,COV,FWD,,0,,,,,,,,,Insufficient data,,only 0 finished-gameweek snapshot(s) recorded; need at least 3.
2026-08-28,1,600,Osman,BHA,MID,,0,,,,,,,,,Insufficient data,,only 0 finished-gameweek snapshot(s) recorded; need at least 3.
2026-08-28,1,601,Williams-Barnett,TOT,MID,,0,,,,,,,,,Insufficient data,,only 0 finished-gameweek snapshot(s) recorded; need at least 3.
2026-08-28,1,602,Humphreys,IPS,MID,,0,,,,,,,,,Insufficient data,,only 0 finished-gameweek snapshot(s) recorded; need at least 3.
2026-08-28,1,603,Lienou,LEE,DEF,,0,,,,,,,,,Insufficient data,,only 0 finished-gameweek snapshot(s) recorded; need at least 3.
2026-08-28,1,604,Cresswell,LEE,MID,,0,,,,,,,,,Insufficient data,,only 0 finished-gameweek snapshot(s) recorded; need at least 3.
2026-08-28,1,605,Yalcouyé,BHA,MID,,0,,,,,,,,,Insufficient data,,only 0 finished-gameweek snapshot(s) recorded; need at least 3.
2026-08-28,1,606,Rowe,AVL,DEF,,0,,,,,,,,,Insufficient data,,only 0 finished-gameweek snapshot(s) recorded; need at least 3.
2026-08-28,1,607,Lynch,AVL,MID,,0,,,,,,,,,Insufficient data,,only 0 finished-gameweek snapshot(s) recorded; need at least 3.
2026-08-28,1,608,Jebbison,BOU,FWD,,0,,,,,,,,,Insufficient data,,only 0 finished-gameweek snapshot(s) recorded; need at least 3.
2026-08-28,1,609,Shahar,NEW,DEF,,0,,,,,,,,,Insufficient data,,only 0 finished-gameweek snapshot(s) recorded; need at least 3.
2026-08-28,1,610,De Fougerolles,FUL,DEF,,0,,,,,,,,,Insufficient data,,only 0 finished-gameweek snapshot(s) recorded; need at least 3.
2026-09-01,2,1,Raya,ARS,GKP,,0,,,,,,,,,Insufficient data,,only 1 finished-gameweek snapshot(s) recorded; need at least 3.
2026-09-01,2,2,Arrizabalaga,ARS,GKP,,0,,,,,,,,,Insufficient data,,only 1 finished-gameweek snapshot(s) recorded; need at least 3.
2026-09-01,2,3,Meslier,ARS,GKP,,0,,,,,,,,,Insufficient data,,only 1 finished-gameweek snapshot(s) recorded; need at least 3.
2026-09-01,2,4,Gabriel,ARS,DEF,,0,,,,,,,,,Insufficient data,,only 1 finished-gameweek snapshot(s) recorded; need at least 3.
2026-09-01,2,5,J.Timber,ARS,DEF,0.0,0,,,,,,,,,Insufficient data,,only 1 finished-gameweek snapshot(s) recorded; need at least 3.
2026-09-01,2,6,Saliba,ARS,DEF,0.0,0,,,,,,,,,Insufficient data,,only 1 finished-gameweek snapshot(s) recorded; need at least 3.
2026-09-01,2,7,Lewis-Skelly,ARS,MID,,0,,,,,,,,,Insufficient data,,only 1 finished-gameweek snapshot(s) recorded; need at least 3.
2026-09-01,2,8,Calafiori,ARS,DEF,,0,,,,,,,,,Insufficient data,,only 1 finished-gameweek snapshot(s) recorded; need at least 3.
2026-09-01,2,9,Hincapie,ARS,DEF,,0,,,,,,,,,Insufficient data,,only 1 finished-gameweek snapshot(s) recorded; need at least 3.
2026-09-01,2,10,White,ARS,DEF,100.0,0,,,,,,,,,Insufficient data,,only 1 finished-gameweek snapshot(s) recorded; need at least 3.
2026-09-01,2,11,Mosquera,ARS,DEF,,0,,,,,,,,,Insufficient data,,only 1 finished-gameweek snapshot(s) recorded; need at least 3.
2026-09-01,2,12,Saka,ARS,MID,,0,,,,,,,,,Insufficient data,,only 1 finished-gameweek snapshot(s) recorded; need at least 3.
2026-09-01,2,13,Rice,ARS,MID,,0,,,,,,,,,Insufficient data,,only 1 finished-gameweek snapshot(s) recorded; need at least 3.
2026-09-01,2,14,Eze,ARS,MID,,0,,,,,,,,,Insufficient data,,only 1 finished-gameweek snapshot(s) recorded; need at least 3.
2026-09-01,2,15,Ødegaard,ARS,MID,,0,,,,,,,,,Insufficient data,,only 1 finished-gameweek snapshot(s) recorded; need at least 3.
2026-09-01,2,16,Madueke,ARS,MID,,0,,,,,,,,,Insufficient data,,only 1 finished-gameweek snapshot(s) recorded; need at least 3.
2026-09-01,2,17,Merino,ARS,MID,,0,,,,,,,,,Insufficient data,,only 1 finished-gameweek snapshot(s) recorded; need at least 3.
2026-09-01,2,18,Martinelli,ARS,MID,,0,,,,,,,,,Insufficient data,,only 1 finished-gameweek snapshot(s) recorded; need at least 3.
2026-09-01,2,19,Zubimendi,ARS,MID,,0,,,,,,,,,Insufficient data,,only 1 finished-gameweek snapshot(s) recorded; need at least 3.
2026-09-01,2,20,Dowman,ARS,MID,,0,,,,,,,,,Insufficient data,,only 1 finished-gameweek snapshot(s) recorded; need at least 3.
2026-09-01,2,21,Nørgaard,EVE,MID,0.0,0,,,,,,,,,Insufficient data,,only 1 finished-gameweek snapshot(s) recorded; need at least 3.
2026-09-01,2,22,Nwaneri,ARS,MID,,0,,,,,,,,,Insufficient data,,only 1 finished-gameweek snapshot(s) recorded; need at least 3.
2026-09-01,2,23,Fábio Vieira,ARS,MID,,0,,,,,,,,,Insufficient data,,only 1 finished-gameweek snapshot(s) recorded; need at least 3.
2026-09-01,2,24,Nelson,ARS,MID,0.0,0,,,,,,,,,Insufficient data,,only 1 finished-gameweek snapshot(s) recorded; need at least 3.
2026-09-01,2,25,Gyökeres,ARS,FWD,,0,,,,,,,,,Insufficient data,,only 1 finished-gameweek snapshot(s) recorded; need at least 3.
2026-09-01,2,26,Havertz,ARS,FWD,,0,,,,,,,,,Insufficient data,,only 1 finished-gameweek snapshot(s) recorded; need at least 3.
2026-09-01,2,27,G.Jesus,ARS,FWD,,0,,,,,,,,,Insufficient data,,only 1 finished-gameweek snapshot(s) recorded; need at least 3.
2026-09-01,2,28,Martinez,CHE,GKP,,0,,,,,,,,,Insufficient data,,only 1 finished-gameweek snapshot(s) recorded; need at least 3.
2026-09-01,2,29,M.Bizot,AVL,GKP,,0,,,,,,,,,Insufficient data,,only 1 finished-gameweek snapshot(s) recorded; need at least 3.
2026-09-01,2,30,Digne,AVL,DEF,0.0,0,,,,,,,,,Insufficient data,,only 1 finished-gameweek snapshot(s) recorded; need at least 3.
2026-09-01,2,31,Konsa,ARS,DEF,,0,,,,,,,,,Insufficient data,,only 1 finished-gameweek snapshot(s) recorded; need at least 3.
2026-09-01,2,32,Cash,AVL,DEF,,0,,,,,,,,,Insufficient data,,only 1 finished-gameweek snapshot(s) recorded; need at least 3.
2026-09-01,2,33,Mings,AVL,DEF,,0,,,,,,,,,Insufficient data,,only 1 finished-gameweek snapshot(s) recorded; need at least 3.
2026-09-01,2,34,Pau,AVL,DEF,,0,,,,,,,,,Insufficient data,,only 1 finished-gameweek snapshot(s) recorded; need at least 3.
2026-09-01,2,35,Bogarde,AVL,MID,,0,,,,,,,,,Insufficient data,,only 1 finished-gameweek snapshot(s) recorded; need at least 3.
2026-09-01,2,36,Maatsen,AVL,DEF,,0,,,,,,,,,Insufficient data,,only 1 finished-gameweek snapshot(s) recorded; need at least 3.
2026-09-01,2,37,Lindelöf,AVL,DEF,,0,,,,,,,,,Insufficient data,,only 1 finished-gameweek snapshot(s) recorded; need at least 3.
2026-09-01,2,38,A.García,AVL,DEF,,0,,,,,,,,,Insufficient data,,only 1 finished-gameweek snapshot(s) recorded; need at least 3.
2026-09-01,2,39,Nedeljkovic,AVL,DEF,0.0,0,,,,,,,,,Insufficient data,,only 1 finished-gameweek snapshot(s) recorded; need at least 3.
2026-09-01,2,40,Rogers,CHE,MID,,0,,,,,,,,,Insufficient data,,only 1 finished-gameweek snapshot(s) recorded; need at least 3.
2026-09-01,2,41,Buendía,AVL,MID,,0,,,,,,,,,Insufficient data,,only 1 finished-gameweek snapshot(s) recorded; need at least 3.
2026-09-01,2,42,Guessand,CRY,MID,,0,,,,,,,,,Insufficient data,,only 1 finished-gameweek snapshot(s) recorded; need at least 3.
2026-09-01,2,43,Tielemans,MUN,MID,100.0,0,,,,,,,,,Insufficient data,,only 1 finished-gameweek snapshot(s) recorded; need at least 3.
2026-09-01,2,44,Bailey,AVL,MID,,0,,,,,,,,,Insufficient data,,only 1 finished-gameweek snapshot(s) recorded; need at least 3.
2026-09-01,2,45,McGinn,AVL,MID,,0,,,,,,,,,Insufficient data,,only 1 finished-gameweek snapshot(s) recorded; need at least 3.
2026-09-01,2,46,Barkley,AVL,MID,,0,,,,,,,,,Insufficient data,,only 1 finished-gameweek snapshot(s) recorded; need at least 3.
2026-09-01,2,47,Kamara,AVL,MID,100.0,0,,,,,,,,,Insufficient data,,only 1 finished-gameweek snapshot(s) recorded; need at least 3.
2026-09-01,2,48,Onana,AVL,MID,0.0,0,,,,,,,,,Insufficient data,,only 1 finished-gameweek snapshot(s) recorded; need at least 3.
2026-09-01,2,49,Iling Jr,AVL,MID,0.0,0,,,,,,,,,Insufficient data,,only 1 finished-gameweek snapshot(s) recorded; need at least 3.
2026-09-01,2,50,Burrowes,AVL,MID,,0,,,,,,,,,Insufficient data,,only 1 finished-gameweek snapshot(s) recorded; need at least 3.
2026-09-01,2,51,George Hemmings,AVL,MID,,0,,,,,,,,,Insufficient data,,only 1 finished-gameweek snapshot(s) recorded; need at least 3.
2026-09-01,2,52,Alysson,AVL,MID,,0,,,,,,,,,Insufficient data,,only 1 finished-gameweek snapshot(s) recorded; need at least 3.
2026-09-01,2,53,Manzambi,AVL,MID,0.0,0,,,,,,,,,Insufficient data,,only 1 finished-gameweek snapshot(s) recorded; need at least 3.
2026-09-01,2,54,Gomes,AVL,MID,0.0,0,,,,,,,,,Insufficient data,,only 1 finished-gameweek snapshot(s) recorded; need at least 3.
2026-09-01,2,55,Watkins,AVL,FWD,0.0,0,,,,,,,,,Insufficient data,,only 1 finished-gameweek snapshot(s) recorded; need at least 3.
2026-09-01,2,56,Abraham,AVL,FWD,100.0,0,,,,,,,,,Insufficient data,,only 1 finished-gameweek snapshot(s) recorded; need at least 3.
2026-09-01,2,57,Petrović,BOU,GKP,,0,,,,,,,,,Insufficient data,,only 1 finished-gameweek snapshot(s) recorded; need at least 3.
2026-09-01,2,58,Forster,BOU,GKP,,0,,,,,,,,,Insufficient data,,only 1 finished-gameweek snapshot(s) recorded; need at least 3.
2026-09-01,2,59,Dennis,BOU,GKP,0.0,0,,,,,,,,,Insufficient data,,only 1 finished-gameweek snapshot(s) recorded; need at least 3.
2026-09-01,2,60,Hill,BOU,DEF,,0,,,,,,,,,Insufficient data,,only 1 finished-gameweek snapshot(s) recorded; need at least 3.
2026-09-01,2,61,Truffert,BOU,DEF,,0,,,,,,,,,Insufficient data,,only 1 finished-gameweek snapshot(s) recorded; need at least 3.
2026-09-01,2,62,Diakité,BOU,DEF,,0,,,,,,,,,Insufficient data,,only 1 finished-gameweek snapshot(s) recorded; need at least 3.
2026-09-01,2,63,Milosavljević,BOU,DEF,0.0,0,,,,,,,,,Insufficient data,,only 1 finished-gameweek snapshot(s) recorded; need at least 3.
2026-09-01,2,64,Smith,BOU,DEF,,0,,,,,,,,,Insufficient data,,only 1 finished-gameweek snapshot(s) recorded; need at least 3.
2026-09-01,2,65,J.Araujo,BOU,DEF,0.0,0,,,,,,,,,Insufficient data,,only 1 finished-gameweek snapshot(s) recorded; need at least 3.
2026-09-01,2,66,Soler,BOU,DEF,100.0,0,,,,,,,,,Insufficient data,,only 1 finished-gameweek snapshot(s) recorded; need at least 3.
2026-09-01,2,67,Rayan,BOU,MID,,0,,,,,,,,,Insufficient data,,only 1 finished-gameweek snapshot(s) recorded; need at least 3.
2026-09-01,2,68,Tavernier,BOU,MID,,0,,,,,,,,,Insufficient data,,only 1 finished-gameweek snapshot(s) recorded; need at least 3.
2026-09-01,2,69,Scott,BOU,MID,,0,,,,,,,,,Insufficient data,,only 1 finished-gameweek snapshot(s) recorded; need at least 3.
2026-09-01,2,70,Kluivert,BOU,MID,,0,,,,,,,,,Insufficient data,,only 1 finished-gameweek snapshot(s) recorded; need at least 3.
2026-09-01,2,71,Cook,BOU,MID,,0,,,,,,,,,Insufficient data,,only 1 finished-gameweek snapshot(s) recorded; need at least 3.
2026-09-01,2,72,Gannon-Doak,BOU,MID,,0,,,,,,,,,Insufficient data,,only 1 finished-gameweek snapshot(s) recorded; need at least 3.
2026-09-01,2,73,Adams,BOU,MID,100.0,0,,,,,,,,,Insufficient data,,only 1 finished-gameweek snapshot(s) recorded; need at least 3.
2026-09-01,2,74,Brooks,BOU,MID,100.0,0,,,,,,,,,Insufficient data,,only 1 finished-gameweek snapshot(s) recorded; need at least 3.
2026-09-01,2,75,Christie,BOU,MID,100.0,0,,,,,,,,,Insufficient data,,only 1 finished-gameweek snapshot(s) recorded; need at least 3.
2026-09-01,2,76,Tóth.A,BOU,MID,,0,,,,,,,,,Insufficient data,,only 1 finished-gameweek snapshot(s) recorded; need at least 3.
2026-09-01,2,77,Adli,BOU,MID,0.0,0,,,,,,,,,Insufficient data,,only 1 finished-gameweek snapshot(s) recorded; need at least 3.
2026-09-01,2,78,Kroupi.Jr,BOU,MID,0.0,0,,,,,,,,,Insufficient data,,only 1 finished-gameweek snapshot(s) recorded; need at least 3.
2026-09-01,2,79,Evanilson,BOU,FWD,,0,,,,,,,,,Insufficient data,,only 1 finished-gameweek snapshot(s) recorded; need at least 3.
2026-09-01,2,80,Enes Ünal,BOU,FWD,0.0,0,,,,,,,,,Insufficient data,,only 1 finished-gameweek snapshot(s) recorded; need at least 3.
2026-09-01,2,81,Rodríguez,BOU,FWD,100.0,0,,,,,,,,,Insufficient data,,only 1 finished-gameweek snapshot(s) recorded; need at least 3.
2026-09-01,2,82,Kelleher,BRE,GKP,,0,,,,,,,,,Insufficient data,,only 1 finished-gameweek snapshot(s) recorded; need at least 3.
2026-09-01,2,83,Valdimarsson,BRE,GKP,,0,,,,,,,,,Insufficient data,,only 1 finished-gameweek snapshot(s) recorded; need at least 3.
2026-09-01,2,84,Collins,BRE,DEF,,0,,,,,,,,,Insufficient data,,only 1 finished-gameweek snapshot(s) recorded; need at least 3.
2026-09-01,2,85,Van den Berg,BRE,DEF,0.0,0,,,,,,,,,Insufficient data,,only 1 finished-gameweek snapshot(s) recorded; need at least 3.
2026-09-01,2,86,Lewis-Potter,BRE,MID,,0,,,,,,,,,Insufficient data,,only 1 finished-gameweek snapshot(s) recorded; need at least 3.
2026-09-01,2,87,Ajer,BRE,DEF,,0,,,,,,,,,Insufficient data,,only 1 finished-gameweek snapshot(s) recorded; need at least 3.
2026-09-01,2,88,Kayode,BRE,DEF,,0,,,,,,,,,Insufficient data,,only 1 finished-gameweek snapshot(s) recorded; need at least 3.
2026-09-01,2,89,Henry,BRE,DEF,,0,,,,,,,,,Insufficient data,,only 1 finished-gameweek snapshot(s) recorded; need at least 3.
2026-09-01,2,90,Hickey,BRE,DEF,,0,,,,,,,,,Insufficient data,,only 1 finished-gameweek snapshot(s) recorded; need at least 3.
2026-09-01,2,91,Pinnock,COV,DEF,,0,,,,,,,,,Insufficient data,,only 1 finished-gameweek snapshot(s) recorded; need at least 3.
2026-09-01,2,92,Ji-soo,BRE,DEF,,0,,,,,,,,,Insufficient data,,only 1 finished-gameweek snapshot(s) recorded; need at least 3.
2026-09-01,2,93,Schuster,BRE,DEF,,0,,,,,,,,,Insufficient data,,only 1 finished-gameweek snapshot(s) recorded; need at least 3.
2026-09-01,2,94,Schade,BRE,MID,,0,,,,,,,,,Insufficient data,,only 1 finished-gameweek snapshot(s) recorded; need at least 3.
2026-09-01,2,95,O.Dango,BRE,MID,,0,,,,,,,,,Insufficient data,,only 1 finished-gameweek snapshot(s) recorded; need at least 3.
2026-09-01,2,96,Damsgaard,BRE,MID,,0,,,,,,,,,Insufficient data,,only 1 finished-gameweek snapshot(s) recorded; need at least 3.
2026-09-01,2,97,Jensen,BRE,MID,75.0,0,,,,,,,,,Insufficient data,,only 1 finished-gameweek snapshot(s) recorded; need at least 3.
2026-09-01,2,98,Janelt,BRE,MID,,0,,,,,,,,,Insufficient data,,only 1 finished-gameweek snapshot(s) recorded; need at least 3.
2026-09-01,2,99,Milambo,BRE,MID,0.0,0,,,,,,,,,Insufficient data,,only 1 finished-gameweek snapshot(s) recorded; need at least 3.
2026-09-01,2,100,Carvalho,BRE,MID,100.0,0,,,,,,,,,Insufficient data,,only 1 finished-gameweek snapshot(s) recorded; need at least 3.
2026-09-01,2,101,Henderson,CHE,MID,75.0,0,,,,,,,,,Insufficient data,,only 1 finished-gameweek snapshot(s) recorded; need at least 3.
2026-09-01,2,102,Yarmoliuk,BRE,MID,,0,,,,,,,,,Insufficient data,,only 1 finished-gameweek snapshot(s) recorded; need at least 3.
2026-09-01,2,103,Dasilva,BRE,MID,,0,,,,,,,,,Insufficient data,,only 1 finished-gameweek snapshot(s) recorded; need at least 3.
2026-09-01,2,104,Onyeka,COV,MID,,0,,,,,,,,,Insufficient data,,only 1 finished-gameweek snapshot(s) recorded; need at least 3.
2026-09-01,2,105,Anthony,BRE,MID,,0,,,,,,,,,Insufficient data,,only 1 finished-gameweek snapshot(s) recorded; need at least 3.
2026-09-01,2,106,Thiago,BRE,FWD,,0,,,,,,,,,Insufficient data,,only 1 finished-gameweek snapshot(s) recorded; need at least 3.
2026-09-01,2,107,Furo,BRE,FWD,,0,,,,,,,,,Insufficient data,,only 1 finished-gameweek snapshot(s) recorded; need at least 3.
2026-09-01,2,108,Wilson,BRE,FWD,,0,,,,,,,,,Insufficient data,,only 1 finished-gameweek snapshot(s) recorded; need at least 3.
2026-09-01,2,109,Verbruggen,BHA,GKP,,0,,,,,,,,,Insufficient data,,only 1 finished-gameweek snapshot(s) recorded; need at least 3.
2026-09-01,2,110,Rushworth,COV,GKP,,0,,,,,,,,,Insufficient data,,only 1 finished-gameweek snapshot(s) recorded; need at least 3.
2026-09-01,2,111,Steele,BHA,GKP,,0,,,,,,,,,Insufficient data,,only 1 finished-gameweek snapshot(s) recorded; need at least 3.
2026-09-01,2,112,Van Hecke,TOT,DEF,,0,,,,,,,,,Insufficient data,,only 1 finished-gameweek snapshot(s) recorded; need at least 3.
2026-09-01,2,113,F.Kadıoğlu,BHA,DEF,100.0,0,,,,,,,,,Insufficient data,,only 1 finished-gameweek snapshot(s) recorded; need at least 3.
2026-09-01,2,114,Boscagli,BHA,DEF,,0,,,,,,,,,Insufficient data,,only 1 finished-gameweek snapshot(s) recorded; need at least 3.
2026-09-01,2,115,De Cuyper,BHA,DEF,,0,,,,,,,,,Insufficient data,,only 1 finished-gameweek snapshot(s) recorded; need at least 3.
2026-09-01,2,116,Dunk,BHA,DEF,,0,,,,,,,,,Insufficient data,,only 1 finished-gameweek snapshot(s) recorded; need at least 3.
2026-09-01,2,117,Coppola,BHA,DEF,,0,,,,,,,,,Insufficient data,,only 1 finished-gameweek snapshot(s) recorded; need at least 3.
2026-09-01,2,118,Igor,BHA,DEF,,0,,,,,,,,,Insufficient data,,only 1 finished-gameweek snapshot(s) recorded; need at least 3.
2026-09-01,2,119,Costinha,BHA,DEF,,0,,,,,,,,,Insufficient data,,only 1 finished-gameweek snapshot(s) recorded; need at least 3.
2026-09-01,2,120,Svoboda,BHA,DEF,,0,,,,,,,,,Insufficient data,,only 1 finished-gameweek snapshot(s) recorded; need at least 3.
2026-09-01,2,121,Mitoma,BHA,MID,0.0,0,,,,,,,,,Insufficient data,,only 1 finished-gameweek snapshot(s) recorded; need at least 3.
2026-09-01,2,122,Minteh,BHA,MID,0.0,0,,,,,,,,,Insufficient data,,only 1 finished-gameweek snapshot(s) recorded; need at least 3.
2026-09-01,2,123,Hinshelwood,BHA,MID,50.0,0,,,,,,,,,Insufficient data,,only 1 finished-gameweek snapshot(s) recorded; need at least 3.
2026-09-01,2,124,Groß,BHA,MID,,0,,,,,,,,,Insufficient data,,only 1 finished-gameweek snapshot(s) recorded; need at least 3.
2026-09-01,2,125,Georginio,BHA,FWD,75.0,0,,,,,,,,,Insufficient data,,only 1 finished-gameweek snapshot(s) recorded; need at least 3.
2026-09-01,2,126,O'Riley,BHA,MID,,0,,,,,,,,,Insufficient data,,only 1 finished-gameweek snapshot(s) recorded; need at least 3.
2026-09-01,2,127,Gomez,BHA,MID,,0,,,,,,,,,Insufficient data,,only 1 finished-gameweek snapshot(s) recorded; need at least 3.
2026-09-01,2,128,Buonanotte,BHA,MID,0.0,0,,,,,,,,,Insufficient data,,only 1 finished-gameweek snapshot(s) recorded; need at least 3.
2026-09-01,2,129,Ayari,BHA,MID,75.0,0,,,,,,,,,Insufficient data,,only 1 finished-gameweek snapshot(s) recorded; need at least 3.
2026-09-01,2,130,Wieffer,BHA,DEF,,0,,,,,,,,,Insufficient data,,only 1 finished-gameweek snapshot(s) recorded; need at least 3.
2026-09-01,2,131,Baleba,MUN,MID,0.0,0,,,,,,,,,Insufficient data,,only 1 finished-gameweek snapshot(s) recorded; need at least 3.
2026-09-01,2,132,Howell,BHA,MID,0.0,0,,,,,,,,,Insufficient data,,only 1 finished-gameweek snapshot(s) recorded; need at least 3.
2026-09-01,2,133,Watson,BHA,MID,0.0,0,,,,,,,,,Insufficient data,,only 1 finished-gameweek snapshot(s) recorded; need at least 3.
2026-09-01,2,134,Oriola,BHA,MID,,0,,,,,,,,,Insufficient data,,only 1 finished-gameweek snapshot(s) recorded; need at least 3.
2026-09-01,2,135,Yohanna,BHA,MID,,0,,,,,,,,,Insufficient data,,only 1 finished-gameweek snapshot(s) recorded; need at least 3.
2026-09-01,2,136,Welbeck,CHE,FWD,100.0,0,,,,,,,,,Insufficient data,,only 1 finished-gameweek snapshot(s) recorded; need at least 3.
2026-09-01,2,137,Tzimas,BHA,FWD,0.0,0,,,,,,,,,Insufficient data,,only 1 finished-gameweek snapshot(s) recorded; need at least 3.
2026-09-01,2,138,Kostoulas,BHA,FWD,,0,,,,,,,,,Insufficient data,,only 1 finished-gameweek snapshot(s) recorded; need at least 3.
2026-09-01,2,139,Ferguson,BHA,FWD,0.0,0,,,,,,,,,Insufficient data,,only 1 finished-gameweek snapshot(s) recorded; need at least 3.
2026-09-01,2,140,Sánchez,CHE,GKP,,0,,,,,,,,,Insufficient data,,only 1 finished-gameweek snapshot(s) recorded; need at least 3.
2026-09-01,2,141,Jörgensen,CHE,GKP,0.0,0,,,,,,,,,Insufficient data,,only 1 finished-gameweek snapshot(s) recorded; need at least 3.
2026-09-01,2,142,James,CHE,DEF,,0,,,,,,,,,Insufficient data,,only 1 finished-gameweek snapshot(s) recorded; need at least 3.
2026-09-01,2,143,Chalobah,CHE,DEF,0.0,0,,,,,,,,,Insufficient data,,only 1 finished-gameweek snapshot(s) recorded; need at least 3.
2026-09-01,2,144,Gusto,CHE,DEF,,0,,,,,,,,,Insufficient data,,only 1 finished-gameweek snapshot(s) recorded; need at least 3.
2026-09-01,2,145,Fofana,CHE,DEF,100.0,0,,,,,,,,,Insufficient data,,only 1 finished-gameweek snapshot(s) recorded; need at least 3.
2026-09-01,2,146,B.Badiashile,CHE,DEF,0.0,0,,,,,,,,,Insufficient data,,only 1 finished-gameweek snapshot(s) recorded; need at least 3.
2026-09-01,2,147,Tosin,CHE,DEF,,0,,,,,,,,,Insufficient data,,only 1 finished-gameweek snapshot(s) recorded; need at least 3.
2026-09-01,2,148,Hato,CHE,DEF,,0,,,,,,,,,Insufficient data,,only 1 finished-gameweek snapshot(s) recorded; need at least 3.
2026-09-01,2,149,Colwill,CHE,DEF,,0,,,,,,,,,Insufficient data,,only 1 finished-gameweek snapshot(s) recorded; need at least 3.
2026-09-01,2,150,M.Sarr,CHE,DEF,0.0,0,,,,,,,,,Insufficient data,,only 1 finished-gameweek snapshot(s) recorded; need at least 3.
2026-09-01,2,151,Acheampong,CHE,DEF,,0,,,,,,,,,Insufficient data,,only 1 finished-gameweek snapshot(s) recorded; need at least 3.
2026-09-01,2,152,Palestra,CHE,DEF,75.0,0,,,,,,,,,Insufficient data,,only 1 finished-gameweek snapshot(s) recorded; need at least 3.
2026-09-01,2,153,Disasi,CRY,DEF,,0,,,,,,,,,Insufficient data,,only 1 finished-gameweek snapshot(s) recorded; need at least 3.
2026-09-01,2,154,Palmer,CHE,MID,100.0,0,,,,,,,,,Insufficient data,,only 1 finished-gameweek snapshot(s) recorded; need at least 3.
2026-09-01,2,155,Enzo,CHE,MID,,0,,,,,,,,,Insufficient data,,only 1 finished-gameweek snapshot(s) recorded; need at least 3.
2026-09-01,2,156,Neto,CHE,MID,,0,,,,,,,,,Insufficient data,,only 1 finished-gameweek snapshot(s) recorded; need at least 3.
2026-09-01,2,157,Estêvão,CHE,MID,,0,,,,,,,,,Insufficient data,,only 1 finished-gameweek snapshot(s) recorded; need at least 3.
2026-09-01,2,158,Gittens,CHE,MID,,0,,,,,,,,,Insufficient data,,only 1 finished-gameweek snapshot(s) recorded; need at least 3.
2026-09-01,2,159,Caicedo,CHE,MID,75.0,0,,,,,,,,,Insufficient data,,only 1 finished-gameweek snapshot(s) recorded; need at least 3.
2026-09-01,2,160,Garnacho,AVL,MID,,0,,,,,,,,,Insufficient data,,only 1 finished-gameweek snapshot(s) recorded; need at least 3.
2026-09-01,2,161,Lavia,CHE,MID,,0,,,,,,,,,Insufficient data,,only 1 finished-gameweek snapshot(s) recorded; need at least 3.
2026-09-01,2,162,Andrey Santos,MUN,MID,,0,,,,,,,,,Insufficient data,,only 1 finished-gameweek snapshot(s) recorded; need at least 3.
2026-09-01,2,163,D.Essugo,CHE,MID,,0,,,,,,,,,Insufficient data,,only 1 finished-gameweek snapshot(s) recorded; need at least 3.
2026-09-01,2,164,Quenda,CHE,MID,100.0,0,,,,,,,,,Insufficient data,,only 1 finished-gameweek snapshot(s) recorded; need at least 3.
2026-09-01,2,165,João Pedro,CHE,FWD,,0,,,,,,,,,Insufficient data,,only 1 finished-gameweek snapshot(s) recorded; need at least 3.
2026-09-01,2,166,N.Jackson,AVL,FWD,,0,,,,,,,,,Insufficient data,,only 1 finished-gameweek snapshot(s) recorded; need at least 3.
2026-09-01,2,167,Delap,NFO,FWD,,0,,,,,,,,,Insufficient data,,only 1 finished-gameweek snapshot(s) recorded; need at least 3.
2026-09-01,2,168,Marc Guiu,CHE,FWD,,0,,,,,,,,,Insufficient data,,only 1 finished-gameweek snapshot(s) recorded; need at least 3.
2026-09-01,2,169,Mheuka,CHE,FWD,,0,,,,,,,,,Insufficient data,,only 1 finished-gameweek snapshot(s) recorded; need at least 3.
2026-09-01,2,170,Emegha,CHE,FWD,100.0,0,,,,,,,,,Insufficient data,,only 1 finished-gameweek snapshot(s) recorded; need at least 3.
2026-09-01,2,171,Dovin,COV,GKP,,0,,,,,,,,,Insufficient data,,only 1 finished-gameweek snapshot(s) recorded; need at least 3.
2026-09-01,2,172,Wilson,COV,GKP,,0,,,,,,,,,Insufficient data,,only 1 finished-gameweek snapshot(s) recorded; need at least 3.
2026-09-01,2,173,Thomas,COV,DEF,,0,,,,,,,,,Insufficient data,,only 1 finished-gameweek snapshot(s) recorded; need at least 3.
2026-09-01,2,174,Kitching,COV,DEF,,0,,,,,,,,,Insufficient data,,only 1 finished-gameweek snapshot(s) recorded; need at least 3.
2026-09-01,2,175,van Ewijk,COV,DEF,,0,,,,,,,,,Insufficient data,,only 1 finished-gameweek snapshot(s) recorded; need at least 3.
2026-09-01,2,176,Dasilva,COV,DEF,,0,,,,,,,,,Insufficient data,,only 1 finished-gameweek snapshot(s) recorded; need at least 3.
2026-09-01,2,177,Kesler-Hayden,COV,DEF,0.0,0,,,,,,,,,Insufficient data,,only 1 finished-gameweek snapshot(s) recorded; need at least 3.
2026-09-01,2,178,Bidwell,COV,DEF,,0,,,,,,,,,Insufficient data,,only 1 finished-gameweek snapshot(s) recorded; need at least 3.
2026-09-01,2,179,Latibeaudiere,COV,DEF,,0,,,,,,,,,Insufficient data,,only 1 finished-gameweek snapshot(s) recorded; need at least 3.
2026-09-01,2,180,Woolfenden,COV,DEF,0.0,0,,,,,,,,,Insufficient data,,only 1 finished-gameweek snapshot(s) recorded; need at least 3.
2026-09-01,2,181,Brau,COV,DEF,0.0,0,,,,,,,,,Insufficient data,,only 1 finished-gameweek snapshot(s) recorded; need at least 3.
2026-09-01,2,182,Amenda,COV,DEF,,0,,,,,,,,,Insufficient data,,only 1 finished-gameweek snapshot(s) recorded; need at least 3.
2026-09-01,2,183,Rudoni,COV,MID,100.0,0,,,,,,,,,Insufficient data,,only 1 finished-gameweek snapshot(s) recorded; need at least 3.
2026-09-01,2,184,Grimes,COV,MID,,0,,,,,,,,,Insufficient data,,only 1 finished-gameweek snapshot(s) recorded; need at least 3.
2026-09-01,2,185,Sakamoto,COV,MID,,0,,,,,,,,,Insufficient data,,only 1 finished-gameweek snapshot(s) recorded; need at least 3.
2026-09-01,2,186,Mason-Clark,COV,MID,100.0,0,,,,,,,,,Insufficient data,,only 1 finished-gameweek snapshot(s) recorded; need at least 3.
2026-09-01,2,187,Eccles,COV,MID,,0,,,,,,,,,Insufficient data,,only 1 finished-gameweek snapshot(s) recorded; need at least 3.
2026-09-01,2,188,Torp,COV,MID,,0,,,,,,,,,Insufficient data,,only 1 finished-gameweek snapshot(s) recorded; need at least 3.
2026-09-01,2,189,Shepherd,COV,MID,,0,,,,,,,,,Insufficient data,,only 1 finished-gameweek snapshot(s) recorded; need at least 3.
2026-09-01,2,190,Tchaouna,COV,MID,,0,,,,,,,,,Insufficient data,,only 1 finished-gameweek snapshot(s) recorded; need at least 3.
2026-09-01,2,191,Borges Rodrigues,COV,MID,,0,,,,,,,,,Insufficient data,,only 1 finished-gameweek snapshot(s) recorded; need at least 3.
2026-09-01,2,192,Andrews,COV,MID,0.0,0,,,,,,,,,Insufficient data,,only 1 finished-gameweek snapshot(s) recorded; need at least 3.
2026-09-01,2,193,Wright,COV,FWD,0.0,0,,,,,,,,,Insufficient data,,only 1 finished-gameweek snapshot(s) recorded; need at least 3.
2026-09-01,2,194,Thomas-Asante,COV,FWD,,0,,,,,,,,,Insufficient data,,only 1 finished-gameweek snapshot(s) recorded; need at least 3.
2026-09-01,2,195,Simms,COV,FWD,,0,,,,,,,,,Insufficient data,,only 1 finished-gameweek snapshot(s) recorded; need at least 3.
2026-09-01,2,196,Markelo,COV,FWD,0.0,0,,,,,,,,,Insufficient data,,only 1 finished-gameweek snapshot(s) recorded; need at least 3.
2026-09-01,2,197,Bassette,COV,FWD,0.0,0,,,,,,,,,Insufficient data,,only 1 finished-gameweek snapshot(s) recorded; need at least 3.
2026-09-01,2,198,Henderson,CRY,GKP,100.0,0,,,,,,,,,Insufficient data,,only 1 finished-gameweek snapshot(s) recorded; need at least 3.
2026-09-01,2,199,Benitez,CRY,GKP,,0,,,,,,,,,Insufficient data,,only 1 finished-gameweek snapshot(s) recorded; need at least 3.
2026-09-01,2,200,Lacroix,CHE,DEF,,0,,,,,,,,,Insufficient data,,only 1 finished-gameweek snapshot(s) recorded; need at least 3.
2026-09-01,2,201,Muñoz,NFO,DEF,,0,,,,,,,,,Insufficient data,,only 1 finished-gameweek snapshot(s) recorded; need at least 3.
2026-09-01,2,202,Richards,CRY,DEF,,0,,,,,,,,,Insufficient data,,only 1 finished-gameweek snapshot(s) recorded; need at least 3.
2026-09-01,2,203,Canvot,CRY,DEF,,0,,,,,,,,,Insufficient data,,only 1 finished-gameweek snapshot(s) recorded; need at least 3.
2026-09-01,2,204,Mitchell,CRY,DEF,,0,,,,,,,,,Insufficient data,,only 1 finished-gameweek snapshot(s) recorded; need at least 3.
2026-09-01,2,205,Sosa,CRY,DEF,,0,,,,,,,,,Insufficient data,,only 1 finished-gameweek snapshot(s) recorded; need at least 3.
2026-09-01,2,206,Chadi Riad,CRY,DEF,0.0,0,,,,,,,,,Insufficient data,,only 1 finished-gameweek snapshot(s) recorded; need at least 3.
2026-09-01,2,207,Mingueza,CRY,DEF,,0,,,,,,,,,Insufficient data,,only 1 finished-gameweek snapshot(s) recorded; need at least 3.
2026-09-01,2,208,Sarr,CRY,MID,0.0,0,,,,,,,,,Insufficient data,,only 1 finished-gameweek snapshot(s) recorded; need at least 3.
2026-09-01,2,209,Johnson,EVE,MID,,0,,,,,,,,,Insufficient data,,only 1 finished-gameweek snapshot(s) recorded; need at least 3.
2026-09-01,2,210,Wharton,CRY,MID,100.0,0,,,,,,,,,Insufficient data,,only 1 finished-gameweek snapshot(s) recorded; need at least 3.
2026-09-01,2,211,Yeremy,CRY,MID,,0,,,,,,,,,Insufficient data,,only 1 finished-gameweek snapshot(s) recorded; need at least 3.
2026-09-01,2,212,Hughes,CRY,MID,,0,,,,,,,,,Insufficient data,,only 1 finished-gameweek snapshot(s) recorded; need at least 3.
2026-09-01,2,213,Lerma,CRY,MID,,0,,,,,,,,,Insufficient data,,only 1 finished-gameweek snapshot(s) recorded; need at least 3.
2026-09-01,2,214,Kamada,CRY,MID,,0,,,,,,,,,Insufficient data,,only 1 finished-gameweek snapshot(s) recorded; need at least 3.
2026-09-01,2,215,Devenny,CRY,MID,,0,,,,,,,,,Insufficient data,,only 1 finished-gameweek snapshot(s) recorded; need at least 3.
2026-09-01,2,216,Esse,CRY,MID,,0,,,,,,,,,Insufficient data,,only 1 finished-gameweek snapshot(s) recorded; need at least 3.
2026-09-01,2,217,M.França,CRY,MID,,0,,,,,,,,,Insufficient data,,only 1 finished-gameweek snapshot(s) recorded; need at least 3.
2026-09-01,2,218,Doucouré,CRY,MID,,0,,,,,,,,,Insufficient data,,only 1 finished-gameweek snapshot(s) recorded; need at least 3.
2026-09-01,2,219,J.Rak-Sakyi,CRY,MID,,0,,,,,,,,,Insufficient data,,only 1 finished-gameweek snapshot(s) recorded; need at least 3.
2026-09-01,2,220,Cardines,CRY,DEF,0.0,0,,,,,,,,,Insufficient data,,only 1 finished-gameweek snapshot(s) recorded; need at least 3.
2026-09-01,2,221,Drakes-Thomas,CRY,MID,,0,,,,,,,,,Insufficient data,,only 1 finished-gameweek snapshot(s) recorded; need at least 3.
2026-09-01,2,222,Strand Larsen,CRY,FWD,,0,,,,,,,,,Insufficient data,,only 1 finished-gameweek snapshot(s) recorded; need at least 3.
2026-09-01,2,223,Mateta,CRY,FWD,0.0,0,,,,,,,,,Insufficient data,,only 1 finished-gameweek snapshot(s) recorded; need at least 3.
2026-09-01,2,224,Nketiah,CRY,FWD,,0,,,,,,,,,Insufficient data,,only 1 finished-gameweek snapshot(s) recorded; need at least 3.
2026-09-01,2,225,Uche,CRY,FWD,0.0,0,,,,,,,,,Insufficient data,,only 1 finished-gameweek snapshot(s) recorded; need at least 3.
2026-09-01,2,226,Pickford,EVE,GKP,,0,,,,,,,,,Insufficient data,,only 1 finished-gameweek snapshot(s) recorded; need at least 3.
2026-09-01,2,227,Travers,EVE,GKP,,0,,,,,,,,,Insufficient data,,only 1 finished-gameweek snapshot(s) recorded; need at least 3.
2026-09-01,2,228,King,EVE,GKP,,0,,,,,,,,,Insufficient data,,only 1 finished-gameweek snapshot(s) recorded; need at least 3.
2026-09-01,2,229,Tarkowski,EVE,DEF,,0,,,,,,,,,Insufficient data,,only 1 finished-gameweek snapshot(s) recorded; need at least 3.
2026-09-01,2,230,Branthwaite,EVE,DEF,,0,,,,,,,,,Insufficient data,,only 1 finished-gameweek snapshot(s) recorded; need at least 3.
2026-09-01,2,231,Keane,EVE,DEF,,0,,,,,,,,,Insufficient data,,only 1 finished-gameweek snapshot(s) recorded; need at least 3.
2026-09-01,2,232,O'Brien,EVE,DEF,,0,,,,,,,,,Insufficient data,,only 1 finished-gameweek snapshot(s) recorded; need at least 3.
2026-09-01,2,233,Mykolenko,EVE,DEF,,0,,,,,,,,,Insufficient data,,only 1 finished-gameweek snapshot(s) recorded; need at least 3.
2026-09-01,2,234,Patterson,EVE,DEF,,0,,,,,,,,,Insufficient data,,only 1 finished-gameweek snapshot(s) recorded; need at least 3.
2026-09-01,2,235,Aznou,EVE,DEF,,0,,,,,,,,,Insufficient data,,only 1 finished-gameweek snapshot(s) recorded; need at least 3.
2026-09-01,2,236,Dewsbury-Hall,EVE,MID,,0,,,,,,,,,Insufficient data,,only 1 finished-gameweek snapshot(s) recorded; need at least 3.
2026-09-01,2,237,Ndiaye,EVE,MID,,0,,,,,,,,,Insufficient data,,only 1 finished-gameweek snapshot(s) recorded; need at least 3.
2026-09-01,2,238,Grealish,MCI,MID,100.0,0,,,,,,,,,Insufficient data,,only 1 finished-gameweek snapshot(s) recorded; need at least 3.
2026-09-01,2,239,Garner,EVE,MID,100.0,0,,,,,,,,,Insufficient data,,only 1 finished-gameweek snapshot(s) recorded; need at least 3.
2026-09-01,2,240,Iroegbunam,EVE,MID,100.0,0,,,,,,,,,Insufficient data,,only 1 finished-gameweek snapshot(s) recorded; need at least 3.
2026-09-01,2,241,McNeil,CRY,MID,,0,,,,,,,,,Insufficient data,,only 1 finished-gameweek snapshot(s) recorded; need at least 3.
2026-09-01,2,242,George,EVE,MID,,0,,,,,,,,,Insufficient data,,only 1 finished-gameweek snapshot(s) recorded; need at least 3.
2026-09-01,2,243,Alcaraz,EVE,MID,,0,,,,,,,,,Insufficient data,,only 1 finished-gameweek snapshot(s) recorded; need at least 3.
2026-09-01,2,244,Armstrong,EVE,MID,,0,,,,,,,,,Insufficient data,,only 1 finished-gameweek snapshot(s) recorded; need at least 3.
2026-09-01,2,245,Dibling,EVE,MID,,0,,,,,,,,,Insufficient data,,only 1 finished-gameweek snapshot(s) recorded; need at least 3.
2026-09-01,2,246,Röhl,EVE,MID,,0,,,,,,,,,Insufficient data,,only 1 finished-gameweek snapshot(s) recorded; need at least 3.
2026-09-01,2,247,Hackney,EVE,MID,100.0,0,,,,,,,,,Insufficient data,,only 1 finished-gameweek snapshot(s) recorded; need at least 3.
2026-09-01,2,248,Beto,EVE,FWD,,0,,,,,,,,,Insufficient data,,only 1 finished-gameweek snapshot(s) recorded; need at least 3.
2026-09-01,2,249,Barry,EVE,FWD,,0,,,,,,,,,Insufficient data,,only 1 finished-gameweek snapshot(s) recorded; need at least 3.
2026-09-01,2,250,Leno,FUL,GKP,,0,,,,,,,,,Insufficient data,,only 1 finished-gameweek snapshot(s) recorded; need at least 3.
2026-09-01,2,251,Lecomte,FUL,GKP,,0,,,,,,,,,Insufficient data,,only 1 finished-gameweek snapshot(s) recorded; need at least 3.
2026-09-01,2,252,McNally,FUL,GKP,,0,,,,,,,,,Insufficient data,,only 1 finished-gameweek snapshot(s) recorded; need at least 3.
2026-09-01,2,253,Andersen,FUL,DEF,100.0,0,,,,,,,,,Insufficient data,,only 1 finished-gameweek snapshot(s) recorded; need at least 3.
2026-09-01,2,254,Robinson,FUL,DEF,,0,,,,,,,,,Insufficient data,,only 1 finished-gameweek snapshot(s) recorded; need at least 3.
2026-09-01,2,255,J.Cuenca,FUL,DEF,,0,,,,,,,,,Insufficient data,,only 1 finished-gameweek snapshot(s) recorded; need at least 3.
2026-09-01,2,256,Tete,FUL,DEF,,0,,,,,,,,,Insufficient data,,only 1 finished-gameweek snapshot(s) recorded; need at least 3.
2026-09-01,2,257,Bassey,FUL,DEF,,0,,,,,,,,,Insufficient data,,only 1 finished-gameweek snapshot(s) recorded; need at least 3.
2026-09-01,2,258,Castagne,FUL,DEF,,0,,,,,,,,,Insufficient data,,only 1 finished-gameweek snapshot(s) recorded; need at least 3.
2026-09-01,2,259,Diop,IPS,DEF,,0,,,,,,,,,Insufficient data,,only 1 finished-gameweek snapshot(s) recorded; need at least 3.
2026-09-01,2,260,Wilson,LEE,MID,,0,,,,,,,,,Insufficient data,,only 1 finished-gameweek snapshot(s) recorded; need at least 3.
2026-09-01,2,261,Iwobi,FUL,MID,,0,,,,,,,,,Insufficient data,,only 1 finished-gameweek snapshot(s) recorded; need at least 3.
2026-09-01,2,262,Smith Rowe,FUL,MID,,0,,,,,,,,,Insufficient data,,only 1 finished-gameweek snapshot(s) recorded; need at least 3.
2026-09-01,2,263,Kevin,FUL,MID,,0,,,,,,,,,Insufficient data,,only 1 finished-gameweek snapshot(s) recorded; need at least 3.
2026-09-01,2,264,Bobb,FUL,MID,,0,,,,,,,,,Insufficient data,,only 1 finished-gameweek snapshot(s) recorded; need at least 3.
2026-09-01,2,265,Berge,FUL,MID,,0,,,,,,,,,Insufficient data,,only 1 finished-gameweek snapshot(s) recorded; need at least 3.
2026-09-01,2,266,Cairney,FUL,MID,0.0,0,,,,,,,,,Insufficient data,,only 1 finished-gameweek snapshot(s) recorded; need at least 3.
2026-09-01,2,267,Lukić,IPS,MID,,0,,,,,,,,,Insufficient data,,only 1 finished-gameweek snapshot(s) recorded; need at least 3.
2026-09-01,2,268,King,FUL,MID,,0,,,,,,,,,Insufficient data,,only 1 finished-gameweek snapshot(s) recorded; need at least 3.
2026-09-01,2,269,Sessegnon,FUL,DEF,,0,,,,,,,,,Insufficient data,,only 1 finished-gameweek snapshot(s) recorded; need at least 3.
2026-09-01,2,270,Reed,FUL,MID,,0,,,,,,,,,Insufficient data,,only 1 finished-gameweek snapshot(s) recorded; need at least 3.
2026-09-01,2,271,Muniz,FUL,FWD,,0,,,,,,,,,Insufficient data,,only 1 finished-gameweek snapshot(s) recorded; need at least 3.
2026-09-01,2,272,Kusi-Asare,FUL,FWD,,0,,,,,,,,,Insufficient data,,only 1 finished-gameweek snapshot(s) recorded; need at least 3.
2026-09-01,2,273,Phillips,HUL,GKP,,0,,,,,,,,,Insufficient data,,only 1 finished-gameweek snapshot(s) recorded; need at least 3.
2026-09-01,2,274,Butland,HUL,GKP,0.0,0,,,,,,,,,Insufficient data,,only 1 finished-gameweek snapshot(s) recorded; need at least 3.
2026-09-01,2,275,Cartwright,HUL,GKP,0.0,0,,,,,,,,,Insufficient data,,only 1 finished-gameweek snapshot(s) recorded; need at least 3.
2026-09-01,2,276,Lo-Tutala,HUL,GKP,0.0,0,,,,,,,,,Insufficient data,,only 1 finished-gameweek snapshot(s) recorded; need at least 3.
2026-09-01,2,277,Egan,HUL,DEF,,0,,,,,,,,,Insufficient data,,only 1 finished-gameweek snapshot(s) recorded; need at least 3.
2026-09-01,2,278,Hughes,HUL,DEF,0.0,0,,,,,,,,,Insufficient data,,only 1 finished-gameweek snapshot(s) recorded; need at least 3.
2026-09-01,2,279,Ajayi,HUL,DEF,100.0,0,,,,,,,,,Insufficient data,,only 1 finished-gameweek snapshot(s) recorded; need at least 3.
2026-09-01,2,280,Coyle,HUL,DEF,75.0,0,,,,,,,,,Insufficient data,,only 1 finished-gameweek snapshot(s) recorded; need at least 3.
2026-09-01,2,281,Drameh,HUL,DEF,100.0,0,,,,,,,,,Insufficient data,,only 1 finished-gameweek snapshot(s) recorded; need at least 3.
2026-09-01,2,282,Giles,HUL,DEF,,0,,,,,,,,,Insufficient data,,only 1 finished-gameweek snapshot(s) recorded; need at least 3.
2026-09-01,2,283,Jacob,HUL,DEF,0.0,0,,,,,,,,,Insufficient data,,only 1 finished-gameweek snapshot(s) recorded; need at least 3.
2026-09-01,2,284,McCarthy,HUL,DEF,,0,,,,,,,,,Insufficient data,,only 1 finished-gameweek snapshot(s) recorded; need at least 3.
2026-09-01,2,285,McNair,HUL,DEF,,0,,,,,,,,,Insufficient data,,only 1 finished-gameweek snapshot(s) recorded; need at least 3.
2026-09-01,2,286,Belloumi,HUL,MID,,0,,,,,,,,,Insufficient data,,only 1 finished-gameweek snapshot(s) recorded; need at least 3.
2026-09-01,2,287,Millar,HUL,MID,,0,,,,,,,,,Insufficient data,,only 1 finished-gameweek snapshot(s) recorded; need at least 3.
2026-09-01,2,288,Dowell,HUL,MID,,0,,,,,,,,,Insufficient data,,only 1 finished-gameweek snapshot(s) recorded; need at least 3.
2026-09-01,2,289,Crooks,HUL,MID,75.0,0,,,,,,,,,Insufficient data,,only 1 finished-gameweek snapshot(s) recorded; need at least 3.
2026-09-01,2,290,Slater,HUL,MID,,0,,,,,,,,,Insufficient data,,only 1 finished-gameweek snapshot(s) recorded; need at least 3.
2026-09-01,2,291,Matazo,HUL,MID,0.0,0,,,,,,,,,Insufficient data,,only 1 finished-gameweek snapshot(s) recorded; need at least 3.
2026-09-01,2,292,Ömür,HUL,MID,,0,,,,,,,,,Insufficient data,,only 1 finished-gameweek snapshot(s) recorded; need at least 3.
2026-09-01,2,293,Kamara,HUL,MID,0.0,0,,,,,,,,,Insufficient data,,only 1 finished-gameweek snapshot(s) recorded; need at least 3.
2026-09-01,2,294,Zambrano,HUL,MID,0.0,0,,,,,,,,,Insufficient data,,only 1 finished-gameweek snapshot(s) recorded; need at least 3.
2026-09-01,2,295,McBurnie,HUL,FWD,,0,,,,,,,,,Insufficient data,,only 1 finished-gameweek snapshot(s) recorded; need at least 3.
2026-09-01,2,296,Akintola,HUL,MID,,0,,,,,,,,,Insufficient data,,only 1 finished-gameweek snapshot(s) recorded; need at least 3.
2026-09-01,2,297,Gyabi,HUL,MID,0.0,0,,,,,,,,,Insufficient data,,only 1 finished-gameweek snapshot(s) recorded; need at least 3.
2026-09-01,2,298,Destan,HUL,FWD,0.0,0,,,,,,,,,Insufficient data,,only 1 finished-gameweek snapshot(s) recorded; need at least 3.
2026-09-01,2,299,Burstow,HUL,FWD,0.0,0,,,,,,,,,Insufficient data,,only 1 finished-gameweek snapshot(s) recorded; need at least 3.
2026-09-01,2,300,Walton,IPS,GKP,,0,,,,,,,,,Insufficient data,,only 1 finished-gameweek snapshot(s) recorded; need at least 3.
2026-09-01,2,301,Palmer,IPS,GKP,,0,,,,,,,,,Insufficient data,,only 1 finished-gameweek snapshot(s) recorded; need at least 3.
2026-09-01,2,302,Button,IPS,GKP,,0,,,,,,,,,Insufficient data,,only 1 finished-gameweek snapshot(s) recorded; need at least 3.
2026-09-01,2,303,Kipré,IPS,DEF,,0,,,,,,,,,Insufficient data,,only 1 finished-gameweek snapshot(s) recorded; need at least 3.
2026-09-01,2,304,O'Shea,IPS,DEF,,0,,,,,,,,,Insufficient data,,only 1 finished-gameweek snapshot(s) recorded; need at least 3.
2026-09-01,2,305,Davis,IPS,DEF,,0,,,,,,,,,Insufficient data,,only 1 finished-gameweek snapshot(s) recorded; need at least 3.
2026-09-01,2,306,Greaves,IPS,DEF,,0,,,,,,,,,Insufficient data,,only 1 finished-gameweek snapshot(s) recorded; need at least 3.
2026-09-01,2,307,Johnson,IPS,DEF,,0,,,,,,,,,Insufficient data,,only 1 finished-gameweek snapshot(s) recorded; need at least 3.
2026-09-01,2,308,Furlong,IPS,DEF,,0,,,,,,,,,Insufficient data,,only 1 finished-gameweek snapshot(s) recorded; need at least 3.
2026-09-01,2,309,Núñez,IPS,MID,,0,,,,,,,,,Insufficient data,,only 1 finished-gameweek snapshot(s) recorded; need at least 3.
2026-09-01,2,310,Matusiwa,IPS,MID,0.0,0,,,,,,,,,Insufficient data,,only 1 finished-gameweek snapshot(s) recorded; need at least 3.
2026-09-01,2,311,Burns,IPS,MID,0.0,0,,,,,,,,,Insufficient data,,only 1 finished-gameweek snapshot(s) recorded; need at least 3.
2026-09-01,2,312,Taylor,IPS,MID,0.0,0,,,,,,,,,Insufficient data,,only 1 finished-gameweek snapshot(s) recorded; need at least 3.
2026-09-01,2,313,Clarke,IPS,MID,,0,,,,,,,,,Insufficient data,,only 1 finished-gameweek snapshot(s) recorded; need at least 3.
2026-09-01,2,314,Ogbene,IPS,MID,,0,,,,,,,,,Insufficient data,,only 1 finished-gameweek snapshot(s) recorded; need at least 3.
2026-09-01,2,315,Fatawu,IPS,MID,,0,,,,,,,,,Insufficient data,,only 1 finished-gameweek snapshot(s) recorded; need at least 3.
2026-09-01,2,316,Emersonn,IPS,FWD,75.0,0,,,,,,,,,Insufficient data,,only 1 finished-gameweek snapshot(s) recorded; need at least 3.
2026-09-01,2,317,Hirst,IPS,FWD,0.0,0,,,,,,,,,Insufficient data,,only 1 finished-gameweek snapshot(s) recorded; need at least 3.
2026-09-01,2,318,Philogene,IPS,MID,0.0,0,,,,,,,,,Insufficient data,,only 1 finished-gameweek snapshot(s) recorded; need at least 3.
2026-09-01,2,319,Szmodics,IPS,MID,0.0,0,,,,,,,,,Insufficient data,,only 1 finished-gameweek snapshot(s) recorded; need at least 3.
2026-09-01,2,320,Akpom,IPS,FWD,,0,,,,,,,,,Insufficient data,,only 1 finished-gameweek snapshot(s) recorded; need at least 3.
2026-09-01,2,321,Walle Egeli,IPS,FWD,,0,,,,,,,,,Insufficient data,,only 1 finished-gameweek snapshot(s) recorded; need at least 3.
2026-09-01,2,322,Al-Hamadi,IPS,FWD,0.0,0,,,,,,,,,Insufficient data,,only 1 finished-gameweek snapshot(s) recorded; need at least 3.
2026-09-01,2,323,McAteer,IPS,MID,,0,,,,,,,,,Insufficient data,,only 1 finished-gameweek snapshot(s) recorded; need at least 3.
2026-09-01,2,324,Mehmeti,IPS,MID,,0,,,,,,,,,Insufficient data,,only 1 finished-gameweek snapshot(s) recorded; need at least 3.
2026-09-01,2,325,Darlow,MUN,GKP,100.0,0,,,,,,,,,Insufficient data,,only 1 finished-gameweek snapshot(s) recorded; need at least 3.
2026-09-01,2,326,Perri,LEE,GKP,0.0,0,,,,,,,,,Insufficient data,,only 1 finished-gameweek snapshot(s) recorded; need at least 3.
2026-09-01,2,327,Bijol,LEE,DEF,,0,,,,,,,,,Insufficient data,,only 1 finished-gameweek snapshot(s) recorded; need at least 3.
2026-09-01,2,328,Struijk,BHA,DEF,100.0,0,,,,,,,,,Insufficient data,,only 1 finished-gameweek snapshot(s) recorded; need at least 3.
2026-09-01,2,329,Rodon,LEE,DEF,50.0,0,,,,,,,,,Insufficient data,,only 1 finished-gameweek snapshot(s) recorded; need at least 3.
2026-09-01,2,330,Bogle,LEE,DEF,,0,,,,,,,,,Insufficient data,,only 1 finished-gameweek snapshot(s) recorded; need at least 3.
2026-09-01,2,331,Gudmundsson,LEE,DEF,100.0,0,,,,,,,,,Insufficient data,,only 1 finished-gameweek snapshot(s) recorded; need at least 3.
2026-09-01,2,332,Justin,LEE,DEF,,0,,,,,,,,,Insufficient data,,only 1 finished-gameweek snapshot(s) recorded; need at least 3.
2026-09-01,2,333,Bornauw,LEE,DEF,0.0,0,,,,,,,,,Insufficient data,,only 1 finished-gameweek snapshot(s) recorded; need at least 3.
2026-09-01,2,334,Muharemović,LEE,DEF,,0,,,,,,,,,Insufficient data,,only 1 finished-gameweek snapshot(s) recorded; need at least 3.
2026-09-01,2,335,Stach,LEE,MID,,0,,,,,,,,,Insufficient data,,only 1 finished-gameweek snapshot(s) recorded; need at least 3.
2026-09-01,2,336,Okafor,LEE,MID,,0,,,,,,,,,Insufficient data,,only 1 finished-gameweek snapshot(s) recorded; need at least 3.
2026-09-01,2,337,Aaronson,LEE,MID,,0,,,,,,,,,Insufficient data,,only 1 finished-gameweek snapshot(s) recorded; need at least 3.
2026-09-01,2,338,Ampadu,LEE,MID,,0,,,,,,,,,Insufficient data,,only 1 finished-gameweek snapshot(s) recorded; need at least 3.
2026-09-01,2,339,Longstaff,LEE,MID,,0,,,,,,,,,Insufficient data,,only 1 finished-gameweek snapshot(s) recorded; need at least 3.
2026-09-01,2,340,Gelhardt,HUL,MID,0.0,0,,,,,,,,,Insufficient data,,only 1 finished-gameweek snapshot(s) recorded; need at least 3.
2026-09-01,2,341,Gnonto,LEE,MID,100.0,0,,,,,,,,,Insufficient data,,only 1 finished-gameweek snapshot(s) recorded; need at least 3.
2026-09-01,2,342,Harrison,LEE,MID,0.0,0,,,,,,,,,Insufficient data,,only 1 finished-gameweek snapshot(s) recorded; need at least 3.
2026-09-01,2,343,James,LEE,MID,,0,,,,,,,,,Insufficient data,,only 1 finished-gameweek snapshot(s) recorded; need at least 3.
2026-09-01,2,344,Gruev,LEE,MID,25.0,0,,,,,,,,,Insufficient data,,only 1 finished-gameweek snapshot(s) recorded; need at least 3.
2026-09-01,2,345,Tanaka,LEE,MID,,0,,,,,,,,,Insufficient data,,only 1 finished-gameweek snapshot(s) recorded; need at least 3.
2026-09-01,2,346,Calvert-Lewin,LEE,FWD,,0,,,,,,,,,Insufficient data,,only 1 finished-gameweek snapshot(s) recorded; need at least 3.
2026-09-01,2,347,Nmecha,LEE,FWD,,0,,,,,,,,,Insufficient data,,only 1 finished-gameweek snapshot(s) recorded; need at least 3.
2026-09-01,2,348,Piroe,LEE,FWD,0.0,0,,,,,,,,,Insufficient data,,only 1 finished-gameweek snapshot(s) recorded; need at least 3.
2026-09-01,2,349,Mateo Joseph,LEE,FWD,0.0,0,,,,,,,,,Insufficient data,,only 1 finished-gameweek snapshot(s) recorded; need at least 3.
2026-09-01,2,350,A.Becker,LIV,GKP,,0,,,,,,,,,Insufficient data,,only 1 finished-gameweek snapshot(s) recorded; need at least 3.
2026-09-01,2,351,Mamardashvili,LIV,GKP,,0,,,,,,,,,Insufficient data,,only 1 finished-gameweek snapshot(s) recorded; need at least 3.
2026-09-01,2,352,Woodman,LIV,GKP,,0,,,,,,,,,Insufficient data,,only 1 finished-gameweek snapshot(s) recorded; need at least 3.
2026-09-01,2,353,Pecsi,LIV,GKP,0.0,0,,,,,,,,,Insufficient data,,only 1 finished-gameweek snapshot(s) recorded; need at least 3.
2026-09-01,2,354,Jaros,LIV,GKP,0.0,0,,,,,,,,,Insufficient data,,only 1 finished-gameweek snapshot(s) recorded; need at least 3.
2026-09-01,2,355,Davies,LIV,GKP,,0,,,,,,,,,Insufficient data,,only 1 finished-gameweek snapshot(s) recorded; need at least 3.
2026-09-01,2,356,Virgil,LIV,DEF,,0,,,,,,,,,Insufficient data,,only 1 finished-gameweek snapshot(s) recorded; need at least 3.
2026-09-01,2,357,Frimpong,LIV,DEF,,0,,,,,,,,,Insufficient data,,only 1 finished-gameweek snapshot(s) recorded; need at least 3.
2026-09-01,2,358,Kerkez,LIV,DEF,,0,,,,,,,,,Insufficient data,,only 1 finished-gameweek snapshot(s) recorded; need at least 3.
2026-09-01,2,359,Gomez,LIV,DEF,0.0,0,,,,,,,,,Insufficient data,,only 1 finished-gameweek snapshot(s) recorded; need at least 3.
2026-09-01,2,360,Bradley,LIV,DEF,0.0,0,,,,,,,,,Insufficient data,,only 1 finished-gameweek snapshot(s) recorded; need at least 3.
2026-09-01,2,361,Lucky,LIV,DEF,,0,,,,,,,,,Insufficient data,,only 1 finished-gameweek snapshot(s) recorded; need at least 3.
2026-09-01,2,362,Jacquet,LIV,DEF,100.0,0,,,,,,,,,Insufficient data,,only 1 finished-gameweek snapshot(s) recorded; need at least 3.
2026-09-01,2,363,Leoni,LIV,DEF,0.0,0,,,,,,,,,Insufficient data,,only 1 finished-gameweek snapshot(s) recorded; need at least 3.
2026-09-01,2,364,Tsimikas,LIV,DEF,,0,,,,,,,,,Insufficient data,,only 1 finished-gameweek snapshot(s) recorded; need at least 3.
2026-09-01,2,365,Ramsay,LIV,DEF,0.0,0,,,,,,,,,Insufficient data,,only 1 finished-gameweek snapshot(s) recorded; need at least 3.
2026-09-01,2,366,Wirtz,LIV,MID,,0,,,,,,,,,Insufficient data,,only 1 finished-gameweek snapshot(s) recorded; need at least 3.
2026-09-01,2,367,Gakpo,LIV,MID,,0,,,,,,,,,Insufficient data,,only 1 finished-gameweek snapshot(s) recorded; need at least 3.
2026-09-01,2,368,Szoboszlai,LIV,MID,,0,,,,,,,,,Insufficient data,,only 1 finished-gameweek snapshot(s) recorded; need at least 3.
2026-09-01,2,369,Ngumoha,LIV,MID,,0,,,,,,,,,Insufficient data,,only 1 finished-gameweek snapshot(s) recorded; need at least 3.
2026-09-01,2,370,Chiesa,LIV,MID,0.0,0,,,,,,,,,Insufficient data,,only 1 finished-gameweek snapshot(s) recorded; need at least 3.
2026-09-01,2,371,Gravenberch,LIV,MID,,0,,,,,,,,,Insufficient data,,only 1 finished-gameweek snapshot(s) recorded; need at least 3.
2026-09-01,2,372,Mac Allister,LIV,MID,,0,,,,,,,,,Insufficient data,,only 1 finished-gameweek snapshot(s) recorded; need at least 3.
2026-09-01,2,373,C.Jones,LIV,MID,0.0,0,,,,,,,,,Insufficient data,,only 1 finished-gameweek snapshot(s) recorded; need at least 3.
2026-09-01,2,374,Endo,LIV,MID,100.0,0,,,,,,,,,Insufficient data,,only 1 finished-gameweek snapshot(s) recorded; need at least 3.
2026-09-01,2,375,Nyoni,LIV,MID,,0,,,,,,,,,Insufficient data,,only 1 finished-gameweek snapshot(s) recorded; need at least 3.
2026-09-01,2,376,Bajcetic,LIV,MID,0.0,0,,,,,,,,,Insufficient data,,only 1 finished-gameweek snapshot(s) recorded; need at least 3.
2026-09-01,2,377,Munoz,LIV,MID,,0,,,,,,,,,Insufficient data,,only 1 finished-gameweek snapshot(s) recorded; need at least 3.
2026-09-01,2,378,McConnell,LIV,MID,,0,,,,,,,,,Insufficient data,,only 1 finished-gameweek snapshot(s) recorded; need at least 3.
2026-09-01,2,379,Isak,LIV,FWD,,0,,,,,,,,,Insufficient data,,only 1 finished-gameweek snapshot(s) recorded; need at least 3.
2026-09-01,2,380,Ekitiké,LIV,FWD,0.0,0,,,,,,,,,Insufficient data,,only 1 finished-gameweek snapshot(s) recorded; need at least 3.
2026-09-01,2,381,Koumas,LIV,MID,,0,,,,,,,,,Insufficient data,,only 1 finished-gameweek snapshot(s) recorded; need at least 3.
2026-09-01,2,382,Danns,LIV,FWD,0.0,0,,,,,,,,,Insufficient data,,only 1 finished-gameweek snapshot(s) recorded; need at least 3.
2026-09-01,2,383,Elliott,LIV,MID,,0,,,,,,,,,Insufficient data,,only 1 finished-gameweek snapshot(s) recorded; need at least 3.
2026-09-01,2,384,Donnarumma,MCI,GKP,,0,,,,,,,,,Insufficient data,,only 1 finished-gameweek snapshot(s) recorded; need at least 3.
2026-09-01,2,385,Trafford,LEE,GKP,,0,,,,,,,,,Insufficient data,,only 1 finished-gameweek snapshot(s) recorded; need at least 3.
2026-09-01,2,386,Bettinelli,MCI,GKP,,0,,,,,,,,,Insufficient data,,only 1 finished-gameweek snapshot(s) recorded; need at least 3.
2026-09-01,2,387,O'Reilly,MCI,DEF,,0,,,,,,,,,Insufficient data,,only 1 finished-gameweek snapshot(s) recorded; need at least 3.
2026-09-01,2,388,Guéhi,MCI,DEF,,0,,,,,,,,,Insufficient data,,only 1 finished-gameweek snapshot(s) recorded; need at least 3.
2026-09-01,2,389,Matheus N.,MCI,DEF,75.0,0,,,,,,,,,Insufficient data,,only 1 finished-gameweek snapshot(s) recorded; need at least 3.
2026-09-01,2,390,Rúben,MCI,DEF,,0,,,,,,,,,Insufficient data,,only 1 finished-gameweek snapshot(s) recorded; need at least 3.
2026-09-01,2,391,Gvardiol,MCI,DEF,,0,,,,,,,,,Insufficient data,,only 1 finished-gameweek snapshot(s) recorded; need at least 3.
2026-09-01,2,392,Aït-Nouri,MCI,DEF,,0,,,,,,,,,Insufficient data,,only 1 finished-gameweek snapshot(s) recorded; need at least 3.
2026-09-01,2,393,Khusanov,MCI,DEF,,0,,,,,,,,,Insufficient data,,only 1 finished-gameweek snapshot(s) recorded; need at least 3.
2026-09-01,2,394,Alleyne,MCI,DEF,0.0,0,,,,,,,,,Insufficient data,,only 1 finished-gameweek snapshot(s) recorded; need at least 3.
2026-09-01,2,395,Lewis,MCI,DEF,,0,,,,,,,,,Insufficient data,,only 1 finished-gameweek snapshot(s) recorded; need at least 3.
2026-09-01,2,396,Vitor Reis,MCI,DEF,,0,,,,,,,,,Insufficient data,,only 1 finished-gameweek snapshot(s) recorded; need at least 3.
2026-09-01,2,397,Semenyo,MCI,MID,,0,,,,,,,,,Insufficient data,,only 1 finished-gameweek snapshot(s) recorded; need at least 3.
2026-09-01,2,398,Foden,MCI,MID,,0,,,,,,,,,Insufficient data,,only 1 finished-gameweek snapshot(s) recorded; need at least 3.
2026-09-01,2,399,Cherki,MCI,MID,,0,,,,,,,,,Insufficient data,,only 1 finished-gameweek snapshot(s) recorded; need at least 3.
2026-09-01,2,400,Doku,MCI,MID,0.0,0,,,,,,,,,Insufficient data,,only 1 finished-gameweek snapshot(s) recorded; need at least 3.
2026-09-01,2,401,Marmoush,TOT,FWD,,0,,,,,,,,,Insufficient data,,only 1 finished-gameweek snapshot(s) recorded; need at least 3.
2026-09-01,2,402,Rodrigo,MCI,MID,0.0,0,,,,,,,,,Insufficient data,,only 1 finished-gameweek snapshot(s) recorded; need at least 3.
2026-09-01,2,403,Sávio,TOT,MID,75.0,0,,,,,,,,,Insufficient data,,only 1 finished-gameweek snapshot(s) recorded; need at least 3.
2026-09-01,2,404,Reijnders,MCI,MID,0.0,0,,,,,,,,,Insufficient data,,only 1 finished-gameweek snapshot(s) recorded; need at least 3.
2026-09-01,2,405,N.Gonzalez,NEW,MID,,0,,,,,,,,,Insufficient data,,only 1 finished-gameweek snapshot(s) recorded; need at least 3.
2026-09-01,2,406,Kovačić,MCI,MID,,0,,,,,,,,,Insufficient data,,only 1 finished-gameweek snapshot(s) recorded; need at least 3.
2026-09-01,2,407,Echeverri,MCI,MID,,0,,,,,,,,,Insufficient data,,only 1 finished-gameweek snapshot(s) recorded; need at least 3.
2026-09-01,2,408,Phillips,MCI,MID,0.0,0,,,,,,,,,Insufficient data,,only 1 finished-gameweek snapshot(s) recorded; need at least 3.
2026-09-01,2,409,Mukasa,MCI,MID,,0,,,,,,,,,Insufficient data,,only 1 finished-gameweek snapshot(s) recorded; need at least 3.
2026-09-01,2,410,Monga,MCI,MID,,0,,,,,,,,,Insufficient data,,only 1 finished-gameweek snapshot(s) recorded; need at least 3.
2026-09-01,2,411,Haaland,MCI,FWD,,0,,,,,,,,,Insufficient data,,only 1 finished-gameweek snapshot(s) recorded; need at least 3.
2026-09-01,2,412,Lammens,MUN,GKP,,0,,,,,,,,,Insufficient data,,only 1 finished-gameweek snapshot(s) recorded; need at least 3.
2026-09-01,2,413,Bayindir,MUN,GKP,0.0,0,,,,,,,,,Insufficient data,,only 1 finished-gameweek snapshot(s) recorded; need at least 3.
2026-09-01,2,414,Heaton,MUN,GKP,0.0,0,,,,,,,,,Insufficient data,,only 1 finished-gameweek snapshot(s) recorded; need at least 3.
2026-09-01,2,415,Dorgu,MUN,MID,,0,,,,,,,,,Insufficient data,,only 1 finished-gameweek snapshot(s) recorded; need at least 3.
2026-09-01,2,416,De Ligt,MUN,DEF,0.0,0,,,,,,,,,Insufficient data,,only 1 finished-gameweek snapshot(s) recorded; need at least 3.
2026-09-01,2,417,Dalot,MUN,DEF,,0,,,,,,,,,Insufficient data,,only 1 finished-gameweek snapshot(s) recorded; need at least 3.
2026-09-01,2,418,Maguire,MUN,DEF,,0,,,,,,,,,Insufficient data,,only 1 finished-gameweek snapshot(s) recorded; need at least 3.
2026-09-01,2,419,Martinez,MUN,DEF,100.0,0,,,,,,,,,Insufficient data,,only 1 finished-gameweek snapshot(s) recorded; need at least 3.
2026-09-01,2,420,Yoro,MUN,DEF,,0,,,,,,,,,Insufficient data,,only 1 finished-gameweek snapshot(s) recorded; need at least 3.
2026-09-01,2,421,Heaven,MUN,DEF,,0,,,,,,,,,Insufficient data,,only 1 finished-gameweek snapshot(s) recorded; need at least 3.
2026-09-01,2,422,Mazraoui,MUN,DEF,,0,,,,,,,,,Insufficient data,,only 1 finished-gameweek snapshot(s) recorded; need at least 3.
2026-09-01,2,423,Shaw,MUN,DEF,,0,,,,,,,,,Insufficient data,,only 1 finished-gameweek snapshot(s) recorded; need at least 3.
2026-09-01,2,424,Amass,MUN,DEF,,0,,,,,,,,,Insufficient data,,only 1 finished-gameweek snapshot(s) recorded; need at least 3.
2026-09-01,2,425,Fredricson,MUN,DEF,0.0,0,,,,,,,,,Insufficient data,,only 1 finished-gameweek snapshot(s) recorded; need at least 3.
2026-09-01,2,426,B.Fernandes,MUN,MID,,0,,,,,,,,,Insufficient data,,only 1 finished-gameweek snapshot(s) recorded; need at least 3.
2026-09-01,2,427,Mbeumo,MUN,MID,,0,,,,,,,,,Insufficient data,,only 1 finished-gameweek snapshot(s) recorded; need at least 3.
2026-09-01,2,428,Cunha,MUN,MID,,0,,,,,,,,,Insufficient data,,only 1 finished-gameweek snapshot(s) recorded; need at least 3.
2026-09-01,2,429,Rashford,MUN,MID,,0,,,,,,,,,Insufficient data,,only 1 finished-gameweek snapshot(s) recorded; need at least 3.
2026-09-01,2,430,Mount,MUN,MID,75.0,0,,,,,,,,,Insufficient data,,only 1 finished-gameweek snapshot(s) recorded; need at least 3.
2026-09-01,2,431,Amad,MUN,MID,0.0,0,,,,,,,,,Insufficient data,,only 1 finished-gameweek snapshot(s) recorded; need at least 3.
2026-09-01,2,432,Mainoo,MUN,MID,,0,,,,,,,,,Insufficient data,,only 1 finished-gameweek snapshot(s) recorded; need at least 3.
2026-09-01,2,433,Ugarte,MUN,MID,0.0,0,,,,,,,,,Insufficient data,,only 1 finished-gameweek snapshot(s) recorded; need at least 3.
2026-09-01,2,434,J.Fletcher,MUN,MID,,0,,,,,,,,,Insufficient data,,only 1 finished-gameweek snapshot(s) recorded; need at least 3.
2026-09-01,2,435,Lacey,MUN,MID,,0,,,,,,,,,Insufficient data,,only 1 finished-gameweek snapshot(s) recorded; need at least 3.
2026-09-01,2,436,Collyer,MUN,MID,0.0,0,,,,,,,,,Insufficient data,,only 1 finished-gameweek snapshot(s) recorded; need at least 3.
2026-09-01,2,437,Bendito Mantato,MUN,MID,,0,,,,,,,,,Insufficient data,,only 1 finished-gameweek snapshot(s) recorded; need at least 3.
2026-09-01,2,438,Fletcher,MUN,MID,,0,,,,,,,,,Insufficient data,,only 1 finished-gameweek snapshot(s) recorded; need at least 3.
2026-09-01,2,439,Šeško,MUN,FWD,100.0,0,,,,,,,,,Insufficient data,,only 1 finished-gameweek snapshot(s) recorded; need at least 3.
2026-09-01,2,440,Zirkzee,MUN,FWD,,0,,,,,,,,,Insufficient data,,only 1 finished-gameweek snapshot(s) recorded; need at least 3.
2026-09-01,2,441,Obi,MUN,FWD,,0,,,,,,,,,Insufficient data,,only 1 finished-gameweek snapshot(s) recorded; need at least 3.
2026-09-01,2,442,Pope,NEW,GKP,,0,,,,,,,,,Insufficient data,,only 1 finished-gameweek snapshot(s) recorded; need at least 3.
2026-09-01,2,443,Gillespie,NEW,GKP,,0,,,,,,,,,Insufficient data,,only 1 finished-gameweek snapshot(s) recorded; need at least 3.
2026-09-01,2,444,Jaouen,NEW,GKP,,0,,,,,,,,,Insufficient data,,only 1 finished-gameweek snapshot(s) recorded; need at least 3.
2026-09-01,2,445,Thiaw,NEW,DEF,,0,,,,,,,,,Insufficient data,,only 1 finished-gameweek snapshot(s) recorded; need at least 3.
2026-09-01,2,446,Schär,NEW,DEF,100.0,0,,,,,,,,,Insufficient data,,only 1 finished-gameweek snapshot(s) recorded; need at least 3.
2026-09-01,2,447,Botman,NEW,DEF,,0,,,,,,,,,Insufficient data,,only 1 finished-gameweek snapshot(s) recorded; need at least 3.
2026-09-01,2,448,Burn,NEW,DEF,0.0,0,,,,,,,,,Insufficient data,,only 1 finished-gameweek snapshot(s) recorded; need at least 3.
2026-09-01,2,449,Hall,NEW,DEF,,0,,,,,,,,,Insufficient data,,only 1 finished-gameweek snapshot(s) recorded; need at least 3.
2026-09-01,2,450,Livramento,NEW,DEF,0.0,0,,,,,,,,,Insufficient data,,only 1 finished-gameweek snapshot(s) recorded; need at least 3.
2026-09-01,2,451,A.Murphy,NEW,DEF,0.0,0,,,,,,,,,Insufficient data,,only 1 finished-gameweek snapshot(s) recorded; need at least 3.
2026-09-01,2,452,Bruno G.,ARS,MID,100.0,0,,,,,,,,,Insufficient data,,only 1 finished-gameweek snapshot(s) recorded; need at least 3.
2026-09-01,2,453,Barnes,NEW,MID,,0,,,,,,,,,Insufficient data,,only 1 finished-gameweek snapshot(s) recorded; need at least 3.
2026-09-01,2,454,Elanga,NEW,MID,,0,,,,,,,,,Insufficient data,,only 1 finished-gameweek snapshot(s) recorded; need at least 3.
2026-09-01,2,455,Tonali,TOT,MID,,0,,,,,,,,,Insufficient data,,only 1 finished-gameweek snapshot(s) recorded; need at least 3.
2026-09-01,2,456,J.Ramsey,NEW,MID,,0,,,,,,,,,Insufficient data,,only 1 finished-gameweek snapshot(s) recorded; need at least 3.
2026-09-01,2,457,J.Murphy,NEW,MID,,0,,,,,,,,,Insufficient data,,only 1 finished-gameweek snapshot(s) recorded; need at least 3.
2026-09-01,2,458,Joelinton,NEW,MID,0.0,0,,,,,,,,,Insufficient data,,only 1 finished-gameweek snapshot(s) recorded; need at least 3.
2026-09-01,2,459,L.Miley,NEW,MID,100.0,0,,,,,,,,,Insufficient data,,only 1 finished-gameweek snapshot(s) recorded; need at least 3.
2026-09-01,2,460,Willock,NEW,MID,,0,,,,,,,,,Insufficient data,,only 1 finished-gameweek snapshot(s) recorded; need at least 3.
2026-09-01,2,461,Touré,NEW,MID,,0,,,,,,,,,Insufficient data,,only 1 finished-gameweek snapshot(s) recorded; need at least 3.
2026-09-01,2,462,Steur,NEW,MID,,0,,,,,,,,,Insufficient data,,only 1 finished-gameweek snapshot(s) recorded; need at least 3.
2026-09-01,2,463,Woltemade,NEW,FWD,,0,,,,,,,,,Insufficient data,,only 1 finished-gameweek snapshot(s) recorded; need at least 3.
2026-09-01,2,464,Wissa,NEW,FWD,,0,,,,,,,,,Insufficient data,,only 1 finished-gameweek snapshot(s) recorded; need at least 3.
2026-09-01,2,465,Osula,NEW,FWD,0.0,0,,,,,,,,,Insufficient data,,only 1 finished-gameweek snapshot(s) recorded; need at least 3.
2026-09-01,2,466,Neave,NEW,FWD,,0,,,,,,,,,Insufficient data,,only 1 finished-gameweek snapshot(s) recorded; need at least 3.
2026-09-01,2,467,Sels,NFO,GKP,,0,,,,,,,,,Insufficient data,,only 1 finished-gameweek snapshot(s) recorded; need at least 3.
2026-09-01,2,468,John,NFO,GKP,,0,,,,,,,,,Insufficient data,,only 1 finished-gameweek snapshot(s) recorded; need at least 3.
2026-09-01,2,469,N.Williams,NFO,DEF,,0,,,,,,,,,Insufficient data,,only 1 finished-gameweek snapshot(s) recorded; need at least 3.
2026-09-01,2,470,Morato,NFO,DEF,,0,,,,,,,,,Insufficient data,,only 1 finished-gameweek snapshot(s) recorded; need at least 3.
2026-09-01,2,471,Milenković,NFO,DEF,,0,,,,,,,,,Insufficient data,,only 1 finished-gameweek snapshot(s) recorded; need at least 3.
2026-09-01,2,472,Murillo,NFO,DEF,100.0,0,,,,,,,,,Insufficient data,,only 1 finished-gameweek snapshot(s) recorded; need at least 3.
2026-09-01,2,473,Aina,NFO,DEF,,0,,,,,,,,,Insufficient data,,only 1 finished-gameweek snapshot(s) recorded; need at least 3.
2026-09-01,2,474,Jair Cunha,NFO,DEF,,0,,,,,,,,,Insufficient data,,only 1 finished-gameweek snapshot(s) recorded; need at least 3.
2026-09-01,2,475,Savona,NFO,DEF,0.0,0,,,,,,,,,Insufficient data,,only 1 finished-gameweek snapshot(s) recorded; need at least 3.
2026-09-01,2,476,O.Richards,NFO,DEF,,0,,,,,,,,,Insufficient data,,only 1 finished-gameweek snapshot(s) recorded; need at least 3.
2026-09-01,2,477,Abbott,NFO,DEF,,0,,,,,,,,,Insufficient data,,only 1 finished-gameweek snapshot(s) recorded; need at least 3.
2026-09-01,2,478,Netz,NFO,DEF,,0,,,,,,,,,Insufficient data,,only 1 finished-gameweek snapshot(s) recorded; need at least 3.
2026-09-01,2,479,Bindon,NFO,DEF,0.0,0,,,,,,,,,Insufficient data,,only 1 finished-gameweek snapshot(s) recorded; need at least 3.
2026-09-01,2,480,Gibbs-White,NFO,MID,100.0,0,,,,,,,,,Insufficient data,,only 1 finished-gameweek snapshot(s) recorded; need at least 3.
2026-09-01,2,481,Anderson,MCI,MID,100.0,0,,,,,,,,,Insufficient data,,only 1 finished-gameweek snapshot(s) recorded; need at least 3.
2026-09-01,2,482,Hudson-Odoi,NFO,MID,100.0,0,,,,,,,,,Insufficient data,,only 1 finished-gameweek snapshot(s) recorded; need at least 3.
2026-09-01,2,483,Ndoye,NFO,MID,,0,,,,,,,,,Insufficient data,,only 1 finished-gameweek snapshot(s) recorded; need at least 3.
2026-09-01,2,484,Hutchinson,NFO,MID,,0,,,,,,,,,Insufficient data,,only 1 finished-gameweek snapshot(s) recorded; need at least 3.
2026-09-01,2,485,Bakwa,NFO,MID,0.0,0,,,,,,,,,Insufficient data,,only 1 finished-gameweek snapshot(s) recorded; need at least 3.
2026-09-01,2,486,McAtee,NFO,MID,,0,,,,,,,,,Insufficient data,,only 1 finished-gameweek snapshot(s) recorded; need at least 3.
2026-09-01,2,487,Dominguez,NFO,MID,,0,,,,,,,,,Insufficient data,,only 1 finished-gameweek snapshot(s) recorded; need at least 3.
2026-09-01,2,488,I.Sangaré,NFO,MID,0.0,0,,,,,,,,,Insufficient data,,only 1 finished-gameweek snapshot(s) recorded; need at least 3.
2026-09-01,2,489,Yates,NFO,MID,100.0,0,,,,,,,,,Insufficient data,,only 1 finished-gameweek snapshot(s) recorded; need at least 3.
2026-09-01,2,490,Wood,NFO,FWD,,0,,,,,,,,,Insufficient data,,only 1 finished-gameweek snapshot(s) recorded; need at least 3.
2026-09-01,2,491,Igor Jesus,NFO,FWD,,0,,,,,,,,,Insufficient data,,only 1 finished-gameweek snapshot(s) recorded; need at least 3.
2026-09-01,2,492,Awoniyi,COV,FWD,,0,,,,,,,,,Insufficient data,,only 1 finished-gameweek snapshot(s) recorded; need at least 3.
2026-09-01,2,493,Kalimuendo,NFO,FWD,,0,,,,,,,,,Insufficient data,,only 1 finished-gameweek snapshot(s) recorded; need at least 3.
2026-09-01,2,494,Vicario,TOT,GKP,0.0,0,,,,,,,,,Insufficient data,,only 1 finished-gameweek snapshot(s) recorded; need at least 3.
2026-09-01,2,495,Austin,TOT,GKP,,0,,,,,,,,,Insufficient data,,only 1 finished-gameweek snapshot(s) recorded; need at least 3.
2026-09-01,2,496,Kinsky,TOT,GKP,,0,,,,,,,,,Insufficient data,,only 1 finished-gameweek snapshot(s) recorded; need at least 3.
2026-09-01,2,497,Dubravka,TOT,GKP,,0,,,,,,,,,Insufficient data,,only 1 finished-gameweek snapshot(s) recorded; need at least 3.
2026-09-01,2,498,Senesi,TOT,DEF,,0,,,,,,,,,Insufficient data,,only 1 finished-gameweek snapshot(s) recorded; need at least 3.
2026-09-01,2,499,Pedro Porro,TOT,DEF,100.0,0,,,,,,,,,Insufficient data,,only 1 finished-gameweek snapshot(s) recorded; need at least 3.
2026-09-01,2,500,Romero,TOT,DEF,0.0,0,,,,,,,,,Insufficient data,,only 1 finished-gameweek snapshot(s) recorded; need at least 3.
2026-09-01,2,501,Danso,TOT,DEF,,0,,,,,,,,,Insufficient data,,only 1 finished-gameweek snapshot(s) recorded; need at least 3.
2026-09-01,2,502,Robertson,TOT,DEF,,0,,,,,,,,,Insufficient data,,only 1 finished-gameweek snapshot(s) recorded; need at least 3.
2026-09-01,2,503,Van de Ven,TOT,DEF,100.0,0,,,,,,,,,Insufficient data,,only 1 finished-gameweek snapshot(s) recorded; need at least 3.
2026-09-01,2,504,Vuskovic,BHA,DEF,,0,,,,,,,,,Insufficient data,,only 1 finished-gameweek snapshot(s) recorded; need at least 3.
2026-09-01,2,505,Spence,TOT,DEF,0.0,0,,,,,,,,,Insufficient data,,only 1 finished-gameweek snapshot(s) recorded; need at least 3.
2026-09-01,2,506,Udogie,TOT,DEF,,0,,,,,,,,,Insufficient data,,only 1 finished-gameweek snapshot(s) recorded; need at least 3.
2026-09-01,2,507,Phillips,TOT,DEF,0.0,0,,,,,,,,,Insufficient data,,only 1 finished-gameweek snapshot(s) recorded; need at least 3.
2026-09-01,2,508,Davies,TOT,DEF,,0,,,,,,,,,Insufficient data,,only 1 finished-gameweek snapshot(s) recorded; need at least 3.
2026-09-01,2,509,Byfield,TOT,DEF,,0,,,,,,,,,Insufficient data,,only 1 finished-gameweek snapshot(s) recorded; need at least 3.
2026-09-01,2,510,Rowswell,TOT,DEF,,0,,,,,,,,,Insufficient data,,only 1 finished-gameweek snapshot(s) recorded; need at least 3.
2026-09-01,2,511,Souza,TOT,DEF,,0,,,,,,,,,Insufficient data,,only 1 finished-gameweek snapshot(s) recorded; need at least 3.
2026-09-01,2,512,Kudus,TOT,MID,100.0,0,,,,,,,,,Insufficient data,,only 1 finished-gameweek snapshot(s) recorded; need at least 3.
2026-09-01,2,513,Xavi,TOT,MID,0.0,0,,,,,,,,,Insufficient data,,only 1 finished-gameweek snapshot(s) recorded; need at least 3.
2026-09-01,2,514,Tel,TOT,MID,,0,,,,,,,,,Insufficient data,,only 1 finished-gameweek snapshot(s) recorded; need at least 3.
2026-09-01,2,515,Maddison,TOT,MID,75.0,0,,,,,,,,,Insufficient data,,only 1 finished-gameweek snapshot(s) recorded; need at least 3.
2026-09-01,2,516,Bentancur,TOT,MID,,0,,,,,,,,,Insufficient data,,only 1 finished-gameweek snapshot(s) recorded; need at least 3.
2026-09-01,2,517,Odobert,TOT,MID,0.0,0,,,,,,,,,Insufficient data,,only 1 finished-gameweek snapshot(s) recorded; need at least 3.
2026-09-01,2,518,P.M.Sarr,TOT,MID,100.0,0,,,,,,,,,Insufficient data,,only 1 finished-gameweek snapshot(s) recorded; need at least 3.
2026-09-01,2,519,Gallagher,TOT,MID,,0,,,,,,,,,Insufficient data,,only 1 finished-gameweek snapshot(s) recorded; need at least 3.
2026-09-01,2,520,Bergvall,TOT,MID,,0,,,,,,,,,Insufficient data,,only 1 finished-gameweek snapshot(s) recorded; need at least 3.
2026-09-01,2,521,Kulusevski,TOT,MID,0.0,0,,,,,,,,,Insufficient data,,only 1 finished-gameweek snapshot(s) recorded; need at least 3.
2026-09-01,2,522,Gray,TOT,MID,,0,,,,,,,,,Insufficient data,,only 1 finished-gameweek snapshot(s) recorded; need at least 3.
2026-09-01,2,523,Moore,TOT,MID,,0,,,,,,,,,Insufficient data,,only 1 finished-gameweek snapshot(s) recorded; need at least 3.
2026-09-01,2,524,Olusesi,TOT,MID,,0,,,,,,,,,Insufficient data,,only 1 finished-gameweek snapshot(s) recorded; need at least 3.
2026-09-01,2,525,Fernandes,TOT,MID,,0,,,,,,,,,Insufficient data,,only 1 finished-gameweek snapshot(s) recorded; need at least 3.
2026-09-01,2,526,Solanke,TOT,FWD,,0,,,,,,,,,Insufficient data,,only 1 finished-gameweek snapshot(s) recorded; need at least 3.
2026-09-01,2,527,Richarlison,TOT,FWD,,0,,,,,,,,,Insufficient data,,only 1 finished-gameweek snapshot(s) recorded; need at least 3.
2026-09-01,2,528,Scarlett,TOT,FWD,,0,,,,,,,,,Insufficient data,,only 1 finished-gameweek snapshot(s) recorded; need at least 3.
2026-09-01,2,529,Roefs,SUN,GKP,,0,,,,,,,,,Insufficient data,,only 1 finished-gameweek snapshot(s) recorded; need at least 3.
2026-09-01,2,530,Patterson,SUN,GKP,0.0,0,,,,,,,,,Insufficient data,,only 1 finished-gameweek snapshot(s) recorded; need at least 3.
2026-09-01,2,531,Ellborg,SUN,GKP,,0,,,,,,,,,Insufficient data,,only 1 finished-gameweek snapshot(s) recorded; need at least 3.
2026-09-01,2,532,Ballard,SUN,DEF,,0,,,,,,,,,Insufficient data,,only 1 finished-gameweek snapshot(s) recorded; need at least 3.
2026-09-01,2,533,Mukiele,SUN,DEF,100.0,0,,,,,,,,,Insufficient data,,only 1 finished-gameweek snapshot(s) recorded; need at least 3.
2026-09-01,2,534,Hume,SUN,DEF,,0,,,,,,,,,Insufficient data,,only 1 finished-gameweek snapshot(s) recorded; need at least 3.
2026-09-01,2,535,Alderete,SUN,DEF,100.0,0,,,,,,,,,Insufficient data,,only 1 finished-gameweek snapshot(s) recorded; need at least 3.
2026-09-01,2,536,Reinildo,SUN,DEF,,0,,,,,,,,,Insufficient data,,only 1 finished-gameweek snapshot(s) recorded; need at least 3.
2026-09-01,2,537,Seelt,SUN,DEF,0.0,0,,,,,,,,,Insufficient data,,only 1 finished-gameweek snapshot(s) recorded; need at least 3.
2026-09-01,2,538,Hjelde,SUN,DEF,0.0,0,,,,,,,,,Insufficient data,,only 1 finished-gameweek snapshot(s) recorded; need at least 3.
2026-09-01,2,539,O'Nien,SUN,DEF,,0,,,,,,,,,Insufficient data,,only 1 finished-gameweek snapshot(s) recorded; need at least 3.
2026-09-01,2,540,Masuaku,SUN,DEF,0.0,0,,,,,,,,,Insufficient data,,only 1 finished-gameweek snapshot(s) recorded; need at least 3.
2026-09-01,2,541,Meunier,SUN,DEF,100.0,0,,,,,,,,,Insufficient data,,only 1 finished-gameweek snapshot(s) recorded; need at least 3.
2026-09-01,2,542,E.Le Fée,SUN,MID,,0,,,,,,,,,Insufficient data,,only 1 finished-gameweek snapshot(s) recorded; need at least 3.
2026-09-01,2,543,Diarra,SUN,MID,75.0,0,,,,,,,,,Insufficient data,,only 1 finished-gameweek snapshot(s) recorded; need at least 3.
2026-09-01,2,544,Xhaka,SUN,MID,,0,,,,,,,,,Insufficient data,,only 1 finished-gameweek snapshot(s) recorded; need at least 3.
2026-09-01,2,545,Sadiki,SUN,MID,,0,,,,,,,,,Insufficient data,,only 1 finished-gameweek snapshot(s) recorded; need at least 3.
2026-09-01,2,546,Adingra,SUN,MID,0.0,0,,,,,,,,,Insufficient data,,only 1 finished-gameweek snapshot(s) recorded; need at least 3.
2026-09-01,2,547,Mundle,SUN,MID,,0,,,,,,,,,Insufficient data,,only 1 finished-gameweek snapshot(s) recorded; need at least 3.
2026-09-01,2,548,Rigg,SUN,MID,,0,,,,,,,,,Insufficient data,,only 1 finished-gameweek snapshot(s) recorded; need at least 3.
2026-09-01,2,549,Talbi,SUN,MID,,0,,,,,,,,,Insufficient data,,only 1 finished-gameweek snapshot(s) recorded; need at least 3.
2026-09-01,2,550,Jocelin.T,SUN,MID,,0,,,,,,,,,Insufficient data,,only 1 finished-gameweek snapshot(s) recorded; need at least 3.
2026-09-01,2,551,Angulo,SUN,MID,,0,,,,,,,,,Insufficient data,,only 1 finished-gameweek snapshot(s) recorded; need at least 3.
2026-09-01,2,552,Brobbey,SUN,FWD,,0,,,,,,,,,Insufficient data,,only 1 finished-gameweek snapshot(s) recorded; need at least 3.
2026-09-01,2,553,Isidor,SUN,FWD,,0,,,,,,,,,Insufficient data,,only 1 finished-gameweek snapshot(s) recorded; need at least 3.
2026-09-01,2,554,Van Oevelen,IPS,GKP,0.0,0,,,,,,,,,Insufficient data,,only 1 finished-gameweek snapshot(s) recorded; need at least 3.
2026-09-01,2,555,Matthews,CRY,GKP,,0,,,,,,,,,Insufficient data,,only 1 finished-gameweek snapshot(s) recorded; need at least 3.
2026-09-01,2,556,Targett,HUL,DEF,,0,,,,,,,,,Insufficient data,,only 1 finished-gameweek snapshot(s) recorded; need at least 3.
2026-09-01,2,557,Tzolis,ARS,MID,,0,,,,,,,,,Insufficient data,,only 1 finished-gameweek snapshot(s) recorded; need at least 3.
2026-09-01,2,558,Schlager,NFO,MID,,0,,,,,,,,,Insufficient data,,only 1 finished-gameweek snapshot(s) recorded; need at least 3.
2026-09-01,2,559,Bamba,NEW,MID,,0,,,,,,,,,Insufficient data,,only 1 finished-gameweek snapshot(s) recorded; need at least 3.
2026-09-01,2,560,Penders,CHE,GKP,,0,,,,,,,,,Insufficient data,,only 1 finished-gameweek snapshot(s) recorded; need at least 3.
2026-09-01,2,561,Anselmino,CHE,DEF,100.0,0,,,,,,,,,Insufficient data,,only 1 finished-gameweek snapshot(s) recorded; need at least 3.
2026-09-01,2,562,Maeda,IPS,MID,,0,,,,,,,,,Insufficient data,,only 1 finished-gameweek snapshot(s) recorded; need at least 3.
2026-09-01,2,563,Morita,HUL,MID,100.0,0,,,,,,,,,Insufficient data,,only 1 finished-gameweek snapshot(s) recorded; need at least 3.
2026-09-01,2,564,Scherpen,IPS,GKP,,0,,,,,,,,,Insufficient data,,only 1 finished-gameweek snapshot(s) recorded; need at least 3.
2026-09-01,2,565,M.Sangaré,BRE,MID,,0,,,,,,,,,Insufficient data,,only 1 finished-gameweek snapshot(s) recorded; need at least 3.
2026-09-01,2,566,Silva,BOU,DEF,,0,,,,,,,,,Insufficient data,,only 1 finished-gameweek snapshot(s) recorded; need at least 3.
2026-09-01,2,567,Horníček,NEW,GKP,,0,,,,,,,,,Insufficient data,,only 1 finished-gameweek snapshot(s) recorded; need at least 3.
2026-09-01,2,568,Barco,CHE,MID,,0,,,,,,,,,Insufficient data,,only 1 finished-gameweek snapshot(s) recorded; need at least 3.
2026-09-01,2,569,Gonzalo,FUL,FWD,,0,,,,,,,,,Insufficient data,,only 1 finished-gameweek snapshot(s) recorded; need at least 3.
2026-09-01,2,570,Palacios,FUL,MID,,0,,,,,,,,,Insufficient data,,only 1 finished-gameweek snapshot(s) recorded; need at least 3.
2026-09-01,2,571,Florentino,IPS,MID,75.0,0,,,,,,,,,Insufficient data,,only 1 finished-gameweek snapshot(s) recorded; need at least 3.
2026-09-01,2,572,Tzolakis,HUL,GKP,,0,,,,,,,,,Insufficient data,,only 1 finished-gameweek snapshot(s) recorded; need at least 3.
2026-09-01,2,573,Sanchez,BOU,DEF,,0,,,,,,,,,Insufficient data,,only 1 finished-gameweek snapshot(s) recorded; need at least 3.
2026-09-01,2,574,Hjertø-Dahl,HUL,MID,,0,,,,,,,,,Insufficient data,,only 1 finished-gameweek snapshot(s) recorded; need at least 3.
2026-09-01,2,575,Yirenkyi,COV,MID,,0,,,,,,,,,Insufficient data,,only 1 finished-gameweek snapshot(s) recorded; need at least 3.
2026-09-01,2,576,Stroud,HUL,MID,,0,,,,,,,,,Insufficient data,,only 1 finished-gameweek snapshot(s) recorded; need at least 3.
2026-09-01,2,577,Tomiyasu,CRY,DEF,,0,,,,,,,,,Insufficient data,,only 1 finished-gameweek snapshot(s) recorded; need at least 3.
2026-09-01,2,578,Mudryk,CHE,MID,,0,,,,,,,,,Insufficient data,,only 1 finished-gameweek snapshot(s) recorded; need at least 3.
2026-09-01,2,579,Araujo,LIV,DEF,,0,,,,,,,,,Insufficient data,,only 1 finished-gameweek snapshot(s) recorded; need at least 3.
2026-09-01,2,580,Charles,FUL,MID,,0,,,,,,,,,Insufficient data,,only 1 finished-gameweek snapshot(s) recorded; need at least 3.
2026-09-01,2,581,Diomande,NFO,DEF,,0,,,,,,,,,Insufficient data,,only 1 finished-gameweek snapshot(s) recorded; need at least 3.
2026-09-01,2,582,Madjo,AVL,FWD,0.0,0,,,,,,,,,Insufficient data,,only 1 finished-gameweek snapshot(s) recorded; need at least 3.
2026-09-01,2,583,Chavarria,CHE,DEF,,0,,,,,,,,,Insufficient data,,only 1 finished-gameweek snapshot(s) recorded; need at least 3.
2026-09-01,2,584,Hamer,COV,MID,,0,,,,,,,,,Insufficient data,,only 1 finished-gameweek snapshot(s) recorded; need at least 3.
2026-09-01,2,585,Herrington,HUL,DEF,,0,,,,,,,,,Insufficient data,,only 1 finished-gameweek snapshot(s) recorded; need at least 3.
2026-09-01,2,586,Mendy,HUL,DEF,100.0,0,,,,,,,,,Insufficient data,,only 1 finished-gameweek snapshot(s) recorded; need at least 3.
2026-09-01,2,587,Rulli,MCI,GKP,,0,,,,,,,,,Insufficient data,,only 1 finished-gameweek snapshot(s) recorded; need at least 3.
2026-09-01,2,588,Khalaili,CRY,DEF,,0,,,,,,,,,Insufficient data,,only 1 finished-gameweek snapshot(s) recorded; need at least 3.
2026-09-01,2,589,Gourna-Douath,HUL,MID,,0,,,,,,,,,Insufficient data,,only 1 finished-gameweek snapshot(s) recorded; need at least 3.
2026-09-01,2,590,Benda,NFO,GKP,,0,,,,,,,,,Insufficient data,,only 1 finished-gameweek snapshot(s) recorded; need at least 3.
2026-09-01,2,591,Enciso,IPS,MID,100.0,0,,,,,,,,,Insufficient data,,only 1 finished-gameweek snapshot(s) recorded; need at least 3.
2026-09-01,2,592,Ouattara,IPS,DEF,,0,,,,,,,,,Insufficient data,,only 1 finished-gameweek snapshot(s) recorded; need at least 3.
2026-09-01,2,593,Dedić,NEW,DEF,,0,,,,,,,,,Insufficient data,,only 1 finished-gameweek snapshot(s) recorded; need at least 3.
2026-09-01,2,594,David,BHA,FWD,,0,,,,,,,,,Insufficient data,,only 1 finished-gameweek snapshot(s) recorded; need at least 3.
2026-09-01,2,595,Gozo,CRY,MID,,0,,,,,,,,,Insufficient data,,only 1 finished-gameweek snapshot(s) recorded; need at least 3.
2026-09-01,2,596,Ruggeri,AVL,DEF,,0,,,,,,,,,Insufficient data,,only 1 finished-gameweek snapshot(s) recorded; need at least 3.
2026-09-01,2,597,Suzuki,AVL,GKP,,0,,,,,,,,,Insufficient data,,only 1 finished-gameweek snapshot(s) recorded; need at least 3.
2026-09-01,2,598,Elvedi,LEE,DEF,,0,,,,,,,,,Insufficient data,,only 1 finished-gameweek snapshot(s) recorded; need at least 3.
2026-09-01,2,599,Cherif,COV,FWD,,0,,,,,,,,,Insufficient data,,only 1 finished-gameweek snapshot(s) recorded; need at least 3.
2026-09-01,2,600,Osman,BHA,MID,,0,,,,,,,,,Insufficient data,,only 1 finished-gameweek snapshot(s) recorded; need at least 3.
2026-09-01,2,601,Williams-Barnett,TOT,MID,,0,,,,,,,,,Insufficient data,,only 1 finished-gameweek snapshot(s) recorded; need at least 3.
2026-09-01,2,602,Humphreys,IPS,MID,,0,,,,,,,,,Insufficient data,,only 1 finished-gameweek snapshot(s) recorded; need at least 3.
2026-09-01,2,603,Lienou,LEE,DEF,,0,,,,,,,,,Insufficient data,,only 1 finished-gameweek snapshot(s) recorded; need at least 3.
2026-09-01,2,604,Cresswell,LEE,MID,,0,,,,,,,,,Insufficient data,,only 1 finished-gameweek snapshot(s) recorded; need at least 3.
2026-09-01,2,605,Yalcouyé,BHA,MID,,0,,,,,,,,,Insufficient data,,only 1 finished-gameweek snapshot(s) recorded; need at least 3.
2026-09-01,2,606,Rowe,AVL,DEF,,0,,,,,,,,,Insufficient data,,only 1 finished-gameweek snapshot(s) recorded; need at least 3.
2026-09-01,2,607,Lynch,AVL,MID,,0,,,,,,,,,Insufficient data,,only 1 finished-gameweek snapshot(s) recorded; need at least 3.
2026-09-01,2,608,Jebbison,BOU,FWD,,0,,,,,,,,,Insufficient data,,only 1 finished-gameweek snapshot(s) recorded; need at least 3.
2026-09-01,2,609,Shahar,NEW,DEF,,0,,,,,,,,,Insufficient data,,only 1 finished-gameweek snapshot(s) recorded; need at least 3.
2026-09-01,2,610,De Fougerolles,FUL,DEF,75.0,0,,,,,,,,,Insufficient data,,only 1 finished-gameweek snapshot(s) recorded; need at least 3.
2026-09-01,2,611,Wan-Bissaka,AVL,DEF,,0,,,,,,,,,Insufficient data,,only 1 finished-gameweek snapshot(s) recorded; need at least 3.
2026-09-01,2,612,Methalie,SUN,DEF,100.0,0,,,,,,,,,Insufficient data,,only 1 finished-gameweek snapshot(s) recorded; need at least 3.
2026-09-01,2,613,Ahoka,SUN,MID,,0,,,,,,,,,Insufficient data,,only 1 finished-gameweek snapshot(s) recorded; need at least 3.
2026-09-01,2,614,Hadjam,BHA,DEF,,0,,,,,,,,,Insufficient data,,only 1 finished-gameweek snapshot(s) recorded; need at least 3.
2026-09-01,2,615,Di Gregorio,BOU,GKP,,0,,,,,,,,,Insufficient data,,only 1 finished-gameweek snapshot(s) recorded; need at least 3.
2026-09-01,2,616,Bouaddi,MCI,MID,,0,,,,,,,,,Insufficient data,,only 1 finished-gameweek snapshot(s) recorded; need at least 3.
2026-09-01,2,617,Cho,HUL,MID,,0,,,,,,,,,Insufficient data,,only 1 finished-gameweek snapshot(s) recorded; need at least 3.
2026-09-01,2,618,Goretzka,AVL,MID,,0,,,,,,,,,Insufficient data,,only 1 finished-gameweek snapshot(s) recorded; need at least 3.
2026-09-01,2,619,Palacios,IPS,MID,,0,,,,,,,,,Insufficient data,,only 1 finished-gameweek snapshot(s) recorded; need at least 3.
2026-09-01,2,620,Diouf,BRE,DEF,,0,,,,,,,,,Insufficient data,,only 1 finished-gameweek snapshot(s) recorded; need at least 3.
2026-09-01,2,621,McAidoo,MCI,MID,,0,,,,,,,,,Insufficient data,,only 1 finished-gameweek snapshot(s) recorded; need at least 3.
2026-09-01,2,622,Braithwaite,MCI,DEF,,0,,,,,,,,,Insufficient data,,only 1 finished-gameweek snapshot(s) recorded; need at least 3.
2026-09-01,2,623,Bentley,COV,GKP,,0,,,,,,,,,Insufficient data,,only 1 finished-gameweek snapshot(s) recorded; need at least 3.
2026-09-01,2,624,Cozier-Duberry,BHA,MID,,0,,,,,,,,,Insufficient data,,only 1 finished-gameweek snapshot(s) recorded; need at least 3.
2026-09-01,2,625,Cairns,LEE,GKP,,0,,,,,,,,,Insufficient data,,only 1 finished-gameweek snapshot(s) recorded; need at least 3.
2026-09-01,2,626,Zepa,FUL,MID,,0,,,,,,,,,Insufficient data,,only 1 finished-gameweek snapshot(s) recorded; need at least 3.
2026-09-01,2,627,Barcola,LIV,MID,,0,,,,,,,,,Insufficient data,,only 1 finished-gameweek snapshot(s) recorded; need at least 3.
2026-09-01,2,628,Allan,MCI,MID,,0,,,,,,,,,Insufficient data,,only 1 finished-gameweek snapshot(s) recorded; need at least 3.
2026-09-01,2,629,Zetterer,LEE,GKP,,0,,,,,,,,,Insufficient data,,only 1 finished-gameweek snapshot(s) recorded; need at least 3.
2026-09-04,2,1,Raya,ARS,GKP,,0,,,,,,,,,Insufficient data,,only 1 finished-gameweek snapshot(s) recorded; need at least 3.
2026-09-04,2,2,Arrizabalaga,ARS,GKP,,0,,,,,,,,,Insufficient data,,only 1 finished-gameweek snapshot(s) recorded; need at least 3.
2026-09-04,2,3,Meslier,ARS,GKP,,0,,,,,,,,,Insufficient data,,only 1 finished-gameweek snapshot(s) recorded; need at least 3.
2026-09-04,2,4,Gabriel,ARS,DEF,,0,,,,,,,,,Insufficient data,,only 1 finished-gameweek snapshot(s) recorded; need at least 3.
2026-09-04,2,5,J.Timber,ARS,DEF,0.0,0,,,,,,,,,Insufficient data,,only 1 finished-gameweek snapshot(s) recorded; need at least 3.
2026-09-04,2,6,Saliba,ARS,DEF,0.0,0,,,,,,,,,Insufficient data,,only 1 finished-gameweek snapshot(s) recorded; need at least 3.
2026-09-04,2,7,Lewis-Skelly,ARS,MID,,0,,,,,,,,,Insufficient data,,only 1 finished-gameweek snapshot(s) recorded; need at least 3.
2026-09-04,2,8,Calafiori,ARS,DEF,,0,,,,,,,,,Insufficient data,,only 1 finished-gameweek snapshot(s) recorded; need at least 3.
2026-09-04,2,9,Hincapie,ARS,DEF,,0,,,,,,,,,Insufficient data,,only 1 finished-gameweek snapshot(s) recorded; need at least 3.
2026-09-04,2,10,White,ARS,DEF,100.0,0,,,,,,,,,Insufficient data,,only 1 finished-gameweek snapshot(s) recorded; need at least 3.
2026-09-04,2,11,Mosquera,ARS,DEF,,0,,,,,,,,,Insufficient data,,only 1 finished-gameweek snapshot(s) recorded; need at least 3.
2026-09-04,2,12,Saka,ARS,MID,,0,,,,,,,,,Insufficient data,,only 1 finished-gameweek snapshot(s) recorded; need at least 3.
2026-09-04,2,13,Rice,ARS,MID,,0,,,,,,,,,Insufficient data,,only 1 finished-gameweek snapshot(s) recorded; need at least 3.
2026-09-04,2,14,Eze,ARS,MID,,0,,,,,,,,,Insufficient data,,only 1 finished-gameweek snapshot(s) recorded; need at least 3.
2026-09-04,2,15,Ødegaard,ARS,MID,,0,,,,,,,,,Insufficient data,,only 1 finished-gameweek snapshot(s) recorded; need at least 3.
2026-09-04,2,16,Madueke,ARS,MID,,0,,,,,,,,,Insufficient data,,only 1 finished-gameweek snapshot(s) recorded; need at least 3.
2026-09-04,2,17,Merino,ARS,MID,,0,,,,,,,,,Insufficient data,,only 1 finished-gameweek snapshot(s) recorded; need at least 3.
2026-09-04,2,18,Martinelli,ARS,MID,,0,,,,,,,,,Insufficient data,,only 1 finished-gameweek snapshot(s) recorded; need at least 3.
2026-09-04,2,19,Zubimendi,ARS,MID,,0,,,,,,,,,Insufficient data,,only 1 finished-gameweek snapshot(s) recorded; need at least 3.
2026-09-04,2,20,Dowman,ARS,MID,,0,,,,,,,,,Insufficient data,,only 1 finished-gameweek snapshot(s) recorded; need at least 3.
2026-09-04,2,21,Nørgaard,EVE,MID,0.0,0,,,,,,,,,Insufficient data,,only 1 finished-gameweek snapshot(s) recorded; need at least 3.
2026-09-04,2,22,Nwaneri,ARS,MID,,0,,,,,,,,,Insufficient data,,only 1 finished-gameweek snapshot(s) recorded; need at least 3.
2026-09-04,2,23,Fábio Vieira,ARS,MID,,0,,,,,,,,,Insufficient data,,only 1 finished-gameweek snapshot(s) recorded; need at least 3.
2026-09-04,2,24,Nelson,ARS,MID,0.0,0,,,,,,,,,Insufficient data,,only 1 finished-gameweek snapshot(s) recorded; need at least 3.
2026-09-04,2,25,Gyökeres,ARS,FWD,,0,,,,,,,,,Insufficient data,,only 1 finished-gameweek snapshot(s) recorded; need at least 3.
2026-09-04,2,26,Havertz,ARS,FWD,,0,,,,,,,,,Insufficient data,,only 1 finished-gameweek snapshot(s) recorded; need at least 3.
2026-09-04,2,27,G.Jesus,ARS,FWD,,0,,,,,,,,,Insufficient data,,only 1 finished-gameweek snapshot(s) recorded; need at least 3.
2026-09-04,2,28,Martinez,CHE,GKP,,0,,,,,,,,,Insufficient data,,only 1 finished-gameweek snapshot(s) recorded; need at least 3.
2026-09-04,2,29,M.Bizot,AVL,GKP,,0,,,,,,,,,Insufficient data,,only 1 finished-gameweek snapshot(s) recorded; need at least 3.
2026-09-04,2,30,Digne,AVL,DEF,0.0,0,,,,,,,,,Insufficient data,,only 1 finished-gameweek snapshot(s) recorded; need at least 3.
2026-09-04,2,31,Konsa,ARS,DEF,,0,,,,,,,,,Insufficient data,,only 1 finished-gameweek snapshot(s) recorded; need at least 3.
2026-09-04,2,32,Cash,AVL,DEF,,0,,,,,,,,,Insufficient data,,only 1 finished-gameweek snapshot(s) recorded; need at least 3.
2026-09-04,2,33,Mings,AVL,DEF,,0,,,,,,,,,Insufficient data,,only 1 finished-gameweek snapshot(s) recorded; need at least 3.
2026-09-04,2,34,Pau,AVL,DEF,,0,,,,,,,,,Insufficient data,,only 1 finished-gameweek snapshot(s) recorded; need at least 3.
2026-09-04,2,35,Bogarde,AVL,MID,,0,,,,,,,,,Insufficient data,,only 1 finished-gameweek snapshot(s) recorded; need at least 3.
2026-09-04,2,36,Maatsen,AVL,DEF,,0,,,,,,,,,Insufficient data,,only 1 finished-gameweek snapshot(s) recorded; need at least 3.
2026-09-04,2,37,Lindelöf,AVL,DEF,,0,,,,,,,,,Insufficient data,,only 1 finished-gameweek snapshot(s) recorded; need at least 3.
2026-09-04,2,38,A.García,AVL,DEF,,0,,,,,,,,,Insufficient data,,only 1 finished-gameweek snapshot(s) recorded; need at least 3.
2026-09-04,2,39,Nedeljkovic,AVL,DEF,0.0,0,,,,,,,,,Insufficient data,,only 1 finished-gameweek snapshot(s) recorded; need at least 3.
2026-09-04,2,40,Rogers,CHE,MID,,0,,,,,,,,,Insufficient data,,only 1 finished-gameweek snapshot(s) recorded; need at least 3.
2026-09-04,2,41,Buendía,AVL,MID,,0,,,,,,,,,Insufficient data,,only 1 finished-gameweek snapshot(s) recorded; need at least 3.
2026-09-04,2,42,Guessand,CRY,MID,,0,,,,,,,,,Insufficient data,,only 1 finished-gameweek snapshot(s) recorded; need at least 3.
2026-09-04,2,43,Tielemans,MUN,MID,100.0,0,,,,,,,,,Insufficient data,,only 1 finished-gameweek snapshot(s) recorded; need at least 3.
2026-09-04,2,44,Bailey,AVL,MID,,0,,,,,,,,,Insufficient data,,only 1 finished-gameweek snapshot(s) recorded; need at least 3.
2026-09-04,2,45,McGinn,AVL,MID,,0,,,,,,,,,Insufficient data,,only 1 finished-gameweek snapshot(s) recorded; need at least 3.
2026-09-04,2,46,Barkley,AVL,MID,,0,,,,,,,,,Insufficient data,,only 1 finished-gameweek snapshot(s) recorded; need at least 3.
2026-09-04,2,47,Kamara,AVL,MID,100.0,0,,,,,,,,,Insufficient data,,only 1 finished-gameweek snapshot(s) recorded; need at least 3.
2026-09-04,2,48,Onana,AVL,MID,0.0,0,,,,,,,,,Insufficient data,,only 1 finished-gameweek snapshot(s) recorded; need at least 3.
2026-09-04,2,49,Iling Jr,AVL,MID,0.0,0,,,,,,,,,Insufficient data,,only 1 finished-gameweek snapshot(s) recorded; need at least 3.
2026-09-04,2,50,Burrowes,AVL,MID,,0,,,,,,,,,Insufficient data,,only 1 finished-gameweek snapshot(s) recorded; need at least 3.
2026-09-04,2,51,George Hemmings,AVL,MID,,0,,,,,,,,,Insufficient data,,only 1 finished-gameweek snapshot(s) recorded; need at least 3.
2026-09-04,2,52,Alysson,AVL,MID,,0,,,,,,,,,Insufficient data,,only 1 finished-gameweek snapshot(s) recorded; need at least 3.
2026-09-04,2,53,Manzambi,AVL,MID,0.0,0,,,,,,,,,Insufficient data,,only 1 finished-gameweek snapshot(s) recorded; need at least 3.
2026-09-04,2,54,Gomes,AVL,MID,0.0,0,,,,,,,,,Insufficient data,,only 1 finished-gameweek snapshot(s) recorded; need at least 3.
2026-09-04,2,55,Watkins,AVL,FWD,0.0,0,,,,,,,,,Insufficient data,,only 1 finished-gameweek snapshot(s) recorded; need at least 3.
2026-09-04,2,56,Abraham,AVL,FWD,100.0,0,,,,,,,,,Insufficient data,,only 1 finished-gameweek snapshot(s) recorded; need at least 3.
2026-09-04,2,57,Petrović,BOU,GKP,,0,,,,,,,,,Insufficient data,,only 1 finished-gameweek snapshot(s) recorded; need at least 3.
2026-09-04,2,58,Forster,BOU,GKP,,0,,,,,,,,,Insufficient data,,only 1 finished-gameweek snapshot(s) recorded; need at least 3.
2026-09-04,2,59,Dennis,BOU,GKP,0.0,0,,,,,,,,,Insufficient data,,only 1 finished-gameweek snapshot(s) recorded; need at least 3.
2026-09-04,2,60,Hill,BOU,DEF,,0,,,,,,,,,Insufficient data,,only 1 finished-gameweek snapshot(s) recorded; need at least 3.
2026-09-04,2,61,Truffert,BOU,DEF,,0,,,,,,,,,Insufficient data,,only 1 finished-gameweek snapshot(s) recorded; need at least 3.
2026-09-04,2,62,Diakité,BOU,DEF,,0,,,,,,,,,Insufficient data,,only 1 finished-gameweek snapshot(s) recorded; need at least 3.
2026-09-04,2,63,Milosavljević,BOU,DEF,0.0,0,,,,,,,,,Insufficient data,,only 1 finished-gameweek snapshot(s) recorded; need at least 3.
2026-09-04,2,64,Smith,BOU,DEF,,0,,,,,,,,,Insufficient data,,only 1 finished-gameweek snapshot(s) recorded; need at least 3.
2026-09-04,2,65,J.Araujo,BOU,DEF,0.0,0,,,,,,,,,Insufficient data,,only 1 finished-gameweek snapshot(s) recorded; need at least 3.
2026-09-04,2,66,Soler,BOU,DEF,100.0,0,,,,,,,,,Insufficient data,,only 1 finished-gameweek snapshot(s) recorded; need at least 3.
2026-09-04,2,67,Rayan,BOU,MID,,0,,,,,,,,,Insufficient data,,only 1 finished-gameweek snapshot(s) recorded; need at least 3.
2026-09-04,2,68,Tavernier,BOU,MID,,0,,,,,,,,,Insufficient data,,only 1 finished-gameweek snapshot(s) recorded; need at least 3.
2026-09-04,2,69,Scott,BOU,MID,,0,,,,,,,,,Insufficient data,,only 1 finished-gameweek snapshot(s) recorded; need at least 3.
2026-09-04,2,70,Kluivert,BOU,MID,,0,,,,,,,,,Insufficient data,,only 1 finished-gameweek snapshot(s) recorded; need at least 3.
2026-09-04,2,71,Cook,BOU,MID,,0,,,,,,,,,Insufficient data,,only 1 finished-gameweek snapshot(s) recorded; need at least 3.
2026-09-04,2,72,Gannon-Doak,BOU,MID,,0,,,,,,,,,Insufficient data,,only 1 finished-gameweek snapshot(s) recorded; need at least 3.
2026-09-04,2,73,Adams,BOU,MID,100.0,0,,,,,,,,,Insufficient data,,only 1 finished-gameweek snapshot(s) recorded; need at least 3.
2026-09-04,2,74,Brooks,BOU,MID,100.0,0,,,,,,,,,Insufficient data,,only 1 finished-gameweek snapshot(s) recorded; need at least 3.
2026-09-04,2,75,Christie,BOU,MID,100.0,0,,,,,,,,,Insufficient data,,only 1 finished-gameweek snapshot(s) recorded; need at least 3.
2026-09-04,2,76,Tóth.A,BOU,MID,,0,,,,,,,,,Insufficient data,,only 1 finished-gameweek snapshot(s) recorded; need at least 3.
2026-09-04,2,77,Adli,BOU,MID,0.0,0,,,,,,,,,Insufficient data,,only 1 finished-gameweek snapshot(s) recorded; need at least 3.
2026-09-04,2,78,Kroupi.Jr,BOU,MID,0.0,0,,,,,,,,,Insufficient data,,only 1 finished-gameweek snapshot(s) recorded; need at least 3.
2026-09-04,2,79,Evanilson,BOU,FWD,,0,,,,,,,,,Insufficient data,,only 1 finished-gameweek snapshot(s) recorded; need at least 3.
2026-09-04,2,80,Enes Ünal,BOU,FWD,0.0,0,,,,,,,,,Insufficient data,,only 1 finished-gameweek snapshot(s) recorded; need at least 3.
2026-09-04,2,81,Rodríguez,BOU,FWD,100.0,0,,,,,,,,,Insufficient data,,only 1 finished-gameweek snapshot(s) recorded; need at least 3.
2026-09-04,2,82,Kelleher,BRE,GKP,,0,,,,,,,,,Insufficient data,,only 1 finished-gameweek snapshot(s) recorded; need at least 3.
2026-09-04,2,83,Valdimarsson,BRE,GKP,,0,,,,,,,,,Insufficient data,,only 1 finished-gameweek snapshot(s) recorded; need at least 3.
2026-09-04,2,84,Collins,BRE,DEF,,0,,,,,,,,,Insufficient data,,only 1 finished-gameweek snapshot(s) recorded; need at least 3.
2026-09-04,2,85,Van den Berg,BRE,DEF,0.0,0,,,,,,,,,Insufficient data,,only 1 finished-gameweek snapshot(s) recorded; need at least 3.
2026-09-04,2,86,Lewis-Potter,BRE,MID,,0,,,,,,,,,Insufficient data,,only 1 finished-gameweek snapshot(s) recorded; need at least 3.
2026-09-04,2,87,Ajer,BRE,DEF,,0,,,,,,,,,Insufficient data,,only 1 finished-gameweek snapshot(s) recorded; need at least 3.
2026-09-04,2,88,Kayode,BRE,DEF,,0,,,,,,,,,Insufficient data,,only 1 finished-gameweek snapshot(s) recorded; need at least 3.
2026-09-04,2,89,Henry,BRE,DEF,,0,,,,,,,,,Insufficient data,,only 1 finished-gameweek snapshot(s) recorded; need at least 3.
2026-09-04,2,90,Hickey,BRE,DEF,,0,,,,,,,,,Insufficient data,,only 1 finished-gameweek snapshot(s) recorded; need at least 3.
2026-09-04,2,91,Pinnock,COV,DEF,,0,,,,,,,,,Insufficient data,,only 1 finished-gameweek snapshot(s) recorded; need at least 3.
2026-09-04,2,92,Ji-soo,BRE,DEF,,0,,,,,,,,,Insufficient data,,only 1 finished-gameweek snapshot(s) recorded; need at least 3.
2026-09-04,2,93,Schuster,BRE,DEF,,0,,,,,,,,,Insufficient data,,only 1 finished-gameweek snapshot(s) recorded; need at least 3.
2026-09-04,2,94,Schade,BRE,MID,,0,,,,,,,,,Insufficient data,,only 1 finished-gameweek snapshot(s) recorded; need at least 3.
2026-09-04,2,95,O.Dango,BRE,MID,,0,,,,,,,,,Insufficient data,,only 1 finished-gameweek snapshot(s) recorded; need at least 3.
2026-09-04,2,96,Damsgaard,BRE,MID,,0,,,,,,,,,Insufficient data,,only 1 finished-gameweek snapshot(s) recorded; need at least 3.
2026-09-04,2,97,Jensen,BRE,MID,75.0,0,,,,,,,,,Insufficient data,,only 1 finished-gameweek snapshot(s) recorded; need at least 3.
2026-09-04,2,98,Janelt,BRE,MID,,0,,,,,,,,,Insufficient data,,only 1 finished-gameweek snapshot(s) recorded; need at least 3.
2026-09-04,2,99,Milambo,BRE,MID,0.0,0,,,,,,,,,Insufficient data,,only 1 finished-gameweek snapshot(s) recorded; need at least 3.
2026-09-04,2,100,Carvalho,BRE,MID,100.0,0,,,,,,,,,Insufficient data,,only 1 finished-gameweek snapshot(s) recorded; need at least 3.
2026-09-04,2,101,Henderson,CHE,MID,75.0,0,,,,,,,,,Insufficient data,,only 1 finished-gameweek snapshot(s) recorded; need at least 3.
2026-09-04,2,102,Yarmoliuk,BRE,MID,,0,,,,,,,,,Insufficient data,,only 1 finished-gameweek snapshot(s) recorded; need at least 3.
2026-09-04,2,103,Dasilva,BRE,MID,,0,,,,,,,,,Insufficient data,,only 1 finished-gameweek snapshot(s) recorded; need at least 3.
2026-09-04,2,104,Onyeka,COV,MID,,0,,,,,,,,,Insufficient data,,only 1 finished-gameweek snapshot(s) recorded; need at least 3.
2026-09-04,2,105,Anthony,BRE,MID,,0,,,,,,,,,Insufficient data,,only 1 finished-gameweek snapshot(s) recorded; need at least 3.
2026-09-04,2,106,Thiago,BRE,FWD,,0,,,,,,,,,Insufficient data,,only 1 finished-gameweek snapshot(s) recorded; need at least 3.
2026-09-04,2,107,Furo,BRE,FWD,,0,,,,,,,,,Insufficient data,,only 1 finished-gameweek snapshot(s) recorded; need at least 3.
2026-09-04,2,108,Wilson,BRE,FWD,,0,,,,,,,,,Insufficient data,,only 1 finished-gameweek snapshot(s) recorded; need at least 3.
2026-09-04,2,109,Verbruggen,BHA,GKP,,0,,,,,,,,,Insufficient data,,only 1 finished-gameweek snapshot(s) recorded; need at least 3.
2026-09-04,2,110,Rushworth,COV,GKP,,0,,,,,,,,,Insufficient data,,only 1 finished-gameweek snapshot(s) recorded; need at least 3.
2026-09-04,2,111,Steele,BHA,GKP,,0,,,,,,,,,Insufficient data,,only 1 finished-gameweek snapshot(s) recorded; need at least 3.
2026-09-04,2,112,Van Hecke,TOT,DEF,,0,,,,,,,,,Insufficient data,,only 1 finished-gameweek snapshot(s) recorded; need at least 3.
2026-09-04,2,113,F.Kadıoğlu,BHA,DEF,100.0,0,,,,,,,,,Insufficient data,,only 1 finished-gameweek snapshot(s) recorded; need at least 3.
2026-09-04,2,114,Boscagli,BHA,DEF,,0,,,,,,,,,Insufficient data,,only 1 finished-gameweek snapshot(s) recorded; need at least 3.
2026-09-04,2,115,De Cuyper,BHA,DEF,,0,,,,,,,,,Insufficient data,,only 1 finished-gameweek snapshot(s) recorded; need at least 3.
2026-09-04,2,116,Dunk,BHA,DEF,,0,,,,,,,,,Insufficient data,,only 1 finished-gameweek snapshot(s) recorded; need at least 3.
2026-09-04,2,117,Coppola,BHA,DEF,,0,,,,,,,,,Insufficient data,,only 1 finished-gameweek snapshot(s) recorded; need at least 3.
2026-09-04,2,118,Igor,BHA,DEF,,0,,,,,,,,,Insufficient data,,only 1 finished-gameweek snapshot(s) recorded; need at least 3.
2026-09-04,2,119,Costinha,BHA,DEF,,0,,,,,,,,,Insufficient data,,only 1 finished-gameweek snapshot(s) recorded; need at least 3.
2026-09-04,2,120,Svoboda,BHA,DEF,,0,,,,,,,,,Insufficient data,,only 1 finished-gameweek snapshot(s) recorded; need at least 3.
2026-09-04,2,121,Mitoma,BHA,MID,0.0,0,,,,,,,,,Insufficient data,,only 1 finished-gameweek snapshot(s) recorded; need at least 3.
2026-09-04,2,122,Minteh,BHA,MID,0.0,0,,,,,,,,,Insufficient data,,only 1 finished-gameweek snapshot(s) recorded; need at least 3.
2026-09-04,2,123,Hinshelwood,BHA,MID,50.0,0,,,,,,,,,Insufficient data,,only 1 finished-gameweek snapshot(s) recorded; need at least 3.
2026-09-04,2,124,Groß,BHA,MID,,0,,,,,,,,,Insufficient data,,only 1 finished-gameweek snapshot(s) recorded; need at least 3.
2026-09-04,2,125,Georginio,BHA,FWD,75.0,0,,,,,,,,,Insufficient data,,only 1 finished-gameweek snapshot(s) recorded; need at least 3.
2026-09-04,2,126,O'Riley,BHA,MID,,0,,,,,,,,,Insufficient data,,only 1 finished-gameweek snapshot(s) recorded; need at least 3.
2026-09-04,2,127,Gomez,BHA,MID,,0,,,,,,,,,Insufficient data,,only 1 finished-gameweek snapshot(s) recorded; need at least 3.
2026-09-04,2,128,Buonanotte,BHA,MID,0.0,0,,,,,,,,,Insufficient data,,only 1 finished-gameweek snapshot(s) recorded; need at least 3.
2026-09-04,2,129,Ayari,BHA,MID,75.0,0,,,,,,,,,Insufficient data,,only 1 finished-gameweek snapshot(s) recorded; need at least 3.
2026-09-04,2,130,Wieffer,BHA,DEF,,0,,,,,,,,,Insufficient data,,only 1 finished-gameweek snapshot(s) recorded; need at least 3.
2026-09-04,2,131,Baleba,MUN,MID,0.0,0,,,,,,,,,Insufficient data,,only 1 finished-gameweek snapshot(s) recorded; need at least 3.
2026-09-04,2,132,Howell,BHA,MID,0.0,0,,,,,,,,,Insufficient data,,only 1 finished-gameweek snapshot(s) recorded; need at least 3.
2026-09-04,2,133,Watson,BHA,MID,0.0,0,,,,,,,,,Insufficient data,,only 1 finished-gameweek snapshot(s) recorded; need at least 3.
2026-09-04,2,134,Oriola,BHA,MID,,0,,,,,,,,,Insufficient data,,only 1 finished-gameweek snapshot(s) recorded; need at least 3.
2026-09-04,2,135,Yohanna,BHA,MID,,0,,,,,,,,,Insufficient data,,only 1 finished-gameweek snapshot(s) recorded; need at least 3.
2026-09-04,2,136,Welbeck,CHE,FWD,100.0,0,,,,,,,,,Insufficient data,,only 1 finished-gameweek snapshot(s) recorded; need at least 3.
2026-09-04,2,137,Tzimas,BHA,FWD,0.0,0,,,,,,,,,Insufficient data,,only 1 finished-gameweek snapshot(s) recorded; need at least 3.
2026-09-04,2,138,Kostoulas,BHA,FWD,,0,,,,,,,,,Insufficient data,,only 1 finished-gameweek snapshot(s) recorded; need at least 3.
2026-09-04,2,139,Ferguson,BHA,FWD,0.0,0,,,,,,,,,Insufficient data,,only 1 finished-gameweek snapshot(s) recorded; need at least 3.
2026-09-04,2,140,Sánchez,CHE,GKP,,0,,,,,,,,,Insufficient data,,only 1 finished-gameweek snapshot(s) recorded; need at least 3.
2026-09-04,2,141,Jörgensen,CHE,GKP,0.0,0,,,,,,,,,Insufficient data,,only 1 finished-gameweek snapshot(s) recorded; need at least 3.
2026-09-04,2,142,James,CHE,DEF,,0,,,,,,,,,Insufficient data,,only 1 finished-gameweek snapshot(s) recorded; need at least 3.
2026-09-04,2,143,Chalobah,CHE,DEF,0.0,0,,,,,,,,,Insufficient data,,only 1 finished-gameweek snapshot(s) recorded; need at least 3.
2026-09-04,2,144,Gusto,CHE,DEF,,0,,,,,,,,,Insufficient data,,only 1 finished-gameweek snapshot(s) recorded; need at least 3.
2026-09-04,2,145,Fofana,CHE,DEF,100.0,0,,,,,,,,,Insufficient data,,only 1 finished-gameweek snapshot(s) recorded; need at least 3.
2026-09-04,2,146,B.Badiashile,CHE,DEF,0.0,0,,,,,,,,,Insufficient data,,only 1 finished-gameweek snapshot(s) recorded; need at least 3.
2026-09-04,2,147,Tosin,CHE,DEF,,0,,,,,,,,,Insufficient data,,only 1 finished-gameweek snapshot(s) recorded; need at least 3.
2026-09-04,2,148,Hato,CHE,DEF,,0,,,,,,,,,Insufficient data,,only 1 finished-gameweek snapshot(s) recorded; need at least 3.
2026-09-04,2,149,Colwill,CHE,DEF,,0,,,,,,,,,Insufficient data,,only 1 finished-gameweek snapshot(s) recorded; need at least 3.
2026-09-04,2,150,M.Sarr,CHE,DEF,0.0,0,,,,,,,,,Insufficient data,,only 1 finished-gameweek snapshot(s) recorded; need at least 3.
2026-09-04,2,151,Acheampong,CHE,DEF,,0,,,,,,,,,Insufficient data,,only 1 finished-gameweek snapshot(s) recorded; need at least 3.
2026-09-04,2,152,Palestra,CHE,DEF,75.0,0,,,,,,,,,Insufficient data,,only 1 finished-gameweek snapshot(s) recorded; need at least 3.
2026-09-04,2,153,Disasi,CRY,DEF,,0,,,,,,,,,Insufficient data,,only 1 finished-gameweek snapshot(s) recorded; need at least 3.
2026-09-04,2,154,Palmer,CHE,MID,100.0,0,,,,,,,,,Insufficient data,,only 1 finished-gameweek snapshot(s) recorded; need at least 3.
2026-09-04,2,155,Enzo,CHE,MID,,0,,,,,,,,,Insufficient data,,only 1 finished-gameweek snapshot(s) recorded; need at least 3.
2026-09-04,2,156,Neto,CHE,MID,,0,,,,,,,,,Insufficient data,,only 1 finished-gameweek snapshot(s) recorded; need at least 3.
2026-09-04,2,157,Estêvão,CHE,MID,,0,,,,,,,,,Insufficient data,,only 1 finished-gameweek snapshot(s) recorded; need at least 3.
2026-09-04,2,158,Gittens,CHE,MID,,0,,,,,,,,,Insufficient data,,only 1 finished-gameweek snapshot(s) recorded; need at least 3.
2026-09-04,2,159,Caicedo,CHE,MID,75.0,0,,,,,,,,,Insufficient data,,only 1 finished-gameweek snapshot(s) recorded; need at least 3.
2026-09-04,2,160,Garnacho,AVL,MID,,0,,,,,,,,,Insufficient data,,only 1 finished-gameweek snapshot(s) recorded; need at least 3.
2026-09-04,2,161,Lavia,CHE,MID,,0,,,,,,,,,Insufficient data,,only 1 finished-gameweek snapshot(s) recorded; need at least 3.
2026-09-04,2,162,Andrey Santos,MUN,MID,,0,,,,,,,,,Insufficient data,,only 1 finished-gameweek snapshot(s) recorded; need at least 3.
2026-09-04,2,163,D.Essugo,CHE,MID,,0,,,,,,,,,Insufficient data,,only 1 finished-gameweek snapshot(s) recorded; need at least 3.
2026-09-04,2,164,Quenda,CHE,MID,100.0,0,,,,,,,,,Insufficient data,,only 1 finished-gameweek snapshot(s) recorded; need at least 3.
2026-09-04,2,165,João Pedro,CHE,FWD,,0,,,,,,,,,Insufficient data,,only 1 finished-gameweek snapshot(s) recorded; need at least 3.
2026-09-04,2,166,N.Jackson,AVL,FWD,,0,,,,,,,,,Insufficient data,,only 1 finished-gameweek snapshot(s) recorded; need at least 3.
2026-09-04,2,167,Delap,NFO,FWD,,0,,,,,,,,,Insufficient data,,only 1 finished-gameweek snapshot(s) recorded; need at least 3.
2026-09-04,2,168,Marc Guiu,CHE,FWD,,0,,,,,,,,,Insufficient data,,only 1 finished-gameweek snapshot(s) recorded; need at least 3.
2026-09-04,2,169,Mheuka,CHE,FWD,,0,,,,,,,,,Insufficient data,,only 1 finished-gameweek snapshot(s) recorded; need at least 3.
2026-09-04,2,170,Emegha,CHE,FWD,100.0,0,,,,,,,,,Insufficient data,,only 1 finished-gameweek snapshot(s) recorded; need at least 3.
2026-09-04,2,171,Dovin,COV,GKP,,0,,,,,,,,,Insufficient data,,only 1 finished-gameweek snapshot(s) recorded; need at least 3.
2026-09-04,2,172,Wilson,COV,GKP,,0,,,,,,,,,Insufficient data,,only 1 finished-gameweek snapshot(s) recorded; need at least 3.
2026-09-04,2,173,Thomas,COV,DEF,,0,,,,,,,,,Insufficient data,,only 1 finished-gameweek snapshot(s) recorded; need at least 3.
2026-09-04,2,174,Kitching,COV,DEF,,0,,,,,,,,,Insufficient data,,only 1 finished-gameweek snapshot(s) recorded; need at least 3.
2026-09-04,2,175,van Ewijk,COV,DEF,,0,,,,,,,,,Insufficient data,,only 1 finished-gameweek snapshot(s) recorded; need at least 3.
2026-09-04,2,176,Dasilva,COV,DEF,,0,,,,,,,,,Insufficient data,,only 1 finished-gameweek snapshot(s) recorded; need at least 3.
2026-09-04,2,177,Kesler-Hayden,COV,DEF,0.0,0,,,,,,,,,Insufficient data,,only 1 finished-gameweek snapshot(s) recorded; need at least 3.
2026-09-04,2,178,Bidwell,COV,DEF,,0,,,,,,,,,Insufficient data,,only 1 finished-gameweek snapshot(s) recorded; need at least 3.
2026-09-04,2,179,Latibeaudiere,COV,DEF,,0,,,,,,,,,Insufficient data,,only 1 finished-gameweek snapshot(s) recorded; need at least 3.
2026-09-04,2,180,Woolfenden,COV,DEF,0.0,0,,,,,,,,,Insufficient data,,only 1 finished-gameweek snapshot(s) recorded; need at least 3.
2026-09-04,2,181,Brau,COV,DEF,0.0,0,,,,,,,,,Insufficient data,,only 1 finished-gameweek snapshot(s) recorded; need at least 3.
2026-09-04,2,182,Amenda,COV,DEF,,0,,,,,,,,,Insufficient data,,only 1 finished-gameweek snapshot(s) recorded; need at least 3.
2026-09-04,2,183,Rudoni,COV,MID,100.0,0,,,,,,,,,Insufficient data,,only 1 finished-gameweek snapshot(s) recorded; need at least 3.
2026-09-04,2,184,Grimes,COV,MID,,0,,,,,,,,,Insufficient data,,only 1 finished-gameweek snapshot(s) recorded; need at least 3.
2026-09-04,2,185,Sakamoto,COV,MID,,0,,,,,,,,,Insufficient data,,only 1 finished-gameweek snapshot(s) recorded; need at least 3.
2026-09-04,2,186,Mason-Clark,COV,MID,100.0,0,,,,,,,,,Insufficient data,,only 1 finished-gameweek snapshot(s) recorded; need at least 3.
2026-09-04,2,187,Eccles,COV,MID,,0,,,,,,,,,Insufficient data,,only 1 finished-gameweek snapshot(s) recorded; need at least 3.
2026-09-04,2,188,Torp,COV,MID,,0,,,,,,,,,Insufficient data,,only 1 finished-gameweek snapshot(s) recorded; need at least 3.
2026-09-04,2,189,Shepherd,COV,MID,,0,,,,,,,,,Insufficient data,,only 1 finished-gameweek snapshot(s) recorded; need at least 3.
2026-09-04,2,190,Tchaouna,COV,MID,,0,,,,,,,,,Insufficient data,,only 1 finished-gameweek snapshot(s) recorded; need at least 3.
2026-09-04,2,191,Borges Rodrigues,COV,MID,,0,,,,,,,,,Insufficient data,,only 1 finished-gameweek snapshot(s) recorded; need at least 3.
2026-09-04,2,192,Andrews,COV,MID,0.0,0,,,,,,,,,Insufficient data,,only 1 finished-gameweek snapshot(s) recorded; need at least 3.
2026-09-04,2,193,Wright,COV,FWD,0.0,0,,,,,,,,,Insufficient data,,only 1 finished-gameweek snapshot(s) recorded; need at least 3.
2026-09-04,2,194,Thomas-Asante,COV,FWD,,0,,,,,,,,,Insufficient data,,only 1 finished-gameweek snapshot(s) recorded; need at least 3.
2026-09-04,2,195,Simms,COV,FWD,,0,,,,,,,,,Insufficient data,,only 1 finished-gameweek snapshot(s) recorded; need at least 3.
2026-09-04,2,196,Markelo,COV,FWD,0.0,0,,,,,,,,,Insufficient data,,only 1 finished-gameweek snapshot(s) recorded; need at least 3.
2026-09-04,2,197,Bassette,COV,FWD,0.0,0,,,,,,,,,Insufficient data,,only 1 finished-gameweek snapshot(s) recorded; need at least 3.
2026-09-04,2,198,Henderson,CRY,GKP,100.0,0,,,,,,,,,Insufficient data,,only 1 finished-gameweek snapshot(s) recorded; need at least 3.
2026-09-04,2,199,Benitez,CRY,GKP,,0,,,,,,,,,Insufficient data,,only 1 finished-gameweek snapshot(s) recorded; need at least 3.
2026-09-04,2,200,Lacroix,CHE,DEF,,0,,,,,,,,,Insufficient data,,only 1 finished-gameweek snapshot(s) recorded; need at least 3.
2026-09-04,2,201,Muñoz,NFO,DEF,,0,,,,,,,,,Insufficient data,,only 1 finished-gameweek snapshot(s) recorded; need at least 3.
2026-09-04,2,202,Richards,CRY,DEF,,0,,,,,,,,,Insufficient data,,only 1 finished-gameweek snapshot(s) recorded; need at least 3.
2026-09-04,2,203,Canvot,CRY,DEF,,0,,,,,,,,,Insufficient data,,only 1 finished-gameweek snapshot(s) recorded; need at least 3.
2026-09-04,2,204,Mitchell,CRY,DEF,,0,,,,,,,,,Insufficient data,,only 1 finished-gameweek snapshot(s) recorded; need at least 3.
2026-09-04,2,205,Sosa,CRY,DEF,,0,,,,,,,,,Insufficient data,,only 1 finished-gameweek snapshot(s) recorded; need at least 3.
2026-09-04,2,206,Chadi Riad,CRY,DEF,0.0,0,,,,,,,,,Insufficient data,,only 1 finished-gameweek snapshot(s) recorded; need at least 3.
2026-09-04,2,207,Mingueza,CRY,DEF,,0,,,,,,,,,Insufficient data,,only 1 finished-gameweek snapshot(s) recorded; need at least 3.
2026-09-04,2,208,Sarr,CRY,MID,0.0,0,,,,,,,,,Insufficient data,,only 1 finished-gameweek snapshot(s) recorded; need at least 3.
2026-09-04,2,209,Johnson,EVE,MID,,0,,,,,,,,,Insufficient data,,only 1 finished-gameweek snapshot(s) recorded; need at least 3.
2026-09-04,2,210,Wharton,CRY,MID,100.0,0,,,,,,,,,Insufficient data,,only 1 finished-gameweek snapshot(s) recorded; need at least 3.
2026-09-04,2,211,Yeremy,CRY,MID,,0,,,,,,,,,Insufficient data,,only 1 finished-gameweek snapshot(s) recorded; need at least 3.
2026-09-04,2,212,Hughes,CRY,MID,,0,,,,,,,,,Insufficient data,,only 1 finished-gameweek snapshot(s) recorded; need at least 3.
2026-09-04,2,213,Lerma,CRY,MID,,0,,,,,,,,,Insufficient data,,only 1 finished-gameweek snapshot(s) recorded; need at least 3.
2026-09-04,2,214,Kamada,CRY,MID,,0,,,,,,,,,Insufficient data,,only 1 finished-gameweek snapshot(s) recorded; need at least 3.
2026-09-04,2,215,Devenny,CRY,MID,,0,,,,,,,,,Insufficient data,,only 1 finished-gameweek snapshot(s) recorded; need at least 3.
2026-09-04,2,216,Esse,CRY,MID,,0,,,,,,,,,Insufficient data,,only 1 finished-gameweek snapshot(s) recorded; need at least 3.
2026-09-04,2,217,M.França,CRY,MID,,0,,,,,,,,,Insufficient data,,only 1 finished-gameweek snapshot(s) recorded; need at least 3.
2026-09-04,2,218,Doucouré,CRY,MID,,0,,,,,,,,,Insufficient data,,only 1 finished-gameweek snapshot(s) recorded; need at least 3.
2026-09-04,2,219,J.Rak-Sakyi,CRY,MID,,0,,,,,,,,,Insufficient data,,only 1 finished-gameweek snapshot(s) recorded; need at least 3.
2026-09-04,2,220,Cardines,CRY,DEF,0.0,0,,,,,,,,,Insufficient data,,only 1 finished-gameweek snapshot(s) recorded; need at least 3.
2026-09-04,2,221,Drakes-Thomas,CRY,MID,,0,,,,,,,,,Insufficient data,,only 1 finished-gameweek snapshot(s) recorded; need at least 3.
2026-09-04,2,222,Strand Larsen,CRY,FWD,,0,,,,,,,,,Insufficient data,,only 1 finished-gameweek snapshot(s) recorded; need at least 3.
2026-09-04,2,223,Mateta,CRY,FWD,0.0,0,,,,,,,,,Insufficient data,,only 1 finished-gameweek snapshot(s) recorded; need at least 3.
2026-09-04,2,224,Nketiah,CRY,FWD,,0,,,,,,,,,Insufficient data,,only 1 finished-gameweek snapshot(s) recorded; need at least 3.
2026-09-04,2,225,Uche,CRY,FWD,0.0,0,,,,,,,,,Insufficient data,,only 1 finished-gameweek snapshot(s) recorded; need at least 3.
2026-09-04,2,226,Pickford,EVE,GKP,,0,,,,,,,,,Insufficient data,,only 1 finished-gameweek snapshot(s) recorded; need at least 3.
2026-09-04,2,227,Travers,EVE,GKP,,0,,,,,,,,,Insufficient data,,only 1 finished-gameweek snapshot(s) recorded; need at least 3.
2026-09-04,2,228,King,EVE,GKP,,0,,,,,,,,,Insufficient data,,only 1 finished-gameweek snapshot(s) recorded; need at least 3.
2026-09-04,2,229,Tarkowski,EVE,DEF,,0,,,,,,,,,Insufficient data,,only 1 finished-gameweek snapshot(s) recorded; need at least 3.
2026-09-04,2,230,Branthwaite,EVE,DEF,,0,,,,,,,,,Insufficient data,,only 1 finished-gameweek snapshot(s) recorded; need at least 3.
2026-09-04,2,231,Keane,EVE,DEF,,0,,,,,,,,,Insufficient data,,only 1 finished-gameweek snapshot(s) recorded; need at least 3.
2026-09-04,2,232,O'Brien,EVE,DEF,,0,,,,,,,,,Insufficient data,,only 1 finished-gameweek snapshot(s) recorded; need at least 3.
2026-09-04,2,233,Mykolenko,EVE,DEF,,0,,,,,,,,,Insufficient data,,only 1 finished-gameweek snapshot(s) recorded; need at least 3.
2026-09-04,2,234,Patterson,EVE,DEF,,0,,,,,,,,,Insufficient data,,only 1 finished-gameweek snapshot(s) recorded; need at least 3.
2026-09-04,2,235,Aznou,EVE,DEF,,0,,,,,,,,,Insufficient data,,only 1 finished-gameweek snapshot(s) recorded; need at least 3.
2026-09-04,2,236,Dewsbury-Hall,EVE,MID,,0,,,,,,,,,Insufficient data,,only 1 finished-gameweek snapshot(s) recorded; need at least 3.
2026-09-04,2,237,Ndiaye,EVE,MID,,0,,,,,,,,,Insufficient data,,only 1 finished-gameweek snapshot(s) recorded; need at least 3.
2026-09-04,2,238,Grealish,MCI,MID,100.0,0,,,,,,,,,Insufficient data,,only 1 finished-gameweek snapshot(s) recorded; need at least 3.
2026-09-04,2,239,Garner,EVE,MID,100.0,0,,,,,,,,,Insufficient data,,only 1 finished-gameweek snapshot(s) recorded; need at least 3.
2026-09-04,2,240,Iroegbunam,EVE,MID,100.0,0,,,,,,,,,Insufficient data,,only 1 finished-gameweek snapshot(s) recorded; need at least 3.
2026-09-04,2,241,McNeil,CRY,MID,,0,,,,,,,,,Insufficient data,,only 1 finished-gameweek snapshot(s) recorded; need at least 3.
2026-09-04,2,242,George,EVE,MID,,0,,,,,,,,,Insufficient data,,only 1 finished-gameweek snapshot(s) recorded; need at least 3.
2026-09-04,2,243,Alcaraz,EVE,MID,,0,,,,,,,,,Insufficient data,,only 1 finished-gameweek snapshot(s) recorded; need at least 3.
2026-09-04,2,244,Armstrong,EVE,MID,,0,,,,,,,,,Insufficient data,,only 1 finished-gameweek snapshot(s) recorded; need at least 3.
2026-09-04,2,245,Dibling,EVE,MID,,0,,,,,,,,,Insufficient data,,only 1 finished-gameweek snapshot(s) recorded; need at least 3.
2026-09-04,2,246,Röhl,EVE,MID,,0,,,,,,,,,Insufficient data,,only 1 finished-gameweek snapshot(s) recorded; need at least 3.
2026-09-04,2,247,Hackney,EVE,MID,100.0,0,,,,,,,,,Insufficient data,,only 1 finished-gameweek snapshot(s) recorded; need at least 3.
2026-09-04,2,248,Beto,EVE,FWD,,0,,,,,,,,,Insufficient data,,only 1 finished-gameweek snapshot(s) recorded; need at least 3.
2026-09-04,2,249,Barry,EVE,FWD,,0,,,,,,,,,Insufficient data,,only 1 finished-gameweek snapshot(s) recorded; need at least 3.
2026-09-04,2,250,Leno,FUL,GKP,,0,,,,,,,,,Insufficient data,,only 1 finished-gameweek snapshot(s) recorded; need at least 3.
2026-09-04,2,251,Lecomte,FUL,GKP,,0,,,,,,,,,Insufficient data,,only 1 finished-gameweek snapshot(s) recorded; need at least 3.
2026-09-04,2,252,McNally,FUL,GKP,,0,,,,,,,,,Insufficient data,,only 1 finished-gameweek snapshot(s) recorded; need at least 3.
2026-09-04,2,253,Andersen,FUL,DEF,100.0,0,,,,,,,,,Insufficient data,,only 1 finished-gameweek snapshot(s) recorded; need at least 3.
2026-09-04,2,254,Robinson,FUL,DEF,,0,,,,,,,,,Insufficient data,,only 1 finished-gameweek snapshot(s) recorded; need at least 3.
2026-09-04,2,255,J.Cuenca,FUL,DEF,,0,,,,,,,,,Insufficient data,,only 1 finished-gameweek snapshot(s) recorded; need at least 3.
2026-09-04,2,256,Tete,FUL,DEF,,0,,,,,,,,,Insufficient data,,only 1 finished-gameweek snapshot(s) recorded; need at least 3.
2026-09-04,2,257,Bassey,FUL,DEF,,0,,,,,,,,,Insufficient data,,only 1 finished-gameweek snapshot(s) recorded; need at least 3.
2026-09-04,2,258,Castagne,FUL,DEF,,0,,,,,,,,,Insufficient data,,only 1 finished-gameweek snapshot(s) recorded; need at least 3.
2026-09-04,2,259,Diop,IPS,DEF,,0,,,,,,,,,Insufficient data,,only 1 finished-gameweek snapshot(s) recorded; need at least 3.
2026-09-04,2,260,Wilson,LEE,MID,,0,,,,,,,,,Insufficient data,,only 1 finished-gameweek snapshot(s) recorded; need at least 3.
2026-09-04,2,261,Iwobi,FUL,MID,,0,,,,,,,,,Insufficient data,,only 1 finished-gameweek snapshot(s) recorded; need at least 3.
2026-09-04,2,262,Smith Rowe,FUL,MID,,0,,,,,,,,,Insufficient data,,only 1 finished-gameweek snapshot(s) recorded; need at least 3.
2026-09-04,2,263,Kevin,FUL,MID,,0,,,,,,,,,Insufficient data,,only 1 finished-gameweek snapshot(s) recorded; need at least 3.
2026-09-04,2,264,Bobb,FUL,MID,,0,,,,,,,,,Insufficient data,,only 1 finished-gameweek snapshot(s) recorded; need at least 3.
2026-09-04,2,265,Berge,FUL,MID,,0,,,,,,,,,Insufficient data,,only 1 finished-gameweek snapshot(s) recorded; need at least 3.
2026-09-04,2,266,Cairney,FUL,MID,0.0,0,,,,,,,,,Insufficient data,,only 1 finished-gameweek snapshot(s) recorded; need at least 3.
2026-09-04,2,267,Lukić,IPS,MID,,0,,,,,,,,,Insufficient data,,only 1 finished-gameweek snapshot(s) recorded; need at least 3.
2026-09-04,2,268,King,FUL,MID,,0,,,,,,,,,Insufficient data,,only 1 finished-gameweek snapshot(s) recorded; need at least 3.
2026-09-04,2,269,Sessegnon,FUL,DEF,,0,,,,,,,,,Insufficient data,,only 1 finished-gameweek snapshot(s) recorded; need at least 3.
2026-09-04,2,270,Reed,FUL,MID,,0,,,,,,,,,Insufficient data,,only 1 finished-gameweek snapshot(s) recorded; need at least 3.
2026-09-04,2,271,Muniz,FUL,FWD,,0,,,,,,,,,Insufficient data,,only 1 finished-gameweek snapshot(s) recorded; need at least 3.
2026-09-04,2,272,Kusi-Asare,FUL,FWD,,0,,,,,,,,,Insufficient data,,only 1 finished-gameweek snapshot(s) recorded; need at least 3.
2026-09-04,2,273,Phillips,HUL,GKP,,0,,,,,,,,,Insufficient data,,only 1 finished-gameweek snapshot(s) recorded; need at least 3.
2026-09-04,2,274,Butland,HUL,GKP,0.0,0,,,,,,,,,Insufficient data,,only 1 finished-gameweek snapshot(s) recorded; need at least 3.
2026-09-04,2,275,Cartwright,HUL,GKP,0.0,0,,,,,,,,,Insufficient data,,only 1 finished-gameweek snapshot(s) recorded; need at least 3.
2026-09-04,2,276,Lo-Tutala,HUL,GKP,0.0,0,,,,,,,,,Insufficient data,,only 1 finished-gameweek snapshot(s) recorded; need at least 3.
2026-09-04,2,277,Egan,HUL,DEF,,0,,,,,,,,,Insufficient data,,only 1 finished-gameweek snapshot(s) recorded; need at least 3.
2026-09-04,2,278,Hughes,HUL,DEF,0.0,0,,,,,,,,,Insufficient data,,only 1 finished-gameweek snapshot(s) recorded; need at least 3.
2026-09-04,2,279,Ajayi,HUL,DEF,100.0,0,,,,,,,,,Insufficient data,,only 1 finished-gameweek snapshot(s) recorded; need at least 3.
2026-09-04,2,280,Coyle,HUL,DEF,75.0,0,,,,,,,,,Insufficient data,,only 1 finished-gameweek snapshot(s) recorded; need at least 3.
2026-09-04,2,281,Drameh,HUL,DEF,100.0,0,,,,,,,,,Insufficient data,,only 1 finished-gameweek snapshot(s) recorded; need at least 3.
2026-09-04,2,282,Giles,HUL,DEF,,0,,,,,,,,,Insufficient data,,only 1 finished-gameweek snapshot(s) recorded; need at least 3.
2026-09-04,2,283,Jacob,HUL,DEF,0.0,0,,,,,,,,,Insufficient data,,only 1 finished-gameweek snapshot(s) recorded; need at least 3.
2026-09-04,2,284,McCarthy,HUL,DEF,,0,,,,,,,,,Insufficient data,,only 1 finished-gameweek snapshot(s) recorded; need at least 3.
2026-09-04,2,285,McNair,HUL,DEF,,0,,,,,,,,,Insufficient data,,only 1 finished-gameweek snapshot(s) recorded; need at least 3.
2026-09-04,2,286,Belloumi,HUL,MID,,0,,,,,,,,,Insufficient data,,only 1 finished-gameweek snapshot(s) recorded; need at least 3.
2026-09-04,2,287,Millar,HUL,MID,,0,,,,,,,,,Insufficient data,,only 1 finished-gameweek snapshot(s) recorded; need at least 3.
2026-09-04,2,288,Dowell,HUL,MID,,0,,,,,,,,,Insufficient data,,only 1 finished-gameweek snapshot(s) recorded; need at least 3.
2026-09-04,2,289,Crooks,HUL,MID,75.0,0,,,,,,,,,Insufficient data,,only 1 finished-gameweek snapshot(s) recorded; need at least 3.
2026-09-04,2,290,Slater,HUL,MID,,0,,,,,,,,,Insufficient data,,only 1 finished-gameweek snapshot(s) recorded; need at least 3.
2026-09-04,2,291,Matazo,HUL,MID,0.0,0,,,,,,,,,Insufficient data,,only 1 finished-gameweek snapshot(s) recorded; need at least 3.
2026-09-04,2,292,Ömür,HUL,MID,,0,,,,,,,,,Insufficient data,,only 1 finished-gameweek snapshot(s) recorded; need at least 3.
2026-09-04,2,293,Kamara,HUL,MID,0.0,0,,,,,,,,,Insufficient data,,only 1 finished-gameweek snapshot(s) recorded; need at least 3.
2026-09-04,2,294,Zambrano,HUL,MID,0.0,0,,,,,,,,,Insufficient data,,only 1 finished-gameweek snapshot(s) recorded; need at least 3.
2026-09-04,2,295,McBurnie,HUL,FWD,,0,,,,,,,,,Insufficient data,,only 1 finished-gameweek snapshot(s) recorded; need at least 3.
2026-09-04,2,296,Akintola,HUL,MID,,0,,,,,,,,,Insufficient data,,only 1 finished-gameweek snapshot(s) recorded; need at least 3.
2026-09-04,2,297,Gyabi,HUL,MID,0.0,0,,,,,,,,,Insufficient data,,only 1 finished-gameweek snapshot(s) recorded; need at least 3.
2026-09-04,2,298,Destan,HUL,FWD,0.0,0,,,,,,,,,Insufficient data,,only 1 finished-gameweek snapshot(s) recorded; need at least 3.
2026-09-04,2,299,Burstow,HUL,FWD,0.0,0,,,,,,,,,Insufficient data,,only 1 finished-gameweek snapshot(s) recorded; need at least 3.
2026-09-04,2,300,Walton,IPS,GKP,,0,,,,,,,,,Insufficient data,,only 1 finished-gameweek snapshot(s) recorded; need at least 3.
2026-09-04,2,301,Palmer,IPS,GKP,,0,,,,,,,,,Insufficient data,,only 1 finished-gameweek snapshot(s) recorded; need at least 3.
2026-09-04,2,302,Button,IPS,GKP,,0,,,,,,,,,Insufficient data,,only 1 finished-gameweek snapshot(s) recorded; need at least 3.
2026-09-04,2,303,Kipré,IPS,DEF,,0,,,,,,,,,Insufficient data,,only 1 finished-gameweek snapshot(s) recorded; need at least 3.
2026-09-04,2,304,O'Shea,IPS,DEF,,0,,,,,,,,,Insufficient data,,only 1 finished-gameweek snapshot(s) recorded; need at least 3.
2026-09-04,2,305,Davis,IPS,DEF,,0,,,,,,,,,Insufficient data,,only 1 finished-gameweek snapshot(s) recorded; need at least 3.
2026-09-04,2,306,Greaves,IPS,DEF,,0,,,,,,,,,Insufficient data,,only 1 finished-gameweek snapshot(s) recorded; need at least 3.
2026-09-04,2,307,Johnson,IPS,DEF,,0,,,,,,,,,Insufficient data,,only 1 finished-gameweek snapshot(s) recorded; need at least 3.
2026-09-04,2,308,Furlong,IPS,DEF,,0,,,,,,,,,Insufficient data,,only 1 finished-gameweek snapshot(s) recorded; need at least 3.
2026-09-04,2,309,Núñez,IPS,MID,,0,,,,,,,,,Insufficient data,,only 1 finished-gameweek snapshot(s) recorded; need at least 3.
2026-09-04,2,310,Matusiwa,IPS,MID,0.0,0,,,,,,,,,Insufficient data,,only 1 finished-gameweek snapshot(s) recorded; need at least 3.
2026-09-04,2,311,Burns,IPS,MID,0.0,0,,,,,,,,,Insufficient data,,only 1 finished-gameweek snapshot(s) recorded; need at least 3.
2026-09-04,2,312,Taylor,IPS,MID,0.0,0,,,,,,,,,Insufficient data,,only 1 finished-gameweek snapshot(s) recorded; need at least 3.
2026-09-04,2,313,Clarke,IPS,MID,,0,,,,,,,,,Insufficient data,,only 1 finished-gameweek snapshot(s) recorded; need at least 3.
2026-09-04,2,314,Ogbene,IPS,MID,,0,,,,,,,,,Insufficient data,,only 1 finished-gameweek snapshot(s) recorded; need at least 3.
2026-09-04,2,315,Fatawu,IPS,MID,,0,,,,,,,,,Insufficient data,,only 1 finished-gameweek snapshot(s) recorded; need at least 3.
2026-09-04,2,316,Emersonn,IPS,FWD,75.0,0,,,,,,,,,Insufficient data,,only 1 finished-gameweek snapshot(s) recorded; need at least 3.
2026-09-04,2,317,Hirst,IPS,FWD,0.0,0,,,,,,,,,Insufficient data,,only 1 finished-gameweek snapshot(s) recorded; need at least 3.
2026-09-04,2,318,Philogene,IPS,MID,0.0,0,,,,,,,,,Insufficient data,,only 1 finished-gameweek snapshot(s) recorded; need at least 3.
2026-09-04,2,319,Szmodics,IPS,MID,0.0,0,,,,,,,,,Insufficient data,,only 1 finished-gameweek snapshot(s) recorded; need at least 3.
2026-09-04,2,320,Akpom,IPS,FWD,,0,,,,,,,,,Insufficient data,,only 1 finished-gameweek snapshot(s) recorded; need at least 3.
2026-09-04,2,321,Walle Egeli,IPS,FWD,,0,,,,,,,,,Insufficient data,,only 1 finished-gameweek snapshot(s) recorded; need at least 3.
2026-09-04,2,322,Al-Hamadi,IPS,FWD,0.0,0,,,,,,,,,Insufficient data,,only 1 finished-gameweek snapshot(s) recorded; need at least 3.
2026-09-04,2,323,McAteer,IPS,MID,,0,,,,,,,,,Insufficient data,,only 1 finished-gameweek snapshot(s) recorded; need at least 3.
2026-09-04,2,324,Mehmeti,IPS,MID,,0,,,,,,,,,Insufficient data,,only 1 finished-gameweek snapshot(s) recorded; need at least 3.
2026-09-04,2,325,Darlow,MUN,GKP,100.0,0,,,,,,,,,Insufficient data,,only 1 finished-gameweek snapshot(s) recorded; need at least 3.
2026-09-04,2,326,Perri,LEE,GKP,0.0,0,,,,,,,,,Insufficient data,,only 1 finished-gameweek snapshot(s) recorded; need at least 3.
2026-09-04,2,327,Bijol,LEE,DEF,,0,,,,,,,,,Insufficient data,,only 1 finished-gameweek snapshot(s) recorded; need at least 3.
2026-09-04,2,328,Struijk,BHA,DEF,100.0,0,,,,,,,,,Insufficient data,,only 1 finished-gameweek snapshot(s) recorded; need at least 3.
2026-09-04,2,329,Rodon,LEE,DEF,50.0,0,,,,,,,,,Insufficient data,,only 1 finished-gameweek snapshot(s) recorded; need at least 3.
2026-09-04,2,330,Bogle,LEE,DEF,,0,,,,,,,,,Insufficient data,,only 1 finished-gameweek snapshot(s) recorded; need at least 3.
2026-09-04,2,331,Gudmundsson,LEE,DEF,100.0,0,,,,,,,,,Insufficient data,,only 1 finished-gameweek snapshot(s) recorded; need at least 3.
2026-09-04,2,332,Justin,LEE,DEF,,0,,,,,,,,,Insufficient data,,only 1 finished-gameweek snapshot(s) recorded; need at least 3.
2026-09-04,2,333,Bornauw,LEE,DEF,0.0,0,,,,,,,,,Insufficient data,,only 1 finished-gameweek snapshot(s) recorded; need at least 3.
2026-09-04,2,334,Muharemović,LEE,DEF,,0,,,,,,,,,Insufficient data,,only 1 finished-gameweek snapshot(s) recorded; need at least 3.
2026-09-04,2,335,Stach,LEE,MID,,0,,,,,,,,,Insufficient data,,only 1 finished-gameweek snapshot(s) recorded; need at least 3.
2026-09-04,2,336,Okafor,LEE,MID,,0,,,,,,,,,Insufficient data,,only 1 finished-gameweek snapshot(s) recorded; need at least 3.
2026-09-04,2,337,Aaronson,LEE,MID,,0,,,,,,,,,Insufficient data,,only 1 finished-gameweek snapshot(s) recorded; need at least 3.
2026-09-04,2,338,Ampadu,LEE,MID,,0,,,,,,,,,Insufficient data,,only 1 finished-gameweek snapshot(s) recorded; need at least 3.
2026-09-04,2,339,Longstaff,LEE,MID,,0,,,,,,,,,Insufficient data,,only 1 finished-gameweek snapshot(s) recorded; need at least 3.
2026-09-04,2,340,Gelhardt,HUL,MID,0.0,0,,,,,,,,,Insufficient data,,only 1 finished-gameweek snapshot(s) recorded; need at least 3.
2026-09-04,2,341,Gnonto,LEE,MID,100.0,0,,,,,,,,,Insufficient data,,only 1 finished-gameweek snapshot(s) recorded; need at least 3.
2026-09-04,2,342,Harrison,LEE,MID,0.0,0,,,,,,,,,Insufficient data,,only 1 finished-gameweek snapshot(s) recorded; need at least 3.
2026-09-04,2,343,James,LEE,MID,,0,,,,,,,,,Insufficient data,,only 1 finished-gameweek snapshot(s) recorded; need at least 3.
2026-09-04,2,344,Gruev,LEE,MID,25.0,0,,,,,,,,,Insufficient data,,only 1 finished-gameweek snapshot(s) recorded; need at least 3.
2026-09-04,2,345,Tanaka,LEE,MID,,0,,,,,,,,,Insufficient data,,only 1 finished-gameweek snapshot(s) recorded; need at least 3.
2026-09-04,2,346,Calvert-Lewin,LEE,FWD,,0,,,,,,,,,Insufficient data,,only 1 finished-gameweek snapshot(s) recorded; need at least 3.
2026-09-04,2,347,Nmecha,LEE,FWD,,0,,,,,,,,,Insufficient data,,only 1 finished-gameweek snapshot(s) recorded; need at least 3.
2026-09-04,2,348,Piroe,LEE,FWD,0.0,0,,,,,,,,,Insufficient data,,only 1 finished-gameweek snapshot(s) recorded; need at least 3.
2026-09-04,2,349,Mateo Joseph,LEE,FWD,0.0,0,,,,,,,,,Insufficient data,,only 1 finished-gameweek snapshot(s) recorded; need at least 3.
2026-09-04,2,350,A.Becker,LIV,GKP,,0,,,,,,,,,Insufficient data,,only 1 finished-gameweek snapshot(s) recorded; need at least 3.
2026-09-04,2,351,Mamardashvili,LIV,GKP,,0,,,,,,,,,Insufficient data,,only 1 finished-gameweek snapshot(s) recorded; need at least 3.
2026-09-04,2,352,Woodman,LIV,GKP,,0,,,,,,,,,Insufficient data,,only 1 finished-gameweek snapshot(s) recorded; need at least 3.
2026-09-04,2,353,Pecsi,LIV,GKP,0.0,0,,,,,,,,,Insufficient data,,only 1 finished-gameweek snapshot(s) recorded; need at least 3.
2026-09-04,2,354,Jaros,LIV,GKP,0.0,0,,,,,,,,,Insufficient data,,only 1 finished-gameweek snapshot(s) recorded; need at least 3.
2026-09-04,2,355,Davies,LIV,GKP,,0,,,,,,,,,Insufficient data,,only 1 finished-gameweek snapshot(s) recorded; need at least 3.
2026-09-04,2,356,Virgil,LIV,DEF,,0,,,,,,,,,Insufficient data,,only 1 finished-gameweek snapshot(s) recorded; need at least 3.
2026-09-04,2,357,Frimpong,LIV,DEF,,0,,,,,,,,,Insufficient data,,only 1 finished-gameweek snapshot(s) recorded; need at least 3.
2026-09-04,2,358,Kerkez,LIV,DEF,,0,,,,,,,,,Insufficient data,,only 1 finished-gameweek snapshot(s) recorded; need at least 3.
2026-09-04,2,359,Gomez,LIV,DEF,0.0,0,,,,,,,,,Insufficient data,,only 1 finished-gameweek snapshot(s) recorded; need at least 3.
2026-09-04,2,360,Bradley,LIV,DEF,0.0,0,,,,,,,,,Insufficient data,,only 1 finished-gameweek snapshot(s) recorded; need at least 3.
2026-09-04,2,361,Lucky,LIV,DEF,,0,,,,,,,,,Insufficient data,,only 1 finished-gameweek snapshot(s) recorded; need at least 3.
2026-09-04,2,362,Jacquet,LIV,DEF,100.0,0,,,,,,,,,Insufficient data,,only 1 finished-gameweek snapshot(s) recorded; need at least 3.
2026-09-04,2,363,Leoni,LIV,DEF,0.0,0,,,,,,,,,Insufficient data,,only 1 finished-gameweek snapshot(s) recorded; need at least 3.
2026-09-04,2,364,Tsimikas,LIV,DEF,,0,,,,,,,,,Insufficient data,,only 1 finished-gameweek snapshot(s) recorded; need at least 3.
2026-09-04,2,365,Ramsay,LIV,DEF,0.0,0,,,,,,,,,Insufficient data,,only 1 finished-gameweek snapshot(s) recorded; need at least 3.
2026-09-04,2,366,Wirtz,LIV,MID,,0,,,,,,,,,Insufficient data,,only 1 finished-gameweek snapshot(s) recorded; need at least 3.
2026-09-04,2,367,Gakpo,LIV,MID,,0,,,,,,,,,Insufficient data,,only 1 finished-gameweek snapshot(s) recorded; need at least 3.
2026-09-04,2,368,Szoboszlai,LIV,MID,,0,,,,,,,,,Insufficient data,,only 1 finished-gameweek snapshot(s) recorded; need at least 3.
2026-09-04,2,369,Ngumoha,LIV,MID,,0,,,,,,,,,Insufficient data,,only 1 finished-gameweek snapshot(s) recorded; need at least 3.
2026-09-04,2,370,Chiesa,LIV,MID,0.0,0,,,,,,,,,Insufficient data,,only 1 finished-gameweek snapshot(s) recorded; need at least 3.
2026-09-04,2,371,Gravenberch,LIV,MID,,0,,,,,,,,,Insufficient data,,only 1 finished-gameweek snapshot(s) recorded; need at least 3.
2026-09-04,2,372,Mac Allister,LIV,MID,,0,,,,,,,,,Insufficient data,,only 1 finished-gameweek snapshot(s) recorded; need at least 3.
2026-09-04,2,373,C.Jones,LIV,MID,0.0,0,,,,,,,,,Insufficient data,,only 1 finished-gameweek snapshot(s) recorded; need at least 3.
2026-09-04,2,374,Endo,LIV,MID,100.0,0,,,,,,,,,Insufficient data,,only 1 finished-gameweek snapshot(s) recorded; need at least 3.
2026-09-04,2,375,Nyoni,LIV,MID,,0,,,,,,,,,Insufficient data,,only 1 finished-gameweek snapshot(s) recorded; need at least 3.
2026-09-04,2,376,Bajcetic,LIV,MID,0.0,0,,,,,,,,,Insufficient data,,only 1 finished-gameweek snapshot(s) recorded; need at least 3.
2026-09-04,2,377,Munoz,LIV,MID,,0,,,,,,,,,Insufficient data,,only 1 finished-gameweek snapshot(s) recorded; need at least 3.
2026-09-04,2,378,McConnell,LIV,MID,,0,,,,,,,,,Insufficient data,,only 1 finished-gameweek snapshot(s) recorded; need at least 3.
2026-09-04,2,379,Isak,LIV,FWD,,0,,,,,,,,,Insufficient data,,only 1 finished-gameweek snapshot(s) recorded; need at least 3.
2026-09-04,2,380,Ekitiké,LIV,FWD,0.0,0,,,,,,,,,Insufficient data,,only 1 finished-gameweek snapshot(s) recorded; need at least 3.
2026-09-04,2,381,Koumas,LIV,MID,,0,,,,,,,,,Insufficient data,,only 1 finished-gameweek snapshot(s) recorded; need at least 3.
2026-09-04,2,382,Danns,LIV,FWD,0.0,0,,,,,,,,,Insufficient data,,only 1 finished-gameweek snapshot(s) recorded; need at least 3.
2026-09-04,2,383,Elliott,LIV,MID,,0,,,,,,,,,Insufficient data,,only 1 finished-gameweek snapshot(s) recorded; need at least 3.
2026-09-04,2,384,Donnarumma,MCI,GKP,,0,,,,,,,,,Insufficient data,,only 1 finished-gameweek snapshot(s) recorded; need at least 3.
2026-09-04,2,385,Trafford,LEE,GKP,,0,,,,,,,,,Insufficient data,,only 1 finished-gameweek snapshot(s) recorded; need at least 3.
2026-09-04,2,386,Bettinelli,MCI,GKP,,0,,,,,,,,,Insufficient data,,only 1 finished-gameweek snapshot(s) recorded; need at least 3.
2026-09-04,2,387,O'Reilly,MCI,DEF,,0,,,,,,,,,Insufficient data,,only 1 finished-gameweek snapshot(s) recorded; need at least 3.
2026-09-04,2,388,Guéhi,MCI,DEF,,0,,,,,,,,,Insufficient data,,only 1 finished-gameweek snapshot(s) recorded; need at least 3.
2026-09-04,2,389,Matheus N.,MCI,DEF,75.0,0,,,,,,,,,Insufficient data,,only 1 finished-gameweek snapshot(s) recorded; need at least 3.
2026-09-04,2,390,Rúben,MCI,DEF,,0,,,,,,,,,Insufficient data,,only 1 finished-gameweek snapshot(s) recorded; need at least 3.
2026-09-04,2,391,Gvardiol,MCI,DEF,,0,,,,,,,,,Insufficient data,,only 1 finished-gameweek snapshot(s) recorded; need at least 3.
2026-09-04,2,392,Aït-Nouri,MCI,DEF,,0,,,,,,,,,Insufficient data,,only 1 finished-gameweek snapshot(s) recorded; need at least 3.
2026-09-04,2,393,Khusanov,MCI,DEF,,0,,,,,,,,,Insufficient data,,only 1 finished-gameweek snapshot(s) recorded; need at least 3.
2026-09-04,2,394,Alleyne,MCI,DEF,0.0,0,,,,,,,,,Insufficient data,,only 1 finished-gameweek snapshot(s) recorded; need at least 3.
2026-09-04,2,395,Lewis,MCI,DEF,,0,,,,,,,,,Insufficient data,,only 1 finished-gameweek snapshot(s) recorded; need at least 3.
2026-09-04,2,396,Vitor Reis,MCI,DEF,,0,,,,,,,,,Insufficient data,,only 1 finished-gameweek snapshot(s) recorded; need at least 3.
2026-09-04,2,397,Semenyo,MCI,MID,,0,,,,,,,,,Insufficient data,,only 1 finished-gameweek snapshot(s) recorded; need at least 3.
2026-09-04,2,398,Foden,MCI,MID,,0,,,,,,,,,Insufficient data,,only 1 finished-gameweek snapshot(s) recorded; need at least 3.
2026-09-04,2,399,Cherki,MCI,MID,,0,,,,,,,,,Insufficient data,,only 1 finished-gameweek snapshot(s) recorded; need at least 3.
2026-09-04,2,400,Doku,MCI,MID,0.0,0,,,,,,,,,Insufficient data,,only 1 finished-gameweek snapshot(s) recorded; need at least 3.
2026-09-04,2,401,Marmoush,TOT,FWD,,0,,,,,,,,,Insufficient data,,only 1 finished-gameweek snapshot(s) recorded; need at least 3.
2026-09-04,2,402,Rodrigo,MCI,MID,0.0,0,,,,,,,,,Insufficient data,,only 1 finished-gameweek snapshot(s) recorded; need at least 3.
2026-09-04,2,403,Sávio,TOT,MID,75.0,0,,,,,,,,,Insufficient data,,only 1 finished-gameweek snapshot(s) recorded; need at least 3.
2026-09-04,2,404,Reijnders,MCI,MID,0.0,0,,,,,,,,,Insufficient data,,only 1 finished-gameweek snapshot(s) recorded; need at least 3.
2026-09-04,2,405,N.Gonzalez,NEW,MID,,0,,,,,,,,,Insufficient data,,only 1 finished-gameweek snapshot(s) recorded; need at least 3.
2026-09-04,2,406,Kovačić,MCI,MID,,0,,,,,,,,,Insufficient data,,only 1 finished-gameweek snapshot(s) recorded; need at least 3.
2026-09-04,2,407,Echeverri,MCI,MID,,0,,,,,,,,,Insufficient data,,only 1 finished-gameweek snapshot(s) recorded; need at least 3.
2026-09-04,2,408,Phillips,MCI,MID,0.0,0,,,,,,,,,Insufficient data,,only 1 finished-gameweek snapshot(s) recorded; need at least 3.
2026-09-04,2,409,Mukasa,MCI,MID,,0,,,,,,,,,Insufficient data,,only 1 finished-gameweek snapshot(s) recorded; need at least 3.
2026-09-04,2,410,Monga,MCI,MID,,0,,,,,,,,,Insufficient data,,only 1 finished-gameweek snapshot(s) recorded; need at least 3.
2026-09-04,2,411,Haaland,MCI,FWD,,0,,,,,,,,,Insufficient data,,only 1 finished-gameweek snapshot(s) recorded; need at least 3.
2026-09-04,2,412,Lammens,MUN,GKP,,0,,,,,,,,,Insufficient data,,only 1 finished-gameweek snapshot(s) recorded; need at least 3.
2026-09-04,2,413,Bayindir,MUN,GKP,0.0,0,,,,,,,,,Insufficient data,,only 1 finished-gameweek snapshot(s) recorded; need at least 3.
2026-09-04,2,414,Heaton,MUN,GKP,0.0,0,,,,,,,,,Insufficient data,,only 1 finished-gameweek snapshot(s) recorded; need at least 3.
2026-09-04,2,415,Dorgu,MUN,MID,,0,,,,,,,,,Insufficient data,,only 1 finished-gameweek snapshot(s) recorded; need at least 3.
2026-09-04,2,416,De Ligt,MUN,DEF,0.0,0,,,,,,,,,Insufficient data,,only 1 finished-gameweek snapshot(s) recorded; need at least 3.
2026-09-04,2,417,Dalot,MUN,DEF,,0,,,,,,,,,Insufficient data,,only 1 finished-gameweek snapshot(s) recorded; need at least 3.
2026-09-04,2,418,Maguire,MUN,DEF,,0,,,,,,,,,Insufficient data,,only 1 finished-gameweek snapshot(s) recorded; need at least 3.
2026-09-04,2,419,Martinez,MUN,DEF,100.0,0,,,,,,,,,Insufficient data,,only 1 finished-gameweek snapshot(s) recorded; need at least 3.
2026-09-04,2,420,Yoro,MUN,DEF,,0,,,,,,,,,Insufficient data,,only 1 finished-gameweek snapshot(s) recorded; need at least 3.
2026-09-04,2,421,Heaven,MUN,DEF,,0,,,,,,,,,Insufficient data,,only 1 finished-gameweek snapshot(s) recorded; need at least 3.
2026-09-04,2,422,Mazraoui,MUN,DEF,,0,,,,,,,,,Insufficient data,,only 1 finished-gameweek snapshot(s) recorded; need at least 3.
2026-09-04,2,423,Shaw,MUN,DEF,,0,,,,,,,,,Insufficient data,,only 1 finished-gameweek snapshot(s) recorded; need at least 3.
2026-09-04,2,424,Amass,MUN,DEF,,0,,,,,,,,,Insufficient data,,only 1 finished-gameweek snapshot(s) recorded; need at least 3.
2026-09-04,2,425,Fredricson,MUN,DEF,0.0,0,,,,,,,,,Insufficient data,,only 1 finished-gameweek snapshot(s) recorded; need at least 3.
2026-09-04,2,426,B.Fernandes,MUN,MID,,0,,,,,,,,,Insufficient data,,only 1 finished-gameweek snapshot(s) recorded; need at least 3.
2026-09-04,2,427,Mbeumo,MUN,MID,,0,,,,,,,,,Insufficient data,,only 1 finished-gameweek snapshot(s) recorded; need at least 3.
2026-09-04,2,428,Cunha,MUN,MID,,0,,,,,,,,,Insufficient data,,only 1 finished-gameweek snapshot(s) recorded; need at least 3.
2026-09-04,2,429,Rashford,MUN,MID,,0,,,,,,,,,Insufficient data,,only 1 finished-gameweek snapshot(s) recorded; need at least 3.
2026-09-04,2,430,Mount,MUN,MID,75.0,0,,,,,,,,,Insufficient data,,only 1 finished-gameweek snapshot(s) recorded; need at least 3.
2026-09-04,2,431,Amad,MUN,MID,0.0,0,,,,,,,,,Insufficient data,,only 1 finished-gameweek snapshot(s) recorded; need at least 3.
2026-09-04,2,432,Mainoo,MUN,MID,,0,,,,,,,,,Insufficient data,,only 1 finished-gameweek snapshot(s) recorded; need at least 3.
2026-09-04,2,433,Ugarte,MUN,MID,0.0,0,,,,,,,,,Insufficient data,,only 1 finished-gameweek snapshot(s) recorded; need at least 3.
2026-09-04,2,434,J.Fletcher,MUN,MID,,0,,,,,,,,,Insufficient data,,only 1 finished-gameweek snapshot(s) recorded; need at least 3.
2026-09-04,2,435,Lacey,MUN,MID,,0,,,,,,,,,Insufficient data,,only 1 finished-gameweek snapshot(s) recorded; need at least 3.
2026-09-04,2,436,Collyer,MUN,MID,0.0,0,,,,,,,,,Insufficient data,,only 1 finished-gameweek snapshot(s) recorded; need at least 3.
2026-09-04,2,437,Bendito Mantato,MUN,MID,,0,,,,,,,,,Insufficient data,,only 1 finished-gameweek snapshot(s) recorded; need at least 3.
2026-09-04,2,438,Fletcher,MUN,MID,,0,,,,,,,,,Insufficient data,,only 1 finished-gameweek snapshot(s) recorded; need at least 3.
2026-09-04,2,439,Šeško,MUN,FWD,100.0,0,,,,,,,,,Insufficient data,,only 1 finished-gameweek snapshot(s) recorded; need at least 3.
2026-09-04,2,440,Zirkzee,MUN,FWD,,0,,,,,,,,,Insufficient data,,only 1 finished-gameweek snapshot(s) recorded; need at least 3.
2026-09-04,2,441,Obi,MUN,FWD,,0,,,,,,,,,Insufficient data,,only 1 finished-gameweek snapshot(s) recorded; need at least 3.
2026-09-04,2,442,Pope,NEW,GKP,,0,,,,,,,,,Insufficient data,,only 1 finished-gameweek snapshot(s) recorded; need at least 3.
2026-09-04,2,443,Gillespie,NEW,GKP,,0,,,,,,,,,Insufficient data,,only 1 finished-gameweek snapshot(s) recorded; need at least 3.
2026-09-04,2,444,Jaouen,NEW,GKP,,0,,,,,,,,,Insufficient data,,only 1 finished-gameweek snapshot(s) recorded; need at least 3.
2026-09-04,2,445,Thiaw,NEW,DEF,,0,,,,,,,,,Insufficient data,,only 1 finished-gameweek snapshot(s) recorded; need at least 3.
2026-09-04,2,446,Schär,NEW,DEF,100.0,0,,,,,,,,,Insufficient data,,only 1 finished-gameweek snapshot(s) recorded; need at least 3.
2026-09-04,2,447,Botman,NEW,DEF,,0,,,,,,,,,Insufficient data,,only 1 finished-gameweek snapshot(s) recorded; need at least 3.
2026-09-04,2,448,Burn,NEW,DEF,0.0,0,,,,,,,,,Insufficient data,,only 1 finished-gameweek snapshot(s) recorded; need at least 3.
2026-09-04,2,449,Hall,NEW,DEF,,0,,,,,,,,,Insufficient data,,only 1 finished-gameweek snapshot(s) recorded; need at least 3.
2026-09-04,2,450,Livramento,NEW,DEF,0.0,0,,,,,,,,,Insufficient data,,only 1 finished-gameweek snapshot(s) recorded; need at least 3.
2026-09-04,2,451,A.Murphy,NEW,DEF,0.0,0,,,,,,,,,Insufficient data,,only 1 finished-gameweek snapshot(s) recorded; need at least 3.
2026-09-04,2,452,Bruno G.,ARS,MID,100.0,0,,,,,,,,,Insufficient data,,only 1 finished-gameweek snapshot(s) recorded; need at least 3.
2026-09-04,2,453,Barnes,NEW,MID,,0,,,,,,,,,Insufficient data,,only 1 finished-gameweek snapshot(s) recorded; need at least 3.
2026-09-04,2,454,Elanga,NEW,MID,,0,,,,,,,,,Insufficient data,,only 1 finished-gameweek snapshot(s) recorded; need at least 3.
2026-09-04,2,455,Tonali,TOT,MID,,0,,,,,,,,,Insufficient data,,only 1 finished-gameweek snapshot(s) recorded; need at least 3.
2026-09-04,2,456,J.Ramsey,NEW,MID,,0,,,,,,,,,Insufficient data,,only 1 finished-gameweek snapshot(s) recorded; need at least 3.
2026-09-04,2,457,J.Murphy,NEW,MID,,0,,,,,,,,,Insufficient data,,only 1 finished-gameweek snapshot(s) recorded; need at least 3.
2026-09-04,2,458,Joelinton,NEW,MID,0.0,0,,,,,,,,,Insufficient data,,only 1 finished-gameweek snapshot(s) recorded; need at least 3.
2026-09-04,2,459,L.Miley,NEW,MID,100.0,0,,,,,,,,,Insufficient data,,only 1 finished-gameweek snapshot(s) recorded; need at least 3.
2026-09-04,2,460,Willock,NEW,MID,,0,,,,,,,,,Insufficient data,,only 1 finished-gameweek snapshot(s) recorded; need at least 3.
2026-09-04,2,461,Touré,NEW,MID,,0,,,,,,,,,Insufficient data,,only 1 finished-gameweek snapshot(s) recorded; need at least 3.
2026-09-04,2,462,Steur,NEW,MID,,0,,,,,,,,,Insufficient data,,only 1 finished-gameweek snapshot(s) recorded; need at least 3.
2026-09-04,2,463,Woltemade,NEW,FWD,,0,,,,,,,,,Insufficient data,,only 1 finished-gameweek snapshot(s) recorded; need at least 3.
2026-09-04,2,464,Wissa,NEW,FWD,,0,,,,,,,,,Insufficient data,,only 1 finished-gameweek snapshot(s) recorded; need at least 3.
2026-09-04,2,465,Osula,NEW,FWD,0.0,0,,,,,,,,,Insufficient data,,only 1 finished-gameweek snapshot(s) recorded; need at least 3.
2026-09-04,2,466,Neave,NEW,FWD,,0,,,,,,,,,Insufficient data,,only 1 finished-gameweek snapshot(s) recorded; need at least 3.
2026-09-04,2,467,Sels,NFO,GKP,,0,,,,,,,,,Insufficient data,,only 1 finished-gameweek snapshot(s) recorded; need at least 3.
2026-09-04,2,468,John,NFO,GKP,,0,,,,,,,,,Insufficient data,,only 1 finished-gameweek snapshot(s) recorded; need at least 3.
2026-09-04,2,469,N.Williams,NFO,DEF,,0,,,,,,,,,Insufficient data,,only 1 finished-gameweek snapshot(s) recorded; need at least 3.
2026-09-04,2,470,Morato,NFO,DEF,,0,,,,,,,,,Insufficient data,,only 1 finished-gameweek snapshot(s) recorded; need at least 3.
2026-09-04,2,471,Milenković,NFO,DEF,,0,,,,,,,,,Insufficient data,,only 1 finished-gameweek snapshot(s) recorded; need at least 3.
2026-09-04,2,472,Murillo,NFO,DEF,100.0,0,,,,,,,,,Insufficient data,,only 1 finished-gameweek snapshot(s) recorded; need at least 3.
2026-09-04,2,473,Aina,NFO,DEF,,0,,,,,,,,,Insufficient data,,only 1 finished-gameweek snapshot(s) recorded; need at least 3.
2026-09-04,2,474,Jair Cunha,NFO,DEF,,0,,,,,,,,,Insufficient data,,only 1 finished-gameweek snapshot(s) recorded; need at least 3.
2026-09-04,2,475,Savona,NFO,DEF,0.0,0,,,,,,,,,Insufficient data,,only 1 finished-gameweek snapshot(s) recorded; need at least 3.
2026-09-04,2,476,O.Richards,NFO,DEF,,0,,,,,,,,,Insufficient data,,only 1 finished-gameweek snapshot(s) recorded; need at least 3.
2026-09-04,2,477,Abbott,NFO,DEF,,0,,,,,,,,,Insufficient data,,only 1 finished-gameweek snapshot(s) recorded; need at least 3.
2026-09-04,2,478,Netz,NFO,DEF,,0,,,,,,,,,Insufficient data,,only 1 finished-gameweek snapshot(s) recorded; need at least 3.
2026-09-04,2,479,Bindon,NFO,DEF,0.0,0,,,,,,,,,Insufficient data,,only 1 finished-gameweek snapshot(s) recorded; need at least 3.
2026-09-04,2,480,Gibbs-White,NFO,MID,100.0,0,,,,,,,,,Insufficient data,,only 1 finished-gameweek snapshot(s) recorded; need at least 3.
2026-09-04,2,481,Anderson,MCI,MID,100.0,0,,,,,,,,,Insufficient data,,only 1 finished-gameweek snapshot(s) recorded; need at least 3.
2026-09-04,2,482,Hudson-Odoi,NFO,MID,100.0,0,,,,,,,,,Insufficient data,,only 1 finished-gameweek snapshot(s) recorded; need at least 3.
2026-09-04,2,483,Ndoye,NFO,MID,,0,,,,,,,,,Insufficient data,,only 1 finished-gameweek snapshot(s) recorded; need at least 3.
2026-09-04,2,484,Hutchinson,NFO,MID,,0,,,,,,,,,Insufficient data,,only 1 finished-gameweek snapshot(s) recorded; need at least 3.
2026-09-04,2,485,Bakwa,NFO,MID,0.0,0,,,,,,,,,Insufficient data,,only 1 finished-gameweek snapshot(s) recorded; need at least 3.
2026-09-04,2,486,McAtee,NFO,MID,,0,,,,,,,,,Insufficient data,,only 1 finished-gameweek snapshot(s) recorded; need at least 3.
2026-09-04,2,487,Dominguez,NFO,MID,,0,,,,,,,,,Insufficient data,,only 1 finished-gameweek snapshot(s) recorded; need at least 3.
2026-09-04,2,488,I.Sangaré,NFO,MID,0.0,0,,,,,,,,,Insufficient data,,only 1 finished-gameweek snapshot(s) recorded; need at least 3.
2026-09-04,2,489,Yates,NFO,MID,100.0,0,,,,,,,,,Insufficient data,,only 1 finished-gameweek snapshot(s) recorded; need at least 3.
2026-09-04,2,490,Wood,NFO,FWD,,0,,,,,,,,,Insufficient data,,only 1 finished-gameweek snapshot(s) recorded; need at least 3.
2026-09-04,2,491,Igor Jesus,NFO,FWD,,0,,,,,,,,,Insufficient data,,only 1 finished-gameweek snapshot(s) recorded; need at least 3.
2026-09-04,2,492,Awoniyi,COV,FWD,,0,,,,,,,,,Insufficient data,,only 1 finished-gameweek snapshot(s) recorded; need at least 3.
2026-09-04,2,493,Kalimuendo,NFO,FWD,,0,,,,,,,,,Insufficient data,,only 1 finished-gameweek snapshot(s) recorded; need at least 3.
2026-09-04,2,494,Vicario,TOT,GKP,0.0,0,,,,,,,,,Insufficient data,,only 1 finished-gameweek snapshot(s) recorded; need at least 3.
2026-09-04,2,495,Austin,TOT,GKP,,0,,,,,,,,,Insufficient data,,only 1 finished-gameweek snapshot(s) recorded; need at least 3.
2026-09-04,2,496,Kinsky,TOT,GKP,,0,,,,,,,,,Insufficient data,,only 1 finished-gameweek snapshot(s) recorded; need at least 3.
2026-09-04,2,497,Dubravka,TOT,GKP,,0,,,,,,,,,Insufficient data,,only 1 finished-gameweek snapshot(s) recorded; need at least 3.
2026-09-04,2,498,Senesi,TOT,DEF,,0,,,,,,,,,Insufficient data,,only 1 finished-gameweek snapshot(s) recorded; need at least 3.
2026-09-04,2,499,Pedro Porro,TOT,DEF,100.0,0,,,,,,,,,Insufficient data,,only 1 finished-gameweek snapshot(s) recorded; need at least 3.
2026-09-04,2,500,Romero,TOT,DEF,0.0,0,,,,,,,,,Insufficient data,,only 1 finished-gameweek snapshot(s) recorded; need at least 3.
2026-09-04,2,501,Danso,TOT,DEF,,0,,,,,,,,,Insufficient data,,only 1 finished-gameweek snapshot(s) recorded; need at least 3.
2026-09-04,2,502,Robertson,TOT,DEF,,0,,,,,,,,,Insufficient data,,only 1 finished-gameweek snapshot(s) recorded; need at least 3.
2026-09-04,2,503,Van de Ven,TOT,DEF,100.0,0,,,,,,,,,Insufficient data,,only 1 finished-gameweek snapshot(s) recorded; need at least 3.
2026-09-04,2,504,Vuskovic,BHA,DEF,,0,,,,,,,,,Insufficient data,,only 1 finished-gameweek snapshot(s) recorded; need at least 3.
2026-09-04,2,505,Spence,TOT,DEF,0.0,0,,,,,,,,,Insufficient data,,only 1 finished-gameweek snapshot(s) recorded; need at least 3.
2026-09-04,2,506,Udogie,TOT,DEF,,0,,,,,,,,,Insufficient data,,only 1 finished-gameweek snapshot(s) recorded; need at least 3.
2026-09-04,2,507,Phillips,TOT,DEF,0.0,0,,,,,,,,,Insufficient data,,only 1 finished-gameweek snapshot(s) recorded; need at least 3.
2026-09-04,2,508,Davies,TOT,DEF,,0,,,,,,,,,Insufficient data,,only 1 finished-gameweek snapshot(s) recorded; need at least 3.
2026-09-04,2,509,Byfield,TOT,DEF,,0,,,,,,,,,Insufficient data,,only 1 finished-gameweek snapshot(s) recorded; need at least 3.
2026-09-04,2,510,Rowswell,TOT,DEF,,0,,,,,,,,,Insufficient data,,only 1 finished-gameweek snapshot(s) recorded; need at least 3.
2026-09-04,2,511,Souza,TOT,DEF,,0,,,,,,,,,Insufficient data,,only 1 finished-gameweek snapshot(s) recorded; need at least 3.
2026-09-04,2,512,Kudus,TOT,MID,100.0,0,,,,,,,,,Insufficient data,,only 1 finished-gameweek snapshot(s) recorded; need at least 3.
2026-09-04,2,513,Xavi,TOT,MID,0.0,0,,,,,,,,,Insufficient data,,only 1 finished-gameweek snapshot(s) recorded; need at least 3.
2026-09-04,2,514,Tel,TOT,MID,,0,,,,,,,,,Insufficient data,,only 1 finished-gameweek snapshot(s) recorded; need at least 3.
2026-09-04,2,515,Maddison,TOT,MID,75.0,0,,,,,,,,,Insufficient data,,only 1 finished-gameweek snapshot(s) recorded; need at least 3.
2026-09-04,2,516,Bentancur,TOT,MID,,0,,,,,,,,,Insufficient data,,only 1 finished-gameweek snapshot(s) recorded; need at least 3.
2026-09-04,2,517,Odobert,TOT,MID,0.0,0,,,,,,,,,Insufficient data,,only 1 finished-gameweek snapshot(s) recorded; need at least 3.
2026-09-04,2,518,P.M.Sarr,TOT,MID,100.0,0,,,,,,,,,Insufficient data,,only 1 finished-gameweek snapshot(s) recorded; need at least 3.
2026-09-04,2,519,Gallagher,TOT,MID,,0,,,,,,,,,Insufficient data,,only 1 finished-gameweek snapshot(s) recorded; need at least 3.
2026-09-04,2,520,Bergvall,TOT,MID,,0,,,,,,,,,Insufficient data,,only 1 finished-gameweek snapshot(s) recorded; need at least 3.
2026-09-04,2,521,Kulusevski,TOT,MID,0.0,0,,,,,,,,,Insufficient data,,only 1 finished-gameweek snapshot(s) recorded; need at least 3.
2026-09-04,2,522,Gray,TOT,MID,,0,,,,,,,,,Insufficient data,,only 1 finished-gameweek snapshot(s) recorded; need at least 3.
2026-09-04,2,523,Moore,TOT,MID,,0,,,,,,,,,Insufficient data,,only 1 finished-gameweek snapshot(s) recorded; need at least 3.
2026-09-04,2,524,Olusesi,TOT,MID,,0,,,,,,,,,Insufficient data,,only 1 finished-gameweek snapshot(s) recorded; need at least 3.
2026-09-04,2,525,Fernandes,TOT,MID,,0,,,,,,,,,Insufficient data,,only 1 finished-gameweek snapshot(s) recorded; need at least 3.
2026-09-04,2,526,Solanke,TOT,FWD,,0,,,,,,,,,Insufficient data,,only 1 finished-gameweek snapshot(s) recorded; need at least 3.
2026-09-04,2,527,Richarlison,TOT,FWD,,0,,,,,,,,,Insufficient data,,only 1 finished-gameweek snapshot(s) recorded; need at least 3.
2026-09-04,2,528,Scarlett,TOT,FWD,,0,,,,,,,,,Insufficient data,,only 1 finished-gameweek snapshot(s) recorded; need at least 3.
2026-09-04,2,529,Roefs,SUN,GKP,,0,,,,,,,,,Insufficient data,,only 1 finished-gameweek snapshot(s) recorded; need at least 3.
2026-09-04,2,530,Patterson,SUN,GKP,0.0,0,,,,,,,,,Insufficient data,,only 1 finished-gameweek snapshot(s) recorded; need at least 3.
2026-09-04,2,531,Ellborg,SUN,GKP,,0,,,,,,,,,Insufficient data,,only 1 finished-gameweek snapshot(s) recorded; need at least 3.
2026-09-04,2,532,Ballard,SUN,DEF,,0,,,,,,,,,Insufficient data,,only 1 finished-gameweek snapshot(s) recorded; need at least 3.
2026-09-04,2,533,Mukiele,SUN,DEF,100.0,0,,,,,,,,,Insufficient data,,only 1 finished-gameweek snapshot(s) recorded; need at least 3.
2026-09-04,2,534,Hume,SUN,DEF,,0,,,,,,,,,Insufficient data,,only 1 finished-gameweek snapshot(s) recorded; need at least 3.
2026-09-04,2,535,Alderete,SUN,DEF,100.0,0,,,,,,,,,Insufficient data,,only 1 finished-gameweek snapshot(s) recorded; need at least 3.
2026-09-04,2,536,Reinildo,SUN,DEF,,0,,,,,,,,,Insufficient data,,only 1 finished-gameweek snapshot(s) recorded; need at least 3.
2026-09-04,2,537,Seelt,SUN,DEF,0.0,0,,,,,,,,,Insufficient data,,only 1 finished-gameweek snapshot(s) recorded; need at least 3.
2026-09-04,2,538,Hjelde,SUN,DEF,0.0,0,,,,,,,,,Insufficient data,,only 1 finished-gameweek snapshot(s) recorded; need at least 3.
2026-09-04,2,539,O'Nien,SUN,DEF,,0,,,,,,,,,Insufficient data,,only 1 finished-gameweek snapshot(s) recorded; need at least 3.
2026-09-04,2,540,Masuaku,SUN,DEF,0.0,0,,,,,,,,,Insufficient data,,only 1 finished-gameweek snapshot(s) recorded; need at least 3.
2026-09-04,2,541,Meunier,SUN,DEF,100.0,0,,,,,,,,,Insufficient data,,only 1 finished-gameweek snapshot(s) recorded; need at least 3.
2026-09-04,2,542,E.Le Fée,SUN,MID,,0,,,,,,,,,Insufficient data,,only 1 finished-gameweek snapshot(s) recorded; need at least 3.
2026-09-04,2,543,Diarra,SUN,MID,75.0,0,,,,,,,,,Insufficient data,,only 1 finished-gameweek snapshot(s) recorded; need at least 3.
2026-09-04,2,544,Xhaka,SUN,MID,,0,,,,,,,,,Insufficient data,,only 1 finished-gameweek snapshot(s) recorded; need at least 3.
2026-09-04,2,545,Sadiki,SUN,MID,,0,,,,,,,,,Insufficient data,,only 1 finished-gameweek snapshot(s) recorded; need at least 3.
2026-09-04,2,546,Adingra,SUN,MID,0.0,0,,,,,,,,,Insufficient data,,only 1 finished-gameweek snapshot(s) recorded; need at least 3.
2026-09-04,2,547,Mundle,SUN,MID,,0,,,,,,,,,Insufficient data,,only 1 finished-gameweek snapshot(s) recorded; need at least 3.
2026-09-04,2,548,Rigg,SUN,MID,,0,,,,,,,,,Insufficient data,,only 1 finished-gameweek snapshot(s) recorded; need at least 3.
2026-09-04,2,549,Talbi,SUN,MID,,0,,,,,,,,,Insufficient data,,only 1 finished-gameweek snapshot(s) recorded; need at least 3.
2026-09-04,2,550,Jocelin.T,SUN,MID,,0,,,,,,,,,Insufficient data,,only 1 finished-gameweek snapshot(s) recorded; need at least 3.
2026-09-04,2,551,Angulo,SUN,MID,,0,,,,,,,,,Insufficient data,,only 1 finished-gameweek snapshot(s) recorded; need at least 3.
2026-09-04,2,552,Brobbey,SUN,FWD,,0,,,,,,,,,Insufficient data,,only 1 finished-gameweek snapshot(s) recorded; need at least 3.
2026-09-04,2,553,Isidor,SUN,FWD,,0,,,,,,,,,Insufficient data,,only 1 finished-gameweek snapshot(s) recorded; need at least 3.
2026-09-04,2,554,Van Oevelen,IPS,GKP,0.0,0,,,,,,,,,Insufficient data,,only 1 finished-gameweek snapshot(s) recorded; need at least 3.
2026-09-04,2,555,Matthews,CRY,GKP,,0,,,,,,,,,Insufficient data,,only 1 finished-gameweek snapshot(s) recorded; need at least 3.
2026-09-04,2,556,Targett,HUL,DEF,,0,,,,,,,,,Insufficient data,,only 1 finished-gameweek snapshot(s) recorded; need at least 3.
2026-09-04,2,557,Tzolis,ARS,MID,,0,,,,,,,,,Insufficient data,,only 1 finished-gameweek snapshot(s) recorded; need at least 3.
2026-09-04,2,558,Schlager,NFO,MID,,0,,,,,,,,,Insufficient data,,only 1 finished-gameweek snapshot(s) recorded; need at least 3.
2026-09-04,2,559,Bamba,NEW,MID,,0,,,,,,,,,Insufficient data,,only 1 finished-gameweek snapshot(s) recorded; need at least 3.
2026-09-04,2,560,Penders,CHE,GKP,,0,,,,,,,,,Insufficient data,,only 1 finished-gameweek snapshot(s) recorded; need at least 3.
2026-09-04,2,561,Anselmino,CHE,DEF,100.0,0,,,,,,,,,Insufficient data,,only 1 finished-gameweek snapshot(s) recorded; need at least 3.
2026-09-04,2,562,Maeda,IPS,MID,,0,,,,,,,,,Insufficient data,,only 1 finished-gameweek snapshot(s) recorded; need at least 3.
2026-09-04,2,563,Morita,HUL,MID,100.0,0,,,,,,,,,Insufficient data,,only 1 finished-gameweek snapshot(s) recorded; need at least 3.
2026-09-04,2,564,Scherpen,IPS,GKP,,0,,,,,,,,,Insufficient data,,only 1 finished-gameweek snapshot(s) recorded; need at least 3.
2026-09-04,2,565,M.Sangaré,BRE,MID,,0,,,,,,,,,Insufficient data,,only 1 finished-gameweek snapshot(s) recorded; need at least 3.
2026-09-04,2,566,Silva,BOU,DEF,,0,,,,,,,,,Insufficient data,,only 1 finished-gameweek snapshot(s) recorded; need at least 3.
2026-09-04,2,567,Horníček,NEW,GKP,,0,,,,,,,,,Insufficient data,,only 1 finished-gameweek snapshot(s) recorded; need at least 3.
2026-09-04,2,568,Barco,CHE,MID,,0,,,,,,,,,Insufficient data,,only 1 finished-gameweek snapshot(s) recorded; need at least 3.
2026-09-04,2,569,Gonzalo,FUL,FWD,,0,,,,,,,,,Insufficient data,,only 1 finished-gameweek snapshot(s) recorded; need at least 3.
2026-09-04,2,570,Palacios,FUL,MID,,0,,,,,,,,,Insufficient data,,only 1 finished-gameweek snapshot(s) recorded; need at least 3.
2026-09-04,2,571,Florentino,IPS,MID,75.0,0,,,,,,,,,Insufficient data,,only 1 finished-gameweek snapshot(s) recorded; need at least 3.
2026-09-04,2,572,Tzolakis,HUL,GKP,,0,,,,,,,,,Insufficient data,,only 1 finished-gameweek snapshot(s) recorded; need at least 3.
2026-09-04,2,573,Sanchez,BOU,DEF,,0,,,,,,,,,Insufficient data,,only 1 finished-gameweek snapshot(s) recorded; need at least 3.
2026-09-04,2,574,Hjertø-Dahl,HUL,MID,,0,,,,,,,,,Insufficient data,,only 1 finished-gameweek snapshot(s) recorded; need at least 3.
2026-09-04,2,575,Yirenkyi,COV,MID,,0,,,,,,,,,Insufficient data,,only 1 finished-gameweek snapshot(s) recorded; need at least 3.
2026-09-04,2,576,Stroud,HUL,MID,,0,,,,,,,,,Insufficient data,,only 1 finished-gameweek snapshot(s) recorded; need at least 3.
2026-09-04,2,577,Tomiyasu,CRY,DEF,,0,,,,,,,,,Insufficient data,,only 1 finished-gameweek snapshot(s) recorded; need at least 3.
2026-09-04,2,578,Mudryk,CHE,MID,,0,,,,,,,,,Insufficient data,,only 1 finished-gameweek snapshot(s) recorded; need at least 3.
2026-09-04,2,579,Araujo,LIV,DEF,,0,,,,,,,,,Insufficient data,,only 1 finished-gameweek snapshot(s) recorded; need at least 3.
2026-09-04,2,580,Charles,FUL,MID,,0,,,,,,,,,Insufficient data,,only 1 finished-gameweek snapshot(s) recorded; need at least 3.
2026-09-04,2,581,Diomande,NFO,DEF,,0,,,,,,,,,Insufficient data,,only 1 finished-gameweek snapshot(s) recorded; need at least 3.
2026-09-04,2,582,Madjo,AVL,FWD,0.0,0,,,,,,,,,Insufficient data,,only 1 finished-gameweek snapshot(s) recorded; need at least 3.
2026-09-04,2,583,Chavarria,CHE,DEF,,0,,,,,,,,,Insufficient data,,only 1 finished-gameweek snapshot(s) recorded; need at least 3.
2026-09-04,2,584,Hamer,COV,MID,,0,,,,,,,,,Insufficient data,,only 1 finished-gameweek snapshot(s) recorded; need at least 3.
2026-09-04,2,585,Herrington,HUL,DEF,,0,,,,,,,,,Insufficient data,,only 1 finished-gameweek snapshot(s) recorded; need at least 3.
2026-09-04,2,586,Mendy,HUL,DEF,100.0,0,,,,,,,,,Insufficient data,,only 1 finished-gameweek snapshot(s) recorded; need at least 3.
2026-09-04,2,587,Rulli,MCI,GKP,,0,,,,,,,,,Insufficient data,,only 1 finished-gameweek snapshot(s) recorded; need at least 3.
2026-09-04,2,588,Khalaili,CRY,DEF,,0,,,,,,,,,Insufficient data,,only 1 finished-gameweek snapshot(s) recorded; need at least 3.
2026-09-04,2,589,Gourna-Douath,HUL,MID,,0,,,,,,,,,Insufficient data,,only 1 finished-gameweek snapshot(s) recorded; need at least 3.
2026-09-04,2,590,Benda,NFO,GKP,,0,,,,,,,,,Insufficient data,,only 1 finished-gameweek snapshot(s) recorded; need at least 3.
2026-09-04,2,591,Enciso,IPS,MID,100.0,0,,,,,,,,,Insufficient data,,only 1 finished-gameweek snapshot(s) recorded; need at least 3.
2026-09-04,2,592,Ouattara,IPS,DEF,,0,,,,,,,,,Insufficient data,,only 1 finished-gameweek snapshot(s) recorded; need at least 3.
2026-09-04,2,593,Dedić,NEW,DEF,,0,,,,,,,,,Insufficient data,,only 1 finished-gameweek snapshot(s) recorded; need at least 3.
2026-09-04,2,594,David,BHA,FWD,,0,,,,,,,,,Insufficient data,,only 1 finished-gameweek snapshot(s) recorded; need at least 3.
2026-09-04,2,595,Gozo,CRY,MID,,0,,,,,,,,,Insufficient data,,only 1 finished-gameweek snapshot(s) recorded; need at least 3.
2026-09-04,2,596,Ruggeri,AVL,DEF,,0,,,,,,,,,Insufficient data,,only 1 finished-gameweek snapshot(s) recorded; need at least 3.
2026-09-04,2,597,Suzuki,AVL,GKP,,0,,,,,,,,,Insufficient data,,only 1 finished-gameweek snapshot(s) recorded; need at least 3.
2026-09-04,2,598,Elvedi,LEE,DEF,,0,,,,,,,,,Insufficient data,,only 1 finished-gameweek snapshot(s) recorded; need at least 3.
2026-09-04,2,599,Cherif,COV,FWD,,0,,,,,,,,,Insufficient data,,only 1 finished-gameweek snapshot(s) recorded; need at least 3.
2026-09-04,2,600,Osman,BHA,MID,,0,,,,,,,,,Insufficient data,,only 1 finished-gameweek snapshot(s) recorded; need at least 3.
2026-09-04,2,601,Williams-Barnett,TOT,MID,,0,,,,,,,,,Insufficient data,,only 1 finished-gameweek snapshot(s) recorded; need at least 3.
2026-09-04,2,602,Humphreys,IPS,MID,,0,,,,,,,,,Insufficient data,,only 1 finished-gameweek snapshot(s) recorded; need at least 3.
2026-09-04,2,603,Lienou,LEE,DEF,,0,,,,,,,,,Insufficient data,,only 1 finished-gameweek snapshot(s) recorded; need at least 3.
2026-09-04,2,604,Cresswell,LEE,MID,,0,,,,,,,,,Insufficient data,,only 1 finished-gameweek snapshot(s) recorded; need at least 3.
2026-09-04,2,605,Yalcouyé,BHA,MID,,0,,,,,,,,,Insufficient data,,only 1 finished-gameweek snapshot(s) recorded; need at least 3.
2026-09-04,2,606,Rowe,AVL,DEF,,0,,,,,,,,,Insufficient data,,only 1 finished-gameweek snapshot(s) recorded; need at least 3.
2026-09-04,2,607,Lynch,AVL,MID,,0,,,,,,,,,Insufficient data,,only 1 finished-gameweek snapshot(s) recorded; need at least 3.
2026-09-04,2,608,Jebbison,BOU,FWD,,0,,,,,,,,,Insufficient data,,only 1 finished-gameweek snapshot(s) recorded; need at least 3.
2026-09-04,2,609,Shahar,NEW,DEF,,0,,,,,,,,,Insufficient data,,only 1 finished-gameweek snapshot(s) recorded; need at least 3.
2026-09-04,2,610,De Fougerolles,FUL,DEF,75.0,0,,,,,,,,,Insufficient data,,only 1 finished-gameweek snapshot(s) recorded; need at least 3.
2026-09-04,2,611,Wan-Bissaka,AVL,DEF,,0,,,,,,,,,Insufficient data,,only 1 finished-gameweek snapshot(s) recorded; need at least 3.
2026-09-04,2,612,Methalie,SUN,DEF,100.0,0,,,,,,,,,Insufficient data,,only 1 finished-gameweek snapshot(s) recorded; need at least 3.
2026-09-04,2,613,Ahoka,SUN,MID,,0,,,,,,,,,Insufficient data,,only 1 finished-gameweek snapshot(s) recorded; need at least 3.
2026-09-04,2,614,Hadjam,BHA,DEF,,0,,,,,,,,,Insufficient data,,only 1 finished-gameweek snapshot(s) recorded; need at least 3.
2026-09-04,2,615,Di Gregorio,BOU,GKP,,0,,,,,,,,,Insufficient data,,only 1 finished-gameweek snapshot(s) recorded; need at least 3.
2026-09-04,2,616,Bouaddi,MCI,MID,,0,,,,,,,,,Insufficient data,,only 1 finished-gameweek snapshot(s) recorded; need at least 3.
2026-09-04,2,617,Cho,HUL,MID,,0,,,,,,,,,Insufficient data,,only 1 finished-gameweek snapshot(s) recorded; need at least 3.
2026-09-04,2,618,Goretzka,AVL,MID,,0,,,,,,,,,Insufficient data,,only 1 finished-gameweek snapshot(s) recorded; need at least 3.
2026-09-04,2,619,Palacios,IPS,MID,,0,,,,,,,,,Insufficient data,,only 1 finished-gameweek snapshot(s) recorded; need at least 3.
2026-09-04,2,620,Diouf,BRE,DEF,,0,,,,,,,,,Insufficient data,,only 1 finished-gameweek snapshot(s) recorded; need at least 3.
2026-09-04,2,621,McAidoo,MCI,MID,,0,,,,,,,,,Insufficient data,,only 1 finished-gameweek snapshot(s) recorded; need at least 3.
2026-09-04,2,622,Braithwaite,MCI,DEF,,0,,,,,,,,,Insufficient data,,only 1 finished-gameweek snapshot(s) recorded; need at least 3.
2026-09-04,2,623,Bentley,COV,GKP,,0,,,,,,,,,Insufficient data,,only 1 finished-gameweek snapshot(s) recorded; need at least 3.
2026-09-04,2,624,Cozier-Duberry,BHA,MID,,0,,,,,,,,,Insufficient data,,only 1 finished-gameweek snapshot(s) recorded; need at least 3.
2026-09-04,2,625,Cairns,LEE,GKP,,0,,,,,,,,,Insufficient data,,only 1 finished-gameweek snapshot(s) recorded; need at least 3.
2026-09-04,2,626,Zepa,FUL,MID,,0,,,,,,,,,Insufficient data,,only 1 finished-gameweek snapshot(s) recorded; need at least 3.
2026-09-04,2,627,Barcola,LIV,MID,,0,,,,,,,,,Insufficient data,,only 1 finished-gameweek snapshot(s) recorded; need at least 3.
2026-09-04,2,628,Allan,MCI,MID,,0,,,,,,,,,Insufficient data,,only 1 finished-gameweek snapshot(s) recorded; need at least 3.
2026-09-04,2,629,Zetterer,LEE,GKP,,0,,,,,,,,,Insufficient data,,only 1 finished-gameweek snapshot(s) recorded; need at least 3.
2026-09-08,3,1,Raya,ARS,GKP,,0,,,,,,,,,Insufficient data,,only 2 finished-gameweek snapshot(s) recorded; need at least 3.
2026-09-08,3,2,Arrizabalaga,ARS,GKP,,0,,,,,,,,,Insufficient data,,only 2 finished-gameweek snapshot(s) recorded; need at least 3.
2026-09-08,3,3,Meslier,ARS,GKP,,0,,,,,,,,,Insufficient data,,only 2 finished-gameweek snapshot(s) recorded; need at least 3.
2026-09-08,3,4,Gabriel,ARS,DEF,,0,,,,,,,,,Insufficient data,,only 2 finished-gameweek snapshot(s) recorded; need at least 3.
2026-09-08,3,5,J.Timber,ARS,DEF,25.0,0,,,,,,,,,Insufficient data,,only 2 finished-gameweek snapshot(s) recorded; need at least 3.
2026-09-08,3,6,Saliba,ARS,DEF,0.0,0,,,,,,,,,Insufficient data,,only 2 finished-gameweek snapshot(s) recorded; need at least 3.
2026-09-08,3,7,Lewis-Skelly,ARS,MID,,0,,,,,,,,,Insufficient data,,only 2 finished-gameweek snapshot(s) recorded; need at least 3.
2026-09-08,3,8,Calafiori,ARS,DEF,,0,,,,,,,,,Insufficient data,,only 2 finished-gameweek snapshot(s) recorded; need at least 3.
2026-09-08,3,9,Hincapie,ARS,DEF,,0,,,,,,,,,Insufficient data,,only 2 finished-gameweek snapshot(s) recorded; need at least 3.
2026-09-08,3,10,White,ARS,DEF,100.0,0,,,,,,,,,Insufficient data,,only 2 finished-gameweek snapshot(s) recorded; need at least 3.
2026-09-08,3,11,Mosquera,ARS,DEF,75.0,0,,,,,,,,,Insufficient data,,only 2 finished-gameweek snapshot(s) recorded; need at least 3.
2026-09-08,3,12,Saka,ARS,MID,,0,,,,,,,,,Insufficient data,,only 2 finished-gameweek snapshot(s) recorded; need at least 3.
2026-09-08,3,13,Rice,ARS,MID,,0,,,,,,,,,Insufficient data,,only 2 finished-gameweek snapshot(s) recorded; need at least 3.
2026-09-08,3,14,Eze,ARS,MID,,0,,,,,,,,,Insufficient data,,only 2 finished-gameweek snapshot(s) recorded; need at least 3.
2026-09-08,3,15,Ødegaard,ARS,MID,,0,,,,,,,,,Insufficient data,,only 2 finished-gameweek snapshot(s) recorded; need at least 3.
2026-09-08,3,16,Madueke,ARS,MID,,0,,,,,,,,,Insufficient data,,only 2 finished-gameweek snapshot(s) recorded; need at least 3.
2026-09-08,3,17,Merino,ARS,MID,,0,,,,,,,,,Insufficient data,,only 2 finished-gameweek snapshot(s) recorded; need at least 3.
2026-09-08,3,18,Martinelli,ARS,MID,0.0,0,,,,,,,,,Insufficient data,,only 2 finished-gameweek snapshot(s) recorded; need at least 3.
2026-09-08,3,19,Zubimendi,ARS,MID,,0,,,,,,,,,Insufficient data,,only 2 finished-gameweek snapshot(s) recorded; need at least 3.
2026-09-08,3,20,Dowman,ARS,MID,,0,,,,,,,,,Insufficient data,,only 2 finished-gameweek snapshot(s) recorded; need at least 3.
2026-09-08,3,21,Nørgaard,EVE,MID,0.0,0,,,,,,,,,Insufficient data,,only 2 finished-gameweek snapshot(s) recorded; need at least 3.
2026-09-08,3,22,Nwaneri,ARS,MID,0.0,0,,,,,,,,,Insufficient data,,only 2 finished-gameweek snapshot(s) recorded; need at least 3.
2026-09-08,3,23,Fábio Vieira,ARS,MID,0.0,0,,,,,,,,,Insufficient data,,only 2 finished-gameweek snapshot(s) recorded; need at least 3.
2026-09-08,3,24,Nelson,ARS,MID,0.0,0,,,,,,,,,Insufficient data,,only 2 finished-gameweek snapshot(s) recorded; need at least 3.
2026-09-08,3,25,Gyökeres,ARS,FWD,,0,,,,,,,,,Insufficient data,,only 2 finished-gameweek snapshot(s) recorded; need at least 3.
2026-09-08,3,26,Havertz,ARS,FWD,,0,,,,,,,,,Insufficient data,,only 2 finished-gameweek snapshot(s) recorded; need at least 3.
2026-09-08,3,27,G.Jesus,ARS,FWD,0.0,0,,,,,,,,,Insufficient data,,only 2 finished-gameweek snapshot(s) recorded; need at least 3.
2026-09-08,3,28,Martinez,CHE,GKP,,0,,,,,,,,,Insufficient data,,only 2 finished-gameweek snapshot(s) recorded; need at least 3.
2026-09-08,3,29,M.Bizot,AVL,GKP,,0,,,,,,,,,Insufficient data,,only 2 finished-gameweek snapshot(s) recorded; need at least 3.
2026-09-08,3,30,Digne,AVL,DEF,0.0,0,,,,,,,,,Insufficient data,,only 2 finished-gameweek snapshot(s) recorded; need at least 3.
2026-09-08,3,31,Konsa,ARS,DEF,,0,,,,,,,,,Insufficient data,,only 2 finished-gameweek snapshot(s) recorded; need at least 3.
2026-09-08,3,32,Cash,AVL,DEF,,0,,,,,,,,,Insufficient data,,only 2 finished-gameweek snapshot(s) recorded; need at least 3.
2026-09-08,3,33,Mings,AVL,DEF,,0,,,,,,,,,Insufficient data,,only 2 finished-gameweek snapshot(s) recorded; need at least 3.
2026-09-08,3,34,Pau,AVL,DEF,,0,,,,,,,,,Insufficient data,,only 2 finished-gameweek snapshot(s) recorded; need at least 3.
2026-09-08,3,35,Bogarde,AVL,MID,,0,,,,,,,,,Insufficient data,,only 2 finished-gameweek snapshot(s) recorded; need at least 3.
2026-09-08,3,36,Maatsen,AVL,DEF,,0,,,,,,,,,Insufficient data,,only 2 finished-gameweek snapshot(s) recorded; need at least 3.
2026-09-08,3,37,Lindelöf,AVL,DEF,,0,,,,,,,,,Insufficient data,,only 2 finished-gameweek snapshot(s) recorded; need at least 3.
2026-09-08,3,38,A.García,AVL,DEF,,0,,,,,,,,,Insufficient data,,only 2 finished-gameweek snapshot(s) recorded; need at least 3.
2026-09-08,3,39,Nedeljkovic,AVL,DEF,0.0,0,,,,,,,,,Insufficient data,,only 2 finished-gameweek snapshot(s) recorded; need at least 3.
2026-09-08,3,40,Rogers,CHE,MID,,0,,,,,,,,,Insufficient data,,only 2 finished-gameweek snapshot(s) recorded; need at least 3.
2026-09-08,3,41,Buendía,AVL,MID,,0,,,,,,,,,Insufficient data,,only 2 finished-gameweek snapshot(s) recorded; need at least 3.
2026-09-08,3,42,Guessand,CRY,MID,,0,,,,,,,,,Insufficient data,,only 2 finished-gameweek snapshot(s) recorded; need at least 3.
2026-09-08,3,43,Tielemans,MUN,MID,100.0,0,,,,,,,,,Insufficient data,,only 2 finished-gameweek snapshot(s) recorded; need at least 3.
2026-09-08,3,44,Bailey,AVL,MID,0.0,0,,,,,,,,,Insufficient data,,only 2 finished-gameweek snapshot(s) recorded; need at least 3.
2026-09-08,3,45,McGinn,AVL,MID,,0,,,,,,,,,Insufficient data,,only 2 finished-gameweek snapshot(s) recorded; need at least 3.
2026-09-08,3,46,Barkley,AVL,MID,,0,,,,,,,,,Insufficient data,,only 2 finished-gameweek snapshot(s) recorded; need at least 3.
2026-09-08,3,47,Kamara,AVL,MID,100.0,0,,,,,,,,,Insufficient data,,only 2 finished-gameweek snapshot(s) recorded; need at least 3.
2026-09-08,3,48,Onana,AVL,MID,0.0,0,,,,,,,,,Insufficient data,,only 2 finished-gameweek snapshot(s) recorded; need at least 3.
2026-09-08,3,49,Iling Jr,AVL,MID,0.0,0,,,,,,,,,Insufficient data,,only 2 finished-gameweek snapshot(s) recorded; need at least 3.
2026-09-08,3,50,Burrowes,AVL,MID,,0,,,,,,,,,Insufficient data,,only 2 finished-gameweek snapshot(s) recorded; need at least 3.
2026-09-08,3,51,George Hemmings,AVL,MID,,0,,,,,,,,,Insufficient data,,only 2 finished-gameweek snapshot(s) recorded; need at least 3.
2026-09-08,3,52,Alysson,AVL,MID,,0,,,,,,,,,Insufficient data,,only 2 finished-gameweek snapshot(s) recorded; need at least 3.
2026-09-08,3,53,Manzambi,AVL,MID,0.0,0,,,,,,,,,Insufficient data,,only 2 finished-gameweek snapshot(s) recorded; need at least 3.
2026-09-08,3,54,Gomes,AVL,MID,0.0,0,,,,,,,,,Insufficient data,,only 2 finished-gameweek snapshot(s) recorded; need at least 3.
2026-09-08,3,55,Watkins,AVL,FWD,0.0,0,,,,,,,,,Insufficient data,,only 2 finished-gameweek snapshot(s) recorded; need at least 3.
2026-09-08,3,56,Abraham,AVL,FWD,100.0,0,,,,,,,,,Insufficient data,,only 2 finished-gameweek snapshot(s) recorded; need at least 3.
2026-09-08,3,57,Petrović,BOU,GKP,,0,,,,,,,,,Insufficient data,,only 2 finished-gameweek snapshot(s) recorded; need at least 3.
2026-09-08,3,58,Forster,BOU,GKP,,0,,,,,,,,,Insufficient data,,only 2 finished-gameweek snapshot(s) recorded; need at least 3.
2026-09-08,3,59,Dennis,BOU,GKP,0.0,0,,,,,,,,,Insufficient data,,only 2 finished-gameweek snapshot(s) recorded; need at least 3.
2026-09-08,3,60,Hill,BOU,DEF,,0,,,,,,,,,Insufficient data,,only 2 finished-gameweek snapshot(s) recorded; need at least 3.
2026-09-08,3,61,Truffert,BOU,DEF,,0,,,,,,,,,Insufficient data,,only 2 finished-gameweek snapshot(s) recorded; need at least 3.
2026-09-08,3,62,Diakité,BOU,DEF,,0,,,,,,,,,Insufficient data,,only 2 finished-gameweek snapshot(s) recorded; need at least 3.
2026-09-08,3,63,Milosavljević,BOU,DEF,0.0,0,,,,,,,,,Insufficient data,,only 2 finished-gameweek snapshot(s) recorded; need at least 3.
2026-09-08,3,64,Smith,BOU,DEF,,0,,,,,,,,,Insufficient data,,only 2 finished-gameweek snapshot(s) recorded; need at least 3.
2026-09-08,3,65,J.Araujo,BOU,DEF,0.0,0,,,,,,,,,Insufficient data,,only 2 finished-gameweek snapshot(s) recorded; need at least 3.
2026-09-08,3,66,Soler,BOU,DEF,100.0,0,,,,,,,,,Insufficient data,,only 2 finished-gameweek snapshot(s) recorded; need at least 3.
2026-09-08,3,67,Rayan,BOU,MID,,0,,,,,,,,,Insufficient data,,only 2 finished-gameweek snapshot(s) recorded; need at least 3.
2026-09-08,3,68,Tavernier,BOU,MID,,0,,,,,,,,,Insufficient data,,only 2 finished-gameweek snapshot(s) recorded; need at least 3.
2026-09-08,3,69,Scott,BOU,MID,,0,,,,,,,,,Insufficient data,,only 2 finished-gameweek snapshot(s) recorded; need at least 3.
2026-09-08,3,70,Kluivert,BOU,MID,,0,,,,,,,,,Insufficient data,,only 2 finished-gameweek snapshot(s) recorded; need at least 3.
2026-09-08,3,71,Cook,BOU,MID,,0,,,,,,,,,Insufficient data,,only 2 finished-gameweek snapshot(s) recorded; need at least 3.
2026-09-08,3,72,Gannon-Doak,BOU,MID,,0,,,,,,,,,Insufficient data,,only 2 finished-gameweek snapshot(s) recorded; need at least 3.
2026-09-08,3,73,Adams,BOU,MID,100.0,0,,,,,,,,,Insufficient data,,only 2 finished-gameweek snapshot(s) recorded; need at least 3.
2026-09-08,3,74,Brooks,BOU,MID,100.0,0,,,,,,,,,Insufficient data,,only 2 finished-gameweek snapshot(s) recorded; need at least 3.
2026-09-08,3,75,Christie,BOU,MID,100.0,0,,,,,,,,,Insufficient data,,only 2 finished-gameweek snapshot(s) recorded; need at least 3.
2026-09-08,3,76,Tóth.A,BOU,MID,,0,,,,,,,,,Insufficient data,,only 2 finished-gameweek snapshot(s) recorded; need at least 3.
2026-09-08,3,77,Adli,BOU,MID,0.0,0,,,,,,,,,Insufficient data,,only 2 finished-gameweek snapshot(s) recorded; need at least 3.
2026-09-08,3,78,Kroupi.Jr,BOU,MID,0.0,0,,,,,,,,,Insufficient data,,only 2 finished-gameweek snapshot(s) recorded; need at least 3.
2026-09-08,3,79,Evanilson,BOU,FWD,,0,,,,,,,,,Insufficient data,,only 2 finished-gameweek snapshot(s) recorded; need at least 3.
2026-09-08,3,80,Enes Ünal,BOU,FWD,0.0,0,,,,,,,,,Insufficient data,,only 2 finished-gameweek snapshot(s) recorded; need at least 3.
2026-09-08,3,81,Rodríguez,BOU,FWD,100.0,0,,,,,,,,,Insufficient data,,only 2 finished-gameweek snapshot(s) recorded; need at least 3.
2026-09-08,3,82,Kelleher,BRE,GKP,,0,,,,,,,,,Insufficient data,,only 2 finished-gameweek snapshot(s) recorded; need at least 3.
2026-09-08,3,83,Valdimarsson,BRE,GKP,,0,,,,,,,,,Insufficient data,,only 2 finished-gameweek snapshot(s) recorded; need at least 3.
2026-09-08,3,84,Collins,BRE,DEF,25.0,0,,,,,,,,,Insufficient data,,only 2 finished-gameweek snapshot(s) recorded; need at least 3.
2026-09-08,3,85,Van den Berg,BRE,DEF,0.0,0,,,,,,,,,Insufficient data,,only 2 finished-gameweek snapshot(s) recorded; need at least 3.
2026-09-08,3,86,Lewis-Potter,BRE,MID,,0,,,,,,,,,Insufficient data,,only 2 finished-gameweek snapshot(s) recorded; need at least 3.
2026-09-08,3,87,Ajer,BRE,DEF,,0,,,,,,,,,Insufficient data,,only 2 finished-gameweek snapshot(s) recorded; need at least 3.
2026-09-08,3,88,Kayode,BRE,DEF,,0,,,,,,,,,Insufficient data,,only 2 finished-gameweek snapshot(s) recorded; need at least 3.
2026-09-08,3,89,Henry,BRE,DEF,,0,,,,,,,,,Insufficient data,,only 2 finished-gameweek snapshot(s) recorded; need at least 3.
2026-09-08,3,90,Hickey,BRE,DEF,,0,,,,,,,,,Insufficient data,,only 2 finished-gameweek snapshot(s) recorded; need at least 3.
2026-09-08,3,91,Pinnock,COV,DEF,,0,,,,,,,,,Insufficient data,,only 2 finished-gameweek snapshot(s) recorded; need at least 3.
2026-09-08,3,92,Ji-soo,BRE,DEF,,0,,,,,,,,,Insufficient data,,only 2 finished-gameweek snapshot(s) recorded; need at least 3.
2026-09-08,3,93,Schuster,BRE,DEF,,0,,,,,,,,,Insufficient data,,only 2 finished-gameweek snapshot(s) recorded; need at least 3.
2026-09-08,3,94,Schade,BRE,MID,,0,,,,,,,,,Insufficient data,,only 2 finished-gameweek snapshot(s) recorded; need at least 3.
2026-09-08,3,95,O.Dango,BRE,MID,,0,,,,,,,,,Insufficient data,,only 2 finished-gameweek snapshot(s) recorded; need at least 3.
2026-09-08,3,96,Damsgaard,BRE,MID,,0,,,,,,,,,Insufficient data,,only 2 finished-gameweek snapshot(s) recorded; need at least 3.
2026-09-08,3,97,Jensen,BRE,MID,0.0,0,,,,,,,,,Insufficient data,,only 2 finished-gameweek snapshot(s) recorded; need at least 3.
2026-09-08,3,98,Janelt,BRE,MID,,0,,,,,,,,,Insufficient data,,only 2 finished-gameweek snapshot(s) recorded; need at least 3.
2026-09-08,3,99,Milambo,BRE,MID,0.0,0,,,,,,,,,Insufficient data,,only 2 finished-gameweek snapshot(s) recorded; need at least 3.
2026-09-08,3,100,Carvalho,BRE,MID,100.0,0,,,,,,,,,Insufficient data,,only 2 finished-gameweek snapshot(s) recorded; need at least 3.
2026-09-08,3,101,Henderson,CHE,MID,75.0,0,,,,,,,,,Insufficient data,,only 2 finished-gameweek snapshot(s) recorded; need at least 3.
2026-09-08,3,102,Yarmoliuk,BRE,MID,,0,,,,,,,,,Insufficient data,,only 2 finished-gameweek snapshot(s) recorded; need at least 3.
2026-09-08,3,103,Dasilva,BRE,MID,0.0,0,,,,,,,,,Insufficient data,,only 2 finished-gameweek snapshot(s) recorded; need at least 3.
2026-09-08,3,104,Onyeka,COV,MID,,0,,,,,,,,,Insufficient data,,only 2 finished-gameweek snapshot(s) recorded; need at least 3.
2026-09-08,3,105,Anthony,BRE,MID,,0,,,,,,,,,Insufficient data,,only 2 finished-gameweek snapshot(s) recorded; need at least 3.
2026-09-08,3,106,Thiago,BRE,FWD,,0,,,,,,,,,Insufficient data,,only 2 finished-gameweek snapshot(s) recorded; need at least 3.
2026-09-08,3,107,Furo,BRE,FWD,,0,,,,,,,,,Insufficient data,,only 2 finished-gameweek snapshot(s) recorded; need at least 3.
2026-09-08,3,108,Wilson,BRE,FWD,,0,,,,,,,,,Insufficient data,,only 2 finished-gameweek snapshot(s) recorded; need at least 3.
2026-09-08,3,109,Verbruggen,BHA,GKP,,0,,,,,,,,,Insufficient data,,only 2 finished-gameweek snapshot(s) recorded; need at least 3.
2026-09-08,3,110,Rushworth,COV,GKP,,0,,,,,,,,,Insufficient data,,only 2 finished-gameweek snapshot(s) recorded; need at least 3.
2026-09-08,3,111,Steele,BHA,GKP,,0,,,,,,,,,Insufficient data,,only 2 finished-gameweek snapshot(s) recorded; need at least 3.
2026-09-08,3,112,Van Hecke,TOT,DEF,,0,,,,,,,,,Insufficient data,,only 2 finished-gameweek snapshot(s) recorded; need at least 3.
2026-09-08,3,113,F.Kadıoğlu,BHA,DEF,100.0,0,,,,,,,,,Insufficient data,,only 2 finished-gameweek snapshot(s) recorded; need at least 3.
2026-09-08,3,114,Boscagli,BHA,DEF,,0,,,,,,,,,Insufficient data,,only 2 finished-gameweek snapshot(s) recorded; need at least 3.
2026-09-08,3,115,De Cuyper,BHA,DEF,,0,,,,,,,,,Insufficient data,,only 2 finished-gameweek snapshot(s) recorded; need at least 3.
2026-09-08,3,116,Dunk,BHA,DEF,,0,,,,,,,,,Insufficient data,,only 2 finished-gameweek snapshot(s) recorded; need at least 3.
2026-09-08,3,117,Coppola,BHA,DEF,,0,,,,,,,,,Insufficient data,,only 2 finished-gameweek snapshot(s) recorded; need at least 3.
2026-09-08,3,118,Igor,BHA,DEF,0.0,0,,,,,,,,,Insufficient data,,only 2 finished-gameweek snapshot(s) recorded; need at least 3.
2026-09-08,3,119,Costinha,BHA,DEF,,0,,,,,,,,,Insufficient data,,only 2 finished-gameweek snapshot(s) recorded; need at least 3.
2026-09-08,3,120,Svoboda,BHA,DEF,,0,,,,,,,,,Insufficient data,,only 2 finished-gameweek snapshot(s) recorded; need at least 3.
2026-09-08,3,121,Mitoma,BHA,MID,0.0,0,,,,,,,,,Insufficient data,,only 2 finished-gameweek snapshot(s) recorded; need at least 3.
2026-09-08,3,122,Minteh,BHA,MID,0.0,0,,,,,,,,,Insufficient data,,only 2 finished-gameweek snapshot(s) recorded; need at least 3.
2026-09-08,3,123,Hinshelwood,BHA,MID,50.0,0,,,,,,,,,Insufficient data,,only 2 finished-gameweek snapshot(s) recorded; need at least 3.
2026-09-08,3,124,Groß,BHA,MID,,0,,,,,,,,,Insufficient data,,only 2 finished-gameweek snapshot(s) recorded; need at least 3.
2026-09-08,3,125,Georginio,BHA,FWD,75.0,0,,,,,,,,,Insufficient data,,only 2 finished-gameweek snapshot(s) recorded; need at least 3.
2026-09-08,3,126,O'Riley,BHA,MID,,0,,,,,,,,,Insufficient data,,only 2 finished-gameweek snapshot(s) recorded; need at least 3.
2026-09-08,3,127,Gomez,BHA,MID,,0,,,,,,,,,Insufficient data,,only 2 finished-gameweek snapshot(s) recorded; need at least 3.
2026-09-08,3,128,Buonanotte,BHA,MID,0.0,0,,,,,,,,,Insufficient data,,only 2 finished-gameweek snapshot(s) recorded; need at least 3.
2026-09-08,3,129,Ayari,BHA,MID,100.0,0,,,,,,,,,Insufficient data,,only 2 finished-gameweek snapshot(s) recorded; need at least 3.
2026-09-08,3,130,Wieffer,BHA,DEF,0.0,0,,,,,,,,,Insufficient data,,only 2 finished-gameweek snapshot(s) recorded; need at least 3.
2026-09-08,3,131,Baleba,MUN,MID,0.0,0,,,,,,,,,Insufficient data,,only 2 finished-gameweek snapshot(s) recorded; need at least 3.
2026-09-08,3,132,Howell,BHA,MID,0.0,0,,,,,,,,,Insufficient data,,only 2 finished-gameweek snapshot(s) recorded; need at least 3.
2026-09-08,3,133,Watson,BHA,MID,0.0,0,,,,,,,,,Insufficient data,,only 2 finished-gameweek snapshot(s) recorded; need at least 3.
2026-09-08,3,134,Oriola,BHA,MID,,0,,,,,,,,,Insufficient data,,only 2 finished-gameweek snapshot(s) recorded; need at least 3.
2026-09-08,3,135,Yohanna,BHA,MID,,0,,,,,,,,,Insufficient data,,only 2 finished-gameweek snapshot(s) recorded; need at least 3.
2026-09-08,3,136,Welbeck,CHE,FWD,100.0,0,,,,,,,,,Insufficient data,,only 2 finished-gameweek snapshot(s) recorded; need at least 3.
2026-09-08,3,137,Tzimas,BHA,FWD,0.0,0,,,,,,,,,Insufficient data,,only 2 finished-gameweek snapshot(s) recorded; need at least 3.
2026-09-08,3,138,Kostoulas,BHA,FWD,,0,,,,,,,,,Insufficient data,,only 2 finished-gameweek snapshot(s) recorded; need at least 3.
2026-09-08,3,139,Ferguson,BHA,FWD,0.0,0,,,,,,,,,Insufficient data,,only 2 finished-gameweek snapshot(s) recorded; need at least 3.
2026-09-08,3,140,Sánchez,CHE,GKP,0.0,0,,,,,,,,,Insufficient data,,only 2 finished-gameweek snapshot(s) recorded; need at least 3.
2026-09-08,3,141,Jörgensen,CHE,GKP,0.0,0,,,,,,,,,Insufficient data,,only 2 finished-gameweek snapshot(s) recorded; need at least 3.
2026-09-08,3,142,James,CHE,DEF,,0,,,,,,,,,Insufficient data,,only 2 finished-gameweek snapshot(s) recorded; need at least 3.
2026-09-08,3,143,Chalobah,CHE,DEF,0.0,0,,,,,,,,,Insufficient data,,only 2 finished-gameweek snapshot(s) recorded; need at least 3.
2026-09-08,3,144,Gusto,CHE,DEF,,0,,,,,,,,,Insufficient data,,only 2 finished-gameweek snapshot(s) recorded; need at least 3.
2026-09-08,3,145,Fofana,CHE,DEF,100.0,0,,,,,,,,,Insufficient data,,only 2 finished-gameweek snapshot(s) recorded; need at least 3.
2026-09-08,3,146,B.Badiashile,CHE,DEF,0.0,0,,,,,,,,,Insufficient data,,only 2 finished-gameweek snapshot(s) recorded; need at least 3.
2026-09-08,3,147,Tosin,TOT,DEF,,0,,,,,,,,,Insufficient data,,only 2 finished-gameweek snapshot(s) recorded; need at least 3.
2026-09-08,3,148,Hato,CHE,DEF,,0,,,,,,,,,Insufficient data,,only 2 finished-gameweek snapshot(s) recorded; need at least 3.
2026-09-08,3,149,Colwill,CHE,DEF,,0,,,,,,,,,Insufficient data,,only 2 finished-gameweek snapshot(s) recorded; need at least 3.
2026-09-08,3,150,M.Sarr,CHE,DEF,0.0,0,,,,,,,,,Insufficient data,,only 2 finished-gameweek snapshot(s) recorded; need at least 3.
2026-09-08,3,151,Acheampong,CHE,DEF,,0,,,,,,,,,Insufficient data,,only 2 finished-gameweek snapshot(s) recorded; need at least 3.
2026-09-08,3,152,Palestra,CHE,DEF,75.0,0,,,,,,,,,Insufficient data,,only 2 finished-gameweek snapshot(s) recorded; need at least 3.
2026-09-08,3,153,Disasi,CRY,DEF,,0,,,,,,,,,Insufficient data,,only 2 finished-gameweek snapshot(s) recorded; need at least 3.
2026-09-08,3,154,Palmer,CHE,MID,100.0,0,,,,,,,,,Insufficient data,,only 2 finished-gameweek snapshot(s) recorded; need at least 3.
2026-09-08,3,155,Enzo,MCI,MID,,0,,,,,,,,,Insufficient data,,only 2 finished-gameweek snapshot(s) recorded; need at least 3.
2026-09-08,3,156,Neto,CHE,MID,,0,,,,,,,,,Insufficient data,,only 2 finished-gameweek snapshot(s) recorded; need at least 3.
2026-09-08,3,157,Estêvão,CHE,MID,,0,,,,,,,,,Insufficient data,,only 2 finished-gameweek snapshot(s) recorded; need at least 3.
2026-09-08,3,158,Gittens,CHE,MID,,0,,,,,,,,,Insufficient data,,only 2 finished-gameweek snapshot(s) recorded; need at least 3.
2026-09-08,3,159,Caicedo,CHE,MID,75.0,0,,,,,,,,,Insufficient data,,only 2 finished-gameweek snapshot(s) recorded; need at least 3.
2026-09-08,3,160,Garnacho,AVL,MID,,0,,,,,,,,,Insufficient data,,only 2 finished-gameweek snapshot(s) recorded; need at least 3.
2026-09-08,3,161,Lavia,CHE,MID,,0,,,,,,,,,Insufficient data,,only 2 finished-gameweek snapshot(s) recorded; need at least 3.
2026-09-08,3,162,Andrey Santos,MUN,MID,,0,,,,,,,,,Insufficient data,,only 2 finished-gameweek snapshot(s) recorded; need at least 3.
2026-09-08,3,163,D.Essugo,CHE,MID,0.0,0,,,,,,,,,Insufficient data,,only 2 finished-gameweek snapshot(s) recorded; need at least 3.
2026-09-08,3,164,Quenda,CHE,MID,100.0,0,,,,,,,,,Insufficient data,,only 2 finished-gameweek snapshot(s) recorded; need at least 3.
2026-09-08,3,165,João Pedro,CHE,FWD,,0,,,,,,,,,Insufficient data,,only 2 finished-gameweek snapshot(s) recorded; need at least 3.
2026-09-08,3,166,N.Jackson,AVL,FWD,,0,,,,,,,,,Insufficient data,,only 2 finished-gameweek snapshot(s) recorded; need at least 3.
2026-09-08,3,167,Delap,NFO,FWD,,0,,,,,,,,,Insufficient data,,only 2 finished-gameweek snapshot(s) recorded; need at least 3.
2026-09-08,3,168,Marc Guiu,CHE,FWD,0.0,0,,,,,,,,,Insufficient data,,only 2 finished-gameweek snapshot(s) recorded; need at least 3.
2026-09-08,3,169,Mheuka,CHE,FWD,,0,,,,,,,,,Insufficient data,,only 2 finished-gameweek snapshot(s) recorded; need at least 3.
2026-09-08,3,170,Emegha,CHE,FWD,100.0,0,,,,,,,,,Insufficient data,,only 2 finished-gameweek snapshot(s) recorded; need at least 3.
2026-09-08,3,171,Dovin,COV,GKP,0.0,0,,,,,,,,,Insufficient data,,only 2 finished-gameweek snapshot(s) recorded; need at least 3.
2026-09-08,3,172,Wilson,COV,GKP,,0,,,,,,,,,Insufficient data,,only 2 finished-gameweek snapshot(s) recorded; need at least 3.
2026-09-08,3,173,Thomas,COV,DEF,,0,,,,,,,,,Insufficient data,,only 2 finished-gameweek snapshot(s) recorded; need at least 3.
2026-09-08,3,174,Kitching,COV,DEF,0.0,0,,,,,,,,,Insufficient data,,only 2 finished-gameweek snapshot(s) recorded; need at least 3.
2026-09-08,3,175,van Ewijk,COV,DEF,,0,,,,,,,,,Insufficient data,,only 2 finished-gameweek snapshot(s) recorded; need at least 3.
2026-09-08,3,176,Dasilva,COV,DEF,,0,,,,,,,,,Insufficient data,,only 2 finished-gameweek snapshot(s) recorded; need at least 3.
2026-09-08,3,177,Kesler-Hayden,COV,DEF,0.0,0,,,,,,,,,Insufficient data,,only 2 finished-gameweek snapshot(s) recorded; need at least 3.
2026-09-08,3,178,Bidwell,COV,DEF,,0,,,,,,,,,Insufficient data,,only 2 finished-gameweek snapshot(s) recorded; need at least 3.
2026-09-08,3,179,Latibeaudiere,COV,DEF,,0,,,,,,,,,Insufficient data,,only 2 finished-gameweek snapshot(s) recorded; need at least 3.
2026-09-08,3,180,Woolfenden,COV,DEF,0.0,0,,,,,,,,,Insufficient data,,only 2 finished-gameweek snapshot(s) recorded; need at least 3.
2026-09-08,3,181,Brau,COV,DEF,0.0,0,,,,,,,,,Insufficient data,,only 2 finished-gameweek snapshot(s) recorded; need at least 3.
2026-09-08,3,182,Amenda,COV,DEF,,0,,,,,,,,,Insufficient data,,only 2 finished-gameweek snapshot(s) recorded; need at least 3.
2026-09-08,3,183,Rudoni,COV,MID,100.0,0,,,,,,,,,Insufficient data,,only 2 finished-gameweek snapshot(s) recorded; need at least 3.
2026-09-08,3,184,Grimes,COV,MID,,0,,,,,,,,,Insufficient data,,only 2 finished-gameweek snapshot(s) recorded; need at least 3.
2026-09-08,3,185,Sakamoto,COV,MID,,0,,,,,,,,,Insufficient data,,only 2 finished-gameweek snapshot(s) recorded; need at least 3.
2026-09-08,3,186,Mason-Clark,COV,MID,100.0,0,,,,,,,,,Insufficient data,,only 2 finished-gameweek snapshot(s) recorded; need at least 3.
2026-09-08,3,187,Eccles,COV,MID,,0,,,,,,,,,Insufficient data,,only 2 finished-gameweek snapshot(s) recorded; need at least 3.
2026-09-08,3,188,Torp,COV,MID,,0,,,,,,,,,Insufficient data,,only 2 finished-gameweek snapshot(s) recorded; need at least 3.
2026-09-08,3,189,Shepherd,COV,MID,,0,,,,,,,,,Insufficient data,,only 2 finished-gameweek snapshot(s) recorded; need at least 3.
2026-09-08,3,190,Tchaouna,COV,MID,,0,,,,,,,,,Insufficient data,,only 2 finished-gameweek snapshot(s) recorded; need at least 3.
2026-09-08,3,191,Borges Rodrigues,COV,MID,0.0,0,,,,,,,,,Insufficient data,,only 2 finished-gameweek snapshot(s) recorded; need at least 3.
2026-09-08,3,192,Andrews,COV,MID,0.0,0,,,,,,,,,Insufficient data,,only 2 finished-gameweek snapshot(s) recorded; need at least 3.
2026-09-08,3,193,Wright,COV,FWD,0.0,0,,,,,,,,,Insufficient data,,only 2 finished-gameweek snapshot(s) recorded; need at least 3.
2026-09-08,3,194,Thomas-Asante,COV,FWD,,0,,,,,,,,,Insufficient data,,only 2 finished-gameweek snapshot(s) recorded; need at least 3.
2026-09-08,3,195,Simms,COV,FWD,,0,,,,,,,,,Insufficient data,,only 2 finished-gameweek snapshot(s) recorded; need at least 3.
2026-09-08,3,196,Markelo,COV,FWD,0.0,0,,,,,,,,,Insufficient data,,only 2 finished-gameweek snapshot(s) recorded; need at least 3.
2026-09-08,3,197,Bassette,COV,FWD,0.0,0,,,,,,,,,Insufficient data,,only 2 finished-gameweek snapshot(s) recorded; need at least 3.
2026-09-08,3,198,Henderson,CRY,GKP,100.0,0,,,,,,,,,Insufficient data,,only 2 finished-gameweek snapshot(s) recorded; need at least 3.
2026-09-08,3,199,Benitez,CRY,GKP,,0,,,,,,,,,Insufficient data,,only 2 finished-gameweek snapshot(s) recorded; need at least 3.
2026-09-08,3,200,Lacroix,CHE,DEF,,0,,,,,,,,,Insufficient data,,only 2 finished-gameweek snapshot(s) recorded; need at least 3.
2026-09-08,3,201,Muñoz,NFO,DEF,,0,,,,,,,,,Insufficient data,,only 2 finished-gameweek snapshot(s) recorded; need at least 3.
2026-09-08,3,202,Richards,CRY,DEF,,0,,,,,,,,,Insufficient data,,only 2 finished-gameweek snapshot(s) recorded; need at least 3.
2026-09-08,3,203,Canvot,CRY,DEF,,0,,,,,,,,,Insufficient data,,only 2 finished-gameweek snapshot(s) recorded; need at least 3.
2026-09-08,3,204,Mitchell,CRY,DEF,,0,,,,,,,,,Insufficient data,,only 2 finished-gameweek snapshot(s) recorded; need at least 3.
2026-09-08,3,205,Sosa,CRY,DEF,0.0,0,,,,,,,,,Insufficient data,,only 2 finished-gameweek snapshot(s) recorded; need at least 3.
2026-09-08,3,206,Chadi Riad,CRY,DEF,0.0,0,,,,,,,,,Insufficient data,,only 2 finished-gameweek snapshot(s) recorded; need at least 3.
2026-09-08,3,207,Mingueza,CRY,DEF,,0,,,,,,,,,Insufficient data,,only 2 finished-gameweek snapshot(s) recorded; need at least 3.
2026-09-08,3,208,Sarr,CRY,MID,0.0,0,,,,,,,,,Insufficient data,,only 2 finished-gameweek snapshot(s) recorded; need at least 3.
2026-09-08,3,209,Johnson,EVE,MID,,0,,,,,,,,,Insufficient data,,only 2 finished-gameweek snapshot(s) recorded; need at least 3.
2026-09-08,3,210,Wharton,CRY,MID,100.0,0,,,,,,,,,Insufficient data,,only 2 finished-gameweek snapshot(s) recorded; need at least 3.
2026-09-08,3,211,Yeremy,CRY,MID,,0,,,,,,,,,Insufficient data,,only 2 finished-gameweek snapshot(s) recorded; need at least 3.
2026-09-08,3,212,Hughes,CRY,MID,,0,,,,,,,,,Insufficient data,,only 2 finished-gameweek snapshot(s) recorded; need at least 3.
2026-09-08,3,213,Lerma,CRY,MID,,0,,,,,,,,,Insufficient data,,only 2 finished-gameweek snapshot(s) recorded; need at least 3.
2026-09-08,3,214,Kamada,CRY,MID,,0,,,,,,,,,Insufficient data,,only 2 finished-gameweek snapshot(s) recorded; need at least 3.
2026-09-08,3,215,Devenny,CRY,MID,0.0,0,,,,,,,,,Insufficient data,,only 2 finished-gameweek snapshot(s) recorded; need at least 3.
2026-09-08,3,216,Esse,CRY,MID,0.0,0,,,,,,,,,Insufficient data,,only 2 finished-gameweek snapshot(s) recorded; need at least 3.
2026-09-08,3,217,M.França,CRY,MID,,0,,,,,,,,,Insufficient data,,only 2 finished-gameweek snapshot(s) recorded; need at least 3.
2026-09-08,3,218,Doucouré,CRY,MID,,0,,,,,,,,,Insufficient data,,only 2 finished-gameweek snapshot(s) recorded; need at least 3.
2026-09-08,3,219,J.Rak-Sakyi,CRY,MID,,0,,,,,,,,,Insufficient data,,only 2 finished-gameweek snapshot(s) recorded; need at least 3.
2026-09-08,3,220,Cardines,CRY,DEF,0.0,0,,,,,,,,,Insufficient data,,only 2 finished-gameweek snapshot(s) recorded; need at least 3.
2026-09-08,3,221,Drakes-Thomas,CRY,MID,,0,,,,,,,,,Insufficient data,,only 2 finished-gameweek snapshot(s) recorded; need at least 3.
2026-09-08,3,222,Strand Larsen,CRY,FWD,,0,,,,,,,,,Insufficient data,,only 2 finished-gameweek snapshot(s) recorded; need at least 3.
2026-09-08,3,223,Mateta,CRY,FWD,0.0,0,,,,,,,,,Insufficient data,,only 2 finished-gameweek snapshot(s) recorded; need at least 3.
2026-09-08,3,224,Nketiah,CRY,FWD,,0,,,,,,,,,Insufficient data,,only 2 finished-gameweek snapshot(s) recorded; need at least 3.
2026-09-08,3,225,Uche,CRY,FWD,0.0,0,,,,,,,,,Insufficient data,,only 2 finished-gameweek snapshot(s) recorded; need at least 3.
2026-09-08,3,226,Pickford,EVE,GKP,,0,,,,,,,,,Insufficient data,,only 2 finished-gameweek snapshot(s) recorded; need at least 3.
2026-09-08,3,227,Travers,EVE,GKP,,0,,,,,,,,,Insufficient data,,only 2 finished-gameweek snapshot(s) recorded; need at least 3.
2026-09-08,3,228,King,EVE,GKP,,0,,,,,,,,,Insufficient data,,only 2 finished-gameweek snapshot(s) recorded; need at least 3.
2026-09-08,3,229,Tarkowski,EVE,DEF,,0,,,,,,,,,Insufficient data,,only 2 finished-gameweek snapshot(s) recorded; need at least 3.
2026-09-08,3,230,Branthwaite,EVE,DEF,,0,,,,,,,,,Insufficient data,,only 2 finished-gameweek snapshot(s) recorded; need at least 3.
2026-09-08,3,231,Keane,EVE,DEF,,0,,,,,,,,,Insufficient data,,only 2 finished-gameweek snapshot(s) recorded; need at least 3.
2026-09-08,3,232,O'Brien,EVE,DEF,,0,,,,,,,,,Insufficient data,,only 2 finished-gameweek snapshot(s) recorded; need at least 3.
2026-09-08,3,233,Mykolenko,EVE,DEF,,0,,,,,,,,,Insufficient data,,only 2 finished-gameweek snapshot(s) recorded; need at least 3.
2026-09-08,3,234,Patterson,EVE,DEF,0.0,0,,,,,,,,,Insufficient data,,only 2 finished-gameweek snapshot(s) recorded; need at least 3.
2026-09-08,3,235,Aznou,EVE,DEF,0.0,0,,,,,,,,,Insufficient data,,only 2 finished-gameweek snapshot(s) recorded; need at least 3.
2026-09-08,3,236,Dewsbury-Hall,EVE,MID,,0,,,,,,,,,Insufficient data,,only 2 finished-gameweek snapshot(s) recorded; need at least 3.
2026-09-08,3,237,Ndiaye,MCI,MID,,0,,,,,,,,,Insufficient data,,only 2 finished-gameweek snapshot(s) recorded; need at least 3.
2026-09-08,3,238,Grealish,EVE,MID,100.0,0,,,,,,,,,Insufficient data,,only 2 finished-gameweek snapshot(s) recorded; need at least 3.
2026-09-08,3,239,Garner,EVE,MID,75.0,0,,,,,,,,,Insufficient data,,only 2 finished-gameweek snapshot(s) recorded; need at least 3.
2026-09-08,3,240,Iroegbunam,HUL,MID,100.0,0,,,,,,,,,Insufficient data,,only 2 finished-gameweek snapshot(s) recorded; need at least 3.
2026-09-08,3,241,McNeil,CRY,MID,,0,,,,,,,,,Insufficient data,,only 2 finished-gameweek snapshot(s) recorded; need at least 3.
2026-09-08,3,242,George,EVE,MID,,0,,,,,,,,,Insufficient data,,only 2 finished-gameweek snapshot(s) recorded; need at least 3.
2026-09-08,3,243,Alcaraz,EVE,MID,,0,,,,,,,,,Insufficient data,,only 2 finished-gameweek snapshot(s) recorded; need at least 3.
2026-09-08,3,244,Armstrong,EVE,MID,,0,,,,,,,,,Insufficient data,,only 2 finished-gameweek snapshot(s) recorded; need at least 3.
2026-09-08,3,245,Dibling,EVE,MID,,0,,,,,,,,,Insufficient data,,only 2 finished-gameweek snapshot(s) recorded; need at least 3.
2026-09-08,3,246,Röhl,EVE,MID,,0,,,,,,,,,Insufficient data,,only 2 finished-gameweek snapshot(s) recorded; need at least 3.
2026-09-08,3,247,Hackney,EVE,MID,100.0,0,,,,,,,,,Insufficient data,,only 2 finished-gameweek snapshot(s) recorded; need at least 3.
2026-09-08,3,248,Beto,EVE,FWD,0.0,0,,,,,,,,,Insufficient data,,only 2 finished-gameweek snapshot(s) recorded; need at least 3.
2026-09-08,3,249,Barry,EVE,FWD,,0,,,,,,,,,Insufficient data,,only 2 finished-gameweek snapshot(s) recorded; need at least 3.
2026-09-08,3,250,Leno,FUL,GKP,,0,,,,,,,,,Insufficient data,,only 2 finished-gameweek snapshot(s) recorded; need at least 3.
2026-09-08,3,251,Lecomte,FUL,GKP,,0,,,,,,,,,Insufficient data,,only 2 finished-gameweek snapshot(s) recorded; need at least 3.
2026-09-08,3,252,McNally,FUL,GKP,0.0,0,,,,,,,,,Insufficient data,,only 2 finished-gameweek snapshot(s) recorded; need at least 3.
2026-09-08,3,253,Andersen,FUL,DEF,100.0,0,,,,,,,,,Insufficient data,,only 2 finished-gameweek snapshot(s) recorded; need at least 3.
2026-09-08,3,254,Robinson,FUL,DEF,,0,,,,,,,,,Insufficient data,,only 2 finished-gameweek snapshot(s) recorded; need at least 3.
2026-09-08,3,255,J.Cuenca,FUL,DEF,,0,,,,,,,,,Insufficient data,,only 2 finished-gameweek snapshot(s) recorded; need at least 3.
2026-09-08,3,256,Tete,FUL,DEF,,0,,,,,,,,,Insufficient data,,only 2 finished-gameweek snapshot(s) recorded; need at least 3.
2026-09-08,3,257,Bassey,FUL,DEF,,0,,,,,,,,,Insufficient data,,only 2 finished-gameweek snapshot(s) recorded; need at least 3.
2026-09-08,3,258,Castagne,FUL,DEF,,0,,,,,,,,,Insufficient data,,only 2 finished-gameweek snapshot(s) recorded; need at least 3.
2026-09-08,3,259,Diop,IPS,DEF,,0,,,,,,,,,Insufficient data,,only 2 finished-gameweek snapshot(s) recorded; need at least 3.
2026-09-08,3,260,Wilson,LEE,MID,,0,,,,,,,,,Insufficient data,,only 2 finished-gameweek snapshot(s) recorded; need at least 3.
2026-09-08,3,261,Iwobi,FUL,MID,,0,,,,,,,,,Insufficient data,,only 2 finished-gameweek snapshot(s) recorded; need at least 3.
2026-09-08,3,262,Smith Rowe,FUL,MID,,0,,,,,,,,,Insufficient data,,only 2 finished-gameweek snapshot(s) recorded; need at least 3.
2026-09-08,3,263,Kevin,FUL,MID,,0,,,,,,,,,Insufficient data,,only 2 finished-gameweek snapshot(s) recorded; need at least 3.
2026-09-08,3,264,Bobb,FUL,MID,,0,,,,,,,,,Insufficient data,,only 2 finished-gameweek snapshot(s) recorded; need at least 3.
2026-09-08,3,265,Berge,FUL,MID,,0,,,,,,,,,Insufficient data,,only 2 finished-gameweek snapshot(s) recorded; need at least 3.
2026-09-08,3,266,Cairney,FUL,MID,0.0,0,,,,,,,,,Insufficient data,,only 2 finished-gameweek snapshot(s) recorded; need at least 3.
2026-09-08,3,267,Lukić,IPS,MID,,0,,,,,,,,,Insufficient data,,only 2 finished-gameweek snapshot(s) recorded; need at least 3.
2026-09-08,3,268,King,FUL,MID,,0,,,,,,,,,Insufficient data,,only 2 finished-gameweek snapshot(s) recorded; need at least 3.
2026-09-08,3,269,Sessegnon,FUL,DEF,,0,,,,,,,,,Insufficient data,,only 2 finished-gameweek snapshot(s) recorded; need at least 3.
2026-09-08,3,270,Reed,FUL,MID,,0,,,,,,,,,Insufficient data,,only 2 finished-gameweek snapshot(s) recorded; need at least 3.
2026-09-08,3,271,Muniz,FUL,FWD,,0,,,,,,,,,Insufficient data,,only 2 finished-gameweek snapshot(s) recorded; need at least 3.
2026-09-08,3,272,Kusi-Asare,FUL,FWD,,0,,,,,,,,,Insufficient data,,only 2 finished-gameweek snapshot(s) recorded; need at least 3.
2026-09-08,3,273,Phillips,HUL,GKP,,0,,,,,,,,,Insufficient data,,only 2 finished-gameweek snapshot(s) recorded; need at least 3.
2026-09-08,3,274,Butland,HUL,GKP,0.0,0,,,,,,,,,Insufficient data,,only 2 finished-gameweek snapshot(s) recorded; need at least 3.
2026-09-08,3,275,Cartwright,HUL,GKP,0.0,0,,,,,,,,,Insufficient data,,only 2 finished-gameweek snapshot(s) recorded; need at least 3.
2026-09-08,3,276,Lo-Tutala,HUL,GKP,0.0,0,,,,,,,,,Insufficient data,,only 2 finished-gameweek snapshot(s) recorded; need at least 3.
2026-09-08,3,277,Egan,HUL,DEF,,0,,,,,,,,,Insufficient data,,only 2 finished-gameweek snapshot(s) recorded; need at least 3.
2026-09-08,3,278,Hughes,HUL,DEF,0.0,0,,,,,,,,,Insufficient data,,only 2 finished-gameweek snapshot(s) recorded; need at least 3.
2026-09-08,3,279,Ajayi,HUL,DEF,100.0,0,,,,,,,,,Insufficient data,,only 2 finished-gameweek snapshot(s) recorded; need at least 3.
2026-09-08,3,280,Coyle,HUL,DEF,100.0,0,,,,,,,,,Insufficient data,,only 2 finished-gameweek snapshot(s) recorded; need at least 3.
2026-09-08,3,281,Drameh,HUL,DEF,0.0,0,,,,,,,,,Insufficient data,,only 2 finished-gameweek snapshot(s) recorded; need at least 3.
2026-09-08,3,282,Giles,HUL,DEF,,0,,,,,,,,,Insufficient data,,only 2 finished-gameweek snapshot(s) recorded; need at least 3.
2026-09-08,3,283,Jacob,HUL,DEF,0.0,0,,,,,,,,,Insufficient data,,only 2 finished-gameweek snapshot(s) recorded; need at least 3.
2026-09-08,3,284,McCarthy,HUL,DEF,,0,,,,,,,,,Insufficient data,,only 2 finished-gameweek snapshot(s) recorded; need at least 3.
2026-09-08,3,285,McNair,HUL,DEF,,0,,,,,,,,,Insufficient data,,only 2 finished-gameweek snapshot(s) recorded; need at least 3.
2026-09-08,3,286,Belloumi,HUL,MID,,0,,,,,,,,,Insufficient data,,only 2 finished-gameweek snapshot(s) recorded; need at least 3.
2026-09-08,3,287,Millar,HUL,MID,0.0,0,,,,,,,,,Insufficient data,,only 2 finished-gameweek snapshot(s) recorded; need at least 3.
2026-09-08,3,288,Dowell,HUL,MID,,0,,,,,,,,,Insufficient data,,only 2 finished-gameweek snapshot(s) recorded; need at least 3.
2026-09-08,3,289,Crooks,HUL,MID,75.0,0,,,,,,,,,Insufficient data,,only 2 finished-gameweek snapshot(s) recorded; need at least 3.
2026-09-08,3,290,Slater,HUL,MID,,0,,,,,,,,,Insufficient data,,only 2 finished-gameweek snapshot(s) recorded; need at least 3.
2026-09-08,3,291,Matazo,HUL,MID,0.0,0,,,,,,,,,Insufficient data,,only 2 finished-gameweek snapshot(s) recorded; need at least 3.
2026-09-08,3,292,Ömür,HUL,MID,,0,,,,,,,,,Insufficient data,,only 2 finished-gameweek snapshot(s) recorded; need at least 3.
2026-09-08,3,293,Kamara,HUL,MID,0.0,0,,,,,,,,,Insufficient data,,only 2 finished-gameweek snapshot(s) recorded; need at least 3.
2026-09-08,3,294,Zambrano,HUL,MID,0.0,0,,,,,,,,,Insufficient data,,only 2 finished-gameweek snapshot(s) recorded; need at least 3.
2026-09-08,3,295,McBurnie,HUL,FWD,,0,,,,,,,,,Insufficient data,,only 2 finished-gameweek snapshot(s) recorded; need at least 3.
2026-09-08,3,296,Akintola,HUL,MID,,0,,,,,,,,,Insufficient data,,only 2 finished-gameweek snapshot(s) recorded; need at least 3.
2026-09-08,3,297,Gyabi,HUL,MID,0.0,0,,,,,,,,,Insufficient data,,only 2 finished-gameweek snapshot(s) recorded; need at least 3.
2026-09-08,3,298,Destan,HUL,FWD,0.0,0,,,,,,,,,Insufficient data,,only 2 finished-gameweek snapshot(s) recorded; need at least 3.
2026-09-08,3,299,Burstow,HUL,FWD,0.0,0,,,,,,,,,Insufficient data,,only 2 finished-gameweek snapshot(s) recorded; need at least 3.
2026-09-08,3,300,Walton,IPS,GKP,,0,,,,,,,,,Insufficient data,,only 2 finished-gameweek snapshot(s) recorded; need at least 3.
2026-09-08,3,301,Palmer,IPS,GKP,,0,,,,,,,,,Insufficient data,,only 2 finished-gameweek snapshot(s) recorded; need at least 3.
2026-09-08,3,302,Button,IPS,GKP,,0,,,,,,,,,Insufficient data,,only 2 finished-gameweek snapshot(s) recorded; need at least 3.
2026-09-08,3,303,Kipré,IPS,DEF,,0,,,,,,,,,Insufficient data,,only 2 finished-gameweek snapshot(s) recorded; need at least 3.
2026-09-08,3,304,O'Shea,IPS,DEF,,0,,,,,,,,,Insufficient data,,only 2 finished-gameweek snapshot(s) recorded; need at least 3.
2026-09-08,3,305,Davis,IPS,DEF,,0,,,,,,,,,Insufficient data,,only 2 finished-gameweek snapshot(s) recorded; need at least 3.
2026-09-08,3,306,Greaves,IPS,DEF,,0,,,,,,,,,Insufficient data,,only 2 finished-gameweek snapshot(s) recorded; need at least 3.
2026-09-08,3,307,Johnson,IPS,DEF,0.0,0,,,,,,,,,Insufficient data,,only 2 finished-gameweek snapshot(s) recorded; need at least 3.
2026-09-08,3,308,Furlong,IPS,DEF,,0,,,,,,,,,Insufficient data,,only 2 finished-gameweek snapshot(s) recorded; need at least 3.
2026-09-08,3,309,Núñez,IPS,MID,,0,,,,,,,,,Insufficient data,,only 2 finished-gameweek snapshot(s) recorded; need at least 3.
2026-09-08,3,310,Matusiwa,IPS,MID,0.0,0,,,,,,,,,Insufficient data,,only 2 finished-gameweek snapshot(s) recorded; need at least 3.
2026-09-08,3,311,Burns,IPS,MID,0.0,0,,,,,,,,,Insufficient data,,only 2 finished-gameweek snapshot(s) recorded; need at least 3.
2026-09-08,3,312,Taylor,IPS,MID,0.0,0,,,,,,,,,Insufficient data,,only 2 finished-gameweek snapshot(s) recorded; need at least 3.
2026-09-08,3,313,Clarke,IPS,MID,,0,,,,,,,,,Insufficient data,,only 2 finished-gameweek snapshot(s) recorded; need at least 3.
2026-09-08,3,314,Ogbene,IPS,MID,0.0,0,,,,,,,,,Insufficient data,,only 2 finished-gameweek snapshot(s) recorded; need at least 3.
2026-09-08,3,315,Fatawu,IPS,MID,,0,,,,,,,,,Insufficient data,,only 2 finished-gameweek snapshot(s) recorded; need at least 3.
2026-09-08,3,316,Emersonn,IPS,FWD,100.0,0,,,,,,,,,Insufficient data,,only 2 finished-gameweek snapshot(s) recorded; need at least 3.
2026-09-08,3,317,Hirst,IPS,FWD,0.0,0,,,,,,,,,Insufficient data,,only 2 finished-gameweek snapshot(s) recorded; need at least 3.
2026-09-08,3,318,Philogene,IPS,MID,0.0,0,,,,,,,,,Insufficient data,,only 2 finished-gameweek snapshot(s) recorded; need at least 3.
2026-09-08,3,319,Szmodics,IPS,MID,0.0,0,,,,,,,,,Insufficient data,,only 2 finished-gameweek snapshot(s) recorded; need at least 3.
2026-09-08,3,320,Akpom,IPS,FWD,,0,,,,,,,,,Insufficient data,,only 2 finished-gameweek snapshot(s) recorded; need at least 3.
2026-09-08,3,321,Walle Egeli,IPS,FWD,,0,,,,,,,,,Insufficient data,,only 2 finished-gameweek snapshot(s) recorded; need at least 3.
2026-09-08,3,322,Al-Hamadi,IPS,FWD,0.0,0,,,,,,,,,Insufficient data,,only 2 finished-gameweek snapshot(s) recorded; need at least 3.
2026-09-08,3,323,McAteer,IPS,MID,,0,,,,,,,,,Insufficient data,,only 2 finished-gameweek snapshot(s) recorded; need at least 3.
2026-09-08,3,324,Mehmeti,IPS,MID,,0,,,,,,,,,Insufficient data,,only 2 finished-gameweek snapshot(s) recorded; need at least 3.
2026-09-08,3,325,Darlow,MUN,GKP,100.0,0,,,,,,,,,Insufficient data,,only 2 finished-gameweek snapshot(s) recorded; need at least 3.
2026-09-08,3,326,Perri,LEE,GKP,0.0,0,,,,,,,,,Insufficient data,,only 2 finished-gameweek snapshot(s) recorded; need at least 3.
2026-09-08,3,327,Bijol,LEE,DEF,,0,,,,,,,,,Insufficient data,,only 2 finished-gameweek snapshot(s) recorded; need at least 3.
2026-09-08,3,328,Struijk,BHA,DEF,100.0,0,,,,,,,,,Insufficient data,,only 2 finished-gameweek snapshot(s) recorded; need at least 3.
2026-09-08,3,329,Rodon,LEE,DEF,0.0,0,,,,,,,,,Insufficient data,,only 2 finished-gameweek snapshot(s) recorded; need at least 3.
2026-09-08,3,330,Bogle,LEE,DEF,,0,,,,,,,,,Insufficient data,,only 2 finished-gameweek snapshot(s) recorded; need at least 3.
2026-09-08,3,331,Gudmundsson,LEE,DEF,100.0,0,,,,,,,,,Insufficient data,,only 2 finished-gameweek snapshot(s) recorded; need at least 3.
2026-09-08,3,332,Justin,LEE,DEF,,0,,,,,,,,,Insufficient data,,only 2 finished-gameweek snapshot(s) recorded; need at least 3.
2026-09-08,3,333,Bornauw,LEE,DEF,0.0,0,,,,,,,,,Insufficient data,,only 2 finished-gameweek snapshot(s) recorded; need at least 3.
2026-09-08,3,334,Muharemović,LEE,DEF,,0,,,,,,,,,Insufficient data,,only 2 finished-gameweek snapshot(s) recorded; need at least 3.
2026-09-08,3,335,Stach,LEE,MID,,0,,,,,,,,,Insufficient data,,only 2 finished-gameweek snapshot(s) recorded; need at least 3.
2026-09-08,3,336,Okafor,LEE,MID,,0,,,,,,,,,Insufficient data,,only 2 finished-gameweek snapshot(s) recorded; need at least 3.
2026-09-08,3,337,Aaronson,LEE,MID,,0,,,,,,,,,Insufficient data,,only 2 finished-gameweek snapshot(s) recorded; need at least 3.
2026-09-08,3,338,Ampadu,LEE,MID,,0,,,,,,,,,Insufficient data,,only 2 finished-gameweek snapshot(s) recorded; need at least 3.
2026-09-08,3,339,Longstaff,LEE,MID,,0,,,,,,,,,Insufficient data,,only 2 finished-gameweek snapshot(s) recorded; need at least 3.
2026-09-08,3,340,Gelhardt,HUL,MID,100.0,0,,,,,,,,,Insufficient data,,only 2 finished-gameweek snapshot(s) recorded; need at least 3.
2026-09-08,3,341,Gnonto,LEE,MID,0.0,0,,,,,,,,,Insufficient data,,only 2 finished-gameweek snapshot(s) recorded; need at least 3.
2026-09-08,3,342,Harrison,LEE,MID,0.0,0,,,,,,,,,Insufficient data,,only 2 finished-gameweek snapshot(s) recorded; need at least 3.
2026-09-08,3,343,James,LEE,MID,,0,,,,,,,,,Insufficient data,,only 2 finished-gameweek snapshot(s) recorded; need at least 3.
2026-09-08,3,344,Gruev,LEE,MID,25.0,0,,,,,,,,,Insufficient data,,only 2 finished-gameweek snapshot(s) recorded; need at least 3.
2026-09-08,3,345,Tanaka,LEE,MID,,0,,,,,,,,,Insufficient data,,only 2 finished-gameweek snapshot(s) recorded; need at least 3.
2026-09-08,3,346,Calvert-Lewin,LEE,FWD,,0,,,,,,,,,Insufficient data,,only 2 finished-gameweek snapshot(s) recorded; need at least 3.
2026-09-08,3,347,Nmecha,LEE,FWD,,0,,,,,,,,,Insufficient data,,only 2 finished-gameweek snapshot(s) recorded; need at least 3.
2026-09-08,3,348,Piroe,LEE,FWD,0.0,0,,,,,,,,,Insufficient data,,only 2 finished-gameweek snapshot(s) recorded; need at least 3.
2026-09-08,3,349,Mateo Joseph,LEE,FWD,0.0,0,,,,,,,,,Insufficient data,,only 2 finished-gameweek snapshot(s) recorded; need at least 3.
2026-09-08,3,350,A.Becker,LIV,GKP,,0,,,,,,,,,Insufficient data,,only 2 finished-gameweek snapshot(s) recorded; need at least 3.
2026-09-08,3,351,Mamardashvili,LIV,GKP,,0,,,,,,,,,Insufficient data,,only 2 finished-gameweek snapshot(s) recorded; need at least 3.
2026-09-08,3,352,Woodman,LIV,GKP,,0,,,,,,,,,Insufficient data,,only 2 finished-gameweek snapshot(s) recorded; need at least 3.
2026-09-08,3,353,Pecsi,LIV,GKP,0.0,0,,,,,,,,,Insufficient data,,only 2 finished-gameweek snapshot(s) recorded; need at least 3.
2026-09-08,3,354,Jaros,LIV,GKP,0.0,0,,,,,,,,,Insufficient data,,only 2 finished-gameweek snapshot(s) recorded; need at least 3.
2026-09-08,3,355,Davies,LIV,GKP,,0,,,,,,,,,Insufficient data,,only 2 finished-gameweek snapshot(s) recorded; need at least 3.
2026-09-08,3,356,Virgil,LIV,DEF,,0,,,,,,,,,Insufficient data,,only 2 finished-gameweek snapshot(s) recorded; need at least 3.
2026-09-08,3,357,Frimpong,LIV,DEF,,0,,,,,,,,,Insufficient data,,only 2 finished-gameweek snapshot(s) recorded; need at least 3.
2026-09-08,3,358,Kerkez,LIV,DEF,,0,,,,,,,,,Insufficient data,,only 2 finished-gameweek snapshot(s) recorded; need at least 3.
2026-09-08,3,359,Gomez,LIV,DEF,0.0,0,,,,,,,,,Insufficient data,,only 2 finished-gameweek snapshot(s) recorded; need at least 3.
2026-09-08,3,360,Bradley,LIV,DEF,0.0,0,,,,,,,,,Insufficient data,,only 2 finished-gameweek snapshot(s) recorded; need at least 3.
2026-09-08,3,361,Lucky,LIV,DEF,,0,,,,,,,,,Insufficient data,,only 2 finished-gameweek snapshot(s) recorded; need at least 3.
2026-09-08,3,362,Jacquet,LIV,DEF,100.0,0,,,,,,,,,Insufficient data,,only 2 finished-gameweek snapshot(s) recorded; need at least 3.
2026-09-08,3,363,Leoni,LIV,DEF,0.0,0,,,,,,,,,Insufficient data,,only 2 finished-gameweek snapshot(s) recorded; need at least 3.
2026-09-08,3,364,Tsimikas,LIV,DEF,,0,,,,,,,,,Insufficient data,,only 2 finished-gameweek snapshot(s) recorded; need at least 3.
2026-09-08,3,365,Ramsay,LIV,DEF,0.0,0,,,,,,,,,Insufficient data,,only 2 finished-gameweek snapshot(s) recorded; need at least 3.
2026-09-08,3,366,Wirtz,LIV,MID,,0,,,,,,,,,Insufficient data,,only 2 finished-gameweek snapshot(s) recorded; need at least 3.
2026-09-08,3,367,Gakpo,LIV,MID,,0,,,,,,,,,Insufficient data,,only 2 finished-gameweek snapshot(s) recorded; need at least 3.
2026-09-08,3,368,Szoboszlai,LIV,MID,,0,,,,,,,,,Insufficient data,,only 2 finished-gameweek snapshot(s) recorded; need at least 3.
2026-09-08,3,369,Ngumoha,LIV,MID,,0,,,,,,,,,Insufficient data,,only 2 finished-gameweek snapshot(s) recorded; need at least 3.
2026-09-08,3,370,Chiesa,LIV,MID,0.0,0,,,,,,,,,Insufficient data,,only 2 finished-gameweek snapshot(s) recorded; need at least 3.
2026-09-08,3,371,Gravenberch,LIV,MID,,0,,,,,,,,,Insufficient data,,only 2 finished-gameweek snapshot(s) recorded; need at least 3.
2026-09-08,3,372,Mac Allister,LIV,MID,,0,,,,,,,,,Insufficient data,,only 2 finished-gameweek snapshot(s) recorded; need at least 3.
2026-09-08,3,373,C.Jones,LIV,MID,0.0,0,,,,,,,,,Insufficient data,,only 2 finished-gameweek snapshot(s) recorded; need at least 3.
2026-09-08,3,374,Endo,LIV,MID,100.0,0,,,,,,,,,Insufficient data,,only 2 finished-gameweek snapshot(s) recorded; need at least 3.
2026-09-08,3,375,Nyoni,LIV,MID,,0,,,,,,,,,Insufficient data,,only 2 finished-gameweek snapshot(s) recorded; need at least 3.
2026-09-08,3,376,Bajcetic,LIV,MID,0.0,0,,,,,,,,,Insufficient data,,only 2 finished-gameweek snapshot(s) recorded; need at least 3.
2026-09-08,3,377,Munoz,LIV,MID,,0,,,,,,,,,Insufficient data,,only 2 finished-gameweek snapshot(s) recorded; need at least 3.
2026-09-08,3,378,McConnell,LIV,MID,,0,,,,,,,,,Insufficient data,,only 2 finished-gameweek snapshot(s) recorded; need at least 3.
2026-09-08,3,379,Isak,LIV,FWD,,0,,,,,,,,,Insufficient data,,only 2 finished-gameweek snapshot(s) recorded; need at least 3.
2026-09-08,3,380,Ekitiké,LIV,FWD,0.0,0,,,,,,,,,Insufficient data,,only 2 finished-gameweek snapshot(s) recorded; need at least 3.
2026-09-08,3,381,Koumas,LIV,MID,,0,,,,,,,,,Insufficient data,,only 2 finished-gameweek snapshot(s) recorded; need at least 3.
2026-09-08,3,382,Danns,LIV,FWD,100.0,0,,,,,,,,,Insufficient data,,only 2 finished-gameweek snapshot(s) recorded; need at least 3.
2026-09-08,3,383,Elliott,LIV,MID,0.0,0,,,,,,,,,Insufficient data,,only 2 finished-gameweek snapshot(s) recorded; need at least 3.
2026-09-08,3,384,Donnarumma,MCI,GKP,,0,,,,,,,,,Insufficient data,,only 2 finished-gameweek snapshot(s) recorded; need at least 3.
2026-09-08,3,385,Trafford,LEE,GKP,,0,,,,,,,,,Insufficient data,,only 2 finished-gameweek snapshot(s) recorded; need at least 3.
2026-09-08,3,386,Bettinelli,MCI,GKP,,0,,,,,,,,,Insufficient data,,only 2 finished-gameweek snapshot(s) recorded; need at least 3.
2026-09-08,3,387,O'Reilly,MCI,DEF,75.0,0,,,,,,,,,Insufficient data,,only 2 finished-gameweek snapshot(s) recorded; need at least 3.
2026-09-08,3,388,Guéhi,MCI,DEF,,0,,,,,,,,,Insufficient data,,only 2 finished-gameweek snapshot(s) recorded; need at least 3.
2026-09-08,3,389,Matheus N.,MCI,DEF,100.0,0,,,,,,,,,Insufficient data,,only 2 finished-gameweek snapshot(s) recorded; need at least 3.
2026-09-08,3,390,Rúben,MCI,DEF,,0,,,,,,,,,Insufficient data,,only 2 finished-gameweek snapshot(s) recorded; need at least 3.
2026-09-08,3,391,Gvardiol,MCI,DEF,,0,,,,,,,,,Insufficient data,,only 2 finished-gameweek snapshot(s) recorded; need at least 3.
2026-09-08,3,392,Aït-Nouri,MCI,DEF,,0,,,,,,,,,Insufficient data,,only 2 finished-gameweek snapshot(s) recorded; need at least 3.
2026-09-08,3,393,Khusanov,MCI,DEF,,0,,,,,,,,,Insufficient data,,only 2 finished-gameweek snapshot(s) recorded; need at least 3.
2026-09-08,3,394,Alleyne,MCI,DEF,0.0,0,,,,,,,,,Insufficient data,,only 2 finished-gameweek snapshot(s) recorded; need at least 3.
2026-09-08,3,395,Lewis,MCI,DEF,,0,,,,,,,,,Insufficient data,,only 2 finished-gameweek snapshot(s) recorded; need at least 3.
2026-09-08,3,396,Vitor Reis,MCI,DEF,,0,,,,,,,,,Insufficient data,,only 2 finished-gameweek snapshot(s) recorded; need at least 3.
2026-09-08,3,397,Semenyo,MCI,MID,,0,,,,,,,,,Insufficient data,,only 2 finished-gameweek snapshot(s) recorded; need at least 3.
2026-09-08,3,398,Foden,MCI,MID,,0,,,,,,,,,Insufficient data,,only 2 finished-gameweek snapshot(s) recorded; need at least 3.
2026-09-08,3,399,Cherki,MCI,MID,,0,,,,,,,,,Insufficient data,,only 2 finished-gameweek snapshot(s) recorded; need at least 3.
2026-09-08,3,400,Doku,MCI,MID,0.0,0,,,,,,,,,Insufficient data,,only 2 finished-gameweek snapshot(s) recorded; need at least 3.
2026-09-08,3,401,Marmoush,TOT,FWD,,0,,,,,,,,,Insufficient data,,only 2 finished-gameweek snapshot(s) recorded; need at least 3.
2026-09-08,3,402,Rodrigo,MCI,MID,0.0,0,,,,,,,,,Insufficient data,,only 2 finished-gameweek snapshot(s) recorded; need at least 3.
2026-09-08,3,403,Sávio,TOT,MID,100.0,0,,,,,,,,,Insufficient data,,only 2 finished-gameweek snapshot(s) recorded; need at least 3.
2026-09-08,3,404,Reijnders,MCI,MID,0.0,0,,,,,,,,,Insufficient data,,only 2 finished-gameweek snapshot(s) recorded; need at least 3.
2026-09-08,3,405,N.Gonzalez,NEW,MID,,0,,,,,,,,,Insufficient data,,only 2 finished-gameweek snapshot(s) recorded; need at least 3.
2026-09-08,3,406,Kovačić,MCI,MID,,0,,,,,,,,,Insufficient data,,only 2 finished-gameweek snapshot(s) recorded; need at least 3.
2026-09-08,3,407,Echeverri,MCI,MID,0.0,0,,,,,,,,,Insufficient data,,only 2 finished-gameweek snapshot(s) recorded; need at least 3.
2026-09-08,3,408,Phillips,MCI,MID,0.0,0,,,,,,,,,Insufficient data,,only 2 finished-gameweek snapshot(s) recorded; need at least 3.
2026-09-08,3,409,Mukasa,MCI,MID,0.0,0,,,,,,,,,Insufficient data,,only 2 finished-gameweek snapshot(s) recorded; need at least 3.
2026-09-08,3,410,Monga,MCI,MID,0.0,0,,,,,,,,,Insufficient data,,only 2 finished-gameweek snapshot(s) recorded; need at least 3.
2026-09-08,3,411,Haaland,MCI,FWD,,0,,,,,,,,,Insufficient data,,only 2 finished-gameweek snapshot(s) recorded; need at least 3.
2026-09-08,3,412,Lammens,MUN,GKP,,0,,,,,,,,,Insufficient data,,only 2 finished-gameweek snapshot(s) recorded; need at least 3.
2026-09-08,3,413,Bayindir,MUN,GKP,0.0,0,,,,,,,,,Insufficient data,,only 2 finished-gameweek snapshot(s) recorded; need at least 3.
2026-09-08,3,414,Heaton,MUN,GKP,0.0,0,,,,,,,,,Insufficient data,,only 2 finished-gameweek snapshot(s) recorded; need at least 3.
2026-09-08,3,415,Dorgu,MUN,MID,,0,,,,,,,,,Insufficient data,,only 2 finished-gameweek snapshot(s) recorded; need at least 3.
2026-09-08,3,416,De Ligt,MUN,DEF,0.0,0,,,,,,,,,Insufficient data,,only 2 finished-gameweek snapshot(s) recorded; need at least 3.
2026-09-08,3,417,Dalot,MUN,DEF,,0,,,,,,,,,Insufficient data,,only 2 finished-gameweek snapshot(s) recorded; need at least 3.
2026-09-08,3,418,Maguire,MUN,DEF,,0,,,,,,,,,Insufficient data,,only 2 finished-gameweek snapshot(s) recorded; need at least 3.
2026-09-08,3,419,Martinez,MUN,DEF,100.0,0,,,,,,,,,Insufficient data,,only 2 finished-gameweek snapshot(s) recorded; need at least 3.
2026-09-08,3,420,Yoro,MUN,DEF,,0,,,,,,,,,Insufficient data,,only 2 finished-gameweek snapshot(s) recorded; need at least 3.
2026-09-08,3,421,Heaven,MUN,DEF,,0,,,,,,,,,Insufficient data,,only 2 finished-gameweek snapshot(s) recorded; need at least 3.
2026-09-08,3,422,Mazraoui,MUN,DEF,,0,,,,,,,,,Insufficient data,,only 2 finished-gameweek snapshot(s) recorded; need at least 3.
2026-09-08,3,423,Shaw,MUN,DEF,,0,,,,,,,,,Insufficient data,,only 2 finished-gameweek snapshot(s) recorded; need at least 3.
2026-09-08,3,424,Amass,MUN,DEF,,0,,,,,,,,,Insufficient data,,only 2 finished-gameweek snapshot(s) recorded; need at least 3.
2026-09-08,3,425,Fredricson,MUN,DEF,0.0,0,,,,,,,,,Insufficient data,,only 2 finished-gameweek snapshot(s) recorded; need at least 3.
2026-09-08,3,426,B.Fernandes,MUN,MID,,0,,,,,,,,,Insufficient data,,only 2 finished-gameweek snapshot(s) recorded; need at least 3.
2026-09-08,3,427,Mbeumo,MUN,MID,,0,,,,,,,,,Insufficient data,,only 2 finished-gameweek snapshot(s) recorded; need at least 3.
2026-09-08,3,428,Cunha,MUN,MID,,0,,,,,,,,,Insufficient data,,only 2 finished-gameweek snapshot(s) recorded; need at least 3.
2026-09-08,3,429,Rashford,MUN,MID,,0,,,,,,,,,Insufficient data,,only 2 finished-gameweek snapshot(s) recorded; need at least 3.
2026-09-08,3,430,Mount,MUN,MID,100.0,0,,,,,,,,,Insufficient data,,only 2 finished-gameweek snapshot(s) recorded; need at least 3.
2026-09-08,3,431,Amad,MUN,MID,0.0,0,,,,,,,,,Insufficient data,,only 2 finished-gameweek snapshot(s) recorded; need at least 3.
2026-09-08,3,432,Mainoo,MUN,MID,,0,,,,,,,,,Insufficient data,,only 2 finished-gameweek snapshot(s) recorded; need at least 3.
2026-09-08,3,433,Ugarte,MUN,MID,0.0,0,,,,,,,,,Insufficient data,,only 2 finished-gameweek snapshot(s) recorded; need at least 3.
2026-09-08,3,434,J.Fletcher,MUN,MID,,0,,,,,,,,,Insufficient data,,only 2 finished-gameweek snapshot(s) recorded; need at least 3.
2026-09-08,3,435,Lacey,MUN,MID,,0,,,,,,,,,Insufficient data,,only 2 finished-gameweek snapshot(s) recorded; need at least 3.
2026-09-08,3,436,Collyer,MUN,MID,0.0,0,,,,,,,,,Insufficient data,,only 2 finished-gameweek snapshot(s) recorded; need at least 3.
2026-09-08,3,437,Bendito Mantato,MUN,MID,,0,,,,,,,,,Insufficient data,,only 2 finished-gameweek snapshot(s) recorded; need at least 3.
2026-09-08,3,438,Fletcher,MUN,MID,,0,,,,,,,,,Insufficient data,,only 2 finished-gameweek snapshot(s) recorded; need at least 3.
2026-09-08,3,439,Šeško,MUN,FWD,100.0,0,,,,,,,,,Insufficient data,,only 2 finished-gameweek snapshot(s) recorded; need at least 3.
2026-09-08,3,440,Zirkzee,MUN,FWD,,0,,,,,,,,,Insufficient data,,only 2 finished-gameweek snapshot(s) recorded; need at least 3.
2026-09-08,3,441,Obi,MUN,FWD,,0,,,,,,,,,Insufficient data,,only 2 finished-gameweek snapshot(s) recorded; need at least 3.
2026-09-08,3,442,Pope,NEW,GKP,,0,,,,,,,,,Insufficient data,,only 2 finished-gameweek snapshot(s) recorded; need at least 3.
2026-09-08,3,443,Gillespie,NEW,GKP,,0,,,,,,,,,Insufficient data,,only 2 finished-gameweek snapshot(s) recorded; need at least 3.
2026-09-08,3,444,Jaouen,NEW,GKP,,0,,,,,,,,,Insufficient data,,only 2 finished-gameweek snapshot(s) recorded; need at least 3.
2026-09-08,3,445,Thiaw,NEW,DEF,,0,,,,,,,,,Insufficient data,,only 2 finished-gameweek snapshot(s) recorded; need at least 3.
2026-09-08,3,446,Schär,NEW,DEF,100.0,0,,,,,,,,,Insufficient data,,only 2 finished-gameweek snapshot(s) recorded; need at least 3.
2026-09-08,3,447,Botman,NEW,DEF,,0,,,,,,,,,Insufficient data,,only 2 finished-gameweek snapshot(s) recorded; need at least 3.
2026-09-08,3,448,Burn,NEW,DEF,0.0,0,,,,,,,,,Insufficient data,,only 2 finished-gameweek snapshot(s) recorded; need at least 3.
2026-09-08,3,449,Hall,NEW,DEF,,0,,,,,,,,,Insufficient data,,only 2 finished-gameweek snapshot(s) recorded; need at least 3.
2026-09-08,3,450,Livramento,NEW,DEF,100.0,0,,,,,,,,,Insufficient data,,only 2 finished-gameweek snapshot(s) recorded; need at least 3.
2026-09-08,3,451,A.Murphy,NEW,DEF,0.0,0,,,,,,,,,Insufficient data,,only 2 finished-gameweek snapshot(s) recorded; need at least 3.
2026-09-08,3,452,Bruno G.,ARS,MID,100.0,0,,,,,,,,,Insufficient data,,only 2 finished-gameweek snapshot(s) recorded; need at least 3.
2026-09-08,3,453,Barnes,NEW,MID,,0,,,,,,,,,Insufficient data,,only 2 finished-gameweek snapshot(s) recorded; need at least 3.
2026-09-08,3,454,Elanga,NEW,MID,,0,,,,,,,,,Insufficient data,,only 2 finished-gameweek snapshot(s) recorded; need at least 3.
2026-09-08,3,455,Tonali,TOT,MID,,0,,,,,,,,,Insufficient data,,only 2 finished-gameweek snapshot(s) recorded; need at least 3.
2026-09-08,3,456,J.Ramsey,NEW,MID,,0,,,,,,,,,Insufficient data,,only 2 finished-gameweek snapshot(s) recorded; need at least 3.
2026-09-08,3,457,J.Murphy,NEW,MID,,0,,,,,,,,,Insufficient data,,only 2 finished-gameweek snapshot(s) recorded; need at least 3.
2026-09-08,3,458,Joelinton,NEW,MID,0.0,0,,,,,,,,,Insufficient data,,only 2 finished-gameweek snapshot(s) recorded; need at least 3.
2026-09-08,3,459,L.Miley,NEW,MID,100.0,0,,,,,,,,,Insufficient data,,only 2 finished-gameweek snapshot(s) recorded; need at least 3.
2026-09-08,3,460,Willock,NEW,MID,,0,,,,,,,,,Insufficient data,,only 2 finished-gameweek snapshot(s) recorded; need at least 3.
2026-09-08,3,461,Touré,NEW,MID,,0,,,,,,,,,Insufficient data,,only 2 finished-gameweek snapshot(s) recorded; need at least 3.
2026-09-08,3,462,Steur,NEW,MID,,0,,,,,,,,,Insufficient data,,only 2 finished-gameweek snapshot(s) recorded; need at least 3.
2026-09-08,3,463,Woltemade,NEW,FWD,0.0,0,,,,,,,,,Insufficient data,,only 2 finished-gameweek snapshot(s) recorded; need at least 3.
2026-09-08,3,464,Wissa,NEW,FWD,,0,,,,,,,,,Insufficient data,,only 2 finished-gameweek snapshot(s) recorded; need at least 3.
2026-09-08,3,465,Osula,NEW,FWD,0.0,0,,,,,,,,,Insufficient data,,only 2 finished-gameweek snapshot(s) recorded; need at least 3.
2026-09-08,3,466,Neave,NEW,FWD,0.0,0,,,,,,,,,Insufficient data,,only 2 finished-gameweek snapshot(s) recorded; need at least 3.
2026-09-08,3,467,Sels,NFO,GKP,,0,,,,,,,,,Insufficient data,,only 2 finished-gameweek snapshot(s) recorded; need at least 3.
2026-09-08,3,468,John,NFO,GKP,,0,,,,,,,,,Insufficient data,,only 2 finished-gameweek snapshot(s) recorded; need at least 3.
2026-09-08,3,469,N.Williams,NFO,DEF,,0,,,,,,,,,Insufficient data,,only 2 finished-gameweek snapshot(s) recorded; need at least 3.
2026-09-08,3,470,Morato,NFO,DEF,0.0,0,,,,,,,,,Insufficient data,,only 2 finished-gameweek snapshot(s) recorded; need at least 3.
2026-09-08,3,471,Milenković,NFO,DEF,,0,,,,,,,,,Insufficient data,,only 2 finished-gameweek snapshot(s) recorded; need at least 3.
2026-09-08,3,472,Murillo,NFO,DEF,100.0,0,,,,,,,,,Insufficient data,,only 2 finished-gameweek snapshot(s) recorded; need at least 3.
2026-09-08,3,473,Aina,NFO,DEF,,0,,,,,,,,,Insufficient data,,only 2 finished-gameweek snapshot(s) recorded; need at least 3.
2026-09-08,3,474,Jair Cunha,NFO,DEF,,0,,,,,,,,,Insufficient data,,only 2 finished-gameweek snapshot(s) recorded; need at least 3.
2026-09-08,3,475,Savona,NFO,DEF,0.0,0,,,,,,,,,Insufficient data,,only 2 finished-gameweek snapshot(s) recorded; need at least 3.
2026-09-08,3,476,O.Richards,NFO,DEF,,0,,,,,,,,,Insufficient data,,only 2 finished-gameweek snapshot(s) recorded; need at least 3.
2026-09-08,3,477,Abbott,NFO,DEF,0.0,0,,,,,,,,,Insufficient data,,only 2 finished-gameweek snapshot(s) recorded; need at least 3.
2026-09-08,3,478,Netz,NFO,DEF,,0,,,,,,,,,Insufficient data,,only 2 finished-gameweek snapshot(s) recorded; need at least 3.
2026-09-08,3,479,Bindon,NFO,DEF,0.0,0,,,,,,,,,Insufficient data,,only 2 finished-gameweek snapshot(s) recorded; need at least 3.
2026-09-08,3,480,Gibbs-White,NFO,MID,100.0,0,,,,,,,,,Insufficient data,,only 2 finished-gameweek snapshot(s) recorded; need at least 3.
2026-09-08,3,481,Anderson,MCI,MID,100.0,0,,,,,,,,,Insufficient data,,only 2 finished-gameweek snapshot(s) recorded; need at least 3.
2026-09-08,3,482,Hudson-Odoi,NFO,MID,100.0,0,,,,,,,,,Insufficient data,,only 2 finished-gameweek snapshot(s) recorded; need at least 3.
2026-09-08,3,483,Ndoye,NFO,MID,,0,,,,,,,,,Insufficient data,,only 2 finished-gameweek snapshot(s) recorded; need at least 3.
2026-09-08,3,484,Hutchinson,NFO,MID,0.0,0,,,,,,,,,Insufficient data,,only 2 finished-gameweek snapshot(s) recorded; need at least 3.
2026-09-08,3,485,Bakwa,NFO,MID,0.0,0,,,,,,,,,Insufficient data,,only 2 finished-gameweek snapshot(s) recorded; need at least 3.
2026-09-08,3,486,McAtee,NFO,MID,,0,,,,,,,,,Insufficient data,,only 2 finished-gameweek snapshot(s) recorded; need at least 3.
2026-09-08,3,487,Dominguez,NFO,MID,,0,,,,,,,,,Insufficient data,,only 2 finished-gameweek snapshot(s) recorded; need at least 3.
2026-09-08,3,488,I.Sangaré,NFO,MID,100.0,0,,,,,,,,,Insufficient data,,only 2 finished-gameweek snapshot(s) recorded; need at least 3.
2026-09-08,3,489,Yates,NFO,MID,100.0,0,,,,,,,,,Insufficient data,,only 2 finished-gameweek snapshot(s) recorded; need at least 3.
2026-09-08,3,490,Wood,NFO,FWD,,0,,,,,,,,,Insufficient data,,only 2 finished-gameweek snapshot(s) recorded; need at least 3.
2026-09-08,3,491,Igor Jesus,NFO,FWD,,0,,,,,,,,,Insufficient data,,only 2 finished-gameweek snapshot(s) recorded; need at least 3.
2026-09-08,3,492,Awoniyi,COV,FWD,,0,,,,,,,,,Insufficient data,,only 2 finished-gameweek snapshot(s) recorded; need at least 3.
2026-09-08,3,493,Kalimuendo,NFO,FWD,,0,,,,,,,,,Insufficient data,,only 2 finished-gameweek snapshot(s) recorded; need at least 3.
2026-09-08,3,494,Vicario,TOT,GKP,0.0,0,,,,,,,,,Insufficient data,,only 2 finished-gameweek snapshot(s) recorded; need at least 3.
2026-09-08,3,495,Austin,TOT,GKP,,0,,,,,,,,,Insufficient data,,only 2 finished-gameweek snapshot(s) recorded; need at least 3.
2026-09-08,3,496,Kinsky,TOT,GKP,,0,,,,,,,,,Insufficient data,,only 2 finished-gameweek snapshot(s) recorded; need at least 3.
2026-09-08,3,497,Dubravka,TOT,GKP,,0,,,,,,,,,Insufficient data,,only 2 finished-gameweek snapshot(s) recorded; need at least 3.
2026-09-08,3,498,Senesi,TOT,DEF,,0,,,,,,,,,Insufficient data,,only 2 finished-gameweek snapshot(s) recorded; need at least 3.
2026-09-08,3,499,Pedro Porro,TOT,DEF,100.0,0,,,,,,,,,Insufficient data,,only 2 finished-gameweek snapshot(s) recorded; need at least 3.
2026-09-08,3,500,Romero,TOT,DEF,0.0,0,,,,,,,,,Insufficient data,,only 2 finished-gameweek snapshot(s) recorded; need at least 3.
2026-09-08,3,501,Danso,SUN,DEF,,0,,,,,,,,,Insufficient data,,only 2 finished-gameweek snapshot(s) recorded; need at least 3.
2026-09-08,3,502,Robertson,TOT,DEF,,0,,,,,,,,,Insufficient data,,only 2 finished-gameweek snapshot(s) recorded; need at least 3.
2026-09-08,3,503,Van de Ven,TOT,DEF,100.0,0,,,,,,,,,Insufficient data,,only 2 finished-gameweek snapshot(s) recorded; need at least 3.
2026-09-08,3,504,Vuskovic,BHA,DEF,,0,,,,,,,,,Insufficient data,,only 2 finished-gameweek snapshot(s) recorded; need at least 3.
2026-09-08,3,505,Spence,TOT,DEF,0.0,0,,,,,,,,,Insufficient data,,only 2 finished-gameweek snapshot(s) recorded; need at least 3.
2026-09-08,3,506,Udogie,TOT,DEF,,0,,,,,,,,,Insufficient data,,only 2 finished-gameweek snapshot(s) recorded; need at least 3.
2026-09-08,3,507,Phillips,TOT,DEF,0.0,0,,,,,,,,,Insufficient data,,only 2 finished-gameweek snapshot(s) recorded; need at least 3.
2026-09-08,3,508,Davies,TOT,DEF,,0,,,,,,,,,Insufficient data,,only 2 finished-gameweek snapshot(s) recorded; need at least 3.
2026-09-08,3,509,Byfield,TOT,DEF,,0,,,,,,,,,Insufficient data,,only 2 finished-gameweek snapshot(s) recorded; need at least 3.
2026-09-08,3,510,Rowswell,TOT,DEF,,0,,,,,,,,,Insufficient data,,only 2 finished-gameweek snapshot(s) recorded; need at least 3.
2026-09-08,3,511,Souza,TOT,DEF,0.0,0,,,,,,,,,Insufficient data,,only 2 finished-gameweek snapshot(s) recorded; need at least 3.
2026-09-08,3,512,Kudus,TOT,MID,100.0,0,,,,,,,,,Insufficient data,,only 2 finished-gameweek snapshot(s) recorded; need at least 3.
2026-09-08,3,513,Xavi,TOT,MID,0.0,0,,,,,,,,,Insufficient data,,only 2 finished-gameweek snapshot(s) recorded; need at least 3.
2026-09-08,3,514,Tel,TOT,MID,,0,,,,,,,,,Insufficient data,,only 2 finished-gameweek snapshot(s) recorded; need at least 3.
2026-09-08,3,515,Maddison,TOT,MID,75.0,0,,,,,,,,,Insufficient data,,only 2 finished-gameweek snapshot(s) recorded; need at least 3.
2026-09-08,3,516,Bentancur,TOT,MID,,0,,,,,,,,,Insufficient data,,only 2 finished-gameweek snapshot(s) recorded; need at least 3.
2026-09-08,3,517,Odobert,TOT,MID,0.0,0,,,,,,,,,Insufficient data,,only 2 finished-gameweek snapshot(s) recorded; need at least 3.
2026-09-08,3,518,P.M.Sarr,TOT,MID,0.0,0,,,,,,,,,Insufficient data,,only 2 finished-gameweek snapshot(s) recorded; need at least 3.
2026-09-08,3,519,Gallagher,TOT,MID,,0,,,,,,,,,Insufficient data,,only 2 finished-gameweek snapshot(s) recorded; need at least 3.
2026-09-08,3,520,Bergvall,TOT,MID,,0,,,,,,,,,Insufficient data,,only 2 finished-gameweek snapshot(s) recorded; need at least 3.
2026-09-08,3,521,Kulusevski,TOT,MID,0.0,0,,,,,,,,,Insufficient data,,only 2 finished-gameweek snapshot(s) recorded; need at least 3.
2026-09-08,3,522,Gray,TOT,MID,,0,,,,,,,,,Insufficient data,,only 2 finished-gameweek snapshot(s) recorded; need at least 3.
2026-09-08,3,523,Moore,TOT,MID,0.0,0,,,,,,,,,Insufficient data,,only 2 finished-gameweek snapshot(s) recorded; need at least 3.
2026-09-08,3,524,Olusesi,TOT,MID,,0,,,,,,,,,Insufficient data,,only 2 finished-gameweek snapshot(s) recorded; need at least 3.
2026-09-08,3,525,Fernandes,TOT,MID,,0,,,,,,,,,Insufficient data,,only 2 finished-gameweek snapshot(s) recorded; need at least 3.
2026-09-08,3,526,Solanke,TOT,FWD,,0,,,,,,,,,Insufficient data,,only 2 finished-gameweek snapshot(s) recorded; need at least 3.
2026-09-08,3,527,Richarlison,TOT,FWD,0.0,0,,,,,,,,,Insufficient data,,only 2 finished-gameweek snapshot(s) recorded; need at least 3.
2026-09-08,3,528,Scarlett,TOT,FWD,0.0,0,,,,,,,,,Insufficient data,,only 2 finished-gameweek snapshot(s) recorded; need at least 3.
2026-09-08,3,529,Roefs,SUN,GKP,,0,,,,,,,,,Insufficient data,,only 2 finished-gameweek snapshot(s) recorded; need at least 3.
2026-09-08,3,530,Patterson,SUN,GKP,0.0,0,,,,,,,,,Insufficient data,,only 2 finished-gameweek snapshot(s) recorded; need at least 3.
2026-09-08,3,531,Ellborg,SUN,GKP,,0,,,,,,,,,Insufficient data,,only 2 finished-gameweek snapshot(s) recorded; need at least 3.
2026-09-08,3,532,Ballard,SUN,DEF,,0,,,,,,,,,Insufficient data,,only 2 finished-gameweek snapshot(s) recorded; need at least 3.
2026-09-08,3,533,Mukiele,SUN,DEF,100.0,0,,,,,,,,,Insufficient data,,only 2 finished-gameweek snapshot(s) recorded; need at least 3.
2026-09-08,3,534,Hume,SUN,DEF,,0,,,,,,,,,Insufficient data,,only 2 finished-gameweek snapshot(s) recorded; need at least 3.
2026-09-08,3,535,Alderete,SUN,DEF,100.0,0,,,,,,,,,Insufficient data,,only 2 finished-gameweek snapshot(s) recorded; need at least 3.
2026-09-08,3,536,Reinildo,SUN,DEF,,0,,,,,,,,,Insufficient data,,only 2 finished-gameweek snapshot(s) recorded; need at least 3.
2026-09-08,3,537,Seelt,SUN,DEF,0.0,0,,,,,,,,,Insufficient data,,only 2 finished-gameweek snapshot(s) recorded; need at least 3.
2026-09-08,3,538,Hjelde,SUN,DEF,0.0,0,,,,,,,,,Insufficient data,,only 2 finished-gameweek snapshot(s) recorded; need at least 3.
2026-09-08,3,539,O'Nien,SUN,DEF,,0,,,,,,,,,Insufficient data,,only 2 finished-gameweek snapshot(s) recorded; need at least 3.
2026-09-08,3,540,Masuaku,SUN,DEF,0.0,0,,,,,,,,,Insufficient data,,only 2 finished-gameweek snapshot(s) recorded; need at least 3.
2026-09-08,3,541,Meunier,SUN,DEF,100.0,0,,,,,,,,,Insufficient data,,only 2 finished-gameweek snapshot(s) recorded; need at least 3.
2026-09-08,3,542,E.Le Fée,SUN,MID,,0,,,,,,,,,Insufficient data,,only 2 finished-gameweek snapshot(s) recorded; need at least 3.
2026-09-08,3,543,Diarra,SUN,MID,0.0,0,,,,,,,,,Insufficient data,,only 2 finished-gameweek snapshot(s) recorded; need at least 3.
2026-09-08,3,544,Xhaka,SUN,MID,,0,,,,,,,,,Insufficient data,,only 2 finished-gameweek snapshot(s) recorded; need at least 3.
2026-09-08,3,545,Sadiki,SUN,MID,,0,,,,,,,,,Insufficient data,,only 2 finished-gameweek snapshot(s) recorded; need at least 3.
2026-09-08,3,546,Adingra,SUN,MID,0.0,0,,,,,,,,,Insufficient data,,only 2 finished-gameweek snapshot(s) recorded; need at least 3.
2026-09-08,3,547,Mundle,SUN,MID,,0,,,,,,,,,Insufficient data,,only 2 finished-gameweek snapshot(s) recorded; need at least 3.
2026-09-08,3,548,Rigg,SUN,MID,,0,,,,,,,,,Insufficient data,,only 2 finished-gameweek snapshot(s) recorded; need at least 3.
2026-09-08,3,549,Talbi,SUN,MID,,0,,,,,,,,,Insufficient data,,only 2 finished-gameweek snapshot(s) recorded; need at least 3.
2026-09-08,3,550,Jocelin.T,SUN,MID,,0,,,,,,,,,Insufficient data,,only 2 finished-gameweek snapshot(s) recorded; need at least 3.
2026-09-08,3,551,N.Angulo,SUN,MID,,0,,,,,,,,,Insufficient data,,only 2 finished-gameweek snapshot(s) recorded; need at least 3.
2026-09-08,3,552,Brobbey,SUN,FWD,,0,,,,,,,,,Insufficient data,,only 2 finished-gameweek snapshot(s) recorded; need at least 3.
2026-09-08,3,553,Isidor,SUN,FWD,,0,,,,,,,,,Insufficient data,,only 2 finished-gameweek snapshot(s) recorded; need at least 3.
2026-09-08,3,554,Van Oevelen,IPS,GKP,0.0,0,,,,,,,,,Insufficient data,,only 2 finished-gameweek snapshot(s) recorded; need at least 3.
2026-09-08,3,555,Matthews,CRY,GKP,,0,,,,,,,,,Insufficient data,,only 2 finished-gameweek snapshot(s) recorded; need at least 3.
2026-09-08,3,556,Targett,HUL,DEF,,0,,,,,,,,,Insufficient data,,only 2 finished-gameweek snapshot(s) recorded; need at least 3.
2026-09-08,3,557,Tzolis,ARS,MID,,0,,,,,,,,,Insufficient data,,only 2 finished-gameweek snapshot(s) recorded; need at least 3.
2026-09-08,3,558,Schlager,NFO,MID,,0,,,,,,,,,Insufficient data,,only 2 finished-gameweek snapshot(s) recorded; need at least 3.
2026-09-08,3,559,Bamba,NEW,MID,,0,,,,,,,,,Insufficient data,,only 2 finished-gameweek snapshot(s) recorded; need at least 3.
2026-09-08,3,560,Penders,CHE,GKP,,0,,,,,,,,,Insufficient data,,only 2 finished-gameweek snapshot(s) recorded; need at least 3.
2026-09-08,3,561,Anselmino,CHE,DEF,100.0,0,,,,,,,,,Insufficient data,,only 2 finished-gameweek snapshot(s) recorded; need at least 3.
2026-09-08,3,562,Maeda,IPS,MID,,0,,,,,,,,,Insufficient data,,only 2 finished-gameweek snapshot(s) recorded; need at least 3.
2026-09-08,3,563,Morita,HUL,MID,100.0,0,,,,,,,,,Insufficient data,,only 2 finished-gameweek snapshot(s) recorded; need at least 3.
2026-09-08,3,564,Scherpen,IPS,GKP,,0,,,,,,,,,Insufficient data,,only 2 finished-gameweek snapshot(s) recorded; need at least 3.
2026-09-08,3,565,M.Sangaré,BRE,MID,,0,,,,,,,,,Insufficient data,,only 2 finished-gameweek snapshot(s) recorded; need at least 3.
2026-09-08,3,566,Silva,BOU,DEF,,0,,,,,,,,,Insufficient data,,only 2 finished-gameweek snapshot(s) recorded; need at least 3.
2026-09-08,3,567,Horníček,NEW,GKP,,0,,,,,,,,,Insufficient data,,only 2 finished-gameweek snapshot(s) recorded; need at least 3.
2026-09-08,3,568,Barco,CHE,MID,,0,,,,,,,,,Insufficient data,,only 2 finished-gameweek snapshot(s) recorded; need at least 3.
2026-09-08,3,569,Gonzalo,FUL,FWD,,0,,,,,,,,,Insufficient data,,only 2 finished-gameweek snapshot(s) recorded; need at least 3.
2026-09-08,3,570,Palacios,FUL,MID,,0,,,,,,,,,Insufficient data,,only 2 finished-gameweek snapshot(s) recorded; need at least 3.
2026-09-08,3,571,Florentino,IPS,MID,100.0,0,,,,,,,,,Insufficient data,,only 2 finished-gameweek snapshot(s) recorded; need at least 3.
2026-09-08,3,572,Tzolakis,HUL,GKP,,0,,,,,,,,,Insufficient data,,only 2 finished-gameweek snapshot(s) recorded; need at least 3.
2026-09-08,3,573,Sanchez,BOU,DEF,,0,,,,,,,,,Insufficient data,,only 2 finished-gameweek snapshot(s) recorded; need at least 3.
2026-09-08,3,574,Hjertø-Dahl,HUL,MID,,0,,,,,,,,,Insufficient data,,only 2 finished-gameweek snapshot(s) recorded; need at least 3.
2026-09-08,3,575,Yirenkyi,COV,MID,,0,,,,,,,,,Insufficient data,,only 2 finished-gameweek snapshot(s) recorded; need at least 3.
2026-09-08,3,576,Stroud,HUL,MID,,0,,,,,,,,,Insufficient data,,only 2 finished-gameweek snapshot(s) recorded; need at least 3.
2026-09-08,3,577,Tomiyasu,CRY,DEF,,0,,,,,,,,,Insufficient data,,only 2 finished-gameweek snapshot(s) recorded; need at least 3.
2026-09-08,3,578,Mudryk,TOT,MID,,0,,,,,,,,,Insufficient data,,only 2 finished-gameweek snapshot(s) recorded; need at least 3.
2026-09-08,3,579,Araujo,LIV,DEF,,0,,,,,,,,,Insufficient data,,only 2 finished-gameweek snapshot(s) recorded; need at least 3.
2026-09-08,3,580,Charles,FUL,MID,,0,,,,,,,,,Insufficient data,,only 2 finished-gameweek snapshot(s) recorded; need at least 3.
2026-09-08,3,581,Diomande,NFO,DEF,,0,,,,,,,,,Insufficient data,,only 2 finished-gameweek snapshot(s) recorded; need at least 3.
2026-09-08,3,582,Madjo,AVL,FWD,0.0,0,,,,,,,,,Insufficient data,,only 2 finished-gameweek snapshot(s) recorded; need at least 3.
2026-09-08,3,583,Chavarria,CHE,DEF,,0,,,,,,,,,Insufficient data,,only 2 finished-gameweek snapshot(s) recorded; need at least 3.
2026-09-08,3,584,Hamer,COV,MID,,0,,,,,,,,,Insufficient data,,only 2 finished-gameweek snapshot(s) recorded; need at least 3.
2026-09-08,3,585,Herrington,HUL,DEF,,0,,,,,,,,,Insufficient data,,only 2 finished-gameweek snapshot(s) recorded; need at least 3.
2026-09-08,3,586,Mendy,HUL,DEF,100.0,0,,,,,,,,,Insufficient data,,only 2 finished-gameweek snapshot(s) recorded; need at least 3.
2026-09-08,3,587,Rulli,MCI,GKP,,0,,,,,,,,,Insufficient data,,only 2 finished-gameweek snapshot(s) recorded; need at least 3.
2026-09-08,3,588,Khalaili,CRY,DEF,,0,,,,,,,,,Insufficient data,,only 2 finished-gameweek snapshot(s) recorded; need at least 3.
2026-09-08,3,589,Gourna-Douath,HUL,MID,,0,,,,,,,,,Insufficient data,,only 2 finished-gameweek snapshot(s) recorded; need at least 3.
2026-09-08,3,590,Benda,NFO,GKP,,0,,,,,,,,,Insufficient data,,only 2 finished-gameweek snapshot(s) recorded; need at least 3.
2026-09-08,3,591,Enciso,IPS,MID,100.0,0,,,,,,,,,Insufficient data,,only 2 finished-gameweek snapshot(s) recorded; need at least 3.
2026-09-08,3,592,Ouattara,IPS,DEF,,0,,,,,,,,,Insufficient data,,only 2 finished-gameweek snapshot(s) recorded; need at least 3.
2026-09-08,3,593,Dedić,NEW,DEF,,0,,,,,,,,,Insufficient data,,only 2 finished-gameweek snapshot(s) recorded; need at least 3.
2026-09-08,3,594,David,BHA,FWD,,0,,,,,,,,,Insufficient data,,only 2 finished-gameweek snapshot(s) recorded; need at least 3.
2026-09-08,3,595,Gozo,CRY,MID,,0,,,,,,,,,Insufficient data,,only 2 finished-gameweek snapshot(s) recorded; need at least 3.
2026-09-08,3,596,Ruggeri,AVL,DEF,,0,,,,,,,,,Insufficient data,,only 2 finished-gameweek snapshot(s) recorded; need at least 3.
2026-09-08,3,597,Suzuki,AVL,GKP,,0,,,,,,,,,Insufficient data,,only 2 finished-gameweek snapshot(s) recorded; need at least 3.
2026-09-08,3,598,Elvedi,LEE,DEF,,0,,,,,,,,,Insufficient data,,only 2 finished-gameweek snapshot(s) recorded; need at least 3.
2026-09-08,3,599,Cherif,COV,FWD,,0,,,,,,,,,Insufficient data,,only 2 finished-gameweek snapshot(s) recorded; need at least 3.
2026-09-08,3,600,Osman,BHA,MID,,0,,,,,,,,,Insufficient data,,only 2 finished-gameweek snapshot(s) recorded; need at least 3.
2026-09-08,3,601,Williams-Barnett,TOT,MID,,0,,,,,,,,,Insufficient data,,only 2 finished-gameweek snapshot(s) recorded; need at least 3.
2026-09-08,3,602,Humphreys,IPS,MID,0.0,0,,,,,,,,,Insufficient data,,only 2 finished-gameweek snapshot(s) recorded; need at least 3.
2026-09-08,3,603,Lienou,LEE,DEF,,0,,,,,,,,,Insufficient data,,only 2 finished-gameweek snapshot(s) recorded; need at least 3.
2026-09-08,3,604,Cresswell,LEE,MID,,0,,,,,,,,,Insufficient data,,only 2 finished-gameweek snapshot(s) recorded; need at least 3.
2026-09-08,3,605,Yalcouyé,BHA,MID,,0,,,,,,,,,Insufficient data,,only 2 finished-gameweek snapshot(s) recorded; need at least 3.
2026-09-08,3,606,Rowe,AVL,DEF,,0,,,,,,,,,Insufficient data,,only 2 finished-gameweek snapshot(s) recorded; need at least 3.
2026-09-08,3,607,Lynch,AVL,MID,0.0,0,,,,,,,,,Insufficient data,,only 2 finished-gameweek snapshot(s) recorded; need at least 3.
2026-09-08,3,608,Jebbison,BOU,FWD,,0,,,,,,,,,Insufficient data,,only 2 finished-gameweek snapshot(s) recorded; need at least 3.
2026-09-08,3,609,Shahar,NEW,DEF,,0,,,,,,,,,Insufficient data,,only 2 finished-gameweek snapshot(s) recorded; need at least 3.
2026-09-08,3,610,De Fougerolles,FUL,DEF,75.0,0,,,,,,,,,Insufficient data,,only 2 finished-gameweek snapshot(s) recorded; need at least 3.
2026-09-08,3,611,Wan-Bissaka,AVL,DEF,,0,,,,,,,,,Insufficient data,,only 2 finished-gameweek snapshot(s) recorded; need at least 3.
2026-09-08,3,612,Methalie,SUN,DEF,100.0,0,,,,,,,,,Insufficient data,,only 2 finished-gameweek snapshot(s) recorded; need at least 3.
2026-09-08,3,613,Ahoka,SUN,MID,,0,,,,,,,,,Insufficient data,,only 2 finished-gameweek snapshot(s) recorded; need at least 3.
2026-09-08,3,614,Hadjam,BHA,DEF,,0,,,,,,,,,Insufficient data,,only 2 finished-gameweek snapshot(s) recorded; need at least 3.
2026-09-08,3,615,Di Gregorio,BOU,GKP,,0,,,,,,,,,Insufficient data,,only 2 finished-gameweek snapshot(s) recorded; need at least 3.
2026-09-08,3,616,Bouaddi,MCI,MID,,0,,,,,,,,,Insufficient data,,only 2 finished-gameweek snapshot(s) recorded; need at least 3.
2026-09-08,3,617,Cho,HUL,MID,,0,,,,,,,,,Insufficient data,,only 2 finished-gameweek snapshot(s) recorded; need at least 3.
2026-09-08,3,618,Goretzka,AVL,MID,,0,,,,,,,,,Insufficient data,,only 2 finished-gameweek snapshot(s) recorded; need at least 3.
2026-09-08,3,619,Palacios,IPS,MID,,0,,,,,,,,,Insufficient data,,only 2 finished-gameweek snapshot(s) recorded; need at least 3.
2026-09-08,3,620,Diouf,BRE,DEF,,0,,,,,,,,,Insufficient data,,only 2 finished-gameweek snapshot(s) recorded; need at least 3.
2026-09-08,3,621,McAidoo,MCI,MID,,0,,,,,,,,,Insufficient data,,only 2 finished-gameweek snapshot(s) recorded; need at least 3.
2026-09-08,3,622,Braithwaite,MCI,DEF,,0,,,,,,,,,Insufficient data,,only 2 finished-gameweek snapshot(s) recorded; need at least 3.
2026-09-08,3,623,Bentley,COV,GKP,,0,,,,,,,,,Insufficient data,,only 2 finished-gameweek snapshot(s) recorded; need at least 3.
2026-09-08,3,624,Cozier-Duberry,BHA,MID,0.0,0,,,,,,,,,Insufficient data,,only 2 finished-gameweek snapshot(s) recorded; need at least 3.
2026-09-08,3,625,Cairns,LEE,GKP,,0,,,,,,,,,Insufficient data,,only 2 finished-gameweek snapshot(s) recorded; need at least 3.
2026-09-08,3,626,Zepa,FUL,MID,,0,,,,,,,,,Insufficient data,,only 2 finished-gameweek snapshot(s) recorded; need at least 3.
2026-09-08,3,627,Barcola,LIV,MID,,0,,,,,,,,,Insufficient data,,only 2 finished-gameweek snapshot(s) recorded; need at least 3.
2026-09-08,3,628,Allan,MCI,MID,,0,,,,,,,,,Insufficient data,,only 2 finished-gameweek snapshot(s) recorded; need at least 3.
2026-09-08,3,629,Zetterer,LEE,GKP,,0,,,,,,,,,Insufficient data,,only 2 finished-gameweek snapshot(s) recorded; need at least 3.
2026-09-08,3,630,Harwood-Bellis,AVL,DEF,,0,,,,,,,,,Insufficient data,,only 2 finished-gameweek snapshot(s) recorded; need at least 3.
2026-09-08,3,631,Mbaye,AVL,MID,,0,,,,,,,,,Insufficient data,,only 2 finished-gameweek snapshot(s) recorded; need at least 3.
2026-09-08,3,632,Ansah,HUL,FWD,,0,,,,,,,,,Insufficient data,,only 2 finished-gameweek snapshot(s) recorded; need at least 3.
2026-09-08,3,633,Ahanor,CRY,DEF,,0,,,,,,,,,Insufficient data,,only 2 finished-gameweek snapshot(s) recorded; need at least 3.
2026-09-08,3,634,Fernandez-Pardo,NEW,FWD,,0,,,,,,,,,Insufficient data,,only 2 finished-gameweek snapshot(s) recorded; need at least 3.
2026-09-08,3,635,Larsson,FUL,MID,,0,,,,,,,,,Insufficient data,,only 2 finished-gameweek snapshot(s) recorded; need at least 3.
2026-09-08,3,636,Ángel,FUL,MID,,0,,,,,,,,,Insufficient data,,only 2 finished-gameweek snapshot(s) recorded; need at least 3.
2026-09-08,3,637,Vaz,HUL,FWD,,0,,,,,,,,,Insufficient data,,only 2 finished-gameweek snapshot(s) recorded; need at least 3.
2026-09-08,3,638,Norton-Cuffy,HUL,DEF,,0,,,,,,,,,Insufficient data,,only 2 finished-gameweek snapshot(s) recorded; need at least 3.
2026-09-08,3,639,Andrés,BHA,MID,,0,,,,,,,,,Insufficient data,,only 2 finished-gameweek snapshot(s) recorded; need at least 3.
2026-09-08,3,640,Flemming,IPS,FWD,,0,,,,,,,,,Insufficient data,,only 2 finished-gameweek snapshot(s) recorded; need at least 3.
2026-09-08,3,641,Bard,LEE,DEF,,0,,,,,,,,,Insufficient data,,only 2 finished-gameweek snapshot(s) recorded; need at least 3.
2026-09-08,3,642,Thomas,HUL,MID,,0,,,,,,,,,Insufficient data,,only 2 finished-gameweek snapshot(s) recorded; need at least 3.
2026-09-08,3,643,Chilwell,CRY,DEF,,0,,,,,,,,,Insufficient data,,only 2 finished-gameweek snapshot(s) recorded; need at least 3.
2026-09-08,3,644,Timber,CRY,MID,,0,,,,,,,,,Insufficient data,,only 2 finished-gameweek snapshot(s) recorded; need at least 3.
2026-09-08,3,645,Mouzakitis,HUL,MID,,0,,,,,,,,,Insufficient data,,only 2 finished-gameweek snapshot(s) recorded; need at least 3.
2026-09-08,3,646,Fofana,SUN,MID,,0,,,,,,,,,Insufficient data,,only 2 finished-gameweek snapshot(s) recorded; need at least 3.
2026-09-08,3,647,Osorio,CRY,MID,,0,,,,,,,,,Insufficient data,,only 2 finished-gameweek snapshot(s) recorded; need at least 3.
2026-09-08,3,648,Bahoya,LEE,MID,,0,,,,,,,,,Insufficient data,,only 2 finished-gameweek snapshot(s) recorded; need at least 3.
2026-09-08,3,649,Maitland-Niles,EVE,DEF,,0,,,,,,,,,Insufficient data,,only 2 finished-gameweek snapshot(s) recorded; need at least 3.
2026-09-08,3,650,Affengruber,FUL,DEF,,0,,,,,,,,,Insufficient data,,only 2 finished-gameweek snapshot(s) recorded; need at least 3.
2026-09-08,3,651,J.Angulo,SUN,FWD,,0,,,,,,,,,Insufficient data,,only 2 finished-gameweek snapshot(s) recorded; need at least 3.
2026-09-08,3,652,Azeez,BHA,MID,0.0,0,,,,,,,,,Insufficient data,,only 2 finished-gameweek snapshot(s) recorded; need at least 3.
2026-09-08,3,653,Samba,MCI,MID,,0,,,,,,,,,Insufficient data,,only 2 finished-gameweek snapshot(s) recorded; need at least 3.
2026-09-08,3,654,Graham,EVE,MID,,0,,,,,,,,,Insufficient data,,only 2 finished-gameweek snapshot(s) recorded; need at least 3.
2026-09-11,3,1,Raya,ARS,GKP,,0,,,,,,,,,Insufficient data,,only 2 finished-gameweek snapshot(s) recorded; need at least 3.
2026-09-11,3,2,Arrizabalaga,ARS,GKP,,0,,,,,,,,,Insufficient data,,only 2 finished-gameweek snapshot(s) recorded; need at least 3.
2026-09-11,3,3,Meslier,ARS,GKP,,0,,,,,,,,,Insufficient data,,only 2 finished-gameweek snapshot(s) recorded; need at least 3.
2026-09-11,3,4,Gabriel,ARS,DEF,,0,,,,,,,,,Insufficient data,,only 2 finished-gameweek snapshot(s) recorded; need at least 3.
2026-09-11,3,5,J.Timber,ARS,DEF,25.0,0,,,,,,,,,Insufficient data,,only 2 finished-gameweek snapshot(s) recorded; need at least 3.
2026-09-11,3,6,Saliba,ARS,DEF,0.0,0,,,,,,,,,Insufficient data,,only 2 finished-gameweek snapshot(s) recorded; need at least 3.
2026-09-11,3,7,Lewis-Skelly,ARS,MID,,0,,,,,,,,,Insufficient data,,only 2 finished-gameweek snapshot(s) recorded; need at least 3.
2026-09-11,3,8,Calafiori,ARS,DEF,,0,,,,,,,,,Insufficient data,,only 2 finished-gameweek snapshot(s) recorded; need at least 3.
2026-09-11,3,9,Hincapie,ARS,DEF,,0,,,,,,,,,Insufficient data,,only 2 finished-gameweek snapshot(s) recorded; need at least 3.
2026-09-11,3,10,White,ARS,DEF,100.0,0,,,,,,,,,Insufficient data,,only 2 finished-gameweek snapshot(s) recorded; need at least 3.
2026-09-11,3,11,Mosquera,ARS,DEF,75.0,0,,,,,,,,,Insufficient data,,only 2 finished-gameweek snapshot(s) recorded; need at least 3.
2026-09-11,3,12,Saka,ARS,MID,,0,,,,,,,,,Insufficient data,,only 2 finished-gameweek snapshot(s) recorded; need at least 3.
2026-09-11,3,13,Rice,ARS,MID,,0,,,,,,,,,Insufficient data,,only 2 finished-gameweek snapshot(s) recorded; need at least 3.
2026-09-11,3,14,Eze,ARS,MID,,0,,,,,,,,,Insufficient data,,only 2 finished-gameweek snapshot(s) recorded; need at least 3.
2026-09-11,3,15,Ødegaard,ARS,MID,,0,,,,,,,,,Insufficient data,,only 2 finished-gameweek snapshot(s) recorded; need at least 3.
2026-09-11,3,16,Madueke,ARS,MID,,0,,,,,,,,,Insufficient data,,only 2 finished-gameweek snapshot(s) recorded; need at least 3.
2026-09-11,3,17,Merino,ARS,MID,,0,,,,,,,,,Insufficient data,,only 2 finished-gameweek snapshot(s) recorded; need at least 3.
2026-09-11,3,18,Martinelli,ARS,MID,0.0,0,,,,,,,,,Insufficient data,,only 2 finished-gameweek snapshot(s) recorded; need at least 3.
2026-09-11,3,19,Zubimendi,ARS,MID,,0,,,,,,,,,Insufficient data,,only 2 finished-gameweek snapshot(s) recorded; need at least 3.
2026-09-11,3,20,Dowman,ARS,MID,,0,,,,,,,,,Insufficient data,,only 2 finished-gameweek snapshot(s) recorded; need at least 3.
2026-09-11,3,21,Nørgaard,EVE,MID,0.0,0,,,,,,,,,Insufficient data,,only 2 finished-gameweek snapshot(s) recorded; need at least 3.
2026-09-11,3,22,Nwaneri,ARS,MID,0.0,0,,,,,,,,,Insufficient data,,only 2 finished-gameweek snapshot(s) recorded; need at least 3.
2026-09-11,3,23,Fábio Vieira,ARS,MID,0.0,0,,,,,,,,,Insufficient data,,only 2 finished-gameweek snapshot(s) recorded; need at least 3.
2026-09-11,3,24,Nelson,ARS,MID,0.0,0,,,,,,,,,Insufficient data,,only 2 finished-gameweek snapshot(s) recorded; need at least 3.
2026-09-11,3,25,Gyökeres,ARS,FWD,,0,,,,,,,,,Insufficient data,,only 2 finished-gameweek snapshot(s) recorded; need at least 3.
2026-09-11,3,26,Havertz,ARS,FWD,,0,,,,,,,,,Insufficient data,,only 2 finished-gameweek snapshot(s) recorded; need at least 3.
2026-09-11,3,27,G.Jesus,ARS,FWD,0.0,0,,,,,,,,,Insufficient data,,only 2 finished-gameweek snapshot(s) recorded; need at least 3.
2026-09-11,3,28,Martinez,CHE,GKP,,0,,,,,,,,,Insufficient data,,only 2 finished-gameweek snapshot(s) recorded; need at least 3.
2026-09-11,3,29,M.Bizot,AVL,GKP,,0,,,,,,,,,Insufficient data,,only 2 finished-gameweek snapshot(s) recorded; need at least 3.
2026-09-11,3,30,Digne,AVL,DEF,0.0,0,,,,,,,,,Insufficient data,,only 2 finished-gameweek snapshot(s) recorded; need at least 3.
2026-09-11,3,31,Konsa,ARS,DEF,,0,,,,,,,,,Insufficient data,,only 2 finished-gameweek snapshot(s) recorded; need at least 3.
2026-09-11,3,32,Cash,AVL,DEF,,0,,,,,,,,,Insufficient data,,only 2 finished-gameweek snapshot(s) recorded; need at least 3.
2026-09-11,3,33,Mings,AVL,DEF,,0,,,,,,,,,Insufficient data,,only 2 finished-gameweek snapshot(s) recorded; need at least 3.
2026-09-11,3,34,Pau,AVL,DEF,,0,,,,,,,,,Insufficient data,,only 2 finished-gameweek snapshot(s) recorded; need at least 3.
2026-09-11,3,35,Bogarde,AVL,MID,,0,,,,,,,,,Insufficient data,,only 2 finished-gameweek snapshot(s) recorded; need at least 3.
2026-09-11,3,36,Maatsen,AVL,DEF,,0,,,,,,,,,Insufficient data,,only 2 finished-gameweek snapshot(s) recorded; need at least 3.
2026-09-11,3,37,Lindelöf,AVL,DEF,,0,,,,,,,,,Insufficient data,,only 2 finished-gameweek snapshot(s) recorded; need at least 3.
2026-09-11,3,38,A.García,AVL,DEF,,0,,,,,,,,,Insufficient data,,only 2 finished-gameweek snapshot(s) recorded; need at least 3.
2026-09-11,3,39,Nedeljkovic,AVL,DEF,0.0,0,,,,,,,,,Insufficient data,,only 2 finished-gameweek snapshot(s) recorded; need at least 3.
2026-09-11,3,40,Rogers,CHE,MID,,0,,,,,,,,,Insufficient data,,only 2 finished-gameweek snapshot(s) recorded; need at least 3.
2026-09-11,3,41,Buendía,AVL,MID,,0,,,,,,,,,Insufficient data,,only 2 finished-gameweek snapshot(s) recorded; need at least 3.
2026-09-11,3,42,Guessand,CRY,MID,,0,,,,,,,,,Insufficient data,,only 2 finished-gameweek snapshot(s) recorded; need at least 3.
2026-09-11,3,43,Tielemans,MUN,MID,100.0,0,,,,,,,,,Insufficient data,,only 2 finished-gameweek snapshot(s) recorded; need at least 3.
2026-09-11,3,44,Bailey,AVL,MID,0.0,0,,,,,,,,,Insufficient data,,only 2 finished-gameweek snapshot(s) recorded; need at least 3.
2026-09-11,3,45,McGinn,AVL,MID,,0,,,,,,,,,Insufficient data,,only 2 finished-gameweek snapshot(s) recorded; need at least 3.
2026-09-11,3,46,Barkley,AVL,MID,,0,,,,,,,,,Insufficient data,,only 2 finished-gameweek snapshot(s) recorded; need at least 3.
2026-09-11,3,47,Kamara,AVL,MID,100.0,0,,,,,,,,,Insufficient data,,only 2 finished-gameweek snapshot(s) recorded; need at least 3.
2026-09-11,3,48,Onana,AVL,MID,0.0,0,,,,,,,,,Insufficient data,,only 2 finished-gameweek snapshot(s) recorded; need at least 3.
2026-09-11,3,49,Iling Jr,AVL,MID,0.0,0,,,,,,,,,Insufficient data,,only 2 finished-gameweek snapshot(s) recorded; need at least 3.
2026-09-11,3,50,Burrowes,AVL,MID,,0,,,,,,,,,Insufficient data,,only 2 finished-gameweek snapshot(s) recorded; need at least 3.
2026-09-11,3,51,George Hemmings,AVL,MID,,0,,,,,,,,,Insufficient data,,only 2 finished-gameweek snapshot(s) recorded; need at least 3.
2026-09-11,3,52,Alysson,AVL,MID,,0,,,,,,,,,Insufficient data,,only 2 finished-gameweek snapshot(s) recorded; need at least 3.
2026-09-11,3,53,Manzambi,AVL,MID,0.0,0,,,,,,,,,Insufficient data,,only 2 finished-gameweek snapshot(s) recorded; need at least 3.
2026-09-11,3,54,Gomes,AVL,MID,0.0,0,,,,,,,,,Insufficient data,,only 2 finished-gameweek snapshot(s) recorded; need at least 3.
2026-09-11,3,55,Watkins,AVL,FWD,0.0,0,,,,,,,,,Insufficient data,,only 2 finished-gameweek snapshot(s) recorded; need at least 3.
2026-09-11,3,56,Abraham,AVL,FWD,100.0,0,,,,,,,,,Insufficient data,,only 2 finished-gameweek snapshot(s) recorded; need at least 3.
2026-09-11,3,57,Petrović,BOU,GKP,,0,,,,,,,,,Insufficient data,,only 2 finished-gameweek snapshot(s) recorded; need at least 3.
2026-09-11,3,58,Forster,BOU,GKP,,0,,,,,,,,,Insufficient data,,only 2 finished-gameweek snapshot(s) recorded; need at least 3.
2026-09-11,3,59,Dennis,BOU,GKP,0.0,0,,,,,,,,,Insufficient data,,only 2 finished-gameweek snapshot(s) recorded; need at least 3.
2026-09-11,3,60,Hill,BOU,DEF,,0,,,,,,,,,Insufficient data,,only 2 finished-gameweek snapshot(s) recorded; need at least 3.
2026-09-11,3,61,Truffert,BOU,DEF,,0,,,,,,,,,Insufficient data,,only 2 finished-gameweek snapshot(s) recorded; need at least 3.
2026-09-11,3,62,Diakité,BOU,DEF,,0,,,,,,,,,Insufficient data,,only 2 finished-gameweek snapshot(s) recorded; need at least 3.
2026-09-11,3,63,Milosavljević,BOU,DEF,0.0,0,,,,,,,,,Insufficient data,,only 2 finished-gameweek snapshot(s) recorded; need at least 3.
2026-09-11,3,64,Smith,BOU,DEF,,0,,,,,,,,,Insufficient data,,only 2 finished-gameweek snapshot(s) recorded; need at least 3.
2026-09-11,3,65,J.Araujo,BOU,DEF,0.0,0,,,,,,,,,Insufficient data,,only 2 finished-gameweek snapshot(s) recorded; need at least 3.
2026-09-11,3,66,Soler,BOU,DEF,100.0,0,,,,,,,,,Insufficient data,,only 2 finished-gameweek snapshot(s) recorded; need at least 3.
2026-09-11,3,67,Rayan,BOU,MID,,0,,,,,,,,,Insufficient data,,only 2 finished-gameweek snapshot(s) recorded; need at least 3.
2026-09-11,3,68,Tavernier,BOU,MID,,0,,,,,,,,,Insufficient data,,only 2 finished-gameweek snapshot(s) recorded; need at least 3.
2026-09-11,3,69,Scott,BOU,MID,,0,,,,,,,,,Insufficient data,,only 2 finished-gameweek snapshot(s) recorded; need at least 3.
2026-09-11,3,70,Kluivert,BOU,MID,,0,,,,,,,,,Insufficient data,,only 2 finished-gameweek snapshot(s) recorded; need at least 3.
2026-09-11,3,71,Cook,BOU,MID,,0,,,,,,,,,Insufficient data,,only 2 finished-gameweek snapshot(s) recorded; need at least 3.
2026-09-11,3,72,Gannon-Doak,BOU,MID,,0,,,,,,,,,Insufficient data,,only 2 finished-gameweek snapshot(s) recorded; need at least 3.
2026-09-11,3,73,Adams,BOU,MID,100.0,0,,,,,,,,,Insufficient data,,only 2 finished-gameweek snapshot(s) recorded; need at least 3.
2026-09-11,3,74,Brooks,BOU,MID,100.0,0,,,,,,,,,Insufficient data,,only 2 finished-gameweek snapshot(s) recorded; need at least 3.
2026-09-11,3,75,Christie,BOU,MID,100.0,0,,,,,,,,,Insufficient data,,only 2 finished-gameweek snapshot(s) recorded; need at least 3.
2026-09-11,3,76,Tóth.A,BOU,MID,,0,,,,,,,,,Insufficient data,,only 2 finished-gameweek snapshot(s) recorded; need at least 3.
2026-09-11,3,77,Adli,BOU,MID,0.0,0,,,,,,,,,Insufficient data,,only 2 finished-gameweek snapshot(s) recorded; need at least 3.
2026-09-11,3,78,Kroupi.Jr,BOU,MID,0.0,0,,,,,,,,,Insufficient data,,only 2 finished-gameweek snapshot(s) recorded; need at least 3.
2026-09-11,3,79,Evanilson,BOU,FWD,,0,,,,,,,,,Insufficient data,,only 2 finished-gameweek snapshot(s) recorded; need at least 3.
2026-09-11,3,80,Enes Ünal,BOU,FWD,0.0,0,,,,,,,,,Insufficient data,,only 2 finished-gameweek snapshot(s) recorded; need at least 3.
2026-09-11,3,81,Rodríguez,BOU,FWD,100.0,0,,,,,,,,,Insufficient data,,only 2 finished-gameweek snapshot(s) recorded; need at least 3.
2026-09-11,3,82,Kelleher,BRE,GKP,,0,,,,,,,,,Insufficient data,,only 2 finished-gameweek snapshot(s) recorded; need at least 3.
2026-09-11,3,83,Valdimarsson,BRE,GKP,,0,,,,,,,,,Insufficient data,,only 2 finished-gameweek snapshot(s) recorded; need at least 3.
2026-09-11,3,84,Collins,BRE,DEF,25.0,0,,,,,,,,,Insufficient data,,only 2 finished-gameweek snapshot(s) recorded; need at least 3.
2026-09-11,3,85,Van den Berg,BRE,DEF,0.0,0,,,,,,,,,Insufficient data,,only 2 finished-gameweek snapshot(s) recorded; need at least 3.
2026-09-11,3,86,Lewis-Potter,BRE,MID,,0,,,,,,,,,Insufficient data,,only 2 finished-gameweek snapshot(s) recorded; need at least 3.
2026-09-11,3,87,Ajer,BRE,DEF,,0,,,,,,,,,Insufficient data,,only 2 finished-gameweek snapshot(s) recorded; need at least 3.
2026-09-11,3,88,Kayode,BRE,DEF,,0,,,,,,,,,Insufficient data,,only 2 finished-gameweek snapshot(s) recorded; need at least 3.
2026-09-11,3,89,Henry,BRE,DEF,,0,,,,,,,,,Insufficient data,,only 2 finished-gameweek snapshot(s) recorded; need at least 3.
2026-09-11,3,90,Hickey,BRE,DEF,,0,,,,,,,,,Insufficient data,,only 2 finished-gameweek snapshot(s) recorded; need at least 3.
2026-09-11,3,91,Pinnock,COV,DEF,,0,,,,,,,,,Insufficient data,,only 2 finished-gameweek snapshot(s) recorded; need at least 3.
2026-09-11,3,92,Ji-soo,BRE,DEF,,0,,,,,,,,,Insufficient data,,only 2 finished-gameweek snapshot(s) recorded; need at least 3.
2026-09-11,3,93,Schuster,BRE,DEF,,0,,,,,,,,,Insufficient data,,only 2 finished-gameweek snapshot(s) recorded; need at least 3.
2026-09-11,3,94,Schade,BRE,MID,,0,,,,,,,,,Insufficient data,,only 2 finished-gameweek snapshot(s) recorded; need at least 3.
2026-09-11,3,95,O.Dango,BRE,MID,,0,,,,,,,,,Insufficient data,,only 2 finished-gameweek snapshot(s) recorded; need at least 3.
2026-09-11,3,96,Damsgaard,BRE,MID,,0,,,,,,,,,Insufficient data,,only 2 finished-gameweek snapshot(s) recorded; need at least 3.
2026-09-11,3,97,Jensen,BRE,MID,0.0,0,,,,,,,,,Insufficient data,,only 2 finished-gameweek snapshot(s) recorded; need at least 3.
2026-09-11,3,98,Janelt,BRE,MID,,0,,,,,,,,,Insufficient data,,only 2 finished-gameweek snapshot(s) recorded; need at least 3.
2026-09-11,3,99,Milambo,BRE,MID,0.0,0,,,,,,,,,Insufficient data,,only 2 finished-gameweek snapshot(s) recorded; need at least 3.
2026-09-11,3,100,Carvalho,BRE,MID,100.0,0,,,,,,,,,Insufficient data,,only 2 finished-gameweek snapshot(s) recorded; need at least 3.
2026-09-11,3,101,Henderson,CHE,MID,75.0,0,,,,,,,,,Insufficient data,,only 2 finished-gameweek snapshot(s) recorded; need at least 3.
2026-09-11,3,102,Yarmoliuk,BRE,MID,,0,,,,,,,,,Insufficient data,,only 2 finished-gameweek snapshot(s) recorded; need at least 3.
2026-09-11,3,103,Dasilva,BRE,MID,0.0,0,,,,,,,,,Insufficient data,,only 2 finished-gameweek snapshot(s) recorded; need at least 3.
2026-09-11,3,104,Onyeka,COV,MID,,0,,,,,,,,,Insufficient data,,only 2 finished-gameweek snapshot(s) recorded; need at least 3.
2026-09-11,3,105,Anthony,BRE,MID,,0,,,,,,,,,Insufficient data,,only 2 finished-gameweek snapshot(s) recorded; need at least 3.
2026-09-11,3,106,Thiago,BRE,FWD,,0,,,,,,,,,Insufficient data,,only 2 finished-gameweek snapshot(s) recorded; need at least 3.
2026-09-11,3,107,Furo,BRE,FWD,,0,,,,,,,,,Insufficient data,,only 2 finished-gameweek snapshot(s) recorded; need at least 3.
2026-09-11,3,108,Wilson,BRE,FWD,,0,,,,,,,,,Insufficient data,,only 2 finished-gameweek snapshot(s) recorded; need at least 3.
2026-09-11,3,109,Verbruggen,BHA,GKP,,0,,,,,,,,,Insufficient data,,only 2 finished-gameweek snapshot(s) recorded; need at least 3.
2026-09-11,3,110,Rushworth,COV,GKP,,0,,,,,,,,,Insufficient data,,only 2 finished-gameweek snapshot(s) recorded; need at least 3.
2026-09-11,3,111,Steele,BHA,GKP,,0,,,,,,,,,Insufficient data,,only 2 finished-gameweek snapshot(s) recorded; need at least 3.
2026-09-11,3,112,Van Hecke,TOT,DEF,,0,,,,,,,,,Insufficient data,,only 2 finished-gameweek snapshot(s) recorded; need at least 3.
2026-09-11,3,113,F.Kadıoğlu,BHA,DEF,100.0,0,,,,,,,,,Insufficient data,,only 2 finished-gameweek snapshot(s) recorded; need at least 3.
2026-09-11,3,114,Boscagli,BHA,DEF,,0,,,,,,,,,Insufficient data,,only 2 finished-gameweek snapshot(s) recorded; need at least 3.
2026-09-11,3,115,De Cuyper,BHA,DEF,,0,,,,,,,,,Insufficient data,,only 2 finished-gameweek snapshot(s) recorded; need at least 3.
2026-09-11,3,116,Dunk,BHA,DEF,,0,,,,,,,,,Insufficient data,,only 2 finished-gameweek snapshot(s) recorded; need at least 3.
2026-09-11,3,117,Coppola,BHA,DEF,,0,,,,,,,,,Insufficient data,,only 2 finished-gameweek snapshot(s) recorded; need at least 3.
2026-09-11,3,118,Igor,BHA,DEF,0.0,0,,,,,,,,,Insufficient data,,only 2 finished-gameweek snapshot(s) recorded; need at least 3.
2026-09-11,3,119,Costinha,BHA,DEF,,0,,,,,,,,,Insufficient data,,only 2 finished-gameweek snapshot(s) recorded; need at least 3.
2026-09-11,3,120,Svoboda,BHA,DEF,,0,,,,,,,,,Insufficient data,,only 2 finished-gameweek snapshot(s) recorded; need at least 3.
2026-09-11,3,121,Mitoma,BHA,MID,0.0,0,,,,,,,,,Insufficient data,,only 2 finished-gameweek snapshot(s) recorded; need at least 3.
2026-09-11,3,122,Minteh,BHA,MID,0.0,0,,,,,,,,,Insufficient data,,only 2 finished-gameweek snapshot(s) recorded; need at least 3.
2026-09-11,3,123,Hinshelwood,BHA,MID,50.0,0,,,,,,,,,Insufficient data,,only 2 finished-gameweek snapshot(s) recorded; need at least 3.
2026-09-11,3,124,Groß,BHA,MID,,0,,,,,,,,,Insufficient data,,only 2 finished-gameweek snapshot(s) recorded; need at least 3.
2026-09-11,3,125,Georginio,BHA,FWD,75.0,0,,,,,,,,,Insufficient data,,only 2 finished-gameweek snapshot(s) recorded; need at least 3.
2026-09-11,3,126,O'Riley,BHA,MID,,0,,,,,,,,,Insufficient data,,only 2 finished-gameweek snapshot(s) recorded; need at least 3.
2026-09-11,3,127,Gomez,BHA,MID,,0,,,,,,,,,Insufficient data,,only 2 finished-gameweek snapshot(s) recorded; need at least 3.
2026-09-11,3,128,Buonanotte,BHA,MID,0.0,0,,,,,,,,,Insufficient data,,only 2 finished-gameweek snapshot(s) recorded; need at least 3.
2026-09-11,3,129,Ayari,BHA,MID,100.0,0,,,,,,,,,Insufficient data,,only 2 finished-gameweek snapshot(s) recorded; need at least 3.
2026-09-11,3,130,Wieffer,BHA,DEF,0.0,0,,,,,,,,,Insufficient data,,only 2 finished-gameweek snapshot(s) recorded; need at least 3.
2026-09-11,3,131,Baleba,MUN,MID,0.0,0,,,,,,,,,Insufficient data,,only 2 finished-gameweek snapshot(s) recorded; need at least 3.
2026-09-11,3,132,Howell,BHA,MID,0.0,0,,,,,,,,,Insufficient data,,only 2 finished-gameweek snapshot(s) recorded; need at least 3.
2026-09-11,3,133,Watson,BHA,MID,0.0,0,,,,,,,,,Insufficient data,,only 2 finished-gameweek snapshot(s) recorded; need at least 3.
2026-09-11,3,134,Oriola,BHA,MID,,0,,,,,,,,,Insufficient data,,only 2 finished-gameweek snapshot(s) recorded; need at least 3.
2026-09-11,3,135,Yohanna,BHA,MID,,0,,,,,,,,,Insufficient data,,only 2 finished-gameweek snapshot(s) recorded; need at least 3.
2026-09-11,3,136,Welbeck,CHE,FWD,100.0,0,,,,,,,,,Insufficient data,,only 2 finished-gameweek snapshot(s) recorded; need at least 3.
2026-09-11,3,137,Tzimas,BHA,FWD,0.0,0,,,,,,,,,Insufficient data,,only 2 finished-gameweek snapshot(s) recorded; need at least 3.
2026-09-11,3,138,Kostoulas,BHA,FWD,,0,,,,,,,,,Insufficient data,,only 2 finished-gameweek snapshot(s) recorded; need at least 3.
2026-09-11,3,139,Ferguson,BHA,FWD,0.0,0,,,,,,,,,Insufficient data,,only 2 finished-gameweek snapshot(s) recorded; need at least 3.
2026-09-11,3,140,Sánchez,CHE,GKP,0.0,0,,,,,,,,,Insufficient data,,only 2 finished-gameweek snapshot(s) recorded; need at least 3.
2026-09-11,3,141,Jörgensen,CHE,GKP,0.0,0,,,,,,,,,Insufficient data,,only 2 finished-gameweek snapshot(s) recorded; need at least 3.
2026-09-11,3,142,James,CHE,DEF,,0,,,,,,,,,Insufficient data,,only 2 finished-gameweek snapshot(s) recorded; need at least 3.
2026-09-11,3,143,Chalobah,CHE,DEF,0.0,0,,,,,,,,,Insufficient data,,only 2 finished-gameweek snapshot(s) recorded; need at least 3.
2026-09-11,3,144,Gusto,CHE,DEF,,0,,,,,,,,,Insufficient data,,only 2 finished-gameweek snapshot(s) recorded; need at least 3.
2026-09-11,3,145,Fofana,CHE,DEF,100.0,0,,,,,,,,,Insufficient data,,only 2 finished-gameweek snapshot(s) recorded; need at least 3.
2026-09-11,3,146,B.Badiashile,CHE,DEF,0.0,0,,,,,,,,,Insufficient data,,only 2 finished-gameweek snapshot(s) recorded; need at least 3.
2026-09-11,3,147,Tosin,TOT,DEF,,0,,,,,,,,,Insufficient data,,only 2 finished-gameweek snapshot(s) recorded; need at least 3.
2026-09-11,3,148,Hato,CHE,DEF,,0,,,,,,,,,Insufficient data,,only 2 finished-gameweek snapshot(s) recorded; need at least 3.
2026-09-11,3,149,Colwill,CHE,DEF,,0,,,,,,,,,Insufficient data,,only 2 finished-gameweek snapshot(s) recorded; need at least 3.
2026-09-11,3,150,M.Sarr,CHE,DEF,0.0,0,,,,,,,,,Insufficient data,,only 2 finished-gameweek snapshot(s) recorded; need at least 3.
2026-09-11,3,151,Acheampong,CHE,DEF,,0,,,,,,,,,Insufficient data,,only 2 finished-gameweek snapshot(s) recorded; need at least 3.
2026-09-11,3,152,Palestra,CHE,DEF,75.0,0,,,,,,,,,Insufficient data,,only 2 finished-gameweek snapshot(s) recorded; need at least 3.
2026-09-11,3,153,Disasi,CRY,DEF,,0,,,,,,,,,Insufficient data,,only 2 finished-gameweek snapshot(s) recorded; need at least 3.
2026-09-11,3,154,Palmer,CHE,MID,100.0,0,,,,,,,,,Insufficient data,,only 2 finished-gameweek snapshot(s) recorded; need at least 3.
2026-09-11,3,155,Enzo,MCI,MID,,0,,,,,,,,,Insufficient data,,only 2 finished-gameweek snapshot(s) recorded; need at least 3.
2026-09-11,3,156,Neto,CHE,MID,,0,,,,,,,,,Insufficient data,,only 2 finished-gameweek snapshot(s) recorded; need at least 3.
2026-09-11,3,157,Estêvão,CHE,MID,,0,,,,,,,,,Insufficient data,,only 2 finished-gameweek snapshot(s) recorded; need at least 3.
2026-09-11,3,158,Gittens,CHE,MID,,0,,,,,,,,,Insufficient data,,only 2 finished-gameweek snapshot(s) recorded; need at least 3.
2026-09-11,3,159,Caicedo,CHE,MID,75.0,0,,,,,,,,,Insufficient data,,only 2 finished-gameweek snapshot(s) recorded; need at least 3.
2026-09-11,3,160,Garnacho,AVL,MID,,0,,,,,,,,,Insufficient data,,only 2 finished-gameweek snapshot(s) recorded; need at least 3.
2026-09-11,3,161,Lavia,CHE,MID,,0,,,,,,,,,Insufficient data,,only 2 finished-gameweek snapshot(s) recorded; need at least 3.
2026-09-11,3,162,Andrey Santos,MUN,MID,,0,,,,,,,,,Insufficient data,,only 2 finished-gameweek snapshot(s) recorded; need at least 3.
2026-09-11,3,163,D.Essugo,CHE,MID,0.0,0,,,,,,,,,Insufficient data,,only 2 finished-gameweek snapshot(s) recorded; need at least 3.
2026-09-11,3,164,Quenda,CHE,MID,100.0,0,,,,,,,,,Insufficient data,,only 2 finished-gameweek snapshot(s) recorded; need at least 3.
2026-09-11,3,165,João Pedro,CHE,FWD,,0,,,,,,,,,Insufficient data,,only 2 finished-gameweek snapshot(s) recorded; need at least 3.
2026-09-11,3,166,N.Jackson,AVL,FWD,,0,,,,,,,,,Insufficient data,,only 2 finished-gameweek snapshot(s) recorded; need at least 3.
2026-09-11,3,167,Delap,NFO,FWD,,0,,,,,,,,,Insufficient data,,only 2 finished-gameweek snapshot(s) recorded; need at least 3.
2026-09-11,3,168,Marc Guiu,CHE,FWD,0.0,0,,,,,,,,,Insufficient data,,only 2 finished-gameweek snapshot(s) recorded; need at least 3.
2026-09-11,3,169,Mheuka,CHE,FWD,,0,,,,,,,,,Insufficient data,,only 2 finished-gameweek snapshot(s) recorded; need at least 3.
2026-09-11,3,170,Emegha,CHE,FWD,100.0,0,,,,,,,,,Insufficient data,,only 2 finished-gameweek snapshot(s) recorded; need at least 3.
2026-09-11,3,171,Dovin,COV,GKP,0.0,0,,,,,,,,,Insufficient data,,only 2 finished-gameweek snapshot(s) recorded; need at least 3.
2026-09-11,3,172,Wilson,COV,GKP,,0,,,,,,,,,Insufficient data,,only 2 finished-gameweek snapshot(s) recorded; need at least 3.
2026-09-11,3,173,Thomas,COV,DEF,,0,,,,,,,,,Insufficient data,,only 2 finished-gameweek snapshot(s) recorded; need at least 3.
2026-09-11,3,174,Kitching,COV,DEF,0.0,0,,,,,,,,,Insufficient data,,only 2 finished-gameweek snapshot(s) recorded; need at least 3.
2026-09-11,3,175,van Ewijk,COV,DEF,,0,,,,,,,,,Insufficient data,,only 2 finished-gameweek snapshot(s) recorded; need at least 3.
2026-09-11,3,176,Dasilva,COV,DEF,,0,,,,,,,,,Insufficient data,,only 2 finished-gameweek snapshot(s) recorded; need at least 3.
2026-09-11,3,177,Kesler-Hayden,COV,DEF,0.0,0,,,,,,,,,Insufficient data,,only 2 finished-gameweek snapshot(s) recorded; need at least 3.
2026-09-11,3,178,Bidwell,COV,DEF,,0,,,,,,,,,Insufficient data,,only 2 finished-gameweek snapshot(s) recorded; need at least 3.
2026-09-11,3,179,Latibeaudiere,COV,DEF,,0,,,,,,,,,Insufficient data,,only 2 finished-gameweek snapshot(s) recorded; need at least 3.
2026-09-11,3,180,Woolfenden,COV,DEF,0.0,0,,,,,,,,,Insufficient data,,only 2 finished-gameweek snapshot(s) recorded; need at least 3.
2026-09-11,3,181,Brau,COV,DEF,0.0,0,,,,,,,,,Insufficient data,,only 2 finished-gameweek snapshot(s) recorded; need at least 3.
2026-09-11,3,182,Amenda,COV,DEF,,0,,,,,,,,,Insufficient data,,only 2 finished-gameweek snapshot(s) recorded; need at least 3.
2026-09-11,3,183,Rudoni,COV,MID,100.0,0,,,,,,,,,Insufficient data,,only 2 finished-gameweek snapshot(s) recorded; need at least 3.
2026-09-11,3,184,Grimes,COV,MID,,0,,,,,,,,,Insufficient data,,only 2 finished-gameweek snapshot(s) recorded; need at least 3.
2026-09-11,3,185,Sakamoto,COV,MID,,0,,,,,,,,,Insufficient data,,only 2 finished-gameweek snapshot(s) recorded; need at least 3.
2026-09-11,3,186,Mason-Clark,COV,MID,100.0,0,,,,,,,,,Insufficient data,,only 2 finished-gameweek snapshot(s) recorded; need at least 3.
2026-09-11,3,187,Eccles,COV,MID,,0,,,,,,,,,Insufficient data,,only 2 finished-gameweek snapshot(s) recorded; need at least 3.
2026-09-11,3,188,Torp,COV,MID,,0,,,,,,,,,Insufficient data,,only 2 finished-gameweek snapshot(s) recorded; need at least 3.
2026-09-11,3,189,Shepherd,COV,MID,,0,,,,,,,,,Insufficient data,,only 2 finished-gameweek snapshot(s) recorded; need at least 3.
2026-09-11,3,190,Tchaouna,COV,MID,,0,,,,,,,,,Insufficient data,,only 2 finished-gameweek snapshot(s) recorded; need at least 3.
2026-09-11,3,191,Borges Rodrigues,COV,MID,0.0,0,,,,,,,,,Insufficient data,,only 2 finished-gameweek snapshot(s) recorded; need at least 3.
2026-09-11,3,192,Andrews,COV,MID,0.0,0,,,,,,,,,Insufficient data,,only 2 finished-gameweek snapshot(s) recorded; need at least 3.
2026-09-11,3,193,Wright,COV,FWD,0.0,0,,,,,,,,,Insufficient data,,only 2 finished-gameweek snapshot(s) recorded; need at least 3.
2026-09-11,3,194,Thomas-Asante,COV,FWD,,0,,,,,,,,,Insufficient data,,only 2 finished-gameweek snapshot(s) recorded; need at least 3.
2026-09-11,3,195,Simms,COV,FWD,,0,,,,,,,,,Insufficient data,,only 2 finished-gameweek snapshot(s) recorded; need at least 3.
2026-09-11,3,196,Markelo,COV,FWD,0.0,0,,,,,,,,,Insufficient data,,only 2 finished-gameweek snapshot(s) recorded; need at least 3.
2026-09-11,3,197,Bassette,COV,FWD,0.0,0,,,,,,,,,Insufficient data,,only 2 finished-gameweek snapshot(s) recorded; need at least 3.
2026-09-11,3,198,Henderson,CRY,GKP,100.0,0,,,,,,,,,Insufficient data,,only 2 finished-gameweek snapshot(s) recorded; need at least 3.
2026-09-11,3,199,Benitez,CRY,GKP,,0,,,,,,,,,Insufficient data,,only 2 finished-gameweek snapshot(s) recorded; need at least 3.
2026-09-11,3,200,Lacroix,CHE,DEF,,0,,,,,,,,,Insufficient data,,only 2 finished-gameweek snapshot(s) recorded; need at least 3.
2026-09-11,3,201,Muñoz,NFO,DEF,,0,,,,,,,,,Insufficient data,,only 2 finished-gameweek snapshot(s) recorded; need at least 3.
2026-09-11,3,202,Richards,CRY,DEF,,0,,,,,,,,,Insufficient data,,only 2 finished-gameweek snapshot(s) recorded; need at least 3.
2026-09-11,3,203,Canvot,CRY,DEF,,0,,,,,,,,,Insufficient data,,only 2 finished-gameweek snapshot(s) recorded; need at least 3.
2026-09-11,3,204,Mitchell,CRY,DEF,,0,,,,,,,,,Insufficient data,,only 2 finished-gameweek snapshot(s) recorded; need at least 3.
2026-09-11,3,205,Sosa,CRY,DEF,0.0,0,,,,,,,,,Insufficient data,,only 2 finished-gameweek snapshot(s) recorded; need at least 3.
2026-09-11,3,206,Chadi Riad,CRY,DEF,0.0,0,,,,,,,,,Insufficient data,,only 2 finished-gameweek snapshot(s) recorded; need at least 3.
2026-09-11,3,207,Mingueza,CRY,DEF,,0,,,,,,,,,Insufficient data,,only 2 finished-gameweek snapshot(s) recorded; need at least 3.
2026-09-11,3,208,Sarr,CRY,MID,0.0,0,,,,,,,,,Insufficient data,,only 2 finished-gameweek snapshot(s) recorded; need at least 3.
2026-09-11,3,209,Johnson,EVE,MID,,0,,,,,,,,,Insufficient data,,only 2 finished-gameweek snapshot(s) recorded; need at least 3.
2026-09-11,3,210,Wharton,CRY,MID,100.0,0,,,,,,,,,Insufficient data,,only 2 finished-gameweek snapshot(s) recorded; need at least 3.
2026-09-11,3,211,Yeremy,CRY,MID,,0,,,,,,,,,Insufficient data,,only 2 finished-gameweek snapshot(s) recorded; need at least 3.
2026-09-11,3,212,Hughes,CRY,MID,,0,,,,,,,,,Insufficient data,,only 2 finished-gameweek snapshot(s) recorded; need at least 3.
2026-09-11,3,213,Lerma,CRY,MID,,0,,,,,,,,,Insufficient data,,only 2 finished-gameweek snapshot(s) recorded; need at least 3.
2026-09-11,3,214,Kamada,CRY,MID,,0,,,,,,,,,Insufficient data,,only 2 finished-gameweek snapshot(s) recorded; need at least 3.
2026-09-11,3,215,Devenny,CRY,MID,0.0,0,,,,,,,,,Insufficient data,,only 2 finished-gameweek snapshot(s) recorded; need at least 3.
2026-09-11,3,216,Esse,CRY,MID,0.0,0,,,,,,,,,Insufficient data,,only 2 finished-gameweek snapshot(s) recorded; need at least 3.
2026-09-11,3,217,M.França,CRY,MID,,0,,,,,,,,,Insufficient data,,only 2 finished-gameweek snapshot(s) recorded; need at least 3.
2026-09-11,3,218,Doucouré,CRY,MID,,0,,,,,,,,,Insufficient data,,only 2 finished-gameweek snapshot(s) recorded; need at least 3.
2026-09-11,3,219,J.Rak-Sakyi,CRY,MID,,0,,,,,,,,,Insufficient data,,only 2 finished-gameweek snapshot(s) recorded; need at least 3.
2026-09-11,3,220,Cardines,CRY,DEF,0.0,0,,,,,,,,,Insufficient data,,only 2 finished-gameweek snapshot(s) recorded; need at least 3.
2026-09-11,3,221,Drakes-Thomas,CRY,MID,,0,,,,,,,,,Insufficient data,,only 2 finished-gameweek snapshot(s) recorded; need at least 3.
2026-09-11,3,222,Strand Larsen,CRY,FWD,,0,,,,,,,,,Insufficient data,,only 2 finished-gameweek snapshot(s) recorded; need at least 3.
2026-09-11,3,223,Mateta,CRY,FWD,0.0,0,,,,,,,,,Insufficient data,,only 2 finished-gameweek snapshot(s) recorded; need at least 3.
2026-09-11,3,224,Nketiah,CRY,FWD,,0,,,,,,,,,Insufficient data,,only 2 finished-gameweek snapshot(s) recorded; need at least 3.
2026-09-11,3,225,Uche,CRY,FWD,0.0,0,,,,,,,,,Insufficient data,,only 2 finished-gameweek snapshot(s) recorded; need at least 3.
2026-09-11,3,226,Pickford,EVE,GKP,,0,,,,,,,,,Insufficient data,,only 2 finished-gameweek snapshot(s) recorded; need at least 3.
2026-09-11,3,227,Travers,EVE,GKP,,0,,,,,,,,,Insufficient data,,only 2 finished-gameweek snapshot(s) recorded; need at least 3.
2026-09-11,3,228,King,EVE,GKP,,0,,,,,,,,,Insufficient data,,only 2 finished-gameweek snapshot(s) recorded; need at least 3.
2026-09-11,3,229,Tarkowski,EVE,DEF,,0,,,,,,,,,Insufficient data,,only 2 finished-gameweek snapshot(s) recorded; need at least 3.
2026-09-11,3,230,Branthwaite,EVE,DEF,,0,,,,,,,,,Insufficient data,,only 2 finished-gameweek snapshot(s) recorded; need at least 3.
2026-09-11,3,231,Keane,EVE,DEF,,0,,,,,,,,,Insufficient data,,only 2 finished-gameweek snapshot(s) recorded; need at least 3.
2026-09-11,3,232,O'Brien,EVE,DEF,,0,,,,,,,,,Insufficient data,,only 2 finished-gameweek snapshot(s) recorded; need at least 3.
2026-09-11,3,233,Mykolenko,EVE,DEF,,0,,,,,,,,,Insufficient data,,only 2 finished-gameweek snapshot(s) recorded; need at least 3.
2026-09-11,3,234,Patterson,EVE,DEF,0.0,0,,,,,,,,,Insufficient data,,only 2 finished-gameweek snapshot(s) recorded; need at least 3.
2026-09-11,3,235,Aznou,EVE,DEF,0.0,0,,,,,,,,,Insufficient data,,only 2 finished-gameweek snapshot(s) recorded; need at least 3.
2026-09-11,3,236,Dewsbury-Hall,EVE,MID,,0,,,,,,,,,Insufficient data,,only 2 finished-gameweek snapshot(s) recorded; need at least 3.
2026-09-11,3,237,Ndiaye,MCI,MID,,0,,,,,,,,,Insufficient data,,only 2 finished-gameweek snapshot(s) recorded; need at least 3.
2026-09-11,3,238,Grealish,EVE,MID,100.0,0,,,,,,,,,Insufficient data,,only 2 finished-gameweek snapshot(s) recorded; need at least 3.
2026-09-11,3,239,Garner,EVE,MID,75.0,0,,,,,,,,,Insufficient data,,only 2 finished-gameweek snapshot(s) recorded; need at least 3.
2026-09-11,3,240,Iroegbunam,HUL,MID,100.0,0,,,,,,,,,Insufficient data,,only 2 finished-gameweek snapshot(s) recorded; need at least 3.
2026-09-11,3,241,McNeil,CRY,MID,,0,,,,,,,,,Insufficient data,,only 2 finished-gameweek snapshot(s) recorded; need at least 3.
2026-09-11,3,242,George,EVE,MID,,0,,,,,,,,,Insufficient data,,only 2 finished-gameweek snapshot(s) recorded; need at least 3.
2026-09-11,3,243,Alcaraz,EVE,MID,,0,,,,,,,,,Insufficient data,,only 2 finished-gameweek snapshot(s) recorded; need at least 3.
2026-09-11,3,244,Armstrong,EVE,MID,,0,,,,,,,,,Insufficient data,,only 2 finished-gameweek snapshot(s) recorded; need at least 3.
2026-09-11,3,245,Dibling,EVE,MID,,0,,,,,,,,,Insufficient data,,only 2 finished-gameweek snapshot(s) recorded; need at least 3.
2026-09-11,3,246,Röhl,EVE,MID,,0,,,,,,,,,Insufficient data,,only 2 finished-gameweek snapshot(s) recorded; need at least 3.
2026-09-11,3,247,Hackney,EVE,MID,100.0,0,,,,,,,,,Insufficient data,,only 2 finished-gameweek snapshot(s) recorded; need at least 3.
2026-09-11,3,248,Beto,EVE,FWD,0.0,0,,,,,,,,,Insufficient data,,only 2 finished-gameweek snapshot(s) recorded; need at least 3.
2026-09-11,3,249,Barry,EVE,FWD,,0,,,,,,,,,Insufficient data,,only 2 finished-gameweek snapshot(s) recorded; need at least 3.
2026-09-11,3,250,Leno,FUL,GKP,,0,,,,,,,,,Insufficient data,,only 2 finished-gameweek snapshot(s) recorded; need at least 3.
2026-09-11,3,251,Lecomte,FUL,GKP,,0,,,,,,,,,Insufficient data,,only 2 finished-gameweek snapshot(s) recorded; need at least 3.
2026-09-11,3,252,McNally,FUL,GKP,0.0,0,,,,,,,,,Insufficient data,,only 2 finished-gameweek snapshot(s) recorded; need at least 3.
2026-09-11,3,253,Andersen,FUL,DEF,100.0,0,,,,,,,,,Insufficient data,,only 2 finished-gameweek snapshot(s) recorded; need at least 3.
2026-09-11,3,254,Robinson,FUL,DEF,,0,,,,,,,,,Insufficient data,,only 2 finished-gameweek snapshot(s) recorded; need at least 3.
2026-09-11,3,255,J.Cuenca,FUL,DEF,,0,,,,,,,,,Insufficient data,,only 2 finished-gameweek snapshot(s) recorded; need at least 3.
2026-09-11,3,256,Tete,FUL,DEF,,0,,,,,,,,,Insufficient data,,only 2 finished-gameweek snapshot(s) recorded; need at least 3.
2026-09-11,3,257,Bassey,FUL,DEF,,0,,,,,,,,,Insufficient data,,only 2 finished-gameweek snapshot(s) recorded; need at least 3.
2026-09-11,3,258,Castagne,FUL,DEF,,0,,,,,,,,,Insufficient data,,only 2 finished-gameweek snapshot(s) recorded; need at least 3.
2026-09-11,3,259,Diop,IPS,DEF,,0,,,,,,,,,Insufficient data,,only 2 finished-gameweek snapshot(s) recorded; need at least 3.
2026-09-11,3,260,Wilson,LEE,MID,,0,,,,,,,,,Insufficient data,,only 2 finished-gameweek snapshot(s) recorded; need at least 3.
2026-09-11,3,261,Iwobi,FUL,MID,,0,,,,,,,,,Insufficient data,,only 2 finished-gameweek snapshot(s) recorded; need at least 3.
2026-09-11,3,262,Smith Rowe,FUL,MID,,0,,,,,,,,,Insufficient data,,only 2 finished-gameweek snapshot(s) recorded; need at least 3.
2026-09-11,3,263,Kevin,FUL,MID,,0,,,,,,,,,Insufficient data,,only 2 finished-gameweek snapshot(s) recorded; need at least 3.
2026-09-11,3,264,Bobb,FUL,MID,,0,,,,,,,,,Insufficient data,,only 2 finished-gameweek snapshot(s) recorded; need at least 3.
2026-09-11,3,265,Berge,FUL,MID,,0,,,,,,,,,Insufficient data,,only 2 finished-gameweek snapshot(s) recorded; need at least 3.
2026-09-11,3,266,Cairney,FUL,MID,0.0,0,,,,,,,,,Insufficient data,,only 2 finished-gameweek snapshot(s) recorded; need at least 3.
2026-09-11,3,267,Lukić,IPS,MID,,0,,,,,,,,,Insufficient data,,only 2 finished-gameweek snapshot(s) recorded; need at least 3.
2026-09-11,3,268,King,FUL,MID,,0,,,,,,,,,Insufficient data,,only 2 finished-gameweek snapshot(s) recorded; need at least 3.
2026-09-11,3,269,Sessegnon,FUL,DEF,,0,,,,,,,,,Insufficient data,,only 2 finished-gameweek snapshot(s) recorded; need at least 3.
2026-09-11,3,270,Reed,FUL,MID,,0,,,,,,,,,Insufficient data,,only 2 finished-gameweek snapshot(s) recorded; need at least 3.
2026-09-11,3,271,Muniz,FUL,FWD,,0,,,,,,,,,Insufficient data,,only 2 finished-gameweek snapshot(s) recorded; need at least 3.
2026-09-11,3,272,Kusi-Asare,FUL,FWD,,0,,,,,,,,,Insufficient data,,only 2 finished-gameweek snapshot(s) recorded; need at least 3.
2026-09-11,3,273,Phillips,HUL,GKP,,0,,,,,,,,,Insufficient data,,only 2 finished-gameweek snapshot(s) recorded; need at least 3.
2026-09-11,3,274,Butland,HUL,GKP,0.0,0,,,,,,,,,Insufficient data,,only 2 finished-gameweek snapshot(s) recorded; need at least 3.
2026-09-11,3,275,Cartwright,HUL,GKP,0.0,0,,,,,,,,,Insufficient data,,only 2 finished-gameweek snapshot(s) recorded; need at least 3.
2026-09-11,3,276,Lo-Tutala,HUL,GKP,0.0,0,,,,,,,,,Insufficient data,,only 2 finished-gameweek snapshot(s) recorded; need at least 3.
2026-09-11,3,277,Egan,HUL,DEF,,0,,,,,,,,,Insufficient data,,only 2 finished-gameweek snapshot(s) recorded; need at least 3.
2026-09-11,3,278,Hughes,HUL,DEF,0.0,0,,,,,,,,,Insufficient data,,only 2 finished-gameweek snapshot(s) recorded; need at least 3.
2026-09-11,3,279,Ajayi,HUL,DEF,100.0,0,,,,,,,,,Insufficient data,,only 2 finished-gameweek snapshot(s) recorded; need at least 3.
2026-09-11,3,280,Coyle,HUL,DEF,100.0,0,,,,,,,,,Insufficient data,,only 2 finished-gameweek snapshot(s) recorded; need at least 3.
2026-09-11,3,281,Drameh,HUL,DEF,0.0,0,,,,,,,,,Insufficient data,,only 2 finished-gameweek snapshot(s) recorded; need at least 3.
2026-09-11,3,282,Giles,HUL,DEF,,0,,,,,,,,,Insufficient data,,only 2 finished-gameweek snapshot(s) recorded; need at least 3.
2026-09-11,3,283,Jacob,HUL,DEF,0.0,0,,,,,,,,,Insufficient data,,only 2 finished-gameweek snapshot(s) recorded; need at least 3.
2026-09-11,3,284,McCarthy,HUL,DEF,,0,,,,,,,,,Insufficient data,,only 2 finished-gameweek snapshot(s) recorded; need at least 3.
2026-09-11,3,285,McNair,HUL,DEF,,0,,,,,,,,,Insufficient data,,only 2 finished-gameweek snapshot(s) recorded; need at least 3.
2026-09-11,3,286,Belloumi,HUL,MID,,0,,,,,,,,,Insufficient data,,only 2 finished-gameweek snapshot(s) recorded; need at least 3.
2026-09-11,3,287,Millar,HUL,MID,0.0,0,,,,,,,,,Insufficient data,,only 2 finished-gameweek snapshot(s) recorded; need at least 3.
2026-09-11,3,288,Dowell,HUL,MID,,0,,,,,,,,,Insufficient data,,only 2 finished-gameweek snapshot(s) recorded; need at least 3.
2026-09-11,3,289,Crooks,HUL,MID,75.0,0,,,,,,,,,Insufficient data,,only 2 finished-gameweek snapshot(s) recorded; need at least 3.
2026-09-11,3,290,Slater,HUL,MID,,0,,,,,,,,,Insufficient data,,only 2 finished-gameweek snapshot(s) recorded; need at least 3.
2026-09-11,3,291,Matazo,HUL,MID,0.0,0,,,,,,,,,Insufficient data,,only 2 finished-gameweek snapshot(s) recorded; need at least 3.
2026-09-11,3,292,Ömür,HUL,MID,,0,,,,,,,,,Insufficient data,,only 2 finished-gameweek snapshot(s) recorded; need at least 3.
2026-09-11,3,293,Kamara,HUL,MID,0.0,0,,,,,,,,,Insufficient data,,only 2 finished-gameweek snapshot(s) recorded; need at least 3.
2026-09-11,3,294,Zambrano,HUL,MID,0.0,0,,,,,,,,,Insufficient data,,only 2 finished-gameweek snapshot(s) recorded; need at least 3.
2026-09-11,3,295,McBurnie,HUL,FWD,,0,,,,,,,,,Insufficient data,,only 2 finished-gameweek snapshot(s) recorded; need at least 3.
2026-09-11,3,296,Akintola,HUL,MID,,0,,,,,,,,,Insufficient data,,only 2 finished-gameweek snapshot(s) recorded; need at least 3.
2026-09-11,3,297,Gyabi,HUL,MID,0.0,0,,,,,,,,,Insufficient data,,only 2 finished-gameweek snapshot(s) recorded; need at least 3.
2026-09-11,3,298,Destan,HUL,FWD,0.0,0,,,,,,,,,Insufficient data,,only 2 finished-gameweek snapshot(s) recorded; need at least 3.
2026-09-11,3,299,Burstow,HUL,FWD,0.0,0,,,,,,,,,Insufficient data,,only 2 finished-gameweek snapshot(s) recorded; need at least 3.
2026-09-11,3,300,Walton,IPS,GKP,,0,,,,,,,,,Insufficient data,,only 2 finished-gameweek snapshot(s) recorded; need at least 3.
2026-09-11,3,301,Palmer,IPS,GKP,,0,,,,,,,,,Insufficient data,,only 2 finished-gameweek snapshot(s) recorded; need at least 3.
2026-09-11,3,302,Button,IPS,GKP,,0,,,,,,,,,Insufficient data,,only 2 finished-gameweek snapshot(s) recorded; need at least 3.
2026-09-11,3,303,Kipré,IPS,DEF,,0,,,,,,,,,Insufficient data,,only 2 finished-gameweek snapshot(s) recorded; need at least 3.
2026-09-11,3,304,O'Shea,IPS,DEF,,0,,,,,,,,,Insufficient data,,only 2 finished-gameweek snapshot(s) recorded; need at least 3.
2026-09-11,3,305,Davis,IPS,DEF,,0,,,,,,,,,Insufficient data,,only 2 finished-gameweek snapshot(s) recorded; need at least 3.
2026-09-11,3,306,Greaves,IPS,DEF,,0,,,,,,,,,Insufficient data,,only 2 finished-gameweek snapshot(s) recorded; need at least 3.
2026-09-11,3,307,Johnson,IPS,DEF,0.0,0,,,,,,,,,Insufficient data,,only 2 finished-gameweek snapshot(s) recorded; need at least 3.
2026-09-11,3,308,Furlong,IPS,DEF,,0,,,,,,,,,Insufficient data,,only 2 finished-gameweek snapshot(s) recorded; need at least 3.
2026-09-11,3,309,Núñez,IPS,MID,,0,,,,,,,,,Insufficient data,,only 2 finished-gameweek snapshot(s) recorded; need at least 3.
2026-09-11,3,310,Matusiwa,IPS,MID,0.0,0,,,,,,,,,Insufficient data,,only 2 finished-gameweek snapshot(s) recorded; need at least 3.
2026-09-11,3,311,Burns,IPS,MID,0.0,0,,,,,,,,,Insufficient data,,only 2 finished-gameweek snapshot(s) recorded; need at least 3.
2026-09-11,3,312,Taylor,IPS,MID,0.0,0,,,,,,,,,Insufficient data,,only 2 finished-gameweek snapshot(s) recorded; need at least 3.
2026-09-11,3,313,Clarke,IPS,MID,,0,,,,,,,,,Insufficient data,,only 2 finished-gameweek snapshot(s) recorded; need at least 3.
2026-09-11,3,314,Ogbene,IPS,MID,0.0,0,,,,,,,,,Insufficient data,,only 2 finished-gameweek snapshot(s) recorded; need at least 3.
2026-09-11,3,315,Fatawu,IPS,MID,,0,,,,,,,,,Insufficient data,,only 2 finished-gameweek snapshot(s) recorded; need at least 3.
2026-09-11,3,316,Emersonn,IPS,FWD,100.0,0,,,,,,,,,Insufficient data,,only 2 finished-gameweek snapshot(s) recorded; need at least 3.
2026-09-11,3,317,Hirst,IPS,FWD,0.0,0,,,,,,,,,Insufficient data,,only 2 finished-gameweek snapshot(s) recorded; need at least 3.
2026-09-11,3,318,Philogene,IPS,MID,0.0,0,,,,,,,,,Insufficient data,,only 2 finished-gameweek snapshot(s) recorded; need at least 3.
2026-09-11,3,319,Szmodics,IPS,MID,0.0,0,,,,,,,,,Insufficient data,,only 2 finished-gameweek snapshot(s) recorded; need at least 3.
2026-09-11,3,320,Akpom,IPS,FWD,,0,,,,,,,,,Insufficient data,,only 2 finished-gameweek snapshot(s) recorded; need at least 3.
2026-09-11,3,321,Walle Egeli,IPS,FWD,,0,,,,,,,,,Insufficient data,,only 2 finished-gameweek snapshot(s) recorded; need at least 3.
2026-09-11,3,322,Al-Hamadi,IPS,FWD,0.0,0,,,,,,,,,Insufficient data,,only 2 finished-gameweek snapshot(s) recorded; need at least 3.
2026-09-11,3,323,McAteer,IPS,MID,,0,,,,,,,,,Insufficient data,,only 2 finished-gameweek snapshot(s) recorded; need at least 3.
2026-09-11,3,324,Mehmeti,IPS,MID,,0,,,,,,,,,Insufficient data,,only 2 finished-gameweek snapshot(s) recorded; need at least 3.
2026-09-11,3,325,Darlow,MUN,GKP,100.0,0,,,,,,,,,Insufficient data,,only 2 finished-gameweek snapshot(s) recorded; need at least 3.
2026-09-11,3,326,Perri,LEE,GKP,0.0,0,,,,,,,,,Insufficient data,,only 2 finished-gameweek snapshot(s) recorded; need at least 3.
2026-09-11,3,327,Bijol,LEE,DEF,,0,,,,,,,,,Insufficient data,,only 2 finished-gameweek snapshot(s) recorded; need at least 3.
2026-09-11,3,328,Struijk,BHA,DEF,100.0,0,,,,,,,,,Insufficient data,,only 2 finished-gameweek snapshot(s) recorded; need at least 3.
2026-09-11,3,329,Rodon,LEE,DEF,0.0,0,,,,,,,,,Insufficient data,,only 2 finished-gameweek snapshot(s) recorded; need at least 3.
2026-09-11,3,330,Bogle,LEE,DEF,,0,,,,,,,,,Insufficient data,,only 2 finished-gameweek snapshot(s) recorded; need at least 3.
2026-09-11,3,331,Gudmundsson,LEE,DEF,100.0,0,,,,,,,,,Insufficient data,,only 2 finished-gameweek snapshot(s) recorded; need at least 3.
2026-09-11,3,332,Justin,LEE,DEF,,0,,,,,,,,,Insufficient data,,only 2 finished-gameweek snapshot(s) recorded; need at least 3.
2026-09-11,3,333,Bornauw,LEE,DEF,0.0,0,,,,,,,,,Insufficient data,,only 2 finished-gameweek snapshot(s) recorded; need at least 3.
2026-09-11,3,334,Muharemović,LEE,DEF,,0,,,,,,,,,Insufficient data,,only 2 finished-gameweek snapshot(s) recorded; need at least 3.
2026-09-11,3,335,Stach,LEE,MID,,0,,,,,,,,,Insufficient data,,only 2 finished-gameweek snapshot(s) recorded; need at least 3.
2026-09-11,3,336,Okafor,LEE,MID,,0,,,,,,,,,Insufficient data,,only 2 finished-gameweek snapshot(s) recorded; need at least 3.
2026-09-11,3,337,Aaronson,LEE,MID,,0,,,,,,,,,Insufficient data,,only 2 finished-gameweek snapshot(s) recorded; need at least 3.
2026-09-11,3,338,Ampadu,LEE,MID,,0,,,,,,,,,Insufficient data,,only 2 finished-gameweek snapshot(s) recorded; need at least 3.
2026-09-11,3,339,Longstaff,LEE,MID,,0,,,,,,,,,Insufficient data,,only 2 finished-gameweek snapshot(s) recorded; need at least 3.
2026-09-11,3,340,Gelhardt,HUL,MID,100.0,0,,,,,,,,,Insufficient data,,only 2 finished-gameweek snapshot(s) recorded; need at least 3.
2026-09-11,3,341,Gnonto,LEE,MID,0.0,0,,,,,,,,,Insufficient data,,only 2 finished-gameweek snapshot(s) recorded; need at least 3.
2026-09-11,3,342,Harrison,LEE,MID,0.0,0,,,,,,,,,Insufficient data,,only 2 finished-gameweek snapshot(s) recorded; need at least 3.
2026-09-11,3,343,James,LEE,MID,,0,,,,,,,,,Insufficient data,,only 2 finished-gameweek snapshot(s) recorded; need at least 3.
2026-09-11,3,344,Gruev,LEE,MID,25.0,0,,,,,,,,,Insufficient data,,only 2 finished-gameweek snapshot(s) recorded; need at least 3.
2026-09-11,3,345,Tanaka,LEE,MID,,0,,,,,,,,,Insufficient data,,only 2 finished-gameweek snapshot(s) recorded; need at least 3.
2026-09-11,3,346,Calvert-Lewin,LEE,FWD,,0,,,,,,,,,Insufficient data,,only 2 finished-gameweek snapshot(s) recorded; need at least 3.
2026-09-11,3,347,Nmecha,LEE,FWD,,0,,,,,,,,,Insufficient data,,only 2 finished-gameweek snapshot(s) recorded; need at least 3.
2026-09-11,3,348,Piroe,LEE,FWD,0.0,0,,,,,,,,,Insufficient data,,only 2 finished-gameweek snapshot(s) recorded; need at least 3.
2026-09-11,3,349,Mateo Joseph,LEE,FWD,0.0,0,,,,,,,,,Insufficient data,,only 2 finished-gameweek snapshot(s) recorded; need at least 3.
2026-09-11,3,350,A.Becker,LIV,GKP,,0,,,,,,,,,Insufficient data,,only 2 finished-gameweek snapshot(s) recorded; need at least 3.
2026-09-11,3,351,Mamardashvili,LIV,GKP,,0,,,,,,,,,Insufficient data,,only 2 finished-gameweek snapshot(s) recorded; need at least 3.
2026-09-11,3,352,Woodman,LIV,GKP,,0,,,,,,,,,Insufficient data,,only 2 finished-gameweek snapshot(s) recorded; need at least 3.
2026-09-11,3,353,Pecsi,LIV,GKP,0.0,0,,,,,,,,,Insufficient data,,only 2 finished-gameweek snapshot(s) recorded; need at least 3.
2026-09-11,3,354,Jaros,LIV,GKP,0.0,0,,,,,,,,,Insufficient data,,only 2 finished-gameweek snapshot(s) recorded; need at least 3.
2026-09-11,3,355,Davies,LIV,GKP,,0,,,,,,,,,Insufficient data,,only 2 finished-gameweek snapshot(s) recorded; need at least 3.
2026-09-11,3,356,Virgil,LIV,DEF,,0,,,,,,,,,Insufficient data,,only 2 finished-gameweek snapshot(s) recorded; need at least 3.
2026-09-11,3,357,Frimpong,LIV,DEF,,0,,,,,,,,,Insufficient data,,only 2 finished-gameweek snapshot(s) recorded; need at least 3.
2026-09-11,3,358,Kerkez,LIV,DEF,,0,,,,,,,,,Insufficient data,,only 2 finished-gameweek snapshot(s) recorded; need at least 3.
2026-09-11,3,359,Gomez,LIV,DEF,0.0,0,,,,,,,,,Insufficient data,,only 2 finished-gameweek snapshot(s) recorded; need at least 3.
2026-09-11,3,360,Bradley,LIV,DEF,0.0,0,,,,,,,,,Insufficient data,,only 2 finished-gameweek snapshot(s) recorded; need at least 3.
2026-09-11,3,361,Lucky,LIV,DEF,,0,,,,,,,,,Insufficient data,,only 2 finished-gameweek snapshot(s) recorded; need at least 3.
2026-09-11,3,362,Jacquet,LIV,DEF,100.0,0,,,,,,,,,Insufficient data,,only 2 finished-gameweek snapshot(s) recorded; need at least 3.
2026-09-11,3,363,Leoni,LIV,DEF,0.0,0,,,,,,,,,Insufficient data,,only 2 finished-gameweek snapshot(s) recorded; need at least 3.
2026-09-11,3,364,Tsimikas,LIV,DEF,,0,,,,,,,,,Insufficient data,,only 2 finished-gameweek snapshot(s) recorded; need at least 3.
2026-09-11,3,365,Ramsay,LIV,DEF,0.0,0,,,,,,,,,Insufficient data,,only 2 finished-gameweek snapshot(s) recorded; need at least 3.
2026-09-11,3,366,Wirtz,LIV,MID,,0,,,,,,,,,Insufficient data,,only 2 finished-gameweek snapshot(s) recorded; need at least 3.
2026-09-11,3,367,Gakpo,LIV,MID,,0,,,,,,,,,Insufficient data,,only 2 finished-gameweek snapshot(s) recorded; need at least 3.
2026-09-11,3,368,Szoboszlai,LIV,MID,,0,,,,,,,,,Insufficient data,,only 2 finished-gameweek snapshot(s) recorded; need at least 3.
2026-09-11,3,369,Ngumoha,LIV,MID,,0,,,,,,,,,Insufficient data,,only 2 finished-gameweek snapshot(s) recorded; need at least 3.
2026-09-11,3,370,Chiesa,LIV,MID,0.0,0,,,,,,,,,Insufficient data,,only 2 finished-gameweek snapshot(s) recorded; need at least 3.
2026-09-11,3,371,Gravenberch,LIV,MID,,0,,,,,,,,,Insufficient data,,only 2 finished-gameweek snapshot(s) recorded; need at least 3.
2026-09-11,3,372,Mac Allister,LIV,MID,,0,,,,,,,,,Insufficient data,,only 2 finished-gameweek snapshot(s) recorded; need at least 3.
2026-09-11,3,373,C.Jones,LIV,MID,0.0,0,,,,,,,,,Insufficient data,,only 2 finished-gameweek snapshot(s) recorded; need at least 3.
2026-09-11,3,374,Endo,LIV,MID,100.0,0,,,,,,,,,Insufficient data,,only 2 finished-gameweek snapshot(s) recorded; need at least 3.
2026-09-11,3,375,Nyoni,LIV,MID,,0,,,,,,,,,Insufficient data,,only 2 finished-gameweek snapshot(s) recorded; need at least 3.
2026-09-11,3,376,Bajcetic,LIV,MID,0.0,0,,,,,,,,,Insufficient data,,only 2 finished-gameweek snapshot(s) recorded; need at least 3.
2026-09-11,3,377,Munoz,LIV,MID,,0,,,,,,,,,Insufficient data,,only 2 finished-gameweek snapshot(s) recorded; need at least 3.
2026-09-11,3,378,McConnell,LIV,MID,,0,,,,,,,,,Insufficient data,,only 2 finished-gameweek snapshot(s) recorded; need at least 3.
2026-09-11,3,379,Isak,LIV,FWD,,0,,,,,,,,,Insufficient data,,only 2 finished-gameweek snapshot(s) recorded; need at least 3.
2026-09-11,3,380,Ekitiké,LIV,FWD,0.0,0,,,,,,,,,Insufficient data,,only 2 finished-gameweek snapshot(s) recorded; need at least 3.
2026-09-11,3,381,Koumas,LIV,MID,,0,,,,,,,,,Insufficient data,,only 2 finished-gameweek snapshot(s) recorded; need at least 3.
2026-09-11,3,382,Danns,LIV,FWD,100.0,0,,,,,,,,,Insufficient data,,only 2 finished-gameweek snapshot(s) recorded; need at least 3.
2026-09-11,3,383,Elliott,LIV,MID,0.0,0,,,,,,,,,Insufficient data,,only 2 finished-gameweek snapshot(s) recorded; need at least 3.
2026-09-11,3,384,Donnarumma,MCI,GKP,,0,,,,,,,,,Insufficient data,,only 2 finished-gameweek snapshot(s) recorded; need at least 3.
2026-09-11,3,385,Trafford,LEE,GKP,,0,,,,,,,,,Insufficient data,,only 2 finished-gameweek snapshot(s) recorded; need at least 3.
2026-09-11,3,386,Bettinelli,MCI,GKP,,0,,,,,,,,,Insufficient data,,only 2 finished-gameweek snapshot(s) recorded; need at least 3.
2026-09-11,3,387,O'Reilly,MCI,DEF,75.0,0,,,,,,,,,Insufficient data,,only 2 finished-gameweek snapshot(s) recorded; need at least 3.
2026-09-11,3,388,Guéhi,MCI,DEF,,0,,,,,,,,,Insufficient data,,only 2 finished-gameweek snapshot(s) recorded; need at least 3.
2026-09-11,3,389,Matheus N.,MCI,DEF,100.0,0,,,,,,,,,Insufficient data,,only 2 finished-gameweek snapshot(s) recorded; need at least 3.
2026-09-11,3,390,Rúben,MCI,DEF,,0,,,,,,,,,Insufficient data,,only 2 finished-gameweek snapshot(s) recorded; need at least 3.
2026-09-11,3,391,Gvardiol,MCI,DEF,,0,,,,,,,,,Insufficient data,,only 2 finished-gameweek snapshot(s) recorded; need at least 3.
2026-09-11,3,392,Aït-Nouri,MCI,DEF,,0,,,,,,,,,Insufficient data,,only 2 finished-gameweek snapshot(s) recorded; need at least 3.
2026-09-11,3,393,Khusanov,MCI,DEF,,0,,,,,,,,,Insufficient data,,only 2 finished-gameweek snapshot(s) recorded; need at least 3.
2026-09-11,3,394,Alleyne,MCI,DEF,0.0,0,,,,,,,,,Insufficient data,,only 2 finished-gameweek snapshot(s) recorded; need at least 3.
2026-09-11,3,395,Lewis,MCI,DEF,,0,,,,,,,,,Insufficient data,,only 2 finished-gameweek snapshot(s) recorded; need at least 3.
2026-09-11,3,396,Vitor Reis,MCI,DEF,,0,,,,,,,,,Insufficient data,,only 2 finished-gameweek snapshot(s) recorded; need at least 3.
2026-09-11,3,397,Semenyo,MCI,MID,,0,,,,,,,,,Insufficient data,,only 2 finished-gameweek snapshot(s) recorded; need at least 3.
2026-09-11,3,398,Foden,MCI,MID,,0,,,,,,,,,Insufficient data,,only 2 finished-gameweek snapshot(s) recorded; need at least 3.
2026-09-11,3,399,Cherki,MCI,MID,,0,,,,,,,,,Insufficient data,,only 2 finished-gameweek snapshot(s) recorded; need at least 3.
2026-09-11,3,400,Doku,MCI,MID,0.0,0,,,,,,,,,Insufficient data,,only 2 finished-gameweek snapshot(s) recorded; need at least 3.
2026-09-11,3,401,Marmoush,TOT,FWD,,0,,,,,,,,,Insufficient data,,only 2 finished-gameweek snapshot(s) recorded; need at least 3.
2026-09-11,3,402,Rodrigo,MCI,MID,0.0,0,,,,,,,,,Insufficient data,,only 2 finished-gameweek snapshot(s) recorded; need at least 3.
2026-09-11,3,403,Sávio,TOT,MID,100.0,0,,,,,,,,,Insufficient data,,only 2 finished-gameweek snapshot(s) recorded; need at least 3.
2026-09-11,3,404,Reijnders,MCI,MID,0.0,0,,,,,,,,,Insufficient data,,only 2 finished-gameweek snapshot(s) recorded; need at least 3.
2026-09-11,3,405,N.Gonzalez,NEW,MID,,0,,,,,,,,,Insufficient data,,only 2 finished-gameweek snapshot(s) recorded; need at least 3.
2026-09-11,3,406,Kovačić,MCI,MID,,0,,,,,,,,,Insufficient data,,only 2 finished-gameweek snapshot(s) recorded; need at least 3.
2026-09-11,3,407,Echeverri,MCI,MID,0.0,0,,,,,,,,,Insufficient data,,only 2 finished-gameweek snapshot(s) recorded; need at least 3.
2026-09-11,3,408,Phillips,MCI,MID,0.0,0,,,,,,,,,Insufficient data,,only 2 finished-gameweek snapshot(s) recorded; need at least 3.
2026-09-11,3,409,Mukasa,MCI,MID,0.0,0,,,,,,,,,Insufficient data,,only 2 finished-gameweek snapshot(s) recorded; need at least 3.
2026-09-11,3,410,Monga,MCI,MID,0.0,0,,,,,,,,,Insufficient data,,only 2 finished-gameweek snapshot(s) recorded; need at least 3.
2026-09-11,3,411,Haaland,MCI,FWD,,0,,,,,,,,,Insufficient data,,only 2 finished-gameweek snapshot(s) recorded; need at least 3.
2026-09-11,3,412,Lammens,MUN,GKP,,0,,,,,,,,,Insufficient data,,only 2 finished-gameweek snapshot(s) recorded; need at least 3.
2026-09-11,3,413,Bayindir,MUN,GKP,0.0,0,,,,,,,,,Insufficient data,,only 2 finished-gameweek snapshot(s) recorded; need at least 3.
2026-09-11,3,414,Heaton,MUN,GKP,0.0,0,,,,,,,,,Insufficient data,,only 2 finished-gameweek snapshot(s) recorded; need at least 3.
2026-09-11,3,415,Dorgu,MUN,MID,,0,,,,,,,,,Insufficient data,,only 2 finished-gameweek snapshot(s) recorded; need at least 3.
2026-09-11,3,416,De Ligt,MUN,DEF,0.0,0,,,,,,,,,Insufficient data,,only 2 finished-gameweek snapshot(s) recorded; need at least 3.
2026-09-11,3,417,Dalot,MUN,DEF,,0,,,,,,,,,Insufficient data,,only 2 finished-gameweek snapshot(s) recorded; need at least 3.
2026-09-11,3,418,Maguire,MUN,DEF,,0,,,,,,,,,Insufficient data,,only 2 finished-gameweek snapshot(s) recorded; need at least 3.
2026-09-11,3,419,Martinez,MUN,DEF,100.0,0,,,,,,,,,Insufficient data,,only 2 finished-gameweek snapshot(s) recorded; need at least 3.
2026-09-11,3,420,Yoro,MUN,DEF,,0,,,,,,,,,Insufficient data,,only 2 finished-gameweek snapshot(s) recorded; need at least 3.
2026-09-11,3,421,Heaven,MUN,DEF,,0,,,,,,,,,Insufficient data,,only 2 finished-gameweek snapshot(s) recorded; need at least 3.
2026-09-11,3,422,Mazraoui,MUN,DEF,,0,,,,,,,,,Insufficient data,,only 2 finished-gameweek snapshot(s) recorded; need at least 3.
2026-09-11,3,423,Shaw,MUN,DEF,,0,,,,,,,,,Insufficient data,,only 2 finished-gameweek snapshot(s) recorded; need at least 3.
2026-09-11,3,424,Amass,MUN,DEF,,0,,,,,,,,,Insufficient data,,only 2 finished-gameweek snapshot(s) recorded; need at least 3.
2026-09-11,3,425,Fredricson,MUN,DEF,0.0,0,,,,,,,,,Insufficient data,,only 2 finished-gameweek snapshot(s) recorded; need at least 3.
2026-09-11,3,426,B.Fernandes,MUN,MID,,0,,,,,,,,,Insufficient data,,only 2 finished-gameweek snapshot(s) recorded; need at least 3.
2026-09-11,3,427,Mbeumo,MUN,MID,,0,,,,,,,,,Insufficient data,,only 2 finished-gameweek snapshot(s) recorded; need at least 3.
2026-09-11,3,428,Cunha,MUN,MID,,0,,,,,,,,,Insufficient data,,only 2 finished-gameweek snapshot(s) recorded; need at least 3.
2026-09-11,3,429,Rashford,MUN,MID,,0,,,,,,,,,Insufficient data,,only 2 finished-gameweek snapshot(s) recorded; need at least 3.
2026-09-11,3,430,Mount,MUN,MID,100.0,0,,,,,,,,,Insufficient data,,only 2 finished-gameweek snapshot(s) recorded; need at least 3.
2026-09-11,3,431,Amad,MUN,MID,0.0,0,,,,,,,,,Insufficient data,,only 2 finished-gameweek snapshot(s) recorded; need at least 3.
2026-09-11,3,432,Mainoo,MUN,MID,,0,,,,,,,,,Insufficient data,,only 2 finished-gameweek snapshot(s) recorded; need at least 3.
2026-09-11,3,433,Ugarte,MUN,MID,0.0,0,,,,,,,,,Insufficient data,,only 2 finished-gameweek snapshot(s) recorded; need at least 3.
2026-09-11,3,434,J.Fletcher,MUN,MID,,0,,,,,,,,,Insufficient data,,only 2 finished-gameweek snapshot(s) recorded; need at least 3.
2026-09-11,3,435,Lacey,MUN,MID,,0,,,,,,,,,Insufficient data,,only 2 finished-gameweek snapshot(s) recorded; need at least 3.
2026-09-11,3,436,Collyer,MUN,MID,0.0,0,,,,,,,,,Insufficient data,,only 2 finished-gameweek snapshot(s) recorded; need at least 3.
2026-09-11,3,437,Bendito Mantato,MUN,MID,,0,,,,,,,,,Insufficient data,,only 2 finished-gameweek snapshot(s) recorded; need at least 3.
2026-09-11,3,438,Fletcher,MUN,MID,,0,,,,,,,,,Insufficient data,,only 2 finished-gameweek snapshot(s) recorded; need at least 3.
2026-09-11,3,439,Šeško,MUN,FWD,100.0,0,,,,,,,,,Insufficient data,,only 2 finished-gameweek snapshot(s) recorded; need at least 3.
2026-09-11,3,440,Zirkzee,MUN,FWD,,0,,,,,,,,,Insufficient data,,only 2 finished-gameweek snapshot(s) recorded; need at least 3.
2026-09-11,3,441,Obi,MUN,FWD,,0,,,,,,,,,Insufficient data,,only 2 finished-gameweek snapshot(s) recorded; need at least 3.
2026-09-11,3,442,Pope,NEW,GKP,,0,,,,,,,,,Insufficient data,,only 2 finished-gameweek snapshot(s) recorded; need at least 3.
2026-09-11,3,443,Gillespie,NEW,GKP,,0,,,,,,,,,Insufficient data,,only 2 finished-gameweek snapshot(s) recorded; need at least 3.
2026-09-11,3,444,Jaouen,NEW,GKP,,0,,,,,,,,,Insufficient data,,only 2 finished-gameweek snapshot(s) recorded; need at least 3.
2026-09-11,3,445,Thiaw,NEW,DEF,,0,,,,,,,,,Insufficient data,,only 2 finished-gameweek snapshot(s) recorded; need at least 3.
2026-09-11,3,446,Schär,NEW,DEF,100.0,0,,,,,,,,,Insufficient data,,only 2 finished-gameweek snapshot(s) recorded; need at least 3.
2026-09-11,3,447,Botman,NEW,DEF,,0,,,,,,,,,Insufficient data,,only 2 finished-gameweek snapshot(s) recorded; need at least 3.
2026-09-11,3,448,Burn,NEW,DEF,0.0,0,,,,,,,,,Insufficient data,,only 2 finished-gameweek snapshot(s) recorded; need at least 3.
2026-09-11,3,449,Hall,NEW,DEF,,0,,,,,,,,,Insufficient data,,only 2 finished-gameweek snapshot(s) recorded; need at least 3.
2026-09-11,3,450,Livramento,NEW,DEF,100.0,0,,,,,,,,,Insufficient data,,only 2 finished-gameweek snapshot(s) recorded; need at least 3.
2026-09-11,3,451,A.Murphy,NEW,DEF,0.0,0,,,,,,,,,Insufficient data,,only 2 finished-gameweek snapshot(s) recorded; need at least 3.
2026-09-11,3,452,Bruno G.,ARS,MID,100.0,0,,,,,,,,,Insufficient data,,only 2 finished-gameweek snapshot(s) recorded; need at least 3.
2026-09-11,3,453,Barnes,NEW,MID,,0,,,,,,,,,Insufficient data,,only 2 finished-gameweek snapshot(s) recorded; need at least 3.
2026-09-11,3,454,Elanga,NEW,MID,,0,,,,,,,,,Insufficient data,,only 2 finished-gameweek snapshot(s) recorded; need at least 3.
2026-09-11,3,455,Tonali,TOT,MID,,0,,,,,,,,,Insufficient data,,only 2 finished-gameweek snapshot(s) recorded; need at least 3.
2026-09-11,3,456,J.Ramsey,NEW,MID,,0,,,,,,,,,Insufficient data,,only 2 finished-gameweek snapshot(s) recorded; need at least 3.
2026-09-11,3,457,J.Murphy,NEW,MID,,0,,,,,,,,,Insufficient data,,only 2 finished-gameweek snapshot(s) recorded; need at least 3.
2026-09-11,3,458,Joelinton,NEW,MID,0.0,0,,,,,,,,,Insufficient data,,only 2 finished-gameweek snapshot(s) recorded; need at least 3.
2026-09-11,3,459,L.Miley,NEW,MID,100.0,0,,,,,,,,,Insufficient data,,only 2 finished-gameweek snapshot(s) recorded; need at least 3.
2026-09-11,3,460,Willock,NEW,MID,,0,,,,,,,,,Insufficient data,,only 2 finished-gameweek snapshot(s) recorded; need at least 3.
2026-09-11,3,461,Touré,NEW,MID,,0,,,,,,,,,Insufficient data,,only 2 finished-gameweek snapshot(s) recorded; need at least 3.
2026-09-11,3,462,Steur,NEW,MID,,0,,,,,,,,,Insufficient data,,only 2 finished-gameweek snapshot(s) recorded; need at least 3.
2026-09-11,3,463,Woltemade,NEW,FWD,0.0,0,,,,,,,,,Insufficient data,,only 2 finished-gameweek snapshot(s) recorded; need at least 3.
2026-09-11,3,464,Wissa,NEW,FWD,,0,,,,,,,,,Insufficient data,,only 2 finished-gameweek snapshot(s) recorded; need at least 3.
2026-09-11,3,465,Osula,NEW,FWD,0.0,0,,,,,,,,,Insufficient data,,only 2 finished-gameweek snapshot(s) recorded; need at least 3.
2026-09-11,3,466,Neave,NEW,FWD,0.0,0,,,,,,,,,Insufficient data,,only 2 finished-gameweek snapshot(s) recorded; need at least 3.
2026-09-11,3,467,Sels,NFO,GKP,,0,,,,,,,,,Insufficient data,,only 2 finished-gameweek snapshot(s) recorded; need at least 3.
2026-09-11,3,468,John,NFO,GKP,,0,,,,,,,,,Insufficient data,,only 2 finished-gameweek snapshot(s) recorded; need at least 3.
2026-09-11,3,469,N.Williams,NFO,DEF,,0,,,,,,,,,Insufficient data,,only 2 finished-gameweek snapshot(s) recorded; need at least 3.
2026-09-11,3,470,Morato,NFO,DEF,0.0,0,,,,,,,,,Insufficient data,,only 2 finished-gameweek snapshot(s) recorded; need at least 3.
2026-09-11,3,471,Milenković,NFO,DEF,,0,,,,,,,,,Insufficient data,,only 2 finished-gameweek snapshot(s) recorded; need at least 3.
2026-09-11,3,472,Murillo,NFO,DEF,100.0,0,,,,,,,,,Insufficient data,,only 2 finished-gameweek snapshot(s) recorded; need at least 3.
2026-09-11,3,473,Aina,NFO,DEF,,0,,,,,,,,,Insufficient data,,only 2 finished-gameweek snapshot(s) recorded; need at least 3.
2026-09-11,3,474,Jair Cunha,NFO,DEF,,0,,,,,,,,,Insufficient data,,only 2 finished-gameweek snapshot(s) recorded; need at least 3.
2026-09-11,3,475,Savona,NFO,DEF,0.0,0,,,,,,,,,Insufficient data,,only 2 finished-gameweek snapshot(s) recorded; need at least 3.
2026-09-11,3,476,O.Richards,NFO,DEF,,0,,,,,,,,,Insufficient data,,only 2 finished-gameweek snapshot(s) recorded; need at least 3.
2026-09-11,3,477,Abbott,NFO,DEF,0.0,0,,,,,,,,,Insufficient data,,only 2 finished-gameweek snapshot(s) recorded; need at least 3.
2026-09-11,3,478,Netz,NFO,DEF,,0,,,,,,,,,Insufficient data,,only 2 finished-gameweek snapshot(s) recorded; need at least 3.
2026-09-11,3,479,Bindon,NFO,DEF,0.0,0,,,,,,,,,Insufficient data,,only 2 finished-gameweek snapshot(s) recorded; need at least 3.
2026-09-11,3,480,Gibbs-White,NFO,MID,100.0,0,,,,,,,,,Insufficient data,,only 2 finished-gameweek snapshot(s) recorded; need at least 3.
2026-09-11,3,481,Anderson,MCI,MID,100.0,0,,,,,,,,,Insufficient data,,only 2 finished-gameweek snapshot(s) recorded; need at least 3.
2026-09-11,3,482,Hudson-Odoi,NFO,MID,100.0,0,,,,,,,,,Insufficient data,,only 2 finished-gameweek snapshot(s) recorded; need at least 3.
2026-09-11,3,483,Ndoye,NFO,MID,,0,,,,,,,,,Insufficient data,,only 2 finished-gameweek snapshot(s) recorded; need at least 3.
2026-09-11,3,484,Hutchinson,NFO,MID,0.0,0,,,,,,,,,Insufficient data,,only 2 finished-gameweek snapshot(s) recorded; need at least 3.
2026-09-11,3,485,Bakwa,NFO,MID,0.0,0,,,,,,,,,Insufficient data,,only 2 finished-gameweek snapshot(s) recorded; need at least 3.
2026-09-11,3,486,McAtee,NFO,MID,,0,,,,,,,,,Insufficient data,,only 2 finished-gameweek snapshot(s) recorded; need at least 3.
2026-09-11,3,487,Dominguez,NFO,MID,,0,,,,,,,,,Insufficient data,,only 2 finished-gameweek snapshot(s) recorded; need at least 3.
2026-09-11,3,488,I.Sangaré,NFO,MID,100.0,0,,,,,,,,,Insufficient data,,only 2 finished-gameweek snapshot(s) recorded; need at least 3.
2026-09-11,3,489,Yates,NFO,MID,100.0,0,,,,,,,,,Insufficient data,,only 2 finished-gameweek snapshot(s) recorded; need at least 3.
2026-09-11,3,490,Wood,NFO,FWD,,0,,,,,,,,,Insufficient data,,only 2 finished-gameweek snapshot(s) recorded; need at least 3.
2026-09-11,3,491,Igor Jesus,NFO,FWD,,0,,,,,,,,,Insufficient data,,only 2 finished-gameweek snapshot(s) recorded; need at least 3.
2026-09-11,3,492,Awoniyi,COV,FWD,,0,,,,,,,,,Insufficient data,,only 2 finished-gameweek snapshot(s) recorded; need at least 3.
2026-09-11,3,493,Kalimuendo,NFO,FWD,,0,,,,,,,,,Insufficient data,,only 2 finished-gameweek snapshot(s) recorded; need at least 3.
2026-09-11,3,494,Vicario,TOT,GKP,0.0,0,,,,,,,,,Insufficient data,,only 2 finished-gameweek snapshot(s) recorded; need at least 3.
2026-09-11,3,495,Austin,TOT,GKP,,0,,,,,,,,,Insufficient data,,only 2 finished-gameweek snapshot(s) recorded; need at least 3.
2026-09-11,3,496,Kinsky,TOT,GKP,,0,,,,,,,,,Insufficient data,,only 2 finished-gameweek snapshot(s) recorded; need at least 3.
2026-09-11,3,497,Dubravka,TOT,GKP,,0,,,,,,,,,Insufficient data,,only 2 finished-gameweek snapshot(s) recorded; need at least 3.
2026-09-11,3,498,Senesi,TOT,DEF,,0,,,,,,,,,Insufficient data,,only 2 finished-gameweek snapshot(s) recorded; need at least 3.
2026-09-11,3,499,Pedro Porro,TOT,DEF,100.0,0,,,,,,,,,Insufficient data,,only 2 finished-gameweek snapshot(s) recorded; need at least 3.
2026-09-11,3,500,Romero,TOT,DEF,0.0,0,,,,,,,,,Insufficient data,,only 2 finished-gameweek snapshot(s) recorded; need at least 3.
2026-09-11,3,501,Danso,SUN,DEF,,0,,,,,,,,,Insufficient data,,only 2 finished-gameweek snapshot(s) recorded; need at least 3.
2026-09-11,3,502,Robertson,TOT,DEF,,0,,,,,,,,,Insufficient data,,only 2 finished-gameweek snapshot(s) recorded; need at least 3.
2026-09-11,3,503,Van de Ven,TOT,DEF,100.0,0,,,,,,,,,Insufficient data,,only 2 finished-gameweek snapshot(s) recorded; need at least 3.
2026-09-11,3,504,Vuskovic,BHA,DEF,,0,,,,,,,,,Insufficient data,,only 2 finished-gameweek snapshot(s) recorded; need at least 3.
2026-09-11,3,505,Spence,TOT,DEF,0.0,0,,,,,,,,,Insufficient data,,only 2 finished-gameweek snapshot(s) recorded; need at least 3.
2026-09-11,3,506,Udogie,TOT,DEF,,0,,,,,,,,,Insufficient data,,only 2 finished-gameweek snapshot(s) recorded; need at least 3.
2026-09-11,3,507,Phillips,TOT,DEF,0.0,0,,,,,,,,,Insufficient data,,only 2 finished-gameweek snapshot(s) recorded; need at least 3.
2026-09-11,3,508,Davies,TOT,DEF,,0,,,,,,,,,Insufficient data,,only 2 finished-gameweek snapshot(s) recorded; need at least 3.
2026-09-11,3,509,Byfield,TOT,DEF,,0,,,,,,,,,Insufficient data,,only 2 finished-gameweek snapshot(s) recorded; need at least 3.
2026-09-11,3,510,Rowswell,TOT,DEF,,0,,,,,,,,,Insufficient data,,only 2 finished-gameweek snapshot(s) recorded; need at least 3.
2026-09-11,3,511,Souza,TOT,DEF,0.0,0,,,,,,,,,Insufficient data,,only 2 finished-gameweek snapshot(s) recorded; need at least 3.
2026-09-11,3,512,Kudus,TOT,MID,100.0,0,,,,,,,,,Insufficient data,,only 2 finished-gameweek snapshot(s) recorded; need at least 3.
2026-09-11,3,513,Xavi,TOT,MID,0.0,0,,,,,,,,,Insufficient data,,only 2 finished-gameweek snapshot(s) recorded; need at least 3.
2026-09-11,3,514,Tel,TOT,MID,,0,,,,,,,,,Insufficient data,,only 2 finished-gameweek snapshot(s) recorded; need at least 3.
2026-09-11,3,515,Maddison,TOT,MID,75.0,0,,,,,,,,,Insufficient data,,only 2 finished-gameweek snapshot(s) recorded; need at least 3.
2026-09-11,3,516,Bentancur,TOT,MID,,0,,,,,,,,,Insufficient data,,only 2 finished-gameweek snapshot(s) recorded; need at least 3.
2026-09-11,3,517,Odobert,TOT,MID,0.0,0,,,,,,,,,Insufficient data,,only 2 finished-gameweek snapshot(s) recorded; need at least 3.
2026-09-11,3,518,P.M.Sarr,TOT,MID,0.0,0,,,,,,,,,Insufficient data,,only 2 finished-gameweek snapshot(s) recorded; need at least 3.
2026-09-11,3,519,Gallagher,TOT,MID,,0,,,,,,,,,Insufficient data,,only 2 finished-gameweek snapshot(s) recorded; need at least 3.
2026-09-11,3,520,Bergvall,TOT,MID,,0,,,,,,,,,Insufficient data,,only 2 finished-gameweek snapshot(s) recorded; need at least 3.
2026-09-11,3,521,Kulusevski,TOT,MID,0.0,0,,,,,,,,,Insufficient data,,only 2 finished-gameweek snapshot(s) recorded; need at least 3.
2026-09-11,3,522,Gray,TOT,MID,,0,,,,,,,,,Insufficient data,,only 2 finished-gameweek snapshot(s) recorded; need at least 3.
2026-09-11,3,523,Moore,TOT,MID,0.0,0,,,,,,,,,Insufficient data,,only 2 finished-gameweek snapshot(s) recorded; need at least 3.
2026-09-11,3,524,Olusesi,TOT,MID,,0,,,,,,,,,Insufficient data,,only 2 finished-gameweek snapshot(s) recorded; need at least 3.
2026-09-11,3,525,Fernandes,TOT,MID,,0,,,,,,,,,Insufficient data,,only 2 finished-gameweek snapshot(s) recorded; need at least 3.
2026-09-11,3,526,Solanke,TOT,FWD,,0,,,,,,,,,Insufficient data,,only 2 finished-gameweek snapshot(s) recorded; need at least 3.
2026-09-11,3,527,Richarlison,TOT,FWD,0.0,0,,,,,,,,,Insufficient data,,only 2 finished-gameweek snapshot(s) recorded; need at least 3.
2026-09-11,3,528,Scarlett,TOT,FWD,0.0,0,,,,,,,,,Insufficient data,,only 2 finished-gameweek snapshot(s) recorded; need at least 3.
2026-09-11,3,529,Roefs,SUN,GKP,,0,,,,,,,,,Insufficient data,,only 2 finished-gameweek snapshot(s) recorded; need at least 3.
2026-09-11,3,530,Patterson,SUN,GKP,0.0,0,,,,,,,,,Insufficient data,,only 2 finished-gameweek snapshot(s) recorded; need at least 3.
2026-09-11,3,531,Ellborg,SUN,GKP,,0,,,,,,,,,Insufficient data,,only 2 finished-gameweek snapshot(s) recorded; need at least 3.
2026-09-11,3,532,Ballard,SUN,DEF,,0,,,,,,,,,Insufficient data,,only 2 finished-gameweek snapshot(s) recorded; need at least 3.
2026-09-11,3,533,Mukiele,SUN,DEF,100.0,0,,,,,,,,,Insufficient data,,only 2 finished-gameweek snapshot(s) recorded; need at least 3.
2026-09-11,3,534,Hume,SUN,DEF,,0,,,,,,,,,Insufficient data,,only 2 finished-gameweek snapshot(s) recorded; need at least 3.
2026-09-11,3,535,Alderete,SUN,DEF,100.0,0,,,,,,,,,Insufficient data,,only 2 finished-gameweek snapshot(s) recorded; need at least 3.
2026-09-11,3,536,Reinildo,SUN,DEF,,0,,,,,,,,,Insufficient data,,only 2 finished-gameweek snapshot(s) recorded; need at least 3.
2026-09-11,3,537,Seelt,SUN,DEF,0.0,0,,,,,,,,,Insufficient data,,only 2 finished-gameweek snapshot(s) recorded; need at least 3.
2026-09-11,3,538,Hjelde,SUN,DEF,0.0,0,,,,,,,,,Insufficient data,,only 2 finished-gameweek snapshot(s) recorded; need at least 3.
2026-09-11,3,539,O'Nien,SUN,DEF,,0,,,,,,,,,Insufficient data,,only 2 finished-gameweek snapshot(s) recorded; need at least 3.
2026-09-11,3,540,Masuaku,SUN,DEF,0.0,0,,,,,,,,,Insufficient data,,only 2 finished-gameweek snapshot(s) recorded; need at least 3.
2026-09-11,3,541,Meunier,SUN,DEF,100.0,0,,,,,,,,,Insufficient data,,only 2 finished-gameweek snapshot(s) recorded; need at least 3.
2026-09-11,3,542,E.Le Fée,SUN,MID,,0,,,,,,,,,Insufficient data,,only 2 finished-gameweek snapshot(s) recorded; need at least 3.
2026-09-11,3,543,Diarra,SUN,MID,0.0,0,,,,,,,,,Insufficient data,,only 2 finished-gameweek snapshot(s) recorded; need at least 3.
2026-09-11,3,544,Xhaka,SUN,MID,,0,,,,,,,,,Insufficient data,,only 2 finished-gameweek snapshot(s) recorded; need at least 3.
2026-09-11,3,545,Sadiki,SUN,MID,,0,,,,,,,,,Insufficient data,,only 2 finished-gameweek snapshot(s) recorded; need at least 3.
2026-09-11,3,546,Adingra,SUN,MID,0.0,0,,,,,,,,,Insufficient data,,only 2 finished-gameweek snapshot(s) recorded; need at least 3.
2026-09-11,3,547,Mundle,SUN,MID,,0,,,,,,,,,Insufficient data,,only 2 finished-gameweek snapshot(s) recorded; need at least 3.
2026-09-11,3,548,Rigg,SUN,MID,,0,,,,,,,,,Insufficient data,,only 2 finished-gameweek snapshot(s) recorded; need at least 3.
2026-09-11,3,549,Talbi,SUN,MID,,0,,,,,,,,,Insufficient data,,only 2 finished-gameweek snapshot(s) recorded; need at least 3.
2026-09-11,3,550,Jocelin.T,SUN,MID,,0,,,,,,,,,Insufficient data,,only 2 finished-gameweek snapshot(s) recorded; need at least 3.
2026-09-11,3,551,N.Angulo,SUN,MID,,0,,,,,,,,,Insufficient data,,only 2 finished-gameweek snapshot(s) recorded; need at least 3.
2026-09-11,3,552,Brobbey,SUN,FWD,,0,,,,,,,,,Insufficient data,,only 2 finished-gameweek snapshot(s) recorded; need at least 3.
2026-09-11,3,553,Isidor,SUN,FWD,,0,,,,,,,,,Insufficient data,,only 2 finished-gameweek snapshot(s) recorded; need at least 3.
2026-09-11,3,554,Van Oevelen,IPS,GKP,0.0,0,,,,,,,,,Insufficient data,,only 2 finished-gameweek snapshot(s) recorded; need at least 3.
2026-09-11,3,555,Matthews,CRY,GKP,,0,,,,,,,,,Insufficient data,,only 2 finished-gameweek snapshot(s) recorded; need at least 3.
2026-09-11,3,556,Targett,HUL,DEF,,0,,,,,,,,,Insufficient data,,only 2 finished-gameweek snapshot(s) recorded; need at least 3.
2026-09-11,3,557,Tzolis,ARS,MID,,0,,,,,,,,,Insufficient data,,only 2 finished-gameweek snapshot(s) recorded; need at least 3.
2026-09-11,3,558,Schlager,NFO,MID,,0,,,,,,,,,Insufficient data,,only 2 finished-gameweek snapshot(s) recorded; need at least 3.
2026-09-11,3,559,Bamba,NEW,MID,,0,,,,,,,,,Insufficient data,,only 2 finished-gameweek snapshot(s) recorded; need at least 3.
2026-09-11,3,560,Penders,CHE,GKP,,0,,,,,,,,,Insufficient data,,only 2 finished-gameweek snapshot(s) recorded; need at least 3.
2026-09-11,3,561,Anselmino,CHE,DEF,100.0,0,,,,,,,,,Insufficient data,,only 2 finished-gameweek snapshot(s) recorded; need at least 3.
2026-09-11,3,562,Maeda,IPS,MID,,0,,,,,,,,,Insufficient data,,only 2 finished-gameweek snapshot(s) recorded; need at least 3.
2026-09-11,3,563,Morita,HUL,MID,100.0,0,,,,,,,,,Insufficient data,,only 2 finished-gameweek snapshot(s) recorded; need at least 3.
2026-09-11,3,564,Scherpen,IPS,GKP,,0,,,,,,,,,Insufficient data,,only 2 finished-gameweek snapshot(s) recorded; need at least 3.
2026-09-11,3,565,M.Sangaré,BRE,MID,,0,,,,,,,,,Insufficient data,,only 2 finished-gameweek snapshot(s) recorded; need at least 3.
2026-09-11,3,566,Silva,BOU,DEF,,0,,,,,,,,,Insufficient data,,only 2 finished-gameweek snapshot(s) recorded; need at least 3.
2026-09-11,3,567,Horníček,NEW,GKP,,0,,,,,,,,,Insufficient data,,only 2 finished-gameweek snapshot(s) recorded; need at least 3.
2026-09-11,3,568,Barco,CHE,MID,,0,,,,,,,,,Insufficient data,,only 2 finished-gameweek snapshot(s) recorded; need at least 3.
2026-09-11,3,569,Gonzalo,FUL,FWD,,0,,,,,,,,,Insufficient data,,only 2 finished-gameweek snapshot(s) recorded; need at least 3.
2026-09-11,3,570,Palacios,FUL,MID,,0,,,,,,,,,Insufficient data,,only 2 finished-gameweek snapshot(s) recorded; need at least 3.
2026-09-11,3,571,Florentino,IPS,MID,100.0,0,,,,,,,,,Insufficient data,,only 2 finished-gameweek snapshot(s) recorded; need at least 3.
2026-09-11,3,572,Tzolakis,HUL,GKP,,0,,,,,,,,,Insufficient data,,only 2 finished-gameweek snapshot(s) recorded; need at least 3.
2026-09-11,3,573,Sanchez,BOU,DEF,,0,,,,,,,,,Insufficient data,,only 2 finished-gameweek snapshot(s) recorded; need at least 3.
2026-09-11,3,574,Hjertø-Dahl,HUL,MID,,0,,,,,,,,,Insufficient data,,only 2 finished-gameweek snapshot(s) recorded; need at least 3.
2026-09-11,3,575,Yirenkyi,COV,MID,,0,,,,,,,,,Insufficient data,,only 2 finished-gameweek snapshot(s) recorded; need at least 3.
2026-09-11,3,576,Stroud,HUL,MID,,0,,,,,,,,,Insufficient data,,only 2 finished-gameweek snapshot(s) recorded; need at least 3.
2026-09-11,3,577,Tomiyasu,CRY,DEF,,0,,,,,,,,,Insufficient data,,only 2 finished-gameweek snapshot(s) recorded; need at least 3.
2026-09-11,3,578,Mudryk,TOT,MID,,0,,,,,,,,,Insufficient data,,only 2 finished-gameweek snapshot(s) recorded; need at least 3.
2026-09-11,3,579,Araujo,LIV,DEF,,0,,,,,,,,,Insufficient data,,only 2 finished-gameweek snapshot(s) recorded; need at least 3.
2026-09-11,3,580,Charles,FUL,MID,,0,,,,,,,,,Insufficient data,,only 2 finished-gameweek snapshot(s) recorded; need at least 3.
2026-09-11,3,581,Diomande,NFO,DEF,,0,,,,,,,,,Insufficient data,,only 2 finished-gameweek snapshot(s) recorded; need at least 3.
2026-09-11,3,582,Madjo,AVL,FWD,0.0,0,,,,,,,,,Insufficient data,,only 2 finished-gameweek snapshot(s) recorded; need at least 3.
2026-09-11,3,583,Chavarria,CHE,DEF,,0,,,,,,,,,Insufficient data,,only 2 finished-gameweek snapshot(s) recorded; need at least 3.
2026-09-11,3,584,Hamer,COV,MID,,0,,,,,,,,,Insufficient data,,only 2 finished-gameweek snapshot(s) recorded; need at least 3.
2026-09-11,3,585,Herrington,HUL,DEF,,0,,,,,,,,,Insufficient data,,only 2 finished-gameweek snapshot(s) recorded; need at least 3.
2026-09-11,3,586,Mendy,HUL,DEF,100.0,0,,,,,,,,,Insufficient data,,only 2 finished-gameweek snapshot(s) recorded; need at least 3.
2026-09-11,3,587,Rulli,MCI,GKP,,0,,,,,,,,,Insufficient data,,only 2 finished-gameweek snapshot(s) recorded; need at least 3.
2026-09-11,3,588,Khalaili,CRY,DEF,,0,,,,,,,,,Insufficient data,,only 2 finished-gameweek snapshot(s) recorded; need at least 3.
2026-09-11,3,589,Gourna-Douath,HUL,MID,,0,,,,,,,,,Insufficient data,,only 2 finished-gameweek snapshot(s) recorded; need at least 3.
2026-09-11,3,590,Benda,NFO,GKP,,0,,,,,,,,,Insufficient data,,only 2 finished-gameweek snapshot(s) recorded; need at least 3.
2026-09-11,3,591,Enciso,IPS,MID,100.0,0,,,,,,,,,Insufficient data,,only 2 finished-gameweek snapshot(s) recorded; need at least 3.
2026-09-11,3,592,Ouattara,IPS,DEF,,0,,,,,,,,,Insufficient data,,only 2 finished-gameweek snapshot(s) recorded; need at least 3.
2026-09-11,3,593,Dedić,NEW,DEF,,0,,,,,,,,,Insufficient data,,only 2 finished-gameweek snapshot(s) recorded; need at least 3.
2026-09-11,3,594,David,BHA,FWD,,0,,,,,,,,,Insufficient data,,only 2 finished-gameweek snapshot(s) recorded; need at least 3.
2026-09-11,3,595,Gozo,CRY,MID,,0,,,,,,,,,Insufficient data,,only 2 finished-gameweek snapshot(s) recorded; need at least 3.
2026-09-11,3,596,Ruggeri,AVL,DEF,,0,,,,,,,,,Insufficient data,,only 2 finished-gameweek snapshot(s) recorded; need at least 3.
2026-09-11,3,597,Suzuki,AVL,GKP,,0,,,,,,,,,Insufficient data,,only 2 finished-gameweek snapshot(s) recorded; need at least 3.
2026-09-11,3,598,Elvedi,LEE,DEF,,0,,,,,,,,,Insufficient data,,only 2 finished-gameweek snapshot(s) recorded; need at least 3.
2026-09-11,3,599,Cherif,COV,FWD,,0,,,,,,,,,Insufficient data,,only 2 finished-gameweek snapshot(s) recorded; need at least 3.
2026-09-11,3,600,Osman,BHA,MID,,0,,,,,,,,,Insufficient data,,only 2 finished-gameweek snapshot(s) recorded; need at least 3.
2026-09-11,3,601,Williams-Barnett,TOT,MID,,0,,,,,,,,,Insufficient data,,only 2 finished-gameweek snapshot(s) recorded; need at least 3.
2026-09-11,3,602,Humphreys,IPS,MID,0.0,0,,,,,,,,,Insufficient data,,only 2 finished-gameweek snapshot(s) recorded; need at least 3.
2026-09-11,3,603,Lienou,LEE,DEF,,0,,,,,,,,,Insufficient data,,only 2 finished-gameweek snapshot(s) recorded; need at least 3.
2026-09-11,3,604,Cresswell,LEE,MID,,0,,,,,,,,,Insufficient data,,only 2 finished-gameweek snapshot(s) recorded; need at least 3.
2026-09-11,3,605,Yalcouyé,BHA,MID,,0,,,,,,,,,Insufficient data,,only 2 finished-gameweek snapshot(s) recorded; need at least 3.
2026-09-11,3,606,Rowe,AVL,DEF,,0,,,,,,,,,Insufficient data,,only 2 finished-gameweek snapshot(s) recorded; need at least 3.
2026-09-11,3,607,Lynch,AVL,MID,0.0,0,,,,,,,,,Insufficient data,,only 2 finished-gameweek snapshot(s) recorded; need at least 3.
2026-09-11,3,608,Jebbison,BOU,FWD,,0,,,,,,,,,Insufficient data,,only 2 finished-gameweek snapshot(s) recorded; need at least 3.
2026-09-11,3,609,Shahar,NEW,DEF,,0,,,,,,,,,Insufficient data,,only 2 finished-gameweek snapshot(s) recorded; need at least 3.
2026-09-11,3,610,De Fougerolles,FUL,DEF,75.0,0,,,,,,,,,Insufficient data,,only 2 finished-gameweek snapshot(s) recorded; need at least 3.
2026-09-11,3,611,Wan-Bissaka,AVL,DEF,,0,,,,,,,,,Insufficient data,,only 2 finished-gameweek snapshot(s) recorded; need at least 3.
2026-09-11,3,612,Methalie,SUN,DEF,100.0,0,,,,,,,,,Insufficient data,,only 2 finished-gameweek snapshot(s) recorded; need at least 3.
2026-09-11,3,613,Ahoka,SUN,MID,,0,,,,,,,,,Insufficient data,,only 2 finished-gameweek snapshot(s) recorded; need at least 3.
2026-09-11,3,614,Hadjam,BHA,DEF,,0,,,,,,,,,Insufficient data,,only 2 finished-gameweek snapshot(s) recorded; need at least 3.
2026-09-11,3,615,Di Gregorio,BOU,GKP,,0,,,,,,,,,Insufficient data,,only 2 finished-gameweek snapshot(s) recorded; need at least 3.
2026-09-11,3,616,Bouaddi,MCI,MID,,0,,,,,,,,,Insufficient data,,only 2 finished-gameweek snapshot(s) recorded; need at least 3.
2026-09-11,3,617,Cho,HUL,MID,,0,,,,,,,,,Insufficient data,,only 2 finished-gameweek snapshot(s) recorded; need at least 3.
2026-09-11,3,618,Goretzka,AVL,MID,,0,,,,,,,,,Insufficient data,,only 2 finished-gameweek snapshot(s) recorded; need at least 3.
2026-09-11,3,619,Palacios,IPS,MID,,0,,,,,,,,,Insufficient data,,only 2 finished-gameweek snapshot(s) recorded; need at least 3.
2026-09-11,3,620,Diouf,BRE,DEF,,0,,,,,,,,,Insufficient data,,only 2 finished-gameweek snapshot(s) recorded; need at least 3.
2026-09-11,3,621,McAidoo,MCI,MID,,0,,,,,,,,,Insufficient data,,only 2 finished-gameweek snapshot(s) recorded; need at least 3.
2026-09-11,3,622,Braithwaite,MCI,DEF,,0,,,,,,,,,Insufficient data,,only 2 finished-gameweek snapshot(s) recorded; need at least 3.
2026-09-11,3,623,Bentley,COV,GKP,,0,,,,,,,,,Insufficient data,,only 2 finished-gameweek snapshot(s) recorded; need at least 3.
2026-09-11,3,624,Cozier-Duberry,BHA,MID,0.0,0,,,,,,,,,Insufficient data,,only 2 finished-gameweek snapshot(s) recorded; need at least 3.
2026-09-11,3,625,Cairns,LEE,GKP,,0,,,,,,,,,Insufficient data,,only 2 finished-gameweek snapshot(s) recorded; need at least 3.
2026-09-11,3,626,Zepa,FUL,MID,,0,,,,,,,,,Insufficient data,,only 2 finished-gameweek snapshot(s) recorded; need at least 3.
2026-09-11,3,627,Barcola,LIV,MID,,0,,,,,,,,,Insufficient data,,only 2 finished-gameweek snapshot(s) recorded; need at least 3.
2026-09-11,3,628,Allan,MCI,MID,,0,,,,,,,,,Insufficient data,,only 2 finished-gameweek snapshot(s) recorded; need at least 3.
2026-09-11,3,629,Zetterer,LEE,GKP,,0,,,,,,,,,Insufficient data,,only 2 finished-gameweek snapshot(s) recorded; need at least 3.
2026-09-11,3,630,Harwood-Bellis,AVL,DEF,,0,,,,,,,,,Insufficient data,,only 2 finished-gameweek snapshot(s) recorded; need at least 3.
2026-09-11,3,631,Mbaye,AVL,MID,,0,,,,,,,,,Insufficient data,,only 2 finished-gameweek snapshot(s) recorded; need at least 3.
2026-09-11,3,632,Ansah,HUL,FWD,,0,,,,,,,,,Insufficient data,,only 2 finished-gameweek snapshot(s) recorded; need at least 3.
2026-09-11,3,633,Ahanor,CRY,DEF,,0,,,,,,,,,Insufficient data,,only 2 finished-gameweek snapshot(s) recorded; need at least 3.
2026-09-11,3,634,Fernandez-Pardo,NEW,FWD,,0,,,,,,,,,Insufficient data,,only 2 finished-gameweek snapshot(s) recorded; need at least 3.
2026-09-11,3,635,Larsson,FUL,MID,,0,,,,,,,,,Insufficient data,,only 2 finished-gameweek snapshot(s) recorded; need at least 3.
2026-09-11,3,636,Ángel,FUL,MID,,0,,,,,,,,,Insufficient data,,only 2 finished-gameweek snapshot(s) recorded; need at least 3.
2026-09-11,3,637,Vaz,HUL,FWD,,0,,,,,,,,,Insufficient data,,only 2 finished-gameweek snapshot(s) recorded; need at least 3.
2026-09-11,3,638,Norton-Cuffy,HUL,DEF,,0,,,,,,,,,Insufficient data,,only 2 finished-gameweek snapshot(s) recorded; need at least 3.
2026-09-11,3,639,Andrés,BHA,MID,,0,,,,,,,,,Insufficient data,,only 2 finished-gameweek snapshot(s) recorded; need at least 3.
2026-09-11,3,640,Flemming,IPS,FWD,,0,,,,,,,,,Insufficient data,,only 2 finished-gameweek snapshot(s) recorded; need at least 3.
2026-09-11,3,641,Bard,LEE,DEF,,0,,,,,,,,,Insufficient data,,only 2 finished-gameweek snapshot(s) recorded; need at least 3.
2026-09-11,3,642,Thomas,HUL,MID,,0,,,,,,,,,Insufficient data,,only 2 finished-gameweek snapshot(s) recorded; need at least 3.
2026-09-11,3,643,Chilwell,CRY,DEF,,0,,,,,,,,,Insufficient data,,only 2 finished-gameweek snapshot(s) recorded; need at least 3.
2026-09-11,3,644,Timber,CRY,MID,,0,,,,,,,,,Insufficient data,,only 2 finished-gameweek snapshot(s) recorded; need at least 3.
2026-09-11,3,645,Mouzakitis,HUL,MID,,0,,,,,,,,,Insufficient data,,only 2 finished-gameweek snapshot(s) recorded; need at least 3.
2026-09-11,3,646,Fofana,SUN,MID,,0,,,,,,,,,Insufficient data,,only 2 finished-gameweek snapshot(s) recorded; need at least 3.
2026-09-11,3,647,Osorio,CRY,MID,,0,,,,,,,,,Insufficient data,,only 2 finished-gameweek snapshot(s) recorded; need at least 3.
2026-09-11,3,648,Bahoya,LEE,MID,,0,,,,,,,,,Insufficient data,,only 2 finished-gameweek snapshot(s) recorded; need at least 3.
2026-09-11,3,649,Maitland-Niles,EVE,DEF,,0,,,,,,,,,Insufficient data,,only 2 finished-gameweek snapshot(s) recorded; need at least 3.
2026-09-11,3,650,Affengruber,FUL,DEF,,0,,,,,,,,,Insufficient data,,only 2 finished-gameweek snapshot(s) recorded; need at least 3.
2026-09-11,3,651,J.Angulo,SUN,FWD,,0,,,,,,,,,Insufficient data,,only 2 finished-gameweek snapshot(s) recorded; need at least 3.
2026-09-11,3,652,Azeez,BHA,MID,0.0,0,,,,,,,,,Insufficient data,,only 2 finished-gameweek snapshot(s) recorded; need at least 3.
2026-09-11,3,653,Samba,MCI,MID,,0,,,,,,,,,Insufficient data,,only 2 finished-gameweek snapshot(s) recorded; need at least 3.
2026-09-11,3,654,Graham,EVE,MID,,0,,,,,,,,,Insufficient data,,only 2 finished-gameweek snapshot(s) recorded; need at least 3.
2026-09-15,4,1,Raya,ARS,GKP,,0,,,,,,,,,Insufficient data,,only 2 finished-gameweek snapshot(s) recorded; need at least 3.
2026-09-15,4,2,Arrizabalaga,ARS,GKP,,0,,,,,,,,,Insufficient data,,only 2 finished-gameweek snapshot(s) recorded; need at least 3.
2026-09-15,4,3,Meslier,ARS,GKP,,0,,,,,,,,,Insufficient data,,only 2 finished-gameweek snapshot(s) recorded; need at least 3.
2026-09-15,4,4,Gabriel,ARS,DEF,,0,,,,,,,,,Insufficient data,,only 2 finished-gameweek snapshot(s) recorded; need at least 3.
2026-09-15,4,5,J.Timber,ARS,DEF,100.0,0,,,,,,,,,Insufficient data,,only 2 finished-gameweek snapshot(s) recorded; need at least 3.
2026-09-15,4,6,Saliba,ARS,DEF,0.0,0,,,,,,,,,Insufficient data,,only 2 finished-gameweek snapshot(s) recorded; need at least 3.
2026-09-15,4,7,Lewis-Skelly,ARS,MID,,0,,,,,,,,,Insufficient data,,only 2 finished-gameweek snapshot(s) recorded; need at least 3.
2026-09-15,4,8,Calafiori,ARS,DEF,,0,,,,,,,,,Insufficient data,,only 2 finished-gameweek snapshot(s) recorded; need at least 3.
2026-09-15,4,9,Hincapie,ARS,DEF,,0,,,,,,,,,Insufficient data,,only 2 finished-gameweek snapshot(s) recorded; need at least 3.
2026-09-15,4,10,White,ARS,DEF,100.0,0,,,,,,,,,Insufficient data,,only 2 finished-gameweek snapshot(s) recorded; need at least 3.
2026-09-15,4,11,Mosquera,ARS,DEF,50.0,0,,,,,,,,,Insufficient data,,only 2 finished-gameweek snapshot(s) recorded; need at least 3.
2026-09-15,4,12,Saka,ARS,MID,,0,,,,,,,,,Insufficient data,,only 2 finished-gameweek snapshot(s) recorded; need at least 3.
2026-09-15,4,13,Rice,ARS,MID,,0,,,,,,,,,Insufficient data,,only 2 finished-gameweek snapshot(s) recorded; need at least 3.
2026-09-15,4,14,Eze,ARS,MID,,0,,,,,,,,,Insufficient data,,only 2 finished-gameweek snapshot(s) recorded; need at least 3.
2026-09-15,4,15,Ødegaard,ARS,MID,,0,,,,,,,,,Insufficient data,,only 2 finished-gameweek snapshot(s) recorded; need at least 3.
2026-09-15,4,16,Madueke,ARS,MID,,0,,,,,,,,,Insufficient data,,only 2 finished-gameweek snapshot(s) recorded; need at least 3.
2026-09-15,4,17,Merino,ARS,MID,,0,,,,,,,,,Insufficient data,,only 2 finished-gameweek snapshot(s) recorded; need at least 3.
2026-09-15,4,18,Martinelli,ARS,MID,0.0,0,,,,,,,,,Insufficient data,,only 2 finished-gameweek snapshot(s) recorded; need at least 3.
2026-09-15,4,19,Zubimendi,ARS,MID,,0,,,,,,,,,Insufficient data,,only 2 finished-gameweek snapshot(s) recorded; need at least 3.
2026-09-15,4,20,Dowman,ARS,MID,,0,,,,,,,,,Insufficient data,,only 2 finished-gameweek snapshot(s) recorded; need at least 3.
2026-09-15,4,21,Nørgaard,EVE,MID,0.0,0,,,,,,,,,Insufficient data,,only 2 finished-gameweek snapshot(s) recorded; need at least 3.
2026-09-15,4,22,Nwaneri,ARS,MID,0.0,0,,,,,,,,,Insufficient data,,only 2 finished-gameweek snapshot(s) recorded; need at least 3.
2026-09-15,4,23,Fábio Vieira,ARS,MID,0.0,0,,,,,,,,,Insufficient data,,only 2 finished-gameweek snapshot(s) recorded; need at least 3.
2026-09-15,4,24,Nelson,ARS,MID,0.0,0,,,,,,,,,Insufficient data,,only 2 finished-gameweek snapshot(s) recorded; need at least 3.
2026-09-15,4,25,Gyökeres,ARS,FWD,,0,,,,,,,,,Insufficient data,,only 2 finished-gameweek snapshot(s) recorded; need at least 3.
2026-09-15,4,26,Havertz,ARS,FWD,,0,,,,,,,,,Insufficient data,,only 2 finished-gameweek snapshot(s) recorded; need at least 3.
2026-09-15,4,27,G.Jesus,ARS,FWD,0.0,0,,,,,,,,,Insufficient data,,only 2 finished-gameweek snapshot(s) recorded; need at least 3.
2026-09-15,4,28,Martinez,CHE,GKP,,0,,,,,,,,,Insufficient data,,only 2 finished-gameweek snapshot(s) recorded; need at least 3.
2026-09-15,4,29,M.Bizot,AVL,GKP,,0,,,,,,,,,Insufficient data,,only 2 finished-gameweek snapshot(s) recorded; need at least 3.
2026-09-15,4,30,Digne,AVL,DEF,0.0,0,,,,,,,,,Insufficient data,,only 2 finished-gameweek snapshot(s) recorded; need at least 3.
2026-09-15,4,31,Konsa,ARS,DEF,,0,,,,,,,,,Insufficient data,,only 2 finished-gameweek snapshot(s) recorded; need at least 3.
2026-09-15,4,32,Cash,AVL,DEF,75.0,0,,,,,,,,,Insufficient data,,only 2 finished-gameweek snapshot(s) recorded; need at least 3.
2026-09-15,4,33,Mings,AVL,DEF,,0,,,,,,,,,Insufficient data,,only 2 finished-gameweek snapshot(s) recorded; need at least 3.
2026-09-15,4,34,Pau,AVL,DEF,75.0,0,,,,,,,,,Insufficient data,,only 2 finished-gameweek snapshot(s) recorded; need at least 3.
2026-09-15,4,35,Bogarde,AVL,MID,,0,,,,,,,,,Insufficient data,,only 2 finished-gameweek snapshot(s) recorded; need at least 3.
2026-09-15,4,36,Maatsen,AVL,DEF,25.0,0,,,,,,,,,Insufficient data,,only 2 finished-gameweek snapshot(s) recorded; need at least 3.
2026-09-15,4,37,Lindelöf,AVL,DEF,,0,,,,,,,,,Insufficient data,,only 2 finished-gameweek snapshot(s) recorded; need at least 3.
2026-09-15,4,38,A.García,AVL,DEF,,0,,,,,,,,,Insufficient data,,only 2 finished-gameweek snapshot(s) recorded; need at least 3.
2026-09-15,4,39,Nedeljkovic,AVL,DEF,0.0,0,,,,,,,,,Insufficient data,,only 2 finished-gameweek snapshot(s) recorded; need at least 3.
2026-09-15,4,40,Rogers,CHE,MID,,0,,,,,,,,,Insufficient data,,only 2 finished-gameweek snapshot(s) recorded; need at least 3.
2026-09-15,4,41,Buendía,AVL,MID,,0,,,,,,,,,Insufficient data,,only 2 finished-gameweek snapshot(s) recorded; need at least 3.
2026-09-15,4,42,Guessand,CRY,MID,,0,,,,,,,,,Insufficient data,,only 2 finished-gameweek snapshot(s) recorded; need at least 3.
2026-09-15,4,43,Tielemans,MUN,MID,100.0,0,,,,,,,,,Insufficient data,,only 2 finished-gameweek snapshot(s) recorded; need at least 3.
2026-09-15,4,44,Bailey,AVL,MID,0.0,0,,,,,,,,,Insufficient data,,only 2 finished-gameweek snapshot(s) recorded; need at least 3.
2026-09-15,4,45,McGinn,AVL,MID,,0,,,,,,,,,Insufficient data,,only 2 finished-gameweek snapshot(s) recorded; need at least 3.
2026-09-15,4,46,Barkley,AVL,MID,,0,,,,,,,,,Insufficient data,,only 2 finished-gameweek snapshot(s) recorded; need at least 3.
2026-09-15,4,47,Kamara,AVL,MID,100.0,0,,,,,,,,,Insufficient data,,only 2 finished-gameweek snapshot(s) recorded; need at least 3.
2026-09-15,4,48,Onana,AVL,MID,0.0,0,,,,,,,,,Insufficient data,,only 2 finished-gameweek snapshot(s) recorded; need at least 3.
2026-09-15,4,49,Iling Jr,AVL,MID,0.0,0,,,,,,,,,Insufficient data,,only 2 finished-gameweek snapshot(s) recorded; need at least 3.
2026-09-15,4,50,Burrowes,AVL,MID,,0,,,,,,,,,Insufficient data,,only 2 finished-gameweek snapshot(s) recorded; need at least 3.
2026-09-15,4,51,George Hemmings,AVL,MID,,0,,,,,,,,,Insufficient data,,only 2 finished-gameweek snapshot(s) recorded; need at least 3.
2026-09-15,4,52,Alysson,AVL,MID,,0,,,,,,,,,Insufficient data,,only 2 finished-gameweek snapshot(s) recorded; need at least 3.
2026-09-15,4,53,Manzambi,AVL,MID,100.0,0,,,,,,,,,Insufficient data,,only 2 finished-gameweek snapshot(s) recorded; need at least 3.
2026-09-15,4,54,Gomes,AVL,MID,100.0,0,,,,,,,,,Insufficient data,,only 2 finished-gameweek snapshot(s) recorded; need at least 3.
2026-09-15,4,55,Watkins,AVL,FWD,0.0,0,,,,,,,,,Insufficient data,,only 2 finished-gameweek snapshot(s) recorded; need at least 3.
2026-09-15,4,56,Abraham,AVL,FWD,100.0,0,,,,,,,,,Insufficient data,,only 2 finished-gameweek snapshot(s) recorded; need at least 3.
2026-09-15,4,57,Petrović,BOU,GKP,,0,,,,,,,,,Insufficient data,,only 2 finished-gameweek snapshot(s) recorded; need at least 3.
2026-09-15,4,58,Forster,BOU,GKP,,0,,,,,,,,,Insufficient data,,only 2 finished-gameweek snapshot(s) recorded; need at least 3.
2026-09-15,4,59,Dennis,BOU,GKP,0.0,0,,,,,,,,,Insufficient data,,only 2 finished-gameweek snapshot(s) recorded; need at least 3.
2026-09-15,4,60,Hill,BOU,DEF,,0,,,,,,,,,Insufficient data,,only 2 finished-gameweek snapshot(s) recorded; need at least 3.
2026-09-15,4,61,Truffert,BOU,DEF,,0,,,,,,,,,Insufficient data,,only 2 finished-gameweek snapshot(s) recorded; need at least 3.
2026-09-15,4,62,Diakité,BOU,DEF,,0,,,,,,,,,Insufficient data,,only 2 finished-gameweek snapshot(s) recorded; need at least 3.
2026-09-15,4,63,Milosavljević,BOU,DEF,0.0,0,,,,,,,,,Insufficient data,,only 2 finished-gameweek snapshot(s) recorded; need at least 3.
2026-09-15,4,64,Smith,BOU,DEF,,0,,,,,,,,,Insufficient data,,only 2 finished-gameweek snapshot(s) recorded; need at least 3.
2026-09-15,4,65,J.Araujo,BOU,DEF,0.0,0,,,,,,,,,Insufficient data,,only 2 finished-gameweek snapshot(s) recorded; need at least 3.
2026-09-15,4,66,Soler,BOU,DEF,100.0,0,,,,,,,,,Insufficient data,,only 2 finished-gameweek snapshot(s) recorded; need at least 3.
2026-09-15,4,67,Rayan,BOU,MID,,0,,,,,,,,,Insufficient data,,only 2 finished-gameweek snapshot(s) recorded; need at least 3.
2026-09-15,4,68,Tavernier,BOU,MID,,0,,,,,,,,,Insufficient data,,only 2 finished-gameweek snapshot(s) recorded; need at least 3.
2026-09-15,4,69,Scott,BOU,MID,,0,,,,,,,,,Insufficient data,,only 2 finished-gameweek snapshot(s) recorded; need at least 3.
2026-09-15,4,70,Kluivert,BOU,MID,,0,,,,,,,,,Insufficient data,,only 2 finished-gameweek snapshot(s) recorded; need at least 3.
2026-09-15,4,71,Cook,BOU,MID,,0,,,,,,,,,Insufficient data,,only 2 finished-gameweek snapshot(s) recorded; need at least 3.
2026-09-15,4,72,Gannon-Doak,BOU,MID,,0,,,,,,,,,Insufficient data,,only 2 finished-gameweek snapshot(s) recorded; need at least 3.
2026-09-15,4,73,Adams,BOU,MID,100.0,0,,,,,,,,,Insufficient data,,only 2 finished-gameweek snapshot(s) recorded; need at least 3.
2026-09-15,4,74,Brooks,BOU,MID,100.0,0,,,,,,,,,Insufficient data,,only 2 finished-gameweek snapshot(s) recorded; need at least 3.
2026-09-15,4,75,Christie,BOU,MID,100.0,0,,,,,,,,,Insufficient data,,only 2 finished-gameweek snapshot(s) recorded; need at least 3.
2026-09-15,4,76,Tóth.A,BOU,MID,,0,,,,,,,,,Insufficient data,,only 2 finished-gameweek snapshot(s) recorded; need at least 3.
2026-09-15,4,77,Adli,BOU,MID,0.0,0,,,,,,,,,Insufficient data,,only 2 finished-gameweek snapshot(s) recorded; need at least 3.
2026-09-15,4,78,Kroupi.Jr,BOU,MID,0.0,0,,,,,,,,,Insufficient data,,only 2 finished-gameweek snapshot(s) recorded; need at least 3.
2026-09-15,4,79,Evanilson,BOU,FWD,,0,,,,,,,,,Insufficient data,,only 2 finished-gameweek snapshot(s) recorded; need at least 3.
2026-09-15,4,80,Enes Ünal,BOU,FWD,0.0,0,,,,,,,,,Insufficient data,,only 2 finished-gameweek snapshot(s) recorded; need at least 3.
2026-09-15,4,81,Rodríguez,BOU,FWD,100.0,0,,,,,,,,,Insufficient data,,only 2 finished-gameweek snapshot(s) recorded; need at least 3.
2026-09-15,4,82,Kelleher,BRE,GKP,,0,,,,,,,,,Insufficient data,,only 2 finished-gameweek snapshot(s) recorded; need at least 3.
2026-09-15,4,83,Valdimarsson,BRE,GKP,,0,,,,,,,,,Insufficient data,,only 2 finished-gameweek snapshot(s) recorded; need at least 3.
2026-09-15,4,84,Collins,BRE,DEF,0.0,0,,,,,,,,,Insufficient data,,only 2 finished-gameweek snapshot(s) recorded; need at least 3.
2026-09-15,4,85,Van den Berg,BRE,DEF,0.0,0,,,,,,,,,Insufficient data,,only 2 finished-gameweek snapshot(s) recorded; need at least 3.
2026-09-15,4,86,Lewis-Potter,BRE,MID,,0,,,,,,,,,Insufficient data,,only 2 finished-gameweek snapshot(s) recorded; need at least 3.
2026-09-15,4,87,Ajer,BRE,DEF,,0,,,,,,,,,Insufficient data,,only 2 finished-gameweek snapshot(s) recorded; need at least 3.
2026-09-15,4,88,Kayode,BRE,DEF,,0,,,,,,,,,Insufficient data,,only 2 finished-gameweek snapshot(s) recorded; need at least 3.
2026-09-15,4,89,Henry,BRE,DEF,,0,,,,,,,,,Insufficient data,,only 2 finished-gameweek snapshot(s) recorded; need at least 3.
2026-09-15,4,90,Hickey,BRE,DEF,,0,,,,,,,,,Insufficient data,,only 2 finished-gameweek snapshot(s) recorded; need at least 3.
2026-09-15,4,91,Pinnock,COV,DEF,,0,,,,,,,,,Insufficient data,,only 2 finished-gameweek snapshot(s) recorded; need at least 3.
2026-09-15,4,92,Ji-soo,BRE,DEF,,0,,,,,,,,,Insufficient data,,only 2 finished-gameweek snapshot(s) recorded; need at least 3.
2026-09-15,4,93,Schuster,BRE,DEF,,0,,,,,,,,,Insufficient data,,only 2 finished-gameweek snapshot(s) recorded; need at least 3.
2026-09-15,4,94,Schade,BRE,MID,,0,,,,,,,,,Insufficient data,,only 2 finished-gameweek snapshot(s) recorded; need at least 3.
2026-09-15,4,95,O.Dango,BRE,MID,,0,,,,,,,,,Insufficient data,,only 2 finished-gameweek snapshot(s) recorded; need at least 3.
2026-09-15,4,96,Damsgaard,BRE,MID,,0,,,,,,,,,Insufficient data,,only 2 finished-gameweek snapshot(s) recorded; need at least 3.
2026-09-15,4,97,Jensen,BRE,MID,0.0,0,,,,,,,,,Insufficient data,,only 2 finished-gameweek snapshot(s) recorded; need at least 3.
2026-09-15,4,98,Janelt,BRE,MID,,0,,,,,,,,,Insufficient data,,only 2 finished-gameweek snapshot(s) recorded; need at least 3.
2026-09-15,4,99,Milambo,BRE,MID,0.0,0,,,,,,,,,Insufficient data,,only 2 finished-gameweek snapshot(s) recorded; need at least 3.
2026-09-15,4,100,Carvalho,BRE,MID,100.0,0,,,,,,,,,Insufficient data,,only 2 finished-gameweek snapshot(s) recorded; need at least 3.
2026-09-15,4,101,Henderson,CHE,MID,0.0,0,,,,,,,,,Insufficient data,,only 2 finished-gameweek snapshot(s) recorded; need at least 3.
2026-09-15,4,102,Yarmoliuk,BRE,MID,,0,,,,,,,,,Insufficient data,,only 2 finished-gameweek snapshot(s) recorded; need at least 3.
2026-09-15,4,103,Dasilva,BRE,MID,0.0,0,,,,,,,,,Insufficient data,,only 2 finished-gameweek snapshot(s) recorded; need at least 3.
2026-09-15,4,104,Onyeka,COV,MID,50.0,0,,,,,,,,,Insufficient data,,only 2 finished-gameweek snapshot(s) recorded; need at least 3.
2026-09-15,4,105,Anthony,BRE,MID,,0,,,,,,,,,Insufficient data,,only 2 finished-gameweek snapshot(s) recorded; need at least 3.
2026-09-15,4,106,Thiago,BRE,FWD,,0,,,,,,,,,Insufficient data,,only 2 finished-gameweek snapshot(s) recorded; need at least 3.
2026-09-15,4,107,Furo,BRE,FWD,0.0,0,,,,,,,,,Insufficient data,,only 2 finished-gameweek snapshot(s) recorded; need at least 3.
2026-09-15,4,108,Wilson,BRE,FWD,,0,,,,,,,,,Insufficient data,,only 2 finished-gameweek snapshot(s) recorded; need at least 3.
2026-09-15,4,109,Verbruggen,BHA,GKP,,0,,,,,,,,,Insufficient data,,only 2 finished-gameweek snapshot(s) recorded; need at least 3.
2026-09-15,4,110,Rushworth,COV,GKP,,0,,,,,,,,,Insufficient data,,only 2 finished-gameweek snapshot(s) recorded; need at least 3.
2026-09-15,4,111,Steele,BHA,GKP,,0,,,,,,,,,Insufficient data,,only 2 finished-gameweek snapshot(s) recorded; need at least 3.
2026-09-15,4,112,Van Hecke,TOT,DEF,,0,,,,,,,,,Insufficient data,,only 2 finished-gameweek snapshot(s) recorded; need at least 3.
2026-09-15,4,113,F.Kadıoğlu,BHA,DEF,100.0,0,,,,,,,,,Insufficient data,,only 2 finished-gameweek snapshot(s) recorded; need at least 3.
2026-09-15,4,114,Boscagli,BHA,DEF,,0,,,,,,,,,Insufficient data,,only 2 finished-gameweek snapshot(s) recorded; need at least 3.
2026-09-15,4,115,De Cuyper,BHA,DEF,,0,,,,,,,,,Insufficient data,,only 2 finished-gameweek snapshot(s) recorded; need at least 3.
2026-09-15,4,116,Dunk,BHA,DEF,,0,,,,,,,,,Insufficient data,,only 2 finished-gameweek snapshot(s) recorded; need at least 3.
2026-09-15,4,117,Coppola,BHA,DEF,,0,,,,,,,,,Insufficient data,,only 2 finished-gameweek snapshot(s) recorded; need at least 3.
2026-09-15,4,118,Igor,BHA,DEF,0.0,0,,,,,,,,,Insufficient data,,only 2 finished-gameweek snapshot(s) recorded; need at least 3.
2026-09-15,4,119,Costinha,BHA,DEF,,0,,,,,,,,,Insufficient data,,only 2 finished-gameweek snapshot(s) recorded; need at least 3.
2026-09-15,4,120,Svoboda,BHA,DEF,,0,,,,,,,,,Insufficient data,,only 2 finished-gameweek snapshot(s) recorded; need at least 3.
2026-09-15,4,121,Mitoma,BHA,MID,0.0,0,,,,,,,,,Insufficient data,,only 2 finished-gameweek snapshot(s) recorded; need at least 3.
2026-09-15,4,122,Minteh,BHA,MID,0.0,0,,,,,,,,,Insufficient data,,only 2 finished-gameweek snapshot(s) recorded; need at least 3.
2026-09-15,4,123,Hinshelwood,BHA,MID,0.0,0,,,,,,,,,Insufficient data,,only 2 finished-gameweek snapshot(s) recorded; need at least 3.
2026-09-15,4,124,Groß,BHA,MID,,0,,,,,,,,,Insufficient data,,only 2 finished-gameweek snapshot(s) recorded; need at least 3.
2026-09-15,4,125,Georginio,BHA,FWD,75.0,0,,,,,,,,,Insufficient data,,only 2 finished-gameweek snapshot(s) recorded; need at least 3.
2026-09-15,4,126,O'Riley,BHA,MID,,0,,,,,,,,,Insufficient data,,only 2 finished-gameweek snapshot(s) recorded; need at least 3.
2026-09-15,4,127,Gomez,BHA,MID,,0,,,,,,,,,Insufficient data,,only 2 finished-gameweek snapshot(s) recorded; need at least 3.
2026-09-15,4,128,Buonanotte,BHA,MID,0.0,0,,,,,,,,,Insufficient data,,only 2 finished-gameweek snapshot(s) recorded; need at least 3.
2026-09-15,4,129,Ayari,BHA,MID,100.0,0,,,,,,,,,Insufficient data,,only 2 finished-gameweek snapshot(s) recorded; need at least 3.
2026-09-15,4,130,Wieffer,BHA,DEF,0.0,0,,,,,,,,,Insufficient data,,only 2 finished-gameweek snapshot(s) recorded; need at least 3.
2026-09-15,4,131,Baleba,MUN,MID,0.0,0,,,,,,,,,Insufficient data,,only 2 finished-gameweek snapshot(s) recorded; need at least 3.
2026-09-15,4,132,Howell,BHA,MID,0.0,0,,,,,,,,,Insufficient data,,only 2 finished-gameweek snapshot(s) recorded; need at least 3.
2026-09-15,4,133,Watson,BHA,MID,0.0,0,,,,,,,,,Insufficient data,,only 2 finished-gameweek snapshot(s) recorded; need at least 3.
2026-09-15,4,134,Oriola,BHA,MID,,0,,,,,,,,,Insufficient data,,only 2 finished-gameweek snapshot(s) recorded; need at least 3.
2026-09-15,4,135,Yohanna,BHA,MID,0.0,0,,,,,,,,,Insufficient data,,only 2 finished-gameweek snapshot(s) recorded; need at least 3.
2026-09-15,4,136,Welbeck,CHE,FWD,100.0,0,,,,,,,,,Insufficient data,,only 2 finished-gameweek snapshot(s) recorded; need at least 3.
2026-09-15,4,137,Tzimas,BHA,FWD,0.0,0,,,,,,,,,Insufficient data,,only 2 finished-gameweek snapshot(s) recorded; need at least 3.
2026-09-15,4,138,Kostoulas,BHA,FWD,,0,,,,,,,,,Insufficient data,,only 2 finished-gameweek snapshot(s) recorded; need at least 3.
2026-09-15,4,139,Ferguson,BHA,FWD,0.0,0,,,,,,,,,Insufficient data,,only 2 finished-gameweek snapshot(s) recorded; need at least 3.
2026-09-15,4,140,Sánchez,CHE,GKP,0.0,0,,,,,,,,,Insufficient data,,only 2 finished-gameweek snapshot(s) recorded; need at least 3.
2026-09-15,4,141,Jörgensen,CHE,GKP,0.0,0,,,,,,,,,Insufficient data,,only 2 finished-gameweek snapshot(s) recorded; need at least 3.
2026-09-15,4,142,James,CHE,DEF,,0,,,,,,,,,Insufficient data,,only 2 finished-gameweek snapshot(s) recorded; need at least 3.
2026-09-15,4,143,Chalobah,CHE,DEF,0.0,0,,,,,,,,,Insufficient data,,only 2 finished-gameweek snapshot(s) recorded; need at least 3.
2026-09-15,4,144,Gusto,CHE,DEF,,0,,,,,,,,,Insufficient data,,only 2 finished-gameweek snapshot(s) recorded; need at least 3.
2026-09-15,4,145,Fofana,CHE,DEF,100.0,0,,,,,,,,,Insufficient data,,only 2 finished-gameweek snapshot(s) recorded; need at least 3.
2026-09-15,4,146,B.Badiashile,CHE,DEF,0.0,0,,,,,,,,,Insufficient data,,only 2 finished-gameweek snapshot(s) recorded; need at least 3.
2026-09-15,4,147,Tosin,TOT,DEF,,0,,,,,,,,,Insufficient data,,only 2 finished-gameweek snapshot(s) recorded; need at least 3.
2026-09-15,4,148,Hato,CHE,DEF,,0,,,,,,,,,Insufficient data,,only 2 finished-gameweek snapshot(s) recorded; need at least 3.
2026-09-15,4,149,Colwill,CHE,DEF,,0,,,,,,,,,Insufficient data,,only 2 finished-gameweek snapshot(s) recorded; need at least 3.
2026-09-15,4,150,M.Sarr,CHE,DEF,0.0,0,,,,,,,,,Insufficient data,,only 2 finished-gameweek snapshot(s) recorded; need at least 3.
2026-09-15,4,151,Acheampong,CHE,DEF,,0,,,,,,,,,Insufficient data,,only 2 finished-gameweek snapshot(s) recorded; need at least 3.
2026-09-15,4,152,Palestra,CHE,DEF,0.0,0,,,,,,,,,Insufficient data,,only 2 finished-gameweek snapshot(s) recorded; need at least 3.
2026-09-15,4,153,Disasi,CRY,DEF,0.0,0,,,,,,,,,Insufficient data,,only 2 finished-gameweek snapshot(s) recorded; need at least 3.
2026-09-15,4,154,Palmer,CHE,MID,100.0,0,,,,,,,,,Insufficient data,,only 2 finished-gameweek snapshot(s) recorded; need at least 3.
2026-09-15,4,155,Enzo,MCI,MID,,0,,,,,,,,,Insufficient data,,only 2 finished-gameweek snapshot(s) recorded; need at least 3.
2026-09-15,4,156,Neto,CHE,MID,,0,,,,,,,,,Insufficient data,,only 2 finished-gameweek snapshot(s) recorded; need at least 3.
2026-09-15,4,157,Estêvão,CHE,MID,,0,,,,,,,,,Insufficient data,,only 2 finished-gameweek snapshot(s) recorded; need at least 3.
2026-09-15,4,158,Gittens,CHE,MID,,0,,,,,,,,,Insufficient data,,only 2 finished-gameweek snapshot(s) recorded; need at least 3.
2026-09-15,4,159,Caicedo,CHE,MID,0.0,0,,,,,,,,,Insufficient data,,only 2 finished-gameweek snapshot(s) recorded; need at least 3.
2026-09-15,4,160,Garnacho,AVL,MID,,0,,,,,,,,,Insufficient data,,only 2 finished-gameweek snapshot(s) recorded; need at least 3.
2026-09-15,4,161,Lavia,CHE,MID,,0,,,,,,,,,Insufficient data,,only 2 finished-gameweek snapshot(s) recorded; need at least 3.
2026-09-15,4,162,Andrey Santos,MUN,MID,,0,,,,,,,,,Insufficient data,,only 2 finished-gameweek snapshot(s) recorded; need at least 3.
2026-09-15,4,163,D.Essugo,CHE,MID,0.0,0,,,,,,,,,Insufficient data,,only 2 finished-gameweek snapshot(s) recorded; need at least 3.
2026-09-15,4,164,Quenda,CHE,MID,100.0,0,,,,,,,,,Insufficient data,,only 2 finished-gameweek snapshot(s) recorded; need at least 3.
2026-09-15,4,165,João Pedro,CHE,FWD,,0,,,,,,,,,Insufficient data,,only 2 finished-gameweek snapshot(s) recorded; need at least 3.
2026-09-15,4,166,N.Jackson,AVL,FWD,,0,,,,,,,,,Insufficient data,,only 2 finished-gameweek snapshot(s) recorded; need at least 3.
2026-09-15,4,167,Delap,NFO,FWD,,0,,,,,,,,,Insufficient data,,only 2 finished-gameweek snapshot(s) recorded; need at least 3.
2026-09-15,4,168,Marc Guiu,CHE,FWD,0.0,0,,,,,,,,,Insufficient data,,only 2 finished-gameweek snapshot(s) recorded; need at least 3.
2026-09-15,4,169,Mheuka,CHE,FWD,,0,,,,,,,,,Insufficient data,,only 2 finished-gameweek snapshot(s) recorded; need at least 3.
2026-09-15,4,170,Emegha,CHE,FWD,0.0,0,,,,,,,,,Insufficient data,,only 2 finished-gameweek snapshot(s) recorded; need at least 3.
2026-09-15,4,171,Dovin,COV,GKP,0.0,0,,,,,,,,,Insufficient data,,only 2 finished-gameweek snapshot(s) recorded; need at least 3.
2026-09-15,4,172,Wilson,COV,GKP,,0,,,,,,,,,Insufficient data,,only 2 finished-gameweek snapshot(s) recorded; need at least 3.
2026-09-15,4,173,Thomas,COV,DEF,,0,,,,,,,,,Insufficient data,,only 2 finished-gameweek snapshot(s) recorded; need at least 3.
2026-09-15,4,174,Kitching,COV,DEF,0.0,0,,,,,,,,,Insufficient data,,only 2 finished-gameweek snapshot(s) recorded; need at least 3.
2026-09-15,4,175,van Ewijk,COV,DEF,,0,,,,,,,,,Insufficient data,,only 2 finished-gameweek snapshot(s) recorded; need at least 3.
2026-09-15,4,176,Dasilva,COV,DEF,,0,,,,,,,,,Insufficient data,,only 2 finished-gameweek snapshot(s) recorded; need at least 3.
2026-09-15,4,177,Kesler-Hayden,COV,DEF,0.0,0,,,,,,,,,Insufficient data,,only 2 finished-gameweek snapshot(s) recorded; need at least 3.
2026-09-15,4,178,Bidwell,COV,DEF,,0,,,,,,,,,Insufficient data,,only 2 finished-gameweek snapshot(s) recorded; need at least 3.
2026-09-15,4,179,Latibeaudiere,COV,DEF,,0,,,,,,,,,Insufficient data,,only 2 finished-gameweek snapshot(s) recorded; need at least 3.
2026-09-15,4,180,Woolfenden,COV,DEF,0.0,0,,,,,,,,,Insufficient data,,only 2 finished-gameweek snapshot(s) recorded; need at least 3.
2026-09-15,4,181,Brau,COV,DEF,0.0,0,,,,,,,,,Insufficient data,,only 2 finished-gameweek snapshot(s) recorded; need at least 3.
2026-09-15,4,182,Amenda,COV,DEF,,0,,,,,,,,,Insufficient data,,only 2 finished-gameweek snapshot(s) recorded; need at least 3.
2026-09-15,4,183,Rudoni,COV,MID,100.0,0,,,,,,,,,Insufficient data,,only 2 finished-gameweek snapshot(s) recorded; need at least 3.
2026-09-15,4,184,Grimes,COV,MID,,0,,,,,,,,,Insufficient data,,only 2 finished-gameweek snapshot(s) recorded; need at least 3.
2026-09-15,4,185,Sakamoto,COV,MID,,0,,,,,,,,,Insufficient data,,only 2 finished-gameweek snapshot(s) recorded; need at least 3.
2026-09-15,4,186,Mason-Clark,COV,MID,100.0,0,,,,,,,,,Insufficient data,,only 2 finished-gameweek snapshot(s) recorded; need at least 3.
2026-09-15,4,187,Eccles,COV,MID,0.0,0,,,,,,,,,Insufficient data,,only 2 finished-gameweek snapshot(s) recorded; need at least 3.
2026-09-15,4,188,Torp,COV,MID,,0,,,,,,,,,Insufficient data,,only 2 finished-gameweek snapshot(s) recorded; need at least 3.
2026-09-15,4,189,Shepherd,COV,MID,,0,,,,,,,,,Insufficient data,,only 2 finished-gameweek snapshot(s) recorded; need at least 3.
2026-09-15,4,190,Tchaouna,COV,MID,,0,,,,,,,,,Insufficient data,,only 2 finished-gameweek snapshot(s) recorded; need at least 3.
2026-09-15,4,191,Borges Rodrigues,COV,MID,0.0,0,,,,,,,,,Insufficient data,,only 2 finished-gameweek snapshot(s) recorded; need at least 3.
2026-09-15,4,192,Andrews,COV,MID,0.0,0,,,,,,,,,Insufficient data,,only 2 finished-gameweek snapshot(s) recorded; need at least 3.
2026-09-15,4,193,Wright,COV,FWD,0.0,0,,,,,,,,,Insufficient data,,only 2 finished-gameweek snapshot(s) recorded; need at least 3.
2026-09-15,4,194,Thomas-Asante,COV,FWD,,0,,,,,,,,,Insufficient data,,only 2 finished-gameweek snapshot(s) recorded; need at least 3.
2026-09-15,4,195,Simms,COV,FWD,,0,,,,,,,,,Insufficient data,,only 2 finished-gameweek snapshot(s) recorded; need at least 3.
2026-09-15,4,196,Markelo,COV,FWD,0.0,0,,,,,,,,,Insufficient data,,only 2 finished-gameweek snapshot(s) recorded; need at least 3.
2026-09-15,4,197,Bassette,COV,FWD,0.0,0,,,,,,,,,Insufficient data,,only 2 finished-gameweek snapshot(s) recorded; need at least 3.
2026-09-15,4,198,Henderson,CRY,GKP,0.0,0,,,,,,,,,Insufficient data,,only 2 finished-gameweek snapshot(s) recorded; need at least 3.
2026-09-15,4,199,Benitez,CRY,GKP,,0,,,,,,,,,Insufficient data,,only 2 finished-gameweek snapshot(s) recorded; need at least 3.
2026-09-15,4,200,Lacroix,CHE,DEF,,0,,,,,,,,,Insufficient data,,only 2 finished-gameweek snapshot(s) recorded; need at least 3.
2026-09-15,4,201,Muñoz,NFO,DEF,,0,,,,,,,,,Insufficient data,,only 2 finished-gameweek snapshot(s) recorded; need at least 3.
2026-09-15,4,202,Richards,CRY,DEF,,0,,,,,,,,,Insufficient data,,only 2 finished-gameweek snapshot(s) recorded; need at least 3.
2026-09-15,4,203,Canvot,CRY,DEF,,0,,,,,,,,,Insufficient data,,only 2 finished-gameweek snapshot(s) recorded; need at least 3.
2026-09-15,4,204,Mitchell,CRY,DEF,,0,,,,,,,,,Insufficient data,,only 2 finished-gameweek snapshot(s) recorded; need at least 3.
2026-09-15,4,205,Sosa,CRY,DEF,0.0,0,,,,,,,,,Insufficient data,,only 2 finished-gameweek snapshot(s) recorded; need at least 3.
2026-09-15,4,206,Chadi Riad,CRY,DEF,0.0,0,,,,,,,,,Insufficient data,,only 2 finished-gameweek snapshot(s) recorded; need at least 3.
2026-09-15,4,207,Mingueza,CRY,DEF,,0,,,,,,,,,Insufficient data,,only 2 finished-gameweek snapshot(s) recorded; need at least 3.
2026-09-15,4,208,Sarr,CRY,MID,0.0,0,,,,,,,,,Insufficient data,,only 2 finished-gameweek snapshot(s) recorded; need at least 3.
2026-09-15,4,209,Johnson,EVE,MID,,0,,,,,,,,,Insufficient data,,only 2 finished-gameweek snapshot(s) recorded; need at least 3.
2026-09-15,4,210,Wharton,CRY,MID,100.0,0,,,,,,,,,Insufficient data,,only 2 finished-gameweek snapshot(s) recorded; need at least 3.
2026-09-15,4,211,Yeremy,CRY,MID,,0,,,,,,,,,Insufficient data,,only 2 finished-gameweek snapshot(s) recorded; need at least 3.
2026-09-15,4,212,Hughes,CRY,MID,,0,,,,,,,,,Insufficient data,,only 2 finished-gameweek snapshot(s) recorded; need at least 3.
2026-09-15,4,213,Lerma,CRY,MID,,0,,,,,,,,,Insufficient data,,only 2 finished-gameweek snapshot(s) recorded; need at least 3.
2026-09-15,4,214,Kamada,CRY,MID,,0,,,,,,,,,Insufficient data,,only 2 finished-gameweek snapshot(s) recorded; need at least 3.
2026-09-15,4,215,Devenny,CRY,MID,0.0,0,,,,,,,,,Insufficient data,,only 2 finished-gameweek snapshot(s) recorded; need at least 3.
2026-09-15,4,216,Esse,CRY,MID,0.0,0,,,,,,,,,Insufficient data,,only 2 finished-gameweek snapshot(s) recorded; need at least 3.
2026-09-15,4,217,M.França,CRY,MID,0.0,0,,,,,,,,,Insufficient data,,only 2 finished-gameweek snapshot(s) recorded; need at least 3.
2026-09-15,4,218,Doucouré,CRY,MID,,0,,,,,,,,,Insufficient data,,only 2 finished-gameweek snapshot(s) recorded; need at least 3.
2026-09-15,4,219,J.Rak-Sakyi,CRY,MID,0.0,0,,,,,,,,,Insufficient data,,only 2 finished-gameweek snapshot(s) recorded; need at least 3.
2026-09-15,4,220,Cardines,CRY,DEF,0.0,0,,,,,,,,,Insufficient data,,only 2 finished-gameweek snapshot(s) recorded; need at least 3.
2026-09-15,4,221,Drakes-Thomas,CRY,MID,,0,,,,,,,,,Insufficient data,,only 2 finished-gameweek snapshot(s) recorded; need at least 3.
2026-09-15,4,222,Strand Larsen,CRY,FWD,,0,,,,,,,,,Insufficient data,,only 2 finished-gameweek snapshot(s) recorded; need at least 3.
2026-09-15,4,223,Mateta,CRY,FWD,0.0,0,,,,,,,,,Insufficient data,,only 2 finished-gameweek snapshot(s) recorded; need at least 3.
2026-09-15,4,224,Nketiah,CRY,FWD,75.0,0,,,,,,,,,Insufficient data,,only 2 finished-gameweek snapshot(s) recorded; need at least 3.
2026-09-15,4,225,Uche,CRY,FWD,0.0,0,,,,,,,,,Insufficient data,,only 2 finished-gameweek snapshot(s) recorded; need at least 3.
2026-09-15,4,226,Pickford,EVE,GKP,,0,,,,,,,,,Insufficient data,,only 2 finished-gameweek snapshot(s) recorded; need at least 3.
2026-09-15,4,227,Travers,EVE,GKP,,0,,,,,,,,,Insufficient data,,only 2 finished-gameweek snapshot(s) recorded; need at least 3.
2026-09-15,4,228,King,EVE,GKP,,0,,,,,,,,,Insufficient data,,only 2 finished-gameweek snapshot(s) recorded; need at least 3.
2026-09-15,4,229,Tarkowski,EVE,DEF,,0,,,,,,,,,Insufficient data,,only 2 finished-gameweek snapshot(s) recorded; need at least 3.
2026-09-15,4,230,Branthwaite,EVE,DEF,,0,,,,,,,,,Insufficient data,,only 2 finished-gameweek snapshot(s) recorded; need at least 3.
2026-09-15,4,231,Keane,EVE,DEF,,0,,,,,,,,,Insufficient data,,only 2 finished-gameweek snapshot(s) recorded; need at least 3.
2026-09-15,4,232,O'Brien,EVE,DEF,,0,,,,,,,,,Insufficient data,,only 2 finished-gameweek snapshot(s) recorded; need at least 3.
2026-09-15,4,233,Mykolenko,EVE,DEF,,0,,,,,,,,,Insufficient data,,only 2 finished-gameweek snapshot(s) recorded; need at least 3.
2026-09-15,4,234,Patterson,EVE,DEF,0.0,0,,,,,,,,,Insufficient data,,only 2 finished-gameweek snapshot(s) recorded; need at least 3.
2026-09-15,4,235,Aznou,EVE,DEF,0.0,0,,,,,,,,,Insufficient data,,only 2 finished-gameweek snapshot(s) recorded; need at least 3.
2026-09-15,4,236,Dewsbury-Hall,EVE,MID,,0,,,,,,,,,Insufficient data,,only 2 finished-gameweek snapshot(s) recorded; need at least 3.
2026-09-15,4,237,Ndiaye,MCI,MID,,0,,,,,,,,,Insufficient data,,only 2 finished-gameweek snapshot(s) recorded; need at least 3.
2026-09-15,4,238,Grealish,EVE,MID,100.0,0,,,,,,,,,Insufficient data,,only 2 finished-gameweek snapshot(s) recorded; need at least 3.
2026-09-15,4,239,Garner,EVE,MID,100.0,0,,,,,,,,,Insufficient data,,only 2 finished-gameweek snapshot(s) recorded; need at least 3.
2026-09-15,4,240,Iroegbunam,HUL,MID,100.0,0,,,,,,,,,Insufficient data,,only 2 finished-gameweek snapshot(s) recorded; need at least 3.
2026-09-15,4,241,McNeil,CRY,MID,,0,,,,,,,,,Insufficient data,,only 2 finished-gameweek snapshot(s) recorded; need at least 3.
2026-09-15,4,242,George,EVE,MID,,0,,,,,,,,,Insufficient data,,only 2 finished-gameweek snapshot(s) recorded; need at least 3.
2026-09-15,4,243,Alcaraz,EVE,MID,,0,,,,,,,,,Insufficient data,,only 2 finished-gameweek snapshot(s) recorded; need at least 3.
2026-09-15,4,244,Armstrong,EVE,MID,,0,,,,,,,,,Insufficient data,,only 2 finished-gameweek snapshot(s) recorded; need at least 3.
2026-09-15,4,245,Dibling,EVE,MID,,0,,,,,,,,,Insufficient data,,only 2 finished-gameweek snapshot(s) recorded; need at least 3.
2026-09-15,4,246,Röhl,EVE,MID,,0,,,,,,,,,Insufficient data,,only 2 finished-gameweek snapshot(s) recorded; need at least 3.
2026-09-15,4,247,Hackney,EVE,MID,100.0,0,,,,,,,,,Insufficient data,,only 2 finished-gameweek snapshot(s) recorded; need at least 3.
2026-09-15,4,248,Beto,EVE,FWD,0.0,0,,,,,,,,,Insufficient data,,only 2 finished-gameweek snapshot(s) recorded; need at least 3.
2026-09-15,4,249,Barry,EVE,FWD,,0,,,,,,,,,Insufficient data,,only 2 finished-gameweek snapshot(s) recorded; need at least 3.
2026-09-15,4,250,Leno,FUL,GKP,,0,,,,,,,,,Insufficient data,,only 2 finished-gameweek snapshot(s) recorded; need at least 3.
2026-09-15,4,251,Lecomte,FUL,GKP,,0,,,,,,,,,Insufficient data,,only 2 finished-gameweek snapshot(s) recorded; need at least 3.
2026-09-15,4,252,McNally,FUL,GKP,0.0,0,,,,,,,,,Insufficient data,,only 2 finished-gameweek snapshot(s) recorded; need at least 3.
2026-09-15,4,253,Andersen,FUL,DEF,100.0,0,,,,,,,,,Insufficient data,,only 2 finished-gameweek snapshot(s) recorded; need at least 3.
2026-09-15,4,254,Robinson,FUL,DEF,,0,,,,,,,,,Insufficient data,,only 2 finished-gameweek snapshot(s) recorded; need at least 3.
2026-09-15,4,255,J.Cuenca,FUL,DEF,,0,,,,,,,,,Insufficient data,,only 2 finished-gameweek snapshot(s) recorded; need at least 3.
2026-09-15,4,256,Tete,FUL,DEF,,0,,,,,,,,,Insufficient data,,only 2 finished-gameweek snapshot(s) recorded; need at least 3.
2026-09-15,4,257,Bassey,FUL,DEF,,0,,,,,,,,,Insufficient data,,only 2 finished-gameweek snapshot(s) recorded; need at least 3.
2026-09-15,4,258,Castagne,FUL,DEF,,0,,,,,,,,,Insufficient data,,only 2 finished-gameweek snapshot(s) recorded; need at least 3.
2026-09-15,4,259,Diop,IPS,DEF,,0,,,,,,,,,Insufficient data,,only 2 finished-gameweek snapshot(s) recorded; need at least 3.
2026-09-15,4,260,Wilson,LEE,MID,,0,,,,,,,,,Insufficient data,,only 2 finished-gameweek snapshot(s) recorded; need at least 3.
2026-09-15,4,261,Iwobi,FUL,MID,,0,,,,,,,,,Insufficient data,,only 2 finished-gameweek snapshot(s) recorded; need at least 3.
2026-09-15,4,262,Smith Rowe,FUL,MID,,0,,,,,,,,,Insufficient data,,only 2 finished-gameweek snapshot(s) recorded; need at least 3.
2026-09-15,4,263,Kevin,FUL,MID,,0,,,,,,,,,Insufficient data,,only 2 finished-gameweek snapshot(s) recorded; need at least 3.
2026-09-15,4,264,Bobb,FUL,MID,,0,,,,,,,,,Insufficient data,,only 2 finished-gameweek snapshot(s) recorded; need at least 3.
2026-09-15,4,265,Berge,FUL,MID,,0,,,,,,,,,Insufficient data,,only 2 finished-gameweek snapshot(s) recorded; need at least 3.
2026-09-15,4,266,Cairney,FUL,MID,0.0,0,,,,,,,,,Insufficient data,,only 2 finished-gameweek snapshot(s) recorded; need at least 3.
2026-09-15,4,267,Lukić,IPS,MID,,0,,,,,,,,,Insufficient data,,only 2 finished-gameweek snapshot(s) recorded; need at least 3.
2026-09-15,4,268,King,FUL,MID,,0,,,,,,,,,Insufficient data,,only 2 finished-gameweek snapshot(s) recorded; need at least 3.
2026-09-15,4,269,Sessegnon,FUL,DEF,75.0,0,,,,,,,,,Insufficient data,,only 2 finished-gameweek snapshot(s) recorded; need at least 3.
2026-09-15,4,270,Reed,FUL,MID,,0,,,,,,,,,Insufficient data,,only 2 finished-gameweek snapshot(s) recorded; need at least 3.
2026-09-15,4,271,Muniz,FUL,FWD,,0,,,,,,,,,Insufficient data,,only 2 finished-gameweek snapshot(s) recorded; need at least 3.
2026-09-15,4,272,Kusi-Asare,FUL,FWD,,0,,,,,,,,,Insufficient data,,only 2 finished-gameweek snapshot(s) recorded; need at least 3.
2026-09-15,4,273,Phillips,HUL,GKP,,0,,,,,,,,,Insufficient data,,only 2 finished-gameweek snapshot(s) recorded; need at least 3.
2026-09-15,4,274,Butland,HUL,GKP,0.0,0,,,,,,,,,Insufficient data,,only 2 finished-gameweek snapshot(s) recorded; need at least 3.
2026-09-15,4,275,Cartwright,HUL,GKP,0.0,0,,,,,,,,,Insufficient data,,only 2 finished-gameweek snapshot(s) recorded; need at least 3.
2026-09-15,4,276,Lo-Tutala,HUL,GKP,0.0,0,,,,,,,,,Insufficient data,,only 2 finished-gameweek snapshot(s) recorded; need at least 3.
2026-09-15,4,277,Egan,HUL,DEF,,0,,,,,,,,,Insufficient data,,only 2 finished-gameweek snapshot(s) recorded; need at least 3.
2026-09-15,4,278,Hughes,HUL,DEF,0.0,0,,,,,,,,,Insufficient data,,only 2 finished-gameweek snapshot(s) recorded; need at least 3.
2026-09-15,4,279,Ajayi,HUL,DEF,100.0,0,,,,,,,,,Insufficient data,,only 2 finished-gameweek snapshot(s) recorded; need at least 3.
2026-09-15,4,280,Coyle,HUL,DEF,100.0,0,,,,,,,,,Insufficient data,,only 2 finished-gameweek snapshot(s) recorded; need at least 3.
2026-09-15,4,281,Drameh,HUL,DEF,0.0,0,,,,,,,,,Insufficient data,,only 2 finished-gameweek snapshot(s) recorded; need at least 3.
2026-09-15,4,282,Giles,HUL,DEF,,0,,,,,,,,,Insufficient data,,only 2 finished-gameweek snapshot(s) recorded; need at least 3.
2026-09-15,4,283,Jacob,HUL,DEF,0.0,0,,,,,,,,,Insufficient data,,only 2 finished-gameweek snapshot(s) recorded; need at least 3.
2026-09-15,4,284,McCarthy,HUL,DEF,,0,,,,,,,,,Insufficient data,,only 2 finished-gameweek snapshot(s) recorded; need at least 3.
2026-09-15,4,285,McNair,HUL,DEF,100.0,0,,,,,,,,,Insufficient data,,only 2 finished-gameweek snapshot(s) recorded; need at least 3.
2026-09-15,4,286,Belloumi,HUL,MID,,0,,,,,,,,,Insufficient data,,only 2 finished-gameweek snapshot(s) recorded; need at least 3.
2026-09-15,4,287,Millar,HUL,MID,0.0,0,,,,,,,,,Insufficient data,,only 2 finished-gameweek snapshot(s) recorded; need at least 3.
2026-09-15,4,288,Dowell,HUL,MID,,0,,,,,,,,,Insufficient data,,only 2 finished-gameweek snapshot(s) recorded; need at least 3.
2026-09-15,4,289,Crooks,HUL,MID,100.0,0,,,,,,,,,Insufficient data,,only 2 finished-gameweek snapshot(s) recorded; need at least 3.
2026-09-15,4,290,Slater,HUL,MID,,0,,,,,,,,,Insufficient data,,only 2 finished-gameweek snapshot(s) recorded; need at least 3.
2026-09-15,4,291,Matazo,HUL,MID,0.0,0,,,,,,,,,Insufficient data,,only 2 finished-gameweek snapshot(s) recorded; need at least 3.
2026-09-15,4,292,Ömür,HUL,MID,,0,,,,,,,,,Insufficient data,,only 2 finished-gameweek snapshot(s) recorded; need at least 3.
2026-09-15,4,293,Kamara,HUL,MID,0.0,0,,,,,,,,,Insufficient data,,only 2 finished-gameweek snapshot(s) recorded; need at least 3.
2026-09-15,4,294,Zambrano,HUL,MID,100.0,0,,,,,,,,,Insufficient data,,only 2 finished-gameweek snapshot(s) recorded; need at least 3.
2026-09-15,4,295,McBurnie,HUL,FWD,,0,,,,,,,,,Insufficient data,,only 2 finished-gameweek snapshot(s) recorded; need at least 3.
2026-09-15,4,296,Akintola,HUL,MID,0.0,0,,,,,,,,,Insufficient data,,only 2 finished-gameweek snapshot(s) recorded; need at least 3.
2026-09-15,4,297,Gyabi,HUL,MID,0.0,0,,,,,,,,,Insufficient data,,only 2 finished-gameweek snapshot(s) recorded; need at least 3.
2026-09-15,4,298,Destan,HUL,FWD,0.0,0,,,,,,,,,Insufficient data,,only 2 finished-gameweek snapshot(s) recorded; need at least 3.
2026-09-15,4,299,Burstow,HUL,FWD,0.0,0,,,,,,,,,Insufficient data,,only 2 finished-gameweek snapshot(s) recorded; need at least 3.
2026-09-15,4,300,Walton,IPS,GKP,,0,,,,,,,,,Insufficient data,,only 2 finished-gameweek snapshot(s) recorded; need at least 3.
2026-09-15,4,301,Palmer,IPS,GKP,,0,,,,,,,,,Insufficient data,,only 2 finished-gameweek snapshot(s) recorded; need at least 3.
2026-09-15,4,302,Button,IPS,GKP,,0,,,,,,,,,Insufficient data,,only 2 finished-gameweek snapshot(s) recorded; need at least 3.
2026-09-15,4,303,Kipré,IPS,DEF,,0,,,,,,,,,Insufficient data,,only 2 finished-gameweek snapshot(s) recorded; need at least 3.
2026-09-15,4,304,O'Shea,IPS,DEF,,0,,,,,,,,,Insufficient data,,only 2 finished-gameweek snapshot(s) recorded; need at least 3.
2026-09-15,4,305,Davis,IPS,DEF,,0,,,,,,,,,Insufficient data,,only 2 finished-gameweek snapshot(s) recorded; need at least 3.
2026-09-15,4,306,Greaves,IPS,DEF,,0,,,,,,,,,Insufficient data,,only 2 finished-gameweek snapshot(s) recorded; need at least 3.
2026-09-15,4,307,Johnson,IPS,DEF,0.0,0,,,,,,,,,Insufficient data,,only 2 finished-gameweek snapshot(s) recorded; need at least 3.
2026-09-15,4,308,Furlong,IPS,DEF,,0,,,,,,,,,Insufficient data,,only 2 finished-gameweek snapshot(s) recorded; need at least 3.
2026-09-15,4,309,Núñez,IPS,MID,,0,,,,,,,,,Insufficient data,,only 2 finished-gameweek snapshot(s) recorded; need at least 3.
2026-09-15,4,310,Matusiwa,IPS,MID,100.0,0,,,,,,,,,Insufficient data,,only 2 finished-gameweek snapshot(s) recorded; need at least 3.
2026-09-15,4,311,Burns,IPS,MID,0.0,0,,,,,,,,,Insufficient data,,only 2 finished-gameweek snapshot(s) recorded; need at least 3.
2026-09-15,4,312,Taylor,IPS,MID,0.0,0,,,,,,,,,Insufficient data,,only 2 finished-gameweek snapshot(s) recorded; need at least 3.
2026-09-15,4,313,Clarke,IPS,MID,,0,,,,,,,,,Insufficient data,,only 2 finished-gameweek snapshot(s) recorded; need at least 3.
2026-09-15,4,314,Ogbene,IPS,MID,0.0,0,,,,,,,,,Insufficient data,,only 2 finished-gameweek snapshot(s) recorded; need at least 3.
2026-09-15,4,315,Fatawu,IPS,MID,,0,,,,,,,,,Insufficient data,,only 2 finished-gameweek snapshot(s) recorded; need at least 3.
2026-09-15,4,316,Emersonn,IPS,FWD,100.0,0,,,,,,,,,Insufficient data,,only 2 finished-gameweek snapshot(s) recorded; need at least 3.
2026-09-15,4,317,Hirst,IPS,FWD,0.0,0,,,,,,,,,Insufficient data,,only 2 finished-gameweek snapshot(s) recorded; need at least 3.
2026-09-15,4,318,Philogene,IPS,MID,100.0,0,,,,,,,,,Insufficient data,,only 2 finished-gameweek snapshot(s) recorded; need at least 3.
2026-09-15,4,319,Szmodics,IPS,MID,0.0,0,,,,,,,,,Insufficient data,,only 2 finished-gameweek snapshot(s) recorded; need at least 3.
2026-09-15,4,320,Akpom,IPS,FWD,,0,,,,,,,,,Insufficient data,,only 2 finished-gameweek snapshot(s) recorded; need at least 3.
2026-09-15,4,321,Walle Egeli,IPS,FWD,,0,,,,,,,,,Insufficient data,,only 2 finished-gameweek snapshot(s) recorded; need at least 3.
2026-09-15,4,322,Al-Hamadi,IPS,FWD,0.0,0,,,,,,,,,Insufficient data,,only 2 finished-gameweek snapshot(s) recorded; need at least 3.
2026-09-15,4,323,McAteer,IPS,MID,,0,,,,,,,,,Insufficient data,,only 2 finished-gameweek snapshot(s) recorded; need at least 3.
2026-09-15,4,324,Mehmeti,IPS,MID,,0,,,,,,,,,Insufficient data,,only 2 finished-gameweek snapshot(s) recorded; need at least 3.
2026-09-15,4,325,Darlow,MUN,GKP,100.0,0,,,,,,,,,Insufficient data,,only 2 finished-gameweek snapshot(s) recorded; need at least 3.
2026-09-15,4,326,Perri,LEE,GKP,0.0,0,,,,,,,,,Insufficient data,,only 2 finished-gameweek snapshot(s) recorded; need at least 3.
2026-09-15,4,327,Bijol,LEE,DEF,,0,,,,,,,,,Insufficient data,,only 2 finished-gameweek snapshot(s) recorded; need at least 3.
2026-09-15,4,328,Struijk,BHA,DEF,100.0,0,,,,,,,,,Insufficient data,,only 2 finished-gameweek snapshot(s) recorded; need at least 3.
2026-09-15,4,329,Rodon,LEE,DEF,0.0,0,,,,,,,,,Insufficient data,,only 2 finished-gameweek snapshot(s) recorded; need at least 3.
2026-09-15,4,330,Bogle,LEE,DEF,,0,,,,,,,,,Insufficient data,,only 2 finished-gameweek snapshot(s) recorded; need at least 3.
2026-09-15,4,331,Gudmundsson,LEE,DEF,100.0,0,,,,,,,,,Insufficient data,,only 2 finished-gameweek snapshot(s) recorded; need at least 3.
2026-09-15,4,332,Justin,LEE,DEF,,0,,,,,,,,,Insufficient data,,only 2 finished-gameweek snapshot(s) recorded; need at least 3.
2026-09-15,4,333,Bornauw,LEE,DEF,0.0,0,,,,,,,,,Insufficient data,,only 2 finished-gameweek snapshot(s) recorded; need at least 3.
2026-09-15,4,334,Muharemović,LEE,DEF,,0,,,,,,,,,Insufficient data,,only 2 finished-gameweek snapshot(s) recorded; need at least 3.
2026-09-15,4,335,Stach,LEE,MID,,0,,,,,,,,,Insufficient data,,only 2 finished-gameweek snapshot(s) recorded; need at least 3.
2026-09-15,4,336,Okafor,LEE,MID,,0,,,,,,,,,Insufficient data,,only 2 finished-gameweek snapshot(s) recorded; need at least 3.
2026-09-15,4,337,Aaronson,LEE,MID,,0,,,,,,,,,Insufficient data,,only 2 finished-gameweek snapshot(s) recorded; need at least 3.
2026-09-15,4,338,Ampadu,LEE,MID,,0,,,,,,,,,Insufficient data,,only 2 finished-gameweek snapshot(s) recorded; need at least 3.
2026-09-15,4,339,Longstaff,LEE,MID,,0,,,,,,,,,Insufficient data,,only 2 finished-gameweek snapshot(s) recorded; need at least 3.
2026-09-15,4,340,Gelhardt,HUL,MID,100.0,0,,,,,,,,,Insufficient data,,only 2 finished-gameweek snapshot(s) recorded; need at least 3.
2026-09-15,4,341,Gnonto,LEE,MID,0.0,0,,,,,,,,,Insufficient data,,only 2 finished-gameweek snapshot(s) recorded; need at least 3.
2026-09-15,4,342,Harrison,LEE,MID,0.0,0,,,,,,,,,Insufficient data,,only 2 finished-gameweek snapshot(s) recorded; need at least 3.
2026-09-15,4,343,James,LEE,MID,,0,,,,,,,,,Insufficient data,,only 2 finished-gameweek snapshot(s) recorded; need at least 3.
2026-09-15,4,344,Gruev,LEE,MID,25.0,0,,,,,,,,,Insufficient data,,only 2 finished-gameweek snapshot(s) recorded; need at least 3.
2026-09-15,4,345,Tanaka,LEE,MID,,0,,,,,,,,,Insufficient data,,only 2 finished-gameweek snapshot(s) recorded; need at least 3.
2026-09-15,4,346,Calvert-Lewin,LEE,FWD,,0,,,,,,,,,Insufficient data,,only 2 finished-gameweek snapshot(s) recorded; need at least 3.
2026-09-15,4,347,Nmecha,LEE,FWD,,0,,,,,,,,,Insufficient data,,only 2 finished-gameweek snapshot(s) recorded; need at least 3.
2026-09-15,4,348,Piroe,LEE,FWD,0.0,0,,,,,,,,,Insufficient data,,only 2 finished-gameweek snapshot(s) recorded; need at least 3.
2026-09-15,4,349,Mateo Joseph,LEE,FWD,0.0,0,,,,,,,,,Insufficient data,,only 2 finished-gameweek snapshot(s) recorded; need at least 3.
2026-09-15,4,350,A.Becker,LIV,GKP,,0,,,,,,,,,Insufficient data,,only 2 finished-gameweek snapshot(s) recorded; need at least 3.
2026-09-15,4,351,Mamardashvili,LIV,GKP,,0,,,,,,,,,Insufficient data,,only 2 finished-gameweek snapshot(s) recorded; need at least 3.
2026-09-15,4,352,Woodman,LIV,GKP,,0,,,,,,,,,Insufficient data,,only 2 finished-gameweek snapshot(s) recorded; need at least 3.
2026-09-15,4,353,Pecsi,LIV,GKP,0.0,0,,,,,,,,,Insufficient data,,only 2 finished-gameweek snapshot(s) recorded; need at least 3.
2026-09-15,4,354,Jaros,LIV,GKP,0.0,0,,,,,,,,,Insufficient data,,only 2 finished-gameweek snapshot(s) recorded; need at least 3.
2026-09-15,4,355,Davies,LIV,GKP,,0,,,,,,,,,Insufficient data,,only 2 finished-gameweek snapshot(s) recorded; need at least 3.
2026-09-15,4,356,Virgil,LIV,DEF,,0,,,,,,,,,Insufficient data,,only 2 finished-gameweek snapshot(s) recorded; need at least 3.
2026-09-15,4,357,Frimpong,LIV,DEF,,0,,,,,,,,,Insufficient data,,only 2 finished-gameweek snapshot(s) recorded; need at least 3.
2026-09-15,4,358,Kerkez,LIV,DEF,,0,,,,,,,,,Insufficient data,,only 2 finished-gameweek snapshot(s) recorded; need at least 3.
2026-09-15,4,359,Gomez,LIV,DEF,75.0,0,,,,,,,,,Insufficient data,,only 2 finished-gameweek snapshot(s) recorded; need at least 3.
2026-09-15,4,360,Bradley,LIV,DEF,0.0,0,,,,,,,,,Insufficient data,,only 2 finished-gameweek snapshot(s) recorded; need at least 3.
2026-09-15,4,361,Lucky,LIV,DEF,,0,,,,,,,,,Insufficient data,,only 2 finished-gameweek snapshot(s) recorded; need at least 3.
2026-09-15,4,362,Jacquet,LIV,DEF,100.0,0,,,,,,,,,Insufficient data,,only 2 finished-gameweek snapshot(s) recorded; need at least 3.
2026-09-15,4,363,Leoni,LIV,DEF,0.0,0,,,,,,,,,Insufficient data,,only 2 finished-gameweek snapshot(s) recorded; need at least 3.
2026-09-15,4,364,Tsimikas,LIV,DEF,,0,,,,,,,,,Insufficient data,,only 2 finished-gameweek snapshot(s) recorded; need at least 3.
2026-09-15,4,365,Ramsay,LIV,DEF,0.0,0,,,,,,,,,Insufficient data,,only 2 finished-gameweek snapshot(s) recorded; need at least 3.
2026-09-15,4,366,Wirtz,LIV,MID,,0,,,,,,,,,Insufficient data,,only 2 finished-gameweek snapshot(s) recorded; need at least 3.
2026-09-15,4,367,Gakpo,LIV,MID,100.0,0,,,,,,,,,Insufficient data,,only 2 finished-gameweek snapshot(s) recorded; need at least 3.
2026-09-15,4,368,Szoboszlai,LIV,MID,,0,,,,,,,,,Insufficient data,,only 2 finished-gameweek snapshot(s) recorded; need at least 3.
2026-09-15,4,369,Ngumoha,LIV,MID,,0,,,,,,,,,Insufficient data,,only 2 finished-gameweek snapshot(s) recorded; need at least 3.
2026-09-15,4,370,Chiesa,LIV,MID,0.0,0,,,,,,,,,Insufficient data,,only 2 finished-gameweek snapshot(s) recorded; need at least 3.
2026-09-15,4,371,Gravenberch,LIV,MID,,0,,,,,,,,,Insufficient data,,only 2 finished-gameweek snapshot(s) recorded; need at least 3.
2026-09-15,4,372,Mac Allister,LIV,MID,,0,,,,,,,,,Insufficient data,,only 2 finished-gameweek snapshot(s) recorded; need at least 3.
2026-09-15,4,373,C.Jones,LIV,MID,0.0,0,,,,,,,,,Insufficient data,,only 2 finished-gameweek snapshot(s) recorded; need at least 3.
2026-09-15,4,374,Endo,LIV,MID,100.0,0,,,,,,,,,Insufficient data,,only 2 finished-gameweek snapshot(s) recorded; need at least 3.
2026-09-15,4,375,Nyoni,LIV,MID,,0,,,,,,,,,Insufficient data,,only 2 finished-gameweek snapshot(s) recorded; need at least 3.
2026-09-15,4,376,Bajcetic,LIV,MID,0.0,0,,,,,,,,,Insufficient data,,only 2 finished-gameweek snapshot(s) recorded; need at least 3.
2026-09-15,4,377,Munoz,LIV,MID,,0,,,,,,,,,Insufficient data,,only 2 finished-gameweek snapshot(s) recorded; need at least 3.
2026-09-15,4,378,McConnell,LIV,MID,,0,,,,,,,,,Insufficient data,,only 2 finished-gameweek snapshot(s) recorded; need at least 3.
2026-09-15,4,379,Isak,LIV,FWD,,0,,,,,,,,,Insufficient data,,only 2 finished-gameweek snapshot(s) recorded; need at least 3.
2026-09-15,4,380,Ekitiké,LIV,FWD,0.0,0,,,,,,,,,Insufficient data,,only 2 finished-gameweek snapshot(s) recorded; need at least 3.
2026-09-15,4,381,Koumas,LIV,MID,,0,,,,,,,,,Insufficient data,,only 2 finished-gameweek snapshot(s) recorded; need at least 3.
2026-09-15,4,382,Danns,LIV,FWD,100.0,0,,,,,,,,,Insufficient data,,only 2 finished-gameweek snapshot(s) recorded; need at least 3.
2026-09-15,4,383,Elliott,LIV,MID,0.0,0,,,,,,,,,Insufficient data,,only 2 finished-gameweek snapshot(s) recorded; need at least 3.
2026-09-15,4,384,Donnarumma,MCI,GKP,,0,,,,,,,,,Insufficient data,,only 2 finished-gameweek snapshot(s) recorded; need at least 3.
2026-09-15,4,385,Trafford,LEE,GKP,,0,,,,,,,,,Insufficient data,,only 2 finished-gameweek snapshot(s) recorded; need at least 3.
2026-09-15,4,386,Bettinelli,MCI,GKP,,0,,,,,,,,,Insufficient data,,only 2 finished-gameweek snapshot(s) recorded; need at least 3.
2026-09-15,4,387,O'Reilly,MCI,DEF,100.0,0,,,,,,,,,Insufficient data,,only 2 finished-gameweek snapshot(s) recorded; need at least 3.
2026-09-15,4,388,Guéhi,MCI,DEF,,0,,,,,,,,,Insufficient data,,only 2 finished-gameweek snapshot(s) recorded; need at least 3.
2026-09-15,4,389,Matheus N.,MCI,DEF,100.0,0,,,,,,,,,Insufficient data,,only 2 finished-gameweek snapshot(s) recorded; need at least 3.
2026-09-15,4,390,Rúben,MCI,DEF,,0,,,,,,,,,Insufficient data,,only 2 finished-gameweek snapshot(s) recorded; need at least 3.
2026-09-15,4,391,Gvardiol,MCI,DEF,,0,,,,,,,,,Insufficient data,,only 2 finished-gameweek snapshot(s) recorded; need at least 3.
2026-09-15,4,392,Aït-Nouri,MCI,DEF,,0,,,,,,,,,Insufficient data,,only 2 finished-gameweek snapshot(s) recorded; need at least 3.
2026-09-15,4,393,Khusanov,MCI,DEF,,0,,,,,,,,,Insufficient data,,only 2 finished-gameweek snapshot(s) recorded; need at least 3.
2026-09-15,4,394,Alleyne,MCI,DEF,0.0,0,,,,,,,,,Insufficient data,,only 2 finished-gameweek snapshot(s) recorded; need at least 3.
2026-09-15,4,395,Lewis,MCI,DEF,,0,,,,,,,,,Insufficient data,,only 2 finished-gameweek snapshot(s) recorded; need at least 3.
2026-09-15,4,396,Vitor Reis,MCI,DEF,,0,,,,,,,,,Insufficient data,,only 2 finished-gameweek snapshot(s) recorded; need at least 3.
2026-09-15,4,397,Semenyo,MCI,MID,,0,,,,,,,,,Insufficient data,,only 2 finished-gameweek snapshot(s) recorded; need at least 3.
2026-09-15,4,398,Foden,MCI,MID,0.0,0,,,,,,,,,Insufficient data,,only 2 finished-gameweek snapshot(s) recorded; need at least 3.
2026-09-15,4,399,Cherki,MCI,MID,,0,,,,,,,,,Insufficient data,,only 2 finished-gameweek snapshot(s) recorded; need at least 3.
2026-09-15,4,400,Doku,MCI,MID,0.0,0,,,,,,,,,Insufficient data,,only 2 finished-gameweek snapshot(s) recorded; need at least 3.
2026-09-15,4,401,Marmoush,TOT,FWD,,0,,,,,,,,,Insufficient data,,only 2 finished-gameweek snapshot(s) recorded; need at least 3.
2026-09-15,4,402,Rodrigo,MCI,MID,0.0,0,,,,,,,,,Insufficient data,,only 2 finished-gameweek snapshot(s) recorded; need at least 3.
2026-09-15,4,403,Sávio,TOT,MID,100.0,0,,,,,,,,,Insufficient data,,only 2 finished-gameweek snapshot(s) recorded; need at least 3.
2026-09-15,4,404,Reijnders,MCI,MID,0.0,0,,,,,,,,,Insufficient data,,only 2 finished-gameweek snapshot(s) recorded; need at least 3.
2026-09-15,4,405,N.Gonzalez,NEW,MID,50.0,0,,,,,,,,,Insufficient data,,only 2 finished-gameweek snapshot(s) recorded; need at least 3.
2026-09-15,4,406,Kovačić,MCI,MID,,0,,,,,,,,,Insufficient data,,only 2 finished-gameweek snapshot(s) recorded; need at least 3.
2026-09-15,4,407,Echeverri,MCI,MID,0.0,0,,,,,,,,,Insufficient data,,only 2 finished-gameweek snapshot(s) recorded; need at least 3.
2026-09-15,4,408,Phillips,MCI,MID,0.0,0,,,,,,,,,Insufficient data,,only 2 finished-gameweek snapshot(s) recorded; need at least 3.
2026-09-15,4,409,Mukasa,MCI,MID,0.0,0,,,,,,,,,Insufficient data,,only 2 finished-gameweek snapshot(s) recorded; need at least 3.
2026-09-15,4,410,Monga,MCI,MID,0.0,0,,,,,,,,,Insufficient data,,only 2 finished-gameweek snapshot(s) recorded; need at least 3.
2026-09-15,4,411,Haaland,MCI,FWD,,0,,,,,,,,,Insufficient data,,only 2 finished-gameweek snapshot(s) recorded; need at least 3.
2026-09-15,4,412,Lammens,MUN,GKP,,0,,,,,,,,,Insufficient data,,only 2 finished-gameweek snapshot(s) recorded; need at least 3.
2026-09-15,4,413,Bayindir,MUN,GKP,0.0,0,,,,,,,,,Insufficient data,,only 2 finished-gameweek snapshot(s) recorded; need at least 3.
2026-09-15,4,414,Heaton,MUN,GKP,0.0,0,,,,,,,,,Insufficient data,,only 2 finished-gameweek snapshot(s) recorded; need at least 3.
2026-09-15,4,415,Dorgu,MUN,MID,,0,,,,,,,,,Insufficient data,,only 2 finished-gameweek snapshot(s) recorded; need at least 3.
2026-09-15,4,416,De Ligt,MUN,DEF,0.0,0,,,,,,,,,Insufficient data,,only 2 finished-gameweek snapshot(s) recorded; need at least 3.
2026-09-15,4,417,Dalot,MUN,DEF,,0,,,,,,,,,Insufficient data,,only 2 finished-gameweek snapshot(s) recorded; need at least 3.
2026-09-15,4,418,Maguire,MUN,DEF,,0,,,,,,,,,Insufficient data,,only 2 finished-gameweek snapshot(s) recorded; need at least 3.
2026-09-15,4,419,Martinez,MUN,DEF,100.0,0,,,,,,,,,Insufficient data,,only 2 finished-gameweek snapshot(s) recorded; need at least 3.
2026-09-15,4,420,Yoro,MUN,DEF,,0,,,,,,,,,Insufficient data,,only 2 finished-gameweek snapshot(s) recorded; need at least 3.
2026-09-15,4,421,Heaven,MUN,DEF,,0,,,,,,,,,Insufficient data,,only 2 finished-gameweek snapshot(s) recorded; need at least 3.
2026-09-15,4,422,Mazraoui,MUN,DEF,,0,,,,,,,,,Insufficient data,,only 2 finished-gameweek snapshot(s) recorded; need at least 3.
2026-09-15,4,423,Shaw,MUN,DEF,75.0,0,,,,,,,,,Insufficient data,,only 2 finished-gameweek snapshot(s) recorded; need at least 3.
2026-09-15,4,424,Amass,MUN,DEF,,0,,,,,,,,,Insufficient data,,only 2 finished-gameweek snapshot(s) recorded; need at least 3.
2026-09-15,4,425,Fredricson,MUN,DEF,0.0,0,,,,,,,,,Insufficient data,,only 2 finished-gameweek snapshot(s) recorded; need at least 3.
2026-09-15,4,426,B.Fernandes,MUN,MID,,0,,,,,,,,,Insufficient data,,only 2 finished-gameweek snapshot(s) recorded; need at least 3.
2026-09-15,4,427,Mbeumo,MUN,MID,,0,,,,,,,,,Insufficient data,,only 2 finished-gameweek snapshot(s) recorded; need at least 3.
2026-09-15,4,428,Cunha,MUN,MID,,0,,,,,,,,,Insufficient data,,only 2 finished-gameweek snapshot(s) recorded; need at least 3.
2026-09-15,4,429,Rashford,MUN,MID,,0,,,,,,,,,Insufficient data,,only 2 finished-gameweek snapshot(s) recorded; need at least 3.
2026-09-15,4,430,Mount,MUN,MID,100.0,0,,,,,,,,,Insufficient data,,only 2 finished-gameweek snapshot(s) recorded; need at least 3.
2026-09-15,4,431,Amad,MUN,MID,0.0,0,,,,,,,,,Insufficient data,,only 2 finished-gameweek snapshot(s) recorded; need at least 3.
2026-09-15,4,432,Mainoo,MUN,MID,,0,,,,,,,,,Insufficient data,,only 2 finished-gameweek snapshot(s) recorded; need at least 3.
2026-09-15,4,433,Ugarte,MUN,MID,0.0,0,,,,,,,,,Insufficient data,,only 2 finished-gameweek snapshot(s) recorded; need at least 3.
2026-09-15,4,434,J.Fletcher,MUN,MID,,0,,,,,,,,,Insufficient data,,only 2 finished-gameweek snapshot(s) recorded; need at least 3.
2026-09-15,4,435,Lacey,MUN,MID,,0,,,,,,,,,Insufficient data,,only 2 finished-gameweek snapshot(s) recorded; need at least 3.
2026-09-15,4,436,Collyer,MUN,MID,0.0,0,,,,,,,,,Insufficient data,,only 2 finished-gameweek snapshot(s) recorded; need at least 3.
2026-09-15,4,437,Bendito Mantato,MUN,MID,,0,,,,,,,,,Insufficient data,,only 2 finished-gameweek snapshot(s) recorded; need at least 3.
2026-09-15,4,438,Fletcher,MUN,MID,,0,,,,,,,,,Insufficient data,,only 2 finished-gameweek snapshot(s) recorded; need at least 3.
2026-09-15,4,439,Šeško,MUN,FWD,100.0,0,,,,,,,,,Insufficient data,,only 2 finished-gameweek snapshot(s) recorded; need at least 3.
2026-09-15,4,440,Zirkzee,MUN,FWD,,0,,,,,,,,,Insufficient data,,only 2 finished-gameweek snapshot(s) recorded; need at least 3.
2026-09-15,4,441,Obi,MUN,FWD,0.0,0,,,,,,,,,Insufficient data,,only 2 finished-gameweek snapshot(s) recorded; need at least 3.
2026-09-15,4,442,Pope,NEW,GKP,,0,,,,,,,,,Insufficient data,,only 2 finished-gameweek snapshot(s) recorded; need at least 3.
2026-09-15,4,443,Gillespie,NEW,GKP,,0,,,,,,,,,Insufficient data,,only 2 finished-gameweek snapshot(s) recorded; need at least 3.
2026-09-15,4,444,Jaouen,NEW,GKP,50.0,0,,,,,,,,,Insufficient data,,only 2 finished-gameweek snapshot(s) recorded; need at least 3.
2026-09-15,4,445,Thiaw,NEW,DEF,,0,,,,,,,,,Insufficient data,,only 2 finished-gameweek snapshot(s) recorded; need at least 3.
2026-09-15,4,446,Schär,NEW,DEF,100.0,0,,,,,,,,,Insufficient data,,only 2 finished-gameweek snapshot(s) recorded; need at least 3.
2026-09-15,4,447,Botman,NEW,DEF,,0,,,,,,,,,Insufficient data,,only 2 finished-gameweek snapshot(s) recorded; need at least 3.
2026-09-15,4,448,Burn,NEW,DEF,0.0,0,,,,,,,,,Insufficient data,,only 2 finished-gameweek snapshot(s) recorded; need at least 3.
2026-09-15,4,449,Hall,NEW,DEF,,0,,,,,,,,,Insufficient data,,only 2 finished-gameweek snapshot(s) recorded; need at least 3.
2026-09-15,4,450,Livramento,NEW,DEF,100.0,0,,,,,,,,,Insufficient data,,only 2 finished-gameweek snapshot(s) recorded; need at least 3.
2026-09-15,4,451,A.Murphy,NEW,DEF,0.0,0,,,,,,,,,Insufficient data,,only 2 finished-gameweek snapshot(s) recorded; need at least 3.
2026-09-15,4,452,Bruno G.,ARS,MID,100.0,0,,,,,,,,,Insufficient data,,only 2 finished-gameweek snapshot(s) recorded; need at least 3.
2026-09-15,4,453,Barnes,NEW,MID,,0,,,,,,,,,Insufficient data,,only 2 finished-gameweek snapshot(s) recorded; need at least 3.
2026-09-15,4,454,Elanga,NEW,MID,0.0,0,,,,,,,,,Insufficient data,,only 2 finished-gameweek snapshot(s) recorded; need at least 3.
2026-09-15,4,455,Tonali,TOT,MID,75.0,0,,,,,,,,,Insufficient data,,only 2 finished-gameweek snapshot(s) recorded; need at least 3.
2026-09-15,4,456,J.Ramsey,NEW,MID,25.0,0,,,,,,,,,Insufficient data,,only 2 finished-gameweek snapshot(s) recorded; need at least 3.
2026-09-15,4,457,J.Murphy,NEW,MID,,0,,,,,,,,,Insufficient data,,only 2 finished-gameweek snapshot(s) recorded; need at least 3.
2026-09-15,4,458,Joelinton,NEW,MID,0.0,0,,,,,,,,,Insufficient data,,only 2 finished-gameweek snapshot(s) recorded; need at least 3.
2026-09-15,4,459,L.Miley,NEW,MID,100.0,0,,,,,,,,,Insufficient data,,only 2 finished-gameweek snapshot(s) recorded; need at least 3.
2026-09-15,4,460,Willock,NEW,MID,,0,,,,,,,,,Insufficient data,,only 2 finished-gameweek snapshot(s) recorded; need at least 3.
2026-09-15,4,461,Touré,NEW,MID,,0,,,,,,,,,Insufficient data,,only 2 finished-gameweek snapshot(s) recorded; need at least 3.
2026-09-15,4,462,Steur,NEW,MID,,0,,,,,,,,,Insufficient data,,only 2 finished-gameweek snapshot(s) recorded; need at least 3.
2026-09-15,4,463,Woltemade,NEW,FWD,0.0,0,,,,,,,,,Insufficient data,,only 2 finished-gameweek snapshot(s) recorded; need at least 3.
2026-09-15,4,464,Wissa,NEW,FWD,,0,,,,,,,,,Insufficient data,,only 2 finished-gameweek snapshot(s) recorded; need at least 3.
2026-09-15,4,465,Osula,NEW,FWD,0.0,0,,,,,,,,,Insufficient data,,only 2 finished-gameweek snapshot(s) recorded; need at least 3.
2026-09-15,4,466,Neave,NEW,FWD,0.0,0,,,,,,,,,Insufficient data,,only 2 finished-gameweek snapshot(s) recorded; need at least 3.
2026-09-15,4,467,Sels,NFO,GKP,,0,,,,,,,,,Insufficient data,,only 2 finished-gameweek snapshot(s) recorded; need at least 3.
2026-09-15,4,468,John,NFO,GKP,,0,,,,,,,,,Insufficient data,,only 2 finished-gameweek snapshot(s) recorded; need at least 3.
2026-09-15,4,469,N.Williams,NFO,DEF,,0,,,,,,,,,Insufficient data,,only 2 finished-gameweek snapshot(s) recorded; need at least 3.
2026-09-15,4,470,Morato,NFO,DEF,0.0,0,,,,,,,,,Insufficient data,,only 2 finished-gameweek snapshot(s) recorded; need at least 3.
2026-09-15,4,471,Milenković,NFO,DEF,0.0,0,,,,,,,,,Insufficient data,,only 2 finished-gameweek snapshot(s) recorded; need at least 3.
2026-09-15,4,472,Murillo,NFO,DEF,100.0,0,,,,,,,,,Insufficient data,,only 2 finished-gameweek snapshot(s) recorded; need at least 3.
2026-09-15,4,473,Aina,NFO,DEF,,0,,,,,,,,,Insufficient data,,only 2 finished-gameweek snapshot(s) recorded; need at least 3.
2026-09-15,4,474,Jair Cunha,NFO,DEF,50.0,0,,,,,,,,,Insufficient data,,only 2 finished-gameweek snapshot(s) recorded; need at least 3.
2026-09-15,4,475,Savona,NFO,DEF,0.0,0,,,,,,,,,Insufficient data,,only 2 finished-gameweek snapshot(s) recorded; need at least 3.
2026-09-15,4,476,O.Richards,NFO,DEF,,0,,,,,,,,,Insufficient data,,only 2 finished-gameweek snapshot(s) recorded; need at least 3.
2026-09-15,4,477,Abbott,NFO,DEF,0.0,0,,,,,,,,,Insufficient data,,only 2 finished-gameweek snapshot(s) recorded; need at least 3.
2026-09-15,4,478,Netz,NFO,DEF,,0,,,,,,,,,Insufficient data,,only 2 finished-gameweek snapshot(s) recorded; need at least 3.
2026-09-15,4,479,Bindon,NFO,DEF,0.0,0,,,,,,,,,Insufficient data,,only 2 finished-gameweek snapshot(s) recorded; need at least 3.
2026-09-15,4,480,Gibbs-White,NFO,MID,100.0,0,,,,,,,,,Insufficient data,,only 2 finished-gameweek snapshot(s) recorded; need at least 3.
2026-09-15,4,481,Anderson,MCI,MID,100.0,0,,,,,,,,,Insufficient data,,only 2 finished-gameweek snapshot(s) recorded; need at least 3.
2026-09-15,4,482,Hudson-Odoi,NFO,MID,100.0,0,,,,,,,,,Insufficient data,,only 2 finished-gameweek snapshot(s) recorded; need at least 3.
2026-09-15,4,483,Ndoye,NFO,MID,,0,,,,,,,,,Insufficient data,,only 2 finished-gameweek snapshot(s) recorded; need at least 3.
2026-09-15,4,484,Hutchinson,NFO,MID,0.0,0,,,,,,,,,Insufficient data,,only 2 finished-gameweek snapshot(s) recorded; need at least 3.
2026-09-15,4,485,Bakwa,NFO,MID,0.0,0,,,,,,,,,Insufficient data,,only 2 finished-gameweek snapshot(s) recorded; need at least 3.
2026-09-15,4,486,McAtee,NFO,MID,,0,,,,,,,,,Insufficient data,,only 2 finished-gameweek snapshot(s) recorded; need at least 3.
2026-09-15,4,487,Dominguez,NFO,MID,,0,,,,,,,,,Insufficient data,,only 2 finished-gameweek snapshot(s) recorded; need at least 3.
2026-09-15,4,488,I.Sangaré,NFO,MID,100.0,0,,,,,,,,,Insufficient data,,only 2 finished-gameweek snapshot(s) recorded; need at least 3.
2026-09-15,4,489,Yates,NFO,MID,100.0,0,,,,,,,,,Insufficient data,,only 2 finished-gameweek snapshot(s) recorded; need at least 3.
2026-09-15,4,490,Wood,NFO,FWD,,0,,,,,,,,,Insufficient data,,only 2 finished-gameweek snapshot(s) recorded; need at least 3.
2026-09-15,4,491,Igor Jesus,NFO,FWD,,0,,,,,,,,,Insufficient data,,only 2 finished-gameweek snapshot(s) recorded; need at least 3.
2026-09-15,4,492,Awoniyi,COV,FWD,0.0,0,,,,,,,,,Insufficient data,,only 2 finished-gameweek snapshot(s) recorded; need at least 3.
2026-09-15,4,493,Kalimuendo,NFO,FWD,,0,,,,,,,,,Insufficient data,,only 2 finished-gameweek snapshot(s) recorded; need at least 3.
2026-09-15,4,494,Vicario,TOT,GKP,0.0,0,,,,,,,,,Insufficient data,,only 2 finished-gameweek snapshot(s) recorded; need at least 3.
2026-09-15,4,495,Austin,TOT,GKP,,0,,,,,,,,,Insufficient data,,only 2 finished-gameweek snapshot(s) recorded; need at least 3.
2026-09-15,4,496,Kinsky,TOT,GKP,,0,,,,,,,,,Insufficient data,,only 2 finished-gameweek snapshot(s) recorded; need at least 3.
2026-09-15,4,497,Dubravka,TOT,GKP,,0,,,,,,,,,Insufficient data,,only 2 finished-gameweek snapshot(s) recorded; need at least 3.
2026-09-15,4,498,Senesi,TOT,DEF,,0,,,,,,,,,Insufficient data,,only 2 finished-gameweek snapshot(s) recorded; need at least 3.
2026-09-15,4,499,Pedro Porro,TOT,DEF,75.0,0,,,,,,,,,Insufficient data,,only 2 finished-gameweek snapshot(s) recorded; need at least 3.
2026-09-15,4,500,Romero,TOT,DEF,0.0,0,,,,,,,,,Insufficient data,,only 2 finished-gameweek snapshot(s) recorded; need at least 3.
2026-09-15,4,501,Danso,SUN,DEF,,0,,,,,,,,,Insufficient data,,only 2 finished-gameweek snapshot(s) recorded; need at least 3.
2026-09-15,4,502,Robertson,TOT,DEF,,0,,,,,,,,,Insufficient data,,only 2 finished-gameweek snapshot(s) recorded; need at least 3.
2026-09-15,4,503,Van de Ven,TOT,DEF,100.0,0,,,,,,,,,Insufficient data,,only 2 finished-gameweek snapshot(s) recorded; need at least 3.
2026-09-15,4,504,Vuskovic,BHA,DEF,,0,,,,,,,,,Insufficient data,,only 2 finished-gameweek snapshot(s) recorded; need at least 3.
2026-09-15,4,505,Spence,TOT,DEF,0.0,0,,,,,,,,,Insufficient data,,only 2 finished-gameweek snapshot(s) recorded; need at least 3.
2026-09-15,4,506,Udogie,TOT,DEF,100.0,0,,,,,,,,,Insufficient data,,only 2 finished-gameweek snapshot(s) recorded; need at least 3.
2026-09-15,4,507,Phillips,TOT,DEF,0.0,0,,,,,,,,,Insufficient data,,only 2 finished-gameweek snapshot(s) recorded; need at least 3.
2026-09-15,4,508,Davies,TOT,DEF,,0,,,,,,,,,Insufficient data,,only 2 finished-gameweek snapshot(s) recorded; need at least 3.
2026-09-15,4,509,Byfield,TOT,DEF,,0,,,,,,,,,Insufficient data,,only 2 finished-gameweek snapshot(s) recorded; need at least 3.
2026-09-15,4,510,Rowswell,TOT,DEF,,0,,,,,,,,,Insufficient data,,only 2 finished-gameweek snapshot(s) recorded; need at least 3.
2026-09-15,4,511,Souza,TOT,DEF,0.0,0,,,,,,,,,Insufficient data,,only 2 finished-gameweek snapshot(s) recorded; need at least 3.
2026-09-15,4,512,Kudus,TOT,MID,100.0,0,,,,,,,,,Insufficient data,,only 2 finished-gameweek snapshot(s) recorded; need at least 3.
2026-09-15,4,513,Xavi,TOT,MID,0.0,0,,,,,,,,,Insufficient data,,only 2 finished-gameweek snapshot(s) recorded; need at least 3.
2026-09-15,4,514,Tel,TOT,MID,,0,,,,,,,,,Insufficient data,,only 2 finished-gameweek snapshot(s) recorded; need at least 3.
2026-09-15,4,515,Maddison,TOT,MID,100.0,0,,,,,,,,,Insufficient data,,only 2 finished-gameweek snapshot(s) recorded; need at least 3.
2026-09-15,4,516,Bentancur,TOT,MID,,0,,,,,,,,,Insufficient data,,only 2 finished-gameweek snapshot(s) recorded; need at least 3.
2026-09-15,4,517,Odobert,TOT,MID,0.0,0,,,,,,,,,Insufficient data,,only 2 finished-gameweek snapshot(s) recorded; need at least 3.
2026-09-15,4,518,P.M.Sarr,TOT,MID,0.0,0,,,,,,,,,Insufficient data,,only 2 finished-gameweek snapshot(s) recorded; need at least 3.
2026-09-15,4,519,Gallagher,TOT,MID,,0,,,,,,,,,Insufficient data,,only 2 finished-gameweek snapshot(s) recorded; need at least 3.
2026-09-15,4,520,Bergvall,TOT,MID,,0,,,,,,,,,Insufficient data,,only 2 finished-gameweek snapshot(s) recorded; need at least 3.
2026-09-15,4,521,Kulusevski,TOT,MID,0.0,0,,,,,,,,,Insufficient data,,only 2 finished-gameweek snapshot(s) recorded; need at least 3.
2026-09-15,4,522,Gray,TOT,MID,,0,,,,,,,,,Insufficient data,,only 2 finished-gameweek snapshot(s) recorded; need at least 3.
2026-09-15,4,523,Moore,TOT,MID,0.0,0,,,,,,,,,Insufficient data,,only 2 finished-gameweek snapshot(s) recorded; need at least 3.
2026-09-15,4,524,Olusesi,TOT,MID,,0,,,,,,,,,Insufficient data,,only 2 finished-gameweek snapshot(s) recorded; need at least 3.
2026-09-15,4,525,Fernandes,TOT,MID,,0,,,,,,,,,Insufficient data,,only 2 finished-gameweek snapshot(s) recorded; need at least 3.
2026-09-15,4,526,Solanke,TOT,FWD,,0,,,,,,,,,Insufficient data,,only 2 finished-gameweek snapshot(s) recorded; need at least 3.
2026-09-15,4,527,Richarlison,TOT,FWD,0.0,0,,,,,,,,,Insufficient data,,only 2 finished-gameweek snapshot(s) recorded; need at least 3.
2026-09-15,4,528,Scarlett,TOT,FWD,0.0,0,,,,,,,,,Insufficient data,,only 2 finished-gameweek snapshot(s) recorded; need at least 3.
2026-09-15,4,529,Roefs,SUN,GKP,,0,,,,,,,,,Insufficient data,,only 2 finished-gameweek snapshot(s) recorded; need at least 3.
2026-09-15,4,530,Patterson,SUN,GKP,0.0,0,,,,,,,,,Insufficient data,,only 2 finished-gameweek snapshot(s) recorded; need at least 3.
2026-09-15,4,531,Ellborg,SUN,GKP,,0,,,,,,,,,Insufficient data,,only 2 finished-gameweek snapshot(s) recorded; need at least 3.
2026-09-15,4,532,Ballard,SUN,DEF,,0,,,,,,,,,Insufficient data,,only 2 finished-gameweek snapshot(s) recorded; need at least 3.
2026-09-15,4,533,Mukiele,SUN,DEF,100.0,0,,,,,,,,,Insufficient data,,only 2 finished-gameweek snapshot(s) recorded; need at least 3.
2026-09-15,4,534,Hume,SUN,DEF,,0,,,,,,,,,Insufficient data,,only 2 finished-gameweek snapshot(s) recorded; need at least 3.
2026-09-15,4,535,Alderete,SUN,DEF,100.0,0,,,,,,,,,Insufficient data,,only 2 finished-gameweek snapshot(s) recorded; need at least 3.
2026-09-15,4,536,Reinildo,SUN,DEF,0.0,0,,,,,,,,,Insufficient data,,only 2 finished-gameweek snapshot(s) recorded; need at least 3.
2026-09-15,4,537,Seelt,SUN,DEF,0.0,0,,,,,,,,,Insufficient data,,only 2 finished-gameweek snapshot(s) recorded; need at least 3.
2026-09-15,4,538,Hjelde,SUN,DEF,0.0,0,,,,,,,,,Insufficient data,,only 2 finished-gameweek snapshot(s) recorded; need at least 3.
2026-09-15,4,539,O'Nien,SUN,DEF,,0,,,,,,,,,Insufficient data,,only 2 finished-gameweek snapshot(s) recorded; need at least 3.
2026-09-15,4,540,Masuaku,SUN,DEF,0.0,0,,,,,,,,,Insufficient data,,only 2 finished-gameweek snapshot(s) recorded; need at least 3.
2026-09-15,4,541,Meunier,SUN,DEF,100.0,0,,,,,,,,,Insufficient data,,only 2 finished-gameweek snapshot(s) recorded; need at least 3.
2026-09-15,4,542,E.Le Fée,SUN,MID,,0,,,,,,,,,Insufficient data,,only 2 finished-gameweek snapshot(s) recorded; need at least 3.
2026-09-15,4,543,Diarra,SUN,MID,0.0,0,,,,,,,,,Insufficient data,,only 2 finished-gameweek snapshot(s) recorded; need at least 3.
2026-09-15,4,544,Xhaka,SUN,MID,,0,,,,,,,,,Insufficient data,,only 2 finished-gameweek snapshot(s) recorded; need at least 3.
2026-09-15,4,545,Sadiki,SUN,MID,,0,,,,,,,,,Insufficient data,,only 2 finished-gameweek snapshot(s) recorded; need at least 3.
2026-09-15,4,546,Adingra,SUN,MID,0.0,0,,,,,,,,,Insufficient data,,only 2 finished-gameweek snapshot(s) recorded; need at least 3.
2026-09-15,4,547,Mundle,SUN,MID,0.0,0,,,,,,,,,Insufficient data,,only 2 finished-gameweek snapshot(s) recorded; need at least 3.
2026-09-15,4,548,Rigg,SUN,MID,,0,,,,,,,,,Insufficient data,,only 2 finished-gameweek snapshot(s) recorded; need at least 3.
2026-09-15,4,549,Talbi,SUN,MID,,0,,,,,,,,,Insufficient data,,only 2 finished-gameweek snapshot(s) recorded; need at least 3.
2026-09-15,4,550,Jocelin.T,SUN,MID,,0,,,,,,,,,Insufficient data,,only 2 finished-gameweek snapshot(s) recorded; need at least 3.
2026-09-15,4,551,N.Angulo,SUN,MID,,0,,,,,,,,,Insufficient data,,only 2 finished-gameweek snapshot(s) recorded; need at least 3.
2026-09-15,4,552,Brobbey,SUN,FWD,,0,,,,,,,,,Insufficient data,,only 2 finished-gameweek snapshot(s) recorded; need at least 3.
2026-09-15,4,553,Isidor,SUN,FWD,,0,,,,,,,,,Insufficient data,,only 2 finished-gameweek snapshot(s) recorded; need at least 3.
2026-09-15,4,554,Van Oevelen,IPS,GKP,0.0,0,,,,,,,,,Insufficient data,,only 2 finished-gameweek snapshot(s) recorded; need at least 3.
2026-09-15,4,555,Matthews,CRY,GKP,,0,,,,,,,,,Insufficient data,,only 2 finished-gameweek snapshot(s) recorded; need at least 3.
2026-09-15,4,556,Targett,HUL,DEF,,0,,,,,,,,,Insufficient data,,only 2 finished-gameweek snapshot(s) recorded; need at least 3.
2026-09-15,4,557,Tzolis,ARS,MID,,0,,,,,,,,,Insufficient data,,only 2 finished-gameweek snapshot(s) recorded; need at least 3.
2026-09-15,4,558,Schlager,NFO,MID,,0,,,,,,,,,Insufficient data,,only 2 finished-gameweek snapshot(s) recorded; need at least 3.
2026-09-15,4,559,Bamba,NEW,MID,,0,,,,,,,,,Insufficient data,,only 2 finished-gameweek snapshot(s) recorded; need at least 3.
2026-09-15,4,560,Penders,CHE,GKP,,0,,,,,,,,,Insufficient data,,only 2 finished-gameweek snapshot(s) recorded; need at least 3.
2026-09-15,4,561,Anselmino,CHE,DEF,100.0,0,,,,,,,,,Insufficient data,,only 2 finished-gameweek snapshot(s) recorded; need at least 3.
2026-09-15,4,562,Maeda,IPS,MID,,0,,,,,,,,,Insufficient data,,only 2 finished-gameweek snapshot(s) recorded; need at least 3.
2026-09-15,4,563,Morita,HUL,MID,0.0,0,,,,,,,,,Insufficient data,,only 2 finished-gameweek snapshot(s) recorded; need at least 3.
2026-09-15,4,564,Scherpen,IPS,GKP,,0,,,,,,,,,Insufficient data,,only 2 finished-gameweek snapshot(s) recorded; need at least 3.
2026-09-15,4,565,M.Sangaré,BRE,MID,,0,,,,,,,,,Insufficient data,,only 2 finished-gameweek snapshot(s) recorded; need at least 3.
2026-09-15,4,566,Silva,BOU,DEF,,0,,,,,,,,,Insufficient data,,only 2 finished-gameweek snapshot(s) recorded; need at least 3.
2026-09-15,4,567,Horníček,NEW,GKP,,0,,,,,,,,,Insufficient data,,only 2 finished-gameweek snapshot(s) recorded; need at least 3.
2026-09-15,4,568,Barco,CHE,MID,,0,,,,,,,,,Insufficient data,,only 2 finished-gameweek snapshot(s) recorded; need at least 3.
2026-09-15,4,569,Gonzalo,FUL,FWD,,0,,,,,,,,,Insufficient data,,only 2 finished-gameweek snapshot(s) recorded; need at least 3.
2026-09-15,4,570,Palacios,FUL,MID,,0,,,,,,,,,Insufficient data,,only 2 finished-gameweek snapshot(s) recorded; need at least 3.
2026-09-15,4,571,Florentino,IPS,MID,100.0,0,,,,,,,,,Insufficient data,,only 2 finished-gameweek snapshot(s) recorded; need at least 3.
2026-09-15,4,572,Tzolakis,HUL,GKP,,0,,,,,,,,,Insufficient data,,only 2 finished-gameweek snapshot(s) recorded; need at least 3.
2026-09-15,4,573,Sanchez,BOU,DEF,,0,,,,,,,,,Insufficient data,,only 2 finished-gameweek snapshot(s) recorded; need at least 3.
2026-09-15,4,574,Hjertø-Dahl,HUL,MID,,0,,,,,,,,,Insufficient data,,only 2 finished-gameweek snapshot(s) recorded; need at least 3.
2026-09-15,4,575,Yirenkyi,COV,MID,,0,,,,,,,,,Insufficient data,,only 2 finished-gameweek snapshot(s) recorded; need at least 3.
2026-09-15,4,576,Stroud,HUL,MID,,0,,,,,,,,,Insufficient data,,only 2 finished-gameweek snapshot(s) recorded; need at least 3.
2026-09-15,4,577,Tomiyasu,CRY,DEF,,0,,,,,,,,,Insufficient data,,only 2 finished-gameweek snapshot(s) recorded; need at least 3.
2026-09-15,4,578,Mudryk,TOT,MID,0.0,0,,,,,,,,,Insufficient data,,only 2 finished-gameweek snapshot(s) recorded; need at least 3.
2026-09-15,4,579,Araujo,LIV,DEF,,0,,,,,,,,,Insufficient data,,only 2 finished-gameweek snapshot(s) recorded; need at least 3.
2026-09-15,4,580,Charles,FUL,MID,,0,,,,,,,,,Insufficient data,,only 2 finished-gameweek snapshot(s) recorded; need at least 3.
2026-09-15,4,581,Diomande,NFO,DEF,,0,,,,,,,,,Insufficient data,,only 2 finished-gameweek snapshot(s) recorded; need at least 3.
2026-09-15,4,582,Madjo,AVL,FWD,0.0,0,,,,,,,,,Insufficient data,,only 2 finished-gameweek snapshot(s) recorded; need at least 3.
2026-09-15,4,583,Chavarria,CHE,DEF,,0,,,,,,,,,Insufficient data,,only 2 finished-gameweek snapshot(s) recorded; need at least 3.
2026-09-15,4,584,Hamer,COV,MID,,0,,,,,,,,,Insufficient data,,only 2 finished-gameweek snapshot(s) recorded; need at least 3.
2026-09-15,4,585,Herrington,HUL,DEF,,0,,,,,,,,,Insufficient data,,only 2 finished-gameweek snapshot(s) recorded; need at least 3.
2026-09-15,4,586,Mendy,HUL,DEF,50.0,0,,,,,,,,,Insufficient data,,only 2 finished-gameweek snapshot(s) recorded; need at least 3.
2026-09-15,4,587,Rulli,MCI,GKP,,0,,,,,,,,,Insufficient data,,only 2 finished-gameweek snapshot(s) recorded; need at least 3.
2026-09-15,4,588,Khalaili,CRY,DEF,,0,,,,,,,,,Insufficient data,,only 2 finished-gameweek snapshot(s) recorded; need at least 3.
2026-09-15,4,589,Gourna-Douath,HUL,MID,,0,,,,,,,,,Insufficient data,,only 2 finished-gameweek snapshot(s) recorded; need at least 3.
2026-09-15,4,590,Benda,NFO,GKP,,0,,,,,,,,,Insufficient data,,only 2 finished-gameweek snapshot(s) recorded; need at least 3.
2026-09-15,4,591,Enciso,IPS,MID,100.0,0,,,,,,,,,Insufficient data,,only 2 finished-gameweek snapshot(s) recorded; need at least 3.
2026-09-15,4,592,Ouattara,IPS,DEF,,0,,,,,,,,,Insufficient data,,only 2 finished-gameweek snapshot(s) recorded; need at least 3.
2026-09-15,4,593,Dedić,NEW,DEF,100.0,0,,,,,,,,,Insufficient data,,only 2 finished-gameweek snapshot(s) recorded; need at least 3.
2026-09-15,4,594,David,BHA,FWD,,0,,,,,,,,,Insufficient data,,only 2 finished-gameweek snapshot(s) recorded; need at least 3.
2026-09-15,4,595,Gozo,CRY,MID,,0,,,,,,,,,Insufficient data,,only 2 finished-gameweek snapshot(s) recorded; need at least 3.
2026-09-15,4,596,Ruggeri,AVL,DEF,,0,,,,,,,,,Insufficient data,,only 2 finished-gameweek snapshot(s) recorded; need at least 3.
2026-09-15,4,597,Suzuki,AVL,GKP,,0,,,,,,,,,Insufficient data,,only 2 finished-gameweek snapshot(s) recorded; need at least 3.
2026-09-15,4,598,Elvedi,LEE,DEF,,0,,,,,,,,,Insufficient data,,only 2 finished-gameweek snapshot(s) recorded; need at least 3.
2026-09-15,4,599,Cherif,COV,FWD,,0,,,,,,,,,Insufficient data,,only 2 finished-gameweek snapshot(s) recorded; need at least 3.
2026-09-15,4,600,Osman,BHA,MID,,0,,,,,,,,,Insufficient data,,only 2 finished-gameweek snapshot(s) recorded; need at least 3.
2026-09-15,4,601,Williams-Barnett,TOT,MID,,0,,,,,,,,,Insufficient data,,only 2 finished-gameweek snapshot(s) recorded; need at least 3.
2026-09-15,4,602,Humphreys,IPS,MID,0.0,0,,,,,,,,,Insufficient data,,only 2 finished-gameweek snapshot(s) recorded; need at least 3.
2026-09-15,4,603,Lienou,LEE,DEF,,0,,,,,,,,,Insufficient data,,only 2 finished-gameweek snapshot(s) recorded; need at least 3.
2026-09-15,4,604,Cresswell,LEE,MID,,0,,,,,,,,,Insufficient data,,only 2 finished-gameweek snapshot(s) recorded; need at least 3.
2026-09-15,4,605,Yalcouyé,BHA,MID,,0,,,,,,,,,Insufficient data,,only 2 finished-gameweek snapshot(s) recorded; need at least 3.
2026-09-15,4,606,Rowe,AVL,DEF,,0,,,,,,,,,Insufficient data,,only 2 finished-gameweek snapshot(s) recorded; need at least 3.
2026-09-15,4,607,Lynch,AVL,MID,0.0,0,,,,,,,,,Insufficient data,,only 2 finished-gameweek snapshot(s) recorded; need at least 3.
2026-09-15,4,608,Jebbison,BOU,FWD,,0,,,,,,,,,Insufficient data,,only 2 finished-gameweek snapshot(s) recorded; need at least 3.
2026-09-15,4,609,Shahar,NEW,DEF,0.0,0,,,,,,,,,Insufficient data,,only 2 finished-gameweek snapshot(s) recorded; need at least 3.
2026-09-15,4,610,De Fougerolles,FUL,DEF,0.0,0,,,,,,,,,Insufficient data,,only 2 finished-gameweek snapshot(s) recorded; need at least 3.
2026-09-15,4,611,Wan-Bissaka,AVL,DEF,,0,,,,,,,,,Insufficient data,,only 2 finished-gameweek snapshot(s) recorded; need at least 3.
2026-09-15,4,612,Methalie,SUN,DEF,100.0,0,,,,,,,,,Insufficient data,,only 2 finished-gameweek snapshot(s) recorded; need at least 3.
2026-09-15,4,613,Ahoka,SUN,MID,,0,,,,,,,,,Insufficient data,,only 2 finished-gameweek snapshot(s) recorded; need at least 3.
2026-09-15,4,614,Hadjam,BHA,DEF,,0,,,,,,,,,Insufficient data,,only 2 finished-gameweek snapshot(s) recorded; need at least 3.
2026-09-15,4,615,Di Gregorio,BOU,GKP,,0,,,,,,,,,Insufficient data,,only 2 finished-gameweek snapshot(s) recorded; need at least 3.
2026-09-15,4,616,Bouaddi,MCI,MID,,0,,,,,,,,,Insufficient data,,only 2 finished-gameweek snapshot(s) recorded; need at least 3.
2026-09-15,4,617,Cho,HUL,MID,,0,,,,,,,,,Insufficient data,,only 2 finished-gameweek snapshot(s) recorded; need at least 3.
2026-09-15,4,618,Goretzka,AVL,MID,0.0,0,,,,,,,,,Insufficient data,,only 2 finished-gameweek snapshot(s) recorded; need at least 3.
2026-09-15,4,619,Palacios,IPS,MID,,0,,,,,,,,,Insufficient data,,only 2 finished-gameweek snapshot(s) recorded; need at least 3.
2026-09-15,4,620,Diouf,BRE,DEF,,0,,,,,,,,,Insufficient data,,only 2 finished-gameweek snapshot(s) recorded; need at least 3.
2026-09-15,4,621,McAidoo,MCI,MID,,0,,,,,,,,,Insufficient data,,only 2 finished-gameweek snapshot(s) recorded; need at least 3.
2026-09-15,4,622,Braithwaite,MCI,DEF,,0,,,,,,,,,Insufficient data,,only 2 finished-gameweek snapshot(s) recorded; need at least 3.
2026-09-15,4,623,Bentley,COV,GKP,,0,,,,,,,,,Insufficient data,,only 2 finished-gameweek snapshot(s) recorded; need at least 3.
2026-09-15,4,624,Cozier-Duberry,BHA,MID,0.0,0,,,,,,,,,Insufficient data,,only 2 finished-gameweek snapshot(s) recorded; need at least 3.
2026-09-15,4,625,Cairns,LEE,GKP,,0,,,,,,,,,Insufficient data,,only 2 finished-gameweek snapshot(s) recorded; need at least 3.
2026-09-15,4,626,Zepa,FUL,MID,,0,,,,,,,,,Insufficient data,,only 2 finished-gameweek snapshot(s) recorded; need at least 3.
2026-09-15,4,627,Barcola,LIV,MID,,0,,,,,,,,,Insufficient data,,only 2 finished-gameweek snapshot(s) recorded; need at least 3.
2026-09-15,4,628,Allan,MCI,MID,,0,,,,,,,,,Insufficient data,,only 2 finished-gameweek snapshot(s) recorded; need at least 3.
2026-09-15,4,629,Zetterer,LEE,GKP,,0,,,,,,,,,Insufficient data,,only 2 finished-gameweek snapshot(s) recorded; need at least 3.
2026-09-15,4,630,Harwood-Bellis,AVL,DEF,,0,,,,,,,,,Insufficient data,,only 2 finished-gameweek snapshot(s) recorded; need at least 3.
2026-09-15,4,631,Mbaye,AVL,MID,,0,,,,,,,,,Insufficient data,,only 2 finished-gameweek snapshot(s) recorded; need at least 3.
2026-09-15,4,632,Ansah,HUL,FWD,0.0,0,,,,,,,,,Insufficient data,,only 2 finished-gameweek snapshot(s) recorded; need at least 3.
2026-09-15,4,633,Ahanor,CRY,DEF,,0,,,,,,,,,Insufficient data,,only 2 finished-gameweek snapshot(s) recorded; need at least 3.
2026-09-15,4,634,Fernandez-Pardo,NEW,FWD,,0,,,,,,,,,Insufficient data,,only 2 finished-gameweek snapshot(s) recorded; need at least 3.
2026-09-15,4,635,Larsson,FUL,MID,,0,,,,,,,,,Insufficient data,,only 2 finished-gameweek snapshot(s) recorded; need at least 3.
2026-09-15,4,636,Ángel,FUL,MID,,0,,,,,,,,,Insufficient data,,only 2 finished-gameweek snapshot(s) recorded; need at least 3.
2026-09-15,4,637,Vaz,HUL,FWD,,0,,,,,,,,,Insufficient data,,only 2 finished-gameweek snapshot(s) recorded; need at least 3.
2026-09-15,4,638,Norton-Cuffy,HUL,DEF,,0,,,,,,,,,Insufficient data,,only 2 finished-gameweek snapshot(s) recorded; need at least 3.
2026-09-15,4,639,Andrés,BHA,MID,,0,,,,,,,,,Insufficient data,,only 2 finished-gameweek snapshot(s) recorded; need at least 3.
2026-09-15,4,640,Flemming,IPS,FWD,,0,,,,,,,,,Insufficient data,,only 2 finished-gameweek snapshot(s) recorded; need at least 3.
2026-09-15,4,641,Bard,LEE,DEF,,0,,,,,,,,,Insufficient data,,only 2 finished-gameweek snapshot(s) recorded; need at least 3.
2026-09-15,4,642,Thomas,HUL,MID,,0,,,,,,,,,Insufficient data,,only 2 finished-gameweek snapshot(s) recorded; need at least 3.
2026-09-15,4,643,Chilwell,CRY,DEF,,0,,,,,,,,,Insufficient data,,only 2 finished-gameweek snapshot(s) recorded; need at least 3.
2026-09-15,4,644,Timber,CRY,MID,,0,,,,,,,,,Insufficient data,,only 2 finished-gameweek snapshot(s) recorded; need at least 3.
2026-09-15,4,645,Mouzakitis,HUL,MID,,0,,,,,,,,,Insufficient data,,only 2 finished-gameweek snapshot(s) recorded; need at least 3.
2026-09-15,4,646,Fofana,SUN,MID,,0,,,,,,,,,Insufficient data,,only 2 finished-gameweek snapshot(s) recorded; need at least 3.
2026-09-15,4,647,Osorio,CRY,MID,,0,,,,,,,,,Insufficient data,,only 2 finished-gameweek snapshot(s) recorded; need at least 3.
2026-09-15,4,648,Bahoya,LEE,MID,,0,,,,,,,,,Insufficient data,,only 2 finished-gameweek snapshot(s) recorded; need at least 3.
2026-09-15,4,649,Maitland-Niles,EVE,DEF,,0,,,,,,,,,Insufficient data,,only 2 finished-gameweek snapshot(s) recorded; need at least 3.
2026-09-15,4,650,Affengruber,FUL,DEF,,0,,,,,,,,,Insufficient data,,only 2 finished-gameweek snapshot(s) recorded; need at least 3.
2026-09-15,4,651,J.Angulo,SUN,FWD,,0,,,,,,,,,Insufficient data,,only 2 finished-gameweek snapshot(s) recorded; need at least 3.
2026-09-15,4,652,Azeez,BHA,MID,75.0,0,,,,,,,,,Insufficient data,,only 2 finished-gameweek snapshot(s) recorded; need at least 3.
2026-09-15,4,653,Samba,MCI,MID,,0,,,,,,,,,Insufficient data,,only 2 finished-gameweek snapshot(s) recorded; need at least 3.
2026-09-15,4,654,Graham,EVE,MID,,0,,,,,,,,,Insufficient data,,only 2 finished-gameweek snapshot(s) recorded; need at least 3.
2026-09-15,4,655,Gboho,COV,MID,,0,,,,,,,,,Insufficient data,,only 2 finished-gameweek snapshot(s) recorded; need at least 3.
2026-09-15,4,656,Mfuni,COV,DEF,,0,,,,,,,,,Insufficient data,,only 2 finished-gameweek snapshot(s) recorded; need at least 3.
2026-09-15,4,657,Nunes,BRE,MID,,0,,,,,,,,,Insufficient data,,only 2 finished-gameweek snapshot(s) recorded; need at least 3.
2026-09-15,4,658,Ibrahim,BHA,MID,,0,,,,,,,,,Insufficient data,,only 2 finished-gameweek snapshot(s) recorded; need at least 3.
2026-09-15,4,659,Miley,NEW,MID,,0,,,,,,,,,Insufficient data,,only 2 finished-gameweek snapshot(s) recorded; need at least 3.
2026-09-18,4,1,Raya,ARS,GKP,,0,,,,,,,,,Insufficient data,,only 2 finished-gameweek snapshot(s) recorded; need at least 3.
2026-09-18,4,2,Arrizabalaga,ARS,GKP,,0,,,,,,,,,Insufficient data,,only 2 finished-gameweek snapshot(s) recorded; need at least 3.
2026-09-18,4,3,Meslier,ARS,GKP,,0,,,,,,,,,Insufficient data,,only 2 finished-gameweek snapshot(s) recorded; need at least 3.
2026-09-18,4,4,Gabriel,ARS,DEF,,0,,,,,,,,,Insufficient data,,only 2 finished-gameweek snapshot(s) recorded; need at least 3.
2026-09-18,4,5,J.Timber,ARS,DEF,100.0,0,,,,,,,,,Insufficient data,,only 2 finished-gameweek snapshot(s) recorded; need at least 3.
2026-09-18,4,6,Saliba,ARS,DEF,0.0,0,,,,,,,,,Insufficient data,,only 2 finished-gameweek snapshot(s) recorded; need at least 3.
2026-09-18,4,7,Lewis-Skelly,ARS,MID,,0,,,,,,,,,Insufficient data,,only 2 finished-gameweek snapshot(s) recorded; need at least 3.
2026-09-18,4,8,Calafiori,ARS,DEF,,0,,,,,,,,,Insufficient data,,only 2 finished-gameweek snapshot(s) recorded; need at least 3.
2026-09-18,4,9,Hincapie,ARS,DEF,,0,,,,,,,,,Insufficient data,,only 2 finished-gameweek snapshot(s) recorded; need at least 3.
2026-09-18,4,10,White,ARS,DEF,100.0,0,,,,,,,,,Insufficient data,,only 2 finished-gameweek snapshot(s) recorded; need at least 3.
2026-09-18,4,11,Mosquera,ARS,DEF,50.0,0,,,,,,,,,Insufficient data,,only 2 finished-gameweek snapshot(s) recorded; need at least 3.
2026-09-18,4,12,Saka,ARS,MID,,0,,,,,,,,,Insufficient data,,only 2 finished-gameweek snapshot(s) recorded; need at least 3.
2026-09-18,4,13,Rice,ARS,MID,,0,,,,,,,,,Insufficient data,,only 2 finished-gameweek snapshot(s) recorded; need at least 3.
2026-09-18,4,14,Eze,ARS,MID,,0,,,,,,,,,Insufficient data,,only 2 finished-gameweek snapshot(s) recorded; need at least 3.
2026-09-18,4,15,Ødegaard,ARS,MID,,0,,,,,,,,,Insufficient data,,only 2 finished-gameweek snapshot(s) recorded; need at least 3.
2026-09-18,4,16,Madueke,ARS,MID,,0,,,,,,,,,Insufficient data,,only 2 finished-gameweek snapshot(s) recorded; need at least 3.
2026-09-18,4,17,Merino,ARS,MID,,0,,,,,,,,,Insufficient data,,only 2 finished-gameweek snapshot(s) recorded; need at least 3.
2026-09-18,4,18,Martinelli,ARS,MID,0.0,0,,,,,,,,,Insufficient data,,only 2 finished-gameweek snapshot(s) recorded; need at least 3.
2026-09-18,4,19,Zubimendi,ARS,MID,,0,,,,,,,,,Insufficient data,,only 2 finished-gameweek snapshot(s) recorded; need at least 3.
2026-09-18,4,20,Dowman,ARS,MID,,0,,,,,,,,,Insufficient data,,only 2 finished-gameweek snapshot(s) recorded; need at least 3.
2026-09-18,4,21,Nørgaard,EVE,MID,0.0,0,,,,,,,,,Insufficient data,,only 2 finished-gameweek snapshot(s) recorded; need at least 3.
2026-09-18,4,22,Nwaneri,ARS,MID,0.0,0,,,,,,,,,Insufficient data,,only 2 finished-gameweek snapshot(s) recorded; need at least 3.
2026-09-18,4,23,Fábio Vieira,ARS,MID,0.0,0,,,,,,,,,Insufficient data,,only 2 finished-gameweek snapshot(s) recorded; need at least 3.
2026-09-18,4,24,Nelson,ARS,MID,0.0,0,,,,,,,,,Insufficient data,,only 2 finished-gameweek snapshot(s) recorded; need at least 3.
2026-09-18,4,25,Gyökeres,ARS,FWD,,0,,,,,,,,,Insufficient data,,only 2 finished-gameweek snapshot(s) recorded; need at least 3.
2026-09-18,4,26,Havertz,ARS,FWD,,0,,,,,,,,,Insufficient data,,only 2 finished-gameweek snapshot(s) recorded; need at least 3.
2026-09-18,4,27,G.Jesus,ARS,FWD,0.0,0,,,,,,,,,Insufficient data,,only 2 finished-gameweek snapshot(s) recorded; need at least 3.
2026-09-18,4,28,Martinez,CHE,GKP,,0,,,,,,,,,Insufficient data,,only 2 finished-gameweek snapshot(s) recorded; need at least 3.
2026-09-18,4,29,M.Bizot,AVL,GKP,,0,,,,,,,,,Insufficient data,,only 2 finished-gameweek snapshot(s) recorded; need at least 3.
2026-09-18,4,30,Digne,AVL,DEF,0.0,0,,,,,,,,,Insufficient data,,only 2 finished-gameweek snapshot(s) recorded; need at least 3.
2026-09-18,4,31,Konsa,ARS,DEF,,0,,,,,,,,,Insufficient data,,only 2 finished-gameweek snapshot(s) recorded; need at least 3.
2026-09-18,4,32,Cash,AVL,DEF,75.0,0,,,,,,,,,Insufficient data,,only 2 finished-gameweek snapshot(s) recorded; need at least 3.
2026-09-18,4,33,Mings,AVL,DEF,,0,,,,,,,,,Insufficient data,,only 2 finished-gameweek snapshot(s) recorded; need at least 3.
2026-09-18,4,34,Pau,AVL,DEF,75.0,0,,,,,,,,,Insufficient data,,only 2 finished-gameweek snapshot(s) recorded; need at least 3.
2026-09-18,4,35,Bogarde,AVL,MID,,0,,,,,,,,,Insufficient data,,only 2 finished-gameweek snapshot(s) recorded; need at least 3.
2026-09-18,4,36,Maatsen,AVL,DEF,25.0,0,,,,,,,,,Insufficient data,,only 2 finished-gameweek snapshot(s) recorded; need at least 3.
2026-09-18,4,37,Lindelöf,AVL,DEF,,0,,,,,,,,,Insufficient data,,only 2 finished-gameweek snapshot(s) recorded; need at least 3.
2026-09-18,4,38,A.García,AVL,DEF,,0,,,,,,,,,Insufficient data,,only 2 finished-gameweek snapshot(s) recorded; need at least 3.
2026-09-18,4,39,Nedeljkovic,AVL,DEF,0.0,0,,,,,,,,,Insufficient data,,only 2 finished-gameweek snapshot(s) recorded; need at least 3.
2026-09-18,4,40,Rogers,CHE,MID,,0,,,,,,,,,Insufficient data,,only 2 finished-gameweek snapshot(s) recorded; need at least 3.
2026-09-18,4,41,Buendía,AVL,MID,,0,,,,,,,,,Insufficient data,,only 2 finished-gameweek snapshot(s) recorded; need at least 3.
2026-09-18,4,42,Guessand,CRY,MID,,0,,,,,,,,,Insufficient data,,only 2 finished-gameweek snapshot(s) recorded; need at least 3.
2026-09-18,4,43,Tielemans,MUN,MID,100.0,0,,,,,,,,,Insufficient data,,only 2 finished-gameweek snapshot(s) recorded; need at least 3.
2026-09-18,4,44,Bailey,AVL,MID,0.0,0,,,,,,,,,Insufficient data,,only 2 finished-gameweek snapshot(s) recorded; need at least 3.
2026-09-18,4,45,McGinn,AVL,MID,,0,,,,,,,,,Insufficient data,,only 2 finished-gameweek snapshot(s) recorded; need at least 3.
2026-09-18,4,46,Barkley,AVL,MID,,0,,,,,,,,,Insufficient data,,only 2 finished-gameweek snapshot(s) recorded; need at least 3.
2026-09-18,4,47,Kamara,AVL,MID,100.0,0,,,,,,,,,Insufficient data,,only 2 finished-gameweek snapshot(s) recorded; need at least 3.
2026-09-18,4,48,Onana,AVL,MID,0.0,0,,,,,,,,,Insufficient data,,only 2 finished-gameweek snapshot(s) recorded; need at least 3.
2026-09-18,4,49,Iling Jr,AVL,MID,0.0,0,,,,,,,,,Insufficient data,,only 2 finished-gameweek snapshot(s) recorded; need at least 3.
2026-09-18,4,50,Burrowes,AVL,MID,,0,,,,,,,,,Insufficient data,,only 2 finished-gameweek snapshot(s) recorded; need at least 3.
2026-09-18,4,51,George Hemmings,AVL,MID,,0,,,,,,,,,Insufficient data,,only 2 finished-gameweek snapshot(s) recorded; need at least 3.
2026-09-18,4,52,Alysson,AVL,MID,,0,,,,,,,,,Insufficient data,,only 2 finished-gameweek snapshot(s) recorded; need at least 3.
2026-09-18,4,53,Manzambi,AVL,MID,100.0,0,,,,,,,,,Insufficient data,,only 2 finished-gameweek snapshot(s) recorded; need at least 3.
2026-09-18,4,54,Gomes,AVL,MID,100.0,0,,,,,,,,,Insufficient data,,only 2 finished-gameweek snapshot(s) recorded; need at least 3.
2026-09-18,4,55,Watkins,AVL,FWD,0.0,0,,,,,,,,,Insufficient data,,only 2 finished-gameweek snapshot(s) recorded; need at least 3.
2026-09-18,4,56,Abraham,AVL,FWD,100.0,0,,,,,,,,,Insufficient data,,only 2 finished-gameweek snapshot(s) recorded; need at least 3.
2026-09-18,4,57,Petrović,BOU,GKP,,0,,,,,,,,,Insufficient data,,only 2 finished-gameweek snapshot(s) recorded; need at least 3.
2026-09-18,4,58,Forster,BOU,GKP,,0,,,,,,,,,Insufficient data,,only 2 finished-gameweek snapshot(s) recorded; need at least 3.
2026-09-18,4,59,Dennis,BOU,GKP,0.0,0,,,,,,,,,Insufficient data,,only 2 finished-gameweek snapshot(s) recorded; need at least 3.
2026-09-18,4,60,Hill,BOU,DEF,,0,,,,,,,,,Insufficient data,,only 2 finished-gameweek snapshot(s) recorded; need at least 3.
2026-09-18,4,61,Truffert,BOU,DEF,,0,,,,,,,,,Insufficient data,,only 2 finished-gameweek snapshot(s) recorded; need at least 3.
2026-09-18,4,62,Diakité,BOU,DEF,,0,,,,,,,,,Insufficient data,,only 2 finished-gameweek snapshot(s) recorded; need at least 3.
2026-09-18,4,63,Milosavljević,BOU,DEF,0.0,0,,,,,,,,,Insufficient data,,only 2 finished-gameweek snapshot(s) recorded; need at least 3.
2026-09-18,4,64,Smith,BOU,DEF,,0,,,,,,,,,Insufficient data,,only 2 finished-gameweek snapshot(s) recorded; need at least 3.
2026-09-18,4,65,J.Araujo,BOU,DEF,0.0,0,,,,,,,,,Insufficient data,,only 2 finished-gameweek snapshot(s) recorded; need at least 3.
2026-09-18,4,66,Soler,BOU,DEF,100.0,0,,,,,,,,,Insufficient data,,only 2 finished-gameweek snapshot(s) recorded; need at least 3.
2026-09-18,4,67,Rayan,BOU,MID,,0,,,,,,,,,Insufficient data,,only 2 finished-gameweek snapshot(s) recorded; need at least 3.
2026-09-18,4,68,Tavernier,BOU,MID,,0,,,,,,,,,Insufficient data,,only 2 finished-gameweek snapshot(s) recorded; need at least 3.
2026-09-18,4,69,Scott,BOU,MID,,0,,,,,,,,,Insufficient data,,only 2 finished-gameweek snapshot(s) recorded; need at least 3.
2026-09-18,4,70,Kluivert,BOU,MID,,0,,,,,,,,,Insufficient data,,only 2 finished-gameweek snapshot(s) recorded; need at least 3.
2026-09-18,4,71,Cook,BOU,MID,,0,,,,,,,,,Insufficient data,,only 2 finished-gameweek snapshot(s) recorded; need at least 3.
2026-09-18,4,72,Gannon-Doak,BOU,MID,,0,,,,,,,,,Insufficient data,,only 2 finished-gameweek snapshot(s) recorded; need at least 3.
2026-09-18,4,73,Adams,BOU,MID,100.0,0,,,,,,,,,Insufficient data,,only 2 finished-gameweek snapshot(s) recorded; need at least 3.
2026-09-18,4,74,Brooks,BOU,MID,100.0,0,,,,,,,,,Insufficient data,,only 2 finished-gameweek snapshot(s) recorded; need at least 3.
2026-09-18,4,75,Christie,BOU,MID,100.0,0,,,,,,,,,Insufficient data,,only 2 finished-gameweek snapshot(s) recorded; need at least 3.
2026-09-18,4,76,Tóth.A,BOU,MID,,0,,,,,,,,,Insufficient data,,only 2 finished-gameweek snapshot(s) recorded; need at least 3.
2026-09-18,4,77,Adli,BOU,MID,0.0,0,,,,,,,,,Insufficient data,,only 2 finished-gameweek snapshot(s) recorded; need at least 3.
2026-09-18,4,78,Kroupi.Jr,BOU,MID,0.0,0,,,,,,,,,Insufficient data,,only 2 finished-gameweek snapshot(s) recorded; need at least 3.
2026-09-18,4,79,Evanilson,BOU,FWD,,0,,,,,,,,,Insufficient data,,only 2 finished-gameweek snapshot(s) recorded; need at least 3.
2026-09-18,4,80,Enes Ünal,BOU,FWD,0.0,0,,,,,,,,,Insufficient data,,only 2 finished-gameweek snapshot(s) recorded; need at least 3.
2026-09-18,4,81,Rodríguez,BOU,FWD,100.0,0,,,,,,,,,Insufficient data,,only 2 finished-gameweek snapshot(s) recorded; need at least 3.
2026-09-18,4,82,Kelleher,BRE,GKP,,0,,,,,,,,,Insufficient data,,only 2 finished-gameweek snapshot(s) recorded; need at least 3.
2026-09-18,4,83,Valdimarsson,BRE,GKP,,0,,,,,,,,,Insufficient data,,only 2 finished-gameweek snapshot(s) recorded; need at least 3.
2026-09-18,4,84,Collins,BRE,DEF,0.0,0,,,,,,,,,Insufficient data,,only 2 finished-gameweek snapshot(s) recorded; need at least 3.
2026-09-18,4,85,Van den Berg,BRE,DEF,0.0,0,,,,,,,,,Insufficient data,,only 2 finished-gameweek snapshot(s) recorded; need at least 3.
2026-09-18,4,86,Lewis-Potter,BRE,MID,,0,,,,,,,,,Insufficient data,,only 2 finished-gameweek snapshot(s) recorded; need at least 3.
2026-09-18,4,87,Ajer,BRE,DEF,,0,,,,,,,,,Insufficient data,,only 2 finished-gameweek snapshot(s) recorded; need at least 3.
2026-09-18,4,88,Kayode,BRE,DEF,,0,,,,,,,,,Insufficient data,,only 2 finished-gameweek snapshot(s) recorded; need at least 3.
2026-09-18,4,89,Henry,BRE,DEF,,0,,,,,,,,,Insufficient data,,only 2 finished-gameweek snapshot(s) recorded; need at least 3.
2026-09-18,4,90,Hickey,BRE,DEF,,0,,,,,,,,,Insufficient data,,only 2 finished-gameweek snapshot(s) recorded; need at least 3.
2026-09-18,4,91,Pinnock,COV,DEF,,0,,,,,,,,,Insufficient data,,only 2 finished-gameweek snapshot(s) recorded; need at least 3.
2026-09-18,4,92,Ji-soo,BRE,DEF,,0,,,,,,,,,Insufficient data,,only 2 finished-gameweek snapshot(s) recorded; need at least 3.
2026-09-18,4,93,Schuster,BRE,DEF,,0,,,,,,,,,Insufficient data,,only 2 finished-gameweek snapshot(s) recorded; need at least 3.
2026-09-18,4,94,Schade,BRE,MID,,0,,,,,,,,,Insufficient data,,only 2 finished-gameweek snapshot(s) recorded; need at least 3.
2026-09-18,4,95,O.Dango,BRE,MID,,0,,,,,,,,,Insufficient data,,only 2 finished-gameweek snapshot(s) recorded; need at least 3.
2026-09-18,4,96,Damsgaard,BRE,MID,,0,,,,,,,,,Insufficient data,,only 2 finished-gameweek snapshot(s) recorded; need at least 3.
2026-09-18,4,97,Jensen,BRE,MID,0.0,0,,,,,,,,,Insufficient data,,only 2 finished-gameweek snapshot(s) recorded; need at least 3.
2026-09-18,4,98,Janelt,BRE,MID,,0,,,,,,,,,Insufficient data,,only 2 finished-gameweek snapshot(s) recorded; need at least 3.
2026-09-18,4,99,Milambo,BRE,MID,0.0,0,,,,,,,,,Insufficient data,,only 2 finished-gameweek snapshot(s) recorded; need at least 3.
2026-09-18,4,100,Carvalho,BRE,MID,100.0,0,,,,,,,,,Insufficient data,,only 2 finished-gameweek snapshot(s) recorded; need at least 3.
2026-09-18,4,101,Henderson,CHE,MID,0.0,0,,,,,,,,,Insufficient data,,only 2 finished-gameweek snapshot(s) recorded; need at least 3.
2026-09-18,4,102,Yarmoliuk,BRE,MID,,0,,,,,,,,,Insufficient data,,only 2 finished-gameweek snapshot(s) recorded; need at least 3.
2026-09-18,4,103,Dasilva,BRE,MID,0.0,0,,,,,,,,,Insufficient data,,only 2 finished-gameweek snapshot(s) recorded; need at least 3.
2026-09-18,4,104,Onyeka,COV,MID,50.0,0,,,,,,,,,Insufficient data,,only 2 finished-gameweek snapshot(s) recorded; need at least 3.
2026-09-18,4,105,Anthony,BRE,MID,,0,,,,,,,,,Insufficient data,,only 2 finished-gameweek snapshot(s) recorded; need at least 3.
2026-09-18,4,106,Thiago,BRE,FWD,,0,,,,,,,,,Insufficient data,,only 2 finished-gameweek snapshot(s) recorded; need at least 3.
2026-09-18,4,107,Furo,BRE,FWD,0.0,0,,,,,,,,,Insufficient data,,only 2 finished-gameweek snapshot(s) recorded; need at least 3.
2026-09-18,4,108,Wilson,BRE,FWD,,0,,,,,,,,,Insufficient data,,only 2 finished-gameweek snapshot(s) recorded; need at least 3.
2026-09-18,4,109,Verbruggen,BHA,GKP,,0,,,,,,,,,Insufficient data,,only 2 finished-gameweek snapshot(s) recorded; need at least 3.
2026-09-18,4,110,Rushworth,COV,GKP,,0,,,,,,,,,Insufficient data,,only 2 finished-gameweek snapshot(s) recorded; need at least 3.
2026-09-18,4,111,Steele,BHA,GKP,,0,,,,,,,,,Insufficient data,,only 2 finished-gameweek snapshot(s) recorded; need at least 3.
2026-09-18,4,112,Van Hecke,TOT,DEF,,0,,,,,,,,,Insufficient data,,only 2 finished-gameweek snapshot(s) recorded; need at least 3.
2026-09-18,4,113,F.Kadıoğlu,BHA,DEF,100.0,0,,,,,,,,,Insufficient data,,only 2 finished-gameweek snapshot(s) recorded; need at least 3.
2026-09-18,4,114,Boscagli,BHA,DEF,,0,,,,,,,,,Insufficient data,,only 2 finished-gameweek snapshot(s) recorded; need at least 3.
2026-09-18,4,115,De Cuyper,BHA,DEF,,0,,,,,,,,,Insufficient data,,only 2 finished-gameweek snapshot(s) recorded; need at least 3.
2026-09-18,4,116,Dunk,BHA,DEF,,0,,,,,,,,,Insufficient data,,only 2 finished-gameweek snapshot(s) recorded; need at least 3.
2026-09-18,4,117,Coppola,BHA,DEF,,0,,,,,,,,,Insufficient data,,only 2 finished-gameweek snapshot(s) recorded; need at least 3.
2026-09-18,4,118,Igor,BHA,DEF,0.0,0,,,,,,,,,Insufficient data,,only 2 finished-gameweek snapshot(s) recorded; need at least 3.
2026-09-18,4,119,Costinha,BHA,DEF,,0,,,,,,,,,Insufficient data,,only 2 finished-gameweek snapshot(s) recorded; need at least 3.
2026-09-18,4,120,Svoboda,BHA,DEF,,0,,,,,,,,,Insufficient data,,only 2 finished-gameweek snapshot(s) recorded; need at least 3.
2026-09-18,4,121,Mitoma,BHA,MID,0.0,0,,,,,,,,,Insufficient data,,only 2 finished-gameweek snapshot(s) recorded; need at least 3.
2026-09-18,4,122,Minteh,BHA,MID,0.0,0,,,,,,,,,Insufficient data,,only 2 finished-gameweek snapshot(s) recorded; need at least 3.
2026-09-18,4,123,Hinshelwood,BHA,MID,0.0,0,,,,,,,,,Insufficient data,,only 2 finished-gameweek snapshot(s) recorded; need at least 3.
2026-09-18,4,124,Groß,BHA,MID,,0,,,,,,,,,Insufficient data,,only 2 finished-gameweek snapshot(s) recorded; need at least 3.
2026-09-18,4,125,Georginio,BHA,FWD,75.0,0,,,,,,,,,Insufficient data,,only 2 finished-gameweek snapshot(s) recorded; need at least 3.
2026-09-18,4,126,O'Riley,BHA,MID,,0,,,,,,,,,Insufficient data,,only 2 finished-gameweek snapshot(s) recorded; need at least 3.
2026-09-18,4,127,Gomez,BHA,MID,,0,,,,,,,,,Insufficient data,,only 2 finished-gameweek snapshot(s) recorded; need at least 3.
2026-09-18,4,128,Buonanotte,BHA,MID,0.0,0,,,,,,,,,Insufficient data,,only 2 finished-gameweek snapshot(s) recorded; need at least 3.
2026-09-18,4,129,Ayari,BHA,MID,100.0,0,,,,,,,,,Insufficient data,,only 2 finished-gameweek snapshot(s) recorded; need at least 3.
2026-09-18,4,130,Wieffer,BHA,DEF,0.0,0,,,,,,,,,Insufficient data,,only 2 finished-gameweek snapshot(s) recorded; need at least 3.
2026-09-18,4,131,Baleba,MUN,MID,0.0,0,,,,,,,,,Insufficient data,,only 2 finished-gameweek snapshot(s) recorded; need at least 3.
2026-09-18,4,132,Howell,BHA,MID,0.0,0,,,,,,,,,Insufficient data,,only 2 finished-gameweek snapshot(s) recorded; need at least 3.
2026-09-18,4,133,Watson,BHA,MID,0.0,0,,,,,,,,,Insufficient data,,only 2 finished-gameweek snapshot(s) recorded; need at least 3.
2026-09-18,4,134,Oriola,BHA,MID,,0,,,,,,,,,Insufficient data,,only 2 finished-gameweek snapshot(s) recorded; need at least 3.
2026-09-18,4,135,Yohanna,BHA,MID,0.0,0,,,,,,,,,Insufficient data,,only 2 finished-gameweek snapshot(s) recorded; need at least 3.
2026-09-18,4,136,Welbeck,CHE,FWD,100.0,0,,,,,,,,,Insufficient data,,only 2 finished-gameweek snapshot(s) recorded; need at least 3.
2026-09-18,4,137,Tzimas,BHA,FWD,0.0,0,,,,,,,,,Insufficient data,,only 2 finished-gameweek snapshot(s) recorded; need at least 3.
2026-09-18,4,138,Kostoulas,BHA,FWD,,0,,,,,,,,,Insufficient data,,only 2 finished-gameweek snapshot(s) recorded; need at least 3.
2026-09-18,4,139,Ferguson,BHA,FWD,0.0,0,,,,,,,,,Insufficient data,,only 2 finished-gameweek snapshot(s) recorded; need at least 3.
2026-09-18,4,140,Sánchez,CHE,GKP,0.0,0,,,,,,,,,Insufficient data,,only 2 finished-gameweek snapshot(s) recorded; need at least 3.
2026-09-18,4,141,Jörgensen,CHE,GKP,0.0,0,,,,,,,,,Insufficient data,,only 2 finished-gameweek snapshot(s) recorded; need at least 3.
2026-09-18,4,142,James,CHE,DEF,,0,,,,,,,,,Insufficient data,,only 2 finished-gameweek snapshot(s) recorded; need at least 3.
2026-09-18,4,143,Chalobah,CHE,DEF,0.0,0,,,,,,,,,Insufficient data,,only 2 finished-gameweek snapshot(s) recorded; need at least 3.
2026-09-18,4,144,Gusto,CHE,DEF,,0,,,,,,,,,Insufficient data,,only 2 finished-gameweek snapshot(s) recorded; need at least 3.
2026-09-18,4,145,Fofana,CHE,DEF,100.0,0,,,,,,,,,Insufficient data,,only 2 finished-gameweek snapshot(s) recorded; need at least 3.
2026-09-18,4,146,B.Badiashile,CHE,DEF,0.0,0,,,,,,,,,Insufficient data,,only 2 finished-gameweek snapshot(s) recorded; need at least 3.
2026-09-18,4,147,Tosin,TOT,DEF,,0,,,,,,,,,Insufficient data,,only 2 finished-gameweek snapshot(s) recorded; need at least 3.
2026-09-18,4,148,Hato,CHE,DEF,,0,,,,,,,,,Insufficient data,,only 2 finished-gameweek snapshot(s) recorded; need at least 3.
2026-09-18,4,149,Colwill,CHE,DEF,,0,,,,,,,,,Insufficient data,,only 2 finished-gameweek snapshot(s) recorded; need at least 3.
2026-09-18,4,150,M.Sarr,CHE,DEF,0.0,0,,,,,,,,,Insufficient data,,only 2 finished-gameweek snapshot(s) recorded; need at least 3.
2026-09-18,4,151,Acheampong,CHE,DEF,,0,,,,,,,,,Insufficient data,,only 2 finished-gameweek snapshot(s) recorded; need at least 3.
2026-09-18,4,152,Palestra,CHE,DEF,0.0,0,,,,,,,,,Insufficient data,,only 2 finished-gameweek snapshot(s) recorded; need at least 3.
2026-09-18,4,153,Disasi,CRY,DEF,0.0,0,,,,,,,,,Insufficient data,,only 2 finished-gameweek snapshot(s) recorded; need at least 3.
2026-09-18,4,154,Palmer,CHE,MID,100.0,0,,,,,,,,,Insufficient data,,only 2 finished-gameweek snapshot(s) recorded; need at least 3.
2026-09-18,4,155,Enzo,MCI,MID,,0,,,,,,,,,Insufficient data,,only 2 finished-gameweek snapshot(s) recorded; need at least 3.
2026-09-18,4,156,Neto,CHE,MID,,0,,,,,,,,,Insufficient data,,only 2 finished-gameweek snapshot(s) recorded; need at least 3.
2026-09-18,4,157,Estêvão,CHE,MID,,0,,,,,,,,,Insufficient data,,only 2 finished-gameweek snapshot(s) recorded; need at least 3.
2026-09-18,4,158,Gittens,CHE,MID,,0,,,,,,,,,Insufficient data,,only 2 finished-gameweek snapshot(s) recorded; need at least 3.
2026-09-18,4,159,Caicedo,CHE,MID,0.0,0,,,,,,,,,Insufficient data,,only 2 finished-gameweek snapshot(s) recorded; need at least 3.
2026-09-18,4,160,Garnacho,AVL,MID,,0,,,,,,,,,Insufficient data,,only 2 finished-gameweek snapshot(s) recorded; need at least 3.
2026-09-18,4,161,Lavia,CHE,MID,,0,,,,,,,,,Insufficient data,,only 2 finished-gameweek snapshot(s) recorded; need at least 3.
2026-09-18,4,162,Andrey Santos,MUN,MID,,0,,,,,,,,,Insufficient data,,only 2 finished-gameweek snapshot(s) recorded; need at least 3.
2026-09-18,4,163,D.Essugo,CHE,MID,0.0,0,,,,,,,,,Insufficient data,,only 2 finished-gameweek snapshot(s) recorded; need at least 3.
2026-09-18,4,164,Quenda,CHE,MID,100.0,0,,,,,,,,,Insufficient data,,only 2 finished-gameweek snapshot(s) recorded; need at least 3.
2026-09-18,4,165,João Pedro,CHE,FWD,,0,,,,,,,,,Insufficient data,,only 2 finished-gameweek snapshot(s) recorded; need at least 3.
2026-09-18,4,166,N.Jackson,AVL,FWD,,0,,,,,,,,,Insufficient data,,only 2 finished-gameweek snapshot(s) recorded; need at least 3.
2026-09-18,4,167,Delap,NFO,FWD,,0,,,,,,,,,Insufficient data,,only 2 finished-gameweek snapshot(s) recorded; need at least 3.
2026-09-18,4,168,Marc Guiu,CHE,FWD,0.0,0,,,,,,,,,Insufficient data,,only 2 finished-gameweek snapshot(s) recorded; need at least 3.
2026-09-18,4,169,Mheuka,CHE,FWD,,0,,,,,,,,,Insufficient data,,only 2 finished-gameweek snapshot(s) recorded; need at least 3.
2026-09-18,4,170,Emegha,CHE,FWD,0.0,0,,,,,,,,,Insufficient data,,only 2 finished-gameweek snapshot(s) recorded; need at least 3.
2026-09-18,4,171,Dovin,COV,GKP,0.0,0,,,,,,,,,Insufficient data,,only 2 finished-gameweek snapshot(s) recorded; need at least 3.
2026-09-18,4,172,Wilson,COV,GKP,,0,,,,,,,,,Insufficient data,,only 2 finished-gameweek snapshot(s) recorded; need at least 3.
2026-09-18,4,173,Thomas,COV,DEF,,0,,,,,,,,,Insufficient data,,only 2 finished-gameweek snapshot(s) recorded; need at least 3.
2026-09-18,4,174,Kitching,COV,DEF,0.0,0,,,,,,,,,Insufficient data,,only 2 finished-gameweek snapshot(s) recorded; need at least 3.
2026-09-18,4,175,van Ewijk,COV,DEF,,0,,,,,,,,,Insufficient data,,only 2 finished-gameweek snapshot(s) recorded; need at least 3.
2026-09-18,4,176,Dasilva,COV,DEF,,0,,,,,,,,,Insufficient data,,only 2 finished-gameweek snapshot(s) recorded; need at least 3.
2026-09-18,4,177,Kesler-Hayden,COV,DEF,0.0,0,,,,,,,,,Insufficient data,,only 2 finished-gameweek snapshot(s) recorded; need at least 3.
2026-09-18,4,178,Bidwell,COV,DEF,,0,,,,,,,,,Insufficient data,,only 2 finished-gameweek snapshot(s) recorded; need at least 3.
2026-09-18,4,179,Latibeaudiere,COV,DEF,,0,,,,,,,,,Insufficient data,,only 2 finished-gameweek snapshot(s) recorded; need at least 3.
2026-09-18,4,180,Woolfenden,COV,DEF,0.0,0,,,,,,,,,Insufficient data,,only 2 finished-gameweek snapshot(s) recorded; need at least 3.
2026-09-18,4,181,Brau,COV,DEF,0.0,0,,,,,,,,,Insufficient data,,only 2 finished-gameweek snapshot(s) recorded; need at least 3.
2026-09-18,4,182,Amenda,COV,DEF,,0,,,,,,,,,Insufficient data,,only 2 finished-gameweek snapshot(s) recorded; need at least 3.
2026-09-18,4,183,Rudoni,COV,MID,100.0,0,,,,,,,,,Insufficient data,,only 2 finished-gameweek snapshot(s) recorded; need at least 3.
2026-09-18,4,184,Grimes,COV,MID,,0,,,,,,,,,Insufficient data,,only 2 finished-gameweek snapshot(s) recorded; need at least 3.
2026-09-18,4,185,Sakamoto,COV,MID,,0,,,,,,,,,Insufficient data,,only 2 finished-gameweek snapshot(s) recorded; need at least 3.
2026-09-18,4,186,Mason-Clark,COV,MID,100.0,0,,,,,,,,,Insufficient data,,only 2 finished-gameweek snapshot(s) recorded; need at least 3.
2026-09-18,4,187,Eccles,COV,MID,0.0,0,,,,,,,,,Insufficient data,,only 2 finished-gameweek snapshot(s) recorded; need at least 3.
2026-09-18,4,188,Torp,COV,MID,,0,,,,,,,,,Insufficient data,,only 2 finished-gameweek snapshot(s) recorded; need at least 3.
2026-09-18,4,189,Shepherd,COV,MID,,0,,,,,,,,,Insufficient data,,only 2 finished-gameweek snapshot(s) recorded; need at least 3.
2026-09-18,4,190,Tchaouna,COV,MID,,0,,,,,,,,,Insufficient data,,only 2 finished-gameweek snapshot(s) recorded; need at least 3.
2026-09-18,4,191,Borges Rodrigues,COV,MID,0.0,0,,,,,,,,,Insufficient data,,only 2 finished-gameweek snapshot(s) recorded; need at least 3.
2026-09-18,4,192,Andrews,COV,MID,0.0,0,,,,,,,,,Insufficient data,,only 2 finished-gameweek snapshot(s) recorded; need at least 3.
2026-09-18,4,193,Wright,COV,FWD,0.0,0,,,,,,,,,Insufficient data,,only 2 finished-gameweek snapshot(s) recorded; need at least 3.
2026-09-18,4,194,Thomas-Asante,COV,FWD,,0,,,,,,,,,Insufficient data,,only 2 finished-gameweek snapshot(s) recorded; need at least 3.
2026-09-18,4,195,Simms,COV,FWD,,0,,,,,,,,,Insufficient data,,only 2 finished-gameweek snapshot(s) recorded; need at least 3.
2026-09-18,4,196,Markelo,COV,FWD,0.0,0,,,,,,,,,Insufficient data,,only 2 finished-gameweek snapshot(s) recorded; need at least 3.
2026-09-18,4,197,Bassette,COV,FWD,0.0,0,,,,,,,,,Insufficient data,,only 2 finished-gameweek snapshot(s) recorded; need at least 3.
2026-09-18,4,198,Henderson,CRY,GKP,0.0,0,,,,,,,,,Insufficient data,,only 2 finished-gameweek snapshot(s) recorded; need at least 3.
2026-09-18,4,199,Benitez,CRY,GKP,,0,,,,,,,,,Insufficient data,,only 2 finished-gameweek snapshot(s) recorded; need at least 3.
2026-09-18,4,200,Lacroix,CHE,DEF,,0,,,,,,,,,Insufficient data,,only 2 finished-gameweek snapshot(s) recorded; need at least 3.
2026-09-18,4,201,Muñoz,NFO,DEF,,0,,,,,,,,,Insufficient data,,only 2 finished-gameweek snapshot(s) recorded; need at least 3.
2026-09-18,4,202,Richards,CRY,DEF,,0,,,,,,,,,Insufficient data,,only 2 finished-gameweek snapshot(s) recorded; need at least 3.
2026-09-18,4,203,Canvot,CRY,DEF,,0,,,,,,,,,Insufficient data,,only 2 finished-gameweek snapshot(s) recorded; need at least 3.
2026-09-18,4,204,Mitchell,CRY,DEF,,0,,,,,,,,,Insufficient data,,only 2 finished-gameweek snapshot(s) recorded; need at least 3.
2026-09-18,4,205,Sosa,CRY,DEF,0.0,0,,,,,,,,,Insufficient data,,only 2 finished-gameweek snapshot(s) recorded; need at least 3.
2026-09-18,4,206,Chadi Riad,CRY,DEF,0.0,0,,,,,,,,,Insufficient data,,only 2 finished-gameweek snapshot(s) recorded; need at least 3.
2026-09-18,4,207,Mingueza,CRY,DEF,,0,,,,,,,,,Insufficient data,,only 2 finished-gameweek snapshot(s) recorded; need at least 3.
2026-09-18,4,208,Sarr,CRY,MID,0.0,0,,,,,,,,,Insufficient data,,only 2 finished-gameweek snapshot(s) recorded; need at least 3.
2026-09-18,4,209,Johnson,EVE,MID,,0,,,,,,,,,Insufficient data,,only 2 finished-gameweek snapshot(s) recorded; need at least 3.
2026-09-18,4,210,Wharton,CRY,MID,100.0,0,,,,,,,,,Insufficient data,,only 2 finished-gameweek snapshot(s) recorded; need at least 3.
2026-09-18,4,211,Yeremy,CRY,MID,,0,,,,,,,,,Insufficient data,,only 2 finished-gameweek snapshot(s) recorded; need at least 3.
2026-09-18,4,212,Hughes,CRY,MID,,0,,,,,,,,,Insufficient data,,only 2 finished-gameweek snapshot(s) recorded; need at least 3.
2026-09-18,4,213,Lerma,CRY,MID,,0,,,,,,,,,Insufficient data,,only 2 finished-gameweek snapshot(s) recorded; need at least 3.
2026-09-18,4,214,Kamada,CRY,MID,,0,,,,,,,,,Insufficient data,,only 2 finished-gameweek snapshot(s) recorded; need at least 3.
2026-09-18,4,215,Devenny,CRY,MID,0.0,0,,,,,,,,,Insufficient data,,only 2 finished-gameweek snapshot(s) recorded; need at least 3.
2026-09-18,4,216,Esse,CRY,MID,0.0,0,,,,,,,,,Insufficient data,,only 2 finished-gameweek snapshot(s) recorded; need at least 3.
2026-09-18,4,217,M.França,CRY,MID,0.0,0,,,,,,,,,Insufficient data,,only 2 finished-gameweek snapshot(s) recorded; need at least 3.
2026-09-18,4,218,Doucouré,CRY,MID,,0,,,,,,,,,Insufficient data,,only 2 finished-gameweek snapshot(s) recorded; need at least 3.
2026-09-18,4,219,J.Rak-Sakyi,CRY,MID,0.0,0,,,,,,,,,Insufficient data,,only 2 finished-gameweek snapshot(s) recorded; need at least 3.
2026-09-18,4,220,Cardines,CRY,DEF,0.0,0,,,,,,,,,Insufficient data,,only 2 finished-gameweek snapshot(s) recorded; need at least 3.
2026-09-18,4,221,Drakes-Thomas,CRY,MID,,0,,,,,,,,,Insufficient data,,only 2 finished-gameweek snapshot(s) recorded; need at least 3.
2026-09-18,4,222,Strand Larsen,CRY,FWD,,0,,,,,,,,,Insufficient data,,only 2 finished-gameweek snapshot(s) recorded; need at least 3.
2026-09-18,4,223,Mateta,CRY,FWD,0.0,0,,,,,,,,,Insufficient data,,only 2 finished-gameweek snapshot(s) recorded; need at least 3.
2026-09-18,4,224,Nketiah,CRY,FWD,75.0,0,,,,,,,,,Insufficient data,,only 2 finished-gameweek snapshot(s) recorded; need at least 3.
2026-09-18,4,225,Uche,CRY,FWD,0.0,0,,,,,,,,,Insufficient data,,only 2 finished-gameweek snapshot(s) recorded; need at least 3.
2026-09-18,4,226,Pickford,EVE,GKP,,0,,,,,,,,,Insufficient data,,only 2 finished-gameweek snapshot(s) recorded; need at least 3.
2026-09-18,4,227,Travers,EVE,GKP,,0,,,,,,,,,Insufficient data,,only 2 finished-gameweek snapshot(s) recorded; need at least 3.
2026-09-18,4,228,King,EVE,GKP,,0,,,,,,,,,Insufficient data,,only 2 finished-gameweek snapshot(s) recorded; need at least 3.
2026-09-18,4,229,Tarkowski,EVE,DEF,,0,,,,,,,,,Insufficient data,,only 2 finished-gameweek snapshot(s) recorded; need at least 3.
2026-09-18,4,230,Branthwaite,EVE,DEF,,0,,,,,,,,,Insufficient data,,only 2 finished-gameweek snapshot(s) recorded; need at least 3.
2026-09-18,4,231,Keane,EVE,DEF,,0,,,,,,,,,Insufficient data,,only 2 finished-gameweek snapshot(s) recorded; need at least 3.
2026-09-18,4,232,O'Brien,EVE,DEF,,0,,,,,,,,,Insufficient data,,only 2 finished-gameweek snapshot(s) recorded; need at least 3.
2026-09-18,4,233,Mykolenko,EVE,DEF,,0,,,,,,,,,Insufficient data,,only 2 finished-gameweek snapshot(s) recorded; need at least 3.
2026-09-18,4,234,Patterson,EVE,DEF,0.0,0,,,,,,,,,Insufficient data,,only 2 finished-gameweek snapshot(s) recorded; need at least 3.
2026-09-18,4,235,Aznou,EVE,DEF,0.0,0,,,,,,,,,Insufficient data,,only 2 finished-gameweek snapshot(s) recorded; need at least 3.
2026-09-18,4,236,Dewsbury-Hall,EVE,MID,,0,,,,,,,,,Insufficient data,,only 2 finished-gameweek snapshot(s) recorded; need at least 3.
2026-09-18,4,237,Ndiaye,MCI,MID,,0,,,,,,,,,Insufficient data,,only 2 finished-gameweek snapshot(s) recorded; need at least 3.
2026-09-18,4,238,Grealish,EVE,MID,100.0,0,,,,,,,,,Insufficient data,,only 2 finished-gameweek snapshot(s) recorded; need at least 3.
2026-09-18,4,239,Garner,EVE,MID,100.0,0,,,,,,,,,Insufficient data,,only 2 finished-gameweek snapshot(s) recorded; need at least 3.
2026-09-18,4,240,Iroegbunam,HUL,MID,100.0,0,,,,,,,,,Insufficient data,,only 2 finished-gameweek snapshot(s) recorded; need at least 3.
2026-09-18,4,241,McNeil,CRY,MID,,0,,,,,,,,,Insufficient data,,only 2 finished-gameweek snapshot(s) recorded; need at least 3.
2026-09-18,4,242,George,EVE,MID,,0,,,,,,,,,Insufficient data,,only 2 finished-gameweek snapshot(s) recorded; need at least 3.
2026-09-18,4,243,Alcaraz,EVE,MID,,0,,,,,,,,,Insufficient data,,only 2 finished-gameweek snapshot(s) recorded; need at least 3.
2026-09-18,4,244,Armstrong,EVE,MID,,0,,,,,,,,,Insufficient data,,only 2 finished-gameweek snapshot(s) recorded; need at least 3.
2026-09-18,4,245,Dibling,EVE,MID,,0,,,,,,,,,Insufficient data,,only 2 finished-gameweek snapshot(s) recorded; need at least 3.
2026-09-18,4,246,Röhl,EVE,MID,,0,,,,,,,,,Insufficient data,,only 2 finished-gameweek snapshot(s) recorded; need at least 3.
2026-09-18,4,247,Hackney,EVE,MID,100.0,0,,,,,,,,,Insufficient data,,only 2 finished-gameweek snapshot(s) recorded; need at least 3.
2026-09-18,4,248,Beto,EVE,FWD,0.0,0,,,,,,,,,Insufficient data,,only 2 finished-gameweek snapshot(s) recorded; need at least 3.
2026-09-18,4,249,Barry,EVE,FWD,,0,,,,,,,,,Insufficient data,,only 2 finished-gameweek snapshot(s) recorded; need at least 3.
2026-09-18,4,250,Leno,FUL,GKP,,0,,,,,,,,,Insufficient data,,only 2 finished-gameweek snapshot(s) recorded; need at least 3.
2026-09-18,4,251,Lecomte,FUL,GKP,,0,,,,,,,,,Insufficient data,,only 2 finished-gameweek snapshot(s) recorded; need at least 3.
2026-09-18,4,252,McNally,FUL,GKP,0.0,0,,,,,,,,,Insufficient data,,only 2 finished-gameweek snapshot(s) recorded; need at least 3.
2026-09-18,4,253,Andersen,FUL,DEF,100.0,0,,,,,,,,,Insufficient data,,only 2 finished-gameweek snapshot(s) recorded; need at least 3.
2026-09-18,4,254,Robinson,FUL,DEF,,0,,,,,,,,,Insufficient data,,only 2 finished-gameweek snapshot(s) recorded; need at least 3.
2026-09-18,4,255,J.Cuenca,FUL,DEF,,0,,,,,,,,,Insufficient data,,only 2 finished-gameweek snapshot(s) recorded; need at least 3.
2026-09-18,4,256,Tete,FUL,DEF,,0,,,,,,,,,Insufficient data,,only 2 finished-gameweek snapshot(s) recorded; need at least 3.
2026-09-18,4,257,Bassey,FUL,DEF,,0,,,,,,,,,Insufficient data,,only 2 finished-gameweek snapshot(s) recorded; need at least 3.
2026-09-18,4,258,Castagne,FUL,DEF,,0,,,,,,,,,Insufficient data,,only 2 finished-gameweek snapshot(s) recorded; need at least 3.
2026-09-18,4,259,Diop,IPS,DEF,,0,,,,,,,,,Insufficient data,,only 2 finished-gameweek snapshot(s) recorded; need at least 3.
2026-09-18,4,260,Wilson,LEE,MID,,0,,,,,,,,,Insufficient data,,only 2 finished-gameweek snapshot(s) recorded; need at least 3.
2026-09-18,4,261,Iwobi,FUL,MID,,0,,,,,,,,,Insufficient data,,only 2 finished-gameweek snapshot(s) recorded; need at least 3.
2026-09-18,4,262,Smith Rowe,FUL,MID,,0,,,,,,,,,Insufficient data,,only 2 finished-gameweek snapshot(s) recorded; need at least 3.
2026-09-18,4,263,Kevin,FUL,MID,,0,,,,,,,,,Insufficient data,,only 2 finished-gameweek snapshot(s) recorded; need at least 3.
2026-09-18,4,264,Bobb,FUL,MID,,0,,,,,,,,,Insufficient data,,only 2 finished-gameweek snapshot(s) recorded; need at least 3.
2026-09-18,4,265,Berge,FUL,MID,,0,,,,,,,,,Insufficient data,,only 2 finished-gameweek snapshot(s) recorded; need at least 3.
2026-09-18,4,266,Cairney,FUL,MID,0.0,0,,,,,,,,,Insufficient data,,only 2 finished-gameweek snapshot(s) recorded; need at least 3.
2026-09-18,4,267,Lukić,IPS,MID,,0,,,,,,,,,Insufficient data,,only 2 finished-gameweek snapshot(s) recorded; need at least 3.
2026-09-18,4,268,King,FUL,MID,,0,,,,,,,,,Insufficient data,,only 2 finished-gameweek snapshot(s) recorded; need at least 3.
2026-09-18,4,269,Sessegnon,FUL,DEF,75.0,0,,,,,,,,,Insufficient data,,only 2 finished-gameweek snapshot(s) recorded; need at least 3.
2026-09-18,4,270,Reed,FUL,MID,,0,,,,,,,,,Insufficient data,,only 2 finished-gameweek snapshot(s) recorded; need at least 3.
2026-09-18,4,271,Muniz,FUL,FWD,,0,,,,,,,,,Insufficient data,,only 2 finished-gameweek snapshot(s) recorded; need at least 3.
2026-09-18,4,272,Kusi-Asare,FUL,FWD,,0,,,,,,,,,Insufficient data,,only 2 finished-gameweek snapshot(s) recorded; need at least 3.
2026-09-18,4,273,Phillips,HUL,GKP,,0,,,,,,,,,Insufficient data,,only 2 finished-gameweek snapshot(s) recorded; need at least 3.
2026-09-18,4,274,Butland,HUL,GKP,0.0,0,,,,,,,,,Insufficient data,,only 2 finished-gameweek snapshot(s) recorded; need at least 3.
2026-09-18,4,275,Cartwright,HUL,GKP,0.0,0,,,,,,,,,Insufficient data,,only 2 finished-gameweek snapshot(s) recorded; need at least 3.
2026-09-18,4,276,Lo-Tutala,HUL,GKP,0.0,0,,,,,,,,,Insufficient data,,only 2 finished-gameweek snapshot(s) recorded; need at least 3.
2026-09-18,4,277,Egan,HUL,DEF,,0,,,,,,,,,Insufficient data,,only 2 finished-gameweek snapshot(s) recorded; need at least 3.
2026-09-18,4,278,Hughes,HUL,DEF,0.0,0,,,,,,,,,Insufficient data,,only 2 finished-gameweek snapshot(s) recorded; need at least 3.
2026-09-18,4,279,Ajayi,HUL,DEF,100.0,0,,,,,,,,,Insufficient data,,only 2 finished-gameweek snapshot(s) recorded; need at least 3.
2026-09-18,4,280,Coyle,HUL,DEF,100.0,0,,,,,,,,,Insufficient data,,only 2 finished-gameweek snapshot(s) recorded; need at least 3.
2026-09-18,4,281,Drameh,HUL,DEF,0.0,0,,,,,,,,,Insufficient data,,only 2 finished-gameweek snapshot(s) recorded; need at least 3.
2026-09-18,4,282,Giles,HUL,DEF,,0,,,,,,,,,Insufficient data,,only 2 finished-gameweek snapshot(s) recorded; need at least 3.
2026-09-18,4,283,Jacob,HUL,DEF,0.0,0,,,,,,,,,Insufficient data,,only 2 finished-gameweek snapshot(s) recorded; need at least 3.
2026-09-18,4,284,McCarthy,HUL,DEF,,0,,,,,,,,,Insufficient data,,only 2 finished-gameweek snapshot(s) recorded; need at least 3.
2026-09-18,4,285,McNair,HUL,DEF,100.0,0,,,,,,,,,Insufficient data,,only 2 finished-gameweek snapshot(s) recorded; need at least 3.
2026-09-18,4,286,Belloumi,HUL,MID,,0,,,,,,,,,Insufficient data,,only 2 finished-gameweek snapshot(s) recorded; need at least 3.
2026-09-18,4,287,Millar,HUL,MID,0.0,0,,,,,,,,,Insufficient data,,only 2 finished-gameweek snapshot(s) recorded; need at least 3.
2026-09-18,4,288,Dowell,HUL,MID,,0,,,,,,,,,Insufficient data,,only 2 finished-gameweek snapshot(s) recorded; need at least 3.
2026-09-18,4,289,Crooks,HUL,MID,100.0,0,,,,,,,,,Insufficient data,,only 2 finished-gameweek snapshot(s) recorded; need at least 3.
2026-09-18,4,290,Slater,HUL,MID,,0,,,,,,,,,Insufficient data,,only 2 finished-gameweek snapshot(s) recorded; need at least 3.
2026-09-18,4,291,Matazo,HUL,MID,0.0,0,,,,,,,,,Insufficient data,,only 2 finished-gameweek snapshot(s) recorded; need at least 3.
2026-09-18,4,292,Ömür,HUL,MID,,0,,,,,,,,,Insufficient data,,only 2 finished-gameweek snapshot(s) recorded; need at least 3.
2026-09-18,4,293,Kamara,HUL,MID,0.0,0,,,,,,,,,Insufficient data,,only 2 finished-gameweek snapshot(s) recorded; need at least 3.
2026-09-18,4,294,Zambrano,HUL,MID,100.0,0,,,,,,,,,Insufficient data,,only 2 finished-gameweek snapshot(s) recorded; need at least 3.
2026-09-18,4,295,McBurnie,HUL,FWD,,0,,,,,,,,,Insufficient data,,only 2 finished-gameweek snapshot(s) recorded; need at least 3.
2026-09-18,4,296,Akintola,HUL,MID,0.0,0,,,,,,,,,Insufficient data,,only 2 finished-gameweek snapshot(s) recorded; need at least 3.
2026-09-18,4,297,Gyabi,HUL,MID,0.0,0,,,,,,,,,Insufficient data,,only 2 finished-gameweek snapshot(s) recorded; need at least 3.
2026-09-18,4,298,Destan,HUL,FWD,0.0,0,,,,,,,,,Insufficient data,,only 2 finished-gameweek snapshot(s) recorded; need at least 3.
2026-09-18,4,299,Burstow,HUL,FWD,0.0,0,,,,,,,,,Insufficient data,,only 2 finished-gameweek snapshot(s) recorded; need at least 3.
2026-09-18,4,300,Walton,IPS,GKP,,0,,,,,,,,,Insufficient data,,only 2 finished-gameweek snapshot(s) recorded; need at least 3.
2026-09-18,4,301,Palmer,IPS,GKP,,0,,,,,,,,,Insufficient data,,only 2 finished-gameweek snapshot(s) recorded; need at least 3.
2026-09-18,4,302,Button,IPS,GKP,,0,,,,,,,,,Insufficient data,,only 2 finished-gameweek snapshot(s) recorded; need at least 3.
2026-09-18,4,303,Kipré,IPS,DEF,,0,,,,,,,,,Insufficient data,,only 2 finished-gameweek snapshot(s) recorded; need at least 3.
2026-09-18,4,304,O'Shea,IPS,DEF,,0,,,,,,,,,Insufficient data,,only 2 finished-gameweek snapshot(s) recorded; need at least 3.
2026-09-18,4,305,Davis,IPS,DEF,,0,,,,,,,,,Insufficient data,,only 2 finished-gameweek snapshot(s) recorded; need at least 3.
2026-09-18,4,306,Greaves,IPS,DEF,,0,,,,,,,,,Insufficient data,,only 2 finished-gameweek snapshot(s) recorded; need at least 3.
2026-09-18,4,307,Johnson,IPS,DEF,0.0,0,,,,,,,,,Insufficient data,,only 2 finished-gameweek snapshot(s) recorded; need at least 3.
2026-09-18,4,308,Furlong,IPS,DEF,,0,,,,,,,,,Insufficient data,,only 2 finished-gameweek snapshot(s) recorded; need at least 3.
2026-09-18,4,309,Núñez,IPS,MID,,0,,,,,,,,,Insufficient data,,only 2 finished-gameweek snapshot(s) recorded; need at least 3.
2026-09-18,4,310,Matusiwa,IPS,MID,100.0,0,,,,,,,,,Insufficient data,,only 2 finished-gameweek snapshot(s) recorded; need at least 3.
2026-09-18,4,311,Burns,IPS,MID,0.0,0,,,,,,,,,Insufficient data,,only 2 finished-gameweek snapshot(s) recorded; need at least 3.
2026-09-18,4,312,Taylor,IPS,MID,0.0,0,,,,,,,,,Insufficient data,,only 2 finished-gameweek snapshot(s) recorded; need at least 3.
2026-09-18,4,313,Clarke,IPS,MID,,0,,,,,,,,,Insufficient data,,only 2 finished-gameweek snapshot(s) recorded; need at least 3.
2026-09-18,4,314,Ogbene,IPS,MID,0.0,0,,,,,,,,,Insufficient data,,only 2 finished-gameweek snapshot(s) recorded; need at least 3.
2026-09-18,4,315,Fatawu,IPS,MID,,0,,,,,,,,,Insufficient data,,only 2 finished-gameweek snapshot(s) recorded; need at least 3.
2026-09-18,4,316,Emersonn,IPS,FWD,100.0,0,,,,,,,,,Insufficient data,,only 2 finished-gameweek snapshot(s) recorded; need at least 3.
2026-09-18,4,317,Hirst,IPS,FWD,0.0,0,,,,,,,,,Insufficient data,,only 2 finished-gameweek snapshot(s) recorded; need at least 3.
2026-09-18,4,318,Philogene,IPS,MID,100.0,0,,,,,,,,,Insufficient data,,only 2 finished-gameweek snapshot(s) recorded; need at least 3.
2026-09-18,4,319,Szmodics,IPS,MID,0.0,0,,,,,,,,,Insufficient data,,only 2 finished-gameweek snapshot(s) recorded; need at least 3.
2026-09-18,4,320,Akpom,IPS,FWD,,0,,,,,,,,,Insufficient data,,only 2 finished-gameweek snapshot(s) recorded; need at least 3.
2026-09-18,4,321,Walle Egeli,IPS,FWD,,0,,,,,,,,,Insufficient data,,only 2 finished-gameweek snapshot(s) recorded; need at least 3.
2026-09-18,4,322,Al-Hamadi,IPS,FWD,0.0,0,,,,,,,,,Insufficient data,,only 2 finished-gameweek snapshot(s) recorded; need at least 3.
2026-09-18,4,323,McAteer,IPS,MID,,0,,,,,,,,,Insufficient data,,only 2 finished-gameweek snapshot(s) recorded; need at least 3.
2026-09-18,4,324,Mehmeti,IPS,MID,,0,,,,,,,,,Insufficient data,,only 2 finished-gameweek snapshot(s) recorded; need at least 3.
2026-09-18,4,325,Darlow,MUN,GKP,100.0,0,,,,,,,,,Insufficient data,,only 2 finished-gameweek snapshot(s) recorded; need at least 3.
2026-09-18,4,326,Perri,LEE,GKP,0.0,0,,,,,,,,,Insufficient data,,only 2 finished-gameweek snapshot(s) recorded; need at least 3.
2026-09-18,4,327,Bijol,LEE,DEF,,0,,,,,,,,,Insufficient data,,only 2 finished-gameweek snapshot(s) recorded; need at least 3.
2026-09-18,4,328,Struijk,BHA,DEF,100.0,0,,,,,,,,,Insufficient data,,only 2 finished-gameweek snapshot(s) recorded; need at least 3.
2026-09-18,4,329,Rodon,LEE,DEF,0.0,0,,,,,,,,,Insufficient data,,only 2 finished-gameweek snapshot(s) recorded; need at least 3.
2026-09-18,4,330,Bogle,LEE,DEF,,0,,,,,,,,,Insufficient data,,only 2 finished-gameweek snapshot(s) recorded; need at least 3.
2026-09-18,4,331,Gudmundsson,LEE,DEF,100.0,0,,,,,,,,,Insufficient data,,only 2 finished-gameweek snapshot(s) recorded; need at least 3.
2026-09-18,4,332,Justin,LEE,DEF,,0,,,,,,,,,Insufficient data,,only 2 finished-gameweek snapshot(s) recorded; need at least 3.
2026-09-18,4,333,Bornauw,LEE,DEF,0.0,0,,,,,,,,,Insufficient data,,only 2 finished-gameweek snapshot(s) recorded; need at least 3.
2026-09-18,4,334,Muharemović,LEE,DEF,,0,,,,,,,,,Insufficient data,,only 2 finished-gameweek snapshot(s) recorded; need at least 3.
2026-09-18,4,335,Stach,LEE,MID,,0,,,,,,,,,Insufficient data,,only 2 finished-gameweek snapshot(s) recorded; need at least 3.
2026-09-18,4,336,Okafor,LEE,MID,,0,,,,,,,,,Insufficient data,,only 2 finished-gameweek snapshot(s) recorded; need at least 3.
2026-09-18,4,337,Aaronson,LEE,MID,,0,,,,,,,,,Insufficient data,,only 2 finished-gameweek snapshot(s) recorded; need at least 3.
2026-09-18,4,338,Ampadu,LEE,MID,,0,,,,,,,,,Insufficient data,,only 2 finished-gameweek snapshot(s) recorded; need at least 3.
2026-09-18,4,339,Longstaff,LEE,MID,,0,,,,,,,,,Insufficient data,,only 2 finished-gameweek snapshot(s) recorded; need at least 3.
2026-09-18,4,340,Gelhardt,HUL,MID,100.0,0,,,,,,,,,Insufficient data,,only 2 finished-gameweek snapshot(s) recorded; need at least 3.
2026-09-18,4,341,Gnonto,LEE,MID,0.0,0,,,,,,,,,Insufficient data,,only 2 finished-gameweek snapshot(s) recorded; need at least 3.
2026-09-18,4,342,Harrison,LEE,MID,0.0,0,,,,,,,,,Insufficient data,,only 2 finished-gameweek snapshot(s) recorded; need at least 3.
2026-09-18,4,343,James,LEE,MID,,0,,,,,,,,,Insufficient data,,only 2 finished-gameweek snapshot(s) recorded; need at least 3.
2026-09-18,4,344,Gruev,LEE,MID,25.0,0,,,,,,,,,Insufficient data,,only 2 finished-gameweek snapshot(s) recorded; need at least 3.
2026-09-18,4,345,Tanaka,LEE,MID,,0,,,,,,,,,Insufficient data,,only 2 finished-gameweek snapshot(s) recorded; need at least 3.
2026-09-18,4,346,Calvert-Lewin,LEE,FWD,,0,,,,,,,,,Insufficient data,,only 2 finished-gameweek snapshot(s) recorded; need at least 3.
2026-09-18,4,347,Nmecha,LEE,FWD,,0,,,,,,,,,Insufficient data,,only 2 finished-gameweek snapshot(s) recorded; need at least 3.
2026-09-18,4,348,Piroe,LEE,FWD,0.0,0,,,,,,,,,Insufficient data,,only 2 finished-gameweek snapshot(s) recorded; need at least 3.
2026-09-18,4,349,Mateo Joseph,LEE,FWD,0.0,0,,,,,,,,,Insufficient data,,only 2 finished-gameweek snapshot(s) recorded; need at least 3.
2026-09-18,4,350,A.Becker,LIV,GKP,,0,,,,,,,,,Insufficient data,,only 2 finished-gameweek snapshot(s) recorded; need at least 3.
2026-09-18,4,351,Mamardashvili,LIV,GKP,,0,,,,,,,,,Insufficient data,,only 2 finished-gameweek snapshot(s) recorded; need at least 3.
2026-09-18,4,352,Woodman,LIV,GKP,,0,,,,,,,,,Insufficient data,,only 2 finished-gameweek snapshot(s) recorded; need at least 3.
2026-09-18,4,353,Pecsi,LIV,GKP,0.0,0,,,,,,,,,Insufficient data,,only 2 finished-gameweek snapshot(s) recorded; need at least 3.
2026-09-18,4,354,Jaros,LIV,GKP,0.0,0,,,,,,,,,Insufficient data,,only 2 finished-gameweek snapshot(s) recorded; need at least 3.
2026-09-18,4,355,Davies,LIV,GKP,,0,,,,,,,,,Insufficient data,,only 2 finished-gameweek snapshot(s) recorded; need at least 3.
2026-09-18,4,356,Virgil,LIV,DEF,,0,,,,,,,,,Insufficient data,,only 2 finished-gameweek snapshot(s) recorded; need at least 3.
2026-09-18,4,357,Frimpong,LIV,DEF,,0,,,,,,,,,Insufficient data,,only 2 finished-gameweek snapshot(s) recorded; need at least 3.
2026-09-18,4,358,Kerkez,LIV,DEF,,0,,,,,,,,,Insufficient data,,only 2 finished-gameweek snapshot(s) recorded; need at least 3.
2026-09-18,4,359,Gomez,LIV,DEF,75.0,0,,,,,,,,,Insufficient data,,only 2 finished-gameweek snapshot(s) recorded; need at least 3.
2026-09-18,4,360,Bradley,LIV,DEF,0.0,0,,,,,,,,,Insufficient data,,only 2 finished-gameweek snapshot(s) recorded; need at least 3.
2026-09-18,4,361,Lucky,LIV,DEF,,0,,,,,,,,,Insufficient data,,only 2 finished-gameweek snapshot(s) recorded; need at least 3.
2026-09-18,4,362,Jacquet,LIV,DEF,100.0,0,,,,,,,,,Insufficient data,,only 2 finished-gameweek snapshot(s) recorded; need at least 3.
2026-09-18,4,363,Leoni,LIV,DEF,0.0,0,,,,,,,,,Insufficient data,,only 2 finished-gameweek snapshot(s) recorded; need at least 3.
2026-09-18,4,364,Tsimikas,LIV,DEF,,0,,,,,,,,,Insufficient data,,only 2 finished-gameweek snapshot(s) recorded; need at least 3.
2026-09-18,4,365,Ramsay,LIV,DEF,0.0,0,,,,,,,,,Insufficient data,,only 2 finished-gameweek snapshot(s) recorded; need at least 3.
2026-09-18,4,366,Wirtz,LIV,MID,,0,,,,,,,,,Insufficient data,,only 2 finished-gameweek snapshot(s) recorded; need at least 3.
2026-09-18,4,367,Gakpo,LIV,MID,100.0,0,,,,,,,,,Insufficient data,,only 2 finished-gameweek snapshot(s) recorded; need at least 3.
2026-09-18,4,368,Szoboszlai,LIV,MID,,0,,,,,,,,,Insufficient data,,only 2 finished-gameweek snapshot(s) recorded; need at least 3.
2026-09-18,4,369,Ngumoha,LIV,MID,,0,,,,,,,,,Insufficient data,,only 2 finished-gameweek snapshot(s) recorded; need at least 3.
2026-09-18,4,370,Chiesa,LIV,MID,0.0,0,,,,,,,,,Insufficient data,,only 2 finished-gameweek snapshot(s) recorded; need at least 3.
2026-09-18,4,371,Gravenberch,LIV,MID,,0,,,,,,,,,Insufficient data,,only 2 finished-gameweek snapshot(s) recorded; need at least 3.
2026-09-18,4,372,Mac Allister,LIV,MID,,0,,,,,,,,,Insufficient data,,only 2 finished-gameweek snapshot(s) recorded; need at least 3.
2026-09-18,4,373,C.Jones,LIV,MID,0.0,0,,,,,,,,,Insufficient data,,only 2 finished-gameweek snapshot(s) recorded; need at least 3.
2026-09-18,4,374,Endo,LIV,MID,100.0,0,,,,,,,,,Insufficient data,,only 2 finished-gameweek snapshot(s) recorded; need at least 3.
2026-09-18,4,375,Nyoni,LIV,MID,,0,,,,,,,,,Insufficient data,,only 2 finished-gameweek snapshot(s) recorded; need at least 3.
2026-09-18,4,376,Bajcetic,LIV,MID,0.0,0,,,,,,,,,Insufficient data,,only 2 finished-gameweek snapshot(s) recorded; need at least 3.
2026-09-18,4,377,Munoz,LIV,MID,,0,,,,,,,,,Insufficient data,,only 2 finished-gameweek snapshot(s) recorded; need at least 3.
2026-09-18,4,378,McConnell,LIV,MID,,0,,,,,,,,,Insufficient data,,only 2 finished-gameweek snapshot(s) recorded; need at least 3.
2026-09-18,4,379,Isak,LIV,FWD,,0,,,,,,,,,Insufficient data,,only 2 finished-gameweek snapshot(s) recorded; need at least 3.
2026-09-18,4,380,Ekitiké,LIV,FWD,0.0,0,,,,,,,,,Insufficient data,,only 2 finished-gameweek snapshot(s) recorded; need at least 3.
2026-09-18,4,381,Koumas,LIV,MID,,0,,,,,,,,,Insufficient data,,only 2 finished-gameweek snapshot(s) recorded; need at least 3.
2026-09-18,4,382,Danns,LIV,FWD,100.0,0,,,,,,,,,Insufficient data,,only 2 finished-gameweek snapshot(s) recorded; need at least 3.
2026-09-18,4,383,Elliott,LIV,MID,0.0,0,,,,,,,,,Insufficient data,,only 2 finished-gameweek snapshot(s) recorded; need at least 3.
2026-09-18,4,384,Donnarumma,MCI,GKP,,0,,,,,,,,,Insufficient data,,only 2 finished-gameweek snapshot(s) recorded; need at least 3.
2026-09-18,4,385,Trafford,LEE,GKP,,0,,,,,,,,,Insufficient data,,only 2 finished-gameweek snapshot(s) recorded; need at least 3.
2026-09-18,4,386,Bettinelli,MCI,GKP,,0,,,,,,,,,Insufficient data,,only 2 finished-gameweek snapshot(s) recorded; need at least 3.
2026-09-18,4,387,O'Reilly,MCI,DEF,100.0,0,,,,,,,,,Insufficient data,,only 2 finished-gameweek snapshot(s) recorded; need at least 3.
2026-09-18,4,388,Guéhi,MCI,DEF,,0,,,,,,,,,Insufficient data,,only 2 finished-gameweek snapshot(s) recorded; need at least 3.
2026-09-18,4,389,Matheus N.,MCI,DEF,100.0,0,,,,,,,,,Insufficient data,,only 2 finished-gameweek snapshot(s) recorded; need at least 3.
2026-09-18,4,390,Rúben,MCI,DEF,,0,,,,,,,,,Insufficient data,,only 2 finished-gameweek snapshot(s) recorded; need at least 3.
2026-09-18,4,391,Gvardiol,MCI,DEF,,0,,,,,,,,,Insufficient data,,only 2 finished-gameweek snapshot(s) recorded; need at least 3.
2026-09-18,4,392,Aït-Nouri,MCI,DEF,,0,,,,,,,,,Insufficient data,,only 2 finished-gameweek snapshot(s) recorded; need at least 3.
2026-09-18,4,393,Khusanov,MCI,DEF,,0,,,,,,,,,Insufficient data,,only 2 finished-gameweek snapshot(s) recorded; need at least 3.
2026-09-18,4,394,Alleyne,MCI,DEF,0.0,0,,,,,,,,,Insufficient data,,only 2 finished-gameweek snapshot(s) recorded; need at least 3.
2026-09-18,4,395,Lewis,MCI,DEF,,0,,,,,,,,,Insufficient data,,only 2 finished-gameweek snapshot(s) recorded; need at least 3.
2026-09-18,4,396,Vitor Reis,MCI,DEF,,0,,,,,,,,,Insufficient data,,only 2 finished-gameweek snapshot(s) recorded; need at least 3.
2026-09-18,4,397,Semenyo,MCI,MID,,0,,,,,,,,,Insufficient data,,only 2 finished-gameweek snapshot(s) recorded; need at least 3.
2026-09-18,4,398,Foden,MCI,MID,0.0,0,,,,,,,,,Insufficient data,,only 2 finished-gameweek snapshot(s) recorded; need at least 3.
2026-09-18,4,399,Cherki,MCI,MID,,0,,,,,,,,,Insufficient data,,only 2 finished-gameweek snapshot(s) recorded; need at least 3.
2026-09-18,4,400,Doku,MCI,MID,0.0,0,,,,,,,,,Insufficient data,,only 2 finished-gameweek snapshot(s) recorded; need at least 3.
2026-09-18,4,401,Marmoush,TOT,FWD,,0,,,,,,,,,Insufficient data,,only 2 finished-gameweek snapshot(s) recorded; need at least 3.
2026-09-18,4,402,Rodrigo,MCI,MID,0.0,0,,,,,,,,,Insufficient data,,only 2 finished-gameweek snapshot(s) recorded; need at least 3.
2026-09-18,4,403,Sávio,TOT,MID,100.0,0,,,,,,,,,Insufficient data,,only 2 finished-gameweek snapshot(s) recorded; need at least 3.
2026-09-18,4,404,Reijnders,MCI,MID,0.0,0,,,,,,,,,Insufficient data,,only 2 finished-gameweek snapshot(s) recorded; need at least 3.
2026-09-18,4,405,N.Gonzalez,NEW,MID,50.0,0,,,,,,,,,Insufficient data,,only 2 finished-gameweek snapshot(s) recorded; need at least 3.
2026-09-18,4,406,Kovačić,MCI,MID,,0,,,,,,,,,Insufficient data,,only 2 finished-gameweek snapshot(s) recorded; need at least 3.
2026-09-18,4,407,Echeverri,MCI,MID,0.0,0,,,,,,,,,Insufficient data,,only 2 finished-gameweek snapshot(s) recorded; need at least 3.
2026-09-18,4,408,Phillips,MCI,MID,0.0,0,,,,,,,,,Insufficient data,,only 2 finished-gameweek snapshot(s) recorded; need at least 3.
2026-09-18,4,409,Mukasa,MCI,MID,0.0,0,,,,,,,,,Insufficient data,,only 2 finished-gameweek snapshot(s) recorded; need at least 3.
2026-09-18,4,410,Monga,MCI,MID,0.0,0,,,,,,,,,Insufficient data,,only 2 finished-gameweek snapshot(s) recorded; need at least 3.
2026-09-18,4,411,Haaland,MCI,FWD,,0,,,,,,,,,Insufficient data,,only 2 finished-gameweek snapshot(s) recorded; need at least 3.
2026-09-18,4,412,Lammens,MUN,GKP,,0,,,,,,,,,Insufficient data,,only 2 finished-gameweek snapshot(s) recorded; need at least 3.
2026-09-18,4,413,Bayindir,MUN,GKP,0.0,0,,,,,,,,,Insufficient data,,only 2 finished-gameweek snapshot(s) recorded; need at least 3.
2026-09-18,4,414,Heaton,MUN,GKP,0.0,0,,,,,,,,,Insufficient data,,only 2 finished-gameweek snapshot(s) recorded; need at least 3.
2026-09-18,4,415,Dorgu,MUN,MID,,0,,,,,,,,,Insufficient data,,only 2 finished-gameweek snapshot(s) recorded; need at least 3.
2026-09-18,4,416,De Ligt,MUN,DEF,0.0,0,,,,,,,,,Insufficient data,,only 2 finished-gameweek snapshot(s) recorded; need at least 3.
2026-09-18,4,417,Dalot,MUN,DEF,,0,,,,,,,,,Insufficient data,,only 2 finished-gameweek snapshot(s) recorded; need at least 3.
2026-09-18,4,418,Maguire,MUN,DEF,,0,,,,,,,,,Insufficient data,,only 2 finished-gameweek snapshot(s) recorded; need at least 3.
2026-09-18,4,419,Martinez,MUN,DEF,100.0,0,,,,,,,,,Insufficient data,,only 2 finished-gameweek snapshot(s) recorded; need at least 3.
2026-09-18,4,420,Yoro,MUN,DEF,,0,,,,,,,,,Insufficient data,,only 2 finished-gameweek snapshot(s) recorded; need at least 3.
2026-09-18,4,421,Heaven,MUN,DEF,,0,,,,,,,,,Insufficient data,,only 2 finished-gameweek snapshot(s) recorded; need at least 3.
2026-09-18,4,422,Mazraoui,MUN,DEF,,0,,,,,,,,,Insufficient data,,only 2 finished-gameweek snapshot(s) recorded; need at least 3.
2026-09-18,4,423,Shaw,MUN,DEF,75.0,0,,,,,,,,,Insufficient data,,only 2 finished-gameweek snapshot(s) recorded; need at least 3.
2026-09-18,4,424,Amass,MUN,DEF,,0,,,,,,,,,Insufficient data,,only 2 finished-gameweek snapshot(s) recorded; need at least 3.
2026-09-18,4,425,Fredricson,MUN,DEF,0.0,0,,,,,,,,,Insufficient data,,only 2 finished-gameweek snapshot(s) recorded; need at least 3.
2026-09-18,4,426,B.Fernandes,MUN,MID,,0,,,,,,,,,Insufficient data,,only 2 finished-gameweek snapshot(s) recorded; need at least 3.
2026-09-18,4,427,Mbeumo,MUN,MID,,0,,,,,,,,,Insufficient data,,only 2 finished-gameweek snapshot(s) recorded; need at least 3.
2026-09-18,4,428,Cunha,MUN,MID,,0,,,,,,,,,Insufficient data,,only 2 finished-gameweek snapshot(s) recorded; need at least 3.
2026-09-18,4,429,Rashford,MUN,MID,,0,,,,,,,,,Insufficient data,,only 2 finished-gameweek snapshot(s) recorded; need at least 3.
2026-09-18,4,430,Mount,MUN,MID,100.0,0,,,,,,,,,Insufficient data,,only 2 finished-gameweek snapshot(s) recorded; need at least 3.
2026-09-18,4,431,Amad,MUN,MID,0.0,0,,,,,,,,,Insufficient data,,only 2 finished-gameweek snapshot(s) recorded; need at least 3.
2026-09-18,4,432,Mainoo,MUN,MID,,0,,,,,,,,,Insufficient data,,only 2 finished-gameweek snapshot(s) recorded; need at least 3.
2026-09-18,4,433,Ugarte,MUN,MID,0.0,0,,,,,,,,,Insufficient data,,only 2 finished-gameweek snapshot(s) recorded; need at least 3.
2026-09-18,4,434,J.Fletcher,MUN,MID,,0,,,,,,,,,Insufficient data,,only 2 finished-gameweek snapshot(s) recorded; need at least 3.
2026-09-18,4,435,Lacey,MUN,MID,,0,,,,,,,,,Insufficient data,,only 2 finished-gameweek snapshot(s) recorded; need at least 3.
2026-09-18,4,436,Collyer,MUN,MID,0.0,0,,,,,,,,,Insufficient data,,only 2 finished-gameweek snapshot(s) recorded; need at least 3.
2026-09-18,4,437,Bendito Mantato,MUN,MID,,0,,,,,,,,,Insufficient data,,only 2 finished-gameweek snapshot(s) recorded; need at least 3.
2026-09-18,4,438,Fletcher,MUN,MID,,0,,,,,,,,,Insufficient data,,only 2 finished-gameweek snapshot(s) recorded; need at least 3.
2026-09-18,4,439,Šeško,MUN,FWD,100.0,0,,,,,,,,,Insufficient data,,only 2 finished-gameweek snapshot(s) recorded; need at least 3.
2026-09-18,4,440,Zirkzee,MUN,FWD,,0,,,,,,,,,Insufficient data,,only 2 finished-gameweek snapshot(s) recorded; need at least 3.
2026-09-18,4,441,Obi,MUN,FWD,0.0,0,,,,,,,,,Insufficient data,,only 2 finished-gameweek snapshot(s) recorded; need at least 3.
2026-09-18,4,442,Pope,NEW,GKP,,0,,,,,,,,,Insufficient data,,only 2 finished-gameweek snapshot(s) recorded; need at least 3.
2026-09-18,4,443,Gillespie,NEW,GKP,,0,,,,,,,,,Insufficient data,,only 2 finished-gameweek snapshot(s) recorded; need at least 3.
2026-09-18,4,444,Jaouen,NEW,GKP,50.0,0,,,,,,,,,Insufficient data,,only 2 finished-gameweek snapshot(s) recorded; need at least 3.
2026-09-18,4,445,Thiaw,NEW,DEF,,0,,,,,,,,,Insufficient data,,only 2 finished-gameweek snapshot(s) recorded; need at least 3.
2026-09-18,4,446,Schär,NEW,DEF,100.0,0,,,,,,,,,Insufficient data,,only 2 finished-gameweek snapshot(s) recorded; need at least 3.
2026-09-18,4,447,Botman,NEW,DEF,,0,,,,,,,,,Insufficient data,,only 2 finished-gameweek snapshot(s) recorded; need at least 3.
2026-09-18,4,448,Burn,NEW,DEF,0.0,0,,,,,,,,,Insufficient data,,only 2 finished-gameweek snapshot(s) recorded; need at least 3.
2026-09-18,4,449,Hall,NEW,DEF,,0,,,,,,,,,Insufficient data,,only 2 finished-gameweek snapshot(s) recorded; need at least 3.
2026-09-18,4,450,Livramento,NEW,DEF,100.0,0,,,,,,,,,Insufficient data,,only 2 finished-gameweek snapshot(s) recorded; need at least 3.
2026-09-18,4,451,A.Murphy,NEW,DEF,0.0,0,,,,,,,,,Insufficient data,,only 2 finished-gameweek snapshot(s) recorded; need at least 3.
2026-09-18,4,452,Bruno G.,ARS,MID,100.0,0,,,,,,,,,Insufficient data,,only 2 finished-gameweek snapshot(s) recorded; need at least 3.
2026-09-18,4,453,Barnes,NEW,MID,,0,,,,,,,,,Insufficient data,,only 2 finished-gameweek snapshot(s) recorded; need at least 3.
2026-09-18,4,454,Elanga,NEW,MID,0.0,0,,,,,,,,,Insufficient data,,only 2 finished-gameweek snapshot(s) recorded; need at least 3.
2026-09-18,4,455,Tonali,TOT,MID,75.0,0,,,,,,,,,Insufficient data,,only 2 finished-gameweek snapshot(s) recorded; need at least 3.
2026-09-18,4,456,J.Ramsey,NEW,MID,25.0,0,,,,,,,,,Insufficient data,,only 2 finished-gameweek snapshot(s) recorded; need at least 3.
2026-09-18,4,457,J.Murphy,NEW,MID,,0,,,,,,,,,Insufficient data,,only 2 finished-gameweek snapshot(s) recorded; need at least 3.
2026-09-18,4,458,Joelinton,NEW,MID,0.0,0,,,,,,,,,Insufficient data,,only 2 finished-gameweek snapshot(s) recorded; need at least 3.
2026-09-18,4,459,L.Miley,NEW,MID,100.0,0,,,,,,,,,Insufficient data,,only 2 finished-gameweek snapshot(s) recorded; need at least 3.
2026-09-18,4,460,Willock,NEW,MID,,0,,,,,,,,,Insufficient data,,only 2 finished-gameweek snapshot(s) recorded; need at least 3.
2026-09-18,4,461,Touré,NEW,MID,,0,,,,,,,,,Insufficient data,,only 2 finished-gameweek snapshot(s) recorded; need at least 3.
2026-09-18,4,462,Steur,NEW,MID,,0,,,,,,,,,Insufficient data,,only 2 finished-gameweek snapshot(s) recorded; need at least 3.
2026-09-18,4,463,Woltemade,NEW,FWD,0.0,0,,,,,,,,,Insufficient data,,only 2 finished-gameweek snapshot(s) recorded; need at least 3.
2026-09-18,4,464,Wissa,NEW,FWD,,0,,,,,,,,,Insufficient data,,only 2 finished-gameweek snapshot(s) recorded; need at least 3.
2026-09-18,4,465,Osula,NEW,FWD,0.0,0,,,,,,,,,Insufficient data,,only 2 finished-gameweek snapshot(s) recorded; need at least 3.
2026-09-18,4,466,Neave,NEW,FWD,0.0,0,,,,,,,,,Insufficient data,,only 2 finished-gameweek snapshot(s) recorded; need at least 3.
2026-09-18,4,467,Sels,NFO,GKP,,0,,,,,,,,,Insufficient data,,only 2 finished-gameweek snapshot(s) recorded; need at least 3.
2026-09-18,4,468,John,NFO,GKP,,0,,,,,,,,,Insufficient data,,only 2 finished-gameweek snapshot(s) recorded; need at least 3.
2026-09-18,4,469,N.Williams,NFO,DEF,,0,,,,,,,,,Insufficient data,,only 2 finished-gameweek snapshot(s) recorded; need at least 3.
2026-09-18,4,470,Morato,NFO,DEF,0.0,0,,,,,,,,,Insufficient data,,only 2 finished-gameweek snapshot(s) recorded; need at least 3.
2026-09-18,4,471,Milenković,NFO,DEF,0.0,0,,,,,,,,,Insufficient data,,only 2 finished-gameweek snapshot(s) recorded; need at least 3.
2026-09-18,4,472,Murillo,NFO,DEF,100.0,0,,,,,,,,,Insufficient data,,only 2 finished-gameweek snapshot(s) recorded; need at least 3.
2026-09-18,4,473,Aina,NFO,DEF,,0,,,,,,,,,Insufficient data,,only 2 finished-gameweek snapshot(s) recorded; need at least 3.
2026-09-18,4,474,Jair Cunha,NFO,DEF,50.0,0,,,,,,,,,Insufficient data,,only 2 finished-gameweek snapshot(s) recorded; need at least 3.
2026-09-18,4,475,Savona,NFO,DEF,0.0,0,,,,,,,,,Insufficient data,,only 2 finished-gameweek snapshot(s) recorded; need at least 3.
2026-09-18,4,476,O.Richards,NFO,DEF,,0,,,,,,,,,Insufficient data,,only 2 finished-gameweek snapshot(s) recorded; need at least 3.
2026-09-18,4,477,Abbott,NFO,DEF,0.0,0,,,,,,,,,Insufficient data,,only 2 finished-gameweek snapshot(s) recorded; need at least 3.
2026-09-18,4,478,Netz,NFO,DEF,,0,,,,,,,,,Insufficient data,,only 2 finished-gameweek snapshot(s) recorded; need at least 3.
2026-09-18,4,479,Bindon,NFO,DEF,0.0,0,,,,,,,,,Insufficient data,,only 2 finished-gameweek snapshot(s) recorded; need at least 3.
2026-09-18,4,480,Gibbs-White,NFO,MID,100.0,0,,,,,,,,,Insufficient data,,only 2 finished-gameweek snapshot(s) recorded; need at least 3.
2026-09-18,4,481,Anderson,MCI,MID,100.0,0,,,,,,,,,Insufficient data,,only 2 finished-gameweek snapshot(s) recorded; need at least 3.
2026-09-18,4,482,Hudson-Odoi,NFO,MID,100.0,0,,,,,,,,,Insufficient data,,only 2 finished-gameweek snapshot(s) recorded; need at least 3.
2026-09-18,4,483,Ndoye,NFO,MID,,0,,,,,,,,,Insufficient data,,only 2 finished-gameweek snapshot(s) recorded; need at least 3.
2026-09-18,4,484,Hutchinson,NFO,MID,0.0,0,,,,,,,,,Insufficient data,,only 2 finished-gameweek snapshot(s) recorded; need at least 3.
2026-09-18,4,485,Bakwa,NFO,MID,0.0,0,,,,,,,,,Insufficient data,,only 2 finished-gameweek snapshot(s) recorded; need at least 3.
2026-09-18,4,486,McAtee,NFO,MID,,0,,,,,,,,,Insufficient data,,only 2 finished-gameweek snapshot(s) recorded; need at least 3.
2026-09-18,4,487,Dominguez,NFO,MID,,0,,,,,,,,,Insufficient data,,only 2 finished-gameweek snapshot(s) recorded; need at least 3.
2026-09-18,4,488,I.Sangaré,NFO,MID,100.0,0,,,,,,,,,Insufficient data,,only 2 finished-gameweek snapshot(s) recorded; need at least 3.
2026-09-18,4,489,Yates,NFO,MID,100.0,0,,,,,,,,,Insufficient data,,only 2 finished-gameweek snapshot(s) recorded; need at least 3.
2026-09-18,4,490,Wood,NFO,FWD,,0,,,,,,,,,Insufficient data,,only 2 finished-gameweek snapshot(s) recorded; need at least 3.
2026-09-18,4,491,Igor Jesus,NFO,FWD,,0,,,,,,,,,Insufficient data,,only 2 finished-gameweek snapshot(s) recorded; need at least 3.
2026-09-18,4,492,Awoniyi,COV,FWD,0.0,0,,,,,,,,,Insufficient data,,only 2 finished-gameweek snapshot(s) recorded; need at least 3.
2026-09-18,4,493,Kalimuendo,NFO,FWD,,0,,,,,,,,,Insufficient data,,only 2 finished-gameweek snapshot(s) recorded; need at least 3.
2026-09-18,4,494,Vicario,TOT,GKP,0.0,0,,,,,,,,,Insufficient data,,only 2 finished-gameweek snapshot(s) recorded; need at least 3.
2026-09-18,4,495,Austin,TOT,GKP,,0,,,,,,,,,Insufficient data,,only 2 finished-gameweek snapshot(s) recorded; need at least 3.
2026-09-18,4,496,Kinsky,TOT,GKP,,0,,,,,,,,,Insufficient data,,only 2 finished-gameweek snapshot(s) recorded; need at least 3.
2026-09-18,4,497,Dubravka,TOT,GKP,,0,,,,,,,,,Insufficient data,,only 2 finished-gameweek snapshot(s) recorded; need at least 3.
2026-09-18,4,498,Senesi,TOT,DEF,,0,,,,,,,,,Insufficient data,,only 2 finished-gameweek snapshot(s) recorded; need at least 3.
2026-09-18,4,499,Pedro Porro,TOT,DEF,75.0,0,,,,,,,,,Insufficient data,,only 2 finished-gameweek snapshot(s) recorded; need at least 3.
2026-09-18,4,500,Romero,TOT,DEF,0.0,0,,,,,,,,,Insufficient data,,only 2 finished-gameweek snapshot(s) recorded; need at least 3.
2026-09-18,4,501,Danso,SUN,DEF,,0,,,,,,,,,Insufficient data,,only 2 finished-gameweek snapshot(s) recorded; need at least 3.
2026-09-18,4,502,Robertson,TOT,DEF,,0,,,,,,,,,Insufficient data,,only 2 finished-gameweek snapshot(s) recorded; need at least 3.
2026-09-18,4,503,Van de Ven,TOT,DEF,100.0,0,,,,,,,,,Insufficient data,,only 2 finished-gameweek snapshot(s) recorded; need at least 3.
2026-09-18,4,504,Vuskovic,BHA,DEF,,0,,,,,,,,,Insufficient data,,only 2 finished-gameweek snapshot(s) recorded; need at least 3.
2026-09-18,4,505,Spence,TOT,DEF,0.0,0,,,,,,,,,Insufficient data,,only 2 finished-gameweek snapshot(s) recorded; need at least 3.
2026-09-18,4,506,Udogie,TOT,DEF,100.0,0,,,,,,,,,Insufficient data,,only 2 finished-gameweek snapshot(s) recorded; need at least 3.
2026-09-18,4,507,Phillips,TOT,DEF,0.0,0,,,,,,,,,Insufficient data,,only 2 finished-gameweek snapshot(s) recorded; need at least 3.
2026-09-18,4,508,Davies,TOT,DEF,,0,,,,,,,,,Insufficient data,,only 2 finished-gameweek snapshot(s) recorded; need at least 3.
2026-09-18,4,509,Byfield,TOT,DEF,,0,,,,,,,,,Insufficient data,,only 2 finished-gameweek snapshot(s) recorded; need at least 3.
2026-09-18,4,510,Rowswell,TOT,DEF,,0,,,,,,,,,Insufficient data,,only 2 finished-gameweek snapshot(s) recorded; need at least 3.
2026-09-18,4,511,Souza,TOT,DEF,0.0,0,,,,,,,,,Insufficient data,,only 2 finished-gameweek snapshot(s) recorded; need at least 3.
2026-09-18,4,512,Kudus,TOT,MID,100.0,0,,,,,,,,,Insufficient data,,only 2 finished-gameweek snapshot(s) recorded; need at least 3.
2026-09-18,4,513,Xavi,TOT,MID,0.0,0,,,,,,,,,Insufficient data,,only 2 finished-gameweek snapshot(s) recorded; need at least 3.
2026-09-18,4,514,Tel,TOT,MID,,0,,,,,,,,,Insufficient data,,only 2 finished-gameweek snapshot(s) recorded; need at least 3.
2026-09-18,4,515,Maddison,TOT,MID,100.0,0,,,,,,,,,Insufficient data,,only 2 finished-gameweek snapshot(s) recorded; need at least 3.
2026-09-18,4,516,Bentancur,TOT,MID,,0,,,,,,,,,Insufficient data,,only 2 finished-gameweek snapshot(s) recorded; need at least 3.
2026-09-18,4,517,Odobert,TOT,MID,0.0,0,,,,,,,,,Insufficient data,,only 2 finished-gameweek snapshot(s) recorded; need at least 3.
2026-09-18,4,518,P.M.Sarr,TOT,MID,0.0,0,,,,,,,,,Insufficient data,,only 2 finished-gameweek snapshot(s) recorded; need at least 3.
2026-09-18,4,519,Gallagher,TOT,MID,,0,,,,,,,,,Insufficient data,,only 2 finished-gameweek snapshot(s) recorded; need at least 3.
2026-09-18,4,520,Bergvall,TOT,MID,,0,,,,,,,,,Insufficient data,,only 2 finished-gameweek snapshot(s) recorded; need at least 3.
2026-09-18,4,521,Kulusevski,TOT,MID,0.0,0,,,,,,,,,Insufficient data,,only 2 finished-gameweek snapshot(s) recorded; need at least 3.
2026-09-18,4,522,Gray,TOT,MID,,0,,,,,,,,,Insufficient data,,only 2 finished-gameweek snapshot(s) recorded; need at least 3.
2026-09-18,4,523,Moore,TOT,MID,0.0,0,,,,,,,,,Insufficient data,,only 2 finished-gameweek snapshot(s) recorded; need at least 3.
2026-09-18,4,524,Olusesi,TOT,MID,,0,,,,,,,,,Insufficient data,,only 2 finished-gameweek snapshot(s) recorded; need at least 3.
2026-09-18,4,525,Fernandes,TOT,MID,,0,,,,,,,,,Insufficient data,,only 2 finished-gameweek snapshot(s) recorded; need at least 3.
2026-09-18,4,526,Solanke,TOT,FWD,,0,,,,,,,,,Insufficient data,,only 2 finished-gameweek snapshot(s) recorded; need at least 3.
2026-09-18,4,527,Richarlison,TOT,FWD,0.0,0,,,,,,,,,Insufficient data,,only 2 finished-gameweek snapshot(s) recorded; need at least 3.
2026-09-18,4,528,Scarlett,TOT,FWD,0.0,0,,,,,,,,,Insufficient data,,only 2 finished-gameweek snapshot(s) recorded; need at least 3.
2026-09-18,4,529,Roefs,SUN,GKP,,0,,,,,,,,,Insufficient data,,only 2 finished-gameweek snapshot(s) recorded; need at least 3.
2026-09-18,4,530,Patterson,SUN,GKP,0.0,0,,,,,,,,,Insufficient data,,only 2 finished-gameweek snapshot(s) recorded; need at least 3.
2026-09-18,4,531,Ellborg,SUN,GKP,,0,,,,,,,,,Insufficient data,,only 2 finished-gameweek snapshot(s) recorded; need at least 3.
2026-09-18,4,532,Ballard,SUN,DEF,,0,,,,,,,,,Insufficient data,,only 2 finished-gameweek snapshot(s) recorded; need at least 3.
2026-09-18,4,533,Mukiele,SUN,DEF,100.0,0,,,,,,,,,Insufficient data,,only 2 finished-gameweek snapshot(s) recorded; need at least 3.
2026-09-18,4,534,Hume,SUN,DEF,,0,,,,,,,,,Insufficient data,,only 2 finished-gameweek snapshot(s) recorded; need at least 3.
2026-09-18,4,535,Alderete,SUN,DEF,100.0,0,,,,,,,,,Insufficient data,,only 2 finished-gameweek snapshot(s) recorded; need at least 3.
2026-09-18,4,536,Reinildo,SUN,DEF,0.0,0,,,,,,,,,Insufficient data,,only 2 finished-gameweek snapshot(s) recorded; need at least 3.
2026-09-18,4,537,Seelt,SUN,DEF,0.0,0,,,,,,,,,Insufficient data,,only 2 finished-gameweek snapshot(s) recorded; need at least 3.
2026-09-18,4,538,Hjelde,SUN,DEF,0.0,0,,,,,,,,,Insufficient data,,only 2 finished-gameweek snapshot(s) recorded; need at least 3.
2026-09-18,4,539,O'Nien,SUN,DEF,,0,,,,,,,,,Insufficient data,,only 2 finished-gameweek snapshot(s) recorded; need at least 3.
2026-09-18,4,540,Masuaku,SUN,DEF,0.0,0,,,,,,,,,Insufficient data,,only 2 finished-gameweek snapshot(s) recorded; need at least 3.
2026-09-18,4,541,Meunier,SUN,DEF,100.0,0,,,,,,,,,Insufficient data,,only 2 finished-gameweek snapshot(s) recorded; need at least 3.
2026-09-18,4,542,E.Le Fée,SUN,MID,,0,,,,,,,,,Insufficient data,,only 2 finished-gameweek snapshot(s) recorded; need at least 3.
2026-09-18,4,543,Diarra,SUN,MID,0.0,0,,,,,,,,,Insufficient data,,only 2 finished-gameweek snapshot(s) recorded; need at least 3.
2026-09-18,4,544,Xhaka,SUN,MID,,0,,,,,,,,,Insufficient data,,only 2 finished-gameweek snapshot(s) recorded; need at least 3.
2026-09-18,4,545,Sadiki,SUN,MID,,0,,,,,,,,,Insufficient data,,only 2 finished-gameweek snapshot(s) recorded; need at least 3.
2026-09-18,4,546,Adingra,SUN,MID,0.0,0,,,,,,,,,Insufficient data,,only 2 finished-gameweek snapshot(s) recorded; need at least 3.
2026-09-18,4,547,Mundle,SUN,MID,0.0,0,,,,,,,,,Insufficient data,,only 2 finished-gameweek snapshot(s) recorded; need at least 3.
2026-09-18,4,548,Rigg,SUN,MID,,0,,,,,,,,,Insufficient data,,only 2 finished-gameweek snapshot(s) recorded; need at least 3.
2026-09-18,4,549,Talbi,SUN,MID,,0,,,,,,,,,Insufficient data,,only 2 finished-gameweek snapshot(s) recorded; need at least 3.
2026-09-18,4,550,Jocelin.T,SUN,MID,,0,,,,,,,,,Insufficient data,,only 2 finished-gameweek snapshot(s) recorded; need at least 3.
2026-09-18,4,551,N.Angulo,SUN,MID,,0,,,,,,,,,Insufficient data,,only 2 finished-gameweek snapshot(s) recorded; need at least 3.
2026-09-18,4,552,Brobbey,SUN,FWD,,0,,,,,,,,,Insufficient data,,only 2 finished-gameweek snapshot(s) recorded; need at least 3.
2026-09-18,4,553,Isidor,SUN,FWD,,0,,,,,,,,,Insufficient data,,only 2 finished-gameweek snapshot(s) recorded; need at least 3.
2026-09-18,4,554,Van Oevelen,IPS,GKP,0.0,0,,,,,,,,,Insufficient data,,only 2 finished-gameweek snapshot(s) recorded; need at least 3.
2026-09-18,4,555,Matthews,CRY,GKP,,0,,,,,,,,,Insufficient data,,only 2 finished-gameweek snapshot(s) recorded; need at least 3.
2026-09-18,4,556,Targett,HUL,DEF,,0,,,,,,,,,Insufficient data,,only 2 finished-gameweek snapshot(s) recorded; need at least 3.
2026-09-18,4,557,Tzolis,ARS,MID,,0,,,,,,,,,Insufficient data,,only 2 finished-gameweek snapshot(s) recorded; need at least 3.
2026-09-18,4,558,Schlager,NFO,MID,,0,,,,,,,,,Insufficient data,,only 2 finished-gameweek snapshot(s) recorded; need at least 3.
2026-09-18,4,559,Bamba,NEW,MID,,0,,,,,,,,,Insufficient data,,only 2 finished-gameweek snapshot(s) recorded; need at least 3.
2026-09-18,4,560,Penders,CHE,GKP,,0,,,,,,,,,Insufficient data,,only 2 finished-gameweek snapshot(s) recorded; need at least 3.
2026-09-18,4,561,Anselmino,CHE,DEF,100.0,0,,,,,,,,,Insufficient data,,only 2 finished-gameweek snapshot(s) recorded; need at least 3.
2026-09-18,4,562,Maeda,IPS,MID,,0,,,,,,,,,Insufficient data,,only 2 finished-gameweek snapshot(s) recorded; need at least 3.
2026-09-18,4,563,Morita,HUL,MID,0.0,0,,,,,,,,,Insufficient data,,only 2 finished-gameweek snapshot(s) recorded; need at least 3.
2026-09-18,4,564,Scherpen,IPS,GKP,,0,,,,,,,,,Insufficient data,,only 2 finished-gameweek snapshot(s) recorded; need at least 3.
2026-09-18,4,565,M.Sangaré,BRE,MID,,0,,,,,,,,,Insufficient data,,only 2 finished-gameweek snapshot(s) recorded; need at least 3.
2026-09-18,4,566,Silva,BOU,DEF,,0,,,,,,,,,Insufficient data,,only 2 finished-gameweek snapshot(s) recorded; need at least 3.
2026-09-18,4,567,Horníček,NEW,GKP,,0,,,,,,,,,Insufficient data,,only 2 finished-gameweek snapshot(s) recorded; need at least 3.
2026-09-18,4,568,Barco,CHE,MID,,0,,,,,,,,,Insufficient data,,only 2 finished-gameweek snapshot(s) recorded; need at least 3.
2026-09-18,4,569,Gonzalo,FUL,FWD,,0,,,,,,,,,Insufficient data,,only 2 finished-gameweek snapshot(s) recorded; need at least 3.
2026-09-18,4,570,Palacios,FUL,MID,,0,,,,,,,,,Insufficient data,,only 2 finished-gameweek snapshot(s) recorded; need at least 3.
2026-09-18,4,571,Florentino,IPS,MID,100.0,0,,,,,,,,,Insufficient data,,only 2 finished-gameweek snapshot(s) recorded; need at least 3.
2026-09-18,4,572,Tzolakis,HUL,GKP,,0,,,,,,,,,Insufficient data,,only 2 finished-gameweek snapshot(s) recorded; need at least 3.
2026-09-18,4,573,Sanchez,BOU,DEF,,0,,,,,,,,,Insufficient data,,only 2 finished-gameweek snapshot(s) recorded; need at least 3.
2026-09-18,4,574,Hjertø-Dahl,HUL,MID,,0,,,,,,,,,Insufficient data,,only 2 finished-gameweek snapshot(s) recorded; need at least 3.
2026-09-18,4,575,Yirenkyi,COV,MID,,0,,,,,,,,,Insufficient data,,only 2 finished-gameweek snapshot(s) recorded; need at least 3.
2026-09-18,4,576,Stroud,HUL,MID,,0,,,,,,,,,Insufficient data,,only 2 finished-gameweek snapshot(s) recorded; need at least 3.
2026-09-18,4,577,Tomiyasu,CRY,DEF,,0,,,,,,,,,Insufficient data,,only 2 finished-gameweek snapshot(s) recorded; need at least 3.
2026-09-18,4,578,Mudryk,TOT,MID,0.0,0,,,,,,,,,Insufficient data,,only 2 finished-gameweek snapshot(s) recorded; need at least 3.
2026-09-18,4,579,Araujo,LIV,DEF,,0,,,,,,,,,Insufficient data,,only 2 finished-gameweek snapshot(s) recorded; need at least 3.
2026-09-18,4,580,Charles,FUL,MID,,0,,,,,,,,,Insufficient data,,only 2 finished-gameweek snapshot(s) recorded; need at least 3.
2026-09-18,4,581,Diomande,NFO,DEF,,0,,,,,,,,,Insufficient data,,only 2 finished-gameweek snapshot(s) recorded; need at least 3.
2026-09-18,4,582,Madjo,AVL,FWD,0.0,0,,,,,,,,,Insufficient data,,only 2 finished-gameweek snapshot(s) recorded; need at least 3.
2026-09-18,4,583,Chavarria,CHE,DEF,,0,,,,,,,,,Insufficient data,,only 2 finished-gameweek snapshot(s) recorded; need at least 3.
2026-09-18,4,584,Hamer,COV,MID,,0,,,,,,,,,Insufficient data,,only 2 finished-gameweek snapshot(s) recorded; need at least 3.
2026-09-18,4,585,Herrington,HUL,DEF,,0,,,,,,,,,Insufficient data,,only 2 finished-gameweek snapshot(s) recorded; need at least 3.
2026-09-18,4,586,Mendy,HUL,DEF,50.0,0,,,,,,,,,Insufficient data,,only 2 finished-gameweek snapshot(s) recorded; need at least 3.
2026-09-18,4,587,Rulli,MCI,GKP,,0,,,,,,,,,Insufficient data,,only 2 finished-gameweek snapshot(s) recorded; need at least 3.
2026-09-18,4,588,Khalaili,CRY,DEF,,0,,,,,,,,,Insufficient data,,only 2 finished-gameweek snapshot(s) recorded; need at least 3.
2026-09-18,4,589,Gourna-Douath,HUL,MID,,0,,,,,,,,,Insufficient data,,only 2 finished-gameweek snapshot(s) recorded; need at least 3.
2026-09-18,4,590,Benda,NFO,GKP,,0,,,,,,,,,Insufficient data,,only 2 finished-gameweek snapshot(s) recorded; need at least 3.
2026-09-18,4,591,Enciso,IPS,MID,100.0,0,,,,,,,,,Insufficient data,,only 2 finished-gameweek snapshot(s) recorded; need at least 3.
2026-09-18,4,592,Ouattara,IPS,DEF,,0,,,,,,,,,Insufficient data,,only 2 finished-gameweek snapshot(s) recorded; need at least 3.
2026-09-18,4,593,Dedić,NEW,DEF,100.0,0,,,,,,,,,Insufficient data,,only 2 finished-gameweek snapshot(s) recorded; need at least 3.
2026-09-18,4,594,David,BHA,FWD,,0,,,,,,,,,Insufficient data,,only 2 finished-gameweek snapshot(s) recorded; need at least 3.
2026-09-18,4,595,Gozo,CRY,MID,,0,,,,,,,,,Insufficient data,,only 2 finished-gameweek snapshot(s) recorded; need at least 3.
2026-09-18,4,596,Ruggeri,AVL,DEF,,0,,,,,,,,,Insufficient data,,only 2 finished-gameweek snapshot(s) recorded; need at least 3.
2026-09-18,4,597,Suzuki,AVL,GKP,,0,,,,,,,,,Insufficient data,,only 2 finished-gameweek snapshot(s) recorded; need at least 3.
2026-09-18,4,598,Elvedi,LEE,DEF,,0,,,,,,,,,Insufficient data,,only 2 finished-gameweek snapshot(s) recorded; need at least 3.
2026-09-18,4,599,Cherif,COV,FWD,,0,,,,,,,,,Insufficient data,,only 2 finished-gameweek snapshot(s) recorded; need at least 3.
2026-09-18,4,600,Osman,BHA,MID,,0,,,,,,,,,Insufficient data,,only 2 finished-gameweek snapshot(s) recorded; need at least 3.
2026-09-18,4,601,Williams-Barnett,TOT,MID,,0,,,,,,,,,Insufficient data,,only 2 finished-gameweek snapshot(s) recorded; need at least 3.
2026-09-18,4,602,Humphreys,IPS,MID,0.0,0,,,,,,,,,Insufficient data,,only 2 finished-gameweek snapshot(s) recorded; need at least 3.
2026-09-18,4,603,Lienou,LEE,DEF,,0,,,,,,,,,Insufficient data,,only 2 finished-gameweek snapshot(s) recorded; need at least 3.
2026-09-18,4,604,Cresswell,LEE,MID,,0,,,,,,,,,Insufficient data,,only 2 finished-gameweek snapshot(s) recorded; need at least 3.
2026-09-18,4,605,Yalcouyé,BHA,MID,,0,,,,,,,,,Insufficient data,,only 2 finished-gameweek snapshot(s) recorded; need at least 3.
2026-09-18,4,606,Rowe,AVL,DEF,,0,,,,,,,,,Insufficient data,,only 2 finished-gameweek snapshot(s) recorded; need at least 3.
2026-09-18,4,607,Lynch,AVL,MID,0.0,0,,,,,,,,,Insufficient data,,only 2 finished-gameweek snapshot(s) recorded; need at least 3.
2026-09-18,4,608,Jebbison,BOU,FWD,,0,,,,,,,,,Insufficient data,,only 2 finished-gameweek snapshot(s) recorded; need at least 3.
2026-09-18,4,609,Shahar,NEW,DEF,0.0,0,,,,,,,,,Insufficient data,,only 2 finished-gameweek snapshot(s) recorded; need at least 3.
2026-09-18,4,610,De Fougerolles,FUL,DEF,0.0,0,,,,,,,,,Insufficient data,,only 2 finished-gameweek snapshot(s) recorded; need at least 3.
2026-09-18,4,611,Wan-Bissaka,AVL,DEF,,0,,,,,,,,,Insufficient data,,only 2 finished-gameweek snapshot(s) recorded; need at least 3.
2026-09-18,4,612,Methalie,SUN,DEF,100.0,0,,,,,,,,,Insufficient data,,only 2 finished-gameweek snapshot(s) recorded; need at least 3.
2026-09-18,4,613,Ahoka,SUN,MID,,0,,,,,,,,,Insufficient data,,only 2 finished-gameweek snapshot(s) recorded; need at least 3.
2026-09-18,4,614,Hadjam,BHA,DEF,,0,,,,,,,,,Insufficient data,,only 2 finished-gameweek snapshot(s) recorded; need at least 3.
2026-09-18,4,615,Di Gregorio,BOU,GKP,,0,,,,,,,,,Insufficient data,,only 2 finished-gameweek snapshot(s) recorded; need at least 3.
2026-09-18,4,616,Bouaddi,MCI,MID,,0,,,,,,,,,Insufficient data,,only 2 finished-gameweek snapshot(s) recorded; need at least 3.
2026-09-18,4,617,Cho,HUL,MID,,0,,,,,,,,,Insufficient data,,only 2 finished-gameweek snapshot(s) recorded; need at least 3.
2026-09-18,4,618,Goretzka,AVL,MID,0.0,0,,,,,,,,,Insufficient data,,only 2 finished-gameweek snapshot(s) recorded; need at least 3.
2026-09-18,4,619,Palacios,IPS,MID,,0,,,,,,,,,Insufficient data,,only 2 finished-gameweek snapshot(s) recorded; need at least 3.
2026-09-18,4,620,Diouf,BRE,DEF,,0,,,,,,,,,Insufficient data,,only 2 finished-gameweek snapshot(s) recorded; need at least 3.
2026-09-18,4,621,McAidoo,MCI,MID,,0,,,,,,,,,Insufficient data,,only 2 finished-gameweek snapshot(s) recorded; need at least 3.
2026-09-18,4,622,Braithwaite,MCI,DEF,,0,,,,,,,,,Insufficient data,,only 2 finished-gameweek snapshot(s) recorded; need at least 3.
2026-09-18,4,623,Bentley,COV,GKP,,0,,,,,,,,,Insufficient data,,only 2 finished-gameweek snapshot(s) recorded; need at least 3.
2026-09-18,4,624,Cozier-Duberry,BHA,MID,0.0,0,,,,,,,,,Insufficient data,,only 2 finished-gameweek snapshot(s) recorded; need at least 3.
2026-09-18,4,625,Cairns,LEE,GKP,,0,,,,,,,,,Insufficient data,,only 2 finished-gameweek snapshot(s) recorded; need at least 3.
2026-09-18,4,626,Zepa,FUL,MID,,0,,,,,,,,,Insufficient data,,only 2 finished-gameweek snapshot(s) recorded; need at least 3.
2026-09-18,4,627,Barcola,LIV,MID,,0,,,,,,,,,Insufficient data,,only 2 finished-gameweek snapshot(s) recorded; need at least 3.
2026-09-18,4,628,Allan,MCI,MID,,0,,,,,,,,,Insufficient data,,only 2 finished-gameweek snapshot(s) recorded; need at least 3.
2026-09-18,4,629,Zetterer,LEE,GKP,,0,,,,,,,,,Insufficient data,,only 2 finished-gameweek snapshot(s) recorded; need at least 3.
2026-09-18,4,630,Harwood-Bellis,AVL,DEF,,0,,,,,,,,,Insufficient data,,only 2 finished-gameweek snapshot(s) recorded; need at least 3.
2026-09-18,4,631,Mbaye,AVL,MID,,0,,,,,,,,,Insufficient data,,only 2 finished-gameweek snapshot(s) recorded; need at least 3.
2026-09-18,4,632,Ansah,HUL,FWD,0.0,0,,,,,,,,,Insufficient data,,only 2 finished-gameweek snapshot(s) recorded; need at least 3.
2026-09-18,4,633,Ahanor,CRY,DEF,,0,,,,,,,,,Insufficient data,,only 2 finished-gameweek snapshot(s) recorded; need at least 3.
2026-09-18,4,634,Fernandez-Pardo,NEW,FWD,,0,,,,,,,,,Insufficient data,,only 2 finished-gameweek snapshot(s) recorded; need at least 3.
2026-09-18,4,635,Larsson,FUL,MID,,0,,,,,,,,,Insufficient data,,only 2 finished-gameweek snapshot(s) recorded; need at least 3.
2026-09-18,4,636,Ángel,FUL,MID,,0,,,,,,,,,Insufficient data,,only 2 finished-gameweek snapshot(s) recorded; need at least 3.
2026-09-18,4,637,Vaz,HUL,FWD,,0,,,,,,,,,Insufficient data,,only 2 finished-gameweek snapshot(s) recorded; need at least 3.
2026-09-18,4,638,Norton-Cuffy,HUL,DEF,,0,,,,,,,,,Insufficient data,,only 2 finished-gameweek snapshot(s) recorded; need at least 3.
2026-09-18,4,639,Andrés,BHA,MID,,0,,,,,,,,,Insufficient data,,only 2 finished-gameweek snapshot(s) recorded; need at least 3.
2026-09-18,4,640,Flemming,IPS,FWD,,0,,,,,,,,,Insufficient data,,only 2 finished-gameweek snapshot(s) recorded; need at least 3.
2026-09-18,4,641,Bard,LEE,DEF,,0,,,,,,,,,Insufficient data,,only 2 finished-gameweek snapshot(s) recorded; need at least 3.
2026-09-18,4,642,Thomas,HUL,MID,,0,,,,,,,,,Insufficient data,,only 2 finished-gameweek snapshot(s) recorded; need at least 3.
2026-09-18,4,643,Chilwell,CRY,DEF,,0,,,,,,,,,Insufficient data,,only 2 finished-gameweek snapshot(s) recorded; need at least 3.
2026-09-18,4,644,Timber,CRY,MID,,0,,,,,,,,,Insufficient data,,only 2 finished-gameweek snapshot(s) recorded; need at least 3.
2026-09-18,4,645,Mouzakitis,HUL,MID,,0,,,,,,,,,Insufficient data,,only 2 finished-gameweek snapshot(s) recorded; need at least 3.
2026-09-18,4,646,Fofana,SUN,MID,,0,,,,,,,,,Insufficient data,,only 2 finished-gameweek snapshot(s) recorded; need at least 3.
2026-09-18,4,647,Osorio,CRY,MID,,0,,,,,,,,,Insufficient data,,only 2 finished-gameweek snapshot(s) recorded; need at least 3.
2026-09-18,4,648,Bahoya,LEE,MID,,0,,,,,,,,,Insufficient data,,only 2 finished-gameweek snapshot(s) recorded; need at least 3.
2026-09-18,4,649,Maitland-Niles,EVE,DEF,,0,,,,,,,,,Insufficient data,,only 2 finished-gameweek snapshot(s) recorded; need at least 3.
2026-09-18,4,650,Affengruber,FUL,DEF,,0,,,,,,,,,Insufficient data,,only 2 finished-gameweek snapshot(s) recorded; need at least 3.
2026-09-18,4,651,J.Angulo,SUN,FWD,,0,,,,,,,,,Insufficient data,,only 2 finished-gameweek snapshot(s) recorded; need at least 3.
2026-09-18,4,652,Azeez,BHA,MID,75.0,0,,,,,,,,,Insufficient data,,only 2 finished-gameweek snapshot(s) recorded; need at least 3.
2026-09-18,4,653,Samba,MCI,MID,,0,,,,,,,,,Insufficient data,,only 2 finished-gameweek snapshot(s) recorded; need at least 3.
2026-09-18,4,654,Graham,EVE,MID,,0,,,,,,,,,Insufficient data,,only 2 finished-gameweek snapshot(s) recorded; need at least 3.
2026-09-18,4,655,Gboho,COV,MID,,0,,,,,,,,,Insufficient data,,only 2 finished-gameweek snapshot(s) recorded; need at least 3.
2026-09-18,4,656,Mfuni,COV,DEF,,0,,,,,,,,,Insufficient data,,only 2 finished-gameweek snapshot(s) recorded; need at least 3.
2026-09-18,4,657,Nunes,BRE,MID,,0,,,,,,,,,Insufficient data,,only 2 finished-gameweek snapshot(s) recorded; need at least 3.
2026-09-18,4,658,Ibrahim,BHA,MID,,0,,,,,,,,,Insufficient data,,only 2 finished-gameweek snapshot(s) recorded; need at least 3.
2026-09-18,4,659,Miley,NEW,MID,,0,,,,,,,,,Insufficient data,,only 2 finished-gameweek snapshot(s) recorded; need at least 3.
2026-09-22,5,1,Raya,ARS,GKP,,3,3.0,3.0,1.0,3.0,3.0,1.0,3.0,90.0,Nailed,1.0,
2026-09-22,5,2,Arrizabalaga,ARS,GKP,,3,0.0,3.0,0.0,0.0,3.0,0.0,0.0,,Benchwarmer,0.0,
2026-09-22,5,3,Meslier,ARS,GKP,,3,0.0,3.0,0.0,0.0,3.0,0.0,0.0,,Benchwarmer,0.0,
2026-09-22,5,4,Gabriel,ARS,DEF,,3,3.0,3.0,1.0,3.0,3.0,1.0,3.0,90.0,Nailed,1.0,
2026-09-22,5,5,J.Timber,ARS,DEF,100.0,3,1.0,3.0,0.333,1.0,3.0,0.333,1.0,104.0,Bench,0.467,
2026-09-22,5,6,Saliba,ARS,DEF,0.0,3,0.0,3.0,0.0,0.0,3.0,0.0,0.0,,Benchwarmer,0.0,
2026-09-22,5,7,Lewis-Skelly,ARS,MID,,3,2.0,3.0,0.667,2.0,3.0,0.667,2.0,55.5,Rotation risk,0.667,
2026-09-22,5,8,Calafiori,ARS,DEF,,3,3.0,3.0,1.0,3.0,3.0,1.0,3.0,82.0,Nailed,1.0,
2026-09-22,5,9,Hincapie,ARS,DEF,,3,0.0,3.0,0.0,0.0,3.0,0.0,1.0,23.0,Bench,0.0,
2026-09-22,5,10,White,ARS,DEF,75.0,3,2.0,3.0,0.667,2.0,3.0,0.667,2.0,67.5,Rotation risk,0.683,
2026-09-22,5,11,Mosquera,ARS,DEF,100.0,3,0.0,3.0,0.0,0.0,3.0,0.0,0.0,,Benchwarmer,0.2,
2026-09-22,5,12,Saka,ARS,MID,,3,3.0,3.0,1.0,3.0,3.0,1.0,3.0,86.3,Nailed,1.0,
2026-09-22,5,13,Rice,ARS,MID,75.0,3,3.0,3.0,1.0,3.0,3.0,1.0,3.0,86.7,Nailed,0.95,
2026-09-22,5,14,Eze,ARS,MID,,3,0.0,3.0,0.0,0.0,3.0,0.0,1.0,26.0,Bench,0.0,
2026-09-22,5,15,Ødegaard,ARS,MID,,3,3.0,3.0,1.0,3.0,3.0,1.0,3.0,77.3,Nailed,1.0,
2026-09-22,5,16,Madueke,ARS,MID,,3,0.0,3.0,0.0,0.0,3.0,0.0,1.0,1.0,Bench,0.0,
2026-09-22,5,17,Merino,ARS,MID,,3,0.0,3.0,0.0,0.0,3.0,0.0,2.0,24.0,Bench,0.0,
2026-09-22,5,18,Martinelli,ARS,MID,0.0,3,0.0,3.0,0.0,0.0,3.0,0.0,0.0,,Benchwarmer,0.0,
2026-09-22,5,19,Zubimendi,ARS,MID,,3,0.0,3.0,0.0,0.0,3.0,0.0,2.0,31.0,Bench,0.0,
2026-09-22,5,20,Dowman,ARS,MID,,3,0.0,3.0,0.0,0.0,3.0,0.0,1.0,9.0,Bench,0.0,
2026-09-22,5,21,Nørgaard,EVE,MID,0.0,3,0.0,3.0,0.0,0.0,3.0,0.0,0.0,,Benchwarmer,0.0,
2026-09-22,5,22,Nwaneri,ARS,MID,0.0,3,0.0,3.0,0.0,0.0,3.0,0.0,0.0,,Benchwarmer,0.0,
2026-09-22,5,23,Fábio Vieira,ARS,MID,0.0,3,0.0,3.0,0.0,0.0,3.0,0.0,0.0,,Benchwarmer,0.0,
2026-09-22,5,24,Nelson,ARS,MID,0.0,3,0.0,3.0,0.0,0.0,3.0,0.0,0.0,,Benchwarmer,0.0,
2026-09-22,5,25,Gyökeres,ARS,FWD,,3,0.0,3.0,0.0,0.0,3.0,0.0,2.0,14.5,Bench,0.0,
2026-09-22,5,26,Havertz,ARS,FWD,,3,3.0,3.0,1.0,3.0,3.0,1.0,3.0,85.7,Nailed,1.0,
2026-09-22,5,27,G.Jesus,ARS,FWD,0.0,3,0.0,3.0,0.0,0.0,3.0,0.0,0.0,,Benchwarmer,0.0,
2026-09-22,5,28,Martinez,CHE,GKP,,3,3.0,3.0,1.0,3.0,3.0,1.0,3.0,90.0,Nailed,1.0,
2026-09-22,5,29,M.Bizot,AVL,GKP,0.0,3,0.0,3.0,0.0,0.0,3.0,0.0,0.0,,Benchwarmer,0.0,
2026-09-22,5,30,Digne,AVL,DEF,0.0,3,0.0,3.0,0.0,0.0,3.0,0.0,0.0,,Benchwarmer,0.0,
2026-09-22,5,31,Konsa,ARS,DEF,,3,3.0,3.0,1.0,3.0,3.0,1.0,3.0,90.0,Nailed,1.0,
2026-09-22,5,32,Cash,AVL,DEF,100.0,3,1.0,3.0,0.333,1.0,3.0,0.333,2.0,64.5,Bench,0.467,
2026-09-22,5,33,Mings,AVL,DEF,,3,2.0,3.0,0.667,2.0,3.0,0.667,2.0,122.5,Rotation risk,0.667,
2026-09-22,5,34,Pau,AVL,DEF,0.0,3,1.0,3.0,0.333,1.0,3.0,0.333,1.0,24.0,Bench,0.267,
2026-09-22,5,35,Bogarde,AVL,MID,,3,0.0,3.0,0.0,0.0,3.0,0.0,0.0,,Benchwarmer,0.0,
2026-09-22,5,36,Maatsen,AVL,DEF,0.0,3,2.0,3.0,0.667,2.0,3.0,0.667,2.0,82.0,Rotation risk,0.533,
2026-09-22,5,37,Lindelöf,AVL,DEF,,3,3.0,3.0,1.0,3.0,3.0,1.0,3.0,90.0,Nailed,1.0,
2026-09-22,5,38,A.García,AVL,DEF,,3,0.0,3.0,0.0,0.0,3.0,0.0,0.0,,Benchwarmer,0.0,
2026-09-22,5,39,Nedeljkovic,AVL,DEF,0.0,3,0.0,3.0,0.0,0.0,3.0,0.0,0.0,,Benchwarmer,0.0,
2026-09-22,5,40,Rogers,CHE,MID,,3,3.0,3.0,1.0,3.0,3.0,1.0,3.0,88.7,Nailed,1.0,
2026-09-22,5,41,Buendía,AVL,MID,,3,3.0,3.0,1.0,3.0,3.0,1.0,3.0,75.3,Nailed,1.0,
2026-09-22,5,42,Guessand,CRY,MID,,3,0.0,3.0,0.0,0.0,3.0,0.0,0.0,,Benchwarmer,0.0,
2026-09-22,5,43,Tielemans,MUN,MID,100.0,3,3.0,3.0,1.0,3.0,3.0,1.0,3.0,82.0,Nailed,1.0,
2026-09-22,5,44,Bailey,AVL,MID,0.0,3,0.0,3.0,0.0,0.0,3.0,0.0,0.0,,Benchwarmer,0.0,
2026-09-22,5,45,McGinn,AVL,MID,,3,3.0,3.0,1.0,3.0,3.0,1.0,3.0,87.7,Nailed,1.0,
2026-09-22,5,46,Barkley,AVL,MID,,3,2.0,3.0,0.667,2.0,3.0,0.667,2.0,79.0,Rotation risk,0.667,
2026-09-22,5,47,Kamara,AVL,MID,100.0,3,3.0,3.0,1.0,3.0,3.0,1.0,3.0,87.7,Nailed,1.0,
2026-09-22,5,48,Onana,AVL,MID,0.0,3,0.0,3.0,0.0,0.0,3.0,0.0,0.0,,Benchwarmer,0.0,
2026-09-22,5,49,Iling Jr,AVL,MID,0.0,3,0.0,3.0,0.0,0.0,3.0,0.0,0.0,,Benchwarmer,0.0,
2026-09-22,5,50,Burrowes,AVL,MID,,3,0.0,3.0,0.0,0.0,3.0,0.0,0.0,,Benchwarmer,0.0,
2026-09-22,5,51,George Hemmings,AVL,MID,,3,2.0,3.0,0.667,2.0,3.0,0.667,2.0,68.5,Rotation risk,0.667,
2026-09-22,5,52,Alysson,AVL,MID,75.0,3,0.0,3.0,0.0,0.0,3.0,0.0,2.0,30.0,Bench,0.15,
2026-09-22,5,53,Manzambi,AVL,MID,100.0,3,1.0,3.0,0.333,1.0,3.0,0.333,1.0,98.0,Bench,0.467,
2026-09-22,5,54,Gomes,AVL,MID,100.0,3,1.0,3.0,0.333,1.0,3.0,0.333,1.0,90.0,Bench,0.467,
2026-09-22,5,55,Watkins,AVL,FWD,0.0,3,0.0,3.0,0.0,0.0,3.0,0.0,0.0,,Benchwarmer,0.0,
2026-09-22,5,56,Abraham,AVL,FWD,100.0,3,0.0,3.0,0.0,0.0,3.0,0.0,2.0,26.0,Bench,0.2,
2026-09-22,5,57,Petrović,BOU,GKP,,3,3.0,3.0,1.0,3.0,3.0,1.0,3.0,90.0,Nailed,1.0,
2026-09-22,5,58,Forster,BOU,GKP,,3,0.0,3.0,0.0,0.0,3.0,0.0,0.0,,Benchwarmer,0.0,
2026-09-22,5,59,Dennis,BOU,GKP,0.0,3,0.0,3.0,0.0,0.0,3.0,0.0,0.0,,Benchwarmer,0.0,
2026-09-22,5,60,Hill,BOU,DEF,,3,3.0,3.0,1.0,3.0,3.0,1.0,3.0,90.0,Nailed,1.0,
2026-09-22,5,61,Truffert,BOU,DEF,,3,3.0,3.0,1.0,3.0,3.0,1.0,3.0,90.0,Nailed,1.0,
2026-09-22,5,62,Diakité,BOU,DEF,,3,0.0,3.0,0.0,0.0,3.0,0.0,0.0,,Benchwarmer,0.0,
2026-09-22,5,63,Milosavljević,BOU,DEF,0.0,3,0.0,3.0,0.0,0.0,3.0,0.0,0.0,,Benchwarmer,0.0,
2026-09-22,5,64,Smith,BOU,DEF,,3,3.0,3.0,1.0,3.0,3.0,1.0,3.0,84.7,Nailed,1.0,
2026-09-22,5,65,J.Araujo,BOU,DEF,0.0,3,0.0,3.0,0.0,0.0,3.0,0.0,0.0,,Benchwarmer,0.0,
2026-09-22,5,66,Soler,BOU,DEF,100.0,3,0.0,3.0,0.0,0.0,3.0,0.0,0.0,,Benchwarmer,0.2,
2026-09-22,5,67,Rayan,BOU,MID,,3,3.0,3.0,1.0,3.0,3.0,1.0,3.0,85.3,Nailed,1.0,
2026-09-22,5,68,Tavernier,BOU,MID,,3,3.0,3.0,1.0,3.0,3.0,1.0,3.0,81.3,Nailed,1.0,
2026-09-22,5,69,Scott,BOU,MID,,3,3.0,3.0,1.0,3.0,3.0,1.0,3.0,90.0,Nailed,1.0,
2026-09-22,5,70,Kluivert,BOU,MID,0.0,3,2.0,3.0,0.667,2.0,3.0,0.667,2.0,70.0,Rotation risk,0.533,
2026-09-22,5,71,Cook,BOU,MID,,3,0.0,3.0,0.0,0.0,3.0,0.0,2.0,18.5,Bench,0.0,
2026-09-22,5,72,Gannon-Doak,BOU,MID,,3,0.0,3.0,0.0,0.0,3.0,0.0,2.0,5.5,Bench,0.0,
2026-09-22,5,73,Adams,BOU,MID,100.0,3,3.0,3.0,1.0,3.0,3.0,1.0,3.0,81.0,Nailed,1.0,
2026-09-22,5,74,Brooks,BOU,MID,100.0,3,0.0,3.0,0.0,0.0,3.0,0.0,2.0,18.0,Bench,0.2,
2026-09-22,5,75,Christie,BOU,MID,100.0,3,1.0,3.0,0.333,1.0,3.0,0.333,2.0,49.5,Bench,0.467,
2026-09-22,5,76,Tóth.A,BOU,MID,,3,0.0,3.0,0.0,0.0,3.0,0.0,1.0,2.0,Bench,0.0,
2026-09-22,5,77,Adli,BOU,MID,0.0,3,0.0,3.0,0.0,0.0,3.0,0.0,0.0,,Benchwarmer,0.0,
2026-09-22,5,78,Kroupi.Jr,BOU,MID,0.0,3,0.0,3.0,0.0,0.0,3.0,0.0,0.0,,Benchwarmer,0.0,
2026-09-22,5,79,Evanilson,BOU,FWD,,3,3.0,3.0,1.0,3.0,3.0,1.0,3.0,90.0,Nailed,1.0,
2026-09-22,5,80,Enes Ünal,BOU,FWD,0.0,3,0.0,3.0,0.0,0.0,3.0,0.0,0.0,,Benchwarmer,0.0,
2026-09-22,5,81,Rodríguez,BOU,FWD,100.0,3,0.0,3.0,0.0,0.0,3.0,0.0,1.0,1.0,Bench,0.2,
2026-09-22,5,82,Kelleher,BRE,GKP,,3,3.0,3.0,1.0,3.0,3.0,1.0,3.0,90.0,Nailed,1.0,
2026-09-22,5,83,Valdimarsson,BRE,GKP,,3,0.0,3.0,0.0,0.0,3.0,0.0,0.0,,Benchwarmer,0.0,
2026-09-22,5,84,Collins,BRE,DEF,0.0,3,1.0,3.0,0.333,1.0,3.0,0.333,1.0,16.0,Bench,0.267,
2026-09-22,5,85,Van den Berg,BRE,DEF,0.0,3,0.0,3.0,0.0,0.0,3.0,0.0,0.0,,Benchwarmer,0.0,
2026-09-22,5,86,Lewis-Potter,BRE,MID,,3,3.0,3.0,1.0,3.0,3.0,1.0,3.0,76.3,Nailed,1.0,
2026-09-22,5,87,Ajer,BRE,DEF,,3,3.0,3.0,1.0,3.0,3.0,1.0,3.0,90.0,Nailed,1.0,
2026-09-22,5,88,Kayode,BRE,DEF,,3,2.0,3.0,0.667,2.0,3.0,0.667,2.0,66.0,Rotation risk,0.667,
2026-09-22,5,89,Henry,BRE,DEF,,3,0.0,3.0,0.0,0.0,3.0,0.0,0.0,,Benchwarmer,0.0,
2026-09-22,5,90,Hickey,BRE,DEF,,3,1.0,3.0,0.333,1.0,3.0,0.333,2.0,68.0,Bench,0.333,
2026-09-22,5,91,Pinnock,COV,DEF,,3,3.0,3.0,1.0,3.0,3.0,1.0,3.0,90.0,Nailed,1.0,
2026-09-22,5,92,Ji-soo,BRE,DEF,,3,0.0,3.0,0.0,0.0,3.0,0.0,0.0,,Benchwarmer,0.0,
2026-09-22,5,93,Schuster,BRE,DEF,,3,2.0,3.0,0.667,2.0,3.0,0.667,3.0,84.3,Rotation risk,0.667,
2026-09-22,5,94,Schade,BRE,MID,,3,3.0,3.0,1.0,3.0,3.0,1.0,3.0,90.0,Nailed,1.0,
2026-09-22,5,95,O.Dango,BRE,MID,,3,1.0,3.0,0.333,1.0,3.0,0.333,2.0,42.0,Bench,0.333,
2026-09-22,5,96,Damsgaard,BRE,MID,,3,2.0,3.0,0.667,2.0,3.0,0.667,2.0,100.5,Rotation risk,0.667,
2026-09-22,5,97,Jensen,BRE,MID,0.0,3,0.0,3.0,0.0,0.0,3.0,0.0,0.0,,Benchwarmer,0.0,
2026-09-22,5,98,Janelt,BRE,MID,,3,3.0,3.0,1.0,3.0,3.0,1.0,3.0,90.0,Nailed,1.0,
2026-09-22,5,99,Milambo,BRE,MID,0.0,3,0.0,3.0,0.0,0.0,3.0,0.0,0.0,,Benchwarmer,0.0,
2026-09-22,5,100,Carvalho,BRE,MID,100.0,3,0.0,3.0,0.0,0.0,3.0,0.0,1.0,3.0,Bench,0.2,
2026-09-22,5,101,Henderson,CHE,MID,100.0,3,1.0,3.0,0.333,1.0,3.0,0.333,1.0,90.0,Bench,0.467,
2026-09-22,5,102,Yarmoliuk,BRE,MID,,3,2.0,3.0,0.667,2.0,3.0,0.667,3.0,57.3,Rotation risk,0.667,
2026-09-22,5,103,Dasilva,BRE,MID,0.0,3,0.0,3.0,0.0,0.0,3.0,0.0,0.0,,Benchwarmer,0.0,
2026-09-22,5,104,Onyeka,COV,MID,100.0,3,3.0,3.0,1.0,3.0,3.0,1.0,3.0,74.7,Nailed,1.0,
2026-09-22,5,105,Anthony,BRE,MID,,3,2.0,3.0,0.667,2.0,3.0,0.667,3.0,61.3,Rotation risk,0.667,
2026-09-22,5,106,Thiago,BRE,FWD,,3,3.0,3.0,1.0,3.0,3.0,1.0,3.0,90.0,Nailed,1.0,
2026-09-22,5,107,Furo,BRE,FWD,0.0,3,0.0,3.0,0.0,0.0,3.0,0.0,0.0,,Benchwarmer,0.0,
2026-09-22,5,108,Wilson,BRE,FWD,,3,0.0,3.0,0.0,0.0,3.0,0.0,1.0,4.0,Bench,0.0,
2026-09-22,5,109,Verbruggen,BHA,GKP,,3,3.0,3.0,1.0,3.0,3.0,1.0,3.0,90.0,Nailed,1.0,
2026-09-22,5,110,Rushworth,COV,GKP,,3,3.0,3.0,1.0,3.0,3.0,1.0,3.0,90.0,Nailed,1.0,
2026-09-22,5,111,Steele,BHA,GKP,,3,0.0,3.0,0.0,0.0,3.0,0.0,0.0,,Benchwarmer,0.0,
2026-09-22,5,112,Van Hecke,TOT,DEF,,3,3.0,3.0,1.0,3.0,3.0,1.0,3.0,90.0,Nailed,1.0,
2026-09-22,5,113,F.Kadıoğlu,BHA,DEF,100.0,3,3.0,3.0,1.0,3.0,3.0,1.0,3.0,80.7,Nailed,1.0,
2026-09-22,5,114,Boscagli,BHA,DEF,,3,3.0,3.0,1.0,3.0,3.0,1.0,3.0,85.7,Nailed,1.0,
2026-09-22,5,115,De Cuyper,BHA,DEF,,3,3.0,3.0,1.0,3.0,3.0,1.0,3.0,85.3,Nailed,1.0,
2026-09-22,5,116,Dunk,BHA,DEF,75.0,3,2.0,3.0,0.667,2.0,3.0,0.667,2.0,90.0,Rotation risk,0.683,
2026-09-22,5,117,Coppola,BHA,DEF,,3,0.0,3.0,0.0,0.0,3.0,0.0,0.0,,Benchwarmer,0.0,
2026-09-22,5,118,Igor,BHA,DEF,0.0,3,0.0,3.0,0.0,0.0,3.0,0.0,0.0,,Benchwarmer,0.0,
2026-09-22,5,119,Costinha,BHA,DEF,,3,0.0,3.0,0.0,0.0,3.0,0.0,2.0,16.0,Bench,0.0,
2026-09-22,5,120,Svoboda,BHA,DEF,,3,0.0,3.0,0.0,0.0,3.0,0.0,1.0,4.0,Bench,0.0,
2026-09-22,5,121,Mitoma,BHA,MID,0.0,3,0.0,3.0,0.0,0.0,3.0,0.0,0.0,,Benchwarmer,0.0,
2026-09-22,5,122,Minteh,BHA,MID,0.0,3,0.0,3.0,0.0,0.0,3.0,0.0,0.0,,Benchwarmer,0.0,
2026-09-22,5,123,Hinshelwood,BHA,MID,0.0,3,0.0,3.0,0.0,0.0,3.0,0.0,0.0,,Benchwarmer,0.0,
2026-09-22,5,124,Groß,BHA,MID,,3,3.0,3.0,1.0,3.0,3.0,1.0,3.0,90.0,Nailed,1.0,
2026-09-22,5,125,Georginio,BHA,FWD,100.0,3,0.0,3.0,0.0,0.0,3.0,0.0,1.0,14.0,Bench,0.2,
2026-09-22,5,126,O'Riley,BHA,MID,,3,0.0,3.0,0.0,0.0,3.0,0.0,1.0,10.0,Bench,0.0,
2026-09-22,5,127,Gomez,BHA,MID,,3,3.0,3.0,1.0,3.0,3.0,1.0,3.0,86.0,Nailed,1.0,
2026-09-22,5,128,Buonanotte,BHA,MID,0.0,3,0.0,3.0,0.0,0.0,3.0,0.0,0.0,,Benchwarmer,0.0,
2026-09-22,5,129,Ayari,BHA,MID,100.0,3,3.0,3.0,1.0,3.0,3.0,1.0,3.0,90.0,Nailed,1.0,
2026-09-22,5,130,Wieffer,BHA,DEF,0.0,3,0.0,3.0,0.0,0.0,3.0,0.0,0.0,,Benchwarmer,0.0,
2026-09-22,5,131,Baleba,MUN,MID,100.0,3,0.0,3.0,0.0,0.0,3.0,0.0,0.0,,Benchwarmer,0.2,
2026-09-22,5,132,Howell,BHA,MID,0.0,3,0.0,3.0,0.0,0.0,3.0,0.0,0.0,,Benchwarmer,0.0,
2026-09-22,5,133,Watson,BHA,MID,0.0,3,0.0,3.0,0.0,0.0,3.0,0.0,0.0,,Benchwarmer,0.0,
2026-09-22,5,134,Oriola,BHA,MID,,3,0.0,3.0,0.0,0.0,3.0,0.0,0.0,,Benchwarmer,0.0,
2026-09-22,5,135,Yohanna,BHA,MID,0.0,3,0.0,3.0,0.0,0.0,3.0,0.0,0.0,,Benchwarmer,0.0,
2026-09-22,5,136,Welbeck,CHE,FWD,100.0,3,1.0,3.0,0.333,1.0,3.0,0.333,2.0,42.5,Bench,0.467,
2026-09-22,5,137,Tzimas,BHA,FWD,0.0,3,0.0,3.0,0.0,0.0,3.0,0.0,0.0,,Benchwarmer,0.0,
2026-09-22,5,138,Kostoulas,BHA,FWD,,3,3.0,3.0,1.0,3.0,3.0,1.0,3.0,82.7,Nailed,1.0,
2026-09-22,5,139,Ferguson,BHA,FWD,0.0,3,0.0,3.0,0.0,0.0,3.0,0.0,0.0,,Benchwarmer,0.0,
2026-09-22,5,140,Sánchez,CHE,GKP,0.0,3,0.0,3.0,0.0,0.0,3.0,0.0,0.0,,Benchwarmer,0.0,
2026-09-22,5,141,Jörgensen,CHE,GKP,0.0,3,0.0,3.0,0.0,0.0,3.0,0.0,0.0,,Benchwarmer,0.0,
2026-09-22,5,142,James,CHE,DEF,75.0,3,2.0,3.0,0.667,2.0,3.0,0.667,2.0,90.0,Rotation risk,0.683,
2026-09-22,5,143,Chalobah,CHE,DEF,0.0,3,0.0,3.0,0.0,0.0,3.0,0.0,0.0,,Benchwarmer,0.0,
2026-09-22,5,144,Gusto,CHE,DEF,,3,1.0,3.0,0.333,1.0,3.0,0.333,2.0,53.5,Bench,0.333,
2026-09-22,5,145,Fofana,CHE,DEF,100.0,3,3.0,3.0,1.0,3.0,3.0,1.0,3.0,81.7,Nailed,1.0,
2026-09-22,5,146,B.Badiashile,CHE,DEF,0.0,3,0.0,3.0,0.0,0.0,3.0,0.0,0.0,,Benchwarmer,0.0,
2026-09-22,5,147,Tosin,TOT,DEF,,3,0.0,3.0,0.0,0.0,3.0,0.0,1.0,5.0,Bench,0.0,
2026-09-22,5,148,Hato,CHE,DEF,,3,2.0,3.0,0.667,2.0,3.0,0.667,2.0,52.0,Rotation risk,0.667,
2026-09-22,5,149,Colwill,CHE,DEF,,3,2.0,3.0,0.667,2.0,3.0,0.667,2.0,90.0,Rotation risk,0.667,
2026-09-22,5,150,M.Sarr,CHE,DEF,0.0,3,0.0,3.0,0.0,0.0,3.0,0.0,0.0,,Benchwarmer,0.0,
2026-09-22,5,151,Acheampong,CHE,DEF,,3,1.0,3.0,0.333,1.0,3.0,0.333,2.0,54.5,Bench,0.333,
2026-09-22,5,152,Palestra,CHE,DEF,50.0,3,0.0,3.0,0.0,0.0,3.0,0.0,0.0,,Benchwarmer,0.1,
2026-09-22,5,153,Disasi,CRY,DEF,0.0,3,2.0,3.0,0.667,2.0,3.0,0.667,2.0,61.5,Rotation risk,0.533,
2026-09-22,5,154,Palmer,CHE,MID,75.0,3,3.0,3.0,1.0,3.0,3.0,1.0,3.0,90.0,Nailed,0.95,
2026-09-22,5,155,Enzo,MCI,MID,,3,3.0,3.0,1.0,3.0,3.0,1.0,3.0,82.0,Nailed,1.0,
2026-09-22,5,156,Neto,CHE,MID,,3,3.0,3.0,1.0,3.0,3.0,1.0,3.0,83.7,Nailed,1.0,
2026-09-22,5,157,Estêvão,CHE,MID,,3,0.0,3.0,0.0,0.0,3.0,0.0,2.0,8.0,Bench,0.0,
2026-09-22,5,158,Gittens,CHE,MID,,3,0.0,3.0,0.0,0.0,3.0,0.0,0.0,,Benchwarmer,0.0,
2026-09-22,5,159,Caicedo,CHE,MID,50.0,3,0.0,3.0,0.0,0.0,3.0,0.0,0.0,,Benchwarmer,0.1,
2026-09-22,5,160,Garnacho,AVL,MID,,3,0.0,3.0,0.0,0.0,3.0,0.0,1.0,15.0,Bench,0.0,
2026-09-22,5,161,Lavia,CHE,MID,,3,2.0,3.0,0.667,2.0,3.0,0.667,2.0,63.5,Rotation risk,0.667,
2026-09-22,5,162,Andrey Santos,MUN,MID,,3,0.0,3.0,0.0,0.0,3.0,0.0,1.0,6.0,Bench,0.0,
2026-09-22,5,163,D.Essugo,CHE,MID,0.0,3,0.0,3.0,0.0,0.0,3.0,0.0,0.0,,Benchwarmer,0.0,
2026-09-22,5,164,Quenda,CHE,MID,100.0,3,0.0,3.0,0.0,0.0,3.0,0.0,1.0,19.0,Bench,0.2,
2026-09-22,5,165,João Pedro,CHE,FWD,75.0,3,2.0,3.0,0.667,2.0,3.0,0.667,2.0,90.0,Rotation risk,0.683,
2026-09-22,5,166,N.Jackson,AVL,FWD,,3,3.0,3.0,1.0,3.0,3.0,1.0,3.0,72.0,Nailed,1.0,
2026-09-22,5,167,Delap,NFO,FWD,,3,3.0,3.0,1.0,3.0,3.0,1.0,3.0,84.3,Nailed,1.0,
2026-09-22,5,168,Marc Guiu,CHE,FWD,0.0,3,0.0,3.0,0.0,0.0,3.0,0.0,0.0,,Benchwarmer,0.0,
2026-09-22,5,169,Mheuka,CHE,FWD,,3,0.0,3.0,0.0,0.0,3.0,0.0,0.0,,Benchwarmer,0.0,
2026-09-22,5,170,Emegha,CHE,FWD,0.0,3,0.0,3.0,0.0,0.0,3.0,0.0,0.0,,Benchwarmer,0.0,
2026-09-22,5,171,Dovin,COV,GKP,0.0,3,0.0,3.0,0.0,0.0,3.0,0.0,0.0,,Benchwarmer,0.0,
2026-09-22,5,172,Wilson,COV,GKP,,3,0.0,3.0,0.0,0.0,3.0,0.0,0.0,,Benchwarmer,0.0,
2026-09-22,5,173,Thomas,COV,DEF,,3,3.0,3.0,1.0,3.0,3.0,1.0,3.0,90.0,Nailed,1.0,
2026-09-22,5,174,Kitching,COV,DEF,0.0,3,0.0,3.0,0.0,0.0,3.0,0.0,0.0,,Benchwarmer,0.0,
2026-09-22,5,175,van Ewijk,COV,DEF,75.0,3,2.0,3.0,0.667,2.0,3.0,0.667,2.0,90.0,Rotation risk,0.683,
2026-09-22,5,176,Dasilva,COV,DEF,,3,3.0,3.0,1.0,3.0,3.0,1.0,3.0,88.0,Nailed,1.0,
2026-09-22,5,177,Kesler-Hayden,COV,DEF,0.0,3,0.0,3.0,0.0,0.0,3.0,0.0,0.0,,Benchwarmer,0.0,
2026-09-22,5,178,Bidwell,COV,DEF,,3,0.0,3.0,0.0,0.0,3.0,0.0,0.0,,Benchwarmer,0.0,
2026-09-22,5,179,Latibeaudiere,COV,DEF,,3,0.0,3.0,0.0,0.0,3.0,0.0,1.0,1.0,Bench,0.0,
2026-09-22,5,180,Woolfenden,COV,DEF,0.0,3,0.0,3.0,0.0,0.0,3.0,0.0,0.0,,Benchwarmer,0.0,
2026-09-22,5,181,Brau,COV,DEF,0.0,3,0.0,3.0,0.0,0.0,3.0,0.0,0.0,,Benchwarmer,0.0,
2026-09-22,5,182,Amenda,COV,DEF,0.0,3,2.0,3.0,0.667,2.0,3.0,0.667,2.0,90.0,Rotation risk,0.533,
2026-09-22,5,183,Rudoni,COV,MID,100.0,3,3.0,3.0,1.0,3.0,3.0,1.0,3.0,69.0,Nailed,1.0,
2026-09-22,5,184,Grimes,COV,MID,,3,3.0,3.0,1.0,3.0,3.0,1.0,3.0,87.7,Nailed,1.0,
2026-09-22,5,185,Sakamoto,COV,MID,,3,0.0,3.0,0.0,0.0,3.0,0.0,0.0,,Benchwarmer,0.0,
2026-09-22,5,186,Mason-Clark,COV,MID,100.0,3,3.0,3.0,1.0,3.0,3.0,1.0,3.0,58.0,Rotation risk,1.0,
2026-09-22,5,187,Eccles,COV,MID,0.0,3,0.0,3.0,0.0,0.0,3.0,0.0,0.0,,Benchwarmer,0.0,
2026-09-22,5,188,Torp,COV,MID,,3,0.0,3.0,0.0,0.0,3.0,0.0,1.0,6.0,Bench,0.0,
2026-09-22,5,189,Shepherd,COV,MID,,3,0.0,3.0,0.0,0.0,3.0,0.0,0.0,,Benchwarmer,0.0,
2026-09-22,5,190,Tchaouna,COV,MID,,3,0.0,3.0,0.0,0.0,3.0,0.0,2.0,36.0,Bench,0.0,
2026-09-22,5,191,Borges Rodrigues,COV,MID,0.0,3,0.0,3.0,0.0,0.0,3.0,0.0,0.0,,Benchwarmer,0.0,
2026-09-22,5,192,Andrews,COV,MID,0.0,3,0.0,3.0,0.0,0.0,3.0,0.0,0.0,,Benchwarmer,0.0,
2026-09-22,5,193,Wright,COV,FWD,0.0,3,0.0,3.0,0.0,0.0,3.0,0.0,0.0,,Benchwarmer,0.0,
2026-09-22,5,194,Thomas-Asante,COV,FWD,,3,1.0,3.0,0.333,1.0,3.0,0.333,2.0,63.0,Bench,0.333,
2026-09-22,5,195,Simms,COV,FWD,,3,0.0,3.0,0.0,0.0,3.0,0.0,2.0,17.5,Bench,0.0,
2026-09-22,5,196,Markelo,COV,FWD,0.0,3,0.0,3.0,0.0,0.0,3.0,0.0,0.0,,Benchwarmer,0.0,
2026-09-22,5,197,Bassette,COV,FWD,0.0,3,0.0,3.0,0.0,0.0,3.0,0.0,0.0,,Benchwarmer,0.0,
2026-09-22,5,198,Henderson,CRY,GKP,0.0,3,1.0,3.0,0.333,1.0,3.0,0.333,1.0,90.0,Bench,0.267,
2026-09-22,5,199,Benitez,CRY,GKP,,3,2.0,3.0,0.667,2.0,3.0,0.667,2.0,90.0,Rotation risk,0.667,
2026-09-22,5,200,Lacroix,CHE,DEF,,3,2.0,3.0,0.667,2.0,3.0,0.667,2.0,92.0,Rotation risk,0.667,
2026-09-22,5,201,Muñoz,NFO,DEF,,3,2.0,3.0,0.667,2.0,3.0,0.667,3.0,67.7,Rotation risk,0.667,
2026-09-22,5,202,Richards,CRY,DEF,,3,3.0,3.0,1.0,3.0,3.0,1.0,3.0,90.0,Nailed,1.0,
2026-09-22,5,203,Canvot,CRY,DEF,,3,2.0,3.0,0.667,2.0,3.0,0.667,2.0,90.0,Rotation risk,0.667,
2026-09-22,5,204,Mitchell,CRY,DEF,,3,3.0,3.0,1.0,3.0,3.0,1.0,3.0,79.7,Nailed,1.0,
2026-09-22,5,205,Sosa,CRY,DEF,0.0,3,0.0,3.0,0.0,0.0,3.0,0.0,0.0,,Benchwarmer,0.0,
2026-09-22,5,206,Chadi Riad,CRY,DEF,0.0,3,0.0,3.0,0.0,0.0,3.0,0.0,0.0,,Benchwarmer,0.0,
2026-09-22,5,207,Mingueza,CRY,DEF,,3,0.0,3.0,0.0,0.0,3.0,0.0,1.0,1.0,Bench,0.0,
2026-09-22,5,208,Sarr,CRY,MID,100.0,3,0.0,3.0,0.0,0.0,3.0,0.0,1.0,8.0,Bench,0.2,
2026-09-22,5,209,Johnson,EVE,MID,,3,3.0,3.0,1.0,3.0,3.0,1.0,3.0,68.0,Nailed,1.0,
2026-09-22,5,210,Wharton,CRY,MID,100.0,3,3.0,3.0,1.0,3.0,3.0,1.0,3.0,85.3,Nailed,1.0,
2026-09-22,5,211,Yeremy,CRY,MID,,3,3.0,3.0,1.0,3.0,3.0,1.0,3.0,68.3,Nailed,1.0,
2026-09-22,5,212,Hughes,CRY,MID,,3,0.0,3.0,0.0,0.0,3.0,0.0,2.0,14.5,Bench,0.0,
2026-09-22,5,213,Lerma,CRY,MID,,3,0.0,3.0,0.0,0.0,3.0,0.0,1.0,51.0,Bench,0.0,
2026-09-22,5,214,Kamada,CRY,MID,,3,3.0,3.0,1.0,3.0,3.0,1.0,3.0,87.0,Nailed,1.0,
2026-09-22,5,215,Devenny,CRY,MID,0.0,3,0.0,3.0,0.0,0.0,3.0,0.0,0.0,,Benchwarmer,0.0,
2026-09-22,5,216,Esse,CRY,MID,0.0,3,0.0,3.0,0.0,0.0,3.0,0.0,0.0,,Benchwarmer,0.0,
2026-09-22,5,217,M.França,CRY,MID,0.0,3,0.0,3.0,0.0,0.0,3.0,0.0,0.0,,Benchwarmer,0.0,
2026-09-22,5,218,Doucouré,CRY,MID,,3,0.0,3.0,0.0,0.0,3.0,0.0,0.0,,Benchwarmer,0.0,
2026-09-22,5,219,J.Rak-Sakyi,CRY,MID,0.0,3,0.0,3.0,0.0,0.0,3.0,0.0,0.0,,Benchwarmer,0.0,
2026-09-22,5,220,Cardines,CRY,DEF,0.0,3,0.0,3.0,0.0,0.0,3.0,0.0,0.0,,Benchwarmer,0.0,
2026-09-22,5,221,Drakes-Thomas,CRY,MID,,3,0.0,3.0,0.0,0.0,3.0,0.0,0.0,,Benchwarmer,0.0,
2026-09-22,5,222,Strand Larsen,CRY,FWD,,3,2.0,3.0,0.667,2.0,3.0,0.667,3.0,69.7,Rotation risk,0.667,
2026-09-22,5,223,Mateta,CRY,FWD,0.0,3,0.0,3.0,0.0,0.0,3.0,0.0,0.0,,Benchwarmer,0.0,
2026-09-22,5,224,Nketiah,CRY,FWD,100.0,3,1.0,3.0,0.333,1.0,3.0,0.333,2.0,26.5,Bench,0.467,
2026-09-22,5,225,Uche,CRY,FWD,0.0,3,0.0,3.0,0.0,0.0,3.0,0.0,0.0,,Benchwarmer,0.0,
2026-09-22,5,226,Pickford,EVE,GKP,,3,3.0,3.0,1.0,3.0,3.0,1.0,3.0,90.0,Nailed,1.0,
2026-09-22,5,227,Travers,EVE,GKP,,3,0.0,3.0,0.0,0.0,3.0,0.0,0.0,,Benchwarmer,0.0,
2026-09-22,5,228,King,EVE,GKP,,3,0.0,3.0,0.0,0.0,3.0,0.0,0.0,,Benchwarmer,0.0,
2026-09-22,5,229,Tarkowski,EVE,DEF,,3,3.0,3.0,1.0,3.0,3.0,1.0,3.0,90.0,Nailed,1.0,
2026-09-22,5,230,Branthwaite,EVE,DEF,,3,3.0,3.0,1.0,3.0,3.0,1.0,3.0,90.0,Nailed,1.0,
2026-09-22,5,231,Keane,EVE,DEF,,3,0.0,3.0,0.0,0.0,3.0,0.0,0.0,,Benchwarmer,0.0,
2026-09-22,5,232,O'Brien,EVE,DEF,,3,0.0,3.0,0.0,0.0,3.0,0.0,1.0,16.0,Bench,0.0,
2026-09-22,5,233,Mykolenko,EVE,DEF,,3,3.0,3.0,1.0,3.0,3.0,1.0,3.0,90.0,Nailed,1.0,
2026-09-22,5,234,Patterson,EVE,DEF,0.0,3,0.0,3.0,0.0,0.0,3.0,0.0,0.0,,Benchwarmer,0.0,
2026-09-22,5,235,Aznou,EVE,DEF,0.0,3,0.0,3.0,0.0,0.0,3.0,0.0,0.0,,Benchwarmer,0.0,
2026-09-22,5,236,Dewsbury-Hall,EVE,MID,,3,3.0,3.0,1.0,3.0,3.0,1.0,3.0,90.0,Nailed,1.0,
2026-09-22,5,237,Ndiaye,MCI,MID,,3,2.0,3.0,0.667,2.0,3.0,0.667,2.0,102.5,Rotation risk,0.667,
2026-09-22,5,238,Grealish,EVE,MID,100.0,3,1.0,3.0,0.333,1.0,3.0,0.333,2.0,63.5,Bench,0.467,
2026-09-22,5,239,Garner,EVE,MID,100.0,3,3.0,3.0,1.0,3.0,3.0,1.0,3.0,85.3,Nailed,1.0,
2026-09-22,5,240,Iroegbunam,HUL,MID,100.0,3,0.0,3.0,0.0,0.0,3.0,0.0,1.0,66.0,Bench,0.2,
2026-09-22,5,241,McNeil,CRY,MID,,3,0.0,3.0,0.0,0.0,3.0,0.0,0.0,,Benchwarmer,0.0,
2026-09-22,5,242,George,EVE,MID,,3,2.0,3.0,0.667,2.0,3.0,0.667,2.0,82.5,Rotation risk,0.667,
2026-09-22,5,243,Alcaraz,EVE,MID,,3,0.0,3.0,0.0,0.0,3.0,0.0,0.0,,Benchwarmer,0.0,
2026-09-22,5,244,Armstrong,EVE,MID,100.0,3,3.0,3.0,1.0,3.0,3.0,1.0,3.0,90.0,Nailed,1.0,
2026-09-22,5,245,Dibling,EVE,MID,,3,0.0,3.0,0.0,0.0,3.0,0.0,1.0,24.0,Bench,0.0,
2026-09-22,5,246,Röhl,EVE,MID,0.0,3,1.0,3.0,0.333,1.0,3.0,0.333,1.0,74.0,Bench,0.267,
2026-09-22,5,247,Hackney,EVE,MID,100.0,3,0.0,3.0,0.0,0.0,3.0,0.0,2.0,15.5,Bench,0.2,
2026-09-22,5,248,Beto,EVE,FWD,0.0,3,0.0,3.0,0.0,0.0,3.0,0.0,0.0,,Benchwarmer,0.0,
2026-09-22,5,249,Barry,EVE,FWD,,3,3.0,3.0,1.0,3.0,3.0,1.0,3.0,90.0,Nailed,1.0,
2026-09-22,5,250,Leno,FUL,GKP,,3,3.0,3.0,1.0,3.0,3.0,1.0,3.0,90.0,Nailed,1.0,
2026-09-22,5,251,Lecomte,FUL,GKP,,3,0.0,3.0,0.0,0.0,3.0,0.0,0.0,,Benchwarmer,0.0,
2026-09-22,5,252,McNally,FUL,GKP,0.0,3,0.0,3.0,0.0,0.0,3.0,0.0,0.0,,Benchwarmer,0.0,
2026-09-22,5,253,Andersen,FUL,DEF,100.0,3,1.0,3.0,0.333,1.0,3.0,0.333,2.0,50.0,Bench,0.467,
2026-09-22,5,254,Robinson,FUL,DEF,,3,3.0,3.0,1.0,3.0,3.0,1.0,3.0,86.0,Nailed,1.0,
2026-09-22,5,255,J.Cuenca,FUL,DEF,,3,0.0,3.0,0.0,0.0,3.0,0.0,0.0,,Benchwarmer,0.0,
2026-09-22,5,256,Tete,FUL,DEF,100.0,3,0.0,3.0,0.0,0.0,3.0,0.0,1.0,27.0,Bench,0.2,
2026-09-22,5,257,Bassey,FUL,DEF,,3,3.0,3.0,1.0,3.0,3.0,1.0,3.0,90.0,Nailed,1.0,
2026-09-22,5,258,Castagne,FUL,DEF,,3,3.0,3.0,1.0,3.0,3.0,1.0,3.0,83.7,Nailed,1.0,
2026-09-22,5,259,Diop,IPS,DEF,,3,3.0,3.0,1.0,3.0,3.0,1.0,3.0,90.0,Nailed,1.0,
2026-09-22,5,260,Wilson,LEE,MID,0.0,3,0.0,3.0,0.0,0.0,3.0,0.0,2.0,17.5,Bench,0.0,
2026-09-22,5,261,Iwobi,FUL,MID,,3,3.0,3.0,1.0,3.0,3.0,1.0,3.0,76.0,Nailed,1.0,
2026-09-22,5,262,Smith Rowe,FUL,MID,,3,0.0,3.0,0.0,0.0,3.0,0.0,2.0,12.0,Bench,0.0,
2026-09-22,5,263,Kevin,FUL,MID,,3,0.0,3.0,0.0,0.0,3.0,0.0,1.0,37.0,Bench,0.0,
2026-09-22,5,264,Bobb,FUL,MID,,3,3.0,3.0,1.0,3.0,3.0,1.0,3.0,70.0,Nailed,1.0,
2026-09-22,5,265,Berge,FUL,MID,,3,2.0,3.0,0.667,2.0,3.0,0.667,3.0,65.0,Rotation risk,0.667,
2026-09-22,5,266,Cairney,FUL,MID,0.0,3,0.0,3.0,0.0,0.0,3.0,0.0,0.0,,Benchwarmer,0.0,
2026-09-22,5,267,Lukić,IPS,MID,,3,3.0,3.0,1.0,3.0,3.0,1.0,3.0,79.3,Nailed,1.0,
2026-09-22,5,268,King,FUL,MID,,3,3.0,3.0,1.0,3.0,3.0,1.0,3.0,81.7,Nailed,1.0,
2026-09-22,5,269,Sessegnon,FUL,DEF,100.0,3,0.0,3.0,0.0,0.0,3.0,0.0,1.0,11.0,Bench,0.2,
2026-09-22,5,270,Reed,FUL,MID,,3,0.0,3.0,0.0,0.0,3.0,0.0,0.0,,Benchwarmer,0.0,
2026-09-22,5,271,Muniz,FUL,FWD,,3,0.0,3.0,0.0,0.0,3.0,0.0,2.0,15.0,Bench,0.0,
2026-09-22,5,272,Kusi-Asare,FUL,FWD,,3,0.0,3.0,0.0,0.0,3.0,0.0,0.0,,Benchwarmer,0.0,
2026-09-22,5,273,Phillips,HUL,GKP,,3,0.0,3.0,0.0,0.0,3.0,0.0,0.0,,Benchwarmer,0.0,
2026-09-22,5,274,Butland,HUL,GKP,0.0,3,0.0,3.0,0.0,0.0,3.0,0.0,0.0,,Benchwarmer,0.0,
2026-09-22,5,275,Cartwright,HUL,GKP,0.0,3,0.0,3.0,0.0,0.0,3.0,0.0,0.0,,Benchwarmer,0.0,
2026-09-22,5,276,Lo-Tutala,HUL,GKP,0.0,3,0.0,3.0,0.0,0.0,3.0,0.0,0.0,,Benchwarmer,0.0,
2026-09-22,5,277,Egan,HUL,DEF,,3,3.0,3.0,1.0,3.0,3.0,1.0,3.0,85.7,Nailed,1.0,
2026-09-22,5,278,Hughes,HUL,DEF,0.0,3,0.0,3.0,0.0,0.0,3.0,0.0,0.0,,Benchwarmer,0.0,
2026-09-22,5,279,Ajayi,HUL,DEF,100.0,3,3.0,3.0,1.0,3.0,3.0,1.0,3.0,90.0,Nailed,1.0,
2026-09-22,5,280,Coyle,HUL,DEF,100.0,3,3.0,3.0,1.0,3.0,3.0,1.0,3.0,78.0,Nailed,1.0,
2026-09-22,5,281,Drameh,HUL,DEF,0.0,3,0.0,3.0,0.0,0.0,3.0,0.0,0.0,,Benchwarmer,0.0,
2026-09-22,5,282,Giles,HUL,DEF,,3,3.0,3.0,1.0,3.0,3.0,1.0,3.0,90.0,Nailed,1.0,
2026-09-22,5,283,Jacob,HUL,DEF,0.0,3,0.0,3.0,0.0,0.0,3.0,0.0,0.0,,Benchwarmer,0.0,
2026-09-22,5,284,McCarthy,HUL,DEF,,3,0.0,3.0,0.0,0.0,3.0,0.0,0.0,,Benchwarmer,0.0,
2026-09-22,5,285,McNair,HUL,DEF,100.0,3,0.0,3.0,0.0,0.0,3.0,0.0,0.0,,Benchwarmer,0.2,
2026-09-22,5,286,Belloumi,HUL,MID,,3,3.0,3.0,1.0,3.0,3.0,1.0,3.0,74.0,Nailed,1.0,
2026-09-22,5,287,Millar,HUL,MID,0.0,3,0.0,3.0,0.0,0.0,3.0,0.0,0.0,,Benchwarmer,0.0,
2026-09-22,5,288,Dowell,HUL,MID,,3,0.0,3.0,0.0,0.0,3.0,0.0,0.0,,Benchwarmer,0.0,
2026-09-22,5,289,Crooks,HUL,MID,100.0,3,2.0,3.0,0.667,2.0,3.0,0.667,2.0,56.5,Rotation risk,0.733,
2026-09-22,5,290,Slater,HUL,MID,,3,3.0,3.0,1.0,3.0,3.0,1.0,3.0,85.7,Nailed,1.0,
2026-09-22,5,291,Matazo,HUL,MID,0.0,3,0.0,3.0,0.0,0.0,3.0,0.0,0.0,,Benchwarmer,0.0,
2026-09-22,5,292,Ömür,HUL,MID,,3,0.0,3.0,0.0,0.0,3.0,0.0,0.0,,Benchwarmer,0.0,
2026-09-22,5,293,Kamara,HUL,MID,0.0,3,0.0,3.0,0.0,0.0,3.0,0.0,0.0,,Benchwarmer,0.0,
2026-09-22,5,294,Zambrano,HUL,MID,100.0,3,0.0,3.0,0.0,0.0,3.0,0.0,0.0,,Benchwarmer,0.2,
2026-09-22,5,295,McBurnie,HUL,FWD,,3,3.0,3.0,1.0,3.0,3.0,1.0,3.0,87.0,Nailed,1.0,
2026-09-22,5,296,Akintola,HUL,MID,0.0,3,0.0,3.0,0.0,0.0,3.0,0.0,0.0,,Benchwarmer,0.0,
2026-09-22,5,297,Gyabi,HUL,MID,0.0,3,0.0,3.0,0.0,0.0,3.0,0.0,0.0,,Benchwarmer,0.0,
2026-09-22,5,298,Destan,HUL,FWD,0.0,3,0.0,3.0,0.0,0.0,3.0,0.0,0.0,,Benchwarmer,0.0,
2026-09-22,5,299,Burstow,HUL,FWD,0.0,3,0.0,3.0,0.0,0.0,3.0,0.0,0.0,,Benchwarmer,0.0,
2026-09-22,5,300,Walton,IPS,GKP,,3,1.0,3.0,0.333,1.0,3.0,0.333,1.0,90.0,Bench,0.333,
2026-09-22,5,301,Palmer,IPS,GKP,,3,0.0,3.0,0.0,0.0,3.0,0.0,0.0,,Benchwarmer,0.0,
2026-09-22,5,302,Button,IPS,GKP,,3,0.0,3.0,0.0,0.0,3.0,0.0,0.0,,Benchwarmer,0.0,
2026-09-22,5,303,Kipré,IPS,DEF,,3,0.0,3.0,0.0,0.0,3.0,0.0,0.0,,Benchwarmer,0.0,
2026-09-22,5,304,O'Shea,IPS,DEF,,3,3.0,3.0,1.0,3.0,3.0,1.0,3.0,90.0,Nailed,1.0,
2026-09-22,5,305,Davis,IPS,DEF,,3,3.0,3.0,1.0,3.0,3.0,1.0,3.0,90.0,Nailed,1.0,
2026-09-22,5,306,Greaves,IPS,DEF,,3,2.0,3.0,0.667,2.0,3.0,0.667,2.0,88.5,Rotation risk,0.667,
2026-09-22,5,307,Johnson,IPS,DEF,0.0,3,0.0,3.0,0.0,0.0,3.0,0.0,0.0,,Benchwarmer,0.0,
2026-09-22,5,308,Furlong,IPS,DEF,,3,0.0,3.0,0.0,0.0,3.0,0.0,0.0,,Benchwarmer,0.0,
2026-09-22,5,309,Núñez,IPS,MID,,3,0.0,3.0,0.0,0.0,3.0,0.0,0.0,,Benchwarmer,0.0,
2026-09-22,5,310,Matusiwa,IPS,MID,100.0,3,0.0,3.0,0.0,0.0,3.0,0.0,0.0,,Benchwarmer,0.2,
2026-09-22,5,311,Burns,IPS,MID,0.0,3,0.0,3.0,0.0,0.0,3.0,0.0,0.0,,Benchwarmer,0.0,
2026-09-22,5,312,Taylor,IPS,MID,0.0,3,0.0,3.0,0.0,0.0,3.0,0.0,0.0,,Benchwarmer,0.0,
2026-09-22,5,313,Clarke,IPS,MID,,3,2.0,3.0,0.667,2.0,3.0,0.667,3.0,50.3,Rotation risk,0.667,
2026-09-22,5,314,Ogbene,IPS,MID,0.0,3,0.0,3.0,0.0,0.0,3.0,0.0,0.0,,Benchwarmer,0.0,
2026-09-22,5,315,Fatawu,IPS,MID,0.0,3,3.0,3.0,1.0,3.0,3.0,1.0,3.0,68.3,Nailed,0.8,
2026-09-22,5,316,Emersonn,IPS,FWD,100.0,3,3.0,3.0,1.0,3.0,3.0,1.0,3.0,69.0,Nailed,1.0,
2026-09-22,5,317,Hirst,IPS,FWD,0.0,3,0.0,3.0,0.0,0.0,3.0,0.0,0.0,,Benchwarmer,0.0,
2026-09-22,5,318,Philogene,IPS,MID,100.0,3,0.0,3.0,0.0,0.0,3.0,0.0,1.0,52.0,Bench,0.2,
2026-09-22,5,319,Szmodics,IPS,MID,0.0,3,0.0,3.0,0.0,0.0,3.0,0.0,0.0,,Benchwarmer,0.0,
2026-09-22,5,320,Akpom,IPS,FWD,,3,0.0,3.0,0.0,0.0,3.0,0.0,1.0,9.0,Bench,0.0,
2026-09-22,5,321,Walle Egeli,IPS,FWD,,3,0.0,3.0,0.0,0.0,3.0,0.0,0.0,,Benchwarmer,0.0,
2026-09-22,5,322,Al-Hamadi,IPS,FWD,0.0,3,0.0,3.0,0.0,0.0,3.0,0.0,0.0,,Benchwarmer,0.0,
2026-09-22,5,323,McAteer,IPS,MID,,3,0.0,3.0,0.0,0.0,3.0,0.0,1.0,11.0,Bench,0.0,
2026-09-22,5,324,Mehmeti,IPS,MID,,3,0.0,3.0,0.0,0.0,3.0,0.0,0.0,,Benchwarmer,0.0,
2026-09-22,5,325,Darlow,MUN,GKP,75.0,3,0.0,3.0,0.0,0.0,3.0,0.0,0.0,,Benchwarmer,0.15,
2026-09-22,5,326,Perri,LEE,GKP,0.0,3,0.0,3.0,0.0,0.0,3.0,0.0,0.0,,Benchwarmer,0.0,
2026-09-22,5,327,Bijol,LEE,DEF,,3,0.0,3.0,0.0,0.0,3.0,0.0,1.0,29.0,Bench,0.0,
2026-09-22,5,328,Struijk,BHA,DEF,75.0,3,1.0,3.0,0.333,1.0,3.0,0.333,2.0,49.0,Bench,0.417,
2026-09-22,5,329,Rodon,LEE,DEF,0.0,3,0.0,3.0,0.0,0.0,3.0,0.0,0.0,,Benchwarmer,0.0,
2026-09-22,5,330,Bogle,LEE,DEF,,3,3.0,3.0,1.0,3.0,3.0,1.0,3.0,69.3,Nailed,1.0,
2026-09-22,5,331,Gudmundsson,LEE,DEF,100.0,3,3.0,3.0,1.0,3.0,3.0,1.0,3.0,84.0,Nailed,1.0,
2026-09-22,5,332,Justin,LEE,DEF,,3,3.0,3.0,1.0,3.0,3.0,1.0,3.0,90.0,Nailed,1.0,
2026-09-22,5,333,Bornauw,LEE,DEF,0.0,3,0.0,3.0,0.0,0.0,3.0,0.0,0.0,,Benchwarmer,0.0,
2026-09-22,5,334,Muharemović,LEE,DEF,,3,3.0,3.0,1.0,3.0,3.0,1.0,3.0,90.0,Nailed,1.0,
2026-09-22,5,335,Stach,LEE,MID,,3,3.0,3.0,1.0,3.0,3.0,1.0,3.0,89.0,Nailed,1.0,
2026-09-22,5,336,Okafor,LEE,MID,,3,3.0,3.0,1.0,3.0,3.0,1.0,3.0,69.0,Nailed,1.0,
2026-09-22,5,337,Aaronson,LEE,MID,,3,0.0,3.0,0.0,0.0,3.0,0.0,2.0,34.0,Bench,0.0,
2026-09-22,5,338,Ampadu,LEE,MID,,3,3.0,3.0,1.0,3.0,3.0,1.0,3.0,90.0,Nailed,1.0,
2026-09-22,5,339,Longstaff,LEE,MID,,3,0.0,3.0,0.0,0.0,3.0,0.0,1.0,2.0,Bench,0.0,
2026-09-22,5,340,Gelhardt,HUL,MID,100.0,3,0.0,3.0,0.0,0.0,3.0,0.0,1.0,7.0,Bench,0.2,
2026-09-22,5,341,Gnonto,LEE,MID,0.0,3,0.0,3.0,0.0,0.0,3.0,0.0,0.0,,Benchwarmer,0.0,
2026-09-22,5,342,Harrison,LEE,MID,0.0,3,0.0,3.0,0.0,0.0,3.0,0.0,0.0,,Benchwarmer,0.0,
2026-09-22,5,343,James,LEE,MID,,3,0.0,3.0,0.0,0.0,3.0,0.0,1.0,30.0,Bench,0.0,
2026-09-22,5,344,Gruev,LEE,MID,100.0,3,0.0,3.0,0.0,0.0,3.0,0.0,0.0,,Benchwarmer,0.2,
2026-09-22,5,345,Tanaka,LEE,MID,,3,3.0,3.0,1.0,3.0,3.0,1.0,3.0,70.0,Nailed,1.0,
2026-09-22,5,346,Calvert-Lewin,LEE,FWD,,3,3.0,3.0,1.0,3.0,3.0,1.0,3.0,79.7,Nailed,1.0,
2026-09-22,5,347,Nmecha,LEE,FWD,,3,0.0,3.0,0.0,0.0,3.0,0.0,2.0,21.5,Bench,0.0,
2026-09-22,5,348,Piroe,LEE,FWD,0.0,3,0.0,3.0,0.0,0.0,3.0,0.0,0.0,,Benchwarmer,0.0,
2026-09-22,5,349,Mateo Joseph,LEE,FWD,0.0,3,0.0,3.0,0.0,0.0,3.0,0.0,0.0,,Benchwarmer,0.0,
2026-09-22,5,350,A.Becker,LIV,GKP,,3,3.0,3.0,1.0,3.0,3.0,1.0,3.0,90.0,Nailed,1.0,
2026-09-22,5,351,Mamardashvili,LIV,GKP,,3,0.0,3.0,0.0,0.0,3.0,0.0,0.0,,Benchwarmer,0.0,
2026-09-22,5,352,Woodman,LIV,GKP,,3,0.0,3.0,0.0,0.0,3.0,0.0,0.0,,Benchwarmer,0.0,
2026-09-22,5,353,Pecsi,LIV,GKP,0.0,3,0.0,3.0,0.0,0.0,3.0,0.0,0.0,,Benchwarmer,0.0,
2026-09-22,5,354,Jaros,LIV,GKP,0.0,3,0.0,3.0,0.0,0.0,3.0,0.0,0.0,,Benchwarmer,0.0,
2026-09-22,5,355,Davies,LIV,GKP,,3,0.0,3.0,0.0,0.0,3.0,0.0,0.0,,Benchwarmer,0.0,
2026-09-22,5,356,Virgil,LIV,DEF,,3,3.0,3.0,1.0,3.0,3.0,1.0,3.0,90.0,Nailed,1.0,
2026-09-22,5,357,Frimpong,LIV,DEF,,3,0.0,3.0,0.0,0.0,3.0,0.0,1.0,18.0,Bench,0.0,
2026-09-22,5,358,Kerkez,LIV,DEF,,3,2.0,3.0,0.667,2.0,3.0,0.667,2.0,112.5,Rotation risk,0.667,
2026-09-22,5,359,Gomez,LIV,DEF,100.0,3,0.0,3.0,0.0,0.0,3.0,0.0,0.0,,Benchwarmer,0.2,
2026-09-22,5,360,Bradley,LIV,DEF,0.0,3,0.0,3.0,0.0,0.0,3.0,0.0,0.0,,Benchwarmer,0.0,
2026-09-22,5,361,Lucky,LIV,DEF,,3,0.0,3.0,0.0,0.0,3.0,0.0,0.0,,Benchwarmer,0.0,
2026-09-22,5,362,Jacquet,LIV,DEF,100.0,3,3.0,3.0,1.0,3.0,3.0,1.0,3.0,90.0,Nailed,1.0,
2026-09-22,5,363,Leoni,LIV,DEF,0.0,3,0.0,3.0,0.0,0.0,3.0,0.0,0.0,,Benchwarmer,0.0,
2026-09-22,5,364,Tsimikas,LIV,DEF,,3,1.0,3.0,0.333,1.0,3.0,0.333,1.0,45.0,Bench,0.333,
2026-09-22,5,365,Ramsay,LIV,DEF,0.0,3,0.0,3.0,0.0,0.0,3.0,0.0,0.0,,Benchwarmer,0.0,
2026-09-22,5,366,Wirtz,LIV,MID,,3,3.0,3.0,1.0,3.0,3.0,1.0,3.0,83.3,Nailed,1.0,
2026-09-22,5,367,Gakpo,LIV,MID,100.0,3,2.0,3.0,0.667,2.0,3.0,0.667,2.0,105.0,Rotation risk,0.733,
2026-09-22,5,368,Szoboszlai,LIV,MID,,3,3.0,3.0,1.0,3.0,3.0,1.0,3.0,86.7,Nailed,1.0,
2026-09-22,5,369,Ngumoha,LIV,MID,,3,0.0,3.0,0.0,0.0,3.0,0.0,1.0,18.0,Bench,0.0,
2026-09-22,5,370,Chiesa,LIV,MID,0.0,3,0.0,3.0,0.0,0.0,3.0,0.0,0.0,,Benchwarmer,0.0,
2026-09-22,5,371,Gravenberch,LIV,MID,,3,1.0,3.0,0.333,1.0,3.0,0.333,2.0,47.0,Bench,0.333,
2026-09-22,5,372,Mac Allister,LIV,MID,,3,2.0,3.0,0.667,2.0,3.0,0.667,2.0,101.5,Rotation risk,0.667,
2026-09-22,5,373,C.Jones,LIV,MID,0.0,3,0.0,3.0,0.0,0.0,3.0,0.0,0.0,,Benchwarmer,0.0,
2026-09-22,5,374,Endo,LIV,MID,100.0,3,0.0,3.0,0.0,0.0,3.0,0.0,0.0,,Benchwarmer,0.2,
2026-09-22,5,375,Nyoni,LIV,MID,,3,0.0,3.0,0.0,0.0,3.0,0.0,2.0,12.5,Bench,0.0,
2026-09-22,5,376,Bajcetic,LIV,MID,0.0,3,0.0,3.0,0.0,0.0,3.0,0.0,0.0,,Benchwarmer,0.0,
2026-09-22,5,377,Munoz,LIV,MID,,3,2.0,3.0,0.667,2.0,3.0,0.667,2.0,70.0,Rotation risk,0.667,
2026-09-22,5,378,McConnell,LIV,MID,,3,0.0,3.0,0.0,0.0,3.0,0.0,0.0,,Benchwarmer,0.0,
2026-09-22,5,379,Isak,LIV,FWD,,3,3.0,3.0,1.0,3.0,3.0,1.0,3.0,77.7,Nailed,1.0,
2026-09-22,5,380,Ekitiké,LIV,FWD,0.0,3,0.0,3.0,0.0,0.0,3.0,0.0,0.0,,Benchwarmer,0.0,
2026-09-22,5,381,Koumas,LIV,MID,,3,0.0,3.0,0.0,0.0,3.0,0.0,2.0,5.0,Bench,0.0,
2026-09-22,5,382,Danns,LIV,FWD,100.0,3,0.0,3.0,0.0,0.0,3.0,0.0,0.0,,Benchwarmer,0.2,
2026-09-22,5,383,Elliott,LIV,MID,0.0,3,0.0,3.0,0.0,0.0,3.0,0.0,0.0,,Benchwarmer,0.0,
2026-09-22,5,384,Donnarumma,MCI,GKP,,3,3.0,3.0,1.0,3.0,3.0,1.0,3.0,90.0,Nailed,1.0,
2026-09-22,5,385,Trafford,LEE,GKP,,3,3.0,3.0,1.0,3.0,3.0,1.0,3.0,90.0,Nailed,1.0,
2026-09-22,5,386,Bettinelli,MCI,GKP,,3,0.0,3.0,0.0,0.0,3.0,0.0,0.0,,Benchwarmer,0.0,
2026-09-22,5,387,O'Reilly,MCI,DEF,100.0,3,0.0,3.0,0.0,0.0,3.0,0.0,1.0,13.0,Bench,0.2,
2026-09-22,5,388,Guéhi,MCI,DEF,,3,3.0,3.0,1.0,3.0,3.0,1.0,3.0,90.0,Nailed,1.0,
2026-09-22,5,389,Matheus N.,MCI,DEF,100.0,3,2.0,3.0,0.667,2.0,3.0,0.667,2.0,90.0,Rotation risk,0.733,
2026-09-22,5,390,Rúben,MCI,DEF,,3,3.0,3.0,1.0,3.0,3.0,1.0,3.0,90.0,Nailed,1.0,
2026-09-22,5,391,Gvardiol,MCI,DEF,,3,3.0,3.0,1.0,3.0,3.0,1.0,3.0,90.0,Nailed,1.0,
2026-09-22,5,392,Aït-Nouri,MCI,DEF,,3,0.0,3.0,0.0,0.0,3.0,0.0,0.0,,Benchwarmer,0.0,
2026-09-22,5,393,Khusanov,MCI,DEF,,3,1.0,3.0,0.333,1.0,3.0,0.333,1.0,90.0,Bench,0.333,
2026-09-22,5,394,Alleyne,MCI,DEF,0.0,3,0.0,3.0,0.0,0.0,3.0,0.0,0.0,,Benchwarmer,0.0,
2026-09-22,5,395,Lewis,MCI,DEF,,3,0.0,3.0,0.0,0.0,3.0,0.0,0.0,,Benchwarmer,0.0,
2026-09-22,5,396,Vitor Reis,MCI,DEF,,3,0.0,3.0,0.0,0.0,3.0,0.0,0.0,,Benchwarmer,0.0,
2026-09-22,5,397,Semenyo,MCI,MID,,3,3.0,3.0,1.0,3.0,3.0,1.0,3.0,90.0,Nailed,1.0,
2026-09-22,5,398,Foden,MCI,MID,0.0,3,1.0,3.0,0.333,1.0,3.0,0.333,2.0,23.0,Bench,0.267,
2026-09-22,5,399,Cherki,MCI,MID,,3,3.0,3.0,1.0,3.0,3.0,1.0,3.0,64.7,Nailed,1.0,
2026-09-22,5,400,Doku,MCI,MID,100.0,3,0.0,3.0,0.0,0.0,3.0,0.0,1.0,15.0,Bench,0.2,
2026-09-22,5,401,Marmoush,TOT,FWD,,3,3.0,3.0,1.0,3.0,3.0,1.0,3.0,83.0,Nailed,1.0,
2026-09-22,5,402,Rodrigo,MCI,MID,0.0,3,0.0,3.0,0.0,0.0,3.0,0.0,0.0,,Benchwarmer,0.0,
2026-09-22,5,403,Sávio,TOT,MID,100.0,3,3.0,3.0,1.0,3.0,3.0,1.0,3.0,80.0,Nailed,1.0,
2026-09-22,5,404,Reijnders,MCI,MID,0.0,3,0.0,3.0,0.0,0.0,3.0,0.0,0.0,,Benchwarmer,0.0,
2026-09-22,5,405,N.Gonzalez,NEW,MID,100.0,3,2.0,3.0,0.667,2.0,3.0,0.667,2.0,47.0,Rotation risk,0.733,
2026-09-22,5,406,Kovačić,MCI,MID,,3,0.0,3.0,0.0,0.0,3.0,0.0,0.0,,Benchwarmer,0.0,
2026-09-22,5,407,Echeverri,MCI,MID,0.0,3,0.0,3.0,0.0,0.0,3.0,0.0,0.0,,Benchwarmer,0.0,
2026-09-22,5,408,Phillips,MCI,MID,0.0,3,0.0,3.0,0.0,0.0,3.0,0.0,0.0,,Benchwarmer,0.0,
2026-09-22,5,409,Mukasa,MCI,MID,0.0,3,0.0,3.0,0.0,0.0,3.0,0.0,0.0,,Benchwarmer,0.0,
2026-09-22,5,410,Monga,MCI,MID,0.0,3,0.0,3.0,0.0,0.0,3.0,0.0,0.0,,Benchwarmer,0.0,
2026-09-22,5,411,Haaland,MCI,FWD,,3,3.0,3.0,1.0,3.0,3.0,1.0,3.0,90.0,Nailed,1.0,
2026-09-22,5,412,Lammens,MUN,GKP,,3,3.0,3.0,1.0,3.0,3.0,1.0,3.0,90.0,Nailed,1.0,
2026-09-22,5,413,Bayindir,MUN,GKP,0.0,3,0.0,3.0,0.0,0.0,3.0,0.0,0.0,,Benchwarmer,0.0,
2026-09-22,5,414,Heaton,MUN,GKP,0.0,3,0.0,3.0,0.0,0.0,3.0,0.0,0.0,,Benchwarmer,0.0,
2026-09-22,5,415,Dorgu,MUN,MID,,3,1.0,3.0,0.333,1.0,3.0,0.333,2.0,58.0,Bench,0.333,
2026-09-22,5,416,De Ligt,MUN,DEF,0.0,3,0.0,3.0,0.0,0.0,3.0,0.0,0.0,,Benchwarmer,0.0,
2026-09-22,5,417,Dalot,MUN,DEF,,3,3.0,3.0,1.0,3.0,3.0,1.0,3.0,87.7,Nailed,1.0,
2026-09-22,5,418,Maguire,MUN,DEF,,3,3.0,3.0,1.0,3.0,3.0,1.0,3.0,90.0,Nailed,1.0,
2026-09-22,5,419,Martinez,MUN,DEF,100.0,3,3.0,3.0,1.0,3.0,3.0,1.0,3.0,90.0,Nailed,1.0,
2026-09-22,5,420,Yoro,MUN,DEF,,3,0.0,3.0,0.0,0.0,3.0,0.0,1.0,6.0,Bench,0.0,
2026-09-22,5,421,Heaven,MUN,DEF,,3,0.0,3.0,0.0,0.0,3.0,0.0,0.0,,Benchwarmer,0.0,
2026-09-22,5,422,Mazraoui,MUN,DEF,,3,0.0,3.0,0.0,0.0,3.0,0.0,1.0,1.0,Bench,0.0,
2026-09-22,5,423,Shaw,MUN,DEF,100.0,3,2.0,3.0,0.667,2.0,3.0,0.667,2.0,86.5,Rotation risk,0.733,
2026-09-22,5,424,Amass,MUN,DEF,,3,0.0,3.0,0.0,0.0,3.0,0.0,0.0,,Benchwarmer,0.0,
2026-09-22,5,425,Fredricson,MUN,DEF,0.0,3,0.0,3.0,0.0,0.0,3.0,0.0,0.0,,Benchwarmer,0.0,
2026-09-22,5,426,B.Fernandes,MUN,MID,,3,3.0,3.0,1.0,3.0,3.0,1.0,3.0,90.0,Nailed,1.0,
2026-09-22,5,427,Mbeumo,MUN,MID,,3,3.0,3.0,1.0,3.0,3.0,1.0,3.0,90.0,Nailed,1.0,
2026-09-22,5,428,Cunha,MUN,MID,,3,3.0,3.0,1.0,3.0,3.0,1.0,3.0,83.0,Nailed,1.0,
2026-09-22,5,429,Rashford,MUN,MID,75.0,3,3.0,3.0,1.0,3.0,3.0,1.0,3.0,75.7,Nailed,0.95,
2026-09-22,5,430,Mount,MUN,MID,100.0,3,0.0,3.0,0.0,0.0,3.0,0.0,1.0,10.0,Bench,0.2,
2026-09-22,5,431,Amad,MUN,MID,0.0,3,0.0,3.0,0.0,0.0,3.0,0.0,0.0,,Benchwarmer,0.0,
2026-09-22,5,432,Mainoo,MUN,MID,75.0,3,3.0,3.0,1.0,3.0,3.0,1.0,3.0,84.0,Nailed,0.95,
2026-09-22,5,433,Ugarte,MUN,MID,0.0,3,0.0,3.0,0.0,0.0,3.0,0.0,0.0,,Benchwarmer,0.0,
2026-09-22,5,434,J.Fletcher,MUN,MID,,3,0.0,3.0,0.0,0.0,3.0,0.0,0.0,,Benchwarmer,0.0,
2026-09-22,5,435,Lacey,MUN,MID,,3,0.0,3.0,0.0,0.0,3.0,0.0,0.0,,Benchwarmer,0.0,
2026-09-22,5,436,Collyer,MUN,MID,0.0,3,0.0,3.0,0.0,0.0,3.0,0.0,0.0,,Benchwarmer,0.0,
2026-09-22,5,437,Bendito Mantato,MUN,MID,,3,0.0,3.0,0.0,0.0,3.0,0.0,0.0,,Benchwarmer,0.0,
2026-09-22,5,438,Fletcher,MUN,MID,,3,0.0,3.0,0.0,0.0,3.0,0.0,0.0,,Benchwarmer,0.0,
2026-09-22,5,439,Šeško,MUN,FWD,75.0,3,0.0,3.0,0.0,0.0,3.0,0.0,2.0,21.5,Bench,0.15,
2026-09-22,5,440,Zirkzee,MUN,FWD,,3,0.0,3.0,0.0,0.0,3.0,0.0,1.0,20.0,Bench,0.0,
2026-09-22,5,441,Obi,MUN,FWD,0.0,3,0.0,3.0,0.0,0.0,3.0,0.0,0.0,,Benchwarmer,0.0,
2026-09-22,5,442,Pope,NEW,GKP,,3,0.0,3.0,0.0,0.0,3.0,0.0,0.0,,Benchwarmer,0.0,
2026-09-22,5,443,Gillespie,NEW,GKP,,3,0.0,3.0,0.0,0.0,3.0,0.0,0.0,,Benchwarmer,0.0,
2026-09-22,5,444,Jaouen,NEW,GKP,50.0,3,0.0,3.0,0.0,0.0,3.0,0.0,0.0,,Benchwarmer,0.1,
2026-09-22,5,445,Thiaw,NEW,DEF,,3,3.0,3.0,1.0,3.0,3.0,1.0,3.0,90.0,Nailed,1.0,
2026-09-22,5,446,Schär,NEW,DEF,100.0,3,0.0,3.0,0.0,0.0,3.0,0.0,1.0,24.0,Bench,0.2,
2026-09-22,5,447,Botman,NEW,DEF,,3,3.0,3.0,1.0,3.0,3.0,1.0,3.0,90.0,Nailed,1.0,
2026-09-22,5,448,Burn,NEW,DEF,0.0,3,0.0,3.0,0.0,0.0,3.0,0.0,0.0,,Benchwarmer,0.0,
2026-09-22,5,449,Hall,NEW,DEF,,3,3.0,3.0,1.0,3.0,3.0,1.0,3.0,89.7,Nailed,1.0,
2026-09-22,5,450,Livramento,NEW,DEF,75.0,3,0.0,3.0,0.0,0.0,3.0,0.0,2.0,16.5,Bench,0.15,
2026-09-22,5,451,A.Murphy,NEW,DEF,0.0,3,0.0,3.0,0.0,0.0,3.0,0.0,0.0,,Benchwarmer,0.0,
2026-09-22,5,452,Bruno G.,ARS,MID,100.0,3,1.0,3.0,0.333,1.0,3.0,0.333,1.0,104.0,Bench,0.467,
2026-09-22,5,453,Barnes,NEW,MID,,3,3.0,3.0,1.0,3.0,3.0,1.0,3.0,90.0,Nailed,1.0,
2026-09-22,5,454,Elanga,NEW,MID,0.0,3,1.0,3.0,0.333,1.0,3.0,0.333,1.0,76.0,Bench,0.267,
2026-09-22,5,455,Tonali,TOT,MID,100.0,3,3.0,3.0,1.0,3.0,3.0,1.0,3.0,87.7,Nailed,1.0,
2026-09-22,5,456,J.Ramsey,NEW,MID,0.0,3,0.0,3.0,0.0,0.0,3.0,0.0,1.0,27.0,Bench,0.0,
2026-09-22,5,457,J.Murphy,NEW,MID,,3,2.0,3.0,0.667,2.0,3.0,0.667,3.0,53.0,Rotation risk,0.667,
2026-09-22,5,458,Joelinton,NEW,MID,0.0,3,0.0,3.0,0.0,0.0,3.0,0.0,0.0,,Benchwarmer,0.0,
2026-09-22,5,459,L.Miley,NEW,MID,100.0,3,3.0,3.0,1.0,3.0,3.0,1.0,3.0,77.0,Nailed,1.0,
2026-09-22,5,460,Willock,NEW,MID,,3,2.0,3.0,0.667,2.0,3.0,0.667,2.0,90.0,Rotation risk,0.667,
2026-09-22,5,461,Touré,NEW,MID,,3,0.0,3.0,0.0,0.0,3.0,0.0,1.0,49.0,Bench,0.0,
2026-09-22,5,462,Steur,NEW,MID,,3,1.0,3.0,0.333,1.0,3.0,0.333,2.0,74.5,Bench,0.333,
2026-09-22,5,463,Woltemade,NEW,FWD,0.0,3,0.0,3.0,0.0,0.0,3.0,0.0,0.0,,Benchwarmer,0.0,
2026-09-22,5,464,Wissa,NEW,FWD,,3,3.0,3.0,1.0,3.0,3.0,1.0,3.0,90.0,Nailed,1.0,
2026-09-22,5,465,Osula,NEW,FWD,0.0,3,0.0,3.0,0.0,0.0,3.0,0.0,0.0,,Benchwarmer,0.0,
2026-09-22,5,466,Neave,NEW,FWD,0.0,3,0.0,3.0,0.0,0.0,3.0,0.0,0.0,,Benchwarmer,0.0,
2026-09-22,5,467,Sels,NFO,GKP,,3,3.0,3.0,1.0,3.0,3.0,1.0,3.0,90.0,Nailed,1.0,
2026-09-22,5,468,John,NFO,GKP,,3,0.0,3.0,0.0,0.0,3.0,0.0,0.0,,Benchwarmer,0.0,
2026-09-22,5,469,N.Williams,NFO,DEF,,3,3.0,3.0,1.0,3.0,3.0,1.0,3.0,90.0,Nailed,1.0,
2026-09-22,5,470,Morato,NFO,DEF,0.0,3,0.0,3.0,0.0,0.0,3.0,0.0,0.0,,Benchwarmer,0.0,
2026-09-22,5,471,Milenković,NFO,DEF,0.0,3,1.0,3.0,0.333,1.0,3.0,0.333,1.0,90.0,Bench,0.267,
2026-09-22,5,472,Murillo,NFO,DEF,100.0,3,3.0,3.0,1.0,3.0,3.0,1.0,3.0,89.7,Nailed,1.0,
2026-09-22,5,473,Aina,NFO,DEF,,3,2.0,3.0,0.667,2.0,3.0,0.667,2.0,74.0,Rotation risk,0.667,
2026-09-22,5,474,Jair Cunha,NFO,DEF,100.0,3,2.0,3.0,0.667,2.0,3.0,0.667,2.0,90.0,Rotation risk,0.733,
2026-09-22,5,475,Savona,NFO,DEF,0.0,3,0.0,3.0,0.0,0.0,3.0,0.0,0.0,,Benchwarmer,0.0,
2026-09-22,5,476,O.Richards,NFO,DEF,,3,0.0,3.0,0.0,0.0,3.0,0.0,0.0,,Benchwarmer,0.0,
2026-09-22,5,477,Abbott,NFO,DEF,0.0,3,0.0,3.0,0.0,0.0,3.0,0.0,0.0,,Benchwarmer,0.0,
2026-09-22,5,478,Netz,NFO,DEF,,3,0.0,3.0,0.0,0.0,3.0,0.0,1.0,7.0,Bench,0.0,
2026-09-22,5,479,Bindon,NFO,DEF,0.0,3,0.0,3.0,0.0,0.0,3.0,0.0,0.0,,Benchwarmer,0.0,
2026-09-22,5,480,Gibbs-White,NFO,MID,100.0,3,3.0,3.0,1.0,3.0,3.0,1.0,3.0,90.0,Nailed,1.0,
2026-09-22,5,481,Anderson,MCI,MID,100.0,3,3.0,3.0,1.0,3.0,3.0,1.0,3.0,90.0,Nailed,1.0,
2026-09-22,5,482,Hudson-Odoi,NFO,MID,100.0,3,0.0,3.0,0.0,0.0,3.0,0.0,0.0,,Benchwarmer,0.2,
2026-09-22,5,483,Ndoye,NFO,MID,,3,3.0,3.0,1.0,3.0,3.0,1.0,3.0,63.3,Nailed,1.0,
2026-09-22,5,484,Hutchinson,NFO,MID,0.0,3,0.0,3.0,0.0,0.0,3.0,0.0,0.0,,Benchwarmer,0.0,
2026-09-22,5,485,Bakwa,NFO,MID,0.0,3,0.0,3.0,0.0,0.0,3.0,0.0,0.0,,Benchwarmer,0.0,
2026-09-22,5,486,McAtee,NFO,MID,,3,3.0,3.0,1.0,3.0,3.0,1.0,3.0,84.3,Nailed,1.0,
2026-09-22,5,487,Dominguez,NFO,MID,,3,0.0,3.0,0.0,0.0,3.0,0.0,0.0,,Benchwarmer,0.0,
2026-09-22,5,488,I.Sangaré,NFO,MID,100.0,3,0.0,3.0,0.0,0.0,3.0,0.0,1.0,15.0,Bench,0.2,
2026-09-22,5,489,Yates,NFO,MID,100.0,3,0.0,3.0,0.0,0.0,3.0,0.0,0.0,,Benchwarmer,0.2,
2026-09-22,5,490,Wood,NFO,FWD,,3,0.0,3.0,0.0,0.0,3.0,0.0,2.0,17.0,Bench,0.0,
2026-09-22,5,491,Igor Jesus,NFO,FWD,,3,0.0,3.0,0.0,0.0,3.0,0.0,2.0,38.5,Bench,0.0,
2026-09-22,5,492,Awoniyi,COV,FWD,0.0,3,2.0,3.0,0.667,2.0,3.0,0.667,2.0,61.0,Rotation risk,0.533,
2026-09-22,5,493,Kalimuendo,NFO,FWD,,3,0.0,3.0,0.0,0.0,3.0,0.0,0.0,,Benchwarmer,0.0,
2026-09-22,5,494,Vicario,TOT,GKP,0.0,3,0.0,3.0,0.0,0.0,3.0,0.0,0.0,,Benchwarmer,0.0,
2026-09-22,5,495,Austin,TOT,GKP,,3,0.0,3.0,0.0,0.0,3.0,0.0,0.0,,Benchwarmer,0.0,
2026-09-22,5,496,Kinsky,TOT,GKP,,3,3.0,3.0,1.0,3.0,3.0,1.0,3.0,90.0,Nailed,1.0,
2026-09-22,5,497,Dubravka,TOT,GKP,,3,0.0,3.0,0.0,0.0,3.0,0.0,0.0,,Benchwarmer,0.0,
2026-09-22,5,498,Senesi,TOT,DEF,,3,0.0,3.0,0.0,0.0,3.0,0.0,0.0,,Benchwarmer,0.0,
2026-09-22,5,499,Pedro Porro,TOT,DEF,75.0,3,2.0,3.0,0.667,2.0,3.0,0.667,2.0,54.0,Rotation risk,0.683,
2026-09-22,5,500,Romero,TOT,DEF,0.0,3,0.0,3.0,0.0,0.0,3.0,0.0,0.0,,Benchwarmer,0.0,
2026-09-22,5,501,Danso,SUN,DEF,,3,3.0,3.0,1.0,3.0,3.0,1.0,3.0,90.0,Nailed,1.0,
2026-09-22,5,502,Robertson,TOT,DEF,,3,2.0,3.0,0.667,2.0,3.0,0.667,3.0,69.7,Rotation risk,0.667,
2026-09-22,5,503,Van de Ven,TOT,DEF,100.0,3,3.0,3.0,1.0,3.0,3.0,1.0,3.0,90.0,Nailed,1.0,
2026-09-22,5,504,Vuskovic,BHA,DEF,,3,3.0,3.0,1.0,3.0,3.0,1.0,3.0,85.7,Nailed,1.0,
2026-09-22,5,505,Spence,TOT,DEF,0.0,3,0.0,3.0,0.0,0.0,3.0,0.0,0.0,,Benchwarmer,0.0,
2026-09-22,5,506,Udogie,TOT,DEF,100.0,3,1.0,3.0,0.333,1.0,3.0,0.333,1.0,60.0,Bench,0.467,
2026-09-22,5,507,Phillips,TOT,DEF,0.0,3,0.0,3.0,0.0,0.0,3.0,0.0,0.0,,Benchwarmer,0.0,
2026-09-22,5,508,Davies,TOT,DEF,,3,0.0,3.0,0.0,0.0,3.0,0.0,0.0,,Benchwarmer,0.0,
2026-09-22,5,509,Byfield,TOT,DEF,,3,0.0,3.0,0.0,0.0,3.0,0.0,0.0,,Benchwarmer,0.0,
2026-09-22,5,510,Rowswell,TOT,DEF,,3,0.0,3.0,0.0,0.0,3.0,0.0,0.0,,Benchwarmer,0.0,
2026-09-22,5,511,Souza,TOT,DEF,0.0,3,0.0,3.0,0.0,0.0,3.0,0.0,0.0,,Benchwarmer,0.0,
2026-09-22,5,512,Kudus,TOT,MID,100.0,3,0.0,3.0,0.0,0.0,3.0,0.0,2.0,50.5,Bench,0.2,
2026-09-22,5,513,Xavi,TOT,MID,0.0,3,0.0,3.0,0.0,0.0,3.0,0.0,0.0,,Benchwarmer,0.0,
2026-09-22,5,514,Tel,TOT,MID,,3,1.0,3.0,0.333,1.0,3.0,0.333,2.0,50.0,Bench,0.333,
2026-09-22,5,515,Maddison,TOT,MID,100.0,3,0.0,3.0,0.0,0.0,3.0,0.0,1.0,37.0,Bench,0.2,
2026-09-22,5,516,Bentancur,TOT,MID,,3,3.0,3.0,1.0,3.0,3.0,1.0,3.0,78.3,Nailed,1.0,
2026-09-22,5,517,Odobert,TOT,MID,0.0,3,0.0,3.0,0.0,0.0,3.0,0.0,0.0,,Benchwarmer,0.0,
2026-09-22,5,518,P.M.Sarr,TOT,MID,0.0,3,0.0,3.0,0.0,0.0,3.0,0.0,0.0,,Benchwarmer,0.0,
2026-09-22,5,519,Gallagher,TOT,MID,,3,1.0,3.0,0.333,1.0,3.0,0.333,2.0,44.5,Bench,0.333,
2026-09-22,5,520,Bergvall,TOT,MID,,3,0.0,3.0,0.0,0.0,3.0,0.0,1.0,33.0,Bench,0.0,
2026-09-22,5,521,Kulusevski,TOT,MID,0.0,3,0.0,3.0,0.0,0.0,3.0,0.0,0.0,,Benchwarmer,0.0,
2026-09-22,5,522,Gray,TOT,MID,,3,1.0,3.0,0.333,1.0,3.0,0.333,1.0,155.0,Bench,0.333,
2026-09-22,5,523,Moore,TOT,MID,0.0,3,0.0,3.0,0.0,0.0,3.0,0.0,0.0,,Benchwarmer,0.0,
2026-09-22,5,524,Olusesi,TOT,MID,,3,0.0,3.0,0.0,0.0,3.0,0.0,0.0,,Benchwarmer,0.0,
2026-09-22,5,525,Fernandes,TOT,MID,,3,2.0,3.0,0.667,2.0,3.0,0.667,3.0,38.0,Rotation risk,0.667,
2026-09-22,5,526,Solanke,TOT,FWD,,3,2.0,3.0,0.667,2.0,3.0,0.667,3.0,44.3,Rotation risk,0.667,
2026-09-22,5,527,Richarlison,TOT,FWD,0.0,3,0.0,3.0,0.0,0.0,3.0,0.0,0.0,,Benchwarmer,0.0,
2026-09-22,5,528,Scarlett,TOT,FWD,0.0,3,0.0,3.0,0.0,0.0,3.0,0.0,0.0,,Benchwarmer,0.0,
2026-09-22,5,529,Roefs,SUN,GKP,,3,3.0,3.0,1.0,3.0,3.0,1.0,3.0,90.0,Nailed,1.0,
2026-09-22,5,530,Patterson,SUN,GKP,0.0,3,0.0,3.0,0.0,0.0,3.0,0.0,0.0,,Benchwarmer,0.0,
2026-09-22,5,531,Ellborg,SUN,GKP,,3,0.0,3.0,0.0,0.0,3.0,0.0,0.0,,Benchwarmer,0.0,
2026-09-22,5,532,Ballard,SUN,DEF,,3,3.0,3.0,1.0,3.0,3.0,1.0,3.0,90.0,Nailed,1.0,
2026-09-22,5,533,Mukiele,SUN,DEF,100.0,3,3.0,3.0,1.0,3.0,3.0,1.0,3.0,90.0,Nailed,1.0,
2026-09-22,5,534,Hume,SUN,DEF,,3,0.0,3.0,0.0,0.0,3.0,0.0,2.0,18.5,Bench,0.0,
2026-09-22,5,535,Alderete,SUN,DEF,100.0,3,0.0,3.0,0.0,0.0,3.0,0.0,0.0,,Benchwarmer,0.2,
2026-09-22,5,536,Reinildo,SUN,DEF,100.0,3,2.0,3.0,0.667,2.0,3.0,0.667,2.0,90.0,Rotation risk,0.733,
2026-09-22,5,537,Seelt,SUN,DEF,0.0,3,0.0,3.0,0.0,0.0,3.0,0.0,0.0,,Benchwarmer,0.0,
2026-09-22,5,538,Hjelde,SUN,DEF,0.0,3,0.0,3.0,0.0,0.0,3.0,0.0,0.0,,Benchwarmer,0.0,
2026-09-22,5,539,O'Nien,SUN,DEF,,3,0.0,3.0,0.0,0.0,3.0,0.0,0.0,,Benchwarmer,0.0,
2026-09-22,5,540,Masuaku,SUN,DEF,0.0,3,0.0,3.0,0.0,0.0,3.0,0.0,0.0,,Benchwarmer,0.0,
2026-09-22,5,541,Meunier,SUN,DEF,100.0,3,3.0,3.0,1.0,3.0,3.0,1.0,3.0,72.0,Nailed,1.0,
2026-09-22,5,542,E.Le Fée,SUN,MID,,3,3.0,3.0,1.0,3.0,3.0,1.0,3.0,90.0,Nailed,1.0,
2026-09-22,5,543,Diarra,SUN,MID,0.0,3,0.0,3.0,0.0,0.0,3.0,0.0,0.0,,Benchwarmer,0.0,
2026-09-22,5,544,Xhaka,SUN,MID,,3,3.0,3.0,1.0,3.0,3.0,1.0,3.0,90.0,Nailed,1.0,
2026-09-22,5,545,Sadiki,SUN,MID,,3,3.0,3.0,1.0,3.0,3.0,1.0,3.0,76.7,Nailed,1.0,
2026-09-22,5,546,Adingra,SUN,MID,0.0,3,0.0,3.0,0.0,0.0,3.0,0.0,0.0,,Benchwarmer,0.0,
2026-09-22,5,547,Mundle,SUN,MID,0.0,3,0.0,3.0,0.0,0.0,3.0,0.0,0.0,,Benchwarmer,0.0,
2026-09-22,5,548,Rigg,SUN,MID,,3,0.0,3.0,0.0,0.0,3.0,0.0,0.0,,Benchwarmer,0.0,
2026-09-22,5,549,Talbi,SUN,MID,,3,0.0,3.0,0.0,0.0,3.0,0.0,0.0,,Benchwarmer,0.0,
2026-09-22,5,550,Jocelin.T,SUN,MID,,3,0.0,3.0,0.0,0.0,3.0,0.0,0.0,,Benchwarmer,0.0,
2026-09-22,5,551,N.Angulo,SUN,MID,,3,3.0,3.0,1.0,3.0,3.0,1.0,3.0,63.7,Nailed,1.0,
2026-09-22,5,552,Brobbey,SUN,FWD,,3,3.0,3.0,1.0,3.0,3.0,1.0,3.0,90.0,Nailed,1.0,
2026-09-22,5,553,Isidor,SUN,FWD,,3,0.0,3.0,0.0,0.0,3.0,0.0,2.0,34.0,Bench,0.0,
2026-09-22,5,554,Van Oevelen,IPS,GKP,0.0,3,0.0,3.0,0.0,0.0,3.0,0.0,0.0,,Benchwarmer,0.0,
2026-09-22,5,555,Matthews,CRY,GKP,,3,0.0,3.0,0.0,0.0,3.0,0.0,0.0,,Benchwarmer,0.0,
2026-09-22,5,556,Targett,HUL,DEF,75.0,3,0.0,3.0,0.0,0.0,3.0,0.0,0.0,,Benchwarmer,0.15,
2026-09-22,5,557,Tzolis,ARS,MID,,3,3.0,3.0,1.0,3.0,3.0,1.0,3.0,80.7,Nailed,1.0,
2026-09-22,5,558,Schlager,NFO,MID,,3,3.0,3.0,1.0,3.0,3.0,1.0,3.0,90.0,Nailed,1.0,
2026-09-22,5,559,Bamba,NEW,MID,,3,0.0,3.0,0.0,0.0,3.0,0.0,1.0,13.0,Bench,0.0,
2026-09-22,5,560,Penders,CHE,GKP,,3,0.0,3.0,0.0,0.0,3.0,0.0,0.0,,Benchwarmer,0.0,
2026-09-22,5,561,Anselmino,CHE,DEF,100.0,3,0.0,3.0,0.0,0.0,3.0,0.0,0.0,,Benchwarmer,0.2,
2026-09-22,5,562,Maeda,IPS,MID,,3,1.0,3.0,0.333,1.0,3.0,0.333,2.0,54.0,Bench,0.333,
2026-09-22,5,563,Morita,HUL,MID,0.0,3,0.0,3.0,0.0,0.0,3.0,0.0,0.0,,Benchwarmer,0.0,
2026-09-22,5,564,Scherpen,IPS,GKP,,3,2.0,3.0,0.667,2.0,3.0,0.667,2.0,90.0,Rotation risk,0.667,
2026-09-22,5,565,M.Sangaré,BRE,MID,,3,2.0,3.0,0.667,2.0,3.0,0.667,2.0,78.0,Rotation risk,0.667,
2026-09-22,5,566,Silva,BOU,DEF,,3,3.0,3.0,1.0,3.0,3.0,1.0,3.0,90.0,Nailed,1.0,
2026-09-22,5,567,Horníček,NEW,GKP,,3,3.0,3.0,1.0,3.0,3.0,1.0,3.0,90.0,Nailed,1.0,
2026-09-22,5,568,Barco,CHE,MID,,3,1.0,3.0,0.333,1.0,3.0,0.333,1.0,107.0,Bench,0.333,
2026-09-22,5,569,Gonzalo,FUL,FWD,,3,3.0,3.0,1.0,3.0,3.0,1.0,3.0,81.7,Nailed,1.0,
2026-09-22,5,570,Palacios,FUL,MID,,3,1.0,3.0,0.333,1.0,3.0,0.333,2.0,39.5,Bench,0.333,
2026-09-22,5,571,Florentino,IPS,MID,100.0,3,0.0,3.0,0.0,0.0,3.0,0.0,1.0,30.0,Bench,0.2,
2026-09-22,5,572,Tzolakis,HUL,GKP,,3,3.0,3.0,1.0,3.0,3.0,1.0,3.0,90.0,Nailed,1.0,
2026-09-22,5,573,Sanchez,BOU,DEF,,3,0.0,3.0,0.0,0.0,3.0,0.0,0.0,,Benchwarmer,0.0,
2026-09-22,5,574,Hjertø-Dahl,HUL,MID,,3,0.0,3.0,0.0,0.0,3.0,0.0,1.0,8.0,Bench,0.0,
2026-09-22,5,575,Yirenkyi,COV,MID,,3,1.0,3.0,0.333,1.0,3.0,0.333,2.0,67.0,Bench,0.333,
2026-09-22,5,576,Stroud,HUL,MID,,3,2.0,3.0,0.667,2.0,3.0,0.667,2.0,60.5,Rotation risk,0.667,
2026-09-22,5,577,Tomiyasu,CRY,DEF,75.0,3,1.0,3.0,0.333,1.0,3.0,0.333,1.0,98.0,Bench,0.417,
2026-09-22,5,578,Mudryk,TOT,MID,0.0,3,0.0,3.0,0.0,0.0,3.0,0.0,1.0,16.0,Bench,0.0,
2026-09-22,5,579,Araujo,LIV,DEF,,3,3.0,3.0,1.0,3.0,3.0,1.0,3.0,83.7,Nailed,1.0,
2026-09-22,5,580,Charles,FUL,MID,,3,3.0,3.0,1.0,3.0,3.0,1.0,3.0,86.0,Nailed,1.0,
2026-09-22,5,581,Diomande,NFO,DEF,,3,2.0,3.0,0.667,2.0,3.0,0.667,3.0,54.3,Rotation risk,0.667,
2026-09-22,5,582,Madjo,AVL,FWD,0.0,3,0.0,3.0,0.0,0.0,3.0,0.0,0.0,,Benchwarmer,0.0,
2026-09-22,5,583,Chavarria,CHE,DEF,,3,1.0,3.0,0.333,1.0,3.0,0.333,2.0,82.5,Bench,0.333,
2026-09-22,5,584,Hamer,COV,MID,,3,0.0,3.0,0.0,0.0,3.0,0.0,1.0,5.0,Bench,0.0,
2026-09-22,5,585,Herrington,HUL,DEF,,3,1.0,3.0,0.333,1.0,3.0,0.333,2.0,70.0,Bench,0.333,
2026-09-22,5,586,Mendy,HUL,DEF,100.0,3,2.0,3.0,0.667,2.0,3.0,0.667,2.0,64.0,Rotation risk,0.733,
2026-09-22,5,587,Rulli,MCI,GKP,,3,0.0,3.0,0.0,0.0,3.0,0.0,0.0,,Benchwarmer,0.0,
2026-09-22,5,588,Khalaili,CRY,DEF,,3,3.0,3.0,1.0,3.0,3.0,1.0,3.0,90.0,Nailed,1.0,
2026-09-22,5,589,Gourna-Douath,HUL,MID,,3,1.0,3.0,0.333,1.0,3.0,0.333,2.0,46.5,Bench,0.333,
2026-09-22,5,590,Benda,NFO,GKP,,3,0.0,3.0,0.0,0.0,3.0,0.0,0.0,,Benchwarmer,0.0,
2026-09-22,5,591,Enciso,IPS,MID,100.0,3,3.0,3.0,1.0,3.0,3.0,1.0,3.0,84.3,Nailed,1.0,
2026-09-22,5,592,Ouattara,IPS,DEF,,3,1.0,3.0,0.333,1.0,3.0,0.333,2.0,52.0,Bench,0.333,
2026-09-22,5,593,Dedić,NEW,DEF,0.0,3,2.0,3.0,0.667,2.0,3.0,0.667,2.0,73.5,Rotation risk,0.533,
2026-09-22,5,594,David,BHA,FWD,,3,0.0,3.0,0.0,0.0,3.0,0.0,1.0,13.0,Bench,0.0,
2026-09-22,5,595,Gozo,CRY,MID,,3,0.0,3.0,0.0,0.0,3.0,0.0,1.0,6.0,Bench,0.0,
2026-09-22,5,596,Ruggeri,AVL,DEF,,3,1.0,3.0,0.333,1.0,3.0,0.333,2.0,52.5,Bench,0.333,
2026-09-22,5,597,Suzuki,AVL,GKP,,3,3.0,3.0,1.0,3.0,3.0,1.0,3.0,90.0,Nailed,1.0,
2026-09-22,5,598,Elvedi,LEE,DEF,,3,3.0,3.0,1.0,3.0,3.0,1.0,3.0,90.0,Nailed,1.0,
2026-09-22,5,599,Cherif,COV,FWD,,3,0.0,3.0,0.0,0.0,3.0,0.0,1.0,30.0,Bench,0.0,
2026-09-22,5,600,Osman,BHA,MID,,3,0.0,3.0,0.0,0.0,3.0,0.0,1.0,12.0,Bench,0.0,
2026-09-22,5,601,Williams-Barnett,TOT,MID,,3,0.0,3.0,0.0,0.0,3.0,0.0,0.0,,Benchwarmer,0.0,
2026-09-22,5,602,Humphreys,IPS,MID,0.0,3,0.0,3.0,0.0,0.0,3.0,0.0,0.0,,Benchwarmer,0.0,
2026-09-22,5,603,Lienou,LEE,DEF,,3,0.0,3.0,0.0,0.0,3.0,0.0,0.0,,Benchwarmer,0.0,
2026-09-22,5,604,Cresswell,LEE,MID,,3,0.0,3.0,0.0,0.0,3.0,0.0,0.0,,Benchwarmer,0.0,
2026-09-22,5,605,Yalcouyé,BHA,MID,,3,2.0,3.0,0.667,2.0,3.0,0.667,2.0,79.5,Rotation risk,0.667,
2026-09-22,5,606,Rowe,AVL,DEF,,3,0.0,3.0,0.0,0.0,3.0,0.0,0.0,,Benchwarmer,0.0,
2026-09-22,5,607,Lynch,AVL,MID,0.0,3,0.0,3.0,0.0,0.0,3.0,0.0,0.0,,Benchwarmer,0.0,
2026-09-22,5,608,Jebbison,BOU,FWD,,3,0.0,3.0,0.0,0.0,3.0,0.0,2.0,8.0,Bench,0.0,
2026-09-22,5,609,Shahar,NEW,DEF,0.0,3,0.0,3.0,0.0,0.0,3.0,0.0,0.0,,Benchwarmer,0.0,
2026-09-22,5,610,De Fougerolles,FUL,DEF,0.0,3,0.0,3.0,0.0,0.0,3.0,0.0,0.0,,Benchwarmer,0.0,
2026-09-22,5,611,Wan-Bissaka,AVL,DEF,,3,2.0,3.0,0.667,2.0,3.0,0.667,3.0,46.7,Rotation risk,0.667,
2026-09-22,5,612,Methalie,SUN,DEF,100.0,3,1.0,3.0,0.333,1.0,3.0,0.333,1.0,90.0,Bench,0.467,
2026-09-22,5,613,Ahoka,SUN,MID,,3,0.0,3.0,0.0,0.0,3.0,0.0,0.0,,Benchwarmer,0.0,
2026-09-22,5,614,Hadjam,BHA,DEF,,3,0.0,3.0,0.0,0.0,3.0,0.0,0.0,,Benchwarmer,0.0,
2026-09-22,5,615,Di Gregorio,BOU,GKP,,3,0.0,3.0,0.0,0.0,3.0,0.0,0.0,,Benchwarmer,0.0,
2026-09-22,5,616,Bouaddi,MCI,MID,,3,0.0,3.0,0.0,0.0,3.0,0.0,1.0,14.0,Bench,0.0,
2026-09-22,5,617,Cho,HUL,MID,,3,0.0,3.0,0.0,0.0,3.0,0.0,2.0,32.5,Bench,0.0,
2026-09-22,5,618,Goretzka,AVL,MID,0.0,3,0.0,3.0,0.0,0.0,3.0,0.0,0.0,,Benchwarmer,0.0,
2026-09-22,5,619,Palacios,IPS,MID,,3,3.0,3.0,1.0,3.0,3.0,1.0,3.0,82.3,Nailed,1.0,
2026-09-22,5,620,Diouf,BRE,DEF,,3,0.0,3.0,0.0,0.0,3.0,0.0,1.0,39.0,Bench,0.0,
2026-09-22,5,621,McAidoo,MCI,MID,,3,0.0,3.0,0.0,0.0,3.0,0.0,1.0,3.0,Bench,0.0,
2026-09-22,5,622,Braithwaite,MCI,DEF,,3,0.0,3.0,0.0,0.0,3.0,0.0,0.0,,Benchwarmer,0.0,
2026-09-22,5,623,Bentley,COV,GKP,,3,0.0,3.0,0.0,0.0,3.0,0.0,0.0,,Benchwarmer,0.0,
2026-09-22,5,624,Cozier-Duberry,BHA,MID,0.0,3,0.0,3.0,0.0,0.0,3.0,0.0,0.0,,Benchwarmer,0.0,
2026-09-22,5,625,Cairns,LEE,GKP,,3,0.0,3.0,0.0,0.0,3.0,0.0,0.0,,Benchwarmer,0.0,
2026-09-22,5,626,Zepa,FUL,MID,,3,0.0,3.0,0.0,0.0,3.0,0.0,0.0,,Benchwarmer,0.0,
2026-09-22,5,627,Barcola,LIV,MID,,3,2.0,3.0,0.667,2.0,3.0,0.667,3.0,56.0,Rotation risk,0.667,
2026-09-22,5,628,Allan,MCI,MID,,3,0.0,3.0,0.0,0.0,3.0,0.0,0.0,,Benchwarmer,0.0,
2026-09-22,5,629,Zetterer,LEE,GKP,,3,0.0,3.0,0.0,0.0,3.0,0.0,0.0,,Benchwarmer,0.0,
2026-09-22,5,630,Harwood-Bellis,AVL,DEF,,2,,,,,,,,,Insufficient data,,only 2 snapshot(s) for this player; need at least 3.
2026-09-22,5,631,Mbaye,AVL,MID,,2,,,,,,,,,Insufficient data,,only 2 snapshot(s) for this player; need at least 3.
2026-09-22,5,632,Ansah,HUL,FWD,0.0,2,,,,,,,,,Insufficient data,,only 2 snapshot(s) for this player; need at least 3.
2026-09-22,5,633,Ahanor,CRY,DEF,,2,,,,,,,,,Insufficient data,,only 2 snapshot(s) for this player; need at least 3.
2026-09-22,5,634,Fernandez-Pardo,NEW,FWD,,2,,,,,,,,,Insufficient data,,only 2 snapshot(s) for this player; need at least 3.
2026-09-22,5,635,Larsson,FUL,MID,,2,,,,,,,,,Insufficient data,,only 2 snapshot(s) for this player; need at least 3.
2026-09-22,5,636,Ángel,FUL,MID,,2,,,,,,,,,Insufficient data,,only 2 snapshot(s) for this player; need at least 3.
2026-09-22,5,637,Vaz,HUL,FWD,,2,,,,,,,,,Insufficient data,,only 2 snapshot(s) for this player; need at least 3.
2026-09-22,5,638,Norton-Cuffy,HUL,DEF,75.0,2,,,,,,,,,Insufficient data,,only 2 snapshot(s) for this player; need at least 3.
2026-09-22,5,639,Andrés,BHA,MID,,2,,,,,,,,,Insufficient data,,only 2 snapshot(s) for this player; need at least 3.
2026-09-22,5,640,Flemming,IPS,FWD,,2,,,,,,,,,Insufficient data,,only 2 snapshot(s) for this player; need at least 3.
2026-09-22,5,641,Bard,LEE,DEF,,2,,,,,,,,,Insufficient data,,only 2 snapshot(s) for this player; need at least 3.
2026-09-22,5,642,Thomas,HUL,MID,,2,,,,,,,,,Insufficient data,,only 2 snapshot(s) for this player; need at least 3.
2026-09-22,5,643,Chilwell,CRY,DEF,,2,,,,,,,,,Insufficient data,,only 2 snapshot(s) for this player; need at least 3.
2026-09-22,5,644,Timber,CRY,MID,,2,,,,,,,,,Insufficient data,,only 2 snapshot(s) for this player; need at least 3.
2026-09-22,5,645,Mouzakitis,HUL,MID,,2,,,,,,,,,Insufficient data,,only 2 snapshot(s) for this player; need at least 3.
2026-09-22,5,646,Fofana,SUN,MID,,2,,,,,,,,,Insufficient data,,only 2 snapshot(s) for this player; need at least 3.
2026-09-22,5,647,Osorio,CRY,MID,,2,,,,,,,,,Insufficient data,,only 2 snapshot(s) for this player; need at least 3.
2026-09-22,5,648,Bahoya,LEE,MID,,2,,,,,,,,,Insufficient data,,only 2 snapshot(s) for this player; need at least 3.
2026-09-22,5,649,Maitland-Niles,EVE,DEF,,2,,,,,,,,,Insufficient data,,only 2 snapshot(s) for this player; need at least 3.
2026-09-22,5,650,Affengruber,FUL,DEF,,2,,,,,,,,,Insufficient data,,only 2 snapshot(s) for this player; need at least 3.
2026-09-22,5,651,J.Angulo,SUN,FWD,,2,,,,,,,,,Insufficient data,,only 2 snapshot(s) for this player; need at least 3.
2026-09-22,5,652,Azeez,BHA,MID,0.0,2,,,,,,,,,Insufficient data,,only 2 snapshot(s) for this player; need at least 3.
2026-09-22,5,653,Samba,MCI,MID,,2,,,,,,,,,Insufficient data,,only 2 snapshot(s) for this player; need at least 3.
2026-09-22,5,654,Graham,EVE,MID,,2,,,,,,,,,Insufficient data,,only 2 snapshot(s) for this player; need at least 3.
2026-09-22,5,655,Gboho,COV,MID,,1,,,,,,,,,Insufficient data,,only 1 snapshot(s) for this player; need at least 3.
2026-09-22,5,656,Mfuni,COV,DEF,,1,,,,,,,,,Insufficient data,,only 1 snapshot(s) for this player; need at least 3.
2026-09-22,5,657,Nunes,BRE,MID,,1,,,,,,,,,Insufficient data,,only 1 snapshot(s) for this player; need at least 3.
2026-09-22,5,658,Ibrahim,BHA,MID,,1,,,,,,,,,Insufficient data,,only 1 snapshot(s) for this player; need at least 3.
2026-09-22,5,659,Miley,NEW,MID,,1,,,,,,,,,Insufficient data,,only 1 snapshot(s) for this player; need at least 3.
2026-09-22,5,660,Fredrick,BRE,DEF,,1,,,,,,,,,Insufficient data,,only 1 snapshot(s) for this player; need at least 3.
2026-09-22,5,661,Balcombe,BRE,GKP,,1,,,,,,,,,Insufficient data,,only 1 snapshot(s) for this player; need at least 3.
2026-09-22,5,662,Nicoll-Jazuli,CHE,MID,,1,,,,,,,,,Insufficient data,,only 1 snapshot(s) for this player; need at least 3.
2026-09-22,5,663,Pivas,NEW,DEF,,1,,,,,,,,,Insufficient data,,only 1 snapshot(s) for this player; need at least 3.
2026-09-22,5,664,Salia,NEW,FWD,,1,,,,,,,,,Insufficient data,,only 1 snapshot(s) for this player; need at least 3.
2026-09-22,5,665,Mills,NEW,MID,,1,,,,,,,,,Insufficient data,,only 1 snapshot(s) for this player; need at least 3.
2026-09-22,5,666,Thompson,NEW,MID,,1,,,,,,,,,Insufficient data,,only 1 snapshot(s) for this player; need at least 3.
2026-09-22,5,667,Wright,AVL,GKP,,1,,,,,,,,,Insufficient data,,only 1 snapshot(s) for this player; need at least 3.
