league,season,date,home_team_raw,away_team_raw,home_goals,away_goals,result,home_team_id,away_team_id,prob_home_proportional,prob_draw_proportional,prob_away_proportional,prob_home_shin,prob_draw_shin,prob_away_shin,shin_z,prob_over25_proportional,prob_under25_proportional,prob_over25_shin,prob_under25_shin
E0,0607,2006-08-19,Arsenal,Aston Villa,1,1,D,fpl-team-1,fpl-team-2,0.7236122353521123,0.1906613151238968,0.0857264495239909,0.7489975474803061,0.18068147954799438,0.07032097297169947,0.04668126138858497,0.5345744680851062,0.4654255319148936,0.5369580668038783,0.46304193319612175
E0,0607,2006-08-19,Bolton,Tottenham,2,0,H,,,0.3453243956443932,0.29160726743304316,0.3630683369225637,0.3460988451729809,0.28889938814983446,0.3650017666771846,0.04434887575916946,0.42894736842105263,0.5710526315789474,0.4236662802851672,0.5763337197148328
E0,0607,2006-08-19,Everton,Watford,2,1,H,fpl-team-9,,0.5631356228685814,0.26529221539762654,0.1715721617337921,0.5782926982120582,0.2606429009126117,0.16106440087533014,0.04535006731748581,0.449468085106383,0.550531914893617,0.44568790556134763,0.5543120944386524
E0,0607,2006-08-19,Newcastle,Wigan,2,1,H,fpl-team-17,,0.5357010134286833,0.27022086518084026,0.1940781213904764,0.5493747211555555,0.2658460634064806,0.18477921543796394,0.046302970265969634,0.4391534391534391,0.5608465608465608,0.4346442373240173,0.5653557626759828
E0,0607,2006-08-19,Portsmouth,Blackburn,3,0,H,,,0.38788543330863356,0.2872776490442068,0.3248369176471596,0.39140702155456797,0.2843144313585071,0.32427854708692483,0.043933463050052524,0.43271767810026385,0.5672823218997362,0.4276800907473446,0.5723199092526554
E0,0607,2006-08-19,Reading,Middlesbrough,3,2,H,,,0.3870909442974246,0.2875879429419738,0.32532111276060155,0.39064757386157567,0.28457167543982353,0.3247807506986009,0.04505080310627818,0.4353562005277045,0.5646437994722956,0.43061455678288213,0.5693854432171179
E0,0607,2006-08-19,Sheffield United,Liverpool,1,1,D,,fpl-team-14,0.1426246070947463,0.2553884149079479,0.6019869779973058,0.13174577177521027,0.2506510109045679,0.6176032173202219,0.04008519998751581,0.4506666666666666,0.5493333333333332,0.44686045842705185,0.5531395415729482
E0,0607,2006-08-19,West Ham,Charlton,3,1,H,,,0.45850678660860966,0.2839051310270029,0.25758808236438746,0.4668531774414149,0.2805900750369037,0.2525567475216814,0.04540556645952165,0.4444444444444444,0.5555555555555556,0.44047619047719,0.5595238095228099
E0,0607,2006-08-20,Chelsea,Man City,3,0,H,fpl-team-6,fpl-team-15,0.7596287840602485,0.1674227374704737,0.07294847846927782,0.7873052092712851,0.1557524801730955,0.05694231055561935,0.04743278515525162,0.5281501340482575,0.47184986595174266,0.5302838024921604,0.4697161975078396
E0,0607,2006-08-20,Man United,Fulham,5,1,H,,fpl-team-10,0.7316181740002867,0.1851082126988677,0.08327361330084565,0.7565541782604882,0.1751545322108543,0.06829128952865746,0.04492953605949879,0.5361930294906166,0.4638069705093834,0.5390173410430501,0.46098265895694995
E0,0607,2006-08-22,Tottenham,Sheffield United,2,0,H,,,0.6343530061180367,0.2391278347670086,0.1265191591149547,0.6553619272431811,0.23216047869908005,0.11247759405773887,0.04880693694576621,0.4786096256684492,0.5213903743315508,0.47708064747046347,0.5229193525295365
E0,0607,2006-08-22,Watford,West Ham,1,1,D,,,0.3436471878427072,0.28476682855501595,0.3715859836022769,0.3443477422765747,0.28143222998794776,0.37422002773547747,0.047017729841172695,0.4679144385026738,0.5320855614973262,0.46554199568856475,0.5344580043114353
E0,0607,2006-08-23,Aston Villa,Reading,2,1,H,fpl-team-2,,0.48340661741873897,0.2811195405912051,0.23547384199005583,0.49385480849605656,0.2774386753221575,0.22870651618178597,0.047519678715616465,0.4588859416445623,0.5411140583554377,0.4560806981703291,0.543919301829671
E0,0607,2006-08-23,Blackburn,Everton,1,1,D,,fpl-team-9,0.4121292494453087,0.28591466680268296,0.3019560837520084,0.4175176103511588,0.2826793288610986,0.29980306078774255,0.04655841621570289,0.44031830238726793,0.5596816976127321,0.4357620053754798,0.5642379946245202
E0,0607,2006-08-23,Charlton,Man United,0,3,A,,,0.14561027837259102,0.2598144182726624,0.5945753033547466,0.13497053841660492,0.25537635166496736,0.6096531099184277,0.03975649969652295,0.4986666666666667,0.5013333333333333,0.49857776766420475,0.5014222323357952
E0,0607,2006-08-23,Fulham,Bolton,1,1,D,fpl-team-10,,0.38082001389854064,0.28561501042390547,0.33356497567755383,0.3840994541422077,0.28233138111420114,0.33356916474359116,0.04710129532031715,0.448,0.5519999999999999,0.443926846101406,0.556073153898594
E0,0607,2006-08-23,Man City,Portsmouth,0,0,D,fpl-team-15,,0.4274193548387097,0.28494623655913975,0.2876344086021505,0.43387738275323784,0.2816264724105678,0.28449614483619434,0.04673366481438279,0.4625668449197861,0.5374331550802139,0.4597388778616078,0.5402611221383922
E0,0607,2006-08-23,Middlesbrough,Chelsea,2,1,H,,fpl-team-6,0.12219878782496726,0.2450458450813667,0.632755367093666,0.10967358600141298,0.23934926495172795,0.650977149046859,0.042352942284196615,0.4866310160427808,0.5133689839572192,0.48569139193932814,0.5143086080606718
E0,0607,2006-08-26,Charlton,Bolton,2,0,H,,,0.37281840847704134,0.2875025971327655,0.3396789943901932,0.37543626823452775,0.28447292797773827,0.3400908037877339,0.04520484386011958,0.4365079365079365,0.5634920634920635,0.431711480998045,0.568288519001955
E0,0607,2006-08-26,Fulham,Sheffield United,1,0,H,fpl-team-10,,0.48524023032979047,0.27960488881808043,0.2351548808521292,0.4953618710268937,0.27598361796060883,0.2286545110124975,0.04543382674455643,0.44031830238726793,0.5596816976127321,0.4357620053754798,0.5642379946245202
E0,0607,2006-08-26,Liverpool,West Ham,2,1,H,fpl-team-14,,0.6543576905022688,0.22503520575809732,0.12060710373963386,0.6742380520006149,0.21799914738405224,0.10776280061533286,0.043190994998440146,0.48930481283422456,0.5106951871657753,0.48855606099792176,0.5114439390020781
E0,0607,2006-08-26,Man City,Arsenal,1,0,H,fpl-team-15,fpl-team-1,0.1801599347154776,0.2653358350823939,0.5545042302021287,0.1712264518160178,0.26121332585212503,0.5675602223318571,0.04039289546199143,0.48128342245989303,0.5187165775401069,0.47995418098152337,0.5200458190184767
E0,0607,2006-08-26,Tottenham,Everton,0,2,A,,fpl-team-9,0.538682528255944,0.2701357811312993,0.19118169061275672,0.552608515849038,0.2657317846012493,0.18165969954971273,0.0464983806014061,0.4588859416445623,0.5411140583554377,0.4560806981703291,0.543919301829671
E0,0607,2006-08-26,Watford,Man United,1,2,A,,,0.11564825773040294,0.2226784962549345,0.6616732460146626,0.103178416312414,0.2158514281782723,0.6809701555093136,0.04098229040391743,0.536,0.4640000000000001,0.5386001029396396,0.4613998970603605
E0,0607,2006-08-26,Wigan,Reading,1,0,H,,,0.462469791401679,0.28175082676163826,0.25577938183668275,0.4712287554317619,0.2782316924107342,0.2505395521575039,0.046209252323023975,0.4588859416445623,0.5411140583554377,0.4560806981703291,0.543919301829671
E0,0607,2006-08-27,Aston Villa,Newcastle,2,0,H,fpl-team-2,fpl-team-17,0.3940570851743651,0.2860289745969691,0.3199139402286657,0.39803741978496093,0.28293873465073527,0.31902384556430374,0.04461295041255653,0.4509283819628647,0.5490716180371352,0.44742824666177167,0.5525717533382284
E0,0607,2006-08-27,Blackburn,Chelsea,0,2,A,,fpl-team-6,0.13949021205127043,0.2529932065149069,0.6075165814338226,0.1278661492958785,0.24783277339655968,0.6243010773075618,0.04233706428203732,0.4693333333333332,0.5306666666666666,0.467165372312263,0.5328346276877369
E0,0607,2006-08-28,Middlesbrough,Portsmouth,0,4,A,,,0.44694019556380243,0.28278623484746757,0.27027356958873006,0.4545906578462718,0.27937396843674434,0.26603537371698394,0.04584590415470302,0.4506666666666666,0.5493333333333332,0.44686045842705185,0.5531395415729482
E0,0607,2006-09-09,Arsenal,Middlesbrough,1,1,D,fpl-team-1,,0.7014881672246763,0.20512265604114419,0.09338917673417947,0.7254395298799757,0.19617129181147944,0.07838917830854492,0.046313771745190024,0.5417789757412399,0.45822102425876016,0.5453614281528892,0.4546385718471107
E0,0607,2006-09-09,Bolton,Watford,1,0,H,,,0.5587462183206864,0.26637901105986217,0.17487477061945148,0.5739184693892834,0.26171367620211355,0.1643678544086031,0.04627744504250586,0.4586666666666667,0.5413333333333333,0.4556077443035696,0.5443922556964305
E0,0607,2006-09-09,Chelsea,Charlton,2,1,H,fpl-team-6,,0.7851963578144414,0.15260460774798942,0.06219903443756915,0.8147075389645858,0.13961813250475877,0.045674328530655395,0.04875241708941758,0.5549597855227882,0.4450402144772118,0.5596589255516446,0.4403410744483554
E0,0607,2006-09-09,Everton,Liverpool,3,0,H,fpl-team-9,fpl-team-14,0.2530357262656916,0.28873042119345377,0.4582338525408545,0.24798362028172294,0.28588789996657604,0.466128479751701,0.043002469232305884,0.4312169312169312,0.5687830687830688,0.42580967327754204,0.574190326722458
E0,0607,2006-09-09,Man United,Tottenham,1,0,H,,,0.6196586817887296,0.24586993272046112,0.13447138549080936,0.6387436604160361,0.2397280442053822,0.12152829537858169,0.046348106930963695,0.4879356568364612,0.5120643431635389,0.4870548299852793,0.5129451700147207
E0,0607,2006-09-09,Newcastle,Fulham,1,2,A,fpl-team-17,fpl-team-10,0.538243626062323,0.2691218130311615,0.19263456090651557,0.5522730340896755,0.2646092601226808,0.18311770578764366,0.04694669600576162,0.4732620320855615,0.5267379679144386,0.4713212308926112,0.5286787691073889
E0,0607,2006-09-09,Portsmouth,Wigan,1,0,H,,,0.5034847007813296,0.2793726083603719,0.21714269085829857,0.5149345972874865,0.27567257249325505,0.20939283021925842,0.04597023723181337,0.4586666666666667,0.5413333333333333,0.4556077443035696,0.5443922556964305
E0,0607,2006-09-09,Sheffield United,Blackburn,0,0,D,,,0.3526324022734778,0.28922531416752123,0.3581422835590009,0.3539113012006515,0.2862994036922094,0.35978929510713914,0.04537183791399002,0.44,0.56,0.4350649350539206,0.5649350649460794
E0,0607,2006-09-10,West Ham,Aston Villa,1,1,D,,fpl-team-2,0.43815119467293384,0.28350959655307484,0.2783392087739914,0.4452525366570193,0.2801308851620285,0.27461657818095214,0.04612053977325559,0.45844504021447724,0.5415549597855228,0.4551270916534818,0.5448729083465182
E0,0607,2006-09-11,Reading,Man City,1,0,H,,fpl-team-15,0.3921530805138691,0.2858686007484279,0.321978318737703,0.39603398434200277,0.2827477669231344,0.3212182487348628,0.04491752106696367,0.450402144772118,0.549597855227882,0.44628339140281453,0.5537166085971855
E0,0607,2006-09-16,Bolton,Middlesbrough,0,0,D,,,0.45790560991624357,0.28265778389891577,0.25943660618484055,0.4663411492019651,0.27920879405131527,0.2544500567467196,0.04612396890297532,0.43466666666666665,0.5653333333333334,0.42910059033929515,0.5708994096607048
E0,0607,2006-09-16,Charlton,Portsmouth,0,1,A,,,0.37835629984736757,0.2873143151965948,0.3343293849560376,0.3812558743834511,0.2843599988704596,0.33438412674608936,0.0438581882044673,0.4462365591397849,0.553763440860215,0.4415136273234027,0.5584863726765973
E0,0607,2006-09-16,Everton,Wigan,2,2,D,fpl-team-9,,0.5475607299943477,0.2658216334565583,0.18661763654909397,0.5623385892905862,0.26103296513752317,0.1766284455718906,0.04736013535875827,0.4450402144772118,0.5549597855227882,0.4403410744483554,0.5596589255516446
E0,0607,2006-09-16,Sheffield United,Reading,1,2,A,,,0.3869907082635772,0.28661499330771184,0.32639429842871104,0.39055137527013306,0.28352560213645334,0.32592302259341366,0.045192827470600605,0.42819148936170215,0.5718085106382979,0.4219991333206378,0.5780008666793621
E0,0607,2006-09-16,Watford,Aston Villa,0,0,D,,fpl-team-2,0.331274359688196,0.28934089643652555,0.3793847438752784,0.3311226238586023,0.2863256033107734,0.38255177283062425,0.04688788892235607,0.45161290322580644,0.5483870967741936,0.4474789916038601,0.5525210083961398
E0,0607,2006-09-17,Blackburn,Man City,4,2,H,,fpl-team-15,0.4468636683664541,0.28449395035752506,0.26864238127602075,0.45452414302409827,0.2811879025884026,0.2642879543874991,0.04594035120680928,0.4293333333333334,0.5706666666666667,0.423085853594966,0.576914146405034
E0,0607,2006-09-17,Chelsea,Liverpool,1,0,H,fpl-team-6,fpl-team-14,0.5180691549691477,0.2830192605849974,0.19891158444585497,0.5303948450098958,0.2795587124574537,0.19004644253265068,0.04567175963893533,0.4244031830238727,0.5755968169761273,0.41791474653989225,0.5820852534601078
E0,0607,2006-09-17,Man United,Arsenal,0,1,A,,fpl-team-1,0.48482257374946564,0.28430953398888414,0.23086789226165028,0.4943867602584077,0.2811701648185788,0.22444307492301346,0.04301144881173968,0.4411764705882353,0.5588235294117646,0.4362041467306083,0.5637958532693917
E0,0607,2006-09-17,Tottenham,Fulham,0,0,D,,fpl-team-10,0.5726997393937971,0.26483224943065764,0.1624680111755453,0.5888128405575452,0.26002130636655146,0.15116585307590344,0.0464114248752594,0.4598930481283422,0.5401069518716577,0.4568270780554385,0.5431729219445616
E0,0607,2006-09-17,West Ham,Newcastle,0,2,A,,fpl-team-17,0.4408029277848586,0.28386070891408854,0.2753363633010528,0.4479794454886719,0.28055182195369677,0.27146873255763126,0.04544755315873772,0.4704301075268817,0.5295698924731183,0.4680928208806353,0.5319071791193647
E0,0607,2006-09-20,Liverpool,Newcastle,2,0,H,fpl-team-14,fpl-team-17,0.6068223312713295,0.25242471631396896,0.1407529524147016,0.6252364432311411,0.2466887951419215,0.12807476162693743,0.04672532563563436,0.4638069705093834,0.5361930294906166,0.46098265895694995,0.5390173410430501
E0,0607,2006-09-23,Arsenal,Sheffield United,3,0,H,fpl-team-1,,0.7729537797324834,0.16222486735126193,0.06482135291625477,0.801225637011422,0.15013211732773582,0.04864224566084217,0.04758458957076073,0.5588235294117646,0.4411764705882353,0.5637958532693917,0.4362041467306083
E0,0607,2006-09-23,Aston Villa,Charlton,2,0,H,fpl-team-2,,0.5342608278088277,0.2718723739145514,0.19386679827662098,0.5473374937155139,0.26776884406517437,0.18489366221931186,0.04455305798910558,0.4569892473118279,0.543010752688172,0.45340710541314455,0.5465928945868556
E0,0607,2006-09-23,Fulham,Chelsea,0,2,A,fpl-team-10,fpl-team-6,0.12018425460636516,0.22395309882747072,0.6558626465661642,0.10654769571336294,0.21638761859166403,0.677064685694973,0.04599505057558417,0.47721179624664883,0.5227882037533512,0.47551138000387005,0.52448861999613
E0,0607,2006-09-23,Liverpool,Tottenham,3,0,H,fpl-team-14,,0.5701419504296334,0.2594466178921366,0.17041143167822992,0.5846048283771387,0.2547964840934808,0.16059868752938056,0.041906545171514153,0.4358288770053476,0.5641711229946524,0.4302183583745781,0.5697816416254219
E0,0607,2006-09-23,Man City,West Ham,2,0,H,fpl-team-15,,0.41300046945208235,0.2860220642478707,0.30097746630004696,0.418034447214685,0.28303845720531784,0.29892709557999714,0.04295106208883226,0.44892473118279574,0.5510752688172044,0.44450124141853564,0.5554987585814644
E0,0607,2006-09-23,Middlesbrough,Blackburn,0,1,A,,,0.4379979570990806,0.2874361593462717,0.27456588355464756,0.44472363090466793,0.2844797453964979,0.27079662369883406,0.04369948268868029,0.44892473118279574,0.5510752688172044,0.44450124141853564,0.5554987585814644
E0,0607,2006-09-23,Reading,Man United,1,1,D,,,0.13929563715551552,0.24780355936021625,0.6129008034842682,0.12700703840437125,0.24199863933268917,0.6309943222629396,0.044866341864690185,0.5094339622641508,0.4905660377358491,0.5101750101747897,0.4898249898252102
E0,0607,2006-09-23,Wigan,Watford,1,1,D,,,0.506747988580327,0.27794359373648236,0.21530841768319056,0.5182879138849757,0.2741880661999753,0.2075240199150489,0.045456422260031104,0.44892473118279574,0.5510752688172044,0.44450124141853564,0.5554987585814644
E0,0607,2006-09-24,Newcastle,Everton,1,1,D,fpl-team-17,fpl-team-9,0.41911232712666424,0.2872420933578384,0.29364557951549725,0.4244565872115312,0.2843731429975057,0.29117026979096317,0.04233523132279515,0.45283018867924535,0.5471698113207547,0.44868637109521076,0.5513136289047893
E0,0607,2006-09-25,Portsmouth,Bolton,0,1,A,,,0.47200602560883764,0.2832036153653026,0.2447903590258599,0.4808497198901596,0.27997761402150195,0.23917266608833843,0.043415363412350416,0.42819148936170215,0.5718085106382979,0.4219991333206378,0.5780008666793621
E0,0607,2006-09-30,Bolton,Liverpool,2,0,H,,fpl-team-14,0.2548325878265142,0.2874830131417863,0.4576843990316996,0.24981830811464867,0.2845196656084088,0.46566202627694253,0.04365613288246095,0.418848167539267,0.5811518324607331,0.41272522521031973,0.5872747747896803
E0,0607,2006-09-30,Charlton,Arsenal,1,2,A,,fpl-team-1,0.1474153751356275,0.2591188565764269,0.5934657682879455,0.13570540392057953,0.2541152664576576,0.6101793296217629,0.04440554801840335,0.4638069705093834,0.5361930294906166,0.46098265895694995,0.5390173410430501
E0,0607,2006-09-30,Chelsea,Aston Villa,1,1,D,fpl-team-6,fpl-team-2,0.7230207800994738,0.18739518178088402,0.08958403811964212,0.7486338647856805,0.17715663471400256,0.07420950050031688,0.047055908013135195,0.5026881720430109,0.4973118279569893,0.502890591126006,0.49710940887399396
E0,0607,2006-09-30,Everton,Man City,1,1,D,fpl-team-9,fpl-team-15,0.5031297105337114,0.2783270739122659,0.21854321555402262,0.5146510231633591,0.27452758733142874,0.21082138950521212,0.046356683131307364,0.44266666666666665,0.5573333333333332,0.4380296304737454,0.5619703695262547
E0,0607,2006-09-30,Sheffield United,Middlesbrough,2,1,H,,,0.3517183483777165,0.286870277895575,0.3614113737267086,0.3529176228478694,0.28383351223689424,0.36324886491523634,0.044696254073642194,0.4338624338624339,0.5661375661375662,0.4287668110342363,0.5712331889657637
E0,0607,2006-10-01,Blackburn,Wigan,2,1,H,,,0.4926691476482984,0.2793794556786083,0.22795139667309333,0.5033879313068071,0.2756979450463069,0.22091412364688592,0.04590801359154284,0.4491978609625669,0.5508021390374332,0.44509939899045475,0.5549006010095452
E0,0607,2006-10-01,Man United,Newcastle,2,0,H,,fpl-team-17,0.691210008470711,0.20798853196064382,0.10080145956864536,0.7143914730133909,0.19935098517172553,0.08625754181488363,0.045833004638552666,0.520107238605898,0.4798927613941019,0.521597650176372,0.47840234982362795
E0,0607,2006-10-01,Tottenham,Portsmouth,2,1,H,,,0.4930878668575519,0.2787670007158196,0.22814513242662854,0.5037278223866563,0.2750825168460702,0.22118966076727356,0.04543966450728476,0.4350132625994695,0.5649867374005305,0.4298637352493277,0.5701362647506723
E0,0607,2006-10-01,West Ham,Reading,0,1,A,,,0.47023090544486534,0.2812730876127262,0.2484960069424085,0.4793687061785467,0.2777713149925764,0.2428599788288769,0.04547621845267713,0.4596774193548387,0.5403225806451611,0.45635855808880815,0.543641441911192
E0,0607,2006-10-02,Watford,Fulham,3,3,D,,fpl-team-10,0.3838559764099292,0.28849552944016693,0.3276484941499039,0.38719746566431756,0.2855398920042467,0.3272626423314357,0.04504179209470749,0.4376657824933686,0.5623342175066313,0.43281875356184146,0.5671812464381586
E0,0607,2006-10-14,Arsenal,Watford,3,0,H,fpl-team-1,,0.7828917902758251,0.15291876370996918,0.0641894460142057,0.8133054109637936,0.13950966203786533,0.04718492699834104,0.05053085461258888,0.5664893617021276,0.4335106382978723,0.5720066822197369,0.42799331778026306
E0,0607,2006-10-14,Aston Villa,Tottenham,1,1,D,fpl-team-2,,0.41275614560452256,0.29128044452471047,0.29596340987076697,0.41781185121122477,0.2886054116609133,0.2935827371278619,0.04327198618557304,0.41578947368421054,0.5842105263157895,0.4087695290357183,0.5912304709642818
E0,0607,2006-10-14,Liverpool,Blackburn,1,1,D,fpl-team-14,,0.6282300730697296,0.24073908311858405,0.13103084381168645,0.6478586111519571,0.23424845950753456,0.11789292934050837,0.046348256058990955,0.448,0.5519999999999999,0.443926846101406,0.556073153898594
E0,0607,2006-10-14,Man City,Sheffield United,0,0,D,fpl-team-15,,0.5458736610232268,0.2658167392808757,0.18830959969589753,0.5600500434069805,0.2611949710778994,0.17875498551512004,0.04573466652072966,0.4491978609625669,0.5508021390374332,0.44509939899045475,0.5549006010095452
E0,0607,2006-10-14,Middlesbrough,Everton,2,1,H,,fpl-team-9,0.37038941346149656,0.2895132440664229,0.3400973424720805,0.37291796082055945,0.28653159796143013,0.3405504412180104,0.04655726067721844,0.42857142857142855,0.5714285714285714,0.4228395061711721,0.577160493828828
E0,0607,2006-10-14,Portsmouth,West Ham,2,0,H,,,0.4745760078914767,0.28182513699401535,0.24359885511450793,0.4841282350588474,0.2783082726060463,0.2375634923351063,0.04610308236442506,0.44,0.56,0.4350649350539206,0.5649350649460794
E0,0607,2006-10-14,Reading,Chelsea,0,1,A,,fpl-team-6,0.1259981354180212,0.2326363558221903,0.6413655087597885,0.11361867450549745,0.2261856505391018,0.6601956749554007,0.042500213952735066,0.47184986595174266,0.5281501340482575,0.4697161975078396,0.5302838024921604
E0,0607,2006-10-14,Wigan,Man United,1,3,A,,,0.1440869030539045,0.24923139987702395,0.6066816970690716,0.13252117179895842,0.2437612892258809,0.6237175389751608,0.04307365440763533,0.49061662198391415,0.5093833780160857,0.48993385102262793,0.5100661489773721
E0,0607,2006-10-15,Newcastle,Bolton,1,2,A,fpl-team-17,,0.4110807316504525,0.28736991585595895,0.3015493524935885,0.416278012006544,0.28430343826007637,0.29941854973337956,0.0454904455691576,0.42592592592592593,0.574074074074074,0.4198557403230982,0.5801442596769018
E0,0607,2006-10-16,Fulham,Charlton,2,1,H,fpl-team-10,,0.4542991358440351,0.2849951100636493,0.2607057540923156,0.46229438977949205,0.2817834314240861,0.255922178796422,0.04499371047131717,0.4611260053619303,0.5388739946380697,0.4580585444799596,0.5419414555200404
E0,0607,2006-10-21,Aston Villa,Fulham,1,1,D,fpl-team-2,fpl-team-10,0.5447066860381208,0.2715499408272637,0.18374337313461556,0.5581668417582445,0.26749410432933085,0.17433905391242469,0.04363625356927514,0.45844504021447724,0.5415549597855228,0.4551270916534818,0.5448729083465182
E0,0607,2006-10-21,Charlton,Watford,0,0,D,,,0.4769967550461135,0.2832626883812305,0.239740556572656,0.48613551970122043,0.2800433690773068,0.23382111122147278,0.04331664287019521,0.4569892473118279,0.543010752688172,0.45340710541314455,0.5465928945868556
E0,0607,2006-10-21,Chelsea,Portsmouth,2,1,H,fpl-team-6,,0.7298090922475422,0.18465049321925764,0.0855404145332003,0.7554126395009582,0.17436889021686114,0.07021847028218071,0.04635801166296005,0.4959785522788205,0.5040214477211796,0.4956871765387142,0.5043128234612858
E0,0607,2006-10-21,Everton,Sheffield United,2,0,H,fpl-team-9,,0.5900310607364426,0.25782869880920184,0.15214024045435548,0.6064009891419033,0.2528019513238188,0.14079705953427793,0.044004234950989485,0.4557640750670242,0.5442359249329759,0.4521877716670386,0.5478122283329613
E0,0607,2006-10-21,Wigan,Man City,4,0,H,,fpl-team-15,0.40412919569347694,0.2897530082330589,0.30611779607346423,0.408575678204661,0.287021445306413,0.30440287648892594,0.042689515044912696,0.4335106382978723,0.5664893617021276,0.42799331778026306,0.5720066822197369
E0,0607,2006-10-22,Blackburn,Bolton,0,1,A,,,0.3917195955902767,0.2941025717690576,0.3141778326406656,0.3954283056501254,0.2916163180149619,0.31295537633491277,0.043191830860450864,0.4297082228116711,0.5702917771883289,0.42391616422114325,0.5760838357788568
E0,0607,2006-10-22,Man United,Liverpool,2,0,H,,fpl-team-14,0.4883950234315279,0.28755968669332943,0.2240452898751426,0.49793142796498696,0.28469315656678906,0.21737541546822392,0.04189815046265721,0.42368421052631583,0.5763157894736841,0.4177514960571316,0.5822485039428683
E0,0607,2006-10-22,Middlesbrough,Newcastle,1,0,H,,fpl-team-17,0.396866729638423,0.29416319896522086,0.3089700713963562,0.40089312911534064,0.2916854054992674,0.3074214653853919,0.043084512231871486,0.45187165775401067,0.5481283422459893,0.4480444508502948,0.5519555491497052
E0,0607,2006-10-22,Reading,Arsenal,0,4,A,,fpl-team-1,0.1579104108603794,0.25671469028139887,0.5853748988582217,0.14670564706852035,0.25153773759544196,0.6017566153360377,0.0448129668366164,0.46916890080428963,0.5308310991957105,0.46681096681087847,0.5331890331891216
E0,0607,2006-10-22,Tottenham,West Ham,1,0,H,,,0.5254529767040553,0.275237273511648,0.19930974978429683,0.5369911098505925,0.27166857698517766,0.19134031316422986,0.0409978989046067,0.4447368421052632,0.5552631578947369,0.4411088364791421,0.558891163520858
E0,0607,2006-10-28,Arsenal,Everton,1,1,D,fpl-team-1,fpl-team-9,0.6617324108945469,0.22271381383617922,0.11555377526927388,0.6828646399541152,0.21520318083924372,0.10193217920664116,0.04507915850263089,0.5161290322580646,0.48387096774193555,0.5173611111112308,0.4826388888887691
E0,0607,2006-10-28,Bolton,Man United,0,4,A,,,0.222463398967862,0.28357217214113273,0.4939644288910054,0.21529478411621086,0.28026996865454423,0.504435247229245,0.04447291907854378,0.4491978609625669,0.5508021390374332,0.44509939899045475,0.5549006010095452
E0,0607,2006-10-28,Fulham,Wigan,0,1,A,fpl-team-10,,0.45496926638460927,0.28541550251456854,0.25961523110082224,0.4628674237879738,0.28228679595158884,0.2548457802604374,0.04418794275261462,0.45454545454545453,0.5454545454545455,0.450980392149827,0.5490196078501731
E0,0607,2006-10-28,Liverpool,Aston Villa,3,1,H,fpl-team-14,fpl-team-2,0.583324570384924,0.26408390292497996,0.15259152669009604,0.5990037493300757,0.25953449417246194,0.14146175649746234,0.043244586791843176,0.4411764705882353,0.5588235294117646,0.4362041467306083,0.5637958532693917
E0,0607,2006-10-28,Newcastle,Charlton,0,0,D,fpl-team-17,,0.5221484075623176,0.2776378239606281,0.20021376847705424,0.5344253858248823,0.2739232327944422,0.19165138138067542,0.04446975979954004,0.4638069705093834,0.5361930294906166,0.46098265895694995,0.5390173410430501
E0,0607,2006-10-28,Portsmouth,Reading,3,1,H,,,0.5119078514673729,0.27936434577030417,0.20872780276232294,0.5239284698664425,0.27564750943827176,0.2004240206952858,0.04602941428311169,0.4557640750670242,0.5442359249329759,0.4521877716670386,0.5478122283329613
E0,0607,2006-10-28,Sheffield United,Chelsea,0,2,A,,fpl-team-6,0.08901241441398755,0.19750823284133717,0.7134793527446753,0.07405141020673885,0.1882039588690778,0.7377446309241834,0.04557444481179118,0.4798927613941019,0.520107238605898,0.47840234982362795,0.521597650176372
E0,0607,2006-10-28,Watford,Tottenham,0,0,D,,,0.26898748337285877,0.2857468281312924,0.4452656884958488,0.26472185897625294,0.2825736259104046,0.45270451511334253,0.045232775853946805,0.4506666666666666,0.5493333333333332,0.44686045842705185,0.5531395415729482
E0,0607,2006-10-29,West Ham,Blackburn,2,1,H,,,0.3831101956745623,0.2873326467559217,0.3295571575695159,0.38631484969549923,0.2843808852192736,0.32930426508522714,0.04382602567784488,0.4435483870967742,0.5564516129032258,0.4385155906807673,0.5614844093192327
E0,0607,2006-10-30,Man City,Middlesbrough,1,0,H,fpl-team-15,,0.40141787904675685,0.28907136572863934,0.3095107552246037,0.40581937612984914,0.28621702363944623,0.30796360023070457,0.04396916087716818,0.4358288770053476,0.5641711229946524,0.4302183583745781,0.5697816416254219
E0,0607,2006-11-04,Bolton,Wigan,0,1,A,,,0.5098353303005062,0.2806433010828474,0.2095213686166464,0.5215045053399794,0.27707968653849185,0.20141580812152873,0.04518318304326385,0.4323607427055703,0.5676392572944297,0.42689639356391795,0.573103606436082
E0,0607,2006-11-04,Charlton,Man City,1,0,H,,fpl-team-15,0.3956834532374101,0.2877697841726619,0.3165467625899281,0.39978005225418534,0.28478540060387797,0.31543454714193664,0.044712881091982126,0.4338624338624339,0.5661375661375662,0.4287668110342363,0.5712331889657637
E0,0607,2006-11-04,Fulham,Everton,1,0,H,fpl-team-10,fpl-team-9,0.34969654003769474,0.2910449051579548,0.3592585548043504,0.35074056304799417,0.28834159482908206,0.36091784212292377,0.04367403197102249,0.4263157894736842,0.5736842105263158,0.4207158228541977,0.5792841771458024
E0,0607,2006-11-04,Liverpool,Reading,2,0,H,fpl-team-14,,0.6841275624123017,0.21074274336378954,0.10512969422390875,0.7076322608050069,0.20201703674826824,0.09035070244672488,0.04736621002666652,0.4986666666666667,0.5013333333333333,0.49857776766420475,0.5014222323357952
E0,0607,2006-11-04,Man United,Portsmouth,3,0,H,,,0.7113113113113114,0.193993993993994,0.09469469469469471,0.7363644658417369,0.1841612601256871,0.07947427403257608,0.047243619337677956,0.5335120643431636,0.46648793565683644,0.5361000404326148,0.4638999595673853
E0,0607,2006-11-04,Newcastle,Sheffield United,0,1,A,fpl-team-17,,0.537859110845164,0.27211215371160663,0.19002873544322943,0.5510269042004033,0.2680607983137651,0.1809122974858316,0.04408653057180345,0.4444444444444444,0.5555555555555556,0.44047619047719,0.5595238095228099
E0,0607,2006-11-04,Watford,Middlesbrough,2,0,H,,,0.3701300936123348,0.29351080671806173,0.3363590996696036,0.37242979837803986,0.29102833205705547,0.33654186956490456,0.04253987944684923,0.4312169312169312,0.5687830687830688,0.42580967327754204,0.574190326722458
E0,0607,2006-11-05,Aston Villa,Blackburn,2,0,H,fpl-team-2,,0.4753189963328436,0.28578369561445105,0.23889730805270523,0.4847447205500524,0.2825874888921567,0.2326677905577908,0.04524943686556071,0.4312169312169312,0.5687830687830688,0.42580967327754204,0.574190326722458
E0,0607,2006-11-05,Tottenham,Chelsea,2,1,H,,fpl-team-6,0.18450201287329132,0.2729092273750767,0.5425887597516318,0.17469996968332288,0.26874313055206084,0.5565568997646163,0.045797385508194566,0.4376657824933686,0.5623342175066313,0.43281875356184146,0.5671812464381586
E0,0607,2006-11-05,West Ham,Arsenal,1,0,H,,fpl-team-1,0.16420255443849133,0.26057214479270563,0.575225300768803,0.15276337950793845,0.25536549221828464,0.5918711282737769,0.047464400879107416,0.48,0.5199999999999999,0.47863247862979214,0.5213675213702079
E0,0607,2006-11-11,Blackburn,Man United,0,1,A,,,0.15895733627382996,0.25954050950924784,0.5815021542169223,0.14778167400687447,0.25453164766317726,0.5976866783299482,0.0449558908585459,0.47593582887700536,0.5240641711229947,0.4742031644086983,0.5257968355913017
E0,0607,2006-11-11,Chelsea,Watford,4,0,H,fpl-team-6,,0.8070280556809694,0.14045984480554277,0.05251209951348774,0.8374045098693517,0.12659171863266425,0.036003771497984005,0.049009418580681086,0.5546666666666668,0.44533333333333336,0.559016582224653,0.44098341777534705
E0,0607,2006-11-11,Everton,Aston Villa,0,1,A,fpl-team-9,fpl-team-2,0.4407936076798651,0.29061786752394886,0.26858852479618595,0.44756457636296304,0.28791441009693136,0.26452101354010554,0.042839069035835564,0.42480211081794195,0.575197889182058,0.41879879194638786,0.5812012080536122
E0,0607,2006-11-11,Man City,Newcastle,0,0,D,fpl-team-15,fpl-team-17,0.44860520551475325,0.28560269295193913,0.26579210153330757,0.456029678367474,0.2825161892933535,0.26145413233917264,0.04381379671394825,0.41361256544502617,0.5863874345549738,0.40675858952664745,0.5932414104733524
E0,0607,2006-11-11,Middlesbrough,West Ham,1,0,H,,,0.4202363829654181,0.287599274591958,0.29216434244262396,0.42577911453317824,0.28468434379115415,0.2895365416756676,0.04335903446190059,0.4365079365079365,0.5634920634920635,0.431711480998045,0.568288519001955
E0,0607,2006-11-11,Portsmouth,Fulham,1,1,D,,fpl-team-10,0.5020218204013123,0.2792401007095445,0.2187380788891432,0.5130308569312647,0.2756477311626057,0.21132141190612963,0.044543067924678326,0.44533333333333336,0.5546666666666668,0.44098341777534705,0.559016582224653
E0,0607,2006-11-11,Sheffield United,Bolton,2,2,D,,,0.3238210853879561,0.28649591355196113,0.3896830010600828,0.3231998159412913,0.2834967013698904,0.3933034826888184,0.04372000461444259,0.41361256544502617,0.5863874345549738,0.40675858952664745,0.5932414104733524
E0,0607,2006-11-11,Wigan,Charlton,3,2,H,,,0.49048609967513507,0.28135245594862046,0.2281614443762445,0.5009426621139433,0.27784221461762765,0.22121512326842901,0.04539408627897501,0.4350132625994695,0.5649867374005305,0.4298637352493277,0.5701362647506723
E0,0607,2006-11-12,Arsenal,Liverpool,3,0,H,fpl-team-1,fpl-team-14,0.45759414167911594,0.28832734318966236,0.2540785151312218,0.46558508882074273,0.28541008581380356,0.24900482536545368,0.04376454441808164,0.42480211081794195,0.575197889182058,0.41879879194638786,0.5812012080536122
E0,0607,2006-11-12,Reading,Tottenham,3,1,H,,,0.3019625991291361,0.2887103220513684,0.40932707881949554,0.29997547978796857,0.28589576372711545,0.41412875648491604,0.04294887464493513,0.4312169312169312,0.5687830687830688,0.42580967327754204,0.574190326722458
E0,0607,2006-11-18,Arsenal,Newcastle,1,1,D,fpl-team-1,fpl-team-17,0.7131053004341216,0.1957246462893653,0.09117005327651308,0.7375113590752795,0.18627172424171204,0.07621691668300844,0.04582817922346294,0.4959785522788205,0.5040214477211796,0.4956871765387142,0.5043128234612858
E0,0607,2006-11-18,Chelsea,West Ham,1,0,H,fpl-team-6,,0.758899341600847,0.16787352894643964,0.07322712945271331,0.7868515177394917,0.15608972098031224,0.057058761280196095,0.04802295286208391,0.5227882037533512,0.47721179624664883,0.52448861999613,0.47551138000387005
E0,0607,2006-11-18,Everton,Bolton,1,0,H,fpl-team-9,,0.4054710883338592,0.2890740251213002,0.30545488654484054,0.4103137080939688,0.2861094380539226,0.30357685385210864,0.04568859655410051,0.4184210526315789,0.581578947368421,0.4117789350776008,0.5882210649223991
E0,0607,2006-11-18,Man City,Fulham,3,1,H,fpl-team-15,fpl-team-10,0.43535345646177687,0.2879610636784794,0.27668547985974373,0.4420136322226175,0.2849927891447358,0.27299357863264684,0.04440767387859523,0.41578947368421054,0.5842105263157895,0.4087695290357183,0.5912304709642818
E0,0607,2006-11-18,Middlesbrough,Liverpool,0,0,D,,fpl-team-14,0.2701459951944773,0.2861359450658015,0.4437180597397212,0.26602435483720943,0.2830403600438127,0.45093528511897785,0.04448403068818152,0.42592592592592593,0.574074074074074,0.4198557403230982,0.5801442596769018
E0,0607,2006-11-18,Portsmouth,Watford,2,1,H,,,0.5746232175605651,0.2595599192958235,0.16581686314361135,0.5914294924515138,0.2542237972679918,0.1543467102804943,0.04804409178905189,0.4586666666666667,0.5413333333333333,0.4556077443035696,0.5443922556964305
E0,0607,2006-11-18,Reading,Charlton,2,0,H,,,0.4816193399846508,0.28069838833461247,0.23768227168073675,0.4917584965742528,0.27705857128995104,0.2311829321357962,0.04664244898594916,0.45721925133689845,0.5427807486631016,0.4539077579061352,0.5460922420938649
E0,0607,2006-11-18,Sheffield United,Man United,1,2,A,,,0.10426827205404472,0.2102067452622732,0.685524982683682,0.08978410970816961,0.20166156426594323,0.7085543260258871,0.0461808224208653,0.5067024128686327,0.4932975871313674,0.5071888658834666,0.49281113411653343
E0,0607,2006-11-19,Blackburn,Tottenham,1,1,D,,,0.3838559764099292,0.28849552944016693,0.3276484941499039,0.38719746566431756,0.2855398920042467,0.3272626423314357,0.04504179209470749,0.4232804232804233,0.5767195767195767,0.4168577981693813,0.5831422018306188
E0,0607,2006-11-19,Wigan,Aston Villa,0,0,D,,fpl-team-2,0.3852966540186271,0.2883666781648844,0.32633666781648846,0.3887520180007459,0.2853866002597649,0.3258613817394892,0.04528677277266979,0.4232804232804233,0.5767195767195767,0.4168577981693813,0.5831422018306188
E0,0607,2006-11-25,Aston Villa,Middlesbrough,1,1,D,fpl-team-2,,0.5184160681459054,0.2772194684647288,0.20436446338936579,0.5306714052263187,0.27341560415298083,0.1959129906207004,0.04528357391245663,0.42894736842105263,0.5710526315789474,0.4236662802851672,0.5763337197148328
E0,0607,2006-11-25,Bolton,Arsenal,3,1,H,,fpl-team-1,0.2598011164689169,0.2839312511254727,0.45626763240561036,0.2549208629913303,0.2806236657117798,0.4644554712968898,0.04534892691299319,0.4251968503937008,0.5748031496062992,0.41966852696700674,0.5803314730329933
E0,0607,2006-11-25,Charlton,Everton,1,1,D,,fpl-team-9,0.34816787885601613,0.2899568454826128,0.36187527566137107,0.34911992345023823,0.28716434665901486,0.3637157298907469,0.04399428982287645,0.41253263707571797,0.5874673629242819,0.40576652602573043,0.5942334739742695
E0,0607,2006-11-25,Fulham,Reading,0,1,A,fpl-team-10,,0.43123930458073956,0.2852607822226631,0.2834999131965973,0.4376349993637918,0.2821195168732165,0.2802454837629916,0.04443276487290859,0.44297082228116713,0.557029177718833,0.4386940404900047,0.5613059595099953
E0,0607,2006-11-25,Liverpool,Man City,1,0,H,fpl-team-14,fpl-team-15,0.649925769899377,0.23258764861881256,0.11748658148181047,0.6712177360440392,0.22538681552510786,0.10339544843085292,0.04715788271278143,0.47200000000000003,0.528,0.4700393768229449,0.5299606231770552
E0,0607,2006-11-25,West Ham,Sheffield United,1,0,H,,,0.5185666251165324,0.275634512449328,0.20579886243413956,0.5307904947006071,0.2717428208718434,0.1974666844275494,0.04511888138949871,0.43271767810026385,0.5672823218997362,0.4276800907473446,0.5723199092526554
E0,0607,2006-11-26,Man United,Chelsea,1,1,D,,fpl-team-6,0.3717623946647366,0.3012976270485447,0.32693997828671867,0.3741544313309354,0.2993079246686584,0.3265376440004062,0.04233229602687061,0.4077922077922079,0.5922077922077923,0.40082690803714605,0.599173091962854
E0,0607,2006-11-26,Newcastle,Portsmouth,1,0,H,fpl-team-17,,0.41418648917798034,0.2882426351019174,0.29757087572010243,0.41939918223377926,0.2853394788920201,0.29526133887420053,0.04383845068514347,0.42368421052631583,0.5763157894736841,0.4177514960571316,0.5822485039428683
E0,0607,2006-11-26,Tottenham,Wigan,3,1,H,,,0.5188493064861384,0.2766154435182123,0.20453524999564918,0.5310112906185014,0.2728113356948671,0.19617737368663138,0.04482126096263528,0.43271767810026385,0.5672823218997362,0.4276800907473446,0.5723199092526554
E0,0607,2006-11-28,Watford,Sheffield United,0,1,A,,,0.4224949758341776,0.29146805294889466,0.28603697121692767,0.4281272224879681,0.28882104867131475,0.2830517288407171,0.04293563449755311,0.41514360313315923,0.5848563968668407,0.408748876912001,0.591251123087999
E0,0607,2006-11-29,Aston Villa,Man City,1,3,A,fpl-team-2,fpl-team-15,0.5037432922091597,0.27951609506727765,0.2167406127235628,0.5151413306556002,0.27584769557218153,0.2090109737722182,0.04568764986470342,0.42216358839050133,0.5778364116094987,0.41581050228309485,0.5841894977169051
E0,0607,2006-11-29,Bolton,Chelsea,0,1,A,,fpl-team-6,0.18207209677522204,0.2662275135986532,0.5517003896261247,0.17196095036642525,0.2615403756485305,0.5664986739850443,0.046538729686290026,0.4323607427055703,0.5676392572944297,0.42689639356391795,0.573103606436082
E0,0607,2006-11-29,Fulham,Arsenal,2,1,H,fpl-team-10,fpl-team-1,0.16790642178122006,0.2637146970339047,0.5683788811848753,0.1567782374840728,0.2587676239444313,0.5844541385714959,0.04711919464170933,0.450402144772118,0.549597855227882,0.44628339140281453,0.5537166085971855
E0,0607,2006-11-29,Liverpool,Portsmouth,0,0,D,fpl-team-14,,0.6325229810306868,0.23884331314960833,0.12863370581970487,0.6524521090486226,0.23220772615864435,0.11534016479273305,0.04643264808692038,0.4625668449197861,0.5374331550802139,0.4597388778616078,0.5402611221383922
E0,0607,2006-11-29,Man United,Everton,3,0,H,,fpl-team-9,0.7006775581529533,0.20041213999571375,0.09891030185133286,0.7249298972240823,0.19108688728726292,0.08398321548865474,0.04686410469003022,0.4973118279569893,0.5026881720430109,0.49710940887399396,0.502890591126006
E0,0607,2006-12-02,Arsenal,Tottenham,3,0,H,fpl-team-1,,0.5639955287495948,0.2641703195005286,0.17183415174987657,0.5789322886923103,0.2595375590946513,0.16153015221303843,0.04449663870036602,0.4557640750670242,0.5442359249329759,0.4521877716670386,0.5478122283329613
E0,0607,2006-12-02,Blackburn,Fulham,2,0,H,,fpl-team-10,0.4829637230868631,0.2823480227277046,0.23468825418543224,0.4928646016839481,0.2789315721398764,0.22820382617617554,0.045112858060747385,0.4335106382978723,0.5664893617021276,0.42799331778026306,0.5720066822197369
E0,0607,2006-12-02,Middlesbrough,Man United,1,2,A,,,0.15928799506241034,0.2553032587528077,0.5854087461847819,0.1481731374397126,0.2500438728584773,0.6017829897018101,0.04477147455327213,0.4693333333333332,0.5306666666666666,0.467165372312263,0.5328346276877369
E0,0607,2006-12-02,Portsmouth,Aston Villa,2,2,D,,fpl-team-2,0.415321748288573,0.2895460768825698,0.29513217482885734,0.4207225821387998,0.28666414762494985,0.2926132702362502,0.044810117105953395,0.4297082228116711,0.5702917771883289,0.42391616422114325,0.5760838357788568
E0,0607,2006-12-02,Reading,Bolton,1,0,H,,,0.381437581416945,0.2890769091870558,0.3294855093959991,0.38454267623887484,0.2862292848319191,0.3292280389292061,0.04394220979884267,0.4297082228116711,0.5702917771883289,0.42391616422114325,0.5760838357788568
E0,0607,2006-12-02,Sheffield United,Charlton,2,1,H,,,0.41909570516614,0.28953299505168656,0.29137129978217347,0.42474893961944793,0.28664664630628667,0.28860441407426535,0.044840641086921096,0.4323607427055703,0.5676392572944297,0.42689639356391795,0.573103606436082
E0,0607,2006-12-02,Wigan,Liverpool,0,4,A,,fpl-team-14,0.2653185035389282,0.28687563195146615,0.44780586450960574,0.26085615476208984,0.2838043572014524,0.45533948803645774,0.04478867817670107,0.4335106382978723,0.5664893617021276,0.42799331778026306,0.5720066822197369
E0,0607,2006-12-03,Everton,West Ham,2,0,H,fpl-team-9,,0.48298240553792904,0.2841072973752524,0.23291029708681857,0.4928792569961852,0.2808058615742297,0.2263148814295851,0.04509436246007681,0.42592592592592593,0.574074074074074,0.4198557403230982,0.5801442596769018
E0,0607,2006-12-04,Man City,Watford,0,0,D,fpl-team-15,,0.573137160729556,0.2642707369358183,0.16259210233462582,0.5891355435610748,0.2594679848916522,0.15139647154727295,0.045981464674696326,0.4373333333333333,0.5626666666666666,0.4320887758586416,0.5679112241413584
E0,0607,2006-12-05,Charlton,Blackburn,1,0,H,,,0.35773057250208623,0.2900213158770857,0.3522481116208282,0.35929812058245947,0.2872405909928479,0.3534612884246927,0.04387274128384888,0.42216358839050133,0.5778364116094987,0.41581050228309485,0.5841894977169051
E0,0607,2006-12-05,Tottenham,Middlesbrough,2,1,H,,,0.5491231041060264,0.26892539116042924,0.1819515047335444,0.5635186707844253,0.26449161068004384,0.17198971853553086,0.04579074401408434,0.4323607427055703,0.5676392572944297,0.42689639356391795,0.573103606436082
E0,0607,2006-12-06,Newcastle,Reading,3,2,H,fpl-team-17,,0.4517184942716858,0.2847790507364975,0.2635024549918167,0.4596136959324138,0.2815263454202241,0.2588599586473621,0.04540292336605489,0.42819148936170215,0.5718085106382979,0.4219991333206378,0.5780008666793621
E0,0607,2006-12-06,West Ham,Wigan,0,2,A,,,0.469507527430467,0.28170451645828015,0.24878795611125284,0.47876252622255255,0.27816785214486256,0.24306962163258494,0.046321707777678967,0.4438502673796791,0.5561497326203209,0.43917979611776714,0.560820203882233
E0,0607,2006-12-09,Blackburn,Newcastle,1,3,A,,fpl-team-17,0.4433647464339409,0.28590810751347584,0.27072714605258336,0.45062794437722437,0.28276819594275854,0.266603859680017,0.04491927521303296,0.42216358839050133,0.5778364116094987,0.41581050228309485,0.5841894977169051
E0,0607,2006-12-09,Bolton,West Ham,4,0,H,,,0.5235918288780348,0.2785062919564015,0.1979018791655639,0.5364033170516662,0.2747087546260321,0.18888792832230178,0.04611167823895812,0.42480211081794195,0.575197889182058,0.41879879194638786,0.5812012080536122
E0,0607,2006-12-09,Liverpool,Fulham,4,0,H,fpl-team-14,fpl-team-10,0.7009763570493107,0.2040620061632438,0.09496163678744542,0.7251113040747452,0.19497642822917152,0.0799122676960833,0.04670792515389621,0.49193548387096786,0.5080645161290323,0.49132622083501815,0.5086737791649818
E0,0607,2006-12-09,Man United,Man City,3,1,H,,fpl-team-15,0.6916842888902832,0.20907729641456288,0.09923841469515392,0.7146981139481338,0.200569389215834,0.08473249683603225,0.045462317299097776,0.5215053763440861,0.47849462365591405,0.5231669176391498,0.47683308236085015
E0,0607,2006-12-09,Middlesbrough,Wigan,1,1,D,,,0.4414990859232175,0.2851919561243144,0.273308957952468,0.4485875082038388,0.28203002672589256,0.2693824650702687,0.04458509082905948,0.44,0.56,0.4350649350539206,0.5649350649460794
E0,0607,2006-12-09,Portsmouth,Everton,2,0,H,,fpl-team-9,0.43425783787586014,0.2872363755229044,0.2785057866012355,0.44104684999142135,0.2841304381905918,0.2748227118179868,0.045784807414747775,0.42480211081794195,0.575197889182058,0.41879879194638786,0.5812012080536122
E0,0607,2006-12-09,Tottenham,Charlton,5,1,H,,,0.615053198608982,0.24308468592238283,0.14186211546863517,0.6340018405291805,0.23674040353486464,0.12925775593595484,0.046668178867548704,0.47849462365591405,0.5215053763440861,0.47683308236085015,0.5231669176391498
E0,0607,2006-12-09,Watford,Reading,0,0,D,,,0.3490296543861703,0.2895734987494094,0.36139684686442036,0.3500534504604002,0.2867114306921196,0.3632351188474801,0.044715429190546274,0.42857142857142855,0.5714285714285714,0.4228395061711721,0.577160493828828
E0,0607,2006-12-10,Chelsea,Arsenal,1,1,D,fpl-team-6,fpl-team-1,0.5375636331452884,0.2752197043947435,0.18721666245996807,0.5507983530275397,0.2713343682676562,0.17786727870480415,0.04440179863013327,0.42819148936170215,0.5718085106382979,0.4219991333206378,0.5780008666793621
E0,0607,2006-12-11,Sheffield United,Aston Villa,2,2,D,,fpl-team-2,0.3399648917495611,0.291398478642481,0.36863662960795784,0.34039305489094746,0.2886532166849974,0.3709537284240553,0.044740956043824553,0.42063492063492064,0.5793650793650793,0.4138450934775191,0.5861549065224809
E0,0607,2006-12-13,Chelsea,Newcastle,1,0,H,fpl-team-6,fpl-team-17,0.7529048828898518,0.17137014125477967,0.07572497585536844,0.7803645541872886,0.1599103780685867,0.059725067744124755,0.04764595488086343,0.4973118279569893,0.5026881720430109,0.49710940887399396,0.502890591126006
E0,0607,2006-12-13,Wigan,Arsenal,0,1,A,,fpl-team-1,0.20311119580092507,0.2734422367349767,0.5234465674640982,0.19440356431129563,0.26930253235792584,0.5362939033307786,0.046248376136645675,0.45161290322580644,0.5483870967741936,0.4474789916038601,0.5525210083961398
E0,0607,2006-12-16,Arsenal,Portsmouth,2,2,D,fpl-team-1,,0.6602670520491527,0.22222063010855259,0.11751231784229477,0.6818807422278872,0.214476409048606,0.10364284872350689,0.04633481916971505,0.47184986595174266,0.5281501340482575,0.4697161975078396,0.5302838024921604
E0,0607,2006-12-16,Aston Villa,Bolton,0,1,A,fpl-team-2,,0.40571901496469953,0.29330642164645476,0.30097456338884576,0.41029254981917795,0.29078013269434577,0.2989273174864763,0.04294588405173272,0.4244031830238727,0.5755968169761273,0.41791474653989225,0.5820852534601078
E0,0607,2006-12-16,Charlton,Liverpool,0,3,A,,fpl-team-14,0.16213466093315243,0.2570538321797319,0.5808115068871156,0.15099546097581074,0.25181756126708804,0.5971869777571012,0.045602657250128686,0.4373333333333333,0.5626666666666666,0.4320887758586416,0.5679112241413584
E0,0607,2006-12-16,Newcastle,Watford,2,1,H,fpl-team-17,,0.5541929274426403,0.2705765469278773,0.17523052562948244,0.568368254916011,0.26640357301084233,0.16522817207314672,0.04405850823968649,0.44652406417112295,0.553475935828877,0.4421446961088058,0.5578553038911942
E0,0607,2006-12-16,Reading,Blackburn,1,2,A,,,0.45436255866239716,0.28415243606750534,0.2614850052700975,0.4623488213488588,0.2808915757355139,0.25675960291562727,0.04491680674254894,0.42175066312997345,0.5782493368700266,0.4148923893445681,0.5851076106554319
E0,0607,2006-12-16,Wigan,Sheffield United,0,1,A,,,0.503313065595424,0.2801314310041809,0.21655550340039517,0.5147968055708153,0.2764662716938308,0.2087369227353538,0.04615998372901231,0.4373333333333333,0.5626666666666666,0.4320887758586416,0.5679112241413584
E0,0607,2006-12-17,Everton,Chelsea,2,3,A,fpl-team-9,fpl-team-6,0.14838459633748535,0.25614994563286575,0.595465458029649,0.13629322008431505,0.25075224663703577,0.6129545332786491,0.04616659600287676,0.4361702127659574,0.5638297872340425,0.43097100782246683,0.5690289921775332
E0,0607,2006-12-17,Man City,Tottenham,1,2,A,fpl-team-15,,0.38241911707657694,0.28861820156722784,0.32896268135619516,0.3856488429372583,0.28568573401599173,0.3286654230467499,0.044808787293732166,0.425531914893617,0.574468085106383,0.4189814814753256,0.5810185185246745
E0,0607,2006-12-17,West Ham,Man United,1,0,H,,,0.1326577763742375,0.23332954067854464,0.6340126829472179,0.11995036283451196,0.2265579212292119,0.6534917159362761,0.04503926052711904,0.4932975871313674,0.5067024128686327,0.49281113411653343,0.5071888658834666
E0,0607,2006-12-18,Fulham,Middlesbrough,2,1,H,fpl-team-10,,0.43691396611284744,0.2867247902615562,0.27636124362559633,0.4437720960505563,0.28363280752458087,0.27259509642486274,0.04505212849471718,0.432,0.568,0.4260998087242588,0.5739001912757411
E0,0607,2006-12-23,Arsenal,Blackburn,6,2,H,fpl-team-1,,0.6888238486242205,0.2058731952067895,0.10530295616899005,0.7128336203251289,0.19675417674190718,0.09041220293296388,0.047781189205124974,0.4879356568364612,0.5120643431635389,0.4870548299852793,0.5129451700147207
E0,0607,2006-12-23,Aston Villa,Man United,0,3,A,fpl-team-2,,0.16369047619047616,0.26134672619047616,0.5749627976190476,0.1529718817022967,0.2565490540469489,0.5904790642507544,0.04419199679978192,0.4569892473118279,0.543010752688172,0.45340710541314455,0.5465928945868556
E0,0607,2006-12-23,Fulham,West Ham,0,0,D,fpl-team-10,,0.39595969080921434,0.2861764743543231,0.3178638348364627,0.40003990983271676,0.2831141726797459,0.3168459174875374,0.04433332197368145,0.4297082228116711,0.5702917771883289,0.42391616422114325,0.5760838357788568
E0,0607,2006-12-23,Liverpool,Watford,2,0,H,fpl-team-14,,0.7654140820694518,0.16431071529219002,0.07027520263835822,0.7937065314388743,0.152267528829856,0.05402593973126968,0.048095639795064926,0.5322580645161289,0.46774193548387094,0.5348310693145548,0.4651689306854451
E0,0607,2006-12-23,Man City,Bolton,0,2,A,fpl-team-15,,0.3785860721791714,0.2892969042123857,0.3321170236084428,0.38147945715424786,0.2864899695920163,0.3320305732537359,0.04352632293011993,0.42063492063492064,0.5793650793650793,0.4138450934775191,0.5861549065224809
E0,0607,2006-12-23,Middlesbrough,Charlton,2,0,H,,,0.537002079455705,0.2724847346793043,0.19051318586499075,0.5503709711864708,0.26837724311004313,0.1812517857034861,0.04496877687051892,0.44266666666666665,0.5573333333333332,0.4380296304737454,0.5619703695262547
E0,0607,2006-12-23,Newcastle,Tottenham,3,1,H,fpl-team-17,,0.37978602635109565,0.2872131824280161,0.33300079122088827,0.3827908771090646,0.28423952650415174,0.33296959638678364,0.04405074869282544,0.4373333333333333,0.5626666666666666,0.4320887758586416,0.5679112241413584
E0,0607,2006-12-23,Portsmouth,Sheffield United,3,1,H,,,0.5522614180216158,0.26727520522328924,0.18046337675509488,0.5669204588441834,0.26271084189325844,0.17036869926255813,0.0459788148291409,0.4450402144772118,0.5549597855227882,0.4403410744483554,0.5596589255516446
E0,0607,2006-12-23,Reading,Everton,0,2,A,,fpl-team-9,0.40425522864835667,0.286768552822428,0.30897621852921536,0.40893689080942586,0.28370312575429585,0.30735998343627835,0.04491636669263244,0.432,0.568,0.4260998087242588,0.5739001912757411
E0,0607,2006-12-23,Wigan,Chelsea,2,3,A,,fpl-team-6,0.11678909522508228,0.22280638069639486,0.6604045240785229,0.10291296435347229,0.2151151980729206,0.681971837573607,0.046225066063925624,0.4611260053619303,0.5388739946380697,0.4580585444799596,0.5419414555200404
E0,0607,2006-12-26,Blackburn,Liverpool,1,0,H,,fpl-team-14,0.21069418652453115,0.274407099216081,0.5148987142593878,0.2025354767063435,0.2703728496439418,0.5270916736497147,0.04590801103040576,0.44533333333333336,0.5546666666666668,0.44098341777534705,0.559016582224653
E0,0607,2006-12-26,Bolton,Newcastle,2,1,H,,fpl-team-17,0.4829637230868631,0.2823480227277046,0.23468825418543224,0.4928646016839481,0.2789315721398764,0.22820382617617554,0.045112858060747385,0.4373333333333333,0.5626666666666666,0.4320887758586416,0.5679112241413584
E0,0607,2006-12-26,Chelsea,Reading,2,2,D,fpl-team-6,,0.7802016010575793,0.15577629259694475,0.06402210634547591,0.8086358738741096,0.14340957889572692,0.04795454723016348,0.04714771383441985,0.5349462365591399,0.46505376344086025,0.5377610596295711,0.46223894037042884
E0,0607,2006-12-26,Everton,Middlesbrough,0,0,D,fpl-team-9,,0.5163381344211453,0.27850966038473896,0.20515220519411573,0.5282213927340121,0.27486578076764584,0.196912826498342,0.04438044223934412,0.4414893617021276,0.5585106382978724,0.43689041882049473,0.5631095811795052
E0,0607,2006-12-26,Man United,Wigan,3,1,H,,,0.7724865580369543,0.15987113114156098,0.0676423108214846,0.800954400589533,0.14761254750693345,0.05143305190353348,0.04779894626699388,0.5626666666666666,0.4373333333333333,0.5679112241413584,0.4320887758586416
E0,0607,2006-12-26,Sheffield United,Man City,0,1,A,,fpl-team-15,0.40037760188630084,0.28562763499053856,0.31399476312316055,0.40484787529139554,0.28245700886102215,0.3126951158475824,0.0453860005363822,0.42857142857142855,0.5714285714285714,0.4228395061711721,0.577160493828828
E0,0607,2006-12-26,Tottenham,Aston Villa,2,1,H,,fpl-team-2,0.5161370346430006,0.27924739260320397,0.20461557275379533,0.5280629614296922,0.27563275249734925,0.19630428607295863,0.04459702596068382,0.44533333333333336,0.5546666666666668,0.44098341777534705,0.559016582224653
E0,0607,2006-12-26,Watford,Arsenal,1,2,A,,fpl-team-1,0.12420428592254239,0.23115797657806503,0.6446377374993926,0.11033258265610738,0.2238117994213239,0.6658556179225686,0.04767154692672193,0.4932614555256065,0.5067385444743935,0.4927334030922223,0.5072665969077778
E0,0607,2006-12-26,West Ham,Portsmouth,1,2,A,,,0.40842284134572704,0.28627769253205165,0.30529946612222125,0.41329746872336026,0.2832303543480969,0.3034721769285428,0.04415352689102292,0.44,0.56,0.4350649350539206,0.5649350649460794
E0,0607,2006-12-27,Charlton,Fulham,2,2,D,,fpl-team-10,0.37516962697144235,0.28813968215675045,0.33669069087180725,0.3778718272517743,0.2852294077209775,0.33689876502724814,0.04399836203083396,0.42592592592592593,0.574074074074074,0.4198557403230982,0.5801442596769018
E0,0607,2006-12-30,Blackburn,Middlesbrough,2,1,H,,,0.4708729371975042,0.28427313545979355,0.24485392734270217,0.47990467306676876,0.28102021213994083,0.2390751147932904,0.04473147774115205,0.4361702127659574,0.5638297872340425,0.43097100782246683,0.5690289921775332
E0,0607,2006-12-30,Bolton,Portsmouth,3,2,H,,,0.4736764921542748,0.2844991934301217,0.24182431441560343,0.48280448632194817,0.28128891157371455,0.23590660210433734,0.04430427378974855,0.44,0.56,0.4350649350539206,0.5649350649460794
E0,0607,2006-12-30,Charlton,Aston Villa,2,1,H,,fpl-team-2,0.350885082022501,0.2900059668450955,0.35910895113240343,0.35201088918361184,0.2872224412097624,0.36076666960662573,0.04390167398378253,0.4323607427055703,0.5676392572944297,0.42689639356391795,0.573103606436082
E0,0607,2006-12-30,Chelsea,Fulham,2,2,D,fpl-team-6,fpl-team-10,0.7816082548462855,0.1560548904727225,0.06233685468099209,0.8125001001880527,0.14249972928283722,0.0450001705291101,0.05175685789436102,0.5573333333333332,0.44266666666666665,0.5619703695262547,0.4380296304737454
E0,0607,2006-12-30,Everton,Newcastle,3,0,H,fpl-team-9,fpl-team-17,0.4372768681521605,0.28696294472485534,0.2757601871229841,0.4440910407870235,0.283916679625031,0.27199227958794553,0.04459853679873049,0.4365079365079365,0.5634920634920635,0.431711480998045,0.568288519001955
E0,0607,2006-12-30,Man United,Reading,3,2,H,,,0.7681511962494788,0.16265123194606404,0.06919757180445721,0.7982737912610582,0.1496967892619545,0.05202941947698729,0.051319755613803864,0.5664893617021276,0.4335106382978723,0.5720066822197369,0.42799331778026306
E0,0607,2006-12-30,Sheffield United,Arsenal,1,0,H,,fpl-team-1,0.14359563469270537,0.24468696151636993,0.6117174037909248,0.13128033982058362,0.23855398866873576,0.6301656715106806,0.04592367389705032,0.4946236559139785,0.5053763440860215,0.49421831637467617,0.5057816836253239
E0,0607,2006-12-30,Tottenham,Liverpool,0,1,A,,fpl-team-14,0.350885082022501,0.2900059668450955,0.35910895113240343,0.35201088918361184,0.2872224412097624,0.36076666960662573,0.04390167398378253,0.44,0.56,0.4350649350539206,0.5649350649460794
E0,0607,2006-12-30,West Ham,Man City,0,1,A,,fpl-team-15,0.44566117379657444,0.2851124279568147,0.26922639824661093,0.4530477576808967,0.2819315076592182,0.26502073465988496,0.044747000792995095,0.4323607427055703,0.5676392572944297,0.42689639356391795,0.573103606436082
E0,0607,2007-01-01,Fulham,Watford,0,0,D,fpl-team-10,,0.5502522410893781,0.2702709537115474,0.17947680519907447,0.564369446475592,0.2660293539589158,0.16960119956549224,0.044658101396635175,0.4491978609625669,0.5508021390374332,0.44509939899045475,0.5549006010095452
E0,0607,2007-01-01,Liverpool,Bolton,3,0,H,fpl-team-14,,0.5768959849729983,0.261328950457854,0.16177506456914767,0.5930960451106396,0.2563445225925181,0.1505594322968423,0.04584842943586409,0.4441489361702128,0.5558510638297872,0.43983325216669694,0.5601667478333031
E0,0607,2007-01-01,Man City,Everton,2,1,H,fpl-team-15,fpl-team-9,0.39406288603339146,0.289061803548005,0.3168753104186034,0.3978393628676276,0.2863165690195916,0.3158440681127807,0.042271867860108614,0.42592592592592593,0.574074074074074,0.4198557403230982,0.5801442596769018
E0,0607,2007-01-01,Middlesbrough,Sheffield United,3,1,H,,,0.5084449164774772,0.27803181233360535,0.21352327118891737,0.519635471029315,0.27443087031983365,0.2059336586508514,0.04361835215240717,0.44266666666666665,0.5573333333333332,0.4380296304737454,0.5619703695262547
E0,0607,2007-01-01,Newcastle,Man United,2,2,D,fpl-team-17,,0.15306862168483537,0.2544076814706406,0.5925236968445241,0.14147303507064019,0.24901741492279117,0.6095095500065686,0.045256784185767174,0.510752688172043,0.489247311827957,0.5115673799884463,0.4884326200115537
E0,0607,2007-01-01,Portsmouth,Tottenham,1,1,D,,,0.3973285418856155,0.2880631928670712,0.3146082652473132,0.40132526724399875,0.285243877181266,0.31343085557473543,0.042454808950424194,0.4598930481283422,0.5401069518716577,0.4568270780554385,0.5431729219445616
E0,0607,2007-01-01,Reading,West Ham,6,0,H,,,0.4548703842893925,0.2818522013081512,0.2632774144024564,0.4627834726621997,0.2784878407677913,0.25872868657000897,0.04430472454987466,0.448,0.5519999999999999,0.443926846101406,0.556073153898594
E0,0607,2007-01-01,Wigan,Blackburn,0,3,A,,,0.401660169919282,0.2865426134315127,0.31179721664920534,0.406044683038278,0.2835486816106986,0.3104066353510234,0.043641683645546436,0.45599999999999996,0.5439999999999999,0.4527003783983748,0.5472996216016252
E0,0607,2007-01-02,Arsenal,Charlton,4,0,H,fpl-team-1,,0.7598157507405596,0.16807624467935595,0.07210800458008447,0.7874173236275304,0.15646566252466307,0.05611701384780662,0.047319428995251656,0.568,0.432,0.5739001912757411,0.4260998087242588
E0,0607,2007-01-02,Aston Villa,Chelsea,0,0,D,fpl-team-2,fpl-team-6,0.14963013860408192,0.2537925555328903,0.5965773058630278,0.137872275603636,0.24837204758083145,0.6137556768155326,0.045101856580004096,0.482573726541555,0.517426273458445,0.48128957973796427,0.5187104202620358
E0,0607,2007-01-13,Blackburn,Arsenal,0,2,A,,fpl-team-1,0.22253936504923827,0.2736902041799587,0.5037704307708031,0.21518752738714975,0.26964647591268553,0.5151659967001647,0.045645738719031215,0.4596774193548387,0.5403225806451611,0.45635855808880815,0.543641441911192
E0,0607,2007-01-13,Bolton,Man City,0,0,D,,fpl-team-15,0.5171049258956254,0.2790474752546515,0.20384759884972312,0.529640180829362,0.2752486708374862,0.19511114833315174,0.04668788658455014,0.4373333333333333,0.5626666666666666,0.4320887758586416,0.5679112241413584
E0,0607,2007-01-13,Charlton,Middlesbrough,1,3,A,,,0.37470580360420275,0.28778345417877643,0.3375107422170209,0.3774178724668463,0.28480659571619527,0.33777553181695846,0.044672647840343416,0.4450402144772118,0.5549597855227882,0.4403410744483554,0.5596589255516446
E0,0607,2007-01-13,Chelsea,Wigan,4,0,H,fpl-team-6,,0.7664732032985347,0.16336906642242305,0.07015773027904208,0.7943634386336413,0.15148372425919648,0.05415283710716229,0.047226133523508906,0.5510752688172044,0.44892473118279574,0.5554987585814644,0.44450124141853564
E0,0607,2007-01-13,Man United,Aston Villa,3,1,H,,fpl-team-2,0.7356172478019879,0.17994551071477197,0.08443724148324011,0.7616144511673766,0.1693441045889504,0.06904144424367294,0.0464712749235332,0.553475935828877,0.44652406417112295,0.5578553038911942,0.4421446961088058
E0,0607,2007-01-13,Sheffield United,Portsmouth,1,1,D,,,0.35676016251330744,0.2892345797032177,0.35400525778347497,0.35831424239944965,0.286310404193311,0.3553753534072394,0.04535427177324891,0.45161290322580644,0.5483870967741936,0.4474789916038601,0.5525210083961398
E0,0607,2007-01-13,Watford,Liverpool,0,3,A,,fpl-team-14,0.13296088314774712,0.24535714970197597,0.621681967150277,0.12041658358293046,0.2394245821374562,0.6401588342796134,0.04450534121133387,0.4638069705093834,0.5361930294906166,0.46098265895694995,0.5390173410430501
E0,0607,2007-01-13,West Ham,Fulham,3,3,D,,fpl-team-10,0.43579185668821163,0.28556547130811377,0.2786426720036747,0.4423996364613982,0.28248105927432515,0.27511930426427667,0.04385799518786371,0.45161290322580644,0.5483870967741936,0.4474789916038601,0.5525210083961398
E0,0607,2007-01-14,Everton,Reading,1,1,D,fpl-team-9,,0.4633764756080217,0.28317451287156875,0.25344901152040966,0.4719955697593038,0.27982756481160814,0.2481768654290881,0.04513641307130456,0.4543010752688172,0.5456989247311828,0.45044743056230974,0.5495525694376904
E0,0607,2007-01-14,Tottenham,Newcastle,2,3,A,,fpl-team-17,0.5172058864439313,0.27729713188861377,0.20549698166745484,0.5289026305470118,0.27365320379533653,0.19744416565765172,0.043453646707348526,0.45844504021447724,0.5415549597855228,0.4551270916534818,0.5448729083465182
E0,0607,2007-01-20,Aston Villa,Watford,2,0,H,fpl-team-2,,0.5713640791693397,0.26421460308408773,0.1644213177465726,0.5878285706998367,0.25923028183441815,0.152941147465745,0.04771267902106047,0.4557640750670242,0.5442359249329759,0.4521877716670386,0.5478122283329613
E0,0607,2007-01-20,Fulham,Tottenham,1,1,D,fpl-team-10,,0.344142605725836,0.28968966178187455,0.3661677324922895,0.34486763894401257,0.28674115175875986,0.36839120929722746,0.046222495613619685,0.4623655913978494,0.5376344086021505,0.45930232558701545,0.5406976744129846
E0,0607,2007-01-20,Liverpool,Chelsea,2,0,H,fpl-team-14,fpl-team-6,0.3388662999282468,0.2981583353264769,0.3629753647452763,0.3392225385213686,0.29586725474193815,0.3649102067366932,0.044483414851129055,0.42063492063492064,0.5793650793650793,0.4138450934775191,0.5861549065224809
E0,0607,2007-01-20,Man City,Blackburn,0,3,A,fpl-team-15,,0.41525523703591355,0.2867856480779278,0.2979591148861587,0.4206618654148799,0.2837185828454416,0.2956195517396784,0.044898018473759294,0.4450402144772118,0.5549597855227882,0.4403410744483554,0.5596589255516446
E0,0607,2007-01-20,Middlesbrough,Bolton,5,1,H,,,0.3781836490216844,0.28780013541901767,0.3340162155592979,0.3812331690592344,0.2847145179756047,0.3340523129651608,0.04635762493126094,0.4411764705882353,0.5588235294117646,0.4362041467306083,0.5637958532693917
E0,0607,2007-01-20,Newcastle,West Ham,2,2,D,fpl-team-17,,0.5019127773527161,0.27850038255547055,0.2195868400918133,0.5136746116884547,0.27460533403911735,0.21172005427242793,0.0476942528039217,0.4879356568364612,0.5120643431635389,0.4870548299852793,0.5129451700147207
E0,0607,2007-01-20,Portsmouth,Charlton,0,1,A,,,0.5912309691230141,0.25526685296397544,0.15350217791301038,0.608576856863651,0.24978739145770273,0.1416357516786462,0.04648627107962966,0.49061662198391415,0.5093833780160857,0.48993385102262793,0.5100661489773721
E0,0607,2007-01-20,Reading,Sheffield United,3,1,H,,,0.5061454007972217,0.27930584617163756,0.2145487530311408,0.517807001758801,0.27558627218571297,0.206606726055486,0.04611549852415919,0.47058823529411764,0.5294117647058824,0.4684343434345415,0.5315656565654585
E0,0607,2007-01-21,Arsenal,Man United,2,1,H,fpl-team-1,,0.36642232738577174,0.2966838844317055,0.3368937881825227,0.36854354012391566,0.29433995438079646,0.3371165054952879,0.04366055771242827,0.44,0.56,0.4350649350539206,0.5649350649460794
E0,0607,2007-01-21,Wigan,Everton,0,2,A,,fpl-team-9,0.3655762935986647,0.28946261732891115,0.3449610890724242,0.36769956189492947,0.2865799793085548,0.34572045879651564,0.04492520820349455,0.44652406417112295,0.553475935828877,0.4421446961088058,0.5578553038911942
E0,0607,2007-01-23,Watford,Blackburn,2,1,H,,,0.2871779980918406,0.2853942838179782,0.4274277180901813,0.2841793735024258,0.28228159481897575,0.4335390316785984,0.04417040466796607,0.44,0.56,0.4350649350539206,0.5649350649460794
E0,0607,2007-01-30,Portsmouth,Middlesbrough,0,0,D,,,0.48717832308053177,0.2809494623899999,0.23187221452946824,0.49758910299719405,0.27735673273562156,0.22505416426718436,0.04617103538475931,0.46648793565683644,0.5335120643431636,0.4638999595673853,0.5361000404326148
E0,0607,2007-01-30,Reading,Wigan,3,2,H,,,0.5174730471766984,0.2734111323888824,0.20911582043441923,0.5299336237908436,0.2692755757577917,0.20079080045136458,0.046277896501123905,0.47184986595174266,0.5281501340482575,0.4697161975078396,0.5302838024921604
E0,0607,2007-01-30,Sheffield United,Fulham,2,0,H,,fpl-team-10,0.39043610830774517,0.2876253462455176,0.3219385454467372,0.3942091564337246,0.28461526494610373,0.3211755786201717,0.044982380932196975,0.45308310991957107,0.546916890080429,0.449240051049149,0.550759948950851
E0,0607,2007-01-30,West Ham,Liverpool,1,2,A,,fpl-team-14,0.17793186012869755,0.2633187010525265,0.5587494388187759,0.1676179125420668,0.2584578764837147,0.5739242109742185,0.04625868541188538,0.46648793565683644,0.5335120643431636,0.4638999595673853,0.5361000404326148
E0,0607,2007-01-31,Bolton,Charlton,1,1,D,,,0.6008173984495209,0.2502034097652799,0.14897919178519928,0.6195438763485095,0.24411705364562356,0.13633907000586692,0.04853432346135378,0.47311827956989244,0.5268817204301075,0.4710111317301656,0.5289888682698344
E0,0607,2007-01-31,Chelsea,Blackburn,3,0,H,fpl-team-6,,0.7246804326450345,0.18446411012782696,0.09085545722713866,0.7521516668707197,0.17329998012261663,0.07454835300666368,0.05048328498378396,0.5161290322580646,0.48387096774193555,0.5173611111112308,0.4826388888887691
E0,0607,2007-01-31,Man United,Watford,4,0,H,,,0.8056122493290835,0.14042782327754666,0.05395992739336987,0.8365607145993962,0.1262903341666144,0.03714895123398938,0.05005293991416693,0.6005221932114883,0.39947780678851175,0.6094060812551565,0.3905939187448435
E0,0607,2007-01-31,Newcastle,Aston Villa,3,1,H,fpl-team-17,fpl-team-2,0.44038709571418005,0.28535986264345625,0.2742530416423637,0.4476154071831718,0.2821137181669986,0.2702708746498295,0.04596458398737013,0.46630727762803237,0.5336927223719676,0.46350791147888026,0.5364920885211197
E0,0607,2007-02-03,Aston Villa,West Ham,1,0,H,fpl-team-2,,0.4976874769117104,0.28004432951606945,0.2222681935722202,0.5088316128116747,0.27636914659354567,0.21479924059477964,0.04630530369468033,0.4543010752688172,0.5456989247311828,0.45044743056230974,0.5495525694376904
E0,0607,2007-02-03,Blackburn,Sheffield United,2,1,H,,,0.5359279941660089,0.2727490684594867,0.19132293737450423,0.5495469498473778,0.2685591538834811,0.1818938962691409,0.04607779998332262,0.4679144385026738,0.5320855614973262,0.46554199568856475,0.5344580043114353
E0,0607,2007-02-03,Charlton,Chelsea,0,1,A,,fpl-team-6,0.11583020931274234,0.22024446049610383,0.6639253301911537,0.10158642630188122,0.21218867347543352,0.6862249002226853,0.04737453302368522,0.5026881720430109,0.4973118279569893,0.502890591126006,0.49710940887399396
E0,0607,2007-02-03,Fulham,Newcastle,2,1,H,fpl-team-10,fpl-team-17,0.40008989148813223,0.2872118656764335,0.31269824283543435,0.4045789109117983,0.28411977667720467,0.311301312410997,0.04577785450965166,0.4786096256684492,0.5213903743315508,0.47708064747046347,0.5229193525295365
E0,0607,2007-02-03,Liverpool,Everton,0,0,D,fpl-team-14,fpl-team-9,0.5950106157112526,0.25884642604387825,0.14614295824486906,0.6126229921610621,0.2535679292066713,0.13380907863226654,0.04661968117579818,0.4679144385026738,0.5320855614973262,0.46554199568856475,0.5344580043114353
E0,0607,2007-02-03,Man City,Reading,0,2,A,fpl-team-15,,0.4220650196806567,0.28532121268131616,0.29261376763802716,0.4280623194465664,0.28207982571900636,0.2898578548344273,0.04600290465168655,0.45308310991957107,0.546916890080429,0.449240051049149,0.550759948950851
E0,0607,2007-02-03,Middlesbrough,Arsenal,1,1,D,,fpl-team-1,0.2064343163538874,0.2727882037533512,0.5207774798927615,0.19800132064864642,0.2686405160082456,0.533358163343108,0.0459057898260653,0.4798927613941019,0.520107238605898,0.47840234982362795,0.521597650176372
E0,0607,2007-02-03,Watford,Bolton,0,1,A,,,0.28048201524978017,0.2848373260455842,0.4346806587046356,0.2769697617524604,0.2816097384914656,0.441420499756074,0.045252073323354125,0.4423592493297587,0.5576407506702413,0.43735431236592515,0.5626456876340747
E0,0607,2007-02-03,Wigan,Portsmouth,1,0,H,,,0.3526324022734778,0.28922531416752123,0.3581422835590009,0.3539113012006515,0.2862994036922094,0.35978929510713914,0.04537183791399002,0.45721925133689845,0.5427807486631016,0.4539077579061352,0.5460922420938649
E0,0607,2007-02-04,Tottenham,Man United,0,4,A,,,0.21340996850365676,0.2739292133032012,0.5126608181931419,0.20554425331423334,0.2699286843070546,0.5245270623787122,0.04520498728379607,0.5067024128686327,0.4932975871313674,0.5071888658834666,0.49281113411653343
E0,0607,2007-02-10,Chelsea,Middlesbrough,3,0,H,fpl-team-6,,0.7341983530061341,0.17995057671718975,0.08585107027667611,0.7607193423108882,0.16910350590550338,0.07017715178360841,0.04760194732807577,0.5240641711229947,0.47593582887700536,0.5257968355913017,0.4742031644086983
E0,0607,2007-02-10,Everton,Blackburn,1,0,H,fpl-team-9,,0.4379979570990806,0.2874361593462717,0.27456588355464756,0.44472363090466793,0.2844797453964979,0.27079662369883406,0.04369948268868029,0.44533333333333336,0.5546666666666668,0.44098341777534705,0.559016582224653
E0,0607,2007-02-10,Man United,Charlton,2,0,H,,,0.8028851743536083,0.1425683954459678,0.054546430200423913,0.8349099651629525,0.12794552725216354,0.03714450758488393,0.0523130870424211,0.6072351421188631,0.39276485788113696,0.6161814109707836,0.3838185890292164
E0,0607,2007-02-10,Newcastle,Liverpool,2,1,H,fpl-team-17,fpl-team-14,0.2534490115204096,0.2831745128715687,0.4633764756080216,0.2481768654290881,0.27982756481160814,0.47199556975930373,0.04513641307130456,0.48128342245989303,0.5187165775401069,0.47995418098152337,0.5200458190184767
E0,0607,2007-02-10,Portsmouth,Man City,2,1,H,,fpl-team-15,0.4852789109462178,0.2813426814994943,0.2333784075542879,0.4953929083982413,0.2778375141403444,0.22676957746141424,0.045392633182927966,0.44533333333333336,0.5546666666666668,0.44098341777534705,0.559016582224653
E0,0607,2007-02-10,Reading,Aston Villa,2,0,H,,fpl-team-2,0.4425695125807838,0.28588341185342553,0.27154707556579066,0.44951981579551276,0.2828562149096048,0.26762396929488236,0.04326394642703235,0.4786096256684492,0.5213903743315508,0.47708064747046347,0.5229193525295365
E0,0607,2007-02-10,Sheffield United,Tottenham,2,1,H,,,0.3266319335395523,0.28772280039064013,0.38564526606980754,0.3261809706859895,0.2847323876292321,0.38908664168477847,0.0447938188444823,0.45721925133689845,0.5427807486631016,0.4539077579061352,0.5460922420938649
E0,0607,2007-02-10,West Ham,Watford,0,1,A,,,0.5115646989310845,0.2749852285545469,0.21345007251436857,0.5236595378449845,0.270951683039588,0.20538877911542738,0.046387959038838744,0.45599999999999996,0.5439999999999999,0.4527003783983748,0.5472996216016252
E0,0607,2007-02-11,Arsenal,Wigan,2,1,H,fpl-team-1,,0.7412558354281025,0.17541168624634482,0.08333247832555275,0.7677504645537467,0.1644502838509234,0.06779925159532994,0.04680726188234985,0.5413333333333333,0.4586666666666667,0.5443922556964305,0.4556077443035696
E0,0607,2007-02-11,Bolton,Fulham,2,1,H,,fpl-team-10,0.5499109554904432,0.269311230401478,0.18077781410807872,0.5641131059129664,0.2649773590695468,0.17090953501748685,0.04499745066277683,0.4732620320855615,0.5267379679144386,0.4713212308926112,0.5286787691073889
E0,0607,2007-02-21,Everton,Tottenham,1,2,A,fpl-team-9,,0.4197774572081763,0.2859733927230701,0.2942491500687538,0.4256767280778234,0.28274554755516385,0.2915777243670128,0.04645767854526639,0.4438502673796791,0.5561497326203209,0.43917979611776714,0.560820203882233
E0,0607,2007-02-21,Watford,Wigan,1,1,D,,,0.383719717771367,0.28539154009245415,0.3308887421361788,0.38723134957511,0.28206271597856525,0.3307059344463248,0.04753245320171118,0.43466666666666665,0.5653333333333334,0.42910059033929515,0.5708994096607048
E0,0607,2007-02-24,Charlton,West Ham,4,0,H,,,0.40221515479651787,0.28479830836523623,0.31298653683824595,0.4067973145655093,0.2815800726216169,0.3116226128128738,0.04527766304090619,0.4411764705882353,0.5588235294117646,0.4362041467306083,0.5637958532693917
E0,0607,2007-02-24,Fulham,Man United,1,2,A,fpl-team-10,,0.12917545222505825,0.2357119076684053,0.6351126401065363,0.11547460741669449,0.2286295739060819,0.6558958186772236,0.04807837004773319,0.517426273458445,0.482573726541555,0.5187104202620358,0.48128957973796427
E0,0607,2007-02-24,Liverpool,Sheffield United,4,0,H,fpl-team-14,,0.7041702391005846,0.1998736486530044,0.09595611224641092,0.729438254627636,0.1901531467249399,0.08040859864742406,0.04858806426636875,0.5254691689008043,0.4745308310991957,0.5273838348949181,0.4726161651050819
E0,0607,2007-02-24,Middlesbrough,Reading,2,1,H,,,0.40531895838486537,0.28625651435931115,0.3084245272558234,0.4101722669081117,0.28309145483563647,0.30673627825625177,0.04589483910240233,0.4932975871313674,0.5067024128686327,0.49281113411653343,0.5071888658834666
E0,0607,2007-02-24,Watford,Everton,0,3,A,,fpl-team-9,0.3084245272558234,0.28625651435931115,0.40531895838486537,0.30673627825625177,0.28309145483563647,0.4101722669081117,0.04589483910240233,0.4308510638297873,0.5691489361702128,0.4250028845120361,0.574997115487964
E0,0607,2007-02-25,Blackburn,Portsmouth,3,0,H,,,0.4144803389213599,0.28714782100821484,0.2983718400704252,0.41995506521277665,0.28403699196277243,0.29600794282445086,0.04591846512630582,0.4543010752688172,0.5456989247311828,0.45044743056230974,0.5495525694376904
E0,0607,2007-02-25,Tottenham,Bolton,4,1,H,,,0.4339222849276216,0.28522617482781354,0.2808515402445649,0.44075011147996584,0.2819581504234951,0.27729173809653906,0.046207702602259815,0.4438502673796791,0.5561497326203209,0.43917979611776714,0.560820203882233
E0,0607,2007-02-25,Wigan,Newcastle,1,0,H,,fpl-team-17,0.36809980956016636,0.2873255566786252,0.3445746337612084,0.3704199888200889,0.2842627420058291,0.34531726917408184,0.04553975095041096,0.46916890080428963,0.5308310991957105,0.46681096681087847,0.5331890331891216
E0,0607,2007-03-03,Arsenal,Reading,2,1,H,fpl-team-1,,0.6262452584390206,0.24124487528257788,0.13250986627840147,0.6464760193335618,0.2345400351270496,0.11898394553938858,0.048147523077204823,0.5227882037533512,0.47721179624664883,0.52448861999613,0.47551138000387005
E0,0607,2007-03-03,Fulham,Aston Villa,1,1,D,fpl-team-10,fpl-team-2,0.40162860592360455,0.28796013254899944,0.310411261527396,0.4062505025743787,0.284898055334849,0.3088514420907722,0.04607345862314105,0.4569892473118279,0.543010752688172,0.45340710541314455,0.5465928945868556
E0,0607,2007-03-03,Liverpool,Man United,0,1,A,fpl-team-14,,0.3483860875006518,0.3005683892162486,0.3510455232830995,0.34934800911837877,0.2984736608490031,0.352178330032618,0.0436437395401299,0.4435483870967742,0.5564516129032258,0.4385155906807673,0.5614844093192327
E0,0607,2007-03-03,Man City,Wigan,0,1,A,fpl-team-15,,0.46859360395641325,0.283775629725157,0.24763076631842976,0.47799427807869505,0.2802997182273046,0.2417060036940004,0.04739533457905054,0.4373333333333333,0.5626666666666666,0.4320887758586416,0.5679112241413584
E0,0607,2007-03-03,Newcastle,Middlesbrough,0,0,D,fpl-team-17,,0.45605213854505283,0.28645774952361125,0.257490111931336,0.46427088067283,0.2832975197047049,0.2524315996224651,0.045609537279233336,0.48525469168900803,0.514745308310992,0.4841735727427565,0.5158264272572435
E0,0607,2007-03-03,Portsmouth,Chelsea,0,2,A,,fpl-team-6,0.1596498252871312,0.25869603417631454,0.5816541405365543,0.14770965271382283,0.25324437825834495,0.5990459690278322,0.04839617107063532,0.46524064171123,0.5347593582887701,0.462643678157164,0.537356321842836
E0,0607,2007-03-03,Sheffield United,Everton,1,1,D,,fpl-team-9,0.3547297297297297,0.2905405405405405,0.3547297297297297,0.35617901782295286,0.2876419643540943,0.35617901782295286,0.046349459094926715,0.4335106382978723,0.5664893617021276,0.42799331778026306,0.5720066822197369
E0,0607,2007-03-03,Watford,Charlton,2,2,D,,,0.37045429832764276,0.2868407889872344,0.34270491268512276,0.37298139622932125,0.28368449631574816,0.3433341074549306,0.04646405472885817,0.44474393530997297,0.5552560646900269,0.43968814357124475,0.5603118564287553
E0,0607,2007-03-04,Bolton,Blackburn,1,2,A,,,0.4668033433212427,0.28591704778426114,0.2472796088944961,0.47594283569386603,0.28263793905683693,0.24141922524929704,0.04668162018060684,0.45844504021447724,0.5415549597855228,0.4551270916534818,0.5448729083465182
E0,0607,2007-03-04,West Ham,Tottenham,3,4,A,,,0.30192922088666946,0.28411352151758024,0.4139572575957504,0.2997710281246267,0.2807524295148441,0.41947654236052917,0.046610522316768765,0.45844504021447724,0.5415549597855228,0.4551270916534818,0.5448729083465182
E0,0607,2007-03-14,Aston Villa,Arsenal,0,1,A,fpl-team-2,fpl-team-1,0.25107820274552045,0.2837261424214086,0.4651956548330709,0.2455778139633209,0.28036752393739467,0.4740546620992844,0.04577166121453047,0.44772117962466484,0.5522788203753352,0.4433172489989042,0.5566827510010958
E0,0607,2007-03-14,Man City,Chelsea,0,1,A,fpl-team-15,fpl-team-6,0.13391569103628256,0.24296639965203526,0.6231179093116822,0.1207526854234634,0.2365329457088071,0.6427143688677296,0.04706637444905937,0.45552560646900275,0.5444743935309974,0.4516667643082713,0.5483332356917286
E0,0607,2007-03-17,Blackburn,West Ham,1,2,A,,,0.5488128858161351,0.2656572519747668,0.18552986220909826,0.563287272891557,0.26098399239730063,0.17572873471114234,0.046090089716017246,0.46524064171123,0.5347593582887701,0.462643678157164,0.537356321842836
E0,0607,2007-03-17,Chelsea,Sheffield United,3,0,H,fpl-team-6,,0.7826497582324373,0.15626283568804633,0.06108740607951645,0.8131330145502206,0.14290538682780451,0.043961598621974934,0.0509788382332772,0.5413333333333333,0.4586666666666667,0.5443922556964305,0.4556077443035696
E0,0607,2007-03-17,Man United,Bolton,4,1,H,,,0.6997460066232016,0.20325216600363508,0.09700182737316342,0.7243145014489991,0.19393226766940655,0.08175323088159436,0.047704409807920456,0.5254691689008043,0.4745308310991957,0.5273838348949181,0.4726161651050819
E0,0607,2007-03-17,Middlesbrough,Man City,0,2,A,,fpl-team-15,0.47846846019649253,0.2835368653016252,0.23799467450188233,0.48794283996521554,0.2802479210087171,0.23180923902606732,0.04448229819536209,0.4388297872340426,0.5611702127659575,0.4339365216115311,0.5660634783884689
E0,0607,2007-03-17,Reading,Portsmouth,0,0,D,,,0.4669260700389105,0.2801556420233463,0.2529182879377432,0.47658894002040636,0.2762837528271895,0.24712730715240416,0.0493572021368891,0.4625668449197861,0.5374331550802139,0.4597388778616078,0.5402611221383922
E0,0607,2007-03-17,Tottenham,Watford,3,1,H,,,0.654033365228606,0.23006198776885634,0.11590464700253775,0.6758103117698481,0.2226044269547989,0.10158526127535313,0.047683951212093234,0.5040214477211796,0.4959785522788205,0.5043128234612858,0.4956871765387142
E0,0607,2007-03-17,Wigan,Fulham,0,0,D,,fpl-team-10,0.43237507874929537,0.28644848967140824,0.28117643157929645,0.4390071969869168,0.28330597201936414,0.277686830993719,0.0455708762165159,0.450402144772118,0.549597855227882,0.44628339140281453,0.5537166085971855
E0,0607,2007-03-18,Aston Villa,Liverpool,0,0,D,fpl-team-2,fpl-team-14,0.23781260980491015,0.28158180179354386,0.4806055884015461,0.23155698406415584,0.27813373525784624,0.49030928067799784,0.04490795638412237,0.4373333333333333,0.5626666666666666,0.4320887758586416,0.5679112241413584
E0,0607,2007-03-18,Charlton,Newcastle,2,0,H,,fpl-team-17,0.38144126357354385,0.2854886475814412,0.3330700888450148,0.38454540979313445,0.28241186256725465,0.33304272763961085,0.0439396653091535,0.45721925133689845,0.5427807486631016,0.4539077579061352,0.5460922420938649
E0,0607,2007-03-18,Everton,Arsenal,1,0,H,fpl-team-9,fpl-team-1,0.2871779980918406,0.2853942838179782,0.4274277180901813,0.2841793735024258,0.28228159481897575,0.4335390316785984,0.04417040466796607,0.44266666666666665,0.5573333333333332,0.4380296304737454,0.5619703695262547
E0,0607,2007-03-31,Bolton,Sheffield United,1,0,H,,,0.5662965145265829,0.2628654308117663,0.17083805466165072,0.5817663475636651,0.2580214487174036,0.16021220371893125,0.045676181791350245,0.4666666666666667,0.5333333333333333,0.4642857142816436,0.5357142857183564
E0,0607,2007-03-31,Charlton,Wigan,1,0,H,,,0.425529527632678,0.28633762607058705,0.28813284629673497,0.4315034477860819,0.2832933789625771,0.285203173251341,0.04406369011849165,0.44266666666666665,0.5573333333333332,0.4380296304737454,0.5619703695262547
E0,0607,2007-03-31,Fulham,Portsmouth,1,1,D,fpl-team-10,,0.4062072888104111,0.2877832202857458,0.30600949090384305,0.4109953385470029,0.28479747269309563,0.3042071887599015,0.04469866119325161,0.4297082228116711,0.5702917771883289,0.42391616422114325,0.5760838357788568
E0,0607,2007-03-31,Liverpool,Arsenal,4,1,H,fpl-team-14,fpl-team-1,0.4236387782204515,0.2881806108897742,0.2881806108897742,0.429478063822171,0.28526096808891444,0.28526096808891444,0.043970057275146246,0.4297082228116711,0.5702917771883289,0.42391616422114325,0.5760838357788568
E0,0607,2007-03-31,Man United,Blackburn,4,1,H,,,0.7045869397860257,0.1986904602433478,0.09672259997062654,0.7297129033325915,0.18897286604263705,0.08131423062477144,0.04821242671459913,0.5227882037533512,0.47721179624664883,0.52448861999613,0.47551138000387005
E0,0607,2007-03-31,Newcastle,Man City,0,1,A,fpl-team-17,fpl-team-15,0.4773939092517841,0.28202963254259245,0.24057645820562348,0.48705433209582694,0.27855285052532974,0.23439281737884335,0.04571359930559993,0.45308310991957107,0.546916890080429,0.449240051049149,0.550759948950851
E0,0607,2007-03-31,Watford,Chelsea,0,1,A,,fpl-team-6,0.0984566063963871,0.20257664590407085,0.698966747699542,0.08309222479191367,0.19309832350467643,0.7238094517034099,0.04833331424742937,0.48525469168900803,0.514745308310992,0.4841735727427565,0.5158264272572435
E0,0607,2007-03-31,West Ham,Middlesbrough,2,0,H,,,0.41934632638443853,0.2834470539450371,0.2972066196705244,0.4249753605002846,0.28018862072354656,0.2948360187761688,0.044515389716252685,0.44652406417112295,0.553475935828877,0.4421446961088058,0.5578553038911942
E0,0607,2007-04-01,Tottenham,Reading,1,0,H,,,0.5263260751056849,0.2750172284336011,0.19865669646071402,0.5394038962186166,0.2709620796973936,0.18963402408398983,0.0464069654699415,0.5080645161290323,0.49193548387096786,0.5086737791649818,0.49132622083501815
E0,0607,2007-04-02,Aston Villa,Everton,1,1,D,fpl-team-2,fpl-team-9,0.38923605150214596,0.29069527896995706,0.320068669527897,0.3928787856200624,0.287925154217597,0.31919606016234064,0.04434247175231576,0.41361256544502617,0.5863874345549738,0.40675858952664745,0.5932414104733524
E0,0607,2007-04-06,Everton,Fulham,4,1,H,fpl-team-9,fpl-team-10,0.5507548152004165,0.27537740760020823,0.17386777719937532,0.5647425378284071,0.2714970405856609,0.1637604215859321,0.04417736851610243,0.44,0.56,0.4350649350539206,0.5649350649460794
E0,0607,2007-04-06,Man City,Charlton,0,0,D,fpl-team-15,,0.45876247632085837,0.28494563746637164,0.25629188621277,0.46707054441760276,0.28171985430333163,0.2512096012790656,0.04510099976323545,0.4335106382978723,0.5664893617021276,0.42799331778026306,0.5720066822197369
E0,0607,2007-04-07,Arsenal,West Ham,0,1,A,fpl-team-1,,0.6493570236576028,0.22607244527338766,0.12457053106900953,0.6708466952235628,0.21840728596949097,0.11074601880694625,0.04755917191505432,0.5120643431635389,0.4879356568364612,0.5129451700147207,0.4870548299852793
E0,0607,2007-04-07,Blackburn,Aston Villa,1,2,A,,fpl-team-2,0.46542970516637233,0.2874283759177911,0.2471419189158365,0.4742509642050535,0.28433139230495036,0.24141764348999611,0.04549969360232353,0.4491978609625669,0.5508021390374332,0.44509939899045475,0.5549006010095452
E0,0607,2007-04-07,Chelsea,Tottenham,1,0,H,fpl-team-6,,0.6498650137800689,0.22680932411631116,0.12332566210362007,0.6711909196916855,0.2192580335975903,0.10955104671072415,0.04712379048578441,0.5026881720430109,0.4973118279569893,0.502890591126006,0.49710940887399396
E0,0607,2007-04-07,Middlesbrough,Watford,4,1,H,,,0.5652599395814465,0.26389657121669835,0.17084348920185508,0.5809962125364904,0.25901248369125696,0.1599913037722528,0.046702709747478366,0.4491978609625669,0.5508021390374332,0.44509939899045475,0.5549006010095452
E0,0607,2007-04-07,Portsmouth,Man United,2,1,H,,,0.14425510376244305,0.2540492660705247,0.6016956301670322,0.13152616193564906,0.24830853363532945,0.6201653044290214,0.047747364500537515,0.5013404825737265,0.49865951742627346,0.5014375251564542,0.4985624748435459
E0,0607,2007-04-07,Reading,Liverpool,1,2,A,,fpl-team-14,0.2456777471681792,0.2819624605960949,0.47235979223572605,0.23981422391423923,0.2784774445494873,0.4817083315362735,0.045827381778508425,0.4557640750670242,0.5442359249329759,0.4521877716670386,0.5478122283329613
E0,0607,2007-04-07,Sheffield United,Newcastle,1,2,A,,fpl-team-17,0.39508454732977966,0.2855439719018968,0.3193714807683236,0.3992147492387586,0.2823587124329366,0.31842653832830475,0.045540949096903205,0.4361702127659574,0.5638297872340425,0.43097100782246683,0.5690289921775332
E0,0607,2007-04-07,Wigan,Bolton,1,3,A,,,0.3637027379400261,0.28912646675358544,0.34717079530638856,0.36572944058084816,0.2861820131418052,0.34808854627734664,0.04555931827053428,0.4270557029177719,0.5729442970822282,0.42092247527041315,0.5790775247295867
E0,0607,2007-04-09,Aston Villa,Wigan,1,1,D,fpl-team-2,,0.47733275834186834,0.28462077516036866,0.23804646649776287,0.4870027400576689,0.28130854715096504,0.2316887127913661,0.045787510578520596,0.4438502673796791,0.5561497326203209,0.43917979611776714,0.560820203882233
E0,0607,2007-04-09,Bolton,Everton,1,1,D,,fpl-team-9,0.42780509611086276,0.2869915064818954,0.2852033974072418,0.43422242793440047,0.2838425865251396,0.2819349855404599,0.04623948154039681,0.4323607427055703,0.5676392572944297,0.42689639356391795,0.573103606436082
E0,0607,2007-04-09,Charlton,Reading,0,0,D,,,0.40789222769822736,0.28413545273096336,0.3079723195708093,0.4128082437856889,0.2809010744250459,0.3062906817892651,0.04486343311145902,0.4557640750670242,0.5442359249329759,0.4521877716670386,0.5478122283329613
E0,0607,2007-04-09,Fulham,Man City,1,3,A,fpl-team-10,fpl-team-15,0.41485260148559805,0.28650757790099113,0.298639820613411,0.42029482220995346,0.2833869754621994,0.2963182023278472,0.04542788490653038,0.4308510638297873,0.5691489361702128,0.4250028845120361,0.574997115487964
E0,0607,2007-04-09,Newcastle,Arsenal,0,0,D,fpl-team-17,fpl-team-1,0.2810130346434058,0.28274768300540215,0.43623928235119186,0.2774861174083086,0.27933565954716544,0.443178223044526,0.045896969735622406,0.4623655913978494,0.5376344086021505,0.45930232558701545,0.5406976744129846
E0,0607,2007-04-09,Watford,Portsmouth,4,2,H,,,0.3285502098805296,0.2846754924120116,0.3867742977074588,0.3282188860509718,0.28143756740253295,0.3903435465464952,0.045499740866944194,0.44772117962466484,0.5522788203753352,0.4433172489989042,0.5566827510010958
E0,0607,2007-04-14,Arsenal,Bolton,2,1,H,fpl-team-1,,0.5552336304222403,0.26477904340944985,0.17998732616830973,0.5702120214528039,0.2600082664984298,0.16977971204876618,0.04636825597845018,0.4623655913978494,0.5376344086021505,0.45930232558701545,0.5406976744129846
E0,0607,2007-04-14,Man City,Liverpool,0,0,D,fpl-team-15,fpl-team-14,0.22241595299668135,0.2783569351140285,0.49922711188929014,0.215221584523584,0.2747068595561653,0.5100715559202508,0.0446024585980922,0.4411764705882353,0.5588235294117646,0.4362041467306083,0.5637958532693917
E0,0607,2007-04-14,Middlesbrough,Aston Villa,1,3,A,,fpl-team-2,0.4323312130159291,0.28777046366372777,0.2798983233203431,0.4386012825056485,0.28488076342330293,0.27651795407104857,0.043054489651694894,0.4361702127659574,0.5638297872340425,0.43097100782246683,0.5690289921775332
E0,0607,2007-04-14,Portsmouth,Newcastle,2,1,H,,fpl-team-17,0.45095302271852133,0.28393338467462453,0.2651135926068541,0.45849869582058156,0.2807524002742551,0.26074890390516325,0.04363803821615875,0.4373333333333333,0.5626666666666666,0.4320887758586416,0.5679112241413584
E0,0607,2007-04-14,Reading,Fulham,1,0,H,,fpl-team-10,0.49512563299846063,0.27926293324608303,0.22561143375545628,0.5060631980352838,0.27555174896900003,0.2183850529957163,0.046148853725753725,0.4679144385026738,0.5320855614973262,0.46554199568856475,0.5344580043114353
E0,0607,2007-04-14,Sheffield United,West Ham,3,0,H,,,0.38208352740257717,0.28566992702996424,0.3322465455674585,0.385323937083241,0.2825127863436145,0.33216327657314465,0.04529010085389018,0.4491978609625669,0.5508021390374332,0.44509939899045475,0.5549006010095452
E0,0607,2007-04-15,Everton,Charlton,2,1,H,fpl-team-9,,0.5399672769051984,0.2691918975773716,0.1908408255174298,0.5535916709763862,0.2648510074307804,0.18155732159283336,0.04517527297139168,0.44652406417112295,0.553475935828877,0.4421446961088058,0.5578553038911942
E0,0607,2007-04-15,Wigan,Tottenham,3,3,D,,,0.3165856984573426,0.2842410295747039,0.39917327196795366,0.3154758795223067,0.2810310306337171,0.40349308984397625,0.04465114034246653,0.4533333333333333,0.5466666666666666,0.44978479196277044,0.5502152080372295
E0,0607,2007-04-17,Arsenal,Man City,3,1,H,fpl-team-1,fpl-team-15,0.6549854309833716,0.224200392023648,0.12081417699298028,0.6764707900296596,0.21652724524842748,0.10700196472191299,0.046760930912569165,0.49732620320855614,0.5026737967914439,0.4971402425073935,0.5028597574926065
E0,0607,2007-04-17,Man United,Sheffield United,2,0,H,,,0.7984753355465729,0.14370056899507963,0.057824095458347526,0.8290287877001846,0.1299080894360679,0.04106312286374747,0.04965179204009473,0.5911458333333334,0.4088541666666667,0.598207020404109,0.401792979595891
E0,0607,2007-04-18,Blackburn,Watford,3,1,H,,,0.569507167577332,0.26347889074698405,0.1670139416756839,0.5852888761577328,0.258631200734459,0.1560799231078081,0.046011141035705805,0.49732620320855614,0.5026737967914439,0.4971402425073935,0.5028597574926065
E0,0607,2007-04-18,Liverpool,Middlesbrough,2,0,H,fpl-team-14,,0.6704364041795344,0.2165780308038401,0.11298556501662538,0.6944704497183922,0.20775023620162714,0.09777931407998064,0.05032838159240782,0.48930481283422456,0.5106951871657753,0.48855606099792176,0.5114439390020781
E0,0607,2007-04-18,West Ham,Chelsea,1,4,A,,fpl-team-6,0.13632878392884526,0.2404539181107192,0.6232172979604355,0.12333259541061439,0.2338785119858262,0.6427888926035593,0.046947966096922755,0.47978436657681944,0.5202156334231806,0.4781684811060438,0.5218315188939562
E0,0607,2007-04-21,Bolton,Reading,1,3,A,,,0.5030549155705911,0.27998775117384583,0.21695733325556302,0.5145901704992302,0.27629110111678423,0.20911872838398565,0.04644257016479969,0.45454545454545453,0.5454545454545455,0.450980392149827,0.5490196078501731
E0,0607,2007-04-21,Charlton,Sheffield United,1,1,D,,,0.4560489124987471,0.28204871203768667,0.26190237546356615,0.46426890894165246,0.2785989150380991,0.25713217602024835,0.04561047116294503,0.44680851063829785,0.5531914893617021,0.4427655677726523,0.5572344322273477
E0,0607,2007-04-21,Fulham,Blackburn,1,1,D,fpl-team-10,,0.410945893805835,0.2845991749027988,0.30445493129136614,0.4161538900257854,0.2813375569349793,0.30250855303923535,0.04567073076032102,0.4533333333333333,0.5466666666666666,0.44978479196277044,0.5502152080372295
E0,0607,2007-04-21,Liverpool,Wigan,2,0,H,fpl-team-14,,0.66715515326182,0.2130542097829122,0.1197906369552678,0.6903275563820697,0.20429761117520726,0.10537483244272314,0.048754104878753424,0.4919786096256684,0.5080213903743315,0.4914187643017187,0.5085812356982813
E0,0607,2007-04-21,Man United,Middlesbrough,1,1,D,,,0.7633743270172966,0.1618461470708049,0.07477952591189843,0.7924616633547621,0.1493316133159973,0.05820672332924059,0.049552952172234654,0.5623342175066313,0.4376657824933686,0.5671812464381586,0.43281875356184146
E0,0607,2007-04-21,Tottenham,Arsenal,2,2,D,,fpl-team-1,0.34947919139770095,0.2872282104299854,0.36329259817231363,0.3505156801333463,0.2842593375304715,0.36522498233618217,0.04401662410236895,0.48128342245989303,0.5187165775401069,0.47995418098152337,0.5200458190184767
E0,0607,2007-04-21,Watford,Man City,1,1,D,,fpl-team-15,0.3501545334129808,0.2857959120068566,0.3640495545801626,0.35125867472622907,0.2826657207624362,0.3660756045113349,0.045042527839541435,0.4586666666666667,0.5413333333333333,0.4556077443035696,0.5443922556964305
E0,0607,2007-04-21,West Ham,Everton,1,0,H,,fpl-team-9,0.3738249742252411,0.2844320456061617,0.3417429801685972,0.3765526457318546,0.2811478950144806,0.3422994592536648,0.04596052411943674,0.4506666666666666,0.5493333333333332,0.44686045842705185,0.5531395415729482
E0,0607,2007-04-22,Aston Villa,Portsmouth,0,0,D,fpl-team-2,,0.4145472395961169,0.2899206960466513,0.2955320643572317,0.42001631171779397,0.28699979529163894,0.2929838929905671,0.045829699374735355,0.44652406417112295,0.553475935828877,0.4421446961088058,0.5578553038911942
E0,0607,2007-04-22,Newcastle,Chelsea,0,0,D,fpl-team-17,fpl-team-6,0.14764448761534726,0.2491500728508985,0.6032054395337543,0.1354751908708364,0.2432733685751131,0.6212514405540505,0.046291627921164036,0.45454545454545453,0.5454545454545455,0.450980392149827,0.5490196078501731
E0,0607,2007-04-28,Blackburn,Charlton,4,1,H,,,0.4614653126399163,0.2791233957913172,0.2594112915687665,0.46986667432203055,0.2755546154398021,0.2545787102381673,0.04463180690072477,0.4679144385026738,0.5320855614973262,0.46554199568856475,0.5344580043114353
E0,0607,2007-04-28,Chelsea,Bolton,2,2,D,fpl-team-6,,0.7191931483128188,0.19019984087611738,0.09060701081106377,0.7437790620257927,0.18048362218823855,0.0757373157859688,0.045454549603164196,0.5080213903743315,0.4919786096256684,0.5085812356982813,0.4914187643017187
E0,0607,2007-04-28,Everton,Man United,2,4,A,fpl-team-9,,0.18797217949834102,0.26489451231898775,0.5471333081826711,0.17865316463338393,0.2603421392964657,0.5610046960701504,0.04445504769682884,0.4919786096256684,0.5080213903743315,0.4914187643017187,0.5085812356982813
E0,0607,2007-04-28,Man City,Aston Villa,0,2,A,fpl-team-15,fpl-team-2,0.4115472933256087,0.2895111874183304,0.29894151925606105,0.41670616946556144,0.28662472152707213,0.29666910900736637,0.044870518147945404,0.4350132625994695,0.5649867374005305,0.4298637352493277,0.5701362647506723
E0,0607,2007-04-28,Middlesbrough,Tottenham,2,3,A,,,0.34329538810743887,0.28572411184097396,0.3709805000515872,0.3439230440605777,0.282694414098779,0.37338254184064323,0.043486237060278654,0.5133689839572192,0.4866310160427808,0.5143086080606718,0.48569139193932814
E0,0607,2007-04-28,Portsmouth,Liverpool,2,1,H,,fpl-team-14,0.3142373142373142,0.2885449552116219,0.3972177305510639,0.3129671045633071,0.28559468845557345,0.40143820698111926,0.0449593928642571,0.44680851063829785,0.5531914893617021,0.4427655677726523,0.5572344322273477
E0,0607,2007-04-28,Sheffield United,Watford,1,0,H,,,0.5899493833720182,0.25400598450739675,0.156044632120585,0.6076526128052754,0.24830451661715797,0.14404287057756657,0.04769415664486587,0.4905660377358491,0.5094339622641508,0.4898249898252102,0.5101750101747897
E0,0607,2007-04-28,Wigan,West Ham,0,3,A,,,0.4096135784815589,0.28145227478487483,0.3089341467335663,0.41465771513026944,0.27803279320097035,0.3073094916687602,0.044999722857028246,0.48118279569892475,0.5188172043010751,0.47973774857059515,0.5202622514294047
E0,0607,2007-04-29,Arsenal,Fulham,3,1,H,fpl-team-1,fpl-team-10,0.6765058435720708,0.2139646388972131,0.10952951753071623,0.6985217787469633,0.2058769977908094,0.09560122346222732,0.04510248498991132,0.5256064690026954,0.4743935309973046,0.527680652679988,0.472319347320012
E0,0607,2007-04-30,Reading,Newcastle,1,0,H,,fpl-team-17,0.4762077076171522,0.2793558892708522,0.24443640311199566,0.48548384827229013,0.27582294920851547,0.2386932025191944,0.04421798198018223,0.4879356568364612,0.5120643431635389,0.4870548299852793,0.5129451700147207
E0,0607,2007-05-05,Aston Villa,Sheffield United,3,0,H,fpl-team-2,,0.46484481187137217,0.28207301277643637,0.2530821753521915,0.474288791018302,0.27836572620242955,0.24734548277926843,0.04899300285615027,0.44,0.56,0.4350649350539206,0.5649350649460794
E0,0607,2007-05-05,Everton,Portsmouth,3,0,H,fpl-team-9,,0.4794014050246171,0.2802654367836223,0.24033315819176054,0.4899229828269596,0.2764014156424811,0.2336756015305593,0.049187978846021,0.4613333333333334,0.5386666666666667,0.458507411439061,0.541492588560939
E0,0607,2007-05-05,Fulham,Liverpool,1,0,H,fpl-team-10,fpl-team-14,0.3056965881397238,0.2830523964256702,0.41125101543460607,0.30384867039362207,0.2797175019057826,0.41643382770059534,0.045265872962772846,0.45187165775401067,0.5481283422459893,0.4480444508502948,0.5519555491497052
E0,0607,2007-05-05,Man City,Man United,0,1,A,fpl-team-15,,0.14273874205727968,0.24633944193756332,0.610921816005157,0.1301862704698279,0.24021287473110914,0.6296008547990629,0.04667155002243817,0.4959785522788205,0.5040214477211796,0.4956871765387142,0.5043128234612858
E0,0607,2007-05-05,Newcastle,Blackburn,0,2,A,fpl-team-17,,0.4124493154403406,0.28435946592470684,0.3031912186349524,0.4178110604833773,0.2810489439879518,0.3011399955286709,0.046134139178320765,0.47978436657681944,0.5202156334231806,0.4781684811060438,0.5218315188939562
E0,0607,2007-05-05,Reading,Watford,0,2,A,,,0.6479330981728826,0.2272601165233245,0.12480678530379294,0.669872242936592,0.21947160182299288,0.1106561552404151,0.0488289367640391,0.5120643431635389,0.4879356568364612,0.5129451700147207,0.4870548299852793
E0,0607,2007-05-05,West Ham,Bolton,3,1,H,,,0.43732766544117646,0.27745863970588236,0.2852136948529412,0.444135763386636,0.2738051564093856,0.2820590802039784,0.04453470977023244,0.47593582887700536,0.5240641711229947,0.4742031644086983,0.5257968355913017
E0,0607,2007-05-05,Wigan,Middlesbrough,0,1,A,,,0.43892617449664434,0.2805369127516778,0.2805369127516778,0.4459329878182043,0.27703350609089783,0.27703350609089783,0.045153150567784905,0.47200000000000003,0.528,0.4700393768229449,0.5299606231770552
E0,0607,2007-05-06,Arsenal,Chelsea,1,1,D,fpl-team-1,fpl-team-6,0.33602994445786044,0.2848949529099251,0.3790751026322145,0.33619751051446184,0.28170220197977375,0.3821002875057645,0.04507407918572426,0.45187165775401067,0.5481283422459893,0.4480444508502948,0.5519555491497052
E0,0607,2007-05-07,Charlton,Tottenham,0,2,A,,,0.32062561094819153,0.2785923753665689,0.4007820136852395,0.31972873329434115,0.2748147237902617,0.4054565429153971,0.04723514593206346,0.5026881720430109,0.4973118279569893,0.502890591126006,0.49710940887399396
E0,0607,2007-05-09,Chelsea,Man United,0,0,D,fpl-team-6,,0.43349819209509166,0.28763559286812684,0.2788662150367815,0.4403743698887229,0.2844932346851488,0.2751323954261283,0.04674391681328416,0.45187165775401067,0.5481283422459893,0.4480444508502948,0.5519555491497052
E0,0607,2007-05-10,Tottenham,Blackburn,1,1,D,,,0.5188938131536961,0.270193228151037,0.21091295869526674,0.5318823381577851,0.2656930900816897,0.20242457176052522,0.04790360713377595,0.514745308310992,0.48525469168900803,0.5158264272572435,0.4841735727427565
E0,0607,2007-05-13,Blackburn,Reading,3,3,D,,,0.4466846334810635,0.27832933089245593,0.27498603562648055,0.4543692878217277,0.2745980763796474,0.2710326357986249,0.04615841107442975,0.49732620320855614,0.5026737967914439,0.4971402425073935,0.5028597574926065
E0,0607,2007-05-13,Bolton,Aston Villa,2,2,D,,fpl-team-2,0.4921936781219638,0.2724643575318014,0.23534196434623464,0.5030044277584675,0.268283874751987,0.22871169748954548,0.04642888717353344,0.4640000000000001,0.536,0.4613998970603605,0.5386001029396396
E0,0607,2007-05-13,Chelsea,Everton,1,1,D,fpl-team-6,fpl-team-9,0.5571848794836897,0.2664090968959915,0.17640602362031874,0.5727484369186394,0.261591310620928,0.1656602524604326,0.047837103018537164,0.48,0.5199999999999999,0.47863247862979214,0.5213675213702079
E0,0607,2007-05-13,Liverpool,Charlton,2,2,D,fpl-team-14,,0.6640372037300868,0.21922759357596164,0.11673520269395153,0.6863026843572704,0.21112845790087753,0.10256885774185209,0.047261568484827876,0.5106951871657753,0.48930481283422456,0.5114439390020781,0.48855606099792176
E0,0607,2007-05-13,Man United,West Ham,0,1,A,,,0.5751396499755208,0.259793194165079,0.16506715585940038,0.5918092106676057,0.25452704054503983,0.15366374878735448,0.04754256596788764,0.5226666666666666,0.47733333333333333,0.5242275681207372,0.4757724318792627
E0,0607,2007-05-13,Middlesbrough,Fulham,3,1,H,,fpl-team-10,0.48905943703972815,0.278823520507406,0.2321170424528659,0.4997808165207373,0.2750226601698298,0.22519652330943293,0.046992993680760264,0.48525469168900803,0.514745308310992,0.4841735727427565,0.5158264272572435
E0,0607,2007-05-13,Portsmouth,Arsenal,0,0,D,,fpl-team-1,0.3378252007119186,0.27911777253942055,0.3830570267486609,0.3381154377383775,0.2754604776028864,0.386424084658736,0.04618856916204095,0.48,0.5199999999999999,0.47863247862979214,0.5213675213702079
E0,0607,2007-05-13,Sheffield United,Wigan,1,2,A,,,0.4134196836182185,0.2768659093322009,0.30971440704958064,0.4189828676536879,0.2729590080306734,0.3080581243156387,0.04732692032121122,0.4611260053619303,0.5388739946380697,0.4580585444799596,0.5419414555200404
E0,0607,2007-05-13,Tottenham,Man City,2,1,H,,fpl-team-15,0.6246294118218845,0.24125897916929934,0.13411160900881638,0.6453468142226901,0.2343552134495556,0.12029797232775423,0.049616114469245076,0.5226666666666666,0.47733333333333333,0.5242275681207372,0.4757724318792627
E0,0607,2007-05-13,Watford,Newcastle,1,1,D,,fpl-team-17,0.34872402114006595,0.28286592426841267,0.3684100545915213,0.3497805333953193,0.2793826800997182,0.3708367865049625,0.04728556238114834,0.4693333333333332,0.5306666666666666,0.467165372312263,0.5328346276877369
