league,season,date,home_team_raw,away_team_raw,home_goals,away_goals,result,home_team_id,away_team_id,prob_home_proportional,prob_draw_proportional,prob_away_proportional,prob_home_shin,prob_draw_shin,prob_away_shin,shin_z,prob_over25_proportional,prob_under25_proportional,prob_over25_shin,prob_under25_shin
E0,0708,2007-08-11,Aston Villa,Liverpool,1,2,A,fpl-team-2,fpl-team-14,0.24886305716125823,0.2827639070531943,0.46837303578554756,0.2429906076307893,0.2792004190272535,0.47780897334195715,0.047653407556936145,0.4323607427055703,0.5676392572944297,0.42689639356391795,0.573103606436082
E0,0708,2007-08-11,Bolton,Newcastle,1,3,A,,fpl-team-17,0.3818869607733811,0.2894174765609586,0.3286955626656602,0.3849764651020806,0.28663179486715185,0.3283917400307676,0.04330134321935475,0.44,0.56,0.4350649350539206,0.5649350649460794
E0,0708,2007-08-11,Derby,Portsmouth,2,2,D,,,0.32353079043921806,0.28904788487516353,0.3874213246856183,0.32291270486409374,0.2863018479200285,0.3907854472158777,0.042293070000596344,0.4335106382978723,0.5664893617021276,0.42799331778026306,0.5720066822197369
E0,0708,2007-08-11,Everton,Wigan,2,1,H,fpl-team-9,,0.5563746947426623,0.26770492558632447,0.1759203796710132,0.5700017120563242,0.2635673169802016,0.1664309709634743,0.04187489615287632,0.4638069705093834,0.5361930294906166,0.46098265895694995,0.5390173410430501
E0,0708,2007-08-11,Middlesbrough,Blackburn,1,2,A,,,0.3823341904953426,0.2897564148093634,0.3279093946952939,0.38540742268562456,0.2870317039257247,0.32756087338865075,0.04266506154090166,0.44533333333333336,0.5546666666666668,0.44098341777534705,0.559016582224653
E0,0708,2007-08-11,Sunderland,Tottenham,1,0,H,fpl-team-20,,0.28990802883420336,0.2871986080039771,0.4228933631618196,0.28719583153673045,0.2843196310951015,0.42848453736816805,0.0424230134813115,0.45454545454545453,0.5454545454545455,0.450980392149827,0.5490196078501731
E0,0708,2007-08-11,West Ham,Man City,0,2,A,,fpl-team-15,0.44984025559105434,0.2881789137380191,0.26198083067092653,0.4570919058631113,0.28535312982901556,0.25755496430787317,0.042316680192016065,0.4411764705882353,0.5588235294117646,0.4362041467306083,0.5637958532693917
E0,0708,2007-08-12,Arsenal,Fulham,2,1,H,fpl-team-1,fpl-team-10,0.6971496907870395,0.20495269305988686,0.09789761615307363,0.7204254502754069,0.19620616131304225,0.08336838841155075,0.04533417895436287,0.5160427807486632,0.48395721925133695,0.5171757364122247,0.48282426358777536
E0,0708,2007-08-12,Chelsea,Birmingham,3,2,H,fpl-team-6,,0.7720011698675543,0.1600490230213222,0.06794980711112349,0.8006561323899339,0.14770714939268406,0.051636718217381944,0.04818266141228378,0.5363881401617251,0.46361185983827485,0.5394413930062596,0.46055860699374046
E0,0708,2007-08-12,Man United,Reading,0,0,D,,,0.7494395127777118,0.17524916363433188,0.07531132358795634,0.7754977289927916,0.16454925753456048,0.05995301347264797,0.045397150330245495,0.5519999999999999,0.448,0.556073153898594,0.443926846101406
E0,0708,2007-08-14,Tottenham,Everton,1,3,A,,fpl-team-9,0.5073901398670766,0.2798333498660847,0.21277651026683858,0.5180415816558064,0.27649633931090295,0.20546207903329078,0.04172917432151735,0.45454545454545453,0.5454545454545455,0.450980392149827,0.5490196078501731
E0,0708,2007-08-15,Birmingham,Sunderland,2,2,D,,fpl-team-20,0.3905674344204409,0.2871461511626917,0.32228641441686734,0.39414338808783406,0.2842695917239206,0.32158702018824536,0.042487035505473614,0.4323607427055703,0.5676392572944297,0.42689639356391795,0.573103606436082
E0,0708,2007-08-15,Fulham,Bolton,2,1,H,fpl-team-10,,0.41110065851364064,0.28598306679209784,0.3029162746942616,0.41602252685518887,0.28299278525867533,0.30098468788613586,0.043022976722568274,0.44652406417112295,0.553475935828877,0.4421446961088058,0.5578553038911942
E0,0708,2007-08-15,Man City,Derby,1,0,H,fpl-team-15,,0.5676173833945733,0.2627257603140597,0.16965685629136695,0.5827433929117619,0.25800838383410674,0.1592482232541314,0.04438035027123988,0.4598930481283422,0.5401069518716577,0.4568270780554385,0.5431729219445616
E0,0708,2007-08-15,Portsmouth,Man United,1,1,D,,,0.16538433398206,0.26244750435329756,0.5721681616646423,0.15494394411754922,0.25780726248767094,0.5872487933947799,0.043413128005340695,0.4973118279569893,0.5026881720430109,0.49710940887399396,0.502890591126006
E0,0708,2007-08-15,Reading,Chelsea,1,2,A,,fpl-team-6,0.1494816029834877,0.25548517739837096,0.5950332196181414,0.13825778474532874,0.2504342354628962,0.6113079797917751,0.042906151385977864,0.4798927613941019,0.520107238605898,0.47840234982362795,0.521597650176372
E0,0708,2007-08-15,Wigan,Middlesbrough,1,0,H,,,0.39544255848617527,0.2879316128977464,0.31662582861607846,0.3993433195450792,0.2850885675076478,0.315568112947273,0.04270156682468951,0.4411764705882353,0.5588235294117646,0.4362041467306083,0.5637958532693917
E0,0708,2007-08-18,Birmingham,West Ham,0,1,A,,,0.38812029883799365,0.28776520599203265,0.3241144951699736,0.3914505423716264,0.285003857140644,0.32354560048772957,0.04131622868590057,0.449468085106383,0.550531914893617,0.44568790556134763,0.5543120944386524
E0,0708,2007-08-18,Fulham,Middlesbrough,1,2,A,fpl-team-10,,0.44338335607094126,0.2837653478854025,0.2728512960436562,0.45022664296390885,0.28067708322688445,0.2690962738092067,0.04226298723369837,0.4586666666666667,0.5413333333333333,0.4556077443035696,0.5443922556964305
E0,0708,2007-08-18,Newcastle,Aston Villa,0,0,D,fpl-team-17,fpl-team-2,0.4939523881017859,0.28075713244691175,0.2252904794513024,0.5037481297250412,0.27750436269610446,0.21874750757885433,0.04153626970946789,0.46524064171123,0.5347593582887701,0.462643678157164,0.537356321842836
E0,0708,2007-08-18,Portsmouth,Bolton,3,1,H,,,0.49192542939701067,0.28195725831292073,0.2261173122900685,0.5014447006833224,0.2788291546864821,0.21972614463019546,0.04086303943768144,0.4579945799457995,0.5420054200542006,0.4541420118275029,0.5458579881724971
E0,0708,2007-08-18,Reading,Everton,1,0,H,,fpl-team-9,0.3751352368408673,0.2892892422033021,0.33557552095583043,0.3777053461210403,0.28658894330423224,0.33570571057472753,0.04183331411331892,0.44031830238726793,0.5596816976127321,0.4357620053754798,0.5642379946245202
E0,0708,2007-08-18,Tottenham,Derby,4,0,H,,,0.6374862928535998,0.23640796026540148,0.1261057468809986,0.6558711449702981,0.23025849479166002,0.1138703602380419,0.041996387066319585,0.4986666666666667,0.5013333333333333,0.49857776766420475,0.5014222323357952
E0,0708,2007-08-18,Wigan,Sunderland,3,0,H,,fpl-team-20,0.3970106168548357,0.2872778687179401,0.3157115144272243,0.4008127107959685,0.28453566860668084,0.3146516205973507,0.040555951185524464,0.4274406332453826,0.5725593667546175,0.42177277123892026,0.5782272287610797
E0,0708,2007-08-19,Blackburn,Arsenal,1,1,D,,fpl-team-1,0.29416878482542785,0.2859721313782797,0.41985908379629244,0.2917801478601676,0.28309082012115716,0.4251290320186753,0.04136897902935743,0.4557640750670242,0.5442359249329759,0.4521877716670386,0.5478122283329613
E0,0708,2007-08-19,Liverpool,Chelsea,1,1,D,fpl-team-14,fpl-team-6,0.37431192660550466,0.30336391437308874,0.32232415902140676,0.37664447311547783,0.301660971885159,0.3216945549993632,0.03863632958382368,0.41223404255319146,0.5877659574468085,0.40366369874034225,0.5963363012596579
E0,0708,2007-08-19,Man City,Man United,1,0,H,fpl-team-15,,0.22425639369292655,0.28428810523534076,0.49145550107173264,0.21767656198152383,0.28125898178498754,0.5010644562334886,0.041387832490727305,0.45945945945945943,0.5405405405405405,0.4558823529469887,0.5441176470530112
E0,0708,2007-08-25,Arsenal,Man City,1,0,H,fpl-team-1,fpl-team-15,0.5790623672322752,0.2550440897228027,0.1658935430449221,0.5946857518125902,0.24990620626325616,0.1554080419241536,0.04372411360964179,0.4666666666666667,0.5333333333333333,0.4642857142816436,0.5357142857183564
E0,0708,2007-08-25,Aston Villa,Fulham,2,1,H,fpl-team-2,fpl-team-10,0.5197524839851739,0.2762648338299573,0.20398268218486873,0.5317179058821486,0.2725188733667398,0.19576322075111152,0.04386266693472862,0.4506666666666666,0.5493333333333332,0.44686045842705185,0.5531395415729482
E0,0708,2007-08-25,Bolton,Reading,3,0,H,,,0.41154880715955655,0.28718670655370926,0.30126448628673425,0.41643231176139633,0.2843107662444113,0.2992569219941923,0.042430362896993756,0.45308310991957107,0.546916890080429,0.449240051049149,0.550759948950851
E0,0708,2007-08-25,Chelsea,Portsmouth,1,0,H,fpl-team-6,,0.7171985450955736,0.193673868717792,0.08912758618663438,0.7424908855030602,0.18380208979999269,0.07370702469694707,0.04716911423020065,0.5188172043010751,0.48118279569892475,0.5202622514294047,0.47973774857059515
E0,0708,2007-08-25,Derby,Birmingham,1,2,A,,,0.3875074563272262,0.2900213037920749,0.32247123988069876,0.39086768473429073,0.28734272042482556,0.3217895948408837,0.042171893641352654,0.4323607427055703,0.5676392572944297,0.42689639356391795,0.573103606436082
E0,0708,2007-08-25,Everton,Blackburn,1,1,D,fpl-team-9,,0.4462916981539458,0.29051063370398356,0.26319766814207063,0.45316286313070087,0.2878911215640933,0.25894601530520595,0.04133581090718508,0.44266666666666665,0.5573333333333332,0.4380296304737454,0.5619703695262547
E0,0708,2007-08-25,Sunderland,Liverpool,0,2,A,fpl-team-20,fpl-team-14,0.170171114121839,0.2615413998293037,0.5682874860488573,0.1599399545839679,0.2568210176408043,0.5832390277752278,0.04371961031574756,0.448,0.5519999999999999,0.443926846101406,0.556073153898594
E0,0708,2007-08-25,West Ham,Wigan,1,1,D,,,0.47976760159840315,0.28343193694428737,0.23680046145730949,0.4890138417135694,0.2802440461818873,0.2307421121045433,0.042998445918783545,0.45187165775401067,0.5481283422459893,0.4480444508502948,0.5519555491497052
E0,0708,2007-08-26,Man United,Tottenham,1,0,H,,,0.6063196996473453,0.24284953487201363,0.15083076548064106,0.6248958437353981,0.23645674361595495,0.138647412648647,0.04710478219203651,0.4879356568364612,0.5120643431635389,0.4870548299852793,0.5129451700147207
E0,0708,2007-08-26,Middlesbrough,Newcastle,2,2,D,,fpl-team-17,0.36068106141224127,0.29219731557447387,0.3471216230132848,0.36234802637065117,0.28969362315082503,0.3479583504785238,0.04152723262086511,0.4491978609625669,0.5508021390374332,0.44509939899045475,0.5549006010095452
E0,0708,2007-09-01,Bolton,Everton,1,2,A,,fpl-team-9,0.38633542484993794,0.2885442704347974,0.3251203047152647,0.3895741782856865,0.2858157276553834,0.32461009405893004,0.041540479054674506,0.44680851063829785,0.5531914893617021,0.4427655677726523,0.5572344322273477
E0,0708,2007-09-01,Fulham,Tottenham,3,3,D,fpl-team-10,,0.29851754535018177,0.28650290730203204,0.4149795473477863,0.29644373919419553,0.283723494274006,0.41983276653179835,0.0403571929782629,0.4946524064171124,0.5053475935828876,0.4942799942793817,0.5057200057206184
E0,0708,2007-09-01,Liverpool,Derby,6,0,H,fpl-team-14,,0.7810172377101512,0.15620344754203022,0.0627793147478187,0.8091285710075705,0.14400178870536295,0.046869640287066534,0.04655524855479598,0.5493333333333332,0.4506666666666666,0.5531395415729482,0.44686045842705185
E0,0708,2007-09-01,Man United,Sunderland,1,0,H,,fpl-team-20,0.7700127605695433,0.16239284932925338,0.0675943901012035,0.7965379814975333,0.15112009457617545,0.05234192392629122,0.04445459810085595,0.5546666666666668,0.44533333333333336,0.559016582224653,0.44098341777534705
E0,0708,2007-09-01,Middlesbrough,Birmingham,2,0,H,,,0.462008760902326,0.28344095760878896,0.25455028148888487,0.46981785572941615,0.28039507202805997,0.24978707224252386,0.04125256964471191,0.4625668449197861,0.5374331550802139,0.4597388778616078,0.5402611221383922
E0,0708,2007-09-01,Newcastle,Wigan,1,0,H,fpl-team-17,,0.5389329193561565,0.271051556499714,0.19001552414412945,0.5518470776397915,0.26703567007405865,0.1811172522861498,0.042983187013305724,0.47058823529411764,0.5294117647058824,0.4684343434345415,0.5315656565654585
E0,0708,2007-09-01,Reading,West Ham,0,3,A,,,0.4244076705128731,0.2855582474438467,0.29003408204328013,0.42983808340097784,0.28271141522294374,0.28745050137607836,0.04048371477983892,0.46524064171123,0.5347593582887701,0.462643678157164,0.537356321842836
E0,0708,2007-09-02,Arsenal,Portsmouth,3,1,H,fpl-team-1,,0.6171438496945836,0.24751758677590247,0.13533856352951393,0.6339671111470742,0.24218935482660514,0.1238435340263207,0.04100331722293049,0.4866310160427808,0.5133689839572192,0.48569139193932814,0.5143086080606718
E0,0708,2007-09-02,Aston Villa,Chelsea,2,0,H,fpl-team-2,fpl-team-6,0.1740068517222516,0.26938086957584717,0.5566122787019012,0.16445928325605502,0.2653635595956904,0.5701771571482546,0.0416468596085906,0.44652406417112295,0.553475935828877,0.4421446961088058,0.5578553038911942
E0,0708,2007-09-02,Blackburn,Man City,1,0,H,,fpl-team-15,0.425545404766708,0.28678059886452056,0.28767399636877145,0.4311828227313469,0.2839349669743362,0.28488221029431693,0.04152765357866883,0.44,0.56,0.4350649350539206,0.5649350649460794
E0,0708,2007-09-15,Birmingham,Bolton,1,0,H,,,0.38644032957056473,0.28741499511810753,0.3261446753113277,0.389848385236278,0.28447799337872587,0.3256736213849961,0.04367204965092242,0.4625668449197861,0.5374331550802139,0.4597388778616078,0.5402611221383922
E0,0708,2007-09-15,Chelsea,Blackburn,0,0,D,fpl-team-6,,0.6738040543939368,0.21822968191954925,0.10796626368651384,0.6947464829952672,0.21073839591050858,0.09451512109422416,0.04316941066645086,0.5026737967914439,0.49732620320855614,0.5028597574926065,0.4971402425073935
E0,0708,2007-09-15,Everton,Man United,0,1,A,fpl-team-9,,0.21423531675610955,0.2751705116418294,0.5105941716020611,0.20656550648751695,0.27132597434331607,0.5221085191691671,0.044351204531267285,0.4745308310991957,0.5254691689008043,0.4726161651050819,0.5273838348949181
E0,0708,2007-09-15,Portsmouth,Liverpool,0,0,D,,fpl-team-14,0.19190852193202526,0.2725328122111601,0.5355586658568147,0.18307739919730123,0.2685906719620078,0.5483319288406909,0.04321747226640582,0.4787234042553191,0.5212765957446808,0.4773242630376109,0.5226757369623892
E0,0708,2007-09-15,Sunderland,Reading,2,1,H,fpl-team-20,,0.4054554133804215,0.28672392161169996,0.3078206650078786,0.41004854079570097,0.28376312140623305,0.30618833779806603,0.043301097583025694,0.448,0.5519999999999999,0.443926846101406,0.556073153898594
E0,0708,2007-09-15,Tottenham,Arsenal,1,3,A,,fpl-team-1,0.3320421887892741,0.2911915725028965,0.3767662387078293,0.3319557626874619,0.28861580691914496,0.3794284303933931,0.041689035831950605,0.5066666666666666,0.49333333333333335,0.5071123755322393,0.4928876244677607
E0,0708,2007-09-15,West Ham,Middlesbrough,3,0,H,,,0.4688657542792529,0.28276211642687255,0.24837212929387448,0.47767570868412124,0.2794485737418122,0.24287571757406662,0.044260789174586535,0.4547872340425533,0.5452127659574468,0.45150477820811263,0.5484952217918874
E0,0708,2007-09-15,Wigan,Fulham,1,1,D,,fpl-team-10,0.4380576527110501,0.2856897735072066,0.27625257378174334,0.4447760553285102,0.2826280953492312,0.27259584932225867,0.043624737998470664,0.47200000000000003,0.528,0.4700393768229449,0.5299606231770552
E0,0708,2007-09-16,Man City,Aston Villa,1,0,H,fpl-team-15,fpl-team-2,0.4126673415637168,0.28757755365221516,0.29975510478406797,0.41773061912627873,0.28466218552068234,0.297607195353039,0.043389686616137624,0.4312169312169312,0.5687830687830688,0.42580967327754204,0.574190326722458
E0,0708,2007-09-17,Derby,Newcastle,1,0,H,,fpl-team-17,0.22489799066398805,0.2778951002464384,0.4972069090895735,0.2179769979397165,0.274280146593469,0.5077428554668145,0.04384125000797212,0.4826666666666667,0.5173333333333333,0.4814888648397009,0.5185111351602991
E0,0708,2007-09-22,Arsenal,Derby,5,0,H,fpl-team-1,,0.7938819531098139,0.15047435712538956,0.05564368976479662,0.8230550251343486,0.13753954022937734,0.03940543463627397,0.04780030925758183,0.581578947368421,0.4184210526315789,0.5882210649223991,0.4117789350776008
E0,0708,2007-09-22,Fulham,Man City,3,3,D,fpl-team-10,fpl-team-15,0.36838254282517,0.2905225101144874,0.34109494706034255,0.3705917686121483,0.28783062437408297,0.34157760701376866,0.042935080360621214,0.44,0.56,0.4350649350539206,0.5649350649460794
E0,0708,2007-09-22,Liverpool,Birmingham,0,0,D,fpl-team-14,,0.7621065681741871,0.17013818219386834,0.06775524963194463,0.7888190808744164,0.15901572246959908,0.05216519665598455,0.04565034923143685,0.5347593582887701,0.46524064171123,0.537356321842836,0.462643678157164
E0,0708,2007-09-22,Middlesbrough,Sunderland,2,2,D,,fpl-team-20,0.45400406027643253,0.28711160198166913,0.2588843377418983,0.4615716059591934,0.2841955132669769,0.2542328807738297,0.04264781065285206,0.4625668449197861,0.5374331550802139,0.4597388778616078,0.5402611221383922
E0,0708,2007-09-22,Reading,Wigan,2,1,H,,,0.44142275485903054,0.2856264884381962,0.2729507567027733,0.44811272557252707,0.282667060656247,0.26922021377122596,0.04206114262342453,0.45187165775401067,0.5481283422459893,0.4480444508502948,0.5519555491497052
E0,0708,2007-09-23,Aston Villa,Everton,2,0,H,fpl-team-2,fpl-team-9,0.4146040849179997,0.28944058758426394,0.2959553274977362,0.4197794479127555,0.2866481411236934,0.29357241096355113,0.0432895798003301,0.4388297872340426,0.5611702127659575,0.4339365216115311,0.5660634783884689
E0,0708,2007-09-23,Blackburn,Portsmouth,0,1,A,,,0.48670587882243493,0.2821699726915343,0.2311241484860306,0.49655914622129665,0.2788384691771862,0.22460238460151719,0.0437834826298058,0.4533333333333333,0.5466666666666666,0.44978479196277044,0.5502152080372295
E0,0708,2007-09-23,Bolton,Tottenham,1,1,D,,,0.333522054660559,0.2876627721447321,0.3788151731947089,0.33352495732549164,0.28477367477035037,0.38170136790415804,0.04319851170293987,0.489247311827957,0.510752688172043,0.4884326200115537,0.5115673799884463
E0,0708,2007-09-23,Man United,Chelsea,2,0,H,,fpl-team-6,0.4605206329263026,0.29054929522164197,0.24893007185205543,0.4685604961997325,0.2878170654827512,0.2436224383175163,0.043015585048124194,0.40625000000000006,0.59375,0.39878542510973347,0.6012145748902665
E0,0708,2007-09-23,Newcastle,West Ham,3,1,H,fpl-team-17,,0.46490887941062436,0.2815044590926716,0.25358666149670417,0.4732874442128074,0.2781843269334013,0.24852822885379128,0.043329511070623994,0.4732620320855615,0.5267379679144386,0.4713212308926112,0.5286787691073889
E0,0708,2007-09-29,Birmingham,Man United,0,1,A,,,0.14389233426927645,0.24623287147683665,0.6098747942538869,0.132117665691852,0.24047529436130907,0.6274070399468389,0.04385126591660082,0.47849462365591405,0.5215053763440861,0.47683308236085015,0.5231669176391498
E0,0708,2007-09-29,Chelsea,Fulham,0,0,D,fpl-team-6,fpl-team-10,0.7055882635897807,0.19792732875858948,0.09648440765162973,0.7281118804704122,0.1892558057793062,0.08263231375028168,0.04278577445074916,0.528,0.47200000000000003,0.5299606231770552,0.4700393768229449
E0,0708,2007-09-29,Derby,Bolton,1,1,D,,,0.3588655832027309,0.28911741342665154,0.35201700337061764,0.3604433192491766,0.2863875707288684,0.35316911002195517,0.042151923989877105,0.48,0.5199999999999999,0.47863247862979214,0.5213675213702079
E0,0708,2007-09-29,Man City,Newcastle,3,1,H,fpl-team-15,fpl-team-17,0.4232708874154665,0.28656227781544,0.2901668347690934,0.4288226460393022,0.2836766915766138,0.287500662384084,0.04193825600668788,0.4274406332453826,0.5725593667546175,0.42177277123892026,0.5782272287610797
E0,0708,2007-09-29,Portsmouth,Reading,7,4,H,,,0.5282135331304143,0.2751112151720908,0.19667525169749472,0.539987508379629,0.2715084575518878,0.18850403406848315,0.0412631006911397,0.4586666666666667,0.5413333333333333,0.4556077443035696,0.5443922556964305
E0,0708,2007-09-29,Sunderland,Blackburn,1,2,A,fpl-team-20,,0.3540323202219767,0.290573696785962,0.3553939829920612,0.3552798363254064,0.28799606685971085,0.3567240968148827,0.04112881561741233,0.449468085106383,0.550531914893617,0.44568790556134763,0.5543120944386524
E0,0708,2007-09-29,West Ham,Arsenal,0,1,A,,fpl-team-1,0.2152299549716325,0.27014199626938035,0.5146280487589872,0.20782919394150814,0.26609270540680885,0.526078100651683,0.043091361061669886,0.5106951871657753,0.48930481283422456,0.5114439390020781,0.48855606099792176
E0,0708,2007-09-29,Wigan,Liverpool,0,1,A,,fpl-team-14,0.16177187267550724,0.25829122528022164,0.5799369020442712,0.15124008946493986,0.2534415545306528,0.5953183560044073,0.042904220055788755,0.46276595744680854,0.5372340425531915,0.4601684306396359,0.5398315693603641
E0,0708,2007-09-30,Everton,Middlesbrough,2,0,H,fpl-team-9,,0.5191808731084682,0.27431347623939956,0.20650565065213228,0.5312723017839255,0.27039399023112926,0.19833370798494523,0.04446300584822893,0.4547872340425533,0.5452127659574468,0.45150477820811263,0.5484952217918874
E0,0708,2007-10-01,Tottenham,Aston Villa,4,4,D,,fpl-team-2,0.47415569635826776,0.2856714443897637,0.24017285925196846,0.4832022290206228,0.28257404270091196,0.23422372827846516,0.04375241615343839,0.496,0.5039999999999999,0.4957330602491005,0.5042669397508994
E0,0708,2007-10-06,Aston Villa,West Ham,1,0,H,fpl-team-2,,0.4925823373493085,0.27997841059064044,0.22743925206005114,0.5026431080422147,0.2765610480871668,0.2207958438706185,0.0430528853321448,0.45187165775401067,0.5481283422459893,0.4480444508502948,0.5519555491497052
E0,0708,2007-10-06,Man United,Wigan,4,0,H,,,0.788787483702738,0.15254237288135594,0.05867014341590613,0.8168789167716439,0.14022683791404436,0.042894245314311734,0.046034328639507294,0.5573333333333332,0.44266666666666665,0.5619703695262547,0.4380296304737454
E0,0708,2007-10-07,Arsenal,Sunderland,3,2,H,fpl-team-1,fpl-team-20,0.7831437005442846,0.1560995889598405,0.060756710495874805,0.8104176718264432,0.14429021336290004,0.0452921148106567,0.04493790818378329,0.5714285714285714,0.42857142857142855,0.577160493828828,0.4228395061711721
E0,0708,2007-10-07,Blackburn,Birmingham,2,1,H,,,0.5528036086700355,0.26758899318230706,0.17960739814765744,0.5662881931066429,0.26342916250314297,0.17028264439021396,0.04209104226902127,0.4521276595744681,0.547872340425532,0.4486007995439608,0.5513992004560392
E0,0708,2007-10-07,Bolton,Chelsea,0,1,A,,fpl-team-6,0.18906476308710946,0.2682081522863646,0.542727084626526,0.18023390164161124,0.26407475811424175,0.555691340244147,0.04235895210877061,0.47058823529411764,0.5294117647058824,0.4684343434345415,0.5315656565654585
E0,0708,2007-10-07,Fulham,Portsmouth,0,2,A,fpl-team-10,,0.3766435572555582,0.2865766196509682,0.3367798230934736,0.3793082439227191,0.28370840114295864,0.3369833549343222,0.04186880914494395,0.48525469168900803,0.514745308310992,0.4841735727427565,0.5158264272572435
E0,0708,2007-10-07,Liverpool,Tottenham,2,2,D,fpl-team-14,,0.6019372705812074,0.25094387574638893,0.1471188536724037,0.618951563631006,0.24550045797633677,0.13554797839265723,0.04376506898552179,0.5080213903743315,0.4919786096256684,0.5085812356982813,0.4914187643017187
E0,0708,2007-10-07,Man City,Middlesbrough,3,1,H,fpl-team-15,,0.5549473710311311,0.2685751125106931,0.17647751645817578,0.5689351942271945,0.2643518560649114,0.16671294970789408,0.04329655133187771,0.4491978609625669,0.5508021390374332,0.44509939899045475,0.5549006010095452
E0,0708,2007-10-07,Newcastle,Everton,3,2,H,fpl-team-17,fpl-team-9,0.44963250151040485,0.2862567168001024,0.26411078168949276,0.45691374413598246,0.28329630053301674,0.25978995533100085,0.04256712272763252,0.4611260053619303,0.5388739946380697,0.4580585444799596,0.5419414555200404
E0,0708,2007-10-07,Reading,Derby,1,0,H,,,0.537052945845569,0.27248704037002314,0.19046001378440794,0.549473243327969,0.26867994894624964,0.18184680772578127,0.04168507223948836,0.5,0.5,0.5,0.5
E0,0708,2007-10-20,Arsenal,Bolton,2,0,H,fpl-team-1,,0.7492944270018467,0.17422157754485282,0.07648399545330054,0.7754122597778038,0.16345310617392375,0.061134634048272456,0.04546870733611286,0.5623342175066313,0.4376657824933686,0.5671812464381586,0.43281875356184146
E0,0708,2007-10-20,Aston Villa,Man United,1,4,A,fpl-team-2,,0.2005104714254323,0.27428880512499787,0.5252007234495699,0.1925611080847213,0.2706421101278523,0.5367967817874265,0.04125832347199321,0.4547872340425533,0.5452127659574468,0.45150477820811263,0.5484952217918874
E0,0708,2007-10-20,Blackburn,Reading,4,2,H,,,0.5509261125599656,0.27142400853394194,0.17764987890609255,0.5638527799508394,0.267627692272049,0.16851952777711166,0.04067232273519039,0.4760638297872341,0.5239361702127661,0.4744774976599343,0.5255225023400657
E0,0708,2007-10-20,Everton,Liverpool,1,2,A,fpl-team-9,fpl-team-14,0.26793687281729367,0.2897749878431546,0.44228813933955174,0.26400116447818767,0.287135118805446,0.4488637167163663,0.040998766431584954,0.4350132625994695,0.5649867374005305,0.4298637352493277,0.5701362647506723
E0,0708,2007-10-20,Fulham,Derby,0,0,D,fpl-team-10,,0.5433440760364888,0.2692958977440323,0.1873600262194789,0.5561576772343984,0.26528634878154644,0.17855597398405518,0.041737712221220136,0.5,0.5,0.5,0.5
E0,0708,2007-10-20,Man City,Birmingham,1,0,H,fpl-team-15,,0.5950380747050139,0.2576282167018915,0.1473337085930945,0.6113083376385557,0.2527023557594733,0.13598930660197095,0.04291750746779144,0.47074468085106375,0.5292553191489361,0.4687704057047033,0.5312295942952968
E0,0708,2007-10-20,Middlesbrough,Chelsea,0,2,A,,fpl-team-6,0.17389413012153015,0.2630706071069302,0.5630352627715396,0.1642547623453303,0.25863332059283073,0.577111917061839,0.042023610323667526,0.45599999999999996,0.5439999999999999,0.4527003783983748,0.5472996216016252
E0,0708,2007-10-20,Wigan,Portsmouth,0,2,A,,,0.3256445047489824,0.2890094979647218,0.3853459972862958,0.3251765426092379,0.28636482986549533,0.3884586275252668,0.04066672420594841,0.4533333333333333,0.5466666666666666,0.44978479196277044,0.5502152080372295
E0,0708,2007-10-21,West Ham,Sunderland,3,1,H,,fpl-team-20,0.5072655591967895,0.2814705237006576,0.21126391710255304,0.5179421306818834,0.27822058683189266,0.20383728248622388,0.04186706920154393,0.4613333333333334,0.5386666666666667,0.458507411439061,0.541492588560939
E0,0708,2007-10-22,Newcastle,Tottenham,3,1,H,fpl-team-17,,0.3943422122814152,0.2874644164294428,0.31819337128914194,0.3981020162644054,0.2846461054744733,0.3172518782611214,0.04188812128268182,0.5347593582887701,0.46524064171123,0.537356321842836,0.462643678157164
E0,0708,2007-10-27,Birmingham,Wigan,3,2,H,,,0.44774552390722433,0.28644589417667143,0.26580858191610435,0.45484889689563707,0.283523120080558,0.26162798302380486,0.04220285080373287,0.4361702127659574,0.5638297872340425,0.43097100782246683,0.5690289921775332
E0,0708,2007-10-27,Chelsea,Man City,6,0,H,fpl-team-6,fpl-team-15,0.6189498942316799,0.24462475925867458,0.13642534650964544,0.6367304550061111,0.23884243588369966,0.12442710911018917,0.04313331167213619,0.4613333333333334,0.5386666666666667,0.458507411439061,0.541492588560939
E0,0708,2007-10-27,Man United,Middlesbrough,4,1,H,,,0.7752291464722866,0.1604387277046993,0.06433212582301402,0.802625822822581,0.14870449733325009,0.04866967984416898,0.045732622500509024,0.5649867374005305,0.4350132625994695,0.5701362647506723,0.4298637352493277
E0,0708,2007-10-27,Portsmouth,West Ham,0,0,D,,,0.5201827480583883,0.2756657078033974,0.20415154413821446,0.5320541776484697,0.27192115498963815,0.19602466736189214,0.04340603481978178,0.48395721925133695,0.5160427807486632,0.48282426358777536,0.5171757364122247
E0,0708,2007-10-27,Reading,Newcastle,2,1,H,,fpl-team-17,0.3496143958868894,0.2884318766066838,0.3619537275064268,0.3506075066801993,0.2856860763077734,0.3637064170120273,0.041742766508832574,0.512,0.4880000000000001,0.5128073770492821,0.48719262295071786
E0,0708,2007-10-27,Sunderland,Fulham,1,1,D,fpl-team-20,fpl-team-10,0.45003133895172215,0.2856236052170373,0.26434505583124074,0.4572562940587077,0.28265751640542114,0.2600861895358711,0.042084211367182434,0.4666666666666667,0.5333333333333333,0.4642857142816436,0.5357142857183564
E0,0708,2007-10-28,Bolton,Aston Villa,1,1,D,,fpl-team-2,0.36039563156810217,0.2901298166082835,0.34947455182361425,0.3620612623216771,0.2874741659092626,0.3504645717690602,0.04195810714736581,0.45187165775401067,0.5481283422459893,0.4480444508502948,0.5519555491497052
E0,0708,2007-10-28,Derby,Everton,0,2,A,,fpl-team-9,0.28262777693071633,0.28882964037433706,0.4285425826949466,0.27944129798603096,0.2860273762787974,0.4345313257351716,0.04275159223470837,0.4533333333333333,0.5466666666666666,0.44978479196277044,0.5502152080372295
E0,0708,2007-10-28,Liverpool,Arsenal,1,1,D,fpl-team-14,fpl-team-1,0.38260363785663265,0.29272214832840787,0.3246742138149595,0.38566716582627686,0.2902040713618869,0.3241287628118363,0.042280917754396796,0.4350132625994695,0.5649867374005305,0.4298637352493277,0.5701362647506723
E0,0708,2007-10-28,Tottenham,Blackburn,1,2,A,,,0.4346643544554374,0.2835349019832392,0.28180074356132334,0.44102881770926217,0.2804062502081048,0.27856493208263305,0.04268958047032356,0.5292553191489361,0.47074468085106375,0.5312295942952968,0.4687704057047033
E0,0708,2007-11-03,Arsenal,Man United,2,2,D,fpl-team-1,,0.38080612570456235,0.2956418164415612,0.3235520578538765,0.3836259333032681,0.29340843486673407,0.3229656318299979,0.040351860923692584,0.4533333333333333,0.5466666666666666,0.44978479196277044,0.5502152080372295
E0,0708,2007-11-03,Aston Villa,Derby,2,0,H,fpl-team-2,,0.6509713163032121,0.23051852098517736,0.11851016271161043,0.670163961316316,0.22397484130727585,0.10586119737640817,0.04212174913845956,0.5080213903743315,0.4919786096256684,0.5085812356982813,0.4914187643017187
E0,0708,2007-11-03,Blackburn,Liverpool,0,0,D,,fpl-team-14,0.3154292221074162,0.28791514665879425,0.3966556312337895,0.31434003922500514,0.28517908299942557,0.4004808777755693,0.04103998886421323,0.448,0.5519999999999999,0.443926846101406,0.556073153898594
E0,0708,2007-11-03,Everton,Birmingham,3,1,H,fpl-team-9,,0.5536268395342407,0.2719284770653476,0.1744446834004117,0.5668998834547339,0.26809894427789316,0.16500117226737288,0.04128958028741181,0.449468085106383,0.550531914893617,0.44568790556134763,0.5543120944386524
E0,0708,2007-11-03,Fulham,Reading,3,1,H,fpl-team-10,,0.42177680264772605,0.28775426722695324,0.29046893012532077,0.4271638485422702,0.2849791821397121,0.28785696931801763,0.04137067846022546,0.5093333333333333,0.49066666666666664,0.5099590257227813,0.49004097427721877
E0,0708,2007-11-03,Middlesbrough,Tottenham,1,1,D,,,0.33485763919935624,0.28791497949851186,0.37722738130213185,0.3349416501393505,0.2851829951804231,0.37987535468022626,0.04102844907902181,0.5401069518716577,0.4598930481283422,0.5431729219445616,0.4568270780554385
E0,0708,2007-11-03,Newcastle,Portsmouth,1,4,A,fpl-team-17,,0.44595326664018203,0.2849145870201163,0.2691321463397016,0.4528716361671887,0.2819315445327243,0.2651968193000871,0.04174544778652489,0.5039999999999999,0.496,0.5042669397508994,0.4957330602491005
E0,0708,2007-11-03,Wigan,Chelsea,0,2,A,,fpl-team-6,0.118905581409876,0.22753537183371336,0.6535590467564106,0.10577747048132216,0.22052869971855846,0.6736938298001193,0.043914198176935315,0.4919786096256684,0.5080213903743315,0.4914187643017187,0.5085812356982813
E0,0708,2007-11-04,West Ham,Bolton,1,1,D,,,0.4975600840720095,0.28063602302842006,0.22180389289957053,0.5080255498608283,0.2772224516238133,0.21475199851535837,0.043456946266815066,0.44297082228116713,0.557029177718833,0.4386940404900047,0.5613059595099953
E0,0708,2007-11-05,Man City,Sunderland,1,0,H,fpl-team-15,fpl-team-20,0.5882433712771362,0.25653947025141777,0.15521715847144602,0.603827792566263,0.2516620745449174,0.14451013288881956,0.04209226788952947,0.4787234042553191,0.5212765957446808,0.4773242630376109,0.5226757369623892
E0,0708,2007-11-10,Derby,West Ham,0,5,A,,,0.2932483338162851,0.2868733700376702,0.41987829614604466,0.29080578736454,0.2840478679419618,0.4251463446934982,0.04134404053911567,0.4441489361702128,0.5558510638297872,0.43983325216669694,0.5601667478333031
E0,0708,2007-11-10,Liverpool,Fulham,2,0,H,fpl-team-14,fpl-team-10,0.7281946593790128,0.19068190049718484,0.0811234401238023,0.7519027617141134,0.1814582243675209,0.06663901391836564,0.04301299178041518,0.5240641711229947,0.47593582887700536,0.5257968355913017,0.4742031644086983
E0,0708,2007-11-10,Sunderland,Newcastle,1,1,D,fpl-team-20,fpl-team-17,0.3404360499803965,0.29210916591377867,0.36745478410582477,0.34084825287123344,0.2896910481819424,0.36946069894682404,0.03998198313638568,0.5039999999999999,0.496,0.5042669397508994,0.4957330602491005
E0,0708,2007-11-11,Birmingham,Aston Villa,1,2,A,,fpl-team-2,0.35266185383932364,0.2933250974790565,0.3540130486816199,0.3538277933995297,0.290911217350351,0.3552609892501194,0.04115602467209101,0.4441489361702128,0.5558510638297872,0.43983325216669694,0.5601667478333031
E0,0708,2007-11-11,Bolton,Middlesbrough,0,0,D,,,0.44630243621161886,0.28513766757964537,0.26855989620873577,0.45317279573119923,0.2821976823428786,0.26462952192592215,0.0413202615454793,0.4680851063829787,0.5319148936170213,0.46590909090869675,0.5340909090913033
E0,0708,2007-11-11,Chelsea,Everton,1,1,D,fpl-team-6,fpl-team-9,0.6873484102432048,0.21076587407915204,0.1018857156776432,0.7097498966645345,0.20252423239980757,0.08772587093565792,0.044667167821899056,0.5160427807486632,0.48395721925133695,0.5171757364122247,0.48282426358777536
E0,0708,2007-11-11,Man United,Blackburn,2,0,H,,,0.686590190153354,0.20909792154670329,0.10431188829994267,0.7092574560404167,0.2006533900550789,0.0900891539045044,0.045267156325280666,0.5596816976127321,0.44031830238726793,0.5642379946245202,0.4357620053754798
E0,0708,2007-11-11,Portsmouth,Man City,0,0,D,,fpl-team-15,0.4639798547577932,0.28236082904220444,0.2536593162000023,0.4719865725217674,0.27921837240487396,0.24879505507335858,0.04166832217015326,0.4732620320855615,0.5267379679144386,0.4713212308926112,0.5286787691073889
E0,0708,2007-11-11,Tottenham,Wigan,4,0,H,,,0.6332647320505792,0.24077252833173068,0.12596273961769017,0.6513358945842997,0.2349028762154529,0.11376122920024734,0.041852163849398494,0.5561497326203209,0.4438502673796791,0.560820203882233,0.43917979611776714
E0,0708,2007-11-12,Reading,Arsenal,1,3,A,,fpl-team-1,0.14030078519211361,0.24331109853053384,0.6163881162773525,0.12889260818702455,0.2376611305014529,0.6334462613115226,0.041651912964880466,0.5267379679144386,0.4732620320855615,0.5286787691073889,0.4713212308926112
E0,0708,2007-11-24,Arsenal,Wigan,2,0,H,fpl-team-1,,0.7998871154148892,0.14350548872498012,0.05660739586013062,0.8298768676459279,0.1299780477417512,0.04014508461232088,0.04857867397367954,0.6128205128205129,0.38717948717948714,0.6219208068997967,0.3780791931002033
E0,0708,2007-11-24,Birmingham,Portsmouth,0,2,A,,,0.3086370356019223,0.2883827301405461,0.4029802342575317,0.30710916919538644,0.28562018212552265,0.40727064867909096,0.04185777576640248,0.45454545454545453,0.5454545454545455,0.450980392149827,0.5490196078501731
E0,0708,2007-11-24,Bolton,Man United,1,0,H,,,0.12120425305412388,0.23742324120113725,0.6413725057447388,0.1085723499353993,0.2312366951832673,0.6601909548813334,0.042549367528408766,0.4959785522788205,0.5040214477211796,0.4956871765387142,0.5043128234612858
E0,0708,2007-11-24,Derby,Chelsea,0,2,A,,fpl-team-6,0.07947776165931046,0.1797894996759159,0.7407327386647735,0.06511129026490531,0.17006533324726716,0.7648233764878275,0.042427608743309975,0.5413333333333333,0.4586666666666667,0.5443922556964305,0.4556077443035696
E0,0708,2007-11-24,Everton,Sunderland,7,1,H,fpl-team-9,fpl-team-20,0.5775277062497333,0.26176893201121054,0.1607033617390562,0.5923505994213512,0.25725989913926844,0.1503895014393805,0.04172579094301909,0.4826666666666667,0.5173333333333333,0.4814888648397009,0.5185111351602991
E0,0708,2007-11-24,Man City,Reading,2,1,H,fpl-team-15,,0.5911522902257601,0.2561659924311627,0.15268171734307714,0.6072095921905089,0.2511613289004371,0.14162907890905396,0.04293511458672583,0.4826666666666667,0.5173333333333333,0.4814888648397009,0.5185111351602991
E0,0708,2007-11-24,Middlesbrough,Aston Villa,0,3,A,,fpl-team-2,0.34560789784311624,0.2910956111170726,0.3632964910398111,0.34635748558002394,0.2885046823611098,0.36513783205886624,0.04186353599652648,0.4491978609625669,0.5508021390374332,0.44509939899045475,0.5549006010095452
E0,0708,2007-11-24,Newcastle,Liverpool,0,3,A,fpl-team-17,fpl-team-14,0.2530656877294384,0.28508943216433646,0.4618448801062251,0.24819229304138798,0.282128157402041,0.46967954955657104,0.041446655755862594,0.4679144385026738,0.5320855614973262,0.46554199568856475,0.5344580043114353
E0,0708,2007-11-25,Fulham,Blackburn,2,2,D,fpl-team-10,,0.33073499040052684,0.2910885246742807,0.37817648492519257,0.33056752272639306,0.28849464084707016,0.3809378364265368,0.04188173823058605,0.4625668449197861,0.5374331550802139,0.4597388778616078,0.5402611221383922
E0,0708,2007-11-25,West Ham,Tottenham,1,1,D,,,0.34171737081155196,0.28922786871197187,0.3690547604764761,0.3422273131830502,0.28651727776848174,0.37125540904846804,0.04194637481123209,0.5013333333333333,0.4986666666666667,0.5014222323357952,0.49857776766420475
E0,0708,2007-11-28,Blackburn,Aston Villa,0,4,A,,fpl-team-2,0.4311820646609274,0.2883530057419952,0.2804649295970774,0.43722358333170613,0.2855720498764311,0.27720436679186283,0.04195123608224094,0.45721925133689845,0.5427807486631016,0.4539077579061352,0.5460922420938649
E0,0708,2007-12-01,Aston Villa,Arsenal,1,2,A,fpl-team-2,fpl-team-1,0.23926684594991512,0.2834391867406687,0.47729396730941626,0.2333635081883205,0.2802555446371291,0.4863809471745504,0.0429764767177403,0.47593582887700536,0.5240641711229947,0.4742031644086983,0.5257968355913017
E0,0708,2007-12-01,Blackburn,Newcastle,3,1,H,,fpl-team-17,0.49068249521373714,0.28210492079566535,0.22721258399059752,0.5004402532851817,0.27888196696864204,0.22067777974617625,0.04224355332553387,0.48395721925133695,0.5160427807486632,0.48282426358777536,0.5171757364122247
E0,0708,2007-12-01,Chelsea,West Ham,1,0,H,fpl-team-6,,0.7203360718257457,0.18855422738997024,0.09110970078428404,0.744513092227056,0.17894766289351266,0.0765392448794314,0.04449115530587733,0.5294117647058824,0.47058823529411764,0.5315656565654585,0.4684343434345415
E0,0708,2007-12-01,Portsmouth,Everton,0,0,D,,fpl-team-9,0.4251655629139073,0.2874172185430463,0.2874172185430463,0.43084409538988583,0.28457795230505706,0.28457795230505706,0.042012490797787905,0.4596774193548387,0.5403225806451611,0.45635855808880815,0.543641441911192
E0,0708,2007-12-01,Reading,Middlesbrough,1,1,D,,,0.46894339375594496,0.2860119150771553,0.24504469116689964,0.47719640063493585,0.28310467158718394,0.23969892777788024,0.04138979979325086,0.4919786096256684,0.5080213903743315,0.4914187643017187,0.5085812356982813
E0,0708,2007-12-01,Sunderland,Derby,1,0,H,fpl-team-20,,0.5555272873941237,0.2657565697620303,0.17871614284384596,0.5693712772272239,0.2614210169286347,0.1692077058441414,0.042707461630925536,0.4786096256684492,0.5213903743315508,0.47708064747046347,0.5229193525295365
E0,0708,2007-12-01,Wigan,Man City,1,1,D,,fpl-team-15,0.30583824543735005,0.290401614752815,0.40376013980983494,0.30408627411651146,0.28767978734884764,0.40823393853464096,0.04318600753322244,0.450402144772118,0.549597855227882,0.44628339140281453,0.5537166085971855
E0,0708,2007-12-02,Liverpool,Bolton,4,0,H,fpl-team-14,,0.7148604227546952,0.19292258270994914,0.0922169945353557,0.7386454141869794,0.1836161077969807,0.07773847801603992,0.04433251009322703,0.5160427807486632,0.48395721925133695,0.5171757364122247,0.48282426358777536
E0,0708,2007-12-02,Tottenham,Birmingham,2,3,A,,,0.6499484830164257,0.22732188322249375,0.12272963376108038,0.6694788821363435,0.220467143833054,0.11005397403060245,0.04296980518847704,0.5664893617021276,0.4335106382978723,0.5720066822197369,0.42799331778026306
E0,0708,2007-12-03,Man United,Fulham,2,0,H,,fpl-team-10,0.7820983158894468,0.15304743163342407,0.0648542524771291,0.8098030382355201,0.14094977391245242,0.04924718785202751,0.045540368650108576,0.5879265091863517,0.41207349081364825,0.5952570518655491,0.4047429481344509
E0,0708,2007-12-05,Newcastle,Arsenal,1,1,D,fpl-team-17,fpl-team-1,0.1744368922330068,0.2628977663568678,0.5626653414101256,0.1647491301361796,0.25841254770342637,0.576838322160394,0.04238569363951683,0.5148247978436657,0.4851752021563342,0.5159976730645411,0.4840023269354588
E0,0708,2007-12-08,Aston Villa,Portsmouth,1,3,A,fpl-team-2,,0.4416973678370101,0.2875848905854676,0.27071774157752226,0.44835123395125304,0.28476699779587433,0.26688176825287263,0.04172370582818985,0.4506666666666666,0.5493333333333332,0.44686045842705185,0.5531395415729482
E0,0708,2007-12-08,Chelsea,Sunderland,2,0,H,fpl-team-6,fpl-team-20,0.791502449769072,0.14676035914894045,0.06173719108198761,0.8185475659515686,0.13480271328833654,0.04664972076009491,0.04361283080652356,0.5585106382978724,0.4414893617021276,0.5631095811795052,0.43689041882049473
E0,0708,2007-12-08,Everton,Fulham,3,0,H,fpl-team-9,fpl-team-10,0.5842786130408356,0.26004512918437195,0.15567625777479263,0.5996997100121219,0.2553565933742183,0.1449436966136599,0.04230962949804962,0.4986666666666667,0.5013333333333333,0.49857776766420475,0.5014222323357952
E0,0708,2007-12-08,Man United,Derby,4,1,H,,,0.8319804610972198,0.12395950494200189,0.04406003396077834,0.8624651672429751,0.10940114938822433,0.028133683368800653,0.04793314775452018,0.6313131313131313,0.36868686868686873,0.6424657534239346,0.3575342465760654
E0,0708,2007-12-08,Newcastle,Birmingham,2,1,H,fpl-team-17,,0.5047652665019413,0.2799152841510766,0.215319449346982,0.5152165986367628,0.27659967982641587,0.2081837215368212,0.0415579741820693,0.5186170212765957,0.4813829787234043,0.519832837511798,0.48016716248820196
E0,0708,2007-12-08,Reading,Liverpool,3,1,H,,fpl-team-14,0.1688940099043889,0.2677826765730456,0.5633233135225655,0.15903147468594217,0.2636482136955518,0.577320311618506,0.04176304233260453,0.48,0.5199999999999999,0.47863247862979214,0.5213675213702079
E0,0708,2007-12-09,Blackburn,West Ham,0,1,A,,,0.5063079419311952,0.2783928864999321,0.21529917156887274,0.517184779638671,0.27487600324673117,0.20793921711459773,0.04289499297738075,0.4704301075268817,0.5295698924731183,0.4680928208806353,0.5319071791193647
E0,0708,2007-12-09,Bolton,Wigan,4,1,H,,,0.46822535233086376,0.2838165981820928,0.24795804948704345,0.476597737602704,0.2807184562727403,0.24268380612455567,0.042222256073728204,0.4414893617021276,0.5585106382978724,0.43689041882049473,0.5631095811795052
E0,0708,2007-12-09,Middlesbrough,Arsenal,2,1,H,,fpl-team-1,0.14188786562083613,0.25228828709019907,0.6058238472889649,0.12999506919158194,0.24689905373326368,0.6231058770751544,0.04389017866924405,0.5066666666666666,0.49333333333333335,0.5071123755322393,0.4928876244677607
E0,0708,2007-12-09,Tottenham,Man City,2,1,H,,fpl-team-15,0.4523195876288659,0.2847938144329897,0.26288659793814434,0.45966960991456063,0.2817825288131628,0.2585478612722766,0.04198974324390292,0.5186170212765957,0.4813829787234043,0.519832837511798,0.48016716248820196
E0,0708,2007-12-15,Birmingham,Reading,1,1,D,,,0.4330868013393679,0.28737535415976745,0.2795378445008647,0.43926790668693505,0.2845238228129337,0.27620827050013125,0.042104563442990184,0.4946524064171124,0.5053475935828876,0.4942799942793817,0.5057200057206184
E0,0708,2007-12-15,Derby,Middlesbrough,0,1,A,,,0.316910091649824,0.28729232607507404,0.39579758227510203,0.31588167289284436,0.2844416427533715,0.3996766843537842,0.04221453797072172,0.4586666666666667,0.5413333333333333,0.4556077443035696,0.5443922556964305
E0,0708,2007-12-15,Fulham,Newcastle,0,1,A,fpl-team-10,fpl-team-17,0.37903889689236464,0.28964293064416546,0.3313181724634699,0.38191866327165347,0.2868984777763527,0.33118285895199395,0.042876205523498356,0.4919786096256684,0.5080213903743315,0.4914187643017187,0.5085812356982813
E0,0708,2007-12-15,Man City,Bolton,4,2,H,fpl-team-15,,0.518641202383325,0.278906749317921,0.20245204829875407,0.530023539195465,0.2754841054129818,0.19449235539155324,0.041937250760383904,0.44297082228116713,0.557029177718833,0.4386940404900047,0.5613059595099953
E0,0708,2007-12-15,Portsmouth,Tottenham,0,1,A,,,0.4312146776967811,0.2865836677860595,0.2822016545171595,0.43725245917706673,0.28369786739676633,0.27904967342616693,0.04190993122756481,0.49732620320855614,0.5026737967914439,0.4971402425073935,0.5028597574926065
E0,0708,2007-12-15,Sunderland,Aston Villa,1,1,D,fpl-team-20,fpl-team-2,0.3086180124223603,0.29017857142857145,0.4012034161490684,0.3070885706376917,0.2875239437978391,0.40538748556446924,0.041888896259479225,0.4533333333333333,0.5466666666666666,0.44978479196277044,0.5502152080372295
E0,0708,2007-12-15,West Ham,Everton,0,2,A,,fpl-team-9,0.37654767148948537,0.28919805490571765,0.33425427360479687,0.379215612886167,0.28648117942191204,0.334303207691921,0.04200500634033233,0.4533333333333333,0.5466666666666666,0.44978479196277044,0.5502152080372295
E0,0708,2007-12-15,Wigan,Blackburn,5,3,H,,,0.30514738416805376,0.2888856113440509,0.4059670044878953,0.30337443665507163,0.2861044340719553,0.4105211292729732,0.04261474427767098,0.44680851063829785,0.5531914893617021,0.4427655677726523,0.5572344322273477
E0,0708,2007-12-16,Arsenal,Chelsea,1,0,H,fpl-team-1,fpl-team-6,0.38574375429750174,0.3025441210176484,0.3117121246848498,0.3888393640270609,0.3007275829425632,0.31043305303037594,0.04010427719913423,0.4312169312169312,0.5687830687830688,0.42580967327754204,0.574190326722458
E0,0708,2007-12-16,Liverpool,Man United,0,1,A,fpl-team-14,,0.3591934808960748,0.3026646707878401,0.338141848316085,0.3607761407951431,0.300790994541053,0.3384328646638038,0.04164735623635352,0.4263157894736842,0.5736842105263158,0.4207158228541977,0.5792841771458024
E0,0708,2007-12-22,Arsenal,Tottenham,2,1,H,fpl-team-1,,0.6155873824795712,0.2482207187417626,0.13619189877866622,0.6328789346321271,0.24275160154464975,0.12436946382322314,0.042419330100528896,0.5413333333333333,0.4586666666666667,0.5443922556964305,0.4556077443035696
E0,0708,2007-12-22,Aston Villa,Man City,1,1,D,fpl-team-2,fpl-team-15,0.45400406027643253,0.28711160198166913,0.2588843377418983,0.4615716059591934,0.2841955132669769,0.2542328807738297,0.04264781065285206,0.4533333333333333,0.5466666666666666,0.44978479196277044,0.5502152080372295
E0,0708,2007-12-22,Bolton,Birmingham,3,0,H,,,0.4901052647179787,0.28350704543686156,0.2263876898451597,0.4999719663693416,0.28032193149670986,0.2197061021339486,0.04288929048925638,0.45721925133689845,0.5427807486631016,0.4539077579061352,0.5460922420938649
E0,0708,2007-12-22,Fulham,Wigan,1,1,D,fpl-team-10,,0.45285648491159214,0.2837341556699172,0.2634093594184905,0.46059069218585835,0.2805114075697014,0.25889790024444026,0.04402641474734992,0.47184986595174266,0.5281501340482575,0.4697161975078396,0.5302838024921604
E0,0708,2007-12-22,Liverpool,Portsmouth,4,1,H,fpl-team-14,,0.618070319086644,0.2468967226378283,0.13503295827552778,0.6361119632364405,0.24114138208111086,0.12274665468244858,0.04395260557066649,0.4786096256684492,0.5213903743315508,0.47708064747046347,0.5229193525295365
E0,0708,2007-12-22,Middlesbrough,West Ham,1,2,A,,,0.4072993439360465,0.28586848363213196,0.30683217243182165,0.4120030993300644,0.28285770863855664,0.30513919203137896,0.04323678743094206,0.44533333333333336,0.5546666666666668,0.44098341777534705,0.559016582224653
E0,0708,2007-12-22,Reading,Sunderland,2,1,H,,fpl-team-20,0.4926794745145452,0.28261061881662564,0.2247099066688292,0.5027205254570932,0.27936324876586943,0.21791622577703731,0.042949403170496225,0.48525469168900803,0.514745308310992,0.4841735727427565,0.5158264272572435
E0,0708,2007-12-23,Blackburn,Chelsea,0,1,A,,fpl-team-6,0.22059495897906706,0.282172079430279,0.4972329615906538,0.21341146614550807,0.2788266904858614,0.5077618433686306,0.04382049688138068,0.44533333333333336,0.5546666666666668,0.44098341777534705,0.559016582224653
E0,0708,2007-12-23,Man United,Everton,2,1,H,,fpl-team-9,0.6699593012576975,0.21905590518449777,0.1109847935578048,0.6921883733415756,0.21105975144441155,0.09675187521401293,0.04644923936575651,0.5401069518716577,0.4598930481283422,0.5431729219445616,0.4568270780554385
E0,0708,2007-12-23,Newcastle,Derby,2,2,D,fpl-team-17,,0.6849505647095842,0.21295446791434872,0.10209496737606706,0.7081676349144119,0.20447368552594664,0.0873586795596413,0.04672141349874437,0.5546666666666668,0.44533333333333336,0.559016582224653,0.44098341777534705
E0,0708,2007-12-26,Birmingham,Middlesbrough,3,0,H,,,0.41759429374257007,0.2866097481897763,0.29579595806765374,0.42278369505320257,0.28373581919880037,0.2934804857479972,0.041840435238555074,0.45187165775401067,0.5481283422459893,0.4480444508502948,0.5519555491497052
E0,0708,2007-12-26,Chelsea,Aston Villa,4,4,D,fpl-team-6,fpl-team-2,0.6600104930126076,0.2264741887788359,0.11351531820855656,0.6798499134637134,0.21961884447673513,0.10053124205955147,0.04245344107039273,0.4946524064171124,0.5053475935828876,0.4942799942793817,0.5057200057206184
E0,0708,2007-12-26,Derby,Liverpool,1,2,A,,fpl-team-14,0.08996011534797946,0.1924510575739519,0.7175888270780686,0.07604427756802581,0.1835683559693445,0.7403873664626297,0.042124713538214564,0.5413333333333333,0.4586666666666667,0.5443922556964305,0.4556077443035696
E0,0708,2007-12-26,Everton,Bolton,2,0,H,fpl-team-9,,0.5456045168117601,0.26961158871692237,0.18478389447131752,0.558847724927531,0.26552300103061993,0.17562927404184905,0.042720289435237646,0.4880000000000001,0.512,0.48719262295071786,0.5128073770492821
E0,0708,2007-12-26,Portsmouth,Arsenal,0,0,D,,fpl-team-1,0.20773694390715666,0.27698259187620894,0.5152804642166344,0.2000041941783168,0.27340932442286725,0.5265864813988159,0.04241134726908058,0.47733333333333333,0.5226666666666666,0.4757724318792627,0.5242275681207372
E0,0708,2007-12-26,Sunderland,Man United,0,4,A,fpl-team-20,,0.11055936322922873,0.2172074282310083,0.672233208539763,0.09685729855446436,0.20943543375522933,0.6937072676903062,0.04448189167305827,0.5187165775401069,0.48128342245989303,0.5200458190184767,0.47995418098152337
E0,0708,2007-12-26,Tottenham,Fulham,5,1,H,,fpl-team-10,0.645744331252054,0.23677292145908646,0.11748274728885968,0.664869771506762,0.23050913643887425,0.10462109205436379,0.04271491151303053,0.5611702127659575,0.4388297872340426,0.5660634783884689,0.4339365216115311
E0,0708,2007-12-26,West Ham,Reading,1,1,D,,,0.4967422806214726,0.281689220108518,0.22156849927000935,0.50667308477753,0.27849967024881656,0.21482724497365338,0.04139988380484283,0.48525469168900803,0.514745308310992,0.4841735727427565,0.5158264272572435
E0,0708,2007-12-26,Wigan,Newcastle,1,0,H,,fpl-team-17,0.35146650939566054,0.28886153740955844,0.35967195319478096,0.3525528620017444,0.28619334214566733,0.3612537958525883,0.040935610653832555,0.4787234042553191,0.5212765957446808,0.4773242630376109,0.5226757369623892
E0,0708,2007-12-27,Man City,Blackburn,2,2,D,fpl-team-15,,0.45060775612579584,0.2837159945977233,0.2656762492764808,0.4582020366624172,0.2804914357333785,0.2613065276042043,0.04405607050284743,0.4704301075268817,0.5295698924731183,0.4680928208806353,0.5319071791193647
E0,0708,2007-12-29,Birmingham,Fulham,1,1,D,,fpl-team-10,0.49026890506611204,0.27930470955281533,0.23042638538107266,0.5001062851939965,0.27587614395642795,0.2240175708495757,0.04270014585927129,0.46630727762803237,0.5336927223719676,0.46350791147888026,0.5364920885211197
E0,0708,2007-12-29,Chelsea,Newcastle,2,1,H,fpl-team-6,fpl-team-17,0.6643854366274297,0.22146181220914318,0.11415275116342732,0.684643501433203,0.21425421230994585,0.10110228625685114,0.042788885068148375,0.5160427807486632,0.48395721925133695,0.5171757364122247,0.48282426358777536
E0,0708,2007-12-29,Everton,Arsenal,1,4,A,fpl-team-9,fpl-team-1,0.2761408464423124,0.2846637120732479,0.4391954414844396,0.27259280197940444,0.28163617914302186,0.4457710188775737,0.04221208696253598,0.4786096256684492,0.5213903743315508,0.47708064747046347,0.5229193525295365
E0,0708,2007-12-29,Portsmouth,Middlesbrough,0,1,A,,,0.5613094363645267,0.26301356446794966,0.17567699916752363,0.5758326033563156,0.25839641387792794,0.16577098276575641,0.043720326852053404,0.4666666666666667,0.5333333333333333,0.4642857142816436,0.5357142857183564
E0,0708,2007-12-29,Sunderland,Bolton,3,1,H,fpl-team-20,,0.36938862761864044,0.28858486532706284,0.3420265070542967,0.37158435769942255,0.28586628334909975,0.3425493589514777,0.041456640465185046,0.4414893617021276,0.5585106382978724,0.43689041882049473,0.5631095811795052
E0,0708,2007-12-29,Tottenham,Reading,6,4,H,,,0.6256765424447055,0.2376600820138804,0.13666337554141414,0.644506962573287,0.2312257789319354,0.12426725849477752,0.04469787562265992,0.5611702127659575,0.4388297872340426,0.5660634783884689,0.4339365216115311
E0,0708,2007-12-29,West Ham,Man United,2,1,H,,,0.140304789766706,0.2451602310551219,0.6145349791781722,0.12846028021097713,0.23939288060127403,0.6321468391877487,0.04334944800939411,0.5,0.5,0.5,0.5
E0,0708,2007-12-29,Wigan,Aston Villa,1,2,A,,fpl-team-2,0.31463002990554584,0.2862937849761644,0.3990761851182898,0.31345419821997406,0.28336717129968775,0.40317863048033825,0.04241961077786982,0.4547872340425533,0.5452127659574468,0.45150477820811263,0.5484952217918874
E0,0708,2007-12-30,Derby,Blackburn,1,2,A,,,0.22699386503067487,0.27607361963190186,0.4969325153374233,0.220157619858008,0.2723195539931148,0.5075228261488772,0.04414099780842662,0.4783783783783784,0.5216216216216215,0.4765814818095072,0.5234185181904928
E0,0708,2007-12-30,Man City,Liverpool,0,0,D,fpl-team-15,fpl-team-14,0.26774346716885167,0.2851509371705417,0.4471055956606066,0.26360762627702533,0.28209504207340713,0.4542973316495675,0.04298104695044458,0.44266666666666665,0.5573333333333332,0.4380296304737454,0.5619703695262547
E0,0708,2008-01-01,Arsenal,West Ham,2,0,H,fpl-team-1,,0.7054576316272825,0.19746784133156842,0.09707452704114918,0.7280291235222272,0.18875269585143384,0.08321818062633907,0.04288259940221906,0.5439999999999999,0.45599999999999996,0.5472996216016252,0.4527003783983748
E0,0708,2008-01-01,Aston Villa,Tottenham,2,1,H,fpl-team-2,,0.3917936931760571,0.28715314158245175,0.3210531652414912,0.3953030886205951,0.284389313325064,0.32030759805434084,0.04078733175992966,0.547872340425532,0.4521276595744681,0.5513992004560392,0.4486007995439608
E0,0708,2008-01-01,Fulham,Chelsea,1,2,A,fpl-team-10,fpl-team-6,0.13796023241554498,0.24489766124558385,0.6171421063388712,0.12660434684500468,0.23942572969840242,0.6339699234565929,0.04098307527601719,0.49066666666666664,0.5093333333333333,0.49004097427721877,0.5099590257227813
E0,0708,2008-01-01,Man United,Birmingham,1,0,H,,,0.7984646133636549,0.1422763366362273,0.059259050000117705,0.8258570582363547,0.13002452072398046,0.04411842103966491,0.043747782940045,0.59375,0.40625000000000006,0.6012145748902665,0.39878542510973347
E0,0708,2008-01-01,Middlesbrough,Everton,0,2,A,,fpl-team-9,0.3189727994593682,0.2890690995100524,0.39195810103057954,0.31810797322587747,0.28643358387060003,0.39545844290352244,0.04055932548362762,0.4586666666666667,0.5413333333333333,0.4556077443035696,0.5443922556964305
E0,0708,2008-01-01,Reading,Portsmouth,0,2,A,,,0.3479002344915796,0.28919206992112556,0.36290769558729485,0.34875858304263363,0.2865826474912447,0.3646587694661217,0.040316877886652946,0.49468085106382986,0.5053191489361702,0.4943406904364988,0.505659309563501
E0,0708,2008-01-02,Blackburn,Sunderland,1,0,H,,fpl-team-20,0.585018254083444,0.25533945896459714,0.1596422869519588,0.6002394056262971,0.2504592626311861,0.14930133174251684,0.041580695658922195,0.5039999999999999,0.496,0.5042669397508994,0.4957330602491005
E0,0708,2008-01-02,Bolton,Derby,1,0,H,,,0.6199721104311323,0.24438054088422942,0.13564734868463835,0.6374434288031533,0.23870642116390578,0.123850150032941,0.04220747365616262,0.5053475935828876,0.4946524064171124,0.5057200057206184,0.4942799942793817
E0,0708,2008-01-02,Liverpool,Wigan,1,1,D,fpl-team-14,,0.7573525688335335,0.1720614774631119,0.07058595370335453,0.7831165281783035,0.16142012929509095,0.0554633425266055,0.044212640495970845,0.5546666666666668,0.44533333333333336,0.559016582224653,0.44098341777534705
E0,0708,2008-01-02,Newcastle,Man City,0,2,A,fpl-team-17,fpl-team-15,0.4156702525082149,0.2856928670489899,0.29863688044279524,0.42074742806279475,0.28276021389861494,0.29649235803859036,0.04189436603337526,0.4586666666666667,0.5413333333333333,0.4556077443035696,0.5443922556964305
E0,0708,2008-01-12,Arsenal,Birmingham,1,1,D,fpl-team-1,,0.7831469823475309,0.15325264331178878,0.0636003743406804,0.8104367303511927,0.14135913205009704,0.04820413759871033,0.04475839762017131,0.5676392572944297,0.4323607427055703,0.573103606436082,0.42689639356391795
E0,0708,2008-01-12,Aston Villa,Reading,3,1,H,fpl-team-2,,0.5821710127349908,0.257125530624621,0.1607034566403881,0.5969389545460799,0.25244779281504753,0.1506132526388725,0.04076915979385376,0.5213903743315508,0.4786096256684492,0.5229193525295365,0.47708064747046347
E0,0708,2008-01-12,Chelsea,Tottenham,2,0,H,fpl-team-6,,0.5480247979282744,0.27001804912500976,0.18195715294671586,0.560670376128278,0.26618225980317933,0.17314736406854253,0.04028821736574173,0.5227882037533512,0.47721179624664883,0.52448861999613,0.47551138000387005
E0,0708,2008-01-12,Derby,Wigan,0,1,A,,,0.32932149140470995,0.28828454543527565,0.38239396316001445,0.3290754376098038,0.2856187097786788,0.38530585261151745,0.04033618653193116,0.45844504021447724,0.5415549597855228,0.4551270916534818,0.5448729083465182
E0,0708,2008-01-12,Everton,Man City,1,0,H,fpl-team-9,fpl-team-15,0.4387189604652756,0.28659350048970017,0.2746875390450242,0.4449614047271929,0.2838193022248256,0.27121929304798137,0.04021944338455796,0.4491978609625669,0.5508021390374332,0.44509939899045475,0.5549006010095452
E0,0708,2008-01-12,Man United,Newcastle,6,0,H,,fpl-team-17,0.745746495083877,0.17955837939883637,0.07469512551728655,0.7705389276997354,0.16956059220758798,0.05990048009267652,0.04342673881910741,0.5546666666666668,0.44533333333333336,0.559016582224653,0.44098341777534705
E0,0708,2008-01-12,Middlesbrough,Liverpool,1,1,D,,fpl-team-14,0.18689079927135593,0.2689271675561663,0.5441820331724776,0.17823223220563789,0.2649765727547696,0.5567911950395925,0.040890095522627234,0.4679144385026738,0.5320855614973262,0.46554199568856475,0.5344580043114353
E0,0708,2008-01-12,West Ham,Fulham,2,1,H,,fpl-team-10,0.540849007162406,0.26885226809526586,0.19029872474232806,0.5533048161412719,0.26488898096580943,0.18180620289291857,0.041025275364518166,0.47721179624664883,0.5227882037533512,0.47551138000387005,0.52448861999613
E0,0708,2008-01-13,Bolton,Blackburn,1,2,A,,,0.379316788122781,0.29013572508450963,0.3305474867927092,0.3820402824349789,0.28758444885269885,0.33037526871232215,0.04025203769560903,0.4491978609625669,0.5508021390374332,0.44509939899045475,0.5549006010095452
E0,0708,2008-01-13,Sunderland,Portsmouth,2,0,H,fpl-team-20,,0.3432193478972727,0.2904991345838986,0.36628151751882865,0.34378938836026435,0.2880123177082143,0.36819829393152126,0.039570934837684035,0.46524064171123,0.5347593582887701,0.462643678157164,0.537356321842836
E0,0708,2008-01-19,Birmingham,Chelsea,0,1,A,,fpl-team-6,0.15919507001537095,0.26009335382793,0.580711576156699,0.14869068004949748,0.25543054953175026,0.5958787704187524,0.04217438166961074,0.449468085106383,0.550531914893617,0.44568790556134763,0.5543120944386524
E0,0708,2008-01-19,Blackburn,Middlesbrough,1,1,D,,,0.5399929259135469,0.2707882414405176,0.18921883264593548,0.5526537701354917,0.26685634673802466,0.18048988312648365,0.041901260148733854,0.45844504021447724,0.5415549597855228,0.4551270916534818,0.5448729083465182
E0,0708,2008-01-19,Fulham,Arsenal,0,3,A,fpl-team-10,fpl-team-1,0.12880701538208778,0.24117771890552375,0.6300152657123885,0.11701839669577405,0.2354812452195455,0.6475003580846805,0.040855900617316365,0.5080213903743315,0.4919786096256684,0.5085812356982813,0.4914187643017187
E0,0708,2008-01-19,Newcastle,Bolton,0,0,D,fpl-team-17,,0.526214805381913,0.2700515863396914,0.20373360827839554,0.5384474267388882,0.2659601938341769,0.19559237942693486,0.043330377200618386,0.46524064171123,0.5347593582887701,0.462643678157164,0.537356321842836
E0,0708,2008-01-19,Portsmouth,Derby,3,1,H,,,0.6559994212195387,0.2300893492337188,0.11391122954674256,0.6753322654212662,0.22354759275345376,0.10112014182527997,0.041841678554192185,0.5,0.5,0.5,0.5
E0,0708,2008-01-19,Reading,Man United,0,2,A,,,0.11111068307500284,0.22302457590717437,0.6658647410178229,0.09826807560200485,0.2161058646999684,0.6856260596980268,0.04155221791006625,0.5649867374005305,0.4350132625994695,0.5701362647506723,0.4298637352493277
E0,0708,2008-01-19,Tottenham,Sunderland,2,0,H,,fpl-team-20,0.6505738955907256,0.23037778846354873,0.11904831594572557,0.6698957036760121,0.22377397996245682,0.10633031636153109,0.04246436688117683,0.5778364116094987,0.42216358839050133,0.5841894977169051,0.41581050228309485
E0,0708,2008-01-20,Man City,West Ham,1,1,D,fpl-team-15,,0.4770118419261657,0.28386594274133786,0.23912221533249645,0.4855635398670263,0.2808909833275103,0.2335454768054634,0.04047550819814205,0.4376657824933686,0.5623342175066313,0.43281875356184146,0.5671812464381586
E0,0708,2008-01-20,Wigan,Everton,1,2,A,,fpl-team-9,0.3040223258301165,0.2870272889824702,0.40895038518741333,0.30224543757500444,0.2842349773005844,0.41351958512441117,0.04103993042372167,0.4388297872340426,0.5611702127659575,0.4339365216115311,0.5660634783884689
E0,0708,2008-01-21,Liverpool,Aston Villa,2,2,D,fpl-team-14,fpl-team-2,0.5820364606491774,0.2592263228101378,0.15873721654068473,0.596839395169808,0.2546524368409912,0.1485081679892008,0.04090813850052655,0.47733333333333333,0.5226666666666666,0.4757724318792627,0.5242275681207372
E0,0708,2008-01-26,Aston Villa,Blackburn,1,1,D,fpl-team-2,,0.4759353806294293,0.282359216642536,0.24170540272803476,0.48467663441107467,0.2792052539969984,0.23611811159192686,0.0417034721467644,0.48128342245989303,0.5187165775401069,0.47995418098152337,0.5200458190184767
E0,0708,2008-01-29,Arsenal,Newcastle,3,0,H,fpl-team-1,fpl-team-17,0.7174353431305879,0.19484033529230704,0.08772432157710507,0.7402819403807107,0.18604419472182107,0.07367386489746826,0.0423066858202219,0.5466666666666666,0.4533333333333333,0.5502152080372295,0.44978479196277044
E0,0708,2008-01-29,Bolton,Fulham,0,0,D,,fpl-team-10,0.496477848285498,0.2815392676253129,0.221982884089189,0.5064609910478708,0.27831876099213515,0.215220247959994,0.04169031698256731,0.4552845528455285,0.5447154471544715,0.45113717127872816,0.5488628287212718
E0,0708,2008-01-29,Middlesbrough,Wigan,1,0,H,,,0.4860904650668932,0.28243788490125293,0.2314716500318539,0.49542135017911876,0.2792891359095741,0.22528951391130722,0.04158257762901485,0.4547872340425533,0.5452127659574468,0.45150477820811263,0.5484952217918874
E0,0708,2008-01-29,Sunderland,Birmingham,2,0,H,fpl-team-20,,0.4138679127205975,0.28841420167716636,0.2977178856022362,0.4188243580218849,0.2856531973706555,0.2955224446074596,0.04181063990108669,0.4365079365079365,0.5634920634920635,0.431711480998045,0.568288519001955
E0,0708,2008-01-30,Chelsea,Reading,1,0,H,fpl-team-6,,0.7578455731964243,0.1687174451276711,0.0734369816759045,0.7834365204229345,0.1580344006606854,0.05852907891638018,0.043687086552381516,0.5504087193460491,0.449591280653951,0.5555055505590439,0.44449444944095606
E0,0708,2008-01-30,Derby,Man City,1,1,D,,fpl-team-15,0.18105228094763737,0.26711771305028237,0.5518300060020803,0.17160622761238845,0.26283487372890485,0.5655588986587066,0.04306135140359402,0.4521276595744681,0.547872340425532,0.4486007995439608,0.5513992004560392
E0,0708,2008-01-30,Everton,Tottenham,0,0,D,fpl-team-9,,0.39969372128637054,0.2894333843797856,0.31087289433384374,0.4037547947044857,0.28675328043675163,0.30949192485876265,0.041579219279810786,0.49333333333333335,0.5066666666666666,0.4928876244677607,0.5071123755322393
E0,0708,2008-01-30,Man United,Portsmouth,2,0,H,,,0.7429909305993692,0.177858832807571,0.07915023659305995,0.7688270471015053,0.16731180180648442,0.06386115109201033,0.045524751767516136,0.5546666666666668,0.44533333333333336,0.559016582224653,0.44098341777534705
E0,0708,2008-01-30,West Ham,Liverpool,1,0,H,,fpl-team-14,0.24009422725708685,0.28096132976893146,0.47894444297398164,0.2344910453605442,0.27776813951835466,0.4877408151211011,0.041091260965913534,0.44594594594594594,0.5540540540540541,0.4408721360020839,0.559127863997916
E0,0708,2008-02-02,Birmingham,Derby,1,1,D,,,0.5834444490455092,0.25985341007909235,0.15670214087539858,0.5978551434280772,0.25546111203285427,0.14668374453906846,0.03957760939374566,0.4746666666666666,0.5253333333333333,0.4729082301967493,0.5270917698032508
E0,0708,2008-02-02,Blackburn,Everton,0,0,D,,fpl-team-9,0.39840570869924885,0.29008915664664053,0.31150513465411067,0.40211319368606613,0.28763077841886864,0.3102560278950651,0.038659947691485286,0.4361702127659574,0.5638297872340425,0.43097100782246683,0.5690289921775332
E0,0708,2008-02-02,Liverpool,Sunderland,3,0,H,fpl-team-14,fpl-team-20,0.7302601396700253,0.18773894278966238,0.0820009175403123,0.7532154943875478,0.17872783050630156,0.06805667510615078,0.04128644266165793,0.5558510638297872,0.4441489361702128,0.5601667478333031,0.43983325216669694
E0,0708,2008-02-02,Man City,Arsenal,1,3,A,fpl-team-15,fpl-team-1,0.20988243595197825,0.2730329034065558,0.517084660641466,0.20260994979594404,0.269390759271505,0.5279992909325508,0.04049041494727135,0.46524064171123,0.5347593582887701,0.462643678157164,0.537356321842836
E0,0708,2008-02-02,Portsmouth,Chelsea,1,1,D,,fpl-team-6,0.18507023692428165,0.2727064373501915,0.5422233257255269,0.17656693009568952,0.2690910731081843,0.5543419967961263,0.0396467752289027,0.44533333333333336,0.5546666666666668,0.44098341777534705,0.559016582224653
E0,0708,2008-02-02,Reading,Bolton,0,2,A,,,0.44966943065971177,0.2841469408463209,0.2661836284939673,0.4565009120625627,0.2812493298693131,0.2622497580681241,0.03987398836761713,0.4506666666666666,0.5493333333333332,0.44686045842705185,0.5531395415729482
E0,0708,2008-02-02,Tottenham,Man United,1,1,D,,,0.2243183873885515,0.2763922987466081,0.4992893138648404,0.21816911477500833,0.2731207140357098,0.508710171189282,0.03860802319832146,0.5558510638297872,0.4441489361702128,0.5601667478333031,0.43983325216669694
E0,0708,2008-02-02,Wigan,West Ham,1,0,H,,,0.35667915159193425,0.2907102802943665,0.3526105681136993,0.35802188736438023,0.28826007982313573,0.3537180328124841,0.039177386090159416,0.4361702127659574,0.5638297872340425,0.43097100782246683,0.5690289921775332
E0,0708,2008-02-03,Fulham,Aston Villa,2,1,H,fpl-team-10,fpl-team-2,0.2950226991333058,0.28769294263309947,0.4172843582335947,0.2927739516610826,0.2850197003560877,0.42220634798282974,0.039794222451746464,0.45721925133689845,0.5427807486631016,0.4539077579061352,0.5460922420938649
E0,0708,2008-02-03,Newcastle,Middlesbrough,1,1,D,fpl-team-17,,0.48305443525925273,0.284498317698701,0.2324472470420464,0.49170432116084023,0.2816415676587841,0.22665411118037573,0.039281662087887526,0.4746666666666666,0.5253333333333333,0.4729082301967493,0.5270917698032508
E0,0708,2008-02-09,Aston Villa,Newcastle,4,1,H,fpl-team-2,fpl-team-17,0.5028943818299917,0.2804017159294499,0.21670390224055847,0.5129999202077911,0.2771924338147182,0.2098076459774908,0.040600429056212306,0.46648793565683644,0.5335120643431636,0.4638999595673853,0.5361000404326148
E0,0708,2008-02-09,Bolton,Portsmouth,0,1,A,,,0.37184074056742233,0.2902455937344457,0.337913665698132,0.37410853479819706,0.2877144414994152,0.3381770237023877,0.04004433611407876,0.4323607427055703,0.5676392572944297,0.42689639356391795,0.573103606436082
E0,0708,2008-02-09,Derby,Tottenham,0,3,A,,,0.14901251098372317,0.25009937654295156,0.6008881124733253,0.13821885284292776,0.24494893311487187,0.6168322140422005,0.04106239113025367,0.5226666666666666,0.47733333333333333,0.5242275681207372,0.4757724318792627
E0,0708,2008-02-09,Everton,Reading,1,0,H,fpl-team-9,,0.6051117523703692,0.24954743426594736,0.14534081336368362,0.6212015239498404,0.24438626102012784,0.13441221503003178,0.04082502331584692,0.48930481283422456,0.5106951871657753,0.48855606099792176,0.5114439390020781
E0,0708,2008-02-09,Middlesbrough,Fulham,1,0,H,,fpl-team-10,0.4943382318058905,0.28183307727957785,0.22382869091453156,0.5040581938746981,0.2786764184593073,0.2172653876659947,0.041112039471045136,0.448,0.5519999999999999,0.443926846101406,0.556073153898594
E0,0708,2008-02-09,Sunderland,Wigan,2,0,H,fpl-team-20,,0.4420922095752691,0.28694804907214666,0.2709597413525842,0.4486940819201834,0.28412418544165496,0.2671817326381616,0.04123818012885749,0.4350132625994695,0.5649867374005305,0.4298637352493277,0.5701362647506723
E0,0708,2008-02-09,West Ham,Birmingham,1,1,D,,,0.5186796792441101,0.2747767348376536,0.20654358591823624,0.5300559906171832,0.2711118558236384,0.1988321535591783,0.04188625398091972,0.4586666666666667,0.5413333333333333,0.4556077443035696,0.5443922556964305
E0,0708,2008-02-10,Chelsea,Liverpool,0,0,D,fpl-team-6,fpl-team-14,0.4784091755418187,0.29185968570790194,0.22973113875027926,0.48670849532132626,0.28944743055346,0.22384407412521376,0.0388975206296891,0.42216358839050133,0.5778364116094987,0.41581050228309485,0.5841894977169051
E0,0708,2008-02-10,Man United,Man City,1,2,A,,fpl-team-15,0.7204765530574292,0.1929309598145417,0.08659248712802904,0.74458706876524,0.18355798914724028,0.07185494208751984,0.04449747712351382,0.5374331550802139,0.4625668449197861,0.5402611221383922,0.4597388778616078
E0,0708,2008-02-11,Arsenal,Blackburn,2,0,H,fpl-team-1,,0.6934664605442098,0.20914067857682517,0.09739286087896505,0.7158607182623656,0.20090472058725461,0.08323456115037975,0.04398526740260422,0.5253333333333333,0.4746666666666666,0.5270917698032508,0.4729082301967493
E0,0708,2008-02-23,Birmingham,Arsenal,2,2,D,,fpl-team-1,0.12927693956632863,0.24104762689971693,0.6296754335339544,0.11743068494688869,0.23530265692758462,0.6472666581255266,0.0411563403904438,0.4919786096256684,0.5080213903743315,0.4914187643017187,0.5085812356982813
E0,0708,2008-02-23,Fulham,West Ham,0,1,A,fpl-team-10,,0.35771443180365586,0.29134603093442407,0.35093953726191995,0.3591352606046633,0.2889011930803093,0.35196354631502735,0.03969264402985573,0.4263157894736842,0.5736842105263158,0.4207158228541977,0.5792841771458024
E0,0708,2008-02-23,Liverpool,Middlesbrough,3,2,H,fpl-team-14,,0.6654174120337993,0.2234130924461307,0.11116949552006983,0.685327284856501,0.2164527672853144,0.09821994785818462,0.04193793679587543,0.49066666666666664,0.5093333333333333,0.49004097427721877,0.5099590257227813
E0,0708,2008-02-23,Newcastle,Man United,1,5,A,fpl-team-17,,0.13077123404888574,0.24364745712266078,0.6255813088284534,0.11904788880747169,0.23808287873994483,0.6428692324525834,0.04098301229532808,0.5199999999999999,0.48,0.5213675213702079,0.47863247862979214
E0,0708,2008-02-23,Portsmouth,Sunderland,1,0,H,,fpl-team-20,0.576006788068664,0.2627113112721102,0.16128190065922593,0.5900513528766198,0.25847579453367453,0.15147285258970558,0.03971872478723526,0.4533333333333333,0.5466666666666666,0.44978479196277044,0.5502152080372295
E0,0708,2008-02-23,Wigan,Derby,2,0,H,,,0.5781521974083892,0.2598436842284895,0.1620041183631213,0.592806728621373,0.2552892760362772,0.15190399534234983,0.04111782950349152,0.4506666666666666,0.5493333333333332,0.44686045842705185,0.5531395415729482
E0,0708,2008-02-24,Blackburn,Bolton,4,1,H,,,0.5114028326596379,0.27964928311599535,0.20894788422436675,0.5219682076756971,0.27639953788143123,0.20163225444287167,0.04044684558175504,0.4365079365079365,0.5634920634920635,0.431711480998045,0.568288519001955
E0,0708,2008-02-24,Reading,Aston Villa,1,2,A,,fpl-team-2,0.3077687206006954,0.2876968475180413,0.40453443188126337,0.3062649112343334,0.285028952023585,0.40870613674208145,0.03977351705543697,0.47733333333333333,0.5226666666666666,0.4757724318792627,0.5242275681207372
E0,0708,2008-02-25,Man City,Everton,0,2,A,fpl-team-15,fpl-team-9,0.3966017405719022,0.29092416079569,0.3124740986324077,0.4002188579580456,0.2885049438384282,0.31127619820352626,0.0387962197419256,0.41994750656167984,0.5800524934383202,0.4137443438796563,0.5862556561203437
E0,0708,2008-03-01,Arsenal,Aston Villa,1,1,D,fpl-team-1,fpl-team-2,0.6013578448088787,0.25303035000155,0.14561180518957123,0.6171612106961855,0.24809523752444382,0.13474355177937064,0.040648473892360926,0.5026737967914439,0.49732620320855614,0.5028597574926065,0.4971402425073935
E0,0708,2008-03-01,Birmingham,Tottenham,4,1,H,,,0.24602008327210384,0.2820230222875337,0.47195689444036254,0.24081979515203406,0.2789291423432091,0.48025106250475685,0.040676462231203914,0.5,0.5,0.5,0.5
E0,0708,2008-03-01,Derby,Sunderland,0,0,D,,fpl-team-20,0.30043018253691434,0.2864783164748285,0.41309150098825714,0.2984674188952987,0.2836950595616858,0.4178375215430154,0.04040156793780625,0.4388297872340426,0.5611702127659575,0.4339365216115311,0.5660634783884689
E0,0708,2008-03-01,Fulham,Man United,0,3,A,fpl-team-10,,0.09907430738830021,0.2081449013964962,0.6927807912152036,0.08611465834299058,0.2005868188144773,0.7132985228425321,0.04012546571902931,0.5333333333333333,0.4666666666666667,0.5357142857183564,0.4642857142816436
E0,0708,2008-03-01,Man City,Wigan,0,0,D,fpl-team-15,,0.5401391933921379,0.2740529240809667,0.18580788252689542,0.5518150198227444,0.2706141397555098,0.1775708404217458,0.038552416022866964,0.44533333333333336,0.5546666666666668,0.44098341777534705,0.559016582224653
E0,0708,2008-03-01,Middlesbrough,Reading,0,1,A,,,0.5100907962454148,0.2779536674151662,0.21195553633941897,0.5201709959215309,0.27474057557940024,0.2050884284990688,0.038830408826470375,0.4533333333333333,0.5466666666666666,0.44978479196277044,0.5502152080372295
E0,0708,2008-03-01,Newcastle,Blackburn,0,1,A,fpl-team-17,,0.37473666326877336,0.2874532789670404,0.3378100577641862,0.3771850412775437,0.28474755748545344,0.3380674012370028,0.04021298419684172,0.4598930481283422,0.5401069518716577,0.4568270780554385,0.5431729219445616
E0,0708,2008-03-01,West Ham,Chelsea,0,4,A,,fpl-team-6,0.20918005526618252,0.28166189812437337,0.5091580466094441,0.20198565144642652,0.27857843371763313,0.5194359148359403,0.039834185503423214,0.42105263157894735,0.5789473684210527,0.41477272727237297,0.5852272727276271
E0,0708,2008-03-02,Bolton,Liverpool,1,3,A,,fpl-team-14,0.20407055999023394,0.2724942183399006,0.5234352216698656,0.19655814710781774,0.268859781814494,0.5345820710776882,0.03998376219533384,0.44031830238726793,0.5596816976127321,0.4357620053754798,0.5642379946245202
E0,0708,2008-03-02,Everton,Portsmouth,3,1,H,fpl-team-9,,0.5035759480172328,0.27993345750806903,0.21649059447469826,0.5135411445337777,0.2767549320201477,0.2097039234460746,0.039861529716290534,0.42857142857142855,0.5714285714285714,0.4228395061711721,0.577160493828828
E0,0708,2008-03-05,Liverpool,West Ham,4,0,H,fpl-team-14,,0.6513448164119949,0.23007702470274446,0.11857815888526062,0.6704170580962792,0.22355903836694482,0.1060239035367761,0.04179300949908793,0.4746666666666666,0.5253333333333333,0.4729082301967493,0.5270917698032508
E0,0708,2008-03-08,Blackburn,Fulham,1,1,D,,fpl-team-10,0.6093874003250066,0.24700502626506934,0.14360757340992403,0.6256265238628386,0.24172348011868325,0.13264999601847818,0.04057850793469697,0.47340425531914887,0.526595744680851,0.47162637611816793,0.5283736238818321
E0,0708,2008-03-08,Liverpool,Newcastle,3,0,H,fpl-team-14,fpl-team-17,0.6714231048653205,0.22219757427197656,0.10637932086270288,0.6912196443711975,0.2153033151870543,0.09347704044174814,0.04101428110152483,0.4946524064171124,0.5053475935828876,0.4942799942793817,0.5057200057206184
E0,0708,2008-03-08,Reading,Man City,2,0,H,,fpl-team-15,0.37705167945525686,0.2916814878804817,0.33126683266426143,0.37956666012040224,0.28929167352701063,0.33114166635258724,0.03907581593375653,0.4312169312169312,0.5687830687830688,0.42580967327754204,0.574190326722458
E0,0708,2008-03-09,Sunderland,Everton,0,1,A,fpl-team-20,fpl-team-9,0.29063994945392185,0.28793212383789146,0.42142792670818663,0.288163331265567,0.28530048679615716,0.4265361819382757,0.039349604630842805,0.42368421052631583,0.5763157894736841,0.4177514960571316,0.5822485039428683
E0,0708,2008-03-09,Tottenham,West Ham,4,0,H,,,0.5175750891764747,0.2732918612465751,0.20913304957695028,0.5283814104488247,0.26971025164024465,0.20190833791093063,0.03997351380530745,0.48930481283422456,0.5106951871657753,0.48855606099792176,0.5114439390020781
E0,0708,2008-03-09,Wigan,Arsenal,0,0,D,,fpl-team-1,0.1501650165016502,0.25495049504950495,0.5948844884488449,0.1398384665390187,0.250282152057853,0.6098793814031283,0.03943801880814135,0.4693333333333332,0.5306666666666666,0.467165372312263,0.5328346276877369
E0,0708,2008-03-12,Aston Villa,Middlesbrough,1,1,D,fpl-team-2,,0.5785997016238218,0.25914747199489485,0.16225282638128335,0.5943438552085195,0.2542069733850944,0.15144917140638603,0.04419161716941744,0.449468085106383,0.550531914893617,0.44568790556134763,0.5543120944386524
E0,0708,2008-03-12,Chelsea,Derby,6,1,H,fpl-team-6,,0.8380335784044771,0.11971908262921102,0.042247338966311866,0.8696025402191094,0.10439162577369233,0.02600583400719827,0.049739240668714046,0.5974025974025974,0.4025974025974026,0.6051893408215148,0.3948106591784852
E0,0708,2008-03-12,Portsmouth,Birmingham,4,2,H,,,0.5202525149900641,0.2773635396181968,0.2023839453917392,0.5321075084659156,0.2737293735318555,0.19416311800222893,0.0433369989041239,0.4251968503937008,0.5748031496062992,0.41966852696700674,0.5803314730329933
E0,0708,2008-03-15,Arsenal,Middlesbrough,1,1,D,fpl-team-1,,0.739758846323613,0.17990244317208487,0.08033871050430202,0.7642143809883044,0.17001511213661158,0.06577050687508401,0.04319564951583743,0.5493333333333332,0.4506666666666666,0.5531395415729482,0.44686045842705185
E0,0708,2008-03-15,Derby,Man United,0,1,A,,,0.059312774815856645,0.1483293872594943,0.7923578379246491,0.04436938243977987,0.13657883277194768,0.8190517847882725,0.043069086503237486,0.5879265091863517,0.41207349081364825,0.5952570518655491,0.4047429481344509
E0,0708,2008-03-15,Liverpool,Reading,2,1,H,fpl-team-14,,0.7347994825355756,0.1836998706338939,0.0815006468305304,0.7585612140154175,0.1742220310943603,0.06721675489022222,0.04236550605855882,0.5649867374005305,0.4350132625994695,0.5701362647506723,0.4298637352493277
E0,0708,2008-03-15,Portsmouth,Aston Villa,2,0,H,,fpl-team-2,0.39382955407569753,0.2892185787743404,0.31695186714996204,0.39741756845948195,0.2866091706155734,0.31597326092494477,0.04028080706484616,0.4414893617021276,0.5585106382978724,0.43689041882049473,0.5631095811795052
E0,0708,2008-03-15,Sunderland,Chelsea,0,1,A,fpl-team-20,fpl-team-6,0.12764641002878435,0.2376187017458909,0.6347348882253249,0.11588943113578484,0.23176090707645775,0.6523496617877573,0.04052144777961075,0.47200000000000003,0.528,0.4700393768229449,0.5299606231770552
E0,0708,2008-03-15,West Ham,Blackburn,2,1,H,,,0.3870290584978966,0.28726690987887354,0.3257040316232299,0.39023481465938753,0.28452508150460115,0.3252401038360113,0.040569736855104566,0.4312169312169312,0.5687830687830688,0.42580967327754204,0.574190326722458
E0,0708,2008-03-16,Fulham,Everton,1,0,H,fpl-team-10,fpl-team-9,0.2708618331053351,0.2859097127222982,0.44322845417236667,0.26720270557498726,0.2831191762924204,0.44967811813259234,0.03984609083272517,0.4361702127659574,0.5638297872340425,0.43097100782246683,0.5690289921775332
E0,0708,2008-03-16,Man City,Tottenham,2,1,H,fpl-team-15,,0.3642906479973394,0.2891557018478882,0.3465536501547724,0.3661270426964123,0.2865397564960851,0.34733320080750263,0.040385139058344066,0.4638069705093834,0.5361930294906166,0.46098265895694995,0.5390173410430501
E0,0708,2008-03-16,Wigan,Bolton,1,0,H,,,0.4281786266663393,0.2881201973829573,0.2837011759507034,0.4338620730414142,0.28540898441708085,0.2807289425415051,0.04069014033302665,0.4274406332453826,0.5725593667546175,0.42177277123892026,0.5782272287610797
E0,0708,2008-03-17,Birmingham,Newcastle,1,1,D,,fpl-team-17,0.41987829614604466,0.2868733700376702,0.2932483338162851,0.4251463446934982,0.2840478679419618,0.29080578736454,0.04134404053911567,0.4533333333333333,0.5466666666666666,0.44978479196277044,0.5502152080372295
E0,0708,2008-03-19,Man United,Bolton,2,0,H,,,0.7991197716710446,0.14045135380885027,0.060428874520105064,0.8262579771134829,0.1282792477034168,0.04546277518310029,0.0431477720849216,0.6036269430051813,0.3963730569948186,0.6122051109298853,0.38779488907011467
E0,0708,2008-03-19,Tottenham,Chelsea,4,4,D,,fpl-team-6,0.27168234064785785,0.2842215256008359,0.4440961337513061,0.2679330853496567,0.2812229543800653,0.450843960270278,0.041389965219423175,0.4521276595744681,0.547872340425532,0.4486007995439608,0.5513992004560392
E0,0708,2008-03-22,Aston Villa,Sunderland,0,1,A,fpl-team-2,fpl-team-20,0.5924624548678186,0.256022556674182,0.15151498845799952,0.6081491725308152,0.2511512184238592,0.1406996090453255,0.04170395410619676,0.46900269541778977,0.5309973045822103,0.4664507847581501,0.5335492152418498
E0,0708,2008-03-22,Blackburn,Wigan,3,1,H,,,0.5336865610506983,0.27315909781588993,0.1931543411334117,0.5459789936304655,0.269373485799593,0.18464752056994135,0.04193977499380708,0.44297082228116713,0.557029177718833,0.4386940404900047,0.5613059595099953
E0,0708,2008-03-22,Bolton,Man City,0,0,D,,fpl-team-15,0.39095083624720894,0.28954796309558917,0.3195012006572019,0.39431634349991646,0.28699735249447716,0.3186863040056064,0.03966311481781304,0.4146981627296588,0.5853018372703411,0.4077595504486342,0.5922404495513658
E0,0708,2008-03-22,Everton,West Ham,1,1,D,fpl-team-9,,0.5410468319559228,0.2705234159779614,0.1884297520661157,0.5534535644336503,0.2666753426036385,0.1798710929627112,0.040829882491379976,0.45599999999999996,0.5439999999999999,0.4527003783983748,0.5472996216016252
E0,0708,2008-03-22,Middlesbrough,Derby,1,0,H,,,0.641844500820773,0.23638262945828983,0.12177286972093719,0.6605149147189014,0.23019873170892657,0.10928635357217201,0.042122759157791734,0.47200000000000003,0.528,0.4700393768229449,0.5299606231770552
E0,0708,2008-03-22,Newcastle,Fulham,2,0,H,fpl-team-17,fpl-team-10,0.5031491350565704,0.28054376015275445,0.21630710479067516,0.5132022008734314,0.27736415012494164,0.209433649001627,0.040324585512280464,0.4506666666666666,0.5493333333333332,0.44686045842705185,0.5531395415729482
E0,0708,2008-03-22,Reading,Birmingham,2,1,H,,,0.45549742389131764,0.2831091680801421,0.2613934080285403,0.46331860856892637,0.2798795165757847,0.25680187485528905,0.043552970979362726,0.4506666666666666,0.5493333333333332,0.44686045842705185,0.5531395415729482
E0,0708,2008-03-22,Tottenham,Portsmouth,2,0,H,,,0.49020097824848696,0.2799032776101632,0.22989574414134992,0.49939633488407487,0.2767340252589933,0.22386963985693176,0.03987564891576767,0.5040214477211796,0.4959785522788205,0.5043128234612858,0.4956871765387142
E0,0708,2008-03-23,Chelsea,Arsenal,2,1,H,fpl-team-6,fpl-team-1,0.42623190524930543,0.2921967149193352,0.2815713798313594,0.43145916223001196,0.28987811967603583,0.2786627180939522,0.038166048703715205,0.41361256544502617,0.5863874345549738,0.40675858952664745,0.5932414104733524
E0,0708,2008-03-23,Man United,Liverpool,3,0,H,,fpl-team-14,0.4756467681337651,0.28894429839901614,0.23540893346721872,0.48386144278725457,0.2863480471792138,0.2297905100335316,0.03923897445201874,0.43007915567282323,0.5699208443271768,0.4247330152375847,0.5752669847624153
E0,0708,2008-03-29,Birmingham,Man City,3,1,H,,fpl-team-15,0.3937554535452787,0.28826333826523515,0.3179812081894862,0.39734782678916586,0.28559125211447506,0.31706092109635914,0.040383005514740944,0.42036553524804177,0.5796344647519582,0.41466621900794404,0.585333780992056
E0,0708,2008-03-29,Bolton,Arsenal,2,3,A,,fpl-team-1,0.1888740551494953,0.26880336544464406,0.5423225794058608,0.18060100781987742,0.2649793469323322,0.5544196452477904,0.039534583222121,0.4506666666666666,0.5493333333333332,0.44686045842705185,0.5531395415729482
E0,0708,2008-03-29,Derby,Fulham,2,2,D,,fpl-team-10,0.3208292201382033,0.2843040473840079,0.39486673247778875,0.3200620230676961,0.2813435534594902,0.3985944234728138,0.04116919613443315,0.4417989417989418,0.5582010582010583,0.43756562702875157,0.5624343729712483
E0,0708,2008-03-29,Man United,Aston Villa,4,0,H,,fpl-team-2,0.713539978907304,0.19569661868765723,0.09076340240503868,0.7354785205383688,0.18726522333741003,0.0772562561242211,0.040854578372091055,0.5226666666666666,0.47733333333333333,0.5242275681207372,0.4757724318792627
E0,0708,2008-03-29,Portsmouth,Wigan,2,0,H,,,0.5283825230026648,0.2727638393081603,0.1988536376891749,0.540119083518651,0.2690396572164071,0.19084125926494178,0.04108147299848497,0.4574468085106383,0.5425531914893618,0.4544003647952621,0.545599635204738
E0,0708,2008-03-29,Reading,Blackburn,0,0,D,,,0.38890859642899367,0.2874541799692562,0.32363722360175,0.3921987096830905,0.284746259172629,0.3230550311442805,0.04021809878759086,0.4586666666666667,0.5413333333333333,0.4556077443035696,0.5443922556964305
E0,0708,2008-03-29,Sunderland,West Ham,2,1,H,fpl-team-20,,0.4112765346744705,0.2882779448652831,0.30044552046024636,0.41591123431875227,0.2856029661085728,0.29848579957267496,0.040371519746258855,0.41514360313315923,0.5848563968668407,0.408748876912001,0.591251123087999
E0,0708,2008-03-30,Chelsea,Middlesbrough,1,0,H,fpl-team-6,,0.7183122498827631,0.1922453946781669,0.08944235543906993,0.7408479925295688,0.18347143757569187,0.07568056989473926,0.04154049791395664,0.4866310160427808,0.5133689839572192,0.48569139193932814,0.5143086080606718
E0,0708,2008-03-30,Liverpool,Everton,1,0,H,fpl-team-14,fpl-team-9,0.5217801186609146,0.275686808964125,0.2025330723749603,0.5332976641586369,0.272086374092416,0.19461596174894719,0.04172355681657791,0.4586666666666667,0.5413333333333333,0.4556077443035696,0.5443922556964305
E0,0708,2008-03-30,Tottenham,Newcastle,1,4,A,,fpl-team-17,0.5644372629763835,0.25856902549756117,0.17699371152605525,0.5781508958085837,0.25401945983007207,0.16782964436134432,0.04063514480367303,0.5347593582887701,0.46524064171123,0.537356321842836,0.462643678157164
E0,0708,2008-04-05,Arsenal,Liverpool,1,1,D,fpl-team-1,fpl-team-14,0.4487335480536005,0.29160602807268676,0.2596604238737127,0.45569767079535595,0.289070630355078,0.255231698849566,0.04100775206461549,0.41514360313315923,0.5848563968668407,0.408748876912001,0.591251123087999
E0,0708,2008-04-05,Aston Villa,Bolton,4,0,H,fpl-team-2,,0.5525092091143562,0.26514091356924563,0.1823498773163982,0.566069809594485,0.260807484298612,0.17312270610690297,0.04237514128908515,0.4506666666666666,0.5493333333333332,0.44686045842705185,0.5531395415729482
E0,0708,2008-04-05,Blackburn,Tottenham,1,1,D,,,0.39262077673358353,0.2847712423839263,0.32260798088249004,0.3962787816695075,0.28178496044964235,0.3219362578808502,0.041948328260332346,0.5106951871657753,0.48930481283422456,0.5114439390020781,0.48855606099792176
E0,0708,2008-04-05,Fulham,Sunderland,1,3,A,fpl-team-10,fpl-team-20,0.40812866184296676,0.28645055147984616,0.30542078667718703,0.41276596971873636,0.28355050587247493,0.30368352440878865,0.04213106259703636,0.43271767810026385,0.5672823218997362,0.4276800907473446,0.5723199092526554
E0,0708,2008-04-05,Man City,Chelsea,0,2,A,fpl-team-15,fpl-team-6,0.19254069430543116,0.2712558605067692,0.5362034451877996,0.1838773876883869,0.2672967236113019,0.5488258887003112,0.04255109350197017,0.41775456919060056,0.5822454308093995,0.4117152466529241,0.5882847533470759
E0,0708,2008-04-05,Newcastle,Reading,3,0,H,fpl-team-17,,0.5256241608917941,0.26970802424768436,0.2046678148605216,0.5371264055290229,0.26583464943879487,0.19703894503218214,0.04080624785274267,0.5026737967914439,0.49732620320855614,0.5028597574926065,0.4971402425073935
E0,0708,2008-04-05,Wigan,Birmingham,2,0,H,,,0.438712826980188,0.2879052927057484,0.2733818803140637,0.44534925359635086,0.2850366575455371,0.26961408885811206,0.04281110572628677,0.43007915567282323,0.5699208443271768,0.4247330152375847,0.5752669847624153
E0,0708,2008-04-06,Everton,Derby,1,0,H,fpl-team-9,,0.748023411770235,0.17327095978858553,0.07870562844117956,0.7746248790007828,0.16223683029089953,0.06313829070831768,0.046427755849435925,0.550531914893617,0.449468085106383,0.5543120944386524,0.44568790556134763
E0,0708,2008-04-06,Middlesbrough,Man United,2,2,D,,,0.12257983804449006,0.2245303862717367,0.6528897756837733,0.10948861861682155,0.21726341382955663,0.6732479675536218,0.04445558530278504,0.48395721925133695,0.5160427807486632,0.48282426358777536,0.5171757364122247
E0,0708,2008-04-08,West Ham,Portsmouth,0,1,A,,,0.4029514381583561,0.2860457740013021,0.3110027878403419,0.40700616398949524,0.28329875551244094,0.3096950804980639,0.039536669035442173,0.43421052631578944,0.5657894736842105,0.4295278365170655,0.5704721634829345
E0,0708,2008-04-12,Birmingham,Everton,1,1,D,,fpl-team-9,0.32205585400236214,0.2879440189989967,0.39000012699864106,0.32136751783017076,0.28521492966937245,0.39341755250045674,0.04098071390762925,0.41775456919060056,0.5822454308093995,0.4117152466529241,0.5882847533470759
E0,0708,2008-04-12,Bolton,West Ham,1,0,H,,,0.45633923404390253,0.2810381868197205,0.262622579136377,0.4640358379033349,0.2777544374572216,0.25820972463944347,0.04254512721672654,0.4251968503937008,0.5748031496062992,0.41966852696700674,0.5803314730329933
E0,0708,2008-04-12,Derby,Aston Villa,0,6,A,,fpl-team-2,0.15895018841916872,0.25554975044186795,0.5855000611389632,0.14867928974172984,0.2507341556597856,0.6005865545984846,0.041126200230792165,0.4879356568364612,0.5120643431635389,0.4870548299852793,0.5129451700147207
E0,0708,2008-04-12,Portsmouth,Newcastle,0,0,D,,fpl-team-17,0.4472257088603521,0.2826027485436581,0.2701715425959898,0.45440121117762466,0.2793993437958321,0.2661994450265433,0.04283384094014764,0.48395721925133695,0.5160427807486632,0.48282426358777536,0.5171757364122247
E0,0708,2008-04-12,Reading,Fulham,0,2,A,,fpl-team-10,0.49737763507721805,0.276982754863361,0.2256396100594209,0.5071839930652536,0.27357188538396104,0.2192441215507853,0.04069531266577542,0.48118279569892475,0.5188172043010751,0.47973774857059515,0.5202622514294047
E0,0708,2008-04-12,Sunderland,Man City,1,2,A,fpl-team-20,fpl-team-15,0.44142275485903054,0.2856264884381962,0.2729507567027733,0.44811272557252707,0.282667060656247,0.26922021377122596,0.04206114262342453,0.418848167539267,0.5811518324607331,0.41272522521031973,0.5872747747896803
E0,0708,2008-04-12,Tottenham,Middlesbrough,1,1,D,,,0.5587336096202188,0.2619063795094776,0.1793600108703037,0.5728311570921716,0.257316800226874,0.16985204268095458,0.04287324543111026,0.5452127659574468,0.4547872340425533,0.5484952217918874,0.45150477820811263
E0,0708,2008-04-13,Liverpool,Blackburn,3,1,H,fpl-team-14,,0.6157108800257411,0.24827051613941176,0.1360186038348471,0.6329652424406937,0.242818455083361,0.12421630247594516,0.04230764298699796,0.4879356568364612,0.5120643431635389,0.4870548299852793,0.5129451700147207
E0,0708,2008-04-13,Man United,Arsenal,2,1,H,,fpl-team-1,0.5067628113897762,0.28102301358887594,0.21221417502134796,0.5167970351633232,0.2779390779882957,0.20526388684838118,0.039406046038493514,0.4441489361702128,0.5558510638297872,0.43983325216669694,0.5601667478333031
E0,0708,2008-04-14,Chelsea,Wigan,1,1,D,fpl-team-6,,0.7626348665530948,0.1668694735134258,0.07049565993347934,0.7891619891417976,0.155720876801191,0.05511713405701135,0.04507671110332012,0.49732620320855614,0.5026737967914439,0.4971402425073935,0.5028597574926065
E0,0708,2008-04-17,Everton,Chelsea,0,1,A,fpl-team-9,fpl-team-6,0.26152376591696735,0.2814569797825898,0.4570192543004429,0.25712681827838013,0.27825963924410013,0.4646135424775197,0.041734687983989716,0.431578947368421,0.5684210526315789,0.4266034327023821,0.5733965672976178
E0,0708,2008-04-19,Arsenal,Reading,2,0,H,fpl-team-1,,0.7121731718437172,0.1924792356334371,0.09534759252284576,0.7346152573246157,0.1836740428898907,0.08171069978549349,0.041886137798428535,0.5669291338582677,0.43307086614173224,0.5715488215505835,0.42845117844941644
E0,0708,2008-04-19,Blackburn,Man United,1,1,D,,,0.15984702886200522,0.2526896867215808,0.587463284416414,0.14922655000785026,0.24750281534014495,0.6032706346520047,0.04280598252080381,0.5066666666666666,0.49333333333333335,0.5071123755322393,0.4928876244677607
E0,0708,2008-04-19,Fulham,Liverpool,0,2,A,fpl-team-10,fpl-team-14,0.27828114345445415,0.2851735556762363,0.4365453008693096,0.27480908699223194,0.28212942708814653,0.44306148591962147,0.042916650883853436,0.4379947229551451,0.5620052770448549,0.43353696477210124,0.5664630352278986
E0,0708,2008-04-19,Middlesbrough,Bolton,0,1,A,,,0.4505290994754807,0.2833081760505323,0.26616272447398714,0.4576833421589661,0.2802446916584366,0.26207196618259726,0.041482130996882915,0.4225721784776903,0.5774278215223098,0.41671372106238724,0.5832862789376128
E0,0708,2008-04-19,West Ham,Derby,2,1,H,,,0.683496793354983,0.2078199709525286,0.10868323569248846,0.7051660404637992,0.1996555665500745,0.09517839298612638,0.04345587664283812,0.5425531914893618,0.4574468085106383,0.545599635204738,0.4544003647952621
E0,0708,2008-04-19,Wigan,Tottenham,1,1,D,,,0.359348877382169,0.2868095077242777,0.35384161489355337,0.3609287886865782,0.2839861931694257,0.3550850181439961,0.04142421158030629,0.4840425531914894,0.5159574468085106,0.4830066840394914,0.5169933159605087
E0,0708,2008-04-20,Aston Villa,Birmingham,5,1,H,fpl-team-2,,0.5329644843845417,0.26959899356294065,0.19743652205251758,0.5454280496034292,0.2655330342194145,0.18903891617715637,0.0426730546168983,0.4959785522788205,0.5040214477211796,0.4956871765387142,0.5043128234612858
E0,0708,2008-04-20,Man City,Portsmouth,3,1,H,fpl-team-15,,0.3990761851182898,0.2862937849761644,0.31463002990554584,0.40317863048033825,0.28336717129968775,0.31345419821997406,0.04241961077786982,0.42408376963350786,0.5759162303664922,0.4186307519642238,0.5813692480357762
E0,0708,2008-04-20,Newcastle,Sunderland,2,0,H,fpl-team-17,fpl-team-20,0.5096294667711588,0.2753520402554619,0.21501849297337933,0.5205736703451868,0.27169319120814567,0.20773313844666755,0.042336860904470086,0.49066666666666664,0.5093333333333333,0.49004097427721877,0.5099590257227813
E0,0708,2008-04-26,Birmingham,Liverpool,2,2,D,,fpl-team-14,0.34036759700476515,0.2893124574540504,0.3703199455411845,0.34077599076450865,0.28672378678022997,0.3725002224552613,0.04009330831468105,0.4417989417989418,0.5582010582010583,0.43756562702875157,0.5624343729712483
E0,0708,2008-04-26,Chelsea,Man United,2,1,H,fpl-team-6,,0.3846652185511223,0.3000139730447265,0.3153208084041513,0.38764236495280807,0.2980846774918704,0.3142729575553216,0.0393701558932662,0.4067357512953368,0.5932642487046632,0.39986927378273085,0.6001307262172693
E0,0708,2008-04-26,Man City,Fulham,2,3,A,fpl-team-15,fpl-team-10,0.5110713013672061,0.27127245028581903,0.21765624834697483,0.5217114555816499,0.2675076677934847,0.2107808766248653,0.04078487050719559,0.44827586206896547,0.5517241379310345,0.444526627215846,0.555473372784154
E0,0708,2008-04-26,Sunderland,Middlesbrough,3,2,H,fpl-team-20,,0.40991185764177623,0.29692333277897887,0.29316480957924496,0.41439875012556343,0.29478877990609614,0.2908124699683403,0.03976802877150476,0.4214659685863874,0.5785340314136125,0.4156853376846352,0.5843146623153649
E0,0708,2008-04-26,Tottenham,Bolton,1,1,D,,,0.5166191038680925,0.26882214997787374,0.2145587461540338,0.5276378237719704,0.26489100721870695,0.2074711690093226,0.040974599425680935,0.5386666666666667,0.4613333333333334,0.541492588560939,0.458507411439061
E0,0708,2008-04-26,West Ham,Newcastle,2,2,D,,fpl-team-17,0.3733277840537488,0.28753195790475056,0.33914025804150066,0.3756839791179691,0.2848407352050205,0.33947528567701035,0.040064480155706406,0.4693333333333332,0.5306666666666666,0.467165372312263,0.5328346276877369
E0,0708,2008-04-26,Wigan,Reading,0,0,D,,,0.45767767917070623,0.28622566932657173,0.25609665150272204,0.46517104091265515,0.28336907244350407,0.25145988664384084,0.04095476656220853,0.4444444444444444,0.5555555555555556,0.44047619047719,0.5595238095228099
E0,0708,2008-04-27,Everton,Aston Villa,2,2,D,fpl-team-9,fpl-team-2,0.41500864066042,0.2874128163579927,0.2975785429815873,0.4198591566571447,0.2846893196249399,0.29545152371791544,0.040319078136235476,0.4506666666666666,0.5493333333333332,0.44686045842705185,0.5531395415729482
E0,0708,2008-04-27,Portsmouth,Blackburn,0,1,A,,,0.439918533604888,0.285132382892057,0.274949083503055,0.4464013173592485,0.28219555713660477,0.27140312550414675,0.04131831950508058,0.4391534391534391,0.5608465608465608,0.4346442373240173,0.5653557626759828
E0,0708,2008-04-28,Derby,Arsenal,2,6,A,,fpl-team-1,0.08697431532077202,0.1820272725784537,0.7309984121007743,0.07200121095520981,0.17182414077257788,0.7561746482722123,0.04532822547480464,0.5623342175066313,0.4376657824933686,0.5671812464381586,0.43281875356184146
E0,0708,2008-05-03,Aston Villa,Wigan,0,2,A,fpl-team-2,,0.6061985163609884,0.2506712783871114,0.14313020525190004,0.6219658268012748,0.24569495594411003,0.13233921725461523,0.03983718133531511,0.5292553191489361,0.47074468085106375,0.5312295942952968,0.4687704057047033
E0,0708,2008-05-03,Blackburn,Derby,3,1,H,,,0.7350422348870344,0.18449267250152657,0.08046509261143904,0.758710510600481,0.1750904171369667,0.06619907226255235,0.04219840350560844,0.5672823218997362,0.43271767810026385,0.5723199092526554,0.4276800907473446
E0,0708,2008-05-03,Bolton,Sunderland,2,0,H,,fpl-team-20,0.5726849185991729,0.25770821336962785,0.16960686803119931,0.5864660574810635,0.25323117581711546,0.1603027667018211,0.039446765556931496,0.4640000000000001,0.536,0.4613998970603605,0.5386001029396396
E0,0708,2008-05-03,Fulham,Birmingham,2,0,H,fpl-team-10,,0.4334736635989818,0.27978754650479737,0.28673878989622087,0.4396085755944918,0.27651046988002653,0.28388095452548173,0.0416194146964699,0.4746666666666666,0.5253333333333333,0.4729082301967493,0.5270917698032508
E0,0708,2008-05-03,Man United,West Ham,4,1,H,,,0.7971820825393178,0.14292599934244335,0.05989191811823891,0.8250868720288125,0.13044243411180217,0.044470693859385346,0.044745377730578184,0.5958549222797926,0.40414507772020725,0.6031215161466711,0.3968784838533289
E0,0708,2008-05-03,Middlesbrough,Portsmouth,2,0,H,,,0.48659712135217226,0.27452792816585236,0.2388749504819754,0.49647293341178134,0.27070740264879134,0.23281966393942735,0.043895867303945124,0.4391534391534391,0.5608465608465608,0.4346442373240173,0.5653557626759828
E0,0708,2008-05-03,Reading,Tottenham,0,1,A,,,0.415223496614565,0.283164647538373,0.30161185584706185,0.4200533116896079,0.2802122167937062,0.29973447151668586,0.04004002991132438,0.5199999999999999,0.48,0.5213675213702079,0.47863247862979214
E0,0708,2008-05-04,Arsenal,Everton,1,0,H,fpl-team-1,fpl-team-9,0.5566184868170598,0.26704817575616163,0.17633333742677848,0.5701839379938336,0.26289595175963265,0.16692011024653375,0.04163072910159826,0.4693333333333332,0.5306666666666666,0.467165372312263,0.5328346276877369
E0,0708,2008-05-04,Liverpool,Man City,1,0,H,fpl-team-14,fpl-team-15,0.5597314530548901,0.2616308491616342,0.17863769778347557,0.5735730269496848,0.25712892127133713,0.16929805177897808,0.04188761464320123,0.47200000000000003,0.528,0.4700393768229449,0.5299606231770552
E0,0708,2008-05-05,Newcastle,Chelsea,0,2,A,fpl-team-17,fpl-team-6,0.1582440020418581,0.24757529351710056,0.5941807044410414,0.14732932231189885,0.24196264025197153,0.6107080374361297,0.04365239408798516,0.4640000000000001,0.536,0.4613998970603605,0.5386001029396396
E0,0708,2008-05-11,Birmingham,Blackburn,4,1,H,,,0.47077594500105585,0.2684248809216546,0.2607991740772895,0.47982640835234686,0.26414461986541227,0.2560289717822409,0.04483370203524828,0.47733333333333333,0.5226666666666666,0.4757724318792627,0.5242275681207372
E0,0708,2008-05-11,Chelsea,Bolton,1,1,D,fpl-team-6,,0.8101494691000126,0.1321273812266115,0.0577231496733759,0.8393212869062463,0.11872035383553266,0.04195835925822105,0.045952524757012725,0.5826771653543307,0.41732283464566927,0.5892401835824301,0.41075981641757
E0,0708,2008-05-11,Derby,Reading,0,4,A,,,0.1614903129657228,0.2386885245901639,0.5998211624441132,0.1511486403157879,0.23276365939471563,0.6160877002894964,0.041983991861343384,0.5439999999999999,0.45599999999999996,0.5472996216016252,0.4527003783983748
E0,0708,2008-05-11,Everton,Newcastle,3,1,H,fpl-team-9,fpl-team-17,0.5143091822371677,0.2764604913527118,0.2092303264101205,0.5258243228660865,0.27276930298765206,0.20140637414626145,0.043445281917229295,0.4959785522788205,0.5040214477211796,0.4956871765387142,0.5043128234612858
E0,0708,2008-05-11,Middlesbrough,Man City,8,1,H,,fpl-team-15,0.44749943789548063,0.28452124755083025,0.267979314553689,0.4546370862486064,0.2814600028191488,0.2639029109322448,0.04250126192346215,0.4786096256684492,0.5213903743315508,0.47708064747046347,0.5229193525295365
E0,0708,2008-05-11,Portsmouth,Fulham,0,1,A,,fpl-team-10,0.28769781660806937,0.26678954505225033,0.4455126383396802,0.28467183037811633,0.2624095675737165,0.45291860204816725,0.0449304252397269,0.48128342245989303,0.5187165775401069,0.47995418098152337,0.5200458190184767
E0,0708,2008-05-11,Sunderland,Arsenal,0,1,A,fpl-team-20,fpl-team-1,0.2161342520279259,0.2682829233021057,0.5155828246699684,0.20895619687642425,0.2642161488685867,0.5268276542549891,0.042072001844644547,0.5347593582887701,0.46524064171123,0.537356321842836,0.462643678157164
E0,0708,2008-05-11,Tottenham,Liverpool,0,2,A,,fpl-team-14,0.3633296894749428,0.28308509548047694,0.3535852150445804,0.3651686957540626,0.2800082437751216,0.35482306047081585,0.04182118340395391,0.550531914893617,0.449468085106383,0.5543120944386524,0.44568790556134763
E0,0708,2008-05-11,West Ham,Aston Villa,2,2,D,,fpl-team-2,0.3032618082774198,0.277685511193782,0.41905268052879824,0.3013746435324601,0.27422339766675824,0.4244019588007816,0.04241550317965448,0.5347593582887701,0.46524064171123,0.537356321842836,0.462643678157164
E0,0708,2008-05-11,Wigan,Man United,0,2,A,,,0.07497940716254864,0.1603545726838562,0.7646660201535952,0.06023577081262206,0.14932596098168413,0.790438268205694,0.043241306440904737,0.5863874345549738,0.41361256544502617,0.5932414104733524,0.40675858952664745
