league,season,date,home_team_raw,away_team_raw,home_goals,away_goals,result,home_team_id,away_team_id,prob_home_proportional,prob_draw_proportional,prob_away_proportional,prob_home_shin,prob_draw_shin,prob_away_shin,shin_z,prob_over25_proportional,prob_under25_proportional,prob_over25_shin,prob_under25_shin
E0,0809,2008-08-16,Arsenal,West Brom,1,0,H,fpl-team-1,,0.7644711546228533,0.1665455015428359,0.06898334383431073,0.7875075981010753,0.1569761037268691,0.05551629817205573,0.03852938488125801,0.5646437994722956,0.4353562005277045,0.5693854432171179,0.43061455678288213
E0,0809,2008-08-16,Bolton,Stoke,3,1,H,,,0.5157358960186369,0.2786513348638008,0.20561276911756227,0.5253522354349612,0.2757143048012962,0.19893345976374244,0.035860145930200815,0.431578947368421,0.5684210526315789,0.4266034327023821,0.5733965672976178
E0,0809,2008-08-16,Everton,Blackburn,2,3,A,fpl-team-9,,0.4712126448006972,0.28707724206319396,0.24171011313610893,0.47853458389230785,0.28459750254779986,0.23686791355989226,0.03602974989917129,0.42894736842105263,0.5710526315789474,0.4236662802851672,0.5763337197148328
E0,0809,2008-08-16,Hull,Fulham,2,1,H,,fpl-team-10,0.36392836122088623,0.28843857731438666,0.3476330614647271,0.36558029245688284,0.2860182732178634,0.3484014343252537,0.03669433295726776,0.43271767810026385,0.5672823218997362,0.4276800907473446,0.5723199092526554
E0,0809,2008-08-16,Middlesbrough,Tottenham,2,1,H,,,0.2929333156334351,0.282313376698084,0.42475330766848085,0.2908354287202287,0.2796713520018707,0.4294932192779007,0.035119382198899984,0.514745308310992,0.48525469168900803,0.5158264272572435,0.4841735727427565
E0,0809,2008-08-16,Sunderland,Liverpool,0,1,A,fpl-team-20,fpl-team-14,0.17805663896896726,0.26657622519925384,0.5553671358317789,0.16989933457479403,0.26293828292089805,0.567162382504308,0.03626435482874513,0.44827586206896547,0.5517241379310345,0.444526627215846,0.555473372784154
E0,0809,2008-08-16,West Ham,Wigan,2,1,H,,,0.48060532651885557,0.28512976557999375,0.23426490790115065,0.4885043232475367,0.28251528391479835,0.22898039283766497,0.036412169807590544,0.4444444444444444,0.5555555555555556,0.44047619047719,0.5595238095228099
E0,0809,2008-08-17,Aston Villa,Man City,4,2,H,fpl-team-2,fpl-team-15,0.5060126405279938,0.2804407405335869,0.2135466189384194,0.5154665104582616,0.277495488506446,0.20703800103529235,0.03724021918606013,0.4391534391534391,0.5608465608465608,0.4346442373240173,0.5653557626759828
E0,0809,2008-08-17,Chelsea,Portsmouth,4,0,H,fpl-team-6,,0.7078176878961666,0.1992152127980682,0.09296709930576516,0.7273072077370807,0.19185677717746547,0.08083601508545381,0.03655369463376701,0.49061662198391415,0.5093833780160857,0.48993385102262793,0.5100661489773721
E0,0809,2008-08-17,Man United,Newcastle,1,1,D,,fpl-team-17,0.7294814392920616,0.18563344777213492,0.08488511293580353,0.7502952280285625,0.1774260600910134,0.07227871188042403,0.03717299015261233,0.5413333333333333,0.4586666666666667,0.5443922556964305,0.4556077443035696
E0,0809,2008-08-23,Blackburn,Hull,1,1,D,,,0.5915201654601862,0.25675875313931157,0.1517210814005023,0.6048922107669178,0.2526545658532233,0.1424532233798589,0.0355035534594208,0.47058823529411764,0.5294117647058824,0.4684343434345415,0.5315656565654585
E0,0809,2008-08-23,Fulham,Arsenal,1,0,H,fpl-team-10,fpl-team-1,0.15330549182964404,0.2557891630801458,0.5909053450902102,0.1439725302438091,0.2515713696854307,0.6044561000707602,0.03606837010011077,0.48,0.5199999999999999,0.47863247862979214,0.5213675213702079
E0,0809,2008-08-23,Liverpool,Middlesbrough,2,1,H,fpl-team-14,,0.6814714394088394,0.21315430867354107,0.10537425191761964,0.6997953085681817,0.20652027686829355,0.09368441456352475,0.03670443210285157,0.4959785522788205,0.5040214477211796,0.4956871765387142,0.5043128234612858
E0,0809,2008-08-23,Newcastle,Bolton,1,0,H,fpl-team-17,,0.5249157634405033,0.2724052649924477,0.20267897156704895,0.534879129376874,0.2691826118821888,0.19593825874093723,0.03537539718672633,0.4521276595744681,0.547872340425532,0.4486007995439608,0.5513992004560392
E0,0809,2008-08-23,Stoke,Aston Villa,3,2,H,,fpl-team-2,0.18606696165467693,0.2655827572335987,0.5483502811117243,0.17822067899317703,0.26185677565158677,0.5599225453552362,0.036710191052407026,0.4879356568364612,0.5120643431635389,0.4870548299852793,0.5129451700147207
E0,0809,2008-08-23,Tottenham,Sunderland,1,2,A,,fpl-team-20,0.6251693888565876,0.24194867257047153,0.13288193857294087,0.6410446079388078,0.2367692342148982,0.12218615784629397,0.037541680969297886,0.5333333333333333,0.4666666666666667,0.5357142857183564,0.4642857142816436
E0,0809,2008-08-23,West Brom,Everton,1,2,A,,fpl-team-9,0.33378891926128407,0.2893526235082339,0.376858457230482,0.3338069549008069,0.28708797514281986,0.3791050699563733,0.03499977360479534,0.4353562005277045,0.5646437994722956,0.43061455678288213,0.5693854432171179
E0,0809,2008-08-24,Man City,West Ham,3,0,H,fpl-team-15,,0.4155251141552511,0.28767123287671237,0.2968036529680365,0.41975309183680104,0.28532479753581375,0.2949221106273852,0.03483804932329804,0.42894736842105263,0.5710526315789474,0.4236662802851672,0.5763337197148328
E0,0809,2008-08-24,Wigan,Chelsea,0,1,A,,fpl-team-6,0.11381025248661056,0.21958684009181328,0.6666029074215761,0.10245400600053986,0.2132961428095675,0.6842498511898927,0.03678315971046686,0.4732620320855615,0.5267379679144386,0.4713212308926112,0.5286787691073889
E0,0809,2008-08-25,Portsmouth,Man United,0,1,A,,,0.19760964144621693,0.2795019252887933,0.5228884332649897,0.19021297479586494,0.2764699126262039,0.5333171125779311,0.03748806833755225,0.4523809523809524,0.5476190476190476,0.44914823289278233,0.5508517671072177
E0,0809,2008-08-30,Arsenal,Newcastle,3,0,H,fpl-team-1,fpl-team-17,0.6495848916474364,0.23516617596350223,0.11524893238906127,0.667472168007437,0.22930310750103627,0.10322472449152667,0.03936000447720289,0.4879356568364612,0.5120643431635389,0.4870548299852793,0.5129451700147207
E0,0809,2008-08-30,Bolton,West Brom,0,0,D,,,0.4983388704318936,0.2823920265780731,0.21926910299003324,0.5072568085716735,0.2795961846944125,0.21314700673391404,0.03673535701818764,0.449468085106383,0.550531914893617,0.44568790556134763,0.5543120944386524
E0,0809,2008-08-30,Everton,Portsmouth,0,3,A,fpl-team-9,,0.45611416845443525,0.28542113608805153,0.2584646954575133,0.4628941543121853,0.28276233224960623,0.25434351343820844,0.0374638419598341,0.44031830238726793,0.5596816976127321,0.4357620053754798,0.5642379946245202
E0,0809,2008-08-30,Hull,Wigan,0,5,A,,,0.3767872161480235,0.29083263246425567,0.33238015138772076,0.3791732280401575,0.28850485364878936,0.33232191831105323,0.037268740707077086,0.42894736842105263,0.5710526315789474,0.4236662802851672,0.5763337197148328
E0,0809,2008-08-30,Middlesbrough,Stoke,2,1,H,,,0.5864353439580392,0.26045592091991127,0.15310873512204964,0.600002282318216,0.25640332656077136,0.1435943911210128,0.03676891000941396,0.49061662198391415,0.5093833780160857,0.48993385102262793,0.5100661489773721
E0,0809,2008-08-30,West Ham,Blackburn,4,1,H,,,0.3894815927873779,0.28730277986476327,0.3232156273478587,0.39255748702423277,0.28478815405030267,0.32265435892546457,0.03716251626610756,0.4547872340425533,0.5452127659574468,0.45150477820811263,0.5484952217918874
E0,0809,2008-08-31,Aston Villa,Liverpool,0,0,D,fpl-team-2,fpl-team-14,0.31829649433294427,0.2895407362779431,0.39216276938911276,0.3174481906264318,0.2870947050081541,0.39545710436541404,0.03799377498216927,0.46524064171123,0.5347593582887701,0.462643678157164,0.537356321842836
E0,0809,2008-08-31,Chelsea,Tottenham,1,1,D,fpl-team-6,,0.6664832223872383,0.22322404577563007,0.11029273183713163,0.6841644654021696,0.21708851736124737,0.09874701723658313,0.03692290559411049,0.5093833780160857,0.49061662198391415,0.5100661489773721,0.48993385102262793
E0,0809,2008-08-31,Sunderland,Man City,0,3,A,fpl-team-20,fpl-team-15,0.4251945221903138,0.2882897843952902,0.2865156934143961,0.4302096991669076,0.28583001876724534,0.28396028206584706,0.03701052500400692,0.4456233421750664,0.5543766578249337,0.44161540213184014,0.5583845978681599
E0,0809,2008-09-13,Blackburn,Arsenal,0,4,A,,fpl-team-1,0.20751502290419008,0.2748502810736913,0.5176346960221186,0.2007507075670911,0.2716275988792695,0.5276216935536395,0.03687324933707714,0.47184986595174266,0.5281501340482575,0.4697161975078396,0.5302838024921604
E0,0809,2008-09-13,Fulham,Bolton,2,1,H,fpl-team-10,,0.42929465828402963,0.28841158157162367,0.28229376014434676,0.434502526774372,0.2859714914177868,0.279525981807841,0.036788046825677156,0.44031830238726793,0.5596816976127321,0.4357620053754798,0.5642379946245202
E0,0809,2008-09-13,Liverpool,Man United,2,1,H,fpl-team-14,,0.3313752019985664,0.3063040518473591,0.36232074615407456,0.3312661612302206,0.3048338305673036,0.3639000082024758,0.03696966345887631,0.39588688946015427,0.6041131105398457,0.3880906327711015,0.6119093672288985
E0,0809,2008-09-13,Man City,Chelsea,1,3,A,fpl-team-15,fpl-team-6,0.22126786013407798,0.2805836419170085,0.4981484979489134,0.21521766254583385,0.2776762705537175,0.5071060669004487,0.03693949326407164,0.4365079365079365,0.5634920634920635,0.431711480998045,0.568288519001955
E0,0809,2008-09-13,Newcastle,Hull,1,2,A,fpl-team-17,,0.5683260748702743,0.26403817642698296,0.16763574870274278,0.5809987964982767,0.26018692274835137,0.15881428075337192,0.03689088788814843,0.4798927613941019,0.520107238605898,0.47840234982362795,0.521597650176372
E0,0809,2008-09-13,Portsmouth,Middlesbrough,2,1,H,,,0.4718979278442376,0.28085767910971243,0.24724439304605003,0.4796490299510978,0.27790286450051926,0.24244810554838295,0.037978530745022,0.47058823529411764,0.5294117647058824,0.4684343434345415,0.5315656565654585
E0,0809,2008-09-13,West Brom,West Ham,3,2,H,,,0.3877960658370133,0.28904054596547574,0.32316338819751106,0.3907864142111254,0.2866150793065635,0.3225985064823112,0.03724779863841832,0.46524064171123,0.5347593582887701,0.462643678157164,0.537356321842836
E0,0809,2008-09-13,Wigan,Sunderland,1,1,D,,fpl-team-20,0.4586331908446513,0.2855906065689086,0.2557762025864401,0.46549427597021675,0.28296177779369136,0.25154394623609194,0.03714795713312924,0.45721925133689845,0.5427807486631016,0.4539077579061352,0.5460922420938649
E0,0809,2008-09-14,Stoke,Everton,2,3,A,,fpl-team-9,0.2870249017038008,0.2870249017038008,0.42595019659239847,0.284560854678349,0.284560854678349,0.430878290643302,0.03605589410290122,0.4798927613941019,0.520107238605898,0.47840234982362795,0.521597650176372
E0,0809,2008-09-15,Tottenham,Aston Villa,1,2,A,,fpl-team-2,0.4556944249403173,0.28170200814492347,0.26260356691475917,0.4625398161522553,0.2788040441634959,0.2586561396842488,0.037959221517667174,0.5308310991957105,0.46916890080428963,0.5331890331891216,0.46681096681087847
E0,0809,2008-09-20,Blackburn,Fulham,1,0,H,,fpl-team-10,0.45852415923687706,0.28291916208232837,0.2585566786807945,0.46540290894807224,0.28013711507400163,0.2544599759779261,0.037274875678122044,0.47733333333333333,0.5226666666666666,0.4757724318792627,0.5242275681207372
E0,0809,2008-09-20,Bolton,Arsenal,1,3,A,,fpl-team-1,0.1592050412021328,0.26132816286960736,0.5794667959282598,0.1500735799286339,0.25736997090379526,0.5925564491675709,0.036424631252884865,0.4786096256684492,0.5213903743315508,0.47708064747046347,0.5229193525295365
E0,0809,2008-09-20,Liverpool,Stoke,0,0,D,fpl-team-14,,0.7723660034647488,0.16030237807758937,0.06733161845766182,0.7951272520744572,0.1506983042661609,0.05417444365938195,0.03739513596519828,0.5555555555555556,0.4444444444444444,0.5595238095228099,0.44047619047719
E0,0809,2008-09-20,Sunderland,Middlesbrough,2,0,H,fpl-team-20,,0.40741562234298184,0.2906485280889185,0.3019358495680998,0.41134610655065623,0.28838672940576915,0.3002671640435746,0.03595075255725533,0.47200000000000003,0.528,0.4700393768229449,0.5299606231770552
E0,0809,2008-09-20,West Ham,Newcastle,3,1,H,,fpl-team-17,0.4611944204951349,0.28145399679763516,0.25735158270723,0.46813343877728636,0.2786266485822682,0.2532399126404453,0.03681013151071966,0.48128342245989303,0.5187165775401069,0.47995418098152337,0.5200458190184767
E0,0809,2008-09-21,Chelsea,Man United,1,1,D,fpl-team-6,,0.4267887587747033,0.3015056070053549,0.2717056342199419,0.43161732499397815,0.29985197622268034,0.2685306987833416,0.035003518452867866,0.4114583333333333,0.5885416666666665,0.4047832418679943,0.5952167581320057
E0,0809,2008-09-21,Hull,Everton,2,2,D,,fpl-team-9,0.304807834260125,0.286107967127602,0.4090841986122731,0.30328307334258714,0.2835966560617116,0.4131202705957013,0.03610834013670683,0.4586666666666667,0.5413333333333333,0.4556077443035696,0.5443922556964305
E0,0809,2008-09-21,Man City,Portsmouth,6,0,H,fpl-team-15,,0.4706522067486331,0.2841132223665529,0.24523457088481407,0.47807274889016904,0.2814327693073135,0.2404944818025175,0.03666884812992066,0.4547872340425533,0.5452127659574468,0.45150477820811263,0.5484952217918874
E0,0809,2008-09-21,Tottenham,Wigan,0,0,D,,,0.5476805409991515,0.26831611518690424,0.18400334381394423,0.5594204099117052,0.26466779259713724,0.17591179749115754,0.03738328581675887,0.5227882037533512,0.47721179624664883,0.52448861999613,0.47551138000387005
E0,0809,2008-09-21,West Brom,Aston Villa,1,2,A,,fpl-team-2,0.3016491705016296,0.2859189990337532,0.4124318304646174,0.29994006946900603,0.2833723971558297,0.4166875333751643,0.036466284887865186,0.5067024128686327,0.4932975871313674,0.5071888658834666,0.49281113411653343
E0,0809,2008-09-27,Arsenal,Hull,1,2,A,fpl-team-1,,0.7746590561782902,0.16223226307398747,0.06310868074772222,0.7993669528497354,0.1518049761507535,0.048828070999511225,0.04091352806426585,0.5789473684210527,0.42105263157894735,0.5852272727276271,0.41477272727237297
E0,0809,2008-09-27,Aston Villa,Sunderland,2,1,H,fpl-team-2,fpl-team-20,0.5817993749235338,0.2571488949938271,0.16105173008263912,0.5954467957252516,0.2528331413593497,0.1517200629153987,0.03764260117895901,0.5120643431635389,0.4879356568364612,0.5129451700147207,0.4870548299852793
E0,0809,2008-09-27,Everton,Liverpool,0,2,A,fpl-team-9,fpl-team-14,0.2650492456117478,0.289820203145556,0.4451305512426962,0.2612816934373087,0.2874016799037092,0.45131662665898203,0.03753353841602802,0.44680851063829785,0.5531914893617021,0.4427655677726523,0.5572344322273477
E0,0809,2008-09-27,Fulham,West Ham,1,2,A,fpl-team-10,,0.40906212622247234,0.2874832899458242,0.3034545838317034,0.41336021706718123,0.284885774837896,0.3017540080949227,0.038503749296069145,0.4946236559139785,0.5053763440860215,0.49421831637467617,0.5057816836253239
E0,0809,2008-09-27,Man United,Bolton,2,0,H,,,0.7679084946201815,0.16562732236905878,0.06646418301075963,0.7923976663033158,0.15538822105475628,0.05221411264192802,0.04097817814908922,0.5374331550802139,0.4625668449197861,0.5402611221383922,0.4597388778616078
E0,0809,2008-09-27,Middlesbrough,West Brom,0,1,A,,,0.5335380224154185,0.2722452079187179,0.19421676966586363,0.5449586393600875,0.2686819643165595,0.18635939632335294,0.03891918109729886,0.49193548387096786,0.5080645161290323,0.49132622083501815,0.5086737791649818
E0,0809,2008-09-27,Newcastle,Blackburn,1,2,A,fpl-team-17,,0.375044173327724,0.28795961295750944,0.3369962137147665,0.3773530139962474,0.2854544256494457,0.3371925603543069,0.03759055957198143,0.48525469168900803,0.514745308310992,0.4841735727427565,0.5158264272572435
E0,0809,2008-09-27,Stoke,Chelsea,0,2,A,,fpl-team-6,0.10229564390408274,0.2096714326521606,0.6880329234437565,0.08958762975606406,0.20228570434767854,0.7081266658962574,0.03972571948543191,0.5093833780160857,0.49061662198391415,0.5100661489773721,0.48993385102262793
E0,0809,2008-09-28,Portsmouth,Tottenham,2,0,H,,,0.384515469446586,0.28898367579526024,0.32650085475815366,0.38733295956768937,0.2865489192328022,0.32611812119950845,0.03735203971154988,0.4959785522788205,0.5040214477211796,0.4956871765387142,0.5043128234612858
E0,0809,2008-09-28,Wigan,Man City,2,1,H,,fpl-team-15,0.3078810092126437,0.28609250702221045,0.40602648376514583,0.30645699077999194,0.283466497598512,0.4100765116214961,0.037787828827276826,0.4613333333333334,0.5386666666666667,0.458507411439061,0.541492588560939
E0,0809,2008-10-04,Blackburn,Man United,0,2,A,,,0.15516640129325612,0.2583241196045621,0.5865094791021819,0.14577175411665888,0.2541708437405728,0.6000574021427683,0.03668925724923611,0.5,0.5,0.5,0.5
E0,0809,2008-10-04,Sunderland,Arsenal,1,1,D,fpl-team-20,fpl-team-1,0.1558198003423171,0.25912094931577523,0.5850592503419075,0.14612529811664576,0.2548573055197682,0.5990173963635861,0.03805212595034391,0.5,0.5,0.5,0.5
E0,0809,2008-10-04,West Brom,Fulham,1,0,H,,fpl-team-10,0.41697196200404874,0.2887725078475244,0.29425553014842676,0.42163050148161235,0.28629229920391835,0.2920771993144693,0.03777056490071118,0.49193548387096786,0.5080645161290323,0.49132622083501815,0.5086737791649818
E0,0809,2008-10-04,Wigan,Middlesbrough,0,1,A,,,0.45545651800627523,0.2850096002247857,0.25953388176893893,0.4623381576761327,0.28227375097919993,0.25538809134466744,0.03824268374592066,0.4625668449197861,0.5374331550802139,0.4597388778616078,0.5402611221383922
E0,0809,2008-10-05,Chelsea,Aston Villa,2,0,H,fpl-team-6,fpl-team-2,0.6405223748212359,0.23277128909543657,0.12670633608332768,0.6579473852463199,0.22681794513937817,0.11523466961430191,0.03930106176994741,0.5401069518716577,0.4598930481283422,0.5431729219445616,0.4568270780554385
E0,0809,2008-10-05,Everton,Newcastle,2,2,D,fpl-team-9,fpl-team-17,0.5343958748388609,0.271885620532052,0.19371850462908707,0.5456121515011706,0.26838215241014907,0.1860056960886803,0.03804236836731434,0.49595687331536387,0.5040431266846361,0.495640548708896,0.504359451291104
E0,0809,2008-10-05,Man City,Liverpool,2,3,A,fpl-team-15,fpl-team-14,0.29491418221545007,0.2885030043412012,0.41658281344334885,0.29274417780147477,0.2859754346419911,0.421280387556534,0.03827378270216286,0.44031830238726793,0.5596816976127321,0.4357620053754798,0.5642379946245202
E0,0809,2008-10-05,Portsmouth,Stoke,2,1,H,,,0.570658042841063,0.26729097983647493,0.16205097732246213,0.5838287409824633,0.26348998471176477,0.15268127430577197,0.03803290845826268,0.482573726541555,0.517426273458445,0.48128957973796427,0.5187104202620358
E0,0809,2008-10-05,Tottenham,Hull,0,1,A,,,0.5508424466118522,0.26297280643334187,0.18618474695480605,0.5627827684858742,0.25902879792605266,0.17818843358807332,0.03746197815053165,0.5322580645161289,0.46774193548387094,0.5348310693145548,0.4651689306854451
E0,0809,2008-10-05,West Ham,Bolton,1,3,A,,,0.5235419299062313,0.27818048812928103,0.19827758196448758,0.5338212110298167,0.27513340333974107,0.19104538563044213,0.03680678689852357,0.48387096774193555,0.5161290322580646,0.4826388888887691,0.5173611111112308
E0,0809,2008-10-18,Arsenal,Everton,3,1,H,fpl-team-1,fpl-team-9,0.6799591851892459,0.21513720178043116,0.10490361303032285,0.6988040167294964,0.20837602516235146,0.09281995810815215,0.03797811991535127,0.5466666666666666,0.4533333333333333,0.5502152080372295,0.44978479196277044
E0,0809,2008-10-18,Aston Villa,Portsmouth,0,0,D,fpl-team-2,,0.5164560591476028,0.278329612714277,0.2052143281381203,0.5267047289659977,0.27518960068820225,0.19810567034580004,0.038117378018796444,0.5040214477211796,0.4959785522788205,0.5043128234612858,0.4956871765387142
E0,0809,2008-10-18,Bolton,Blackburn,0,0,D,,,0.39216276938911265,0.289540736277943,0.3182964943329442,0.39545710436541404,0.2870947050081541,0.3174481906264318,0.03799377498216927,0.4666666666666667,0.5333333333333333,0.4642857142816436,0.5357142857183564
E0,0809,2008-10-18,Fulham,Sunderland,0,0,D,fpl-team-10,fpl-team-20,0.4188386590094733,0.28876454130466794,0.29239679968585874,0.42360327865310354,0.2862822260598047,0.2901144952870918,0.03778748004697263,0.4521276595744681,0.547872340425532,0.4486007995439608,0.5513992004560392
E0,0809,2008-10-18,Liverpool,Wigan,3,2,H,fpl-team-14,,0.6865388694899673,0.21317188641697618,0.10028924409305646,0.7051012796974643,0.2065148266435037,0.08838389365903197,0.0367433768697083,0.5187165775401069,0.48128342245989303,0.5200458190184767,0.47995418098152337
E0,0809,2008-10-18,Man United,West Brom,4,0,H,,,0.7831767142551568,0.15558936393382913,0.06123392181101423,0.8074627563150665,0.14517945165935592,0.04735779202557765,0.03946563275530934,0.5863874345549738,0.41361256544502617,0.5932414104733524,0.40675858952664745
E0,0809,2008-10-18,Middlesbrough,Chelsea,0,5,A,,fpl-team-6,0.1509820530467468,0.2584678913653449,0.5905500555879083,0.14145266028328352,0.2543466810807506,0.6042006586359658,0.036411061184480786,0.47593582887700536,0.5240641711229947,0.4742031644086983,0.5257968355913017
E0,0809,2008-10-19,Hull,West Ham,1,0,H,,,0.3882301896553163,0.2893641165132792,0.3224056938314045,0.39119663795927956,0.2869943123746315,0.321809049666089,0.036646382650360465,0.5053763440860215,0.4946236559139785,0.5057816836253239,0.49421831637467617
E0,0809,2008-10-19,Stoke,Tottenham,2,1,H,,,0.29287944323392634,0.28569221763309377,0.42142833913298,0.2906748999864368,0.2831010740756014,0.42622402593796177,0.03690195735543966,0.5093833780160857,0.49061662198391415,0.5100661489773721,0.48993385102262793
E0,0809,2008-10-20,Newcastle,Man City,2,2,D,fpl-team-17,fpl-team-15,0.31812609347922755,0.2885787782953984,0.3932951282253741,0.31730264270194497,0.2861792015188282,0.3965181557792269,0.03644368192180991,0.5187165775401069,0.48128342245989303,0.5200458190184767,0.47995418098152337
E0,0809,2008-10-25,Blackburn,Middlesbrough,1,1,D,,,0.45666661559909916,0.28894029690683737,0.25439308749406336,0.4628888620707272,0.28668665104007396,0.2504244868891988,0.03418071614578366,0.4786096256684492,0.5213903743315508,0.47708064747046347,0.5229193525295365
E0,0809,2008-10-25,Everton,Man United,1,1,D,fpl-team-9,,0.13569862129560054,0.24740830426189966,0.6168930744424999,0.12613310163295413,0.24301562871709662,0.6308512696499494,0.03382622776553035,0.5240641711229947,0.47593582887700536,0.5257968355913017,0.4742031644086983
E0,0809,2008-10-25,Sunderland,Newcastle,2,1,H,fpl-team-20,fpl-team-17,0.43077365338316137,0.28851198390168525,0.2807143627151532,0.43580035769587117,0.28619723242166584,0.27800240988246305,0.034941061632707715,0.47593582887700536,0.5240641711229947,0.4742031644086983,0.5257968355913017
E0,0809,2008-10-25,West Brom,Hull,0,3,A,,,0.4174039863879436,0.2885755955274672,0.29402041808458923,0.4217251289472265,0.2862765853692264,0.2919982856835471,0.03480901708826423,0.4973118279569893,0.5026881720430109,0.49710940887399396,0.502890591126006
E0,0809,2008-10-26,Chelsea,Liverpool,0,1,A,fpl-team-6,fpl-team-14,0.4878297342816379,0.2917860092899516,0.2203842564284105,0.49556445654481757,0.2896682853331795,0.21476725812200304,0.03397809783928096,0.4274406332453826,0.5725593667546175,0.42177277123892026,0.5782272287610797
E0,0809,2008-10-26,Man City,Stoke,3,0,H,fpl-team-15,,0.6396841066140178,0.23060217176702863,0.12971372161895361,0.6557290282674508,0.22502417880968847,0.11924679292286064,0.036143060540780425,0.5519999999999999,0.448,0.556073153898594,0.443926846101406
E0,0809,2008-10-26,Portsmouth,Fulham,1,1,D,,fpl-team-10,0.5248493727438908,0.2772201434670995,0.19793048378900965,0.5348260797523009,0.2742351929427182,0.190938727304981,0.03545304830186069,0.4521276595744681,0.547872340425532,0.4486007995439608,0.5513992004560392
E0,0809,2008-10-26,Tottenham,Bolton,2,0,H,,,0.4719623714395025,0.28147153477416115,0.24656609378633637,0.4791530184329439,0.2787642104559129,0.24208277111114324,0.03517001518048346,0.4959785522788205,0.5040214477211796,0.4956871765387142,0.5043128234612858
E0,0809,2008-10-26,West Ham,Arsenal,0,2,A,,fpl-team-1,0.16058851972093668,0.2588989431512054,0.580512537127858,0.1517620218071754,0.2549269617644589,0.5933110164283657,0.03542924649082124,0.5281501340482575,0.47184986595174266,0.5302838024921604,0.4697161975078396
E0,0809,2008-10-26,Wigan,Aston Villa,0,4,A,,fpl-team-2,0.3683996324562913,0.2876700833686472,0.3439302841750616,0.370282451815152,0.2852231771002697,0.3444943710845784,0.03646818362176418,0.482573726541555,0.517426273458445,0.48128957973796427,0.5187104202620358
E0,0809,2008-10-28,Newcastle,West Brom,2,1,H,fpl-team-17,,0.5030313969909005,0.27696669179558514,0.22000191121351442,0.5123883445278544,0.2738170271440674,0.21379462832807813,0.037491205614060163,0.5080645161290323,0.49193548387096786,0.5086737791649818,0.49132622083501815
E0,0809,2008-10-29,Arsenal,Tottenham,4,4,D,fpl-team-1,,0.6540176257128046,0.22378434421980298,0.12219803006739242,0.672227089235498,0.21729876751964153,0.11047414324486056,0.039423703448846936,0.550531914893617,0.449468085106383,0.5543120944386524,0.44568790556134763
E0,0809,2008-10-29,Aston Villa,Blackburn,3,2,H,fpl-team-2,,0.557029177718833,0.26578249336870025,0.17718832891246686,0.5694354804464358,0.26193465713981057,0.16862986241375372,0.03790557198226452,0.5053763440860215,0.4946236559139785,0.5057816836253239,0.49421831637467617
E0,0809,2008-10-29,Bolton,Everton,0,1,A,,fpl-team-9,0.3699197471125443,0.28746085611532074,0.34261939677213504,0.37199304794939386,0.2848671852763143,0.3431397667742918,0.038523158291354775,0.46524064171123,0.5347593582887701,0.462643678157164,0.537356321842836
E0,0809,2008-10-29,Fulham,Wigan,2,0,H,fpl-team-10,,0.40378863409770693,0.28664007976071787,0.3095712861415753,0.4077780215184223,0.28400243905647804,0.3082195394250997,0.03841635142453015,0.45822102425876016,0.5417789757412399,0.4546385718471107,0.5453614281528892
E0,0809,2008-10-29,Hull,Chelsea,0,3,A,,fpl-team-6,0.12627115722706744,0.22834292805680992,0.6453859147161225,0.11487126080315296,0.22219618347363615,0.662932555723211,0.03895714180544019,0.5053763440860215,0.4946236559139785,0.5057816836253239,0.49421831637467617
E0,0809,2008-10-29,Liverpool,Portsmouth,1,0,H,fpl-team-14,,0.6883213589889188,0.21023389923869693,0.10144474177238433,0.7083130132092087,0.20291834126375663,0.08876864552703463,0.03949721227400005,0.5281501340482575,0.47184986595174266,0.5302838024921604,0.4697161975078396
E0,0809,2008-10-29,Man United,West Ham,2,0,H,,,0.7750267358719815,0.1597993269839137,0.06517393714410495,0.7996016773843508,0.14936144778556917,0.05103687483008,0.04051933391019702,0.6030927835051546,0.3969072164948454,0.6110001109892732,0.3889998890107268
E0,0809,2008-10-29,Middlesbrough,Man City,2,0,H,,fpl-team-15,0.3392296247313606,0.28583236898660935,0.3749380062820301,0.3395681977664687,0.28305123706986757,0.3773805651636638,0.039923791657201946,0.517426273458445,0.482573726541555,0.5187104202620358,0.48128957973796427
E0,0809,2008-10-29,Stoke,Sunderland,1,0,H,,fpl-team-20,0.36436112906701146,0.2876535229476406,0.347985347985348,0.3661019719874787,0.2850947474569837,0.3488032805555378,0.038160956115461886,0.47593582887700536,0.5240641711229947,0.4742031644086983,0.5257968355913017
E0,0809,2008-11-01,Chelsea,Sunderland,5,0,H,fpl-team-6,fpl-team-20,0.7853902389689948,0.15271476868841566,0.06189499234258966,0.8088043801134487,0.14263629280819656,0.04855932707835481,0.03768286085687578,0.5774278215223098,0.4225721784776903,0.5832862789376128,0.41671372106238724
E0,0809,2008-11-01,Everton,Fulham,1,0,H,fpl-team-9,fpl-team-10,0.5490925035046224,0.2682348436660511,0.1826726528293264,0.5604746142644749,0.2647176770834912,0.17480770865203393,0.035981552209705114,0.47593582887700536,0.5240641711229947,0.4742031644086983,0.5257968355913017
E0,0809,2008-11-01,Man United,Hull,4,3,H,,,0.7979834090670529,0.1445264069053331,0.057490184027614036,0.8224284968995278,0.1337575213998444,0.043813981700627856,0.03867758437991142,0.6246851385390428,0.3753148614609572,0.6339575665649642,0.36604243343503573
E0,0809,2008-11-01,Middlesbrough,West Ham,1,1,D,,,0.4678638402111854,0.28385641525007893,0.24827974453873572,0.475228752675601,0.2811288538425765,0.2436423934818225,0.037151547032408416,0.5,0.5,0.5,0.5
E0,0809,2008-11-01,Portsmouth,Wigan,1,2,A,,,0.4936510847636823,0.27934148209681425,0.2270074331395035,0.5021676664220236,0.27644046076761086,0.22139187281036557,0.03607541788369417,0.4666666666666667,0.5333333333333333,0.4642857142816436,0.5357142857183564
E0,0809,2008-11-01,Stoke,Arsenal,2,1,H,,fpl-team-1,0.12055487922086244,0.22063817517780482,0.6588069456013328,0.10990586416459967,0.21466572526249159,0.6754284105729087,0.035329090780578554,0.5725593667546175,0.4274406332453826,0.5782272287610797,0.42177277123892026
E0,0809,2008-11-01,Tottenham,Liverpool,2,1,H,,fpl-team-14,0.2650985575988492,0.28191749931962207,0.45298394308152873,0.261491010824374,0.27918639438160914,0.4593225947940169,0.03590915631502867,0.4932975871313674,0.5067024128686327,0.49281113411653343,0.5071888658834666
E0,0809,2008-11-01,West Brom,Blackburn,2,2,D,,,0.3739753453290857,0.28740697835476037,0.338617676316154,0.3761877114572473,0.2849130876304904,0.33889920091226233,0.03696121508255601,0.4745308310991957,0.5254691689008043,0.4726161651050819,0.5273838348949181
E0,0809,2008-11-02,Bolton,Man City,2,0,H,,fpl-team-15,0.3141754394646016,0.2853520046513354,0.40047255588406305,0.3131548255178351,0.2828185413128813,0.4040266331692835,0.03587833768688142,0.47721179624664883,0.5227882037533512,0.47551138000387005,0.52448861999613
E0,0809,2008-11-03,Newcastle,Aston Villa,2,0,H,fpl-team-17,fpl-team-2,0.3227434963082382,0.2869934474864026,0.39026305620535917,0.3221732041750099,0.28453381456551957,0.3932929812594706,0.036086007370613515,0.517426273458445,0.482573726541555,0.5187104202620358,0.48128957973796427
E0,0809,2008-11-08,Arsenal,Man United,2,1,H,fpl-team-1,,0.3006845925437149,0.29404486967997356,0.40527053777631145,0.2989273088875792,0.29193392258999756,0.4091387685224232,0.03644368052482605,0.45599999999999996,0.5439999999999999,0.4527003783983748,0.5472996216016252
E0,0809,2008-11-08,Hull,Bolton,0,1,A,,,0.4374619083090675,0.28848107266201667,0.2740570190289158,0.44309437725133316,0.2860493972381026,0.27085622551056426,0.036669177701696754,0.48395721925133695,0.5160427807486632,0.48282426358777536,0.5171757364122247
E0,0809,2008-11-08,Liverpool,West Brom,3,0,H,fpl-team-14,,0.7738902718955093,0.16117164010216287,0.06493808800232775,0.7960450430040348,0.1518768920226498,0.052078064973315435,0.03628432797268033,0.5531914893617021,0.44680851063829785,0.5572344322273477,0.4427655677726523
E0,0809,2008-11-08,Sunderland,Portsmouth,1,2,A,fpl-team-20,,0.4030366054852408,0.2855872879358608,0.3113761065788984,0.4068485235131519,0.28298263414189484,0.3101688423449533,0.03708310949150473,0.44297082228116713,0.557029177718833,0.4386940404900047,0.5613059595099953
E0,0809,2008-11-08,West Ham,Everton,1,3,A,,fpl-team-9,0.3716473803178031,0.2867649539489221,0.3415876657332748,0.37379898942479745,0.2841559937746411,0.34204501680056154,0.038164401659742,0.48128342245989303,0.5187165775401069,0.47995418098152337,0.5200458190184767
E0,0809,2008-11-08,Wigan,Stoke,0,0,D,,,0.5258125877654541,0.2761686291824492,0.19801878305209658,0.5364123243116597,0.2729517917435377,0.19063588394480258,0.037523309933021665,0.482573726541555,0.517426273458445,0.48128957973796427,0.5187104202620358
E0,0809,2008-11-09,Aston Villa,Middlesbrough,1,2,A,fpl-team-2,,0.553081305023304,0.262558259968928,0.18436043500776797,0.5644465550392579,0.2588230553426593,0.17673038961808277,0.03525421698577702,0.514745308310992,0.48525469168900803,0.5158264272572435,0.4841735727427565
E0,0809,2008-11-09,Blackburn,Chelsea,0,2,A,,fpl-team-6,0.1284041584990199,0.23221349061887428,0.6393823508821058,0.1178033888670095,0.2266739731053171,0.6555226380276735,0.03641596692614257,0.5133689839572192,0.4866310160427808,0.5143086080606718,0.48569139193932814
E0,0809,2008-11-09,Fulham,Newcastle,2,1,H,fpl-team-10,fpl-team-17,0.4020618556701031,0.28701030927835053,0.31092783505154636,0.4057187119134696,0.28455118663989665,0.3097301014466338,0.03606160404160619,0.4732620320855615,0.5267379679144386,0.4713212308926112,0.5286787691073889
E0,0809,2008-11-09,Man City,Tottenham,1,2,A,fpl-team-15,,0.42744869160597077,0.28715111491321343,0.2854001934808158,0.4321989386138197,0.28481965540958315,0.2829814059765972,0.03417288255877793,0.5415549597855228,0.45844504021447724,0.5448729083465182,0.4551270916534818
E0,0809,2008-11-15,Arsenal,Aston Villa,0,2,A,fpl-team-1,fpl-team-2,0.620086246837022,0.24412844363662284,0.1357853095263552,0.6360163978886194,0.2389654944553242,0.12501810765605637,0.038332572439685464,0.5558510638297872,0.4441489361702128,0.5601667478333031,0.43983325216669694
E0,0809,2008-11-15,Blackburn,Sunderland,1,2,A,,fpl-team-20,0.45074671539746053,0.28395664639717694,0.2652966382053625,0.45742131017616416,0.281140604564005,0.2614380852598308,0.038579087471589446,0.449468085106383,0.550531914893617,0.44568790556134763,0.5543120944386524
E0,0809,2008-11-15,Bolton,Liverpool,0,2,A,,fpl-team-14,0.15805473635515024,0.257440955614483,0.5845043080303669,0.1483495858857325,0.2530299539171523,0.5986204601971151,0.038565624272450805,0.44827586206896547,0.5517241379310345,0.444526627215846,0.555473372784154
E0,0809,2008-11-15,Fulham,Tottenham,2,1,H,fpl-team-10,,0.29658352205151595,0.28392446928102444,0.4194920086674595,0.2945764926019107,0.28123547978869273,0.42418802760939645,0.036948976339772344,0.4946236559139785,0.5053763440860215,0.49421831637467617,0.5057816836253239
E0,0809,2008-11-15,Man United,Stoke,5,0,H,,,0.8182505637925244,0.12901876109591667,0.05273067511155894,0.8441127236509353,0.11716613145738256,0.03872114489168216,0.03980168863199651,0.6368159203980098,0.36318407960199,0.6471532534055594,0.3528467465944406
E0,0809,2008-11-15,Newcastle,Wigan,2,2,D,fpl-team-17,,0.46080140716853624,0.2820663159031646,0.25713227692829926,0.4678040253546679,0.27923736891419143,0.2529586057311407,0.03727014362812042,0.48118279569892475,0.5188172043010751,0.47973774857059515,0.5202622514294047
E0,0809,2008-11-15,West Brom,Chelsea,0,3,A,,fpl-team-6,0.09176541381225699,0.19105258285502688,0.7171820033327162,0.07919273254886083,0.18300298069493204,0.7378042867562071,0.03785645845346153,0.5466666666666666,0.4533333333333333,0.5502152080372295,0.44978479196277044
E0,0809,2008-11-15,West Ham,Portsmouth,0,0,D,,,0.3825519422429977,0.28780223518590853,0.3296458225710938,0.38529898343330016,0.2852681461985308,0.3294328703681691,0.037887759041041136,0.482573726541555,0.517426273458445,0.48128957973796427,0.5187104202620358
E0,0809,2008-11-16,Everton,Middlesbrough,1,1,D,fpl-team-9,,0.5082280407710529,0.27598139899436996,0.21579056023457702,0.5179530609679862,0.2727455836561023,0.20930135537591157,0.037828239845111966,0.47721179624664883,0.5227882037533512,0.47551138000387005,0.52448861999613
E0,0809,2008-11-16,Hull,Man City,2,2,D,,fpl-team-15,0.3323275500796245,0.28631296622244573,0.3813594836979297,0.33226492177716604,0.28373242902404855,0.3840026491987854,0.03735800879076123,0.5227882037533512,0.47721179624664883,0.52448861999613,0.47551138000387005
E0,0809,2008-11-22,Aston Villa,Man United,0,0,D,fpl-team-2,,0.20400450305564488,0.2704245738179479,0.5255709231264071,0.1968929002189982,0.2668776588643712,0.5362294409166306,0.037761103245429695,0.514745308310992,0.48525469168900803,0.5158264272572435,0.4841735727427565
E0,0809,2008-11-22,Chelsea,Newcastle,0,0,D,fpl-team-6,fpl-team-17,0.7723180583880745,0.1622404254599948,0.06544151615193068,0.7950907791325409,0.15269159054476242,0.052217630322696544,0.03750298451632261,0.5596816976127321,0.44031830238726793,0.5642379946245202,0.4357620053754798
E0,0809,2008-11-22,Liverpool,Fulham,0,0,D,fpl-team-14,fpl-team-10,0.744928615707519,0.1766908481279694,0.07838053616451167,0.7674440895494404,0.16756578612890008,0.06499012432165956,0.039067176170647144,0.5199999999999999,0.48,0.5213675213702079,0.47863247862979214
E0,0809,2008-11-22,Man City,Arsenal,3,0,H,fpl-team-15,fpl-team-1,0.28586074600924305,0.28069458794883506,0.433444666041922,0.28329561586108426,0.2778543098548331,0.43885007428408274,0.03659854386933148,0.550531914893617,0.449468085106383,0.5543120944386524,0.44568790556134763
E0,0809,2008-11-22,Middlesbrough,Bolton,1,3,A,,,0.49282177413238276,0.2805521545512661,0.22662607131635115,0.5015037751348722,0.27764363735249314,0.2208525875126347,0.03698523459024727,0.4391534391534391,0.5608465608465608,0.4346442373240173,0.5653557626759828
E0,0809,2008-11-22,Portsmouth,Hull,2,2,D,,,0.5117931036954473,0.27265168321870553,0.2155552130858472,0.5238417201070369,0.268486758548193,0.2076715213447701,0.0461360493209213,0.4786096256684492,0.5213903743315508,0.47708064747046347,0.5229193525295365
E0,0809,2008-11-22,Stoke,West Brom,1,0,H,,,0.4289381488238428,0.28728264905794404,0.28377920211821306,0.4341887235777298,0.28475230047910566,0.2810589759431646,0.03723508701659739,0.4786096256684492,0.5213903743315508,0.47708064747046347,0.5229193525295365
E0,0809,2008-11-23,Sunderland,West Ham,0,1,A,fpl-team-20,,0.439151204624867,0.2812690494878302,0.2795797458873028,0.44494597665920627,0.2784172382582988,0.2766367850824949,0.03712964162696153,0.4732620320855615,0.5267379679144386,0.4713212308926112,0.5286787691073889
E0,0809,2008-11-23,Tottenham,Blackburn,1,0,H,,,0.5369913385339075,0.2661876835712492,0.1968209778948432,0.5485020874474489,0.2623225311087313,0.18917538144381987,0.038542992901057005,0.5439999999999999,0.45599999999999996,0.5472996216016252,0.4527003783983748
E0,0809,2008-11-24,Wigan,Everton,1,0,H,,fpl-team-9,0.3683996324562913,0.2876700833686472,0.3439302841750616,0.370282451815152,0.2852231771002697,0.3444943710845784,0.03646818362176418,0.4586666666666667,0.5413333333333333,0.4556077443035696,0.5443922556964305
E0,0809,2008-11-29,Aston Villa,Fulham,0,0,D,fpl-team-2,fpl-team-10,0.577544538047231,0.26046126225659444,0.16199419969617457,0.5911689197103451,0.2562611087421118,0.1525699715475431,0.03824192867614329,0.4826666666666667,0.5173333333333333,0.4814888648397009,0.5185111351602991
E0,0809,2008-11-29,Middlesbrough,Newcastle,0,0,D,,fpl-team-17,0.4323289327824247,0.2860022170714502,0.2816688501461252,0.437873458481565,0.2833496118724274,0.2787769296460076,0.037986706010997295,0.4866310160427808,0.5133689839572192,0.48569139193932814,0.5143086080606718
E0,0809,2008-11-29,Stoke,Hull,1,1,D,,,0.3859731327423262,0.2853359662297565,0.32869090102791737,0.38888522326612207,0.2826885323606408,0.32842624437323714,0.037546721287071705,0.48128342245989303,0.5187165775401069,0.47995418098152337,0.5200458190184767
E0,0809,2008-11-29,Sunderland,Bolton,1,4,A,fpl-team-20,,0.4146598409902717,0.28667840858586685,0.2986617504238613,0.4192582397182154,0.28404426557282825,0.2966974947089565,0.03835427714511752,0.4379947229551451,0.5620052770448549,0.43353696477210124,0.5664630352278986
E0,0809,2008-11-29,Wigan,West Brom,2,1,H,,,0.5262726354628083,0.2707856292933636,0.20294173524382805,0.5367681066172866,0.26732490837485307,0.19590698500786044,0.03703696932643652,0.4574468085106383,0.5425531914893618,0.4544003647952621,0.545599635204738
E0,0809,2008-11-30,Chelsea,Arsenal,1,2,A,fpl-team-6,fpl-team-1,0.5331851021142396,0.27282863412278346,0.19398626376297703,0.5437914407327807,0.26954938982341203,0.18665916944380706,0.036149575375020504,0.4625668449197861,0.5374331550802139,0.4597388778616078,0.5402611221383922
E0,0809,2008-11-30,Man City,Man United,0,1,A,fpl-team-15,,0.22847150970389749,0.2728218615875952,0.49870662870850735,0.222456343245104,0.26929661251840376,0.5082470442364923,0.0392378163523972,0.5439999999999999,0.45599999999999996,0.5472996216016252,0.4527003783983748
E0,0809,2008-11-30,Portsmouth,Blackburn,3,2,H,,,0.46558970267701383,0.2847643441449626,0.24964595317802352,0.4728152977168061,0.282092639075324,0.2450920632078699,0.03707176772877574,0.4879356568364612,0.5120643431635389,0.4870548299852793,0.5129451700147207
E0,0809,2008-11-30,Tottenham,Everton,0,1,A,,fpl-team-9,0.4766072505977609,0.2788508093049586,0.24454194009728045,0.4840797514720764,0.27599135994698304,0.23992888858094066,0.03537089494057,0.517426273458445,0.482573726541555,0.5187104202620358,0.48128957973796427
E0,0809,2008-12-01,Liverpool,West Ham,0,0,D,fpl-team-14,,0.7164795457478385,0.1940465436400396,0.089473910612122,0.7373517851597227,0.1860143792623323,0.076633835577945,0.03847102168947458,0.5160427807486632,0.48395721925133695,0.5171757364122247,0.48282426358777536
E0,0809,2008-12-06,Arsenal,Wigan,1,0,H,fpl-team-1,,0.7065217391304347,0.19927536231884058,0.09420289855072463,0.7264805439417246,0.1917157551916561,0.0818037008666194,0.03759191953577101,0.557029177718833,0.44297082228116713,0.5613059595099953,0.4386940404900047
E0,0809,2008-12-06,Blackburn,Liverpool,1,3,A,,fpl-team-14,0.17991721142201736,0.2675559677020831,0.5525268208758995,0.17195070258499856,0.26401675357430976,0.5640325438406917,0.03581229271367192,0.46524064171123,0.5347593582887701,0.462643678157164,0.537356321842836
E0,0809,2008-12-06,Bolton,Chelsea,0,2,A,,fpl-team-6,0.1436036384749371,0.2512095993806851,0.6051867621443778,0.1335332943608821,0.24660391290212558,0.6198627927369923,0.03712781495414674,0.48128342245989303,0.5187165775401069,0.47995418098152337,0.5200458190184767
E0,0809,2008-12-06,Fulham,Man City,1,1,D,fpl-team-10,fpl-team-15,0.35965487663353357,0.2875018921237197,0.3528432312427469,0.3610781090353757,0.2850256557225947,0.35389623524202957,0.036781360395252705,0.4745308310991957,0.5254691689008043,0.4726161651050819,0.5273838348949181
E0,0809,2008-12-06,Hull,Middlesbrough,2,1,H,,,0.39809820939610685,0.2893011832257422,0.31260060737815104,0.4016105938239115,0.28691851512392247,0.31147089105216597,0.036769259022548795,0.4786096256684492,0.5213903743315508,0.47708064747046347,0.5229193525295365
E0,0809,2008-12-06,Man United,Sunderland,1,0,H,,fpl-team-20,0.8079261974591262,0.13802568321834852,0.054048119322525165,0.8314852621339983,0.12752239844981395,0.04099233941618767,0.036543325055390596,0.6167512690355331,0.383248730964467,0.6253645109462735,0.3746354890537264
E0,0809,2008-12-06,Newcastle,Stoke,2,2,D,fpl-team-17,,0.5265049176836978,0.2709051465988794,0.20258993571742284,0.5369461903726211,0.267472771886706,0.19558103774067281,0.036797694861888885,0.48395721925133695,0.5160427807486632,0.48282426358777536,0.5171757364122247
E0,0809,2008-12-07,Everton,Aston Villa,2,3,A,fpl-team-9,fpl-team-2,0.3613324591486786,0.2895148275166431,0.3491527133346783,0.36283028667804956,0.2871735893531139,0.34999612396883656,0.03635851410217583,0.44297082228116713,0.557029177718833,0.4386940404900047,0.5613059595099953
E0,0809,2008-12-07,West Brom,Portsmouth,1,1,D,,,0.35981369305594674,0.2885193390139016,0.35166696793015173,0.3612367324072972,0.28611320603140555,0.35265006156129736,0.036543534602969885,0.47058823529411764,0.5294117647058824,0.4684343434345415,0.5315656565654585
E0,0809,2008-12-08,West Ham,Tottenham,0,2,A,,,0.3536452665941241,0.28726877040261156,0.35908596300326445,0.35470623938041906,0.28486076190684945,0.36043299871273154,0.03556308266706765,0.5026881720430109,0.4973118279569893,0.502890591126006,0.49710940887399396
E0,0809,2008-12-13,Aston Villa,Bolton,4,2,H,fpl-team-2,,0.5547983132427482,0.2663031903565191,0.17889849640073263,0.5667412731024084,0.262595679002925,0.17066304789466666,0.03682175721041858,0.4640000000000001,0.536,0.4613998970603605,0.5386001029396396
E0,0809,2008-12-13,Liverpool,Hull,2,2,D,fpl-team-14,,0.6974081638523718,0.2049401183250391,0.09765171782258915,0.7162926337755132,0.1979358945789562,0.08577147164553052,0.03630945412442088,0.5160427807486632,0.48395721925133695,0.5171757364122247,0.48282426358777536
E0,0809,2008-12-13,Man City,Everton,0,1,A,fpl-team-15,fpl-team-9,0.46333379367490685,0.2822124016019887,0.2544538047231045,0.4704230726406773,0.27941057188904156,0.2501663554702812,0.03699528472498059,0.4746666666666666,0.5253333333333333,0.4729082301967493,0.5270917698032508
E0,0809,2008-12-13,Middlesbrough,Arsenal,1,1,D,,fpl-team-1,0.19825509473273,0.266228270069666,0.5355166351976041,0.1910018398666803,0.26253191607724147,0.5464662440560782,0.036889898823574185,0.5,0.5,0.5,0.5
E0,0809,2008-12-13,Stoke,Fulham,0,0,D,,fpl-team-10,0.3862255232950708,0.2896691424713031,0.3241053342336259,0.38929687050399236,0.2871407465375471,0.3235623829584605,0.03943407931365073,0.4214659685863874,0.5785340314136125,0.4156853376846352,0.5843146623153649
E0,0809,2008-12-13,Sunderland,West Brom,4,0,H,fpl-team-20,,0.46285821948621725,0.283641774746127,0.2535000057676558,0.47002543472698377,0.28087644761518316,0.24909811765783307,0.03755019896198064,0.46276595744680854,0.5372340425531915,0.4601684306396359,0.5398315693603641
E0,0809,2008-12-13,Tottenham,Man United,0,0,D,,,0.21510392657726823,0.2731378305218684,0.5117582429008634,0.20870720991319675,0.26981388832850756,0.5214789017582957,0.03705078363418579,0.4959785522788205,0.5040214477211796,0.4956871765387142,0.5043128234612858
E0,0809,2008-12-13,Wigan,Blackburn,3,0,H,,,0.45591739475774423,0.2835583796664019,0.26052422557585386,0.4627281318911869,0.2807815916348593,0.25649027647395395,0.03769584675319493,0.46419098143236076,0.5358090185676393,0.46181046676075377,0.5381895332392462
E0,0809,2008-12-14,Chelsea,West Ham,1,1,D,fpl-team-6,,0.7597354703182136,0.1702139578308566,0.07005057185092975,0.781866217080547,0.16114123032258315,0.05699255259686982,0.03726930054835975,0.5425531914893618,0.4574468085106383,0.545599635204738,0.4544003647952621
E0,0809,2008-12-14,Portsmouth,Newcastle,0,3,A,,fpl-team-17,0.4592857448555187,0.2837177995743571,0.25699645557012407,0.4665298347868918,0.2808496517322826,0.2526205134808256,0.039051364874467254,0.4786096256684492,0.5213903743315508,0.47708064747046347,0.5229193525295365
E0,0809,2008-12-20,Blackburn,Stoke,3,0,H,,,0.5092385130839855,0.27653011244619985,0.21423137446981463,0.5187457935487161,0.27341397915308235,0.20784022729820156,0.036752512911334634,0.4879356568364612,0.5120643431635389,0.4870548299852793,0.5129451700147207
E0,0809,2008-12-20,Bolton,Portsmouth,2,1,H,,,0.4214636168889503,0.28836984313454495,0.2901665399765047,0.4262555166605818,0.2859256284747541,0.2878188548646641,0.03685675887390971,0.44297082228116713,0.557029177718833,0.4386940404900047,0.5613059595099953
E0,0809,2008-12-20,Fulham,Middlesbrough,3,0,H,fpl-team-10,,0.43527492563093756,0.28749640149697725,0.27722867287208525,0.44081503678593204,0.2850014537522686,0.2741835094617994,0.03684262337628752,0.4365079365079365,0.5634920634920635,0.431711480998045,0.568288519001955
E0,0809,2008-12-20,Hull,Sunderland,1,4,A,,fpl-team-20,0.44785121889922086,0.2875094244785122,0.26463935662226695,0.4540721566365004,0.28501024906870814,0.2609175942947914,0.03683706186711788,0.4786096256684492,0.5213903743315508,0.47708064747046347,0.5229193525295365
E0,0809,2008-12-20,West Ham,Aston Villa,0,1,A,,fpl-team-2,0.31462749873665197,0.2856740479326656,0.3996984533306823,0.31360230559866076,0.2830861505296807,0.40331154387165846,0.036917305551469326,0.4879356568364612,0.5120643431635389,0.4870548299852793,0.5129451700147207
E0,0809,2008-12-21,Arsenal,Liverpool,1,1,D,fpl-team-1,fpl-team-14,0.3931401163299039,0.29208215539243654,0.3147777282776596,0.3963735001450481,0.2898566886007658,0.3137698112541862,0.03665425581857562,0.44031830238726793,0.5596816976127321,0.4357620053754798,0.5642379946245202
E0,0809,2008-12-21,Newcastle,Tottenham,2,1,H,fpl-team-17,,0.38345205753846534,0.2849506115652816,0.33159733089625304,0.3861573381072054,0.2823464887875945,0.3314961731052,0.03662553336471319,0.5013404825737265,0.49865951742627346,0.5014375251564542,0.4985624748435459
E0,0809,2008-12-21,West Brom,Man City,2,1,H,,fpl-team-15,0.298804780876494,0.2868525896414343,0.4143426294820717,0.29694854481243627,0.28436184893342925,0.4186896062541345,0.03636691556312144,0.4932975871313674,0.5067024128686327,0.49281113411653343,0.5071888658834666
E0,0809,2008-12-22,Everton,Chelsea,0,0,D,fpl-team-9,fpl-team-6,0.1888315879393805,0.268826525769608,0.5423418862910115,0.1812069710471343,0.2653144266050495,0.5534786023478162,0.036321459570899606,0.45454545454545453,0.5454545454545455,0.450980392149827,0.5490196078501731
E0,0809,2008-12-26,Aston Villa,Arsenal,2,2,D,fpl-team-2,fpl-team-1,0.3778572630870224,0.2877798350446053,0.33436290186837236,0.3803440498531169,0.2852424148213229,0.33441353532556023,0.037927801022306085,0.4786096256684492,0.5213903743315508,0.47708064747046347,0.5229193525295365
E0,0809,2008-12-26,Chelsea,West Brom,2,0,H,fpl-team-6,,0.8068724868730976,0.13886826183572598,0.05425925129117642,0.8308610254895726,0.12817630376672545,0.040962670743701864,0.03735607792623341,0.6086956521739131,0.391304347826087,0.6167133520205819,0.3832866479794182
E0,0809,2008-12-26,Liverpool,Bolton,3,0,H,fpl-team-14,,0.6961640471434343,0.2077638804392432,0.09607207241732255,0.7154860241889739,0.20069731792717363,0.08381665788385238,0.037359705893322825,0.5187165775401069,0.48128342245989303,0.5200458190184767,0.47995418098152337
E0,0809,2008-12-26,Man City,Hull,5,1,H,fpl-team-15,,0.5242370933791602,0.2681790911217091,0.20758381549913058,0.5352033857901667,0.2643791926380472,0.20041742157178616,0.039139959728345275,0.5305039787798408,0.4694960212201591,0.5324858757093553,0.46751412429064465
E0,0809,2008-12-26,Middlesbrough,Everton,0,1,A,,fpl-team-9,0.3711807435196959,0.2875505142698878,0.3412687422104163,0.3732257350471131,0.28508230972993387,0.341691955222953,0.03669212129898369,0.4666666666666667,0.5333333333333333,0.4642857142816436,0.5357142857183564
E0,0809,2008-12-26,Portsmouth,West Ham,1,4,A,,,0.43082086635588196,0.28633017579344777,0.28284895785067027,0.43619333719192704,0.28373857032886013,0.28006809247921277,0.03736642771400511,0.47200000000000003,0.528,0.4700393768229449,0.5299606231770552
E0,0809,2008-12-26,Stoke,Man United,0,1,A,,,0.08984170400977712,0.1955712040970727,0.7145870918931503,0.07655192448663445,0.18730234630826906,0.7361457292050965,0.040012541343458,0.550531914893617,0.449468085106383,0.5543120944386524,0.44568790556134763
E0,0809,2008-12-26,Sunderland,Blackburn,0,0,D,fpl-team-20,,0.42219245002491607,0.28845446896112276,0.2893530810139611,0.42721908723116864,0.2859160517583344,0.2868648610104969,0.03837105794809759,0.4786096256684492,0.5213903743315508,0.47708064747046347,0.5229193525295365
E0,0809,2008-12-26,Tottenham,Fulham,0,0,D,,fpl-team-10,0.531614769999671,0.27044356031960015,0.19794166968072863,0.5425971525729004,0.26689275778103505,0.19051008964606464,0.03774676285684109,0.4786096256684492,0.5213903743315508,0.47708064747046347,0.5229193525295365
E0,0809,2008-12-26,Wigan,Newcastle,2,1,H,,fpl-team-17,0.41876257956832647,0.2851696093992898,0.29606781103238367,0.42353496768035837,0.28248260451499907,0.2939824278046425,0.03788575204089284,0.46916890080428963,0.5308310991957105,0.46681096681087847,0.5331890331891216
E0,0809,2008-12-28,Arsenal,Portsmouth,1,0,H,fpl-team-1,,0.6742573606729758,0.21842139852786538,0.10732124079915877,0.6930982442689049,0.2117378814921592,0.09516387423893598,0.03858302743174136,0.5425531914893618,0.4574468085106383,0.545599635204738,0.4544003647952621
E0,0809,2008-12-28,Blackburn,Man City,2,2,D,,fpl-team-15,0.37323461082047765,0.28622286105864847,0.34054252812087377,0.37534350918415904,0.28373873509356556,0.34091775572227534,0.03587420959956944,0.4959785522788205,0.5040214477211796,0.4956871765387142,0.5043128234612858
E0,0809,2008-12-28,Bolton,Wigan,0,1,A,,,0.4259409366417848,0.28879586725867146,0.2852631960995439,0.4308700958450753,0.28642414826454704,0.2827057558903777,0.036067615961655974,0.4547872340425533,0.5452127659574468,0.45150477820811263,0.5484952217918874
E0,0809,2008-12-28,Everton,Sunderland,3,0,H,fpl-team-9,fpl-team-20,0.5213341699016585,0.27446710709528493,0.2041987230030566,0.531293520549407,0.2712936612544299,0.19741281819616313,0.03604252194054425,0.46010638297872336,0.5398936170212765,0.45728807767873103,0.542711922321269
E0,0809,2008-12-28,Fulham,Chelsea,2,2,D,fpl-team-10,fpl-team-6,0.1527687261616043,0.2574279639739741,0.5898033098644215,0.1431548130717452,0.2531756244479227,0.6036695624803321,0.037100088433362544,0.4456233421750664,0.5543766578249337,0.44161540213184014,0.5583845978681599
E0,0809,2008-12-28,Newcastle,Liverpool,1,5,A,fpl-team-17,fpl-team-14,0.20811139651209948,0.271028795457618,0.5208598080302825,0.20143795037426285,0.26763299672800095,0.5309290528977362,0.03652967303059995,0.47733333333333333,0.5226666666666666,0.4757724318792627,0.5242275681207372
E0,0809,2008-12-28,West Brom,Tottenham,2,0,H,,,0.2823218997361478,0.2823218997361478,0.4353562005277045,0.2795570165752697,0.2795570165752697,0.44088596684946074,0.03674173587933183,0.5013404825737265,0.49865951742627346,0.5014375251564542,0.4985624748435459
E0,0809,2008-12-28,West Ham,Stoke,2,1,H,,,0.5408749405307373,0.26965359353996177,0.189471465929301,0.5523735135556681,0.2660450095764357,0.18158147686789633,0.03779741586185992,0.48395721925133695,0.5160427807486632,0.48282426358777536,0.5171757364122247
E0,0809,2008-12-29,Man United,Middlesbrough,1,0,H,,,0.778756607097911,0.15706015605336018,0.06418323684872891,0.8018664897944104,0.14722694792216054,0.0509065622834291,0.03760132659226656,0.5736842105263158,0.4263157894736842,0.5792841771458024,0.4207158228541977
E0,0809,2008-12-30,Hull,Aston Villa,0,1,A,,fpl-team-2,0.23729331959408537,0.271884182508675,0.49082249789723975,0.23217663563182486,0.2685751560251803,0.4992482083429948,0.03631551004946232,0.5306666666666666,0.4693333333333332,0.5328346276877369,0.467165372312263
E0,0809,2009-01-10,Arsenal,Bolton,1,0,H,fpl-team-1,,0.690733306022122,0.21192953707496925,0.09733715690290864,0.7098742303300483,0.20504999309714864,0.08507577657280306,0.03754684352315962,0.547872340425532,0.4521276595744681,0.5513992004560392,0.4486007995439608
E0,0809,2009-01-10,Aston Villa,West Brom,2,1,H,fpl-team-2,,0.6735149628435817,0.2192472595673486,0.1072377775890697,0.6906855071436104,0.213212237986284,0.09610225487010562,0.03509035147726536,0.5452127659574468,0.4547872340425533,0.5484952217918874,0.45150477820811263
E0,0809,2009-01-10,Everton,Hull,2,0,H,fpl-team-9,,0.57312249592666,0.2609468347375574,0.16593066933578254,0.5856259023224967,0.2570634485259596,0.15731064915154372,0.0356503059156239,0.5160427807486632,0.48395721925133695,0.5171757364122247,0.48282426358777536
E0,0809,2009-01-10,Middlesbrough,Sunderland,1,1,D,,fpl-team-20,0.42818236593693515,0.2880980116489255,0.2837196224141394,0.43318136702905935,0.2857124517933525,0.28110618117758823,0.0357090556062758,0.4640000000000001,0.536,0.4613998970603605,0.5386001029396396
E0,0809,2009-01-10,Newcastle,West Ham,2,2,D,fpl-team-17,,0.4315584243654496,0.2868203681936527,0.28162120744089764,0.4368403179498936,0.2843173566488681,0.2788423254012384,0.03644596692174673,0.48,0.5199999999999999,0.47863247862979214,0.5213675213702079
E0,0809,2009-01-10,Stoke,Liverpool,0,0,D,,fpl-team-14,0.10649013077735357,0.2144423686134351,0.6790675006092113,0.09548202880650489,0.20826363439946996,0.696254336794025,0.03455480933189392,0.517426273458445,0.482573726541555,0.5187104202620358,0.48128957973796427
E0,0809,2009-01-11,Man United,Chelsea,3,0,H,,fpl-team-6,0.42540598886638453,0.29482250494220946,0.279771506191406,0.43039673858250665,0.29272998143014056,0.27687327998735284,0.036743869073688984,0.43007915567282323,0.5699208443271768,0.4247330152375847,0.5752669847624153
E0,0809,2009-01-11,Wigan,Tottenham,1,0,H,,,0.3849922382279791,0.28579178420604584,0.32921597756597504,0.38778573555909873,0.2832282544947503,0.328986009946151,0.03668758657295257,0.45599999999999996,0.5439999999999999,0.4527003783983748,0.5472996216016252
E0,0809,2009-01-14,Man United,Wigan,1,0,H,,,0.7731831726424747,0.16130200670644732,0.06551482065107804,0.7956175592555971,0.15188146203999173,0.05250097870441115,0.03681844612583518,0.5582010582010583,0.4417989417989418,0.5624343729712483,0.43756562702875157
E0,0809,2009-01-17,Blackburn,Newcastle,3,0,H,,fpl-team-17,0.45624941717696066,0.28376488141493894,0.25998570140810046,0.4630085667892064,0.28102765208721886,0.2559637811235747,0.03730314620770514,0.48395721925133695,0.5160427807486632,0.48282426358777536,0.5171757364122247
E0,0809,2009-01-17,Bolton,Man United,0,1,A,,,0.11909327242718487,0.24220787613113182,0.6386988514416833,0.10788669702318888,0.23706915526326022,0.6550441477135509,0.037095426581799984,0.4693333333333332,0.5306666666666666,0.467165372312263,0.5328346276877369
E0,0809,2009-01-17,Chelsea,Stoke,2,1,H,fpl-team-6,,0.7792575374307786,0.15456347849866683,0.06617898407055445,0.8021775358446035,0.14474440593852844,0.053078058216868,0.03713232697919011,0.5911458333333334,0.4088541666666667,0.598207020404109,0.401792979595891
E0,0809,2009-01-17,Hull,Arsenal,1,3,A,,fpl-team-1,0.16669184440726376,0.25811839618742505,0.5751897594053113,0.15778309165391596,0.2539308505472011,0.588286057798883,0.03705497435294092,0.5106951871657753,0.48930481283422456,0.5114439390020781,0.48855606099792176
E0,0809,2009-01-17,Man City,Wigan,1,0,H,fpl-team-15,,0.47681646491984647,0.2798084644439818,0.24337507063617167,0.48425053137134916,0.2770164861801697,0.23873298244848112,0.03513537859544158,0.48395721925133695,0.5160427807486632,0.48282426358777536,0.5171757364122247
E0,0809,2009-01-17,Sunderland,Aston Villa,1,2,A,fpl-team-20,fpl-team-2,0.29287944323392634,0.28569221763309377,0.42142833913298,0.2906748999864368,0.2831010740756014,0.42622402593796177,0.03690195735543966,0.48395721925133695,0.5160427807486632,0.48282426358777536,0.5171757364122247
E0,0809,2009-01-17,West Brom,Middlesbrough,3,0,H,,,0.3996984533306823,0.2856740479326656,0.31462749873665197,0.40331154387165846,0.2830861505296807,0.31360230559866076,0.036917305551469326,0.46524064171123,0.5347593582887701,0.462643678157164,0.537356321842836
E0,0809,2009-01-18,Tottenham,Portsmouth,1,1,D,,,0.5497111284755336,0.2677675983978244,0.18252127312664201,0.5609355239928847,0.2642862116868508,0.1747782643202645,0.03536861529573798,0.48395721925133695,0.5160427807486632,0.48282426358777536,0.5171757364122247
E0,0809,2009-01-18,West Ham,Fulham,3,1,H,,fpl-team-10,0.4379388867031487,0.28526294454975737,0.27679816874709395,0.4435083067309667,0.2827004032616792,0.27379129000735397,0.03608257486484945,0.4521276595744681,0.547872340425532,0.4486007995439608,0.5513992004560392
E0,0809,2009-01-19,Liverpool,Everton,1,1,D,fpl-team-14,fpl-team-9,0.5789937291004532,0.2640736271534645,0.15693264374608243,0.5922128162561201,0.26020798146135166,0.14757920228252833,0.036884193075820804,0.4509283819628647,0.5490716180371352,0.44742824666177167,0.5525717533382284
E0,0809,2009-01-27,Portsmouth,Aston Villa,0,1,A,,fpl-team-2,0.29799151893658643,0.2861447613030218,0.4158637197603917,0.2961928547573884,0.283750412170589,0.4200567330720226,0.03440208826214075,0.48395721925133695,0.5160427807486632,0.48282426358777536,0.5171757364122247
E0,0809,2009-01-27,Sunderland,Fulham,1,0,H,fpl-team-20,fpl-team-10,0.4155749281644183,0.2903862075683047,0.2940388642672771,0.41979785566218575,0.28818194012805276,0.2920202042097615,0.03477362310513854,0.4353562005277045,0.5646437994722956,0.43061455678288213,0.5693854432171179
E0,0809,2009-01-27,Tottenham,Stoke,3,1,H,,,0.5887803122208742,0.25648238258388767,0.15473730519523804,0.6016789454281568,0.25247791385478907,0.1458431407170541,0.03456764458678663,0.48395721925133695,0.5160427807486632,0.48282426358777536,0.5171757364122247
E0,0809,2009-01-27,West Brom,Man United,0,5,A,,,0.10191878565988322,0.2065433797886129,0.6915378345515039,0.09005513489026272,0.19953870247218275,0.7104061626375545,0.036812130361795425,0.5187165775401069,0.48128342245989303,0.5200458190184767,0.47995418098152337
E0,0809,2009-01-28,Blackburn,Bolton,2,2,D,,,0.4810089369708373,0.28801152398871116,0.23097953904045154,0.4888318805101127,0.28557879050874246,0.2255893289811448,0.03596251644194126,0.46361185983827485,0.5363881401617251,0.46055860699374046,0.5394413930062596
E0,0809,2009-01-28,Chelsea,Middlesbrough,2,0,H,fpl-team-6,,0.7558762993303483,0.17072615868299304,0.07339754198665872,0.776821223296653,0.16216203410356836,0.061016742599778497,0.03533741342835128,0.557029177718833,0.44297082228116713,0.5613059595099953,0.4386940404900047
E0,0809,2009-01-28,Everton,Arsenal,1,1,D,fpl-team-9,fpl-team-1,0.32245786885314165,0.2876244570943146,0.3899176740525437,0.32186490209669233,0.2851668486594366,0.3929682492438711,0.03656104509718716,0.4625668449197861,0.5374331550802139,0.4597388778616078,0.5402611221383922
E0,0809,2009-01-28,Man City,Newcastle,2,1,H,fpl-team-15,fpl-team-17,0.5387586552903,0.26706374603215444,0.19417759867754564,0.5498394580821238,0.26342120791875784,0.18673933399911835,0.03675623913295567,0.5226666666666666,0.47733333333333333,0.5242275681207372,0.4757724318792627
E0,0809,2009-01-28,West Ham,Hull,2,0,H,,,0.5272733908185169,0.26895501491319157,0.20377159426829144,0.5375355365748568,0.2654952373723439,0.19696922605279943,0.03600337519310415,0.5120643431635389,0.4879356568364612,0.5129451700147207,0.4870548299852793
E0,0809,2009-01-28,Wigan,Liverpool,1,1,D,,fpl-team-14,0.20376809250424519,0.2777553165682866,0.5184765909274683,0.19696936828686304,0.2747581801108952,0.5282724516022418,0.03599816747009754,0.44031830238726793,0.5596816976127321,0.4357620053754798,0.5642379946245202
E0,0809,2009-01-31,Arsenal,West Ham,0,0,D,fpl-team-1,,0.646166458126591,0.22584458730638132,0.12798895456702766,0.663463300622105,0.21967658507248636,0.1168601143054086,0.038262116024270654,0.520107238605898,0.4798927613941019,0.521597650176372,0.47840234982362795
E0,0809,2009-01-31,Aston Villa,Wigan,0,0,D,fpl-team-2,,0.5711847380888646,0.2622622881929153,0.16655297371821992,0.5842171069968889,0.2582483701247759,0.1575345228783352,0.03750587091781199,0.4732620320855615,0.5267379679144386,0.4713212308926112,0.5286787691073889
E0,0809,2009-01-31,Bolton,Tottenham,3,2,H,,,0.3528432312427469,0.2875018921237197,0.35965487663353357,0.35389623524202957,0.2850256557225947,0.3610781090353757,0.036781360395252705,0.449468085106383,0.550531914893617,0.44568790556134763,0.5543120944386524
E0,0809,2009-01-31,Fulham,Portsmouth,3,1,H,fpl-team-10,,0.4691931863198204,0.28379770236366036,0.24700911131651926,0.47632952100707,0.2811775297708512,0.2424929492220788,0.03562246775254607,0.44680851063829785,0.5531914893617021,0.4427655677726523,0.5572344322273477
E0,0809,2009-01-31,Hull,West Brom,2,2,D,,,0.43936308974644483,0.2874844908217479,0.27315241943180735,0.445129279471177,0.284985412586535,0.2698853079422882,0.03687070054002106,0.48128342245989303,0.5187165775401069,0.47995418098152337,0.5200458190184767
E0,0809,2009-01-31,Man United,Everton,1,0,H,,fpl-team-9,0.681991253379415,0.21678144248951245,0.10122730413107243,0.7001268938327445,0.21038779623707723,0.08948530993017831,0.03632386424578726,0.4878706199460916,0.5121293800539084,0.4869148008119533,0.5130851991880467
E0,0809,2009-01-31,Middlesbrough,Blackburn,0,0,D,,,0.38965482707971694,0.28921584991320604,0.3211293230070771,0.39272097139802936,0.28682031394042473,0.32045871466154585,0.03692266531288624,0.4679144385026738,0.5320855614973262,0.46554199568856475,0.5344580043114353
E0,0809,2009-01-31,Stoke,Man City,1,0,H,,fpl-team-15,0.292229626955573,0.28595475766511586,0.42181561537931117,0.2900195045646115,0.2834115179880302,0.4265689774473582,0.036408073152415454,0.5053763440860215,0.4946236559139785,0.5057816836253239,0.49421831637467617
E0,0809,2009-02-01,Liverpool,Chelsea,2,0,H,fpl-team-14,fpl-team-6,0.3831217138029731,0.3012898914372896,0.3155883947597372,0.3858443441171314,0.29954016360911234,0.3146154922737562,0.03708256292156875,0.40155440414507776,0.5984455958549223,0.3938695712762322,0.6061304287237678
E0,0809,2009-02-01,Newcastle,Sunderland,1,1,D,fpl-team-17,fpl-team-20,0.3761294028367665,0.29425896499532517,0.3296116321679084,0.37840330575367453,0.2921875498226517,0.32940914442367386,0.03603531757835299,0.47593582887700536,0.5240641711229947,0.4742031644086983,0.5257968355913017
E0,0809,2009-02-07,Blackburn,Aston Villa,0,2,A,,fpl-team-2,0.32908614175734885,0.2892278823519556,0.3816859758906956,0.32884881426762474,0.28683575511976356,0.3843154306126118,0.036896442295983434,0.47200000000000003,0.528,0.4700393768229449,0.5299606231770552
E0,0809,2009-02-07,Chelsea,Hull,0,0,D,fpl-team-6,,0.7784128047364127,0.15752029775441742,0.06406689750916977,0.8016575325867776,0.14763748912719138,0.05070497828603107,0.03787694498896599,0.5811518324607331,0.418848167539267,0.5872747747896803,0.41272522521031973
E0,0809,2009-02-07,Everton,Bolton,3,0,H,fpl-team-9,,0.5476762770873859,0.27223674592063035,0.18008697699198373,0.5594145965481118,0.2687949998359571,0.17179040361593106,0.03739939397200942,0.4417989417989418,0.5582010582010583,0.43756562702875157,0.5624343729712483
E0,0809,2009-02-07,Man City,Middlesbrough,1,0,H,fpl-team-15,,0.5815586604964804,0.25633439581112083,0.1621069436923987,0.5952741805065471,0.2519501157839689,0.1527757037094839,0.03786612022668123,0.5039999999999999,0.496,0.5042669397508994,0.4957330602491005
E0,0809,2009-02-07,Portsmouth,Liverpool,2,3,A,,fpl-team-14,0.1862346394037067,0.27336195608380337,0.5404034045124899,0.17872865981160566,0.27019572222476507,0.5510756179636292,0.035116732120513916,0.44063324538258575,0.5593667546174144,0.4364478590106439,0.5635521409893561
E0,0809,2009-02-07,Sunderland,Stoke,2,0,H,fpl-team-20,,0.5226523998285838,0.2777078422969788,0.19963975787443755,0.5331360409976799,0.27455975717592246,0.1923042018263977,0.03772932896390557,0.4497354497354497,0.5502645502645503,0.4462669683264439,0.5537330316735561
E0,0809,2009-02-07,West Brom,Newcastle,2,3,A,,fpl-team-17,0.42145656168192386,0.2874750004064974,0.29106843791157866,0.42624921914116365,0.28498211802647977,0.2887686628323567,0.036865797359496355,0.5039999999999999,0.496,0.5042669397508994,0.4957330602491005
E0,0809,2009-02-07,Wigan,Fulham,0,0,D,,fpl-team-10,0.4671472708547888,0.2869207003089598,0.24593202883625132,0.47463289338889497,0.28430172324622055,0.2410653833648845,0.03798171877861023,0.41666666666666663,0.5833333333333334,0.410714285699178,0.5892857143008219
E0,0809,2009-02-08,Tottenham,Arsenal,0,0,D,,fpl-team-1,0.31829649433294427,0.2895407362779431,0.39216276938911276,0.3174481906264318,0.2870947050081541,0.39545710436541404,0.03799377498216927,0.48533333333333345,0.5146666666666666,0.4843420827867654,0.5156579172132345
E0,0809,2009-02-08,West Ham,Man United,0,1,A,,,0.15251651854171183,0.2558748203633678,0.5916086610949204,0.14243665344725992,0.25132323580149923,0.6062401107512407,0.0389326506992802,0.4746666666666666,0.5253333333333333,0.4729082301967493,0.5270917698032508
E0,0809,2009-02-14,Portsmouth,Man City,2,0,H,,fpl-team-15,0.33067848949693074,0.2887038205514999,0.3806176899515692,0.33053056792046687,0.2863280079288595,0.38314142415067365,0.03620487777516246,0.47200000000000003,0.528,0.4700393768229449,0.5299606231770552
E0,0809,2009-02-18,Man United,Fulham,3,0,H,,fpl-team-10,0.7512559284286873,0.17811804039227003,0.07062603117904262,0.773958460083821,0.16901448827074328,0.05702705164543586,0.039096792694181204,0.4946524064171124,0.5053475935828876,0.4942799942793817,0.5057200057206184
E0,0809,2009-02-21,Arsenal,Sunderland,0,0,D,fpl-team-1,fpl-team-20,0.6656500578675343,0.2250990533851565,0.10925088874730926,0.683609651379063,0.21893893687205404,0.09745141174888289,0.03764513344503939,0.5053475935828876,0.4946524064171124,0.5057200057206184,0.4942799942793817
E0,0809,2009-02-21,Aston Villa,Chelsea,0,1,A,fpl-team-2,fpl-team-6,0.29136225853900355,0.2886561075309014,0.4199816339300952,0.2891119428847088,0.2862624211911878,0.4246256359241035,0.03632135107181966,0.4263157894736842,0.5736842105263158,0.4207158228541977,0.5792841771458024
E0,0809,2009-02-21,Bolton,West Ham,2,1,H,,,0.39473093518002783,0.2884102188931473,0.316858845926825,0.39805931353525653,0.2859810112693069,0.3159596751954366,0.03675858164206147,0.4456233421750664,0.5543766578249337,0.44161540213184014,0.5583845978681599
E0,0809,2009-02-21,Man United,Blackburn,2,1,H,,,0.7522607218335323,0.1773390294816692,0.0704002486847985,0.7745805788065682,0.16838059442417405,0.05703882676925773,0.03829661197960377,0.5106951871657753,0.48930481283422456,0.5114439390020781,0.48855606099792176
E0,0809,2009-02-21,Middlesbrough,Wigan,0,0,D,,,0.38965482707971694,0.28921584991320604,0.3211293230070771,0.39272097139802936,0.28682031394042473,0.32045871466154585,0.03692266531288624,0.4114583333333333,0.5885416666666665,0.4047832418679943,0.5952167581320057
E0,0809,2009-02-21,Stoke,Portsmouth,2,2,D,,,0.3758389261744966,0.2912751677852349,0.3328859060402684,0.3781224855539585,0.2890211354246738,0.3328563790213677,0.03645116102416068,0.4365079365079365,0.5634920634920635,0.431711480998045,0.568288519001955
E0,0809,2009-02-22,Fulham,West Brom,2,0,H,fpl-team-10,,0.5268925781830062,0.2751032045380298,0.1980042172789641,0.537241285247343,0.27192550825347966,0.19083320649917723,0.03640686918515712,0.44827586206896547,0.5517241379310345,0.444526627215846,0.555473372784154
E0,0809,2009-02-22,Liverpool,Man City,1,1,D,fpl-team-14,fpl-team-15,0.594598366948147,0.2593109544746086,0.14609067857724428,0.6083627343481859,0.2552514606503586,0.13638580500145545,0.036178744630888104,0.4666666666666667,0.5333333333333333,0.4642857142816436,0.5357142857183564
E0,0809,2009-02-22,Newcastle,Everton,0,0,D,fpl-team-17,fpl-team-9,0.3327693506101902,0.28846878690666644,0.3787618624831433,0.33273256387739847,0.2860524911268826,0.38121494499571895,0.03664164850488305,0.4547872340425533,0.5452127659574468,0.45150477820811263,0.5484952217918874
E0,0809,2009-02-23,Hull,Tottenham,1,2,A,,,0.3103875968992248,0.28651162790697676,0.40310077519379844,0.3091295804090497,0.2839627814526888,0.4069076381382615,0.03699719510041177,0.4879356568364612,0.5120643431635389,0.4870548299852793,0.5129451700147207
E0,0809,2009-02-28,Arsenal,Fulham,0,0,D,fpl-team-1,fpl-team-10,0.6607432824002617,0.23003655016897998,0.10922016743075838,0.6785049644878718,0.22411601915449297,0.09737901635763525,0.03778959473129362,0.47733333333333333,0.5226666666666666,0.4757724318792627,0.5242275681207372
E0,0809,2009-02-28,Chelsea,Wigan,2,1,H,fpl-team-6,,0.719710261697402,0.19949324951100697,0.0807964887915909,0.7393787181199009,0.19220359124858294,0.06841769063151618,0.036027336260303855,0.4840425531914894,0.5159574468085106,0.4830066840394914,0.5169933159605087
E0,0809,2009-02-28,Everton,West Brom,2,0,H,fpl-team-9,,0.6311770943796394,0.24326617179215274,0.12555673382820784,0.6467140991918582,0.23834805918328167,0.11493784162486018,0.036029695300385356,0.4880000000000001,0.512,0.48719262295071786,0.5128073770492821
E0,0809,2009-02-28,Middlesbrough,Liverpool,2,0,H,,fpl-team-14,0.18745010074896395,0.2729536554765616,0.5395962437744743,0.17983761638851486,0.26969419316331006,0.5504681904481751,0.035926482640206814,0.42036553524804177,0.5796344647519582,0.41466621900794404,0.585333780992056
E0,0809,2009-03-01,Aston Villa,Stoke,2,2,D,fpl-team-2,,0.6685625646328853,0.22285418821096176,0.10858324715615307,0.6855367453193231,0.21698673593173645,0.09747651874894053,0.03518042713403702,0.5,0.5,0.5,0.5
E0,0809,2009-03-01,Bolton,Newcastle,1,0,H,,fpl-team-17,0.46145524850009967,0.28593239324239306,0.25261235825750716,0.46835117212972094,0.28336499237454466,0.2482838354957345,0.03650775947608054,0.4746666666666666,0.5253333333333333,0.4729082301967493,0.5270917698032508
E0,0809,2009-03-01,Hull,Blackburn,1,2,A,,,0.3456384281233752,0.28982104221525246,0.3645405296613723,0.3462832032076994,0.28753152618945693,0.36618527060284356,0.03579155704937875,0.4826666666666667,0.5173333333333333,0.4814888648397009,0.5185111351602991
E0,0809,2009-03-01,West Ham,Man City,1,0,H,,fpl-team-15,0.37607059434207113,0.2896444329094212,0.33428497274850766,0.3783459237344864,0.28732416083251144,0.3343299154330022,0.036121260025538504,0.4787234042553191,0.5212765957446808,0.4773242630376109,0.5226757369623892
E0,0809,2009-03-03,Liverpool,Sunderland,2,0,H,fpl-team-14,fpl-team-20,0.6598300399071294,0.2313478164612651,0.10882214363160553,0.6760910929363055,0.22600070882983905,0.09790819823385544,0.03456691955216229,0.4562334217506631,0.5437665782493368,0.45320476460766396,0.546795235392336
E0,0809,2009-03-03,Portsmouth,Chelsea,0,1,A,,fpl-team-6,0.14451882591706297,0.2551722048889832,0.6003089691939538,0.1351846286054313,0.2510998844522087,0.61371548694236,0.03444883180782199,0.4574468085106383,0.5425531914893618,0.4544003647952621,0.545599635204738
E0,0809,2009-03-03,West Brom,Arsenal,1,3,A,,fpl-team-1,0.14820197177374758,0.2552142947166444,0.5965837335096081,0.13906534283495378,0.25116405655293,0.6097706006121162,0.034332589013502,0.4880000000000001,0.512,0.48719262295071786,0.5128073770492821
E0,0809,2009-03-04,Blackburn,Everton,0,0,D,,fpl-team-9,0.3669658167799432,0.2915149011803287,0.34151928203972814,0.36866836077560705,0.28940186532928275,0.34192977389511015,0.03433613106608391,0.43007915567282323,0.5699208443271768,0.4247330152375847,0.5752669847624153
E0,0809,2009-03-04,Fulham,Hull,0,1,A,fpl-team-10,,0.5513520875262927,0.2701148555604316,0.1785330569132757,0.5621524874334872,0.26690337759498556,0.1709441349715273,0.03375898767262697,0.4456233421750664,0.5543766578249337,0.44161540213184014,0.5583845978681599
E0,0809,2009-03-04,Man City,Aston Villa,2,0,H,fpl-team-15,fpl-team-2,0.37669898092176307,0.28950014274542907,0.3338008763328079,0.37881621652727415,0.2873649363884679,0.33381884708425796,0.033074909122660756,0.4693333333333332,0.5306666666666666,0.467165372312263,0.5328346276877369
E0,0809,2009-03-04,Newcastle,Man United,1,2,A,fpl-team-17,,0.12441070438158625,0.24176719356627843,0.6338221020521352,0.11438959882232769,0.23709369112397552,0.6485167100536968,0.03371132677420974,0.47184986595174266,0.5281501340482575,0.4697161975078396,0.5302838024921604
E0,0809,2009-03-04,Stoke,Bolton,2,0,H,,,0.37612654724954186,0.29176171422160724,0.33211173852885084,0.37826649298579,0.28968752254848834,0.33204598446572164,0.03388581611216068,0.44031830238726793,0.5596816976127321,0.4357620053754798,0.5642379946245202
E0,0809,2009-03-04,Tottenham,Middlesbrough,4,0,H,,,0.5254445327992451,0.27427896433508975,0.20027650286566515,0.5352834071493934,0.2711986334299314,0.1935179594206751,0.034834390971809626,0.45599999999999996,0.5439999999999999,0.4527003783983748,0.5472996216016252
E0,0809,2009-03-04,Wigan,West Ham,0,1,A,,,0.4277787307374712,0.2900419257941368,0.28217934346839213,0.4324888397533714,0.2878806311826157,0.2796305290640128,0.03376011038199067,0.41775456919060056,0.5822454308093995,0.4117152466529241,0.5882847533470759
E0,0809,2009-03-07,Sunderland,Tottenham,1,1,D,fpl-team-20,,0.333577871517415,0.2882771729162846,0.37814495556630046,0.3335847288605365,0.28593521569021263,0.3804800554492509,0.03533950634300709,0.44708994708994704,0.5529100529100528,0.4433764615919363,0.5566235384080637
E0,0809,2009-03-11,Fulham,Blackburn,1,2,A,fpl-team-10,,0.42407446309972047,0.2897403164035357,0.2861852204967439,0.4288924189505347,0.2874245877943962,0.2836829932550692,0.03597729653120041,0.42408376963350786,0.5759162303664922,0.4186307519642238,0.5813692480357762
E0,0809,2009-03-14,Arsenal,Blackburn,4,0,H,fpl-team-1,,0.6478209658421672,0.23557126030624265,0.1166077738515901,0.6645629710154277,0.230099830658982,0.10533719832559021,0.03692698827944696,0.4813829787234043,0.5186170212765957,0.48016716248820196,0.519832837511798
E0,0809,2009-03-14,Bolton,Fulham,1,3,A,,fpl-team-10,0.4462022210794494,0.28961572734659913,0.26418205157395164,0.4522355115669056,0.2872683913141884,0.26049609711890603,0.03623841516673565,0.41994750656167984,0.5800524934383202,0.4137443438796563,0.5862556561203437
E0,0809,2009-03-14,Everton,Stoke,3,1,H,fpl-team-9,,0.6310072329066418,0.24447400646644762,0.12451876062691065,0.6465963342936628,0.2395940160409395,0.11380964966539768,0.03618851024657488,0.4588859416445623,0.5411140583554377,0.4560806981703291,0.543919301829671
E0,0809,2009-03-14,Hull,Newcastle,1,1,D,,fpl-team-17,0.366626229950128,0.29100957002291417,0.3423642000269578,0.36843681204628204,0.28871233535359286,0.342850852600125,0.03693888569250703,0.4680851063829787,0.5319148936170213,0.46590909090869675,0.5340909090913033
E0,0809,2009-03-14,Man United,Liverpool,1,4,A,,fpl-team-14,0.49395876487134976,0.2863748667505678,0.21966636837808257,0.5024112257021699,0.28386268054746827,0.21372609375036178,0.035748047986999154,0.40519480519480516,0.5948051948051947,0.3978277908303758,0.6021722091696242
E0,0809,2009-03-14,Middlesbrough,Portsmouth,1,1,D,,,0.43113555764637757,0.2892089455019179,0.2796554968517044,0.43646950265584755,0.2867990003704004,0.27673149697375204,0.03697359375655651,0.418848167539267,0.5811518324607331,0.41272522521031973,0.5872747747896803
E0,0809,2009-03-14,Sunderland,Wigan,1,2,A,fpl-team-20,,0.4273759471913105,0.2911498640240803,0.28147418878460934,0.4324706896475981,0.2888612483126325,0.2786680620397694,0.036722305696457624,0.4162303664921466,0.5837696335078534,0.40974983784512087,0.5902501621548791
E0,0809,2009-03-15,Aston Villa,Tottenham,1,2,A,fpl-team-2,,0.4631772831926325,0.2838372985418266,0.25298541826554105,0.47029211018206124,0.28110939508125904,0.24859849473667975,0.0371784099843353,0.46276595744680854,0.5372340425531915,0.4601684306396359,0.5398315693603641
E0,0809,2009-03-15,Chelsea,Man City,1,0,H,fpl-team-6,fpl-team-15,0.6573367094929129,0.23047361172344105,0.11218967878364616,0.6744350412029119,0.22476307953270439,0.10080187926438372,0.036664673243649304,0.4813829787234043,0.5186170212765957,0.48016716248820196,0.519832837511798
E0,0809,2009-03-16,West Ham,West Brom,0,0,D,,,0.5568837705500999,0.26495609595973413,0.17816013349016604,0.5693283908127287,0.2610497632187825,0.16962184596848887,0.03804552834481001,0.4760638297872341,0.5239361702127661,0.4744774976599343,0.5255225023400657
E0,0809,2009-03-21,Blackburn,West Ham,1,1,D,,,0.47639599952375283,0.28295035123228957,0.24065364924395763,0.4839062892549638,0.2802831225864573,0.23581058815857883,0.03561244218144566,0.4509283819628647,0.5490716180371352,0.44742824666177167,0.5525717533382284
E0,0809,2009-03-21,Fulham,Man United,2,0,H,fpl-team-10,,0.11883862255232952,0.23497636731937882,0.6461850101282917,0.10726941655275787,0.2292690745022758,0.6634615089449662,0.03833036380819976,0.4746666666666666,0.5253333333333333,0.4729082301967493,0.5270917698032508
E0,0809,2009-03-21,Newcastle,Arsenal,1,3,A,fpl-team-17,fpl-team-1,0.1842867082473971,0.26718932485152697,0.548523966901076,0.17638509354953627,0.26356365436027684,0.5600512520901868,0.03654211387038231,0.4946524064171124,0.5053475935828876,0.4942799942793817,0.5057200057206184
E0,0809,2009-03-21,Portsmouth,Everton,2,1,H,,fpl-team-9,0.3423642000269578,0.29100957002291417,0.366626229950128,0.342850852600125,0.28871233535359286,0.36843681204628204,0.03693888569250703,0.4225721784776903,0.5774278215223098,0.41671372106238724,0.5832862789376128
E0,0809,2009-03-21,Stoke,Middlesbrough,1,0,H,,,0.40920775882215465,0.288852535639168,0.3019397055386772,0.4132327296923007,0.286496340053306,0.3002709302543933,0.03594566974788904,0.4263157894736842,0.5736842105263158,0.4207158228541977,0.5792841771458024
E0,0809,2009-03-21,Tottenham,Chelsea,1,0,H,,fpl-team-6,0.22575175909297837,0.27831485524000016,0.4959333856670216,0.22001246886214337,0.27532788264448543,0.5046596484933713,0.03645513916853815,0.44827586206896547,0.5517241379310345,0.444526627215846,0.555473372784154
E0,0809,2009-03-21,West Brom,Bolton,1,1,D,,,0.3903517153706181,0.28794462954807937,0.3217036550813025,0.3933764099468717,0.2855431653689917,0.3210804246841366,0.0359637385699898,0.47074468085106375,0.5292553191489361,0.4687704057047033,0.5312295942952968
E0,0809,2009-03-22,Liverpool,Aston Villa,5,0,H,fpl-team-14,fpl-team-2,0.6342633730229251,0.2409217463420413,0.12481488063503346,0.6504102889319322,0.23572819080048382,0.11386152026758396,0.03711082390509546,0.46010638297872336,0.5398936170212765,0.45728807767873103,0.542711922321269
E0,0809,2009-03-22,Man City,Sunderland,1,0,H,fpl-team-15,fpl-team-20,0.5748597247150614,0.2623303532502534,0.16280992203468525,0.5880433179201118,0.25832711951988174,0.15362956256000646,0.03738616709597409,0.47733333333333333,0.5226666666666666,0.4757724318792627,0.5242275681207372
E0,0809,2009-03-22,Wigan,Hull,1,0,H,,,0.535669909288147,0.27333303289189903,0.19099705781995407,0.5465788240124868,0.2700230139496576,0.18339816203785567,0.036750368075445294,0.4379947229551451,0.5620052770448549,0.43353696477210124,0.5664630352278986
E0,0809,2009-04-04,Arsenal,Man City,2,0,H,fpl-team-1,fpl-team-15,0.6123574843692535,0.2515630746598014,0.1360794409709452,0.6276989778543862,0.24686149645276503,0.12543952569284875,0.037916241912171245,0.4866310160427808,0.5133689839572192,0.48569139193932814,0.5143086080606718
E0,0809,2009-04-04,Blackburn,Tottenham,2,1,H,,,0.3654476670870113,0.2894073139974779,0.34514501891551064,0.36717592056488585,0.28704756127246756,0.34577651816264654,0.03655851143412292,0.4574468085106383,0.5425531914893618,0.4544003647952621,0.545599635204738
E0,0809,2009-04-04,Bolton,Middlesbrough,4,1,H,,,0.45394564227617185,0.2877316994119735,0.2583226583118547,0.460135014128815,0.28537957710545286,0.25448540876573206,0.03477196488529444,0.4251968503937008,0.5748031496062992,0.41966852696700674,0.5803314730329933
E0,0809,2009-04-04,Fulham,Liverpool,0,1,A,fpl-team-10,fpl-team-14,0.1628113202766728,0.2613190098558362,0.5758696698674909,0.15385802637422916,0.25736630427854357,0.5887756693472272,0.0364214307628572,0.4509283819628647,0.5490716180371352,0.44742824666177167,0.5525717533382284
E0,0809,2009-04-04,Hull,Portsmouth,0,0,D,,,0.3642116941075616,0.2904616625904541,0.3453266433019843,0.36586075287967434,0.2881758753152276,0.345963371805098,0.03627526224590838,0.4666666666666667,0.5333333333333333,0.4642857142816436,0.5357142857183564
E0,0809,2009-04-04,Newcastle,Chelsea,0,2,A,fpl-team-17,fpl-team-6,0.17869360910754167,0.2627551097299627,0.5585512811624955,0.1705361286786829,0.2589015785831067,0.5705622927382104,0.0364071506774053,0.4786096256684492,0.5213903743315508,0.47708064747046347,0.5229193525295365
E0,0809,2009-04-04,West Brom,Stoke,0,2,A,,,0.43371076623008087,0.28958948676853224,0.2766997470013869,0.43908230505008117,0.287243948644483,0.2736737463054358,0.03626904124394059,0.47733333333333333,0.5226666666666666,0.4757724318792627,0.5242275681207372
E0,0809,2009-04-04,West Ham,Sunderland,2,0,H,,fpl-team-20,0.4507101525512889,0.28795370857443453,0.26133613887427676,0.4569449483265932,0.28553193535602783,0.257523116317379,0.03600976034067571,0.42894736842105263,0.5710526315789474,0.4236662802851672,0.5763337197148328
E0,0809,2009-04-05,Everton,Wigan,4,0,H,fpl-team-9,,0.5385855226338766,0.2716480915908473,0.18976638577527624,0.5497062111176679,0.26822876148380664,0.18206502739852531,0.036941861268132925,0.4225721784776903,0.5774278215223098,0.41671372106238724,0.5832862789376128
E0,0809,2009-04-05,Man United,Aston Villa,3,2,H,,fpl-team-2,0.6677974947807934,0.22259916492693113,0.1096033402922756,0.6850331978531701,0.2166150957787115,0.09835170636811853,0.035815865034237504,0.5013404825737265,0.49865951742627346,0.5014375251564542,0.4985624748435459
E0,0809,2009-04-11,Chelsea,Bolton,4,3,H,fpl-team-6,,0.7392134530751754,0.18229147289426656,0.07849507403055793,0.7588172392917673,0.1745631666440341,0.06661959406419851,0.03417359781451523,0.5053191489361702,0.49468085106382986,0.505659309563501,0.4943406904364988
E0,0809,2009-04-11,Liverpool,Blackburn,4,0,H,fpl-team-14,,0.705952279102858,0.2006231904288037,0.09342453046833842,0.7239157063743293,0.19390515646978432,0.08217913715588632,0.033709487644955516,0.49066666666666664,0.5093333333333333,0.49004097427721877,0.5099590257227813
E0,0809,2009-04-11,Middlesbrough,Hull,3,1,H,,,0.4526300370818654,0.285653712426665,0.2617162504914696,0.45857150262303475,0.2832699794740498,0.25815851790291544,0.033727672416716814,0.4267015706806283,0.5732984293193717,0.4215620360289926,0.5784379639710074
E0,0809,2009-04-11,Portsmouth,West Brom,2,2,D,,,0.5536652655689555,0.26810724894313315,0.17822748548791137,0.5648757581111532,0.2647045070331158,0.17041973485573092,0.0346959667513147,0.4760638297872341,0.5239361702127661,0.4744774976599343,0.5255225023400657
E0,0809,2009-04-11,Stoke,Newcastle,1,1,D,,fpl-team-17,0.38372029865338575,0.29138760178991485,0.32489209955669945,0.3864136179584557,0.28915101994096043,0.3244353621005839,0.036247032694518566,0.4547872340425533,0.5452127659574468,0.45150477820811263,0.5484952217918874
E0,0809,2009-04-11,Sunderland,Man United,1,2,A,fpl-team-20,,0.12565154922136243,0.23583343534763251,0.6385150154310051,0.11577375165117801,0.23092454696829395,0.6533017013805281,0.0333814132027328,0.4654255319148936,0.5345744680851062,0.46304193319612175,0.5369580668038783
E0,0809,2009-04-11,Tottenham,West Ham,1,0,H,,,0.5440940673436665,0.27204703367183325,0.18385889898450028,0.5547906574236658,0.2688605123417675,0.1763488302345666,0.03457957995124161,0.4576719576719577,0.5423280423280423,0.45488509799119997,0.5451149020088001
E0,0809,2009-04-11,Wigan,Arsenal,1,4,A,,fpl-team-1,0.18772713506965472,0.2739059660811629,0.5383668988491822,0.1805176692775738,0.27086654199444327,0.5486157887279829,0.03402963583357632,0.44327176781002636,0.5567282321899736,0.43934777702599115,0.5606522229740089
E0,0809,2009-04-12,Aston Villa,Everton,3,3,D,fpl-team-2,fpl-team-9,0.431883872310784,0.28881398272176273,0.2793021449674532,0.43712522339851667,0.28644292282150086,0.27643185377998253,0.036041019950062037,0.4456233421750664,0.5543766578249337,0.44161540213184014,0.5583845978681599
E0,0809,2009-04-12,Man City,Fulham,1,3,A,fpl-team-15,fpl-team-10,0.49759628980261295,0.28177139302075677,0.22063231717663026,0.50598095901307,0.2791029427151383,0.21491609827179153,0.034653545124456286,0.4365079365079365,0.5634920634920635,0.431711480998045,0.568288519001955
E0,0809,2009-04-18,Aston Villa,West Ham,1,1,D,fpl-team-2,,0.5634303989128812,0.26495593829897524,0.17161366278814358,0.5752149740411004,0.2613583504896075,0.16342667546929202,0.034965793252922595,0.4654255319148936,0.5345744680851062,0.46304193319612175,0.5369580668038783
E0,0809,2009-04-18,Middlesbrough,Fulham,0,0,D,,fpl-team-10,0.4270621747334768,0.28866239588466486,0.2842754293818584,0.43185893248042767,0.2863749316791676,0.2817661358404048,0.03465737169608474,0.4391534391534391,0.5608465608465608,0.4346442373240173,0.5653557626759828
E0,0809,2009-04-18,Portsmouth,Bolton,1,0,H,,,0.4573317655222931,0.28706363128168555,0.25560460319602135,0.4639203311100857,0.2845908604701408,0.25148880841977356,0.03602825559210032,0.4693333333333332,0.5306666666666666,0.467165372312263,0.5328346276877369
E0,0809,2009-04-18,Stoke,Blackburn,1,0,H,,,0.3971342152193612,0.290736886531308,0.3121288982493307,0.4005028047975765,0.288492418747638,0.31100477645478547,0.035779989091679454,0.44063324538258575,0.5593667546174144,0.4364478590106439,0.5635521409893561
E0,0809,2009-04-18,Sunderland,Hull,1,0,H,fpl-team-20,,0.49951032558928865,0.27966596073412275,0.2208237136765886,0.508187334574048,0.2768262929366828,0.2149863724892692,0.03546332544647157,0.44827586206896547,0.5517241379310345,0.444526627215846,0.555473372784154
E0,0809,2009-04-19,Man City,West Brom,4,2,H,fpl-team-15,,0.5777260805366474,0.25909164057493106,0.1631822788884215,0.5913015545770414,0.25483781368938413,0.15386063173357456,0.03806336666457355,0.4959785522788205,0.5040214477211796,0.4956871765387142,0.5043128234612858
E0,0809,2009-04-19,Tottenham,Newcastle,1,0,H,,fpl-team-17,0.561811498239217,0.26419464223147315,0.17399385952930974,0.5740281568674018,0.2603983531110428,0.1655734900215554,0.03653011145070195,0.4866310160427808,0.5133689839572192,0.48569139193932814,0.5143086080606718
E0,0809,2009-04-21,Liverpool,Arsenal,4,4,D,fpl-team-14,fpl-team-1,0.53758247087199,0.27034494199920883,0.19207258712880132,0.5480265541317302,0.2670591948930508,0.18491425097521888,0.034810524666681886,0.4576719576719577,0.5423280423280423,0.45488509799119997,0.5451149020088001
E0,0809,2009-04-22,Chelsea,Everton,0,0,D,fpl-team-6,fpl-team-9,0.6449905793445695,0.2373696294542197,0.11763979120121078,0.66096221907879,0.23220898899178932,0.10682879192942053,0.03547678585164249,0.48533333333333345,0.5146666666666666,0.4843420827867654,0.5156579172132345
E0,0809,2009-04-22,Man United,Portsmouth,2,0,H,,,0.7538756696909252,0.17343336371368226,0.07269096659539248,0.7755873059282374,0.1646138829224389,0.059798811149323575,0.03693490428850055,0.5320855614973262,0.4679144385026738,0.5344580043114353,0.46554199568856475
E0,0809,2009-04-25,Bolton,Aston Villa,1,1,D,,fpl-team-2,0.3235046754139927,0.28855818269951816,0.38793714188648915,0.32299381230152263,0.2862631655675534,0.39074302213092393,0.03482129564508796,0.48533333333333345,0.5146666666666666,0.4843420827867654,0.5156579172132345
E0,0809,2009-04-25,Everton,Man City,1,2,A,fpl-team-9,fpl-team-15,0.5126051577193682,0.2743945256027207,0.21300031667791106,0.5221394142736137,0.2712148661400223,0.20664571958636394,0.036157360998913646,0.4666666666666667,0.5333333333333333,0.4642857142816436,0.5357142857183564
E0,0809,2009-04-25,Fulham,Stoke,1,0,H,fpl-team-10,,0.5356622998544396,0.2701601164483261,0.1941775836972344,0.5465747677194176,0.2666837299566824,0.18674150232390008,0.036750557366758585,0.44827586206896547,0.5517241379310345,0.444526627215846,0.555473372784154
E0,0809,2009-04-25,Hull,Liverpool,1,3,A,,fpl-team-14,0.1064426970625415,0.21633492597433202,0.6772223769631265,0.09497729639741904,0.20997578557904875,0.6950469180235322,0.036095271818339825,0.5106951871657753,0.48930481283422456,0.5114439390020781,0.48855606099792176
E0,0809,2009-04-25,Man United,Tottenham,5,2,H,,,0.6562259223513573,0.2240001946487806,0.11977388299986212,0.673704820488529,0.21782971784310723,0.10846546166836368,0.03754206607118249,0.5080213903743315,0.4919786096256684,0.5085812356982813,0.4914187643017187
E0,0809,2009-04-25,West Brom,Sunderland,3,0,H,,fpl-team-20,0.3823686405337781,0.2879566305254378,0.329674728940784,0.3849669829354553,0.28555852986067287,0.32947448720387185,0.035937722539529204,0.48,0.5199999999999999,0.47863247862979214,0.5213675213702079
E0,0809,2009-04-25,West Ham,Chelsea,0,1,A,,fpl-team-6,0.1981040205099668,0.2776993858934356,0.5241965935965975,0.190992164227939,0.2746830072856434,0.5343248284864177,0.03612804738804698,0.4586666666666667,0.5413333333333333,0.4556077443035696,0.5443922556964305
E0,0809,2009-04-26,Arsenal,Middlesbrough,2,0,H,fpl-team-1,,0.640277199916788,0.23253848554191808,0.12718431454129395,0.6561278789915883,0.2271305713535821,0.11674154965482957,0.03564439376350492,0.5173333333333333,0.4826666666666667,0.5185111351602991,0.4814888648397009
E0,0809,2009-04-26,Blackburn,Wigan,2,0,H,,,0.4849800568123279,0.2804703943011053,0.23454954888656662,0.4932695275609626,0.27755239543134796,0.22917807700768936,0.037122537614777684,0.4456233421750664,0.5543766578249337,0.44161540213184014,0.5583845978681599
E0,0809,2009-04-27,Newcastle,Portsmouth,0,0,D,fpl-team-17,,0.47592797866922315,0.2759819047904371,0.24809011654033972,0.48352443077816015,0.2729115096100188,0.2435640596118211,0.03613732545636594,0.47200000000000003,0.528,0.4700393768229449,0.5299606231770552
E0,0809,2009-05-02,Chelsea,Fulham,3,1,H,fpl-team-6,fpl-team-10,0.6245704069438912,0.2436151587294235,0.13181443432668524,0.6406298151886264,0.238448308076978,0.12092187673439558,0.03808568208478391,0.48,0.5199999999999999,0.47863247862979214,0.5213675213702079
E0,0809,2009-05-02,Man City,Blackburn,3,1,H,fpl-team-15,,0.48322548091619927,0.28006762107155087,0.23670689801224984,0.4912348209908618,0.27719625144827253,0.23156892756086558,0.03626813576556742,0.5106951871657753,0.48930481283422456,0.5114439390020781,0.48855606099792176
E0,0809,2009-05-02,Middlesbrough,Man United,0,2,A,,,0.143688628444726,0.24374406081723154,0.6125673107380425,0.13347874798718362,0.23866626597080434,0.627854986042012,0.03767519514076412,0.5,0.5,0.5,0.5
E0,0809,2009-05-02,Portsmouth,Arsenal,0,3,A,,fpl-team-1,0.2837666544604377,0.289935494774795,0.42629785076476717,0.2811627693861198,0.2876519744054764,0.43118525620840387,0.03561798215378076,0.49732620320855614,0.5026737967914439,0.4971402425073935,0.5028597574926065
E0,0809,2009-05-02,Stoke,West Ham,0,1,A,,,0.4003701240493885,0.2897088164705202,0.3099210594800914,0.4039325182607212,0.2873951806049134,0.3086723011343653,0.03601426491513848,0.43007915567282323,0.5699208443271768,0.4247330152375847,0.5752669847624153
E0,0809,2009-05-02,Tottenham,West Brom,1,0,H,,,0.6344783980304977,0.23434252389568633,0.13117907807381599,0.6505660006558563,0.22885174561573637,0.12058225372840725,0.036870809039101005,0.5439999999999999,0.45599999999999996,0.5472996216016252,0.4527003783983748
E0,0809,2009-05-02,Wigan,Bolton,0,0,D,,,0.44447064927713964,0.2880828282351831,0.26744652248767714,0.4503345437003188,0.28568717107121483,0.2639782852284664,0.03575877414550632,0.4379947229551451,0.5620052770448549,0.43353696477210124,0.5664630352278986
E0,0809,2009-05-03,Liverpool,Newcastle,3,0,H,fpl-team-14,fpl-team-17,0.7400204132771867,0.18035313747180953,0.07962644925100387,0.7618325039018369,0.17162551520157385,0.06654198089658919,0.03818827937357128,0.5699208443271768,0.43007915567282323,0.5752669847624153,0.4247330152375847
E0,0809,2009-05-03,Sunderland,Everton,0,2,A,fpl-team-20,fpl-team-9,0.3770713053910175,0.2913198870310664,0.3316088075779161,0.37931003328218493,0.28917445077449616,0.3315155159433189,0.034696697257459164,0.43007915567282323,0.5699208443271768,0.4247330152375847,0.5752669847624153
E0,0809,2009-05-04,Aston Villa,Hull,1,0,H,fpl-team-2,,0.6101949025487257,0.2496251874062968,0.1401799100449775,0.6247667529716119,0.2450460865651788,0.1301871604632093,0.03620093083009124,0.5454545454545455,0.45454545454545453,0.5490196078501731,0.450980392149827
E0,0809,2009-05-09,Blackburn,Portsmouth,2,0,H,,,0.4728053417207457,0.28836734464082636,0.238827313638428,0.48039583931488683,0.28589296011775683,0.23371120056735642,0.036946994718164206,0.46153846153846156,0.5384615384615384,0.45894909688548324,0.5410509031145168
E0,0809,2009-05-09,Bolton,Sunderland,0,0,D,,fpl-team-20,0.4340999637090181,0.288951988227365,0.2769480480636169,0.4394218277330752,0.28660380311831785,0.2739743691486069,0.035786980763077736,0.44327176781002636,0.5567282321899736,0.43934777702599115,0.5606522229740089
E0,0809,2009-05-09,Everton,Tottenham,0,0,D,fpl-team-9,,0.4177165611332333,0.2875024479404661,0.29478099092630067,0.42229902466588937,0.2850158219010184,0.2926851534330923,0.03681047377176583,0.4666666666666667,0.5333333333333333,0.4642857142816436,0.5357142857183564
E0,0809,2009-05-09,Fulham,Aston Villa,3,1,H,fpl-team-10,fpl-team-2,0.3606798206732352,0.2907981054177959,0.3485220739089689,0.3621811431118263,0.28846581663587967,0.349353040252294,0.03732890519313514,0.4562334217506631,0.5437665782493368,0.45320476460766396,0.546795235392336
E0,0809,2009-05-09,Hull,Stoke,1,2,A,,,0.44638477386441683,0.28705974688511726,0.266555479250466,0.4523919674722121,0.28459256316969495,0.263015469358093,0.03601749544031918,0.4746666666666666,0.5253333333333333,0.4729082301967493,0.5270917698032508
E0,0809,2009-05-09,West Brom,Wigan,3,1,H,,,0.3867582323764467,0.2850420000083292,0.3281997676152242,0.38962933577894704,0.2824542621414574,0.32791640207959555,0.03645461448468268,0.4919786096256684,0.5080213903743315,0.4914187643017187,0.5085812356982813
E0,0809,2009-05-09,West Ham,Liverpool,0,3,A,,fpl-team-14,0.1479713603818616,0.2515513126491647,0.6004773269689738,0.13793436108655951,0.24688453897101378,0.6151810999424268,0.03783557622227818,0.5,0.5,0.5,0.5
E0,0809,2009-05-10,Arsenal,Chelsea,1,4,A,fpl-team-1,fpl-team-6,0.36869565217391304,0.2933333333333333,0.33797101449275363,0.370573354523711,0.29121377069205656,0.3382128747842324,0.0360340450424701,0.4444444444444444,0.5555555555555556,0.44047619047719,0.5595238095228099
E0,0809,2009-05-10,Man United,Man City,2,0,H,,fpl-team-15,0.6866419433824029,0.20614415960266402,0.10721389701493317,0.7051815443224366,0.19918165944661312,0.09563679623095014,0.036569273099303246,0.550531914893617,0.449468085106383,0.5543120944386524,0.44568790556134763
E0,0809,2009-05-11,Newcastle,Middlesbrough,3,1,H,fpl-team-17,,0.46386462004753,0.2799903562449055,0.2561450237075646,0.4708662476832247,0.27711732235829384,0.2520164299584814,0.036377082811668515,0.4497354497354497,0.5502645502645503,0.4462669683264439,0.5537330316735561
E0,0809,2009-05-13,Wigan,Man United,1,2,A,,,0.0933285544099523,0.19281486911087053,0.7138565764791771,0.0813588349767851,0.1852391754425183,0.7334019895806966,0.036058098543435335,0.5145888594164455,0.4854111405835544,0.5154920849523393,0.4845079150476607
E0,0809,2009-05-16,Bolton,Hull,1,1,D,,,0.4229183708831838,0.2840880242102845,0.29299360490653176,0.42754858996040673,0.28154541260484167,0.29090599743475165,0.03500696271657944,0.4625668449197861,0.5374331550802139,0.4597388778616078,0.5402611221383922
E0,0809,2009-05-16,Everton,West Ham,3,1,H,fpl-team-9,,0.5365134922983876,0.269807363178958,0.19367914452265447,0.5472194650623973,0.266393533946523,0.1863870009910799,0.03588785172905773,0.4586666666666667,0.5413333333333333,0.4556077443035696,0.5443922556964305
E0,0809,2009-05-16,Man United,Arsenal,0,0,D,,fpl-team-1,0.5657581485275657,0.26902044526526897,0.1652214062071652,0.5780070520071706,0.26551533052911025,0.1564776174637192,0.03604361298494041,0.5106951871657753,0.48930481283422456,0.5114439390020781,0.48855606099792176
E0,0809,2009-05-16,Middlesbrough,Aston Villa,1,1,D,,fpl-team-2,0.36859200795943364,0.2834461337803547,0.3479618582602116,0.37047005034409797,0.28079381029448874,0.3487361393614131,0.036190765677019954,0.4746666666666666,0.5253333333333333,0.4729082301967493,0.5270917698032508
E0,0809,2009-05-16,Newcastle,Fulham,0,1,A,fpl-team-17,fpl-team-10,0.49121073170022744,0.2713082529739629,0.2374810153258097,0.4995596608488242,0.26800764061851146,0.2324326985326643,0.035888465121388435,0.48128342245989303,0.5187165775401069,0.47995418098152337,0.5200458190184767
E0,0809,2009-05-16,Stoke,Wigan,2,0,H,,,0.42819155345967524,0.2872177189360284,0.2845907276042964,0.43318946373196926,0.28478710567793813,0.2820234305900927,0.03569749346934259,0.4391534391534391,0.5608465608465608,0.4346442373240173,0.5653557626759828
E0,0809,2009-05-16,Tottenham,Man City,2,1,H,,fpl-team-15,0.5026667887917369,0.27258315660426546,0.22475005460399772,0.5113866188876038,0.2694245206715114,0.21918886044088487,0.03495688014663756,0.5199999999999999,0.48,0.5213675213702079,0.47863247862979214
E0,0809,2009-05-17,Chelsea,Blackburn,2,0,H,fpl-team-6,,0.719107416034923,0.1903950388687169,0.09049754509636011,0.7390223444624386,0.18263293102656464,0.07834472451099678,0.03632284025661647,0.5320855614973262,0.4679144385026738,0.5344580043114353,0.46554199568856475
E0,0809,2009-05-17,West Brom,Liverpool,0,2,A,,fpl-team-14,0.11963290845886441,0.19837219003476245,0.681994901506373,0.10870828749753388,0.1911331484967477,0.7001585640057184,0.03612750023603439,0.5661375661375662,0.4338624338624339,0.5712331889657637,0.4287668110342363
E0,0809,2009-05-18,Portsmouth,Sunderland,3,1,H,,fpl-team-20,0.43772437235374806,0.2904526209076272,0.27182300673862486,0.4433220020691508,0.28814622685859004,0.2685317710722592,0.03634705510921776,0.42480211081794195,0.575197889182058,0.41879879194638786,0.5812012080536122
E0,0809,2009-05-24,Arsenal,Stoke,4,1,H,fpl-team-1,,0.7050237135555075,0.19469274098185563,0.10028354546263685,0.7255328488325452,0.18668515554616608,0.08778199562128874,0.038722282741218805,0.5699208443271768,0.43007915567282323,0.5752669847624153,0.4247330152375847
E0,0809,2009-05-24,Aston Villa,Newcastle,1,0,H,fpl-team-2,fpl-team-17,0.40161911343666695,0.274854378517129,0.3235265080462039,0.40530928294902585,0.2717054130468891,0.3229853040040851,0.03665907774120569,0.528,0.47200000000000003,0.5299606231770552,0.4700393768229449
E0,0809,2009-05-24,Blackburn,West Brom,0,0,D,,,0.5184032228529574,0.2728438015015565,0.2087529756454862,0.5282177212307555,0.2695869123550526,0.20219536641419178,0.03606618707999587,0.547872340425532,0.4521276595744681,0.5513992004560392,0.4486007995439608
E0,0809,2009-05-24,Fulham,Everton,0,2,A,fpl-team-10,fpl-team-9,0.4409795567648849,0.2845464418268829,0.2744740014082322,0.4469228845224753,0.28184863521297204,0.27122848026455265,0.0374418655410409,0.46276595744680854,0.5372340425531915,0.4601684306396359,0.5398315693603641
E0,0809,2009-05-24,Hull,Man United,0,1,A,,,0.32160557837237597,0.27112098176740995,0.4072734398602141,0.3209681290464291,0.26781769593705024,0.4112141750165207,0.03614600864239037,0.5187165775401069,0.48128342245989303,0.5200458190184767,0.47995418098152337
E0,0809,2009-05-24,Liverpool,Tottenham,3,1,H,fpl-team-14,,0.6081178106047876,0.2422969401628451,0.14958524923236738,0.6233230661904829,0.23710266406620117,0.13957426974331588,0.03803791664540768,0.550531914893617,0.449468085106383,0.5543120944386524,0.44568790556134763
E0,0809,2009-05-24,Man City,Bolton,1,0,H,fpl-team-15,,0.5369127516778524,0.2684563758389262,0.1946308724832215,0.5475219204582051,0.26501223755862774,0.1874658419831671,0.03548169229179621,0.5439999999999999,0.45599999999999996,0.5472996216016252,0.4527003783983748
E0,0809,2009-05-24,Sunderland,Chelsea,2,3,A,fpl-team-20,fpl-team-6,0.24018296871118128,0.26933812676282753,0.4904789045259912,0.23516652880748487,0.26586068048147754,0.4989727907110376,0.03669193875975907,0.49732620320855614,0.5026737967914439,0.4971402425073935,0.5028597574926065
E0,0809,2009-05-24,West Ham,Middlesbrough,2,1,H,,,0.4176598358321876,0.27393571585464066,0.30840444831317165,0.4222469876793532,0.2707151136094751,0.30703789871117176,0.03688757005147636,0.5,0.5,0.5,0.5
E0,0809,2009-05-24,Wigan,Portsmouth,1,0,H,,,0.43913332775526626,0.28296737229214725,0.2778992999525864,0.4449304608303977,0.28020561274382366,0.2748639264257786,0.03715166123583913,0.46524064171123,0.5347593582887701,0.462643678157164,0.537356321842836
