league,season,date,home_team_raw,away_team_raw,home_goals,away_goals,result,home_team_id,away_team_id,prob_home_proportional,prob_draw_proportional,prob_away_proportional,prob_home_shin,prob_draw_shin,prob_away_shin,shin_z,prob_over25_proportional,prob_under25_proportional,prob_over25_shin,prob_under25_shin
E0,1011,2010-08-14,Aston Villa,West Ham,3,0,H,fpl-team-2,,0.48070180511678684,0.28550773879663705,0.2337904560865762,0.4874043527467734,0.28331145238878513,0.22928419486444157,0.030791620025411248,0.4654255319148936,0.5345744680851062,0.46304193319612175,0.5369580668038783
E0,1011,2010-08-14,Blackburn,Everton,1,0,H,,fpl-team-9,0.3230826896124637,0.2902773703595059,0.38663994002803037,0.32262372056276806,0.2883701170496253,0.3890061623876067,0.030011723283678293,0.4497354497354497,0.5502645502645503,0.4462669683264439,0.5537330316735561
E0,1011,2010-08-14,Bolton,Fulham,0,0,D,,fpl-team-10,0.42780799392866176,0.2887047811788515,0.28348722489248673,0.4321798220615883,0.2866382787742767,0.2811818991641349,0.031290819868445396,0.44708994708994704,0.5529100529100528,0.4433764615919363,0.5566235384080637
E0,1011,2010-08-14,Chelsea,West Brom,6,0,H,fpl-team-6,,0.810034392341488,0.1361796949443661,0.05378591271414574,0.8327312979898529,0.1260524276000263,0.04121627441012078,0.03492066962644458,0.6256281407035176,0.37437185929648237,0.634767256971002,0.36523274302899805
E0,1011,2010-08-14,Sunderland,Birmingham,2,2,D,fpl-team-20,,0.4321825463760214,0.2898947541845313,0.2779226994394474,0.43667722731246567,0.28791655140823363,0.27540622127930076,0.030740545131266117,0.43307086614173224,0.5669291338582677,0.42845117844941644,0.5715488215505835
E0,1011,2010-08-14,Tottenham,Man City,0,0,D,,fpl-team-15,0.39388252726362366,0.28700586590245747,0.3191116068339188,0.39667146476147036,0.2848768082126553,0.3184517270258744,0.031155163189396262,0.49066666666666664,0.5093333333333333,0.49004097427721877,0.5099590257227813
E0,1011,2010-08-14,Wigan,Blackpool,0,4,A,,,0.5176035207041408,0.27305461092218447,0.20934186837367474,0.5260088207997158,0.27026947591197786,0.20372170328830638,0.03093273611739278,0.44327176781002636,0.5567282321899736,0.43934777702599115,0.5606522229740089
E0,1011,2010-08-14,Wolves,Stoke,2,1,H,,,0.40440009530309207,0.29262491368205107,0.30297499101485675,0.40762399119335857,0.2907800330725893,0.30159597573405206,0.030666569247841835,0.41558441558441556,0.5844155844155844,0.4097222222206359,0.5902777777793641
E0,1011,2010-08-15,Liverpool,Arsenal,1,1,D,fpl-team-14,fpl-team-1,0.3821144515133832,0.29130330099940016,0.32658224748721676,0.38426254967662404,0.28945624563452366,0.32628120468885224,0.029773270711302757,0.42297650130548303,0.577023498694517,0.4176023685857909,0.5823976314142091
E0,1011,2010-08-16,Man United,Newcastle,3,0,H,,fpl-team-17,0.7620243755129853,0.16648134669289022,0.07149427779412448,0.7832742849007998,0.1576874222387305,0.0590382928604698,0.03542389371432364,0.5437665782493368,0.4562334217506631,0.546795235392336,0.45320476460766396
E0,1011,2010-08-21,Arsenal,Blackpool,6,0,H,fpl-team-1,,0.8082954866047474,0.13667970327427212,0.055024810120980455,0.8317085036644619,0.1262193180473436,0.042072178288194526,0.03620374551974237,0.6545012165450123,0.34549878345498786,0.6662390701349257,0.3337609298650744
E0,1011,2010-08-21,Birmingham,Blackburn,2,1,H,,,0.41896553782244883,0.2927554223914627,0.28827903978608865,0.4228219389051734,0.29092706331102475,0.28625099778380186,0.030439295805990696,0.4119170984455959,0.5880829015544041,0.40579890837883326,0.5942010916211667
E0,1011,2010-08-21,Everton,Wolves,1,1,D,fpl-team-9,,0.6358331155822664,0.23525825276543857,0.1289086316522951,0.6498857931624157,0.23054327535875313,0.11957093147883116,0.03193113044835627,0.4826666666666667,0.5173333333333333,0.4814888648397009,0.5185111351602991
E0,1011,2010-08-21,Stoke,Tottenham,1,2,A,,,0.28800140115675044,0.2915679819760291,0.4204306168672205,0.28592673976531946,0.2896550094686761,0.4244182507660045,0.03095283731818199,0.42931937172774864,0.5706806282722513,0.42447974937128813,0.5755202506287118
E0,1011,2010-08-21,West Brom,Sunderland,1,0,H,,fpl-team-20,0.38220424671385234,0.2901921132457027,0.32760364004044484,0.3845007726007466,0.28816936014399974,0.3273298672552536,0.03180401469580829,0.4447368421052632,0.5552631578947369,0.4411088364791421,0.558891163520858
E0,1011,2010-08-21,West Ham,Bolton,1,3,A,,,0.42375023850410226,0.2876836481587483,0.28856611333714943,0.42796767875354447,0.2855545615733392,0.28647775967311634,0.03154327580705285,0.47074468085106375,0.5292553191489361,0.4687704057047033,0.5312295942952968
E0,1011,2010-08-21,Wigan,Chelsea,0,6,A,,fpl-team-6,0.07176307548887421,0.1695160215602056,0.7587209029509202,0.06002501643358655,0.1614154968331654,0.7785594867332482,0.03315933048725128,0.5774278215223098,0.4225721784776903,0.5832862789376128,0.41671372106238724
E0,1011,2010-08-22,Fulham,Man United,2,2,D,fpl-team-10,,0.15416871779936447,0.24683180540055724,0.5989994768000784,0.1458586947955282,0.2426653151480541,0.6114759900564176,0.03209724766202271,0.4840425531914894,0.5159574468085106,0.4830066840394914,0.5169933159605087
E0,1011,2010-08-22,Newcastle,Aston Villa,6,0,H,fpl-team-17,fpl-team-2,0.3091639361589684,0.28918718951485045,0.4016488743261812,0.3080162892347365,0.28710135100790374,0.4048823597573597,0.03201912622898817,0.4447368421052632,0.5552631578947369,0.4411088364791421,0.558891163520858
E0,1011,2010-08-23,Man City,Liverpool,3,0,H,fpl-team-15,fpl-team-14,0.40440009530309207,0.29262491368205107,0.30297499101485675,0.40762399119335857,0.2907800330725893,0.30159597573405206,0.030666569247841835,0.42408376963350786,0.5759162303664922,0.4186307519642238,0.5813692480357762
E0,1011,2010-08-28,Blackburn,Arsenal,1,2,A,,fpl-team-1,0.1660895856540038,0.2500178337238462,0.58389258062215,0.15826900958295528,0.24599527823039968,0.595735712186645,0.032242700923234224,0.5186170212765957,0.4813829787234043,0.519832837511798,0.48016716248820196
E0,1011,2010-08-28,Blackpool,Fulham,2,2,D,,fpl-team-10,0.3059878329881842,0.28380140401018894,0.41021076300162684,0.30467780860011634,0.28144173670564165,0.41388045469424195,0.03229530970565975,0.48275862068965525,0.5172413793103448,0.48168498168755036,0.5183150183124496
E0,1011,2010-08-28,Chelsea,Stoke,2,0,H,fpl-team-6,,0.8465593680495097,0.11321456608854888,0.0402260658619416,0.8709660916087343,0.10160269704844278,0.02743121134282292,0.036341104889288545,0.6889400921658986,0.31105990783410137,0.7031462900751028,0.2968537099248973
E0,1011,2010-08-28,Man United,West Ham,3,0,H,,,0.8262483312414344,0.1267729606480801,0.04697870811048554,0.8487786543211295,0.11649429351424172,0.0347270521646288,0.033922219183295965,0.6594202898550725,0.34057971014492755,0.6714597459161527,0.3285402540838474
E0,1011,2010-08-28,Tottenham,Wigan,0,1,A,,,0.757834261273033,0.16632114760682493,0.07584459112014212,0.7780279529047657,0.15794986058962254,0.06402218650561183,0.033753047697246075,0.6231155778894473,0.37688442211055284,0.6317204301303636,0.3682795698696364
E0,1011,2010-08-28,Wolves,Newcastle,1,1,D,,fpl-team-17,0.3923381770145311,0.2906208718626156,0.31704095112285335,0.39504479538207504,0.2886654608025626,0.31628974381536235,0.03102231747470796,0.4345549738219895,0.5654450261780105,0.43027666220104094,0.569723337798959
E0,1011,2010-08-29,Aston Villa,Everton,1,0,H,fpl-team-2,fpl-team-9,0.3727714748784441,0.29173419773095627,0.3354943273905997,0.37465097787891816,0.28975575401034875,0.3355932681107331,0.03227585437707603,0.4523809523809524,0.5476190476190476,0.44914823289278233,0.5508517671072177
E0,1011,2010-08-29,Bolton,Birmingham,2,2,D,,,0.44784934731435916,0.2862401027177402,0.26591054996790076,0.45364179613951705,0.2838504320364018,0.2625077718240811,0.034258921863511205,0.44063324538258575,0.5593667546174144,0.4364478590106439,0.5635521409893561
E0,1011,2010-08-29,Liverpool,West Brom,1,0,H,fpl-team-14,,0.7689077602494044,0.16201510665013358,0.06907713310046196,0.7902176259243755,0.15309771155915125,0.0566846625164733,0.03503791755065322,0.5906735751295337,0.4093264248704664,0.5971574505704209,0.4028425494295792
E0,1011,2010-08-29,Sunderland,Man City,1,0,H,fpl-team-20,fpl-team-15,0.21812790177275043,0.2709311978791223,0.5109409003481273,0.2127207504138706,0.26795621999956976,0.5193230295865597,0.03200324880890548,0.47074468085106375,0.5292553191489361,0.4687704057047033,0.5312295942952968
E0,1011,2010-09-11,Arsenal,Bolton,4,1,H,fpl-team-1,,0.7580664254067034,0.16906517401156695,0.07286840058172962,0.7781623333818181,0.1608323910836188,0.06100527553456306,0.033640841487795115,0.6275000000000001,0.37250000000000005,0.6363672825505815,0.3636327174494184
E0,1011,2010-09-11,Everton,Man United,3,3,D,fpl-team-9,,0.22374362251579308,0.27786449875855124,0.4983918787256555,0.21876444053494798,0.2753052683282478,0.5059302911368041,0.03094014129601419,0.4721485411140583,0.5278514588859416,0.4703574050007903,0.5296425949992097
E0,1011,2010-09-11,Fulham,Wolves,2,1,H,fpl-team-10,,0.5155328522572503,0.27666425795623695,0.2078028897865128,0.5236343422432739,0.2741085295882046,0.20225712816852157,0.03014341730158776,0.45382585751978893,0.5461741424802111,0.45084821930926317,0.5491517806907368
E0,1011,2010-09-11,Man City,Blackburn,1,1,D,fpl-team-15,,0.7026871389330278,0.2003405885468633,0.09697227252010888,0.7196751344373625,0.19395555897821667,0.08636930658442078,0.032026357715949416,0.5605263157894738,0.43947368421052635,0.564659413558811,0.4353405864411891
E0,1011,2010-09-11,Newcastle,Blackpool,0,2,A,fpl-team-17,,0.6025059141732101,0.24162190902576036,0.1558721768010295,0.615265873998246,0.23717423658654788,0.1475598894152061,0.03240049723535776,0.5552631578947369,0.4447368421052632,0.558891163520858,0.4411088364791421
E0,1011,2010-09-11,West Brom,Tottenham,1,1,D,,,0.26122991916504656,0.2831951976533988,0.45557488318155465,0.25800932904003515,0.2809440018249193,0.4610466691350455,0.030265508918091655,0.4854111405835544,0.5145888594164455,0.4845079150476607,0.5154920849523393
E0,1011,2010-09-11,West Ham,Chelsea,1,3,A,,fpl-team-6,0.09565217391304347,0.19130434782608693,0.7130434782608696,0.08491334518874281,0.1844527708264544,0.7306338839848028,0.03230854612775147,0.6071428571428571,0.39285714285714285,0.614591291059686,0.38540870894031387
E0,1011,2010-09-11,Wigan,Sunderland,1,1,D,,fpl-team-20,0.382545821422566,0.2895577602152346,0.3278964183621994,0.3848243281929143,0.287535499876185,0.3276401719309007,0.03132904530502856,0.445910290237467,0.554089709762533,0.44223724992325464,0.5577627500767455
E0,1011,2010-09-12,Birmingham,Liverpool,0,0,D,,fpl-team-14,0.3017709410548087,0.2923991726990693,0.40582988624612204,0.3003184494160429,0.2905193890061631,0.40916216157779384,0.03107775654643774,0.42558746736292424,0.5744125326370757,0.4205242610075823,0.5794757389924177
E0,1011,2010-09-13,Stoke,Aston Villa,2,1,H,,fpl-team-2,0.3801244902339557,0.2915861772912642,0.32828933247478,0.38237390525014825,0.2895836762166615,0.32804241853319027,0.03254834795370698,0.42297650130548303,0.577023498694517,0.4176023685857909,0.5823976314142091
E0,1011,2010-09-18,Aston Villa,Bolton,1,1,D,fpl-team-2,,0.5296756127976181,0.2701497394784413,0.20017464772394059,0.538505095906861,0.2672665812534845,0.19422832283965455,0.03051227785181254,0.496,0.5039999999999999,0.4957330602491005,0.5042669397508994
E0,1011,2010-09-18,Blackburn,Fulham,1,1,D,,fpl-team-10,0.4662766638384019,0.28715818931511333,0.24656514684648476,0.4723549395475956,0.2850323109469986,0.24261274950540573,0.03093794803135097,0.4485488126649077,0.5514511873350924,0.44511680270287096,0.5548831972971291
E0,1011,2010-09-18,Everton,Newcastle,0,1,A,fpl-team-9,fpl-team-17,0.5879875821670556,0.25495396516728697,0.15705845266565757,0.5998699595886697,0.2511964080722423,0.14893363233908796,0.03186434297822416,0.5039999999999999,0.496,0.5042669397508994,0.4957330602491005
E0,1011,2010-09-18,Stoke,West Ham,1,1,D,,,0.4917627154488739,0.28017341651686584,0.22806386803426038,0.49870746605126465,0.2778214540086233,0.223471079940112,0.029669308802112937,0.4603174603174603,0.5396825396825397,0.45774171736872327,0.5422582826312768
E0,1011,2010-09-18,Sunderland,Arsenal,1,1,D,fpl-team-20,fpl-team-1,0.17354188085529126,0.2598334238220107,0.566624695322698,0.16613599848326124,0.25631756663903504,0.5775464348777036,0.031888206489384174,0.5225464190981433,0.47745358090185674,0.5239706711791936,0.47602932882080634
E0,1011,2010-09-18,Tottenham,Wolves,3,1,H,,,0.6584938704028022,0.22261140299669194,0.11889472660050594,0.6734369614410145,0.2173413671646028,0.10922167139438281,0.03168377140536904,0.5358090185676393,0.46419098143236076,0.5381895332392462,0.46181046676075377
E0,1011,2010-09-18,West Brom,Birmingham,3,1,H,,,0.41311800106650415,0.2916127066351794,0.29526929229831644,0.41676073525178714,0.28970860757958183,0.2935306571686312,0.030865830602124333,0.4511873350923483,0.5488126649076518,0.44798695456905224,0.5520130454309478
E0,1011,2010-09-19,Chelsea,Blackpool,4,0,H,fpl-team-6,,0.8585601581797202,0.10332780897130112,0.0381120328489787,0.8814936276171456,0.09228173972899086,0.026224632653863638,0.033296306617558,0.712087912087912,0.2879120879120879,0.7273584016631796,0.2726415983368205
E0,1011,2010-09-19,Man United,Liverpool,3,2,H,,fpl-team-14,0.5549817739975699,0.264277035236938,0.18074119076549208,0.5648317763705282,0.2611486628188204,0.17401956081065142,0.03020759508945048,0.4603174603174603,0.5396825396825397,0.45774171736872327,0.5422582826312768
E0,1011,2010-09-19,Wigan,Man City,0,2,A,,fpl-team-15,0.19247003525264395,0.2666227967097532,0.5409071680376027,0.18599505728463825,0.2634805588007384,0.5505243839146234,0.031477779848501086,0.49066666666666664,0.5093333333333333,0.49004097427721877,0.5099590257227813
E0,1011,2010-09-25,Arsenal,West Brom,2,3,A,fpl-team-1,,0.7794290601945899,0.155885812038918,0.06468512776649203,0.7993894296316916,0.14745387869498736,0.053156691673321134,0.03200671495869756,0.653658536585366,0.3463414634146341,0.6655455118753835,0.33445448812461653
E0,1011,2010-09-25,Birmingham,Wigan,0,0,D,,,0.520282618250556,0.2745514691059785,0.20516591264346545,0.5288601039725989,0.2718143693499313,0.19932552667746986,0.031127508031204343,0.43947368421052635,0.5605263157894738,0.4353405864411891,0.564659413558811
E0,1011,2010-09-25,Blackpool,Blackburn,1,2,A,,,0.30150002411614335,0.28592099551439737,0.4125789803694594,0.3000111636934052,0.28371164438230806,0.4162771919242867,0.03156087547540665,0.5186170212765957,0.4813829787234043,0.519832837511798,0.48016716248820196
E0,1011,2010-09-25,Fulham,Everton,0,0,D,fpl-team-10,fpl-team-9,0.35181415892740886,0.2937264629051264,0.3544593781674646,0.3526400293241979,0.2919559777466729,0.35540399292912933,0.030308379558846354,0.4308093994778067,0.5691906005221932,0.42632749513192864,0.5736725048680713
E0,1011,2010-09-25,Liverpool,Sunderland,2,2,D,fpl-team-14,fpl-team-20,0.6497719045414948,0.23035923266141015,0.11986886279709509,0.6641733517054007,0.22549401549416634,0.11033263280043294,0.03134904429316521,0.49333333333333335,0.5066666666666666,0.4928876244677607,0.5071123755322393
E0,1011,2010-09-25,Man City,Chelsea,1,0,H,fpl-team-15,fpl-team-6,0.2760508743789977,0.2861195992803594,0.437829526340643,0.2734097746316456,0.2839376000479259,0.4426526253204286,0.031211760942824185,0.49333333333333335,0.5066666666666666,0.4928876244677607,0.5071123755322393
E0,1011,2010-09-25,West Ham,Tottenham,1,0,H,,,0.26306617557530737,0.2819691342992816,0.4549646901254109,0.2598538793302366,0.27961026880719325,0.4605358518625702,0.03097872552461922,0.49066666666666664,0.5093333333333333,0.49004097427721877,0.5099590257227813
E0,1011,2010-09-26,Bolton,Man United,2,2,D,,,0.13254022302622676,0.23500273958016765,0.6324570373936056,0.1235726392662815,0.2304012886200157,0.6460260721137028,0.031127501279115677,0.5384615384615384,0.46153846153846156,0.5410509031145168,0.45894909688548324
E0,1011,2010-09-26,Newcastle,Stoke,1,2,A,fpl-team-17,,0.4851068126415394,0.27843408772916756,0.236459099629293,0.49214502665267407,0.2758697056160017,0.2319852677313242,0.03140107309445739,0.46276595744680854,0.5372340425531915,0.4601684306396359,0.5398315693603641
E0,1011,2010-09-26,Wolves,Aston Villa,1,2,A,,fpl-team-2,0.33302592478737575,0.2899887283533149,0.3769853468593094,0.3330079705407804,0.28803649508998874,0.3789555343692308,0.03053705347701907,0.4562334217506631,0.5437665782493368,0.45320476460766396,0.546795235392336
E0,1011,2010-10-02,Birmingham,Everton,0,2,A,,fpl-team-9,0.3460726788211829,0.2960118510671753,0.3579154701116417,0.34665720150192275,0.29429619248830774,0.3590466060097695,0.031178031349554658,0.4383202099737532,0.5616797900262467,0.4342436622096085,0.5657563377903915
E0,1011,2010-10-02,Stoke,Blackburn,1,0,H,,,0.4160183286722546,0.29108403182640724,0.29289763950133807,0.4199102254468978,0.2890958085127183,0.29099396604038386,0.03183401713613421,0.45382585751978893,0.5461741424802111,0.45084821930926317,0.5491517806907368
E0,1011,2010-10-02,Sunderland,Man United,0,0,D,fpl-team-20,,0.1906167616461711,0.27238858983061554,0.5369946485232134,0.1838941141068757,0.2694348356140632,0.546671050279061,0.032300819642841816,0.48936170212765967,0.5106382978723405,0.4886775362319321,0.5113224637680679
E0,1011,2010-10-02,Tottenham,Aston Villa,2,1,H,,fpl-team-2,0.4800017516713864,0.27752313665956263,0.2424751116690509,0.4868399630669472,0.27490608993368715,0.2382539469993657,0.031564679462462664,0.5343915343915343,0.4656084656084655,0.5365661566171338,0.4634338433828662
E0,1011,2010-10-02,West Brom,Bolton,1,1,D,,,0.4411889679368482,0.28563297924178926,0.2731780528213624,0.44631015756310255,0.2833642530427072,0.27032558939419027,0.03212325042113662,0.5079787234042553,0.49202127659574474,0.5084901655582802,0.49150983444171986
E0,1011,2010-10-02,West Ham,Fulham,1,1,D,,fpl-team-10,0.4160112990723205,0.29018072095785313,0.2938079799698263,0.4199039420316593,0.28814982526374283,0.2919462327045979,0.03184304269962013,0.4485488126649077,0.5514511873350924,0.44511680270287096,0.5548831972971291
E0,1011,2010-10-02,Wigan,Wolves,2,0,H,,,0.41417235474301156,0.2901763102674803,0.29565133498950824,0.41797919351540685,0.28814517794501315,0.2938756285395799,0.031849768711254,0.4409448818897638,0.5590551181102362,0.4371227364174747,0.5628772635825252
E0,1011,2010-10-03,Chelsea,Arsenal,2,0,H,fpl-team-6,fpl-team-1,0.5532072165795165,0.2590777598306276,0.18771502358985592,0.5635287447815164,0.2555362155695858,0.1809350396488979,0.03192077041603625,0.5211640211640212,0.4788359788359788,0.5224359873227157,0.47756401267728427
E0,1011,2010-10-03,Liverpool,Blackpool,1,2,A,fpl-team-14,,0.7148987298317885,0.19258496395468586,0.09251630621352558,0.7317994817480374,0.18608357643715376,0.08211694181480889,0.03087326791137457,0.5885416666666665,0.4114583333333333,0.5952167581320057,0.4047832418679943
E0,1011,2010-10-03,Man City,Newcastle,2,1,H,fpl-team-15,fpl-team-17,0.6576451145968503,0.22391250330321327,0.11844238209993649,0.6728739996463814,0.2185818493118804,0.10854415104173812,0.03240252938121557,0.5343915343915343,0.4656084656084655,0.5365661566171338,0.4634338433828662
E0,1011,2010-10-16,Arsenal,Birmingham,2,1,H,fpl-team-1,,0.723991125170004,0.18382587162519634,0.09218300320479973,0.742100660543744,0.17660832399581528,0.08129101546044064,0.03240999160334468,0.625,0.375,0.6333333333159907,0.3666666666840092
E0,1011,2010-10-16,Aston Villa,Chelsea,0,0,D,fpl-team-2,fpl-team-6,0.20226875290634846,0.2704688799669904,0.5272623671266612,0.1959554133550625,0.2673716216114602,0.5366729650334773,0.032965106423944235,0.5106382978723405,0.48936170212765967,0.5113224637680679,0.4886775362319321
E0,1011,2010-10-16,Bolton,Stoke,2,1,H,,,0.43105436052939133,0.29092833001674095,0.2780173094538678,0.4356960636151366,0.2889105660797169,0.27539337030514655,0.03213266655802727,0.4603174603174603,0.5396825396825397,0.45774171736872327,0.5422582826312768
E0,1011,2010-10-16,Fulham,Tottenham,1,2,A,fpl-team-10,,0.33104523666124896,0.29288737449157226,0.37606738884717883,0.33093371198861377,0.29098934094059403,0.37807694707079226,0.03183186240494251,0.4643799472295515,0.5356200527704486,0.4622145096316831,0.537785490368317
E0,1011,2010-10-16,Man United,West Brom,2,2,D,,,0.7486127380746811,0.16964964927591697,0.08173761264940194,0.7671558961726944,0.16201673546822157,0.07082736835908393,0.0314000784419477,0.6284289276807979,0.37157107231920194,0.6371577713956763,0.36284222860432364
E0,1011,2010-10-16,Newcastle,Wigan,2,2,D,fpl-team-17,,0.5162245461030134,0.27311880055450133,0.21065665334248532,0.5249468282182557,0.2702093183744153,0.20484385340732914,0.032363316509872675,0.46825396825396826,0.5317460317460317,0.46627034320104876,0.5337296567989512
E0,1011,2010-10-16,Wolves,West Ham,1,1,D,,,0.4200641465477349,0.2904147186009031,0.28952113485136194,0.4240936969894295,0.28842049561976024,0.28748580739081026,0.03141675633378327,0.4473684210526316,0.5526315789473685,0.44397759103718865,0.5560224089628113
E0,1011,2010-10-17,Blackpool,Man City,2,3,A,,fpl-team-15,0.16663633177855713,0.24754898631670166,0.5858146819047412,0.1592567229652939,0.243639951441124,0.5971033255935821,0.030459495028480887,0.5654450261780105,0.4345549738219895,0.569723337798959,0.43027666220104094
E0,1011,2010-10-17,Everton,Liverpool,2,0,H,fpl-team-9,fpl-team-14,0.3884652147337417,0.2928616260609516,0.3186731592053067,0.39106321952650824,0.2909581613503759,0.3179786191231159,0.03188294544816017,0.4281984334203655,0.5718015665796344,0.42343245349418046,0.5765675465058195
E0,1011,2010-10-18,Blackburn,Sunderland,0,0,D,,fpl-team-20,0.4506448374391845,0.2875279944397251,0.26182716812109047,0.4564483644696355,0.28525251852656464,0.2582991170037998,0.03349840152077377,0.4447368421052632,0.5552631578947369,0.4411088364791421,0.558891163520858
E0,1011,2010-10-23,Birmingham,Blackpool,2,0,H,,,0.5099845972329422,0.27111250140256987,0.218902901364488,0.517833980166964,0.26832179780357424,0.2138442220294616,0.03009956795722246,0.5343915343915343,0.4656084656084655,0.5365661566171338,0.4634338433828662
E0,1011,2010-10-23,Chelsea,Wolves,2,0,H,fpl-team-6,,0.8357366535840834,0.11864100735552942,0.04562233906038716,0.8576900304158732,0.10848335690874758,0.03382661267537926,0.03242536913603544,0.6828703703703703,0.3171296296296296,0.6954719782275899,0.3045280217724101
E0,1011,2010-10-23,Sunderland,Aston Villa,1,0,H,fpl-team-20,fpl-team-2,0.3924620288768048,0.29251828239264954,0.31501968873054564,0.3951600029365398,0.29065921438959536,0.3141807826738649,0.03085419605486095,0.4360313315926892,0.5639686684073107,0.4320802838861742,0.5679197161138259
E0,1011,2010-10-23,Tottenham,Everton,1,1,D,,fpl-team-9,0.4616422752613633,0.284516689284949,0.25384103545368764,0.46752236465259445,0.28226882525795416,0.2502088100894514,0.03100309381261468,0.4735449735449735,0.5264550264550264,0.4719266724690414,0.5280733275309587
E0,1011,2010-10-23,West Brom,Fulham,2,1,H,,fpl-team-10,0.44359759643341734,0.28847451056406287,0.2679278930025199,0.4487698496517424,0.2863639809370115,0.26486616941124624,0.031732213450595737,0.4643799472295515,0.5356200527704486,0.4622145096316831,0.537785490368317
E0,1011,2010-10-23,West Ham,Newcastle,1,2,A,,fpl-team-17,0.4089478780054866,0.2876391802485073,0.30341294174600614,0.41248255592573485,0.2855063216927311,0.302011122381534,0.03161485609598458,0.4814814814814815,0.5185185185185185,0.4803767660946392,0.5196232339053608
E0,1011,2010-10-23,Wigan,Bolton,1,1,D,,,0.3915664624357,0.2909472166704891,0.31748632089381074,0.39432651176800354,0.2889423438543509,0.3167311443776456,0.03206965187564492,0.4488188976377953,0.5511811023622047,0.44569757727335396,0.554302422726646
E0,1011,2010-10-24,Liverpool,Blackburn,2,1,H,fpl-team-14,,0.5676164657365873,0.25885805855020183,0.17352547571321084,0.5782659855784973,0.2554025360655668,0.16633147835593587,0.030942480079829693,0.4591029023746703,0.5408970976253298,0.4565461171848933,0.5434538828151066
E0,1011,2010-10-24,Man City,Arsenal,0,3,A,fpl-team-15,fpl-team-1,0.3876943433675157,0.2907707575256368,0.3215348991068475,0.3901657413942296,0.28883974656055167,0.3209945120452187,0.030746411299332976,0.49071618037135284,0.5092838196286471,0.49014639639470625,0.5098536036052937
E0,1011,2010-10-24,Stoke,Man United,1,2,A,,,0.17900904914627633,0.26277930055734716,0.5582116502963764,0.17220047817260034,0.2595770752849915,0.5682224465424082,0.03026750823482871,0.48275862068965525,0.5172413793103448,0.48168498168755036,0.5183150183124496
E0,1011,2010-10-30,Arsenal,West Ham,1,0,H,fpl-team-1,,0.8022942312456446,0.13983858092612417,0.05786718782823109,0.8218943608311197,0.131256094063937,0.046849545104943324,0.03005809779278934,0.6561743341404359,0.34382566585956414,0.6676108310291095,0.33238916897089055
E0,1011,2010-10-30,Blackburn,Chelsea,1,2,A,,fpl-team-6,0.12237106011421942,0.22328368788613498,0.6543452519996455,0.11294779784201292,0.21811532889823998,0.668936873259747,0.0312917644623667,0.5145888594164455,0.4854111405835544,0.5154920849523393,0.4845079150476607
E0,1011,2010-10-30,Everton,Stoke,1,0,H,fpl-team-9,,0.6041277007416962,0.2499838761689778,0.14588842308932606,0.6163912719982328,0.2460947731920895,0.13751395480967762,0.030970823718234897,0.4656084656084655,0.5343915343915343,0.4634338433828662,0.5365661566171338
E0,1011,2010-10-30,Fulham,Wigan,2,0,H,fpl-team-10,,0.5034930311786653,0.27855975393612553,0.2179472148852093,0.5113245526919868,0.2760080719357146,0.21266737537229857,0.031195250805467367,0.4552631578947368,0.5447368421052632,0.4525285526877652,0.547471447312235
E0,1011,2010-10-30,Man United,Tottenham,2,0,H,,,0.5924675345458037,0.24341689403819844,0.1641155714159979,0.6042984569994774,0.2392327110465963,0.15646883195392627,0.031132522504776716,0.5777202072538861,0.422279792746114,0.5825332196074612,0.41746678039253876
E0,1011,2010-10-30,Wolves,Man City,2,1,H,,fpl-team-15,0.18634066409522318,0.2707011939721437,0.542958141932633,0.18001623447851642,0.26793197872097635,0.5520517868005073,0.029454146046191454,0.4656084656084655,0.5343915343915343,0.4634338433828662,0.5365661566171338
E0,1011,2010-10-31,Aston Villa,Birmingham,0,0,D,fpl-team-2,,0.5194762705542868,0.2780725918849418,0.20245113756077135,0.5274431545458462,0.2756697065200791,0.19688713893407475,0.029008351964876056,0.4591029023746703,0.5408970976253298,0.4565461171848933,0.5434538828151066
E0,1011,2010-10-31,Bolton,Liverpool,0,1,A,,fpl-team-14,0.2944859023339403,0.2890824912819414,0.41643160638411825,0.29281931583946236,0.2871862512536458,0.41999443290689187,0.028960381750948727,0.4514435695538058,0.5485564304461943,0.44853677534952663,0.5514632246504734
E0,1011,2010-10-31,Newcastle,Sunderland,5,1,H,fpl-team-17,fpl-team-20,0.43624035392982263,0.28904268849337944,0.2747169575767979,0.4409096130770084,0.28702926593292083,0.27206112099007085,0.03067579912021756,0.48275862068965525,0.5172413793103448,0.48168498168755036,0.5183150183124496
E0,1011,2010-11-01,Blackpool,West Brom,2,1,H,,,0.3381935425722374,0.29032614885432073,0.37148030857344183,0.33840494059730264,0.28842794734333743,0.37316711205936,0.029918747255578637,0.544973544973545,0.45502645502645506,0.5479792278105284,0.4520207721894716
E0,1011,2010-11-06,Birmingham,West Ham,2,2,D,,,0.4825267359378728,0.283411787674353,0.23406147638777414,0.4894665581215473,0.2810682268568705,0.2294652150215821,0.03150236781220883,0.44356955380577423,0.5564304461942258,0.43999106844557306,0.5600089315544268
E0,1011,2010-11-06,Blackburn,Wigan,2,1,H,,,0.5266575473946413,0.2670586430131468,0.20628380959221185,0.5353691060676586,0.26403665898919737,0.200594234943144,0.03056097903754562,0.4591029023746703,0.5408970976253298,0.4565461171848933,0.5434538828151066
E0,1011,2010-11-06,Blackpool,Everton,2,2,D,,fpl-team-9,0.2083828069342199,0.268344811208739,0.5232723818570411,0.20270239315837377,0.2653368563527064,0.5319607504889199,0.031025323318317533,0.5291005291005291,0.4708994708994709,0.5308988764074939,0.4691011235925061
E0,1011,2010-11-06,Bolton,Tottenham,4,2,H,,,0.31708577684265354,0.28887875988425804,0.39403546327308836,0.31633802988308757,0.286848616210029,0.39681335390688344,0.030948314117267728,0.4761904761904762,0.5238095238095238,0.4747474747483622,0.5252525252516378
E0,1011,2010-11-06,Fulham,Aston Villa,1,1,D,fpl-team-10,fpl-team-2,0.43658901208421574,0.2892737012582534,0.2741372866575309,0.4412100716093196,0.2872979597300411,0.2714919686606394,0.03025108319707215,0.4145077720207254,0.5854922279792746,0.40873893805577544,0.5912610619442245
E0,1011,2010-11-06,Man United,Wolves,2,1,H,,,0.7740682573018541,0.15952082329531453,0.06641091940283136,0.7933327771513586,0.1514725755557044,0.055194647292937105,0.031138149788603187,0.5865633074935401,0.41343669250646,0.592235682807812,0.4077643171921881
E0,1011,2010-11-06,Sunderland,Stoke,2,0,H,fpl-team-20,,0.45529409537512067,0.2899873161312307,0.25471858849364853,0.4608110719216645,0.28801525887982554,0.2511736691985101,0.03059593099169433,0.4119170984455959,0.5880829015544041,0.40579890837883326,0.5942010916211667
E0,1011,2010-11-07,Arsenal,Newcastle,0,1,A,fpl-team-1,fpl-team-17,0.7424180150426191,0.1733218527764938,0.08426013218088707,0.7608130316170689,0.16581362698061664,0.07337334140231444,0.03156804945319891,0.6428571428571428,0.3571428571428571,0.6532567049690367,0.3467432950309633
E0,1011,2010-11-07,Liverpool,Chelsea,2,0,H,fpl-team-14,fpl-team-6,0.25238695120804744,0.28614082918116013,0.46147221961079254,0.2486662236239399,0.28395274948960986,0.4673810268864503,0.031200180063024163,0.4735449735449735,0.5264550264550264,0.4719266724690414,0.5280733275309587
E0,1011,2010-11-07,West Brom,Man City,0,2,A,,fpl-team-15,0.25826477641844503,0.2831577669166085,0.4585774566649464,0.2547301878054311,0.28078027896830016,0.46448953322626874,0.03194430156145245,0.5053191489361702,0.49468085106382986,0.505659309563501,0.4943406904364988
E0,1011,2010-11-09,Stoke,Birmingham,3,2,H,,,0.45297066391003443,0.2916962789265857,0.2553330571633799,0.4584098186768985,0.28979183542815473,0.2517983458949468,0.030751955113373697,0.4170984455958549,0.582901554404145,0.4116632160012208,0.5883367839987793
E0,1011,2010-11-09,Tottenham,Sunderland,1,1,D,,fpl-team-20,0.6114752294923667,0.24207502658566699,0.1464497439219665,0.6242517857230442,0.23776967426475237,0.1379785400122034,0.031426920322701335,0.5225464190981433,0.47745358090185674,0.5239706711791936,0.47602932882080634
E0,1011,2010-11-10,Aston Villa,Blackpool,3,2,H,fpl-team-2,,0.579902464917228,0.2552831503168232,0.164814384765949,0.5916824603651517,0.25146340682638635,0.15685413280846205,0.03260155441239476,0.5680628272251308,0.43193717277486904,0.5726155564830627,0.4273844435169372
E0,1011,2010-11-10,Chelsea,Fulham,1,0,H,fpl-team-6,fpl-team-10,0.7829202933172686,0.15351378300338603,0.06356592367934522,0.8043779525039578,0.14435243806134848,0.05126960943469366,0.03437907597981393,0.6035805626598465,0.39641943734015345,0.6107162383745074,0.3892837616254925
E0,1011,2010-11-10,Everton,Bolton,1,1,D,fpl-team-9,,0.5760343300636703,0.2586600435272129,0.1653056264091167,0.5877300964718851,0.2549686479924558,0.15730125553565913,0.032886980567127466,0.4748010610079576,0.5251989389920424,0.4731956435863799,0.5268043564136201
E0,1011,2010-11-10,Man City,Man United,0,0,D,fpl-team-15,,0.3659408461064803,0.2920707995321908,0.3419883543613289,0.3674648508448385,0.2901454172103935,0.342389731944768,0.03166061732918024,0.4643799472295515,0.5356200527704486,0.4622145096316831,0.537785490368317
E0,1011,2010-11-10,Newcastle,Blackburn,1,2,A,fpl-team-17,,0.48412865403730765,0.2786972073686578,0.23717413859403455,0.4913583912725193,0.2760582714996287,0.23258333722785196,0.03248083801008761,0.48010610079575594,0.519893899204244,0.47885894689683706,0.521141053103163
E0,1011,2010-11-10,West Ham,West Brom,2,2,D,,,0.41000149650344,0.2871264302730512,0.30287207322350884,0.41369176166649246,0.28490575510762534,0.30140248322588215,0.03256669640541077,0.48806366047745364,0.5119363395225464,0.4873282270760773,0.5126717729239226
E0,1011,2010-11-10,Wigan,Liverpool,1,1,D,,fpl-team-14,0.203437988350618,0.2625372922290098,0.5340247194203722,0.1973199199130086,0.2591401489539525,0.5435399311330389,0.03219404141418636,0.4281984334203655,0.5718015665796344,0.42343245349418046,0.5765675465058195
E0,1011,2010-11-10,Wolves,Arsenal,0,2,A,,fpl-team-1,0.16458005924648483,0.2588848865833136,0.5765350541702015,0.15665386197083025,0.25525614879287745,0.5880899892362923,0.03241680469363928,0.5396825396825397,0.4603174603174603,0.5422582826312768,0.45774171736872327
E0,1011,2010-11-13,Aston Villa,Man United,2,2,D,fpl-team-2,,0.19822991242623297,0.2697971587463056,0.5319729288274614,0.19206262211504213,0.2668297967580068,0.5411075811269511,0.031220078701153398,0.462962962962963,0.537037037037037,0.46059113300006654,0.5394088669999334
E0,1011,2010-11-13,Man City,Birmingham,0,0,D,fpl-team-15,,0.6640067310584286,0.2203012986221889,0.11569197031938262,0.6788632172489981,0.21503947312103128,0.10609730962997055,0.030985595658421516,0.5305039787798408,0.4694960212201591,0.5324858757093553,0.46751412429064465
E0,1011,2010-11-13,Newcastle,Fulham,0,0,D,fpl-team-17,fpl-team-10,0.4826557942334176,0.2826362759024517,0.23470792986413072,0.4895707033903329,0.280267919008947,0.23016137760072006,0.03135891677811742,0.4735449735449735,0.5264550264550264,0.4719266724690414,0.5280733275309587
E0,1011,2010-11-13,Stoke,Liverpool,2,0,H,,fpl-team-14,0.2541568597676714,0.2893478095816567,0.456495330650672,0.2504515921777523,0.28727029207614796,0.4622781157460997,0.03177533275447786,0.43717277486910994,0.5628272251308901,0.433156941930835,0.566843058069165
E0,1011,2010-11-13,Tottenham,Blackburn,4,2,H,,,0.5864176191210649,0.25517090994186875,0.1584114709370662,0.5975265970659057,0.2516537227514949,0.15081968018259947,0.02992454939521849,0.5145888594164455,0.4854111405835544,0.5154920849523393,0.4845079150476607
E0,1011,2010-11-13,West Ham,Blackpool,0,0,D,,,0.502805726200305,0.2656064146877317,0.23158785911196317,0.5107883994163985,0.2623983038301604,0.22681329675344108,0.03191597270779312,0.5665796344647519,0.433420365535248,0.5707900727447877,0.4292099272552123
E0,1011,2010-11-13,Wigan,West Brom,1,0,H,,,0.38288590604026845,0.2889261744966443,0.32818791946308723,0.3851460490610723,0.28690523089810815,0.3279487200408195,0.030856983503326774,0.4788359788359788,0.5211640211640212,0.47756401267728427,0.5224359873227157
E0,1011,2010-11-13,Wolves,Bolton,2,3,A,,,0.4025443274607709,0.2916265406372148,0.3058291319020142,0.4057008347289021,0.28972688081766523,0.30457228445343276,0.03083403827622533,0.4511873350923483,0.5488126649076518,0.44798695456905224,0.5520130454309478
E0,1011,2010-11-14,Chelsea,Sunderland,0,3,A,fpl-team-6,fpl-team-20,0.7731494032806012,0.159331464865259,0.06751913185413982,0.7927818916921124,0.15110775305143842,0.05611035525644907,0.03181111835874617,0.596401028277635,0.4035989717223651,0.6029540961817108,0.39704590381828925
E0,1011,2010-11-14,Everton,Arsenal,1,2,A,fpl-team-9,fpl-team-1,0.28970342663805515,0.2861811965269542,0.4241153768349906,0.28769667375133084,0.28401417669153917,0.42828914955713004,0.03108487674035132,0.48412698412698413,0.5158730158730157,0.48318621269531237,0.5168137873046875
E0,1011,2010-11-20,Arsenal,Tottenham,2,3,A,fpl-team-1,,0.5751463743332464,0.24887600366926763,0.17597762199748584,0.5859429163700379,0.24504447781858282,0.16901260581137925,0.030377113725990057,0.5729166666666667,0.42708333333333337,0.5776053215061048,0.4223946784938952
E0,1011,2010-11-20,Birmingham,Chelsea,1,0,H,,fpl-team-6,0.18252343823220854,0.2688450642907459,0.5486314974770454,0.1759026935137138,0.2659307530122952,0.558166553473991,0.03009488363750279,0.4735449735449735,0.5264550264550264,0.4719266724690414,0.5280733275309587
E0,1011,2010-11-20,Blackpool,Wolves,2,1,H,,,0.37696934975651675,0.28645087367516464,0.3365797765683185,0.37893983731674447,0.2843383446193242,0.33672181806393137,0.03056090767495334,0.5552631578947369,0.4447368421052632,0.558891163520858,0.4411088364791421
E0,1011,2010-11-20,Bolton,Newcastle,5,1,H,,fpl-team-17,0.44230255284042713,0.28462369714504826,0.2730737500145246,0.4472632361720851,0.2824029614321469,0.2703338023957681,0.030779929365962744,0.49071618037135284,0.5092838196286471,0.49014639639470625,0.5098536036052937
E0,1011,2010-11-20,Liverpool,West Ham,3,0,H,fpl-team-14,,0.6157372854248854,0.2446955965454739,0.13956711802964067,0.6286114807705934,0.24052633188798206,0.13086218734142444,0.03122721193358302,0.49071618037135284,0.5092838196286471,0.49014639639470625,0.5098536036052937
E0,1011,2010-11-20,Man United,Wigan,2,0,H,,,0.7799492840859609,0.15496529289721062,0.06508542301682846,0.799702860155304,0.14660304353980094,0.05369409630489506,0.03159931139089167,0.5927835051546392,0.4072164948453609,0.5990643918601043,0.4009356081398957
E0,1011,2010-11-20,West Brom,Stoke,0,3,A,,,0.4280371472080417,0.2933587924790317,0.27860406031292656,0.43238007382546567,0.2915220002153573,0.2760979259591769,0.031006345991045237,0.4656084656084655,0.5343915343915343,0.4634338433828662,0.5365661566171338
E0,1011,2010-11-21,Blackburn,Aston Villa,2,0,H,,fpl-team-2,0.41127321807314104,0.2906838485763867,0.2980429333504724,0.41483753884591407,0.2887348777660035,0.29642758338808256,0.030917363008484244,0.43717277486910994,0.5628272251308901,0.433156941930835,0.566843058069165
E0,1011,2010-11-21,Fulham,Man City,1,4,A,fpl-team-10,fpl-team-15,0.3029444844522482,0.2944241708270287,0.40263134472072304,0.30156211900472635,0.2926575800239549,0.40578030097131873,0.030718908412382007,0.4383202099737532,0.5616797900262467,0.4342436622096085,0.5657563377903915
E0,1011,2010-11-22,Sunderland,Everton,2,2,D,fpl-team-20,fpl-team-9,0.3710311012755595,0.29358847266041155,0.3353804260640289,0.37273356998343354,0.2917968604542241,0.33546956956234236,0.03055955097079277,0.41343669250646,0.5865633074935401,0.4077643171921881,0.592235682807812
E0,1011,2010-11-27,Aston Villa,Arsenal,2,4,A,fpl-team-2,fpl-team-1,0.2809833042318181,0.2852406270232093,0.43377606874497265,0.2785666588999112,0.28301832588393777,0.43841501521615106,0.03123010811395943,0.48936170212765967,0.5106382978723405,0.4886775362319321,0.5113224637680679
E0,1011,2010-11-27,Bolton,Blackpool,2,2,D,,,0.600159367529647,0.23794197147008736,0.16189866100026562,0.6122931610290335,0.23352471432200256,0.15418212464896394,0.0310214851051569,0.6106870229007634,0.3893129770992367,0.6184640522759705,0.38153594772402954
E0,1011,2010-11-27,Everton,West Brom,1,4,A,fpl-team-9,,0.6073310167021634,0.24324627283936776,0.14942271045846878,0.6199874155972852,0.23897626680678172,0.14103631759593302,0.03158731525763869,0.5212765957446808,0.4787234042553191,0.5226757369623892,0.4773242630376109
E0,1011,2010-11-27,Fulham,Birmingham,1,1,D,fpl-team-10,,0.4572255797186246,0.29160516848927764,0.2511692517920978,0.46288845838885506,0.2896844194500338,0.24742712216111118,0.03092412301339209,0.42077922077922075,0.5792207792207792,0.4155732713376546,0.5844267286623455
E0,1011,2010-11-27,Man United,Blackburn,7,1,H,,,0.7488355005646745,0.1734435166749062,0.07772098276041926,0.7672847343810509,0.16598405823383852,0.06673120738511054,0.031295145163312554,0.5695538057742783,0.43044619422572183,0.5744633022265623,0.4255366977734378
E0,1011,2010-11-27,Stoke,Man City,1,1,D,,fpl-team-15,0.2752990851513019,0.2888106966924701,0.43589021815622797,0.27263335452998544,0.28675912046097346,0.4406075250090411,0.031103002605959773,0.4383202099737532,0.5616797900262467,0.4342436622096085,0.5657563377903915
E0,1011,2010-11-27,West Ham,Wigan,3,1,H,,,0.46940797621996533,0.28164478573197915,0.24894723804805546,0.47544733375979825,0.2793392131330516,0.24521345310715018,0.030016938457265496,0.462962962962963,0.537037037037037,0.46059113300006654,0.5394088669999334
E0,1011,2010-11-27,Wolves,Sunderland,3,2,H,,fpl-team-20,0.3688743688743689,0.2903177903177903,0.3408078408078408,0.3705309943531388,0.2883163807393664,0.3411526249074948,0.03157034667674452,0.4656084656084655,0.5343915343915343,0.4634338433828662,0.5365661566171338
E0,1011,2010-11-28,Newcastle,Chelsea,1,1,D,fpl-team-17,fpl-team-6,0.18828705810954333,0.2579274768623881,0.5537854650280686,0.18164865219791887,0.2543962480689352,0.563955099733146,0.03135622548870742,0.5308310991957105,0.46916890080428963,0.5331890331891216,0.46681096681087847
E0,1011,2010-11-28,Tottenham,Liverpool,2,1,H,,fpl-team-14,0.4578210434099628,0.2823686674923723,0.25981028909766485,0.46338627091203854,0.28008305853741633,0.2565306705505451,0.030227644136175513,0.4986666666666667,0.5013333333333333,0.49857776766420475,0.5014222323357952
E0,1011,2010-12-04,Arsenal,Fulham,2,1,H,fpl-team-1,fpl-team-10,0.7345595673660428,0.1818638774136431,0.0835765552203142,0.7534681830192898,0.17436296915082186,0.07216884782988844,0.03316409466788173,0.5833333333333334,0.41666666666666663,0.5892857143008219,0.410714285699178
E0,1011,2010-12-04,Birmingham,Tottenham,1,1,D,,,0.2737789600668131,0.28197593491911294,0.44424510501407405,0.2710551318550479,0.27962251724887566,0.4493223508960765,0.030953998444601893,0.48275862068965525,0.5172413793103448,0.48168498168755036,0.5183150183124496
E0,1011,2010-12-04,Blackburn,Wolves,3,0,H,,,0.5340030986577852,0.26474519820780335,0.2012517031344115,0.5435229344428628,0.2614476866590877,0.1950293788980494,0.03221880621276796,0.5026455026455027,0.4973544973544974,0.502799552071699,0.497200447928301
E0,1011,2010-12-04,Chelsea,Everton,1,1,D,fpl-team-6,fpl-team-9,0.6852612229068515,0.2063314011829421,0.1084073759102063,0.7022671830719281,0.19995758274672934,0.09777523418134257,0.03353362064808607,0.5499999999999999,0.45000000000000007,0.5531632110568048,0.44683678894319523
E0,1011,2010-12-04,Man City,Bolton,1,0,H,fpl-team-15,,0.6140572360210361,0.24466342997713159,0.14127933400183235,0.6274528027245786,0.2402956315661337,0.13225156570928776,0.032716106390580535,0.5039787798408488,0.4960212201591513,0.5042217844068116,0.49577821559318824
E0,1011,2010-12-04,Wigan,Stoke,2,2,D,,,0.34886025768087214,0.2943508424182359,0.35678889990089196,0.34956551492625687,0.2925782907414481,0.35785619433229504,0.030837270081974566,0.4145077720207254,0.5854922279792746,0.40873893805577544,0.5912610619442245
E0,1011,2010-12-05,Sunderland,West Ham,1,0,H,fpl-team-20,,0.5119943492080741,0.26993398353663506,0.2180716672552908,0.5201399354620344,0.26701583454168104,0.21284422999628458,0.030899116885848343,0.467018469656992,0.5329815303430079,0.4650388767684244,0.5349611232315755
E0,1011,2010-12-05,West Brom,Newcastle,3,1,H,,fpl-team-17,0.42080010168091253,0.2873756791967208,0.2918242191223666,0.42474505590614003,0.2853038559279205,0.28995108816593945,0.03048590710386634,0.5132275132275131,0.48677248677248675,0.5140071716723167,0.4859928283276833
E0,1011,2010-12-06,Liverpool,Aston Villa,3,0,H,fpl-team-14,fpl-team-2,0.5920663114268797,0.25103611604499704,0.1568975725281231,0.6040111171340775,0.24713975053802614,0.14884913232789637,0.031521308002993464,0.48806366047745364,0.5119363395225464,0.4873282270760773,0.5126717729239226
E0,1011,2010-12-11,Aston Villa,West Brom,2,1,H,fpl-team-2,,0.4481763619575254,0.2852031394275162,0.26662049861495846,0.4534934079316389,0.28296896952137385,0.26353762254698726,0.031315097818151116,0.5317460317460317,0.46825396825396826,0.5337296567989512,0.46627034320104876
E0,1011,2010-12-11,Everton,Wigan,0,0,D,fpl-team-9,,0.6604768090793082,0.22434247909344668,0.1151807118272452,0.6747429452769388,0.21941316925790377,0.10584388546515743,0.030045133316889405,0.5158730158730157,0.48412698412698413,0.5168137873046875,0.48318621269531237
E0,1011,2010-12-11,Fulham,Sunderland,0,0,D,fpl-team-10,fpl-team-20,0.4386118062426042,0.2919552270655105,0.26943296669188543,0.44332484249619236,0.29009688955195906,0.2665782679518486,0.030263130785897374,0.42077922077922075,0.5792207792207792,0.4155732713376546,0.5844267286623455
E0,1011,2010-12-11,Newcastle,Liverpool,3,1,H,fpl-team-17,fpl-team-14,0.2635118325416904,0.2842106471824274,0.45227752027588203,0.26026086100255397,0.2819117486599941,0.457827390337452,0.031565344193950295,0.48941798941798953,0.5105820105820106,0.48879708724282345,0.5112029127571766
E0,1011,2010-12-11,Stoke,Blackpool,0,1,A,,,0.5816880222841225,0.2441281337047354,0.17418384401114206,0.5929637530158685,0.24001495611343043,0.16702129087070114,0.03091124421916902,0.5818181818181818,0.41818181818181815,0.5873447204950857,0.41265527950491426
E0,1011,2010-12-11,West Ham,Man City,1,3,A,,fpl-team-15,0.2291359230516068,0.27780195980593037,0.49306211714246284,0.22438138488730403,0.27523363890453856,0.5003849762081575,0.031050341902300715,0.4788359788359788,0.5211640211640212,0.47756401267728427,0.5224359873227157
E0,1011,2010-12-12,Bolton,Blackburn,2,1,H,,,0.46357576121554267,0.28345144435769626,0.2529727944267611,0.46961906428453104,0.2811257828818619,0.2492551528336071,0.031397433136589825,0.4973544973544974,0.5026455026455027,0.497200447928301,0.502799552071699
E0,1011,2010-12-12,Tottenham,Chelsea,1,1,D,,fpl-team-6,0.33262197605278165,0.2880019548749695,0.3793760690722489,0.3325870077184809,0.28604106417936775,0.3813719281021514,0.029311220860108733,0.48412698412698413,0.5158730158730157,0.48318621269531237,0.5168137873046875
E0,1011,2010-12-12,Wolves,Birmingham,1,0,H,,,0.3924620288768048,0.29251828239264954,0.31501968873054564,0.3951600029365398,0.29065921438959536,0.3141807826738649,0.03085419605486095,0.4409448818897638,0.5590551181102362,0.4371227364174747,0.5628772635825252
E0,1011,2010-12-13,Man United,Arsenal,1,0,H,,fpl-team-1,0.48286356061154995,0.27693645388015364,0.24019998550829652,0.4897389513133669,0.27432769086255737,0.23593335782407568,0.031125502078793943,0.5039787798408488,0.4960212201591513,0.5042217844068116,0.49577821559318824
E0,1011,2010-12-18,Blackburn,West Ham,1,1,D,,,0.5287180819959717,0.268890910272237,0.2023910077317913,0.5377800325150072,0.26586011035084045,0.19635985713415244,0.03148080199025571,0.5119363395225464,0.48806366047745364,0.5126717729239226,0.4873282270760773
E0,1011,2010-12-18,Sunderland,Bolton,1,0,H,fpl-team-20,,0.44677249083475695,0.2891686980556249,0.26405881110961826,0.45188199193830747,0.287172125800787,0.2609458822609056,0.03045478230342269,0.4735449735449735,0.5264550264550264,0.4719266724690414,0.5280733275309587
E0,1011,2010-12-20,Man City,Everton,1,2,A,fpl-team-15,fpl-team-9,0.5501491747488664,0.26575002509055407,0.18410080016057953,0.560270227154324,0.2625332509918249,0.17719652185385107,0.03174905828200281,0.46825396825396826,0.5317460317460317,0.46627034320104876,0.5337296567989512
E0,1011,2010-12-26,Aston Villa,Tottenham,1,2,A,fpl-team-2,,0.3077816398783842,0.28626499028202296,0.40595336983959296,0.30660935318101523,0.28411671190358484,0.40927393491539993,0.030916923889890313,0.5066312997347481,0.49336870026525204,0.507037099589189,0.49296290041081114
E0,1011,2010-12-26,Blackburn,Stoke,0,2,A,,,0.41387940841865756,0.29215017064846416,0.29397042093287823,0.417441960280421,0.2903289899619758,0.29222904975760317,0.02988790813833475,0.4591029023746703,0.5408970976253298,0.4565461171848933,0.5434538828151066
E0,1011,2010-12-26,Bolton,West Brom,2,0,H,,,0.4564923396833409,0.28462022383870955,0.2588874364779495,0.4618128431425968,0.28250821315579633,0.25567894370160676,0.029196698334999382,0.5291005291005291,0.4708994708994709,0.5308988764074939,0.4691011235925061
E0,1011,2010-12-26,Fulham,West Ham,1,3,A,fpl-team-10,,0.4902582401569486,0.2818250961381261,0.22791666370492522,0.49751039549521814,0.27941999720061295,0.22306960730416892,0.03130573546513915,0.433420365535248,0.5665796344647519,0.4292099272552123,0.5707900727447877
E0,1011,2010-12-26,Man United,Sunderland,2,0,H,,fpl-team-20,0.7515179680179185,0.17374543847753712,0.07473659350454438,0.7689208456109345,0.1667647904642114,0.06431436392485398,0.02928590029478073,0.5602094240837696,0.4397905759162304,0.563974187816472,0.43602581218352804
E0,1011,2010-12-26,Newcastle,Man City,1,3,A,fpl-team-17,fpl-team-15,0.2930129513312634,0.2876529583191062,0.4193340903496304,0.29122351452704237,0.28562801606601124,0.4231484694069465,0.02997240563854575,0.49336870026525204,0.5066312997347481,0.49296290041081114,0.507037099589189
E0,1011,2010-12-26,Wolves,Wigan,1,2,A,,,0.45076469419871357,0.2889871812500955,0.26024812455119095,0.45611154178665836,0.2869591150840087,0.25692934312933297,0.030793854733929038,0.4397905759162304,0.5602094240837696,0.43602581218352804,0.563974187816472
E0,1011,2010-12-27,Arsenal,Chelsea,3,1,H,fpl-team-1,fpl-team-6,0.3668466749199011,0.2927937747031508,0.340359550376948,0.3683492276116828,0.29097916766162435,0.34067160472669283,0.030346851097419858,0.5013262599469495,0.4986737400530504,0.5014071822580904,0.49859281774190956
E0,1011,2010-12-28,Birmingham,Man United,1,1,D,,,0.13708831195206986,0.23321937514808924,0.629692312899841,0.12865481185033015,0.22873897828949205,0.6426062098601779,0.029835543362423778,0.4696569920844328,0.5303430079155673,0.4678573425068856,0.5321426574931143
E0,1011,2010-12-28,Man City,Aston Villa,4,0,H,fpl-team-15,fpl-team-2,0.6448530374069604,0.22841782288873055,0.12672913970430905,0.6575583624234673,0.2240149312860138,0.11842670629051877,0.027945044916123152,0.5132275132275131,0.48677248677248675,0.5140071716723167,0.4859928283276833
E0,1011,2010-12-28,Stoke,Fulham,0,2,A,,fpl-team-10,0.5045403241481137,0.2824821575320278,0.21297751831985845,0.5121424550626061,0.2801911195029417,0.20766642543445213,0.030088807921856642,0.4160206718346253,0.5839793281653746,0.410679931844408,0.589320068155592
E0,1011,2010-12-28,Sunderland,Blackpool,0,2,A,fpl-team-20,,0.5900186790555103,0.24777687309417754,0.1622044478503121,0.6013108386724787,0.2439350868567816,0.15475407447073977,0.029978586127981544,0.5651041666666667,0.4348958333333333,0.5689864510489147,0.43101354895108535
E0,1011,2010-12-28,Tottenham,Newcastle,2,0,H,,fpl-team-17,0.6207257716714928,0.23411989402994268,0.14515433429856447,0.6334958085395517,0.22960650064838625,0.13689769081206216,0.030387256061658263,0.5639686684073107,0.4360313315926892,0.5679197161138259,0.4320802838861742
E0,1011,2010-12-28,West Brom,Blackburn,1,3,A,,,0.5185824377874985,0.271212654245186,0.21020490796731564,0.5267606973109028,0.26843809103504057,0.20480121165405663,0.029919999418780208,0.5039787798408488,0.4960212201591513,0.5042217844068116,0.49577821559318824
E0,1011,2010-12-28,West Ham,Everton,1,1,D,,fpl-team-9,0.27866156400283715,0.28800692133220057,0.43333151466496234,0.27629035938992796,0.2860370280005053,0.43767261260956686,0.029330189572647214,0.4526315789473684,0.5473684210526316,0.4496869409663943,0.5503130590336057
E0,1011,2010-12-29,Chelsea,Bolton,1,0,H,fpl-team-6,,0.7295844745409662,0.18204332150055058,0.08837220395848323,0.7479591259090057,0.17471550536639002,0.07732536872460431,0.032498553628101945,0.5777202072538861,0.422279792746114,0.5825332196074612,0.41746678039253876
E0,1011,2010-12-29,Liverpool,Wolves,0,1,A,fpl-team-14,,0.7156394087333876,0.19317873609981015,0.09118185516680227,0.7322635945997735,0.1868187211491164,0.08091768425111012,0.030303420266136527,0.5665796344647519,0.433420365535248,0.5707900727447877,0.4292099272552123
E0,1011,2010-12-29,Wigan,Arsenal,2,2,D,,fpl-team-1,0.13735329715909864,0.23356860185222963,0.6290781009886718,0.12878646194361024,0.2290239306119573,0.6421896074444324,0.03036750154569745,0.5145888594164455,0.4854111405835544,0.5154920849523393,0.4845079150476607
E0,1011,2011-01-01,Birmingham,Arsenal,0,3,A,,fpl-team-1,0.17561656265783232,0.2528313516012224,0.5715520857409452,0.16861545861812632,0.2491624955498981,0.5822220458319755,0.03047486813738942,0.49336870026525204,0.5066312997347481,0.49296290041081114,0.507037099589189
E0,1011,2011-01-01,Liverpool,Bolton,2,1,H,fpl-team-14,,0.5658133522000097,0.2588789858011003,0.17530766199888984,0.5758705423911468,0.25559686601265014,0.16853259159620307,0.029411240248009562,0.47745358090185674,0.5225464190981433,0.47602932882080634,0.5239706711791936
E0,1011,2011-01-01,Man City,Blackpool,1,0,H,fpl-team-15,,0.7392077458729595,0.17289020943990027,0.08790204468714032,0.7588344057851834,0.16479953732013167,0.07636605689468495,0.03400834044441581,0.43229166666666663,0.5677083333333334,0.42815297888698983,0.5718470211130101
E0,1011,2011-01-01,Stoke,Everton,2,0,H,,fpl-team-9,0.3476997138834643,0.29538126163767664,0.3569190244788592,0.3483481160111889,0.29366612359440136,0.3579857603944097,0.030643238918855786,0.4196891191709845,0.5803108808290156,0.4145723104045335,0.5854276895954665
E0,1011,2011-01-01,Sunderland,Blackburn,3,0,H,fpl-team-20,,0.5095100864553314,0.2772334293948127,0.21325648414985593,0.5174644498799217,0.2746677304436447,0.20786781967643375,0.03060293896123767,0.4450261780104712,0.5549738219895288,0.44173140953637374,0.5582685904636263
E0,1011,2011-01-01,Tottenham,Fulham,1,0,H,,fpl-team-10,0.6487042947626056,0.22720319502555028,0.12409251021184407,0.6634649332924059,0.22206311236871448,0.11447195433887974,0.032231189077720046,0.5236842105263159,0.47631578947368425,0.5249868125159045,0.4750131874840955
E0,1011,2011-01-01,West Brom,Man United,1,2,A,,,0.1600073482134656,0.23483665533817097,0.6051559964483635,0.15245717345792723,0.23042737636008692,0.6171154501819858,0.030002169078215957,0.5406824146981627,0.4593175853018373,0.5429958391045165,0.45700416089548346
E0,1011,2011-01-01,West Ham,Wolves,2,0,H,,,0.4724791647586775,0.28207711328876267,0.24544372195255973,0.47848925270634574,0.27985069378381944,0.2416600535098349,0.029204522725194693,0.4617414248021108,0.5382585751978891,0.459383753504971,0.540616246495029
E0,1011,2011-01-02,Chelsea,Aston Villa,3,3,D,fpl-team-6,fpl-team-2,0.7567778269189788,0.16772558220722047,0.07549659087380076,0.7747318536280605,0.16036452166092083,0.06490362471101863,0.029869038611650467,0.5839793281653746,0.4160206718346253,0.589320068155592,0.410679931844408
E0,1011,2011-01-02,Wigan,Newcastle,0,1,A,,fpl-team-17,0.38446744956831297,0.29072384303776755,0.32480870739391965,0.38679816758816166,0.2887858053045552,0.32441602710728307,0.030831024516373873,0.4552631578947368,0.5447368421052632,0.4525285526877652,0.547471447312235
E0,1011,2011-01-04,Blackpool,Birmingham,1,2,A,,,0.4093828989100511,0.2888284256113857,0.30178867547856325,0.41287526130058066,0.28678718599021114,0.3003375527092081,0.031049072742462158,0.48412698412698413,0.5158730158730157,0.48318621269531237,0.5168137873046875
E0,1011,2011-01-04,Fulham,West Brom,3,0,H,fpl-team-10,,0.43585272302874145,0.28967442515140973,0.2744728518198488,0.4405751144189799,0.2876592100333934,0.27176567554762676,0.03114893357269466,0.4383202099737532,0.5616797900262467,0.4342436622096085,0.5657563377903915
E0,1011,2011-01-04,Man United,Stoke,2,1,H,,,0.7411849291527355,0.17660503940412273,0.08221003144314186,0.7600477424778873,0.16900240548891207,0.07094985203320057,0.03255711612291634,0.5870129870129869,0.41298701298701296,0.5932264707547904,0.4067735292452096
E0,1011,2011-01-05,Arsenal,Man City,0,0,D,fpl-team-1,fpl-team-15,0.48579897873813577,0.2700429853157545,0.24415803594610969,0.49270129232157106,0.26716679967707396,0.24013190800135498,0.0306356530636549,0.5264550264550264,0.4735449735449735,0.5280733275309587,0.4719266724690414
E0,1011,2011-01-05,Aston Villa,Sunderland,0,1,A,fpl-team-2,fpl-team-20,0.4359715806208554,0.2875272694278648,0.27650114995127995,0.44104823658375863,0.2852581486665043,0.2736936147497371,0.03348115924745798,0.4722955145118733,0.5277044854881265,0.47067039106305425,0.5293296089369458
E0,1011,2011-01-05,Blackburn,Liverpool,3,1,H,,fpl-team-14,0.27698676732247435,0.28627595768999636,0.43673727498752934,0.27427946779147616,0.2840098563201089,0.441710675888415,0.03254346502944827,0.4617414248021108,0.5382585751978891,0.459383753504971,0.540616246495029
E0,1011,2011-01-05,Bolton,Wigan,1,1,D,,,0.553964807188319,0.2652789217521528,0.18075627105952827,0.5640840487928063,0.2620938154902707,0.17382213571692304,0.03119580412749201,0.503957783641161,0.4960422163588391,0.5041773420969614,0.49582265790303864
E0,1011,2011-01-05,Everton,Tottenham,2,1,H,fpl-team-9,,0.3535363555202857,0.2902489832357901,0.35621466124392426,0.35447955224941,0.28823690773217525,0.3572835400184147,0.031695354264229536,0.4735449735449735,0.5264550264550264,0.4719266724690414,0.5280733275309587
E0,1011,2011-01-05,Newcastle,West Ham,5,0,H,fpl-team-17,,0.5042751143344532,0.27187006164118344,0.22385482402436344,0.5126515983488045,0.26883039782438445,0.218518003826811,0.03323724656365812,0.48941798941798953,0.5105820105820106,0.48879708724282345,0.5112029127571766
E0,1011,2011-01-05,Wolves,Chelsea,1,0,H,,fpl-team-6,0.12156238838923343,0.22588395727133997,0.6525536543394266,0.11167239263570401,0.22058379565728617,0.6677438117070097,0.03281526989303529,0.5499999999999999,0.45000000000000007,0.5531632110568048,0.44683678894319523
E0,1011,2011-01-12,Blackpool,Liverpool,2,1,H,,fpl-team-14,0.24329647509660565,0.2637415570374969,0.49296196786589735,0.23916288628489113,0.2605297658536443,0.5003073478614647,0.031151326838880777,0.5447368421052632,0.4552631578947368,0.547471447312235,0.4525285526877652
E0,1011,2011-01-15,Chelsea,Blackburn,2,0,H,fpl-team-6,,0.7448308342246867,0.17452678218917936,0.08064238358613403,0.7622912592097943,0.16748340093997036,0.0702253398502352,0.029762196354568005,0.5880829015544041,0.4119170984455959,0.5942010916211667,0.40579890837883326
E0,1011,2011-01-15,Man City,Wolves,4,3,H,fpl-team-15,,0.7157940923333089,0.1936164348114688,0.09058947285522223,0.7323599469367974,0.1872974481002665,0.08034260496293617,0.03018822753801942,0.5578947368421052,0.44210526315789467,0.5617699910098899,0.4382300089901101
E0,1011,2011-01-15,Stoke,Bolton,2,0,H,,,0.4458638887508932,0.29084044435442885,0.2632956668946779,0.4506972289874798,0.28900810317384945,0.26029466783867067,0.02902284194715321,0.4360313315926892,0.5639686684073107,0.4320802838861742,0.5679197161138259
E0,1011,2011-01-15,West Brom,Blackpool,3,2,H,,,0.5316272830461253,0.257145805386441,0.21122691156743367,0.5399809392980024,0.25391199012351034,0.20610707057848732,0.028532828902825713,0.5818181818181818,0.41818181818181815,0.5873447204950857,0.41265527950491426
E0,1011,2011-01-15,West Ham,Arsenal,0,3,A,,fpl-team-1,0.1504919930542157,0.24271657341308125,0.606791433532703,0.14292082096259215,0.23883435494866287,0.6182448240887449,0.028566467575728893,0.5356200527704486,0.4643799472295515,0.537785490368317,0.4622145096316831
E0,1011,2011-01-15,Wigan,Fulham,1,1,D,,fpl-team-10,0.370746559393684,0.2963648045310013,0.3328886360753148,0.37234500908332674,0.29478800099070535,0.3328669899259678,0.028882671846076846,0.4186046511627907,0.5813953488372093,0.4135802469263314,0.5864197530736686
E0,1011,2011-01-16,Birmingham,Aston Villa,1,1,D,,fpl-team-2,0.39157495904155193,0.29490489102816886,0.31352014993027916,0.3941470083530404,0.2932103317584986,0.312642659888461,0.02984722307883203,0.44619422572178474,0.5538057742782152,0.44284917758618875,0.5571508224138112
E0,1011,2011-01-16,Liverpool,Everton,2,2,D,fpl-team-14,fpl-team-9,0.43017612737881017,0.2939091553519821,0.27591471726920763,0.4342429690829191,0.2922497655085472,0.27350726540853376,0.0283611211925745,0.4450261780104712,0.5549738219895288,0.44173140953637374,0.5582685904636263
E0,1011,2011-01-16,Sunderland,Newcastle,1,1,D,fpl-team-20,fpl-team-17,0.44768402455823036,0.2906502436362665,0.2616657318055031,0.4526536567219653,0.2887873350716093,0.2585590082064254,0.02937213354744017,0.4578947368421053,0.5421052631578948,0.45536212476552757,0.5446378752344725
E0,1011,2011-01-16,Tottenham,Man United,0,0,D,,,0.3323292803879073,0.28862848816564424,0.37904223144644844,0.332280914495598,0.2866643532839645,0.3810547322204375,0.02977751358412206,0.49340369393139843,0.5065963060686015,0.49303698752158454,0.5069630124784155
E0,1011,2011-01-22,Arsenal,Wigan,3,0,H,fpl-team-1,,0.7855770308780547,0.14798939357200402,0.0664335755499412,0.8059791544276599,0.13916613593631863,0.05485470963602156,0.03226264822296798,0.6157760814249365,0.3842239185750636,0.6245142575800321,0.3754857424199679
E0,1011,2011-01-22,Aston Villa,Man City,1,0,H,fpl-team-2,fpl-team-15,0.26694433926542976,0.28560610158489746,0.44744955914967266,0.26379301977031083,0.2833300744055467,0.4528769058241424,0.0321807477157563,0.48806366047745364,0.5119363395225464,0.4873282270760773,0.5126717729239226
E0,1011,2011-01-22,Blackpool,Sunderland,1,2,A,,fpl-team-20,0.3803821257906122,0.2864462959459793,0.33317157826340854,0.38261866052572163,0.28422276435095134,0.3331585751233271,0.03218935348559171,0.5159574468085106,0.4840425531914894,0.5169933159605087,0.4830066840394914
E0,1011,2011-01-22,Everton,West Ham,2,2,D,fpl-team-9,,0.6292616823065262,0.2373670649713225,0.13337125272215133,0.6438530922344923,0.23246917613033471,0.12367773163517298,0.03391303576063365,0.502659574468085,0.49734042553191493,0.5028294145940619,0.49717058540593806
E0,1011,2011-01-22,Fulham,Stoke,2,0,H,fpl-team-10,,0.43122889021136396,0.294695605222813,0.27407550456582314,0.43584788579540473,0.29286697917771126,0.2712851350268841,0.031917578307911754,0.41298701298701296,0.5870129870129869,0.4067735292452096,0.5932264707547904
E0,1011,2011-01-22,Man United,Birmingham,5,0,H,,,0.7833512195768247,0.15040343415875035,0.06624534626442492,0.8046452777772924,0.14122832392993842,0.05412639829276912,0.03396282996982336,0.5721784776902887,0.42782152230971127,0.5773906680834776,0.42260933191652233
E0,1011,2011-01-22,Newcastle,Tottenham,1,1,D,fpl-team-17,,0.2772756503946214,0.2814264834843613,0.4412978661210172,0.2746258861357711,0.27897048440806477,0.4464036294561641,0.031991173163987696,0.5172413793103448,0.48275862068965525,0.5183150183124496,0.48168498168755036
E0,1011,2011-01-22,Wolves,Liverpool,0,3,A,,fpl-team-14,0.29316990410030364,0.2922594385596195,0.414570657340077,0.29130829889213156,0.2903560258088154,0.4183356752990531,0.03133801382500678,0.4511873350923483,0.5488126649076518,0.44798695456905224,0.5520130454309478
E0,1011,2011-01-23,Blackburn,West Brom,2,0,H,,,0.42299676607977,0.2871721164211283,0.2898311174991017,0.42730299947220235,0.28495582816832,0.28774117235947777,0.03249177918769419,0.5145888594164455,0.4854111405835544,0.5154920849523393,0.4845079150476607
E0,1011,2011-01-24,Bolton,Chelsea,0,4,A,,fpl-team-6,0.1701558435631817,0.25569867202117463,0.5741454844156437,0.16196519543067323,0.25166489902998446,0.5863699055393424,0.0346615775488317,0.5053191489361702,0.49468085106382986,0.505659309563501,0.4943406904364988
E0,1011,2011-01-25,Blackpool,Man United,2,3,A,,,0.1100961959114674,0.19099684189499505,0.6989069621935374,0.10035353557013318,0.184492243711164,0.7151542207187029,0.030746367760002613,0.6116751269035533,0.3883248730964467,0.6193285059601447,0.38067149403985534
E0,1011,2011-01-25,Wigan,Aston Villa,1,2,A,,fpl-team-2,0.291310626550819,0.28862985391384827,0.4200595195353327,0.2893572589492835,0.28655314942056437,0.42408959163015214,0.031422635773196816,0.4603174603174603,0.5396825396825397,0.45774171736872327,0.5422582826312768
E0,1011,2011-01-26,Liverpool,Fulham,1,0,H,fpl-team-14,fpl-team-10,0.6127798159737889,0.24163740165976733,0.14558278236644365,0.6265715025690829,0.23697841989001148,0.1364500775409057,0.03383984765969217,0.46684350132625996,0.53315649867374,0.46466530981435855,0.5353346901856414
E0,1011,2011-02-01,Arsenal,Everton,2,1,H,fpl-team-1,fpl-team-9,0.652520481216326,0.22318990331389774,0.12428961546977639,0.6677247308066009,0.21776731864839405,0.11450795054500522,0.03282534354366362,0.5317460317460317,0.46825396825396826,0.5337296567989512,0.46627034320104876
E0,1011,2011-02-01,Man United,Aston Villa,3,1,H,,fpl-team-2,0.7139493183476953,0.18514992145755557,0.10090076019474922,0.7312130505243533,0.17820439926805481,0.09058255020759197,0.031536348164081573,0.5796344647519582,0.42036553524804177,0.585333780992056,0.41466621900794404
E0,1011,2011-02-01,Sunderland,Chelsea,2,4,A,fpl-team-20,fpl-team-6,0.17689175909027094,0.2618980766530956,0.5612101642566335,0.1699223414076311,0.25862079474676286,0.571456863845606,0.03058761963620782,0.4735449735449735,0.5264550264550264,0.4719266724690414,0.5280733275309587
E0,1011,2011-02-01,West Brom,Wigan,2,2,D,,,0.552185089974293,0.26375321336760926,0.1840616966580977,0.5617729269570313,0.26065105572362174,0.17757601731934705,0.029759987024590373,0.5225464190981433,0.47745358090185674,0.5239706711791936,0.47602932882080634
E0,1011,2011-02-02,Birmingham,Man City,2,2,D,,fpl-team-15,0.21492537313432836,0.2746268656716418,0.5104477611940298,0.20928353452538626,0.2717775382010862,0.5189389272735275,0.032525270245969296,0.4694960212201591,0.5305039787798408,0.46751412429064465,0.5324858757093553
E0,1011,2011-02-02,Blackburn,Tottenham,0,1,A,,,0.301515975116265,0.2876849670834088,0.41079905780032616,0.3000296552320017,0.28555943948076784,0.4144109052872304,0.03153127431869507,0.4854111405835544,0.5145888594164455,0.4845079150476607,0.5154920849523393
E0,1011,2011-02-02,Blackpool,West Ham,1,3,A,,,0.40278286341999275,0.2843891126571464,0.312828023922861,0.4061487252551672,0.2820225740140367,0.31182870073079605,0.03280124021694064,0.5461741424802111,0.45382585751978893,0.5491517806907368,0.45084821930926317
E0,1011,2011-02-02,Bolton,Wolves,1,0,H,,,0.5133771096760188,0.27310468334509147,0.21351820697888965,0.5219708658878602,0.2701946008146012,0.20783453329753848,0.032383949030190706,0.48806366047745364,0.5119363395225464,0.4873282270760773,0.5126717729239226
E0,1011,2011-02-02,Fulham,Newcastle,1,0,H,fpl-team-10,fpl-team-17,0.45667271333480075,0.2876898438745228,0.25563744279067646,0.46242676779858577,0.28554940829239756,0.2520238239090167,0.03156733082141727,0.4383202099737532,0.5616797900262467,0.4342436622096085,0.5657563377903915
E0,1011,2011-02-02,Liverpool,Stoke,2,0,H,fpl-team-14,,0.5865086009019471,0.2536253409305717,0.1598660581674813,0.5988202148383319,0.24964624113300185,0.15153354402866628,0.0332268001511693,0.45502645502645506,0.544973544973545,0.4520207721894716,0.5479792278105284
E0,1011,2011-02-05,Aston Villa,Fulham,2,2,D,fpl-team-2,fpl-team-10,0.48668545631046944,0.2779002753488775,0.2354142683406531,0.49402615880591405,0.2752265042073036,0.23074733698678235,0.03243176802061498,0.44210526315789467,0.5578947368421052,0.4382300089901101,0.5617699910098899
E0,1011,2011-02-05,Everton,Blackpool,5,3,H,fpl-team-9,,0.6487744337573689,0.21625814458578965,0.13496742165684145,0.6635217745916757,0.21065342334038523,0.12582480206793906,0.032112686545588076,0.5844155844155844,0.41558441558441556,0.5902777777793641,0.4097222222206359
E0,1011,2011-02-05,Man City,West Brom,3,0,H,fpl-team-15,,0.6652688297996955,0.2141618835656554,0.12056928663464918,0.6815258458881618,0.20813109659869017,0.1103430575131481,0.0338375570718199,0.5759162303664922,0.42408376963350786,0.5813692480357762,0.4186307519642238
E0,1011,2011-02-05,Newcastle,Arsenal,4,4,D,fpl-team-17,fpl-team-1,0.18052044911734916,0.249472557003021,0.5700069938796298,0.173413598391597,0.2454780716754854,0.5811083299329175,0.03192772623151541,0.5251989389920424,0.4748010610079576,0.5268043564136201,0.4731956435863799
E0,1011,2011-02-05,Stoke,Sunderland,3,2,H,,fpl-team-20,0.45155174134317927,0.28899311445963477,0.2594551441971859,0.4572149748763473,0.2868587646112739,0.25592626051237877,0.03242401662282646,0.4145077720207254,0.5854922279792746,0.40873893805577544,0.5912610619442245
E0,1011,2011-02-05,Tottenham,Bolton,2,1,H,,,0.5988542316543746,0.2454833273361274,0.15566244100949803,0.611375049843193,0.2412393488026417,0.14738560135416523,0.03222435456700623,0.519893899204244,0.48010610079575594,0.521141053103163,0.47885894689683706
E0,1011,2011-02-05,Wigan,Blackburn,4,3,H,,,0.3774460658720433,0.29278526605027666,0.32976866807768,0.3795325381910211,0.29087142131452975,0.3295960404944492,0.03201789886225015,0.43569553805774275,0.5643044619422573,0.43135332026324247,0.5686466797367574
E0,1011,2011-02-05,Wolves,Man United,2,1,H,,,0.12003663743647777,0.21807119979759187,0.6618921627659303,0.1101078323031455,0.21241852457918153,0.6774736431176729,0.032725870376452804,0.537037037037037,0.462962962962963,0.5394088669999334,0.46059113300006654
E0,1011,2011-02-06,Chelsea,Liverpool,0,1,A,fpl-team-6,fpl-team-14,0.5879966939353353,0.24309940834535823,0.16890389771930636,0.5998832558873493,0.2388131956058243,0.16130354850682635,0.03182196035049856,0.48010610079575594,0.519893899204244,0.47885894689683706,0.521141053103163
E0,1011,2011-02-06,West Ham,Birmingham,0,1,A,,,0.46011664287233073,0.28272227453601045,0.2571610825916588,0.4662534402305359,0.2802626574278292,0.25348390234163487,0.03276969026774168,0.46684350132625996,0.53315649867374,0.46466530981435855,0.5353346901856414
E0,1011,2011-02-12,Arsenal,Wolves,2,0,H,fpl-team-1,,0.7650251415075465,0.16140324597843606,0.07357161251401738,0.7851090618299578,0.1529798686452533,0.061911069524788934,0.033046811586245894,0.6096938775510204,0.3903061224489796,0.6175923646997018,0.38240763530029803
E0,1011,2011-02-12,Birmingham,Stoke,1,0,H,,,0.3817182935872277,0.2964918821259284,0.32178982428684383,0.3838881103302224,0.294842580162685,0.32126930950709254,0.030322161968797445,0.4196891191709845,0.5803108808290156,0.4145723104045335,0.5854276895954665
E0,1011,2011-02-12,Blackburn,Newcastle,0,0,D,,fpl-team-17,0.44554696842455604,0.2866171046877479,0.2678359268876961,0.45084089139693223,0.28440721530921825,0.26475189329384946,0.031917292857542634,0.5013262599469495,0.4986737400530504,0.5014071822580904,0.49859281774190956
E0,1011,2011-02-12,Blackpool,Aston Villa,1,1,D,,fpl-team-2,0.2931628367857312,0.2751616099655547,0.43167555324871426,0.2912950027921813,0.272468357483123,0.4362366397246958,0.03136571461800486,0.6030927835051546,0.3969072164948454,0.6110001109892732,0.3889998890107268
E0,1011,2011-02-12,Liverpool,Wigan,1,1,D,fpl-team-14,,0.6932571517011892,0.20676090489333715,0.09998194340547373,0.7094439462968286,0.20082418281416203,0.08973187088900944,0.031228311359882355,0.5185185185185185,0.4814814814814815,0.5196232339053608,0.4803767660946392
E0,1011,2011-02-12,Man United,Man City,2,1,H,,fpl-team-15,0.5319866952415124,0.26375810940545574,0.20425519535303185,0.5411198505186399,0.2605216211394567,0.19835852834190335,0.03119805338792503,0.4708994708994709,0.5291005291005291,0.4691011235925061,0.5308988764074939
E0,1011,2011-02-12,Sunderland,Tottenham,1,2,A,fpl-team-20,,0.34754521431192203,0.29159366278182935,0.3608611229062486,0.3481908805564834,0.2896933685828861,0.3621157508606306,0.030881048645824194,0.4761904761904762,0.5238095238095238,0.4747474747483622,0.5252525252516378
E0,1011,2011-02-12,West Brom,West Ham,3,3,D,,,0.4882108183079057,0.26768377253814146,0.24410540915395285,0.4952486714612941,0.2646903037822612,0.24006102475644472,0.030753683764487505,0.5488126649076518,0.4511873350923483,0.5520130454309478,0.44798695456905224
E0,1011,2011-02-13,Bolton,Everton,2,0,H,,fpl-team-9,0.35034330412706793,0.29267810189497284,0.35697859397795934,0.3511090809011607,0.2908462737814458,0.35804464531739344,0.03055573964957148,0.4748010610079576,0.5251989389920424,0.4731956435863799,0.5268043564136201
E0,1011,2011-02-14,Fulham,Chelsea,0,0,D,fpl-team-10,fpl-team-6,0.19232435895020442,0.2671778736552556,0.5404977673945399,0.18576130430411134,0.26402070710169284,0.5502179885941959,0.031885908683761954,0.4761904761904762,0.5238095238095238,0.4747474747483622,0.5252525252516378
E0,1011,2011-02-15,Birmingham,Newcastle,0,2,A,,fpl-team-17,0.37550286741419153,0.29478729778310364,0.32970983480270477,0.37727517163664476,0.29317013763745947,0.3295546907258957,0.028401117539033294,0.4233766233766234,0.5766233766233767,0.41847675895462316,0.5815232410453769
E0,1011,2011-02-20,West Brom,Wolves,1,1,D,,,0.5059141299940205,0.2767647887614348,0.2173210812445446,0.51393340153925,0.2741048641933185,0.21196173426743148,0.03150167455896735,0.5211640211640212,0.4788359788359788,0.5224359873227157,0.47756401267728427
E0,1011,2011-02-22,Blackpool,Tottenham,3,1,H,,,0.22546986801291488,0.2586452709357961,0.515884861051289,0.22119874728543498,0.25566458718415613,0.5231366655304089,0.026858455035835505,0.6035805626598465,0.39641943734015345,0.6107162383745074,0.3892837616254925
E0,1011,2011-02-23,Arsenal,Stoke,1,0,H,fpl-team-1,,0.7294090934892433,0.18306181529204746,0.0875290912187092,0.747848150940646,0.17574347362108386,0.07640837543827002,0.03264838852919638,0.582901554404145,0.4170984455958549,0.5883367839987793,0.4116632160012208
E0,1011,2011-02-26,Aston Villa,Blackburn,4,1,H,fpl-team-2,,0.5410758454601035,0.26449238255731317,0.19443177198258338,0.5497258952683551,0.26158691806547035,0.1886871866661746,0.02822976082097739,0.5132275132275131,0.48677248677248675,0.5140071716723167,0.4859928283276833
E0,1011,2011-02-26,Everton,Sunderland,2,0,H,fpl-team-9,fpl-team-20,0.5485193566440374,0.26576149110640684,0.18571915224955593,0.5580849011558069,0.2627035386980647,0.17921156014612835,0.030198930529877543,0.4735449735449735,0.5264550264550264,0.4719266724690414,0.5280733275309587
E0,1011,2011-02-26,Newcastle,Bolton,1,1,D,fpl-team-17,,0.4528173122014266,0.2862796381091086,0.2609030496894647,0.45828146244901974,0.2841197043799493,0.25759883317103094,0.03093025670386851,0.4721485411140583,0.5278514588859416,0.4703574050007903,0.5296425949992097
E0,1011,2011-02-26,Wigan,Man United,0,4,A,,,0.14607786739776998,0.24510727880249195,0.6088148537997381,0.13789211452929817,0.24109294149395583,0.6210149439767461,0.030270036309957504,0.5013262599469495,0.4986737400530504,0.5014071822580904,0.49859281774190956
E0,1011,2011-02-26,Wolves,Blackpool,4,0,H,,,0.5157980488921504,0.26366213113760767,0.2205398199702419,0.5238413306873463,0.2605688678962457,0.21558980141640796,0.029856352601200342,0.5605263157894738,0.43947368421052635,0.564659413558811,0.4353405864411891
E0,1011,2011-02-27,Man City,Fulham,1,1,D,fpl-team-15,fpl-team-10,0.6278107343683867,0.24084810781395913,0.13134115781765415,0.6413223287329326,0.2364543035290261,0.12222336773804128,0.0315012097125873,0.49071618037135284,0.5092838196286471,0.49014639639470625,0.5098536036052937
E0,1011,2011-02-27,West Ham,Liverpool,3,1,H,,fpl-team-14,0.2738234801540781,0.2880589515993971,0.4381175682465249,0.27111108912306764,0.28598853112210626,0.442900379754826,0.030861952109262347,0.44210526315789467,0.5578947368421052,0.4382300089901101,0.5617699910098899
E0,1011,2011-02-28,Stoke,West Brom,1,1,D,,,0.491205135563137,0.27820467854903336,0.2305901858878296,0.49826492187664245,0.2757188544631134,0.22601622366024413,0.030272667296230793,0.47493403693931396,0.5250659630606861,0.47347850363148986,0.5265214963685101
E0,1011,2011-03-01,Chelsea,Man United,2,1,H,fpl-team-6,,0.43906848475563043,0.2945304121342117,0.2664011031101578,0.44333641651373706,0.29295812024208484,0.2637054632441781,0.027251060353592038,0.433420365535248,0.5665796344647519,0.4292099272552123,0.5707900727447877
E0,1011,2011-03-05,Arsenal,Sunderland,0,0,D,fpl-team-1,fpl-team-20,0.6464935086509788,0.2279904644034853,0.12551602694553576,0.6603076500865227,0.22319458067882678,0.11649776923465056,0.030305555555969477,0.5291005291005291,0.4708994708994709,0.5308988764074939,0.4691011235925061
E0,1011,2011-03-05,Birmingham,West Brom,1,3,A,,,0.40523233143458987,0.2969155132838347,0.2978521552815755,0.40837956732505537,0.2953215516746163,0.29629888100032836,0.029575397726148367,0.4383202099737532,0.5616797900262467,0.4342436622096085,0.5657563377903915
E0,1011,2011-03-05,Bolton,Aston Villa,3,2,H,,fpl-team-2,0.4174887036212054,0.2876598994463183,0.29485139693247625,0.42121949459650915,0.2856365528995735,0.2931439525039174,0.02995833894237876,0.48275862068965525,0.5172413793103448,0.48168498168755036,0.5183150183124496
E0,1011,2011-03-05,Fulham,Blackburn,3,2,H,fpl-team-10,,0.5521718368486966,0.2644856697510564,0.18334249340024686,0.5617628920746449,0.26141334200535504,0.17682376592000004,0.029774152673780918,0.4564643799472295,0.5435356200527705,0.45370110556018506,0.5462988944398149
E0,1011,2011-03-05,Man City,Wigan,1,0,H,fpl-team-15,,0.6892914597009199,0.2093856540554901,0.10132288624359015,0.7048593376893221,0.20373897426946386,0.09140168804121401,0.03031142638064921,0.5264550264550264,0.4735449735449735,0.5280733275309587,0.4719266724690414
E0,1011,2011-03-05,Newcastle,Everton,1,2,A,fpl-team-17,fpl-team-9,0.3653710886886129,0.2918443990144339,0.3427845122969532,0.3668108096038488,0.2899827834398282,0.34320640695632304,0.030425004428252578,0.4603174603174603,0.5396825396825397,0.45774171736872327,0.5422582826312768
E0,1011,2011-03-05,West Ham,Stoke,3,0,H,,,0.42634142872382036,0.28813900840356055,0.2855195628726191,0.43056574886976867,0.28608571215302486,0.2833485389772065,0.030703335301950574,0.44210526315789467,0.5578947368421052,0.4382300089901101,0.5617699910098899
E0,1011,2011-03-06,Liverpool,Man United,3,1,H,fpl-team-14,,0.33617608404606814,0.2933710547110097,0.37045286124292215,0.33629623172058615,0.2916425866865813,0.3720611815928326,0.029303002171218395,0.43717277486910994,0.5628272251308901,0.433156941930835,0.566843058069165
E0,1011,2011-03-06,Wolves,Tottenham,3,3,D,,,0.3205650749139997,0.28998809853758745,0.3894468265484129,0.319984320752811,0.28803443201365053,0.39198124723353844,0.030542034190148115,0.4708994708994709,0.5291005291005291,0.4691011235925061,0.5308988764074939
E0,1011,2011-03-07,Blackpool,Chelsea,1,3,A,,fpl-team-6,0.09656882014809179,0.17767935458509546,0.7257518252668128,0.08626706194464229,0.17052530558963103,0.7432076324657266,0.030982700176537037,0.63,0.37,0.6394251394386397,0.3605748605613603
E0,1011,2011-03-09,Everton,Birmingham,1,1,D,fpl-team-9,,0.6118555858048504,0.24666429375378787,0.14148012044136182,0.6245111691388254,0.24260236225496884,0.1328864686062057,0.03110753046348691,0.4591029023746703,0.5408970976253298,0.4565461171848933,0.5434538828151066
E0,1011,2011-03-19,Aston Villa,Wolves,0,1,A,fpl-team-2,,0.5024052231646802,0.27377444044915905,0.22382033638616083,0.5097710146414981,0.27115725862639206,0.21907172673210978,0.02949259663000703,0.5277044854881265,0.4722955145118733,0.5293296089369458,0.47067039106305425
E0,1011,2011-03-19,Blackburn,Blackpool,2,2,D,,,0.5192434528290573,0.262506412263579,0.21825013490736359,0.5272686947985428,0.2594267106326847,0.21330459456877257,0.02923224202822894,0.596401028277635,0.4035989717223651,0.6029540961817108,0.39704590381828925
E0,1011,2011-03-19,Everton,Fulham,2,1,H,fpl-team-9,fpl-team-10,0.4697602645356848,0.288751722237531,0.24148801322678426,0.4757348872816297,0.28678314894365425,0.23748196377471614,0.02962132915854454,0.4248704663212435,0.5751295336787565,0.42034717644622677,0.5796528235537732
E0,1011,2011-03-19,Man United,Bolton,1,0,H,,,0.6750395222202705,0.2142982610223081,0.1106622167574214,0.6897828595928521,0.20897892644741742,0.1012382139597305,0.029772037407383323,0.574025974025974,0.42597402597402595,0.5786337048893706,0.42136629511062934
E0,1011,2011-03-19,Stoke,Newcastle,4,0,H,,fpl-team-17,0.4299428303837974,0.2910382236444167,0.2790189459717859,0.43404055547366577,0.28924167441396964,0.2767177701123646,0.028647970873862505,0.42597402597402595,0.574025974025974,0.42136629511062934,0.5786337048893706
E0,1011,2011-03-19,Tottenham,West Ham,0,0,D,,,0.6012501697903825,0.24142270244780065,0.15732712776181673,0.6130528432016357,0.23729018595294712,0.1496569708454172,0.030048610642552376,0.549738219895288,0.450261780104712,0.5526024363159369,0.44739756368406325
E0,1011,2011-03-19,West Brom,Arsenal,2,2,D,,fpl-team-1,0.2018471132067636,0.2625699216366535,0.535582965156583,0.19594963403547683,0.25933732079061544,0.5447130451739078,0.030629752203822136,0.5473684210526316,0.4526315789473684,0.5503130590336057,0.4496869409663943
E0,1011,2011-03-19,Wigan,Birmingham,2,1,H,,,0.43723611719595074,0.2905938501979242,0.272170032606125,0.44176673956715784,0.28872566998996624,0.2695075904428759,0.029464778024703264,0.4424083769633508,0.5575916230366492,0.4388837958712722,0.5611162041287278
E0,1011,2011-03-20,Chelsea,Man City,2,0,H,fpl-team-6,fpl-team-15,0.5740052079433615,0.25806773654129334,0.16792705551534512,0.5839816423545566,0.2548831383180717,0.16113521932737163,0.028184679336845875,0.4684210526315789,0.531578947368421,0.4666258760707563,0.5333741239292438
E0,1011,2011-03-20,Sunderland,Liverpool,0,2,A,fpl-team-20,fpl-team-14,0.3565080552051705,0.29615872924567455,0.34733321554915497,0.35750929162371675,0.29455384882420044,0.3479368595520828,0.029249252751469612,0.41494845360824745,0.5850515463917526,0.40970531096250845,0.5902946890374915
E0,1011,2011-04-02,Arsenal,Blackburn,0,0,D,fpl-team-1,,0.7578567468556706,0.16333119544303246,0.07881205770129687,0.7753934368860694,0.15601937167938262,0.06858719143454806,0.02899896795861423,0.6231155778894473,0.37688442211055284,0.6317204301303636,0.3682795698696364
E0,1011,2011-04-02,Birmingham,Bolton,2,1,H,,,0.3783068783068783,0.291005291005291,0.3306878306878307,0.3802153636608215,0.2892125685025315,0.33057206783664694,0.028682289412245154,0.4386422976501305,0.5613577023498694,0.43493909191841096,0.5650609080815892
E0,1011,2011-04-02,Everton,Aston Villa,2,2,D,fpl-team-9,fpl-team-2,0.511411295076721,0.27109194724697244,0.21749675767630666,0.5189377057726858,0.26843699323648634,0.21262530099082794,0.02860982366837561,0.5026455026455027,0.4973544973544974,0.502799552071699,0.497200447928301
E0,1011,2011-04-02,Newcastle,Wolves,4,1,H,fpl-team-17,,0.4756096231222445,0.2791926696204326,0.24519770725732298,0.48157978804754636,0.2769095606017182,0.24151065135073543,0.02836136589758098,0.5,0.5,0.5,0.5
E0,1011,2011-04-02,Stoke,Chelsea,1,1,D,,fpl-team-6,0.17459394413961066,0.2621327360766454,0.563273319783744,0.1679685303075865,0.25907455800693585,0.5729569116854777,0.02861775748897344,0.48677248677248675,0.5132275132275131,0.4859928283276833,0.5140071716723167
E0,1011,2011-04-02,West Brom,Liverpool,2,1,H,,fpl-team-14,0.31102111797241705,0.29003196277182447,0.3989469192557585,0.31006568396932466,0.2881865366048733,0.40174777942580214,0.028836513636633754,0.4564643799472295,0.5435356200527705,0.45370110556018506,0.5462988944398149
E0,1011,2011-04-02,West Ham,Man United,2,4,A,,,0.20917114952734112,0.26557685277066906,0.5252519977019899,0.20388500218725142,0.26264680818623165,0.533468189626517,0.029003373347222805,0.5211640211640212,0.4788359788359788,0.5224359873227157,0.47756401267728427
E0,1011,2011-04-02,Wigan,Tottenham,0,0,D,,,0.30745255880387773,0.28958834284891233,0.40295909834720994,0.30637574885702973,0.287775169863947,0.40584908127902325,0.028027714928612113,0.4788359788359788,0.5211640211640212,0.47756401267728427,0.5224359873227157
E0,1011,2011-04-03,Fulham,Blackpool,3,0,H,fpl-team-10,,0.6104370961421829,0.2313392418142747,0.1582236620435424,0.6221431824724047,0.22695987975182494,0.15089693777577043,0.028791113756597042,0.5979381443298969,0.4020618556701031,0.6049955791415472,0.39500442085845283
E0,1011,2011-04-03,Man City,Sunderland,5,0,H,fpl-team-15,fpl-team-20,0.6233915566993374,0.2392816076219679,0.1373268356786946,0.6353101924811917,0.23531063504181307,0.1293791724769952,0.028084730147384107,0.4986737400530504,0.5013262599469495,0.49859281774190956,0.5014071822580904
E0,1011,2011-04-09,Blackburn,Birmingham,1,1,D,,,0.47099663808491304,0.28687977046990154,0.24212359144518544,0.4767451086163417,0.2849259138639791,0.23832897751967924,0.028224201640114188,0.45000000000000007,0.5499999999999999,0.44683678894319523,0.5531632110568048
E0,1011,2011-04-09,Bolton,West Ham,3,0,H,,,0.44061767290505044,0.28794164034828523,0.27144068674666433,0.4450414183873808,0.2860661935525521,0.26889238806006704,0.027842743787914515,0.5052910052910053,0.4947089947089948,0.5055995744330538,0.49440042556694624
E0,1011,2011-04-09,Chelsea,Wigan,1,0,H,fpl-team-6,,0.7822700090441677,0.15416070210805258,0.0635692888477799,0.8010883986634096,0.1462101119157789,0.052701489420811494,0.029881665017455816,0.6126582278481012,0.38734177215189874,0.620185815374369,0.37981418462563105
E0,1011,2011-04-09,Man United,Fulham,2,0,H,,fpl-team-10,0.6515104607964544,0.22386022942058265,0.1246293097829629,0.6653355424360701,0.2189586624566144,0.11570579510731556,0.029848428443074226,0.5408970976253298,0.4591029023746703,0.5434538828151066,0.4565461171848933
E0,1011,2011-04-09,Sunderland,West Brom,2,3,A,fpl-team-20,,0.4299428303837974,0.2910382236444167,0.2790189459717859,0.43404055547366577,0.28924167441396964,0.2767177701123646,0.028647970873862505,0.47493403693931396,0.5250659630606861,0.47347850363148986,0.5265214963685101
E0,1011,2011-04-09,Tottenham,Stoke,3,2,H,,,0.5429895712630359,0.26614136732329086,0.19086906141367324,0.5520767934990368,0.2631827302091866,0.1847404762917766,0.029415846336632967,0.4722955145118733,0.5277044854881265,0.47067039106305425,0.5293296089369458
E0,1011,2011-04-09,Wolves,Everton,0,3,A,,fpl-team-9,0.37101212924268684,0.2911018244827235,0.33788604627458974,0.3726006676803295,0.28932443273381103,0.33807489958585957,0.02850541938096285,0.46825396825396826,0.5317460317460317,0.46627034320104876,0.5337296567989512
E0,1011,2011-04-10,Aston Villa,Newcastle,1,0,H,fpl-team-2,fpl-team-17,0.513692957234339,0.26700424895796154,0.2193027938076993,0.5214522082037095,0.2641278489176103,0.21441994287868021,0.029127816669642925,0.5026455026455027,0.4973544973544974,0.502799552071699,0.497200447928301
E0,1011,2011-04-10,Blackpool,Arsenal,1,3,A,,fpl-team-1,0.11974203155545404,0.1979868246177862,0.6822711438267597,0.11122061300495446,0.19238658586249174,0.6963928011325539,0.027808824088424444,0.6561743341404359,0.34382566585956414,0.6676108310291095,0.33238916897089055
E0,1011,2011-04-11,Liverpool,Man City,3,0,H,fpl-team-14,fpl-team-15,0.3642643050090659,0.2939079594932961,0.341827735497638,0.365634445357238,0.29216408205415983,0.3422014725886023,0.029981306986883283,0.44619422572178474,0.5538057742782152,0.44284917758618875,0.5571508224138112
E0,1011,2011-04-16,Birmingham,Sunderland,2,0,H,,fpl-team-20,0.43958310002741746,0.2872655516896497,0.2731513482829328,0.44415763433885397,0.285278637902499,0.27056372775864707,0.029087833361700177,0.43717277486910994,0.5628272251308901,0.433156941930835,0.566843058069165
E0,1011,2011-04-16,Blackpool,Wigan,1,3,A,,,0.40329135477238415,0.2800301988627237,0.31667844636489223,0.40638073738722097,0.2776821897801306,0.3159370728326483,0.02985228574834764,0.5833333333333334,0.41666666666666663,0.5892857143008219,0.410714285699178
E0,1011,2011-04-16,Everton,Blackburn,2,0,H,fpl-team-9,,0.5630429487699927,0.25915401477632544,0.1778030364536819,0.5727910004367073,0.2559501143835961,0.1712588851796966,0.028831384610384703,0.5250659630606861,0.47493403693931396,0.5265214963685101,0.47347850363148986
E0,1011,2011-04-16,West Brom,Chelsea,1,3,A,,fpl-team-6,0.1819740966349281,0.2613992548347034,0.5566266485303685,0.175646321956906,0.2583162860584951,0.5660373919845989,0.02861560822930187,0.5329815303430079,0.467018469656992,0.5349611232315755,0.4650388767684244
E0,1011,2011-04-16,West Ham,Aston Villa,1,2,A,,fpl-team-2,0.41626486660237866,0.2837601342905104,0.29997499910711095,0.4198461056800608,0.2816224658137605,0.2985314285061787,0.029173069866374135,0.5408970976253298,0.4591029023746703,0.5434538828151066,0.4565461171848933
E0,1011,2011-04-17,Arsenal,Liverpool,1,1,D,fpl-team-1,fpl-team-14,0.5498981484573514,0.2605578003709764,0.1895440511716722,0.5591042823339442,0.2574199573744638,0.18347576029159202,0.028845576336607337,0.5092348284960422,0.4907651715039578,0.5097498467882865,0.49025015321171345
E0,1011,2011-04-19,Newcastle,Man United,0,0,D,fpl-team-17,,0.1731558748717033,0.2541780088357356,0.572666116292561,0.1670245021831768,0.25107431753776627,0.5819011802790569,0.02618499333038926,0.5118733509234827,0.4881266490765172,0.5125383115051826,0.48746168849481736
E0,1011,2011-04-20,Chelsea,Birmingham,3,1,H,fpl-team-6,,0.7809072898711301,0.1549012820891914,0.06419142803967849,0.8002747662176105,0.14671668658417575,0.053008547198213705,0.030895749339833856,0.6025641025641025,0.3974358974358974,0.6098146877052374,0.3901853122947625
E0,1011,2011-04-20,Tottenham,Arsenal,3,3,D,,fpl-team-1,0.33569575652764194,0.28258568161431347,0.3817185618580445,0.3357896249075151,0.28047431234342385,0.3837360627490609,0.028185610193759203,0.5433070866141733,0.45669291338582685,0.5458104281191385,0.4541895718808615
E0,1011,2011-04-23,Aston Villa,Stoke,1,1,D,fpl-team-2,,0.5192284803681713,0.2707724453495907,0.20999907428223816,0.5272555600374846,0.2680403073942997,0.20470413256821574,0.02925472240895033,0.49206349206349204,0.5079365079365078,0.49159946236579216,0.5084005376342079
E0,1011,2011-04-23,Blackpool,Newcastle,1,1,D,,fpl-team-17,0.3299916390323897,0.27840002585033463,0.39160833511727566,0.3298379260193523,0.27598548225337943,0.3941765917272684,0.029806774342432618,0.5695538057742783,0.43044619422572183,0.5744633022265623,0.4255366977734378
E0,1011,2011-04-23,Chelsea,West Ham,3,0,H,fpl-team-6,,0.7742593943609264,0.155874003485203,0.06986660215387058,0.7934562549839308,0.14774760790303654,0.05879613711303275,0.030912334332242608,0.6318407960199005,0.3681592039800995,0.6409874441154453,0.35901255588455483
E0,1011,2011-04-23,Liverpool,Birmingham,5,0,H,fpl-team-14,,0.648978394281942,0.22667666403149175,0.12434494168656632,0.6619618393575946,0.22215816070987085,0.11587999993253467,0.028208959847688675,0.5238095238095238,0.4761904761904762,0.5252525252516378,0.4747474747483622
E0,1011,2011-04-23,Man United,Everton,1,0,H,,fpl-team-9,0.652638469709657,0.22478047056508374,0.12258105972525941,0.6660821893640572,0.22006820978187186,0.11384960085407092,0.028909759130328894,0.5317460317460317,0.46825396825396826,0.5337296567989512,0.46627034320104876
E0,1011,2011-04-23,Sunderland,Wigan,4,2,H,fpl-team-20,,0.45245143071008137,0.2891814954691345,0.2583670738207841,0.45752991561279466,0.2872906308182581,0.25517945356894717,0.028809110866859555,0.4578947368421053,0.5421052631578948,0.45536212476552757,0.5446378752344725
E0,1011,2011-04-23,Tottenham,West Brom,2,2,D,,,0.6055001746649723,0.2373317267531047,0.15716809858192296,0.6173530991847792,0.23307083261824565,0.14957606819697508,0.0297013099770993,0.5552631578947369,0.4447368421052632,0.558891163520858,0.4411088364791421
E0,1011,2011-04-23,Wolves,Fulham,1,1,D,,fpl-team-10,0.37796740141293184,0.29164151343590416,0.3303910851511642,0.37989244513582043,0.28984688140966114,0.3302606734545183,0.029157231212593615,0.4473684210526316,0.5526315789473685,0.44397759103718865,0.5560224089628113
E0,1011,2011-04-24,Bolton,Arsenal,2,1,H,,fpl-team-1,0.19979145719286484,0.25594905597139983,0.5442594868357353,0.19427549992431378,0.2527025426936704,0.5530219573820158,0.028154700994491577,0.5680628272251308,0.43193717277486904,0.5726155564830627,0.4273844435169372
E0,1011,2011-04-25,Blackburn,Man City,0,1,A,,fpl-team-15,0.2635660090471659,0.28586162310553637,0.45057236784729776,0.26063043671880587,0.28385424878019094,0.4555153145010032,0.02848172327503562,0.46825396825396826,0.5317460317460317,0.46627034320104876,0.5337296567989512
E0,1011,2011-04-26,Stoke,Wolves,3,0,H,,,0.5201490875266929,0.2736044333232894,0.20624647915001768,0.5279583740126569,0.27107550287190363,0.20096612311543946,0.02831315528601408,0.4578947368421053,0.5421052631578948,0.45536212476552757,0.5446378752344725
E0,1011,2011-04-27,Fulham,Bolton,3,0,H,fpl-team-10,,0.5186605376276376,0.27203520993726243,0.20930425243509992,0.5268203490867437,0.26930344460339767,0.2038762063098586,0.029840409057214856,0.4657894736842106,0.5342105263157895,0.4638195430185368,0.5361804569814632
E0,1011,2011-04-30,Blackburn,Bolton,1,0,H,,,0.4748591917368119,0.27711724092558815,0.24802356733759992,0.48097138808534123,0.27467922326248234,0.24434938865217634,0.029199223965406418,0.4881266490765172,0.5118733509234827,0.48746168849481736,0.5125383115051826
E0,1011,2011-04-30,Blackpool,Stoke,0,0,D,,,0.35435839697147703,0.2788737680308074,0.36676783499771554,0.35530057021455486,0.27642909445062486,0.36827033533482023,0.03046749345958233,0.5473684210526316,0.4526315789473684,0.5503130590336057,0.4496869409663943
E0,1011,2011-04-30,Chelsea,Tottenham,2,1,H,fpl-team-6,,0.6381553223177531,0.22594973134695567,0.1358949463352913,0.6514581069166963,0.22114595877691054,0.12739593430639315,0.029896724969148636,0.5602094240837696,0.4397905759162304,0.563974187816472,0.43602581218352804
E0,1011,2011-04-30,Sunderland,Fulham,0,3,A,fpl-team-20,fpl-team-10,0.37040135836798976,0.29701995718187857,0.33257868445013167,0.3720117387528007,0.29544501308579607,0.3325432481614031,0.029375610407441854,0.41775456919060056,0.5822454308093995,0.4117152466529241,0.5882847533470759
E0,1011,2011-04-30,West Brom,Aston Villa,2,1,H,,fpl-team-2,0.4082131714309807,0.28661775866430556,0.3051690699047137,0.4115658382676651,0.28452948054774063,0.3039046811845943,0.03026359574869275,0.5197889182058046,0.4802110817941952,0.5209181681264694,0.47908183187353065
E0,1011,2011-04-30,Wigan,Everton,1,1,D,,fpl-team-9,0.33719817823530857,0.28961806719597055,0.373183754568721,0.33736356811269613,0.2877097963437785,0.37492663554352523,0.02958515635691583,0.4511873350923483,0.5488126649076518,0.44798695456905224,0.5520130454309478
E0,1011,2011-05-01,Arsenal,Man United,1,0,H,fpl-team-1,,0.37477148080438755,0.2879341864716636,0.3372943327239488,0.3765747029547456,0.2859624940002731,0.33746280304498116,0.029434964642859995,0.4802110817941952,0.5197889182058046,0.47908183187353065,0.5209181681264694
E0,1011,2011-05-01,Birmingham,Wolves,1,1,D,,,0.4513014353702356,0.2866930090953776,0.26200555553438676,0.4565639271878368,0.28460502161833084,0.2588310511938324,0.030159936286509037,0.45000000000000007,0.5499999999999999,0.44683678894319523,0.5531632110568048
E0,1011,2011-05-01,Liverpool,Newcastle,3,0,H,fpl-team-14,fpl-team-17,0.640966650555824,0.2292508458192363,0.12978250362493957,0.6549592482494387,0.22437012019069144,0.1206706315598699,0.031241170829162,0.5435356200527705,0.4564643799472295,0.5462988944398149,0.45370110556018506
E0,1011,2011-05-01,Man City,West Ham,2,1,H,fpl-team-15,,0.6757231599422727,0.2125870615548723,0.11168977850285498,0.6902282240148104,0.20729984817401523,0.10247192781117435,0.029204923077486455,0.5578947368421052,0.44210526315789467,0.5617699910098899,0.4382300089901101
E0,1011,2011-05-07,Aston Villa,Wigan,1,1,D,fpl-team-2,,0.524859348423394,0.26612586680622796,0.20901478477037813,0.5331698618642691,0.26317922242039815,0.20365091571533275,0.029403103282675147,0.5197889182058046,0.4802110817941952,0.5209181681264694,0.47908183187353065
E0,1011,2011-05-07,Bolton,Sunderland,1,2,A,,fpl-team-20,0.52859141116131,0.2688007460166889,0.20260784282200106,0.536833550715412,0.2660423165880528,0.19712413269653528,0.028604042483493686,0.4986807387862796,0.5013192612137204,0.49860763018684684,0.5013923698131533
E0,1011,2011-05-07,Everton,Man City,2,1,H,fpl-team-9,fpl-team-15,0.3475028655641067,0.2917308007204847,0.3607663337154085,0.34810796842849284,0.28995068815380176,0.3619413434177054,0.02899256709497422,0.46052631578947373,0.5394736842105263,0.45818815331659807,0.541811846683402
E0,1011,2011-05-07,Newcastle,Birmingham,2,1,H,fpl-team-17,,0.4914815522033395,0.27836123310631616,0.23015721469034434,0.49848454800599895,0.27590655820821214,0.22560889378578888,0.0299727973761037,0.48284960422163586,0.5171503957783641,0.4818779970999063,0.5181220029000937
E0,1011,2011-05-07,Tottenham,Blackpool,1,1,D,,,0.7280606717226434,0.1733477789815818,0.09859154929577466,0.7446467572282572,0.1664357540238026,0.0889174887479402,0.029176634270697832,0.6713947990543735,0.32860520094562645,0.6836558921795801,0.31634410782042
E0,1011,2011-05-07,West Ham,Blackburn,1,1,D,,,0.47664241582276173,0.27434650678170586,0.2490110773955325,0.48297547298642374,0.2717303570875705,0.24529416992600572,0.029887390788644552,0.5303430079155673,0.4696569920844328,0.5321426574931143,0.4678573425068856
E0,1011,2011-05-08,Man United,Chelsea,2,1,H,,fpl-team-6,0.4039854636470843,0.28909051527039054,0.30692402108252503,0.40701214566847016,0.28719796371952594,0.3057898906120039,0.028938800562173128,0.45000000000000007,0.5499999999999999,0.44683678894319523,0.5531632110568048
E0,1011,2011-05-08,Stoke,Arsenal,3,1,H,,fpl-team-1,0.18855401958339468,0.25791312760453444,0.5535328528120709,0.18252721903697988,0.2547080727549761,0.5627647082080441,0.02844545664265752,0.5197889182058046,0.4802110817941952,0.5209181681264694,0.47908183187353065
E0,1011,2011-05-08,Wolves,West Brom,3,1,H,,,0.4315374076372706,0.2846587116643442,0.2838038806983852,0.4357679620587905,0.2825616534879314,0.2816703844532782,0.029101575259119272,0.5224274406332454,0.47757255936675463,0.5237178414013648,0.4762821585986352
E0,1011,2011-05-09,Fulham,Liverpool,2,5,A,fpl-team-10,fpl-team-14,0.32434469133790916,0.2904132467056356,0.38524206195645533,0.32394508243196557,0.2885276175973433,0.38752729997069113,0.02976302057504654,0.44619422572178474,0.5538057742782152,0.44284917758618875,0.5571508224138112
E0,1011,2011-05-10,Man City,Tottenham,1,0,H,fpl-team-15,,0.4895029619741301,0.2795090877544589,0.23098795027141103,0.4962773003359205,0.2771548932667815,0.22656780639729804,0.029350902419537306,0.4960422163588391,0.503957783641161,0.49582265790303864,0.5041773420969614
E0,1011,2011-05-14,Blackburn,Man United,1,1,D,,,0.17569985297330493,0.27370584032546635,0.5505943067012288,0.16921645262771476,0.27117174073531586,0.5596118066369694,0.028191095450893044,0.5105820105820106,0.48941798941798953,0.5112029127571766,0.48879708724282345
E0,1011,2011-05-14,Blackpool,Bolton,4,3,H,,,0.44031299867340856,0.2728164112817949,0.2868705900447965,0.4447815016933279,0.27029193056883705,0.284926567737835,0.028208679636009037,0.5822454308093995,0.41775456919060056,0.5882847533470759,0.4117152466529241
E0,1011,2011-05-14,Sunderland,Wolves,1,3,A,fpl-team-20,,0.365356279357533,0.28674932228363953,0.34789439835882735,0.3667002068986513,0.2847967490058532,0.3485030440954955,0.028399111703038216,0.4578947368421053,0.5421052631578948,0.45536212476552757,0.5446378752344725
E0,1011,2011-05-14,West Brom,Everton,1,0,H,,fpl-team-9,0.35977377539827843,0.28847714307849764,0.3517490815232239,0.3608842679651418,0.2865944732255593,0.35252125880929885,0.02843593363650143,0.5158730158730157,0.48412698412698413,0.5168137873046875,0.48318621269531237
E0,1011,2011-05-15,Arsenal,Aston Villa,1,2,A,fpl-team-1,fpl-team-2,0.6962153857312888,0.1948257046490849,0.10895890961962634,0.7113462040330445,0.1888865332898043,0.09976726267715119,0.028780868276953697,0.5922077922077923,0.4077922077922079,0.599173091962854,0.40082690803714605
E0,1011,2011-05-15,Birmingham,Fulham,0,2,A,,fpl-team-10,0.4317981721427069,0.2900730052124319,0.2781288226448612,0.4359937983731669,0.28822701376170773,0.27577918786512545,0.028781743138097227,0.4244791666666667,0.5755208333333334,0.4194958776455569,0.5805041223544432
E0,1011,2011-05-15,Chelsea,Newcastle,2,2,D,fpl-team-6,fpl-team-17,0.7721476830762192,0.15518654414767152,0.07266577277610937,0.7894053576496405,0.14788278875131405,0.0627118535990455,0.02767925732769072,0.6395061728395062,0.36049382716049383,0.6494155603695276,0.3505844396304724
E0,1011,2011-05-15,Liverpool,Tottenham,0,2,A,fpl-team-14,,0.5426344416948259,0.25518484555378296,0.20218071275139124,0.5518158399980211,0.2517236553956832,0.19646050460629574,0.02975213690660894,0.5238095238095238,0.4761904761904762,0.5252525252516378,0.4747474747483622
E0,1011,2011-05-15,Wigan,West Ham,3,2,H,,,0.44046790729500224,0.27935280256172706,0.28017929014327064,0.4449138365122307,0.27711288039810167,0.2779732830896676,0.028022018261253834,0.5250659630606861,0.47493403693931396,0.5265214963685101,0.47347850363148986
E0,1011,2011-05-17,Man City,Stoke,3,0,H,fpl-team-15,,0.6667873864052151,0.21816545822474778,0.1150471553700371,0.6806867733497383,0.213206807444447,0.10610641920581464,0.028682000818662345,0.4986807387862796,0.5013192612137204,0.49860763018684684,0.5013923698131533
E0,1011,2011-05-22,Aston Villa,Liverpool,1,0,H,fpl-team-2,fpl-team-14,0.302438318500832,0.2850252031932084,0.4125364783059595,0.3009904012584451,0.2827706060900363,0.41623899265151854,0.03161586739588529,0.5105820105820106,0.48941798941798953,0.5112029127571766,0.48879708724282345
E0,1011,2011-05-22,Bolton,Man City,0,2,A,,fpl-team-15,0.1910649161196207,0.2526987600291758,0.5562363238512035,0.18438610807686817,0.24883531907300013,0.5667785728501317,0.03215748490765691,0.5514511873350924,0.4485488126649077,0.5548831972971291,0.44511680270287096
E0,1011,2011-05-22,Everton,Chelsea,1,0,H,fpl-team-9,fpl-team-6,0.3094365810751925,0.2833395200206582,0.4072238989041494,0.30831672151460826,0.28101227949027036,0.4106709989951213,0.03155409591272473,0.5291005291005291,0.4708994708994709,0.5308988764074939,0.4691011235925061
E0,1011,2011-05-22,Fulham,Arsenal,2,2,D,fpl-team-10,fpl-team-1,0.2593964350054269,0.2721413465519364,0.46846221844263675,0.2560034413306386,0.26932448852094987,0.4746720701484115,0.031088598538190126,0.5291005291005291,0.4708994708994709,0.5308988764074939,0.4691011235925061
E0,1011,2011-05-22,Man United,Blackpool,4,2,H,,,0.6032106062234994,0.2278471054984647,0.16894228827803576,0.6157649064128664,0.22287499633950755,0.16136009724762607,0.031729051494039595,0.6096938775510204,0.3903061224489796,0.6175923646997018,0.38240763530029803
E0,1011,2011-05-22,Newcastle,West Brom,3,3,D,fpl-team-17,,0.4630014679411465,0.2780748461303335,0.25892368592851994,0.46914361863979237,0.2754500887514643,0.25540629260874326,0.03205731278285384,0.5605263157894738,0.43947368421052635,0.564659413558811,0.4353405864411891
E0,1011,2011-05-22,Stoke,Wigan,0,1,A,,,0.3408841262479557,0.27509947030536774,0.3840164034466766,0.34122775447152925,0.272401772119963,0.3863704734085077,0.03146188776008785,0.4973544973544974,0.5026455026455027,0.497200447928301,0.502799552071699
E0,1011,2011-05-22,Tottenham,Birmingham,2,1,H,,,0.615190198026882,0.23126314569560918,0.15354665627750888,0.6282442263837478,0.2264413311114979,0.14531444250475428,0.031659946660511196,0.5807291666666666,0.4192708333333333,0.5863437595818372,0.4136562404181628
E0,1011,2011-05-22,West Ham,Sunderland,0,3,A,,fpl-team-20,0.4763237591724607,0.2727784318516709,0.25089780897586833,0.483280647770185,0.2698223812576316,0.24689697097218335,0.032950946828350425,0.5616797900262467,0.4383202099737532,0.5657563377903915,0.4342436622096085
E0,1011,2011-05-22,Wolves,Blackburn,2,3,A,,,0.4417562481906783,0.302553314677217,0.25569043713210454,0.44679444334996476,0.30110934515798304,0.25209621149205225,0.0314441523514688,0.5277044854881265,0.4722955145118733,0.5293296089369458,0.47067039106305425
