league,season,date,home_team_raw,away_team_raw,home_goals,away_goals,result,home_team_id,away_team_id,prob_home_proportional,prob_draw_proportional,prob_away_proportional,prob_home_shin,prob_draw_shin,prob_away_shin,shin_z,prob_over25_proportional,prob_under25_proportional,prob_over25_shin,prob_under25_shin
E0,1213,2012-08-18,Arsenal,Sunderland,0,0,D,fpl-team-1,fpl-team-20,0.6754642994480943,0.211554814144817,0.11298088640708866,0.6900614131693167,0.20618991095202974,0.1037486758786535,0.029408284462988377,0.5380577427821522,0.46194225721784776,0.5401884700643199,0.4598115299356801
E0,1213,2012-08-18,Fulham,Norwich,5,0,H,fpl-team-10,,0.5244393556538219,0.26295009475679093,0.21261054958938722,0.5328512338621693,0.25982454775866604,0.20732421837916476,0.029827801743522286,0.5039370078740157,0.4960629921259842,0.504133597884274,0.495866402115726
E0,1213,2012-08-18,Newcastle,Tottenham,2,1,H,fpl-team-17,,0.37007729338412726,0.2842461138944351,0.3456765927214375,0.3716969709035544,0.2820859661631259,0.3462170629333196,0.02984397509135306,0.5052631578947367,0.49473684210526314,0.5055407801420785,0.4944592198579216
E0,1213,2012-08-18,QPR,Swansea,0,5,A,,,0.46926025368021484,0.27988519581520227,0.2508545505045829,0.47532645643056914,0.27748957682837344,0.24718396674105736,0.03018379199784249,0.4528795811518324,0.5471204188481674,0.45021710872652343,0.5497828912734765
E0,1213,2012-08-18,Reading,Stoke,1,1,D,,,0.39990555414290385,0.28861685253127,0.3114775933258261,0.40284155541958283,0.2866482706279997,0.3105101739524174,0.02980620297603309,0.43376623376623374,0.5662337662337663,0.42995660057145807,0.5700433994285419
E0,1213,2012-08-18,West Brom,Liverpool,3,0,H,,fpl-team-14,0.2356590908284202,0.27470725413429214,0.4896336550372876,0.2314574478172032,0.2721605607476056,0.49638199143519124,0.029205980943515897,0.4554973821989528,0.544502617801047,0.45302829355420515,0.5469717064457948
E0,1213,2012-08-18,West Ham,Aston Villa,1,0,H,,fpl-team-2,0.42335403334372934,0.28436129348087846,0.2922846731753921,0.42730430077523746,0.28221400539930996,0.2904816938254526,0.029650338692590594,0.4657894736842106,0.5342105263157895,0.4638195430185368,0.5361804569814632
E0,1213,2012-08-19,Man City,Southampton,3,2,H,fpl-team-15,,0.8002033645945873,0.1392684321860786,0.06052820321933417,0.8206681687534646,0.13025947798436416,0.04907235326217119,0.0315427107270807,0.6259351620947631,0.374064837905237,0.6341301460786869,0.3658698539213131
E0,1213,2012-08-19,Wigan,Chelsea,0,2,A,,fpl-team-6,0.15527063339731287,0.2462495201535509,0.5984798464491362,0.1477509396651507,0.24244748088931065,0.6098015794455386,0.029110874282196164,0.5065616797900262,0.4934383202099738,0.5068900892950844,0.49310991070491567
E0,1213,2012-08-20,Everton,Man United,1,0,H,fpl-team-9,,0.2258348161431252,0.2720430926450326,0.5021220912118421,0.22112539638972734,0.2693248397891066,0.5095497638211661,0.02979189553298056,0.48157894736842105,0.5184210526315789,0.4805830628839423,0.5194169371160577
E0,1213,2012-08-22,Chelsea,Reading,4,2,H,fpl-team-6,,0.751656763385415,0.1689875816963613,0.0793556549182237,0.7716086780616866,0.16075413661402094,0.06763718532429241,0.033737171441316605,0.5938303341902313,0.4061696658097687,0.6000054797660431,0.3999945202339569
E0,1213,2012-08-25,Aston Villa,Everton,1,3,A,fpl-team-2,fpl-team-9,0.32244321058152203,0.2871606708218418,0.39039611859663625,0.32196755150682677,0.28516665474753417,0.39286579374563907,0.029251685831695795,0.43116883116883115,0.5688311688311688,0.42710568301330365,0.5728943169866965
E0,1213,2012-08-25,Chelsea,Newcastle,2,0,H,fpl-team-6,fpl-team-17,0.629095190820308,0.22683720822847644,0.1440676009512156,0.642205857840641,0.22201354159533723,0.13578060056402178,0.030326860724017024,0.5703125,0.4296875,0.5747198007411632,0.4252801992588368
E0,1213,2012-08-25,Man United,Fulham,3,2,H,,fpl-team-10,0.726442741360727,0.18266451910424472,0.0908927395350284,0.7436306759263686,0.17581626390098648,0.08055306017264495,0.030504625057801604,0.5792207792207792,0.42077922077922075,0.5844267286623455,0.4155732713376546
E0,1213,2012-08-25,Norwich,QPR,1,1,D,,,0.41253749417421204,0.2836969554531368,0.3037655503726513,0.4159710630190744,0.28154879297951163,0.30248014400141404,0.029289031634107232,0.5263157894736842,0.47368421052631576,0.5277777777735805,0.47222222222641946
E0,1213,2012-08-25,Southampton,Wigan,0,2,A,,,0.4456985124980831,0.28121453764760007,0.27308694985431686,0.4505575428741647,0.2789585918206945,0.27048386530514085,0.029217890929430723,0.49473684210526314,0.5052631578947367,0.4944592198579216,0.5055407801420785
E0,1213,2012-08-25,Swansea,West Ham,3,0,H,,,0.4520845742642624,0.28545521456565204,0.26246021117008567,0.45722237389642917,0.28337723824577427,0.25940038785779657,0.02923845499753952,0.47631578947368425,0.5236842105263159,0.4750131874840955,0.5249868125159045
E0,1213,2012-08-25,Tottenham,West Brom,1,1,D,,,0.6296897394341568,0.22870087388649765,0.14160938667934564,0.6426075883615429,0.2240344704846088,0.13335794115384839,0.029820409836247563,0.5703125,0.4296875,0.5747198007411632,0.4252801992588368
E0,1213,2012-08-26,Liverpool,Man City,2,2,D,fpl-team-14,fpl-team-15,0.31669554704815633,0.2834092282893411,0.39989522466250255,0.31595646777160125,0.2812118004842194,0.4028317317441795,0.029821145930327475,0.4881266490765172,0.5118733509234827,0.48746168849481736,0.5125383115051826
E0,1213,2012-08-26,Stoke,Arsenal,0,0,D,,fpl-team-1,0.2744522389443431,0.2843721993881146,0.44117556166754224,0.27187185884027393,0.2822218014847292,0.4459063396749968,0.029644335038028657,0.4657894736842106,0.5342105263157895,0.4638195430185368,0.5361804569814632
E0,1213,2012-09-01,Man City,QPR,3,1,H,fpl-team-15,,0.7899621065656175,0.14043770783388754,0.06960018560049493,0.8085952871837148,0.13223963420774593,0.05916507860853935,0.028916763374581933,0.6924829157175398,0.30751708428246016,0.7058966861658135,0.29410331383418664
E0,1213,2012-09-01,Swansea,Sunderland,2,2,D,,fpl-team-20,0.43523658729201603,0.28533637293766606,0.279427039770318,0.43967726244478894,0.2832433634614796,0.2770793740937315,0.029443604638800025,0.4543080939947781,0.5456919060052219,0.4518781279229459,0.5481218720770542
E0,1213,2012-09-01,Tottenham,Norwich,1,1,D,,,0.6911136542866478,0.19522179512839333,0.11366455058495888,0.7060414726120674,0.1893115102359462,0.10464701715198636,0.028754753759130836,0.6225,0.37749999999999995,0.630322614966551,0.3696773850334491
E0,1213,2012-09-01,West Brom,Everton,2,0,H,,fpl-team-9,0.32700991111237326,0.2872518672081334,0.38573822167949334,0.32673352212354073,0.2852735398170326,0.38799293805942675,0.029082011547870934,0.4645669291338583,0.5354330708661418,0.46261216351077283,0.5373878364892272
E0,1213,2012-09-01,West Ham,Fulham,3,0,H,,fpl-team-10,0.37953621259222575,0.2829476554954019,0.33751613191237223,0.38152340653636074,0.2807852833722568,0.3376913100913825,0.02908957505133003,0.49081364829396334,0.5091863517060368,0.49035227961880756,0.5096477203811924
E0,1213,2012-09-01,Wigan,Stoke,2,2,D,,,0.42229397172894434,0.29105799897625706,0.2866480292947986,0.42606208319769373,0.28926647485282736,0.2846714419494789,0.028606325155124068,0.41538461538461535,0.5846153846153845,0.4106562703135704,0.5893437296864297
E0,1213,2012-09-02,Liverpool,Arsenal,0,2,A,fpl-team-14,fpl-team-1,0.45935604642456007,0.2799625608386372,0.2606813927368027,0.4646628593118258,0.277709564039097,0.25762757664907704,0.028449296951293945,0.4960629921259842,0.5039370078740157,0.495866402115726,0.504133597884274
E0,1213,2012-09-02,Newcastle,Aston Villa,1,1,D,fpl-team-17,fpl-team-2,0.5834101432755395,0.24871695581746683,0.1678729009069936,0.5941867128735767,0.24500366806189947,0.16080961906452387,0.02932816999964416,0.5236842105263159,0.47631578947368425,0.5249868125159045,0.4750131874840955
E0,1213,2012-09-02,Southampton,Man United,2,3,A,,,0.1558009988947665,0.23010025870832912,0.6140987423969043,0.14830858114001652,0.22562442351131504,0.6260669953486685,0.029070174088701606,0.5813953488372093,0.4186046511627907,0.5864197530736686,0.4135802469263314
E0,1213,2012-09-15,Arsenal,Southampton,6,1,H,fpl-team-1,,0.70006076916399,0.194461324767775,0.1054779060682351,0.7158841743834766,0.1882792656666746,0.09583655994984874,0.029860177310183644,0.6190476190476191,0.38095238095238093,0.6265182186057121,0.3734817813942879
E0,1213,2012-09-15,Aston Villa,Swansea,2,0,H,fpl-team-2,,0.4039854636470843,0.28909051527039054,0.30692402108252503,0.40701214566847016,0.28719796371952594,0.3057898906120039,0.028938800562173128,0.4842105263157894,0.5157894736842105,0.4833629103791193,0.5166370896208807
E0,1213,2012-09-15,Fulham,West Brom,3,0,H,fpl-team-10,,0.4611386582233109,0.2847392317342733,0.2541221100424159,0.46661869596281613,0.2826463207206338,0.25073498331655003,0.028979888535104692,0.4894736842105264,0.5105263157894737,0.4889147544617743,0.5110852455382258
E0,1213,2012-09-15,Man United,Wigan,4,0,H,,,0.755201246992947,0.1661974575248563,0.07860129548219681,0.7737771362429301,0.15850141681420998,0.06772144694285985,0.031020066002383828,0.6336633663366337,0.36633663366336633,0.6425253378301762,0.3574746621698238
E0,1213,2012-09-15,Norwich,West Ham,0,0,D,,,0.40019494590653876,0.2870699308022588,0.31273512329120245,0.4031062018771962,0.2850594159694317,0.3118343821533721,0.029423019848763943,0.49868766404199477,0.5013123359580053,0.4986222099750107,0.5013777900249893
E0,1213,2012-09-15,QPR,Chelsea,0,0,D,,fpl-team-6,0.211338074076035,0.2712878429400105,0.5173740829839545,0.20627817030580903,0.2686724804466259,0.5250493492475651,0.028235904639586806,0.5118110236220472,0.48818897637795283,0.5124069478901967,0.4875930521098033
E0,1213,2012-09-15,Stoke,Man City,1,1,D,,fpl-team-15,0.1849685838569357,0.2655026582890285,0.5495287578540359,0.1786367741172632,0.26253288172579403,0.5588303441569428,0.029212865512818098,0.47631578947368425,0.5236842105263159,0.4750131874840955,0.5249868125159045
E0,1213,2012-09-15,Sunderland,Liverpool,1,1,D,fpl-team-20,fpl-team-14,0.2864516129032258,0.28387096774193543,0.42967741935483866,0.28444008102170143,0.28174987527389966,0.4338100437043989,0.02897482318803668,0.4790575916230366,0.5209424083769634,0.47803223769436987,0.5219677623056301
E0,1213,2012-09-16,Reading,Tottenham,1,3,A,,,0.25731584258324924,0.2785065590312816,0.46417759838546924,0.2541611303150871,0.27622054286431946,0.4696183268205934,0.028090376872569323,0.48684210526315796,0.513157894736842,0.48613998614008774,0.5138600138599122
E0,1213,2012-09-17,Everton,Newcastle,2,2,D,fpl-team-9,fpl-team-17,0.529404920427661,0.26924021667463893,0.2013548628977001,0.5383004843751239,0.2662911991537355,0.19540831647114065,0.030784969800151885,0.47769028871391084,0.5223097112860893,0.47653100668062165,0.5234689933193785
E0,1213,2012-09-22,Chelsea,Stoke,1,0,H,fpl-team-6,,0.6955521013446081,0.20083882331818836,0.1036090753372034,0.7109176386252289,0.19502203669714724,0.09406032467762379,0.02934830286540091,0.5520833333333334,0.44791666666666663,0.5548486178134774,0.4451513821865228
E0,1213,2012-09-22,Southampton,Aston Villa,4,1,H,,fpl-team-2,0.3903047585100695,0.28622348957405097,0.3234717519158795,0.3927806996065295,0.2841807120052946,0.32303858838817584,0.029375941026955843,0.5,0.5,0.5,0.5
E0,1213,2012-09-22,Swansea,Everton,0,3,A,,fpl-team-9,0.31719478004800417,0.2873071260009278,0.39549809395106794,0.31649850714180955,0.28533683319453323,0.3981646596636572,0.02898339310195297,0.4659685863874345,0.5340314136125655,0.46419916281732926,0.5358008371826707
E0,1213,2012-09-22,West Brom,Reading,1,0,H,,,0.5253430685485185,0.2663711333485446,0.20828579810293685,0.5335371312428108,0.26348345866104744,0.2029794100961418,0.028911631554365158,0.49473684210526314,0.5052631578947367,0.4944592198579216,0.5055407801420785
E0,1213,2012-09-22,West Ham,Sunderland,1,1,D,,fpl-team-20,0.4348407521628777,0.28680985780955764,0.27834939002756476,0.43933575086064536,0.28474758024230196,0.27591666889705263,0.02992670494131744,0.47244094488188976,0.5275590551181102,0.4709784411221318,0.5290215588778682
E0,1213,2012-09-22,Wigan,Fulham,1,2,A,,fpl-team-10,0.39507615424114634,0.2870006105277628,0.3179232352310908,0.39777553797101034,0.2849792243028775,0.3172452377261121,0.02954893303103745,0.4671916010498688,0.5328083989501312,0.46540654231752615,0.5345934576824739
E0,1213,2012-09-23,Liverpool,Man United,1,2,A,fpl-team-14,,0.3511276563504642,0.28973417042415606,0.3591381732253798,0.3518979408058927,0.2878449282066913,0.3602571309874161,0.02937120385468006,0.4894736842105264,0.5105263157894737,0.4889147544617743,0.5110852455382258
E0,1213,2012-09-23,Man City,Arsenal,1,1,D,fpl-team-15,fpl-team-1,0.5411595381871657,0.2573448890835706,0.2014955727292638,0.5497899279872241,0.2541584998748707,0.1960515721379052,0.02813926071394235,0.5587467362924282,0.4412532637075718,0.5622131283537581,0.43778687164624175
E0,1213,2012-09-23,Newcastle,Norwich,1,0,H,fpl-team-17,,0.5363632025197652,0.2614956333614368,0.202141164118798,0.5452988877368069,0.2582983304265396,0.19640278183665355,0.029848768142983317,0.544502617801047,0.4554973821989528,0.5469717064457948,0.45302829355420515
E0,1213,2012-09-23,Tottenham,QPR,2,1,H,,,0.6383268924755625,0.22709706751534436,0.13457604000909296,0.6515725201243828,0.22236328303752717,0.12606419683809003,0.02975523634813726,0.5751295336787565,0.4248704663212435,0.5796528235537732,0.42034717644622677
E0,1213,2012-09-29,Arsenal,Chelsea,1,2,A,fpl-team-1,fpl-team-6,0.435262951105371,0.28194644892497167,0.2827905999696572,0.4397000137544937,0.27970974810022325,0.28059023814528317,0.02941138157621026,0.513157894736842,0.48684210526315796,0.5138600138599122,0.48613998614008774
E0,1213,2012-09-29,Everton,Southampton,3,1,H,fpl-team-9,,0.6702140414380571,0.20769270295113415,0.12209325561080883,0.6847724088945346,0.2021223551520689,0.11310523595339649,0.029722415143623948,0.5861182519280206,0.4138817480719795,0.5912607605804253,0.4087392394195746
E0,1213,2012-09-29,Fulham,Man City,1,2,A,fpl-team-10,fpl-team-15,0.21750604351329575,0.26665995165189366,0.5158340048348107,0.21243196162741212,0.26369960113467417,0.5238684372379138,0.02982142078690231,0.5328083989501312,0.4671916010498688,0.5345934576824739,0.46540654231752615
E0,1213,2012-09-29,Man United,Tottenham,2,3,A,,,0.6023292763738611,0.23820074657606097,0.15946997705007793,0.6138058703146739,0.23406850553173103,0.15212562415359496,0.0290724562946707,0.5710594315245477,0.42894056847545214,0.5749604753801645,0.4250395246198356
E0,1213,2012-09-29,Norwich,Liverpool,2,5,A,,fpl-team-14,0.2051495732635995,0.2605343065413757,0.5343161201950248,0.19972183897296716,0.25740386650044905,0.5428742945265839,0.028856233227998018,0.5223097112860893,0.47769028871391084,0.5234689933193785,0.47653100668062165
E0,1213,2012-09-29,Reading,Newcastle,2,2,D,,fpl-team-17,0.3264937589731284,0.28679846912837115,0.3867077718985005,0.32618645312810446,0.28474408547390395,0.3890694613979916,0.029919701511971653,0.47244094488188976,0.5275590551181102,0.4709784411221318,0.5290215588778682
E0,1213,2012-09-29,Stoke,Swansea,2,0,H,,,0.49774509123707766,0.2781516686324846,0.2241032401304378,0.5047457614500199,0.2757797267150722,0.21947451183490785,0.028813863405957818,0.4671916010498688,0.5328083989501312,0.46540654231752615,0.5345934576824739
E0,1213,2012-09-29,Sunderland,Wigan,1,0,H,fpl-team-20,,0.47296862664834355,0.2806935469723107,0.24633782637934562,0.4788878759469764,0.2784507476764638,0.24266137637655982,0.028653949266299605,0.4581151832460733,0.5418848167539266,0.45583160800374806,0.544168391996252
E0,1213,2012-09-30,Aston Villa,West Brom,1,1,D,fpl-team-2,,0.39098716260431904,0.2893544139151229,0.3196584234805581,0.3934152237822639,0.2875058640876759,0.3190789121300601,0.02845044364221394,0.5026315789473684,0.4973684210526315,0.5027701598381817,0.4972298401618182
E0,1213,2012-10-01,QPR,West Ham,1,2,A,,,0.4537180766880595,0.28340348333668586,0.26287843997525456,0.45903789092181924,0.28119090158178367,0.25977120749639704,0.029872110579162836,0.4802110817941952,0.5197889182058046,0.47908183187353065,0.5209181681264694
E0,1213,2012-10-06,Chelsea,Norwich,4,1,H,fpl-team-6,,0.7739206865447159,0.15427830679486168,0.07180100666042231,0.7932567191684211,0.14603731245839854,0.0607059683731803,0.031127929454669356,0.6336633663366337,0.36633663366336633,0.6425253378301762,0.3574746621698238
E0,1213,2012-10-06,Man City,Sunderland,3,0,H,fpl-team-15,fpl-team-20,0.746697096634407,0.1727332081467572,0.08056969521883577,0.7634348950474281,0.16595504190840418,0.07061006304416777,0.028336503310129046,0.5907928388746803,0.4092071611253197,0.5960497835526194,0.40395021644738066
E0,1213,2012-10-06,Swansea,Reading,2,2,D,,,0.484922779577301,0.27568496215036054,0.2393922582723384,0.4913919218318607,0.2732112891178437,0.23539678905029557,0.02885786397382617,0.49868766404199477,0.5013123359580053,0.4986222099750107,0.5013777900249893
E0,1213,2012-10-06,West Brom,QPR,3,2,H,,,0.5105470146585627,0.2645691812656418,0.2248838040757955,0.5182707532065141,0.261553111046731,0.22017613574675493,0.029506542137824,0.5196850393700787,0.48031496062992135,0.5206987911941695,0.4793012088058304
E0,1213,2012-10-06,West Ham,Arsenal,1,3,A,,fpl-team-1,0.2511975698095572,0.2752950110994275,0.4735074190910153,0.24779565897431177,0.2728780687702795,0.47932627225540875,0.02804808842483908,0.5328083989501312,0.4671916010498688,0.5345934576824739,0.46540654231752615
E0,1213,2012-10-06,Wigan,Everton,2,2,D,,fpl-team-9,0.24185132895463754,0.27812902829783315,0.4800196427475293,0.2379634686391377,0.27576220898667814,0.4862743223741841,0.02883003233000636,0.4855643044619423,0.5144356955380577,0.48483177054684756,0.5151682294531524
E0,1213,2012-10-07,Liverpool,Stoke,0,0,D,fpl-team-14,,0.6400131269344532,0.22824564526819052,0.13174122779735614,0.6527021109228947,0.22378208441811978,0.12351580465898557,0.02832714794203639,0.5013123359580053,0.49868766404199477,0.5013777900249893,0.4986222099750107
E0,1213,2012-10-07,Newcastle,Man United,0,3,A,fpl-team-17,,0.23836065459196332,0.26359103028693437,0.4980483151211023,0.2343706615496345,0.2606433264695309,0.5049860119808346,0.028482111636549234,0.5494791666666667,0.45052083333333337,0.5520505163905842,0.44794948360941583
E0,1213,2012-10-07,Southampton,Fulham,2,2,D,,fpl-team-10,0.35516859242841536,0.28285881911963623,0.3619725884519483,0.35610986788876725,0.28068118995902175,0.363208942152211,0.02925389027222991,0.5456919060052219,0.4543080939947781,0.5481218720770542,0.4518781279229459
E0,1213,2012-10-07,Tottenham,Aston Villa,2,0,H,,fpl-team-2,0.651579986833443,0.2207455562870309,0.12767445687952597,0.665384292264449,0.21572788929207273,0.11888781844347827,0.029774579918012023,0.5725388601036269,0.427461139896373,0.5767859591534537,0.4232140408465464
E0,1213,2012-10-20,Fulham,Aston Villa,1,0,H,fpl-team-10,fpl-team-2,0.5219571954066897,0.26763244297056893,0.21041036162274127,0.5301421083157405,0.2647516761321201,0.2051062155521394,0.02940079220570624,0.5210526315789473,0.4789473684210527,0.5222000222007822,0.47779997779921773
E0,1213,2012-10-20,Liverpool,Reading,1,0,H,fpl-team-14,,0.7022187621642662,0.19268197742312182,0.10509926041261192,0.7172536774500283,0.18678042825110877,0.09596589429886299,0.028151798294857144,0.5846153846153845,0.41538461538461535,0.5893437296864297,0.4106562703135704
E0,1213,2012-10-20,Man United,Stoke,4,2,H,,,0.7356980139855912,0.1773926052413856,0.08690938077302314,0.751747530829932,0.17094055394689994,0.07731191522316812,0.02777890651486814,0.5846153846153845,0.41538461538461535,0.5893437296864297,0.4106562703135704
E0,1213,2012-10-20,Norwich,Arsenal,1,0,H,,fpl-team-1,0.15848505036243052,0.22815722226089033,0.6133577273766792,0.1509400527781212,0.22350157189103922,0.6255583753308396,0.029717825120314956,0.6010230179028133,0.39897698209718674,0.6077468630860775,0.39225313691392255
E0,1213,2012-10-20,Swansea,Wigan,2,1,H,,,0.46127448964715473,0.27894180052409057,0.25978370982875465,0.46673156222006473,0.2766160694100347,0.2566523683699005,0.028821979416534305,0.5,0.5,0.5,0.5
E0,1213,2012-10-20,Tottenham,Chelsea,2,4,A,,fpl-team-6,0.37174903266885434,0.28613410393299704,0.3421168633981487,0.37342581105036265,0.2840776824526256,0.34249650649701174,0.02953705796971917,0.5340314136125655,0.4659685863874345,0.5358008371826707,0.46419916281732926
E0,1213,2012-10-20,West Brom,Man City,1,2,A,,fpl-team-15,0.18960556089535957,0.25710101871408814,0.5532934203905522,0.18357382196580313,0.2538367991848344,0.5625893788493624,0.028675718931481242,0.5456919060052219,0.4543080939947781,0.5481218720770542,0.4518781279229459
E0,1213,2012-10-20,West Ham,Southampton,4,1,H,,,0.5114961035615379,0.2621240419913699,0.2263798544470922,0.5190045929049097,0.2591068788141022,0.22188852828098793,0.028515647863969207,0.5546875,0.44531250000000006,0.557655876785144,0.442344123214856
E0,1213,2012-10-21,QPR,Everton,1,1,D,,fpl-team-9,0.289294089644489,0.2807096952930205,0.42999621506249047,0.28742852045815526,0.2784845208552588,0.43408695868658603,0.028582051629200578,0.5052631578947367,0.49473684210526314,0.5055407801420785,0.4944592198579216
E0,1213,2012-10-21,Sunderland,Newcastle,1,1,D,fpl-team-20,fpl-team-17,0.3786448772722104,0.2903718383989343,0.33098328432885527,0.3805364513839557,0.2885818495837082,0.3308816990323362,0.028210255317389965,0.4569190600522194,0.5430809399477807,0.4546703296758698,0.5453296703241303
E0,1213,2012-10-27,Arsenal,QPR,1,0,H,fpl-team-1,,0.6907428055462449,0.19633146132745966,0.1129257331262954,0.7058034779602557,0.19040408006050144,0.10379244197924281,0.029055750695988536,0.6277915632754342,0.37220843672456577,0.6357048748343199,0.36429512516568
E0,1213,2012-10-27,Aston Villa,Norwich,1,1,D,fpl-team-2,,0.4822745315373349,0.27720178352292557,0.24052368493973955,0.4886720939790383,0.2747772122994978,0.23655069372146378,0.029046985553577542,0.5275590551181102,0.47244094488188976,0.5290215588778682,0.4709784411221318
E0,1213,2012-10-27,Man City,Swansea,1,0,H,fpl-team-15,,0.7703333382782714,0.15558456585915828,0.0740820958625703,0.7883185554755057,0.1479538116482378,0.06372763287625648,0.029010918457061052,0.6496350364963503,0.35036496350364965,0.6599563046404339,0.34004369535956613
E0,1213,2012-10-27,Reading,Fulham,3,3,D,,fpl-team-10,0.338830365693324,0.28303494619292635,0.3781346881137496,0.3390609281604615,0.28088832239356193,0.3800507494459765,0.028925937367603183,0.5263157894736842,0.47368421052631576,0.5277777777735805,0.47222222222641946
E0,1213,2012-10-27,Stoke,Sunderland,0,0,D,,fpl-team-20,0.48264087324265625,0.28493256372156817,0.23242656303577547,0.48896512539692627,0.2828635957633346,0.2281712788397392,0.02864775201305747,0.41282051282051285,0.5871794871794872,0.4077816051400617,0.5922183948599383
E0,1213,2012-10-27,Wigan,West Ham,2,1,H,,,0.42070350176170695,0.282562053422042,0.296734444816251,0.42435795854808306,0.2804410800079714,0.2952009614439455,0.02824506990145892,0.5184210526315789,0.48157894736842105,0.5194169371160577,0.4805830628839423
E0,1213,2012-10-28,Chelsea,Man United,2,3,A,fpl-team-6,,0.3942516705579261,0.28500120763223574,0.32074712180983816,0.39681648221980925,0.28297077116313857,0.3202127466170521,0.028444198425859213,0.5598958333333334,0.44010416666666663,0.5632998486409446,0.4367001513590554
E0,1213,2012-10-28,Everton,Liverpool,2,2,D,fpl-team-9,fpl-team-14,0.362567080791002,0.2920679261927516,0.34536499301624646,0.3637935184483794,0.29033878208312464,0.3458676994684959,0.028381632640957832,0.4921052631578948,0.5078947368421052,0.4916876783688407,0.5083123216311592
E0,1213,2012-10-28,Newcastle,West Brom,2,1,H,fpl-team-17,,0.4774244208873184,0.276403612092658,0.24617196702002356,0.4836085034147055,0.2739496422077825,0.2424418543775118,0.02901622571516782,0.5328083989501312,0.4671916010498688,0.5345934576824739,0.46540654231752615
E0,1213,2012-10-28,Southampton,Tottenham,1,2,A,,,0.22385321100917432,0.25871559633027524,0.5174311926605505,0.21931160976930528,0.2555931951988092,0.5250951950318856,0.028168244985863566,0.5994897959183673,0.4005102040816326,0.6057053801491125,0.3942946198508875
E0,1213,2012-11-03,Fulham,Everton,2,2,D,fpl-team-10,fpl-team-9,0.3526622784150157,0.2838242961418144,0.36351342544317,0.35348899255815075,0.2817037430392978,0.3648072644025515,0.029036901658400893,0.5340314136125655,0.4659685863874345,0.5358008371826707,0.46419916281732926
E0,1213,2012-11-03,Man United,Arsenal,2,1,H,,fpl-team-1,0.560940020878808,0.24559291069564396,0.19346706842554806,0.5702155156665969,0.24198524845829406,0.187799235875109,0.027630651835352182,0.5856777493606138,0.4143222506393862,0.5903013639605514,0.40969863603944845
E0,1213,2012-11-03,Norwich,Stoke,1,0,H,,,0.362567080791002,0.2920679261927516,0.34536499301624646,0.3637935184483794,0.29033878208312464,0.3458676994684959,0.028381632640957832,0.4516971279373368,0.5483028720626633,0.4490778970539186,0.5509221029460813
E0,1213,2012-11-03,Sunderland,Aston Villa,0,1,A,fpl-team-20,fpl-team-2,0.4546769527483124,0.28833172613307617,0.2569913211186114,0.4598401066694943,0.28640811894286844,0.2537517743876373,0.028752550948411226,0.43152454780361754,0.5684754521963824,0.4278715296689119,0.572128470331088
E0,1213,2012-11-03,Swansea,Chelsea,1,1,D,,fpl-team-6,0.2130039011703511,0.2604031209362808,0.526592977893368,0.2081125593508763,0.2574022758724192,0.5344851647767045,0.02764053549617529,0.5625,0.4375,0.5661375661393959,0.43386243386060414
E0,1213,2012-11-03,Tottenham,Wigan,0,1,A,,,0.6442160873626904,0.21972103211674132,0.13606288052056822,0.6571400592328052,0.21489534569182422,0.1279645950753706,0.02844642521813512,0.5923076923076923,0.40769230769230774,0.598015192346614,0.40198480765338596
E0,1213,2012-11-03,West Ham,Man City,0,0,D,,fpl-team-15,0.19033552890169966,0.2520933334921448,0.5575711376061556,0.18453253482414464,0.24873798592014568,0.5667294792557097,0.02769618295133114,0.5684754521963824,0.43152454780361754,0.572128470331088,0.4278715296689119
E0,1213,2012-11-04,Liverpool,Newcastle,1,1,D,fpl-team-14,fpl-team-17,0.6110980774692234,0.23387704199439419,0.15502488053638236,0.6225973204320902,0.2296857398771206,0.14771693969078914,0.02821383043192327,0.5430809399477807,0.4569190600522194,0.5453296703241303,0.4546703296758698
E0,1213,2012-11-04,QPR,Reading,1,1,D,,,0.5188307173988609,0.2615711650044119,0.21959811759672718,0.5269529187911209,0.2584072918252884,0.2146397893835907,0.029655952006578445,0.5314136125654451,0.46858638743455505,0.5330241902133033,0.4669758097866967
E0,1213,2012-11-05,West Brom,Southampton,2,0,H,,,0.5484867201976529,0.2549722050648548,0.1965410747374923,0.5580643599598099,0.25144461821166475,0.19049102182852554,0.03021466382779181,0.5673575129533679,0.43264248704663216,0.5710906953347442,0.4289093046652558
E0,1213,2012-11-10,Arsenal,Fulham,3,3,D,fpl-team-1,fpl-team-10,0.6165077603702783,0.23232927915431675,0.15116296047540478,0.6291498942260525,0.22772726241941246,0.14312284335453515,0.030501670902594924,0.5933503836317136,0.4066496163682865,0.5989481674355508,0.4010518325644492
E0,1213,2012-11-10,Aston Villa,Man United,2,3,A,fpl-team-2,,0.1443400247537729,0.2221138263269823,0.6335461489192449,0.13611234708568754,0.2171160178210888,0.6467716350932237,0.03013773658312857,0.577319587628866,0.4226804123711341,0.581663763067284,0.41833623693271604
E0,1213,2012-11-10,Everton,Sunderland,2,1,H,fpl-team-9,fpl-team-20,0.6450877111466865,0.22694652006606317,0.1279657687872503,0.6593695137932407,0.2219199154772117,0.11871057072954756,0.03149020322598517,0.503957783641161,0.4960422163588391,0.5041773420969614,0.49582265790303864
E0,1213,2012-11-10,Reading,Norwich,0,0,D,,,0.4236613703249903,0.28201935994768007,0.29431926972732964,0.42757428732563624,0.2797990568360271,0.2926266558383367,0.02926567499525845,0.5289473684210526,0.4710526315789474,0.5305733900309719,0.4694266099690281
E0,1213,2012-11-10,Southampton,Swansea,1,1,D,,,0.39532791724060384,0.2754617265903916,0.3292103561690046,0.3980066121963466,0.27296808596268507,0.3290253018409684,0.02921529416926205,0.5673575129533679,0.43264248704663216,0.5710906953347442,0.4289093046652558
E0,1213,2012-11-10,Stoke,QPR,1,0,H,,,0.4966799468791501,0.2775564409030545,0.22576361221779553,0.5039070438253017,0.27506574740691,0.22102720876778825,0.02995458710938692,0.45669291338582685,0.5433070866141733,0.4541895718808615,0.5458104281191385
E0,1213,2012-11-10,Wigan,West Brom,1,2,A,,,0.4095012084556056,0.2823724750843131,0.30812631646008115,0.4127256241492605,0.28021936912736356,0.30705500672337593,0.028594432631507516,0.5210526315789473,0.4789473684210527,0.5222000222007822,0.47779997779921773
E0,1213,2012-11-11,Chelsea,Liverpool,1,1,D,fpl-team-6,fpl-team-14,0.48586572438162556,0.26930843008581523,0.24482584553255932,0.49275483512931756,0.2664064370729795,0.2408387277977029,0.030562105821445584,0.5418848167539266,0.4581151832460733,0.544168391996252,0.45583160800374806
E0,1213,2012-11-11,Man City,Tottenham,2,1,H,fpl-team-15,,0.597663271420012,0.2366686638705812,0.16566806470940684,0.6092354691623285,0.23236974010710387,0.15839479073056756,0.029823613120242953,0.5762273901808785,0.42377260981912146,0.5806628021313719,0.4193371978686282
E0,1213,2012-11-11,Newcastle,West Ham,0,1,A,fpl-team-17,,0.47447247261179615,0.2777059472051396,0.24782158018306416,0.480657154109113,0.27525765056819473,0.2440851953226922,0.029632661258801818,0.531578947368421,0.4684210526315789,0.5333741239292438,0.4666258760707563
E0,1213,2012-11-17,Arsenal,Tottenham,5,2,H,fpl-team-1,,0.4883325265525784,0.26170306671602267,0.24996440673139894,0.4947241640665327,0.25874508428288356,0.24653075165058375,0.027866297401487827,0.5948717948717949,0.4051282051282052,0.600938454809759,0.3990615451902409
E0,1213,2012-11-17,Liverpool,Wigan,3,0,H,fpl-team-14,,0.6463061317847272,0.2179230836964669,0.135770784518806,0.6601907659034605,0.21268616590561326,0.1271230681909261,0.030416413443163037,0.5688311688311688,0.43116883116883115,0.5728943169866965,0.42710568301330365
E0,1213,2012-11-17,Man City,Aston Villa,5,0,H,fpl-team-15,fpl-team-2,0.7817189745414317,0.14529646070585753,0.07298456475271083,0.8007794482246423,0.13697252243276714,0.06224802934259067,0.030094418907538056,0.647921760391198,0.35207823960880197,0.6585429769434776,0.34145702305652237
E0,1213,2012-11-17,Newcastle,Swansea,1,2,A,fpl-team-17,,0.49089447179472717,0.272248945564317,0.23685658264095583,0.4973832500022451,0.26972044811136925,0.2328963018863857,0.027838242007419467,0.5236842105263159,0.47631578947368425,0.5249868125159045,0.4750131874840955
E0,1213,2012-11-17,Norwich,Man United,1,0,H,,,0.13553383735939514,0.213903743315508,0.6505624193250968,0.1268261417534831,0.2084599793855617,0.6647138788609552,0.030597285134717822,0.6151898734177216,0.3848101265822785,0.6231860515468389,0.37681394845316113
E0,1213,2012-11-17,QPR,Southampton,1,3,A,,,0.4907165369092382,0.26829544369258634,0.2409880193981755,0.4972425998428207,0.26558851186175503,0.2371688882954243,0.02802913193590939,0.5699481865284974,0.43005181347150256,0.5739320919957633,0.42606790800423666
E0,1213,2012-11-17,Reading,Everton,2,1,H,,fpl-team-9,0.22190611664295878,0.2603129445234708,0.5177809388335705,0.21734322385837448,0.2572941640078599,0.5253626121337656,0.027809673687443137,0.5598958333333334,0.44010416666666663,0.5632998486409446,0.4367001513590554
E0,1213,2012-11-17,West Brom,Chelsea,2,1,H,,fpl-team-6,0.2504605115832208,0.26896043573425416,0.4805790526825251,0.2470075852439291,0.266267043201791,0.4867253715542798,0.028208564734086394,0.5610389610389611,0.43896103896103894,0.5643765066779782,0.4356234933220219
E0,1213,2012-11-18,Fulham,Sunderland,1,3,A,fpl-team-10,fpl-team-20,0.5524469798291345,0.2567076998662554,0.19084532030461007,0.5619679475302154,0.25333457491766875,0.1846974775521158,0.029494783841073513,0.5210526315789473,0.4789473684210527,0.5222000222007822,0.47779997779921773
E0,1213,2012-11-19,West Ham,Stoke,1,1,D,,,0.4649940440738536,0.2826161405598571,0.25238981536628946,0.4707908149122761,0.28037311760766714,0.2488360674800567,0.029770052642561495,0.4450261780104712,0.5549738219895288,0.44173140953637374,0.5582685904636263
E0,1213,2012-11-24,Aston Villa,Arsenal,0,0,D,fpl-team-2,fpl-team-1,0.194624272719823,0.2522330574448906,0.5531426698352865,0.18876839578890636,0.24875148008923376,0.5624801241218599,0.028815376106649637,0.578811369509044,0.42118863049095606,0.5835341805427401,0.41646581945725997
E0,1213,2012-11-24,Everton,Norwich,1,1,D,fpl-team-9,,0.6377795808932476,0.22581669371339871,0.13640372539335355,0.651205670313985,0.22095653390547484,0.12783779578054014,0.030216692248359323,0.5725388601036269,0.427461139896373,0.5767859591534537,0.4232140408465464
E0,1213,2012-11-24,Man United,QPR,3,1,H,,,0.8046614872364041,0.13096559378468367,0.06437291897891231,0.823299429071529,0.1226219494599078,0.05407862146856328,0.02814569533802569,0.6836027713625867,0.31639722863741343,0.6960445847605845,0.3039554152394155
E0,1213,2012-11-24,Stoke,Fulham,1,0,H,,fpl-team-10,0.4415268023036181,0.2845986014848623,0.27387459621151966,0.44620623017744154,0.2824880657260679,0.27130570409649063,0.029221990145742893,0.4657894736842106,0.5342105263157895,0.4638195430185368,0.5361804569814632
E0,1213,2012-11-24,Sunderland,West Brom,2,4,A,fpl-team-20,,0.38889091372963513,0.28636512738273134,0.3247439588876335,0.3912840094536339,0.2843465069389851,0.32436948360738094,0.02911332924850285,0.4789473684210527,0.5210526315789473,0.47779997779921773,0.5222000222007822
E0,1213,2012-11-24,Wigan,Reading,3,2,H,,,0.5007176287051482,0.26733229329173164,0.2319500780031201,0.5077586586977372,0.2645413731632002,0.2276999681390626,0.028451277874410152,0.5342105263157895,0.4657894736842106,0.5361804569814632,0.4638195430185368
E0,1213,2012-11-25,Chelsea,Man City,0,0,D,fpl-team-6,fpl-team-15,0.372397478896288,0.27984899301673716,0.34775352808697485,0.3740493146124982,0.27759117778532044,0.3483595076021815,0.028617037693038583,0.5839793281653746,0.4160206718346253,0.589320068155592,0.410679931844408
E0,1213,2012-11-25,Southampton,Newcastle,2,0,H,,fpl-team-17,0.4114897729613258,0.27512397610786316,0.313386250930811,0.4147674552473255,0.2726890760149841,0.3125434687376905,0.028329426189884543,0.5636363636363637,0.4363636363636364,0.567204301068432,0.43279569893156794
E0,1213,2012-11-25,Swansea,Liverpool,0,0,D,,fpl-team-14,0.27581699346405225,0.27581699346405225,0.44836601307189544,0.2733849077255905,0.2733849077255905,0.4532301845488191,0.028562474297359586,0.531578947368421,0.4684210526315789,0.5333741239292438,0.4666258760707563
E0,1213,2012-11-25,Tottenham,West Ham,3,1,H,,,0.5745557551394402,0.2521321797819352,0.17331206507862457,0.5843779698233182,0.24877151914939352,0.1668505110272882,0.02765969862230122,0.5625,0.4375,0.5661375661393959,0.43386243386060414
E0,1213,2012-11-27,Aston Villa,Reading,1,0,H,fpl-team-2,,0.4833959439763071,0.2730420893929573,0.24356196663073568,0.4895718486780141,0.27055071319741086,0.23987743812457504,0.02781205251812935,0.5092348284960422,0.4907651715039578,0.5097498467882865,0.49025015321171345
E0,1213,2012-11-27,Sunderland,QPR,0,0,D,fpl-team-20,,0.42709677419354836,0.2864516129032258,0.2864516129032258,0.43089888779440233,0.28455055610279884,0.28455055610279884,0.027371115749701858,0.4476439790575916,0.5523560209424083,0.44456916381726636,0.5554308361827337
E0,1213,2012-11-28,Chelsea,Fulham,0,0,D,fpl-team-6,fpl-team-10,0.6501668744219712,0.2157304274397845,0.1341026981382444,0.6644496396424789,0.21030523016472089,0.1252451301928001,0.03093711077235639,0.6035805626598465,0.39641943734015345,0.6107162383745074,0.3892837616254925
E0,1213,2012-11-28,Everton,Arsenal,1,1,D,fpl-team-9,fpl-team-1,0.3856942383053411,0.2804008557412717,0.33390490595338723,0.3879509315670045,0.27812506190871517,0.3339240065242803,0.029144830303266644,0.5471204188481674,0.4528795811518324,0.5497828912734765,0.45021710872652343
E0,1213,2012-11-28,Man United,West Ham,1,0,H,,,0.7637893024549989,0.1552620877121637,0.08094860983283748,0.7816567360695569,0.14760595738151228,0.07073730654893082,0.029131521936506033,0.6666666666666667,0.33333333333333337,0.6785714285835263,0.32142857141647374
E0,1213,2012-11-28,Southampton,Norwich,1,1,D,,,0.4563110098295977,0.27458249719397304,0.2691064929764294,0.4616620368836444,0.27202448015318026,0.2663134829631755,0.02940594358369708,0.544502617801047,0.4554973821989528,0.5469717064457948,0.45302829355420515
E0,1213,2012-11-28,Stoke,Newcastle,2,1,H,,fpl-team-17,0.4820295983086681,0.28118393234672306,0.23678646934460887,0.48847472701633116,0.27890693111433107,0.23261834186933777,0.02931921649724245,0.43376623376623374,0.5662337662337663,0.42995660057145807,0.5700433994285419
E0,1213,2012-11-28,Swansea,West Brom,3,1,H,,,0.4092824651270245,0.2797167143323747,0.31100082054060085,0.4125288131475092,0.2774301268354552,0.3100410600170356,0.02887794328853488,0.5263157894736842,0.47368421052631576,0.5277777777735805,0.47222222222641946
E0,1213,2012-11-28,Tottenham,Liverpool,2,1,H,,fpl-team-14,0.39738856876875917,0.2798179862927949,0.322793444938446,0.40010728862514605,0.27755230689186644,0.32234040448298745,0.028681372292339802,0.544502617801047,0.4554973821989528,0.5469717064457948,0.45302829355420515
E0,1213,2012-11-28,Wigan,Man City,0,2,A,,fpl-team-15,0.1539896796011778,0.22599924200460625,0.6200110783942159,0.1459431754875041,0.2210453211802785,0.6330115033322175,0.030986723490059376,0.5762273901808785,0.42377260981912146,0.5806628021313719,0.4193371978686282
E0,1213,2012-12-01,Arsenal,Swansea,0,2,A,fpl-team-1,,0.6449026592481786,0.22154303117702137,0.13355430957480013,0.6592504286860005,0.21626025334100415,0.12448931797299534,0.03161967871710658,0.5725388601036269,0.427461139896373,0.5767859591534537,0.4232140408465464
E0,1213,2012-12-01,Fulham,Tottenham,0,3,A,fpl-team-10,,0.3270863978804847,0.2820385706274839,0.3908750314920315,0.3267959507789826,0.2797092985642202,0.3934947506567972,0.030800279462710023,0.5549738219895288,0.4450261780104712,0.5582685904636263,0.44173140953637374
E0,1213,2012-12-01,Liverpool,Southampton,1,0,H,fpl-team-14,,0.6742506643940838,0.2056537974186748,0.12009553818724138,0.689278933351077,0.1998738359499785,0.11084723069894449,0.030359357711859047,0.5907928388746803,0.4092071611253197,0.5960497835526194,0.40395021644738066
E0,1213,2012-12-01,Man City,Everton,1,1,D,fpl-team-15,fpl-team-9,0.6175433352537201,0.232719532743397,0.14973713200288302,0.6298601067178111,0.22826915298231013,0.14187074029987873,0.029593587154522538,0.5598958333333334,0.44010416666666663,0.5632998486409446,0.4367001513590554
E0,1213,2012-12-01,QPR,Aston Villa,1,1,D,,fpl-team-2,0.4754194877833383,0.2768619370032382,0.2477185752134236,0.48198193829499586,0.2742419888955773,0.24377607280942676,0.031257645692676306,0.4710526315789474,0.5289473684210526,0.4694266099690281,0.5305733900309719
E0,1213,2012-12-01,Reading,Man United,3,4,A,,,0.12634253057601003,0.20991431583452885,0.6637431535894611,0.1171153941970756,0.2041844423692509,0.6787001634336735,0.03114119777455926,0.5948717948717949,0.4051282051282052,0.600938454809759,0.3990615451902409
E0,1213,2012-12-01,West Brom,Stoke,0,1,A,,,0.45697770562934764,0.28440304338261513,0.25861925098803734,0.46268215100999965,0.28213686147951356,0.25518098751048685,0.031210114946588874,0.4516971279373368,0.5483028720626633,0.4490778970539186,0.5509221029460813
E0,1213,2012-12-01,West Ham,Chelsea,3,1,H,,fpl-team-6,0.24039829302987198,0.27880512091038406,0.48079658605974396,0.2362006123732878,0.27631744208018516,0.487481945546527,0.03068216540850699,0.4921052631578948,0.5078947368421052,0.4916876783688407,0.5083123216311592
E0,1213,2012-12-02,Norwich,Sunderland,2,1,H,,fpl-team-20,0.4510896743383508,0.2848270149145477,0.2640833107471017,0.4563857509234557,0.28263914563814474,0.26097510343839964,0.030409082770347595,0.4375,0.5625,0.43386243386060414,0.5661375661393959
E0,1213,2012-12-03,Newcastle,Wigan,3,0,H,fpl-team-17,,0.4729946849964727,0.2793054668080061,0.2476998481955212,0.47945293990437704,0.27679461296575997,0.243752447129863,0.031295448541641235,0.4960422163588391,0.503957783641161,0.49582265790303864,0.5041773420969614
E0,1213,2012-12-08,Arsenal,West Brom,2,0,H,fpl-team-1,,0.6274973072513116,0.2256002223689239,0.1469024703797644,0.6396000810481491,0.2210852926558831,0.1393146262959678,0.028080412885174155,0.5798969072164949,0.42010309278350516,0.5845262440221842,0.4154737559778157
E0,1213,2012-12-08,Aston Villa,Stoke,0,0,D,fpl-team-2,,0.38566247257421754,0.29619845072314516,0.31813907670263736,0.38792250060202693,0.2945971492079349,0.31748035019003806,0.029183909529820085,0.4066496163682865,0.5933503836317136,0.4010518325644492,0.5989481674355508
E0,1213,2012-12-08,Southampton,Reading,1,0,H,,,0.4947339461190629,0.2654331003054523,0.2398329535754848,0.5017105721858983,0.2624874580618518,0.23580196975224985,0.029238382820039988,0.5613577023498694,0.4386422976501305,0.5650609080815892,0.43493909191841096
E0,1213,2012-12-08,Sunderland,Chelsea,1,3,A,fpl-team-20,fpl-team-6,0.2060304415764801,0.2626888130100121,0.5312807454135077,0.2006343322021737,0.25964675070070675,0.5397189170971195,0.02888555615209043,0.46073298429319376,0.5392670157068064,0.4586275375035324,0.5413724624964675
E0,1213,2012-12-08,Swansea,Norwich,3,4,A,,,0.5191249183692508,0.2631775352178375,0.21769754641291167,0.5271778817717834,0.26011361309981473,0.2127085051284019,0.02935453981626779,0.5065963060686015,0.49340369393139843,0.5069630124784155,0.49303698752158454
E0,1213,2012-12-08,Wigan,QPR,2,2,D,,,0.4022655627255649,0.28051159418548294,0.3172228430889522,0.40521793842414827,0.27825467966111056,0.31652738191474106,0.028941012686118484,0.5065963060686015,0.49340369393139843,0.5069630124784155,0.49303698752158454
E0,1213,2012-12-09,Everton,Tottenham,2,1,H,fpl-team-9,,0.47418149211167504,0.27351338240644446,0.25230512548188055,0.4804208629437535,0.27085568220758505,0.2487234548486614,0.029957741498947144,0.5157894736842105,0.4842105263157894,0.5166370896208807,0.4833629103791193
E0,1213,2012-12-09,Man City,Man United,2,3,A,fpl-team-15,,0.42608470851824726,0.2773923908828472,0.2965229005989057,0.4300157775188457,0.275025374843082,0.2949588476380723,0.02862675115466118,0.5714285714285715,0.4285714285714286,0.5757575757670291,0.42424242423297087
E0,1213,2012-12-09,West Ham,Liverpool,2,3,A,,fpl-team-14,0.3190285540087389,0.2923605324662128,0.38861091352504823,0.3184010358314487,0.2905758010195009,0.39102316314905045,0.029493335634469986,0.4285714285714286,0.5714285714285715,0.42424242423297087,0.5757575757670291
E0,1213,2012-12-10,Fulham,Newcastle,2,1,H,fpl-team-10,fpl-team-17,0.4920851063829788,0.2668936170212766,0.2410212765957447,0.4989650082947978,0.2640037319103106,0.23703125979489156,0.02931311260908842,0.5236842105263159,0.47631578947368425,0.5249868125159045,0.4750131874840955
E0,1213,2012-12-11,Sunderland,Reading,3,0,H,fpl-team-20,,0.47651069765088905,0.2797216189750057,0.2437676833741052,0.4823086624405637,0.27753944010985154,0.2401518974495848,0.027358114486560225,0.4684210526315789,0.531578947368421,0.4666258760707563,0.5333741239292438
E0,1213,2012-12-15,Liverpool,Aston Villa,1,3,A,fpl-team-14,fpl-team-2,0.6902603565388928,0.2051316027024475,0.10460804075865965,0.7054858168450178,0.19946557657312727,0.09504860658185495,0.02950028399936855,0.5471204188481674,0.4528795811518324,0.5497828912734765,0.45021710872652343
E0,1213,2012-12-15,Man United,Sunderland,3,1,H,,fpl-team-20,0.7890205178309722,0.14411333659013187,0.06686614557889595,0.8080316270508865,0.1358396857304305,0.056128687218682936,0.029667942319065332,0.6586538461538461,0.3413461538461538,0.6696309242107207,0.3303690757892793
E0,1213,2012-12-15,Newcastle,Man City,1,3,A,fpl-team-17,fpl-team-15,0.18271640418438903,0.24712035866191515,0.5701632371536959,0.1764367790962991,0.2434546580330779,0.580108562870623,0.02851551945786923,0.5289473684210526,0.4710526315789474,0.5305733900309719,0.4694266099690281
E0,1213,2012-12-15,Norwich,Wigan,2,1,H,,,0.43333151466496234,0.27866156400283715,0.28800692133220057,0.43767261260956686,0.27629035938992796,0.2860370280005053,0.029330189572647214,0.5092348284960422,0.4907651715039578,0.5097498467882865,0.49025015321171345
E0,1213,2012-12-15,QPR,Fulham,2,1,H,,fpl-team-10,0.3968357409217624,0.27860444347899543,0.3245598155992421,0.39959914384524436,0.2762291310852879,0.32417172506946773,0.02941914089024067,0.5157894736842105,0.4842105263157894,0.5166370896208807,0.4833629103791193
E0,1213,2012-12-15,Stoke,Everton,1,1,D,,fpl-team-9,0.31474556982604457,0.2950739717119168,0.39018045846203875,0.3139304610052972,0.29340394769881323,0.39266559129588957,0.02954271947965026,0.41902313624678666,0.5809768637532133,0.4144904717974111,0.5855095282025888
E0,1213,2012-12-16,Tottenham,Swansea,1,0,H,,,0.5836978196921788,0.2418389943481662,0.17446318595965493,0.5943935601184487,0.23787592164200874,0.16773051823954258,0.02904971595853567,0.5688311688311688,0.43116883116883115,0.5728943169866965,0.42710568301330365
E0,1213,2012-12-16,West Brom,West Ham,0,0,D,,,0.4720487747408106,0.2768614514608859,0.2510897737983035,0.47813889630901507,0.27437304260398243,0.24748806108700258,0.02968708355911076,0.5,0.5,0.5,0.5
E0,1213,2012-12-17,Reading,Arsenal,2,5,A,,fpl-team-1,0.18565969094613854,0.24385871323754474,0.5704815958163167,0.17887740275356898,0.23966923636265147,0.5814533608837795,0.03146878047846258,0.5861182519280206,0.4138817480719795,0.5912607605804253,0.4087392394195746
E0,1213,2012-12-22,Liverpool,Fulham,4,0,H,fpl-team-14,fpl-team-10,0.6162612676890928,0.23571993489107798,0.1480187974198292,0.6289784761700703,0.23123016640643684,0.13979135742349283,0.030729683581739664,0.5651041666666667,0.4348958333333333,0.5689864510489147,0.43101354895108535
E0,1213,2012-12-22,Man City,Reading,1,0,H,fpl-team-15,,0.829477151090984,0.11420337587484562,0.056319473034170446,0.8506863930247961,0.10435686559572699,0.04495674137947684,0.031052008271217346,0.7198275862068966,0.28017241379310354,0.7349147857919821,0.26508521420801795
E0,1213,2012-12-22,Newcastle,QPR,1,0,H,fpl-team-17,,0.455393446543889,0.28055489117436017,0.26405166228175075,0.46089502361272267,0.27817076593695655,0.2609342104503207,0.030476865940727293,0.5013192612137204,0.4986807387862796,0.5013923698131533,0.49860763018684684
E0,1213,2012-12-22,Southampton,Sunderland,0,1,A,,fpl-team-20,0.4615384615384615,0.27692307692307694,0.26153846153846155,0.4674367980564222,0.27432238646433005,0.2582408154792477,0.03112073172815144,0.4986807387862796,0.5013192612137204,0.49860763018684684,0.5013923698131533
E0,1213,2012-12-22,Tottenham,Stoke,0,0,D,,,0.5861182519280206,0.25366945849572936,0.16021228957625014,0.5973153407691189,0.2500562982451368,0.15262836098574445,0.030195799889042974,0.4631578947368421,0.536842105263158,0.46100713011761374,0.5389928698823863
E0,1213,2012-12-22,West Brom,Norwich,2,1,H,,,0.4825348702792895,0.2743274043861849,0.24313772533452568,0.48947451519529583,0.2715693695004746,0.23895611530422958,0.03148786805104464,0.5118733509234827,0.4881266490765172,0.5125383115051826,0.48746168849481736
E0,1213,2012-12-22,West Ham,Everton,1,2,A,,fpl-team-9,0.3260757505093399,0.29085151820123223,0.3830727312894278,0.3257433828147337,0.28893379567170385,0.3853228215135625,0.030597305740229785,0.4540682414698162,0.5459317585301837,0.4513672743432872,0.5486327256567128
E0,1213,2012-12-22,Wigan,Arsenal,0,1,A,,fpl-team-1,0.20307541408931987,0.2534337377988008,0.5434908481118792,0.1969730192520915,0.24963154316653252,0.5533954375813759,0.03200519364327192,0.578811369509044,0.42118863049095606,0.5835341805427401,0.41646581945725997
E0,1213,2012-12-23,Chelsea,Aston Villa,8,0,H,fpl-team-6,fpl-team-2,0.7096948344790033,0.18507728036413226,0.10522788515686447,0.7263075281223006,0.17834203431545084,0.09535043756224863,0.030598466750234365,0.6151898734177216,0.3848101265822785,0.6231860515468389,0.37681394845316113
E0,1213,2012-12-23,Swansea,Man United,1,1,D,,,0.18127946710497858,0.2474155456550889,0.5713049872399326,0.17447077588941426,0.243483081439619,0.5820461426709668,0.03069750824943185,0.6071428571428571,0.39285714285714285,0.614591291059686,0.38540870894031387
E0,1213,2012-12-26,Aston Villa,Tottenham,0,4,A,fpl-team-2,,0.2543143399390916,0.27501434435273864,0.4706713157081696,0.2509784122845258,0.27254068851913116,0.476480899196343,0.028586395550519228,0.513157894736842,0.48684210526315796,0.5138600138599122,0.48613998614008774
E0,1213,2012-12-26,Everton,Wigan,2,1,H,fpl-team-9,,0.6430997468332537,0.2208777167861876,0.1360225363805587,0.6563944139357936,0.2159409536819222,0.12766463238228426,0.029392441269010305,0.5549738219895288,0.4450261780104712,0.5582685904636263,0.44173140953637374
E0,1213,2012-12-26,Fulham,Southampton,1,1,D,fpl-team-10,,0.49841884568769756,0.26601005809174877,0.23557109622055364,0.5052766964368616,0.26320136774733527,0.23152193581580321,0.028087801532819867,0.5587467362924282,0.4412532637075718,0.5622131283537581,0.43778687164624175
E0,1213,2012-12-26,Man United,Newcastle,4,3,H,,fpl-team-17,0.7637289689259762,0.15449003612858245,0.0817809949454413,0.7816214606892021,0.14679680689277091,0.07158173241802704,0.029166147811338305,0.6626794258373206,0.33732057416267947,0.6741045139476753,0.32589548605232455
E0,1213,2012-12-26,Norwich,Chelsea,0,1,A,,fpl-team-6,0.16527612236789826,0.24282876440206597,0.5918951132300357,0.15835949370408028,0.2390066071031499,0.6026338991927698,0.028257963014766574,0.5587467362924282,0.4412532637075718,0.5622131283537581,0.43778687164624175
E0,1213,2012-12-26,QPR,West Brom,1,2,A,,,0.42070350176170695,0.282562053422042,0.296734444816251,0.42435795854808306,0.2804410800079714,0.2952009614439455,0.02824506990145892,0.49473684210526314,0.5052631578947367,0.4944592198579216,0.5055407801420785
E0,1213,2012-12-26,Reading,Swansea,0,0,D,,,0.3281673769856645,0.28128632313056956,0.39054629988376605,0.32793986104449213,0.27905522268930544,0.39300491626620254,0.029049862641841173,0.5421052631578948,0.4578947368421053,0.5446378752344725,0.45536212476552757
E0,1213,2012-12-26,Stoke,Liverpool,3,1,H,,fpl-team-14,0.28369614833703233,0.2970360926162031,0.4192677590467646,0.28166138880894365,0.29554409013176497,0.4227945210592914,0.02770660351961851,0.4138817480719795,0.5861182519280206,0.4087392394195746,0.5912607605804253
E0,1213,2012-12-26,Sunderland,Man City,1,0,H,fpl-team-20,fpl-team-15,0.14219529579472562,0.23663578047042053,0.621168923734854,0.13391919318996232,0.2322837598771429,0.6337970469328948,0.03000912698917091,0.5210526315789473,0.4789473684210527,0.5222000222007822,0.47779997779921773
E0,1213,2012-12-29,Arsenal,Newcastle,7,3,H,fpl-team-1,fpl-team-17,0.6649639534769978,0.2103004039949525,0.12473564252804976,0.6795008534665801,0.20476855566373123,0.11573059086968877,0.03013629000633955,0.583547557840617,0.41645244215938304,0.5883776581158268,0.4116223418841733
E0,1213,2012-12-29,Aston Villa,Wigan,0,3,A,fpl-team-2,,0.3994458165170773,0.2921872176374917,0.30836696584543105,0.4022042121034582,0.29047271334912594,0.3073230745474158,0.028175110463052988,0.4593175853018373,0.5406824146981627,0.45700416089548346,0.5429958391045165
E0,1213,2012-12-29,Fulham,Swansea,1,2,A,fpl-team-10,,0.45202928894141076,0.280338639135771,0.26763207192281824,0.45717621863298963,0.27803704528995177,0.26478673607705855,0.02930239401757717,0.5105263157894737,0.4894736842105264,0.5110852455382258,0.4889147544617743
E0,1213,2012-12-29,Man United,West Brom,2,0,H,,,0.7329439318038476,0.17222179818341776,0.09483427001273455,0.7500562422732235,0.16510715533442177,0.0848366023923546,0.029813666478730738,0.6463414634146342,0.3536585365853659,0.6561483409123036,0.3438516590876963
E0,1213,2012-12-29,Norwich,Man City,3,4,A,,fpl-team-15,0.15554440541896636,0.2333166081284496,0.611138986452584,0.1482658042087311,0.22910846342884317,0.6226257323624258,0.02817642129957676,0.5328083989501312,0.4671916010498688,0.5345934576824739,0.46540654231752615
E0,1213,2012-12-29,Reading,West Ham,1,0,H,,,0.3413033210091699,0.2864879391501214,0.3722087398407088,0.34164000785658166,0.2844913558059655,0.3738686363374528,0.028882444137707353,0.5026315789473684,0.4973684210526315,0.5027701598381817,0.4972298401618182
E0,1213,2012-12-29,Stoke,Southampton,3,3,D,,,0.5173062168027214,0.27599719438745773,0.206696588809821,0.5249962672881109,0.2735682113399727,0.2014355213719165,0.02831040322780609,0.450261780104712,0.549738219895288,0.44739756368406325,0.5526024363159369
E0,1213,2012-12-29,Sunderland,Tottenham,1,2,A,fpl-team-20,,0.26135774355736924,0.2815818546659752,0.4570604017766554,0.2583233827222883,0.2793902481687441,0.4622863691089677,0.02853610727470368,0.4710526315789474,0.5289473684210526,0.4694266099690281,0.5305733900309719
E0,1213,2012-12-30,Everton,Chelsea,1,2,A,fpl-team-9,fpl-team-6,0.33084901911489206,0.28760735400261134,0.3815436268824965,0.3307405146885616,0.2856880999406006,0.38357138537083785,0.028426258359104395,0.5078947368421052,0.4921052631578948,0.5083123216311592,0.4916876783688407
E0,1213,2012-12-30,QPR,Liverpool,0,3,A,,fpl-team-14,0.2360678042972958,0.2721242700833381,0.49180792561936626,0.23182532369146394,0.26943008115036404,0.49874459515817215,0.02961534692440182,0.4894736842105264,0.5105263157894737,0.4889147544617743,0.5110852455382258
E0,1213,2013-01-01,Man City,Stoke,3,0,H,fpl-team-15,,0.7366603617537485,0.17663417595954195,0.08670546228670946,0.7523398047963322,0.17032225662976125,0.07733793857390654,0.027046140981838107,0.574025974025974,0.42597402597402595,0.5786337048893706,0.42136629511062934
E0,1213,2013-01-01,Southampton,Arsenal,1,1,D,,fpl-team-1,0.19521433295256418,0.24785065832982625,0.5569350087176096,0.18948321610960397,0.24425024660925249,0.5662665372811435,0.028301261831074953,0.5891472868217055,0.41085271317829464,0.5951671631844772,0.40483283681552285
E0,1213,2013-01-01,Swansea,Aston Villa,2,2,D,,fpl-team-2,0.5959138531047448,0.23987418390798584,0.16421196298726937,0.6067189942374787,0.23596605575996826,0.15731495000255302,0.027998069068416953,0.5184210526315789,0.48157894736842105,0.5194169371160577,0.4805830628839423
E0,1213,2013-01-01,Tottenham,Reading,3,1,H,,,0.7079864928537773,0.1920449191141825,0.09996858803204021,0.7230375611480685,0.18618520727351087,0.0907772315784205,0.027788744890131056,0.5902061855670103,0.40979381443298973,0.5961247974613841,0.4038752025386159
E0,1213,2013-01-01,West Brom,Fulham,1,2,A,,fpl-team-10,0.473730310506416,0.2722587991416184,0.25401089035196567,0.47950740635357947,0.2697399620311951,0.2507526316152254,0.02779790456406772,0.5184210526315789,0.48157894736842105,0.5194169371160577,0.4805830628839423
E0,1213,2013-01-01,West Ham,Norwich,2,1,H,,,0.45208758391939186,0.2787206638323094,0.26919175224829883,0.45722521899045565,0.2763552638889607,0.26641951712058365,0.02923374529927969,0.5065963060686015,0.49340369393139843,0.5069630124784155,0.49303698752158454
E0,1213,2013-01-01,Wigan,Man United,0,4,A,,,0.15858049891170248,0.2316519052729771,0.6097675958153204,0.15112232748605617,0.22719647063313722,0.6216812018808067,0.029384003719314933,0.6035805626598465,0.39641943734015345,0.6107162383745074,0.3892837616254925
E0,1213,2013-01-02,Chelsea,QPR,0,1,A,fpl-team-6,,0.7834117305510485,0.14719381893893924,0.06939445051001235,0.8017821684070597,0.13925546967718458,0.05896236191575562,0.02890037908218801,0.6388206388206389,0.3611793611793612,0.6478283621165067,0.35217163788349326
E0,1213,2013-01-02,Liverpool,Sunderland,3,0,H,fpl-team-14,fpl-team-20,0.684829102538477,0.20411752948231057,0.11105336797921246,0.6999981323547204,0.19836582779709536,0.10163603984818424,0.029788406565785408,0.549738219895288,0.450261780104712,0.5526024363159369,0.44739756368406325
E0,1213,2013-01-02,Newcastle,Everton,1,2,A,fpl-team-17,fpl-team-9,0.31423042394014966,0.2798324189526185,0.40593715710723194,0.31341478301723735,0.27756830175121233,0.40901691523155026,0.02865736954845488,0.5263157894736842,0.47368421052631576,0.5277777777735805,0.47222222222641946
E0,1213,2013-01-12,Aston Villa,Southampton,0,1,A,fpl-team-2,,0.3861482410945197,0.28073091711619386,0.3331208417892864,0.3883766323737243,0.2785167638130656,0.33310660381321017,0.028521983651444316,0.5171503957783641,0.48284960422163586,0.5181220029000937,0.4818779970999063
E0,1213,2013-01-12,Everton,Swansea,0,0,D,fpl-team-9,,0.6052138667976786,0.23311941535910588,0.1616667178432155,0.6171564193271829,0.22864558530827064,0.15419799536454654,0.029946375056169927,0.5535248041775457,0.4464751958224543,0.5565486042241833,0.4434513957758167
E0,1213,2013-01-12,Fulham,Wigan,1,1,D,fpl-team-10,,0.48028809841314585,0.2726707648051578,0.24704113678169642,0.4864910290846241,0.2701012442702649,0.243407726645111,0.028531002113595605,0.544502617801047,0.4554973821989528,0.5469717064457948,0.45302829355420515
E0,1213,2013-01-12,Norwich,Newcastle,0,0,D,,fpl-team-17,0.43408921586887683,0.2791488172844105,0.2867619668467126,0.43832689746378073,0.276871566156325,0.2848015363798942,0.028404248412698507,0.536842105263158,0.4631578947368421,0.5389928698823863,0.46100713011761374
E0,1213,2013-01-12,QPR,Tottenham,0,0,D,,,0.22190611664295878,0.2603129445234708,0.5177809388335705,0.21734322385837448,0.2572941640078599,0.5253626121337656,0.027809673687443137,0.549738219895288,0.450261780104712,0.5526024363159369,0.44739756368406325
E0,1213,2013-01-12,Reading,West Brom,3,2,H,,,0.3307278194516296,0.283198072943611,0.38607410760475935,0.3306125799857192,0.2810799660783418,0.38830745393593896,0.028622654732316732,0.5197889182058046,0.4802110817941952,0.5209181681264694,0.47908183187353065
E0,1213,2013-01-12,Stoke,Chelsea,0,4,A,,fpl-team-6,0.234153129614904,0.278229012836533,0.487617857548563,0.2299681024308651,0.27587810900373466,0.49415378856540026,0.028649694053456187,0.45669291338582685,0.5433070866141733,0.4541895718808615,0.5458104281191385
E0,1213,2013-01-12,Sunderland,West Ham,3,0,H,fpl-team-20,,0.40992412275640894,0.29136145340532454,0.29871442383826646,0.41310567301083556,0.28961913634526504,0.29727519064389935,0.02804722881410271,0.44908616187989553,0.5509138381201044,0.44626915021678265,0.5537308497832173
E0,1213,2013-01-13,Arsenal,Man City,0,2,A,fpl-team-1,fpl-team-15,0.36611646682040494,0.2813773439361569,0.35250618924343824,0.36743929617988247,0.27928303949792826,0.3532776643221893,0.02730343211442232,0.5535248041775457,0.4464751958224543,0.5565486042241833,0.4434513957758167
E0,1213,2013-01-13,Man United,Liverpool,2,1,H,,fpl-team-14,0.5065016074084737,0.26020824336644116,0.23329014922508526,0.5136732094562038,0.2571685823518775,0.22915820819191882,0.028006177628412843,0.5938303341902313,0.4061696658097687,0.6000054797660431,0.3999945202339569
E0,1213,2013-01-16,Chelsea,Southampton,2,2,D,fpl-team-6,,0.7706881799291041,0.1541376359858208,0.07517418408507519,0.7885336695284331,0.14652760277846025,0.06493872769310675,0.028728374047204852,0.6336633663366337,0.36633663366336633,0.6425253378301762,0.3574746621698238
E0,1213,2013-01-19,Liverpool,Norwich,5,0,H,fpl-team-14,,0.7219515111655854,0.180144091357508,0.09790439747690652,0.7385076780290857,0.17341161899174057,0.08808070297917373,0.029590971069410443,0.6215538847117794,0.37844611528822053,0.6295129246052756,0.37048707539472436
E0,1213,2013-01-19,Man City,Fulham,2,0,H,fpl-team-15,fpl-team-10,0.7631467739481735,0.15877550330465356,0.07807772274717287,0.7812639219222209,0.151116294506631,0.0676197835711481,0.02965424000285566,0.6412776412776413,0.35872235872235875,0.6508948721779075,0.34910512782209235
E0,1213,2013-01-19,Newcastle,Reading,1,2,A,fpl-team-17,,0.5440830501512378,0.254490458941708,0.20142649090705403,0.5528915580401267,0.25116483055435984,0.19594361140551358,0.028326305793598294,0.5485564304461943,0.4514435695538058,0.5514632246504734,0.44853677534952663
E0,1213,2013-01-19,Swansea,Stoke,3,1,H,,,0.4365332602832747,0.28968720942345755,0.2737795302932677,0.4407925646644027,0.28788234431661397,0.2713250910189832,0.027868031756952405,0.4375,0.5625,0.43386243386060414,0.5661375661393959
E0,1213,2013-01-19,West Brom,Aston Villa,2,2,D,,fpl-team-2,0.5467983783334512,0.25775509387380674,0.19544652779274188,0.5558497536924557,0.25451289045862835,0.18963735584891597,0.028756703715771437,0.5211640211640212,0.4788359788359788,0.5224359873227157,0.47756401267728427
E0,1213,2013-01-19,West Ham,QPR,1,1,D,,,0.4617498854786991,0.2817224003664682,0.25652771415483283,0.4671245344468408,0.2795549877855781,0.2533204777675812,0.028276307275518775,0.4802110817941952,0.5197889182058046,0.47908183187353065,0.5209181681264694
E0,1213,2013-01-19,Wigan,Sunderland,2,3,A,,fpl-team-20,0.4485370483795495,0.2833572371499549,0.2681057144704956,0.4533742606984316,0.2812548939462951,0.2653708453552733,0.028360941680148244,0.4657894736842106,0.5342105263157895,0.4638195430185368,0.5361804569814632
E0,1213,2013-01-20,Chelsea,Arsenal,2,1,H,fpl-team-6,fpl-team-1,0.49827677624602335,0.2644485683987275,0.23727465535524922,0.5051653400295292,0.2615609039990447,0.23327375597142608,0.028238670085556805,0.5677083333333334,0.43229166666666663,0.5718470211130101,0.42815297888698983
E0,1213,2013-01-20,Tottenham,Man United,1,1,D,,,0.33106796116504855,0.2776699029126213,0.39126213592233006,0.33096799559585394,0.2753627313549719,0.3936692730491741,0.028082307428121567,0.5751295336787565,0.4248704663212435,0.5796528235537732,0.42034717644622677
E0,1213,2013-01-21,Southampton,Everton,0,0,D,,fpl-team-9,0.2555221849062745,0.2764421298693613,0.4680356852243642,0.2521981803527267,0.2740001062941228,0.4738017133531504,0.02893050853163004,0.5328083989501312,0.4671916010498688,0.5345934576824739,0.46540654231752615
E0,1213,2013-01-23,Arsenal,West Ham,5,1,H,fpl-team-1,,0.6557581691347447,0.21559172683882022,0.12865010402643495,0.6698789899206965,0.21030431696107757,0.11981669311822594,0.03007019287906587,0.5651041666666667,0.4348958333333333,0.5689864510489147,0.43101354895108535
E0,1213,2013-01-29,Aston Villa,Newcastle,1,2,A,fpl-team-2,fpl-team-17,0.3458980044345898,0.28824833702882485,0.3658536585365853,0.34637293703637884,0.28653876439337506,0.367088298570246,0.025648912182077765,0.4973684210526315,0.5026315789473684,0.4972298401618182,0.5027701598381817
E0,1213,2013-01-29,QPR,Man City,0,0,D,,fpl-team-15,0.13004219838324266,0.21526259596319078,0.6546952056535665,0.12207885504653125,0.21047395972979907,0.6674471852236697,0.027158725541085005,0.5625,0.4375,0.5661375661393959,0.43386243386060414
E0,1213,2013-01-29,Stoke,Wigan,2,2,D,,,0.44820364469154217,0.2914698548300827,0.2603265004783752,0.4526721828170673,0.28983451321545206,0.2574933039674807,0.026254062075167894,0.41902313624678666,0.5809768637532133,0.4144904717974111,0.5855095282025888
E0,1213,2013-01-29,Sunderland,Swansea,0,0,D,fpl-team-20,,0.38771164308157147,0.2913783820705062,0.3209099748479224,0.3898375671521339,0.2897409805195414,0.32042145232832475,0.026386149926111102,0.4593175853018373,0.5406824146981627,0.45700416089548346,0.5429958391045165
E0,1213,2013-01-30,Arsenal,Liverpool,2,2,D,fpl-team-1,fpl-team-14,0.405683535498109,0.2813222136043434,0.3129942508975477,0.4087876046455298,0.27909577101951627,0.31211662433495396,0.028987880563363433,0.556135770234987,0.44386422976501305,0.5593758630222184,0.4406241369777816
E0,1213,2013-01-30,Everton,West Brom,2,1,H,fpl-team-9,,0.5986059860598606,0.23944239442394424,0.1619516195161952,0.6098930113266245,0.2353776173565015,0.154729371316874,0.028980164555832744,0.5639686684073107,0.4360313315926892,0.5679197161138259,0.4320802838861742
E0,1213,2013-01-30,Fulham,West Ham,3,1,H,fpl-team-10,,0.43749128055680425,0.27958022662801696,0.28292849281517884,0.44198616529189866,0.2772613513499323,0.280752483358169,0.02915444620884955,0.5184210526315789,0.48157894736842105,0.5194169371160577,0.4805830628839423
E0,1213,2013-01-30,Man United,Southampton,2,1,H,,,0.7746007310375909,0.1474279082474042,0.07797136071500502,0.7936767809004615,0.13909166850538737,0.06723155059415119,0.03050796315073967,0.688787185354691,0.3112128146453089,0.7015341020390915,0.2984658979609085
E0,1213,2013-01-30,Norwich,Tottenham,1,1,D,,,0.2158203125,0.2647879464285714,0.5193917410714285,0.21079836265428992,0.26181992734130854,0.5273817100044015,0.029081654734909534,0.531578947368421,0.4684210526315789,0.5333741239292438,0.4666258760707563
E0,1213,2013-01-30,Reading,Chelsea,2,2,D,,fpl-team-6,0.14081393636960912,0.21886323135507374,0.6403228322753172,0.13300677257532892,0.21407816854127337,0.6529150588833977,0.028031827183440328,0.5959079283887467,0.4040920716112532,0.6018634215289983,0.39813657847100176
E0,1213,2013-02-02,Arsenal,Stoke,1,0,H,fpl-team-1,,0.6753652411086406,0.2124744578768757,0.11216030101448363,0.6899962140151708,0.20713091310005444,0.10287287288477479,0.02949474472552538,0.544502617801047,0.4554973821989528,0.5469717064457948,0.45302829355420515
E0,1213,2013-02-02,Everton,Aston Villa,3,3,D,fpl-team-9,fpl-team-2,0.6864940589402213,0.2046137799865022,0.10889216107327648,0.7010673340288718,0.19913442082198307,0.09979824514914519,0.028458278393372893,0.5699481865284974,0.43005181347150256,0.5739320919957633,0.42606790800423666
E0,1213,2013-02-02,Fulham,Man United,0,1,A,fpl-team-10,,0.17142488883160406,0.23715924469936195,0.5914158664690339,0.16465177344911872,0.23304890403853581,0.6022993225123455,0.02868243446573615,0.5876288659793815,0.4123711340206186,0.5932017543885617,0.4067982456114384
E0,1213,2013-02-02,Newcastle,Chelsea,3,2,H,fpl-team-17,fpl-team-6,0.2499458427420095,0.28109636320243797,0.4689577940555525,0.2465132233231413,0.2789307406993152,0.4745560359775435,0.02788778766989708,0.544502617801047,0.4554973821989528,0.5469717064457948,0.45302829355420515
E0,1213,2013-02-02,QPR,Norwich,0,0,D,,,0.48070830321534275,0.27771124848511003,0.24158044829954728,0.4868285784035189,0.2753890776435781,0.23778234395290293,0.028068687533959746,0.4960422163588391,0.503957783641161,0.49582265790303864,0.5041773420969614
E0,1213,2013-02-02,Reading,Sunderland,2,1,H,,fpl-team-20,0.3909084298215137,0.2884141463927022,0.3206774237857841,0.3933420621853249,0.28651930500353123,0.32013863281114385,0.028557180892676115,0.48284960422163586,0.5171503957783641,0.4818779970999063,0.5181220029000937
E0,1213,2013-02-02,West Ham,Swansea,1,0,H,,,0.40469667318982394,0.2878389712049203,0.3074643556052558,0.40765673998358987,0.28595480703592613,0.30638845298048406,0.02800845797173679,0.4986807387862796,0.5013192612137204,0.49860763018684684,0.5013923698131533
E0,1213,2013-02-02,Wigan,Southampton,2,2,D,,,0.43859595080591135,0.28111787944829925,0.2802861697457895,0.4429329640987319,0.2789663206831199,0.2781007152181483,0.02781866304576397,0.5263157894736842,0.47368421052631576,0.5277777777735805,0.47222222222641946
E0,1213,2013-02-03,Man City,Liverpool,2,2,D,fpl-team-15,fpl-team-14,0.5204033724582575,0.26236402711191936,0.2172326004298231,0.5281546541184641,0.25940229798011577,0.21244304790142016,0.028043238911777735,0.5662337662337663,0.43376623376623374,0.5700433994285419,0.42995660057145807
E0,1213,2013-02-03,West Brom,Tottenham,0,1,A,,,0.2728565911185381,0.2826305585615902,0.4445128503198719,0.2703395457129092,0.28051593089227933,0.4491445233948114,0.02813375135883689,0.503957783641161,0.4960422163588391,0.5041773420969614,0.49582265790303864
E0,1213,2013-02-09,Chelsea,Wigan,4,1,H,fpl-team-6,,0.7168188000852166,0.17954474689041477,0.10363645302436865,0.7330194404171715,0.1728722372900897,0.09410832229273876,0.02926412201486528,0.6284289276807979,0.37157107231920194,0.6371577713956763,0.36284222860432364
E0,1213,2013-02-09,Norwich,Fulham,0,0,D,,fpl-team-10,0.4188764966635642,0.2834314019340285,0.29769210140240726,0.4224489438770008,0.28134999943572986,0.2962010566872693,0.028200294822454453,0.48548812664907653,0.5145118733509234,0.48467112597614054,0.5153288740238595
E0,1213,2013-02-09,Southampton,Man City,3,1,H,,fpl-team-15,0.1745193254150535,0.24051775050856355,0.584962924076383,0.16805103660014703,0.23665910043651334,0.5952898629633396,0.027885639225132763,0.5471204188481674,0.4528795811518324,0.5497828912734765,0.45021710872652343
E0,1213,2013-02-09,Stoke,Reading,2,1,H,,,0.5045060363883693,0.2749192314232274,0.22057473218840334,0.5114091345031797,0.27254227497575695,0.2160485905210634,0.02727408823557198,0.4657894736842106,0.5342105263157895,0.4638195430185368,0.5361804569814632
E0,1213,2013-02-09,Sunderland,Arsenal,0,1,A,fpl-team-20,fpl-team-1,0.22433850209966977,0.2666784447494666,0.5089830531508636,0.21980324338534557,0.26387529468275045,0.516321461931904,0.028265922097489238,0.5052910052910053,0.4947089947089948,0.5055995744330538,0.49440042556694624
E0,1213,2013-02-09,Swansea,QPR,4,1,H,,,0.5206724871924381,0.2692113428097266,0.2101161699978354,0.5283585390638236,0.2665533761861079,0.2050880847500685,0.027773496229201555,0.46052631578947373,0.5394736842105263,0.45818815331659807,0.541811846683402
E0,1213,2013-02-09,Tottenham,Newcastle,2,1,H,,fpl-team-17,0.5743026822202021,0.24485773272954348,0.18083958505025444,0.5841993745264014,0.24117964147996254,0.1746209839936361,0.02788402885198593,0.5598958333333334,0.44010416666666663,0.5632998486409446,0.4367001513590554
E0,1213,2013-02-10,Aston Villa,West Ham,2,1,H,fpl-team-2,,0.36959671773497665,0.28758893538040736,0.3428143468846161,0.37112247425951883,0.2856674096080928,0.3432101161323884,0.028457990381866693,0.48412698412698413,0.5158730158730157,0.48318621269531237,0.5168137873046875
E0,1213,2013-02-10,Man United,Everton,2,0,H,,fpl-team-9,0.5503578779221576,0.2478051178078825,0.20183700426995974,0.5594458924028631,0.24419601816451575,0.19635808943262117,0.028384437086060643,0.5813953488372093,0.4186046511627907,0.5864197530736686,0.4135802469263314
E0,1213,2013-02-11,Liverpool,West Brom,0,2,A,fpl-team-14,,0.6907826794753309,0.19840089536293573,0.11081642516173341,0.7058271021469327,0.1925587211000805,0.10161417675298694,0.029036674182862043,0.5839793281653746,0.4160206718346253,0.589320068155592,0.410679931844408
E0,1213,2013-02-17,Liverpool,Swansea,5,0,H,fpl-team-14,,0.6098278288680492,0.2283171823056706,0.16185498882628016,0.6217242161613146,0.22373274696798065,0.15454303687070478,0.029323129914700985,0.5699481865284974,0.43005181347150256,0.5739320919957633,0.42606790800423666
E0,1213,2013-02-23,Arsenal,Aston Villa,2,1,H,fpl-team-1,fpl-team-2,0.723671546173715,0.17988799345115117,0.09644046037513396,0.739578347755998,0.1734403861842973,0.08698126605970477,0.028270158683881164,0.6126582278481012,0.38734177215189874,0.620185815374369,0.37981418462563105
E0,1213,2013-02-23,Fulham,Stoke,1,0,H,fpl-team-10,,0.44411109665470183,0.2901707472007714,0.26571815614452665,0.4488032627395683,0.2883364112894205,0.2628603259710111,0.028613975504413247,0.44010416666666663,0.5598958333333334,0.4367001513590554,0.5632998486409446
E0,1213,2013-02-23,Norwich,Everton,2,1,H,,fpl-team-9,0.26171285202406797,0.2828061266648137,0.45548102131111823,0.2587687936564288,0.2807195961468837,0.4605116101966876,0.02781475824303925,0.48284960422163586,0.5171503957783641,0.4818779970999063,0.5181220029000937
E0,1213,2013-02-23,QPR,Man United,0,2,A,,,0.14632253655156377,0.234914841560451,0.6187626218879854,0.13859641756892557,0.23071035007309107,0.6306932323579835,0.0285337520763278,0.5471204188481674,0.4528795811518324,0.5497828912734765,0.45021710872652343
E0,1213,2013-02-23,Reading,Wigan,0,3,A,,,0.3763987792472024,0.28484231943031535,0.33875890132248215,0.37812879515661607,0.2828980414462439,0.33897316339714,0.02714556478895247,0.5197889182058046,0.4802110817941952,0.5209181681264694,0.47908183187353065
E0,1213,2013-02-23,West Brom,Sunderland,2,1,H,,fpl-team-20,0.4732997297099862,0.27759514939002117,0.2491051208999927,0.4791573739056853,0.2752532780817236,0.24558934801259114,0.028281447011977434,0.47493403693931396,0.5250659630606861,0.47347850363148986,0.5265214963685101
E0,1213,2013-02-24,Man City,Chelsea,2,0,H,fpl-team-15,fpl-team-6,0.49387961132377073,0.26786690783662137,0.23825348083960796,0.5003839165769234,0.2652039401251689,0.23441214329790783,0.02737961709499359,0.5535248041775457,0.4464751958224543,0.5565486042241833,0.4434513957758167
E0,1213,2013-02-24,Newcastle,Southampton,4,2,H,fpl-team-17,,0.4486838652259736,0.27926930844448505,0.2720468263295414,0.45349812776929466,0.2770110530330059,0.2694908191976995,0.02818712906446308,0.5380577427821522,0.46194225721784776,0.5401884700643199,0.4598115299356801
E0,1213,2013-02-25,West Ham,Tottenham,2,3,A,,,0.27898559131302353,0.28316202232070353,0.437852386366273,0.27667596890122276,0.28102798588947736,0.4422960452093,0.028717068256810308,0.5,0.5,0.5,0.5
E0,1213,2013-03-02,Chelsea,West Brom,1,0,H,fpl-team-6,,0.6725902633708869,0.20751690839233053,0.1198928282367826,0.6863176215651026,0.2022972540552606,0.11138512437963685,0.027788618812337518,0.596401028277635,0.4035989717223651,0.6029540961817108,0.39704590381828925
E0,1213,2013-03-02,Everton,Reading,3,1,H,fpl-team-9,,0.6873895861202732,0.20269180103546516,0.1099186128442615,0.7016430153453895,0.1972778546555212,0.10107912999908936,0.027732263784855604,0.578811369509044,0.42118863049095606,0.5835341805427401,0.41646581945725997
E0,1213,2013-03-02,Man United,Norwich,4,0,H,,,0.713587260128796,0.1868250110179722,0.09958772885323179,0.7287510087121523,0.18080418273276636,0.09044480855508137,0.027589719044044614,0.5927835051546392,0.4072164948453609,0.5990643918601043,0.4009356081398957
E0,1213,2013-03-02,Southampton,QPR,1,2,A,,,0.5143211194954613,0.26508427447385124,0.2205946060306874,0.5219360074335174,0.2621922966910284,0.21587169587545413,0.028475414961576462,0.5145118733509234,0.48548812664907653,0.5153288740238595,0.48467112597614054
E0,1213,2013-03-02,Stoke,West Ham,0,1,A,,,0.452050434940745,0.2898114751613978,0.2581380898978571,0.45719336123619364,0.2879170895459833,0.25488954921782314,0.02927982877008617,0.4386422976501305,0.5613577023498694,0.43493909191841096,0.5650609080815892
E0,1213,2013-03-02,Sunderland,Fulham,2,2,D,fpl-team-20,fpl-team-10,0.40992412275640894,0.29136145340532454,0.29871442383826646,0.41310567301083556,0.28961913634526504,0.29727519064389935,0.02804722881410271,0.45669291338582685,0.5433070866141733,0.4541895718808615,0.5458104281191385
E0,1213,2013-03-02,Swansea,Newcastle,1,0,H,,fpl-team-17,0.4550540196174522,0.2775696072739884,0.2673763731085595,0.4601556618884001,0.275229605755542,0.26461473235605776,0.028310732450336218,0.5277044854881265,0.4722955145118733,0.5293296089369458,0.47067039106305425
E0,1213,2013-03-02,Wigan,Liverpool,0,4,A,,fpl-team-14,0.22007255139056833,0.25997581620314386,0.5199516324062877,0.2153222220477342,0.25686744994434085,0.5278103280079249,0.028504052897915244,0.556135770234987,0.44386422976501305,0.5593758630222184,0.4406241369777816
E0,1213,2013-03-03,Tottenham,Arsenal,2,1,H,,fpl-team-1,0.4141421706789235,0.2789369326043338,0.30692089671674266,0.4174025117250404,0.2767466675623445,0.3058508207126152,0.027236271649599075,0.5688311688311688,0.43116883116883115,0.5728943169866965,0.42710568301330365
E0,1213,2013-03-04,Aston Villa,Man City,0,1,A,fpl-team-2,fpl-team-15,0.1359236484258307,0.22051948555799109,0.6435568660161781,0.12766759465129265,0.2156325110992863,0.656699894249421,0.029004995012655854,0.5523560209424083,0.4476439790575916,0.5554308361827337,0.44456916381726636
E0,1213,2013-03-09,Norwich,Southampton,0,0,D,,,0.3946793471276186,0.2853103714175556,0.32001028145482585,0.39721084965408543,0.28333285926494395,0.3194562910809706,0.027870970778167248,0.503957783641161,0.4960422163588391,0.5041773420969614,0.49582265790303864
E0,1213,2013-03-09,QPR,Sunderland,3,1,H,,fpl-team-20,0.4267218814704848,0.28793999296792594,0.2853381255615893,0.43057220520689987,0.2860679576665952,0.2833598371265049,0.027835247106850147,0.4581151832460733,0.5418848167539266,0.45583160800374806,0.544168391996252
E0,1213,2013-03-09,Reading,Aston Villa,1,2,A,,fpl-team-2,0.4000670771147258,0.2838799319646408,0.3160529909206334,0.40277087494312863,0.2818804070424941,0.3153487180143772,0.027355610160157084,0.5210526315789473,0.4789473684210527,0.5222000222007822,0.47779997779921773
E0,1213,2013-03-09,West Brom,Swansea,2,1,H,,,0.40343207387008967,0.28470431639480803,0.31186360973510224,0.40627794127095307,0.28273380332623615,0.31098825540281066,0.02740884735248983,0.5157894736842105,0.4842105263157894,0.5166370896208807,0.4833629103791193
E0,1213,2013-03-10,Liverpool,Tottenham,3,2,H,fpl-team-14,,0.5026593340888391,0.25749306487384677,0.23984760103731406,0.509971677123761,0.2542101131540546,0.2358182097221843,0.02921511884778738,0.5751295336787565,0.4248704663212435,0.5796528235537732,0.42034717644622677
E0,1213,2013-03-10,Newcastle,Stoke,2,1,H,fpl-team-17,,0.5180123231704883,0.27248047056944763,0.20950720626006417,0.5263230163835302,0.2697077318222925,0.20396925179417727,0.030509512405842543,0.46052631578947373,0.5394736842105263,0.45818815331659807,0.541811846683402
E0,1213,2013-03-16,Aston Villa,QPR,3,2,H,fpl-team-2,,0.42451612903225805,0.28774193548387095,0.28774193548387095,0.4283239083481295,0.28583804582593525,0.28583804582593525,0.028197888983413577,0.49340369393139843,0.5065963060686015,0.49303698752158454,0.5069630124784155
E0,1213,2013-03-16,Everton,Man City,2,0,H,fpl-team-9,fpl-team-15,0.2583971944408364,0.2757241200155864,0.46587868554357714,0.25521352576502815,0.2732669951149163,0.47151947912005554,0.02875838929321617,0.5224274406332454,0.47757255936675463,0.5237178414013648,0.4762821585986352
E0,1213,2013-03-16,Man United,Reading,1,0,H,,,0.8254617059071869,0.11604901733413996,0.058489276758673124,0.84501527106015,0.10703295024574096,0.04795177869410914,0.028572479961439967,0.7158351409978309,0.28416485900216926,0.7301642377961216,0.26983576220387834
E0,1213,2013-03-16,Southampton,Liverpool,3,1,H,,fpl-team-14,0.2397404715376288,0.2631134980106567,0.49714603045171446,0.23567665803129537,0.26004698909494517,0.5042763528737596,0.029446815606206656,0.5613577023498694,0.4386422976501305,0.5650609080815892,0.43493909191841096
E0,1213,2013-03-16,Stoke,West Brom,0,0,D,,,0.3900713832745248,0.29315923836159935,0.3167693783638758,0.3925639137564955,0.2913974085963262,0.31603867764717825,0.0296912279445678,0.4412532637075718,0.5587467362924282,0.43778687164624175,0.5622131283537581
E0,1213,2013-03-16,Swansea,Arsenal,0,2,A,,fpl-team-1,0.29183245826760534,0.28224989993643024,0.42591764179596453,0.2900588606523497,0.2800712275914539,0.4298699117561963,0.028833856340497732,0.531578947368421,0.4684210526315789,0.5333741239292438,0.4666258760707563
E0,1213,2013-03-17,Chelsea,West Ham,2,0,H,fpl-team-6,,0.6894982739689779,0.1984480326339285,0.11205369339709367,0.7050046956395651,0.19240526466417868,0.10259003969625621,0.03006057790480554,0.6126582278481012,0.38734177215189874,0.620185815374369,0.37981418462563105
E0,1213,2013-03-17,Sunderland,Norwich,1,1,D,fpl-team-20,,0.46302961513762153,0.28029092429695784,0.2566794605654206,0.46867147572656326,0.2779760288012806,0.25335249547215627,0.029404838103801012,0.4593175853018373,0.5406824146981627,0.45700416089548346,0.5429958391045165
E0,1213,2013-03-17,Tottenham,Fulham,0,1,A,,fpl-team-10,0.6376266564480051,0.22256779517524705,0.13980554837674777,0.6511050851555009,0.21755180011072622,0.13134311473377283,0.030334434006363153,0.5762273901808785,0.42377260981912146,0.5806628021313719,0.4193371978686282
E0,1213,2013-03-17,Wigan,Newcastle,2,1,H,,fpl-team-17,0.42259874573660466,0.2834195180988008,0.29398173616459455,0.42632987806864414,0.281335233390859,0.2923348885404968,0.028224691632203758,0.5354330708661418,0.4645669291338583,0.5373878364892272,0.46261216351077283
E0,1213,2013-03-30,Arsenal,Reading,4,1,H,fpl-team-1,,0.7670452122597601,0.15517526498018175,0.07777952276005812,0.7863423570112322,0.1469139738843962,0.06674366910437148,0.03142522694543004,0.6618705035971223,0.33812949640287776,0.6734505087712499,0.3265494912287502
E0,1213,2013-03-30,Everton,Stoke,1,0,H,fpl-team-9,,0.615204467663484,0.2460817870653936,0.13871374527112232,0.6268166884831612,0.24238090372812124,0.13080240778871763,0.028147781966254115,0.4631578947368421,0.536842105263158,0.46100713011761374,0.5389928698823863
E0,1213,2013-03-30,Man City,Newcastle,4,0,H,fpl-team-15,fpl-team-17,0.7335869019527463,0.176883570751223,0.08952952729603056,0.7504474362886614,0.170049991362789,0.07950257234854954,0.02937194239348173,0.6010230179028133,0.39897698209718674,0.6077468630860775,0.39225313691392255
E0,1213,2013-03-30,Southampton,Chelsea,2,1,H,,fpl-team-6,0.277572708429559,0.2759542086719522,0.44647308289848875,0.275236027395307,0.27355052940309654,0.4512134432015964,0.02829716121777892,0.5546875,0.44531250000000006,0.557655876785144,0.442344123214856
E0,1213,2013-03-30,Sunderland,Man United,0,1,A,fpl-team-20,,0.1641901567579046,0.25560413592581904,0.5802057073162764,0.15706075778727516,0.2522217454025642,0.5907174968101606,0.028983128257095814,0.4881266490765172,0.5118733509234827,0.48746168849481736,0.5125383115051826
E0,1213,2013-03-30,Swansea,Tottenham,1,2,A,,,0.2965293201704119,0.2849182323324138,0.4185524474971743,0.2949680901928622,0.2828694846463869,0.4221624251607509,0.02860968792811036,0.513157894736842,0.48684210526315796,0.5138600138599122,0.48613998614008774
E0,1213,2013-03-30,West Ham,West Brom,3,1,H,,,0.4245138720026356,0.2868684650199628,0.2886176629774016,0.4283219302762136,0.2849282518192614,0.286749817904525,0.028200708562508225,0.48684210526315796,0.513157894736842,0.48613998614008774,0.5138600138599122
E0,1213,2013-03-30,Wigan,Norwich,1,0,H,,,0.4948986212774315,0.2739873526492447,0.23111402607332376,0.5018396191596726,0.2714202039518882,0.22674017688843925,0.02906528301537037,0.5052631578947367,0.49473684210526314,0.5055407801420785,0.4944592198579216
E0,1213,2013-03-31,Aston Villa,Liverpool,1,2,A,fpl-team-2,fpl-team-14,0.20060659925293822,0.25521917748621786,0.5441742232608439,0.19510753840126605,0.2519335053569713,0.5529589562417627,0.028237582999281585,0.5662337662337663,0.43376623376623374,0.5700433994285419,0.42995660057145807
E0,1213,2013-04-01,Fulham,QPR,3,2,H,fpl-team-10,,0.4768098804362108,0.27604782551570095,0.2471422940480883,0.4831110490033921,0.2735213407501926,0.24336761024641526,0.029701028252020478,0.4960422163588391,0.503957783641161,0.49582265790303864,0.5041773420969614
E0,1213,2013-04-06,Norwich,Swansea,2,2,D,,,0.3692004674768509,0.2908163682279195,0.3399831642952296,0.3707395217021203,0.28899502923825865,0.34026544905962114,0.02902434510178864,0.46073298429319376,0.5392670157068064,0.4586275375035324,0.5413724624964675
E0,1213,2013-04-06,Reading,Southampton,0,2,A,,,0.29690536178100385,0.27452988524098615,0.42856475297801006,0.29539324874903805,0.2721007246199266,0.43250602663103527,0.027946186950430274,0.5549738219895288,0.4450261780104712,0.5582685904636263,0.44173140953637374
E0,1213,2013-04-06,Stoke,Aston Villa,1,3,A,,fpl-team-2,0.4589575133565795,0.2882477065593152,0.2527947800841053,0.46433140202337175,0.2863085787867075,0.24936001918992073,0.028912167879752815,0.43116883116883115,0.5688311688311688,0.42710568301330365,0.5728943169866965
E0,1213,2013-04-06,West Brom,Arsenal,1,2,A,,fpl-team-1,0.24062017155948637,0.2694123288401087,0.489967499600405,0.23667709887557073,0.26667490925222737,0.49664799187220193,0.028841068036854267,0.5483028720626633,0.4516971279373368,0.5509221029460813,0.4490778970539186
E0,1213,2013-04-07,Chelsea,Sunderland,2,1,H,fpl-team-6,fpl-team-20,0.7096726225880897,0.19421082058480643,0.0961165568271038,0.7262821839258626,0.18782495211860126,0.08589286395553603,0.030697880312800407,0.5613577023498694,0.4386422976501305,0.5650609080815892,0.43493909191841096
E0,1213,2013-04-07,Liverpool,West Ham,0,0,D,fpl-team-14,,0.7059556519681065,0.18881847777190874,0.10522587025998474,0.7217609129451957,0.18250913779866493,0.09572994925613927,0.029348168056458235,0.6045918367346939,0.3954081632653061,0.6116101810198364,0.38838981898016356
E0,1213,2013-04-07,Newcastle,Fulham,1,0,H,fpl-team-17,fpl-team-10,0.4694724450548434,0.2775410631059515,0.25298649183920513,0.4755005320786969,0.2750620388753708,0.24943742904593239,0.029942387016490102,0.5224274406332454,0.47757255936675463,0.5237178414013648,0.4762821585986352
E0,1213,2013-04-07,QPR,Wigan,1,1,D,,,0.4043874370654519,0.2833133541117238,0.3122992088228242,0.40737639285692273,0.2812135494000958,0.3114100577429814,0.028413528110831976,0.513157894736842,0.48684210526315796,0.5138600138599122,0.48613998614008774
E0,1213,2013-04-07,Tottenham,Everton,2,2,D,,fpl-team-9,0.4336252897524853,0.2899702857854043,0.2764044244621105,0.4379264194622567,0.2881075001049967,0.27396608043274656,0.028971054940484464,0.4578947368421053,0.5421052631578948,0.45536212476552757,0.5446378752344725
E0,1213,2013-04-08,Man United,Man City,1,2,A,,fpl-team-15,0.43042015759803154,0.28521817672158717,0.2843616656803812,0.4344548420749613,0.2832184536404293,0.2823267042846093,0.02806027210317552,0.5406824146981627,0.4593175853018373,0.5429958391045165,0.45700416089548346
E0,1213,2013-04-13,Arsenal,Norwich,3,1,H,fpl-team-1,,0.7625913490025678,0.15919415366383566,0.07821449733359669,0.7809279403145711,0.1514460344131382,0.06762602527229068,0.03007125691510737,0.6318407960199005,0.3681592039800995,0.6409874441154453,0.35901255588455483
E0,1213,2013-04-13,Aston Villa,Fulham,1,1,D,fpl-team-2,fpl-team-10,0.4196826528793011,0.28614726332679624,0.29417008379390264,0.42345688189142855,0.28408643786032217,0.29245668024824933,0.02953165676444769,0.4894736842105264,0.5105263157894737,0.4889147544617743,0.5110852455382258
E0,1213,2013-04-13,Everton,QPR,2,0,H,fpl-team-9,,0.6596648831935178,0.21439108703789325,0.12594402976858882,0.6742177960221396,0.20894382045891663,0.11683838351894375,0.030660296324640512,0.549738219895288,0.450261780104712,0.5526024363159369,0.44739756368406325
E0,1213,2013-04-13,Reading,Liverpool,0,0,D,,fpl-team-14,0.135101789019124,0.21622455274521904,0.648673658235657,0.1269734129729854,0.21125958551177634,0.6617670015152384,0.02842077030800283,0.5974358974358973,0.4025641025641025,0.6038790629031123,0.39612093709688767
E0,1213,2013-04-13,Southampton,West Ham,1,1,D,,,0.504193390952798,0.26861585216003775,0.22719075688716442,0.5118744666179706,0.2656863372251491,0.22243919615688026,0.03044382925145328,0.5118110236220472,0.48818897637795283,0.5124069478901967,0.4875930521098033
E0,1213,2013-04-14,Newcastle,Sunderland,0,3,A,fpl-team-17,fpl-team-20,0.49469308053289657,0.27872088018225144,0.2265860392848519,0.5016764982916351,0.27633565395697746,0.22198784775138744,0.029289544909261167,0.4842105263157894,0.5157894736842105,0.4833629103791193,0.5166370896208807
E0,1213,2013-04-14,Stoke,Man United,0,2,A,,,0.14897977143862914,0.252272412969412,0.5987478155919589,0.14126917535104128,0.24874566737635023,0.6099851572726086,0.028887461870908737,0.4710526315789474,0.5289473684210526,0.4694266099690281,0.5305733900309719
E0,1213,2013-04-16,Arsenal,Everton,0,0,D,fpl-team-1,fpl-team-9,0.5529153499143609,0.24895664969965986,0.1981280003859793,0.5613207519784686,0.24570089070227577,0.19297835731925553,0.025915498146787286,0.5647668393782384,0.4352331606217616,0.5682612494508922,0.43173875054910793
E0,1213,2013-04-17,Fulham,Chelsea,0,3,A,fpl-team-10,fpl-team-6,0.21074190150376182,0.26357413307852107,0.525683965417717,0.20559836043410085,0.2606053401276354,0.5337962994382639,0.028563130646944046,0.5406824146981627,0.4593175853018373,0.5429958391045165,0.45700416089548346
E0,1213,2013-04-17,Man City,Wigan,1,0,H,fpl-team-15,,0.7573044350720622,0.1593654114208885,0.08333015350704912,0.7750649372214454,0.15181907000750844,0.07311599277104627,0.02935592643916607,0.625,0.375,0.6333333333159907,0.3666666666840092
E0,1213,2013-04-17,West Ham,Man United,2,2,D,,,0.17583343773847082,0.2542967459766056,0.5698698162849235,0.16921472274938357,0.2508903308282003,0.5798949464224161,0.028803108725696802,0.5354330708661418,0.4645669291338583,0.5373878364892272,0.46261216351077283
E0,1213,2013-04-20,Fulham,Arsenal,0,1,A,fpl-team-10,fpl-team-1,0.20006676310225882,0.2549237787915879,0.5450094581061534,0.19470229838959666,0.2517205509830343,0.553577150627369,0.027419491205364466,0.5651041666666667,0.4348958333333333,0.5689864510489147,0.43101354895108535
E0,1213,2013-04-20,Norwich,Reading,2,1,H,,,0.550474552249202,0.2594017068133226,0.19012374093747536,0.55952891020846,0.25627733482378684,0.18419375496775323,0.02828388917259872,0.5157894736842105,0.4842105263157894,0.5166370896208807,0.4833629103791193
E0,1213,2013-04-20,QPR,Stoke,0,2,A,,,0.4278042608862549,0.289127650323738,0.283068088790007,0.4318442035297658,0.28723594916217665,0.2809198473080575,0.028885405510663986,0.4348958333333333,0.5651041666666667,0.43101354895108535,0.5689864510489147
E0,1213,2013-04-20,Sunderland,Everton,1,0,H,fpl-team-20,fpl-team-9,0.2871203434470721,0.2879930496581574,0.4248866068947704,0.2852218446073822,0.2861300738669672,0.4286480815256506,0.02773656987119466,0.46073298429319376,0.5392670157068064,0.4586275375035324,0.5413724624964675
E0,1213,2013-04-20,Swansea,Southampton,0,0,D,,,0.40755873340143,0.2814096016343207,0.3110316649642492,0.4107256380425029,0.27919899865998654,0.3100753632975105,0.02882417698856443,0.5406824146981627,0.4593175853018373,0.5429958391045165,0.45700416089548346
E0,1213,2013-04-20,West Brom,Newcastle,1,1,D,,fpl-team-17,0.42630043657863304,0.28250357289688516,0.2911959905244817,0.430204412706349,0.28037083194881113,0.28942475534483986,0.028358125826343894,0.5354330708661418,0.4645669291338583,0.5373878364892272,0.46261216351077283
E0,1213,2013-04-20,West Ham,Wigan,2,0,H,,,0.42218021424070573,0.28229363579080025,0.295526149968494,0.4259619361617999,0.28012377093547186,0.2939142929027282,0.0287493288051337,0.5105263157894737,0.4894736842105264,0.5110852455382258,0.4889147544617743
E0,1213,2013-04-21,Liverpool,Chelsea,2,2,D,fpl-team-14,fpl-team-6,0.44871321921481083,0.27764952860505887,0.27363725218013035,0.4535228857581913,0.2753273005743608,0.27114981366744806,0.028152392711490393,0.5471204188481674,0.4528795811518324,0.5497828912734765,0.45021710872652343
E0,1213,2013-04-21,Tottenham,Man City,3,1,H,,fpl-team-15,0.30140602401068545,0.2816711057718906,0.4169228702174239,0.30006282351696173,0.27950689175993193,0.4204302847231064,0.02833699807524681,0.5065963060686015,0.49340369393139843,0.5069630124784155,0.49303698752158454
E0,1213,2013-04-22,Man United,Aston Villa,3,0,H,,fpl-team-2,0.7567151224615314,0.1563460996821346,0.08693877785633401,0.7747117893450962,0.14858574191453325,0.0767024687403706,0.02975785918533802,0.6713947990543735,0.32860520094562645,0.6836558921795801,0.31634410782042
E0,1213,2013-04-27,Everton,Fulham,1,0,H,fpl-team-9,fpl-team-10,0.6405792371316426,0.22626665177919592,0.13315411108916167,0.6530820378986907,0.22180213578730487,0.12511582631400442,0.027840292546898127,0.5509138381201044,0.44908616187989553,0.5537308497832173,0.44626915021678265
E0,1213,2013-04-27,Man City,West Ham,2,1,H,fpl-team-15,,0.7506747144538178,0.16449567655857575,0.08482960898760633,0.7684230716751085,0.15705187227097603,0.0745250560539155,0.02978136541787535,0.6225,0.37749999999999995,0.630322614966551,0.3696773850334491
E0,1213,2013-04-27,Newcastle,Liverpool,0,6,A,fpl-team-17,fpl-team-14,0.3233093276672999,0.2836216557081404,0.3930690166245597,0.32289166617566123,0.28157777988348676,0.395530553940852,0.027834144071675837,0.5249343832020998,0.4750656167979003,0.5262430939192101,0.4737569060807899
E0,1213,2013-04-27,Southampton,West Brom,0,3,A,,,0.512200043721728,0.2669211495451259,0.2208788067331461,0.5195466928235066,0.26417354915731206,0.21627975801918126,0.02778695651795715,0.5301837270341206,0.46981627296587924,0.5318048564632609,0.468195143536739
E0,1213,2013-04-27,Stoke,Norwich,1,0,H,,,0.4324117011261811,0.29779296398312466,0.2697953348906942,0.4365241794991192,0.29631187470338366,0.2671639457974972,0.02803139854222536,0.4005102040816326,0.5994897959183673,0.3942946198508875,0.6057053801491125
E0,1213,2013-04-27,Wigan,Tottenham,2,2,D,,,0.26059920230034317,0.273403209349782,0.46599758834987476,0.2575221318247619,0.27086057081368103,0.4716172973615571,0.02862257929518819,0.5406824146981627,0.4593175853018373,0.5429958391045165,0.45700416089548346
E0,1213,2013-04-28,Arsenal,Man United,1,1,D,fpl-team-1,,0.433154788357932,0.2744992554128755,0.2923459562291925,0.4375196089671321,0.27193089553567473,0.2905494954971932,0.029547180281952024,0.549738219895288,0.450261780104712,0.5526024363159369,0.44739756368406325
E0,1213,2013-04-28,Chelsea,Swansea,2,0,H,fpl-team-6,,0.7040523808992649,0.18982498800905737,0.10612263109167773,0.72055581690372,0.18324092326756433,0.09620325982871575,0.030848676105961204,0.6171284634760705,0.3828715365239294,0.6248657357454863,0.3751342642545138
E0,1213,2013-04-28,Reading,QPR,0,0,D,,,0.37580339652576533,0.2835402871990805,0.34065631627515425,0.37756107308577286,0.2814835095531998,0.34095541736102747,0.027981805615127087,0.5105263157894737,0.4894736842105264,0.5110852455382258,0.4889147544617743
E0,1213,2013-04-29,Aston Villa,Sunderland,6,1,H,fpl-team-2,fpl-team-20,0.42377260981912146,0.28811369509043927,0.28811369509043927,0.42767205664783453,0.28616397167608276,0.28616397167608276,0.02912616403773427,0.47368421052631576,0.5263157894736842,0.47222222222641946,0.5277777777735805
E0,1213,2013-05-04,Fulham,Reading,2,4,A,fpl-team-10,,0.5564018298610904,0.2570334540119168,0.18656471612699282,0.5658745642238406,0.2537474137202623,0.18037802205589704,0.028825026471167803,0.5509138381201044,0.44908616187989553,0.5537308497832173,0.44626915021678265
E0,1213,2013-05-04,Norwich,Aston Villa,1,2,A,,fpl-team-2,0.38297405651755356,0.29195861715998683,0.3250673263224596,0.3850739393226836,0.2902117350194058,0.3247143256579107,0.02858325676061213,0.4789473684210527,0.5210526315789473,0.47779997779921773,0.5222000222007822
E0,1213,2013-05-04,QPR,Arsenal,0,1,A,,fpl-team-1,0.12156768701074017,0.20851676116411721,0.6699155518251426,0.11248849083026585,0.20293440774799532,0.6845771014217388,0.029970666393637657,0.5762273901808785,0.42377260981912146,0.5806628021313719,0.4193371978686282
E0,1213,2013-05-04,Swansea,Man City,0,0,D,,fpl-team-15,0.19189060030143734,0.26331654596919457,0.544792853729368,0.18616266136465093,0.2604224280911255,0.5534149105442235,0.02764056297019124,0.5052631578947367,0.49473684210526314,0.5055407801420785,0.4944592198579216
E0,1213,2013-05-04,Tottenham,Southampton,1,0,H,,,0.6524694511021178,0.21649444029704137,0.13103610860084083,0.6659767696634848,0.21143283032037183,0.12259040001614328,0.029012472019530833,0.5662337662337663,0.43376623376623374,0.5700433994285419,0.42995660057145807
E0,1213,2013-05-04,West Brom,Wigan,2,3,A,,,0.39946680116727307,0.28176676153763014,0.3187664372950967,0.4022227669088288,0.2796227916442091,0.3181544414469622,0.02814943273551762,0.5366492146596858,0.46335078534031415,0.5385834366765977,0.46141656332340236
E0,1213,2013-05-04,West Ham,Newcastle,0,0,D,,fpl-team-17,0.408045473724435,0.28258671613154895,0.30936781014401604,0.4111642987335016,0.280472493766954,0.30836320749954443,0.028192306868731976,0.5223097112860893,0.47769028871391084,0.5234689933193785,0.47653100668062165
E0,1213,2013-05-05,Liverpool,Everton,0,0,D,fpl-team-14,fpl-team-9,0.4923862168286846,0.27244424677552576,0.23516953639578966,0.4992030446531734,0.26981970597204474,0.23097724937478184,0.02898997289594263,0.5340314136125655,0.4659685863874345,0.5358008371826707,0.46419916281732926
E0,1213,2013-05-05,Man United,Chelsea,0,1,A,,fpl-team-6,0.437089282107847,0.2776802498096911,0.2852304680824621,0.4416407133607757,0.2752408203274049,0.28311846631181936,0.02964234200771898,0.549738219895288,0.450261780104712,0.5526024363159369,0.44739756368406325
E0,1213,2013-05-06,Sunderland,Stoke,1,1,D,fpl-team-20,,0.45760722789147634,0.2936669437559007,0.24872582835262302,0.46320673922854183,0.2918651267172489,0.24492813405420927,0.03048084396868944,0.4030612244897959,0.596938775510204,0.39721951747383916,0.6027804825261608
E0,1213,2013-05-07,Man City,West Brom,1,0,H,fpl-team-15,,0.6954114040707057,0.19482896187665988,0.10975963405263442,0.7087762082776552,0.18959148381894142,0.10163230790340334,0.02536596287973225,0.6136363636363636,0.3863636363636363,0.6210360687493998,0.37896393125060013
E0,1213,2013-05-07,Wigan,Swansea,2,3,A,,,0.5290980838280778,0.26090511571687586,0.20999680045504643,0.5372178244108289,0.2578754730437726,0.20490670254539847,0.028085736790671945,0.5026315789473684,0.4973684210526315,0.5027701598381817,0.4972298401618182
E0,1213,2013-05-08,Chelsea,Tottenham,2,2,D,fpl-team-6,,0.4875346260387812,0.2686980609418283,0.2437673130193906,0.4940885115754111,0.26594151306825586,0.2399699753563329,0.028736220789141953,0.5535248041775457,0.4464751958224543,0.5565486042241833,0.4434513957758167
E0,1213,2013-05-11,Aston Villa,Chelsea,1,2,A,fpl-team-2,fpl-team-6,0.21825013490736359,0.262506412263579,0.5192434528290573,0.21330459456877257,0.2594267106326847,0.5272686947985428,0.02923224202822894,0.5587467362924282,0.4412532637075718,0.5622131283537581,0.43778687164624175
E0,1213,2013-05-12,Everton,West Ham,2,0,H,fpl-team-9,,0.6383268924755625,0.22709706751534436,0.13457604000909296,0.6515725201243828,0.22236328303752717,0.12606419683809003,0.02975523634813726,0.5406824146981627,0.4593175853018373,0.5429958391045165,0.45700416089548346
E0,1213,2013-05-12,Fulham,Liverpool,1,3,A,fpl-team-10,fpl-team-14,0.25360210406282757,0.27578304610913895,0.4706148498280333,0.25022916518511806,0.27333606886661893,0.4764347659482629,0.028650260297581553,0.5651041666666667,0.4348958333333333,0.5689864510489147,0.43101354895108535
E0,1213,2013-05-12,Man United,Swansea,2,1,H,,,0.7374365689965624,0.17351448682272055,0.08904894418071699,0.7552621490696493,0.16619772563958873,0.07854012529076194,0.03084487991873175,0.6265664160401002,0.37343358395989973,0.6355704698080282,0.3644295301919717
E0,1213,2013-05-12,Norwich,West Brom,4,0,H,,,0.4442009188408352,0.2807560703652756,0.2750430107938892,0.44887990526921956,0.27853570808695655,0.2725843866438239,0.028505420545116067,0.5026315789473684,0.4973684210526315,0.5027701598381817,0.4972298401618182
E0,1213,2013-05-12,QPR,Newcastle,1,2,A,,fpl-team-17,0.29845826350111593,0.2823736864262056,0.41916805007267843,0.2968974443225484,0.28010130325529403,0.4230012524221576,0.030183208058588207,0.503957783641161,0.4960422163588391,0.5041773420969614,0.49582265790303864
E0,1213,2013-05-12,Stoke,Tottenham,1,2,A,,,0.22405825853434302,0.2756635134154307,0.5002782280502263,0.21940987135809464,0.2731768637931142,0.507413264848791,0.028923373203724623,0.46194225721784776,0.5380577427821522,0.4598115299356801,0.5401884700643199
E0,1213,2013-05-12,Sunderland,Southampton,1,1,D,fpl-team-20,,0.35271027575934627,0.30103934364173507,0.34625038059891866,0.35353926406710146,0.29965848552938895,0.3468022504035096,0.028957874630577862,0.4476439790575916,0.5523560209424083,0.44456916381726636,0.5554308361827337
E0,1213,2013-05-14,Arsenal,Wigan,4,1,H,fpl-team-1,,0.697415514352712,0.1841718639844055,0.11841262166288244,0.7121168917805625,0.17803445429575088,0.10984865392368674,0.027779899071902037,0.6496350364963503,0.35036496350364965,0.6599563046404339,0.34004369535956613
E0,1213,2013-05-14,Reading,Man City,0,2,A,,fpl-team-15,0.16388193368375847,0.2249970490955164,0.6111210172207251,0.15692591439806272,0.22045741069727767,0.6226166749046597,0.02817481686361134,0.6055979643765903,0.3944020356234097,0.6124966115649725,0.3875033884350276
E0,1213,2013-05-19,Chelsea,Everton,2,1,H,fpl-team-6,fpl-team-9,0.5678395479698335,0.24805622358682197,0.18410422844334445,0.5784319181286371,0.2441530227622749,0.17741505910908795,0.030709784710779786,0.5677083333333334,0.43229166666666663,0.5718470211130101,0.42815297888698983
E0,1213,2013-05-19,Liverpool,QPR,1,0,H,fpl-team-14,,0.7660784778815037,0.15447156193348358,0.07944996018501263,0.7857603025780634,0.1460035740592334,0.06823612336270324,0.032129879808053374,0.6642857142857144,0.33571428571428574,0.6753984595726422,0.3246015404273578
E0,1213,2013-05-19,Man City,Norwich,2,3,A,fpl-team-15,,0.7259040504130575,0.17838851900509922,0.0957074305818433,0.7433014756662509,0.17128779839185312,0.0854107259418961,0.030872703064233065,0.6336633663366337,0.36633663366336633,0.6425253378301762,0.3574746621698238
E0,1213,2013-05-19,Newcastle,Arsenal,0,1,A,fpl-team-17,fpl-team-1,0.15990605274746783,0.21940597935117678,0.6206879679013554,0.15225539468264776,0.21426686776558526,0.6334777375517671,0.030378116643987596,0.6116751269035533,0.3883248730964467,0.6193285059601447,0.38067149403985534
E0,1213,2013-05-19,Southampton,Stoke,1,1,D,,,0.536121095529793,0.26730116944261634,0.19657773502759077,0.5451156375686391,0.2643291613424097,0.1905552010889511,0.03009784920141101,0.4476439790575916,0.5523560209424083,0.44456916381726636,0.5554308361827337
E0,1213,2013-05-19,Swansea,Fulham,0,3,A,,fpl-team-10,0.5335292184570181,0.25661595561655487,0.2098548259264271,0.5422839845221796,0.25323402153216407,0.20448199394565636,0.029640046413987875,0.5289473684210526,0.4710526315789474,0.5305733900309719,0.4694266099690281
E0,1213,2013-05-19,Tottenham,Sunderland,1,0,H,,fpl-team-20,0.7419259251912126,0.17162949453421494,0.08644458027457247,0.760513280628252,0.16397198441135077,0.0755147349603972,0.03191732009872794,0.6136363636363636,0.3863636363636363,0.6210360687493998,0.37896393125060013
E0,1213,2013-05-19,West Brom,Man United,5,5,D,,,0.21952698605215282,0.2601576713159491,0.5203153426318982,0.21433217194704504,0.25677915323026473,0.5288886748226901,0.03107898763846606,0.5865633074935401,0.41343669250646,0.592235682807812,0.4077643171921881
E0,1213,2013-05-19,West Ham,Reading,4,2,H,,,0.5751367355241152,0.2501921077611536,0.17467115671473127,0.5859354584512384,0.2464161284000078,0.1676484131487538,0.03038875199854374,0.574025974025974,0.42597402597402595,0.5786337048893706,0.42136629511062934
E0,1213,2013-05-19,Wigan,Aston Villa,2,2,D,,fpl-team-2,0.453332114452875,0.2757107596672456,0.27095712587987936,0.45871443553398256,0.27312473549738586,0.26816082896863164,0.03032353997696191,0.5523560209424083,0.4476439790575916,0.5554308361827337,0.44456916381726636
