league,season,date,home_team_raw,away_team_raw,home_goals,away_goals,result,home_team_id,away_team_id,prob_home_proportional,prob_draw_proportional,prob_away_proportional,prob_home_shin,prob_draw_shin,prob_away_shin,shin_z,prob_over25_proportional,prob_under25_proportional,prob_over25_shin,prob_under25_shin
E0,1516,2015-08-08,Bournemouth,Aston Villa,0,1,A,fpl-team-3,fpl-team-2,0.4864568699072773,0.2739814554650182,0.2395616746277043,0.4920110720425323,0.2718192835508426,0.2361696444066249,0.0244757905602455,0.4698162729658792,0.5301837270341206,0.468195143536739,0.5318048564632609
E0,1516,2015-08-08,Chelsea,Swansea,2,2,D,fpl-team-6,hist-team-swansea,0.6958229900158055,0.2045659863351188,0.0996110236490756,0.709028926109418,0.1997168044800897,0.0912542694104922,0.0250984062440693,0.5250659630606861,0.4749340369393139,0.5265214963685101,0.4734785036314898
E0,1516,2015-08-08,Everton,Watford,2,2,D,fpl-team-9,hist-team-watford,0.5645338877624269,0.2537399655102397,0.1817261467273335,0.5728105389558332,0.2508554235147608,0.1763340375294058,0.0242412764346227,0.5157894736842105,0.4842105263157894,0.5166370896208807,0.4833629103791193
E0,1516,2015-08-08,Leicester,Sunderland,4,2,H,hist-team-leicester,fpl-team-20,0.4844114002478316,0.2817348203221809,0.2338537794299876,0.4903826308943642,0.2796802723335847,0.2299370967720511,0.0267040755134075,0.4337662337662337,0.5662337662337663,0.429956600571458,0.5700433994285419
E0,1516,2015-08-08,Man United,Tottenham,1,0,H,fpl-team-16,fpl-team-19,0.5860138558302195,0.2449237397444251,0.1690624044253553,0.5948274656591708,0.2417985923806868,0.1633739419601425,0.023642347427085,0.5289473684210526,0.4710526315789474,0.5305733900309719,0.4694266099690281
E0,1516,2015-08-08,Norwich,Crystal Palace,1,3,A,hist-team-norwich,fpl-team-8,0.3767045386040568,0.2969042002081817,0.3263912611877614,0.3782884248925648,0.2955757453835225,0.3261358297239126,0.0246312916278839,0.4337662337662337,0.5662337662337663,0.429956600571458,0.5700433994285419
E0,1516,2015-08-09,Arsenal,West Ham,0,2,A,fpl-team-1,hist-team-west-ham,0.7389491688492169,0.172376930888877,0.088673900261906,0.753746566604328,0.16632473968754,0.0799286937081319,0.0252942121587693,0.5751295336787565,0.4248704663212435,0.5796528235537732,0.4203471764462267
E0,1516,2015-08-09,Newcastle,Southampton,2,2,D,fpl-team-17,hist-team-southampton,0.3419255120892921,0.295347423755147,0.3627270641555609,0.3422312382699058,0.2939907240702107,0.3637780376598833,0.0241293155122548,0.4427083333333333,0.5572916666666667,0.4395272127486084,0.5604727872513917
E0,1516,2015-08-09,Stoke,Liverpool,0,1,A,hist-team-stoke,fpl-team-14,0.2868117797695262,0.2868117797695262,0.4263764404609474,0.2851867651793328,0.2851867651793328,0.4296264696413344,0.0235371519811451,0.4593175853018373,0.5406824146981627,0.4570041608954834,0.5429958391045165
E0,1516,2015-08-10,West Brom,Man City,0,3,A,hist-team-west-brom,fpl-team-15,0.1752130191141475,0.2484839180164273,0.5763030628694251,0.1699189750426328,0.2455898978302988,0.5844911271270684,0.0228140228427946,0.5354330708661418,0.4645669291338583,0.5373878364892272,0.4626121635107728
E0,1516,2015-08-14,Aston Villa,Man United,0,1,A,fpl-team-2,fpl-team-16,0.1784577848678991,0.2611221538802774,0.5604200612518234,0.1734783129649751,0.2587534042475894,0.5677682827874354,0.0218828190118074,0.4476439790575916,0.5523560209424083,0.4445691638172663,0.5554308361827337
E0,1516,2015-08-15,Southampton,Everton,0,3,A,hist-team-southampton,fpl-team-9,0.4897183611848613,0.2767973345827476,0.233484304232391,0.4952015744349682,0.274803805558619,0.2299946200064127,0.0236542655620723,0.4375,0.5625,0.4338624338606041,0.5661375661393959
E0,1516,2015-08-15,Sunderland,Norwich,1,3,A,fpl-team-20,hist-team-norwich,0.3857320779954106,0.2977369477027076,0.3165309743018818,0.3876591687443245,0.2964293618135126,0.315911469442163,0.0248007983900606,0.4190231362467866,0.5809768637532133,0.4144904717974111,0.5855095282025888
E0,1516,2015-08-15,Swansea,Newcastle,2,0,H,hist-team-swansea,fpl-team-17,0.4964844354963605,0.2715812296732228,0.2319343348304166,0.5024300436080081,0.2693190535956771,0.2282509027963147,0.02459936006926,0.4894736842105264,0.5105263157894737,0.4889147544617743,0.5110852455382258
E0,1516,2015-08-15,Tottenham,Stoke,2,2,D,fpl-team-19,hist-team-stoke,0.5398528679683612,0.2610763869683057,0.1990707450633331,0.5469984690009239,0.2585528906312346,0.1944486403678415,0.0233837866690009,0.4921052631578948,0.5078947368421052,0.4916876783688407,0.5083123216311592
E0,1516,2015-08-15,Watford,West Brom,0,0,D,hist-team-watford,hist-team-west-brom,0.4241792600312663,0.2892131318394998,0.286607608129234,0.4274022550756086,0.2876474884404911,0.2849502564839002,0.0239097711164504,0.4464751958224543,0.5535248041775457,0.4434513957758167,0.5565486042241833
E0,1516,2015-08-15,West Ham,Leicester,1,2,A,hist-team-west-ham,hist-team-leicester,0.4241392488621755,0.2840218184344925,0.2918389327033318,0.4273673979393342,0.2822698924312496,0.290362709629416,0.0239593498408794,0.5,0.5,0.5,0.5
E0,1516,2015-08-16,Crystal Palace,Arsenal,1,2,A,fpl-team-8,fpl-team-1,0.190594979035083,0.2521097606284168,0.5572952603365001,0.1853887647667269,0.2491004671419915,0.5655107680912815,0.0248311972245574,0.5157894736842105,0.4842105263157894,0.5166370896208807,0.4833629103791193
E0,1516,2015-08-16,Man City,Chelsea,3,0,H,fpl-team-15,fpl-team-6,0.4575100921343853,0.2812341448708427,0.2612557629947719,0.4617380679035657,0.2794565996281223,0.2588053324683119,0.022943583317101,0.4789473684210527,0.5210526315789473,0.4777999777992177,0.5222000222007822
E0,1516,2015-08-17,Liverpool,Bournemouth,1,0,H,fpl-team-14,fpl-team-3,0.6624094129613148,0.2138720974583617,0.1237184895803234,0.6742448706118183,0.2094796594444336,0.1162754699437482,0.0245876100379973,0.5394736842105263,0.4605263157894737,0.541811846683402,0.458188153316598
E0,1516,2015-08-22,Crystal Palace,Aston Villa,2,1,H,fpl-team-8,fpl-team-2,0.519547016026855,0.2701054089003253,0.2103475750728196,0.5267085174348518,0.267649856671426,0.2056416258937222,0.0260086560156196,0.4540682414698162,0.5459317585301837,0.4513672743432872,0.5486327256567128
E0,1516,2015-08-22,Leicester,Tottenham,1,1,D,hist-team-leicester,fpl-team-19,0.3619090395049747,0.281603779259788,0.3564871812352372,0.3629788700323035,0.2796679528649217,0.3573531771027748,0.0253187778871506,0.5253333333333333,0.4746666666666666,0.5270917698032508,0.4729082301967493
E0,1516,2015-08-22,Man United,Newcastle,0,0,D,fpl-team-16,fpl-team-17,0.6994010940996085,0.1937241319705636,0.1068747739298278,0.7133676277743117,0.1882554383479408,0.0983769338777474,0.0262729313690215,0.5421052631578948,0.4578947368421053,0.5446378752344725,0.4553621247655275
E0,1516,2015-08-22,Norwich,Stoke,1,1,D,hist-team-norwich,hist-team-stoke,0.4136248644741598,0.2909288037585833,0.2954463317672569,0.4166720482597462,0.2893201221599605,0.2940078295802931,0.0255961185321211,0.4412532637075718,0.5587467362924282,0.4377868716462417,0.5622131283537581
E0,1516,2015-08-22,Sunderland,Swansea,1,1,D,fpl-team-20,hist-team-swansea,0.2544602810724608,0.28579022558889,0.4597494933386492,0.2514941817282925,0.2839907506930202,0.4645150675786872,0.0254359396640211,0.4337662337662337,0.5662337662337663,0.429956600571458,0.5700433994285419
E0,1516,2015-08-22,West Ham,Bournemouth,3,4,A,hist-team-west-ham,fpl-team-3,0.4072011045942151,0.2844330103732725,0.3083658850325124,0.4099133752861518,0.2826403356812252,0.307446289032623,0.0247580696595832,0.4986807387862796,0.5013192612137204,0.4986076301868468,0.5013923698131533
E0,1516,2015-08-23,Everton,Man City,0,2,A,fpl-team-9,fpl-team-15,0.2027408399502535,0.2441165215727542,0.5531426384769923,0.1983841270105405,0.2411131670745913,0.5605027059148681,0.0226206013467162,0.5699481865284974,0.4300518134715025,0.5739320919957633,0.4260679080042366
E0,1516,2015-08-23,Watford,Southampton,0,0,D,hist-team-watford,hist-team-southampton,0.3532608695652174,0.2934782608695652,0.3532608695652174,0.3539751683167918,0.2920496633664163,0.3539751683167918,0.0242216987535357,0.443864229765013,0.556135770234987,0.4406241369777816,0.5593758630222184
E0,1516,2015-08-23,West Brom,Chelsea,2,3,A,hist-team-west-brom,fpl-team-6,0.160639018761888,0.2513428446591019,0.58801813657901,0.1543086723248862,0.2482528354155362,0.5974384922595775,0.0251195929013192,0.4566929133858268,0.5433070866141733,0.4541895718808615,0.5458104281191385
E0,1516,2015-08-24,Arsenal,Liverpool,0,0,D,fpl-team-1,fpl-team-14,0.5551601001293139,0.249967374927335,0.1948725249433509,0.5629561792790049,0.2470134732646552,0.1900303474563399,0.0237681800499558,0.5329815303430079,0.467018469656992,0.5349611232315755,0.4650388767684244
E0,1516,2015-08-29,Aston Villa,Sunderland,2,2,D,fpl-team-2,fpl-team-20,0.5039970930232558,0.2785247093023255,0.2174781976744186,0.5103119141792336,0.2764767796442665,0.2132113061764999,0.0249981480883434,0.4248704663212435,0.5751295336787565,0.4203471764462267,0.5796528235537732
E0,1516,2015-08-29,Bournemouth,Leicester,1,1,D,fpl-team-3,hist-team-leicester,0.4448242999984873,0.2735413798841272,0.2816343201173855,0.449004761961601,0.2713010184779872,0.2796942195604117,0.0252892448334023,0.5105263157894737,0.4894736842105264,0.5110852455382258,0.4889147544617743
E0,1516,2015-08-29,Chelsea,Crystal Palace,1,2,A,fpl-team-6,fpl-team-8,0.7056154178823558,0.192830124320077,0.1015544577975672,0.7193946727147188,0.1874796808692615,0.0931256464160196,0.0255089646670967,0.5613577023498694,0.4386422976501305,0.5650609080815892,0.4349390919184109
E0,1516,2015-08-29,Liverpool,West Ham,0,3,A,fpl-team-14,hist-team-west-ham,0.7029108763724902,0.1915749081896967,0.1055142154378131,0.7155805996360325,0.1865988338724073,0.0978205664915601,0.0235383266117423,0.5636363636363637,0.4363636363636364,0.567204301068432,0.4327956989315679
E0,1516,2015-08-29,Man City,Watford,2,0,H,fpl-team-15,hist-team-watford,0.8007773898148758,0.133276236906252,0.0659463732788721,0.817956956951872,0.1256419942867906,0.0564010487613374,0.0259805584792047,0.6850574712643679,0.3149425287356322,0.6971782687172147,0.3028217312827854
E0,1516,2015-08-29,Newcastle,Arsenal,0,1,A,fpl-team-17,fpl-team-1,0.1675338189386056,0.2393340270551509,0.5931321540062435,0.1617568350900329,0.2359934682805804,0.6022496966293865,0.0237966458080336,0.5263157894736842,0.4736842105263157,0.5277777777735805,0.4722222222264194
E0,1516,2015-08-29,Stoke,West Brom,0,1,A,hist-team-stoke,hist-team-west-brom,0.4934208484087594,0.2809151142858128,0.2256640373054278,0.4993766769909704,0.2789482701530028,0.2216750528560267,0.0251256595365703,0.4237726098191214,0.5762273901808785,0.4193371978686282,0.5806628021313719
E0,1516,2015-08-29,Tottenham,Everton,0,0,D,fpl-team-19,fpl-team-9,0.4909150628258348,0.2697946804198639,0.2392902567543013,0.4967694663722437,0.2674251171766578,0.2358054164510985,0.0250774418236687,0.5171503957783641,0.4828496042216358,0.5181220029000937,0.4818779970999063
E0,1516,2015-08-30,Southampton,Norwich,3,0,H,hist-team-southampton,hist-team-norwich,0.4738257840726345,0.2768575075540684,0.2493167083732972,0.4790424950963627,0.2747534587804492,0.2462040461231881,0.0250540517736226,0.4710526315789474,0.5289473684210526,0.4694266099690281,0.5305733900309719
E0,1516,2015-08-30,Swansea,Man United,2,1,H,hist-team-swansea,fpl-team-16,0.2781736757883103,0.2874181181861091,0.4344082060255805,0.2760819378283949,0.285673882642487,0.4382441795291179,0.0255983076058328,0.4554973821989528,0.544502617801047,0.4530282935542051,0.5469717064457948
E0,1516,2015-09-12,Arsenal,Stoke,2,0,H,fpl-team-1,hist-team-stoke,0.749004554432628,0.1665912056268717,0.0844042399405002,0.764848061784817,0.1600215579853083,0.0751303802298745,0.026548023102805,0.5798969072164949,0.4201030927835051,0.5845262440221842,0.4154737559778157
E0,1516,2015-09-12,Crystal Palace,Man City,0,1,A,fpl-team-8,fpl-team-15,0.1754006063230835,0.2355998267648332,0.5889995669120831,0.16979458911636,0.2320742025055643,0.5981312083780757,0.0242086395155638,0.5820512820512821,0.4179487179487179,0.5864841490747444,0.4135158509252556
E0,1516,2015-09-12,Everton,Chelsea,3,1,H,fpl-team-9,fpl-team-6,0.2440120984223003,0.2765470448786071,0.4794408566990926,0.2408261703085841,0.2745084013385067,0.4846654283529092,0.0241205922793597,0.4776902887139108,0.5223097112860893,0.4765310066806216,0.5234689933193785
E0,1516,2015-09-12,Man United,Liverpool,3,1,H,fpl-team-16,fpl-team-14,0.4955467598721714,0.2804707467898213,0.2239824933380072,0.5010436844443102,0.2786650195834943,0.2202912959721954,0.0228609214536845,0.443864229765013,0.556135770234987,0.4406241369777816,0.5593758630222184
E0,1516,2015-09-12,Norwich,Bournemouth,3,1,H,hist-team-norwich,fpl-team-3,0.4093916872676271,0.2838936402778485,0.3067146724545244,0.4121211065101656,0.2821221284831044,0.30575676500673,0.0241903817513957,0.4973684210526315,0.5026315789473684,0.4972298401618182,0.5027701598381817
E0,1516,2015-09-12,Watford,Swansea,1,0,H,hist-team-watford,hist-team-swansea,0.3561477355954575,0.2955033843330731,0.3483488800714694,0.3569537206978294,0.2941676475894623,0.3488786317127083,0.0238522295840084,0.443864229765013,0.556135770234987,0.4406241369777816,0.5593758630222184
E0,1516,2015-09-12,West Brom,Southampton,0,0,D,hist-team-west-brom,hist-team-southampton,0.3087303454573731,0.3018913821086338,0.389378272433993,0.3078490093842139,0.3007663843413659,0.39138460627442,0.0241306970128789,0.4020356234096692,0.5979643765903307,0.3963102612601198,0.6036897387398802
E0,1516,2015-09-13,Leicester,Aston Villa,3,2,H,hist-team-leicester,fpl-team-2,0.5127919468427963,0.2664226315998886,0.220785421557315,0.5192538957329892,0.2639982067781225,0.2167478974888882,0.0243160042446106,0.4973684210526315,0.5026315789473684,0.4972298401618182,0.5027701598381817
E0,1516,2015-09-13,Sunderland,Tottenham,0,1,A,fpl-team-20,fpl-team-19,0.2302822855021959,0.2731715363836938,0.4965461781141101,0.2265495484858714,0.270972249714952,0.5024782017991766,0.0245344340801239,0.4868421052631579,0.513157894736842,0.4861399861400877,0.5138600138599122
E0,1516,2015-09-14,West Ham,Newcastle,2,0,H,hist-team-west-ham,fpl-team-17,0.4348040848678392,0.2792436791379964,0.2859522359941645,0.4385837816626811,0.2772300592911149,0.284186159046204,0.0251187649555504,0.5026315789473684,0.4973684210526315,0.5027701598381817,0.4972298401618182
E0,1516,2015-09-19,Aston Villa,West Brom,0,1,A,fpl-team-2,hist-team-west-brom,0.4182225541448842,0.29798356982823,0.2837938760268857,0.4212925082597463,0.2967032596112748,0.2820042321289789,0.0243783518671989,0.398477157360406,0.6015228426395939,0.3924991265417941,0.6075008734582058
E0,1516,2015-09-19,Bournemouth,Sunderland,2,0,H,fpl-team-3,fpl-team-20,0.5620225263692386,0.2520945368938537,0.1858829367369077,0.5699551913103079,0.2492468557602776,0.1807979529294144,0.0234696809202432,0.5078947368421052,0.4921052631578948,0.5083123216311592,0.4916876783688407
E0,1516,2015-09-19,Chelsea,Arsenal,2,0,H,fpl-team-6,fpl-team-1,0.3961234467546098,0.2824430493131982,0.3214335039321918,0.3983364977692617,0.2806528970512604,0.3210106051794777,0.0237607539165765,0.531578947368421,0.4684210526315789,0.5333741239292438,0.4666258760707563
E0,1516,2015-09-19,Man City,West Ham,1,2,A,fpl-team-15,hist-team-west-ham,0.7584686698303293,0.1571826519714169,0.0843486781982537,0.7731469690426677,0.1509349673788579,0.0759180635784744,0.0239637857303023,0.653012048192771,0.3469879518072289,0.6627203772288045,0.3372796227711955
E0,1516,2015-09-19,Newcastle,Watford,1,2,A,fpl-team-17,hist-team-watford,0.3858545964766408,0.293249493322247,0.320895910201112,0.3877731893763544,0.2917874676111791,0.3204393430124663,0.0246346364729106,0.4363636363636364,0.5636363636363637,0.4327956989315679,0.567204301068432
E0,1516,2015-09-19,Stoke,Leicester,2,2,D,hist-team-stoke,hist-team-leicester,0.3918802601377199,0.2885663733741392,0.3195533664881408,0.3940566533716252,0.2869051295250426,0.3190382171033322,0.0250735019799321,0.4657894736842106,0.5342105263157895,0.4638195430185368,0.5361804569814632
E0,1516,2015-09-19,Swansea,Everton,0,0,D,hist-team-swansea,fpl-team-9,0.4219747259262704,0.2863852494274387,0.2916400246462908,0.4251723944681329,0.2846923747185303,0.2901352308133368,0.0243162654805928,0.4671916010498688,0.5328083989501312,0.4654065423175261,0.5345934576824739
E0,1516,2015-09-20,Liverpool,Norwich,1,1,D,fpl-team-14,hist-team-norwich,0.5810915098748927,0.2468886207758611,0.1720198693492462,0.5901771670367966,0.2436749869398222,0.1661478460233812,0.0248689409345388,0.5092348284960422,0.4907651715039578,0.5097498467882865,0.4902501532117134
E0,1516,2015-09-20,Southampton,Man United,2,3,A,hist-team-southampton,fpl-team-16,0.3112020918461182,0.2985198749370287,0.3902780332168531,0.3103782812970871,0.2972270202602712,0.3923946984426416,0.0250666332431137,0.4153846153846153,0.5846153846153845,0.4106562703135704,0.5893437296864297
E0,1516,2015-09-20,Tottenham,Crystal Palace,1,0,H,fpl-team-19,fpl-team-8,0.4843022784685252,0.274159623156033,0.2415380983754416,0.4897024780167628,0.2720345335173179,0.2382629884659191,0.0241310475394129,0.4973684210526315,0.5026315789473684,0.4972298401618182,0.5027701598381817
E0,1516,2015-09-26,Leicester,Arsenal,2,5,A,hist-team-leicester,fpl-team-1,0.2242771201241995,0.250766543760916,0.5249563361148845,0.220501660253393,0.2478924640481512,0.5316058756984556,0.0234245592728257,0.5662337662337663,0.4337662337662337,0.5700433994285419,0.429956600571458
E0,1516,2015-09-26,Liverpool,Aston Villa,3,2,H,fpl-team-14,fpl-team-2,0.6284407462109618,0.2312905409783685,0.1402687128106698,0.6387278134667159,0.2276640533904155,0.1336081331428686,0.023724943283014,0.4854881266490765,0.5145118733509234,0.4846711259761405,0.5153288740238595
E0,1516,2015-09-26,Man United,Sunderland,3,0,H,fpl-team-16,fpl-team-20,0.786450964411375,0.1448410451960066,0.0687079903926183,0.8035856440406616,0.1374204606881051,0.0589938952712332,0.0266706831753253,0.6040609137055837,0.3959390862944162,0.6104287869138215,0.3895712130861784
E0,1516,2015-09-26,Newcastle,Chelsea,2,2,D,fpl-team-17,fpl-team-6,0.1696199840552751,0.2419452564443263,0.5884347595003987,0.1636960348672586,0.2385700745830699,0.5977338905496715,0.0247268723323941,0.5236842105263159,0.4763157894736842,0.5249868125159045,0.4750131874840955
E0,1516,2015-09-26,Southampton,Swansea,3,1,H,hist-team-southampton,hist-team-swansea,0.4698628504141217,0.2830331116737883,0.2471040379120899,0.4747734977559987,0.2812156674552019,0.2440108347887994,0.0242603871738538,0.4375,0.5625,0.4338624338606041,0.5661375661393959
E0,1516,2015-09-26,Stoke,Bournemouth,2,1,H,hist-team-stoke,fpl-team-3,0.3839630717045736,0.2876823014584116,0.3283546268370147,0.385846162884338,0.2859875326851617,0.3281663044305002,0.025094254175201,0.4684210526315789,0.531578947368421,0.4666258760707563,0.5333741239292438
E0,1516,2015-09-26,Tottenham,Man City,4,1,H,fpl-team-19,fpl-team-15,0.2421396290237613,0.2635442371142595,0.4943161338619791,0.2388796680570432,0.2610387924168247,0.500081539526132,0.0241632126271724,0.5509138381201044,0.4490861618798955,0.5537308497832173,0.4462691502167826
E0,1516,2015-09-26,West Ham,Norwich,2,2,D,hist-team-west-ham,hist-team-norwich,0.4292268374541983,0.2802598762200942,0.2905132863257074,0.4327469583731226,0.2783132532660636,0.2889397883608138,0.0247497386299073,0.4986807387862796,0.5013192612137204,0.4986076301868468,0.5013923698131533
E0,1516,2015-09-27,Watford,Crystal Palace,0,1,A,hist-team-watford,fpl-team-8,0.3844801125463614,0.2933879012661465,0.3221319861874919,0.3863298381964738,0.2919454739970052,0.321724687806521,0.0243866275995969,0.4453125,0.5546875,0.442344123214856,0.557655876785144
E0,1516,2015-09-28,West Brom,Everton,2,3,A,hist-team-west-brom,fpl-team-9,0.3201638409291232,0.2935656141442422,0.3862705449266345,0.3196915989832216,0.2921479135080328,0.3881604875087456,0.0240693318191915,0.4237726098191214,0.5762273901808785,0.4193371978686282,0.5806628021313719
E0,1516,2015-10-03,Aston Villa,Stoke,0,1,A,fpl-team-2,hist-team-stoke,0.3859822309970385,0.295162882527147,0.3188548864758144,0.3878921734539368,0.2937800783120585,0.3183277482340046,0.0244607951026409,0.4326424870466321,0.5673575129533679,0.4289093046652558,0.5710906953347442
E0,1516,2015-10-03,Bournemouth,Watford,1,1,D,fpl-team-3,hist-team-watford,0.4546323464034854,0.281630657064106,0.2637369965324087,0.458905842986795,0.2798056883521615,0.2612884686610433,0.0237485023681074,0.4736842105263157,0.5263157894736842,0.4722222222264194,0.5277777777735805
E0,1516,2015-10-03,Chelsea,Southampton,1,3,A,fpl-team-6,hist-team-southampton,0.5301318177930261,0.2628752815502608,0.2069929006567129,0.5371480365252163,0.2603425503867192,0.2025094130880644,0.0240916369948536,0.503957783641161,0.4960422163588391,0.5041773420969614,0.4958226579030386
E0,1516,2015-10-03,Crystal Palace,West Brom,2,0,H,fpl-team-8,hist-team-west-brom,0.5261825318315845,0.2728912271103633,0.2009262410580523,0.5333448008547059,0.2706181342975335,0.1960370648477605,0.0251193363219499,0.4427083333333333,0.5572916666666667,0.4395272127486084,0.5604727872513917
E0,1516,2015-10-03,Man City,Newcastle,6,1,H,fpl-team-15,fpl-team-17,0.7772142941384597,0.1450642764476943,0.0777214294138459,0.7924328640972599,0.1384267329535422,0.0691404029491978,0.0239033545367419,0.6690140845070424,0.3309859154929577,0.6791713325678176,0.3208286674321823
E0,1516,2015-10-03,Norwich,Leicester,1,2,A,hist-team-norwich,hist-team-leicester,0.4229090274140038,0.2750130958617077,0.3020778767242885,0.4262936699128005,0.2728136575774441,0.3008926725097554,0.025486942846328,0.544502617801047,0.4554973821989528,0.5469717064457948,0.4530282935542051
E0,1516,2015-10-03,Sunderland,West Ham,2,2,D,fpl-team-20,hist-team-west-ham,0.3124908709778022,0.2853584300845199,0.4021506989376778,0.3117268919823147,0.2836096231600769,0.4046634848576084,0.0246203141286969,0.4894736842105264,0.5105263157894737,0.4889147544617743,0.5110852455382258
E0,1516,2015-10-04,Arsenal,Man United,3,0,H,fpl-team-1,fpl-team-16,0.4751487630873856,0.2660303659625752,0.2588208709500392,0.4801098659892258,0.2636742720616018,0.2562158619491724,0.0235850667813792,0.5184210526315789,0.481578947368421,0.5194169371160577,0.4805830628839423
E0,1516,2015-10-04,Everton,Liverpool,1,1,D,fpl-team-9,fpl-team-14,0.3591620434210948,0.2921623961774043,0.3486755604015008,0.3600560074940199,0.2907383842310769,0.3492056082749032,0.0233621082734316,0.4789473684210527,0.5210526315789473,0.4777999777992177,0.5222000222007822
E0,1516,2015-10-04,Swansea,Tottenham,2,2,D,hist-team-swansea,fpl-team-19,0.3576332240295928,0.2900318219264381,0.3523349540439692,0.3585533769594468,0.2883928375682679,0.3530537854722851,0.0256010404555127,0.4775725593667546,0.5224274406332454,0.4762821585986352,0.5237178414013648
E0,1516,2015-10-17,Chelsea,Aston Villa,2,0,H,fpl-team-6,fpl-team-2,0.7124484738823648,0.1860976520472454,0.1014538740703899,0.7258375547453019,0.1807654778056187,0.0933969674490794,0.0243109189905226,0.577319587628866,0.4226804123711341,0.581663763067284,0.418336236932716
E0,1516,2015-10-17,Crystal Palace,West Ham,1,3,A,fpl-team-8,hist-team-west-ham,0.4806826465417436,0.268856395523348,0.2504609579349084,0.4862310763314863,0.2664234012746927,0.2473455223938208,0.0254126865183934,0.5,0.5,0.5,0.5
E0,1516,2015-10-17,Everton,Man United,0,3,A,fpl-team-9,fpl-team-16,0.3032258064516129,0.2903225806451613,0.4064516129032258,0.3021750476184861,0.2888248323749092,0.4090001200066047,0.0234860910568386,0.4684210526315789,0.531578947368421,0.4666258760707563,0.5333741239292438
E0,1516,2015-10-17,Man City,Bournemouth,5,1,H,fpl-team-15,fpl-team-3,0.7157380254154448,0.1820136852394917,0.1022482893450635,0.7300986754536306,0.176186790434253,0.0937145341121164,0.0259055881761014,0.6165413533834586,0.3834586466165413,0.6235453531010199,0.37645464689898
E0,1516,2015-10-17,Southampton,Leicester,2,2,D,hist-team-southampton,hist-team-leicester,0.544005544005544,0.2538692538692539,0.2021252021252021,0.5518984787529638,0.2508684774276639,0.1972330438193721,0.0253465992864221,0.5406824146981627,0.4593175853018373,0.5429958391045165,0.4570041608954834
E0,1516,2015-10-17,Tottenham,Liverpool,0,0,D,fpl-team-19,fpl-team-14,0.3921941706008967,0.2803034807529938,0.3275023486461096,0.3943454246219863,0.2783694679129316,0.327285107465082,0.0246547283604741,0.5289473684210526,0.4710526315789474,0.5305733900309719,0.4694266099690281
E0,1516,2015-10-17,Watford,Arsenal,0,3,A,hist-team-watford,fpl-team-1,0.1655256234711303,0.2348343820674164,0.5996399944614532,0.1594752161771187,0.2312111653744651,0.6093136184484161,0.0246543721295893,0.549738219895288,0.450261780104712,0.5526024363159369,0.4473975636840632
E0,1516,2015-10-17,West Brom,Sunderland,1,0,H,hist-team-west-brom,fpl-team-20,0.4688613934838544,0.2901794599915318,0.2409591465246137,0.4739585382562825,0.2885442111910363,0.2374972505526811,0.0253868959844112,0.416452442159383,0.583547557840617,0.4116223418841733,0.5883776581158268
E0,1516,2015-10-18,Newcastle,Norwich,6,2,H,fpl-team-17,hist-team-norwich,0.3745450747563689,0.2856890360003535,0.3397658892432776,0.3761063512520515,0.2838871439989667,0.3400065047489818,0.0255814790725708,0.5026315789473684,0.4973684210526315,0.5027701598381817,0.4972298401618182
E0,1516,2015-10-19,Swansea,Stoke,0,1,A,hist-team-swansea,hist-team-stoke,0.4688660108068092,0.2858252258071539,0.2453087633860367,0.4739627588072392,0.2840285678589495,0.2420086733338113,0.0253799501806497,0.4348958333333333,0.5651041666666667,0.4310135489510853,0.5689864510489147
E0,1516,2015-10-24,Arsenal,Everton,2,1,H,fpl-team-1,fpl-team-9,0.6724828187554498,0.2010369689753134,0.1264802122692369,0.6843949164266515,0.1963102169140572,0.1192948666592913,0.0239957582671195,0.6175,0.3825,0.6243682358002178,0.3756317641997821
E0,1516,2015-10-24,Aston Villa,Swansea,1,2,A,fpl-team-2,hist-team-swansea,0.3244887611965523,0.3028561771167821,0.3726550616866655,0.3241711923098663,0.3017673809373534,0.3740614267527802,0.0241156790871173,0.4045801526717557,0.5954198473282442,0.3992098048808561,0.6007901951191439
E0,1516,2015-10-24,Leicester,Crystal Palace,1,0,H,hist-team-leicester,fpl-team-8,0.4318222684719359,0.2798613528806387,0.2883163786474254,0.4353228852254754,0.2779620838170187,0.2867150309575059,0.0239555453881621,0.544502617801047,0.4554973821989528,0.5469717064457948,0.4530282935542051
E0,1516,2015-10-24,Norwich,West Brom,0,1,A,hist-team-norwich,hist-team-west-brom,0.4776122051365767,0.2817771121749715,0.2406106826884517,0.4826383644698174,0.2799715728589551,0.2373900626712274,0.0234935731859877,0.4476439790575916,0.5523560209424083,0.4445691638172663,0.5554308361827337
E0,1516,2015-10-24,Stoke,Watford,0,2,A,hist-team-stoke,hist-team-watford,0.4560888006231105,0.2924004887430371,0.2515107106338524,0.4605621133828512,0.2909003959944154,0.2485374906227332,0.024580308701843,0.4107142857142857,0.5892857142857143,0.405891210226295,0.5941087897737051
E0,1516,2015-10-24,West Ham,Chelsea,2,1,H,hist-team-west-ham,fpl-team-6,0.2506635179669739,0.2645506934776095,0.4847857885554165,0.2477732237528861,0.2621395999948674,0.4900871762522464,0.0236041429452598,0.549738219895288,0.450261780104712,0.5526024363159369,0.4473975636840632
E0,1516,2015-10-25,Bournemouth,Tottenham,1,5,A,fpl-team-3,fpl-team-19,0.2824384187372584,0.2875427275096185,0.4300188537531231,0.2806431757439546,0.2859260929856891,0.4334307312703562,0.0237814979627728,0.481578947368421,0.5184210526315789,0.4805830628839423,0.5194169371160577
E0,1516,2015-10-25,Liverpool,Southampton,1,1,D,fpl-team-14,hist-team-southampton,0.4660275296348636,0.2785295731053849,0.2554428972597514,0.4706358138014079,0.2766215335323999,0.2527426526661921,0.023410475347191,0.4854881266490765,0.5145118733509234,0.4846711259761405,0.5153288740238595
E0,1516,2015-10-25,Man United,Man City,0,0,D,fpl-team-16,fpl-team-15,0.3724365210140756,0.2857199579122907,0.3418435210736336,0.3737347003316803,0.2841414586525479,0.3421238410157718,0.0223847453016787,0.5197889182058046,0.4802110817941952,0.5209181681264694,0.4790818318735306
E0,1516,2015-10-25,Sunderland,Newcastle,3,0,H,fpl-team-20,fpl-team-17,0.3775058121682678,0.2885467386059569,0.3339474492257753,0.3790463955962215,0.2869872877817178,0.3339663166220605,0.0235187497455626,0.4868421052631579,0.513157894736842,0.4861399861400877,0.5138600138599122
E0,1516,2015-10-31,Chelsea,Liverpool,1,3,A,fpl-team-6,fpl-team-14,0.4606106045403928,0.2837690331543491,0.2556203623052582,0.4652249336792127,0.2819660783875872,0.2528089879332,0.0244501158595085,0.4645669291338583,0.5354330708661418,0.4626121635107728,0.5373878364892272
E0,1516,2015-10-31,Crystal Palace,Man United,0,0,D,fpl-team-8,fpl-team-16,0.2528144427714705,0.2845105818652071,0.4626749753633222,0.2498792838315221,0.2827195242133234,0.4674011919551545,0.0246472822036594,0.4415584415584415,0.5584415584415584,0.4384404924803881,0.5615595075196119
E0,1516,2015-10-31,Man City,Norwich,2,1,H,fpl-team-15,hist-team-norwich,0.744713733927163,0.1640677417257777,0.0912185243470592,0.7597300028924165,0.1577276384100812,0.0825423586975022,0.0252981213852763,0.648910411622276,0.3510895883777239,0.6582604220377712,0.3417395779622287
E0,1516,2015-10-31,Newcastle,Stoke,0,0,D,fpl-team-17,hist-team-stoke,0.405980100402159,0.2882336060257019,0.3057862935721389,0.4085770055037521,0.286623373817669,0.3047996206785789,0.0240948346909135,0.4645669291338583,0.5354330708661418,0.4626121635107728,0.5373878364892272
E0,1516,2015-10-31,Swansea,Arsenal,0,3,A,hist-team-swansea,fpl-team-1,0.1987632561972534,0.2497548768970723,0.5514818669056742,0.1939677845757234,0.2467401607188435,0.559292054705433,0.0242126553785055,0.5380577427821522,0.4619422572178477,0.5401884700643199,0.4598115299356801
E0,1516,2015-10-31,Watford,West Ham,2,0,H,hist-team-watford,hist-team-west-ham,0.3778801843317972,0.2903225806451613,0.3317972350230414,0.379535646013881,0.2887269391277776,0.3317374148583413,0.0250761779025197,0.4710526315789474,0.5289473684210526,0.4694266099690281,0.5305733900309719
E0,1516,2015-10-31,West Brom,Leicester,2,3,A,hist-team-west-brom,hist-team-leicester,0.3377561871616396,0.293068445475638,0.3691753673627223,0.3379175822567702,0.291581777872108,0.3705006398711217,0.0249560761731117,0.4645669291338583,0.5354330708661418,0.4626121635107728,0.5373878364892272
E0,1516,2015-11-01,Everton,Sunderland,6,2,H,fpl-team-9,fpl-team-20,0.642361499602068,0.2220692887255409,0.1355692116723911,0.6526643737076754,0.2182930770998889,0.1290425491924356,0.022692815051414,0.5471204188481674,0.4528795811518324,0.5497828912734765,0.4502171087265234
E0,1516,2015-11-01,Southampton,Bournemouth,2,0,H,hist-team-southampton,fpl-team-3,0.6195258599309834,0.2287937228522097,0.1516804172168067,0.6297730098489486,0.2249935772877181,0.1452334128633333,0.0243416565936058,0.5380577427821522,0.4619422572178477,0.5401884700643199,0.4598115299356801
E0,1516,2015-11-02,Tottenham,Aston Villa,3,1,H,fpl-team-19,fpl-team-2,0.6714781340787443,0.2109510952194285,0.117570770701827,0.6837406803623495,0.2064034107789744,0.1098559088586759,0.0248364005237817,0.5329815303430079,0.467018469656992,0.5349611232315755,0.4650388767684244
E0,1516,2015-11-07,Bournemouth,Newcastle,0,1,A,fpl-team-3,fpl-team-17,0.4336134453781512,0.2773109243697479,0.2890756302521008,0.4372083912962519,0.275304450377693,0.2874871583260551,0.0241644742200151,0.5196850393700787,0.4803149606299213,0.5206987911941695,0.4793012088058304
E0,1516,2015-11-07,Leicester,Watford,2,1,H,hist-team-leicester,hist-team-watford,0.5183309356298734,0.2598716407517621,0.2217974236183644,0.5250027875279037,0.2572090896030999,0.2177881228689963,0.0243555766064673,0.5263157894736842,0.4736842105263157,0.5277777777735805,0.4722222222264194
E0,1516,2015-11-07,Man United,West Brom,2,0,H,fpl-team-16,hist-team-west-brom,0.7166963197011301,0.1941356629740332,0.0891680173248366,0.7306838829639064,0.1888634234157062,0.0804526936203872,0.0252584179397672,0.4921052631578948,0.5078947368421052,0.4916876783688407,0.5083123216311592
E0,1516,2015-11-07,Norwich,Swansea,1,0,H,hist-team-norwich,hist-team-swansea,0.3885736646448836,0.2876149481510467,0.3238113872040696,0.3906386025346047,0.2859091234643647,0.3234522740010305,0.0252183491829782,0.4842105263157894,0.5157894736842105,0.4833629103791193,0.5166370896208807
E0,1516,2015-11-07,Stoke,Chelsea,1,0,H,hist-team-stoke,fpl-team-6,0.2549691669962355,0.2821256463212784,0.462905186682486,0.2521416101981737,0.2802681569944032,0.467590232807423,0.0243849747348576,0.4554973821989528,0.544502617801047,0.4530282935542051,0.5469717064457948
E0,1516,2015-11-07,Sunderland,Southampton,0,1,A,fpl-team-20,hist-team-southampton,0.2055012302062961,0.2599646709986751,0.5345340987950287,0.200680282176445,0.2571603928570593,0.5421593249664957,0.0256355470046401,0.4829396325459317,0.5170603674540682,0.4820679761673591,0.517932023832641
E0,1516,2015-11-07,West Ham,Everton,1,1,D,hist-team-west-ham,fpl-team-9,0.3767628371214235,0.2803558758580004,0.3428812870205761,0.3783424747783792,0.2784322544569269,0.3432252707646938,0.0245540086179971,0.5418848167539266,0.4581151832460733,0.544168391996252,0.455831608003748
E0,1516,2015-11-08,Arsenal,Tottenham,1,1,D,fpl-team-1,fpl-team-19,0.562967425322147,0.2408645439985894,0.1961680306792636,0.5716841689458664,0.2373304376392619,0.1909853934148715,0.025704464642331,0.5943877551020408,0.4056122448979591,0.5998731341220397,0.4001268658779602
E0,1516,2015-11-08,Aston Villa,Man City,0,0,D,fpl-team-2,fpl-team-15,0.1306471741843466,0.2079515065073988,0.6614013193082546,0.1232020175191947,0.2032075162366702,0.673590466244135,0.0253897672519087,0.5598958333333334,0.4401041666666666,0.5632998486409446,0.4367001513590554
E0,1516,2015-11-08,Liverpool,Crystal Palace,1,2,A,fpl-team-14,fpl-team-8,0.5731250734524617,0.2503651636660753,0.1765097628814631,0.5822302993952613,0.2471712746468806,0.170598425957858,0.0257523176260292,0.4934036939313984,0.5065963060686015,0.4930369875215845,0.5069630124784155
E0,1516,2015-11-21,Chelsea,Norwich,1,0,H,fpl-team-6,hist-team-norwich,0.6738652443670403,0.2071187547621639,0.1190160008707956,0.6852824934008772,0.2027981792745514,0.1119193273245713,0.0229094643145799,0.5535248041775457,0.4464751958224543,0.5565486042241833,0.4434513957758167
E0,1516,2015-11-21,Everton,Aston Villa,4,0,H,fpl-team-9,fpl-team-2,0.6077852296444555,0.2385557026354487,0.1536590677200958,0.6175758704225104,0.2351171271306592,0.1473070024468302,0.0242378411348909,0.4973684210526315,0.5026315789473684,0.4972298401618182,0.5027701598381817
E0,1516,2015-11-21,Man City,Liverpool,1,4,A,fpl-team-15,fpl-team-14,0.5761318695926709,0.2427357623156938,0.1811323680916351,0.5843710393195616,0.2396321398245184,0.17599682085592,0.0229654340073466,0.5471204188481674,0.4528795811518324,0.5497828912734765,0.4502171087265234
E0,1516,2015-11-21,Newcastle,Leicester,0,3,A,fpl-team-17,hist-team-leicester,0.3421610547297591,0.2775085298534965,0.3803304154167443,0.3424685200212921,0.2755452274534175,0.3819862525252904,0.0237747249193489,0.5636363636363637,0.4363636363636364,0.567204301068432,0.4327956989315679
E0,1516,2015-11-21,Southampton,Stoke,0,1,A,hist-team-southampton,hist-team-stoke,0.6005968102208098,0.2461208577966721,0.1532823319825181,0.6099720916363355,0.243003514163853,0.1470243941998115,0.0238240610342472,0.4671916010498688,0.5328083989501312,0.4654065423175261,0.5345934576824739
E0,1516,2015-11-21,Swansea,Bournemouth,2,2,D,hist-team-swansea,fpl-team-3,0.505011619445553,0.2750639656346095,0.2199244149198375,0.5110979387165363,0.2729815802957634,0.2159204809877002,0.0239350401097908,0.4789473684210527,0.5210526315789473,0.4777999777992177,0.5222000222007822
E0,1516,2015-11-21,Watford,Man United,1,2,A,hist-team-watford,fpl-team-16,0.2346339576850613,0.2902614613307597,0.475104580984179,0.2311878869599332,0.2887393940703542,0.4800727189697125,0.0236400407738983,0.4045801526717557,0.5954198473282442,0.3992098048808561,0.6007901951191439
E0,1516,2015-11-21,West Brom,Arsenal,2,1,H,hist-team-west-brom,fpl-team-1,0.1495451293059388,0.2289686190330164,0.6214862516610445,0.1434649630307822,0.2254347919920249,0.6311002449771929,0.0226576182758435,0.5301837270341206,0.4698162729658792,0.5318048564632609,0.468195143536739
E0,1516,2015-11-22,Tottenham,West Ham,4,1,H,fpl-team-19,hist-team-west-ham,0.6162606090267747,0.2301696250581929,0.1535697659150323,0.6261309648738093,0.2265181588815377,0.147350876244653,0.0236980700865387,0.5572916666666667,0.4427083333333333,0.5604727872513917,0.4395272127486084
E0,1516,2015-11-23,Crystal Palace,Sunderland,0,1,A,fpl-team-8,fpl-team-20,0.6146535685930631,0.2387751958193603,0.1465712355875766,0.6250325214473875,0.2352154879416611,0.1397519906109513,0.0251103604678064,0.5065616797900262,0.4934383202099738,0.5068900892950844,0.4931099107049156
E0,1516,2015-11-28,Aston Villa,Watford,2,3,A,fpl-team-2,hist-team-watford,0.3541599918888776,0.3043739227415593,0.3414660853695629,0.3549260655558027,0.3033094941497813,0.341764440294416,0.0248324493877589,0.4030612244897959,0.596938775510204,0.3972195174738391,0.6027804825261608
E0,1516,2015-11-28,Bournemouth,Everton,3,3,D,fpl-team-3,fpl-team-9,0.3318873223770195,0.2793303856956146,0.3887822919273657,0.3318295900880616,0.2773389055586973,0.3908315043532411,0.0249383782502263,0.5328083989501312,0.4671916010498688,0.5345934576824739,0.4654065423175261
E0,1516,2015-11-28,Crystal Palace,Newcastle,5,1,H,fpl-team-8,fpl-team-17,0.5639277397706071,0.2488349556690146,0.1872373045603784,0.5723752958179844,0.2457081933118554,0.1819165108701601,0.0248060498852282,0.531578947368421,0.4684210526315789,0.5333741239292438,0.4666258760707563
E0,1516,2015-11-28,Leicester,Man United,1,1,D,hist-team-leicester,fpl-team-16,0.3056295250831426,0.2855583323911153,0.4088121425257421,0.3046943901837912,0.2839512963901142,0.4113543134260944,0.0226878193207085,0.4684210526315789,0.531578947368421,0.4666258760707563,0.5333741239292438
E0,1516,2015-11-28,Man City,Southampton,3,1,H,fpl-team-15,hist-team-southampton,0.6094575504840702,0.2283647623532196,0.1621776871627102,0.6187248509680281,0.2248023704578562,0.1564727785741156,0.022759563755244,0.5747422680412371,0.4252577319587629,0.5788150563967673,0.4211849436032326
E0,1516,2015-11-28,Sunderland,Stoke,2,0,H,fpl-team-20,hist-team-stoke,0.3069279260936047,0.2982685175204309,0.3948035563859645,0.3059282631122104,0.29694313605222,0.3971286008355696,0.0255109926220029,0.4190231362467866,0.5809768637532133,0.4144904717974111,0.5855095282025888
E0,1516,2015-11-29,Liverpool,Swansea,1,0,H,fpl-team-14,hist-team-swansea,0.6525431637890806,0.2180121325244983,0.1294447036864209,0.6643232952638578,0.213664820784789,0.1220118839513531,0.025210699532181,0.5289473684210526,0.4710526315789474,0.5305733900309719,0.4694266099690281
E0,1516,2015-11-29,Norwich,Arsenal,1,1,D,hist-team-norwich,fpl-team-1,0.1732663578837497,0.230047622154087,0.5966860199621633,0.1676497661153166,0.2263676371336318,0.6059825967510516,0.0239306034054607,0.5798969072164949,0.4201030927835051,0.5845262440221842,0.4154737559778157
E0,1516,2015-11-29,Tottenham,Chelsea,0,0,D,fpl-team-19,fpl-team-6,0.3753199181009661,0.2854229317294772,0.3392571501695566,0.3768439107205899,0.283686813524176,0.339469275755234,0.0244958101538941,0.5052631578947367,0.4947368421052631,0.5055407801420785,0.4944592198579216
E0,1516,2015-11-29,West Ham,West Brom,1,1,D,hist-team-west-ham,hist-team-west-brom,0.4649295163659827,0.2862178704355148,0.2488526131985024,0.4697385902141159,0.2844875969421482,0.2457738128437357,0.0246524738613516,0.4389610389610389,0.5610389610389611,0.4356234933220219,0.5643765066779782
E0,1516,2015-12-05,Arsenal,Sunderland,3,1,H,fpl-team-1,fpl-team-20,0.7543152506366141,0.1663160361646701,0.0793687131987158,0.7680592036378316,0.160686834674862,0.0712539616873063,0.0226449954789131,0.5897435897435896,0.4102564102564102,0.5951086956466841,0.4048913043533158
E0,1516,2015-12-05,Chelsea,Bournemouth,0,1,A,fpl-team-6,fpl-team-3,0.6972648365769206,0.1945525104094462,0.1081826530136332,0.7099485217375732,0.1896007653436217,0.100450712918805,0.0239194508176296,0.577319587628866,0.4226804123711341,0.581663763067284,0.418336236932716
E0,1516,2015-12-05,Man United,West Ham,0,0,D,fpl-team-16,hist-team-west-ham,0.6681266956493317,0.2181326883056037,0.1137406160450647,0.6797431687988699,0.2140243556167919,0.106232475584338,0.0237522766692563,0.481578947368421,0.5184210526315789,0.4805830628839423,0.5194169371160577
E0,1516,2015-12-05,Southampton,Aston Villa,1,1,D,hist-team-southampton,fpl-team-2,0.6384512477157601,0.2281276640519143,0.1334210882323257,0.6500613155930312,0.224030490312423,0.1259081940945458,0.0259847659617662,0.4921052631578948,0.5078947368421052,0.4916876783688407,0.5083123216311592
E0,1516,2015-12-05,Stoke,Man City,2,0,H,hist-team-stoke,fpl-team-15,0.1883211678832116,0.2467153284671533,0.5649635036496351,0.1832417510932503,0.2436373604812994,0.5731208884254503,0.023831183090806,0.5289473684210526,0.4710526315789474,0.5305733900309719,0.4694266099690281
E0,1516,2015-12-05,Swansea,Leicester,0,3,A,hist-team-swansea,hist-team-leicester,0.3588644884841992,0.2849491162292447,0.3561863952865559,0.3597636809839454,0.2832454139205044,0.3569909050955502,0.0237983148545026,0.5224274406332454,0.4775725593667546,0.5237178414013648,0.4762821585986352
E0,1516,2015-12-05,Watford,Norwich,2,0,H,hist-team-watford,hist-team-norwich,0.4466195396048577,0.2831248867137937,0.2702555736813485,0.450924790747816,0.2812141440016206,0.2678610652505633,0.0256364413071423,0.4749340369393139,0.5250659630606861,0.4734785036314898,0.5265214963685101
E0,1516,2015-12-05,West Brom,Tottenham,1,1,D,hist-team-west-brom,fpl-team-19,0.2144127527830841,0.2726104999670641,0.5129767472498518,0.2101833014341219,0.2704221538802517,0.5193945446856264,0.0241293332073837,0.4401041666666666,0.5598958333333334,0.4367001513590554,0.5632998486409446
E0,1516,2015-12-06,Newcastle,Liverpool,2,0,H,fpl-team-17,fpl-team-14,0.1709847260595318,0.2327060418078507,0.5963092321326174,0.1652126759631994,0.2290669793750594,0.6057203446617411,0.0242695596534758,0.5459317585301837,0.4540682414698162,0.5486327256567128,0.4513672743432872
E0,1516,2015-12-07,Everton,Crystal Palace,1,1,D,fpl-team-9,fpl-team-8,0.4687590105955479,0.2726592525813645,0.2585817368230875,0.473876455345845,0.2703629578969053,0.2557605867572496,0.0254970963578671,0.531578947368421,0.4684210526315789,0.5333741239292438,0.4666258760707563
E0,1516,2015-12-12,Bournemouth,Man United,2,1,H,fpl-team-3,fpl-team-16,0.2866401144580642,0.2910096283979738,0.4223502571439619,0.2849882798478052,0.2895112367649611,0.4255004833872337,0.0238494074437767,0.4412532637075718,0.5587467362924282,0.4377868716462417,0.5622131283537581
E0,1516,2015-12-12,Crystal Palace,Southampton,1,0,H,fpl-team-8,hist-team-southampton,0.3779828905898244,0.2958126969833408,0.3262044124268348,0.3796331665783043,0.2944279906777503,0.3259388427439453,0.0249323759926483,0.4490861618798955,0.5509138381201044,0.4462691502167826,0.5537308497832173
E0,1516,2015-12-12,Man City,Swansea,2,1,H,fpl-team-15,hist-team-swansea,0.7344762972536685,0.171730069501757,0.0937936332445745,0.74860100507959,0.1658930354217542,0.0855059594986557,0.0243271102663129,0.6165413533834586,0.3834586466165413,0.6235453531010199,0.37645464689898
E0,1516,2015-12-12,Norwich,Everton,1,1,D,hist-team-norwich,fpl-team-9,0.3347360063517268,0.2805875347360063,0.3846764589122667,0.3347824410662633,0.2787052588160104,0.3865123001177262,0.0241215594578534,0.5171503957783641,0.4828496042216358,0.5181220029000937,0.4818779970999063
E0,1516,2015-12-12,Sunderland,Watford,0,1,A,fpl-team-20,hist-team-watford,0.3406451612903225,0.2980645161290322,0.3612903225806451,0.3409062475992778,0.2968000370093899,0.3622937153913322,0.0242197535699233,0.4424083769633508,0.5575916230366492,0.4388837958712722,0.5611162041287278
E0,1516,2015-12-12,West Ham,Stoke,0,0,D,hist-team-west-ham,hist-team-stoke,0.3728941758921819,0.2980815512617754,0.3290242728460427,0.3744085154084433,0.2967341325032107,0.328857352088346,0.0258351063821464,0.4337662337662337,0.5662337662337663,0.429956600571458,0.5700433994285419
E0,1516,2015-12-13,Aston Villa,Arsenal,0,2,A,fpl-team-2,fpl-team-1,0.1565480926979262,0.2352077254821059,0.608244181819968,0.1503953636725801,0.2317126645008942,0.6178919718265256,0.0238295304588973,0.5078947368421052,0.4921052631578948,0.5083123216311592,0.4916876783688407
E0,1516,2015-12-13,Liverpool,West Brom,2,2,D,fpl-team-14,hist-team-west-brom,0.6763580719204284,0.215761285386381,0.1078806426931905,0.688746198264108,0.2113802580955489,0.0998735436403431,0.0247941843699663,0.4684210526315789,0.531578947368421,0.4666258760707563,0.5333741239292438
E0,1516,2015-12-13,Tottenham,Newcastle,1,2,A,fpl-team-19,fpl-team-17,0.6947798129644205,0.1919049080163823,0.1133152790191971,0.7083778351796713,0.1864661882414674,0.1051559765788611,0.025846773176454,0.5994897959183673,0.4005102040816326,0.6057053801491125,0.3942946198508875
E0,1516,2015-12-14,Leicester,Chelsea,2,1,H,hist-team-leicester,fpl-team-6,0.3105071512281926,0.2803696924325151,0.4091231563392923,0.3096729371589372,0.2784460028270142,0.4118810600140484,0.024535383330658,0.4986807387862796,0.5013192612137204,0.4986076301868468,0.5013923698131533
E0,1516,2015-12-19,Chelsea,Sunderland,3,1,H,fpl-team-6,fpl-team-20,0.7318962201696037,0.1802225654928911,0.0878812143375051,0.7446494819187555,0.1751784605711772,0.0801720575100672,0.0220700926147401,0.5380577427821522,0.4619422572178477,0.5401884700643199,0.4598115299356801
E0,1516,2015-12-19,Everton,Leicester,2,3,A,fpl-team-9,hist-team-leicester,0.4647028836950024,0.2638894491896828,0.2714076671153148,0.4695538420058979,0.2613269055843055,0.2691192524097965,0.0249064418021589,0.583547557840617,0.416452442159383,0.5883776581158268,0.4116223418841733
E0,1516,2015-12-19,Man United,Norwich,1,2,A,fpl-team-16,hist-team-norwich,0.6576040781648258,0.2192013593882752,0.1231945624468988,0.6693551548736412,0.2149646288899273,0.1156802162364315,0.024777514510788,0.4986807387862796,0.5013192612137204,0.4986076301868468,0.5013923698131533
E0,1516,2015-12-19,Newcastle,Aston Villa,1,1,D,fpl-team-17,fpl-team-2,0.476640057769786,0.2795542860819859,0.2438056561482281,0.4818577766115955,0.2775872631352507,0.2405549602531538,0.0245647891424596,0.4710526315789474,0.5289473684210526,0.4694266099690281,0.5305733900309719
E0,1516,2015-12-19,Southampton,Tottenham,0,2,A,hist-team-southampton,fpl-team-19,0.3640240006108662,0.2916644897860763,0.3443115096030576,0.3651268501082792,0.2901688058701867,0.3447043440215341,0.0242563313804566,0.4736842105263157,0.5263157894736842,0.4722222222264194,0.5277777777735805
E0,1516,2015-12-19,Stoke,Crystal Palace,1,2,A,hist-team-stoke,fpl-team-8,0.3906740546599807,0.2988227878903928,0.3105031574496263,0.3927606799618443,0.297568000876293,0.3096713191618627,0.0245340563124045,0.421188630490956,0.578811369509044,0.4164658194572599,0.5835341805427401
E0,1516,2015-12-19,West Brom,Bournemouth,1,2,A,hist-team-west-brom,fpl-team-3,0.3766293796801331,0.2959230840343902,0.3274475362854765,0.3782171143709764,0.2945532329240213,0.3272296527050022,0.0247361839283257,0.4401041666666666,0.5598958333333334,0.4367001513590554,0.5632998486409446
E0,1516,2015-12-20,Swansea,West Ham,0,0,D,hist-team-swansea,hist-team-west-ham,0.4605352633494209,0.28456955078606,0.254895185864519,0.4651628659681675,0.2827891162570687,0.2520480177747637,0.0245363584253937,0.443864229765013,0.556135770234987,0.4406241369777816,0.5593758630222184
E0,1516,2015-12-20,Watford,Liverpool,3,0,H,hist-team-watford,fpl-team-14,0.2367966862271315,0.2775284777355885,0.4856748360372799,0.2331870119789626,0.275423328667156,0.4913896593538813,0.0253254558192566,0.4554973821989528,0.544502617801047,0.4530282935542051,0.5469717064457948
E0,1516,2015-12-21,Arsenal,Man City,2,1,H,fpl-team-1,fpl-team-15,0.4032910709468573,0.277043431346102,0.3196654977070408,0.4056926756475371,0.2751150947401664,0.3191922296122963,0.0231369554530829,0.5598958333333334,0.4401041666666666,0.5632998486409446,0.4367001513590554
E0,1516,2015-12-26,Aston Villa,West Ham,1,1,D,fpl-team-2,hist-team-west-ham,0.3617618771279812,0.3020424561417748,0.336195666730244,0.3628368749033916,0.3008605936754311,0.3363025314211771,0.0255268039181828,0.4153846153846153,0.5846153846153845,0.4106562703135704,0.5893437296864297
E0,1516,2015-12-26,Bournemouth,Crystal Palace,0,0,D,fpl-team-3,fpl-team-8,0.3938857487615902,0.2862473009018163,0.3198669503365934,0.3960909927283024,0.284535603384203,0.3193734038874945,0.0245591970160603,0.4854881266490765,0.5145118733509234,0.4846711259761405,0.5153288740238595
E0,1516,2015-12-26,Chelsea,Watford,2,2,D,fpl-team-6,hist-team-watford,0.6413265143379656,0.2227451063784542,0.1359283792835801,0.6519780950388747,0.218848917654288,0.1291729873068372,0.0235565464245155,0.536842105263158,0.4631578947368421,0.5389928698823863,0.4610071301176137
E0,1516,2015-12-26,Liverpool,Leicester,1,0,H,fpl-team-14,hist-team-leicester,0.4937347811092416,0.2561580988013,0.2501071200894583,0.4996253749914104,0.2533221241394607,0.2470525008691286,0.0247824729885905,0.5725388601036269,0.427461139896373,0.5767859591534537,0.4232140408465464
E0,1516,2015-12-26,Man City,Sunderland,4,1,H,fpl-team-15,fpl-team-20,0.7910487491144528,0.1385193902211993,0.0704318606643478,0.8062984457211194,0.1318232464715686,0.0618783078073118,0.0233197838533669,0.6713615023474179,0.3286384976525822,0.6823176822981595,0.3176823177018406
E0,1516,2015-12-26,Newcastle,Everton,0,1,A,fpl-team-17,fpl-team-9,0.2942396791369892,0.2763294377982159,0.429430883064795,0.2928161736726947,0.2742606409319785,0.4329231853953267,0.0245003385934978,0.5433070866141733,0.4566929133858268,0.5458104281191385,0.4541895718808615
E0,1516,2015-12-26,Southampton,Arsenal,4,0,H,hist-team-southampton,fpl-team-1,0.2707948348343827,0.2787360323368573,0.45046913282876,0.2683785979188839,0.2766233050692685,0.4549980970118475,0.0260881790891289,0.4907651715039578,0.5092348284960422,0.4902501532117134,0.5097498467882865
E0,1516,2015-12-26,Stoke,Man United,2,0,H,hist-team-stoke,fpl-team-16,0.2964906370752006,0.3002318438521747,0.4032775190726246,0.295105003369068,0.2989860702892769,0.4059089263416551,0.0253714602440595,0.398477157360406,0.6015228426395939,0.3924991265417941,0.6075008734582058
E0,1516,2015-12-26,Swansea,West Brom,1,0,H,hist-team-swansea,hist-team-west-brom,0.4860748386018428,0.2886989950483672,0.22522616634979,0.4917061019791328,0.2870357420834549,0.2212581559374122,0.0248967539519071,0.3888888888888889,0.6111111111111112,0.3819362455758829,0.6180637544241171
E0,1516,2015-12-26,Tottenham,Norwich,3,0,H,fpl-team-19,hist-team-norwich,0.6666666666666667,0.2095238095238095,0.1238095238095238,0.6788016286144712,0.204920420611716,0.1162779507738127,0.0248993977438658,0.5613577023498694,0.4386422976501305,0.5650609080815892,0.4349390919184109
E0,1516,2015-12-28,Arsenal,Bournemouth,2,0,H,fpl-team-1,fpl-team-3,0.6682234380581721,0.2086374490006956,0.1231391129411322,0.6798113879000884,0.2042352434812895,0.115953368618622,0.0236396605614572,0.5809768637532133,0.4190231362467866,0.5855095282025888,0.4144904717974111
E0,1516,2015-12-28,Crystal Palace,Swansea,0,0,D,fpl-team-8,hist-team-swansea,0.460805181768557,0.2881772586890975,0.2510175595423455,0.4653847372811134,0.2865471487748249,0.2480681139440617,0.0242291078902781,0.4237726098191214,0.5762273901808785,0.4193371978686282,0.5806628021313719
E0,1516,2015-12-28,Everton,Stoke,3,4,A,fpl-team-9,hist-team-stoke,0.4951858221174145,0.272281662873678,0.2325325150089075,0.5007622660451828,0.2701677681847315,0.2290699657700856,0.0232405249262228,0.4710526315789474,0.5289473684210526,0.4694266099690281,0.5305733900309719
E0,1516,2015-12-28,Man United,Chelsea,0,0,D,fpl-team-16,fpl-team-6,0.3747825147889944,0.2967998176124023,0.3284176675986033,0.3762081935645243,0.2955449263946703,0.3282468800408054,0.0231849011033773,0.4311688311688311,0.5688311688311688,0.4271056830133036,0.5728943169866965
E0,1516,2015-12-28,Norwich,Aston Villa,2,0,H,hist-team-norwich,fpl-team-2,0.4681267109894407,0.2792334767305436,0.2526398122800157,0.4728490670076485,0.2773324269292411,0.2498185060631103,0.0236201996449381,0.450261780104712,0.549738219895288,0.4473975636840632,0.5526024363159369
E0,1516,2015-12-28,Watford,Tottenham,1,2,A,hist-team-watford,fpl-team-19,0.2616390693158162,0.279234679240564,0.4591262514436197,0.2591312560821711,0.2773362447425076,0.4635324991753212,0.0236111878184601,0.4657894736842106,0.5342105263157895,0.4638195430185368,0.5361804569814632
E0,1516,2015-12-28,West Brom,Newcastle,1,0,H,hist-team-west-brom,fpl-team-17,0.4413201639617019,0.2924084521954835,0.2662713838428145,0.4452525615247003,0.2909134865606192,0.2638339519146804,0.0245545767247676,0.4300518134715025,0.5699481865284974,0.4260679080042366,0.5739320919957633
E0,1516,2015-12-28,West Ham,Southampton,2,1,H,hist-team-west-ham,hist-team-southampton,0.2774106499440364,0.2927278023949342,0.4298615476610294,0.2754238218290155,0.2912811923941168,0.4332949857768676,0.0239738242235034,0.4337662337662337,0.5662337662337663,0.429956600571458,0.5700433994285419
E0,1516,2015-12-29,Leicester,Man City,0,0,D,hist-team-leicester,fpl-team-15,0.2316978613562083,0.2466654234593225,0.5216367151844691,0.2281082399118248,0.2435949820696407,0.5282967780185346,0.0238760695792734,0.6055979643765903,0.3944020356234097,0.6124966115649725,0.3875033884350276
E0,1516,2015-12-30,Sunderland,Liverpool,0,1,A,fpl-team-20,fpl-team-14,0.1829387595382508,0.2553316376442966,0.5617296028174527,0.177695144174315,0.2525615118715175,0.5697433439541675,0.0237488714046776,0.4763157894736842,0.5236842105263159,0.4750131874840955,0.5249868125159045
E0,1516,2016-01-02,Arsenal,Newcastle,1,0,H,fpl-team-1,fpl-team-17,0.7520226393770968,0.1627033649078216,0.0852739957150815,0.7666803968471587,0.1565579260962505,0.0767616770565907,0.0242896997369825,0.6320987654320989,0.3679012345679012,0.640257969816386,0.3597420301836139
E0,1516,2016-01-02,Leicester,Bournemouth,0,0,D,hist-team-leicester,fpl-team-3,0.4965428725210119,0.2663023226928331,0.2371548047861549,0.5024762190187689,0.2638568417964556,0.2336669391847755,0.0245355169754475,0.5342105263157895,0.4657894736842106,0.5361804569814632,0.4638195430185368
E0,1516,2016-01-02,Man United,Swansea,2,1,H,fpl-team-16,hist-team-swansea,0.6232234400757999,0.2383829658289934,0.1383935940952066,0.6337246888264545,0.2348632238922293,0.1314120872813162,0.0246797221479937,0.4300518134715025,0.5699481865284974,0.4260679080042366,0.5739320919957633
E0,1516,2016-01-02,Norwich,Southampton,1,0,H,hist-team-norwich,hist-team-southampton,0.3105581252413185,0.2854531270930682,0.4039887476656134,0.3097295222578717,0.2837197430268233,0.406550734715305,0.0244466383010149,0.4828496042216358,0.5171503957783641,0.4818779970999063,0.5181220029000937
E0,1516,2016-01-02,Sunderland,Aston Villa,3,1,H,fpl-team-20,fpl-team-2,0.3881443174791819,0.2990420056050301,0.3128136769157881,0.3902403645612782,0.2977319616168128,0.3120276738219088,0.0257980125024914,0.4128205128205128,0.5871794871794872,0.4077816051400617,0.5922183948599383
E0,1516,2016-01-02,Watford,Man City,1,2,A,hist-team-watford,fpl-team-15,0.195959017192341,0.2459588695171909,0.5580821132904682,0.1910917401657989,0.2428257992519275,0.5660824605822735,0.0240784182678908,0.5587467362924282,0.4412532637075718,0.5622131283537581,0.4377868716462417
E0,1516,2016-01-02,West Brom,Stoke,2,1,H,hist-team-west-brom,hist-team-stoke,0.3477171073745617,0.3083316745004204,0.3439512181250177,0.3482453613077169,0.307413729709056,0.3443409089832269,0.0248015550896525,0.3844221105527638,0.6155778894472362,0.3772842470397777,0.6227157529602223
E0,1516,2016-01-02,West Ham,Liverpool,2,0,H,hist-team-west-ham,fpl-team-14,0.2469713300280233,0.2787454192713947,0.474283250700582,0.2438367826257662,0.2767514136268571,0.4794118037473767,0.024546172702685,0.4593175853018373,0.5406824146981627,0.4570041608954834,0.5429958391045165
E0,1516,2016-01-03,Crystal Palace,Chelsea,0,3,A,fpl-team-8,fpl-team-6,0.2518162810300348,0.2848906582399498,0.4632930607300154,0.2489285404861996,0.2831634543998513,0.4679080051139491,0.0239452153909951,0.4289405684754521,0.5710594315245477,0.4250395246198356,0.5749604753801645
E0,1516,2016-01-03,Everton,Tottenham,1,1,D,fpl-team-9,fpl-team-19,0.3516927660560169,0.2803198223564134,0.3679874115875698,0.3523597619523606,0.2783899378127266,0.3692503002349128,0.0246208084281533,0.5459317585301837,0.4540682414698162,0.5486327256567128,0.4513672743432872
E0,1516,2016-01-12,Aston Villa,Crystal Palace,1,0,H,fpl-team-2,fpl-team-8,0.3070602980086339,0.3031611196212226,0.3897785823701434,0.3061401971314398,0.3021051537390264,0.3917546491295337,0.0235920948907732,0.4056122448979591,0.5943877551020408,0.4001268658779602,0.5998731341220397
E0,1516,2016-01-12,Bournemouth,West Ham,1,3,A,fpl-team-3,hist-team-west-ham,0.4826732673267326,0.2722772277227722,0.245049504950495,0.4878201027444279,0.2701665616623362,0.2420133355932359,0.023237488232553,0.4698162729658792,0.5301837270341206,0.468195143536739,0.5318048564632609
E0,1516,2016-01-12,Newcastle,Man United,3,3,D,fpl-team-17,fpl-team-16,0.19680162240086,0.2647579837271239,0.538440393872016,0.1924172745116262,0.2625227287666842,0.5450599967216896,0.0217938139103353,0.4479166666666666,0.5520833333333334,0.4451513821865228,0.5548486178134774
E0,1516,2016-01-13,Chelsea,West Brom,2,2,D,fpl-team-6,hist-team-west-brom,0.6630901287553649,0.2210300429184549,0.1158798283261802,0.6746837799166033,0.2169712346697741,0.1083449854136226,0.0240610488690435,0.4763157894736842,0.5236842105263159,0.4750131874840955,0.5249868125159045
E0,1516,2016-01-13,Liverpool,Arsenal,3,3,D,fpl-team-14,fpl-team-1,0.337012084098633,0.2830101477742229,0.379977768127144,0.3371410539328195,0.2812040693295995,0.3816548767375809,0.02425955561921,0.5078947368421052,0.4921052631578948,0.5083123216311592,0.4916876783688407
E0,1516,2016-01-13,Man City,Everton,0,0,D,fpl-team-15,fpl-team-9,0.6364263585816907,0.2093507758492404,0.1542228655690688,0.6471433422609805,0.2049226057876358,0.1479340519513838,0.0240409965626895,0.6363636363636365,0.3636363636363637,0.6447876448154851,0.355212355184515
E0,1516,2016-01-13,Southampton,Watford,2,0,H,hist-team-southampton,hist-team-watford,0.4814372358022423,0.2820253629847454,0.2365374012130123,0.4868336437897552,0.2801439772587114,0.2330223789515334,0.0245895399712026,0.4566929133858268,0.5433070866141733,0.4541895718808615,0.5458104281191385
E0,1516,2016-01-13,Stoke,Norwich,3,1,H,hist-team-stoke,hist-team-norwich,0.4764882690636619,0.287041125941965,0.2364706049943731,0.481734917034356,0.2853317083105413,0.2329333746551027,0.0247354253660887,0.4337662337662337,0.5662337662337663,0.429956600571458,0.5700433994285419
E0,1516,2016-01-13,Swansea,Sunderland,2,4,A,hist-team-swansea,fpl-team-20,0.5413827719515582,0.2669001900937653,0.1917170379546765,0.5490356867663123,0.2644238322255705,0.1865404810081171,0.024894080357626,0.4427083333333333,0.5572916666666667,0.4395272127486084,0.5604727872513917
E0,1516,2016-01-13,Tottenham,Leicester,0,1,A,fpl-team-19,hist-team-leicester,0.5456205768206377,0.2546229358496309,0.1997564873297314,0.5530874685745638,0.2518321050961815,0.1950804263292547,0.0237778052687644,0.5223097112860893,0.4776902887139108,0.5234689933193785,0.4765310066806216
E0,1516,2016-01-16,Aston Villa,Leicester,1,1,D,fpl-team-2,hist-team-leicester,0.2707771549765187,0.2879563702469322,0.4412664747765489,0.2684962467968652,0.2862965191868702,0.4452072340162646,0.0246178491506725,0.4300518134715025,0.5699481865284974,0.4260679080042366,0.5739320919957633
E0,1516,2016-01-16,Bournemouth,Norwich,3,0,H,fpl-team-3,hist-team-norwich,0.5073912040827921,0.2733224824285528,0.219286313488655,0.5136433133002976,0.2711498519608005,0.2152068347389018,0.0242560000624507,0.4581151832460733,0.5418848167539266,0.455831608003748,0.544168391996252
E0,1516,2016-01-16,Chelsea,Everton,3,3,D,fpl-team-6,fpl-team-9,0.5337703822128043,0.2534347438092625,0.2127948739779331,0.5407212003819863,0.2506493615785927,0.2086294380394209,0.0234206567984074,0.5328083989501312,0.4671916010498688,0.5345934576824739,0.4654065423175261
E0,1516,2016-01-16,Man City,Crystal Palace,4,0,H,fpl-team-15,fpl-team-8,0.6919501567158476,0.1905970491552633,0.1174527941288892,0.7045572295368767,0.1854868741665888,0.1099558962965344,0.0240793402772396,0.5861182519280206,0.4138817480719795,0.5912607605804253,0.4087392394195746
E0,1516,2016-01-16,Newcastle,West Ham,2,1,H,fpl-team-17,hist-team-west-ham,0.3812968019032108,0.2854017978317446,0.3333014002650444,0.3830410780852759,0.2836618976120438,0.3332970243026804,0.0245355376973748,0.4868421052631579,0.513157894736842,0.4861399861400877,0.5138600138599122
E0,1516,2016-01-16,Southampton,West Brom,3,0,H,hist-team-southampton,hist-team-west-brom,0.5592256875096021,0.265632201567061,0.1751421109233369,0.566905557655734,0.2632918111306044,0.1698026312136615,0.0230147058609873,0.4179487179487179,0.5820512820512821,0.4135158509252556,0.5864841490747444
E0,1516,2016-01-16,Tottenham,Sunderland,4,1,H,fpl-team-19,fpl-team-20,0.7061628760088041,0.1906639765223771,0.1031731474688188,0.7197402233250664,0.1853299056356426,0.094929871039291,0.0250732076819986,0.5699481865284974,0.4300518134715025,0.5739320919957633,0.4260679080042366
E0,1516,2016-01-17,Liverpool,Man United,0,1,A,fpl-team-14,fpl-team-16,0.4161744093888722,0.2941479621915177,0.2896776284196101,0.4192042893172287,0.2927141708010681,0.288081539881703,0.0246570957824587,0.421188630490956,0.578811369509044,0.4164658194572599,0.5835341805427401
E0,1516,2016-01-17,Stoke,Arsenal,0,0,D,hist-team-stoke,fpl-team-1,0.2318049503134183,0.2745586010916857,0.4936364485948961,0.2280742050502945,0.2723788048742072,0.4995469900754983,0.0248919615987688,0.4750656167979003,0.5249343832020998,0.4737569060807899,0.5262430939192101
E0,1516,2016-01-18,Swansea,Watford,1,0,H,hist-team-swansea,hist-team-watford,0.399105180844535,0.2980816819432621,0.3028131372122027,0.4014663147920147,0.2968166672650041,0.3017170179429811,0.0241973721422255,0.3964646464646465,0.6035353535353536,0.3907336833283123,0.6092663166716877
E0,1516,2016-01-23,Crystal Palace,Tottenham,1,3,A,fpl-team-8,fpl-team-19,0.2739068853657422,0.2888472609311464,0.4372458537031115,0.2717427505629488,0.287222725048303,0.4410345243887483,0.0245820431737229,0.4378238341968911,0.5621761658031088,0.4345567583861699,0.5654432416138302
E0,1516,2016-01-23,Leicester,Stoke,3,0,H,hist-team-leicester,hist-team-stoke,0.4673377783588269,0.2837407940035735,0.2489214276375997,0.4722065402384364,0.2819309683136723,0.2458624914478913,0.0245082466863095,0.4375,0.5625,0.4338624338606041,0.5661375661393959
E0,1516,2016-01-23,Man United,Southampton,0,1,A,fpl-team-16,hist-team-southampton,0.5073437205316462,0.2830285443915415,0.209627735076812,0.5136051121545622,0.2811951392318273,0.2051997486136105,0.0243118798825889,0.401015228426396,0.598984771573604,0.3954087105764803,0.6045912894235197
E0,1516,2016-01-23,Norwich,Liverpool,4,5,A,hist-team-norwich,fpl-team-14,0.2339391908870089,0.2790853505318703,0.4869754585811207,0.2304276392359864,0.2771506898584555,0.492421670905558,0.0239165527746081,0.4464751958224543,0.5535248041775457,0.4434513957758167,0.5565486042241833
E0,1516,2016-01-23,Sunderland,Bournemouth,1,1,D,fpl-team-20,fpl-team-3,0.3239050656239483,0.2921107033541129,0.3839842310219388,0.3235522202995776,0.2905815456260979,0.3858662340743244,0.0250644104089587,0.4464751958224543,0.5535248041775457,0.4434513957758167,0.5565486042241833
E0,1516,2016-01-23,Watford,Newcastle,2,1,H,hist-team-watford,fpl-team-17,0.464816541435858,0.2810837492458728,0.254099709318269,0.4696465083660774,0.2791581965354867,0.2511952950984358,0.0247790531720966,0.4566929133858268,0.5433070866141733,0.4541895718808615,0.5458104281191385
E0,1516,2016-01-23,West Brom,Aston Villa,0,0,D,hist-team-west-brom,fpl-team-2,0.4485278593678815,0.3013767635500276,0.250095377082091,0.4525256954931173,0.3002588427958697,0.247215461711013,0.0233987641986459,0.3722084367245657,0.6277915632754342,0.36429512516568,0.6357048748343199
E0,1516,2016-01-23,West Ham,Man City,2,2,D,hist-team-west-ham,fpl-team-15,0.1917092104342961,0.2466955731170012,0.5615952164487028,0.1867381319551284,0.2436137182443671,0.5696481498005045,0.0238675645086914,0.5535248041775457,0.4464751958224543,0.5565486042241833,0.4434513957758167
E0,1516,2016-01-24,Arsenal,Chelsea,0,1,A,fpl-team-1,fpl-team-6,0.4678788582374367,0.2782719739954434,0.2538491677671199,0.4726475235181092,0.2763150858068197,0.2510373906750711,0.023898318875581,0.4908136482939633,0.5091863517060368,0.4903522796188075,0.5096477203811924
E0,1516,2016-01-24,Everton,Swansea,1,2,A,fpl-team-9,hist-team-swansea,0.5667699874478059,0.253912954376617,0.179317058175577,0.5754841196250695,0.2509077521032049,0.1736081282717256,0.0253011113964021,0.4881889763779528,0.5118110236220472,0.4875930521098033,0.5124069478901967
E0,1516,2016-02-02,Arsenal,Southampton,0,0,D,fpl-team-1,hist-team-southampton,0.5424110930644106,0.2666602021769169,0.1909287047586725,0.5497954381088749,0.2642748566654188,0.1859297052257063,0.0238893317291513,0.4566929133858268,0.5433070866141733,0.4541895718808615,0.5458104281191385
E0,1516,2016-02-02,Crystal Palace,Bournemouth,1,2,A,fpl-team-8,fpl-team-3,0.3945922372437854,0.2993458351504579,0.3060619276057566,0.3967392001214316,0.2981552638892896,0.3051055359892787,0.0236179349012672,0.421188630490956,0.578811369509044,0.4164658194572599,0.5835341805427401
E0,1516,2016-02-02,Leicester,Liverpool,2,0,H,hist-team-leicester,fpl-team-14,0.3697220105098479,0.2908179229010389,0.3394600665891131,0.3710260123640742,0.2892965215340664,0.3396774661018594,0.024180086213164,0.4607329842931937,0.5392670157068064,0.4586275375035324,0.5413724624964675
E0,1516,2016-02-02,Man United,Stoke,3,0,H,fpl-team-16,hist-team-stoke,0.5725771977640489,0.2605460273204255,0.1668767749155256,0.5807253256818035,0.2580224503873484,0.161252223930848,0.0230762881692498,0.4201030927835051,0.5798969072164949,0.4154737559778157,0.5845262440221842
E0,1516,2016-02-02,Norwich,Tottenham,0,3,A,hist-team-norwich,fpl-team-19,0.2185529870909637,0.2623836685679976,0.5190633443410388,0.2145531474602641,0.259888002956814,0.5255588495829219,0.0236118554603308,0.5026315789473684,0.4973684210526315,0.5027701598381817,0.4972298401618182
E0,1516,2016-02-02,Sunderland,Man City,0,1,A,fpl-team-20,fpl-team-15,0.1355913052945998,0.2132014733585467,0.6512072213468535,0.1290851353150713,0.2091476632414333,0.6617672014434953,0.0226164938649162,0.5710594315245477,0.4289405684754521,0.5749604753801645,0.4250395246198356
E0,1516,2016-02-02,West Brom,Swansea,1,1,D,hist-team-west-brom,hist-team-swansea,0.3657351154313487,0.3171324422843256,0.3171324422843256,0.3668790266636934,0.3165604866681532,0.3165604866681532,0.0237997455988079,0.3485576923076923,0.6514423076923078,0.3396742588076116,0.6603257411923884
E0,1516,2016-02-02,West Ham,Aston Villa,2,0,H,hist-team-west-ham,fpl-team-2,0.5079514806892611,0.275996758293587,0.2160517610171518,0.5140746145577013,0.2739680912178529,0.2119572942244457,0.0236757540842518,0.4375,0.5625,0.4338624338606041,0.5661375661393959
E0,1516,2016-02-03,Everton,Newcastle,3,0,H,fpl-team-9,fpl-team-17,0.5774689276288724,0.2364326874907293,0.1860983848803983,0.5864572697170263,0.2328367306317948,0.1807059996511788,0.0249419049359858,0.5809768637532133,0.4190231362467866,0.5855095282025888,0.4144904717974111
E0,1516,2016-02-03,Watford,Chelsea,0,0,D,hist-team-watford,fpl-team-6,0.233048888141578,0.284375131363235,0.4825759804951868,0.2295899846421979,0.2826683527210932,0.4877416626367089,0.0233472862746566,0.4252577319587629,0.5747422680412371,0.4211849436032326,0.5788150563967673
E0,1516,2016-02-06,Aston Villa,Norwich,2,0,H,fpl-team-2,hist-team-norwich,0.4005037783375315,0.2997481108312342,0.2997481108312342,0.4029511317071828,0.2985244341464086,0.2985244341464086,0.0245625015813857,0.416452442159383,0.583547557840617,0.4116223418841733,0.5883776581158268
E0,1516,2016-02-06,Liverpool,Sunderland,2,2,D,fpl-team-14,fpl-team-20,0.6635642042298004,0.2142449448634333,0.1221908509067663,0.6749962804671297,0.2100305738781543,0.1149731456547159,0.0236511260736733,0.536842105263158,0.4631578947368421,0.5389928698823863,0.4610071301176137
E0,1516,2016-02-06,Man City,Leicester,1,3,A,fpl-team-15,hist-team-leicester,0.5979611177992367,0.2356497015957583,0.166389180605005,0.6068650893194175,0.2323247519100502,0.1608101587705322,0.0228035264881327,0.5549738219895288,0.4450261780104712,0.5582685904636263,0.4417314095363737
E0,1516,2016-02-06,Newcastle,West Brom,1,0,H,fpl-team-17,hist-team-west-brom,0.4460361582090223,0.291011395904667,0.2629524458863106,0.4500252308431322,0.2895084629881585,0.2604663061687093,0.0238599707372486,0.4201030927835051,0.5798969072164949,0.4154737559778157,0.5845262440221842
E0,1516,2016-02-06,Southampton,West Ham,1,0,H,hist-team-southampton,hist-team-west-ham,0.5519218856013451,0.2623145225522876,0.1857635918463671,0.5596107277717515,0.2597835134256927,0.1806057588025557,0.0238016104558482,0.4464751958224543,0.5535248041775457,0.4434513957758167,0.5565486042241833
E0,1516,2016-02-06,Stoke,Everton,0,3,A,hist-team-stoke,fpl-team-9,0.3670287006882389,0.2909373846918967,0.3420339146198642,0.3682253411353532,0.2894336666996968,0.3423409921649499,0.0239644614048302,0.4775725593667546,0.5224274406332454,0.4762821585986352,0.5237178414013648
E0,1516,2016-02-06,Swansea,Crystal Palace,1,1,D,hist-team-swansea,fpl-team-8,0.4281108764236182,0.298339767007709,0.2735493565686729,0.4314515895443172,0.2971027462614971,0.2714456641941857,0.0237565058050677,0.3994910941475827,0.6005089058524172,0.3933930692017075,0.6066069307982925
E0,1516,2016-02-06,Tottenham,Watford,1,0,H,fpl-team-19,hist-team-watford,0.6408971182463189,0.2262883190016623,0.1328145627520188,0.6516913884727076,0.2224514999206738,0.1258571116066185,0.0239245558623224,0.5052910052910053,0.4947089947089948,0.5055995744330538,0.4944004255669462
E0,1516,2016-02-07,Bournemouth,Arsenal,0,2,A,fpl-team-3,fpl-team-1,0.2560463267855115,0.2793232655841943,0.4646304076302942,0.2531887010047658,0.2773170679815325,0.4694942310137015,0.0249896070454269,0.467018469656992,0.5329815303430079,0.4650388767684244,0.5349611232315755
E0,1516,2016-02-07,Chelsea,Man United,1,1,D,fpl-team-6,fpl-team-16,0.4572899842147093,0.2931705727020682,0.2495394430832225,0.4615557052398597,0.2917803219499985,0.2466639728101417,0.0231986127328127,0.4030612244897959,0.596938775510204,0.3972195174738391,0.6027804825261608
E0,1516,2016-02-13,Bournemouth,Stoke,1,3,A,fpl-team-3,hist-team-stoke,0.4654216144460003,0.2848102416759106,0.2497681438780891,0.4701409817993111,0.2830689331139556,0.2467900850867332,0.0240954947657883,0.4427083333333333,0.5572916666666667,0.4395272127486084,0.5604727872513917
E0,1516,2016-02-13,Chelsea,Newcastle,5,1,H,fpl-team-6,fpl-team-17,0.6620089494056606,0.2095149202514618,0.1284761303428775,0.6739861551086741,0.2049158456162459,0.1210979992750798,0.0248993274290114,0.5736434108527132,0.4263565891472868,0.5778050778140774,0.4221949221859226
E0,1516,2016-02-13,Crystal Palace,Watford,1,2,A,fpl-team-8,hist-team-watford,0.4287792084839647,0.2988055109122629,0.2724152806037724,0.4320288474912634,0.2976263773934149,0.2703447751153216,0.0229389057494699,0.4045801526717557,0.5954198473282442,0.3992098048808561,0.6007901951191439
E0,1516,2016-02-13,Everton,West Brom,0,1,A,fpl-team-9,hist-team-west-brom,0.6285700258420999,0.2313381208910391,0.1400918532668609,0.6388146692213039,0.2277298927939193,0.1334554379847767,0.0236151285935193,0.4947368421052631,0.5052631578947367,0.4944592198579216,0.5055407801420785
E0,1516,2016-02-13,Norwich,West Ham,2,2,D,hist-team-norwich,hist-team-west-ham,0.3965520640691479,0.2869941364584524,0.3164537994723995,0.3987279209726643,0.2854018102337772,0.3158702687935584,0.0231933677569031,0.4749340369393139,0.5250659630606861,0.4734785036314898,0.5265214963685101
E0,1516,2016-02-13,Sunderland,Man United,2,1,H,fpl-team-20,fpl-team-16,0.1912119748913568,0.2655721873491067,0.5432158377595365,0.1863830620446883,0.2632281948394762,0.5503887431158355,0.0231050325091928,0.4401041666666666,0.5598958333333334,0.4367001513590554,0.5632998486409446
E0,1516,2016-02-13,Swansea,Southampton,0,1,A,hist-team-swansea,hist-team-southampton,0.3069534648155872,0.3001966275397724,0.3928499076446404,0.3060222362852017,0.2990282186632433,0.3949495450515549,0.0237754471600055,0.3924050632911393,0.6075949367088608,0.385752688155324,0.614247311844676
E0,1516,2016-02-14,Arsenal,Leicester,2,1,H,fpl-team-1,hist-team-leicester,0.555363182356857,0.2418290313047579,0.2028077863383851,0.563104808532106,0.2386218278903565,0.1982733635775374,0.0235696203308179,0.5380577427821522,0.4619422572178477,0.5401884700643199,0.4598115299356801
E0,1516,2016-02-14,Aston Villa,Liverpool,0,6,A,fpl-team-2,fpl-team-14,0.207910950809906,0.273441622984948,0.518647426205146,0.203470261583161,0.2712882466299604,0.5252414917868785,0.0240411757258698,0.4252577319587629,0.5747422680412371,0.4211849436032326,0.5788150563967673
E0,1516,2016-02-14,Man City,Tottenham,1,2,A,fpl-team-15,fpl-team-19,0.4642080454033812,0.2708976128982904,0.2648943416983284,0.4686570109189886,0.2687739958274226,0.2625689932535888,0.0229072847869247,0.5509138381201044,0.4490861618798955,0.5537308497832173,0.4462691502167826
E0,1516,2016-02-27,Leicester,Norwich,1,0,H,hist-team-leicester,hist-team-norwich,0.6190979175727798,0.2248610360995473,0.1560410463276728,0.6294838077558913,0.2208667354370717,0.149649456807037,0.0247038253583014,0.544502617801047,0.4554973821989528,0.5469717064457948,0.4530282935542051
E0,1516,2016-02-27,Southampton,Chelsea,1,2,A,hist-team-southampton,fpl-team-6,0.3360462106012556,0.2953449614911655,0.3686088279075787,0.3361476273131036,0.2938974475711968,0.3699549251156996,0.0257627374958246,0.4375,0.5625,0.4338624338606041,0.5661375661393959
E0,1516,2016-02-27,Stoke,Aston Villa,2,1,H,hist-team-stoke,fpl-team-2,0.5699344559176587,0.2622012510695564,0.1678642930127848,0.5788373836257877,0.2594706680508579,0.1616919483233544,0.0255364733748137,0.416452442159383,0.583547557840617,0.4116223418841733,0.5883776581158268
E0,1516,2016-02-27,Watford,Bournemouth,0,0,D,hist-team-watford,fpl-team-3,0.3999134629252737,0.2943462444512107,0.3057402926235157,0.4026312612516183,0.2927563075483155,0.3046124312000662,0.0275567260105162,0.4389610389610389,0.5610389610389611,0.4356234933220219,0.5643765066779782
E0,1516,2016-02-27,West Brom,Crystal Palace,3,2,H,hist-team-west-brom,fpl-team-8,0.3520714043758443,0.3096393458680064,0.3382892497561493,0.3527925185209342,0.3087281992800066,0.3384792821990591,0.0259898235090076,0.3859649122807017,0.6140350877192983,0.3794063079762464,0.6205936920237535
E0,1516,2016-02-27,West Ham,Sunderland,1,0,H,hist-team-west-ham,fpl-team-20,0.5173035778940785,0.2658766992528225,0.216819722853099,0.524219770254745,0.2633223566418004,0.2124578731034545,0.0254071403760463,0.4907651715039578,0.5092348284960422,0.4902501532117134,0.5097498467882865
E0,1516,2016-02-28,Tottenham,Swansea,2,1,H,fpl-team-19,hist-team-swansea,0.6558393537743898,0.2227089140451675,0.1214517321804425,0.6681950867710666,0.2183521411922555,0.1134527720366779,0.0262429197318851,0.4828496042216358,0.5171503957783641,0.4818779970999063,0.5181220029000937
E0,1516,2016-02-28,Man United,Arsenal,3,2,H,fpl-team-16,fpl-team-1,0.3007435870067954,0.2969960033680814,0.402260409625123,0.299559900421438,0.2956770647821349,0.404763034796427,0.024476064601913,0.416452442159383,0.583547557840617,0.4116223418841733,0.5883776581158268
E0,1516,2016-03-01,Aston Villa,Everton,1,3,A,fpl-team-2,fpl-team-9,0.2174196587080178,0.2710046737437049,0.5115756675482772,0.2135287268215059,0.268888833426038,0.5175824397524562,0.0227412963286042,0.4750656167979003,0.5249343832020998,0.4737569060807899,0.5262430939192101
E0,1516,2016-03-01,Bournemouth,Southampton,2,0,H,fpl-team-3,hist-team-southampton,0.3337095876812725,0.302128238689354,0.3641621736293735,0.3337208265782506,0.3011076405585737,0.3651715328631757,0.0220620655454695,0.4143222506393862,0.5856777493606138,0.4096986360394484,0.5903013639605514
E0,1516,2016-03-01,Leicester,West Brom,2,2,D,hist-team-leicester,hist-team-west-brom,0.5631533518749401,0.2608612256641412,0.1759854224609187,0.5707669309669879,0.2584249995279845,0.1708080695050274,0.0224161897785961,0.4453125,0.5546875,0.442344123214856,0.557655876785144
E0,1516,2016-03-01,Norwich,Chelsea,1,2,A,hist-team-norwich,fpl-team-6,0.1823773351119346,0.2466079132876031,0.5710147516004621,0.177636032570371,0.2438439848344737,0.5785199825951552,0.021343823056668,0.5184210526315789,0.481578947368421,0.5194169371160577,0.4805830628839423
E0,1516,2016-03-01,Sunderland,Crystal Palace,2,2,D,fpl-team-20,fpl-team-8,0.3889324680881409,0.2953005776224773,0.3157669542893817,0.3907975188342261,0.2940262790765849,0.3151762020891889,0.0225976380752399,0.4352331606217616,0.5647668393782384,0.4317387505491079,0.5682612494508922
E0,1516,2016-03-02,Arsenal,Swansea,1,2,A,fpl-team-1,hist-team-swansea,0.7019622419427278,0.1948303365392061,0.1032074215180659,0.7149820627171921,0.1898061598047571,0.0952117774780507,0.0242874247487634,0.536842105263158,0.4631578947368421,0.5389928698823863,0.4610071301176137
E0,1516,2016-03-02,Liverpool,Man City,3,0,H,fpl-team-14,fpl-team-15,0.3713442929601784,0.2865930429152127,0.3420626641246088,0.372691808111613,0.2849384651825024,0.3423697267058845,0.0239218794740736,0.4921052631578948,0.5078947368421052,0.4916876783688407,0.5083123216311592
E0,1516,2016-03-02,Man United,Watford,1,0,H,fpl-team-16,hist-team-watford,0.5794299276035196,0.2576979462387621,0.1628721261577184,0.5878403977775197,0.2550651251740059,0.1570944770484743,0.0231683407910168,0.4464751958224543,0.5535248041775457,0.4434513957758167,0.5565486042241833
E0,1516,2016-03-02,Stoke,Newcastle,1,0,H,hist-team-stoke,fpl-team-17,0.4842262270342359,0.2813940021408391,0.2343797708249249,0.4896413411215078,0.2795178362316862,0.2308408226468059,0.0242162831127643,0.4619422572178477,0.5380577427821522,0.4598115299356801,0.5401884700643199
E0,1516,2016-03-02,West Ham,Tottenham,1,0,H,hist-team-west-ham,fpl-team-19,0.2453499237867165,0.2750464563487975,0.4796036198644859,0.2422340135320653,0.2729701772859612,0.4847958091819734,0.0239416083786636,0.4802110817941952,0.5197889182058046,0.4790818318735306,0.5209181681264694
E0,1516,2016-03-05,Chelsea,Stoke,1,1,D,fpl-team-6,hist-team-stoke,0.6360041636933794,0.2255333913806309,0.1384624449259897,0.6468559266780645,0.2215941866773378,0.1315498866445976,0.024428071686998,0.5210526315789473,0.4789473684210527,0.5222000222007822,0.4777999777992177
E0,1516,2016-03-05,Everton,West Ham,2,3,A,fpl-team-9,hist-team-west-ham,0.5619208087615838,0.244313395113732,0.1937657961246841,0.5698832751988877,0.2411898275287014,0.1889268972724108,0.0235590378288179,0.549738219895288,0.450261780104712,0.5526024363159369,0.4473975636840632
E0,1516,2016-03-05,Man City,Aston Villa,4,0,H,fpl-team-15,fpl-team-2,0.792175994445358,0.1437080889473588,0.0641159166072831,0.8069521468065969,0.1373630473149769,0.0556848058784262,0.0225903750397264,0.6165413533834586,0.3834586466165413,0.6235453531010199,0.37645464689898
E0,1516,2016-03-05,Newcastle,Bournemouth,1,3,A,fpl-team-17,fpl-team-3,0.3627362880708623,0.2890898295837478,0.3481738823453897,0.3637865319915486,0.2875109427228484,0.3487025252856029,0.0241175252012908,0.4921052631578948,0.5078947368421052,0.4916876783688407,0.5083123216311592
E0,1516,2016-03-05,Southampton,Sunderland,1,1,D,hist-team-southampton,fpl-team-20,0.6000024982200182,0.2458773124149044,0.1541201893650773,0.6095609815284836,0.2426829310396841,0.1477560874318322,0.0243510899599641,0.481578947368421,0.5184210526315789,0.4805830628839423,0.5194169371160577
E0,1516,2016-03-05,Swansea,Norwich,1,0,H,hist-team-swansea,hist-team-norwich,0.4777901382403582,0.2827160581303895,0.2394938036292522,0.4827809384609077,0.2809574689322448,0.2362615926068475,0.0232981696026399,0.4490861618798955,0.5509138381201044,0.4462691502167826,0.5537308497832173
E0,1516,2016-03-05,Tottenham,Arsenal,2,2,D,fpl-team-19,fpl-team-1,0.4057686311194262,0.2833177424384159,0.3109136264421577,0.4081502400178252,0.281675829294666,0.3101739306875086,0.0221442375332117,0.5263157894736842,0.4736842105263157,0.5277777777735805,0.4722222222264194
E0,1516,2016-03-05,Watford,Leicester,0,1,A,hist-team-watford,hist-team-leicester,0.324610467439073,0.2936476228525769,0.38174190970835,0.3242988381870999,0.2922416649198304,0.3834594968930698,0.0239219123031944,0.4476439790575916,0.5523560209424083,0.4445691638172663,0.5554308361827337
E0,1516,2016-03-06,Crystal Palace,Liverpool,1,2,A,fpl-team-8,fpl-team-14,0.2632016770372342,0.2818354240841181,0.4549628988786477,0.2607736130574383,0.2800464788472906,0.459179908095271,0.0233669895678758,0.4566929133858268,0.5433070866141733,0.4541895718808615,0.5458104281191385
E0,1516,2016-03-06,West Brom,Man United,1,0,H,hist-team-west-brom,fpl-team-16,0.2328157926266307,0.2875134788461403,0.479670728527229,0.2292725858795545,0.2858790510848757,0.4848483630355697,0.0238724497612565,0.4128205128205128,0.5871794871794872,0.4077816051400617,0.5922183948599383
E0,1516,2016-03-12,Bournemouth,Swansea,3,2,H,fpl-team-3,hist-team-swansea,0.4898169950840665,0.285971000123931,0.2242120047920023,0.4952782938110953,0.2843021569763246,0.22041954921258,0.0235525574535131,0.4201030927835051,0.5798969072164949,0.4154737559778157,0.5845262440221842
E0,1516,2016-03-12,Norwich,Man City,0,0,D,hist-team-norwich,fpl-team-15,0.1631986944104447,0.2390860873113015,0.5977152182782538,0.157463470321501,0.2358425600953178,0.6066939695831812,0.0230262411059811,0.5289473684210526,0.4710526315789474,0.5305733900309719,0.4694266099690281
E0,1516,2016-03-12,Stoke,Southampton,1,2,A,hist-team-stoke,hist-team-southampton,0.3557900870860176,0.3036679724173654,0.3405419404966169,0.3566012356181195,0.3025973337565238,0.3408014306253566,0.0243773190304636,0.398477157360406,0.6015228426395939,0.3924991265417941,0.6075008734582058
E0,1516,2016-03-13,Aston Villa,Tottenham,0,2,A,fpl-team-2,fpl-team-19,0.1367240424858211,0.223701074208022,0.6395748833061569,0.1295889753089021,0.2195979184774481,0.6508131062136496,0.0250255384016782,0.4986807387862796,0.5013192612137204,0.4986076301868468,0.5013923698131533
E0,1516,2016-03-14,Leicester,Newcastle,1,0,H,hist-team-leicester,fpl-team-17,0.6003310649255104,0.2339525473606768,0.1657163877138127,0.609792223693096,0.2303884419996979,0.1598193343072061,0.0240397374145686,0.5433070866141733,0.4566929133858268,0.5458104281191385,0.4541895718808615
E0,1516,2016-03-19,Chelsea,West Ham,2,2,D,fpl-team-6,hist-team-west-ham,0.5534755034943677,0.2518459962990245,0.1946785002066078,0.5617292544679671,0.2487627096723876,0.1895080358596451,0.0253801567014306,0.5184210526315789,0.481578947368421,0.5194169371160577,0.4805830628839423
E0,1516,2016-03-19,Crystal Palace,Leicester,0,1,A,fpl-team-8,hist-team-leicester,0.3246516483957755,0.2917881379753443,0.38356021362888,0.3243189916659266,0.2902118642630672,0.3854691440710061,0.0256452490575611,0.4427083333333333,0.5572916666666667,0.4395272127486084,0.5604727872513917
E0,1516,2016-03-19,Everton,Arsenal,0,2,A,fpl-team-9,fpl-team-1,0.3637592108296305,0.2738646932108137,0.3623760959595559,0.3648675480285156,0.2716986585948234,0.363433793376661,0.0246443646028637,0.5572916666666667,0.4427083333333333,0.5604727872513917,0.4395272127486084
E0,1516,2016-03-19,Swansea,Aston Villa,1,0,H,hist-team-swansea,fpl-team-2,0.5738777986103453,0.2553986985772581,0.1707235028123966,0.5827657774447583,0.2524713035044806,0.164762919050761,0.0250609510112553,0.4401041666666666,0.5598958333333334,0.4367001513590554,0.5632998486409446
E0,1516,2016-03-19,Watford,Stoke,1,2,A,hist-team-watford,hist-team-stoke,0.398363152641186,0.3012936502570995,0.3003431971017144,0.4007908502732931,0.300097439583014,0.299111710143693,0.0251744650304317,0.3999999999999999,0.6,0.3945147679287147,0.6054852320712854
E0,1516,2016-03-19,West Brom,Norwich,0,1,A,hist-team-west-brom,hist-team-norwich,0.4267573783799455,0.2973965480585245,0.27584607356153,0.4302784533161644,0.2960386168772839,0.2736829298065515,0.0254201767966151,0.4020356234096692,0.5979643765903307,0.3963102612601198,0.6036897387398802
E0,1516,2016-03-20,Man City,Man United,0,1,A,fpl-team-15,fpl-team-16,0.5209548864346738,0.2633556470097937,0.2156894665555324,0.5277790151425943,0.2607932665276945,0.2114277183297111,0.0245722972322255,0.4907651715039578,0.5092348284960422,0.4902501532117134,0.5097498467882865
E0,1516,2016-03-20,Newcastle,Sunderland,1,1,D,fpl-team-17,fpl-team-20,0.4512179148937763,0.2850508384508587,0.2637312466553651,0.4556244117821263,0.2832416005034314,0.2611339877144423,0.0252135954797267,0.4710526315789474,0.5289473684210526,0.4694266099690281,0.5305733900309719
E0,1516,2016-03-20,Southampton,Liverpool,3,2,H,hist-team-southampton,fpl-team-14,0.3647093072621633,0.2965393432879271,0.3387513494499097,0.3658840388849886,0.2951635084571395,0.3389524526578719,0.0252754765097051,0.4263565891472868,0.5736434108527132,0.4221949221859226,0.5778050778140774
E0,1516,2016-03-20,Tottenham,Bournemouth,3,0,H,fpl-team-19,fpl-team-3,0.6220362886051508,0.2244612079164812,0.1535025034783678,0.6329265608232518,0.2202951787998367,0.1467782603769114,0.025668750051409,0.5471204188481674,0.4528795811518324,0.5497828912734765,0.4502171087265234
E0,1516,2016-04-02,Arsenal,Watford,4,0,H,fpl-team-1,hist-team-watford,0.7056007770221677,0.1893759540715559,0.1050232689062763,0.7193882796557977,0.1839077017874959,0.0967040185567064,0.025500452844426,0.5610389610389611,0.4389610389610389,0.5643765066779782,0.4356234933220219
E0,1516,2016-04-02,Aston Villa,Chelsea,0,4,A,fpl-team-2,fpl-team-6,0.1555502785281051,0.2399695251664737,0.6044801963054212,0.1493849342007098,0.2366500450569636,0.6139650207423266,0.0237513573374599,0.4789473684210527,0.5210526315789473,0.4777999777992177,0.5222000222007822
E0,1516,2016-04-02,Bournemouth,Man City,0,4,A,fpl-team-3,fpl-team-15,0.2631482432333309,0.2721704687156165,0.4646812880510526,0.2605561716435747,0.2699076806826049,0.4695361476738203,0.0249309686478227,0.5236842105263159,0.4763157894736842,0.5249868125159045,0.4750131874840955
E0,1516,2016-04-02,Liverpool,Tottenham,1,1,D,fpl-team-14,fpl-team-19,0.3863512594954069,0.2857148535789386,0.3279338869256546,0.3882351482820046,0.2840259516618894,0.3277389000561059,0.0239611668512225,0.4921052631578948,0.5078947368421052,0.4916876783688407,0.5083123216311592
E0,1516,2016-04-02,Norwich,Newcastle,3,2,H,hist-team-norwich,fpl-team-17,0.4368623081677973,0.2894710734972031,0.2736666183349995,0.4407070494998581,0.2878393623502008,0.2714535881499411,0.0250435811467468,0.4453125,0.5546875,0.442344123214856,0.557655876785144
E0,1516,2016-04-02,Stoke,Swansea,2,2,D,hist-team-stoke,hist-team-swansea,0.4421084337349397,0.291144578313253,0.2667469879518072,0.4459199831416603,0.2896621946627789,0.2644178221955607,0.0236170829739421,0.4128205128205128,0.5871794871794872,0.4077816051400617,0.5922183948599383
E0,1516,2016-04-02,Sunderland,West Brom,0,0,D,fpl-team-20,hist-team-west-brom,0.4582914905591665,0.2915126300804485,0.2501958793603849,0.4628431156047023,0.2899805709054582,0.2471763134898394,0.0245704823173582,0.3964646464646465,0.6035353535353536,0.3907336833283123,0.6092663166716877
E0,1516,2016-04-02,West Ham,Crystal Palace,2,2,D,hist-team-west-ham,fpl-team-8,0.489754376441851,0.2720857646899172,0.2381598588682317,0.4952303813090914,0.2699328150778909,0.2348368036130174,0.0236139884218573,0.4842105263157894,0.5157894736842105,0.4833629103791193,0.5166370896208807
E0,1516,2016-04-03,Leicester,Southampton,1,0,H,hist-team-leicester,hist-team-southampton,0.43141916114858,0.2897982815010218,0.2787825573503982,0.4349760187617523,0.2882178289016105,0.2768061523366372,0.0244460561079904,0.4226804123711341,0.577319587628866,0.418336236932716,0.581663763067284
E0,1516,2016-04-03,Man United,Everton,1,0,H,fpl-team-16,fpl-team-9,0.4635338400711962,0.2825087901025633,0.2539573698262404,0.4681053263449852,0.2807183796316792,0.2511762940233356,0.023671644506976,0.4619422572178477,0.5380577427821522,0.4598115299356801,0.5401884700643199
E0,1516,2016-04-09,Aston Villa,Bournemouth,1,2,A,fpl-team-2,fpl-team-3,0.2739895387541607,0.2838040893961008,0.4422063718497385,0.2717096073344431,0.2818975876182736,0.4463928050472833,0.0259415798354893,0.4464751958224543,0.5535248041775457,0.4434513957758167,0.5565486042241833
E0,1516,2016-04-09,Crystal Palace,Norwich,1,0,H,fpl-team-8,hist-team-norwich,0.4594360664469523,0.2855953926562136,0.2549685408968341,0.4642562673540236,0.2837634011181504,0.251980331527826,0.0257954618427902,0.4427083333333333,0.5572916666666667,0.4395272127486084,0.5604727872513917
E0,1516,2016-04-09,Man City,West Brom,2,1,H,fpl-team-15,hist-team-west-brom,0.7165305838647515,0.1875956056181337,0.0958738105171146,0.7305875061190829,0.182085424225751,0.0873270696551662,0.025335116777569,0.5535248041775457,0.4464751958224543,0.5565486042241833,0.4434513957758167
E0,1516,2016-04-09,Southampton,Newcastle,3,1,H,hist-team-southampton,fpl-team-17,0.6082459929070988,0.2372159372337685,0.1545380698591326,0.6192521005329155,0.2332968332670884,0.1474510661999961,0.0272633067797869,0.4854881266490765,0.5145118733509234,0.4846711259761405,0.5153288740238595
E0,1516,2016-04-09,Swansea,Chelsea,1,0,H,hist-team-swansea,fpl-team-6,0.252458427559312,0.2832643666364899,0.4642772058041982,0.2494225009810168,0.2813728983775815,0.4692046006414017,0.0253912337357178,0.4490861618798955,0.5509138381201044,0.4462691502167826,0.5537308497832173
E0,1516,2016-04-09,Watford,Everton,1,1,D,hist-team-watford,fpl-team-9,0.2836981444319425,0.2862616818816288,0.4300401736864288,0.2817760748133873,0.2844379867130727,0.4337859384735401,0.0261305507738143,0.4554973821989528,0.544502617801047,0.4530282935542051,0.5469717064457948
E0,1516,2016-04-09,West Ham,Arsenal,3,3,D,hist-team-west-ham,fpl-team-1,0.2558029675119709,0.2635975177685684,0.4805995147194606,0.2528752975317044,0.2609600342013046,0.4861646682669909,0.0255032988497987,0.544502617801047,0.4554973821989528,0.5469717064457948,0.4530282935542051
E0,1516,2016-04-10,Liverpool,Stoke,4,1,H,fpl-team-14,hist-team-stoke,0.5978593627690328,0.2382447084718702,0.1638959287590969,0.6080763275451189,0.2345175400682368,0.1574061323866443,0.0262477786745876,0.5013192612137204,0.4986807387862796,0.5013923698131533,0.4986076301868468
E0,1516,2016-04-10,Sunderland,Leicester,0,2,A,fpl-team-20,hist-team-leicester,0.2790725186324381,0.282384952088016,0.4385425292795457,0.2770261520853259,0.2804623087751505,0.4425115391395235,0.0254438365809619,0.4490861618798955,0.5509138381201044,0.4462691502167826,0.5537308497832173
E0,1516,2016-04-10,Tottenham,Man United,3,0,H,fpl-team-19,fpl-team-16,0.4979623333092189,0.2717451590344594,0.2302925076563216,0.5042480761181628,0.2693799307392913,0.2263719931425458,0.0257904266472905,0.450261780104712,0.549738219895288,0.4473975636840632,0.5526024363159369
E0,1516,2016-04-13,Crystal Palace,Everton,0,0,D,fpl-team-8,fpl-team-9,0.3339356704011565,0.2883989880737261,0.3776653415251175,0.3339553236254649,0.2867126198260652,0.3793320565484699,0.0253755054436624,0.481578947368421,0.5184210526315789,0.4805830628839423,0.5194169371160577
E0,1516,2016-04-16,Chelsea,Man City,0,3,A,fpl-team-6,fpl-team-15,0.3568637352859839,0.2835792182183265,0.3595570464956894,0.3577251277223403,0.2817573849393757,0.3605174873382841,0.0247632993850857,0.5157894736842105,0.4842105263157894,0.5166370896208807,0.4833629103791193
E0,1516,2016-04-16,Everton,Southampton,1,1,D,fpl-team-9,hist-team-southampton,0.3682495998202701,0.2898986211351062,0.3418517790446235,0.369503907899699,0.2883403906727259,0.3421557014275749,0.0242441346636042,0.4789473684210527,0.5210526315789473,0.4777999777992177,0.5222000222007822
E0,1516,2016-04-16,Man United,Aston Villa,1,0,H,fpl-team-16,fpl-team-2,0.7775887447044632,0.1583500258255777,0.0640612294699591,0.7926377700156939,0.152142074485429,0.055220155498877,0.0237969232257455,0.5406824146981627,0.4593175853018373,0.5429958391045165,0.4570041608954834
E0,1516,2016-04-16,Newcastle,Swansea,3,0,H,fpl-team-17,hist-team-swansea,0.4201427844916942,0.2864036398787224,0.2934535756295833,0.4232699616480431,0.2847140377341222,0.2920160006178346,0.0242817006073892,0.4593175853018373,0.5406824146981627,0.4570041608954834,0.5429958391045165
E0,1516,2016-04-16,Norwich,Sunderland,0,3,A,hist-team-norwich,fpl-team-20,0.4079226098008756,0.2919079226098008,0.3001694675893235,0.4105599219815897,0.2904441380594195,0.2989959399589906,0.0238282678183168,0.443864229765013,0.556135770234987,0.4406241369777816,0.5593758630222184
E0,1516,2016-04-16,West Brom,Watford,0,1,A,hist-team-west-brom,hist-team-watford,0.4078018080231026,0.3039032582082993,0.2882949337685981,0.4104517529640447,0.3028542300976592,0.286694016938296,0.0239838366396725,0.3834586466165413,0.6165413533834586,0.37645464689898,0.6235453531010199
E0,1516,2016-04-17,Arsenal,Crystal Palace,1,1,D,fpl-team-1,fpl-team-8,0.7114423953947727,0.1833332326594222,0.1052243719458052,0.7252116045469488,0.1777438207445155,0.0970445747085357,0.0250667200889438,0.5907928388746803,0.4092071611253197,0.5960497835526194,0.4039502164473806
E0,1516,2016-04-17,Bournemouth,Liverpool,1,2,A,fpl-team-3,fpl-team-14,0.2750192542925747,0.2782358537579849,0.4467448919494405,0.272816375655731,0.2761532071683733,0.4510304171758956,0.0254882803419604,0.4842105263157894,0.5157894736842105,0.4833629103791193,0.5166370896208807
E0,1516,2016-04-17,Leicester,West Ham,2,2,D,hist-team-leicester,hist-team-west-ham,0.4992134242265338,0.2670861737458486,0.2337004020276175,0.5052257106115571,0.2646750252376875,0.2300992641507552,0.0244637371506541,0.4973684210526315,0.5026315789473684,0.4972298401618182,0.5027701598381817
E0,1516,2016-04-18,Stoke,Tottenham,0,4,A,hist-team-stoke,fpl-team-19,0.2135568607621196,0.2631114914362026,0.5233316478016777,0.2091333941560164,0.260488109853583,0.5303784959904004,0.0250665806233882,0.4828496042216358,0.5171503957783641,0.4818779970999063,0.5181220029000937
E0,1516,2016-04-19,Newcastle,Man City,1,1,D,fpl-team-17,fpl-team-15,0.1635440773989396,0.2260302579145722,0.6104256646864882,0.1580878673065362,0.2225254880438366,0.6193866446496271,0.0219147817697376,0.5710594315245477,0.4289405684754521,0.5749604753801645,0.4250395246198356
E0,1516,2016-04-20,Liverpool,Everton,4,0,H,fpl-team-14,fpl-team-9,0.564667530161687,0.2385720314933127,0.1967604383450002,0.5729094594907799,0.2351758891062512,0.1919146514029688,0.0241027001757174,0.5520833333333334,0.4479166666666666,0.5548486178134774,0.4451513821865228
E0,1516,2016-04-20,Man United,Crystal Palace,2,0,H,fpl-team-16,fpl-team-8,0.6237816586109823,0.2333461950305141,0.1428721463585034,0.6341044751484771,0.2297233635579026,0.1361721612936203,0.024187751347199,0.481578947368421,0.5184210526315789,0.4805830628839423,0.5194169371160577
E0,1516,2016-04-20,West Ham,Watford,3,1,H,hist-team-west-ham,hist-team-watford,0.6193343479123934,0.2292728114867994,0.1513928406008072,0.6296428592864031,0.2254636813897237,0.1448934593238733,0.0245077572762966,0.5249343832020998,0.4750656167979003,0.5262430939192101,0.4737569060807899
E0,1516,2016-04-21,Arsenal,West Brom,2,0,H,fpl-team-1,hist-team-west-brom,0.7628291239215919,0.1624423177005093,0.0747285583778989,0.7783916657099758,0.1560060744710439,0.0656022598189803,0.0253319572657346,0.5846153846153845,0.4153846153846153,0.5893437296864297,0.4106562703135704
E0,1516,2016-04-23,Aston Villa,Southampton,2,4,A,fpl-team-2,hist-team-southampton,0.1431670281995661,0.2386117136659435,0.6182212581344902,0.1361289132928186,0.2349888795859314,0.6288822071212499,0.0254919272847473,0.4657894736842106,0.5342105263157895,0.4638195430185368,0.5361804569814632
E0,1516,2016-04-23,Bournemouth,Chelsea,1,4,A,fpl-team-3,fpl-team-6,0.3180600330667213,0.2772593291164714,0.4046806378168072,0.3174715187092426,0.2751218250820492,0.4074066562087082,0.0257815273944288,0.5342105263157895,0.4657894736842106,0.5361804569814632,0.4638195430185368
E0,1516,2016-04-23,Liverpool,Newcastle,2,2,D,fpl-team-14,fpl-team-17,0.6134069771761879,0.2226652961646583,0.1639277266591536,0.6241862416869437,0.2183585775240396,0.1574551807890167,0.0261660445248708,0.5897435897435896,0.4102564102564102,0.5951086956466841,0.4048913043533158
E0,1516,2016-04-23,Man City,Stoke,4,0,H,fpl-team-15,hist-team-stoke,0.7346870753531779,0.173653308719842,0.0916596159269799,0.7487284975716298,0.167912507733687,0.0833589946946831,0.0241824323311448,0.5824742268041238,0.4175257731958763,0.5874030372563693,0.4125969627436305
E0,1516,2016-04-24,Leicester,Swansea,4,0,H,hist-team-leicester,hist-team-swansea,0.550910043481993,0.2647428820066244,0.1843470745113825,0.5588710686429343,0.2621959301386767,0.178933001218389,0.0247764429077506,0.4375,0.5625,0.4338624338606041,0.5661375661393959
E0,1516,2016-04-24,Sunderland,Arsenal,0,0,D,fpl-team-20,fpl-team-1,0.2058707643814027,0.2513790386130811,0.5427501970055162,0.2014465800295466,0.2485053106588159,0.5500481093116375,0.0235474122455343,0.5471204188481674,0.4528795811518324,0.5497828912734765,0.4502171087265234
E0,1516,2016-04-25,Tottenham,West Brom,1,1,D,fpl-team-19,hist-team-west-brom,0.7787867184508507,0.1534926973360319,0.0677205842131174,0.796163946266751,0.1461428010014449,0.057693252731804,0.0275606929790228,0.5651041666666667,0.4348958333333333,0.5689864510489147,0.4310135489510853
E0,1516,2016-04-30,Arsenal,Norwich,1,0,H,fpl-team-1,hist-team-norwich,0.7592784794230755,0.15971467179851,0.0810068487784144,0.7736308549471388,0.1536894421394558,0.0726797029134053,0.0233960947953164,0.6253101736972705,0.3746898263027295,0.6327131294020147,0.3672868705979853
E0,1516,2016-04-30,Everton,Bournemouth,2,1,H,fpl-team-9,fpl-team-3,0.4816735490892794,0.2598674733506194,0.2584589775601011,0.4870235631043165,0.2572175034103262,0.2557589334853571,0.0243264578748494,0.583547557840617,0.416452442159383,0.5883776581158268,0.4116223418841733
E0,1516,2016-04-30,Newcastle,Crystal Palace,1,0,H,fpl-team-17,fpl-team-8,0.4789962725829751,0.2746981505591125,0.2463055768579122,0.4843093711554366,0.2725521207842899,0.2431385080602734,0.0246085441904142,0.4724409448818897,0.5275590551181102,0.4709784411221318,0.5290215588778682
E0,1516,2016-04-30,Stoke,Sunderland,1,1,D,hist-team-stoke,fpl-team-20,0.3551638095855342,0.2974496905278849,0.3473864998865809,0.3559814024589317,0.2961065349430417,0.3479120625980265,0.0253035199129953,0.4581151832460733,0.5418848167539266,0.455831608003748,0.544168391996252
E0,1516,2016-04-30,Watford,Aston Villa,3,2,H,hist-team-watford,fpl-team-2,0.5605372308907762,0.2547896504048982,0.1846731187043254,0.5688823189265989,0.2518697486789055,0.1792479323944955,0.0248748627491295,0.4750656167979003,0.5249343832020998,0.4737569060807899,0.5262430939192101
E0,1516,2016-04-30,West Brom,West Ham,0,3,A,hist-team-west-brom,hist-team-west-ham,0.2498297076769228,0.2823519181437412,0.4678183741793359,0.246869100132809,0.2805328357941499,0.472598064073041,0.0239671936724334,0.443864229765013,0.556135770234987,0.4406241369777816,0.5593758630222184
E0,1516,2016-05-01,Man United,Leicester,1,1,D,fpl-team-16,hist-team-leicester,0.4644150901972264,0.285045190091112,0.2505397197116615,0.4693174803695019,0.2832310673264484,0.2474514523040496,0.025235223583877,0.4352331606217616,0.5647668393782384,0.4317387505491079,0.5682612494508922
E0,1516,2016-05-01,Southampton,Man City,4,2,H,hist-team-southampton,fpl-team-15,0.3554019000811108,0.2851727821010111,0.3594253178178781,0.3562159078386633,0.283395676227274,0.3603884159340627,0.0249551858287304,0.5078947368421052,0.4921052631578948,0.5083123216311592,0.4916876783688407
E0,1516,2016-05-01,Swansea,Liverpool,3,1,H,hist-team-swansea,fpl-team-14,0.31219523713945,0.2808836204351984,0.4069211424253515,0.3114041578241787,0.2789339058759698,0.4096619362998515,0.0251201055943965,0.4973684210526315,0.5026315789473684,0.4972298401618182,0.5027701598381817
E0,1516,2016-05-02,Chelsea,Tottenham,2,2,D,fpl-team-6,fpl-team-19,0.355102269229693,0.2774560004476902,0.3674417303226168,0.355918189453215,0.2753586897387186,0.3687231208080664,0.0254016672261059,0.5303430079155673,0.4696569920844328,0.5321426574931143,0.4678573425068856
E0,1516,2016-05-07,Aston Villa,Newcastle,0,0,D,fpl-team-2,fpl-team-17,0.1750422941079653,0.2396935936905555,0.5852641122014791,0.1694004685911192,0.2362974045568545,0.5943021268520262,0.0243158303201198,0.5105263157894737,0.4894736842105264,0.5110852455382258,0.4889147544617743
E0,1516,2016-05-07,Bournemouth,West Brom,1,1,D,fpl-team-3,hist-team-west-brom,0.4971295710597849,0.2750688116526763,0.2278016172875386,0.5029341303913432,0.2729907063331728,0.224075163275484,0.0239164717495441,0.4947368421052631,0.5052631578947367,0.4944592198579216,0.5055407801420785
E0,1516,2016-05-07,Crystal Palace,Stoke,2,1,H,fpl-team-8,hist-team-stoke,0.4693504117108875,0.2785910338517841,0.2520585544373285,0.4743574767258123,0.2765694838973665,0.2490730393768211,0.0248336510267108,0.4581151832460733,0.5418848167539266,0.455831608003748,0.544168391996252
E0,1516,2016-05-07,Leicester,Everton,3,1,H,hist-team-leicester,fpl-team-9,0.5100502512562813,0.2550251256281406,0.2349246231155779,0.5164141944718553,0.2521985849829633,0.2313872205451813,0.0243082963861525,0.5824742268041238,0.4175257731958763,0.5874030372563693,0.4125969627436305
E0,1516,2016-05-07,Norwich,Man United,0,1,A,hist-team-norwich,fpl-team-16,0.2176395708310602,0.2714311693035097,0.51092925986543,0.2136441928555927,0.2692684767361137,0.5170873304082936,0.0234069206053391,0.4776902887139108,0.5223097112860893,0.4765310066806216,0.5234689933193785
E0,1516,2016-05-07,Sunderland,Chelsea,3,2,H,fpl-team-20,fpl-team-6,0.3300965506347859,0.2773194858530614,0.3925839635121527,0.3299763561107121,0.2753196622746078,0.3947039816146799,0.0241341390646994,0.5289473684210526,0.4710526315789474,0.5305733900309719,0.4694266099690281
E0,1516,2016-05-07,West Ham,Swansea,1,4,A,hist-team-west-ham,hist-team-swansea,0.6663555762949138,0.2062529164722352,0.1273915072328511,0.6786013148664402,0.2014908932423014,0.1199077918912584,0.0251404698938131,0.577319587628866,0.4226804123711341,0.581663763067284,0.418336236932716
E0,1516,2016-05-08,Liverpool,Watford,2,0,H,fpl-team-14,hist-team-watford,0.6391471268072668,0.215459099308332,0.1453937738844011,0.6505316274475529,0.2110062320781031,0.1384621404743441,0.0253646478522568,0.5871794871794872,0.4128205128205128,0.5922183948599383,0.4077816051400617
E0,1516,2016-05-08,Man City,Arsenal,2,2,D,fpl-team-15,fpl-team-1,0.3837895952376212,0.2774921854779302,0.3387182192844487,0.3856828653540578,0.2754012186105187,0.3389159160354235,0.0253347236430272,0.5572916666666667,0.4427083333333333,0.5604727872513917,0.4395272127486084
E0,1516,2016-05-08,Tottenham,Southampton,1,2,A,fpl-team-19,hist-team-southampton,0.4814909696426284,0.2662994748302805,0.2522095555270911,0.4868776480335494,0.2638585975835202,0.2492637543829303,0.0245265464764088,0.5354330708661418,0.4645669291338583,0.5373878364892272,0.4626121635107728
E0,1516,2016-05-10,West Ham,Man United,3,2,H,hist-team-west-ham,fpl-team-16,0.3240291404505586,0.281268696696086,0.3947021628533553,0.3237316431109303,0.2796235401167737,0.3966448167722958,0.0213179502170532,0.5118110236220472,0.4881889763779528,0.5124069478901967,0.4875930521098033
E0,1516,2016-05-11,Liverpool,Chelsea,1,1,D,fpl-team-14,fpl-team-6,0.4842913693624217,0.2585512188737048,0.2571574117638735,0.4896943961575993,0.255874287875149,0.2544313159672515,0.0241405784618109,0.577319587628866,0.4226804123711341,0.581663763067284,0.418336236932716
E0,1516,2016-05-11,Norwich,Watford,4,2,H,hist-team-norwich,hist-team-watford,0.5240807302441043,0.2606084505585436,0.2153108191973521,0.5309448461848759,0.2579750703678477,0.2110800834472764,0.0243091742740944,0.5013192612137204,0.4986807387862796,0.5013923698131533,0.4986076301868468
E0,1516,2016-05-11,Sunderland,Everton,3,0,H,fpl-team-20,fpl-team-9,0.552297524913912,0.2494712057705137,0.1982312693155742,0.5598869909921045,0.2465432536779172,0.1935697553299784,0.0234308606013655,0.5523560209424083,0.4476439790575916,0.5554308361827337,0.4445691638172663
E0,1516,2016-05-15,Arsenal,Aston Villa,4,0,H,fpl-team-1,fpl-team-2,0.826205010341624,0.1186186968655265,0.0551762927928494,0.8454374059269174,0.1098168520035826,0.0447457420694999,0.0281215868890285,0.6952595936794582,0.3047404063205418,0.7080327080638863,0.2919672919361138
E0,1516,2016-05-15,Chelsea,Leicester,1,1,D,fpl-team-6,hist-team-leicester,0.4180884468437253,0.266268619777568,0.3156429333787065,0.4211734747596536,0.2638340587024602,0.314992466537886,0.0245503049809485,0.5798969072164949,0.4201030927835051,0.5845262440221842,0.4154737559778157
E0,1516,2016-05-15,Everton,Norwich,3,0,H,fpl-team-9,hist-team-norwich,0.5438104147178048,0.2379170564390396,0.2182725288431556,0.5517563046987366,0.2343058845055477,0.2139378107957157,0.0255286910105496,0.596938775510204,0.4030612244897959,0.6027804825261608,0.3972195174738391
E0,1516,2016-05-15,Newcastle,Tottenham,5,1,H,fpl-team-17,fpl-team-19,0.2173299248349803,0.2478919455148994,0.5347781296501202,0.2129866259027673,0.244670313443473,0.5423430606537597,0.0253866908606141,0.5725388601036269,0.427461139896373,0.5767859591534537,0.4232140408465464
E0,1516,2016-05-15,Southampton,Crystal Palace,4,1,H,hist-team-southampton,fpl-team-8,0.7149472493163889,0.1797504426447632,0.1053023080388479,0.7296072366570703,0.1737119004799114,0.0966808628630182,0.0264983233064413,0.5824742268041238,0.4175257731958763,0.5874030372563693,0.4125969627436305
E0,1516,2016-05-15,Stoke,West Ham,2,1,H,hist-team-stoke,hist-team-west-ham,0.2822084052361469,0.2649142968372744,0.4528772979265786,0.2802507982693437,0.2623034688316886,0.4574457328989676,0.0257837944664061,0.5865633074935401,0.41343669250646,0.592235682807812,0.4077643171921881
E0,1516,2016-05-15,Swansea,Man City,1,1,D,hist-team-swansea,fpl-team-15,0.1576734407848633,0.2116327960756832,0.6306937631394534,0.1511817337784341,0.2070571922137335,0.6417610740078323,0.0253180360887199,0.6155778894472362,0.3844221105527638,0.6227157529602223,0.3772842470397777
E0,1516,2016-05-15,Watford,Sunderland,2,2,D,hist-team-watford,fpl-team-20,0.4711964979130005,0.2629328524265914,0.2658706496604081,0.4763799109519384,0.2602866681336495,0.2633334209144121,0.0253677053842693,0.5511811023622047,0.4488188976377953,0.554302422726646,0.4456975772733539
E0,1516,2016-05-15,West Brom,Liverpool,1,1,D,hist-team-west-brom,fpl-team-14,0.4000291477436102,0.2727992468853273,0.3271716053710626,0.4025187936722483,0.2705452688859028,0.3269359374418488,0.0251898532733321,0.5485564304461943,0.4514435695538058,0.5514632246504734,0.4485367753495266
E0,1516,2016-05-17,Man United,Bournemouth,3,1,H,fpl-team-16,fpl-team-3,0.5751481949712037,0.2369096783256074,0.1879421267031886,0.5836741532847495,0.2334851285126654,0.1828407182025851,0.023865562165156,0.5699481865284974,0.4300518134715025,0.5739320919957633,0.4260679080042366
