league,season,date,home_team_raw,away_team_raw,home_goals,away_goals,result,home_team_id,away_team_id,prob_home_proportional,prob_draw_proportional,prob_away_proportional,prob_home_shin,prob_draw_shin,prob_away_shin,shin_z,prob_over25_proportional,prob_under25_proportional,prob_over25_shin,prob_under25_shin
E0,1617,2016-08-13,Burnley,Swansea,0,1,A,hist-team-burnley,hist-team-swansea,0.3935643858046297,0.2979319182259347,0.3085036959694356,0.3956050644372438,0.2967333543702004,0.3076615811925557,0.0228241188451647,0.411764705882353,0.588235294117647,0.4068322981224806,0.5931677018775194
E0,1617,2016-08-13,Crystal Palace,West Brom,0,1,A,fpl-team-8,hist-team-west-brom,0.4749546670814084,0.2955600250258919,0.2294853078926997,0.4799513137334619,0.2942120923703974,0.2258365938961406,0.0238086422905325,0.3781094527363184,0.6218905472636816,0.3710526315929315,0.6289473684070686
E0,1617,2016-08-13,Everton,Tottenham,1,1,D,fpl-team-9,fpl-team-19,0.3065798535027859,0.2881111876291242,0.40530895886809,0.3056750609234788,0.2865866481707096,0.4077382909058116,0.0227364317979663,0.4633507853403141,0.5366492146596858,0.4614165633234023,0.5385834366765977
E0,1617,2016-08-13,Hull,Leicester,2,1,H,hist-team-hull,hist-team-leicester,0.2296630509801498,0.2792113476930684,0.4911256013267819,0.2262689295723798,0.2774220586897458,0.4963090117378744,0.0221477972809225,0.4326424870466321,0.5673575129533679,0.4289093046652558,0.5710906953347442
E0,1617,2016-08-13,Man City,Sunderland,2,1,H,fpl-team-15,fpl-team-20,0.7667628280444577,0.1568663723495207,0.0763707996060216,0.7807504496628925,0.150992507327987,0.0682570430091204,0.0224267796147614,0.6184538653366584,0.3815461346633417,0.6251844823976718,0.3748155176023282
E0,1617,2016-08-13,Middlesbrough,Stoke,1,1,D,hist-team-middlesbrough,hist-team-stoke,0.4141739245081084,0.3027663815233324,0.2830596939685593,0.4168890585002578,0.3017375898292146,0.2813733516705275,0.0226234151050448,0.3834586466165413,0.6165413533834586,0.37645464689898,0.6235453531010199
E0,1617,2016-08-13,Southampton,Watford,1,1,D,hist-team-southampton,hist-team-watford,0.5248860691627201,0.2683406308640872,0.2067732999731927,0.5315510002844828,0.2660583147263853,0.2023906849891318,0.0235034802462905,0.4593175853018373,0.5406824146981627,0.4570041608954834,0.5429958391045165
E0,1617,2016-08-14,Arsenal,Liverpool,3,4,A,fpl-team-1,fpl-team-14,0.4054534676941316,0.2797866034380556,0.3147599288678127,0.4078675951467111,0.2779975106044877,0.3141348942488011,0.0225510541349649,0.5236842105263159,0.4763157894736842,0.5249868125159045,0.4750131874840955
E0,1617,2016-08-14,Bournemouth,Man United,1,3,A,fpl-team-3,fpl-team-16,0.2127023223082336,0.2726952850105559,0.5146023926812103,0.2087043163616935,0.2706597533965015,0.5206359302418049,0.0224629875738173,0.4619422572178477,0.5380577427821522,0.4598115299356801,0.5401884700643199
E0,1617,2016-08-15,Chelsea,West Ham,2,1,H,fpl-team-6,hist-team-west-ham,0.5836128955828267,0.2410894581248956,0.1752976462922776,0.5919553933937294,0.2379827973528452,0.1700618092534254,0.0225645403843373,0.5275590551181102,0.4724409448818897,0.5290215588778682,0.4709784411221318
E0,1617,2016-08-19,Man United,Southampton,2,0,H,fpl-team-16,hist-team-southampton,0.6329891764746354,0.2307298676837999,0.1362809558415645,0.6417695737419367,0.2276708726018238,0.1305595536562395,0.019887056434527,0.4894736842105264,0.5105263157894737,0.4889147544617743,0.5110852455382258
E0,1617,2016-08-20,Burnley,Liverpool,2,0,H,hist-team-burnley,fpl-team-14,0.1487981372947116,0.2339295899278718,0.6172722727774166,0.1426498127665972,0.2305331656443469,0.6268170215890557,0.0228311207611113,0.5092348284960422,0.4907651715039578,0.5097498467882865,0.4902501532117134
E0,1617,2016-08-20,Leicester,Arsenal,0,0,D,hist-team-leicester,fpl-team-1,0.3337626394102978,0.2752582687090674,0.3909790918806345,0.3337728390649715,0.2733673148912542,0.3928598460437743,0.0219873490277677,0.5610389610389611,0.4389610389610389,0.5643765066779782,0.4356234933220219
E0,1617,2016-08-20,Stoke,Man City,1,4,A,hist-team-stoke,fpl-team-15,0.1870176218704072,0.2508294088603099,0.5621529692692829,0.1819966703115768,0.2479539147196905,0.5700494149687326,0.0233457500580698,0.5380577427821522,0.4619422572178477,0.5401884700643199,0.4598115299356801
E0,1617,2016-08-20,Swansea,Hull,0,2,A,hist-team-swansea,hist-team-hull,0.5355423730367572,0.2707968496428801,0.1936607773203627,0.5420354972011909,0.2687644247086477,0.1892000780901614,0.0216860879445448,0.4237726098191214,0.5762273901808785,0.4193371978686282,0.5806628021313719
E0,1617,2016-08-20,Tottenham,Crystal Palace,1,0,H,fpl-team-19,fpl-team-8,0.6575402595264875,0.2142876738635428,0.1281720666099695,0.667596477628931,0.2105305355836292,0.1218729867874397,0.0211119542364031,0.5354330708661418,0.4645669291338583,0.5373878364892272,0.4626121635107728
E0,1617,2016-08-20,Watford,Chelsea,1,2,A,hist-team-watford,fpl-team-6,0.1831128486160075,0.261160948026109,0.5557262033578834,0.1779859936682422,0.2586490210136014,0.5633649853181564,0.0232393275946378,0.4554973821989528,0.544502617801047,0.4530282935542051,0.5469717064457948
E0,1617,2016-08-20,West Brom,Everton,1,2,A,hist-team-west-brom,fpl-team-9,0.3222673812178541,0.3038521022911196,0.3738805164910261,0.3218985414775079,0.3028729318451894,0.3752285266773026,0.022397231310606,0.3974683544303797,0.6025316455696202,0.3916126960469293,0.6083873039530707
E0,1617,2016-08-21,Sunderland,Middlesbrough,1,2,A,fpl-team-20,hist-team-middlesbrough,0.3799528602369728,0.3030003822142948,0.3170467575487323,0.3814900198622247,0.3020010604770075,0.3165089196607678,0.0222088987939059,0.3974683544303797,0.6025316455696202,0.3916126960469293,0.6083873039530707
E0,1617,2016-08-21,West Ham,Bournemouth,1,0,H,hist-team-west-ham,fpl-team-3,0.4936295643310698,0.2645418107188605,0.2418286249500695,0.4989032463973881,0.2622732407199029,0.2388235128827088,0.0221752257784828,0.531578947368421,0.4684210526315789,0.5333741239292438,0.4666258760707563
E0,1617,2016-08-27,Chelsea,Burnley,3,0,H,fpl-team-6,hist-team-burnley,0.7634914603610714,0.1668469100439404,0.0696616295949882,0.7787824322137871,0.1606560215616914,0.0605615462245214,0.024907608050853,0.5485564304461943,0.4514435695538058,0.5514632246504734,0.4485367753495266
E0,1617,2016-08-27,Crystal Palace,Bournemouth,1,1,D,fpl-team-8,fpl-team-3,0.4136964544307936,0.2913532956509552,0.294950249918251,0.4164669881129821,0.2899064415297368,0.293626570357281,0.0232267719693481,0.4375,0.5625,0.4338624338606041,0.5661375661393959
E0,1617,2016-08-27,Everton,Stoke,1,0,H,fpl-team-9,hist-team-stoke,0.5547437979700848,0.2606992711771982,0.1845569308527168,0.5626513592446724,0.2580706789556211,0.1792779617997065,0.0241752170259132,0.4814814814814815,0.5185185185185185,0.4803767660946392,0.5196232339053608
E0,1617,2016-08-27,Hull,Man United,0,1,A,hist-team-hull,fpl-team-16,0.1224755393878575,0.223203085800301,0.6543213748118414,0.1152351353896209,0.2192761749105053,0.6654886896998736,0.02376373950392,0.4775725593667546,0.5224274406332454,0.4762821585986352,0.5237178414013648
E0,1617,2016-08-27,Leicester,Swansea,2,1,H,hist-team-leicester,hist-team-swansea,0.5547174473918787,0.258567482253125,0.1867150703549963,0.5626326919330761,0.2558617893864605,0.1815055186804634,0.0241980935679748,0.4566929133858268,0.5433070866141733,0.4541895718808615,0.5458104281191385
E0,1617,2016-08-27,Southampton,Sunderland,1,1,D,hist-team-southampton,fpl-team-20,0.5980462807270398,0.2466170229802226,0.1553366962927376,0.6069209046984559,0.2436588826089981,0.1494202126925459,0.0227437994908541,0.4540682414698162,0.5459317585301837,0.4513672743432872,0.5486327256567128
E0,1617,2016-08-27,Tottenham,Liverpool,1,1,D,fpl-team-19,fpl-team-14,0.4034962930539216,0.2788006456378409,0.3177030613082374,0.4058776294620471,0.2769534572060233,0.3171689133319294,0.0228702328167855,0.5394736842105263,0.4605263157894737,0.541811846683402,0.458188153316598
E0,1617,2016-08-27,Watford,Arsenal,1,3,A,hist-team-watford,fpl-team-1,0.1868080534404634,0.2571121595739711,0.5560797869855656,0.1818752881520949,0.2545024196379431,0.5636222922099621,0.0228992190677672,0.4947089947089948,0.5052910052910053,0.4944004255669462,0.5055995744330538
E0,1617,2016-08-28,Man City,West Ham,3,1,H,fpl-team-15,hist-team-west-ham,0.7447144881094985,0.1657799208313318,0.0895055910591697,0.7597289318111067,0.1594939418546815,0.0807771263342118,0.0253101882990449,0.6330049261083743,0.3669950738916256,0.6410179406088484,0.3589820593911514
E0,1617,2016-08-28,West Brom,Middlesbrough,0,0,D,hist-team-west-brom,hist-team-middlesbrough,0.3733144985231796,0.3123153974573006,0.3143701040195197,0.3746903071707235,0.3115922546226995,0.3137174382065769,0.0231891084695234,0.3669950738916256,0.6330049261083743,0.3589820593911514,0.6410179406088484
E0,1617,2016-09-10,Arsenal,Southampton,2,1,H,fpl-team-1,hist-team-southampton,0.6094383501428006,0.2305586047528185,0.1600030451043807,0.6187111684297945,0.2270647473723617,0.1542240841978437,0.0227791806682944,0.5301837270341206,0.4698162729658792,0.5318048564632609,0.468195143536739
E0,1617,2016-09-10,Bournemouth,West Brom,1,0,H,fpl-team-3,hist-team-west-brom,0.4743190729897488,0.2948075469043977,0.2308733801058536,0.4789000222775517,0.2935433623608526,0.2275566153615957,0.0219037707429379,0.3959390862944162,0.6040609137055837,0.3895712130861784,0.6104287869138215
E0,1617,2016-09-10,Burnley,Hull,1,1,D,hist-team-burnley,hist-team-hull,0.3974621045348764,0.3050584942449211,0.2974794012202025,0.3995566427543768,0.3041343808126422,0.2963089764329809,0.0219936617650091,0.3914141414141414,0.6085858585858586,0.3848882345068753,0.6151117654931246
E0,1617,2016-09-10,Liverpool,Leicester,4,1,H,fpl-team-14,hist-team-leicester,0.578049832635298,0.2429272714366061,0.1790228959280959,0.5857269915408638,0.2400648111281065,0.1742081973310297,0.0212102344958111,0.5418848167539266,0.4581151832460733,0.544168391996252,0.455831608003748
E0,1617,2016-09-10,Man United,Man City,1,2,A,fpl-team-16,fpl-team-15,0.4133984906594086,0.2941976988741803,0.2924038104664109,0.4159371973193718,0.2929566116573474,0.2911061910232808,0.0213443335378542,0.4528795811518324,0.5471204188481674,0.4502171087265234,0.5497828912734765
E0,1617,2016-09-10,Middlesbrough,Crystal Palace,1,2,A,hist-team-middlesbrough,fpl-team-8,0.4220822725445531,0.3041672249765509,0.2737505024788959,0.4249645052906233,0.3032165853635455,0.2718189093458313,0.0218705383595079,0.38,0.62,0.3726655348293075,0.6273344651706926
E0,1617,2016-09-10,Stoke,Tottenham,0,4,A,hist-team-stoke,fpl-team-19,0.2184762720442247,0.261455210807023,0.5200685171487522,0.2146437120719643,0.2590356712781401,0.5263206166498955,0.0225927736610174,0.4881266490765172,0.5118733509234827,0.4874616884948173,0.5125383115051826
E0,1617,2016-09-10,West Ham,Watford,2,4,A,hist-team-west-ham,hist-team-watford,0.5089675471247833,0.2710648692902528,0.2199675835849638,0.5148563318116298,0.2689628936591945,0.2161807745291756,0.0226214763242751,0.4763157894736842,0.5236842105263159,0.4750131874840955,0.5249868125159045
E0,1617,2016-09-11,Swansea,Chelsea,2,2,D,hist-team-swansea,fpl-team-6,0.1761858013152409,0.241867157976842,0.581947040707917,0.1713645863174214,0.2390184824015549,0.5896169312810237,0.020858269650489,0.5210526315789473,0.4789473684210527,0.5222000222007822,0.4777999777992177
E0,1617,2016-09-12,Sunderland,Everton,0,3,A,fpl-team-20,fpl-team-9,0.2666593054712086,0.2774802627946779,0.4558604317341136,0.2644506348216982,0.2756266420909852,0.4599227230873166,0.0223334261681884,0.4788359788359788,0.5211640211640212,0.4775640126772842,0.5224359873227157
E0,1617,2016-09-16,Chelsea,Liverpool,1,2,A,fpl-team-6,fpl-team-14,0.4284160491364613,0.2785942516060803,0.2929896992574584,0.4310634556083788,0.2770714348721972,0.2918651095194239,0.0187215993646532,0.5483028720626633,0.4516971279373368,0.5509221029460813,0.4490778970539186
E0,1617,2016-09-17,Everton,Middlesbrough,3,1,H,fpl-team-9,hist-team-middlesbrough,0.5812996764788114,0.2504293645404801,0.1682709589807085,0.5891603542948275,0.2477654911313293,0.1630741545738431,0.0214538399595767,0.4763157894736842,0.5236842105263159,0.4750131874840955,0.5249868125159045
E0,1617,2016-09-17,Hull,Arsenal,1,4,A,hist-team-hull,fpl-team-1,0.161224903670655,0.2364631920502941,0.6023119042790509,0.1556054493840916,0.2332361186330578,0.6111584319828506,0.0222934046760201,0.5065963060686015,0.4934036939313984,0.5069630124784155,0.4930369875215845
E0,1617,2016-09-17,Leicester,Burnley,3,0,H,hist-team-leicester,hist-team-burnley,0.6483731727665131,0.2236811878075616,0.1279456394259252,0.6582481077931438,0.2201749451473141,0.121576947059542,0.0213347380049526,0.5118733509234827,0.4881266490765172,0.5125383115051826,0.4874616884948173
E0,1617,2016-09-17,Man City,Bournemouth,4,0,H,fpl-team-15,fpl-team-3,0.7500718525175754,0.1649642562237966,0.084963891258628,0.762973275282308,0.1596160003587868,0.0774107243589051,0.0213741869665682,0.6363636363636365,0.3636363636363637,0.6447876448154851,0.355212355184515
E0,1617,2016-09-17,West Brom,West Ham,4,2,H,hist-team-west-brom,hist-team-west-ham,0.3508366715988787,0.3021400988848388,0.3470232295162823,0.3514086322297609,0.3011210550806656,0.3474703126895735,0.0220408965833485,0.4289405684754521,0.5710594315245477,0.4250395246198356,0.5749604753801645
E0,1617,2016-09-18,Crystal Palace,Stoke,4,1,H,fpl-team-8,hist-team-stoke,0.4720106172145467,0.2860243441628446,0.2419650386226085,0.4765110249778674,0.2844806813177437,0.2390082937043889,0.02186741377227,0.4412532637075718,0.5587467362924282,0.4377868716462417,0.5622131283537581
E0,1617,2016-09-18,Southampton,Swansea,1,0,H,hist-team-southampton,hist-team-swansea,0.5712505738081186,0.2579841301068922,0.1707652960849892,0.5786853250950555,0.2555951920489743,0.1657194828559701,0.0211370622273534,0.4710526315789474,0.5289473684210526,0.4694266099690281,0.5305733900309719
E0,1617,2016-09-18,Tottenham,Sunderland,1,0,H,fpl-team-19,fpl-team-20,0.7218970620635484,0.1821865450748613,0.0959163928615903,0.7339150284536211,0.1773992381838816,0.0886857333624974,0.0212433275301009,0.5699481865284974,0.4300518134715025,0.5739320919957633,0.4260679080042366
E0,1617,2016-09-18,Watford,Man United,3,1,H,hist-team-watford,fpl-team-16,0.1690911335159452,0.2427206903887112,0.5881881760953434,0.1638654276785545,0.2397845359058705,0.5963500364155748,0.0216780824121087,0.503957783641161,0.4960422163588391,0.5041773420969614,0.4958226579030386
E0,1617,2016-09-24,Arsenal,Chelsea,3,0,H,fpl-team-1,fpl-team-6,0.4084770076054889,0.2798603404877256,0.3116626519067854,0.4108088652483788,0.2782036826282343,0.3109874521233869,0.0208890109788626,0.5392670157068064,0.4607329842931937,0.5413724624964675,0.4586275375035324
E0,1617,2016-09-24,Bournemouth,Everton,1,0,H,fpl-team-3,fpl-team-9,0.2702308412110138,0.2772599671384679,0.4525091916505183,0.2682418068958423,0.2754905049842501,0.4562676881199076,0.0212325449101626,0.4960422163588391,0.503957783641161,0.4958226579030386,0.5041773420969614
E0,1617,2016-09-24,Liverpool,Hull,5,1,H,fpl-team-14,hist-team-hull,0.7862433880478413,0.1448968177369133,0.0688597942152452,0.8005823494286273,0.1387302096861838,0.0606874408851888,0.0221089239930734,0.6130653266331658,0.3869346733668342,0.6197572919035071,0.3802427080964928
E0,1617,2016-09-24,Man United,Leicester,4,1,H,fpl-team-16,hist-team-leicester,0.56243054249517,0.2504573509548804,0.1871121065499495,0.5692143969915398,0.24798265981579,0.18280294319267,0.0199899387080222,0.5105263157894737,0.4894736842105264,0.5110852455382258,0.4889147544617743
E0,1617,2016-09-24,Middlesbrough,Tottenham,1,2,A,hist-team-middlesbrough,fpl-team-19,0.259514435695538,0.2832458442694663,0.4572397200349956,0.2572421614884671,0.2816981016730022,0.4610597368385307,0.0207543591968715,0.4464751958224543,0.5535248041775457,0.4434513957758167,0.5565486042241833
E0,1617,2016-09-24,Stoke,West Brom,1,1,D,hist-team-stoke,hist-team-west-brom,0.4112439012083079,0.293925855771582,0.29483024302011,0.4137695330638786,0.2926484702514378,0.2935819966846835,0.0218263850547373,0.4415584415584415,0.5584415584415584,0.4384404924803881,0.5615595075196119
E0,1617,2016-09-24,Sunderland,Crystal Palace,2,3,A,fpl-team-20,fpl-team-8,0.3414123648576055,0.2951903831538066,0.3633972519885877,0.3416651192741601,0.2939926500997239,0.3643422306261159,0.0211799542885273,0.4528795811518324,0.5471204188481674,0.4502171087265234,0.5497828912734765
E0,1617,2016-09-24,Swansea,Man City,1,3,A,hist-team-swansea,fpl-team-15,0.1146516815710799,0.1891301361349705,0.6962181822939496,0.1080743787156932,0.184672582625239,0.7072530386590676,0.0207638151478022,0.5979643765903307,0.4020356234096692,0.6036897387398802,0.3963102612601198
E0,1617,2016-09-25,West Ham,Southampton,0,3,A,hist-team-west-ham,hist-team-southampton,0.3450637638552302,0.2915736363275197,0.36336259981725,0.3454320397286148,0.2902594864241518,0.3643084738472333,0.0212303242878988,0.4921052631578948,0.5078947368421052,0.4916876783688407,0.5083123216311592
E0,1617,2016-09-26,Burnley,Watford,2,0,H,hist-team-burnley,hist-team-watford,0.3295416688407862,0.3014734509899936,0.36898488016922,0.3294098933759192,0.3003783794458586,0.3702117271782222,0.0231969361193478,0.4263565891472868,0.5736434108527132,0.4221949221859226,0.5778050778140774
E0,1617,2016-09-30,Everton,Crystal Palace,1,1,D,fpl-team-9,fpl-team-8,0.5565634896905272,0.2500921654973017,0.193344344812171,0.5629778656013668,0.2476836821927745,0.1893384522058587,0.0193832023069262,0.5366492146596858,0.4633507853403141,0.5385834366765977,0.4614165633234023
E0,1617,2016-10-01,Hull,Chelsea,0,2,A,hist-team-hull,fpl-team-6,0.1387287711817419,0.216042782986398,0.64522844583186,0.1329556608803148,0.2124858905782675,0.6545584485414175,0.0203105947002768,0.5509138381201044,0.4490861618798955,0.5537308497832173,0.4462691502167826
E0,1617,2016-10-01,Sunderland,West Brom,1,1,D,fpl-team-20,hist-team-west-brom,0.393411461606133,0.3028151313309036,0.3037734070629634,0.3952754547544592,0.3018683346214624,0.3028562106240783,0.0208821597043424,0.4215938303341903,0.5784061696658098,0.4173441734499901,0.5826558265500098
E0,1617,2016-10-01,Swansea,Liverpool,1,2,A,hist-team-swansea,fpl-team-14,0.1300633783411408,0.2033618076605125,0.6665748139983465,0.1237922376897787,0.1992561153514517,0.6769516469587695,0.0211975129786878,0.6095717884130982,0.3904282115869018,0.6159690748984209,0.3840309251015791
E0,1617,2016-10-01,Watford,Bournemouth,2,2,D,hist-team-watford,fpl-team-3,0.4084048672823823,0.2926071457663409,0.2989879869512767,0.4107449679881956,0.2913382030565541,0.2979168289552502,0.0209800531156361,0.4750656167979003,0.5249343832020998,0.4737569060807899,0.5262430939192101
E0,1617,2016-10-01,West Ham,Middlesbrough,1,1,D,hist-team-west-ham,hist-team-middlesbrough,0.4349523748737568,0.2904062684202425,0.2746413567060007,0.4379998819448377,0.2891171313871846,0.2728829866679776,0.0201788013800978,0.4543080939947781,0.5456919060052219,0.4518781279229459,0.5481218720770542
E0,1617,2016-10-02,Burnley,Arsenal,0,1,A,hist-team-burnley,fpl-team-1,0.107538042546708,0.1958024644333136,0.6966594930199783,0.1008696051961758,0.1916029038580791,0.7075274909457451,0.0204442145768553,0.5546875,0.4453125,0.557655876785144,0.442344123214856
E0,1617,2016-10-02,Leicester,Southampton,0,0,D,hist-team-leicester,hist-team-southampton,0.434610363470141,0.2901779163954717,0.2752117201343872,0.4377087646630375,0.2888559008247337,0.2734353345122286,0.0205887960037216,0.4554973821989528,0.544502617801047,0.4530282935542051,0.5469717064457948
E0,1617,2016-10-02,Man United,Stoke,1,1,D,fpl-team-16,hist-team-stoke,0.7168628467204209,0.1829707075438788,0.1001664457357001,0.72858063808493,0.1782772184220977,0.0931421434929721,0.0209482113132253,0.5721649484536083,0.4278350515463917,0.5759795940521147,0.4240204059478852
E0,1617,2016-10-02,Tottenham,Man City,2,0,H,fpl-team-19,fpl-team-15,0.3240320729526947,0.2796311766588852,0.39633675038842,0.3237345336024934,0.2779347330914933,0.3983307333060132,0.021313827834092,0.5456919060052219,0.4543080939947781,0.5481218720770542,0.4518781279229459
E0,1617,2016-10-15,Arsenal,Swansea,3,2,H,fpl-team-1,hist-team-swansea,0.7515044777337294,0.1627623911166114,0.0857331311496589,0.7638368949792597,0.1576129986379582,0.0785501063827821,0.0203230185434222,0.628992628992629,0.3710073710073709,0.6358133278402398,0.3641866721597601
E0,1617,2016-10-15,Bournemouth,Hull,6,1,H,fpl-team-3,hist-team-hull,0.5242619324466123,0.2733331442670372,0.2024049232863503,0.5302733825908098,0.2714243790452165,0.1983022383639737,0.0212461666669696,0.4712041884816754,0.5287958115183247,0.4697469746961598,0.5302530253038402
E0,1617,2016-10-15,Chelsea,Leicester,3,0,H,fpl-team-6,hist-team-leicester,0.6076087975179911,0.2291221718564262,0.1632690306255826,0.6161137947078237,0.225857773006012,0.1580284322861642,0.0209976863116025,0.5621761658031088,0.4378238341968911,0.5654432416138302,0.4345567583861699
E0,1617,2016-10-15,Crystal Palace,West Ham,0,1,A,fpl-team-8,hist-team-west-ham,0.4565348875570462,0.2778908011216803,0.2655743113212734,0.4604794076720576,0.2761137285407583,0.263406863787184,0.0215598177164793,0.5209424083769634,0.4790575916230366,0.5219677623056301,0.4780322376943698
E0,1617,2016-10-15,Man City,Everton,1,1,D,fpl-team-15,fpl-team-9,0.639363071829592,0.2121780105629176,0.1484589176074904,0.6490949891576797,0.2082827368933573,0.1426222739489629,0.0215907630044966,0.6169154228855721,0.3830845771144278,0.6230624214402241,0.3769375785597758
E0,1617,2016-10-15,Stoke,Sunderland,2,0,H,hist-team-stoke,fpl-team-20,0.4814091255046244,0.2784895813238962,0.2401012931714793,0.4862364270910304,0.276693653400605,0.2370699195083646,0.0219697291031479,0.4698162729658792,0.5301837270341206,0.468195143536739,0.5318048564632609
E0,1617,2016-10-15,West Brom,Tottenham,1,1,D,hist-team-west-brom,fpl-team-19,0.182334065770788,0.2590028373617393,0.5586630968674726,0.1777858731474394,0.2567257680605679,0.5654883587919928,0.0204591429792344,0.4659685863874345,0.5340314136125655,0.4641991628173292,0.5358008371826707
E0,1617,2016-10-16,Middlesbrough,Watford,0,1,A,hist-team-middlesbrough,hist-team-watford,0.426659071489604,0.2990600968385075,0.2742808316718883,0.4295515201231561,0.297995164255614,0.2724533156212299,0.0208611160051077,0.4158163265306122,0.5841836734693877,0.4115921451002043,0.5884078548997955
E0,1617,2016-10-16,Southampton,Burnley,3,1,H,hist-team-southampton,hist-team-burnley,0.6900369475242923,0.2071601203150682,0.1028029321606394,0.7013423221360936,0.2030495295736704,0.095608148290236,0.0217147818766534,0.5039370078740157,0.4960629921259842,0.504133597884274,0.495866402115726
E0,1617,2016-10-17,Liverpool,Man United,0,0,D,fpl-team-14,fpl-team-16,0.4429353334684776,0.2797486316643016,0.2773160348672208,0.4466184321785511,0.2779475785770754,0.2754339892443733,0.0226365411654114,0.5354330708661418,0.4645669291338583,0.5373878364892272,0.4626121635107728
E0,1617,2016-10-22,Arsenal,Middlesbrough,0,0,D,fpl-team-1,hist-team-middlesbrough,0.7632929055066392,0.1605591086708456,0.076147985822515,0.7760304584974927,0.1552874453094777,0.0686820961930296,0.0205097829457372,0.5798969072164949,0.4201030927835051,0.5845262440221842,0.4154737559778157
E0,1617,2016-10-22,Bournemouth,Tottenham,0,0,D,fpl-team-3,fpl-team-19,0.2438692098092643,0.2683923705722071,0.4877384196185286,0.2411606378402181,0.2664181937525524,0.4924211684072294,0.0204220801824703,0.5275590551181102,0.4724409448818897,0.5290215588778682,0.4709784411221318
E0,1617,2016-10-22,Burnley,Everton,2,1,H,hist-team-burnley,fpl-team-9,0.1644853276247602,0.2568433992857218,0.5786712730895179,0.1593667572128465,0.2544711374795586,0.5861621053075948,0.0206580078229308,0.4566929133858268,0.5433070866141733,0.4541895718808615,0.5458104281191385
E0,1617,2016-10-22,Hull,Stoke,0,2,A,hist-team-hull,hist-team-stoke,0.3190607897832561,0.2936920419717433,0.3872471682450004,0.3186217004082616,0.2924780914898832,0.3889002081018553,0.0206376551650464,0.4645669291338583,0.5354330708661418,0.4626121635107728,0.5373878364892272
E0,1617,2016-10-22,Leicester,Crystal Palace,3,1,H,hist-team-leicester,fpl-team-8,0.4699310196933414,0.2836270059687623,0.2464419743378962,0.4743116796809016,0.2820261571831346,0.2436621631359637,0.0216041193343698,0.4763157894736842,0.5236842105263159,0.4750131874840955,0.5249868125159045
E0,1617,2016-10-22,Liverpool,West Brom,2,1,H,fpl-team-14,hist-team-west-brom,0.7517707058707943,0.164771661560722,0.0834576325684836,0.7639955249398465,0.1597218628942282,0.0762826121659253,0.0201418390497565,0.5824742268041238,0.4175257731958763,0.5874030372563693,0.4125969627436305
E0,1617,2016-10-22,Swansea,Watford,0,0,D,hist-team-swansea,hist-team-watford,0.4155547083492185,0.2908882958444529,0.2935569958063286,0.4181061460309418,0.2895714256403035,0.2923224283287547,0.0208845117595046,0.4907651715039578,0.5092348284960422,0.4902501532117134,0.5097498467882865
E0,1617,2016-10-22,West Ham,Sunderland,1,0,H,hist-team-west-ham,fpl-team-20,0.5724076743928136,0.2440723078629255,0.1835200177442608,0.5795089835613996,0.2413996236638632,0.1790913927747371,0.0200600191019475,0.5275590551181102,0.4724409448818897,0.5290215588778682,0.4709784411221318
E0,1617,2016-10-23,Chelsea,Man United,4,0,H,fpl-team-6,fpl-team-16,0.4345660088139489,0.2964169381107491,0.2690170530753017,0.4376708062023804,0.295281513453484,0.2670476803441354,0.0206426549702882,0.4581151832460733,0.5418848167539266,0.455831608003748,0.544168391996252
E0,1617,2016-10-23,Man City,Southampton,1,1,D,fpl-team-15,hist-team-southampton,0.6447854408703244,0.2163806997515277,0.1388338593781478,0.6542667816057534,0.2127703598408764,0.1329628585533703,0.0206757236737757,0.5699481865284974,0.4300518134715025,0.5739320919957633,0.4260679080042366
E0,1617,2016-10-29,Crystal Palace,Liverpool,2,4,A,fpl-team-8,fpl-team-14,0.1991228795051293,0.2460954562089034,0.5547816642859673,0.1949511400702357,0.2433574219520042,0.5616914379777601,0.0210637461859732,0.5418848167539266,0.4581151832460733,0.544168391996252,0.455831608003748
E0,1617,2016-10-29,Man United,Burnley,0,0,D,fpl-team-16,hist-team-burnley,0.7940716237362067,0.1480472518830215,0.0578811243807716,0.8080533273331446,0.14216568330922,0.0497809893576352,0.0213236196432262,0.5535248041775457,0.4464751958224543,0.5565486042241833,0.4434513957758167
E0,1617,2016-10-29,Middlesbrough,Bournemouth,2,0,H,hist-team-middlesbrough,fpl-team-3,0.3847999460653481,0.3061188069337753,0.3090812470008764,0.386469482996254,0.3052361780145225,0.3082943389892235,0.0218440880998969,0.4215938303341903,0.5784061696658098,0.4173441734499901,0.5826558265500098
E0,1617,2016-10-29,Sunderland,Arsenal,1,4,A,fpl-team-20,fpl-team-1,0.121599572397108,0.1939685486820266,0.6844318789208653,0.1147954910719688,0.1893693909585938,0.6958351179694373,0.0221754456870257,0.5943877551020408,0.4056122448979591,0.5998731341220397,0.4001268658779602
E0,1617,2016-10-29,Tottenham,Leicester,1,1,D,fpl-team-19,hist-team-leicester,0.5889136777972069,0.2405837831602624,0.1705025390425306,0.596856539081007,0.2376705953688163,0.1654728655501766,0.0210249838419258,0.5224274406332454,0.4775725593667546,0.5237178414013648,0.4762821585986352
E0,1617,2016-10-29,Watford,Hull,1,0,H,hist-team-watford,hist-team-hull,0.5494757536041941,0.2641710353866317,0.1863532110091743,0.5559042560321525,0.2620906481567496,0.1820050958110977,0.020077402703464,0.4607329842931937,0.5392670157068064,0.4586275375035324,0.5413724624964675
E0,1617,2016-10-29,West Brom,Man City,0,4,A,hist-team-west-brom,fpl-team-15,0.1288942949070077,0.2133916660127128,0.6577140390802794,0.1226568988336141,0.2096331502648822,0.6677099509015035,0.020969120087102,0.5289473684210526,0.4710526315789474,0.5305733900309719,0.4694266099690281
E0,1617,2016-10-30,Everton,West Ham,2,0,H,fpl-team-9,hist-team-west-ham,0.5359533672145126,0.2517996134682356,0.2122470193172517,0.5423425188806389,0.2492167066273908,0.2084407744919701,0.0212720785057172,0.5572916666666667,0.4427083333333333,0.5604727872513917,0.4395272127486084
E0,1617,2016-10-30,Southampton,Chelsea,0,2,A,hist-team-southampton,fpl-team-6,0.3097891454884452,0.2883922976018559,0.4018185569096988,0.3090649210417772,0.2870146444027091,0.4039204345555137,0.0206555146723985,0.4776902887139108,0.5223097112860893,0.4765310066806216,0.5234689933193785
E0,1617,2016-10-31,Stoke,Swansea,3,1,H,hist-team-stoke,hist-team-swansea,0.4692094793288359,0.2734820965230929,0.2573084241480712,0.4737281475005812,0.2714885366296642,0.2547833158697545,0.0224070183467119,0.5092348284960422,0.4907651715039578,0.5097498467882865,0.4902501532117134
E0,1617,2016-11-05,Bournemouth,Sunderland,1,2,A,fpl-team-3,fpl-team-20,0.5917848824899429,0.2367139529959771,0.17150116451408,0.6000745025719818,0.2335839085729165,0.1663415888551018,0.0217092712409794,0.5354330708661418,0.4645669291338583,0.5373878364892272,0.4626121635107728
E0,1617,2016-11-05,Burnley,Crystal Palace,3,2,H,hist-team-burnley,fpl-team-8,0.2891202963795939,0.2953475027631543,0.4155322008572518,0.2877470719299915,0.2941665811224446,0.4180863469475638,0.0209127910202369,0.4363636363636364,0.5636363636363637,0.4327956989315679,0.567204301068432
E0,1617,2016-11-05,Chelsea,Everton,5,0,H,fpl-team-6,fpl-team-9,0.6172574578682682,0.2281804820555683,0.1545620600761635,0.6254025163435956,0.2251299515055523,0.149467532150852,0.019419765099883,0.5647668393782384,0.4352331606217616,0.5682612494508922,0.4317387505491079
E0,1617,2016-11-05,Man City,Middlesbrough,1,1,D,fpl-team-15,hist-team-middlesbrough,0.7874847217487466,0.1455653576565864,0.0669499205946669,0.8013096160721539,0.139653096799139,0.0590372871287071,0.0212431747931987,0.6320987654320989,0.3679012345679012,0.640257969816386,0.3597420301836139
E0,1617,2016-11-05,West Ham,Stoke,1,1,D,hist-team-west-ham,hist-team-stoke,0.4796214404416528,0.272512182069121,0.2478663774892262,0.4842452811024781,0.2705850012252162,0.2451697176723056,0.0212900496553629,0.5483028720626633,0.4516971279373368,0.5509221029460813,0.4490778970539186
E0,1617,2016-11-06,Arsenal,Tottenham,1,1,D,fpl-team-1,fpl-team-19,0.4946590339551107,0.2718522736183894,0.2334886924264999,0.4997074838154561,0.2699200723022078,0.230372443882336,0.0210852636955678,0.5392670157068064,0.4607329842931937,0.5413724624964675,0.4586275375035324
E0,1617,2016-11-06,Hull,Southampton,2,1,H,hist-team-hull,hist-team-southampton,0.1759490704577409,0.2589439150132792,0.5651070145289799,0.1711840487589438,0.2566481907406053,0.5721677605004509,0.0205886980984359,0.4516971279373368,0.5483028720626633,0.4490778970539186,0.5509221029460813
E0,1617,2016-11-06,Leicester,West Brom,1,2,A,hist-team-leicester,hist-team-west-brom,0.5406150444192125,0.2710689518496332,0.1883160037311542,0.5466612628117454,0.2692303886729188,0.1841083485153357,0.0196825405582785,0.4427083333333333,0.5572916666666667,0.4395272127486084,0.5604727872513917
E0,1617,2016-11-06,Liverpool,Watford,6,1,H,fpl-team-14,hist-team-watford,0.7514689732471386,0.1630305569078537,0.0855004698450077,0.763815383871019,0.1578817372552304,0.0783028788737505,0.0203501402866095,0.6130653266331658,0.3869346733668342,0.6197572919035071,0.3802427080964928
E0,1617,2016-11-06,Swansea,Man United,1,3,A,hist-team-swansea,fpl-team-16,0.1993782199324924,0.2483211938177296,0.552300586249778,0.1953460556443567,0.2457372053665983,0.5589167389890449,0.0203879161272197,0.5301837270341206,0.4698162729658792,0.5318048564632609,0.468195143536739
E0,1617,2016-11-19,Crystal Palace,Man City,1,2,A,fpl-team-8,fpl-team-15,0.1576054955839057,0.2191364082433758,0.6232580961727183,0.1521615410028064,0.2155412023109809,0.6322972566862126,0.0211323993280529,0.598984771573604,0.401015228426396,0.6045912894235197,0.3954087105764803
E0,1617,2016-11-19,Everton,Swansea,1,1,D,fpl-team-9,hist-team-swansea,0.6086016361754886,0.2305972626276431,0.1608011011968682,0.616791148598026,0.2275083572205422,0.1557004941814318,0.0201370428549125,0.5621761658031088,0.4378238341968911,0.5654432416138302,0.4345567583861699
E0,1617,2016-11-19,Man United,Arsenal,1,1,D,fpl-team-16,fpl-team-1,0.377500356910582,0.2941260449548706,0.3283735981345473,0.3789078337800078,0.2928783094333317,0.3282138567866606,0.0214630422415211,0.4750656167979003,0.5249343832020998,0.4737569060807899,0.5262430939192101
E0,1617,2016-11-19,Southampton,Liverpool,0,0,D,hist-team-southampton,fpl-team-14,0.2882496409413556,0.2774194521198596,0.4343309069387847,0.2868467963478696,0.2756825307045346,0.4374706729475957,0.0209241770207881,0.5170603674540682,0.4829396325459317,0.517932023832641,0.4820679761673591
E0,1617,2016-11-19,Stoke,Bournemouth,0,1,A,hist-team-stoke,fpl-team-3,0.4274722445208488,0.2845599260863639,0.2879678293927874,0.4302525561843754,0.2831197875377563,0.2866276562778683,0.019868220668286,0.5052631578947367,0.4947368421052631,0.5055407801420785,0.4944592198579216
E0,1617,2016-11-19,Sunderland,Hull,3,0,H,fpl-team-20,hist-team-hull,0.4549454719259776,0.2917735397458397,0.2532809883281828,0.4587204330836555,0.2904777897101612,0.2508017772061833,0.0209005866199731,0.4378238341968911,0.5621761658031088,0.4345567583861699,0.5654432416138302
E0,1617,2016-11-19,Tottenham,West Ham,3,2,H,fpl-team-19,hist-team-west-ham,0.6410719982984154,0.218547272147187,0.1403807295543975,0.6502237856559957,0.2150869273653585,0.1346892869786458,0.0201833704486489,0.5546875,0.4453125,0.557655876785144,0.442344123214856
E0,1617,2016-11-19,Watford,Leicester,2,1,H,hist-team-watford,hist-team-leicester,0.3433020620029525,0.2966807943235391,0.3600171436735082,0.343599586774016,0.2955845610749524,0.3608158521510315,0.020161502296105,0.4581151832460733,0.5418848167539266,0.455831608003748,0.544168391996252
E0,1617,2016-11-20,Middlesbrough,Chelsea,0,1,A,hist-team-middlesbrough,fpl-team-6,0.1495601788675918,0.2339834428512446,0.6164563782811636,0.1441475049660856,0.2309926701551869,0.6248598248787275,0.0201123836450278,0.4934383202099738,0.5065616797900262,0.4931099107049156,0.5068900892950844
E0,1617,2016-11-21,West Brom,Burnley,4,0,H,hist-team-west-brom,hist-team-burnley,0.4982387633099173,0.2872728004669793,0.2144884362231034,0.5037976379872513,0.28570137524182,0.2105009867709286,0.0227504957001656,0.4030612244897959,0.596938775510204,0.3972195174738391,0.6027804825261608
E0,1617,2016-11-26,Burnley,Man City,1,2,A,hist-team-burnley,fpl-team-15,0.1010089921849065,0.1649409272041698,0.7340500806109237,0.0941779550417983,0.1598482320034218,0.7459738129547798,0.0204047861043363,0.6354679802955665,0.3645320197044334,0.6440393882360916,0.3559606117639084
E0,1617,2016-11-26,Chelsea,Tottenham,2,1,H,fpl-team-6,fpl-team-19,0.5461580851522629,0.2556484653904209,0.198193449457316,0.5525477768814373,0.2532991024427521,0.1941531206758105,0.0202559207100421,0.5275590551181102,0.4724409448818897,0.5290215588778682,0.4709784411221318
E0,1617,2016-11-26,Hull,West Brom,1,1,D,hist-team-hull,hist-team-west-brom,0.3095577181739061,0.3065907112904502,0.3838515705356436,0.3088143993065702,0.3057549984154183,0.3854306022780115,0.0210402244701981,0.4081632653061224,0.5918367346938775,0.4030172413726008,0.5969827586273991
E0,1617,2016-11-26,Leicester,Middlesbrough,2,2,D,hist-team-leicester,hist-team-middlesbrough,0.5111003798013547,0.2729740664848144,0.2159255537138307,0.5164883393940781,0.2711314908013224,0.2123801698045994,0.0204290134133771,0.4581151832460733,0.5418848167539266,0.455831608003748,0.544168391996252
E0,1617,2016-11-26,Liverpool,Sunderland,2,0,H,fpl-team-14,fpl-team-20,0.8184606885604966,0.1219871344733478,0.0595521769661555,0.8344558807050182,0.114760276216721,0.0507838430782608,0.0233274246565997,0.7035398230088495,0.2964601769911504,0.7159016239537165,0.2840983760462835
E0,1617,2016-11-26,Swansea,Crystal Palace,5,4,H,hist-team-swansea,fpl-team-8,0.367589403815675,0.2933970470822359,0.339013549102089,0.3686652513766477,0.2921442611005509,0.3391904875228013,0.0211590093094855,0.5026315789473684,0.4973684210526315,0.5027701598381817,0.4972298401618182
E0,1617,2016-11-27,Arsenal,Bournemouth,3,1,H,fpl-team-1,fpl-team-3,0.6774851371910101,0.1991778250126778,0.1233370377963121,0.6876057292810545,0.1951736276547777,0.1172206430641679,0.0200208958704024,0.6035353535353536,0.3964646464646465,0.6092663166716877,0.3907336833283123
E0,1617,2016-11-27,Man United,West Ham,1,1,D,fpl-team-16,hist-team-west-ham,0.6494803927197565,0.2145604868806338,0.1359591203996095,0.6589779144169132,0.2109411171974185,0.1300809683856681,0.0204080126713961,0.5535248041775457,0.4464751958224543,0.5565486042241833,0.4434513957758167
E0,1617,2016-11-27,Southampton,Everton,1,0,H,hist-team-southampton,fpl-team-9,0.4466253124710675,0.2866401259142672,0.2667345616146653,0.4501139465200894,0.2851996117964251,0.2646864416834854,0.0207268795929849,0.4516971279373368,0.5483028720626633,0.4490778970539186,0.5509221029460813
E0,1617,2016-11-27,Watford,Stoke,0,1,A,hist-team-watford,hist-team-stoke,0.402701984269698,0.2939971541600863,0.3033008615702156,0.4049374397532073,0.2927303166561943,0.3023322435905983,0.0216970319161191,0.4750656167979003,0.5249343832020998,0.4737569060807899,0.5262430939192101
E0,1617,2016-12-03,Crystal Palace,Southampton,3,0,H,fpl-team-8,hist-team-southampton,0.2835701191567369,0.2904445462878093,0.4259853345554536,0.2819681093853745,0.2890623383614651,0.4289695522531603,0.0216853937599807,0.468586387434555,0.5314136125654451,0.4669758097866967,0.5330241902133033
E0,1617,2016-12-03,Man City,Chelsea,1,3,A,fpl-team-15,fpl-team-6,0.4521943602597277,0.2746853993554793,0.2731202403847929,0.4560065415380173,0.2728041659110869,0.2711892925508957,0.0215962338261306,0.5404699738903395,0.4595300261096606,0.5425450153677878,0.4574549846322122
E0,1617,2016-12-03,Stoke,Burnley,2,0,H,hist-team-stoke,hist-team-burnley,0.5927984632361957,0.2449830383782237,0.1622184983855805,0.6007767941003267,0.2422294186595034,0.1569937872401696,0.0208144468488171,0.5065616797900262,0.4934383202099738,0.5068900892950844,0.4931099107049156
E0,1617,2016-12-03,Sunderland,Leicester,2,1,H,fpl-team-20,hist-team-leicester,0.2938619102947852,0.2859671127047761,0.4201709770004386,0.29257470431867,0.2844243949018509,0.423000900779479,0.0219434145838022,0.4934383202099738,0.5065616797900262,0.4931099107049156,0.5068900892950844
E0,1617,2016-12-03,Tottenham,Swansea,5,0,H,fpl-team-19,hist-team-swansea,0.7100265133126704,0.1861234549460398,0.1038500317412898,0.7221588263450123,0.1812787814039398,0.0965623922510478,0.0220896855462342,0.6165413533834586,0.3834586466165413,0.6235453531010199,0.37645464689898
E0,1617,2016-12-03,West Brom,Watford,3,1,H,hist-team-west-brom,hist-team-watford,0.4439844212076911,0.2932741130913189,0.2627414657009899,0.4475011066224544,0.2919967152810698,0.2605021780964757,0.0214003396686166,0.4252577319587629,0.5747422680412371,0.4211849436032326,0.5788150563967673
E0,1617,2016-12-03,West Ham,Arsenal,1,5,A,hist-team-west-ham,fpl-team-1,0.2004966042765767,0.2443711792582194,0.5551322164652038,0.1964307171269495,0.24162402858968,0.5619452542833705,0.0207310190889984,0.577319587628866,0.4226804123711341,0.581663763067284,0.418336236932716
E0,1617,2016-12-04,Bournemouth,Liverpool,4,3,H,fpl-team-3,fpl-team-14,0.2088596975585648,0.2464437048313142,0.5446965976101208,0.2048778423792406,0.2436428593330503,0.5514792982877091,0.0216587397735565,0.5820512820512821,0.4179487179487179,0.5864841490747444,0.4135158509252556
E0,1617,2016-12-04,Everton,Man United,1,1,D,fpl-team-9,fpl-team-16,0.2672847457251787,0.2822212462215857,0.4504940080532354,0.2652163209509553,0.2806167388629426,0.4541669401861021,0.0211050377693027,0.4738219895287958,0.5261780104712042,0.4725131249860944,0.5274868750139057
E0,1617,2016-12-05,Middlesbrough,Hull,1,0,H,hist-team-middlesbrough,hist-team-hull,0.5354694752415513,0.2762220059603392,0.1883085187981094,0.5419803775906998,0.2743544260388399,0.1836651963704601,0.0217623256612569,0.411764705882353,0.588235294117647,0.4068322981224806,0.5931677018775194
E0,1617,2016-12-10,Arsenal,Stoke,3,1,H,fpl-team-1,hist-team-stoke,0.7061833826695164,0.1850499808151334,0.1087666365153502,0.7176322366774718,0.180413807147998,0.1019539561745302,0.0210054272320121,0.6262376237623761,0.3737623762376237,0.6334973692908102,0.3665026307091897
E0,1617,2016-12-10,Burnley,Bournemouth,3,2,H,hist-team-burnley,fpl-team-3,0.2859567246499788,0.285108188375053,0.4289350869749681,0.2845196352702697,0.2836455446152657,0.4318348201144645,0.0204095970839262,0.4776902887139108,0.5223097112860893,0.4765310066806216,0.5234689933193785
E0,1617,2016-12-10,Hull,Crystal Palace,3,3,D,hist-team-hull,fpl-team-8,0.2884915088740403,0.2919990044226608,0.4195094867032988,0.2871269812899674,0.2907405567496615,0.422132461960371,0.0204811382573097,0.4581151832460733,0.5418848167539266,0.455831608003748,0.544168391996252
E0,1617,2016-12-10,Leicester,Man City,4,2,H,hist-team-leicester,fpl-team-15,0.1923600269275391,0.2430067175616253,0.5646332555108355,0.1879912990931799,0.2401772463486299,0.57183145455819,0.0210177730768919,0.5710594315245477,0.4289405684754521,0.5749604753801645,0.4250395246198356
E0,1617,2016-12-10,Swansea,Sunderland,3,0,H,hist-team-swansea,fpl-team-20,0.4509803921568627,0.2784313725490195,0.2705882352941176,0.4545711079468792,0.2767546212166484,0.2686742708364723,0.0205415391828864,0.5170603674540682,0.4829396325459317,0.517932023832641,0.4820679761673591
E0,1617,2016-12-10,Watford,Everton,3,2,H,hist-team-watford,fpl-team-9,0.3137722297148951,0.2927265313803594,0.3935012389047455,0.3131673791266826,0.2914752631077713,0.3953573577655461,0.0207636936102062,0.468586387434555,0.5314136125654451,0.4669758097866967,0.5330241902133033
E0,1617,2016-12-11,Chelsea,West Brom,1,0,H,fpl-team-6,hist-team-west-brom,0.758252154549345,0.1648938760749431,0.0768539693757117,0.7704213009417827,0.1599272246368916,0.0696514744213257,0.0197880575433373,0.5736434108527132,0.4263565891472868,0.5778050778140774,0.4221949221859226
E0,1617,2016-12-11,Liverpool,West Ham,2,2,D,fpl-team-14,hist-team-west-ham,0.7445787032698765,0.1627977164776509,0.0926235802524726,0.7571765506536252,0.1574663047848914,0.0853571445614834,0.0210837572813034,0.6635071090047394,0.3364928909952606,0.673541247495417,0.326458752504583
E0,1617,2016-12-11,Man United,Tottenham,1,0,H,fpl-team-16,fpl-team-19,0.436105507211466,0.2889855770678389,0.2749089157206949,0.4393366266937834,0.2875895329596427,0.2730738403465739,0.0211639548651874,0.4581151832460733,0.5418848167539266,0.455831608003748,0.544168391996252
E0,1617,2016-12-11,Southampton,Middlesbrough,1,0,H,hist-team-southampton,hist-team-middlesbrough,0.5688204562715035,0.2662899088916456,0.1648896348368509,0.5758747484846991,0.2642451999353029,0.1598800515799979,0.0202602541539818,0.411764705882353,0.588235294117647,0.4068322981224806,0.5931677018775194
E0,1617,2016-12-13,Bournemouth,Leicester,1,0,H,fpl-team-3,hist-team-leicester,0.3997462910536656,0.2833495768939218,0.3169041320524126,0.4016233533040153,0.2819389231751467,0.3164377235208379,0.0190099603496491,0.5301837270341206,0.4698162729658792,0.5318048564632609,0.468195143536739
E0,1617,2016-12-13,Everton,Arsenal,2,1,H,fpl-team-9,fpl-team-1,0.2345962203020173,0.2605920176868354,0.5048117620111473,0.2318695657865422,0.2585750447711369,0.5095553894423208,0.0186174272093921,0.5494791666666667,0.4505208333333333,0.5520505163905842,0.4479494836094158
E0,1617,2016-12-14,Crystal Palace,Man United,1,2,A,fpl-team-8,fpl-team-16,0.1849610193645737,0.2436415458127253,0.571397434822701,0.1803745990033165,0.2408330016274389,0.5787923993692444,0.0209887290839105,0.5196850393700787,0.4803149606299213,0.5206987911941695,0.4793012088058304
E0,1617,2016-12-14,Man City,Watford,2,0,H,fpl-team-15,hist-team-watford,0.7636896359622852,0.1537138883885749,0.0825964756491398,0.7762717938574535,0.1483417776663815,0.075386428476165,0.0201814309693872,0.6705607476635514,0.3294392523364486,0.6803939012295546,0.3196060987704454
E0,1617,2016-12-14,Middlesbrough,Liverpool,0,3,A,hist-team-middlesbrough,fpl-team-14,0.1602178337912459,0.2323740494938409,0.6074081167149132,0.1548428941858367,0.2291811773601565,0.6159759284540067,0.0211759933736175,0.5275590551181102,0.4724409448818897,0.5290215588778682,0.4709784411221318
E0,1617,2016-12-14,Stoke,Southampton,0,0,D,hist-team-stoke,hist-team-southampton,0.304815664138296,0.3000529193861351,0.3951314164755689,0.3039361074229421,0.2990271864256872,0.3970367061513707,0.0207493945490568,0.4215938303341903,0.5784061696658098,0.4173441734499901,0.5826558265500098
E0,1617,2016-12-14,Sunderland,Chelsea,0,1,A,fpl-team-20,fpl-team-6,0.1011834792075018,0.1768381616352104,0.7219783591572877,0.0941173015137924,0.1719145275779737,0.7339681709082337,0.021159577416256,0.5954198473282442,0.4045801526717557,0.6007901951191439,0.3992098048808561
E0,1617,2016-12-14,Tottenham,Hull,3,0,H,fpl-team-19,hist-team-hull,0.7792714483708932,0.15142241413842,0.0693061374906868,0.7936426217955999,0.1453479363787096,0.0610094418256904,0.0225030330475419,0.6140350877192983,0.3859649122807017,0.6205936920237535,0.3794063079762464
E0,1617,2016-12-14,West Brom,Swansea,3,1,H,hist-team-west-brom,hist-team-swansea,0.4708933717579251,0.2808837656099904,0.2482228626320845,0.4750887206927977,0.2792787160806282,0.245632563226574,0.0205341381952166,0.4776902887139108,0.5223097112860893,0.4765310066806216,0.5234689933193785
E0,1617,2016-12-14,West Ham,Burnley,1,0,H,hist-team-west-ham,hist-team-burnley,0.5847270398633866,0.2415497091627088,0.1737232509739047,0.5927369196384078,0.238595005964788,0.1686680743968041,0.0215568558778613,0.5249343832020998,0.4750656167979003,0.5262430939192101,0.4737569060807899
E0,1617,2016-12-17,Crystal Palace,Chelsea,0,1,A,fpl-team-8,fpl-team-6,0.165003353521702,0.2347969480431066,0.6001996984351913,0.1598568905014327,0.2317326471502663,0.608410462348301,0.0208250985015183,0.5658914728682171,0.4341085271317829,0.5693085453352259,0.430691454664774
E0,1617,2016-12-17,Middlesbrough,Swansea,3,0,H,hist-team-middlesbrough,hist-team-swansea,0.463705449317349,0.2856756785972953,0.2506188720853557,0.4677596410468898,0.2841879971770921,0.248052361776018,0.0209399134619161,0.4479166666666666,0.5520833333333334,0.4451513821865228,0.5548486178134774
E0,1617,2016-12-17,Stoke,Leicester,2,2,D,hist-team-stoke,hist-team-leicester,0.3766364551863041,0.2910372608257804,0.3323262839879153,0.3779618574199944,0.2897444558588463,0.3322936867211592,0.0206093878950923,0.4776902887139108,0.5223097112860893,0.4765310066806216,0.5234689933193785
E0,1617,2016-12-17,Sunderland,Watford,1,0,H,fpl-team-20,hist-team-watford,0.3694780710458424,0.2992657273268505,0.331256201627307,0.3705780011077897,0.2982301521137203,0.3311918467784899,0.0204883026890456,0.4554973821989528,0.544502617801047,0.4530282935542051,0.5469717064457948
E0,1617,2016-12-17,West Brom,Man United,0,2,A,hist-team-west-brom,fpl-team-16,0.1788952449860944,0.2615370701155402,0.5595676848983652,0.1744352384969637,0.2594261911110481,0.5661385703919882,0.0196118268650025,0.4490861618798955,0.5509138381201044,0.4462691502167826,0.5537308497832173
E0,1617,2016-12-17,West Ham,Hull,1,0,H,hist-team-west-ham,hist-team-hull,0.5834424941053183,0.2449567723342939,0.1716007335603877,0.5906642550821468,0.2423782855060202,0.1669574594118329,0.0195105031598359,0.5223097112860893,0.4776902887139108,0.5234689933193785,0.4765310066806216
E0,1617,2016-12-18,Bournemouth,Southampton,1,3,A,fpl-team-3,hist-team-southampton,0.3304940779547858,0.2996067809496656,0.3698991410955486,0.3304090858683868,0.2986108843771602,0.3709800297544529,0.0198956134263426,0.4252577319587629,0.5747422680412371,0.4211849436032326,0.5788150563967673
E0,1617,2016-12-18,Man City,Arsenal,2,1,H,fpl-team-15,fpl-team-1,0.4517193584581876,0.2717972411061976,0.2764834004356148,0.4551838575484144,0.269997021896903,0.2748191205546825,0.0196880609728395,0.5784061696658098,0.4215938303341903,0.5826558265500098,0.4173441734499901
E0,1617,2016-12-18,Tottenham,Burnley,2,1,H,fpl-team-19,hist-team-burnley,0.7928149625832223,0.1425417689042643,0.0646432685125134,0.8073271982963168,0.1362916371634932,0.05638116454019,0.0221264690626412,0.6271604938271605,0.3728395061728394,0.6342754341033365,0.3657245658966634
E0,1617,2016-12-19,Everton,Liverpool,0,1,A,fpl-team-9,fpl-team-14,0.2326478279207085,0.265514972585407,0.5018371994938844,0.2294133419819509,0.2633230509681836,0.5072636070498654,0.021707069943659,0.5483028720626633,0.4516971279373368,0.5509221029460813,0.4490778970539186
E0,1617,2016-12-26,Arsenal,West Brom,1,0,H,fpl-team-1,hist-team-west-brom,0.7174355016129056,0.1810477537026918,0.1015167446844027,0.7289355234342205,0.1763968334649227,0.0946676431008567,0.0205104555934667,0.5918367346938775,0.4081632653061224,0.5969827586273991,0.4030172413726008
E0,1617,2016-12-26,Burnley,Middlesbrough,1,0,H,hist-team-burnley,hist-team-middlesbrough,0.3229978802141342,0.3094528078180577,0.367549311967808,0.3226717295236023,0.3087009706794246,0.368627299796973,0.0212141415104269,0.3815461346633417,0.6184538653366584,0.3748155176023282,0.6251844823976718
E0,1617,2016-12-26,Chelsea,Bournemouth,3,0,H,fpl-team-6,fpl-team-3,0.6928377803020465,0.1971373477972833,0.1100248719006702,0.7051160214202211,0.1923786678874865,0.1025053106922923,0.0234108557924628,0.5721649484536083,0.4278350515463917,0.5759795940521147,0.4240204059478852
E0,1617,2016-12-26,Hull,Man City,0,3,A,hist-team-hull,fpl-team-15,0.1017231055817976,0.172343822766283,0.7259330716519193,0.0943065902026076,0.1670160611706247,0.7386773486267676,0.0223022419959306,0.6271604938271605,0.3728395061728394,0.6342754341033365,0.3657245658966634
E0,1617,2016-12-26,Leicester,Everton,0,2,A,hist-team-leicester,fpl-team-9,0.3836924023571547,0.2889250017749659,0.3273825958678794,0.3852820318537415,0.2875253479055028,0.3271926202407556,0.0212579015642404,0.4934383202099738,0.5065616797900262,0.4931099107049156,0.5068900892950844
E0,1617,2016-12-26,Man United,Sunderland,3,1,H,fpl-team-16,fpl-team-20,0.7869307964784882,0.1481567240283573,0.0649124794931545,0.8009819370448963,0.1422016894890095,0.0568163734660942,0.0216622683219611,0.5918367346938775,0.4081632653061224,0.5969827586273991,0.4030172413726008
E0,1617,2016-12-26,Swansea,West Ham,1,4,A,hist-team-swansea,hist-team-west-ham,0.3644595404278282,0.2869846081811941,0.3485558513909775,0.365458339453609,0.285498656065876,0.349043004480515,0.021638661972247,0.5366492146596858,0.4633507853403141,0.5385834366765977,0.4614165633234023
E0,1617,2016-12-26,Watford,Crystal Palace,1,1,D,hist-team-watford,fpl-team-8,0.3881411824105776,0.29228924407138,0.3195695735180422,0.3898945409386856,0.2909779645319681,0.3191274945293462,0.021542354254052,0.468586387434555,0.5314136125654451,0.4669758097866967,0.5330241902133033
E0,1617,2016-12-27,Liverpool,Stoke,4,1,H,fpl-team-14,hist-team-stoke,0.7424276493551016,0.1662728589701529,0.0912994916747455,0.7558708300948561,0.1606517369588786,0.0834774329462652,0.0226770446170121,0.6287128712871286,0.3712871287128712,0.6364829396230961,0.3635170603769038
E0,1617,2016-12-28,Southampton,Tottenham,1,4,A,hist-team-southampton,fpl-team-19,0.3315112450582657,0.295699845129132,0.3727889098126022,0.3314504528675156,0.2944787547014707,0.3740707924310137,0.0218888383824378,0.443864229765013,0.556135770234987,0.4406241369777816,0.5593758630222184
E0,1617,2016-12-30,Hull,Everton,2,2,D,hist-team-hull,fpl-team-9,0.2295417348608837,0.2835515548281506,0.4869067103109656,0.226670545921775,0.2821618479306974,0.4911676061475274,0.018673277227208,0.4712041884816754,0.5287958115183247,0.4697469746961598,0.5302530253038402
E0,1617,2016-12-31,Burnley,Sunderland,4,1,H,hist-team-burnley,fpl-team-20,0.405,0.2975,0.2975,0.4069968901816655,0.2965015549091671,0.2965015549091671,0.0187345792073756,0.4215938303341903,0.5784061696658098,0.4173441734499901,0.5826558265500098
E0,1617,2016-12-31,Chelsea,Stoke,4,2,H,fpl-team-6,hist-team-stoke,0.7567279600211821,0.1645624159635105,0.0787096240153072,0.7695095483867028,0.159316009121985,0.071174442491312,0.0208826465532183,0.5820512820512821,0.4179487179487179,0.5864841490747444,0.4135158509252556
E0,1617,2016-12-31,Leicester,West Ham,1,0,H,hist-team-leicester,hist-team-west-ham,0.4646891893350023,0.2724947937460211,0.2628160169189766,0.4685606021616934,0.2707002964693092,0.2607391013689973,0.0198323847725987,0.5196850393700787,0.4803149606299213,0.5206987911941695,0.4793012088058304
E0,1617,2016-12-31,Liverpool,Man City,1,0,H,fpl-team-14,fpl-team-15,0.4088676592384291,0.2761031606926173,0.3150291800689536,0.411156113510838,0.2743724226533585,0.3144714638358035,0.0203913687728345,0.5831202046035805,0.4168797953964194,0.587450220630869,0.4125497793691309
E0,1617,2016-12-31,Man United,Middlesbrough,2,1,H,fpl-team-16,hist-team-middlesbrough,0.7709056818031769,0.1647234362827301,0.0643708819140929,0.7832025040284492,0.1597935403630165,0.0570039556085343,0.0195433138869702,0.5026315789473684,0.4973684210526315,0.5027701598381817,0.4972298401618182
E0,1617,2016-12-31,Southampton,West Brom,1,2,A,hist-team-southampton,hist-team-west-brom,0.5460154241645245,0.2730077120822622,0.1809768637532134,0.5524407440771832,0.2711572398047199,0.1764020161180967,0.0204055062495172,0.4071246819338422,0.5928753180661578,0.402092274684614,0.5979077253153859
E0,1617,2016-12-31,Swansea,Bournemouth,0,3,A,hist-team-swansea,fpl-team-3,0.3408989134789884,0.2835796271418134,0.3755214593791982,0.3411228696059027,0.2820955117289077,0.3767816186651896,0.0201164195314049,0.5392670157068064,0.4607329842931937,0.5413724624964675,0.4586275375035324
E0,1617,2017-01-01,Arsenal,Crystal Palace,2,0,H,fpl-team-1,fpl-team-8,0.7230591781027018,0.1764529737388245,0.1004878481584737,0.7346333067955236,0.1717041033021673,0.093662589902309,0.0203512629959732,0.6184538653366584,0.3815461346633417,0.6251844823976718,0.3748155176023282
E0,1617,2017-01-01,Watford,Tottenham,1,4,A,hist-team-watford,fpl-team-19,0.1744542463087229,0.2520404769039182,0.5735052767873587,0.1692741544446194,0.2493384725311705,0.5813873730242101,0.022208655718714,0.4868421052631579,0.513157894736842,0.4861399861400877,0.5138600138599122
E0,1617,2017-01-02,Everton,Southampton,3,0,H,fpl-team-9,hist-team-southampton,0.4306382978723404,0.2910070921985815,0.278354609929078,0.4336279095689042,0.289705229148215,0.2766668612828806,0.0206770724616944,0.4389610389610389,0.5610389610389611,0.4356234933220219,0.5643765066779782
E0,1617,2017-01-02,Man City,Burnley,2,1,H,fpl-team-15,hist-team-burnley,0.8270904747065545,0.118887850143693,0.0540216751497524,0.8426414773868631,0.1118532794512997,0.045505243161837,0.0223562715109437,0.6658823529411765,0.3341176470588235,0.6754342308224731,0.3245657691775269
E0,1617,2017-01-02,Middlesbrough,Leicester,0,0,D,hist-team-middlesbrough,hist-team-leicester,0.3522937974759256,0.3102458280997667,0.3374603744243076,0.3528536609762093,0.3095645050126023,0.3375818340111883,0.0198803662788122,0.3865336658354114,0.6134663341645885,0.3806713873440402,0.6193286126559598
E0,1617,2017-01-02,Sunderland,Liverpool,2,2,D,fpl-team-20,fpl-team-14,0.1019226542345823,0.182336915655403,0.7157404301100146,0.0946757560223042,0.1774379767620899,0.7278862672156058,0.0217916802503168,0.5856777493606138,0.4143222506393862,0.5903013639605514,0.4096986360394484
E0,1617,2017-01-02,West Brom,Hull,3,1,H,hist-team-west-brom,hist-team-hull,0.5483870967741936,0.2688172043010753,0.1827956989247312,0.5551103113598519,0.2667717751335441,0.1781179135066039,0.0211230046115815,0.4289405684754521,0.5710594315245477,0.4250395246198356,0.5749604753801645
E0,1617,2017-01-02,West Ham,Man United,0,2,A,hist-team-west-ham,fpl-team-16,0.1724780608332623,0.2427792451222629,0.5847426940444748,0.1673878015603227,0.2398645576515029,0.5927476407881743,0.0215439239982515,0.5261780104712042,0.4738219895287958,0.5274868750139057,0.4725131249860944
E0,1617,2017-01-03,Bournemouth,Arsenal,3,3,D,fpl-team-3,fpl-team-1,0.2158377964804896,0.2576128538638103,0.5265493496557,0.2120477812642021,0.2551500132654499,0.5328022054703481,0.0218325229361653,0.5418848167539266,0.4581151832460733,0.544168391996252,0.455831608003748
E0,1617,2017-01-03,Crystal Palace,Swansea,1,2,A,fpl-team-8,hist-team-swansea,0.5354494480841097,0.2640370556668199,0.2005134962490703,0.5419677017646825,0.2617821498575317,0.1962501483777858,0.0217725113034248,0.4842105263157894,0.5157894736842105,0.4833629103791193,0.5166370896208807
E0,1617,2017-01-03,Stoke,Watford,2,0,H,hist-team-stoke,hist-team-watford,0.5086939651312801,0.2724628645147597,0.2188431703539603,0.514646083860698,0.2703815465782438,0.2149723695610581,0.0229048719629645,0.4516971279373368,0.5483028720626633,0.4490778970539186,0.5509221029460813
E0,1617,2017-01-04,Tottenham,Chelsea,2,0,H,fpl-team-19,fpl-team-6,0.3447572939227927,0.2922028283857816,0.3630398776914257,0.3451236644031379,0.2908805316440637,0.3639958039527983,0.0216937272343784,0.4960629921259842,0.5039370078740157,0.495866402115726,0.504133597884274
E0,1617,2017-01-14,Burnley,Southampton,1,0,H,hist-team-burnley,hist-team-southampton,0.2702521058605652,0.2924308501105203,0.4373170440289145,0.2684056791613308,0.2912295833322131,0.440364737506456,0.0197179873939603,0.4071246819338422,0.5928753180661578,0.402092274684614,0.5979077253153859
E0,1617,2017-01-14,Hull,Bournemouth,3,1,H,hist-team-hull,fpl-team-3,0.2970494191008295,0.2789681501120834,0.4239824307870871,0.2959943677754613,0.2773915239056598,0.4266141083188788,0.0195278840838,0.513157894736842,0.4868421052631579,0.5138600138599122,0.4861399861400877
E0,1617,2017-01-14,Leicester,Chelsea,0,3,A,hist-team-leicester,fpl-team-6,0.1661700868709189,0.2481816801327936,0.5856482329962874,0.1610819240413308,0.2455378559485903,0.5933802200100788,0.0207331432029604,0.5065616797900262,0.4934383202099738,0.5068900892950844,0.4931099107049156
E0,1617,2017-01-14,Sunderland,Stoke,1,3,A,fpl-team-20,hist-team-stoke,0.320747646039256,0.288096688059212,0.3911556659015318,0.3203786798412348,0.2867789513371405,0.3928423688216245,0.0196264281403273,0.4855643044619423,0.5144356955380577,0.4848317705468475,0.5151682294531524
E0,1617,2017-01-14,Swansea,Arsenal,0,4,A,hist-team-swansea,fpl-team-1,0.1508895687332128,0.2115770216522852,0.6375334096145019,0.1456511963070315,0.208026594347389,0.6463222093455794,0.0195772406877949,0.6070528967254408,0.3929471032745592,0.6130439408498454,0.3869560591501546
E0,1617,2017-01-14,Tottenham,West Brom,4,0,H,fpl-team-19,hist-team-west-brom,0.7300744126832863,0.184263522895208,0.0856620644215056,0.7412071522427968,0.1799624636415184,0.0788303841156848,0.0192818839568644,0.5236842105263159,0.4763157894736842,0.5249868125159045,0.4750131874840955
E0,1617,2017-01-14,Watford,Middlesbrough,0,0,D,hist-team-watford,hist-team-middlesbrough,0.385921507757038,0.3099821142951693,0.3040963779477926,0.3875100482588208,0.3092764075413708,0.3032135441998083,0.0203269470948725,0.3719211822660098,0.6280788177339901,0.3649526035647645,0.6350473964352354
E0,1617,2017-01-14,West Ham,Crystal Palace,3,0,H,hist-team-west-ham,fpl-team-8,0.4040243897711812,0.2887621764730965,0.3072134337557224,0.4061245979449702,0.2874393474211507,0.3064360546338791,0.0199884311296045,0.4829396325459317,0.5170603674540682,0.4820679761673591,0.517932023832641
E0,1617,2017-01-15,Everton,Man City,4,0,H,fpl-team-9,fpl-team-15,0.2189452890039825,0.2529394259809167,0.5281152850151007,0.2155134519527819,0.2505125319630473,0.5339740160841707,0.0202735364437103,0.544502617801047,0.4554973821989528,0.5469717064457948,0.4530282935542051
E0,1617,2017-01-15,Man United,Liverpool,1,1,D,fpl-team-16,fpl-team-14,0.449286977364886,0.2887309704386955,0.2619820521964185,0.4527436310922495,0.2873978902281045,0.2598584786796461,0.0200607564765959,0.4881889763779528,0.5118110236220472,0.4875930521098033,0.5124069478901967
E0,1617,2017-01-21,Bournemouth,Watford,2,2,D,fpl-team-3,hist-team-watford,0.5228555448212743,0.2643006050744902,0.2128438501042355,0.5284211427016866,0.2622611751532696,0.2093176821450438,0.0197908175177872,0.4868421052631579,0.513157894736842,0.4861399861400877,0.5138600138599122
E0,1617,2017-01-21,Crystal Palace,Everton,0,1,A,fpl-team-8,fpl-team-9,0.3079008295231115,0.2867613695857038,0.4053378008911847,0.3071247396457626,0.2853449346060493,0.4075303257481881,0.0204914255300536,0.4776902887139108,0.5223097112860893,0.4765310066806216,0.5234689933193785
E0,1617,2017-01-21,Liverpool,Swansea,2,3,A,fpl-team-14,hist-team-swansea,0.789401747476486,0.1395753814378714,0.0710228710856425,0.8024362658316037,0.1338902338554255,0.0636735003129707,0.0198486477602273,0.6690140845070424,0.3309859154929577,0.6791713325678176,0.3208286674321823
E0,1617,2017-01-21,Man City,Tottenham,2,2,D,fpl-team-15,fpl-team-19,0.4535102140950484,0.278678740255508,0.2678110456494437,0.4570962793449683,0.2770463823064881,0.2658573383485437,0.0200794581323862,0.5275590551181102,0.4724409448818897,0.5290215588778682,0.4709784411221318
E0,1617,2017-01-21,Middlesbrough,West Ham,1,3,A,hist-team-middlesbrough,hist-team-west-ham,0.3924358587619536,0.3042619791034134,0.3033021621346329,0.3941967226947498,0.3033957856753964,0.3024074916298538,0.0200449402909725,0.4081632653061224,0.5918367346938775,0.4030172413726008,0.5969827586273991
E0,1617,2017-01-21,Stoke,Man United,1,1,D,hist-team-stoke,fpl-team-16,0.1647827217522982,0.2411857381036144,0.5940315401440874,0.1598995007496315,0.2384685633630076,0.6016319358873609,0.0197151537286117,0.4986876640419947,0.5013123359580053,0.4986222099750107,0.5013777900249893
E0,1617,2017-01-21,West Brom,Sunderland,2,0,H,hist-team-west-brom,fpl-team-20,0.5720443552367478,0.2529038202099306,0.1750518245533217,0.5792499741115748,0.2504474708028543,0.1703025550855708,0.0204007518477737,0.4750656167979003,0.5249343832020998,0.4737569060807899,0.5262430939192101
E0,1617,2017-01-22,Arsenal,Burnley,2,1,H,fpl-team-1,hist-team-burnley,0.7997037681238196,0.1367014988245845,0.0635947330515959,0.8143088492548614,0.1303226040521998,0.0553685466929387,0.0219622119329869,0.6414634146341464,0.3585365853658537,0.6500219859764357,0.3499780140235644
E0,1617,2017-01-22,Chelsea,Hull,2,0,H,fpl-team-6,hist-team-hull,0.8192163844754928,0.1259504822386762,0.054833133285831,0.8348839911946879,0.1189657252672012,0.0461502835381108,0.0228770631365478,0.6237623762376239,0.3762376237623762,0.6305346699902831,0.369465330009717
E0,1617,2017-01-22,Southampton,Leicester,3,0,H,hist-team-southampton,hist-team-leicester,0.5256597876773489,0.2780223732513147,0.1963178390713364,0.5313208845466852,0.2763742956953181,0.1923048197579965,0.0198535181116312,0.4179487179487179,0.5820512820512821,0.4135158509252556,0.5864841490747444
E0,1617,2017-01-31,Arsenal,Watford,1,2,A,fpl-team-1,hist-team-watford,0.7803834724509303,0.1474457252096228,0.0721708023394469,0.7943027481802356,0.1414796823241783,0.0642175694955861,0.0216741599142551,0.6271604938271605,0.3728395061728394,0.6342754341033365,0.3657245658966634
E0,1617,2017-01-31,Bournemouth,Crystal Palace,0,2,A,fpl-team-3,fpl-team-8,0.4607356671923323,0.2783056486797614,0.2609586841279064,0.4643855832908067,0.2767268592903448,0.2588875574188484,0.0192726514069363,0.5065616797900262,0.4934383202099738,0.5068900892950844,0.4931099107049156
E0,1617,2017-01-31,Burnley,Leicester,1,0,H,hist-team-burnley,hist-team-leicester,0.3380616060300314,0.3010861178704967,0.3608522760994718,0.3381940454220947,0.3001784889408069,0.3616274656370982,0.0189568274654448,0.4304123711340206,0.5695876288659795,0.4268431462806499,0.5731568537193501
E0,1617,2017-01-31,Liverpool,Chelsea,1,1,D,fpl-team-14,fpl-team-6,0.3713496200464736,0.2979966086792689,0.3306537712742573,0.3723596346473621,0.2970587243301884,0.3305816410224494,0.0178645169362425,0.4712041884816754,0.5287958115183247,0.4697469746961598,0.5302530253038402
E0,1617,2017-01-31,Middlesbrough,West Brom,1,1,D,hist-team-middlesbrough,hist-team-west-brom,0.359229171805256,0.3187861524629424,0.3219846757318014,0.3599741488179627,0.3183677355359566,0.3216581156460806,0.0193554167635738,0.355072463768116,0.6449275362318841,0.3471298632054545,0.6528701367945454
E0,1617,2017-01-31,Sunderland,Tottenham,0,0,D,fpl-team-20,fpl-team-19,0.1076554012000652,0.1838770688436229,0.7084675299563118,0.1013575346062679,0.1795880952722109,0.7190543701215212,0.0192699383478611,0.598984771573604,0.401015228426396,0.6045912894235197,0.3954087105764803
E0,1617,2017-01-31,Swansea,Southampton,2,1,H,hist-team-swansea,hist-team-southampton,0.2967777624118379,0.2887567418061125,0.4144654957820495,0.2956902750510815,0.2874321756657472,0.4168775492831714,0.0200008898973464,0.4647519582245431,0.5352480417754569,0.4630035626256049,0.5369964373743951
E0,1617,2017-02-01,Man United,Hull,0,0,D,fpl-team-16,hist-team-hull,0.8133253184426011,0.1302203359243242,0.0564543456330746,0.8283237352414969,0.1236047240496187,0.0480715407088843,0.0220707189291715,0.4128205128205128,0.5871794871794872,0.4077816051400617,0.5922183948599383
E0,1617,2017-02-01,Stoke,Everton,1,1,D,hist-team-stoke,fpl-team-9,0.3410148617443306,0.2905322991296109,0.3684528391260583,0.3412408881598302,0.2892664581564489,0.3694926536837208,0.0199377269018441,0.4750656167979003,0.5249343832020998,0.4737569060807899,0.5262430939192101
E0,1617,2017-02-01,West Ham,Man City,0,4,A,hist-team-west-ham,fpl-team-15,0.1690720534217139,0.2192532564920856,0.6116746900862006,0.1640431972914422,0.2157180386243331,0.6202387640842247,0.0208267554407939,0.6035353535353536,0.3964646464646465,0.6092663166716877,0.3907336833283123
E0,1617,2017-02-04,Chelsea,Arsenal,3,1,H,fpl-team-6,fpl-team-1,0.4939337780653817,0.2728529368916414,0.2332132850429768,0.4985060833924123,0.2711240683124322,0.2303698482951553,0.0191644036676734,0.5078947368421052,0.4921052631578948,0.5083123216311592,0.4916876783688407
E0,1617,2017-02-04,Crystal Palace,Sunderland,0,4,A,fpl-team-8,fpl-team-20,0.5691131795419551,0.2517804380696083,0.1791063823884364,0.5760860527046308,0.2493436944670558,0.1745702528283133,0.0199754403438419,0.481578947368421,0.5184210526315789,0.4805830628839423,0.5194169371160577
E0,1617,2017-02-04,Everton,Bournemouth,6,3,H,fpl-team-9,fpl-team-3,0.5617083566538942,0.2488397124036682,0.1894519309424376,0.5686967552657536,0.2462336306094184,0.1850696141248278,0.0206637475639581,0.5275590551181102,0.4724409448818897,0.5290215588778682,0.4709784411221318
E0,1617,2017-02-04,Hull,Liverpool,2,0,H,hist-team-hull,fpl-team-14,0.1297425052867271,0.2153667537421735,0.6548907409710992,0.1239185689991891,0.2119064930697924,0.6641749379310183,0.0196172348223626,0.5520833333333334,0.4479166666666666,0.5548486178134774,0.4451513821865228
E0,1617,2017-02-04,Southampton,West Ham,1,3,A,hist-team-southampton,hist-team-west-ham,0.5223891977760127,0.2677426528991263,0.209868149324861,0.5280703951225647,0.2657573067722589,0.2061722981051763,0.0202591746347025,0.4776902887139108,0.5223097112860893,0.4765310066806216,0.5234689933193785
E0,1617,2017-02-04,Tottenham,Middlesbrough,1,0,H,fpl-team-19,hist-team-middlesbrough,0.7581870611067915,0.1671697165981988,0.0746432222950097,0.7703804928967983,0.1622475501993077,0.0673719569038939,0.0198512914357706,0.5392670157068064,0.4607329842931937,0.5413724624964675,0.4586275375035324
E0,1617,2017-02-04,Watford,Burnley,2,1,H,hist-team-watford,hist-team-burnley,0.4537551877775597,0.2950800607633211,0.2511647514591192,0.4572980452501593,0.2939488881220858,0.2487530666277548,0.0198002748657017,0.4025316455696203,0.5974683544303797,0.3973989979611039,0.6026010020388961
E0,1617,2017-02-04,West Brom,Stoke,1,0,H,hist-team-west-brom,hist-team-stoke,0.4168738471409095,0.2990616729489133,0.2840644799101772,0.4192631227276298,0.2980802628485204,0.2826566144238499,0.0192347331903874,0.4241645244215937,0.5758354755784061,0.4201839826919595,0.5798160173080403
E0,1617,2017-02-05,Leicester,Man United,0,3,A,hist-team-leicester,fpl-team-16,0.1727160573988702,0.2536198948120252,0.5736640477891046,0.1682426275958044,0.251361091999409,0.5803962804047865,0.0189164828043431,0.4633507853403141,0.5366492146596858,0.4614165633234023,0.5385834366765977
E0,1617,2017-02-05,Man City,Swansea,2,1,H,fpl-team-15,hist-team-swansea,0.7894843269221048,0.1395899824412997,0.0709256906365955,0.802484462285914,0.1339212736927467,0.0635942640213392,0.0197913320735096,0.6789838337182448,0.3210161662817551,0.68964420301222,0.3103557969877801
E0,1617,2017-02-11,Arsenal,Hull,2,0,H,fpl-team-1,hist-team-hull,0.7518258731650879,0.1625569455492082,0.0856171812857039,0.7640301165601214,0.1574601734021223,0.0785097100377563,0.0200897585600614,0.628992628992629,0.3710073710073709,0.6358133278402398,0.3641866721597601
E0,1617,2017-02-11,Liverpool,Tottenham,2,0,H,fpl-team-14,fpl-team-19,0.4296362799610704,0.2881393015307778,0.2822244185081518,0.4324366108884578,0.2868245437713764,0.2807388453401658,0.0195590872317552,0.5,0.5,0.5,0.5
E0,1617,2017-02-11,Man United,Watford,2,0,H,fpl-team-16,hist-team-watford,0.7700079817219531,0.155494342027858,0.0744976762501889,0.7826798726784221,0.1501835664556699,0.0671365608659079,0.0200985377887263,0.5721649484536083,0.4278350515463917,0.5759795940521147,0.4240204059478852
E0,1617,2017-02-11,Middlesbrough,Everton,0,0,D,hist-team-middlesbrough,fpl-team-9,0.2598091588991637,0.2930774048557639,0.4471134362450724,0.2576111561385076,0.291867402236984,0.4505214416245084,0.0201580717694014,0.4122137404580152,0.5877862595419847,0.4078082411430074,0.5921917588569927
E0,1617,2017-02-11,Stoke,Crystal Palace,1,0,H,hist-team-stoke,fpl-team-8,0.4570378312145811,0.2856486445091132,0.2573135242763057,0.4608935063829588,0.284158063369621,0.2549484302474202,0.0209853260312229,0.4609375,0.5390625,0.4590600180182522,0.5409399819817476
E0,1617,2017-02-11,Sunderland,Southampton,0,4,A,fpl-team-20,hist-team-southampton,0.2550075428934394,0.2795417962913505,0.4654506608152099,0.2525104908883206,0.2778197152122899,0.4696697938993895,0.0215079721529036,0.4607329842931937,0.5392670157068064,0.4586275375035324,0.5413724624964675
E0,1617,2017-02-11,West Ham,West Brom,2,2,D,hist-team-west-ham,hist-team-west-brom,0.4325889289322496,0.2945850988434338,0.2728259722243166,0.4356365445788571,0.2933928475722184,0.2709706078489243,0.0206651499029248,0.4647519582245431,0.5352480417754569,0.4630035626256049,0.5369964373743951
E0,1617,2017-02-12,Burnley,Chelsea,1,1,D,hist-team-burnley,fpl-team-6,0.1159140569388716,0.208192709642919,0.6758932334182092,0.1092111273465739,0.2042049058734065,0.6865839667800196,0.0213006320409476,0.4986876640419947,0.5013123359580053,0.4986222099750107,0.5013777900249893
E0,1617,2017-02-12,Swansea,Leicester,2,0,H,hist-team-swansea,hist-team-leicester,0.3985283377011916,0.2946175748036416,0.3068540874951667,0.4005236464030774,0.2934335553386099,0.3060427982583126,0.0205963032785803,0.4738219895287958,0.5261780104712042,0.4725131249860944,0.5274868750139057
E0,1617,2017-02-13,Bournemouth,Man City,0,2,A,fpl-team-3,fpl-team-15,0.1385579295406228,0.2011418683037192,0.6603002021556578,0.1321639488906761,0.1967131285837667,0.6711229225255572,0.0225332616828382,0.6237623762376239,0.3762376237623762,0.6305346699902831,0.369465330009717
E0,1617,2017-02-25,Chelsea,Swansea,3,1,H,fpl-team-6,hist-team-swansea,0.7698142895432537,0.1557067737749299,0.0744789366818163,0.7825649147119773,0.1503655216839371,0.0670695636040855,0.0202376886736601,0.5892857142857143,0.4107142857142857,0.5941087897737051,0.405891210226295
E0,1617,2017-02-25,Crystal Palace,Middlesbrough,1,0,H,fpl-team-8,hist-team-middlesbrough,0.4570837642192348,0.3076525336091003,0.2352637021716649,0.460929608019381,0.3068436309438934,0.2322267610367256,0.0209391815587878,0.3526570048309178,0.6473429951690821,0.3441014107271036,0.6558985892728963
E0,1617,2017-02-25,Everton,Sunderland,2,0,H,fpl-team-9,fpl-team-20,0.6851281925524481,0.1929938570570276,0.1218779503905244,0.6962784094372407,0.1884774930605328,0.1152440975022263,0.0216274335980415,0.5820512820512821,0.4179487179487179,0.5864841490747444,0.4135158509252556
E0,1617,2017-02-25,Hull,Burnley,1,1,D,hist-team-hull,hist-team-burnley,0.444771092168826,0.2983557636908894,0.2568731441402845,0.4481609926454347,0.2972864585742358,0.2545525487803294,0.0204771813005208,0.413265306122449,0.586734693877551,0.40874932902166,0.59125067097834
E0,1617,2017-02-25,Watford,West Ham,1,1,D,hist-team-watford,hist-team-west-ham,0.3729536743312251,0.2976679947302014,0.3293783309385734,0.3742275752905085,0.2965226753609681,0.3292497493485232,0.0216579341795295,0.4764397905759163,0.5235602094240838,0.4752747252712324,0.5247252747287677
E0,1617,2017-02-25,West Brom,Bournemouth,2,1,H,hist-team-west-brom,fpl-team-3,0.4642683834233768,0.2834913137717964,0.2522403028048267,0.4682181526732875,0.2819830074081892,0.2497988399185233,0.0203060621861368,0.4738219895287958,0.5261780104712042,0.4725131249860944,0.5274868750139057
E0,1617,2017-02-26,Tottenham,Stoke,4,0,H,fpl-team-19,hist-team-stoke,0.6765732244780002,0.2005707680080919,0.1228560075139079,0.6870224941358511,0.196464424675105,0.1165130811890438,0.0207425178959965,0.5747422680412371,0.4252577319587629,0.5788150563967673,0.4211849436032326
E0,1617,2017-02-27,Leicester,Liverpool,3,1,H,hist-team-leicester,fpl-team-14,0.1696405428663259,0.2376647209463872,0.5926947361872867,0.1646143465919516,0.2346792585935463,0.600706394814502,0.0208989104721695,0.5392670157068064,0.4607329842931937,0.5413724624964675,0.4586275375035324
E0,1617,2017-03-04,Leicester,Hull,3,1,H,hist-team-leicester,hist-team-hull,0.5208073413087948,0.2706442644441771,0.2085483942470282,0.5260969564811885,0.2688621135276672,0.2050409299911443,0.0190096829319372,0.4633507853403141,0.5366492146596858,0.4614165633234023,0.5385834366765977
E0,1617,2017-03-04,Liverpool,Arsenal,3,1,H,fpl-team-14,fpl-team-1,0.4558225386947211,0.2740129791013851,0.2701644822038938,0.4594441104689515,0.2722585633785515,0.2682973261524969,0.019893878372386,0.5558441558441558,0.4441558441558441,0.5587528010118651,0.4412471989881348
E0,1617,2017-03-04,Man United,Bournemouth,1,1,D,fpl-team-16,fpl-team-3,0.7689182943737687,0.1562842061735302,0.0747974994527012,0.782032943200957,0.1507923347074475,0.0671747220915954,0.0208797671366482,0.6045340050377834,0.3954659949622167,0.6101380042436351,0.3898619957563648
E0,1617,2017-03-04,Stoke,Middlesbrough,2,0,H,hist-team-stoke,hist-team-middlesbrough,0.4932109550269785,0.2896871573200626,0.2171018876529589,0.4979409266705335,0.2883821455023211,0.2136769278271452,0.0199344519060105,0.398989898989899,0.601010101010101,0.3936283373992048,0.6063716626007953
E0,1617,2017-03-04,Swansea,Burnley,3,2,H,hist-team-swansea,hist-team-burnley,0.4779950715671368,0.2859434803124836,0.2360614481203795,0.4823897377117896,0.2844950859994708,0.2331151762887395,0.0204599173739552,0.4389610389610389,0.5610389610389611,0.4356234933220219,0.5643765066779782
E0,1617,2017-03-04,Watford,Southampton,3,4,A,hist-team-watford,hist-team-southampton,0.273882331700932,0.2930874952043511,0.4330301730947169,0.2721055013472356,0.2918811268004606,0.4360133718523037,0.0201336361933499,0.423076923076923,0.5769230769230769,0.4191919191932207,0.5808080808067793
E0,1617,2017-03-04,West Brom,Crystal Palace,0,2,A,hist-team-west-brom,fpl-team-8,0.439106531508927,0.2995773532724454,0.2613161152186277,0.442244753922854,0.2985714591347987,0.2591837869423472,0.0199657694902271,0.3999999999999999,0.6,0.3945147679287147,0.6054852320712854
E0,1617,2017-03-05,Sunderland,Man City,0,2,A,fpl-team-20,fpl-team-15,0.091490119976367,0.1609859540151767,0.7475239260084563,0.0849043176033211,0.1561417830310696,0.7589538993656092,0.0189397388603538,0.6498800959232613,0.3501199040767386,0.6579639084106205,0.3420360915893796
E0,1617,2017-03-05,Tottenham,Everton,3,2,H,fpl-team-19,fpl-team-9,0.5887206472406762,0.2393054002499507,0.1719739525093731,0.5967222353307248,0.2363294637601004,0.1669483009091747,0.0211967383511364,0.5404699738903395,0.4595300261096606,0.5425450153677878,0.4574549846322122
E0,1617,2017-03-06,West Ham,Chelsea,1,2,A,hist-team-west-ham,fpl-team-6,0.1674741552229594,0.2391297639253202,0.5933960808517204,0.162532148176775,0.2362754412388973,0.6011924105843277,0.0202767791924998,0.5196850393700787,0.4803149606299213,0.5206987911941695,0.4793012088058304
E0,1617,2017-03-08,Man City,Stoke,0,0,D,fpl-team-15,hist-team-stoke,0.7775176150945385,0.1473569594092885,0.075125425496173,0.7926101889670633,0.1408415684102521,0.0665482426226845,0.0237087719142436,0.6555023923444976,0.3444976076555024,0.6647404704280386,0.3352595295719614
E0,1617,2017-03-11,Bournemouth,West Ham,3,2,H,fpl-team-3,hist-team-west-ham,0.3706549694684191,0.2840225949476939,0.3453224355838869,0.3718092282180238,0.2824993572904218,0.3456914144915543,0.0208416514797136,0.5520833333333334,0.4479166666666666,0.5548486178134774,0.4451513821865228
E0,1617,2017-03-11,Everton,West Brom,3,0,H,fpl-team-9,hist-team-west-brom,0.5760358976432065,0.2524881756073897,0.1714759267494037,0.583178440501109,0.2500798465202489,0.1667417129786421,0.0198887404985725,0.4698162729658792,0.5301837270341206,0.468195143536739,0.5318048564632609
E0,1617,2017-03-11,Hull,Swansea,2,1,H,hist-team-hull,hist-team-swansea,0.3814623076377562,0.2948727040635416,0.3236649882987022,0.382902756078912,0.2937230221077871,0.3233742218133008,0.0201423950493335,0.4659685863874345,0.5340314136125655,0.4641991628173292,0.5358008371826707
E0,1617,2017-03-12,Liverpool,Burnley,2,1,H,fpl-team-14,hist-team-burnley,0.7748623638280426,0.1525125922455194,0.0726250439264378,0.7882689078214717,0.1468508764580052,0.0648802157205229,0.0210971254855394,0.6140350877192983,0.3859649122807017,0.6205936920237535,0.3794063079762464
E0,1617,2017-03-18,Bournemouth,Swansea,2,0,H,fpl-team-3,hist-team-swansea,0.4443311020602667,0.2814531320968258,0.2742157658429074,0.4477925664855615,0.2798342718363312,0.2723731616781072,0.0209915029117837,0.5509138381201044,0.4490861618798955,0.5537308497832173,0.4462691502167826
E0,1617,2017-03-18,Crystal Palace,Watford,1,0,H,fpl-team-8,hist-team-watford,0.5003099070278917,0.2808757372788163,0.218814355693292,0.5054065387084422,0.2792612842310519,0.2153321770605059,0.0205716339405626,0.4389610389610389,0.5610389610389611,0.4356234933220219,0.5643765066779782
E0,1617,2017-03-18,Everton,Hull,4,0,H,fpl-team-9,hist-team-hull,0.6341046072681303,0.2252936369352651,0.1406017557966045,0.6440402204934652,0.2216647180319081,0.1342950614746266,0.0224600485526025,0.5275590551181102,0.4724409448818897,0.5290215588778682,0.4709784411221318
E0,1617,2017-03-18,Stoke,Chelsea,1,2,A,hist-team-stoke,fpl-team-6,0.1565658823470974,0.2435910809105855,0.599843036742317,0.1510900839000093,0.2407472059356565,0.6081627101643341,0.0211498048156499,0.4738219895287958,0.5261780104712042,0.4725131249860944,0.5274868750139057
E0,1617,2017-03-18,Sunderland,Burnley,0,0,D,fpl-team-20,hist-team-burnley,0.3773817280340712,0.2976862078281183,0.3249320641378105,0.3787961687981271,0.2965429350078107,0.324660896194062,0.0216265944764018,0.4415584415584415,0.5584415584415584,0.4384404924803881,0.5615595075196119
E0,1617,2017-03-18,West Brom,Arsenal,3,1,H,hist-team-west-brom,fpl-team-1,0.1886034828914375,0.2499978458118274,0.5613986712967352,0.1841351439832647,0.2473906285997791,0.5684742274169562,0.0209544759709388,0.5328083989501312,0.4671916010498688,0.5345934576824739,0.4654065423175261
E0,1617,2017-03-18,West Ham,Leicester,2,3,A,hist-team-west-ham,hist-team-leicester,0.4171505479715439,0.2830224956739088,0.2998269563545472,0.4197840107858288,0.2814434510067241,0.2987725382074471,0.0211490953806787,0.5275590551181102,0.4724409448818897,0.5290215588778682,0.4709784411221318
E0,1617,2017-03-19,Man City,Liverpool,1,1,D,fpl-team-15,fpl-team-14,0.4865155326966492,0.2625850957294244,0.2508993715739264,0.4914571356109927,0.2603002867957622,0.2482425775932451,0.0217346777208149,0.5736434108527132,0.4263565891472868,0.5778050778140774,0.4221949221859226
E0,1617,2017-03-19,Middlesbrough,Man United,1,3,A,hist-team-middlesbrough,fpl-team-16,0.1684263435235241,0.2611296715664448,0.5704439849100311,0.1631333076014195,0.2587560191436235,0.5781106732549569,0.0218862995970994,0.4352331606217616,0.5647668393782384,0.4317387505491079,0.5682612494508922
E0,1617,2017-03-19,Tottenham,Southampton,2,1,H,fpl-team-19,hist-team-southampton,0.5651671197644643,0.2521743054067163,0.1826585748288192,0.5722119795063917,0.2496836559956808,0.1781043644979274,0.0205269467551261,0.5052631578947367,0.4947368421052631,0.5055407801420785,0.4944592198579216
E0,1617,2017-04-01,Burnley,Tottenham,0,2,A,hist-team-burnley,fpl-team-19,0.1745555299007157,0.2539829138767028,0.5714615562225813,0.1696689417362237,0.2514949473119118,0.5788361109518645,0.0209383172914385,0.4724409448818897,0.5275590551181102,0.4709784411221318,0.5290215588778682
E0,1617,2017-04-01,Chelsea,Crystal Palace,1,2,A,fpl-team-6,fpl-team-8,0.7481835449098063,0.1728655121813271,0.0789509429088666,0.7618262361293109,0.1674026260827602,0.0707711377879287,0.0228120600804686,0.5249343832020998,0.4750656167979003,0.5262430939192101,0.4737569060807899
E0,1617,2017-04-01,Hull,West Ham,2,1,H,hist-team-hull,hist-team-west-ham,0.3909482368050932,0.2876345886403839,0.321417174554523,0.392832235427024,0.2861426264983292,0.3210251380746468,0.0220260452479124,0.5184210526315789,0.481578947368421,0.5194169371160577,0.4805830628839423
E0,1617,2017-04-01,Leicester,Stoke,2,0,H,hist-team-leicester,hist-team-stoke,0.470442048132543,0.2789830750553452,0.2505748768121116,0.4747247621218175,0.2772804593127462,0.2479947785654362,0.0210347406100481,0.4842105263157894,0.5157894736842105,0.4833629103791193,0.5166370896208807
E0,1617,2017-04-01,Liverpool,Everton,3,1,H,fpl-team-14,fpl-team-9,0.5642852222630419,0.243473319250551,0.192241458486407,0.5715821987173696,0.2406149700707238,0.1878028312119065,0.0213425324764102,0.5483028720626633,0.4516971279373368,0.5509221029460813,0.4490778970539186
E0,1617,2017-04-01,Man United,West Brom,0,0,D,fpl-team-16,hist-team-west-brom,0.7062630682201413,0.1960240352611004,0.0977128965187581,0.7176759251576257,0.1917101973429082,0.0906138774994661,0.0209870934486389,0.513157894736842,0.4868421052631579,0.5138600138599122,0.4861399861400877
E0,1617,2017-04-01,Southampton,Bournemouth,0,0,D,hist-team-southampton,fpl-team-3,0.5854358712640745,0.2406302829255845,0.173933845810341,0.5932332657571605,0.2377348521802504,0.1690318820625891,0.0209168114233762,0.5483028720626633,0.4516971279373368,0.5509221029460813,0.4490778970539186
E0,1617,2017-04-01,Watford,Sunderland,1,0,H,hist-team-watford,fpl-team-20,0.5209744975727222,0.2692677178465755,0.2097577845807021,0.5270044383376258,0.2671922404737862,0.2058033211885879,0.0216817883774638,0.4645669291338583,0.5354330708661418,0.4626121635107728,0.5373878364892272
E0,1617,2017-04-02,Arsenal,Man City,2,2,D,fpl-team-1,fpl-team-15,0.3111716289613412,0.2647537616577158,0.424074609380943,0.3104517663310194,0.2625475498280148,0.4270006838409658,0.0217191507108509,0.598984771573604,0.401015228426396,0.6045912894235197,0.3954087105764803
E0,1617,2017-04-02,Swansea,Middlesbrough,0,0,D,hist-team-swansea,hist-team-middlesbrough,0.4877647711739858,0.2834503242515493,0.2287849045744648,0.4924409349589777,0.2819295123881284,0.2256295526528938,0.02039768663235,0.4363636363636364,0.5636363636363637,0.4327956989315679,0.567204301068432
E0,1617,2017-04-04,Burnley,Stoke,1,0,H,hist-team-burnley,hist-team-stoke,0.3923358736751366,0.310071900162608,0.2975922261622554,0.3941052365736,0.3093735586144241,0.2965212048119758,0.0201776812318712,0.4025316455696203,0.5974683544303797,0.3973989979611039,0.6026010020388961
E0,1617,2017-04-04,Leicester,Sunderland,2,0,H,hist-team-leicester,fpl-team-20,0.663598365660076,0.2138261400460245,0.1225754942938993,0.6732576814216661,0.210266627979817,0.1164756905985167,0.0199022833257913,0.5392670157068064,0.4607329842931937,0.5413724624964675,0.4586275375035324
E0,1617,2017-04-04,Man United,Everton,1,1,D,fpl-team-16,fpl-team-9,0.6133415819958772,0.2342934996918557,0.1523649183122669,0.6213677245456771,0.2314176945362223,0.1472145809181005,0.0194057098124176,0.5065616797900262,0.4934383202099738,0.5068900892950844,0.4931099107049156
E0,1617,2017-04-04,Watford,West Brom,2,0,H,hist-team-watford,hist-team-west-brom,0.3863210235647883,0.306350111043415,0.3073288653917965,0.3878796400330783,0.3055564607615187,0.3065638992054029,0.0197886095847934,0.4107142857142857,0.5892857142857143,0.405891210226295,0.5941087897737051
E0,1617,2017-04-05,Arsenal,West Ham,3,0,H,fpl-team-1,hist-team-west-ham,0.6884515046480582,0.1872695873700197,0.1242789079819221,0.7003472075436733,0.1823079303216166,0.11734486213471,0.0228848680853843,0.6635071090047394,0.3364928909952606,0.673541247495417,0.326458752504583
E0,1617,2017-04-05,Chelsea,Man City,2,1,H,fpl-team-6,fpl-team-15,0.4045202969969702,0.2811475377955482,0.3143321652074818,0.4067979767716924,0.2794806488442529,0.3137213743840547,0.0215449124807491,0.5456919060052219,0.4543080939947781,0.5481218720770542,0.4518781279229459
E0,1617,2017-04-05,Hull,Middlesbrough,4,2,H,hist-team-hull,hist-team-middlesbrough,0.4685295588428269,0.2937264818433623,0.2377439593138106,0.4726667012311807,0.2925053495677845,0.2348279492010347,0.0206103683449327,0.4025316455696203,0.5974683544303797,0.3973989979611039,0.6026010020388961
E0,1617,2017-04-05,Liverpool,Bournemouth,2,2,D,fpl-team-14,fpl-team-3,0.6954775364474859,0.1881880392740255,0.1163344242784885,0.7067873608133479,0.1835820201610199,0.1096306190256321,0.0213321632472798,0.6399026763990268,0.3600973236009733,0.6477237694192612,0.3522762305807387
E0,1617,2017-04-05,Southampton,Crystal Palace,3,1,H,hist-team-southampton,fpl-team-8,0.5246843253035242,0.2697113245240026,0.2056043501724731,0.5305910370756556,0.2677303315389873,0.201678631385357,0.0208215296734124,0.4619422572178477,0.5380577427821522,0.4598115299356801,0.5401884700643199
E0,1617,2017-04-05,Swansea,Tottenham,1,3,A,hist-team-swansea,fpl-team-19,0.1904905485329931,0.251327844137771,0.5581816073292357,0.1860892789829232,0.2487680451959484,0.5651426758211284,0.0209066602401435,0.5210526315789473,0.4789473684210527,0.5222000222007822,0.4777999777992177
E0,1617,2017-04-08,Bournemouth,Chelsea,1,3,A,fpl-team-3,fpl-team-6,0.1546470066907546,0.2385103088265371,0.6068426844827082,0.1489789975362439,0.2354335000855439,0.615587502378212,0.0216771701816469,0.5275590551181102,0.4724409448818897,0.5290215588778682,0.4709784411221318
E0,1617,2017-04-08,Man City,Hull,3,1,H,fpl-team-15,hist-team-hull,0.7993211742602888,0.1345281078698943,0.066150717869817,0.8140888891193746,0.1280212041946437,0.0578899066859817,0.0222021783702075,0.6751740139211136,0.3248259860788863,0.6853215513260904,0.3146784486739095
E0,1617,2017-04-08,Middlesbrough,Burnley,0,0,D,hist-team-middlesbrough,hist-team-burnley,0.3964235294117647,0.3074823529411764,0.2960941176470588,0.3984102462961839,0.306667459025907,0.2949222946779091,0.0211976869031786,0.3904282115869018,0.6095717884130982,0.3840309251015791,0.6159690748984209
E0,1617,2017-04-08,Stoke,Liverpool,1,2,A,hist-team-stoke,fpl-team-14,0.2398145421423533,0.2657224843682585,0.4944629734893883,0.2368649526190452,0.2635802664298627,0.499554780951092,0.0212913857540115,0.5157068062827225,0.4842931937172774,0.5164631636708809,0.4835368363291191
E0,1617,2017-04-08,Tottenham,Watford,4,0,H,fpl-team-19,hist-team-watford,0.7714667101505883,0.1568227410797917,0.0717105487696199,0.7862507072028252,0.1506435002359571,0.0631057925612177,0.0235653072595596,0.601010101010101,0.398989898989899,0.6063716626007953,0.3936283373992048
E0,1617,2017-04-08,West Brom,Southampton,0,1,A,hist-team-west-brom,hist-team-southampton,0.3187250996015935,0.298804780876494,0.3824701195219123,0.3182267988336012,0.297631397165133,0.3841418040012658,0.022923297714442,0.4252577319587629,0.5747422680412371,0.4211849436032326,0.5788150563967673
E0,1617,2017-04-08,West Ham,Swansea,1,0,H,hist-team-west-ham,hist-team-swansea,0.4584521243307142,0.2761282247409777,0.2654196509283082,0.4625142150274053,0.2742692071596903,0.2632165778129043,0.0218656382057815,0.5301837270341206,0.4698162729658792,0.5318048564632609,0.468195143536739
E0,1617,2017-04-09,Everton,Leicester,4,2,H,fpl-team-9,hist-team-leicester,0.5533523196082085,0.2532538393974076,0.1933938409943839,0.5606538690873479,0.2505733761907163,0.1887727547219357,0.0224263006821274,0.5301837270341206,0.4698162729658792,0.5318048564632609,0.468195143536739
E0,1617,2017-04-09,Sunderland,Man United,0,3,A,fpl-team-20,fpl-team-16,0.0962233889311713,0.1907182139893276,0.7130583970795009,0.0881550197678153,0.1856309131336231,0.7262140670985614,0.0238712858408689,0.5430809399477807,0.4569190600522194,0.5453296703241303,0.4546703296758698
E0,1617,2017-04-10,Crystal Palace,Arsenal,3,0,H,fpl-team-8,fpl-team-1,0.220665847484544,0.2514429262126515,0.5278912263028043,0.2167723876731128,0.2485947842360605,0.5346328280908267,0.0233936379663646,0.5784061696658098,0.4215938303341903,0.5826558265500098,0.4173441734499901
E0,1617,2017-04-15,Crystal Palace,Leicester,2,2,D,fpl-team-8,hist-team-leicester,0.5404741884601457,0.2585511658309345,0.2009746457089197,0.5474578813373899,0.256009229503586,0.1965328891590239,0.0227752504870295,0.4855643044619423,0.5144356955380577,0.4848317705468475,0.5151682294531524
E0,1617,2017-04-15,Everton,Burnley,3,1,H,fpl-team-9,hist-team-burnley,0.6644113462008492,0.2130851533472656,0.1225035004518851,0.6755471067850894,0.2089551856840474,0.115497707530863,0.0229619536548852,0.5196850393700787,0.4803149606299213,0.5206987911941695,0.4793012088058304
E0,1617,2017-04-15,Southampton,Man City,0,3,A,hist-team-southampton,fpl-team-15,0.2149506005273832,0.2446368727229809,0.5404125267496359,0.2109587075301117,0.2416273774392209,0.5474139150306673,0.0228285510092973,0.5784061696658098,0.4215938303341903,0.5826558265500098,0.4173441734499901
E0,1617,2017-04-15,Stoke,Hull,3,1,H,hist-team-stoke,hist-team-hull,0.48546056068257,0.281281560160195,0.2332578791572349,0.490621364245359,0.2795044977086364,0.2298741380460045,0.0228774790884926,0.4569190600522194,0.5430809399477807,0.4546703296758698,0.5453296703241303
E0,1617,2017-04-15,Sunderland,West Ham,2,2,D,fpl-team-20,hist-team-west-ham,0.3015106512335758,0.2811143424736575,0.4173750062927666,0.3004149498796374,0.2793228200915137,0.4202622300288487,0.023146619554609,0.5275590551181102,0.4724409448818897,0.5290215588778682,0.4709784411221318
E0,1617,2017-04-15,Tottenham,Bournemouth,4,0,H,fpl-team-19,fpl-team-3,0.7575953719810673,0.1554674541850398,0.0869371738338929,0.7726234074426441,0.1490060622860238,0.0783705302713321,0.0245863220188766,0.6635071090047394,0.3364928909952606,0.673541247495417,0.326458752504583
E0,1617,2017-04-15,Watford,Swansea,1,0,H,hist-team-watford,hist-team-swansea,0.3846129256539147,0.2953065187683308,0.3200805555777545,0.3864539185580122,0.2939432055399292,0.3196028759020585,0.0242051857057958,0.4581151832460733,0.5418848167539266,0.455831608003748,0.544168391996252
E0,1617,2017-04-16,Man United,Chelsea,2,0,H,fpl-team-16,fpl-team-6,0.363464948076436,0.3034643852193735,0.3330706667041904,0.3644957940962149,0.3024436180568136,0.3330605878469715,0.0230635821353644,0.4241645244215937,0.5758354755784061,0.4201839826919595,0.5798160173080403
E0,1617,2017-04-16,West Brom,Liverpool,0,1,A,hist-team-west-brom,fpl-team-14,0.2229264561250136,0.265654026882308,0.5114195169926784,0.2191917942325347,0.2633446859540202,0.5174635198134451,0.0228994485223665,0.4960629921259842,0.5039370078740157,0.495866402115726,0.504133597884274
E0,1617,2017-04-17,Middlesbrough,Arsenal,1,2,A,hist-team-middlesbrough,fpl-team-1,0.1509054325955734,0.2247603266658776,0.6243342407385489,0.1445981310424249,0.2209210975517886,0.6344807714057863,0.0236972500570118,0.5535248041775457,0.4464751958224543,0.5565486042241833,0.4434513957758167
E0,1617,2017-04-22,Bournemouth,Middlesbrough,4,0,H,fpl-team-3,hist-team-middlesbrough,0.5147273372501084,0.2615827451598911,0.2236899175900004,0.5207323043384199,0.2591967513316581,0.2200709443299219,0.0223303721286356,0.5105263157894737,0.4894736842105264,0.5110852455382258,0.4889147544617743
E0,1617,2017-04-22,Hull,Watford,2,0,H,hist-team-hull,hist-team-watford,0.50393476181687,0.2697115626625502,0.2263536755205799,0.5095701224963751,0.2675987717243944,0.2228311057792305,0.0222766101360321,0.4790575916230366,0.5209424083769634,0.4780322376943698,0.5219677623056301
E0,1617,2017-04-22,Swansea,Stoke,2,0,H,hist-team-swansea,hist-team-stoke,0.4394538592243958,0.2868291656015518,0.2737169751740522,0.4429114808693661,0.2853121301145072,0.2717763890161265,0.0219410692807286,0.4593175853018373,0.5406824146981627,0.4570041608954834,0.5429958391045165
E0,1617,2017-04-22,West Ham,Everton,0,0,D,hist-team-west-ham,fpl-team-9,0.2962802422804476,0.2726453511583606,0.4310744065611917,0.2950395396438631,0.2706215824175471,0.4343388779385897,0.0224975817836821,0.5598958333333334,0.4401041666666666,0.5632998486409446,0.4367001513590554
E0,1617,2017-04-23,Burnley,Man United,0,2,A,hist-team-burnley,fpl-team-16,0.1690629164544893,0.2544936455139386,0.5764434380315719,0.1635991398776948,0.251811801127782,0.5845890589945231,0.0226923439186066,0.4415584415584415,0.5584415584415584,0.4384404924803881,0.5615595075196119
E0,1617,2017-04-23,Liverpool,Crystal Palace,1,2,A,fpl-team-14,fpl-team-8,0.6450809649247358,0.21124629400832,0.1436727410669441,0.6544626871649578,0.2075300150714591,0.1380072977635829,0.0204245594795793,0.5794871794871795,0.4205128205128206,0.5836391107142681,0.416360889285732
E0,1617,2017-04-25,Chelsea,Southampton,4,2,H,fpl-team-6,hist-team-southampton,0.6687439655929079,0.2111823049240762,0.1200737294830159,0.6783467222155569,0.2076210762973383,0.1140322014871046,0.0194839749019593,0.5340314136125655,0.4659685863874345,0.5358008371826707,0.4641991628173292
E0,1617,2017-04-26,Arsenal,Leicester,1,0,H,fpl-team-1,hist-team-leicester,0.6005234661671499,0.220882194452285,0.178594339380565,0.6086354574824623,0.2174491805776704,0.1739153619398673,0.0205293046310544,0.6514423076923078,0.3485576923076923,0.6603257411923884,0.3396742588076116
E0,1617,2017-04-26,Crystal Palace,Tottenham,0,1,A,fpl-team-8,fpl-team-19,0.177682419428258,0.2361822823358418,0.5861352982359,0.1730340682897822,0.2332432002341446,0.5937227314760731,0.0202842648141086,0.5846153846153845,0.4153846153846153,0.5893437296864297,0.4106562703135704
E0,1617,2017-04-26,Middlesbrough,Sunderland,1,0,H,hist-team-middlesbrough,fpl-team-20,0.4325830394829239,0.2849656817958727,0.2824512787212033,0.4356316687924912,0.2834796944300322,0.2808886367774766,0.0206716910470277,0.4659685863874345,0.5340314136125655,0.4641991628173292,0.5358008371826707
E0,1617,2017-04-27,Man City,Man United,0,0,D,fpl-team-15,fpl-team-16,0.5113368998015221,0.2619382483996898,0.226724851798788,0.5166696370233276,0.2597914315203582,0.2235389314563143,0.0201832293532788,0.5275590551181102,0.4724409448818897,0.5290215588778682,0.4709784411221318
E0,1617,2017-04-29,Crystal Palace,Burnley,0,2,A,fpl-team-8,hist-team-burnley,0.5319606332480056,0.2689688595074185,0.1990705072445759,0.538513432752739,0.2668228570728737,0.1946637101743872,0.0222800621995702,0.4543080939947781,0.5456919060052219,0.4518781279229459,0.5481218720770542
E0,1617,2017-04-29,Southampton,Hull,0,0,D,hist-team-southampton,hist-team-hull,0.576999879310534,0.2449667006791525,0.1780334200103134,0.5849850877293615,0.2420409370392963,0.1729739752313422,0.0221714745275676,0.5301837270341206,0.4698162729658792,0.5318048564632609,0.468195143536739
E0,1617,2017-04-29,Stoke,West Ham,0,0,D,hist-team-stoke,hist-team-west-ham,0.4566088117489986,0.2790387182910547,0.2643524699599465,0.4609934986744194,0.2771046321388883,0.2619018691866923,0.0239783725701272,0.5091863517060368,0.4908136482939633,0.5096477203811924,0.4903522796188075
E0,1617,2017-04-29,Sunderland,Bournemouth,0,1,A,fpl-team-20,fpl-team-3,0.3244634992217276,0.2750480812368093,0.400488419541463,0.3241646522519675,0.2731156737169985,0.4027196740310341,0.0223884510342031,0.5509138381201044,0.4490861618798955,0.5537308497832173,0.4462691502167826
E0,1617,2017-04-29,West Brom,Leicester,0,1,A,hist-team-west-brom,hist-team-leicester,0.3816219230462838,0.2847924798852863,0.3335855970684299,0.3833463691346184,0.2830621943008184,0.3335914365645631,0.0240885147359222,0.4736842105263157,0.5263157894736842,0.4722222222264194,0.5277777777735805
E0,1617,2017-04-30,Everton,Chelsea,0,3,A,fpl-team-9,fpl-team-6,0.2593831329836715,0.2704050791444508,0.4702117878718776,0.2567677934466897,0.2681749766434041,0.4750572299099062,0.0238675998989492,0.5196850393700787,0.4803149606299213,0.5206987911941695,0.4793012088058304
E0,1617,2017-04-30,Man United,Swansea,1,1,D,fpl-team-16,hist-team-swansea,0.6964323329972615,0.1967241847847934,0.1068434822179449,0.7094210511578187,0.1917111335611439,0.0988678152810373,0.0245778176467865,0.5328083989501312,0.4671916010498688,0.5345934576824739,0.4654065423175261
E0,1617,2017-04-30,Middlesbrough,Man City,2,2,D,hist-team-middlesbrough,fpl-team-15,0.089313748522376,0.1712514962691159,0.7394347552085082,0.0807064991159517,0.1652491857899995,0.7540443150940488,0.0249238139949738,0.6296296296296295,0.3703703703703704,0.6372549019510689,0.362745098048931
E0,1617,2017-04-30,Tottenham,Arsenal,2,0,H,fpl-team-19,fpl-team-1,0.5071483005639383,0.2502464055276126,0.2426052939084489,0.5134577544999777,0.2472279105248269,0.2393143349751954,0.0245012245140969,0.6130653266331658,0.3869346733668342,0.6197572919035071,0.3802427080964928
E0,1617,2017-05-01,Watford,Liverpool,0,1,A,hist-team-watford,fpl-team-14,0.1571004778512708,0.2256466769137357,0.6172528452349934,0.1512140748317384,0.2219795793501882,0.6268063458180734,0.0228344884235411,0.5651041666666667,0.4348958333333333,0.5689864510489147,0.4310135489510853
E0,1617,2017-05-05,West Ham,Tottenham,1,0,H,hist-team-west-ham,fpl-team-19,0.1122988647719999,0.1876775548244383,0.7000235804035618,0.1053505895226277,0.182960539482702,0.7116888709946703,0.0217608823440969,0.5913705583756345,0.4086294416243655,0.5959667315307422,0.4040332684692578
E0,1617,2017-05-06,Bournemouth,Stoke,2,2,D,fpl-team-3,hist-team-stoke,0.4354155958032232,0.2760559973392193,0.2885284068575575,0.4387492464221463,0.274187197922931,0.2870635556549226,0.0219911271706223,0.5494791666666667,0.4505208333333333,0.5520505163905842,0.4479494836094158
E0,1617,2017-05-06,Burnley,West Brom,2,2,D,hist-team-burnley,hist-team-west-brom,0.4276139410187666,0.3002680965147453,0.2721179624664879,0.4306966870609129,0.299183490054507,0.27011982288458,0.022020837990567,0.3884711779448621,0.6115288220551378,0.3823373876229743,0.6176626123770257
E0,1617,2017-05-06,Hull,Sunderland,0,2,A,hist-team-hull,fpl-team-20,0.6586852753460821,0.2108374501659644,0.1304772744879534,0.6700665656569585,0.2064751806961338,0.1234582536469075,0.0238672322593629,0.5366492146596858,0.4633507853403141,0.5385834366765977,0.4614165633234023
E0,1617,2017-05-06,Leicester,Watford,3,0,H,hist-team-leicester,hist-team-watford,0.6075943857069618,0.2388057535863183,0.1535998607067199,0.6161016428028537,0.2358302733133266,0.1480680838838196,0.021022179396823,0.5249343832020998,0.4750656167979003,0.5262430939192101,0.4737569060807899
E0,1617,2017-05-06,Man City,Crystal Palace,5,0,H,fpl-team-15,fpl-team-8,0.7547725222679257,0.1541095021350909,0.0911179755969834,0.7683437336532852,0.1482218040749656,0.0834344622717491,0.0222312663681805,0.7,0.3,0.7116402116394652,0.2883597883605347
E0,1617,2017-05-06,Swansea,Everton,1,0,H,hist-team-swansea,fpl-team-9,0.3474506578947369,0.2837171052631579,0.3688322368421052,0.3478970917313938,0.2821437292295755,0.3699591790390306,0.0214027699548751,0.5118110236220472,0.4881889763779528,0.5124069478901967,0.4875930521098033
E0,1617,2017-05-07,Arsenal,Man United,2,0,H,fpl-team-1,fpl-team-16,0.5002478126738482,0.2660597784858139,0.2336924088403378,0.5053597044311431,0.2639925039252396,0.2306477916436173,0.0206315903924405,0.513157894736842,0.4868421052631579,0.5138600138599122,0.4861399861400877
E0,1617,2017-05-07,Liverpool,Southampton,0,0,D,fpl-team-14,hist-team-southampton,0.6025550893903314,0.2319764145594738,0.1654684960501946,0.6113268747171088,0.2286385592709237,0.1600345660119676,0.0220739797223359,0.5710594315245477,0.4289405684754521,0.5749604753801645,0.4250395246198356
E0,1617,2017-05-08,Chelsea,Middlesbrough,3,0,H,fpl-team-6,hist-team-middlesbrough,0.8278855266213154,0.1209505303376229,0.0511639430410615,0.8430915357831249,0.114121150015462,0.0427873142014129,0.0218544187955558,0.6348039215686274,0.3651960784313725,0.6425202767393866,0.3574797232606134
E0,1617,2017-05-10,Southampton,Arsenal,0,2,A,hist-team-southampton,fpl-team-1,0.2674927953890489,0.2630835734870316,0.4694236311239192,0.2653254469688857,0.2607728286142758,0.4739017244168383,0.0221675098873674,0.5636363636363637,0.4363636363636364,0.567204301068432,0.4327956989315679
E0,1617,2017-05-12,Everton,Watford,1,0,H,fpl-team-9,hist-team-watford,0.660721168048863,0.2096380073678011,0.1296408245833357,0.6713938220126369,0.2055380680544339,0.1230681099329292,0.0222102007828652,0.5520833333333334,0.4479166666666666,0.5548486178134774,0.4451513821865228
E0,1617,2017-05-12,West Brom,Chelsea,0,1,A,hist-team-west-brom,fpl-team-6,0.1013082736698614,0.194003293303014,0.7046884330271246,0.093922169713083,0.1893845615387775,0.7166932687481393,0.0221824703039601,0.5209424083769634,0.4790575916230366,0.5219677623056301,0.4780322376943698
E0,1617,2017-05-13,Bournemouth,Burnley,2,1,H,fpl-team-3,hist-team-burnley,0.4989588862123872,0.2639121381619238,0.2371289756256889,0.5043602195851803,0.2616417131353769,0.2339980672794426,0.0219824267551302,0.5392670157068064,0.4607329842931937,0.5413724624964675,0.4586275375035324
E0,1617,2017-05-13,Man City,Leicester,2,1,H,fpl-team-15,hist-team-leicester,0.7772823280919972,0.1457404365172494,0.0769772353907533,0.7924725028064401,0.1391349655131729,0.068392531680387,0.0238610501401126,0.7013274336283185,0.2986725663716814,0.712641663773939,0.287358336226061
E0,1617,2017-05-13,Middlesbrough,Southampton,1,2,A,hist-team-middlesbrough,hist-team-southampton,0.2493200362647326,0.271985494106981,0.4786944696282865,0.246544236814263,0.2699503112679383,0.4835054519177986,0.0223031230270862,0.4855643044619423,0.5144356955380577,0.4848317705468475,0.5151682294531524
E0,1617,2017-05-13,Stoke,Arsenal,1,4,A,hist-team-stoke,fpl-team-1,0.2100535998841083,0.2394611038678835,0.5504852962480081,0.206026305922615,0.2363757240669943,0.5575979700103907,0.0221149222925305,0.5928753180661578,0.4071246819338422,0.5979077253153859,0.402092274684614
E0,1617,2017-05-13,Sunderland,Swansea,0,2,A,fpl-team-20,hist-team-swansea,0.2373600248544528,0.2605800272858667,0.5020599478596804,0.2343074812746831,0.2582563620108017,0.5074361567145151,0.0214733828324824,0.5144356955380577,0.4855643044619423,0.5151682294531524,0.4848317705468475
E0,1617,2017-05-14,Crystal Palace,Hull,4,0,H,fpl-team-8,hist-team-hull,0.4654726281856686,0.2739638897321363,0.2605634820821949,0.4696878406363804,0.2720676927186335,0.258244466644986,0.0214826308656483,0.4881889763779528,0.5118110236220472,0.4875930521098033,0.5124069478901967
E0,1617,2017-05-14,Tottenham,Man United,2,1,H,fpl-team-19,fpl-team-16,0.5642392791970803,0.2491446167883211,0.1866161040145985,0.5715484691758788,0.2464560438674678,0.1819954869566534,0.0213892040774226,0.4921052631578948,0.5078947368421052,0.4916876783688407,0.5083123216311592
E0,1617,2017-05-14,West Ham,Liverpool,0,4,A,hist-team-west-ham,fpl-team-14,0.1823245142483457,0.2434078540472838,0.5742676317043705,0.1775472229242534,0.2405229806730983,0.5819297964026482,0.0214994410052895,0.5249343832020998,0.4750656167979003,0.5262430939192101,0.4737569060807899
E0,1617,2017-05-15,Chelsea,Watford,4,3,H,fpl-team-6,hist-team-watford,0.7764354321501403,0.147214057471892,0.0763505103779678,0.7892018446107946,0.1417174718041987,0.0690806835850067,0.0199447546619921,0.6481927710843374,0.3518072289156627,0.6565921474738594,0.3434078525261407
E0,1617,2017-05-16,Arsenal,Sunderland,2,0,H,fpl-team-1,fpl-team-20,0.8793420209607086,0.0844478240393984,0.0362101549998931,0.8969530491329109,0.0759098175191714,0.0271371333479177,0.0239215383771806,0.755859375,0.2441406249999999,0.7708010335834417,0.2291989664165583
E0,1617,2017-05-16,Man City,West Brom,3,1,H,fpl-team-15,hist-team-west-brom,0.8512884934894727,0.1057094502904509,0.0430020562200761,0.8665466784540942,0.098655508320902,0.0347978132250038,0.0211814972572028,0.7185501066098081,0.2814498933901919,0.7304199262629936,0.2695800737370064
E0,1617,2017-05-17,Southampton,Man United,0,0,D,hist-team-southampton,fpl-team-16,0.3587543236029825,0.2929278422079398,0.3483178341890776,0.3595832645965015,0.2916111114348936,0.3488056239686049,0.0219937553629279,0.4607329842931937,0.5392670157068064,0.4586275375035324,0.5413724624964675
E0,1617,2017-05-18,Leicester,Tottenham,1,6,A,hist-team-leicester,fpl-team-19,0.2231385508497013,0.2594212420447748,0.5174402071055237,0.2194896121836995,0.2569561211026399,0.5235542667136605,0.0224030732642859,0.5494791666666667,0.4505208333333333,0.5520505163905842,0.4479494836094158
E0,1617,2017-05-21,Arsenal,Everton,3,1,H,fpl-team-1,fpl-team-9,0.6751840219295133,0.1932986514394977,0.1315173266309888,0.6861351720992976,0.1887574752806504,0.1251073526200519,0.0218256351072341,0.6514423076923078,0.3485576923076923,0.6603257411923884,0.3396742588076116
E0,1617,2017-05-21,Burnley,West Ham,1,2,A,hist-team-burnley,hist-team-west-ham,0.4019164226776683,0.2813414958743678,0.3167420814479638,0.4042290102399291,0.2795915736602894,0.3161794160997813,0.0227189349243417,0.5249343832020998,0.4750656167979003,0.5262430939192101,0.4737569060807899
E0,1617,2017-05-21,Chelsea,Sunderland,5,1,H,fpl-team-6,fpl-team-20,0.8343227894602001,0.117438336337727,0.0482388742020729,0.850077494000197,0.1103048561303062,0.0396176498694967,0.0224906045477837,0.6674528301886793,0.3325471698113207,0.6779314838181273,0.3220685161818727
E0,1617,2017-05-21,Hull,Tottenham,1,7,A,hist-team-hull,fpl-team-19,0.1571219515610668,0.2174710647742947,0.6254069836646385,0.151250596589549,0.2135437956144324,0.6352056077960184,0.022771374322474,0.5918367346938775,0.4081632653061224,0.5969827586273991,0.4030172413726008
E0,1617,2017-05-21,Leicester,Bournemouth,1,1,D,hist-team-leicester,fpl-team-3,0.4977014375027895,0.2603778637616774,0.2419206987355331,0.5033815769564136,0.2578517374280737,0.2387666856155127,0.0233070128597319,0.5762273901808785,0.4237726098191214,0.5806628021313719,0.4193371978686282
E0,1617,2017-05-21,Liverpool,Middlesbrough,3,0,H,fpl-team-14,hist-team-middlesbrough,0.8531525338998939,0.1109791914016122,0.035868274698494,0.8711274552383251,0.1026024367193079,0.0262701080423668,0.0256563096772879,0.6546762589928057,0.3453237410071942,0.6640720390727447,0.3359279609272553
E0,1617,2017-05-21,Man United,Crystal Palace,2,0,H,fpl-team-16,fpl-team-8,0.3856860895550782,0.2889732634732912,0.3253406469716306,0.3874532615905894,0.2874783212184063,0.3250684171910042,0.0227467285003513,0.4763157894736842,0.5236842105263159,0.4750131874840955,0.5249868125159045
E0,1617,2017-05-21,Southampton,Stoke,0,1,A,hist-team-southampton,hist-team-stoke,0.5400148059583141,0.2521968882707693,0.2077883057709165,0.5471194400001905,0.2493913635485565,0.2034891964512529,0.0232199318706989,0.5275590551181102,0.4724409448818897,0.5290215588778682,0.4709784411221318
E0,1617,2017-05-21,Swansea,West Brom,2,1,H,hist-team-swansea,hist-team-west-brom,0.4641690073115553,0.2724182777953857,0.2634127148930589,0.468625100493317,0.2703418257855087,0.2610330737211743,0.0229514762759208,0.5196850393700787,0.4803149606299213,0.5206987911941695,0.4793012088058304
E0,1617,2017-05-21,Watford,Man City,0,5,A,hist-team-watford,fpl-team-15,0.0888968410545199,0.1624250756894449,0.7486780832560351,0.0811104116635668,0.1567552926335457,0.7621342957028875,0.0223739095963537,0.6635071090047394,0.3364928909952606,0.673541247495417,0.326458752504583
