league,season,date,home_team_raw,away_team_raw,home_goals,away_goals,result,home_team_id,away_team_id,prob_home_proportional,prob_draw_proportional,prob_away_proportional,prob_home_shin,prob_draw_shin,prob_away_shin,shin_z,prob_over25_proportional,prob_under25_proportional,prob_over25_shin,prob_under25_shin
E0,1718,2017-08-11,Arsenal,Leicester,4,3,H,fpl-team-1,hist-team-leicester,0.6347876972781018,0.2163723302234613,0.1488399724984369,0.6444982834569016,0.2125599380150546,0.1429417785280436,0.021871336735785,0.5903307888040712,0.4096692111959288,0.5950417648369755,0.4049582351630245
E0,1718,2017-08-12,Brighton,Man City,0,2,A,fpl-team-5,fpl-team-15,0.0945597445658848,0.181914937164845,0.72352531826927,0.0863496513492929,0.1764635581229725,0.7371867905277346,0.0241603089962154,0.5820512820512821,0.4179487179487179,0.5864841490747444,0.4135158509252556
E0,1718,2017-08-12,Chelsea,Burnley,2,3,A,fpl-team-6,hist-team-burnley,0.7720040184370964,0.1579678189541253,0.0700281626087783,0.786568692439246,0.1519182391328202,0.0615130684279338,0.0231928487773984,0.5732647814910026,0.4267352185089973,0.5769895726399324,0.4230104273600676
E0,1718,2017-08-12,Crystal Palace,Huddersfield,0,3,A,fpl-team-8,hist-team-huddersfield,0.5283564887313181,0.2732357841724816,0.1984077270962003,0.5349787765649062,0.2711701101262798,0.1938511133088139,0.0229417618829756,0.4490861618798955,0.5509138381201044,0.4462691502167826,0.5537308497832173
E0,1718,2017-08-12,Everton,Stoke,1,0,H,fpl-team-9,hist-team-stoke,0.5664864442403722,0.2594477210748588,0.1740658346847689,0.574210334714196,0.256963574097467,0.1688260911883367,0.0224201708333566,0.4583333333333333,0.5416666666666667,0.4562937062907753,0.5437062937092246
E0,1718,2017-08-12,Southampton,Swansea,0,0,D,hist-team-southampton,hist-team-swansea,0.5922410724878395,0.2483094079962036,0.1594495195159568,0.6016253650132697,0.245172128477483,0.1532025065092473,0.0246107636485248,0.4569190600522194,0.5430809399477807,0.4546703296758698,0.5453296703241303
E0,1718,2017-08-12,Watford,Liverpool,3,3,D,hist-team-watford,fpl-team-14,0.166389180605005,0.2356497015957583,0.5979611177992367,0.1608101587705322,0.2323247519100502,0.6068650893194175,0.0228035264881327,0.5223097112860893,0.4776902887139108,0.5234689933193785,0.4765310066806216
E0,1718,2017-08-12,West Brom,Bournemouth,1,0,H,hist-team-west-brom,fpl-team-3,0.3932199493458158,0.2995374535769067,0.3072425970772773,0.3952892785223917,0.2983703205474213,0.3063404009301868,0.023282280890271,0.4404145077720207,0.5595854922279793,0.4373638344171967,0.5626361655828032
E0,1718,2017-08-13,Man United,West Ham,4,0,H,fpl-team-16,hist-team-west-ham,0.7301343333260509,0.1808083131676988,0.0890573535062501,0.7435690049279721,0.1754855278057931,0.0809454672662348,0.0233885301277041,0.5595854922279793,0.4404145077720207,0.5626361655828032,0.4373638344171967
E0,1718,2017-08-13,Newcastle,Tottenham,0,2,A,fpl-team-17,fpl-team-19,0.1856462834126693,0.247528377883559,0.5668253387037715,0.1808456341172457,0.2446990458119727,0.5744553200707815,0.0220926669426262,0.5261780104712042,0.4738219895287958,0.5274868750139057,0.4725131249860944
E0,1718,2017-08-19,Bournemouth,Watford,0,2,A,fpl-team-3,hist-team-watford,0.4870621912887292,0.2681578356533453,0.2447799730579254,0.4924911889331682,0.2658501083968056,0.2416587026700261,0.0238195594865828,0.5248041775456919,0.4751958224543081,0.5259690558238855,0.4740309441761144
E0,1718,2017-08-19,Burnley,West Brom,0,1,A,hist-team-burnley,hist-team-west-brom,0.3740431176385981,0.3088872197273584,0.3170696626340434,0.3753830382637224,0.3080830224946672,0.3165339392416103,0.0221698035020381,0.385,0.615,0.3785767078562746,0.6214232921437255
E0,1718,2017-08-19,Leicester,Brighton,2,0,H,hist-team-leicester,fpl-team-5,0.5526496009068154,0.2584010296131865,0.1889493694799981,0.5601418631815754,0.2558129938597838,0.1840451429586408,0.0231011491268873,0.486910994764398,0.5130890052356021,0.4862848365164214,0.5137151634835786
E0,1718,2017-08-19,Liverpool,Crystal Palace,1,0,H,fpl-team-14,fpl-team-8,0.7005077741098202,0.1911744323765844,0.1083177935135952,0.7119909860077933,0.1866383335145998,0.1013706804776069,0.0214004818117246,0.6045340050377834,0.3954659949622167,0.6101380042436351,0.3898619957563648
E0,1718,2017-08-19,Southampton,West Ham,3,2,H,hist-team-southampton,hist-team-west-ham,0.5520722350854429,0.2553703119512877,0.1925574529632694,0.5597218199171375,0.2526172783551735,0.1876609017276888,0.0236509556416422,0.518324607329843,0.4816753926701571,0.5192138779060717,0.4807861220939283
E0,1718,2017-08-19,Stoke,Arsenal,1,0,H,hist-team-stoke,fpl-team-1,0.2171572458105409,0.259529391334549,0.5233133628549101,0.2133490220716526,0.2570894240941876,0.5295615538341597,0.0221901545301079,0.5300261096605744,0.4699738903394256,0.5314723590630834,0.4685276409369166
E0,1718,2017-08-19,Swansea,Man United,0,4,A,hist-team-swansea,fpl-team-16,0.0916917025363662,0.1965090066628053,0.7117992908008283,0.0845027874313972,0.1922426755049372,0.7232545370636655,0.0207916779909282,0.5039164490861618,0.4960835509138382,0.5040905372239246,0.4959094627760753
E0,1718,2017-08-20,Huddersfield,Newcastle,1,0,H,hist-team-huddersfield,fpl-team-17,0.3949617064371163,0.2986897904930692,0.3063485030698145,0.3970772642351506,0.297501219563353,0.3054215162014963,0.0231278326828032,0.4293059125964009,0.570694087403599,0.4258240276237681,0.5741759723762319
E0,1718,2017-08-20,Tottenham,Chelsea,1,2,A,fpl-team-19,fpl-team-6,0.4618107486460889,0.2762856212998277,0.2619036300540833,0.4662111649903148,0.2743289213299063,0.2594599136797789,0.0230819277931004,0.5026178010471204,0.4973821989528796,0.5027412280698255,0.4972587719301746
E0,1718,2017-08-21,Man City,Everton,1,1,D,fpl-team-15,fpl-team-9,0.7301779419883637,0.1745498364972183,0.0952722215144179,0.74360084030568,0.1690469172238606,0.0873522424704594,0.023316710954532,0.5913705583756345,0.4086294416243655,0.5959667315307422,0.4040332684692578
E0,1718,2017-08-26,Bournemouth,Man City,1,2,A,fpl-team-3,fpl-team-15,0.0982268595570349,0.1725131225195237,0.7292600179234413,0.0915117591163012,0.1677717354919709,0.7407165053917277,0.0198316008318215,0.6348039215686274,0.3651960784313725,0.6425202767393866,0.3574797232606134
E0,1718,2017-08-26,Crystal Palace,Swansea,0,2,A,fpl-team-8,hist-team-swansea,0.4920628426479012,0.2805621471238033,0.2273750102282955,0.4970440548191975,0.2788948500558809,0.2240610951249215,0.0211492467205971,0.4430051813471503,0.5569948186528497,0.4401604787156112,0.5598395212843887
E0,1718,2017-08-26,Huddersfield,Southampton,0,0,D,hist-team-huddersfield,hist-team-southampton,0.2523493642896628,0.2888336097291321,0.4588170259812051,0.2497759249457191,0.2874103811860004,0.4628136938682805,0.0214513023383915,0.4341085271317829,0.5658914728682171,0.430691454664774,0.5693085453352259
E0,1718,2017-08-26,Man United,Leicester,2,0,H,fpl-team-16,hist-team-leicester,0.7228566249773427,0.1807141562443356,0.0964292187783215,0.7345065293654034,0.1760466707832287,0.0894467998513679,0.020519193727523,0.5769230769230769,0.423076923076923,0.5808080808067793,0.4191919191932207
E0,1718,2017-08-26,Newcastle,West Ham,3,0,H,fpl-team-17,hist-team-west-ham,0.4176857804851851,0.2876279326694388,0.294686286845376,0.4202531274553322,0.2862375124233559,0.2935093601213119,0.0204802707303315,0.4921465968586388,0.5078534031413613,0.4917745119548455,0.5082254880451544
E0,1718,2017-08-26,Watford,Brighton,0,0,D,hist-team-watford,fpl-team-5,0.4910671222896079,0.2841486315919095,0.2247842461184824,0.4962625412276203,0.2825148633755166,0.221222595396863,0.0222123756539076,0.4304123711340206,0.5695876288659795,0.4268431462806499,0.5731568537193501
E0,1718,2017-08-27,Chelsea,Everton,2,0,H,fpl-team-6,fpl-team-9,0.6623004116700831,0.216291801108473,0.1214077872214437,0.6724164192053036,0.2126189479310479,0.1149646328636484,0.020951603539288,0.4973821989528796,0.5026178010471204,0.4972587719301746,0.5027412280698255
E0,1718,2017-08-27,Liverpool,Arsenal,4,0,H,fpl-team-14,fpl-team-1,0.4481593455450827,0.2664058331851325,0.2854348212697848,0.4518041199719106,0.2642842037400999,0.2839116762879893,0.0213717413134872,0.601010101010101,0.398989898989899,0.6063716626007953,0.3936283373992048
E0,1718,2017-08-27,Tottenham,Burnley,1,1,D,fpl-team-19,hist-team-burnley,0.7726052969315131,0.1555244428888111,0.0718702601796756,0.7869287615072107,0.1495208186276121,0.0635504198651773,0.0227343547157943,0.5732647814910026,0.4267352185089973,0.5769895726399324,0.4230104273600676
E0,1718,2017-08-27,West Brom,Stoke,1,1,D,hist-team-west-brom,hist-team-stoke,0.4040669071826828,0.3109216136438176,0.2850114791734995,0.4063911280467678,0.3101828525054125,0.2834260194478196,0.0221301398705691,0.3667481662591687,0.6332518337408313,0.359716859715902,0.6402831402840979
E0,1718,2017-09-09,Arsenal,Bournemouth,3,0,H,fpl-team-1,fpl-team-3,0.7046315250767656,0.1787871033776868,0.1165813715455476,0.7166655247570661,0.1737054078713998,0.109629067371534,0.0221709285397082,0.6736596736596736,0.3263403263403263,0.684132476547461,0.3158675234525389
E0,1718,2017-09-09,Brighton,West Brom,3,1,H,fpl-team-5,hist-team-west-brom,0.3639661426844015,0.3180169286577993,0.3180169286577993,0.3649820382552481,0.317508980872376,0.317508980872376,0.0223423079587519,0.3643031784841076,0.6356968215158926,0.3567372225005504,0.6432627774994496
E0,1718,2017-09-09,Everton,Tottenham,0,3,A,fpl-team-9,fpl-team-19,0.2596833076914643,0.2818327662886775,0.4584839260198581,0.2572999312552099,0.280159852572978,0.4625402161718122,0.0218299217522144,0.4673629242819843,0.5326370757180157,0.4657684302758176,0.5342315697241824
E0,1718,2017-09-09,Leicester,Chelsea,1,2,A,hist-team-leicester,fpl-team-6,0.2121038847802668,0.2564580483536202,0.5314380668661131,0.2080264357501548,0.2538481212562773,0.5381254429935678,0.0227900180034339,0.5130890052356021,0.486910994764398,0.5137151634835786,0.4862848365164214
E0,1718,2017-09-09,Man City,Liverpool,5,0,H,fpl-team-15,fpl-team-14,0.5118889675834024,0.2505843898903043,0.2375266425262934,0.517823539924435,0.247830462933505,0.23434599714206,0.0224132703151553,0.6212871287128713,0.3787128712871287,0.6275941983877966,0.3724058016122034
E0,1718,2017-09-09,Southampton,Watford,0,2,A,hist-team-southampton,hist-team-watford,0.5784984959082234,0.2487843272558681,0.1727171768359084,0.5860421920814588,0.2461523765947439,0.1678054313237973,0.0208066229242831,0.4842931937172774,0.5157068062827225,0.4835368363291191,0.5164631636708809
E0,1718,2017-09-09,Stoke,Man United,2,2,D,hist-team-stoke,fpl-team-16,0.1365368873426788,0.2244704798935843,0.6389926327637369,0.1302549116092497,0.2208995117874112,0.6488455766033391,0.0219206321053206,0.5078534031413613,0.4921465968586388,0.5082254880451544,0.4917745119548455
E0,1718,2017-09-10,Burnley,Crystal Palace,1,0,H,hist-team-burnley,fpl-team-8,0.4111479050122092,0.300305523096692,0.2885465718910986,0.4136843319396066,0.2992277869635462,0.2870878810968472,0.0219485075213015,0.4035532994923858,0.5964467005076142,0.3983005486587334,0.6016994513412668
E0,1718,2017-09-10,Swansea,Newcastle,0,1,A,hist-team-swansea,fpl-team-17,0.4023848510251568,0.2992737329499604,0.2983414160248826,0.4046518939749476,0.2981554330555653,0.2971926729694871,0.0221084128133952,0.4392764857881137,0.5607235142118864,0.436297099483457,0.563702900516543
E0,1718,2017-09-11,West Ham,Huddersfield,2,0,H,hist-team-west-ham,hist-team-huddersfield,0.4988620938823195,0.2768252081659114,0.2243126979517689,0.5042839802054561,0.2749614698355403,0.2207545499590036,0.0220883195288479,0.4790575916230366,0.5209424083769634,0.4780322376943698,0.5219677623056301
E0,1718,2017-09-15,Bournemouth,Brighton,2,1,H,fpl-team-3,fpl-team-5,0.4493537810060137,0.2879093087882842,0.262736910205702,0.4527992164162291,0.2865571314748691,0.2606436521089018,0.0199831707868725,0.4621409921671018,0.5378590078328982,0.4602325708945504,0.5397674291054496
E0,1718,2017-09-16,Crystal Palace,Southampton,0,1,A,fpl-team-8,hist-team-southampton,0.3246310106346975,0.2983369100848466,0.3770320792804558,0.3243439816011854,0.297189643979227,0.3784663744195875,0.0221104419324547,0.413265306122449,0.586734693877551,0.40874932902166,0.59125067097834
E0,1718,2017-09-16,Huddersfield,Leicester,1,1,D,hist-team-huddersfield,hist-team-leicester,0.2896750730980146,0.2879352828691977,0.4223896440327878,0.2882812771667027,0.2864863361260698,0.4252323867072275,0.0214891148498281,0.4633507853403141,0.5366492146596858,0.4614165633234023,0.5385834366765977
E0,1718,2017-09-16,Liverpool,Burnley,1,1,D,fpl-team-14,hist-team-burnley,0.7581446678955103,0.1621837489895319,0.0796715831149577,0.7729473225430692,0.1560230481509325,0.0710296293059984,0.0242425058968365,0.6115288220551378,0.3884711779448621,0.6176626123770257,0.3823373876229743
E0,1718,2017-09-16,Newcastle,Stoke,2,1,H,fpl-team-17,hist-team-stoke,0.4094355911243846,0.2984670664271214,0.2920973424484938,0.4119097785384436,0.2973329010708979,0.2907573203906582,0.0218907145317643,0.4378238341968911,0.5621761658031088,0.4345567583861699,0.5654432416138302
E0,1718,2017-09-16,Tottenham,Swansea,0,0,D,fpl-team-19,hist-team-swansea,0.7778770826437161,0.1499668983780205,0.0721560189782632,0.7928200960211294,0.1435911646906754,0.0635887392881952,0.0234796819277107,0.615,0.385,0.6214232921437255,0.3785767078562746
E0,1718,2017-09-16,Watford,Man City,0,6,A,hist-team-watford,fpl-team-15,0.1091427407859906,0.1781714518428018,0.7126858073712075,0.1013829820487008,0.1726264022598062,0.7259906156914929,0.0240926374681293,0.6314496314496314,0.3685503685503685,0.6387808041385081,0.3612191958614918
E0,1718,2017-09-16,West Brom,West Ham,0,0,D,hist-team-west-brom,hist-team-west-ham,0.4112164769176426,0.2975572643534495,0.291226258728908,0.4137451958234626,0.2963950570118677,0.2898597471646696,0.0218612668104469,0.4329896907216495,0.5670103092783505,0.4296536796535755,0.5703463203464245
E0,1718,2017-09-17,Chelsea,Arsenal,0,0,D,fpl-team-6,fpl-team-1,0.5320757103777612,0.2487626697870052,0.2191616198352334,0.5386015445239128,0.2459763359633914,0.2154221195126957,0.0221560294739902,0.586734693877551,0.413265306122449,0.59125067097834,0.40874932902166
E0,1718,2017-09-17,Man United,Everton,4,0,H,fpl-team-16,fpl-team-9,0.715891100563007,0.1884664194016561,0.0956424800353369,0.7279757626421124,0.183768731497368,0.0882555058605195,0.0217060190625488,0.5404699738903395,0.4595300261096606,0.5425450153677878,0.4574549846322122
E0,1718,2017-09-23,Burnley,Huddersfield,0,0,D,hist-team-burnley,hist-team-huddersfield,0.4414706112750345,0.3003107292999452,0.2582186594250202,0.4449949935169017,0.2992284986410778,0.2557765078420205,0.0219542295671999,0.3954659949622167,0.6045340050377834,0.3898619957563648,0.6101380042436351
E0,1718,2017-09-23,Everton,Bournemouth,2,1,H,fpl-team-9,fpl-team-3,0.5703696266921005,0.2501882435620701,0.1794421297458293,0.5780602680875819,0.2474610580351469,0.1744786738772711,0.021943058585748,0.5144356955380577,0.4855643044619423,0.5151682294531524,0.4848317705468475
E0,1718,2017-09-23,Leicester,Liverpool,2,3,A,hist-team-leicester,fpl-team-14,0.2357559525993322,0.2565579484169203,0.5076860989837474,0.2326979555182465,0.2541429454777168,0.5131590990040367,0.0211535429116338,0.5633074935400517,0.4366925064599483,0.5665001899989639,0.4334998100010362
E0,1718,2017-09-23,Man City,Crystal Palace,5,0,H,fpl-team-15,fpl-team-8,0.8415796587010441,0.1085295034976459,0.0498908378013099,0.8575987547543809,0.101135664450033,0.0412655807955861,0.0225358342286199,0.6971046770601336,0.3028953229398664,0.7079026498503103,0.2920973501496896
E0,1718,2017-09-23,Southampton,Man United,0,1,A,hist-team-southampton,fpl-team-16,0.1882136844619117,0.2591126062510872,0.552673709287001,0.1832898564642592,0.2565508722536779,0.5601592712820628,0.0230787512846291,0.4671916010498688,0.5328083989501312,0.4654065423175261,0.5345934576824739
E0,1718,2017-09-23,Stoke,Chelsea,0,4,A,hist-team-stoke,fpl-team-6,0.1690183299812386,0.2367930068549036,0.5941886631638577,0.1635136317527658,0.2335009482234638,0.6029854200237703,0.022848795633763,0.5352480417754569,0.4647519582245431,0.5369964373743951,0.4630035626256049
E0,1718,2017-09-23,Swansea,Watford,1,2,A,hist-team-swansea,hist-team-watford,0.40511976165275,0.293276882668862,0.301603355678388,0.4075685767726946,0.2919112900491731,0.3005201331781323,0.0229804238770157,0.4557291666666667,0.5442708333333333,0.4535201640528964,0.5464798359471035
E0,1718,2017-09-23,West Ham,Tottenham,2,3,A,hist-team-west-ham,fpl-team-19,0.1709577754891864,0.2306900102986611,0.5983522142121525,0.1656073788279358,0.2272559097175245,0.6071367114545396,0.022451403317973,0.5633074935400517,0.4366925064599483,0.5665001899989639,0.4334998100010362
E0,1718,2017-09-24,Brighton,Newcastle,1,0,H,fpl-team-5,fpl-team-17,0.3539783731439638,0.3083037443511943,0.3377178825048418,0.3546872735408281,0.3074449375671696,0.3378677888920023,0.0231559840030968,0.3954659949622167,0.6045340050377834,0.3898619957563648,0.6101380042436351
E0,1718,2017-09-25,Arsenal,West Brom,2,0,H,fpl-team-1,hist-team-west-brom,0.7153555564540817,0.1836353344154156,0.1010091091305026,0.7276469417424453,0.1787099519060832,0.0936431063514716,0.0220881390850991,0.5784061696658098,0.4215938303341903,0.5826558265500098,0.4173441734499901
E0,1718,2017-09-30,Bournemouth,Leicester,0,0,D,fpl-team-3,hist-team-leicester,0.3417407035175879,0.2827497487437185,0.3755095477386934,0.3420645295028219,0.2807837494816445,0.3771517210155335,0.0263052666559815,0.5261780104712042,0.4738219895287958,0.5274868750139057,0.4725131249860944
E0,1718,2017-09-30,Chelsea,Man City,0,1,A,fpl-team-6,fpl-team-15,0.3419264700011976,0.2763242984312004,0.381749231567602,0.3422529725951979,0.2741328262438882,0.3836142011609138,0.026022313395515,0.5584415584415584,0.4415584415584415,0.5615595075196119,0.4384404924803881
E0,1718,2017-09-30,Huddersfield,Tottenham,0,4,A,hist-team-huddersfield,fpl-team-19,0.1124144588430241,0.2025852056171094,0.6850003355398665,0.1042856828171407,0.1975745390441686,0.6981397781386905,0.0256564053706824,0.5468749999999999,0.4531249999999999,0.5492610837511274,0.4507389162488727
E0,1718,2017-09-30,Man United,Crystal Palace,4,0,H,fpl-team-16,fpl-team-8,0.8157558640013054,0.1309237806421848,0.0533203553565099,0.8328824832389613,0.1233447744016567,0.0437727423593819,0.02538991603069,0.598984771573604,0.401015228426396,0.6045912894235197,0.3954087105764803
E0,1718,2017-09-30,Stoke,Southampton,2,1,H,hist-team-stoke,hist-team-southampton,0.3272251732849647,0.2947059014057135,0.3780689253093218,0.3269792026067008,0.2931693044306892,0.37985149296261,0.0269052321091294,0.4378238341968911,0.5621761658031088,0.4345567583861699,0.5654432416138302
E0,1718,2017-09-30,West Brom,Watford,2,2,D,hist-team-west-brom,hist-team-watford,0.4245906593619478,0.3028926996722175,0.2725166409658346,0.4280730730795395,0.3017261627079288,0.2702007642125316,0.0257441296707838,0.3884711779448621,0.6115288220551378,0.3823373876229743,0.6176626123770257
E0,1718,2017-09-30,West Ham,Swansea,1,0,H,hist-team-west-ham,hist-team-swansea,0.5118546465448769,0.2751588562351073,0.2129864972200159,0.5185339132350772,0.2729601679308346,0.2085059188340882,0.0252877501770854,0.4738219895287958,0.5261780104712042,0.4725131249860944,0.5274868750139057
E0,1718,2017-10-01,Arsenal,Brighton,2,0,H,fpl-team-1,fpl-team-5,0.7676430909187246,0.1545255572628601,0.0778313518184152,0.7839721907384716,0.1475691072312486,0.0684587020302798,0.0263026589527726,0.6105527638190955,0.3894472361809045,0.6168193282882106,0.3831806717117893
E0,1718,2017-10-01,Everton,Burnley,0,1,A,fpl-team-9,hist-team-burnley,0.5773004155834299,0.2567508586826574,0.1659487257339127,0.5863321808189879,0.2538627323681784,0.1598050868128337,0.0251234590541571,0.4569190600522194,0.5430809399477807,0.4546703296758698,0.5453296703241303
E0,1718,2017-10-01,Newcastle,Liverpool,1,1,D,fpl-team-17,fpl-team-14,0.1978391655690434,0.2445089174468691,0.5576519169840874,0.1929570398030033,0.2412720799023944,0.5657708802946022,0.0244858572259545,0.5647668393782384,0.4352331606217616,0.5682612494508922,0.4317387505491079
E0,1718,2017-10-14,Burnley,West Ham,1,1,D,hist-team-burnley,hist-team-west-ham,0.3571359317432616,0.2998594143882102,0.3430046538685283,0.3579948843738126,0.2986524561658586,0.3433526594603286,0.0243585603311657,0.4263565891472868,0.5736434108527132,0.4221949221859226,0.5778050778140774
E0,1718,2017-10-14,Crystal Palace,Chelsea,2,1,H,fpl-team-8,fpl-team-6,0.1129379411368418,0.2045942145648141,0.6824678442983442,0.1054013491398981,0.2000218031142013,0.6945768477459006,0.0237580738030374,0.5236842105263159,0.4763157894736842,0.5249868125159045,0.4750131874840955
E0,1718,2017-10-14,Liverpool,Man United,0,0,D,fpl-team-14,fpl-team-16,0.3527346755578353,0.293224224160041,0.3540411002821236,0.3533972782619298,0.2918542520712564,0.3547484696668137,0.0230660145170986,0.5013123359580053,0.4986876640419947,0.5013777900249893,0.4986222099750107
E0,1718,2017-10-14,Man City,Stoke,7,2,H,fpl-team-15,hist-team-stoke,0.8383586703490167,0.1099803088835303,0.0516610207674529,0.8557721436089311,0.1019275014238987,0.0423003549671703,0.0247628227807581,0.7212765957446808,0.2787234042553191,0.7341867639501582,0.2658132360498417
E0,1718,2017-10-14,Swansea,Huddersfield,2,0,H,hist-team-swansea,hist-team-huddersfield,0.443324502864594,0.3045200259293537,0.2521554712060522,0.4473382324303971,0.3034591134079823,0.2492026541616205,0.0246168719604611,0.3746898263027295,0.6253101736972705,0.3672868705979853,0.6327131294020147
E0,1718,2017-10-14,Tottenham,Bournemouth,1,0,H,fpl-team-19,fpl-team-3,0.794554868882579,0.1342909637548021,0.071154167362619,0.8113065535520572,0.1268275927025924,0.0618658537453503,0.0255456188460811,0.6820276497695854,0.3179723502304147,0.6933999216387969,0.306600078361203
E0,1718,2017-10-14,Watford,Arsenal,2,1,H,hist-team-watford,fpl-team-1,0.1848900032834841,0.2286797409032566,0.5864302558132592,0.1798145187009223,0.2250626213867048,0.5951228599123729,0.0232492489740252,0.6085858585858586,0.3914141414141414,0.6151117654931246,0.3848882345068753
E0,1718,2017-10-15,Brighton,Everton,1,1,D,fpl-team-5,fpl-team-9,0.2994392981928545,0.3042074398838235,0.3963532619233219,0.2982599308750822,0.303193177221797,0.3985468919031209,0.0234548974549397,0.3894472361809045,0.6105527638190955,0.3831806717117893,0.6168193282882106
E0,1718,2017-10-15,Southampton,Newcastle,2,2,D,hist-team-southampton,fpl-team-17,0.5151460482508652,0.2730716874682237,0.2117822642809112,0.5218056687734145,0.2708429205361167,0.2073514106904688,0.0247517462121322,0.4490861618798955,0.5509138381201044,0.4462691502167826,0.5537308497832173
E0,1718,2017-10-16,Leicester,West Brom,1,1,D,hist-team-leicester,hist-team-west-brom,0.4741176596909796,0.2870411132466473,0.2388412270623731,0.4792773838901201,0.2853325623991692,0.2353900537107106,0.0247329719131812,0.4516971279373368,0.5483028720626633,0.4490778970539186,0.5509221029460813
E0,1718,2017-10-20,West Ham,Brighton,0,3,A,hist-team-west-ham,fpl-team-5,0.5265654295541179,0.2802190297627177,0.1932155406831643,0.5328109815646974,0.2784762952677795,0.1887127231675229,0.0218304975423961,0.4241645244215937,0.5758354755784061,0.4201839826919595,0.5798160173080403
E0,1718,2017-10-21,Chelsea,Watford,4,2,H,fpl-team-6,hist-team-watford,0.7006539051420431,0.1898185878472467,0.1095275070107101,0.7141615791079922,0.184419540044934,0.1014188808470738,0.0252770886290818,0.5918367346938775,0.4081632653061224,0.5969827586273991,0.4030172413726008
E0,1718,2017-10-21,Huddersfield,Man United,2,1,H,hist-team-huddersfield,fpl-team-16,0.0926608800355547,0.1957865411839544,0.7115525787804909,0.0841097169788294,0.1906206074040343,0.7252696756171363,0.0250599505379796,0.4881889763779528,0.5118110236220472,0.4875930521098033,0.5124069478901967
E0,1718,2017-10-21,Man City,Burnley,3,0,H,fpl-team-15,hist-team-burnley,0.8684393599752648,0.0909793615212182,0.040581278503517,0.8870821570622086,0.082027771340622,0.0308900715971693,0.0257126956712454,0.7423935091277891,0.257606490872211,0.7570887655708229,0.2429112344291771
E0,1718,2017-10-21,Newcastle,Crystal Palace,1,0,H,fpl-team-17,fpl-team-8,0.4844650555834242,0.2798815717006879,0.2356533727158878,0.4898313999636368,0.277972352995289,0.2321962470410741,0.0239560985937714,0.4633507853403141,0.5366492146596858,0.4614165633234023,0.5385834366765977
E0,1718,2017-10-21,Southampton,West Brom,1,0,H,hist-team-southampton,hist-team-west-brom,0.5273652540294161,0.2832436527576389,0.189391093212945,0.5342325851589177,0.2814367955785167,0.1843306192625655,0.023942484986037,0.3999999999999999,0.6,0.3945147679287147,0.6054852320712854
E0,1718,2017-10-21,Stoke,Bournemouth,1,2,A,hist-team-stoke,fpl-team-3,0.4436732877177365,0.2822182155600987,0.2741084967221648,0.44763417952451,0.28038188139432,0.2719839390811699,0.0241986683104187,0.4908136482939633,0.5091863517060368,0.4903522796188075,0.5096477203811924
E0,1718,2017-10-21,Swansea,Leicester,1,2,A,hist-team-swansea,hist-team-leicester,0.3438539616067133,0.2967213313553258,0.3594247070379607,0.3442414744330155,0.2953696486774813,0.3603888768895031,0.0249527306295931,0.4490861618798955,0.5509138381201044,0.4462691502167826,0.5537308497832173
E0,1718,2017-10-22,Everton,Arsenal,2,5,A,fpl-team-9,fpl-team-1,0.2533797939355305,0.2713755179366336,0.475244688127836,0.2505993911229904,0.2692136883060577,0.4801869205709519,0.0234795269789174,0.5261780104712042,0.4738219895287958,0.5274868750139057,0.4725131249860944
E0,1718,2017-10-22,Tottenham,Liverpool,4,1,H,fpl-team-19,fpl-team-14,0.4380080067936431,0.2743843260948684,0.2876076671114886,0.4416839981663699,0.2723162620287263,0.2859997398049038,0.0236673466861248,0.5732647814910026,0.4267352185089973,0.5769895726399324,0.4230104273600676
E0,1718,2017-10-28,Arsenal,Swansea,2,1,H,fpl-team-1,hist-team-swansea,0.7821934836575029,0.1424292612033064,0.0753772551391906,0.7981996645167343,0.1354126871173371,0.0663876483659285,0.0249538810458034,0.6674528301886793,0.3325471698113207,0.6779314838181273,0.3220685161818727
E0,1718,2017-10-28,Bournemouth,Chelsea,0,1,A,fpl-team-3,fpl-team-6,0.1787393264894944,0.2309795644248297,0.5902811090856759,0.1735043309069919,0.2274677438688963,0.5990279252241116,0.0230505838990211,0.5809768637532133,0.4190231362467866,0.5855095282025888,0.4144904717974111
E0,1718,2017-10-28,Crystal Palace,West Ham,2,2,D,fpl-team-8,hist-team-west-ham,0.4086893351768098,0.2924565884751482,0.2988540763480421,0.4112449115611351,0.2910709868454474,0.2976841015934174,0.0228445681277662,0.4569190600522194,0.5430809399477807,0.4546703296758698,0.5453296703241303
E0,1718,2017-10-28,Liverpool,Huddersfield,3,0,H,fpl-team-14,hist-team-huddersfield,0.7704455911212356,0.1509245707725643,0.0786298381062001,0.7856496077500176,0.1443895834438623,0.0699608088061201,0.0242380001582205,0.6381418092909535,0.3618581907090465,0.6462669565880584,0.3537330434119415
E0,1718,2017-10-28,Man United,Tottenham,1,0,H,fpl-team-16,fpl-team-19,0.4435483870967742,0.2903225806451613,0.2661290322580645,0.4471345884441476,0.2889195681628165,0.2639458433930358,0.021913512609899,0.4415584415584415,0.5584415584415584,0.4384404924803881,0.5615595075196119
E0,1718,2017-10-28,Watford,Stoke,0,1,A,hist-team-watford,hist-team-stoke,0.4708376448022613,0.2715342099285768,0.2576281452691618,0.4755642071535764,0.269406982751198,0.2550288100952256,0.0231689830543473,0.5,0.5,0.5,0.5
E0,1718,2017-10-28,West Brom,Man City,2,3,A,hist-team-west-brom,fpl-team-15,0.0805990518004106,0.1546771447172929,0.7647238034822963,0.0721005889897704,0.1483638724482202,0.7795355385620093,0.0238763513043522,0.6184538653366584,0.3815461346633417,0.6251844823976718,0.3748155176023282
E0,1718,2017-10-29,Brighton,Southampton,1,1,D,fpl-team-5,hist-team-southampton,0.2973483274156582,0.3049482846658987,0.3977033879184429,0.2960754757176343,0.3039429499861268,0.3999815742962389,0.0238523879088461,0.3869346733668342,0.6130653266331658,0.3802427080964928,0.6197572919035071
E0,1718,2017-10-29,Leicester,Everton,2,0,H,hist-team-leicester,fpl-team-9,0.4473378432751353,0.2827387555418511,0.2699234011830136,0.4515289901230692,0.2808762575445861,0.2675947523323445,0.0247903249692171,0.4894736842105264,0.5105263157894737,0.4889147544617743,0.5110852455382258
E0,1718,2017-10-30,Burnley,Newcastle,1,0,H,hist-team-burnley,fpl-team-17,0.328421052631579,0.3052631578947368,0.3663157894736842,0.3282379863980535,0.3042248772804207,0.3675371363215257,0.024981940165162,0.4102564102564102,0.5897435897435896,0.4048913043533158,0.5951086956466841
E0,1718,2017-11-04,Huddersfield,West Brom,1,0,H,hist-team-huddersfield,hist-team-west-brom,0.3503807696192303,0.3231552368447631,0.3264639935360064,0.3509553994005988,0.3228122309787717,0.3262323696206294,0.022718334570527,0.3436754176610979,0.6563245823389022,0.3345959595941281,0.6654040404058719
E0,1718,2017-11-04,Newcastle,Bournemouth,0,1,A,fpl-team-17,fpl-team-3,0.4835972850678733,0.2799773755656108,0.2364253393665158,0.4885540173990558,0.2782078489186873,0.2332381336822567,0.0222357532475143,0.4724409448818897,0.5275590551181102,0.4709784411221318,0.5290215588778682
E0,1718,2017-11-04,Southampton,Burnley,0,1,A,hist-team-southampton,hist-team-burnley,0.5830680831714273,0.2627010045058079,0.1542309123227646,0.5915659731800971,0.260240910060529,0.1481931167593739,0.0230904656928032,0.4168797953964194,0.5831202046035805,0.4125497793691309,0.587450220630869
E0,1718,2017-11-04,Stoke,Leicester,2,2,D,hist-team-stoke,hist-team-leicester,0.3607421209753361,0.2941435755645048,0.3451143034601591,0.3616779798336196,0.2928066426889353,0.345515377477445,0.0230355171952396,0.4750656167979003,0.5249343832020998,0.4737569060807899,0.5262430939192101
E0,1718,2017-11-04,Swansea,Brighton,0,1,A,hist-team-swansea,fpl-team-5,0.4014216442583205,0.3081882301080009,0.2903901256336786,0.4037823681416124,0.3073146801598123,0.2889029516985752,0.0233625693945214,0.3919597989949749,0.6080402010050251,0.3860987497240318,0.6139012502759682
E0,1718,2017-11-04,West Ham,Liverpool,1,4,A,hist-team-west-ham,fpl-team-14,0.1850393808343874,0.2316352539742815,0.5833253651913309,0.1800618277734479,0.2281831580602973,0.5917550141662549,0.022817196091637,0.5831202046035805,0.4168797953964194,0.587450220630869,0.4125497793691309
E0,1718,2017-11-05,Chelsea,Man United,1,0,H,fpl-team-6,fpl-team-16,0.3862961823766971,0.3029052604668069,0.3107985571564958,0.3881845886335194,0.3018209662795325,0.3099944450869479,0.024033706402406,0.4153846153846153,0.5846153846153845,0.4106562703135704,0.5893437296864297
E0,1718,2017-11-05,Everton,Watford,3,2,H,fpl-team-9,hist-team-watford,0.4424107411644288,0.2861099403937624,0.2714793184418086,0.4461756314429823,0.2844776133224411,0.2693467552345765,0.0232578923460096,0.4712041884816754,0.5287958115183247,0.4697469746961598,0.5302530253038402
E0,1718,2017-11-05,Man City,Arsenal,3,1,H,fpl-team-15,fpl-team-1,0.6730717662291892,0.1903908183357467,0.136537415435064,0.6847784985747041,0.1854108572709771,0.1298106441543187,0.0234998713713139,0.695067264573991,0.3049327354260089,0.7063567362172058,0.2936432637827942
E0,1718,2017-11-05,Tottenham,Crystal Palace,1,0,H,fpl-team-19,fpl-team-8,0.7491499529563006,0.1633580817349343,0.087491965308765,0.7624185162401137,0.1577999872614609,0.0797814964984253,0.0220353512559086,0.6414634146341464,0.3585365853658537,0.6500219859764357,0.3499780140235644
E0,1718,2017-11-18,Arsenal,Tottenham,2,0,H,fpl-team-1,fpl-team-19,0.3929366846961502,0.2720330894050271,0.3350302258988228,0.395027731279816,0.2698873854528321,0.3350848832673518,0.0236647897399961,0.583547557840617,0.416452442159383,0.5883776581158268,0.4116223418841733
E0,1718,2017-11-18,Bournemouth,Huddersfield,4,0,H,fpl-team-3,hist-team-huddersfield,0.5242679781531304,0.2789964094265197,0.19673561242035,0.5310829513352081,0.2770274816753204,0.1918895669894715,0.0241341786459088,0.4389610389610389,0.5610389610389611,0.4356234933220219,0.5643765066779782
E0,1718,2017-11-18,Burnley,Swansea,2,0,H,hist-team-burnley,hist-team-swansea,0.4526709166849857,0.3061332160914486,0.2411958672235656,0.4568340582478994,0.3051725657167689,0.2379933760353317,0.0235298634506762,0.3703703703703704,0.6296296296296295,0.362745098048931,0.6372549019510689
E0,1718,2017-11-18,Crystal Palace,Everton,2,2,D,fpl-team-8,fpl-team-9,0.4044158175719303,0.2973275169687711,0.2982566654592986,0.406935743358339,0.2960511842147557,0.2970130724269052,0.0238914319779723,0.4352331606217616,0.5647668393782384,0.4317387505491079,0.5682612494508922
E0,1718,2017-11-18,Leicester,Man City,0,2,A,hist-team-leicester,fpl-team-15,0.1119985141158989,0.1742199108469539,0.713781575037147,0.1045840883581684,0.168741257978283,0.7266746536635484,0.0232443735003471,0.6666666666666667,0.3333333333333333,0.6773049645367556,0.3226950354632443
E0,1718,2017-11-18,Liverpool,Southampton,3,0,H,fpl-team-14,hist-team-southampton,0.6881872744597688,0.1964230619094616,0.1153896636307694,0.700175291735529,0.1917053034148552,0.1081194048496157,0.0231187671888619,0.5758354755784061,0.4241645244215937,0.5798160173080403,0.4201839826919595
E0,1718,2017-11-18,Man United,Newcastle,4,1,H,fpl-team-16,fpl-team-17,0.7474954387675121,0.1762051863024706,0.0762993749300171,0.7614059030370798,0.1707179565096579,0.0678761404532623,0.0233496644068509,0.518324607329843,0.4816753926701571,0.5192138779060717,0.4807861220939283
E0,1718,2017-11-18,West Brom,Chelsea,0,4,A,hist-team-west-brom,fpl-team-6,0.1560772060575208,0.2459519982346023,0.5979707957078768,0.1501675604907129,0.2429635656125861,0.606868873896701,0.0228097033686935,0.4633507853403141,0.5366492146596858,0.4614165633234023,0.5385834366765977
E0,1718,2017-11-19,Watford,West Ham,2,0,H,hist-team-watford,hist-team-west-ham,0.4554247266610597,0.2796467619848612,0.2649285113540791,0.4595624018891505,0.2778246986198942,0.2626128994909553,0.0228346216026693,0.5026315789473684,0.4973684210526315,0.5027701598381817,0.4972298401618182
E0,1718,2017-11-20,Brighton,Stoke,2,2,D,fpl-team-5,hist-team-stoke,0.4011067243562186,0.306956271372283,0.2919370042714985,0.4034974786436383,0.3060242931109757,0.290478228245386,0.0237736795097589,0.3964646464646465,0.6035353535353536,0.3907336833283123,0.6092663166716877
E0,1718,2017-11-24,West Ham,Leicester,1,1,D,hist-team-west-ham,hist-team-leicester,0.3536803379532487,0.2913293969158979,0.3549902651308533,0.3543335598096102,0.2899807611509623,0.3556856790394274,0.0216673235408961,0.4803149606299213,0.5196850393700787,0.4793012088058304,0.5206987911941695
E0,1718,2017-11-25,Crystal Palace,Stoke,2,1,H,fpl-team-8,hist-team-stoke,0.4675463558753692,0.2847147958166428,0.2477388483079878,0.4723764158708097,0.2829567783867721,0.2446668057424181,0.0242737368680536,0.468586387434555,0.5314136125654451,0.4669758097866967,0.5330241902133033
E0,1718,2017-11-25,Liverpool,Chelsea,1,1,D,fpl-team-14,fpl-team-6,0.4507690246117654,0.2730372377648407,0.2761937376233939,0.4548208134883718,0.2709574486839993,0.2742217378276289,0.0232495280215516,0.5621761658031088,0.4378238341968911,0.5654432416138302,0.4345567583861699
E0,1718,2017-11-25,Man United,Brighton,1,0,H,fpl-team-16,fpl-team-5,0.8046157978087926,0.1424840475286403,0.052900154662567,0.8201751795157132,0.1358271762186812,0.0439976442656055,0.0234622999560087,0.5684754521963824,0.4315245478036175,0.572128470331088,0.4278715296689119
E0,1718,2017-11-25,Newcastle,Watford,0,3,A,fpl-team-17,hist-team-watford,0.4344128877192449,0.286140225443814,0.2794468868369412,0.43789312842689,0.2845143406424452,0.2775925309306648,0.023197968956083,0.4738219895287958,0.5261780104712042,0.4725131249860944,0.5274868750139057
E0,1718,2017-11-25,Swansea,Bournemouth,0,0,D,hist-team-swansea,fpl-team-3,0.3472776875556612,0.3003187549616567,0.3524035574826821,0.3477638721984585,0.2991670950339068,0.3530690327676345,0.0235560648143291,0.4352331606217616,0.5647668393782384,0.4317387505491079,0.5682612494508922
E0,1718,2017-11-25,Tottenham,West Brom,1,1,D,fpl-team-19,hist-team-west-brom,0.7666353936004136,0.1643729403088365,0.0689916660907499,0.7806659209857707,0.1586752160456239,0.0606588629686052,0.0225959860254079,0.5610389610389611,0.4389610389610389,0.5643765066779782,0.4356234933220219
E0,1718,2017-11-26,Burnley,Arsenal,0,1,A,hist-team-burnley,fpl-team-1,0.1642474172878253,0.2258401987707597,0.609912383941415,0.1587049642032694,0.2222587511382469,0.6190362846584837,0.0223605800420045,0.5520833333333334,0.4479166666666666,0.5548486178134774,0.4451513821865228
E0,1718,2017-11-26,Huddersfield,Man City,1,2,A,hist-team-huddersfield,fpl-team-15,0.0607217403764773,0.1308557669841507,0.8084224926393719,0.0512429618977453,0.1232683499832191,0.8254886881190354,0.0254915084224194,0.6447688564476886,0.3552311435523114,0.6537865081192521,0.3462134918807478
E0,1718,2017-11-26,Southampton,Everton,4,1,H,hist-team-southampton,fpl-team-9,0.5116032485843549,0.2822118214904849,0.2061849299251603,0.517601885594645,0.2804698198917598,0.2019282945135951,0.022719808621332,0.4215938303341903,0.5784061696658098,0.4173441734499901,0.5826558265500098
E0,1718,2017-11-28,Brighton,Crystal Palace,0,0,D,fpl-team-5,fpl-team-8,0.3621930251941808,0.311462406030175,0.3263445687756441,0.3631741208450711,0.3107194590626942,0.3261064200922346,0.0229112587403506,0.3884711779448621,0.6115288220551378,0.3823373876229743,0.6176626123770257
E0,1718,2017-11-28,Leicester,Tottenham,2,1,H,hist-team-leicester,fpl-team-19,0.2017047597495662,0.2508108923587538,0.5474843478916799,0.1974381243242766,0.2481079194777658,0.5544539561979576,0.0219767012167722,0.5366492146596858,0.4633507853403141,0.5385834366765977,0.4614165633234023
E0,1718,2017-11-28,Watford,Man United,2,4,A,hist-team-watford,fpl-team-16,0.1884668354372511,0.2472412866947443,0.5642918778680047,0.1839134708139217,0.2445000844537941,0.571586444732284,0.0213387517724186,0.5261780104712042,0.4738219895287958,0.5274868750139057,0.4725131249860944
E0,1718,2017-11-28,West Brom,Newcastle,2,2,D,hist-team-west-brom,fpl-team-17,0.4073821448755676,0.306842320659482,0.2857755344649504,0.4098327936000443,0.3059635628585864,0.2842036435413692,0.022289611166343,0.3929471032745592,0.6070528967254408,0.3869560591501546,0.6130439408498454
E0,1718,2017-11-29,Arsenal,Huddersfield,5,0,H,fpl-team-1,hist-team-huddersfield,0.7962161618194625,0.1388749119452551,0.0649089262352822,0.8122729299661724,0.131863457335063,0.0558636126987645,0.0244361101649701,0.6320987654320989,0.3679012345679012,0.640257969816386,0.3597420301836139
E0,1718,2017-11-29,Bournemouth,Burnley,1,2,A,fpl-team-3,hist-team-burnley,0.482571156698665,0.2860751168453164,0.2313537264560185,0.487737631149971,0.2844260679312964,0.2278363009187326,0.0233532844576984,0.4326424870466321,0.5673575129533679,0.4289093046652558,0.5710906953347442
E0,1718,2017-11-29,Chelsea,Swansea,1,0,H,fpl-team-6,hist-team-swansea,0.8060771008243715,0.1339709148018159,0.0599519843738126,0.8210369571412558,0.127411697356111,0.0515513455026331,0.0222821237985044,0.6155778894472362,0.3844221105527638,0.6227157529602223,0.3772842470397777
E0,1718,2017-11-29,Everton,West Ham,4,0,H,fpl-team-9,hist-team-west-ham,0.413703301451611,0.2922491212089362,0.2940475773394528,0.4164730516753775,0.2908334641153732,0.2926934842092492,0.0232180894818156,0.4698162729658792,0.5301837270341206,0.468195143536739,0.5318048564632609
E0,1718,2017-11-29,Man City,Southampton,2,1,H,fpl-team-15,hist-team-southampton,0.806182013750261,0.1298182133102585,0.0639997729394803,0.8211028195520235,0.123183106865733,0.0557140735822435,0.0221524334046989,0.6705607476635514,0.3294392523364486,0.6803939012295546,0.3196060987704454
E0,1718,2017-11-29,Stoke,Liverpool,0,3,A,hist-team-stoke,fpl-team-14,0.1589593537306787,0.2166316816148251,0.624408964654496,0.1529351250891668,0.21253139879102,0.634533476119813,0.0236208904534578,0.6025316455696202,0.3974683544303797,0.6083873039530707,0.3916126960469293
E0,1718,2017-12-02,Arsenal,Man United,1,3,A,fpl-team-1,fpl-team-16,0.391663269869286,0.2887185433477516,0.3196181867829625,0.3936721324323768,0.2871844917878132,0.31914337577981,0.0232095350511372,0.4947643979057591,0.5052356020942408,0.4945170929617178,0.5054829070382821
E0,1718,2017-12-02,Brighton,Liverpool,1,5,A,fpl-team-5,fpl-team-14,0.1381451051266604,0.2202682321374401,0.6415866627358995,0.131521493511829,0.2163268197694056,0.6521516867187654,0.023333728313446,0.5366492146596858,0.4633507853403141,0.5385834366765977,0.4614165633234023
E0,1718,2017-12-02,Chelsea,Newcastle,3,1,H,fpl-team-6,fpl-team-17,0.7671778373898417,0.158770247804189,0.0740519148059692,0.7809957388696047,0.1530233672133572,0.065980893917038,0.022146251052618,0.5903307888040712,0.4096692111959288,0.5950417648369755,0.4049582351630245
E0,1718,2017-12-02,Everton,Huddersfield,2,0,H,fpl-team-9,hist-team-huddersfield,0.5594983333237712,0.259984279886861,0.1805173867893677,0.5671038925030588,0.2574845962150588,0.1754115112818823,0.0227505073416978,0.4673629242819843,0.5326370757180157,0.4657684302758176,0.5342315697241824
E0,1718,2017-12-02,Leicester,Burnley,1,0,H,hist-team-leicester,hist-team-burnley,0.5302696286247244,0.2696286247244361,0.2001017466508393,0.537250069444647,0.2673449355632679,0.195404994992085,0.0239593851147219,0.4404145077720207,0.5595854922279793,0.4373638344171967,0.5626361655828032
E0,1718,2017-12-02,Stoke,Swansea,2,1,H,hist-team-stoke,hist-team-swansea,0.4949258073506121,0.2859900623313417,0.2190841303180461,0.5005570983343351,0.2843222816063095,0.2151206200593553,0.023523363051936,0.4341085271317829,0.5658914728682171,0.430691454664774,0.5693085453352259
E0,1718,2017-12-02,Watford,Tottenham,1,1,D,hist-team-watford,fpl-team-19,0.1949632310026847,0.2430839266954593,0.561952842301856,0.1901708658406734,0.2399225921072952,0.5699065420520314,0.0235280343331396,0.5633074935400517,0.4366925064599483,0.5665001899989639,0.4334998100010362
E0,1718,2017-12-02,West Brom,Crystal Palace,0,0,D,hist-team-west-brom,fpl-team-8,0.3863329525392045,0.3078201267005919,0.3058469207602035,0.3882188124791755,0.3069121457953259,0.3048690417254985,0.023983733728528,0.3964646464646465,0.6035353535353536,0.3907336833283123,0.6092663166716877
E0,1718,2017-12-03,Bournemouth,Southampton,1,1,D,fpl-team-3,hist-team-southampton,0.3197632127829731,0.3005975943511861,0.3796391928658407,0.3192643195350971,0.2993988131650454,0.3813368672998574,0.0247240222524851,0.4389610389610389,0.5610389610389611,0.4356234933220219,0.5643765066779782
E0,1718,2017-12-03,Man City,West Ham,2,1,H,fpl-team-15,hist-team-west-ham,0.8682399491171565,0.0890087552683012,0.0427512956145421,0.8869759695155103,0.0799956063289148,0.0330284241555748,0.0257624376099556,0.7578125,0.2421875,0.7743598271196218,0.2256401728803781
E0,1718,2017-12-09,Burnley,Watford,1,0,H,hist-team-burnley,hist-team-watford,0.3781303369351827,0.3008395447943434,0.3210301182704739,0.3796364422581886,0.2997482586004215,0.3206152991413897,0.0226518777199089,0.4194373401534527,0.5805626598465473,0.4153862684135159,0.584613731586484
E0,1718,2017-12-09,Crystal Palace,Bournemouth,2,2,D,fpl-team-8,fpl-team-3,0.4747994659584293,0.2798671338933849,0.2453334001481857,0.4798279797489768,0.2779585318227935,0.2422134884282296,0.0239740195684134,0.4569190600522194,0.5430809399477807,0.4546703296758698,0.5453296703241303
E0,1718,2017-12-09,Huddersfield,Brighton,2,0,H,hist-team-huddersfield,fpl-team-5,0.3635499756393169,0.3219314599095634,0.3145185644511196,0.3645785796028515,0.321543027627523,0.3138783927696255,0.0229403667617589,0.339667458432304,0.660332541567696,0.3302057654869992,0.6697942345130007
E0,1718,2017-12-09,Newcastle,Leicester,2,3,A,fpl-team-17,hist-team-leicester,0.3701565769536041,0.2947543112778699,0.3350891117685258,0.371443228397882,0.2934081635213093,0.3351486080808087,0.023563606198877,0.4764397905759163,0.5235602094240838,0.4752747252712324,0.5247252747287677
E0,1718,2017-12-09,Swansea,West Brom,1,0,H,hist-team-swansea,hist-team-west-brom,0.3606755126658625,0.3196622436670688,0.3196622436670688,0.3616138296074611,0.3191930851962694,0.3191930851962694,0.0231294010300189,0.3600973236009733,0.6399026763990268,0.3522762305807387,0.6477237694192612
E0,1718,2017-12-09,Tottenham,Stoke,5,1,H,fpl-team-19,hist-team-stoke,0.7482271654269014,0.1615060323349804,0.0902668022381181,0.7618624897796462,0.1557279174966243,0.0824095927237293,0.022697813110426,0.6271604938271605,0.3728395061728394,0.6342754341033365,0.3657245658966634
E0,1718,2017-12-09,West Ham,Chelsea,1,0,H,hist-team-west-ham,fpl-team-6,0.1375340373666301,0.2181789956406997,0.6442869669926703,0.1315112747325322,0.2145509169230192,0.6539378083444485,0.0210898664081469,0.5287958115183247,0.4712041884816754,0.5302530253038402,0.4697469746961598
E0,1718,2017-12-10,Liverpool,Everton,1,1,D,fpl-team-14,fpl-team-9,0.7418576538487766,0.1658572570996398,0.0922850890515836,0.7555248454213734,0.16012178707928,0.0843533674993465,0.0230941941263154,0.6390243902439025,0.3609756097560975,0.6469981431547079,0.3530018568452922
E0,1718,2017-12-10,Man United,Man City,1,2,A,fpl-team-16,fpl-team-15,0.2880674054956733,0.2772126916654016,0.4347199028389251,0.2865319327132273,0.2753125153199118,0.4381555519668608,0.0228279153816401,0.5196850393700787,0.4803149606299213,0.5206987911941695,0.4793012088058304
E0,1718,2017-12-10,Southampton,Arsenal,1,1,D,hist-team-southampton,fpl-team-1,0.2472919418758256,0.2644649933949802,0.4882430647291942,0.2440792559700667,0.2618844818109254,0.494036262219008,0.0252405127976089,0.5287958115183247,0.4712041884816754,0.5302530253038402,0.4697469746961598
E0,1718,2017-12-12,Burnley,Stoke,1,0,H,hist-team-burnley,hist-team-stoke,0.4233056798385302,0.3017889073927691,0.2749054127687006,0.4263329781154205,0.3007242137268467,0.2729428081577327,0.0226663863286376,0.398989898989899,0.601010101010101,0.3936283373992048,0.6063716626007953
E0,1718,2017-12-12,Crystal Palace,Watford,2,1,H,fpl-team-8,hist-team-watford,0.423886458369217,0.2776763466418639,0.2984371949889191,0.4268379679012559,0.2758646773723415,0.2972973547264026,0.0219488570000976,0.518324607329843,0.4816753926701571,0.5192138779060717,0.4807861220939283
E0,1718,2017-12-12,Huddersfield,Chelsea,1,3,A,hist-team-huddersfield,fpl-team-6,0.115651327346992,0.2169441377547413,0.6674045348982667,0.109164944876713,0.213353410142403,0.677481644980884,0.0205674448516219,0.4908616187989557,0.5091383812010444,0.4904528096024957,0.5095471903975043
E0,1718,2017-12-13,Liverpool,West Brom,0,0,D,fpl-team-14,hist-team-west-brom,0.7890434587605877,0.1427118961285965,0.0682446451108156,0.8051163986587582,0.1357350572935793,0.0591485440476624,0.0247897889930754,0.6246913580246914,0.3753086419753087,0.6313189098986537,0.3686810901013463
E0,1718,2017-12-13,Man United,Bournemouth,1,0,H,fpl-team-16,fpl-team-3,0.7509026195170665,0.1671574526924948,0.0819399277904386,0.7634718568062945,0.1620153315346152,0.0745128116590902,0.0207849249709397,0.5820512820512821,0.4179487179487179,0.5864841490747444,0.4135158509252556
E0,1718,2017-12-13,Newcastle,Everton,0,1,A,fpl-team-17,fpl-team-9,0.4027229977210627,0.2949171491003475,0.3023598531785896,0.4049563607864964,0.2936813314822669,0.3013623077312366,0.0216697547584772,0.4505208333333333,0.5494791666666667,0.4479494836094158,0.5520505163905842
E0,1718,2017-12-13,Southampton,Leicester,1,4,A,hist-team-southampton,hist-team-leicester,0.4645451777091399,0.2822899899943446,0.2531648322965154,0.4689318779924731,0.2805779959676638,0.2504901260398631,0.0225280253216624,0.4673629242819843,0.5326370757180157,0.4657684302758176,0.5342315697241824
E0,1718,2017-12-13,Swansea,Man City,0,4,A,hist-team-swansea,fpl-team-15,0.0733232660801589,0.1538258567684876,0.7728508771513534,0.0651008153724628,0.1478228248197787,0.7870763598077584,0.0225413457956165,0.6356968215158926,0.3643031784841076,0.6432627774994496,0.3567372225005504
E0,1718,2017-12-13,Tottenham,Brighton,2,0,H,fpl-team-19,fpl-team-5,0.7728270995059986,0.1550656316160903,0.072107268877911,0.7870609060737962,0.1490909761176726,0.0638481178085312,0.0225708852522075,0.5856777493606138,0.4143222506393862,0.5903013639605514,0.4096986360394484
E0,1718,2017-12-13,West Ham,Arsenal,0,0,D,hist-team-west-ham,fpl-team-1,0.1826555094548245,0.2315103565620185,0.5858341339831568,0.1780929893090695,0.2283939652955706,0.5935130453953598,0.0205516732530668,0.5710594315245477,0.4289405684754521,0.5749604753801645,0.4250395246198356
E0,1718,2017-12-16,Arsenal,Newcastle,1,0,H,fpl-team-1,fpl-team-17,0.7652697016362877,0.1555426222837983,0.0791876760799138,0.779860940436844,0.1493557482785449,0.0707833112846111,0.0234897790942341,0.6498800959232613,0.3501199040767386,0.6579639084106205,0.3420360915893796
E0,1718,2017-12-16,Brighton,Burnley,0,0,D,fpl-team-5,hist-team-burnley,0.3740107224917028,0.3267806995149349,0.2992085779933622,0.3753520589406595,0.3265632659158746,0.2980846751434659,0.0222157558891922,0.3396226415094339,0.660377358490566,0.3313492063655292,0.6686507936344708
E0,1718,2017-12-16,Chelsea,Southampton,1,0,H,fpl-team-6,hist-team-southampton,0.6918719654738357,0.1964574716777557,0.1116705628484085,0.7045043171336213,0.1915251939000685,0.1039704889663102,0.0241628041258081,0.5532467532467532,0.4467532467532467,0.5559558903752024,0.4440441096247975
E0,1718,2017-12-16,Leicester,Crystal Palace,0,3,A,hist-team-leicester,fpl-team-8,0.5102586564618009,0.2687076398174189,0.2210337037207801,0.5158457962560951,0.2666549753612431,0.2174992283826618,0.0212905571097508,0.4986945169712793,0.5013054830287206,0.4986365619547993,0.5013634380452007
E0,1718,2017-12-16,Man City,Tottenham,4,1,H,fpl-team-15,fpl-team-19,0.620507272508715,0.214737348238971,0.1647553792523139,0.6304419458581225,0.2106005790070406,0.1589574751348368,0.0234768573427572,0.6169154228855721,0.3830845771144278,0.6230624214402241,0.3769375785597758
E0,1718,2017-12-16,Stoke,West Ham,0,3,A,hist-team-stoke,hist-team-west-ham,0.4241487489478919,0.2922488331165353,0.2836024179355727,0.4270657714919008,0.2909281966667194,0.2820060318413797,0.0216251898091286,0.4569190600522194,0.5430809399477807,0.4546703296758698,0.5453296703241303
E0,1718,2017-12-16,Watford,Huddersfield,1,4,A,hist-team-watford,hist-team-huddersfield,0.5431947555412375,0.2604966675075144,0.196308576951248,0.5503741826854722,0.2579806084664469,0.1916452088480808,0.0231212575454264,0.4699738903394256,0.5300261096605744,0.4685276409369166,0.5314723590630834
E0,1718,2017-12-17,Bournemouth,Liverpool,0,4,A,fpl-team-3,fpl-team-14,0.1522726353946286,0.2112277486558234,0.6364996159495478,0.1459342867957497,0.2068740160022813,0.6471916972019688,0.0239822798175737,0.6055276381909548,0.3944723618090452,0.6110024578960898,0.3889975421039103
E0,1718,2017-12-17,West Brom,Man United,1,2,A,hist-team-west-brom,fpl-team-16,0.1566068515497553,0.2453507340946167,0.5980424143556281,0.1507302731647784,0.2423510860682568,0.6069186407669648,0.0227451426908373,0.4595300261096606,0.5404699738903395,0.4574549846322122,0.5425450153677878
E0,1718,2017-12-18,Everton,Swansea,3,1,H,fpl-team-9,hist-team-swansea,0.5552524507954565,0.2645524142294141,0.1801951349751293,0.5630201707897021,0.2621079155710088,0.174871913639289,0.023694330593571,0.4215938303341903,0.5784061696658098,0.4173441734499901,0.5826558265500098
E0,1718,2017-12-22,Arsenal,Liverpool,3,3,D,fpl-team-1,fpl-team-14,0.3896579506335603,0.2666080714861202,0.3437339778803193,0.3912901223047405,0.2646779806797977,0.3440318970154616,0.0195157162379473,0.6314496314496314,0.3685503685503685,0.6387808041385081,0.3612191958614918
E0,1718,2017-12-23,Brighton,Watford,1,0,H,fpl-team-5,hist-team-watford,0.3682702083883725,0.3049371152260409,0.3267926763855865,0.3694211922634607,0.3040025398076242,0.326576267928915,0.022195273078978,0.4267352185089973,0.5732647814910026,0.4230104273600676,0.5769895726399324
E0,1718,2017-12-23,Burnley,Tottenham,0,3,A,hist-team-burnley,fpl-team-19,0.1418801437347861,0.234032688072331,0.6240871681928828,0.1352176007567042,0.2304718703424589,0.6343105289008368,0.0239276017528027,0.468586387434555,0.5314136125654451,0.4669758097866967,0.5330241902133033
E0,1718,2017-12-23,Everton,Chelsea,0,0,D,fpl-team-9,fpl-team-6,0.1687634694319004,0.250281072160103,0.5809554584079967,0.1635078280768064,0.2475739345354838,0.5889182373877097,0.0217664903029799,0.4647519582245431,0.5352480417754569,0.4630035626256049,0.5369964373743951
E0,1718,2017-12-23,Leicester,Man United,2,2,D,hist-team-leicester,fpl-team-16,0.2229264561250136,0.265654026882308,0.5114195169926784,0.2191917942325347,0.2633446859540202,0.5174635198134451,0.0228994485223665,0.4947643979057591,0.5052356020942408,0.4945170929617178,0.5054829070382821
E0,1718,2017-12-23,Man City,Bournemouth,4,0,H,fpl-team-15,fpl-team-3,0.8691119484549479,0.0905324946307237,0.0403555569143285,0.8874576097856439,0.0817255862590486,0.0308168039553073,0.0252387663349509,0.7679245283018867,0.2320754716981131,0.7836539421961793,0.2163460578038206
E0,1718,2017-12-23,Southampton,Huddersfield,1,1,D,hist-team-southampton,hist-team-huddersfield,0.5995339744475819,0.2472305049268379,0.15323552062558,0.6079485820033076,0.2444616197229879,0.1475897982737043,0.0214278064668178,0.4595300261096606,0.5404699738903395,0.4574549846322122,0.5425450153677878
E0,1718,2017-12-23,Stoke,West Brom,3,1,H,hist-team-stoke,hist-team-west-brom,0.4181161292312675,0.3010962062703152,0.2807876644984171,0.4209131594678207,0.3000304231465326,0.2790564173856466,0.0222181733697652,0.4060913705583756,0.5939086294416244,0.4011752136730462,0.5988247863269538
E0,1718,2017-12-23,Swansea,Crystal Palace,1,1,D,hist-team-swansea,fpl-team-8,0.2954084281062715,0.3057901939502618,0.3988013779434665,0.2941474820221711,0.3048728810421477,0.4009796369356811,0.0224091771524399,0.3999999999999999,0.6,0.3945147679287147,0.6054852320712854
E0,1718,2017-12-23,West Ham,Newcastle,2,3,A,hist-team-west-ham,fpl-team-17,0.4538964070777591,0.289341818409085,0.2567617745131559,0.4578529111203649,0.287892806671331,0.254254282208304,0.0221070514526218,0.4430051813471503,0.5569948186528497,0.4401604787156112,0.5598395212843887
E0,1718,2017-12-26,Bournemouth,West Ham,3,3,D,fpl-team-3,hist-team-west-ham,0.3492703010108453,0.2962850231485189,0.3544446758406356,0.3498005687467385,0.2950517418283309,0.3551476894249305,0.0224695389624685,0.451948051948052,0.548051948051948,0.4496105027956371,0.5503894972043629
E0,1718,2017-12-26,Chelsea,Brighton,2,0,H,fpl-team-6,fpl-team-5,0.8014949988219924,0.1393904345777378,0.0591145666002698,0.8153452629314544,0.133423928241972,0.0512308088265735,0.0207535587251186,0.5721649484536083,0.4278350515463917,0.5759795940521147,0.4240204059478852
E0,1718,2017-12-26,Huddersfield,Stoke,1,1,D,hist-team-huddersfield,hist-team-stoke,0.3843860674210896,0.303848034247147,0.3117658983317633,0.3860843351273576,0.3028677331730782,0.3110479316995642,0.0224062467459589,0.413265306122449,0.586734693877551,0.40874932902166,0.59125067097834
E0,1718,2017-12-26,Liverpool,Swansea,5,0,H,fpl-team-14,hist-team-swansea,0.8283368843782793,0.1180430940883051,0.0536200215334154,0.8433530189615009,0.1112504742476288,0.0453965067908703,0.0214914411772042,0.6759259259259259,0.324074074074074,0.6859099804268356,0.3140900195731645
E0,1718,2017-12-26,Man United,Burnley,2,2,D,fpl-team-16,hist-team-burnley,0.7721504319220416,0.1593122355379919,0.0685373325399664,0.7866539218753135,0.1533249929427989,0.0600210851818876,0.0231042080558836,0.5442708333333333,0.4557291666666667,0.5464798359471035,0.4535201640528964
E0,1718,2017-12-26,Tottenham,Southampton,5,2,H,fpl-team-19,hist-team-southampton,0.7064987241435474,0.1895144506578352,0.1039868251986173,0.7178267138824496,0.1850557599602695,0.0971175261572808,0.0207807119004428,0.5633074935400517,0.4366925064599483,0.5665001899989639,0.4334998100010362
E0,1718,2017-12-26,Watford,Leicester,2,1,H,hist-team-watford,hist-team-leicester,0.3820411655654323,0.279269857869468,0.3386889765650995,0.383739087469267,0.277388744864844,0.3388721676658889,0.0235144579783082,0.5416666666666667,0.4583333333333333,0.5437062937092246,0.4562937062907753
E0,1718,2017-12-26,West Brom,Everton,0,0,D,hist-team-west-brom,fpl-team-9,0.3874761438077062,0.3067519471811007,0.305771909011193,0.3892797313900221,0.3058664071218972,0.3048538614880808,0.0224371182266622,0.3821339950372208,0.6178660049627792,0.3761278881641889,0.6238721118358111
E0,1718,2017-12-27,Newcastle,Man City,0,1,A,fpl-team-17,fpl-team-15,0.0737021979881299,0.1491290963971989,0.777168705614671,0.0650022811992299,0.1425961047715055,0.7924016140292647,0.0239764573052525,0.6571428571428571,0.3428571428571429,0.666062801947513,0.333937198052487
E0,1718,2017-12-28,Crystal Palace,Arsenal,2,3,A,fpl-team-8,fpl-team-1,0.2137900763002325,0.2462993920262988,0.5399105316734687,0.2096747679483285,0.2432822610330742,0.5470429710185972,0.0233191712759435,0.5856777493606138,0.4143222506393862,0.5903013639605514,0.4096986360394484
E0,1718,2017-12-30,Bournemouth,Everton,2,1,H,fpl-team-3,fpl-team-9,0.4069116363878248,0.293325872856254,0.2997624907559211,0.4094122145678374,0.2919668654171394,0.2986209200150231,0.0228935778141021,0.4505208333333333,0.5494791666666667,0.4479494836094158,0.5520505163905842
E0,1718,2017-12-30,Chelsea,Stoke,5,0,H,fpl-team-6,hist-team-stoke,0.816174090580883,0.1281776759704205,0.0556482334486965,0.8331294974752802,0.1206231141819264,0.0462473883427934,0.0250310355331748,0.6564705882352941,0.3435294117647059,0.6632542838827855,0.3367457161172144
E0,1718,2017-12-30,Huddersfield,Burnley,0,0,D,hist-team-huddersfield,hist-team-burnley,0.4068966862358839,0.3135105615260088,0.2795927522381073,0.4093984136301125,0.3128330348809126,0.277768551488975,0.0229142395546659,0.3477218225419664,0.6522781774580336,0.3389959432357247,0.6610040567642753
E0,1718,2017-12-30,Liverpool,Leicester,2,1,H,fpl-team-14,hist-team-leicester,0.7346088071825567,0.1646536981616075,0.1007374946558358,0.7486871078377281,0.1586199428048386,0.0926929493574333,0.0241892004851251,0.676674364896074,0.3233256351039261,0.6864943930063171,0.3135056069936829
E0,1718,2017-12-30,Man United,Southampton,0,0,D,fpl-team-16,hist-team-southampton,0.7046607199307282,0.1912851455300979,0.1040541345391737,0.7166776382016983,0.1865815024138226,0.096740859384479,0.0221917134476825,0.5442708333333333,0.4557291666666667,0.5464798359471035,0.4535201640528964
E0,1718,2017-12-30,Newcastle,Brighton,0,0,D,fpl-team-17,fpl-team-5,0.4505416497208562,0.2994195289680926,0.2500388213110511,0.4546300137215463,0.2982277597176463,0.2471422265608074,0.0235184315824881,0.3875,0.6125,0.3815009874934476,0.6184990125065525
E0,1718,2017-12-30,Watford,Swansea,1,2,A,hist-team-watford,hist-team-swansea,0.5644812015564379,0.2585293307941409,0.1769894676494211,0.572771394987137,0.2558062290222897,0.1714223759905732,0.02429656451568,0.4621409921671018,0.5378590078328982,0.4602325708945504,0.5397674291054496
E0,1718,2017-12-31,Crystal Palace,Man City,0,0,D,fpl-team-8,fpl-team-15,0.085741467475324,0.1548341063146628,0.759424426210013,0.0775813069844038,0.1486960725794248,0.7737226204361715,0.0232533689122647,0.6721311475409837,0.3278688524590163,0.6829268292364111,0.3170731707635889
E0,1718,2017-12-31,West Brom,Arsenal,1,1,D,hist-team-west-brom,fpl-team-1,0.1975236464619046,0.2478023928340258,0.5546739607040696,0.1926811583350517,0.2447157258219994,0.5626031158429489,0.0242302271071821,0.5235602094240838,0.4764397905759163,0.5247252747287677,0.4752747252712324
E0,1718,2018-01-01,Brighton,Bournemouth,2,2,D,fpl-team-5,fpl-team-3,0.4004145875129068,0.3087067303728539,0.2908786821142393,0.4026536459553043,0.3078831560743685,0.2894631979703271,0.0224822999443858,0.3865336658354114,0.6134663341645885,0.3806713873440402,0.6193286126559598
E0,1718,2018-01-01,Burnley,Liverpool,1,2,A,hist-team-burnley,fpl-team-14,0.137838840490719,0.2225889396323445,0.6395722198769365,0.1317301960619041,0.2190392862988645,0.6492305176392312,0.021434195805341,0.5287958115183247,0.4712041884816754,0.5302530253038402,0.4697469746961598
E0,1718,2018-01-01,Everton,Man United,0,2,A,fpl-team-9,fpl-team-16,0.1856710333222747,0.2750484934888711,0.5392804731888542,0.1811111603979088,0.2732106169249351,0.545678222677156,0.0209824608173221,0.4158163265306122,0.5841836734693877,0.4115921451002043,0.5884078548997955
E0,1718,2018-01-01,Leicester,Huddersfield,3,0,H,hist-team-leicester,hist-team-huddersfield,0.5808400884303611,0.2489314664701547,0.1702284450994841,0.5888373530779744,0.2461689210238689,0.1649937258981566,0.0218698647804558,0.4764397905759163,0.5235602094240838,0.4752747252712324,0.5247252747287677
E0,1718,2018-01-01,Stoke,Newcastle,0,1,A,hist-team-stoke,fpl-team-17,0.416243654822335,0.2918781725888325,0.2918781725888325,0.4189873353722919,0.290506332313854,0.290506332313854,0.0222855032188817,0.4609375,0.5390625,0.4590600180182522,0.5409399819817476
E0,1718,2018-01-02,Man City,Watford,3,1,H,fpl-team-15,hist-team-watford,0.8269200565415424,0.1184231192084184,0.0546568242500392,0.8425449364572298,0.1113436343121648,0.0461114292306054,0.0224640523083508,0.7121212121212122,0.2878787878787879,0.7239641657077761,0.2760358342922238
E0,1718,2018-01-02,Southampton,Crystal Palace,1,2,A,hist-team-southampton,fpl-team-8,0.4818840579710145,0.2789855072463768,0.2391304347826086,0.4871906927784459,0.2770340001582645,0.2357753070632895,0.0240998798981308,0.4712041884816754,0.5287958115183247,0.4697469746961598,0.5302530253038402
E0,1718,2018-01-02,Swansea,Tottenham,0,2,A,hist-team-swansea,fpl-team-19,0.0926338205401219,0.183138127964379,0.724228051495499,0.084538492531233,0.1778418340399264,0.7376196734288404,0.0236380365677177,0.5430809399477807,0.4569190600522194,0.5453296703241303,0.4546703296758698
E0,1718,2018-01-02,West Ham,West Brom,2,1,H,hist-team-west-ham,hist-team-west-brom,0.4901649019267488,0.2855615344558236,0.2242735636174274,0.4961749182318378,0.2837117137697256,0.2201133679984365,0.0258925999514758,0.4025316455696203,0.5974683544303797,0.3973989979611039,0.6026010020388961
E0,1718,2018-01-03,Arsenal,Chelsea,2,2,D,fpl-team-1,fpl-team-6,0.3557280684940259,0.280397418695291,0.363874512810683,0.3565378808149333,0.2784816209103665,0.3649804982747001,0.0244753169827163,0.5758354755784061,0.4241645244215937,0.5798160173080403,0.4201839826919595
E0,1718,2018-01-04,Tottenham,West Ham,1,1,D,fpl-team-19,hist-team-west-ham,0.7471021321992221,0.1631895442346423,0.0897083235661354,0.7611805188412716,0.1572559416873541,0.0815635394713743,0.0235320003703236,0.6105527638190955,0.3894472361809045,0.6168193282882106,0.3831806717117893
E0,1718,2018-01-13,Chelsea,Leicester,0,0,D,fpl-team-6,hist-team-leicester,0.7420917633434613,0.1694333406571796,0.088474895999359,0.755664415319847,0.1638442324933964,0.0804913521867566,0.0229436892550438,0.6115288220551378,0.3884711779448621,0.6176626123770257,0.3823373876229743
E0,1718,2018-01-13,Crystal Palace,Burnley,1,0,H,fpl-team-8,hist-team-burnley,0.4763440897918252,0.2946004986097134,0.2290554115984614,0.4810681659345671,0.2933076553792478,0.2256241786861851,0.0222740494646132,0.4005037783375315,0.5994962216624685,0.3956186247956392,0.6043813752043609
E0,1718,2018-01-13,Huddersfield,West Ham,1,4,A,hist-team-huddersfield,hist-team-west-ham,0.3626518413779806,0.313901921717334,0.3234462369046854,0.3636201014865676,0.3132605406655621,0.3231193578478701,0.022249489556998,0.3830845771144278,0.6169154228855721,0.3769375785597758,0.6230624214402241
E0,1718,2018-01-13,Newcastle,Swansea,1,1,D,fpl-team-17,hist-team-swansea,0.4928475272297085,0.2888592757781373,0.218293196992154,0.4982879603665042,0.2873246516528283,0.2143873879806674,0.0230171725852414,0.4050632911392405,0.5949367088607596,0.4002659574483193,0.5997340425516807
E0,1718,2018-01-13,Tottenham,Everton,4,0,H,fpl-team-19,fpl-team-9,0.7510623798840762,0.169552001102578,0.0793856190133458,0.7635660458127311,0.1645003462035325,0.0719336079837363,0.0206852999981492,0.5607235142118864,0.4392764857881137,0.563702900516543,0.436297099483457
E0,1718,2018-01-13,Watford,Southampton,2,2,D,hist-team-watford,hist-team-southampton,0.3882781267846944,0.2868360936607653,0.3248857795545402,0.3901919263367632,0.2852193915150902,0.3245886821481465,0.0234800629550591,0.4921465968586388,0.5078534031413613,0.4917745119548455,0.5082254880451544
E0,1718,2018-01-13,West Brom,Brighton,2,0,H,hist-team-west-brom,fpl-team-5,0.4507054520118446,0.3184985194217035,0.2307960285664518,0.4547641893635866,0.3179704932782032,0.22726531735821,0.0233367879409343,0.3248259860788863,0.6751740139211136,0.3146784486739095,0.6853215513260904
E0,1718,2018-01-14,Bournemouth,Arsenal,2,1,H,fpl-team-3,fpl-team-1,0.2122109965488937,0.2370217349513763,0.55076726849973,0.2077637132026292,0.2334649392963503,0.5587713475010204,0.0248925797641277,0.6271604938271605,0.3728395061728394,0.6342754341033365,0.3657245658966634
E0,1718,2018-01-14,Liverpool,Man City,4,3,H,fpl-team-14,fpl-team-15,0.3148150288349301,0.2649693159360662,0.4202156552290036,0.3141440356345931,0.2625231978837226,0.4233327664816842,0.0241944368463009,0.6228287841191067,0.3771712158808933,0.6297441811503233,0.3702558188496767
E0,1718,2018-01-15,Man United,Stoke,3,0,H,fpl-team-16,hist-team-stoke,0.7849239736090705,0.1455330163834446,0.0695430100074848,0.799806205770744,0.1391293656290132,0.0610644286002428,0.0230478779412806,0.6305418719211823,0.3694581280788178,0.6380208333459357,0.3619791666540642
E0,1718,2018-01-20,Arsenal,Crystal Palace,4,1,H,fpl-team-1,fpl-team-8,0.638842722183345,0.2148574177746676,0.1462998600419874,0.6487492440576991,0.2109681039624521,0.1402826519798488,0.0220278482884168,0.5974683544303797,0.4025316455696203,0.6026010020388961,0.3973989979611039
E0,1718,2018-01-20,Brighton,Chelsea,0,4,A,fpl-team-5,fpl-team-6,0.1550483889853331,0.254427808521145,0.5905238024935219,0.1490935300262628,0.2517153146412678,0.5991911553324694,0.0228630895726382,0.4341085271317829,0.5658914728682171,0.430691454664774,0.5693085453352259
E0,1718,2018-01-20,Burnley,Man United,0,1,A,hist-team-burnley,fpl-team-16,0.1440766167919105,0.250436841753478,0.6054865414546113,0.1377666357457616,0.2475801989554828,0.6146531652987555,0.0228866792749613,0.4366925064599483,0.5633074935400517,0.4334998100010362,0.5665001899989639
E0,1718,2018-01-20,Everton,West Brom,1,1,D,fpl-team-9,hist-team-west-brom,0.446082442021332,0.3040179700400161,0.2498995879386519,0.4500631220939329,0.3029735475428372,0.2469633303632298,0.0238091927021741,0.3762376237623762,0.6237623762376239,0.369465330009717,0.6305346699902831
E0,1718,2018-01-20,Leicester,Watford,2,0,H,hist-team-leicester,hist-team-watford,0.5190260349362738,0.2546687744753984,0.2263051905883279,0.5255312293217241,0.2519036916734774,0.2225650790047984,0.0236468312796205,0.5468749999999999,0.4531249999999999,0.5492610837511274,0.4507389162488727
E0,1718,2018-01-20,Man City,Newcastle,3,1,H,fpl-team-15,fpl-team-17,0.8505852169321437,0.1042474289732453,0.045167354094611,0.8661551006921915,0.0970214965902517,0.0368234027175566,0.0216131487395614,0.7291666666666667,0.2708333333333333,0.7417582417288868,0.2582417582711131
E0,1718,2018-01-20,Stoke,Huddersfield,2,0,H,hist-team-stoke,hist-team-huddersfield,0.4714880292163443,0.2874236334261799,0.2410883373574757,0.4760891442644445,0.2858854189786796,0.2380254367568758,0.0224482959602028,0.4304123711340206,0.5695876288659795,0.4268431462806499,0.5731568537193501
E0,1718,2018-01-20,West Ham,Bournemouth,1,1,D,hist-team-west-ham,fpl-team-3,0.4760155628702155,0.2695186708082065,0.2544657663215779,0.4808064887109469,0.2673727413405608,0.2518207699484922,0.0226284784730523,0.5104712041884817,0.4895287958115184,0.510969422734551,0.489030577265449
E0,1718,2018-01-21,Southampton,Tottenham,1,1,D,hist-team-southampton,fpl-team-19,0.1780154603182426,0.2426251324642038,0.5793594072175534,0.1727224300235464,0.2394829805575738,0.5877945894188799,0.0232134431134909,0.5274151436031332,0.4725848563968668,0.5287183414470292,0.4712816585529708
E0,1718,2018-01-22,Swansea,Liverpool,1,0,H,hist-team-swansea,fpl-team-14,0.0892222305367386,0.1786106104785737,0.7321671589846876,0.0816168436834089,0.1735666350209141,0.7448165212956769,0.0218587354756891,0.5710594315245477,0.4289405684754521,0.5749604753801645,0.4250395246198356
E0,1718,2018-01-30,Huddersfield,Liverpool,0,3,A,hist-team-huddersfield,fpl-team-14,0.0902500974725278,0.1760372780370736,0.7337126244903984,0.0830528094685035,0.1711850230428296,0.7457621674886669,0.0207001189701259,0.5670103092783505,0.4329896907216495,0.5703463203464245,0.4296536796535755
E0,1718,2018-01-30,Swansea,Arsenal,3,1,H,hist-team-swansea,fpl-team-1,0.1387768582443616,0.2200740566666878,0.6411490850889506,0.1330577648339083,0.2166679822001714,0.6502742529659203,0.0201220940798521,0.5416666666666667,0.4583333333333333,0.5437062937092246,0.4562937062907753
E0,1718,2018-01-30,West Ham,Crystal Palace,1,1,D,hist-team-west-ham,fpl-team-8,0.3208283372708241,0.2969896992073573,0.3821819635218184,0.3204326778192151,0.2958449730815027,0.3837223490992821,0.0212318154517561,0.4441558441558441,0.5558441558441558,0.4412471989881348,0.5587528010118651
E0,1718,2018-01-31,Chelsea,Bournemouth,0,3,A,fpl-team-6,fpl-team-3,0.7486162915907757,0.1624116700400326,0.0889720383691915,0.7620969818837168,0.1567302887405076,0.0811727293757755,0.0224189308937639,0.6246913580246914,0.3753086419753087,0.6313189098986537,0.3686810901013463
E0,1718,2018-01-31,Everton,Leicester,2,1,H,fpl-team-9,hist-team-leicester,0.3204924764965273,0.3051823263454193,0.3743251971580534,0.3200765175591305,0.3042728390838849,0.3756506433569846,0.0217763897962868,0.4278350515463917,0.5721649484536083,0.4240204059478852,0.5759795940521147
E0,1718,2018-01-31,Man City,West Brom,3,0,H,fpl-team-15,hist-team-west-brom,0.8357097425734928,0.113467084292741,0.050823173133766,0.8508707423239582,0.1065520867594458,0.0425771709165958,0.0214603974018245,0.6563245823389022,0.3436754176610979,0.6654040404058719,0.3345959595941281
E0,1718,2018-01-31,Newcastle,Burnley,1,1,D,fpl-team-17,hist-team-burnley,0.4425032575273799,0.3067834085732953,0.2507133338993249,0.4458648782957438,0.3059587642791183,0.2481763574251378,0.0207353171426802,0.3676470588235294,0.6323529411764707,0.3604651162623141,0.6395348837376859
E0,1718,2018-01-31,Southampton,Brighton,1,1,D,hist-team-southampton,fpl-team-5,0.5467571797321192,0.2789577447612853,0.1742850755065954,0.5539159516331628,0.2770939436758931,0.168990104690944,0.0227031568065285,0.4025316455696203,0.5974683544303797,0.3973989979611039,0.6026010020388961
E0,1718,2018-01-31,Stoke,Watford,0,0,D,hist-team-stoke,hist-team-watford,0.4313922203474851,0.2783984677823887,0.2902093118701264,0.4346118984191164,0.2765962655204462,0.2887918360604373,0.0221114298328757,0.518324607329843,0.4816753926701571,0.5192138779060717,0.4807861220939283
E0,1718,2018-01-31,Tottenham,Man United,2,0,H,fpl-team-19,fpl-team-16,0.4191363543917142,0.2882349103774851,0.2926287352308005,0.4218065655868806,0.2868318790591693,0.29136155535395,0.0209450374823063,0.4973821989528796,0.5026178010471204,0.4972587719301746,0.5027412280698255
E0,1718,2018-02-03,Arsenal,Everton,5,1,H,fpl-team-1,fpl-team-9,0.7318012155070561,0.1765487278663431,0.0916500566266007,0.7445941895768713,0.1713840191162974,0.0840217913068312,0.0221185963600873,0.6045340050377834,0.3954659949622167,0.6101380042436351,0.3898619957563648
E0,1718,2018-02-03,Bournemouth,Stoke,2,1,H,fpl-team-3,hist-team-stoke,0.5007230977098511,0.2671455633033004,0.2321313389868484,0.5064001115177024,0.2648915006377045,0.228708387844593,0.0228742156177759,0.5209424083769634,0.4790575916230366,0.5219677623056301,0.4780322376943698
E0,1718,2018-02-03,Brighton,West Ham,3,1,H,fpl-team-5,hist-team-west-ham,0.4122970537502998,0.3167315114902965,0.2709714347594038,0.4149619081182297,0.3161664196665106,0.2688716722152595,0.0227412600070238,0.3710073710073709,0.628992628992629,0.3641866721597601,0.6358133278402398
E0,1718,2018-02-03,Burnley,Man City,1,1,D,hist-team-burnley,fpl-team-15,0.081540437146846,0.1686697619012965,0.7497898009518574,0.0738280359573567,0.1633716605182028,0.7628003035244404,0.0216042071115225,0.5670103092783505,0.4329896907216495,0.5703463203464245,0.4296536796535755
E0,1718,2018-02-03,Leicester,Swansea,1,1,D,hist-team-leicester,hist-team-swansea,0.5381700054141851,0.2690850027070925,0.1927449918787222,0.5448593717450917,0.2669614293106041,0.1881791989443042,0.0220614413265138,0.4569190600522194,0.5430809399477807,0.4546703296758698,0.5453296703241303
E0,1718,2018-02-03,Man United,Huddersfield,2,0,H,fpl-team-16,hist-team-huddersfield,0.8260748085601317,0.1262512223886367,0.0476739690512314,0.842047896132124,0.1191491725120865,0.0388029313557894,0.0232234669383615,0.6035353535353536,0.3964646464646465,0.6092663166716877,0.3907336833283123
E0,1718,2018-02-03,West Brom,Southampton,2,3,A,hist-team-west-brom,hist-team-southampton,0.3761989086625908,0.3052860153364156,0.3185150760009936,0.3776788254716635,0.3043184797321062,0.3180026947962302,0.0232665452640503,0.4071246819338422,0.5928753180661578,0.402092274684614,0.5979077253153859
E0,1718,2018-02-04,Crystal Palace,Newcastle,1,1,D,fpl-team-8,fpl-team-17,0.4711403919996851,0.2854970136595106,0.2433625943408042,0.4758083583308045,0.2838679746047345,0.2403236670644609,0.0228345312643796,0.4441558441558441,0.5558441558441558,0.4412471989881348,0.5587528010118651
E0,1718,2018-02-04,Liverpool,Tottenham,2,2,D,fpl-team-14,fpl-team-19,0.4611829675919197,0.2599622147943613,0.2788548176137189,0.4652213778811421,0.2576477141978713,0.2771309079209865,0.0212695067748427,0.5974683544303797,0.4025316455696203,0.6026010020388961,0.3973989979611039
E0,1718,2018-02-05,Watford,Chelsea,4,1,H,hist-team-watford,fpl-team-6,0.1652985983998008,0.2412691663512245,0.5934322352489746,0.1595108181210995,0.2380310255343122,0.6024581563445882,0.0235305449459701,0.5144356955380577,0.4855643044619423,0.5151682294531524,0.4848317705468475
E0,1718,2018-02-10,Everton,Crystal Palace,3,1,H,fpl-team-9,fpl-team-8,0.4263423024941639,0.2984396117459147,0.2752180857599214,0.4295966416788475,0.2972154698143818,0.2731878885067707,0.0235799506772309,0.423076923076923,0.5769230769230769,0.4191919191932207,0.5808080808067793
E0,1718,2018-02-10,Man City,Leicester,5,1,H,fpl-team-15,hist-team-leicester,0.7880903341365267,0.1410635065540232,0.07084615930945,0.8045577950952528,0.1338556593634288,0.0615865455413183,0.0254449524218216,0.6842105263157895,0.3157894736842105,0.6950947602831756,0.3049052397168242
E0,1718,2018-02-10,Stoke,Brighton,1,1,D,hist-team-stoke,fpl-team-5,0.4359860019088306,0.3002545107485342,0.2637594873426351,0.4395943335868924,0.2990860691850777,0.2613195972280298,0.0236945836804807,0.4035532994923858,0.5964467005076142,0.3983005486587334,0.6016994513412668
E0,1718,2018-02-10,Swansea,Burnley,1,0,H,hist-team-swansea,hist-team-burnley,0.3892415396991007,0.3200140175378513,0.2907444427630478,0.3912577604585763,0.3195312266407072,0.2892110129007165,0.0243159846868366,0.3428571428571429,0.6571428571428571,0.333937198052487,0.666062801947513
E0,1718,2018-02-10,Tottenham,Arsenal,1,0,H,fpl-team-19,fpl-team-1,0.4783375028428474,0.2544348419376848,0.2672276552194678,0.4832201451095958,0.2517809180783294,0.2649989368120747,0.0226937299594283,0.6314496314496314,0.3685503685503685,0.6387808041385081,0.3612191958614918
E0,1718,2018-02-10,West Ham,Watford,2,0,H,hist-team-west-ham,hist-team-watford,0.3842438587512794,0.290525844421699,0.3252302968270214,0.3861089549794098,0.2889602731200471,0.3249307719005431,0.0247097144601866,0.4816753926701571,0.518324607329843,0.4807861220939283,0.5192138779060717
E0,1718,2018-02-11,Huddersfield,Bournemouth,4,1,H,hist-team-huddersfield,fpl-team-3,0.2965661918957712,0.3021971955393618,0.401236612564867,0.2952788825182642,0.3011060055266454,0.4036151119550903,0.0236037326976656,0.4179487179487179,0.5820512820512821,0.4135158509252556,0.5864841490747444
E0,1718,2018-02-11,Newcastle,Man United,1,0,H,fpl-team-17,fpl-team-16,0.1714426337088483,0.250847643005578,0.5777097232855737,0.1655815348201613,0.247793804491148,0.5866246606886906,0.0247369373682886,0.4750656167979003,0.5249343832020998,0.4737569060807899,0.5262430939192101
E0,1718,2018-02-11,Southampton,Liverpool,0,2,A,hist-team-southampton,fpl-team-14,0.2165105089896176,0.2518359078247657,0.5316535831856166,0.2126148328822702,0.2490984966486778,0.5382866704690521,0.0225746142677962,0.5633074935400517,0.4366925064599483,0.5665001899989639,0.4334998100010362
E0,1718,2018-02-12,Chelsea,West Brom,3,0,H,fpl-team-6,hist-team-west-brom,0.6956744016634027,0.194902644228806,0.1094229541077912,0.7089427383562945,0.1897095069345371,0.1013477547091683,0.0251606766832992,0.5483028720626633,0.4516971279373368,0.5509221029460813,0.4490778970539186
E0,1718,2018-02-24,Bournemouth,Newcastle,2,2,D,fpl-team-3,fpl-team-17,0.4560904642243089,0.2800555482079089,0.263853987567782,0.4601126679689264,0.278307156112219,0.2615801759188546,0.0220695228781551,0.4855643044619423,0.5144356955380577,0.4848317705468475,0.5151682294531524
E0,1718,2018-02-24,Brighton,Swansea,4,1,H,fpl-team-5,hist-team-swansea,0.4562005649206688,0.3060770563365509,0.2377223787427802,0.4602017086629043,0.3051783155622037,0.2346199757748919,0.0219500735402107,0.3676470588235294,0.6323529411764707,0.3604651162623141,0.6395348837376859
E0,1718,2018-02-24,Burnley,Southampton,1,1,D,hist-team-burnley,hist-team-southampton,0.3347067455773975,0.3159278192578735,0.3493654351647288,0.3347519095867625,0.3153516407278921,0.3498964496853454,0.0223244023509323,0.3719211822660098,0.6280788177339901,0.3649526035647645,0.6350473964352354
E0,1718,2018-02-24,Leicester,Stoke,1,1,D,hist-team-leicester,hist-team-stoke,0.5578086501868154,0.2551677867875857,0.1870235630255989,0.5648730719376057,0.2526835284798618,0.1824433995825324,0.0212609781883656,0.5052356020942408,0.4947643979057591,0.5054829070382821,0.4945170929617178
E0,1718,2018-02-24,Liverpool,West Ham,4,1,H,fpl-team-14,hist-team-west-ham,0.7810131268654728,0.1431663406921805,0.0758205324423466,0.7946772239626195,0.1372122745439621,0.0681105014934183,0.0211940337903797,0.6611374407582938,0.3388625592417061,0.6704388801012654,0.3295611198987346
E0,1718,2018-02-24,Watford,Everton,1,0,H,hist-team-watford,fpl-team-9,0.4329262034281022,0.2873173902630949,0.2797564063088029,0.4362703019519247,0.2857712332755857,0.2779584647724896,0.0226171695394441,0.4633507853403141,0.5366492146596858,0.4614165633234023,0.5385834366765977
E0,1718,2018-02-24,West Brom,Huddersfield,1,2,A,hist-team-west-brom,hist-team-huddersfield,0.4928549957612951,0.2941965205467423,0.2129484836919626,0.4982929339520112,0.2928419367653236,0.2088651292826652,0.0230127437971532,0.380597014925373,0.6194029850746269,0.3740058272493221,0.625994172750678
E0,1718,2018-02-25,Crystal Palace,Tottenham,0,1,A,fpl-team-8,fpl-team-19,0.1409099779335605,0.216956632691355,0.6421333893750845,0.134499486315106,0.2129852780488827,0.6525152356360113,0.0228715450502932,0.5494791666666667,0.4505208333333333,0.5520505163905842,0.4479494836094158
E0,1718,2018-02-25,Man United,Chelsea,2,1,H,fpl-team-16,fpl-team-6,0.420475488389237,0.2958901584961297,0.2836343531146332,0.4232668001346993,0.2946894600040737,0.282043739861227,0.021565058035776,0.4543080939947781,0.5456919060052219,0.4518781279229459,0.5481218720770542
E0,1718,2018-03-01,Arsenal,Man City,0,3,A,fpl-team-1,fpl-team-15,0.2200178367468277,0.2422981240123292,0.5376840392408431,0.216244221841403,0.2392527437607912,0.5445030343978057,0.0225229507777839,0.6356968215158926,0.3643031784841076,0.6432627774994496,0.3567372225005504
E0,1718,2018-03-03,Burnley,Everton,2,1,H,hist-team-burnley,fpl-team-9,0.3881195563631806,0.3166238486120684,0.2952565950247509,0.3897049643322621,0.3161391710976962,0.2941558645700416,0.0194666965398937,0.3658536585365854,0.6341463414634148,0.3589743589497033,0.6410256410502967
E0,1718,2018-03-03,Leicester,Bournemouth,1,1,D,hist-team-leicester,fpl-team-3,0.5186074429771909,0.2593037214885954,0.2220888355342136,0.5244387434112787,0.2569639257017611,0.21859733088696,0.0212201026733964,0.5416666666666667,0.4583333333333333,0.5437062937092246,0.4562937062907753
E0,1718,2018-03-03,Liverpool,Newcastle,2,0,H,fpl-team-14,fpl-team-17,0.7926892081101728,0.1380077614119869,0.0693030304778402,0.8072587823692688,0.1316211450999443,0.0611200725307868,0.0221624854020774,0.6697892271662763,0.3302107728337237,0.6797847542264817,0.3202152457735183
E0,1718,2018-03-03,Southampton,Stoke,0,0,D,hist-team-southampton,hist-team-stoke,0.5520824222918015,0.2617502492609632,0.1861673284472353,0.5587566075081575,0.2595418483390867,0.1817015441527558,0.020603732438758,0.4764397905759163,0.5235602094240838,0.4752747252712324,0.5247252747287677
E0,1718,2018-03-03,Swansea,West Ham,4,1,H,hist-team-swansea,hist-team-west-ham,0.3759227349964782,0.3023984145870723,0.3216788504164495,0.3772885742874557,0.3014073030235365,0.3213041226890077,0.0215968796983361,0.4183673469387755,0.5816326530612244,0.4144201968435676,0.5855798031564324
E0,1718,2018-03-03,Tottenham,Huddersfield,2,0,H,fpl-team-19,hist-team-huddersfield,0.8071813885869733,0.133780759389763,0.0590378520232635,0.8216759117518919,0.1274366304771415,0.0508874577709665,0.021514365915209,0.6055276381909548,0.3944723618090452,0.6110024578960898,0.3889975421039103
E0,1718,2018-03-03,Watford,West Brom,1,0,H,hist-team-watford,hist-team-west-brom,0.4507627377012448,0.291831194925122,0.2574060673736331,0.4543899414969232,0.2905444214521425,0.2550656370509342,0.020794955198653,0.4366925064599483,0.5633074935400517,0.4334998100010362,0.5665001899989639
E0,1718,2018-03-04,Brighton,Arsenal,2,1,H,fpl-team-5,fpl-team-1,0.2430121693067234,0.2608904487925042,0.4960973819007722,0.2400322393543589,0.258492549094177,0.501475211551464,0.0222717449069023,0.5340314136125655,0.4659685863874345,0.5358008371826707,0.4641991628173292
E0,1718,2018-03-04,Man City,Chelsea,1,0,H,fpl-team-15,fpl-team-6,0.5985639519057426,0.2313290635384512,0.170106984555806,0.6072829398660008,0.2279437109020686,0.1647733492319306,0.0222646344918757,0.5644329896907216,0.4355670103092783,0.5675474858944982,0.4324525141055018
E0,1718,2018-03-05,Crystal Palace,Man United,2,3,A,fpl-team-8,fpl-team-16,0.1482586994628614,0.236847848277707,0.6148934522594316,0.1424540987188755,0.2337460272109938,0.6237998740701308,0.0214603887870907,0.4776902887139108,0.5223097112860893,0.4765310066806216,0.5234689933193785
E0,1718,2018-03-10,Chelsea,Crystal Palace,2,1,H,fpl-team-6,fpl-team-8,0.7391863370612066,0.1734552776497416,0.0873583852890517,0.7514722879319837,0.1684883123862469,0.0800393996817694,0.0208515736740082,0.5618556701030928,0.4381443298969071,0.5647598488963583,0.4352401511036416
E0,1718,2018-03-10,Everton,Brighton,2,0,H,fpl-team-9,fpl-team-5,0.4373457636413491,0.3002467781738415,0.2624074581848094,0.4407526575690385,0.299157850409663,0.2600894920212986,0.0220632165437564,0.4096692111959288,0.5903307888040712,0.4049582351630245,0.5950417648369755
E0,1718,2018-03-10,Huddersfield,Swansea,0,0,D,hist-team-huddersfield,hist-team-swansea,0.3851462580726859,0.3113682411042168,0.3034855008230974,0.3867912510476587,0.3106703937681341,0.3025383551842072,0.0213747341185808,0.3777777777777777,0.6222222222222222,0.3716153127914478,0.6283846872085521
E0,1718,2018-03-10,Man United,Liverpool,2,1,H,fpl-team-16,fpl-team-14,0.3553039332538736,0.2907032181168058,0.3539928486293206,0.3559945812142042,0.2893632625505501,0.3546421562352456,0.0212067337706685,0.5013054830287206,0.4986945169712793,0.5013634380452007,0.4986365619547993
E0,1718,2018-03-10,Newcastle,Southampton,3,0,H,fpl-team-17,hist-team-southampton,0.3496156348651709,0.3070342434392847,0.3433501216955442,0.3501457276207232,0.3061783678253519,0.3436759045539249,0.0219514605123549,0.4194373401534527,0.5805626598465473,0.4153862684135159,0.584613731586484
E0,1718,2018-03-10,West Brom,Leicester,1,4,A,hist-team-west-brom,hist-team-leicester,0.3225467443184306,0.3003021412619872,0.3771511144195822,0.3221941176648987,0.2992271138025567,0.3785787685325445,0.0219454013276845,0.4329896907216495,0.5670103092783505,0.4296536796535755,0.5703463203464245
E0,1718,2018-03-10,West Ham,Burnley,0,3,A,hist-team-west-ham,hist-team-burnley,0.4224117181858817,0.3044046350101433,0.2731836468039748,0.4252512488031827,0.3034790755884433,0.2712696756083739,0.0214630188420414,0.3865336658354114,0.6134663341645885,0.3806713873440402,0.6193286126559598
E0,1718,2018-03-11,Arsenal,Watford,3,0,H,fpl-team-1,hist-team-watford,0.6499534924923595,0.2068033839748416,0.1432431235327988,0.6609454072176792,0.2023557475727759,0.1366988452095448,0.0236344607546925,0.6271604938271605,0.3728395061728394,0.6342754341033365,0.3657245658966634
E0,1718,2018-03-11,Bournemouth,Tottenham,1,4,A,fpl-team-3,fpl-team-19,0.1570106416166937,0.2139138271690526,0.6290755312142535,0.1510386251450317,0.2098016291997739,0.6391597456551943,0.0231548142619431,0.5913705583756345,0.4086294416243655,0.5959667315307422,0.4040332684692578
E0,1718,2018-03-12,Stoke,Man City,0,2,A,hist-team-stoke,fpl-team-15,0.0727138329064792,0.1481249331850689,0.7791612339084519,0.0644749966996796,0.1419438305966879,0.7935811727036325,0.0225464738905429,0.6339066339066339,0.366093366093366,0.6417720202125494,0.3582279797874504
E0,1718,2018-03-17,Bournemouth,West Brom,2,1,H,fpl-team-3,hist-team-west-brom,0.5199443413729128,0.2702535559678417,0.2098021026592455,0.526225578304798,0.2681118301492362,0.2056625915459659,0.0227228619623929,0.4895287958115184,0.5104712041884817,0.489030577265449,0.510969422734551
E0,1718,2018-03-17,Huddersfield,Crystal Palace,0,2,A,hist-team-huddersfield,fpl-team-8,0.3322403317581252,0.3066833831613463,0.3610762850805285,0.3322029214452607,0.3057925731830183,0.3620045053717208,0.0225493685575202,0.4096692111959288,0.5903307888040712,0.4049582351630245,0.5950417648369755
E0,1718,2018-03-17,Liverpool,Watford,5,0,H,fpl-team-14,hist-team-watford,0.807558003804831,0.1300397868102502,0.0624022093849187,0.8218979390066384,0.1236867207579533,0.0544153402354082,0.0212044869549572,0.6720930232558139,0.327906976744186,0.6815995484630748,0.3184004515369251
E0,1718,2018-03-17,Stoke,Everton,1,2,A,hist-team-stoke,fpl-team-9,0.3911506798521562,0.2966932401355365,0.3121560800123071,0.3930186241689348,0.2955105810226188,0.3114707948084463,0.0217547318898141,0.4404145077720207,0.5595854922279793,0.4373638344171967,0.5626361655828032
E0,1718,2018-03-31,Brighton,Leicester,0,2,A,fpl-team-5,hist-team-leicester,0.3471810089020772,0.3030945315811785,0.3497244595167444,0.3476669462305453,0.3020331603294473,0.3502998934400074,0.0237013276200741,0.4205128205128206,0.5794871794871795,0.416360889285732,0.5836391107142681
E0,1718,2018-03-31,Crystal Palace,Liverpool,1,2,A,fpl-team-8,fpl-team-14,0.1529537934968625,0.2171180832857957,0.6299281232173417,0.1470354541079635,0.2132341475227007,0.6397303983693357,0.0224380295258015,0.6045340050377834,0.3954659949622167,0.6101380042436351,0.3898619957563648
E0,1718,2018-03-31,Everton,Man City,1,3,A,fpl-team-9,fpl-team-15,0.1046514796859244,0.186819243033076,0.7085292772809996,0.097026506761165,0.181748951496967,0.7212245417418678,0.0232351983431726,0.5856777493606138,0.4143222506393862,0.5903013639605514,0.4096986360394484
E0,1718,2018-03-31,Man United,Swansea,2,0,H,fpl-team-16,hist-team-swansea,0.7711850871588938,0.1570229077302181,0.071792005110888,0.7860829162287719,0.1507971682386775,0.0631199155325504,0.0237701465375721,0.5366492146596858,0.4633507853403141,0.5385834366765977,0.4614165633234023
E0,1718,2018-03-31,Newcastle,Huddersfield,1,0,H,fpl-team-17,hist-team-huddersfield,0.5451534258593369,0.2710279816062045,0.1838185925344585,0.5527404972252097,0.2687591381434919,0.1785003646312984,0.0242465171031653,0.4267352185089973,0.5732647814910026,0.4230104273600676,0.5769895726399324
E0,1718,2018-03-31,Watford,Bournemouth,2,2,D,hist-team-watford,fpl-team-3,0.4118691588785047,0.2818691588785046,0.3062616822429906,0.4145828531168529,0.2800936252465545,0.3053235216365925,0.0232829696033149,0.5196850393700787,0.4803149606299213,0.5206987911941695,0.4793012088058304
E0,1718,2018-03-31,West Brom,Burnley,1,2,A,hist-team-west-brom,hist-team-burnley,0.3686769996897676,0.3151397456094053,0.3161832547008271,0.3699161809441966,0.3145019149321457,0.3155819041236578,0.023633059579879,0.3658536585365854,0.6341463414634148,0.3589743589497033,0.6410256410502967
E0,1718,2018-03-31,West Ham,Southampton,3,0,H,hist-team-west-ham,hist-team-southampton,0.3354350365022093,0.2996833398217231,0.3648816236760674,0.335505478969351,0.2985356243334184,0.3659588966972305,0.0230220770463347,0.4366925064599483,0.5633074935400517,0.4334998100010362,0.5665001899989639
E0,1718,2018-04-01,Arsenal,Stoke,3,0,H,fpl-team-1,hist-team-stoke,0.7303771723642386,0.1696443432264455,0.0999784844093158,0.7437263182941668,0.1640284999500774,0.0922451817557557,0.0231429589912295,0.6390243902439025,0.3609756097560975,0.6469981431547079,0.3530018568452922
E0,1718,2018-04-01,Chelsea,Tottenham,1,3,A,fpl-team-6,fpl-team-19,0.4042469400293002,0.2899765284100755,0.3057765315606244,0.4067835731568071,0.2884273358988594,0.3047890909443335,0.0241108287591487,0.4724409448818897,0.5275590551181102,0.4709784411221318,0.5290215588778682
E0,1718,2018-04-07,Bournemouth,Crystal Palace,2,2,D,fpl-team-3,fpl-team-8,0.3907942415813225,0.2824324164820768,0.3267733419366007,0.3926902987323777,0.280755910222376,0.3265537910452462,0.0222328081727027,0.5196850393700787,0.4803149606299213,0.5206987911941695,0.4793012088058304
E0,1718,2018-04-07,Brighton,Huddersfield,1,1,D,fpl-team-5,hist-team-huddersfield,0.5160450997398092,0.2823070251517779,0.2016478751084128,0.5217315162006982,0.2806984876580476,0.1975699961412541,0.0209989759605377,0.3969849246231156,0.6030150753768844,0.3918776371287611,0.6081223628712389
E0,1718,2018-04-07,Everton,Liverpool,0,0,D,fpl-team-9,fpl-team-14,0.2365793222650579,0.2631539858619549,0.5002666918729871,0.2336245829338118,0.2610009501615722,0.5053744669046158,0.020611248910427,0.5170603674540682,0.4829396325459317,0.517932023832641,0.4820679761673591
E0,1718,2018-04-07,Leicester,Newcastle,1,2,A,hist-team-leicester,fpl-team-17,0.4908282953547253,0.2774246886787577,0.2317470159665167,0.4960755492998941,0.2755511889024751,0.2283732617976307,0.0224648541770875,0.4659685863874345,0.5340314136125655,0.4641991628173292,0.5358008371826707
E0,1718,2018-04-07,Man City,Man United,2,3,A,fpl-team-15,fpl-team-16,0.5101196455389022,0.2598983559927199,0.229981998468378,0.515740136167093,0.2575561531057425,0.2267037107271645,0.0214306337293237,0.518324607329843,0.4816753926701571,0.5192138779060717,0.4807861220939283
E0,1718,2018-04-07,Stoke,Tottenham,1,2,A,hist-team-stoke,fpl-team-19,0.0962101761606352,0.1818518102430189,0.7219380135963458,0.0889975652409521,0.1770619689628871,0.7339404657961609,0.0212110909633338,0.5831202046035805,0.4168797953964194,0.587450220630869,0.4125497793691309
E0,1718,2018-04-07,Watford,Burnley,1,2,A,hist-team-watford,hist-team-burnley,0.4109924162113675,0.3040039142134877,0.2850036695751447,0.4135462635484261,0.3030374934490706,0.2834162430025033,0.0221464436035603,0.4025316455696203,0.5974683544303797,0.3973989979611039,0.6026010020388961
E0,1718,2018-04-07,West Brom,Swansea,1,1,D,hist-team-west-brom,hist-team-swansea,0.4044087519462427,0.3042694419405065,0.2913218061132508,0.4066982222062712,0.3033321011726188,0.2899696766211099,0.0216878305654972,0.4035532994923858,0.5964467005076142,0.3983005486587334,0.6016994513412668
E0,1718,2018-04-08,Arsenal,Southampton,3,2,H,fpl-team-1,hist-team-southampton,0.6145062627439558,0.2219050393242062,0.163588697931838,0.6235407365901061,0.2182918900932776,0.1581673733166161,0.0217741806991398,0.5794871794871795,0.4205128205128206,0.5836391107142681,0.416360889285732
E0,1718,2018-04-08,Chelsea,West Ham,1,1,D,fpl-team-6,hist-team-west-ham,0.7519748493199921,0.1638092724933773,0.0842158781866305,0.7666504732114057,0.1576882468767525,0.0756612799118418,0.0243336646817624,0.602015113350126,0.3979848866498741,0.6072506753009054,0.3927493246990947
E0,1718,2018-04-14,Burnley,Leicester,2,1,H,hist-team-burnley,hist-team-leicester,0.3640694359233462,0.3068918642558976,0.3290386998207562,0.365081915385592,0.3060216686319527,0.3288964159824554,0.0221945750527083,0.4035532994923858,0.5964467005076142,0.3983005486587334,0.6016994513412668
E0,1718,2018-04-14,Crystal Palace,Brighton,3,2,H,fpl-team-8,fpl-team-5,0.5078897786151673,0.2806759302873292,0.2114342910975035,0.5133132542670923,0.2790234953695595,0.2076632503633481,0.0209518685005605,0.4168797953964194,0.5831202046035805,0.4125497793691309,0.587450220630869
E0,1718,2018-04-14,Huddersfield,Watford,1,0,H,hist-team-huddersfield,hist-team-watford,0.3638857802967402,0.3038157467239449,0.3322984729793148,0.3649039304251012,0.3028331055060758,0.3322629640688229,0.0224584903335198,0.4205128205128206,0.5794871794871795,0.416360889285732,0.5836391107142681
E0,1718,2018-04-14,Liverpool,Bournemouth,3,0,H,fpl-team-14,fpl-team-3,0.7755641158378758,0.147499923871007,0.0769359602911172,0.7886876621346003,0.1418446048728238,0.0694677329925758,0.0205611146520823,0.6863636363636364,0.3136363636363636,0.6967559266780154,0.3032440733219845
E0,1718,2018-04-14,Southampton,Chelsea,2,3,A,hist-team-southampton,fpl-team-6,0.2192987899472541,0.2654669562519392,0.5152342538008067,0.2156229384565003,0.2632593391150739,0.5211177224284258,0.0218148448038846,0.4764397905759163,0.5235602094240838,0.4752747252712324,0.5247252747287677
E0,1718,2018-04-14,Swansea,Everton,1,1,D,hist-team-swansea,fpl-team-9,0.379447392091676,0.3047625085688699,0.315790099339454,0.3808748744436532,0.303878653974121,0.3152464715822258,0.020836915122345,0.4060913705583756,0.5939086294416244,0.4011752136730462,0.5988247863269538
E0,1718,2018-04-14,Tottenham,Man City,1,3,A,fpl-team-19,fpl-team-15,0.3622603707283477,0.2727244268267391,0.3650152024449131,0.3631534716999727,0.2708527724435494,0.3659937558564778,0.0208480111323297,0.570694087403599,0.4293059125964009,0.5741759723762319,0.4258240276237681
E0,1718,2018-04-15,Man United,West Brom,0,1,A,fpl-team-16,hist-team-west-brom,0.8069714505735933,0.1377756135125647,0.0552529359138421,0.8215487534623557,0.1314771224544957,0.0469741240831486,0.0217242573853582,0.5732647814910026,0.4267352185089973,0.5769895726399324,0.4230104273600676
E0,1718,2018-04-15,Newcastle,Arsenal,2,1,H,fpl-team-17,fpl-team-1,0.2963214334193023,0.2712094475363106,0.4324691190443871,0.2951742277222872,0.2692916892024973,0.4355340830752154,0.0208098182920366,0.5595854922279793,0.4404145077720207,0.5626361655828032,0.4373638344171967
E0,1718,2018-04-16,West Ham,Stoke,1,1,D,hist-team-west-ham,hist-team-stoke,0.476640057769786,0.2795542860819859,0.2438056561482281,0.4818577766115955,0.2775872631352507,0.2405549602531538,0.0245647891424596,0.4607329842931937,0.5392670157068064,0.4586275375035324,0.5413724624964675
E0,1718,2018-04-17,Brighton,Tottenham,1,1,D,fpl-team-5,fpl-team-19,0.1532817263086205,0.2266689679139271,0.6200493057774522,0.1478890920111231,0.2234133459196781,0.6286975620691988,0.0204388629645109,0.5468749999999999,0.4531249999999999,0.5492610837511274,0.4507389162488727
E0,1718,2018-04-18,Bournemouth,Man United,0,2,A,fpl-team-3,fpl-team-16,0.198211712456592,0.2472537856417282,0.5545345019016796,0.1939663150124045,0.244521349318802,0.5615123356687934,0.021298642270267,0.5468749999999999,0.4531249999999999,0.5492610837511274,0.4507389162488727
E0,1718,2018-04-19,Burnley,Chelsea,1,2,A,hist-team-burnley,fpl-team-6,0.2211739545334569,0.2771103907090696,0.5017156547574734,0.2171052183199647,0.2750447698361757,0.5078500118438594,0.0246030099224299,0.4415584415584415,0.5584415584415584,0.4384404924803881,0.5615595075196119
E0,1718,2018-04-19,Leicester,Southampton,0,0,D,hist-team-leicester,hist-team-southampton,0.4074708171206225,0.2816342412451362,0.3108949416342412,0.4099118573369467,0.2799347874992087,0.3101533551638447,0.022176346858032,0.4960629921259842,0.5039370078740157,0.495866402115726,0.504133597884274
E0,1718,2018-04-21,Watford,Crystal Palace,0,0,D,hist-team-watford,fpl-team-8,0.3299381737476221,0.2873335447051363,0.3827282815472416,0.3298218912650669,0.2857954372531432,0.3843826714817899,0.0225720112212002,0.4829396325459317,0.5170603674540682,0.4820679761673591,0.517932023832641
E0,1718,2018-04-21,West Brom,Liverpool,2,2,D,hist-team-west-brom,fpl-team-14,0.141327604482956,0.2231661475440165,0.6355062479730273,0.1353637205325637,0.2196618018014476,0.6449744776659887,0.0212810593657195,0.5261780104712042,0.4738219895287958,0.5274868750139057,0.4725131249860944
E0,1718,2018-04-22,Arsenal,West Ham,4,1,H,fpl-team-1,hist-team-west-ham,0.6229228067604649,0.21365281122742,0.1634243820121151,0.6320726635875974,0.2098424928469874,0.1580848435654151,0.0214118736330419,0.6314496314496314,0.3685503685503685,0.6387808041385081,0.3612191958614918
E0,1718,2018-04-22,Man City,Swansea,5,0,H,fpl-team-15,hist-team-swansea,0.8477142283373358,0.1077522022521022,0.044533569410562,0.8645342829470364,0.0999629171736041,0.0355027998793595,0.0236524953506886,0.6736596736596736,0.3263403263403263,0.684132476547461,0.3158675234525389
E0,1718,2018-04-22,Stoke,Burnley,1,1,D,hist-team-stoke,hist-team-burnley,0.4203152364273205,0.2994746059544659,0.2802101576182136,0.4231268078085939,0.2983780493374834,0.2784951428539227,0.0217644362710416,0.3929471032745592,0.6070528967254408,0.3869560591501546,0.6130439408498454
E0,1718,2018-04-23,Everton,Newcastle,1,0,H,fpl-team-9,fpl-team-17,0.4176456243976265,0.294279532267866,0.2880748433345074,0.4205002588551039,0.2929565261496633,0.2865432149952327,0.0228067096322774,0.4252577319587629,0.5747422680412371,0.4211849436032326,0.5788150563967673
E0,1718,2018-04-28,Burnley,Brighton,0,0,D,hist-team-burnley,fpl-team-5,0.4311834803966159,0.3029200400254707,0.2658964795779132,0.4344322366847793,0.3019054138842566,0.263662349430964,0.0223663218785077,0.3875,0.6125,0.3815009874934476,0.6184990125065525
E0,1718,2018-04-28,Crystal Palace,Leicester,5,0,H,fpl-team-8,hist-team-leicester,0.4656885081563838,0.2727604119201676,0.2615510799234484,0.4703594692994001,0.2706203326864593,0.2590201980141407,0.0237919930368661,0.5157068062827225,0.4842931937172774,0.5164631636708809,0.4835368363291191
E0,1718,2018-04-28,Huddersfield,Everton,0,2,A,hist-team-huddersfield,fpl-team-9,0.3736695844378418,0.3167530252188328,0.3095773903433253,0.3750281478704496,0.3161942006214218,0.3087776515081286,0.0226918829139322,0.3762376237623762,0.6237623762376239,0.369465330009717,0.6305346699902831
E0,1718,2018-04-28,Liverpool,Stoke,0,0,D,fpl-team-14,hist-team-stoke,0.729342871330399,0.1724619424987044,0.0981951861708964,0.7430894447182708,0.1667495784072255,0.0901609768745037,0.0239297046791762,0.6262376237623761,0.3737623762376237,0.6334973692908102,0.3665026307091897
E0,1718,2018-04-28,Newcastle,West Brom,0,1,A,fpl-team-17,hist-team-west-brom,0.5148968430874501,0.2759965787154632,0.2091065781970867,0.520859713849313,0.274094815734606,0.2050454704160811,0.022164249792695,0.4415584415584415,0.5584415584415584,0.4384404924803881,0.5615595075196119
E0,1718,2018-04-28,Southampton,Bournemouth,2,1,H,hist-team-southampton,fpl-team-3,0.5590116842606137,0.2451051230988845,0.1958831926405019,0.566755157047557,0.2420568608843928,0.1911879820680501,0.0231975349597632,0.5506493506493506,0.4493506493506493,0.5531682844373905,0.4468317155626095
E0,1718,2018-04-28,Swansea,Chelsea,0,1,A,hist-team-swansea,fpl-team-6,0.1370910764404286,0.2258923883663799,0.6370165351931916,0.1303676716305251,0.2221012208609802,0.6475311075084945,0.0235772997839376,0.4934383202099738,0.5065616797900262,0.4931099107049156,0.5068900892950844
E0,1718,2018-04-29,Man United,Arsenal,2,1,H,fpl-team-16,fpl-team-1,0.6671886292459648,0.2070585401108166,0.1257528306432185,0.677346530495652,0.2031535826370002,0.1194998868673478,0.0207144895102828,0.577319587628866,0.4226804123711341,0.581663763067284,0.418336236932716
E0,1718,2018-04-29,West Ham,Man City,1,4,A,hist-team-west-ham,fpl-team-15,0.0978828045342769,0.1761530618365021,0.725964133629221,0.0903634887493489,0.1709422949451928,0.7386942163054583,0.0222959811799228,0.6262376237623761,0.3737623762376237,0.6334973692908102,0.3665026307091897
E0,1718,2018-04-30,Tottenham,Watford,2,0,H,fpl-team-19,hist-team-watford,0.8304570124810166,0.1189321997949151,0.0506107877240683,0.8478730899632216,0.1110219334115291,0.0411049766252492,0.0251794650685042,0.660332541567696,0.339667458432304,0.6697942345130007,0.3302057654869992
E0,1718,2018-05-04,Brighton,Man United,1,0,H,fpl-team-5,fpl-team-16,0.211551597479089,0.2720805248031344,0.5163678777177765,0.2078339464343394,0.270188287382697,0.5219777661829635,0.0206653280183672,0.4842931937172774,0.5157068062827225,0.4835368363291191,0.5164631636708809
E0,1718,2018-05-05,Bournemouth,Swansea,1,0,H,fpl-team-3,hist-team-swansea,0.4559505409582689,0.2735703245749613,0.2704791344667697,0.4599972151898276,0.2715974702154272,0.2684053145947451,0.0222297592554241,0.5130890052356021,0.486910994764398,0.5137151634835786,0.4862848365164214
E0,1718,2018-05-05,Everton,Southampton,1,1,D,fpl-team-9,hist-team-southampton,0.3327601031814273,0.295786758383491,0.3714531384350816,0.3327400651718257,0.2945769723895623,0.372682962438612,0.0217352586332708,0.4415584415584415,0.5584415584415584,0.4384404924803881,0.5615595075196119
E0,1718,2018-05-05,Leicester,West Ham,0,2,A,hist-team-leicester,hist-team-west-ham,0.4285271032762959,0.2818924602672979,0.2895804364564061,0.4318115075699774,0.2801187021402498,0.2880697902897727,0.0232461160048842,0.5039370078740157,0.4960629921259842,0.504133597884274,0.495866402115726
E0,1718,2018-05-05,Stoke,Crystal Palace,1,2,A,hist-team-stoke,fpl-team-8,0.3613033276365534,0.2892609722769989,0.3494357000864476,0.3622247465523497,0.2878101383839342,0.3499651150637161,0.0222238604910671,0.5013123359580053,0.4986876640419947,0.5013777900249893,0.4986222099750107
E0,1718,2018-05-05,Watford,Newcastle,2,1,H,hist-team-watford,fpl-team-17,0.4040172547976707,0.2910397853709665,0.3049429598313629,0.4063466840646632,0.2896472503404785,0.3040060655948582,0.0221937935566529,0.4581151832460733,0.5418848167539266,0.455831608003748,0.544168391996252
E0,1718,2018-05-05,West Brom,Tottenham,1,0,H,hist-team-west-brom,fpl-team-19,0.1267306170886075,0.2050534018987341,0.6682159810126582,0.1196581213940186,0.2005335931775589,0.6798082854284223,0.0236349613405764,0.5584415584415584,0.4415584415584415,0.5615595075196119,0.4384404924803881
E0,1718,2018-05-06,Arsenal,Burnley,5,0,H,fpl-team-1,hist-team-burnley,0.6170500741193404,0.2271799560296859,0.1557699698509735,0.6266683070261977,0.2235351129920518,0.1497965799817505,0.0230114839505404,0.5572916666666667,0.4427083333333333,0.5604727872513917,0.4395272127486084
E0,1718,2018-05-06,Chelsea,Liverpool,1,0,H,fpl-team-6,fpl-team-14,0.4299725040295818,0.2731734142410164,0.2968540817294017,0.4330563467510113,0.2712565066548641,0.2956871465941246,0.0214850676711648,0.5546875,0.4453125,0.557655876785144,0.442344123214856
E0,1718,2018-05-06,Man City,Huddersfield,0,0,D,fpl-team-15,hist-team-huddersfield,0.88250525141838,0.08314007986569,0.0343546687159297,0.8986973161163612,0.0753037971080095,0.0259988867756292,0.0217593312263488,0.7155172413793104,0.2844827586206896,0.7281854691547349,0.2718145308452649
E0,1718,2018-05-08,Swansea,Southampton,0,1,A,hist-team-swansea,hist-team-southampton,0.315855969677827,0.3000631711939356,0.3840808591282376,0.3153168249565505,0.299039419821462,0.3856437552219874,0.0207292875275015,0.413265306122449,0.586734693877551,0.40874932902166,0.59125067097834
E0,1718,2018-05-09,Chelsea,Huddersfield,1,1,D,fpl-team-6,hist-team-huddersfield,0.8138859781791955,0.1303101023407667,0.0558039194800377,0.8286462871857201,0.1238089838563618,0.047544728957918,0.0216858612839132,0.6090225563909775,0.3909774436090226,0.6147515036394312,0.3852484963605688
E0,1718,2018-05-09,Leicester,Arsenal,3,1,H,hist-team-leicester,fpl-team-1,0.2641341633845762,0.2529538813365519,0.4829119552788717,0.2617729238609546,0.250216743295948,0.4880103328430973,0.0229765796102583,0.6140350877192983,0.3859649122807017,0.6205936920237535,0.3794063079762464
E0,1718,2018-05-09,Man City,Brighton,3,1,H,fpl-team-15,fpl-team-5,0.8517909152158624,0.1040566199128567,0.0441524648712809,0.8668310762832147,0.0970872157582525,0.0360817079585329,0.0208009360358119,0.6936936936936937,0.3063063063063063,0.7053093964501832,0.2946906035498169
E0,1718,2018-05-09,Tottenham,Newcastle,1,0,H,fpl-team-19,fpl-team-17,0.8114232407603074,0.1264834113734693,0.0620933478662232,0.8272321478857873,0.1193981554788244,0.0533696966353882,0.0233263941481709,0.6774941995359629,0.3225058004640371,0.6884793535003751,0.3115206464996248
E0,1718,2018-05-10,West Ham,Man United,0,0,D,hist-team-west-ham,fpl-team-16,0.2141194132390173,0.2553402628465286,0.530540323914454,0.2099543482496703,0.2525908548259142,0.5374547969244154,0.023680746089667,0.5261780104712042,0.4738219895287958,0.5274868750139057,0.4725131249860944
E0,1718,2018-05-13,Burnley,Bournemouth,1,2,A,hist-team-burnley,fpl-team-3,0.4377687293942478,0.2790455643507193,0.2831857062550327,0.4414803559528311,0.2771168605066258,0.281402783540543,0.0239538813475519,0.5118110236220472,0.4881889763779528,0.5124069478901967,0.4875930521098033
E0,1718,2018-05-13,Crystal Palace,West Brom,2,0,H,fpl-team-8,hist-team-west-brom,0.5446371108052264,0.2495065298191482,0.2058563593756255,0.5523647312862243,0.2464218742961774,0.2012133944175983,0.0247288718819618,0.5418848167539266,0.4581151832460733,0.544168391996252,0.455831608003748
E0,1718,2018-05-13,Huddersfield,Arsenal,0,1,A,hist-team-huddersfield,fpl-team-1,0.1716352454884565,0.2222099001915516,0.6061548543199918,0.1663496043378533,0.2185304364457715,0.6151199592163751,0.0222589506302028,0.6296296296296295,0.3703703703703704,0.6372549019510689,0.362745098048931
E0,1718,2018-05-13,Liverpool,Brighton,4,0,H,fpl-team-14,fpl-team-5,0.8031190450874777,0.131822298435048,0.0650586564774743,0.8193234824838955,0.1246201323627915,0.056056385153313,0.0243121248204261,0.6697892271662763,0.3302107728337237,0.6797847542264817,0.3202152457735183
E0,1718,2018-05-13,Man United,Watford,1,0,H,fpl-team-16,hist-team-watford,0.697132375744851,0.1865373739786027,0.1163302502765463,0.7098695153033096,0.1813064278557235,0.1088240568409669,0.0239907993236556,0.606060606060606,0.393939393939394,0.6121794871882096,0.3878205128117903
E0,1718,2018-05-13,Newcastle,Chelsea,3,0,H,fpl-team-17,fpl-team-6,0.1637687019813991,0.2357460574201375,0.6004852405984634,0.1578385902956208,0.2322630606739966,0.6098983490303824,0.023905602749437,0.5275590551181102,0.4724409448818897,0.5290215588778682,0.4709784411221318
E0,1718,2018-05-13,Southampton,Man City,0,1,A,hist-team-southampton,fpl-team-15,0.1292420408625703,0.1981532535216586,0.672604705615771,0.1221744045044087,0.193350828270122,0.6844747672254693,0.023890360025689,0.6209476309226933,0.3790523690773067,0.6281441555697886,0.3718558444302113
E0,1718,2018-05-13,Swansea,Stoke,1,2,A,hist-team-swansea,hist-team-stoke,0.5055045221143037,0.2603279419062763,0.23416753597942,0.5114801364919668,0.2577865425067991,0.230733321001234,0.0234154642093926,0.5392670157068064,0.4607329842931937,0.5413724624964675,0.4586275375035324
E0,1718,2018-05-13,Tottenham,Leicester,5,4,H,fpl-team-19,hist-team-leicester,0.7290191817866926,0.1663789421847678,0.1046018760285396,0.7428942511712627,0.1604188873932618,0.0966868614354754,0.0241427554283291,0.668235294117647,0.3317647058823529,0.6785535910352819,0.3214464089647181
E0,1718,2018-05-13,West Ham,Everton,3,1,H,hist-team-west-ham,fpl-team-9,0.4034339804342975,0.282046765082385,0.3145192544833175,0.4058216945363226,0.2803029801905741,0.3138753252731033,0.0229504839517176,0.5170603674540682,0.4829396325459317,0.517932023832641,0.4820679761673591
