league,season,date,home_team_raw,away_team_raw,home_goals,away_goals,result,home_team_id,away_team_id,prob_home_proportional,prob_draw_proportional,prob_away_proportional,prob_home_shin,prob_draw_shin,prob_away_shin,shin_z,prob_over25_proportional,prob_under25_proportional,prob_over25_shin,prob_under25_shin
E0,1920,2019-08-09,Liverpool,Norwich,4,1,H,fpl-team-14,hist-team-norwich,0.8419107425408927,0.1096889424567563,0.0484003150023508,0.8577838200519448,0.1023859600220849,0.0398302199259702,0.0223386902362108,0.674364896073903,0.325635103926097,0.6833770523755586,0.3166229476244414
E0,1920,2019-08-10,West Ham,Man City,0,5,A,hist-team-west-ham,fpl-team-15,0.080923496884703,0.1525691406233892,0.7665073624919078,0.0728672663461432,0.1465306373867364,0.7806020962671203,0.0225750422105193,0.6416464891041161,0.3583535108958837,0.649158592569405,0.350841407430595
E0,1920,2019-08-10,Bournemouth,Sheffield United,1,1,D,fpl-team-3,hist-team-sheffield-united,0.4775071962138203,0.2718950324050365,0.2505977713811432,0.4820009957160384,0.2699761169811335,0.2480228873028281,0.0209904382936656,0.5039164490861618,0.4960835509138382,0.5040905372239246,0.4959094627760753
E0,1920,2019-08-10,Burnley,Southampton,3,0,H,hist-team-burnley,hist-team-southampton,0.3576119784592275,0.2976397833138912,0.3447482382268813,0.3583936617994515,0.2964913908546137,0.3451149473459348,0.0217061957810074,0.4493506493506493,0.5506493506493506,0.4468317155626095,0.5531682844373905
E0,1920,2019-08-10,Crystal Palace,Everton,0,0,D,fpl-team-8,fpl-team-9,0.3066211892119975,0.2934936765240221,0.3998851342639802,0.3057870732294077,0.2922521520778393,0.4019607746927528,0.0209924580994993,0.4381443298969071,0.5618556701030928,0.4352401511036416,0.5647598488963583
E0,1920,2019-08-10,Watford,Brighton,0,3,A,hist-team-watford,fpl-team-5,0.4939945045976386,0.281040861853202,0.2249646335491593,0.499187518929872,0.2793378301485225,0.2214746509216054,0.0217927114572376,0.441860465116279,0.5581395348837209,0.4390838206584964,0.5609161793415036
E0,1920,2019-08-10,Tottenham,Aston Villa,3,1,H,fpl-team-19,fpl-team-2,0.7359580511141248,0.1730100300991613,0.0910319187867138,0.7495063333939571,0.1674709903149655,0.0830226762910772,0.02323256037198,0.578005115089514,0.4219948849104858,0.5817913649887713,0.4182086350112287
E0,1920,2019-08-11,Leicester,Wolves,0,0,D,hist-team-leicester,hist-team-wolves,0.4320101734944137,0.292397129621219,0.2755926968843673,0.4351415324878641,0.2910960300199186,0.2737624374922173,0.0213635695399716,0.4392764857881137,0.5607235142118864,0.436297099483457,0.563702900516543
E0,1920,2019-08-11,Newcastle,Arsenal,0,1,A,fpl-team-17,fpl-team-1,0.2135031083439755,0.2509499886032592,0.5355469030527654,0.2096661677959796,0.2482923715446131,0.5420414606594073,0.0216702832840383,0.5390625,0.4609375,0.5409399819817476,0.4590600180182522
E0,1920,2019-08-11,Man United,Chelsea,4,0,H,fpl-team-16,fpl-team-6,0.437226186478093,0.2884112495141638,0.2743625640077431,0.440651493918517,0.2869282197191459,0.272420286362337,0.0222045248374342,0.4765625,0.5234374999999999,0.4755321751856744,0.5244678248143256
E0,1920,2019-08-17,Arsenal,Burnley,2,1,H,fpl-team-1,hist-team-burnley,0.7232990481590654,0.1752254524684074,0.1014754993725271,0.7347812760608433,0.1704846476789653,0.0947340762601913,0.0201682702172547,0.5939086294416244,0.4060913705583756,0.5988247863269538,0.4011752136730462
E0,1920,2019-08-17,Aston Villa,Bournemouth,1,2,A,fpl-team-2,fpl-team-3,0.4125216350120696,0.2754084268132155,0.312069938174715,0.4148997382179187,0.2736719740597698,0.3114282877223114,0.0202099224552512,0.5286458333333333,0.4713541666666666,0.5299376752018712,0.4700623247981288
E0,1920,2019-08-17,Brighton,West Ham,1,1,D,fpl-team-5,hist-team-west-ham,0.3808475899765741,0.2882089870092993,0.3309434230141265,0.3823280524412986,0.286805110560048,0.3308668369986533,0.020983217516914,0.4895287958115184,0.5104712041884817,0.489030577265449,0.510969422734551
E0,1920,2019-08-17,Everton,Watford,1,0,H,fpl-team-9,hist-team-watford,0.555692372642837,0.2464994370954123,0.1978081902617506,0.5623498556777603,0.243884266085241,0.1937658782369986,0.0202025653561577,0.5338541666666666,0.4661458333333333,0.5354271699073179,0.4645728300926822
E0,1920,2019-08-17,Norwich,Newcastle,3,1,H,hist-team-norwich,fpl-team-17,0.4311224489795918,0.2844387755102041,0.2844387755102041,0.4340426646578867,0.2829786676710566,0.2829786676710566,0.0200912889558821,0.4908616187989557,0.5091383812010444,0.4904528096024957,0.5095471903975043
E0,1920,2019-08-17,Southampton,Liverpool,1,2,A,hist-team-southampton,fpl-team-14,0.1417410138191759,0.2054789429455719,0.6527800432352522,0.1357770890704999,0.2014227241963292,0.6628001867331708,0.0213156698737293,0.5816326530612244,0.4183673469387755,0.5855798031564324,0.4144201968435676
E0,1920,2019-08-17,Man City,Tottenham,2,2,D,fpl-team-15,fpl-team-19,0.7060174436845078,0.1804856622952877,0.1134968940202045,0.7175306517723421,0.1756913825839048,0.1067779656437531,0.0211181581253185,0.6265356265356266,0.3734643734643735,0.632868937035886,0.3671310629641138
E0,1920,2019-08-18,Sheffield United,Crystal Palace,1,0,H,hist-team-sheffield-united,fpl-team-8,0.3735763369233395,0.3009690237909037,0.3254546392857568,0.3748189357748112,0.2999707546857326,0.3252103095394562,0.0207878375658765,0.4030226700251889,0.5969773299748111,0.3984704641317183,0.6015295358682816
E0,1920,2019-08-18,Chelsea,Leicester,1,1,D,fpl-team-6,hist-team-leicester,0.5555219707560359,0.2549212226546265,0.1895568065893376,0.5622257115951533,0.2525343939443401,0.1852398944605066,0.0203683278523385,0.486910994764398,0.5130890052356021,0.4862848365164214,0.5137151634835786
E0,1920,2019-08-19,Wolves,Man United,1,1,D,hist-team-wolves,fpl-team-16,0.2893792002945959,0.2929082149323349,0.417712584773069,0.2880439050225037,0.2916794898990943,0.420276605078402,0.0204467945732176,0.4507772020725388,0.5492227979274612,0.4484927347710319,0.551507265228968
E0,1920,2019-08-23,Aston Villa,Everton,2,0,H,fpl-team-2,fpl-team-9,0.3034968026831485,0.2740142561367855,0.4224889411800658,0.3025466918310426,0.2721348526911203,0.4253184554778371,0.0213674444239586,0.5338541666666666,0.4661458333333333,0.5354271699073179,0.4645728300926822
E0,1920,2019-08-24,Norwich,Chelsea,2,3,A,hist-team-norwich,fpl-team-6,0.2298597181546112,0.245105515787315,0.5250347660580736,0.2267216650266155,0.2424225760499991,0.5308557589233853,0.0204635595437139,0.61,0.39,0.6155947877291674,0.3844052122708325
E0,1920,2019-08-24,Brighton,Southampton,0,2,A,fpl-team-5,hist-team-southampton,0.3942202040808289,0.2947554141281275,0.3110243817910436,0.3962051859485504,0.2934989708980839,0.3102958431533656,0.0219540238613262,0.4545454545454546,0.5454545454545455,0.4523809523777174,0.5476190476222825
E0,1920,2019-08-24,Man United,Crystal Palace,1,2,A,fpl-team-16,fpl-team-8,0.7055936476233391,0.1896457234718856,0.1047606289047752,0.7172618303147712,0.1850444610347805,0.0976937086504483,0.0214713185559958,0.5428571428571429,0.4571428571428572,0.5448564593282261,0.4551435406717738
E0,1920,2019-08-24,Sheffield United,Leicester,1,2,A,hist-team-sheffield-united,hist-team-leicester,0.2781904170302931,0.2971383711314276,0.4246712118382793,0.2764734467882055,0.2960079909599491,0.4275185622518453,0.0209829192608594,0.4147582697201017,0.5852417302798981,0.4106428380808561,0.5893571619191439
E0,1920,2019-08-24,Watford,West Ham,1,3,A,hist-team-watford,hist-team-west-ham,0.4510127360626825,0.2721408294089274,0.2768464345283901,0.4545979717223106,0.2702771790850173,0.2751248491926719,0.0205040746368467,0.5518134715025906,0.4481865284974093,0.55427555700463,0.44572444299537
E0,1920,2019-08-24,Liverpool,Arsenal,3,1,H,fpl-team-14,fpl-team-1,0.6404379697503944,0.2018186879465528,0.1577433423030527,0.6498084776149575,0.1977790612937373,0.1524124610913052,0.020687477197498,0.6595744680851063,0.3404255319148936,0.6680107527127119,0.3319892472872879
E0,1920,2019-08-25,Bournemouth,Man City,1,3,A,fpl-team-3,fpl-team-15,0.0658059850692302,0.1312503987919263,0.8029436161388435,0.0567794330066583,0.1239983759211666,0.8192221910721752,0.0244267706293612,0.6921348314606741,0.3078651685393258,0.7026258413176358,0.2973741586823641
E0,1920,2019-08-25,Tottenham,Newcastle,0,1,A,fpl-team-19,fpl-team-17,0.7701265298234639,0.1525490250768522,0.0773244450996838,0.7854578061756152,0.1460004756705197,0.0685417181538649,0.0244835480116307,0.6144278606965174,0.3855721393034826,0.6201514953690216,0.3798485046309783
E0,1920,2019-08-25,Wolves,Burnley,1,1,D,hist-team-wolves,hist-team-burnley,0.5191062535025757,0.2799844224430802,0.2009093240543441,0.5248134822277803,0.278325426446003,0.1968610913262165,0.0207261801697313,0.4158163265306122,0.5841836734693877,0.4115921451002043,0.5884078548997955
E0,1920,2019-08-31,Southampton,Man United,1,1,D,hist-team-southampton,fpl-team-16,0.2567274305555556,0.2848307291666667,0.4584418402777777,0.2545238325782389,0.2834294784787718,0.4620466889429891,0.0193856786936521,0.5052083333333333,0.4947916666666667,0.505425935973005,0.494574064026995
E0,1920,2019-08-31,Chelsea,Sheffield United,2,2,D,fpl-team-6,hist-team-sheffield-united,0.7063146458708496,0.1928891402378224,0.1007962138913279,0.7177100419938751,0.1884955520723651,0.0937944059337598,0.0209341115551069,0.5518134715025906,0.4481865284974093,0.55427555700463,0.44572444299537
E0,1920,2019-08-31,Crystal Palace,Aston Villa,1,0,H,fpl-team-8,fpl-team-2,0.4351305196389363,0.2845084166869968,0.2803610636740668,0.438151461042121,0.2830590258731881,0.2787895130846907,0.0199652274604886,0.4856396866840731,0.5143603133159269,0.4849899022964023,0.5150100977035976
E0,1920,2019-08-31,Leicester,Bournemouth,3,1,H,hist-team-leicester,fpl-team-3,0.5600831889884659,0.2396375833482988,0.2002792276632352,0.566511392754089,0.2369699402745998,0.1965186669713112,0.0191166825825348,0.578005115089514,0.4219948849104858,0.5817913649887713,0.4182086350112287
E0,1920,2019-08-31,Man City,Brighton,4,0,H,fpl-team-15,fpl-team-5,0.8863862147743743,0.0823666644589998,0.0312471207666257,0.900824550701169,0.0753977540721245,0.0237776952267064,0.0191795073915272,0.7308488612836438,0.2691511387163561,0.7429723251714049,0.257027674828595
E0,1920,2019-08-31,Newcastle,Watford,1,1,D,fpl-team-17,hist-team-watford,0.3661248389926272,0.297193927947719,0.3366812330596537,0.3670634132900141,0.2961605692968785,0.3367760174131073,0.0192633632104843,0.4597402597402597,0.5402597402597403,0.4578987396860089,0.542101260313991
E0,1920,2019-08-31,West Ham,Norwich,2,0,H,hist-team-west-ham,hist-team-norwich,0.5087715221785906,0.2459279224853033,0.2453005553361061,0.5139906588623702,0.2433275497839868,0.242681791353643,0.0200352235697209,0.6407766990291263,0.3592233009708738,0.6484438984307858,0.3515561015692142
E0,1920,2019-08-31,Burnley,Liverpool,0,3,A,hist-team-burnley,fpl-team-14,0.1015682684072181,0.1767624560678106,0.7216692755249712,0.0944385687518698,0.1717836240963023,0.7337778071518278,0.0213905897689983,0.5913705583756345,0.4086294416243655,0.5959667315307422,0.4040332684692578
E0,1920,2019-09-01,Everton,Wolves,3,2,H,fpl-team-9,hist-team-wolves,0.4436370219038507,0.292611652745093,0.2637513253510564,0.4468178143571338,0.2914340899248166,0.2617480957180494,0.0193989260587841,0.4245524296675191,0.5754475703324808,0.421017402935634,0.578982597064366
E0,1920,2019-09-01,Arsenal,Tottenham,2,2,D,fpl-team-1,fpl-team-19,0.403822252228752,0.2647650028386859,0.331412744932562,0.4059422801302484,0.2627073740154924,0.3313503458542592,0.0202530238311737,0.6045340050377834,0.3954659949622167,0.6101380042436351,0.3898619957563648
E0,1920,2019-09-14,Liverpool,Newcastle,3,1,H,fpl-team-14,fpl-team-17,0.834597194513554,0.1160564418005546,0.0493463636858913,0.850235779086147,0.1089555559030745,0.0408086650107784,0.0222704925108701,0.6705336426914155,0.3294663573085847,0.6791022953988686,0.3208977046011313
E0,1920,2019-09-14,Brighton,Burnley,1,1,D,fpl-team-5,hist-team-burnley,0.4469003651847361,0.2876753847746056,0.2654242500406582,0.450343747788076,0.2862881178845074,0.2633681343274165,0.0204058375675231,0.4571428571428572,0.5428571428571429,0.4551435406717738,0.5448564593282261
E0,1920,2019-09-14,Man United,Leicester,1,0,H,fpl-team-16,hist-team-leicester,0.4956991506754605,0.2708891133268714,0.2334117359976683,0.5005180604191968,0.2690285165584691,0.2304534230223341,0.0199868106283247,0.5169712793733681,0.4830287206266319,0.5177450177475817,0.4822549822524182
E0,1920,2019-09-14,Sheffield United,Southampton,0,1,A,hist-team-sheffield-united,hist-team-southampton,0.3908505336405097,0.2949362922563355,0.3142131741031548,0.3925628975596362,0.2937943088723863,0.3136427935679773,0.0200316903647035,0.4381443298969071,0.5618556701030928,0.4352401511036416,0.5647598488963583
E0,1920,2019-09-14,Tottenham,Crystal Palace,4,0,H,fpl-team-19,fpl-team-8,0.6912334154312827,0.1921628894898965,0.1166036950788207,0.7021067741866502,0.187803485466103,0.1100897403472466,0.0207327054813504,0.5816326530612244,0.4183673469387755,0.5855798031564324,0.4144201968435676
E0,1920,2019-09-14,Wolves,Chelsea,2,5,A,hist-team-wolves,fpl-team-6,0.3234941880943994,0.2859457555477281,0.3905600563578725,0.3231934744653763,0.2845104486236814,0.3922960769109423,0.0204196365084499,0.4856396866840731,0.5143603133159269,0.4849899022964023,0.5150100977035976
E0,1920,2019-09-14,Norwich,Man City,3,2,H,hist-team-norwich,fpl-team-15,0.0564830240895243,0.1065859059230891,0.8369310699873866,0.0486321380025075,0.0997976777988154,0.851570184198677,0.0205253317253664,0.771375464684015,0.2286245353159851,0.7860221372778328,0.2139778627221672
E0,1920,2019-09-15,Bournemouth,Everton,3,1,H,fpl-team-3,fpl-team-9,0.3189808207734345,0.2759000777379419,0.4051191014886235,0.318534534215702,0.274131223639979,0.407334242144319,0.0207741244230419,0.5454545454545455,0.4545454545454546,0.5476190476222825,0.4523809523777174
E0,1920,2019-09-15,Watford,Arsenal,2,2,D,hist-team-watford,fpl-team-1,0.2642561358858805,0.2571904638033704,0.478553400310749,0.2622179551480513,0.2549462753539953,0.4828357694979533,0.0198469425085932,0.6055276381909548,0.3944723618090452,0.6110024578960898,0.3889975421039103
E0,1920,2019-09-16,Aston Villa,West Ham,0,0,D,fpl-team-2,hist-team-west-ham,0.3642489223634864,0.2701171783819113,0.3656338992546023,0.3651635392773948,0.2682467832175359,0.3665896775050692,0.019966713967733,0.5877862595419847,0.4122137404580152,0.5921917588569927,0.4078082411430074
E0,1920,2019-09-20,Southampton,Bournemouth,1,3,A,hist-team-southampton,fpl-team-3,0.4586923466801825,0.2660922453117081,0.2752154080081095,0.4622521188916445,0.2641839998332598,0.2735638812750957,0.0191004876978695,0.5666666666666667,0.4333333333333333,0.5696136442833337,0.4303863557166662
E0,1920,2019-09-21,Leicester,Tottenham,2,1,H,hist-team-leicester,fpl-team-19,0.3342884431709647,0.274116523400191,0.3915950334288443,0.3343147987710775,0.2722596671253017,0.3934255341036207,0.0211658428888767,0.5326370757180157,0.4673629242819843,0.5342315697241824,0.4657684302758176
E0,1920,2019-09-21,Burnley,Norwich,2,0,H,hist-team-burnley,hist-team-norwich,0.4827443860219906,0.2554950340914259,0.2617605798865835,0.487297568234754,0.2531241291704837,0.2595783025947623,0.0205180370248854,0.570694087403599,0.4293059125964009,0.5741759723762319,0.4258240276237681
E0,1920,2019-09-21,Everton,Sheffield United,0,2,A,fpl-team-9,hist-team-sheffield-united,0.5751235468664393,0.2527516640176193,0.1721247891159415,0.582533920524471,0.25025074604016,0.167215333435369,0.0207230031955987,0.4713541666666666,0.5286458333333333,0.4700623247981288,0.5299376752018712
E0,1920,2019-09-21,Man City,Watford,8,0,H,fpl-team-15,hist-team-watford,0.8648853220106703,0.093752217522641,0.0413624604666886,0.8813729970679108,0.085932037203556,0.0326949657285331,0.0225490303710103,0.7577519379844961,0.2422480620155039,0.7721227621771696,0.2278772378228303
E0,1920,2019-09-21,Newcastle,Brighton,0,0,D,fpl-team-17,fpl-team-5,0.3838076926120224,0.3036453264335619,0.3125469809544156,0.3853897565031903,0.3027153062778116,0.3118949372189981,0.021099881036207,0.4065656565656566,0.5934343434343434,0.40220695124861,0.5977930487513899
E0,1920,2019-09-22,Crystal Palace,Wolves,1,1,D,fpl-team-8,hist-team-wolves,0.3636497870930924,0.3086930668571588,0.3276571460497487,0.3645870768121863,0.3079318803607574,0.3274810428270562,0.0208163920324295,0.4015151515151514,0.5984848484848484,0.3965050553424717,0.6034949446575282
E0,1920,2019-09-22,West Ham,Man United,2,0,H,hist-team-west-ham,fpl-team-16,0.2968618456254046,0.2679198829599751,0.4352182714146203,0.2957820978991485,0.2659921032023878,0.4382257988984636,0.0198611393570899,0.5655526992287918,0.4344473007712082,0.568585260891557,0.431414739108443
E0,1920,2019-09-22,Arsenal,Aston Villa,3,2,H,fpl-team-1,fpl-team-2,0.6759579186220412,0.1958898458047547,0.128152235573204,0.6866303093552154,0.191550711805235,0.1218189788395495,0.0212182926479727,0.6563981042654028,0.3436018957345971,0.6643221710585843,0.3356778289414158
E0,1920,2019-09-22,Chelsea,Liverpool,1,2,A,fpl-team-6,fpl-team-14,0.2684497699796726,0.2604472023109019,0.4711030277094254,0.2664916329113992,0.2582503242545055,0.4752580428340953,0.0203003061469644,0.5984848484848484,0.4015151515151514,0.6034949446575282,0.3965050553424717
E0,1920,2019-09-28,Sheffield United,Liverpool,0,1,A,hist-team-sheffield-united,fpl-team-14,0.1079262358745138,0.1857917793584473,0.7062819847670389,0.1011136529378146,0.1811929518733241,0.7176933951888612,0.0209327670745551,0.5888324873096447,0.4111675126903554,0.5931247339443514,0.4068752660556486
E0,1920,2019-09-28,Aston Villa,Burnley,2,2,D,fpl-team-2,hist-team-burnley,0.4037354761646216,0.2842871104354436,0.3119774133999348,0.4058655801164682,0.2828052556871061,0.3113291641964257,0.0203612500336021,0.5013054830287206,0.4986945169712793,0.5013634380452007,0.4986365619547993
E0,1920,2019-09-28,Bournemouth,West Ham,2,2,D,fpl-team-3,hist-team-west-ham,0.3867696764847899,0.26943505552873,0.3437952679864799,0.3884571049036913,0.2674209911520478,0.3441219039442607,0.0212857006117701,0.6055276381909548,0.3944723618090452,0.6110024578960898,0.3889975421039103
E0,1920,2019-09-28,Chelsea,Brighton,2,0,H,fpl-team-6,fpl-team-5,0.6671886292459648,0.2070585401108166,0.1257528306432185,0.677346530495652,0.2031535826370002,0.1194998868673478,0.0207144895102828,0.5790816326530612,0.4209183673469387,0.5827659858396428,0.4172340141603571
E0,1920,2019-09-28,Crystal Palace,Norwich,2,0,H,fpl-team-8,hist-team-norwich,0.495703899537343,0.2564441506939854,0.2478519497686715,0.5005222880202254,0.2541607726307356,0.2453169393490389,0.0199796743690967,0.5544041450777203,0.4455958549222798,0.5570528145995115,0.4429471854004886
E0,1920,2019-09-28,Tottenham,Southampton,2,1,H,fpl-team-19,hist-team-southampton,0.6677457963732975,0.2059002027360917,0.1263540008906108,0.6777061212882891,0.2020456311517665,0.1202482475599444,0.0202671962324529,0.5934343434343434,0.4065656565656566,0.5977930487513899,0.40220695124861
E0,1920,2019-09-28,Wolves,Watford,2,0,H,hist-team-wolves,hist-team-watford,0.5088245197101099,0.2755525335965924,0.2156229466932976,0.5140296550914069,0.2738257570894105,0.2121445878191826,0.0199870814103633,0.4804177545691906,0.5195822454308094,0.4795171509692577,0.5204828490307424
E0,1920,2019-09-28,Everton,Man City,1,3,A,fpl-team-9,fpl-team-15,0.0975760960339377,0.1638479155245643,0.7385759884414979,0.0903823410815355,0.1585103548863212,0.7511073040321431,0.0212532617151737,0.6466346153846154,0.3533653846153846,0.654262448446488,0.3457375515535119
E0,1920,2019-09-29,Leicester,Newcastle,5,0,H,hist-team-leicester,fpl-team-17,0.6286157148486228,0.2351545339164774,0.1362297512348998,0.6373523610205284,0.2321950822663397,0.1304525567131319,0.0200831796973943,0.4597402597402597,0.5402597402597403,0.4578987396860089,0.542101260313991
E0,1920,2019-09-30,Man United,Arsenal,1,1,D,fpl-team-16,fpl-team-1,0.4068591737690762,0.2720078328881076,0.321132993342816,0.4091246551894868,0.2701222036761798,0.3207531411343333,0.0207451676251366,0.5831202046035805,0.4168797953964194,0.587450220630869,0.4125497793691309
E0,1920,2019-10-05,Brighton,Tottenham,3,0,H,fpl-team-5,fpl-team-19,0.2460523312514266,0.2643537443197145,0.4895939244288589,0.2433222484490757,0.2621893519238277,0.4944883996270965,0.0210987287573516,0.5428571428571429,0.4571428571428572,0.5448564593282261,0.4551435406717738
E0,1920,2019-10-05,Burnley,Everton,1,0,H,hist-team-burnley,fpl-team-9,0.3278068163004659,0.2910527187152622,0.3811404649842719,0.3276360474664769,0.2897619116957357,0.3826020408377873,0.0205822603311389,0.4507772020725388,0.5492227979274612,0.4484927347710319,0.551507265228968
E0,1920,2019-10-05,Liverpool,Leicester,2,1,H,fpl-team-14,hist-team-leicester,0.6570836925605718,0.2058674229910804,0.1370488844483478,0.6673019134439004,0.2017922702237817,0.1309058163323178,0.0214651525020599,0.5924050632911392,0.4075949367088607,0.5968837925181764,0.4031162074818236
E0,1920,2019-10-05,Norwich,Aston Villa,1,5,A,hist-team-norwich,fpl-team-2,0.3976050688833343,0.2661745044468988,0.3362204266697668,0.3996848972221477,0.2640061977008571,0.3363089050769952,0.0218113169539719,0.6074999999999999,0.3924999999999999,0.6127100206910782,0.3872899793089218
E0,1920,2019-10-05,Watford,Sheffield United,0,0,D,hist-team-watford,hist-team-sheffield-united,0.4482492924563249,0.2838028064664306,0.2679479010772445,0.4518792402069366,0.282235959989397,0.2658847998036663,0.0212667355081066,0.4791666666666667,0.5208333333333334,0.4782608695690179,0.5217391304309821
E0,1920,2019-10-05,West Ham,Crystal Palace,1,2,A,hist-team-west-ham,fpl-team-8,0.4796220561274855,0.2679452827527852,0.2524326611197292,0.4842459279579156,0.2658755097915558,0.2498785622505283,0.0212887718807905,0.5221932114882506,0.4778067885117493,0.5232240437194925,0.4767759562805075
E0,1920,2019-10-06,Arsenal,Bournemouth,1,0,H,fpl-team-1,fpl-team-3,0.6627711754947387,0.1933638238364932,0.1438650006687681,0.6727284251815909,0.1890981136879312,0.1381734611304778,0.0205302271060645,0.7032967032967032,0.2967032967032967,0.7141203703673645,0.2858796296326354
E0,1920,2019-10-06,Man City,Wolves,0,2,A,fpl-team-15,hist-team-wolves,0.8515560336811896,0.103915585103644,0.0445283812151663,0.8666997901214085,0.0968935963272344,0.036406613551357,0.0209543644450604,0.6905829596412556,0.3094170403587443,0.6999811782527661,0.3000188217472339
E0,1920,2019-10-06,Southampton,Chelsea,1,4,A,hist-team-southampton,fpl-team-6,0.2382877053260328,0.2494574415131906,0.5122548531607765,0.2351840494254808,0.246712847709899,0.5181031028646201,0.0220378946978598,0.5618556701030928,0.4381443298969071,0.5647598488963583,0.4352401511036416
E0,1920,2019-10-06,Newcastle,Man United,1,0,H,fpl-team-17,fpl-team-16,0.216863312407926,0.2786441397799514,0.5044925478121225,0.2131311350036989,0.276869280499079,0.5099995844972219,0.0216999487020075,0.441860465116279,0.5581395348837209,0.4390838206584964,0.5609161793415036
E0,1920,2019-10-19,Everton,West Ham,2,0,H,fpl-team-9,hist-team-west-ham,0.4882675003022504,0.2592687265755884,0.252463773122161,0.4928374659593549,0.25708287375914,0.2500796602815051,0.0198550950735807,0.5544041450777203,0.4455958549222798,0.5570528145995115,0.4429471854004886
E0,1920,2019-10-19,Aston Villa,Brighton,2,1,H,fpl-team-2,fpl-team-5,0.404170159829083,0.280444600697731,0.3153852394731861,0.4062548693577372,0.2788905982050891,0.3148545324371736,0.0198015810456126,0.5248041775456919,0.4751958224543081,0.5259690558238855,0.4740309441761144
E0,1920,2019-10-19,Bournemouth,Norwich,0,0,D,fpl-team-3,hist-team-norwich,0.5564089460266632,0.2223065765880201,0.2212844773853166,0.5628680814167832,0.2190915061075005,0.2180404124757163,0.0195213896222412,0.6758620689655173,0.3241379310344827,0.6845419018364414,0.3154580981635586
E0,1920,2019-10-19,Chelsea,Newcastle,1,0,H,fpl-team-6,fpl-team-17,0.7356725972185089,0.1714824025544923,0.0928450002269987,0.746957723272715,0.1668488555257599,0.0861934212015251,0.0192384459078311,0.5994962216624685,0.4005037783375315,0.6043813752043609,0.3956186247956392
E0,1920,2019-10-19,Leicester,Burnley,2,1,H,hist-team-leicester,hist-team-burnley,0.6133724146861131,0.2354510247083613,0.1511765606055255,0.6213883525398964,0.2326112247281402,0.1460004227319632,0.0193806330207735,0.4934725848563968,0.5065274151436031,0.4931816942120106,0.5068183057879894
E0,1920,2019-10-19,Tottenham,Watford,1,1,D,fpl-team-19,hist-team-watford,0.675842128943273,0.1958562904284586,0.1283015806282683,0.6865561638229498,0.1914976704699236,0.1219461657071266,0.0213097739033401,0.6222222222222222,0.3777777777777777,0.6283846872085521,0.3716153127914478
E0,1920,2019-10-19,Wolves,Southampton,1,1,D,hist-team-wolves,hist-team-southampton,0.5191968325065937,0.2683000391444688,0.2125031283489377,0.5248834540593621,0.2662963367620751,0.2088202091785627,0.0206282753497362,0.4571428571428572,0.5428571428571429,0.4551435406717738,0.5448564593282261
E0,1920,2019-10-19,Crystal Palace,Man City,0,2,A,fpl-team-8,fpl-team-15,0.0809814806176237,0.1431636889490133,0.7758548304333629,0.0736826206101793,0.137455234462188,0.7888621449276326,0.0203285476891323,0.6611764705882353,0.3388235294117647,0.6692862791483051,0.3307137208516948
E0,1920,2019-10-20,Man United,Liverpool,1,1,D,fpl-team-16,fpl-team-14,0.1912402206705338,0.2429137146395923,0.5658460646898738,0.1870697887865336,0.240232071146411,0.5726981400670553,0.0198903502896428,0.5416666666666667,0.4583333333333333,0.5437062937092246,0.4562937062907753
E0,1920,2019-10-21,Sheffield United,Arsenal,1,0,H,hist-team-sheffield-united,fpl-team-1,0.2478861879538977,0.2537726673512198,0.4983411446948824,0.2453606769415037,0.2514188962819549,0.5032204267765413,0.0199090223759412,0.5644329896907216,0.4355670103092783,0.5675474858944982,0.4324525141055018
E0,1920,2019-10-25,Southampton,Leicester,0,9,A,hist-team-southampton,hist-team-leicester,0.3017486907787952,0.2891005420635164,0.4091507671576884,0.300910281416211,0.2879283205230492,0.4111613980607397,0.0178237776271998,0.4765625,0.5234374999999999,0.4755321751856744,0.5244678248143256
E0,1920,2019-10-26,Man City,Aston Villa,3,0,H,fpl-team-15,fpl-team-2,0.8832685430032073,0.0827115731850082,0.0340198838117843,0.8991172742677864,0.0750448698694777,0.0258378558627358,0.0212362215388566,0.7862190812720848,0.2137809187279152,0.8008635899624128,0.1991364100375872
E0,1920,2019-10-26,Brighton,Everton,3,2,H,fpl-team-5,fpl-team-9,0.3353341525664051,0.2916390963229038,0.3730267511106909,0.3353907356668674,0.2904305187656113,0.3741787455675213,0.0195340893696993,0.4635416666666666,0.5364583333333334,0.4618195701996614,0.5381804298003386
E0,1920,2019-10-26,Watford,Bournemouth,0,0,D,hist-team-watford,fpl-team-3,0.4382067139465719,0.2718619556779015,0.2899313303755264,0.4414837431856988,0.2699434200383446,0.2885728367759566,0.0210340730845928,0.5633074935400517,0.4366925064599483,0.5665001899989639,0.4334998100010362
E0,1920,2019-10-26,West Ham,Sheffield United,1,1,D,hist-team-west-ham,hist-team-sheffield-united,0.4553863252487881,0.277706689674839,0.266906985076373,0.4590846790011607,0.2760195992984062,0.264895721700433,0.0203931999858468,0.5091383812010444,0.4908616187989557,0.5095471903975043,0.4904528096024957
E0,1920,2019-10-26,Burnley,Chelsea,2,4,A,hist-team-burnley,fpl-team-6,0.2120694176908398,0.2389737468008718,0.5489568355082883,0.2083814207918447,0.2360891882128609,0.5555293909952943,0.0205604580696672,0.5754475703324808,0.4245524296675191,0.578982597064366,0.421017402935634
E0,1920,2019-10-27,Newcastle,Wolves,1,1,D,fpl-team-17,hist-team-wolves,0.3181299614019326,0.3109231337973581,0.3709469048007091,0.317668218152741,0.3102432302118642,0.3720885516353948,0.0204283522907644,0.3821339950372208,0.6178660049627792,0.3761278881641889,0.6238721118358111
E0,1920,2019-10-27,Arsenal,Crystal Palace,2,2,D,fpl-team-1,fpl-team-8,0.64457982517295,0.2074349761355713,0.1479851986914785,0.654133667416287,0.2035322715066864,0.1423340610770265,0.0208318424411118,0.6246913580246914,0.3753086419753087,0.6313189098986537,0.3686810901013463
E0,1920,2019-10-27,Liverpool,Tottenham,2,1,H,fpl-team-14,fpl-team-19,0.6257378848796025,0.2165474927448512,0.1577146223755463,0.6339612522295461,0.2132356685650329,0.152803079205421,0.0190318862441927,0.6212871287128713,0.3787128712871287,0.6275941983877966,0.3724058016122034
E0,1920,2019-10-27,Norwich,Man United,1,3,A,hist-team-norwich,fpl-team-16,0.2203948192499436,0.2457599519001929,0.5338452288498635,0.2169819585799086,0.2431013057589479,0.5399167356611433,0.0204125016462057,0.570694087403599,0.4293059125964009,0.5741759723762319,0.4258240276237681
E0,1920,2019-11-02,Bournemouth,Man United,1,0,H,fpl-team-3,fpl-team-16,0.289136328643631,0.2712180209530397,0.4396456504033293,0.2878645232946717,0.26943528216328,0.4427001945420481,0.0193257110659033,0.5195822454308094,0.4804177545691906,0.5204828490307424,0.4795171509692577
E0,1920,2019-11-02,Arsenal,Wolves,1,1,D,fpl-team-1,hist-team-wolves,0.5401852587814497,0.2530341475344685,0.2067805936840817,0.546347659629473,0.2506290751895264,0.2030232651810006,0.0200890102423727,0.5492227979274612,0.4507772020725388,0.551507265228968,0.4484927347710319
E0,1920,2019-11-02,Aston Villa,Liverpool,1,2,A,fpl-team-2,fpl-team-14,0.114407098278066,0.1789608241221144,0.7066320775998196,0.1078571891354507,0.1742283621525727,0.7179144487119765,0.0206468144897371,0.6483253588516746,0.3516746411483253,0.6556342094056851,0.3443657905943149
E0,1920,2019-11-02,Brighton,Norwich,2,0,H,fpl-team-5,hist-team-norwich,0.5624885779181786,0.23066078375062,0.2068506383312011,0.569257835315146,0.2276202057431323,0.2031219589417217,0.0199271575547754,0.5754475703324808,0.4245524296675191,0.578982597064366,0.421017402935634
E0,1920,2019-11-02,Man City,Southampton,2,1,H,fpl-team-15,hist-team-southampton,0.8877728770252145,0.0799661974301277,0.0322609255446578,0.9055129983576092,0.0712563650981975,0.0232306365441931,0.024055071407929,0.7777777777777778,0.2222222222222222,0.7927400468132312,0.2072599531867689
E0,1920,2019-11-02,Sheffield United,Burnley,3,0,H,hist-team-sheffield-united,hist-team-burnley,0.4246207790227914,0.2980257641588535,0.2773534568183551,0.4274748577245142,0.2969196406047665,0.2756055016707191,0.0210449632722884,0.4101265822784811,0.589873417721519,0.4059502993837266,0.5940497006162735
E0,1920,2019-11-02,West Ham,Newcastle,2,3,A,hist-team-west-ham,fpl-team-17,0.5370589525790015,0.2516585144283803,0.2112825329926182,0.5431599465776428,0.2492015292160304,0.2076385242063266,0.0201912748161703,0.5221932114882506,0.4778067885117493,0.5232240437194925,0.4767759562805075
E0,1920,2019-11-02,Watford,Chelsea,1,2,A,hist-team-watford,fpl-team-6,0.1922659404019556,0.2262752458975845,0.5814588137004598,0.1878358299355082,0.2228880612409058,0.5892761088235858,0.0212905565276741,0.5841836734693877,0.4158163265306122,0.5884078548997955,0.4115921451002043
E0,1920,2019-11-03,Crystal Palace,Leicester,0,2,A,fpl-team-8,hist-team-leicester,0.274092288375013,0.2838233755362561,0.4420843360887307,0.2722257287878552,0.2822610146657985,0.4455132565463462,0.0212258163373917,0.4647519582245431,0.5352480417754569,0.4630035626256049,0.5369964373743951
E0,1920,2019-11-03,Everton,Tottenham,1,1,D,fpl-team-9,fpl-team-19,0.3515566512889457,0.2749999020111237,0.3734434466999307,0.3521215089684736,0.2731871320480262,0.3746913589835001,0.0209780919831246,0.548051948051948,0.451948051948052,0.5503894972043629,0.4496105027956371
E0,1920,2019-11-08,Norwich,Watford,0,2,A,hist-team-norwich,hist-team-watford,0.3595221864154685,0.2698934060485871,0.3705844075359445,0.3602569728871555,0.268111859371345,0.3716311677414994,0.0189393297769129,0.5666666666666667,0.4333333333333333,0.5696136442833337,0.4303863557166662
E0,1920,2019-11-09,Chelsea,Crystal Palace,2,0,H,fpl-team-6,fpl-team-8,0.716995748646477,0.1795839819039774,0.1034202694495456,0.7286645576061042,0.174818338338526,0.0965171040553698,0.0208353865891695,0.6030150753768844,0.3969849246231156,0.6081223628712389,0.3918776371287611
E0,1920,2019-11-09,Burnley,West Ham,3,0,H,hist-team-burnley,hist-team-west-ham,0.4228908738691765,0.2704119108966284,0.3066972152341951,0.4256676194724609,0.2684647733831442,0.3058676071443948,0.0208717586938291,0.5592783505154639,0.440721649484536,0.5619829142700595,0.4380170857299405
E0,1920,2019-11-09,Newcastle,Bournemouth,2,1,H,fpl-team-17,fpl-team-3,0.3633711197206677,0.298847276031951,0.3377816042473813,0.3643171054906511,0.2977623052486576,0.3379205892606913,0.0212168879806995,0.4609375,0.5390625,0.4590600180182522,0.5409399819817476
E0,1920,2019-11-09,Southampton,Everton,1,2,A,hist-team-southampton,fpl-team-9,0.3234724866642539,0.2841182672184544,0.3924092461172916,0.3231444624526881,0.282498275100779,0.3943572624465328,0.0222149542532861,0.4934725848563968,0.5065274151436031,0.4931816942120106,0.5068183057879894
E0,1920,2019-11-09,Tottenham,Sheffield United,1,1,D,fpl-team-19,hist-team-sheffield-united,0.6082351448178915,0.2321283886019973,0.1596364665801111,0.6165408602385075,0.2290359331602223,0.1544232066012701,0.0204566293396055,0.5326370757180157,0.4673629242819843,0.5342315697241824,0.4657684302758176
E0,1920,2019-11-09,Leicester,Arsenal,2,0,H,hist-team-leicester,fpl-team-1,0.4816540887587294,0.2535692160396486,0.264776695201622,0.4864319209652262,0.25100207803623,0.2625660009985437,0.021700847079046,0.606516290726817,0.3934837092731829,0.6118597673472255,0.3881402326527746
E0,1920,2019-11-10,Man United,Brighton,3,1,H,fpl-team-16,fpl-team-5,0.5740585953982643,0.2612201237915807,0.1647212808101548,0.5817776591616192,0.25886656432643,0.1593557765119508,0.0217104300390929,0.4739583333333334,0.5260416666666667,0.4727994777511068,0.5272005222488932
E0,1920,2019-11-10,Wolves,Aston Villa,2,1,H,hist-team-wolves,fpl-team-2,0.5061007957559681,0.2671087533156498,0.2267904509283819,0.5112378230040553,0.2651310768355644,0.2236311001603802,0.020029030740261,0.5117493472584856,0.4882506527415144,0.5122776383298904,0.4877223616701097
E0,1920,2019-11-10,Liverpool,Man City,3,1,H,fpl-team-14,fpl-team-15,0.3744886807181889,0.2677907884465261,0.3577205308352849,0.3758032215527976,0.2656994285342717,0.3584973499129305,0.021556330146268,0.5852417302798981,0.4147582697201017,0.5893571619191439,0.4106428380808561
E0,1920,2019-11-23,West Ham,Tottenham,2,3,A,hist-team-west-ham,fpl-team-19,0.2216287649358515,0.2312647981939321,0.5471064368702164,0.2179365720247055,0.2278844700613167,0.5541789579139776,0.0223339617950841,0.6144278606965174,0.3855721393034826,0.6201514953690216,0.3798485046309783
E0,1920,2019-11-23,Arsenal,Southampton,2,2,D,fpl-team-1,hist-team-southampton,0.6519324860917578,0.2017559483273439,0.1463115655808983,0.6622462662586043,0.1974546215381536,0.1402991122032421,0.0220022115390747,0.6449275362318841,0.355072463768116,0.6528701367945454,0.3471298632054545
E0,1920,2019-11-23,Bournemouth,Wolves,1,2,A,fpl-team-3,hist-team-wolves,0.3397490936844113,0.2903310436939515,0.369919862621637,0.3399555393547895,0.2889371100054549,0.3711073506397555,0.0218758669216185,0.4725848563968668,0.5274151436031332,0.4712816585529708,0.5287183414470292
E0,1920,2019-11-23,Brighton,Leicester,0,2,A,fpl-team-5,hist-team-leicester,0.2594606280062693,0.2712208831000378,0.4693184888936929,0.25701938973598,0.2691640919405901,0.4738165183234299,0.0222850712016224,0.5052356020942408,0.4947643979057591,0.5054829070382821,0.4945170929617178
E0,1920,2019-11-23,Crystal Palace,Liverpool,1,2,A,fpl-team-8,fpl-team-14,0.1308600350444697,0.2076199257307279,0.6615200392248022,0.1245089604316174,0.2035774299102724,0.6719136096581101,0.0215600382070988,0.570694087403599,0.4293059125964009,0.5741759723762319,0.4258240276237681
E0,1920,2019-11-23,Everton,Norwich,0,2,A,fpl-team-9,hist-team-norwich,0.6844099730840062,0.1916347924635217,0.123955234452472,0.6958220838271372,0.1869610535958192,0.1172168625770435,0.0221866848878562,0.6125,0.3875,0.6184990125065525,0.3815009874934476
E0,1920,2019-11-23,Watford,Burnley,0,3,A,hist-team-watford,hist-team-burnley,0.4111753356909663,0.2894376230090488,0.2993870412999849,0.4137086810610989,0.2880100366016873,0.2982812823372139,0.0219136050436645,0.4725848563968668,0.5274151436031332,0.4712816585529708,0.5287183414470292
E0,1920,2019-11-23,Man City,Chelsea,2,1,H,fpl-team-15,fpl-team-6,0.66193944656151,0.1935105236923769,0.1445500297461129,0.6721895877218327,0.1891122489809799,0.1386981632971874,0.0211985723581165,0.6759259259259259,0.324074074074074,0.6859099804268356,0.3140900195731645
E0,1920,2019-11-24,Sheffield United,Man United,3,3,D,hist-team-sheffield-united,fpl-team-16,0.2694867600835174,0.2916701214318556,0.4388431184846268,0.2673415772964044,0.2902648461025474,0.4423935766010482,0.0226693374570459,0.4366925064599483,0.5633074935400517,0.4334998100010362,0.5665001899989639
E0,1920,2019-11-25,Aston Villa,Newcastle,2,0,H,fpl-team-2,fpl-team-17,0.4536808241086499,0.2766666297309975,0.2696525461603525,0.4576746686335975,0.2747849120209346,0.2675404193454678,0.0223542093299329,0.4973821989528796,0.5026178010471204,0.4972587719301746,0.5027412280698255
E0,1920,2019-11-30,Newcastle,Man City,2,2,D,fpl-team-17,fpl-team-15,0.0633077191139661,0.1260315725707548,0.8106607083152789,0.0544279219966925,0.1187799103144547,0.8267921676888528,0.0238487964961677,0.6595744680851063,0.3404255319148936,0.6680107527127119,0.3319892472872879
E0,1920,2019-11-30,Burnley,Crystal Palace,0,2,A,hist-team-burnley,fpl-team-8,0.4151808456444218,0.2941925624044829,0.2906265919510953,0.4177772344209557,0.2929505734489825,0.2892721921300616,0.0213540645781904,0.4293059125964009,0.570694087403599,0.4258240276237681,0.5741759723762319
E0,1920,2019-11-30,Chelsea,West Ham,0,1,A,fpl-team-6,hist-team-west-ham,0.7386342506507996,0.1616539605801413,0.0997117887690591,0.7511437767771127,0.1562659750827626,0.0925902481401245,0.0212019856553524,0.6774193548387096,0.3225806451612903,0.6870748299682526,0.3129251700317473
E0,1920,2019-11-30,Liverpool,Brighton,2,1,H,fpl-team-14,fpl-team-5,0.7942032123937098,0.1402899105104217,0.0655068770958683,0.8081399746889463,0.1342550629937909,0.0576049623172627,0.0211291699670255,0.6474820143884892,0.3525179856115107,0.654950869214051,0.3450491307859489
E0,1920,2019-11-30,Tottenham,Bournemouth,3,2,H,fpl-team-19,fpl-team-3,0.6937369903269255,0.1844618586996449,0.1218011509734296,0.7056909693111039,0.1794539513720056,0.1148550793168904,0.0226693246513605,0.6299019607843138,0.3700980392156863,0.6365732986150776,0.3634267013849222
E0,1920,2019-11-30,Southampton,Watford,2,1,H,hist-team-southampton,hist-team-watford,0.4525495281107484,0.2741157141699391,0.2733347577193125,0.4563011480174407,0.2722520755256071,0.2714467764569522,0.0211859089322388,0.5,0.5,0.5,0.5
E0,1920,2019-12-01,Norwich,Arsenal,2,2,D,hist-team-norwich,fpl-team-1,0.2314801041279286,0.2270918557084418,0.5414280401636296,0.2281821567950017,0.2236547783282442,0.5481630648767539,0.0218378368299454,0.6720930232558139,0.327906976744186,0.6815995484630748,0.3184004515369251
E0,1920,2019-12-01,Wolves,Sheffield United,1,1,D,hist-team-wolves,hist-team-sheffield-united,0.4997136455434204,0.2797230902167251,0.2205632642398545,0.5049447415834575,0.2780241681302938,0.2170310902862487,0.021195399807766,0.4147582697201017,0.5852417302798981,0.4106428380808561,0.5893571619191439
E0,1920,2019-12-01,Leicester,Everton,2,1,H,hist-team-leicester,fpl-team-9,0.5849139832377591,0.2351124834583149,0.1799735333039258,0.5928689801580065,0.231982620375172,0.1751483994668216,0.0213826313847675,0.5274151436031332,0.4725848563968668,0.5287183414470292,0.4712816585529708
E0,1920,2019-12-01,Man United,Aston Villa,2,2,D,fpl-team-16,fpl-team-2,0.6448972461724668,0.2193828531499944,0.1357199006775389,0.6543394734919082,0.2158755390788779,0.1297849874292138,0.0205889600329101,0.5633074935400517,0.4366925064599483,0.5665001899989639,0.4334998100010362
E0,1920,2019-12-03,Crystal Palace,Bournemouth,1,0,H,fpl-team-8,fpl-team-3,0.4285627514995065,0.2840179181535191,0.2874193303469745,0.4315146673655486,0.2824896232332637,0.2859957094011877,0.0208623936632648,0.4699738903394256,0.5300261096605744,0.4685276409369166,0.5314723590630834
E0,1920,2019-12-03,Burnley,Man City,1,4,A,hist-team-burnley,fpl-team-15,0.082780687226927,0.1496767808050053,0.7675425319680677,0.0750243558832184,0.1437549599120351,0.7812206842047464,0.0218135905452072,0.6442307692307693,0.3557692307692308,0.6512706736609493,0.3487293263390507
E0,1920,2019-12-04,Chelsea,Aston Villa,2,1,H,fpl-team-6,fpl-team-2,0.7387335048551745,0.1641630010789277,0.0971034940658975,0.7512028571583025,0.1588626824503652,0.0899344603913322,0.0211389530450105,0.6682242990654206,0.3317757009345794,0.6772875012623064,0.3227124987376936
E0,1920,2019-12-04,Leicester,Watford,2,0,H,hist-team-leicester,hist-team-watford,0.7044846984663394,0.1867639746421485,0.1087513268915121,0.7165700256156511,0.1818968304063939,0.1015331439779551,0.022308767074719,0.5852417302798981,0.4147582697201017,0.5893571619191439,0.4106428380808561
E0,1920,2019-12-04,Man United,Tottenham,2,1,H,fpl-team-16,fpl-team-19,0.3563960191878608,0.2762839457104742,0.3673200351016649,0.357131120658089,0.2744636841008688,0.368405195241042,0.0215454583521932,0.5300261096605744,0.4699738903394256,0.5314723590630834,0.4685276409369166
E0,1920,2019-12-04,Southampton,Norwich,2,1,H,hist-team-southampton,hist-team-norwich,0.5389932829633218,0.2404531437781235,0.2205535732585547,0.5454706062709463,0.2375217453039131,0.2170076484251406,0.0212438242742791,0.5984848484848484,0.4015151515151514,0.6034949446575282,0.3965050553424717
E0,1920,2019-12-04,Wolves,West Ham,2,0,H,hist-team-wolves,hist-team-west-ham,0.5411406062052945,0.2567879016041209,0.2020714921905846,0.547949600913718,0.2542612014655333,0.1977891976207486,0.0221250399481505,0.5052356020942408,0.4947643979057591,0.5054829070382821,0.4945170929617178
E0,1920,2019-12-04,Liverpool,Everton,5,2,H,fpl-team-14,fpl-team-9,0.6913566199539846,0.1925823049571219,0.1160610750888935,0.7021844011803052,0.1882546067585102,0.1095609920611845,0.020638387883082,0.601010101010101,0.398989898989899,0.6063716626007953,0.3936283373992048
E0,1920,2019-12-05,Sheffield United,Newcastle,0,2,A,hist-team-sheffield-united,fpl-team-17,0.5150052343840875,0.2776549959288124,0.2073397696871001,0.5209419691262076,0.27581601065714,0.2032420202166523,0.0220546876080334,0.4086294416243655,0.5913705583756345,0.4040332684692578,0.5959667315307422
E0,1920,2019-12-05,Arsenal,Brighton,1,2,A,fpl-team-1,fpl-team-5,0.5958723802034647,0.226797761732288,0.1773298580642473,0.6041548228727642,0.2234135766981618,0.172431600429074,0.0213421725202351,0.6188118811881189,0.3811881188118812,0.6246753246781845,0.3753246753218154
E0,1920,2019-12-07,Everton,Chelsea,3,1,H,fpl-team-9,fpl-team-6,0.2725619975570264,0.2524784819475613,0.4749595204954123,0.270646074319737,0.2499379923047896,0.4794159333754734,0.0211912686936557,0.5633074935400517,0.4366925064599483,0.5665001899989639,0.4334998100010362
E0,1920,2019-12-07,Bournemouth,Liverpool,0,3,A,fpl-team-3,fpl-team-14,0.1364208483663151,0.190121301599974,0.6734578500337108,0.1297759073126613,0.1851969466268958,0.6850271460604428,0.023191442945972,0.6332518337408313,0.3667481662591687,0.6402831402840979,0.359716859715902
E0,1920,2019-12-07,Tottenham,Burnley,5,0,H,fpl-team-19,hist-team-burnley,0.6806319410528103,0.1991060242498884,0.120262034697301,0.6914952492688559,0.1948356334107672,0.1136691173203768,0.0213379183551296,0.5964467005076142,0.4035532994923858,0.6016994513412668,0.3983005486587334
E0,1920,2019-12-07,Watford,Crystal Palace,0,0,D,hist-team-watford,fpl-team-8,0.4049900897749796,0.2873732074151802,0.3076367028098403,0.4072192055667527,0.2859451368760842,0.3068356575571631,0.0209386344067752,0.4647519582245431,0.5352480417754569,0.4630035626256049,0.5369964373743951
E0,1920,2019-12-07,Man City,Man United,1,2,A,fpl-team-15,fpl-team-16,0.7334799430809216,0.1694636200063504,0.097056436912728,0.7456241502447092,0.1643922780729324,0.0899835716823584,0.0208414907101541,0.6383495145631067,0.3616504854368932,0.645456401384818,0.3545435986151821
E0,1920,2019-12-08,Aston Villa,Leicester,1,4,A,fpl-team-2,hist-team-leicester,0.2248874225333273,0.2474920861384814,0.5276204913281911,0.2215532772971891,0.2448420029801293,0.5336047197226814,0.0207632777746766,0.5877862595419847,0.4122137404580152,0.5921917588569927,0.4078082411430074
E0,1920,2019-12-08,Newcastle,Southampton,2,1,H,fpl-team-17,hist-team-southampton,0.3697819227654762,0.2965124396168989,0.3337056376176249,0.3709756769667772,0.2953080032811735,0.3337163197520492,0.0220695526804775,0.4493506493506493,0.5506493506493506,0.4468317155626095,0.5531682844373905
E0,1920,2019-12-08,Norwich,Sheffield United,1,2,A,hist-team-norwich,hist-team-sheffield-united,0.3220161008050403,0.2781472406953681,0.3998366584995916,0.3216589215506762,0.2764246553031995,0.4019164231461242,0.0210575119126588,0.5195822454308094,0.4804177545691906,0.5204828490307424,0.4795171509692577
E0,1920,2019-12-08,Brighton,Wolves,2,2,D,fpl-team-5,hist-team-wolves,0.3560541964561388,0.3030967685022194,0.3408490350416418,0.3567970501147233,0.3021089343831514,0.3410940155021252,0.0220399824902415,0.4158163265306122,0.5841836734693877,0.4115921451002043,0.5884078548997955
E0,1920,2019-12-09,West Ham,Arsenal,1,3,A,hist-team-west-ham,fpl-team-1,0.2788966909136777,0.2379640919984863,0.4831392170878358,0.2770519540062818,0.2347577850574229,0.4881902609362951,0.0227325807791203,0.6587677725118484,0.3412322274881517,0.6673661071287349,0.3326338928712651
E0,1920,2019-12-14,Liverpool,Watford,2,0,H,fpl-team-14,hist-team-watford,0.8174973331983711,0.1238953212230692,0.0586073455785596,0.83389920078024,0.1165138585460685,0.0495869406736914,0.0240254171658307,0.6840909090909091,0.3159090909090908,0.6935992734334536,0.3064007265665464
E0,1920,2019-12-14,Burnley,Newcastle,1,0,H,hist-team-burnley,fpl-team-17,0.4898185144177538,0.2742983680739421,0.235883117508304,0.4946643464688069,0.2724624895375241,0.2328731639936687,0.0208607341628521,0.451948051948052,0.548051948051948,0.4496105027956371,0.5503894972043629
E0,1920,2019-12-14,Chelsea,Bournemouth,0,1,A,fpl-team-6,fpl-team-3,0.7690594755967748,0.1483525222987605,0.0825880021044646,0.7821227239874098,0.1426841070243216,0.0751931689882686,0.0207246765494346,0.6774193548387096,0.3225806451612903,0.6870748299682526,0.3129251700317473
E0,1920,2019-12-14,Leicester,Norwich,1,1,D,hist-team-leicester,hist-team-norwich,0.7854989325181067,0.142393565775942,0.0721075017059511,0.8001476850997303,0.1360191023725904,0.0638332125276792,0.022607936291024,0.664319248826291,0.3356807511737089,0.6729719044042279,0.3270280955957721
E0,1920,2019-12-14,Sheffield United,Aston Villa,2,0,H,hist-team-sheffield-united,fpl-team-2,0.5149216133716622,0.2554011202323445,0.2296772663959932,0.5208806332518809,0.2528365337689803,0.2262828329791388,0.0221303673461079,0.5274151436031332,0.4725848563968668,0.5287183414470292,0.4712816585529708
E0,1920,2019-12-14,Southampton,West Ham,0,1,A,hist-team-southampton,hist-team-west-ham,0.500321504233703,0.2488645824167642,0.2508139133495325,0.505417193352278,0.2462874123067328,0.2482953943409892,0.0205527225043624,0.5913705583756345,0.4086294416243655,0.5959667315307422,0.4040332684692578
E0,1920,2019-12-15,Man United,Everton,1,1,D,fpl-team-16,fpl-team-9,0.5394517384424582,0.2588205106273788,0.2017277509301629,0.5458070881059418,0.2565060568081351,0.1976868550859232,0.0208042007870972,0.5300261096605744,0.4699738903394256,0.5314723590630834,0.4685276409369166
E0,1920,2019-12-15,Wolves,Tottenham,1,2,A,hist-team-wolves,fpl-team-19,0.2977863668306394,0.2779339423752635,0.4242796907940969,0.2966508281649581,0.2761699311839787,0.4271792406510631,0.02146438206546,0.5026178010471204,0.4973821989528796,0.5027412280698255,0.4972587719301746
E0,1920,2019-12-15,Arsenal,Man City,0,3,A,fpl-team-1,fpl-team-15,0.1589837056358628,0.1798633667887903,0.6611529275753467,0.153400550889161,0.1749182113113226,0.6716812377995163,0.0218199251685291,0.7155172413793104,0.2844827586206896,0.7281854691547349,0.2718145308452649
E0,1920,2019-12-16,Crystal Palace,Brighton,1,1,D,fpl-team-8,fpl-team-5,0.3747825147889944,0.2967998176124023,0.3284176675986033,0.3762081935645243,0.2955449263946703,0.3282468800408054,0.0231849011033773,0.4366925064599483,0.5633074935400517,0.4334998100010362,0.5665001899989639
E0,1920,2019-12-21,Everton,Arsenal,0,0,D,fpl-team-9,fpl-team-1,0.4124082747113142,0.2562430080206299,0.3313487172680559,0.4147983026260448,0.2539189502304577,0.3312827471434975,0.020357642089948,0.6045340050377834,0.3954659949622167,0.6101380042436351,0.3898619957563648
E0,1920,2019-12-21,Aston Villa,Southampton,1,3,A,fpl-team-2,hist-team-southampton,0.394768438108338,0.2709851142947067,0.3342464475969552,0.3967045929170985,0.2690242750047403,0.3342711320781613,0.0212326580658555,0.5877862595419847,0.4122137404580152,0.5921917588569927,0.4078082411430074
E0,1920,2019-12-21,Bournemouth,Burnley,0,1,A,fpl-team-3,hist-team-burnley,0.3941482031167179,0.2833669034241493,0.3224848934591328,0.3961389396416992,0.2817341856611129,0.3221268746971878,0.0220508491620421,0.4973821989528796,0.5026178010471204,0.4972587719301746,0.5027412280698255
E0,1920,2019-12-21,Brighton,Sheffield United,0,1,A,fpl-team-5,hist-team-sheffield-united,0.4340877120865278,0.2933742641318735,0.2725380237815984,0.437263147154584,0.29211232479527,0.2706245280501458,0.0212169090518727,0.4505208333333333,0.5494791666666667,0.4479494836094158,0.5520505163905842
E0,1920,2019-12-21,Newcastle,Crystal Palace,1,0,H,fpl-team-17,fpl-team-8,0.3943203877760758,0.3081024251755191,0.2975771870484051,0.396296789968261,0.3072839713141265,0.2964192387176124,0.0218211654573678,0.39,0.61,0.3844052122708325,0.6155947877291674
E0,1920,2019-12-21,Norwich,Wolves,1,2,A,hist-team-norwich,hist-team-wolves,0.2582256446465585,0.2554712377703286,0.4863031175831128,0.2557768203448299,0.2529338300104354,0.4912893496447347,0.021963263163343,0.5326370757180157,0.4673629242819843,0.5342315697241824,0.4657684302758176
E0,1920,2019-12-21,Man City,Leicester,3,1,H,fpl-team-15,hist-team-leicester,0.6989605595004794,0.1770011028679587,0.1240383376315617,0.7110251915898168,0.171782128388357,0.1171926800218261,0.0225502657704055,0.6682242990654206,0.3317757009345794,0.6772875012623064,0.3227124987376936
E0,1920,2019-12-22,Watford,Man United,2,0,H,hist-team-watford,fpl-team-16,0.2189418125080126,0.2470834336530013,0.5339747538389862,0.2155070100635167,0.2444803142170914,0.5400126757193918,0.0202857151161879,0.5157068062827225,0.4842931937172774,0.5164631636708809,0.4835368363291191
E0,1920,2019-12-22,Tottenham,Chelsea,0,2,A,fpl-team-19,fpl-team-6,0.4044928255624689,0.2626432867350826,0.3328638877024484,0.4067720394236807,0.2603846682894373,0.3328432922868818,0.0215847564395517,0.5984848484848484,0.4015151515151514,0.6034949446575282,0.3965050553424717
E0,1920,2019-12-26,Tottenham,Brighton,2,1,H,fpl-team-19,fpl-team-5,0.6165304016220055,0.2166943588467366,0.166775239531258,0.6263178524261415,0.2126303558747007,0.1610517916991579,0.0234464542008936,0.5949367088607596,0.4050632911392405,0.5997340425516807,0.4002659574483193
E0,1920,2019-12-26,Aston Villa,Norwich,1,0,H,fpl-team-2,hist-team-norwich,0.453931742844452,0.2540572884354891,0.292010968720059,0.457882026995163,0.2514667454877111,0.2906512275171258,0.0220668870024383,0.6228287841191067,0.3771712158808933,0.6297441811503233,0.3702558188496767
E0,1920,2019-12-26,Bournemouth,Arsenal,1,1,D,fpl-team-3,fpl-team-1,0.2739437492256226,0.2490397720232932,0.4770164787510842,0.2720408780415052,0.2463505985980619,0.4816085233604329,0.0215285737067461,0.6105527638190955,0.3894472361809045,0.6168193282882106,0.3831806717117893
E0,1920,2019-12-26,Chelsea,Southampton,0,2,A,fpl-team-6,hist-team-southampton,0.7084260464335195,0.1801083168898778,0.1114656366766027,0.7211638398204328,0.1748126028715003,0.1040235573080669,0.0232872382039204,0.637469586374696,0.3625304136253041,0.6447307751332129,0.3552692248667872
E0,1920,2019-12-26,Crystal Palace,West Ham,2,1,H,fpl-team-8,hist-team-west-ham,0.412890044576523,0.2800891530460624,0.3070208023774146,0.4154875730653506,0.278353457165782,0.3061589697688672,0.0219878740608692,0.5026178010471204,0.4973821989528796,0.5027412280698255,0.4972587719301746
E0,1920,2019-12-26,Everton,Burnley,1,0,H,fpl-team-9,hist-team-burnley,0.5596515617006887,0.2545223857734515,0.1858260525258597,0.5672156418175244,0.2518602328056849,0.1809241253767907,0.0226005550939589,0.4947643979057591,0.5052356020942408,0.4945170929617178,0.5054829070382821
E0,1920,2019-12-26,Sheffield United,Watford,1,1,D,hist-team-sheffield-united,hist-team-watford,0.5148100324764252,0.2704934068943929,0.2146965606291818,0.5207943626894994,0.2684055051768437,0.2108001321336569,0.0222497603390365,0.451948051948052,0.548051948051948,0.4496105027956371,0.5503894972043629
E0,1920,2019-12-26,Man United,Newcastle,4,1,H,fpl-team-16,fpl-team-17,0.7106439531231123,0.1848495831823124,0.1045064636945753,0.722543853760647,0.1800697347376779,0.0973864115016751,0.0216152849607169,0.5532467532467532,0.4467532467532467,0.5559558903752024,0.4440441096247975
E0,1920,2019-12-26,Leicester,Liverpool,0,4,A,hist-team-leicester,fpl-team-14,0.2829973373906428,0.2571319893495625,0.4598706732597945,0.281292287650832,0.254562803537355,0.464144908811813,0.0227617428172379,0.5805626598465473,0.4194373401534527,0.584613731586484,0.4153862684135159
E0,1920,2019-12-27,Wolves,Man City,3,2,H,hist-team-wolves,fpl-team-15,0.1237157572457623,0.1931965259615642,0.6830877167926734,0.1166647235116778,0.1883565862110261,0.694978690277296,0.0232302146032452,0.6070528967254408,0.3929471032745592,0.6130439408498454,0.3869560591501546
E0,1920,2019-12-28,Brighton,Bournemouth,2,0,H,fpl-team-5,fpl-team-3,0.5350459740186406,0.2487616346736017,0.2161923913077577,0.5416700709682338,0.245973776904709,0.2123561521270573,0.0221615228801965,0.4986945169712793,0.5013054830287206,0.4986365619547993,0.5013634380452007
E0,1920,2019-12-28,Newcastle,Everton,1,2,A,fpl-team-17,fpl-team-9,0.2700515903945366,0.2819656311472368,0.4479827784582266,0.2680254675229869,0.2803177717861789,0.4516567606908341,0.021577381179668,0.4621409921671018,0.5378590078328982,0.4602325708945504,0.5397674291054496
E0,1920,2019-12-28,Southampton,Crystal Palace,1,1,D,hist-team-southampton,fpl-team-8,0.4851976599893636,0.2691012231873781,0.2457011168232583,0.48982187373689,0.2671409834631546,0.2430371427999554,0.0205039174761623,0.4659685863874345,0.5340314136125655,0.4641991628173292,0.5358008371826707
E0,1920,2019-12-28,Watford,Aston Villa,3,0,H,hist-team-watford,fpl-team-2,0.4823794182911908,0.254624679681557,0.262995902027252,0.4870081188128934,0.2521819415186356,0.2608099396684709,0.0209133594762533,0.5618556701030928,0.4381443298969071,0.5647598488963583,0.4352401511036416
E0,1920,2019-12-28,Norwich,Tottenham,2,2,D,hist-team-norwich,fpl-team-19,0.1949902339043688,0.2361921015106973,0.5688176645849339,0.1908567631689402,0.2332653375845584,0.5758778992465013,0.0202386728487908,0.5949367088607596,0.4050632911392405,0.5997340425516807,0.4002659574483193
E0,1920,2019-12-28,West Ham,Leicester,1,2,A,hist-team-west-ham,hist-team-leicester,0.237642001842186,0.2474669941664108,0.5148910039914031,0.2344999823714093,0.2446423825371844,0.5208576350914064,0.0221603403333574,0.5903307888040712,0.4096692111959288,0.5950417648369755,0.4049582351630245
E0,1920,2019-12-28,Burnley,Man United,0,2,A,hist-team-burnley,fpl-team-16,0.2224894768490679,0.259170174383644,0.518340348767288,0.2189667070879773,0.256796674296595,0.5242366186154277,0.0214902546722441,0.4895287958115184,0.5104712041884817,0.489030577265449,0.510969422734551
E0,1920,2019-12-29,Arsenal,Chelsea,1,2,A,fpl-team-1,fpl-team-6,0.3351456548254016,0.2569749524934714,0.407879392681127,0.3351974196615019,0.2545278832950791,0.4102746970434189,0.021658960962668,0.6184538653366584,0.3815461346633417,0.6251844823976718,0.3748155176023282
E0,1920,2019-12-29,Liverpool,Wolves,1,0,H,fpl-team-14,hist-team-wolves,0.7482822062854354,0.1640070589118762,0.0877107348026884,0.7618939314816762,0.1583107180599957,0.0797953504583281,0.0226728145498782,0.6105527638190955,0.3894472361809045,0.6168193282882106,0.3831806717117893
E0,1920,2019-12-29,Man City,Sheffield United,2,0,H,fpl-team-15,hist-team-sheffield-united,0.8103746373028169,0.1254910855665779,0.0641342771306052,0.8266274365639396,0.1181676937646434,0.0552048696714169,0.0240397718735039,0.6849315068493151,0.3150684931506849,0.6956521739474134,0.3043478260525865
E0,1920,2020-01-01,Brighton,Chelsea,1,1,D,fpl-team-5,fpl-team-6,0.2592500726399115,0.2635234254856243,0.4772265018744641,0.2569081681041417,0.261315036569729,0.4817767953261292,0.021297249244526,0.5584415584415584,0.4415584415584415,0.5615595075196119,0.4384404924803881
E0,1920,2020-01-01,Burnley,Aston Villa,1,2,A,hist-team-burnley,fpl-team-2,0.5293096596779578,0.2514568199519957,0.2192335203700466,0.5356948566793375,0.2487792935666003,0.2155258497540621,0.0219812132418155,0.5091863517060368,0.4908136482939633,0.5096477203811924,0.4903522796188075
E0,1920,2020-01-01,Newcastle,Leicester,0,3,A,fpl-team-17,hist-team-leicester,0.1818704762755786,0.2452919756947547,0.5728375480296667,0.176791769504587,0.2422938978190946,0.5809143326763183,0.0228176971431821,0.4908136482939633,0.5091863517060368,0.4903522796188075,0.5096477203811924
E0,1920,2020-01-01,Southampton,Tottenham,1,0,H,hist-team-southampton,fpl-team-19,0.2865494446193282,0.270360210460044,0.4430903449206277,0.2849874805629878,0.2682635249802972,0.4467489944567148,0.0224537048488855,0.5732647814910026,0.4267352185089973,0.5769895726399324,0.4230104273600676
E0,1920,2020-01-01,Watford,Wolves,2,1,H,hist-team-watford,hist-team-wolves,0.3030528551715583,0.2841682558878707,0.4127788889405709,0.3020559378426787,0.2825547082632288,0.4153893538940925,0.0221281361300498,0.4764397905759163,0.5235602094240838,0.4752747252712324,0.5247252747287677
E0,1920,2020-01-01,Man City,Everton,2,1,H,fpl-team-15,fpl-team-9,0.7540128685841423,0.154700540081076,0.0912865913347817,0.767886550150381,0.1486871602969529,0.083426289552666,0.0227852289099246,0.6928251121076232,0.3071748878923767,0.703151205951356,0.2968487940486439
E0,1920,2020-01-01,Norwich,Crystal Palace,1,1,D,hist-team-norwich,fpl-team-8,0.378133125017261,0.2764961867900781,0.3453706881926607,0.3796375944797015,0.2745905412587377,0.3457718642615607,0.0226528155617415,0.5078534031413613,0.4921465968586388,0.5082254880451544,0.4917745119548455
E0,1920,2020-01-01,West Ham,Bournemouth,4,0,H,hist-team-west-ham,fpl-team-3,0.4907484580763461,0.2492082013668945,0.2600433405567595,0.4960137609923137,0.2463969207820102,0.257589318225676,0.0225463325623422,0.570694087403599,0.4293059125964009,0.5741759723762319,0.4258240276237681
E0,1920,2020-01-01,Arsenal,Man United,2,0,H,fpl-team-1,fpl-team-16,0.370741529888314,0.2627783371186401,0.366480132993046,0.372000189519483,0.2604051777611724,0.3675946327193446,0.0227472659898921,0.5794871794871795,0.4205128205128206,0.5836391107142681,0.416360889285732
E0,1920,2020-01-02,Liverpool,Sheffield United,2,0,H,fpl-team-14,hist-team-sheffield-united,0.7783335560459246,0.1514794737241277,0.0701869702299477,0.7930883459833239,0.1452302596729391,0.0616813943437369,0.0231712516397237,0.6159600997506234,0.3840399002493765,0.6222461748647674,0.3777538251352326
E0,1920,2020-01-10,Sheffield United,West Ham,1,0,H,hist-team-sheffield-united,hist-team-west-ham,0.475825305616585,0.2802236493718663,0.2439510450115486,0.4801091755511633,0.2786208476151655,0.2412699768336711,0.020241079153493,0.4699738903394256,0.5300261096605744,0.4685276409369166,0.5314723590630834
E0,1920,2020-01-11,Crystal Palace,Arsenal,1,1,D,fpl-team-8,fpl-team-1,0.2287123245201856,0.2476239379172035,0.5236637375626109,0.2253304628055642,0.2448434376241388,0.529826099570297,0.021835105959326,0.5300261096605744,0.4699738903394256,0.5314723590630834,0.4685276409369166
E0,1920,2020-01-11,Chelsea,Burnley,3,0,H,fpl-team-6,hist-team-burnley,0.7426203667464982,0.1707629720326172,0.0866166612208845,0.7559844004370937,0.1653050801147919,0.0787105194481143,0.0225632591173052,0.5743589743589743,0.4256410256410255,0.577990533564807,0.422009466435193
E0,1920,2020-01-11,Everton,Brighton,1,0,H,fpl-team-9,fpl-team-5,0.5050130761358848,0.2643319131289755,0.2306550107351396,0.5104019509916149,0.2621581009378408,0.2274399480705442,0.0211539726005867,0.5221932114882506,0.4778067885117493,0.5232240437194925,0.4767759562805075
E0,1920,2020-01-11,Leicester,Southampton,1,2,A,hist-team-leicester,hist-team-southampton,0.5853681953467532,0.2388069254648446,0.175824879188402,0.5931862537100999,0.2358480483609872,0.1709656979289129,0.0209761809092015,0.5816326530612244,0.4183673469387755,0.5855798031564324,0.4144201968435676
E0,1920,2020-01-11,Man United,Norwich,4,0,H,fpl-team-16,hist-team-norwich,0.7053375488190441,0.185902919843779,0.1087595313371768,0.7171037829547191,0.1811511738632858,0.1017450431819951,0.021653288975358,0.602015113350126,0.3979848866498741,0.6072506753009054,0.3927493246990947
E0,1920,2020-01-11,Wolves,Newcastle,1,1,D,hist-team-wolves,fpl-team-17,0.657804431818399,0.2207803380356006,0.1214152301460003,0.6677657780096388,0.2172501749214056,0.1149840470689554,0.020913902670145,0.4751958224543081,0.5248041775456919,0.4740309441761144,0.5259690558238855
E0,1920,2020-01-11,Tottenham,Liverpool,0,1,A,fpl-team-19,fpl-team-14,0.208869530785983,0.227182736091863,0.5639477331221541,0.2048859235607582,0.2237723013452306,0.5713417750940112,0.0216509294696152,0.586734693877551,0.413265306122449,0.59125067097834,0.40874932902166
E0,1920,2020-01-12,Bournemouth,Watford,0,3,A,fpl-team-3,hist-team-watford,0.3671649359962284,0.2843621611128059,0.3484729028909658,0.3682567613690585,0.2827833533436963,0.3489598852872451,0.0217636581510305,0.5052356020942408,0.4947643979057591,0.5054829070382821,0.4945170929617178
E0,1920,2020-01-12,Aston Villa,Man City,1,6,A,fpl-team-2,fpl-team-15,0.0661313977780367,0.1142914502719348,0.8195771519500283,0.0577767622519948,0.107118095599685,0.83510514214832,0.022458910010755,0.7465069860279441,0.2534930139720558,0.7600109478225867,0.2399890521774133
E0,1920,2020-01-18,Watford,Tottenham,0,0,D,hist-team-watford,fpl-team-19,0.3015006509673146,0.2723784289988808,0.4261209200338046,0.3004798882929312,0.2704335804109333,0.4290865312961355,0.0215201724786311,0.5274151436031332,0.4725848563968668,0.5287183414470292,0.4712816585529708
E0,1920,2020-01-18,Arsenal,Sheffield United,1,1,D,fpl-team-1,hist-team-sheffield-united,0.5188703871402283,0.2659031069832195,0.2152265058765521,0.5246370205548149,0.2637942736041893,0.2115687058409958,0.0209567863494157,0.4790575916230366,0.5209424083769634,0.4780322376943698,0.5219677623056301
E0,1920,2020-01-18,Brighton,Aston Villa,1,1,D,fpl-team-5,fpl-team-2,0.5818610129564193,0.2237926972909305,0.1943462897526502,0.589558789302337,0.2203878795905935,0.1900533311070696,0.0209252352360636,0.578005115089514,0.4219948849104858,0.5817913649887713,0.4182086350112287
E0,1920,2020-01-18,Man City,Crystal Palace,2,2,D,fpl-team-15,fpl-team-8,0.8709083034187092,0.0900375125714831,0.0390541840098075,0.8884567422894948,0.0816232233596529,0.0299200343508522,0.0240101478993892,0.7323651452282157,0.2676348547717842,0.7459538397803862,0.2540461602196137
E0,1920,2020-01-18,Norwich,Bournemouth,1,0,H,hist-team-norwich,fpl-team-3,0.4311236304828141,0.2688467583347886,0.3000296111823973,0.4343809946605133,0.2667028653073147,0.2989161400321719,0.0224384060129523,0.5326370757180157,0.4673629242819843,0.5342315697241824,0.4657684302758176
E0,1920,2020-01-18,Southampton,Wolves,2,3,A,hist-team-southampton,hist-team-wolves,0.4011544631044051,0.2844982690859134,0.3143472678096815,0.4033218823874892,0.282940025013624,0.3137380925988868,0.0215185661800205,0.4712041884816754,0.5287958115183247,0.4697469746961598,0.5302530253038402
E0,1920,2020-01-18,West Ham,Everton,1,1,D,hist-team-west-ham,fpl-team-9,0.3237477387561598,0.2769633834445761,0.3992888777992638,0.3234342479435201,0.2751449746924161,0.4014207773640636,0.0217732591554522,0.5170603674540682,0.4829396325459317,0.517932023832641,0.4820679761673591
E0,1920,2020-01-18,Newcastle,Chelsea,1,0,H,fpl-team-17,fpl-team-6,0.1589965501794183,0.2112934287152535,0.629710021105328,0.153222748867489,0.2071915831625478,0.6395856679699632,0.0226148532237857,0.5670103092783505,0.4329896907216495,0.5703463203464245,0.4296536796535755
E0,1920,2020-01-19,Burnley,Leicester,2,1,H,hist-team-burnley,hist-team-leicester,0.2288318122297389,0.2584380844319692,0.5127301033382919,0.2254985941784783,0.2560360167991193,0.5184653890224022,0.0215528411790728,0.5144356955380577,0.4855643044619423,0.5151682294531524,0.4848317705468475
E0,1920,2020-01-19,Liverpool,Man United,2,0,H,fpl-team-14,fpl-team-16,0.6981096473452859,0.1867988704810628,0.1150914821736512,0.7104856839740663,0.1817388218345953,0.1077754941913384,0.0232342085801064,0.5732647814910026,0.4267352185089973,0.5769895726399324,0.4230104273600676
E0,1920,2020-01-21,Aston Villa,Watford,2,1,H,fpl-team-2,hist-team-watford,0.3361136686381299,0.2778280613598414,0.3860582700020286,0.3361940218153505,0.2761702742660071,0.3876357039186424,0.0201455830829218,0.5052356020942408,0.4947643979057591,0.5054829070382821,0.4945170929617178
E0,1920,2020-01-21,Bournemouth,Brighton,3,1,H,fpl-team-3,fpl-team-5,0.3259563605708815,0.2860631940532512,0.3879804453758671,0.3257155144904306,0.284538731936368,0.3897457535732014,0.0217594344867393,0.4830287206266319,0.5169712793733681,0.4822549822524182,0.5177450177475817
E0,1920,2020-01-21,Crystal Palace,Southampton,0,2,A,fpl-team-8,hist-team-southampton,0.3519763740145915,0.2947532211839984,0.3532704048014098,0.3525390364119032,0.2935887309834197,0.353872232604677,0.0203513489104807,0.4318766066838046,0.5681233933161953,0.4286252962810644,0.5713747037189356
E0,1920,2020-01-21,Everton,Newcastle,2,2,D,fpl-team-9,fpl-team-17,0.6005901727298469,0.2408381645031967,0.1585716627669562,0.6086778235999027,0.2380014572048572,0.1533207191952399,0.0204886132851243,0.4895287958115184,0.5104712041884817,0.489030577265449,0.510969422734551
E0,1920,2020-01-21,Sheffield United,Man City,0,1,A,hist-team-sheffield-united,fpl-team-15,0.1295477313265081,0.1991594790724949,0.671292789600997,0.1232719784293183,0.1949326458643022,0.6817953757063795,0.0211595925502479,0.595959595959596,0.4040404040404041,0.6006355932130459,0.399364406786954
E0,1920,2020-01-21,Chelsea,Arsenal,2,2,D,fpl-team-6,fpl-team-1,0.5525066151118555,0.2433826608340831,0.2041107240540613,0.5590665776088886,0.2406783451543503,0.200255077236761,0.0201901595573872,0.5670103092783505,0.4329896907216495,0.5703463203464245,0.4296536796535755
E0,1920,2020-01-22,Leicester,West Ham,4,1,H,hist-team-leicester,hist-team-west-ham,0.6261589241539767,0.2133681857362103,0.1604728901098131,0.6357120513953675,0.2094211129362393,0.1548668356683933,0.0221277179662138,0.5888324873096447,0.4111675126903554,0.5931247339443514,0.4068752660556486
E0,1920,2020-01-22,Tottenham,Norwich,2,1,H,fpl-team-19,hist-team-norwich,0.6758026711480629,0.1962453564479037,0.1279519724040332,0.6865307620706792,0.1918919381936741,0.1215772997356467,0.0213417883496731,0.6178660049627792,0.3821339950372208,0.6238721118358111,0.3761278881641889
E0,1920,2020-01-22,Man United,Burnley,0,2,A,fpl-team-16,hist-team-burnley,0.6800474651427858,0.2062079410432963,0.1137445938139179,0.6911188433600831,0.2020588867695254,0.1068222698703915,0.021819612942636,0.5274151436031332,0.4725848563968668,0.5287183414470292,0.4712816585529708
E0,1920,2020-01-23,Wolves,Liverpool,1,2,A,hist-team-wolves,fpl-team-14,0.1703823850565573,0.2447073540480658,0.5849102608953768,0.1652630852254886,0.2418723043188206,0.5928646104556908,0.0213946220465004,0.5287958115183247,0.4712041884816754,0.5302530253038402,0.4697469746961598
E0,1920,2020-01-29,West Ham,Liverpool,0,2,A,hist-team-west-ham,fpl-team-14,0.1091125981702963,0.172220965760684,0.7186664360690196,0.1014923942488669,0.1665828917669974,0.7319247139841356,0.0236323068384081,0.61,0.39,0.6155947877291674,0.3844052122708325
E0,1920,2020-02-01,Leicester,Chelsea,2,2,D,hist-team-leicester,fpl-team-6,0.3804566352372789,0.2670614821164186,0.3524818826463025,0.3819602886801346,0.2649499497221547,0.3530897615977106,0.021524402545765,0.5633074935400517,0.4366925064599483,0.5665001899989639,0.4334998100010362
E0,1920,2020-02-01,Bournemouth,Aston Villa,2,1,H,fpl-team-3,fpl-team-2,0.4494468398007955,0.2681573582004746,0.2823958019987299,0.4532947293502269,0.2659997778253068,0.2807054928244663,0.0223219481995329,0.5340314136125655,0.4659685863874345,0.5358008371826707,0.4641991628173292
E0,1920,2020-02-01,Crystal Palace,Sheffield United,0,1,A,fpl-team-8,hist-team-sheffield-united,0.3076481149012567,0.3126750448833034,0.3796768402154398,0.3067871576730367,0.3119820325443966,0.3812308097825665,0.0225884726969525,0.3600973236009733,0.6399026763990268,0.3522762305807387,0.6477237694192612
E0,1920,2020-02-01,Liverpool,Southampton,4,0,H,fpl-team-14,hist-team-southampton,0.7475396193216268,0.1632851045617205,0.0891752761166525,0.7614453322364936,0.1574336378970695,0.0811210298664368,0.0232117732521146,0.6194029850746269,0.380597014925373,0.625994172750678,0.3740058272493221
E0,1920,2020-02-01,Newcastle,Norwich,0,0,D,fpl-team-17,hist-team-norwich,0.4278067322686045,0.2826805546553611,0.2895127130760345,0.4308633324804677,0.2810425584165728,0.2880941091029594,0.0217842527199536,0.4790575916230366,0.5209424083769634,0.4780322376943698,0.5219677623056301
E0,1920,2020-02-01,Watford,Everton,2,3,A,hist-team-watford,fpl-team-9,0.3481309435119856,0.2892326569963627,0.3626363994916517,0.3486183702202527,0.2877775758622465,0.3636040539175006,0.0222750664688646,0.4738219895287958,0.5261780104712042,0.4725131249860944,0.5274868750139057
E0,1920,2020-02-01,West Ham,Brighton,3,3,D,hist-team-west-ham,fpl-team-5,0.3739814198294175,0.2840927106122577,0.3419258695583246,0.3753233974230599,0.2824694083880578,0.3422071941888822,0.0222593797370791,0.4973821989528796,0.5026178010471204,0.4972587719301746,0.5027412280698255
E0,1920,2020-02-01,Man United,Wolves,0,0,D,fpl-team-16,hist-team-wolves,0.4293547797477609,0.2955127033449095,0.2751325169073295,0.432525060521911,0.2942613908132206,0.2732135486648684,0.0222363471984863,0.4366925064599483,0.5633074935400517,0.4334998100010362,0.5665001899989639
E0,1920,2020-02-02,Burnley,Arsenal,0,0,D,hist-team-burnley,fpl-team-1,0.2551828537277539,0.2710866009855742,0.4737305452866718,0.2525711945389822,0.2690005330284757,0.4784282724325421,0.0225478098727762,0.5013123359580053,0.4986876640419947,0.5013777900249893,0.4986222099750107
E0,1920,2020-02-02,Tottenham,Man City,2,0,H,fpl-team-19,fpl-team-15,0.1699870709920075,0.215444287729196,0.6145686412787964,0.1647759224763176,0.2116398480016742,0.6235842295220081,0.0217144481139257,0.6365853658536585,0.3634146341463414,0.6439995885817678,0.3560004114182322
E0,1920,2020-02-08,Everton,Crystal Palace,3,1,H,fpl-team-9,fpl-team-8,0.5871560107727452,0.2538632089017439,0.1589807803255107,0.5956254258089037,0.2511630438442414,0.1532115303468549,0.0226225157966837,0.4557291666666667,0.5442708333333333,0.4535201640528964,0.5464798359471035
E0,1920,2020-02-08,Brighton,Watford,1,1,D,fpl-team-5,hist-team-watford,0.4450284500076689,0.2839202277496997,0.2710513222426312,0.4487755660972475,0.2822605035066514,0.2689639303961011,0.0225990668404847,0.4842931937172774,0.5157068062827225,0.4835368363291191,0.5164631636708809
E0,1920,2020-02-09,Sheffield United,Bournemouth,2,1,H,hist-team-sheffield-united,fpl-team-3,0.5573764940913555,0.2708156976941049,0.1718078082145396,0.5645576055233857,0.2687746300561447,0.1666677644204695,0.0216847455594688,0.4168797953964194,0.5831202046035805,0.4125497793691309,0.587450220630869
E0,1920,2020-02-14,Wolves,Leicester,0,0,D,hist-team-wolves,hist-team-leicester,0.3771642655383925,0.2923309656908512,0.3305047687707563,0.3784589085620166,0.2911214430040778,0.3304196484339055,0.0198803474195301,0.4699738903394256,0.5300261096605744,0.4685276409369166,0.5314723590630834
E0,1920,2020-02-15,Southampton,Burnley,1,2,A,hist-team-southampton,hist-team-burnley,0.5359212140502022,0.2599726214498271,0.2041061644999706,0.5423178572644667,0.2576393270826138,0.2000428156529195,0.0213073005434125,0.486910994764398,0.5130890052356021,0.4862848365164214,0.5137151634835786
E0,1920,2020-02-15,Norwich,Liverpool,0,1,A,hist-team-norwich,fpl-team-14,0.095808916913616,0.1600008912457387,0.7441901918406453,0.0885353427196168,0.1545216159747656,0.7569430413056175,0.021354756085202,0.628992628992629,0.3710073710073709,0.6358133278402398,0.3641866721597601
E0,1920,2020-02-16,Aston Villa,Tottenham,2,3,A,fpl-team-2,fpl-team-19,0.239089184060721,0.2536369386464263,0.5072738772928526,0.2360754694216121,0.2510817414214,0.5128427891569879,0.0215788385830819,0.5633074935400517,0.4366925064599483,0.5665001899989639,0.4334998100010362
E0,1920,2020-02-16,Arsenal,Newcastle,4,0,H,fpl-team-1,fpl-team-17,0.6684033006083238,0.2077862434499789,0.1238104559416972,0.6799282086850503,0.203383232137523,0.1166885591774265,0.0234922773670405,0.5532467532467532,0.4467532467532467,0.5559558903752024,0.4440441096247975
E0,1920,2020-02-17,Chelsea,Man United,0,2,A,fpl-team-6,fpl-team-16,0.5143363878214602,0.2657404670410878,0.2199231451374519,0.5204340261644945,0.2634499917827916,0.2161159820527139,0.0227314222138375,0.5052356020942408,0.4947643979057591,0.5054829070382821,0.4945170929617178
E0,1920,2020-02-19,Man City,West Ham,2,0,H,fpl-team-15,hist-team-west-ham,0.8457275805184564,0.1019927605107636,0.0522796589707798,0.8634246272005621,0.093679647238335,0.0428957255611029,0.024841733276844,0.7666034155597723,0.2333965844402277,0.7827416888397536,0.2172583111602463
E0,1920,2020-02-22,Chelsea,Tottenham,2,1,H,fpl-team-6,fpl-team-19,0.5538289267569225,0.2431786911902222,0.202992382052855,0.5610012454954683,0.2402313774061782,0.1987673770983536,0.0219666860066354,0.5274151436031332,0.4725848563968668,0.5287183414470292,0.4712816585529708
E0,1920,2020-02-22,Burnley,Bournemouth,3,0,H,hist-team-burnley,fpl-team-3,0.4455277896656309,0.2920380328600934,0.2624341774742757,0.4491945781812006,0.2906839725204734,0.260121449298326,0.022013114998117,0.4267352185089973,0.5732647814910026,0.4230104273600676,0.5769895726399324
E0,1920,2020-02-22,Crystal Palace,Newcastle,1,0,H,fpl-team-8,fpl-team-17,0.489113768782582,0.2905039353981396,0.2203822958192783,0.4941086767827171,0.2891155739845457,0.2167757492327372,0.0216208286583423,0.3787128712871287,0.6212871287128713,0.3724058016122034,0.6275941983877966
E0,1920,2020-02-22,Sheffield United,Brighton,1,1,D,hist-team-sheffield-united,fpl-team-5,0.4898160561290805,0.2874369670697598,0.2227469768011596,0.4946612409335438,0.2860028247416844,0.2193359343247718,0.0208680103532969,0.4267352185089973,0.5732647814910026,0.4230104273600676,0.5769895726399324
E0,1920,2020-02-22,Southampton,Aston Villa,2,0,H,hist-team-southampton,fpl-team-2,0.5850432009372407,0.2268252599378427,0.1881315391249166,0.592960511848994,0.2234585041976591,0.1835809839533468,0.0212608790025115,0.5984848484848484,0.4015151515151514,0.6034949446575282,0.3965050553424717
E0,1920,2020-02-22,Leicester,Man City,0,1,A,hist-team-leicester,fpl-team-15,0.2137984020583251,0.2313144157209349,0.55488718222074,0.2100913841440038,0.2281397182849194,0.5617688975710767,0.0209588319994509,0.6159600997506234,0.3840399002493765,0.6222461748647674,0.3777538251352326
E0,1920,2020-02-23,Man United,Watford,3,0,H,fpl-team-16,hist-team-watford,0.598594070689803,0.2412469806306511,0.1601589486795459,0.6073013982252374,0.2381810918079382,0.1545175099668243,0.0222499300725758,0.5,0.5,0.5,0.5
E0,1920,2020-02-23,Wolves,Norwich,3,0,H,hist-team-wolves,hist-team-norwich,0.6297098496225365,0.2241590097016992,0.1461311406757642,0.639582151741763,0.2204685129732702,0.1399493352849667,0.0226337796775624,0.5104712041884817,0.4895287958115184,0.510969422734551,0.489030577265449
E0,1920,2020-02-23,Arsenal,Everton,3,2,H,fpl-team-1,fpl-team-9,0.4697812863983434,0.266209395625728,0.2640093179759286,0.4741911802138028,0.2640395931970299,0.2617692265891673,0.0217686758842319,0.5494791666666667,0.4505208333333333,0.5520505163905842,0.4479494836094158
E0,1920,2020-02-24,Liverpool,West Ham,3,2,H,fpl-team-14,hist-team-west-ham,0.8183104084566891,0.1225893953769944,0.0591001961663164,0.8343686982944529,0.1153452842227933,0.0502860174827537,0.0234409379772841,0.6870748299319728,0.3129251700680271,0.697302338910256,0.302697661089744
E0,1920,2020-02-28,Norwich,Leicester,1,0,H,hist-team-norwich,hist-team-leicester,0.2067241195871901,0.2396354222080363,0.5536404582047735,0.2031431192815249,0.2369694291629623,0.5598874515555128,0.0191150775644928,0.5532467532467532,0.4467532467532467,0.5559558903752024,0.4440441096247975
E0,1920,2020-02-29,Brighton,Crystal Palace,0,1,A,fpl-team-5,fpl-team-8,0.4605668648812882,0.2956725552324319,0.2437605798862798,0.4647156248229569,0.2944356053834258,0.2408487697936172,0.0219724834896624,0.4122137404580152,0.5877862595419847,0.4078082411430074,0.5921917588569927
E0,1920,2020-02-29,Bournemouth,Chelsea,2,2,D,fpl-team-3,fpl-team-6,0.2050087361677344,0.2498543972044263,0.5451368666278392,0.2009852626803529,0.2472131702461264,0.5518015670735206,0.0212354799732565,0.5300261096605744,0.4699738903394256,0.5314723590630834,0.4685276409369166
E0,1920,2020-02-29,Newcastle,Burnley,0,0,D,fpl-team-17,hist-team-burnley,0.3624213394199008,0.3076502688323274,0.3299283917477718,0.3633960453090246,0.306790454224263,0.3298135004667123,0.0225820830091834,0.4060913705583756,0.5939086294416244,0.4011752136730462,0.5988247863269538
E0,1920,2020-02-29,West Ham,Southampton,3,1,H,hist-team-west-ham,hist-team-southampton,0.3535715544692901,0.2706720092123661,0.3757564363183436,0.3542239404980054,0.2686467713033356,0.377129288198659,0.0218344160821288,0.5418848167539266,0.4581151832460733,0.544168391996252,0.455831608003748
E0,1920,2020-02-29,Watford,Liverpool,3,0,H,hist-team-watford,fpl-team-14,0.1273967524282642,0.197938755838956,0.6746644917327798,0.1207440687670567,0.1934557126261707,0.6858002186067724,0.022247715620324,0.5794871794871795,0.4205128205128206,0.5836391107142681,0.416360889285732
E0,1920,2020-03-01,Everton,Man United,1,1,D,fpl-team-9,fpl-team-16,0.3767910527757596,0.2874021843995284,0.3358067628247121,0.3782382123878993,0.2858750388883569,0.3358867487237436,0.0224463050253689,0.4803149606299213,0.5196850393700787,0.4793012088058304,0.5206987911941695
E0,1920,2020-03-01,Tottenham,Wolves,2,3,A,fpl-team-19,hist-team-wolves,0.392269343443728,0.3019360246065288,0.3057946319497432,0.3942294070660108,0.3008921272849892,0.304878465649,0.0223995692795142,0.4278350515463917,0.5721649484536083,0.4240204059478852,0.5759795940521147
E0,1920,2020-03-07,Liverpool,Bournemouth,2,1,H,fpl-team-14,fpl-team-3,0.7662257592709435,0.1534907370334421,0.0802835036956143,0.7804334348547315,0.1474248653988908,0.0721416997463775,0.0227843578904867,0.6457831325301205,0.3542168674698795,0.653568890223667,0.346431109776333
E0,1920,2020-03-07,Arsenal,West Ham,1,0,H,fpl-team-1,hist-team-west-ham,0.6146751483235424,0.2194263687379236,0.1658984829385339,0.623655898578462,0.2157606775956148,0.1605834238259231,0.0216261260211467,0.5949367088607596,0.4050632911392405,0.5997340425516807,0.4002659574483193
E0,1920,2020-03-07,Crystal Palace,Watford,1,0,H,fpl-team-8,hist-team-watford,0.3735763369233395,0.3009690237909037,0.3254546392857568,0.3748189357748112,0.2999707546857326,0.3252103095394562,0.0207878375658765,0.4168797953964194,0.5831202046035805,0.4125497793691309,0.587450220630869
E0,1920,2020-03-07,Sheffield United,Norwich,1,0,H,hist-team-sheffield-united,hist-team-norwich,0.5780776276742766,0.2538647782908199,0.1680575940349035,0.5857443531432224,0.2513396989569789,0.1629159478997987,0.0211956806015223,0.4621409921671018,0.5378590078328982,0.4602325708945504,0.5397674291054496
E0,1920,2020-03-07,Southampton,Newcastle,0,1,A,hist-team-southampton,fpl-team-17,0.5748207180115923,0.2430254681213566,0.182153813867051,0.5823214870172924,0.2401965318481315,0.177481981134576,0.0209918671753257,0.5261780104712042,0.4738219895287958,0.5274868750139057,0.4725131249860944
E0,1920,2020-03-07,Wolves,Brighton,0,0,D,hist-team-wolves,fpl-team-5,0.5817957022483234,0.2430285844834768,0.1751757132681995,0.5895104688548719,0.2401964711937071,0.170293059951421,0.0209963533561676,0.4776902887139108,0.5223097112860893,0.4765310066806216,0.5234689933193785
E0,1920,2020-03-07,Burnley,Tottenham,1,1,D,hist-team-burnley,fpl-team-19,0.3526845664248424,0.2906975820229004,0.356617851552257,0.3532929095001382,0.2893568152177337,0.357350275282128,0.0212168532889336,0.4621409921671018,0.5378590078328982,0.4602325708945504,0.5397674291054496
E0,1920,2020-03-08,Chelsea,Everton,4,0,H,fpl-team-6,fpl-team-9,0.5140758873929008,0.2570379436964504,0.2288861689106487,0.519489789147343,0.2547461533374397,0.2257640575152173,0.0201796637848019,0.5558441558441558,0.4441558441558441,0.5587528010118651,0.4412471989881348
E0,1920,2020-03-08,Man United,Man City,2,0,H,fpl-team-16,fpl-team-15,0.1904493162578684,0.2242674191447796,0.5852832645973518,0.1860142979370871,0.2208569654097622,0.5931287366531506,0.0210433988831937,0.5721649484536083,0.4278350515463917,0.5759795940521147,0.4240204059478852
E0,1920,2020-03-09,Leicester,Aston Villa,4,0,H,hist-team-leicester,fpl-team-2,0.6939818759197584,0.1870498024939973,0.1189683215862442,0.705844628100986,0.1821624983514546,0.1119928735475593,0.0224862664472311,0.62,0.38,0.6273344651706926,0.3726655348293075
E0,1920,2020-06-17,Aston Villa,Sheffield United,0,0,D,fpl-team-2,hist-team-sheffield-united,0.290298051775983,0.2876827540122355,0.4220191942117815,0.2888950221420222,0.2861950794395986,0.4249098984183792,0.0219474753830581,0.4583333333333333,0.5416666666666667,0.4562937062907753,0.5437062937092246
E0,1920,2020-06-17,Man City,Arsenal,3,0,H,fpl-team-15,fpl-team-1,0.7082575799677666,0.1738450423557245,0.1178973776765086,0.7210614044661137,0.168323943898513,0.1106146516353732,0.0233960724435746,0.6877828054298643,0.3122171945701357,0.6978451563885147,0.3021548436114852
E0,1920,2020-06-19,Norwich,Southampton,0,3,A,hist-team-norwich,hist-team-southampton,0.3380864042258835,0.2824015847063262,0.3795120110677902,0.3382304046616887,0.2808349781401021,0.3809346171982092,0.0207509694155305,0.4986945169712793,0.5013054830287206,0.4986365619547993,0.5013634380452007
E0,1920,2020-06-19,Tottenham,Man United,1,1,D,fpl-team-19,fpl-team-16,0.3186651701514643,0.2839869016349814,0.3973479282135542,0.3182740309527042,0.2826788820781741,0.3990470869691218,0.017843771725893,0.4934725848563968,0.5065274151436031,0.4931816942120106,0.5068183057879894
E0,1920,2020-06-20,Watford,Leicester,1,1,D,hist-team-watford,hist-team-leicester,0.2675521062527503,0.2728727447293675,0.4595751490178821,0.2655409641895878,0.2710227308747922,0.46343630493562,0.0205869190394878,0.5013054830287206,0.4986945169712793,0.5013634380452007,0.4986365619547993
E0,1920,2020-06-20,Brighton,Arsenal,2,1,H,fpl-team-5,fpl-team-1,0.3150555257836001,0.2842043912113187,0.4007400830050812,0.3144543024796535,0.2825979827072212,0.4029477148131252,0.0220583389746025,0.4947643979057591,0.5052356020942408,0.4945170929617178,0.5054829070382821
E0,1920,2020-06-20,West Ham,Wolves,0,2,A,hist-team-west-ham,hist-team-wolves,0.26860310767549,0.2853908019052081,0.446006090419302,0.2665432319640919,0.2838609669617505,0.4495958010741575,0.0214512300444766,0.4635416666666666,0.5364583333333334,0.4618195701996614,0.5381804298003386
E0,1920,2020-06-20,Bournemouth,Crystal Palace,0,2,A,fpl-team-3,fpl-team-8,0.3821208355430317,0.2960257090163609,0.3218534554406072,0.3836652471695881,0.2948461456381145,0.3214886071922972,0.0213153266813606,0.4493506493506493,0.5506493506493506,0.4468317155626095,0.5531682844373905
E0,1920,2020-06-21,Newcastle,Sheffield United,3,0,H,fpl-team-17,hist-team-sheffield-united,0.2891428392274893,0.3087299347880612,0.4021272259844495,0.287672132316611,0.307908344147931,0.4044195235354578,0.0224436193238943,0.3865336658354114,0.6134663341645885,0.3806713873440402,0.6193286126559598
E0,1920,2020-06-21,Aston Villa,Chelsea,1,2,A,fpl-team-2,fpl-team-6,0.1598746081504702,0.213166144200627,0.6269592476489029,0.1544183275930325,0.2093324539631489,0.6362492184438185,0.0214496222324669,0.5994962216624685,0.4005037783375315,0.6043813752043609,0.3956186247956392
E0,1920,2020-06-21,Everton,Liverpool,0,0,D,fpl-team-9,fpl-team-14,0.1695544648056692,0.2268742956974202,0.6035712394969106,0.1644584974576561,0.2235153716559937,0.6120261308863502,0.0211773640476167,0.5732647814910026,0.4267352185089973,0.5769895726399324,0.4230104273600676
E0,1920,2020-06-22,Man City,Burnley,5,0,H,fpl-team-15,hist-team-burnley,0.8453782645708335,0.1064969274208519,0.0481248080083144,0.8632188411654607,0.0981887660559755,0.0385923927785639,0.0252014740835875,0.7173447537473233,0.2826552462526766,0.7295341474246275,0.2704658525753725
E0,1920,2020-06-23,Leicester,Brighton,0,0,D,hist-team-leicester,fpl-team-5,0.5868963492629328,0.2424458470506825,0.1706578036863847,0.5942525780872454,0.2397820704069094,0.1659653515058451,0.0196067128563299,0.4908616187989557,0.5091383812010444,0.4904528096024957,0.5095471903975043
E0,1920,2020-06-23,Tottenham,West Ham,2,0,H,fpl-team-19,hist-team-west-ham,0.5757064715689111,0.2397580567381749,0.1845354716929139,0.5829480078101243,0.2369421299743662,0.1801098622155094,0.0201795070897787,0.5338541666666666,0.4661458333333333,0.5354271699073179,0.4645728300926822
E0,1920,2020-06-24,Man United,Sheffield United,3,0,H,fpl-team-16,hist-team-sheffield-united,0.6704059270702494,0.2183782404807418,0.1112158324490088,0.6812157169181025,0.2145921282895195,0.104192154792378,0.0219214486423879,0.4778067885117493,0.5221932114882506,0.4767759562805075,0.5232240437194925
E0,1920,2020-06-24,Newcastle,Aston Villa,1,1,D,fpl-team-17,fpl-team-2,0.4107256109660676,0.2873845866519332,0.3018898023819992,0.4133093603398308,0.2858520858529809,0.3008385538071882,0.022485782392323,0.4571428571428572,0.5428571428571429,0.4551435406717738,0.5448564593282261
E0,1920,2020-06-24,Norwich,Everton,0,1,A,hist-team-norwich,fpl-team-9,0.2434612061280191,0.2620866535913648,0.4944521402806162,0.2406236679699286,0.2598298642042006,0.4995464678258707,0.0213022725656628,0.5248041775456919,0.4751958224543081,0.5259690558238855,0.4740309441761144
E0,1920,2020-06-24,Wolves,Bournemouth,1,0,H,hist-team-wolves,fpl-team-3,0.6058212058212058,0.2375179913641452,0.1566608028146489,0.6148875858708558,0.2342833275601625,0.1508290865689817,0.0225691751111298,0.4609375,0.5390625,0.4590600180182522,0.5409399819817476
E0,1920,2020-06-24,Liverpool,Crystal Palace,4,0,H,fpl-team-14,fpl-team-8,0.7710025030146673,0.1559613546065558,0.0730361423787767,0.785975577367524,0.149672656675982,0.0643517659564939,0.0238892664201557,0.5644329896907216,0.4355670103092783,0.5675474858944982,0.4324525141055018
E0,1920,2020-06-25,Burnley,Watford,1,0,H,hist-team-burnley,hist-team-watford,0.3168939189510944,0.2972110668423308,0.3858950142065747,0.3163443998980994,0.29600789288557,0.3876477072163307,0.0224625142291188,0.4381443298969071,0.5618556701030928,0.4352401511036416,0.5647598488963583
E0,1920,2020-06-25,Southampton,Arsenal,0,2,A,hist-team-southampton,fpl-team-1,0.3627087088745399,0.2759512943598805,0.3613399967655794,0.3636730690143131,0.2740677048972363,0.3622592260884504,0.0221747165778651,0.5300261096605744,0.4699738903394256,0.5314723590630834,0.4685276409369166
E0,1920,2020-06-25,Chelsea,Man City,2,1,H,fpl-team-6,fpl-team-15,0.2316316658129873,0.2356155028171418,0.5327528313698708,0.2283928266604742,0.2325011940306961,0.5391059793088296,0.0214855829253792,0.5841836734693877,0.4158163265306122,0.5884078548997955,0.4115921451002043
E0,1920,2020-06-27,Aston Villa,Wolves,0,1,A,fpl-team-2,hist-team-wolves,0.200294766968976,0.2607097646145096,0.5389954684165144,0.1961249307893708,0.2584046392318738,0.5454704299787553,0.0212495508603751,0.4583333333333333,0.5416666666666667,0.4562937062907753,0.5437062937092246
E0,1920,2020-06-28,Watford,Southampton,1,3,A,hist-team-watford,hist-team-southampton,0.3842105263157894,0.2881578947368421,0.3276315789473684,0.3859202869262523,0.286642255440929,0.3274374576328187,0.022646706784144,0.4778067885117493,0.5221932114882506,0.4767759562805075,0.5232240437194925
E0,1920,2020-06-29,Crystal Palace,Burnley,0,1,A,fpl-team-8,hist-team-burnley,0.4173208524877134,0.3024255544926784,0.2802535930196081,0.42021456921394,0.3013579862735892,0.2784274445124707,0.023214696208015,0.3934837092731829,0.606516290726817,0.3881402326527746,0.6118597673472255
E0,1920,2020-06-30,Brighton,Man United,0,3,A,fpl-team-5,fpl-team-16,0.1524804986826925,0.249909596542283,0.5976099047750246,0.1472250072293801,0.2474248595685817,0.6053501332020382,0.0198303298093378,0.4559585492227979,0.5440414507772021,0.4540043290120855,0.5459956709879143
E0,1920,2020-07-01,Arsenal,Norwich,4,0,H,fpl-team-1,hist-team-norwich,0.6639196452171869,0.2038473963993068,0.1322329583835061,0.6752320197173144,0.1993487652004028,0.1254192150822827,0.0233341308776289,0.5618556701030928,0.4381443298969071,0.5647598488963583,0.4352401511036416
E0,1920,2020-07-01,Bournemouth,Newcastle,1,4,A,fpl-team-3,fpl-team-17,0.3988581135280517,0.3029302128061152,0.298211673665833,0.4010311293093765,0.301921540778813,0.2970473299118105,0.0223347154678776,0.4005037783375315,0.5994962216624685,0.3956186247956392,0.6043813752043609
E0,1920,2020-07-01,Everton,Leicester,2,1,H,fpl-team-9,hist-team-leicester,0.3773225647779382,0.2921949129682814,0.3304825222537804,0.3787401704066779,0.2908710675121155,0.3303887620812065,0.0217091366648674,0.4583333333333333,0.5416666666666667,0.4562937062907753,0.5437062937092246
E0,1920,2020-07-01,West Ham,Chelsea,3,2,H,hist-team-west-ham,fpl-team-6,0.1745227121415039,0.2239776258865202,0.6014996619719758,0.1691606611094539,0.2202378770274562,0.6106014618630897,0.0229952922090888,0.5544041450777203,0.4455958549222798,0.5570528145995115,0.4429471854004886
E0,1920,2020-07-02,Sheffield United,Tottenham,3,1,H,hist-team-sheffield-united,fpl-team-19,0.2340247064206191,0.2813786792740582,0.4845966143053225,0.2309160465541177,0.27973801651778,0.4893459369281022,0.0211548802908509,0.4430051813471503,0.5569948186528497,0.4401604787156112,0.5598395212843887
E0,1920,2020-07-02,Man City,Liverpool,4,0,H,fpl-team-15,fpl-team-14,0.4627152574401153,0.2487845669872827,0.288500175572602,0.4669511515768773,0.2460235406841748,0.2870253077389479,0.0220586233772337,0.606516290726817,0.3934837092731829,0.6118597673472255,0.3881402326527746
E0,1920,2020-07-04,Norwich,Brighton,0,1,A,hist-team-norwich,fpl-team-5,0.2823850698563206,0.2883389719316045,0.4292759582120748,0.2806964435340027,0.2868462282609025,0.4324573282050946,0.0223318689968436,0.4597402597402597,0.5402597402597403,0.4578987396860089,0.542101260313991
E0,1920,2020-07-04,Leicester,Crystal Palace,3,0,H,hist-team-leicester,fpl-team-8,0.571271504333204,0.2643901177079291,0.1643383779588668,0.5786985661845669,0.2621984158762528,0.1591030179391803,0.0211254861205816,0.4333333333333333,0.5666666666666667,0.4303863557166662,0.5696136442833337
E0,1920,2020-07-04,Man United,Bournemouth,5,2,H,fpl-team-16,fpl-team-3,0.8169672876179812,0.1281302582457155,0.0549024541363031,0.8335868255414857,0.1207354428509331,0.0456777316075811,0.0244784282986074,0.624078624078624,0.3759213759213758,0.629946991922498,0.3700530080775019
E0,1920,2020-07-04,Wolves,Arsenal,0,2,A,hist-team-wolves,fpl-team-1,0.4216538251345089,0.2900467221379804,0.2882994527275107,0.4245914257156435,0.2886067715273149,0.2868018027570416,0.0224003336625173,0.4545454545454546,0.5454545454545455,0.4523809523777174,0.5476190476222825
E0,1920,2020-07-04,Chelsea,Watford,3,0,H,fpl-team-6,hist-team-watford,0.6712114533013114,0.2082065896357646,0.120581957062924,0.6817396701485798,0.204233320163922,0.114027009687498,0.0212455461733043,0.5518134715025906,0.4481865284974093,0.55427555700463,0.44572444299537
E0,1920,2020-07-05,Burnley,Sheffield United,1,1,D,hist-team-burnley,hist-team-sheffield-united,0.3291661125149621,0.3225162920601143,0.3483175954249235,0.3290299873239122,0.3221633798877064,0.3488066327883812,0.0219902450917288,0.359903381642512,0.6400966183574879,0.3531087755036929,0.6468912244963071
E0,1920,2020-07-05,Newcastle,West Ham,2,2,D,fpl-team-17,hist-team-west-ham,0.3594822482840275,0.291531335498632,0.3489864162173405,0.3603694291152682,0.2901140224531069,0.3495165484316249,0.0228958840016275,0.4764397905759163,0.5235602094240838,0.4752747252712324,0.5247252747287677
E0,1920,2020-07-05,Liverpool,Aston Villa,2,0,H,fpl-team-14,fpl-team-2,0.7100151215540305,0.1758753053390717,0.1141095731068977,0.7221566960796836,0.1707251621052594,0.107118141815057,0.022062859032303,0.637469586374696,0.3625304136253041,0.6447307751332129,0.3552692248667872
E0,1920,2020-07-05,Southampton,Man City,1,0,H,hist-team-southampton,fpl-team-15,0.1062295741364573,0.1725275277791744,0.7212428980843681,0.0991297035171848,0.1673532241143954,0.7335170723684198,0.0216943910345435,0.6159600997506234,0.3840399002493765,0.6222461748647674,0.3777538251352326
E0,1920,2020-07-06,Tottenham,Everton,1,0,H,fpl-team-19,fpl-team-9,0.4495940120961005,0.2728305543489157,0.2775754335549838,0.4534175682680055,0.2708415046660638,0.2757409270659305,0.0221502967178821,0.5143603133159269,0.4856396866840731,0.5150100977035976,0.4849899022964023
E0,1920,2020-07-07,Crystal Palace,Chelsea,2,3,A,fpl-team-8,fpl-team-6,0.1140453948522726,0.2136450396899241,0.6723095654578033,0.1075701443727454,0.2099869867662966,0.682442868860958,0.0203875512816011,0.5221932114882506,0.4778067885117493,0.5232240437194925,0.4767759562805075
E0,1920,2020-07-07,Watford,Norwich,2,1,H,hist-team-watford,hist-team-norwich,0.5493588817079968,0.2591315479754702,0.1915095703165328,0.55582001422848,0.2568918134219853,0.1872881723495346,0.0201854726765304,0.4675324675324676,0.5324675324675325,0.4661246612433378,0.5338753387566623
E0,1920,2020-07-07,Arsenal,Leicester,1,1,D,fpl-team-1,hist-team-leicester,0.4033305262014072,0.2798619977724049,0.3168074760261878,0.4055020541405668,0.2782060462001779,0.3162918996592552,0.0208847590256482,0.5091383812010444,0.4908616187989557,0.5095471903975043,0.4904528096024957
E0,1920,2020-07-08,Man City,Newcastle,5,0,H,fpl-team-15,fpl-team-17,0.8514999654168526,0.1051579192263435,0.0433421153568037,0.8666661873009732,0.0981416703346405,0.0351921423643861,0.0210245596244931,0.6840909090909091,0.3159090909090908,0.6935992734334536,0.3064007265665464
E0,1920,2020-07-08,Sheffield United,Wolves,1,0,H,hist-team-sheffield-united,hist-team-wolves,0.2417688831504196,0.3108457069076823,0.4473854099418979,0.2387528301061454,0.3100918192237347,0.4511553506701199,0.022282455349341,0.3533653846153846,0.6466346153846154,0.3457375515535119,0.654262448446488
E0,1920,2020-07-08,West Ham,Burnley,0,1,A,hist-team-west-ham,hist-team-burnley,0.4739508371927324,0.2799358745992162,0.2461132882080512,0.4786051876942438,0.2781616336824278,0.2432331786233283,0.0223056471440941,0.4635416666666666,0.5364583333333334,0.4618195701996614,0.5381804298003386
E0,1920,2020-07-08,Brighton,Liverpool,1,3,A,fpl-team-5,fpl-team-14,0.1601063906676881,0.2251261220890733,0.6147674872432385,0.1546336110259205,0.2216489291059759,0.6237174598681037,0.0215525450184941,0.5506493506493506,0.4493506493506493,0.5531682844373905,0.4468317155626095
E0,1920,2020-07-09,Bournemouth,Tottenham,0,0,D,fpl-team-3,fpl-team-19,0.1904200575793983,0.2394532224060934,0.5701267200145081,0.1857558840681552,0.2363550870177339,0.5778890289141108,0.0221593900350853,0.5506493506493506,0.4493506493506493,0.5531682844373905,0.4468317155626095
E0,1920,2020-07-09,Everton,Southampton,1,1,D,fpl-team-9,hist-team-southampton,0.4626273880132385,0.2728315365206278,0.2645410754661336,0.4668799499250393,0.2708401031412314,0.2622799469337292,0.0221556299366056,0.4973821989528796,0.5026178010471204,0.4972587719301746,0.5027412280698255
E0,1920,2020-07-09,Aston Villa,Man United,0,3,A,fpl-team-2,fpl-team-16,0.1035484231299102,0.186186096734557,0.7102654801355326,0.0963097939601137,0.1813826152776949,0.7223075907621914,0.0219081500545144,0.5769230769230769,0.423076923076923,0.5808080808067793,0.4191919191932207
E0,1920,2020-07-11,Norwich,West Ham,0,4,A,hist-team-norwich,hist-team-west-ham,0.2551291012613321,0.2628179234911257,0.4820529752475421,0.2526612279856779,0.2605898050989421,0.48674896691538,0.0212674140930175,0.5234374999999999,0.4765625,0.5244678248143256,0.4755321751856744
E0,1920,2020-07-11,Watford,Newcastle,2,1,H,hist-team-watford,fpl-team-17,0.5263773651725184,0.2675996660932915,0.20602296873419,0.5326720797199394,0.2654376744143776,0.201890245865683,0.0220091277733445,0.4635416666666666,0.5364583333333334,0.4618195701996614,0.5381804298003386
E0,1920,2020-07-11,Liverpool,Burnley,1,1,D,fpl-team-14,hist-team-burnley,0.7641592349970118,0.152344345095098,0.0834964199078902,0.7791999966488775,0.1458571998799412,0.0749428034711812,0.024265140062198,0.625615763546798,0.3743842364532019,0.6320969747166444,0.3679030252833556
E0,1920,2020-07-11,Sheffield United,Chelsea,3,0,H,hist-team-sheffield-united,fpl-team-6,0.1577715273578538,0.2436827407282882,0.5985457319138578,0.1520441677291739,0.2406885420386593,0.6072672902321666,0.0222962705884128,0.4830287206266319,0.5169712793733681,0.4822549822524182,0.5177450177475817
E0,1920,2020-07-11,Brighton,Man City,0,5,A,fpl-team-5,fpl-team-15,0.0964703199996855,0.1707970967965962,0.7327325832037181,0.0892016838618046,0.1656310198601627,0.7451672962780326,0.0213991585187613,0.6265356265356266,0.3734643734643735,0.632868937035886,0.3671310629641138
E0,1920,2020-07-12,Wolves,Everton,3,0,H,hist-team-wolves,fpl-team-9,0.465644327410578,0.2951468659894741,0.2392088065999478,0.4698262927173127,0.2939304311569894,0.2362432761256978,0.0212943111546337,0.3836633663366336,0.6163366336633663,0.3782225676983717,0.6217774323016282
E0,1920,2020-07-12,Aston Villa,Crystal Palace,2,0,H,fpl-team-2,fpl-team-8,0.4183448897865108,0.2859730739137641,0.2956820362997251,0.4211138499593627,0.2844315370724104,0.2944546129682269,0.0219318636227399,0.4751958224543081,0.5248041775456919,0.4740309441761144,0.5259690558238855
E0,1920,2020-07-12,Tottenham,Arsenal,2,1,H,fpl-team-19,fpl-team-1,0.3680156575541385,0.2749542269082644,0.357030115537597,0.3691745949798027,0.2730048781013303,0.357820526918867,0.0225631042849272,0.5402597402597403,0.4597402597402597,0.542101260313991,0.4578987396860089
E0,1920,2020-07-12,Bournemouth,Leicester,4,1,H,fpl-team-3,hist-team-leicester,0.1862516778138515,0.2506108963254442,0.5631374258607041,0.1814010312987997,0.2478413044336141,0.5707576642675862,0.0224210082087665,0.5039370078740157,0.4960629921259842,0.504133597884274,0.495866402115726
E0,1920,2020-07-13,Man United,Southampton,2,2,D,fpl-team-16,hist-team-southampton,0.7412622607956515,0.1668810325351467,0.0918567066692017,0.7551620010208407,0.1610692470871934,0.0837687518919656,0.0235394253395497,0.5913705583756345,0.4086294416243655,0.5959667315307422,0.4040332684692578
E0,1920,2020-07-14,Chelsea,Norwich,1,0,H,fpl-team-6,hist-team-norwich,0.8522395812177147,0.1013716554501071,0.0463887633321781,0.8670863872698397,0.0944587014366343,0.0384549112935259,0.0204387519042938,0.6997792494481236,0.3002207505518764,0.7099183521948675,0.2900816478051325
E0,1920,2020-07-15,Burnley,Wolves,1,1,D,hist-team-burnley,hist-team-wolves,0.2059113300492611,0.2901477832512316,0.5039408866995074,0.2017273786214356,0.288700540944131,0.5095720804344334,0.0222815279848873,0.3777777777777777,0.6222222222222222,0.3716153127914478,0.6283846872085521
E0,1920,2020-07-15,Man City,Bournemouth,2,1,H,fpl-team-15,fpl-team-3,0.8324534414441699,0.1102904905139165,0.0572560680419136,0.849026215886423,0.1026230745738519,0.0483507095397249,0.0236154303420335,0.7388663967611336,0.2611336032388664,0.7506105978932747,0.2493894021067253
E0,1920,2020-07-15,Newcastle,Tottenham,1,3,A,fpl-team-17,fpl-team-19,0.2102149716994944,0.2542653238593355,0.5355197044411701,0.2062699010394853,0.2517091041946282,0.5420209947658864,0.0216982981655746,0.5104712041884817,0.4895287958115184,0.510969422734551,0.489030577265449
E0,1920,2020-07-15,Arsenal,Liverpool,2,1,H,fpl-team-1,fpl-team-14,0.2464146023468057,0.2464146023468057,0.5071707953063886,0.2436181445135698,0.2436181445135698,0.5127637109728602,0.0216849823482334,0.6040100250626567,0.3959899749373434,0.6089868165350346,0.3910131834649653
E0,1920,2020-07-16,Everton,Aston Villa,1,1,D,fpl-team-9,fpl-team-2,0.4748488512696493,0.2686819830713421,0.2564691656590084,0.4793272479953833,0.2666337586555303,0.2540389933490864,0.0213127452880144,0.5104712041884817,0.4895287958115184,0.510969422734551,0.489030577265449
E0,1920,2020-07-16,Leicester,Sheffield United,2,0,H,hist-team-leicester,hist-team-sheffield-united,0.4742638206257702,0.2868302148694778,0.238905964504752,0.4788564113825675,0.2853054193389527,0.2358381692784796,0.0219616997055709,0.4455958549222798,0.5544041450777203,0.4429471854004886,0.5570528145995115
E0,1920,2020-07-16,Crystal Palace,Man United,0,2,A,fpl-team-8,fpl-team-16,0.0974954502123234,0.1918710460178525,0.7106335037698241,0.0901750382076225,0.1872918507124932,0.7225331110798842,0.0216535944491624,0.5402597402597403,0.4597402597402597,0.542101260313991,0.4578987396860089
E0,1920,2020-07-16,Southampton,Brighton,1,1,D,hist-team-southampton,fpl-team-5,0.4393337218702412,0.2893497020172585,0.2713165761125002,0.4428096547454195,0.2879048523369514,0.2692854929176289,0.0220842869020998,0.4481865284974093,0.5518134715025906,0.44572444299537,0.55427555700463
E0,1920,2020-07-17,West Ham,Watford,3,1,H,hist-team-west-ham,hist-team-watford,0.3956994659724571,0.3149976012017586,0.2893029328257843,0.397750718470984,0.3143925034310756,0.2878567780979403,0.0221525814849883,0.4699738903394256,0.5300261096605744,0.4685276409369166,0.5314723590630834
E0,1920,2020-07-18,Norwich,Burnley,0,2,A,hist-team-norwich,hist-team-burnley,0.287972603687433,0.287107821093777,0.4249195752187899,0.2864240914689195,0.2855300152109351,0.4280458933201453,0.0229956614784896,0.4647519582245431,0.5352480417754569,0.4630035626256049,0.5369964373743951
E0,1920,2020-07-19,Bournemouth,Southampton,0,2,A,fpl-team-3,hist-team-southampton,0.400585846172871,0.262301417083058,0.337112736744071,0.4028066531844823,0.2599615592197478,0.3372317875957699,0.0222650754731148,0.5581395348837209,0.441860465116279,0.5609161793415036,0.4390838206584964
E0,1920,2020-07-19,Tottenham,Leicester,3,0,H,fpl-team-19,hist-team-leicester,0.4124828393922236,0.2798129202894616,0.3077042403183147,0.4151270605430448,0.2780278548639936,0.3068450845929614,0.0225038211792707,0.4895287958115184,0.5104712041884817,0.489030577265449,0.510969422734551
E0,1920,2020-07-20,Brighton,Newcastle,0,0,D,fpl-team-5,fpl-team-17,0.4949043997660027,0.2792881554235044,0.2258074448104929,0.5005412497527528,0.2773882810645506,0.2220704691826965,0.023542457493022,0.4493506493506493,0.5506493506493506,0.4468317155626095,0.5531682844373905
E0,1920,2020-07-20,Sheffield United,Everton,0,1,A,hist-team-sheffield-united,fpl-team-9,0.439357323064666,0.2897888726596733,0.2708538042756606,0.4432050809110472,0.2882052914663202,0.2685896276226324,0.0244679767638444,0.4111675126903554,0.5888324873096447,0.4068752660556486,0.5931247339443514
E0,1920,2020-07-20,Wolves,Crystal Palace,2,0,H,hist-team-wolves,fpl-team-8,0.6383621344123307,0.2376037721137707,0.1240340934738984,0.6484208702923371,0.2343603526057856,0.1172187771018772,0.0224814808461815,0.4173027989821883,0.5826972010178116,0.4134625625897661,0.5865374374102339
E0,1920,2020-07-21,Watford,Man City,0,4,A,hist-team-watford,fpl-team-15,0.1108587384608973,0.1706432724165955,0.7184979891225073,0.1032531731144236,0.1649257244758079,0.7318211024097685,0.0237539508379995,0.6433734939759036,0.3566265060240964,0.6505719202197201,0.3494280797802798
E0,1920,2020-07-21,Aston Villa,Arsenal,1,0,H,fpl-team-2,fpl-team-1,0.2947515465974855,0.2526441827978447,0.4526042706046697,0.2933930938320052,0.2498271230219155,0.4567797831460793,0.0236028528306633,0.5754475703324808,0.4245524296675191,0.578982597064366,0.421017402935634
E0,1920,2020-07-22,Man United,West Ham,1,1,D,fpl-team-16,hist-team-west-ham,0.7682711378522975,0.1493191553192553,0.0824097068284471,0.7843537577856559,0.1423228622442852,0.0733233799700589,0.0257928639184683,0.6457831325301205,0.3542168674698795,0.653568890223667,0.346431109776333
E0,1920,2020-07-22,Liverpool,Chelsea,5,3,H,fpl-team-14,fpl-team-6,0.4689226369722048,0.2585411295738642,0.272536233453931,0.4734956449181379,0.2560214264214019,0.2704829286604602,0.0227275104261934,0.5939086294416244,0.4060913705583756,0.5988247863269538,0.4011752136730462
E0,1920,2020-07-26,Arsenal,Watford,3,2,H,fpl-team-1,hist-team-watford,0.4962874810087077,0.2462300355647315,0.2574824834265606,0.5016236023757424,0.2433804240421771,0.2549959735820805,0.0220703689847141,0.5924050632911392,0.4075949367088607,0.5968837925181764,0.4031162074818236
E0,1920,2020-07-26,Burnley,Brighton,1,2,A,hist-team-burnley,fpl-team-5,0.4123324230387289,0.2780846573982125,0.3095829195630586,0.4149936841113149,0.2762268421001533,0.3087794737885318,0.022694919956848,0.5,0.5,0.5,0.5
E0,1920,2020-07-26,Chelsea,Wolves,2,0,H,fpl-team-6,hist-team-wolves,0.5196560196560197,0.2542997542997543,0.226044226044226,0.5260089029029956,0.2515962014926631,0.2223948956043412,0.023007791256532,0.5026178010471204,0.4973821989528796,0.5027412280698255,0.4972587719301746
E0,1920,2020-07-26,Crystal Palace,Tottenham,1,1,D,fpl-team-8,fpl-team-19,0.1563673828586146,0.2262336603060808,0.6173989568353044,0.1504891893376203,0.2226054966888558,0.6269053139735238,0.0227094809524714,0.5416666666666667,0.4583333333333333,0.5437062937092246,0.4562937062907753
E0,1920,2020-07-26,Everton,Bournemouth,1,3,A,fpl-team-9,fpl-team-3,0.4265719435902873,0.2527833739794295,0.3206446824302831,0.4297939410250131,0.2500087139179227,0.3201973450570641,0.0233037327416241,0.602015113350126,0.3979848866498741,0.6072506753009054,0.3927493246990947
E0,1920,2020-07-26,Leicester,Man United,0,2,A,hist-team-leicester,fpl-team-16,0.3008887024328662,0.2733000534991937,0.4258112440679401,0.2997183571047492,0.2711459760023411,0.4291356668929097,0.0242343344725668,0.5182291666666667,0.4817708333333334,0.5190139888617799,0.4809860111382203
E0,1920,2020-07-26,Man City,Norwich,5,0,H,fpl-team-15,hist-team-norwich,0.8938403852519641,0.0747194697046563,0.0314401450433794,0.9128554900044884,0.0652545290160453,0.021889980979466,0.0258917845785617,0.7827648114901257,0.2172351885098743,0.7985442413563142,0.2014557586436858
E0,1920,2020-07-26,Newcastle,Liverpool,1,3,A,fpl-team-17,fpl-team-14,0.1257605760576057,0.1915391539153915,0.6827002700270026,0.1186848812413772,0.186583120676237,0.6947319980823856,0.0235312799923121,0.6178660049627792,0.3821339950372208,0.6238721118358111,0.3761278881641889
E0,1920,2020-07-26,Southampton,Sheffield United,3,1,H,hist-team-southampton,hist-team-sheffield-united,0.4384163779146302,0.2754316149434853,0.2861520071418844,0.4420313225658693,0.2734414050107472,0.2845272724233834,0.0231785136274993,0.5104712041884817,0.4895287958115184,0.510969422734551,0.489030577265449
E0,1920,2020-07-26,West Ham,Aston Villa,1,1,D,hist-team-west-ham,fpl-team-2,0.3132772177768541,0.2676458023023543,0.4190769799207916,0.3125780471392428,0.2653796268674522,0.422042325993305,0.0233105418737977,0.5743589743589743,0.4256410256410255,0.577990533564807,0.422009466435193
