league,season,date,home_team_raw,away_team_raw,home_goals,away_goals,result,home_team_id,away_team_id,prob_home_proportional,prob_draw_proportional,prob_away_proportional,prob_home_shin,prob_draw_shin,prob_away_shin,shin_z,prob_over25_proportional,prob_under25_proportional,prob_over25_shin,prob_under25_shin
E0,2021,2020-09-12,Fulham,Arsenal,0,3,A,fpl-team-10,fpl-team-1,0.16126634958382877,0.22071938168846614,0.6180142687277052,0.15567514865248605,0.2170011546284151,0.6273236967190988,0.022173283621668816,0.5440414507772021,0.4559585492227979,0.5459956709879143,0.45400432901208554
E0,2021,2020-09-12,Crystal Palace,Southampton,1,0,H,fpl-team-8,,0.3013753348266734,0.29763154184746005,0.4009931233258667,0.3003437052948825,0.2964797260366313,0.40317656866848606,0.02172758080996573,0.4271099744245524,0.5728900255754477,0.4238130881099361,0.576186911890064
E0,2021,2020-09-12,Liverpool,Leeds,4,3,H,fpl-team-14,fpl-team-13,0.7394161856230326,0.16128205391106418,0.09930176046590315,0.7516187243835772,0.15602697788247563,0.09235429773394704,0.020627860445529222,0.6246913580246914,0.3753086419753087,0.6313189098986537,0.3686810901013463
E0,2021,2020-09-12,West Ham,Newcastle,0,2,A,,fpl-team-17,0.44514261349610645,0.2750162698323646,0.2798411166715289,0.44887154980142274,0.2730720978127596,0.2780563523858177,0.022464531008154154,0.4856396866840731,0.5143603133159269,0.4849899022964023,0.5150100977035976
E0,2021,2020-09-13,West Brom,Leicester,0,3,A,,,0.247005025866883,0.2677617507296463,0.4852332234034707,0.2440496619626837,0.26550823764827086,0.4904421003890453,0.02311975648626685,0.4973821989528796,0.5026178010471204,0.4972587719301746,0.5027412280698255
E0,2021,2020-09-13,Tottenham,Everton,0,1,A,,fpl-team-9,0.5031213092626962,0.26927619368989375,0.22760249704741015,0.5089412387437043,0.2670689209435787,0.223989840312717,0.023125413339585066,0.4921465968586388,0.5078534031413613,0.4917745119548455,0.5082254880451544
E0,2021,2020-09-14,Brighton,Chelsea,1,3,A,fpl-team-5,fpl-team-6,0.18716988801942425,0.23203627764151386,0.580793834339062,0.1824562915058848,0.22873588071514758,0.5888078277789676,0.021897219121456146,0.5416666666666667,0.4583333333333333,0.5437062937092246,0.45629370629077537
E0,2021,2020-09-14,Sheffield United,Wolves,0,2,A,,,0.2845605251971851,0.31870778822084733,0.3967316865819676,0.28290183276069886,0.3182066152088922,0.3988915520304088,0.02295668446458876,0.3557692307692308,0.6442307692307693,0.34872932633905074,0.6512706736609493
E0,2021,2020-09-19,Everton,West Brom,5,2,H,fpl-team-9,,0.6223560039049789,0.22551252847380412,0.15213146762121704,0.6316882257754567,0.22198634760822028,0.14632542661632306,0.021908793598413467,0.5286458333333333,0.47135416666666663,0.5299376752018712,0.4700623247981288
E0,2021,2020-09-19,Leeds,Fulham,4,3,H,fpl-team-13,fpl-team-10,0.5843578887645922,0.241397213494693,0.17424489774071478,0.5924782087473495,0.2383923527499263,0.1691294385027242,0.02189027378335595,0.4973958333333334,0.5026041666666667,0.4972872528008616,0.5027127471991384
E0,2021,2020-09-19,Man United,Crystal Palace,1,3,A,,fpl-team-8,0.7272414395909359,0.17234447042370474,0.10041408998535935,0.7394808093177975,0.16724606868589945,0.09327312199630308,0.021326964255422354,0.5743589743589743,0.42564102564102557,0.577990533564807,0.422009466435193
E0,2021,2020-09-19,Arsenal,West Ham,2,1,H,fpl-team-1,,0.625731570755481,0.21227700737381067,0.1619914218707083,0.6354250568089899,0.2082312044146579,0.15634373877635224,0.022489332710392773,0.583756345177665,0.41624365482233505,0.5874867444206903,0.4125132555793098
E0,2021,2020-09-20,Southampton,Tottenham,2,5,A,,,0.3092729291237365,0.28619285978614417,0.4045342110901194,0.30850167965557124,0.28468767485170093,0.4068106454927279,0.021526317112147808,0.4869791666666667,0.5130208333333333,0.4864274274521455,0.5135725725478545
E0,2021,2020-09-20,Newcastle,Brighton,0,3,A,fpl-team-17,fpl-team-5,0.356996455354344,0.30373031757131486,0.3392732270743411,0.3577898101471279,0.30273864495740926,0.3394715448954629,0.022604964906349778,0.40050377833753154,0.5994962216624685,0.3956186247956392,0.6043813752043609
E0,2021,2020-09-20,Chelsea,Liverpool,0,2,A,fpl-team-6,fpl-team-14,0.30379177811242725,0.25724303791778114,0.4389651839697917,0.30279746323219575,0.25470607979212795,0.4424964569756762,0.02252619224600494,0.5934343434343434,0.4065656565656566,0.5977930487513899,0.40220695124861
E0,2021,2020-09-20,Leicester,Burnley,4,2,H,,,0.5887357780936745,0.24111540660620334,0.17014881530012224,0.5967324269280799,0.23819648144628472,0.1650710916256354,0.021184942219406366,0.4908616187989557,0.5091383812010444,0.49045280960249577,0.5095471903975043
E0,2021,2020-09-21,Aston Villa,Sheffield United,1,0,H,fpl-team-2,,0.35273563625105053,0.2996594276615508,0.3476049360873989,0.3533986875933942,0.29850907101456486,0.348092241392041,0.02306316513568163,0.4245524296675191,0.5754475703324808,0.42101740293563406,0.578982597064366
E0,2021,2020-09-21,Wolves,Man City,1,3,A,,fpl-team-15,0.15693339174313428,0.22042828127598865,0.622638326980877,0.15133619471581286,0.21678405427480843,0.6318797510093787,0.021661284379661083,0.5618556701030928,0.43814432989690716,0.5647598488963583,0.43524015110364167
E0,2021,2020-09-26,Brighton,Man United,2,3,A,fpl-team-5,,0.1980982567353407,0.2551505546751189,0.5467511885895404,0.19357894628013778,0.2525042202944693,0.553916833425393,0.022685356438159943,0.5143603133159269,0.4856396866840731,0.5150100977035976,0.4849899022964023
E0,2021,2020-09-26,Crystal Palace,Everton,1,2,A,fpl-team-8,fpl-team-9,0.25960460312776634,0.28853644142814994,0.4518589554440838,0.2572026773844183,0.2870696478028836,0.45572767481269794,0.02198558277450502,0.441860465116279,0.5581395348837209,0.4390838206584964,0.5609161793415036
E0,2021,2020-09-26,West Brom,Chelsea,3,3,D,,fpl-team-6,0.11611099564893837,0.19058856656319767,0.693300437787864,0.10888912797540261,0.18569849874825123,0.7054123732763462,0.023026336450129747,0.5816326530612244,0.4183673469387755,0.5855798031564324,0.4144201968435676
E0,2021,2020-09-26,Burnley,Southampton,0,1,A,,,0.29036375239310785,0.2948308870453095,0.4148053605615826,0.2889712622925762,0.2935822843746695,0.4174464533327543,0.021826513460837305,0.4557291666666667,0.5442708333333333,0.45352016405289647,0.5464798359471035
E0,2021,2020-09-27,Sheffield United,Leeds,0,1,A,,fpl-team-13,0.35194634496944377,0.2840635187883938,0.3639901362421624,0.3525605703459622,0.2824356034771573,0.3650038261768804,0.022312480490654707,0.47780678851174935,0.5221932114882506,0.4767759562805075,0.5232240437194925
E0,2021,2020-09-27,Tottenham,Newcastle,1,1,D,,fpl-team-17,0.65012004614761,0.21237254840821926,0.13750740544417075,0.6610530663118604,0.20813304246801384,0.13081389122012563,0.023508584359660745,0.5454545454545455,0.4545454545454546,0.5476190476222825,0.45238095237771747
E0,2021,2020-09-27,Man City,Leicester,2,5,A,fpl-team-15,,0.7403007249227166,0.16104349665266518,0.09865577842461823,0.7545804805267506,0.15487910931321952,0.09054041016002982,0.02421760861761868,0.6728538283062646,0.32714617169373555,0.6821961359736307,0.3178038640263693
E0,2021,2020-09-27,West Ham,Wolves,4,0,H,,,0.255540621484609,0.2827579657847449,0.4617014127306463,0.25286746134539084,0.2810112905628657,0.46612124809174343,0.02320711698848754,0.4481865284974093,0.5518134715025906,0.44572444299537,0.55427555700463
E0,2021,2020-09-28,Fulham,Aston Villa,0,3,A,fpl-team-10,fpl-team-2,0.3273927182299305,0.293247465408404,0.3793598163616655,0.32718772520032025,0.2918799900649095,0.38093228473477025,0.023026621202006936,0.4595300261096606,0.5404699738903395,0.4574549846322122,0.5425450153677878
E0,2021,2020-09-28,Liverpool,Arsenal,3,1,H,fpl-team-14,fpl-team-1,0.6431347913149319,0.20475872629471126,0.1521064823903569,0.6531810186845023,0.2005520938420922,0.14626688747340563,0.02202146383933723,0.6169154228855721,0.38308457711442784,0.6230624214402241,0.3769375785597758
E0,2021,2020-10-03,Chelsea,Crystal Palace,4,0,H,fpl-team-6,fpl-team-8,0.6696600055852019,0.20075761173728274,0.12958238267751537,0.680743164015321,0.19632355975520882,0.12293327622947026,0.022465430316515267,0.589873417721519,0.4101265822784811,0.5940497006162735,0.4059502993837266
E0,2021,2020-10-03,Everton,Brighton,4,2,H,fpl-team-9,fpl-team-5,0.5436904135183906,0.25654024873790016,0.19976933774370928,0.5507394490868651,0.2539462977946512,0.19531425311848377,0.022637386806309223,0.5221932114882506,0.47780678851174935,0.5232240437194925,0.4767759562805075
E0,2021,2020-10-03,Leeds,Man City,1,1,D,fpl-team-13,fpl-team-15,0.12830906165771713,0.17900796055243307,0.6926829777898498,0.12132616825875896,0.17364753379998887,0.7050262979412522,0.023475702153518796,0.6941964285714286,0.30580357142857145,0.704191799485855,0.295808200514145
E0,2021,2020-10-03,Newcastle,Burnley,3,1,H,fpl-team-17,,0.3866863822782691,0.3032112267388332,0.3101023909828976,0.3885472870488434,0.30216112412725404,0.30929158882390256,0.023504659766331315,0.41221374045801523,0.5877862595419847,0.4078082411430074,0.5921917588569927
E0,2021,2020-10-04,Leicester,West Ham,0,3,A,,,0.5703055574543715,0.23255178070954954,0.197142661836079,0.5780172147831298,0.22925745144729465,0.19272533376957549,0.021990161389112473,0.5732647814910026,0.42673521850899737,0.5769895726399324,0.4230104273600676
E0,2021,2020-10-04,Southampton,West Brom,2,0,H,,,0.5434079647867409,0.2477715072602757,0.20882052795298342,0.5505328240968996,0.24485520095943875,0.20461197494366148,0.02290651318617165,0.5287958115183247,0.4712041884816754,0.5302530253038402,0.4697469746961598
E0,2021,2020-10-04,Arsenal,Sheffield United,2,1,H,fpl-team-1,,0.6131139834360287,0.23385276629833862,0.15303325026563278,0.6225903214841016,0.23043222627211657,0.14697745224378178,0.022994589991867542,0.4947643979057591,0.5052356020942408,0.49451709296171786,0.5054829070382821
E0,2021,2020-10-04,Wolves,Fulham,1,0,H,,fpl-team-10,0.6325025558780873,0.2346631104117719,0.13283433371014072,0.6429653898868426,0.23113037618574267,0.1259042339274148,0.023834077641367912,0.4493506493506493,0.5506493506493506,0.44683171556260953,0.5531682844373905
E0,2021,2020-10-04,Man United,Tottenham,1,6,A,,,0.49971330956121107,0.25861173971900947,0.24167495071977965,0.5049459663649851,0.2562579126073349,0.23879612102768,0.0211897527333349,0.5326370757180157,0.46736292428198434,0.5342315697241824,0.46576843027581766
E0,2021,2020-10-04,Aston Villa,Liverpool,7,2,H,fpl-team-2,fpl-team-14,0.10247627620014728,0.17710779712964456,0.7204159266702083,0.09507201052006971,0.17192360147729663,0.7330043880026336,0.022332536755129695,0.6203473945409429,0.3796526054590571,0.6267973856020099,0.37320261439799013
E0,2021,2020-10-17,Everton,Liverpool,2,2,D,fpl-team-9,fpl-team-14,0.245588804690525,0.23535593782841976,0.5190552574810554,0.24288253631570286,0.23233953012869293,0.5247779335556042,0.020765114342793822,0.6231527093596059,0.37684729064039413,0.6291689271469505,0.37083107285304956
E0,2021,2020-10-17,Chelsea,Southampton,3,3,D,fpl-team-6,,0.6273634893189803,0.21049696023202633,0.16213955044899322,0.6365206164160255,0.206643522090345,0.15683586149362946,0.021105448016896844,0.6030150753768844,0.39698492462311563,0.6081223628712389,0.3918776371287611
E0,2021,2020-10-17,Man City,Arsenal,1,0,H,fpl-team-15,fpl-team-1,0.6443797709715492,0.19796409458713574,0.157656134441315,0.6540036139374032,0.19374983411825286,0.1522465519443439,0.02098664187360555,0.6619385342789598,0.3380614657210402,0.6710789211076509,0.328921078892349
E0,2021,2020-10-17,Newcastle,Man United,1,4,A,fpl-team-17,,0.2006688963210702,0.2350973834349793,0.5642337202439504,0.19648038490181385,0.2319734161173764,0.5715461989808097,0.02138641942292452,0.548051948051948,0.451948051948052,0.5503894972043629,0.4496105027956371
E0,2021,2020-10-18,Sheffield United,Fulham,1,1,D,,fpl-team-10,0.45460469952477545,0.2889204566256856,0.256474843849539,0.4584390652498986,0.28751123462545647,0.2540497001246449,0.021291458630003035,0.423076923076923,0.5769230769230769,0.41919191919322074,0.5808080808067793
E0,2021,2020-10-18,Crystal Palace,Brighton,1,1,D,fpl-team-8,fpl-team-5,0.3577011420914949,0.2949658648631404,0.3473329930453647,0.3584808990896565,0.29373887351534156,0.3477802273950019,0.02157659619115293,0.43556701030927836,0.5644329896907216,0.4324525141055018,0.5675474858944982
E0,2021,2020-10-18,Tottenham,West Ham,3,3,D,,,0.5917140046333027,0.22877725238805496,0.17950874297864242,0.6000265725257805,0.22539011102408818,0.1745833164501312,0.021765776677057147,0.5984848484848484,0.40151515151515144,0.6034949446575282,0.39650505534247177
E0,2021,2020-10-18,Leicester,Aston Villa,0,1,A,,fpl-team-2,0.5073991669036586,0.2510430433109724,0.2415577897853689,0.5129390572443101,0.24842170291742519,0.23863923983826468,0.021449128864333034,0.5852417302798981,0.41475826972010177,0.5893571619191439,0.41064283808085617
E0,2021,2020-10-19,West Brom,Burnley,0,0,D,,,0.3856641994546163,0.29100116867939235,0.32333463186599143,0.38727142697372513,0.2897028359781127,0.3230257370481621,0.020675189094617963,0.4493506493506493,0.5506493506493506,0.44683171556260953,0.5531682844373905
E0,2021,2020-10-19,Leeds,Wolves,0,1,A,fpl-team-13,,0.38334415532996535,0.29397557924077095,0.3226802654292637,0.38495781297214926,0.29270735611562015,0.3223348309122306,0.021730990381911397,0.44675324675324674,0.5532467532467532,0.44404410962479757,0.5559558903752024
E0,2021,2020-10-23,Aston Villa,Leeds,0,3,A,fpl-team-2,fpl-team-13,0.45531114295402597,0.2561884031021319,0.28850045394384227,0.45902235153583304,0.2538458601625643,0.28713178830160263,0.020480570616200566,0.5944584382871536,0.4055415617128464,0.5986945994283182,0.4013054005716818
E0,2021,2020-10-24,West Ham,Man City,1,1,D,,fpl-team-15,0.1333025526020711,0.18600356177033175,0.6806938856275971,0.12710348092085674,0.18135749246928493,0.6915390266098583,0.02126171358395368,0.6705336426914155,0.3294663573085847,0.6791022953988686,0.3208977046011313
E0,2021,2020-10-24,Fulham,Crystal Palace,1,2,A,fpl-team-10,fpl-team-8,0.3494327312463843,0.3049190075207302,0.34564826123288556,0.3499632118462963,0.3039829865275164,0.3460538016261873,0.022225009044632316,0.42091836734693877,0.5790816326530612,0.4172340141603571,0.5827659858396428
E0,2021,2020-10-24,Man United,Chelsea,0,0,D,,fpl-team-6,0.40263446931608987,0.26692758690036045,0.3304379437835496,0.4048753259317308,0.2647854049174325,0.33033926915083667,0.021789122140035033,0.5888324873096447,0.4111675126903554,0.5931247339443514,0.40687526605564867
E0,2021,2020-10-24,Liverpool,Sheffield United,2,1,H,fpl-team-14,,0.7664209587304569,0.1506330500649483,0.0829459912045949,0.7805521495774137,0.14452471017807456,0.07492314024451172,0.02262302371673286,0.6365853658536585,0.36341463414634145,0.6439995885817678,0.35600041141823224
E0,2021,2020-10-25,Southampton,Everton,2,0,H,,fpl-team-9,0.34534668672810487,0.2766754435458592,0.377977869726036,0.34571504304221073,0.27492865577045655,0.3793563011873327,0.020807320717722178,0.5338541666666666,0.46614583333333337,0.5354271699073179,0.4645728300926822
E0,2021,2020-10-25,Wolves,Newcastle,1,1,D,,fpl-team-17,0.5390864949978147,0.2749495590533267,0.18596394594885854,0.5455351682107842,0.27309212131644106,0.1813727104727748,0.021171438740566373,0.4245524296675191,0.5754475703324808,0.42101740293563406,0.578982597064366
E0,2021,2020-10-25,Arsenal,Leicester,0,1,A,fpl-team-1,,0.4979113317891906,0.25694354822276405,0.24514511998804536,0.502886986150731,0.2546316438306284,0.24248137001864062,0.020359979243949056,0.5492227979274612,0.45077720207253885,0.551507265228968,0.44849273477103196
E0,2021,2020-10-26,Brighton,West Brom,1,1,D,fpl-team-5,,0.5479745813207187,0.24400903748378064,0.20801638119550062,0.5548128139640005,0.24115114856029682,0.20403603747570265,0.021502709365449846,0.5221932114882506,0.47780678851174935,0.5232240437194925,0.4767759562805075
E0,2021,2020-10-26,Burnley,Tottenham,0,1,A,,,0.1744053274990618,0.2381804099427486,0.5874142625581897,0.16918487753618563,0.23500491751285701,0.5958102049509574,0.022369565442204475,0.518324607329843,0.48167539267015713,0.5192138779060717,0.4807861220939283
E0,2021,2020-10-30,Wolves,Crystal Palace,2,0,H,,fpl-team-8,0.4683740375887942,0.30676254858052016,0.22486341383068573,0.47253941559450363,0.305929533892268,0.22153105051322838,0.020789271220564842,0.3566265060240964,0.6433734939759036,0.3494280797802798,0.6505719202197201
E0,2021,2020-10-31,Sheffield United,Man City,0,1,A,,fpl-team-15,0.10167120973055568,0.16645130343040626,0.7318774868390381,0.09434365008475512,0.16100934365300218,0.7446470062622427,0.0220141364261508,0.6308068459657702,0.36919315403422975,0.6373273781929347,0.3626726218070652
E0,2021,2020-10-31,Burnley,Chelsea,0,3,A,,fpl-team-6,0.15840302410480803,0.2192993811977319,0.62229759469746,0.15277804282586094,0.21557158288278408,0.6316503742913551,0.02195036644116044,0.5732647814910026,0.42673521850899737,0.5769895726399324,0.4230104273600676
E0,2021,2020-10-31,Liverpool,West Ham,2,1,H,fpl-team-14,,0.6890193914412501,0.1820792688409387,0.12890133971781126,0.7007092747395786,0.17705273819837222,0.12223798706204918,0.022429957753047347,0.6781609195402298,0.32183908045977005,0.6876513317330532,0.3123486682669468
E0,2021,2020-11-01,Aston Villa,Southampton,3,4,A,fpl-team-2,,0.3893739203510901,0.26607217890657825,0.34455390074233155,0.3912030475561096,0.26388124144491826,0.3449157109989723,0.02201119437813759,0.5790816326530612,0.42091836734693877,0.5827659858396428,0.4172340141603571
E0,2021,2020-11-01,Newcastle,Everton,2,1,H,fpl-team-17,fpl-team-9,0.2583889099748775,0.2762601890509498,0.4653509009741727,0.2559862945941011,0.2744249768349286,0.4695887285709703,0.021619665902107954,0.5248041775456919,0.47519582245430814,0.5259690558238855,0.4740309441761144
E0,2021,2020-11-01,Man United,Arsenal,0,1,A,,fpl-team-1,0.47009945322254276,0.2620226460584664,0.2678779007189908,0.47444838806330636,0.2597561383710509,0.2657954735656428,0.02141446666792035,0.5492227979274612,0.45077720207253885,0.551507265228968,0.44849273477103196
E0,2021,2020-11-01,Tottenham,Brighton,2,1,H,,fpl-team-5,0.5885760330424156,0.23006689061370203,0.18135707634388232,0.5966229143211502,0.2267895938187816,0.17658749186006822,0.021318887127563357,0.578005115089514,0.42199488491048587,0.5817913649887713,0.41820863501122874
E0,2021,2020-11-02,Fulham,West Brom,2,0,H,fpl-team-10,,0.3928391722749859,0.28871312661173665,0.3184477011132776,0.3947515856786003,0.2872812239624941,0.3179671903589056,0.021642333827912807,0.46354166666666663,0.5364583333333334,0.46181957019966147,0.5381804298003386
E0,2021,2020-11-02,Leeds,Leicester,1,4,A,fpl-team-13,,0.37392613030664074,0.26889070044522484,0.3571831692481344,0.37526940347267057,0.2667604405229337,0.35797015600439586,0.022341403178870678,0.5454545454545455,0.4545454545454546,0.5476190476222825,0.45238095237771747
E0,2021,2020-11-06,Brighton,Burnley,0,0,D,fpl-team-5,,0.5061135313705103,0.27632635333447403,0.21756011529501573,0.511246819491276,0.2746201907201563,0.2141329897885677,0.020019058603793383,0.451948051948052,0.548051948051948,0.4496105027956371,0.5503894972043629
E0,2021,2020-11-06,Southampton,Newcastle,2,0,H,,fpl-team-17,0.47143487607306067,0.2686388679299005,0.25992625599703884,0.475525212244211,0.26672135291680366,0.2577534348389854,0.019932960625737906,0.5221932114882506,0.47780678851174935,0.5232240437194925,0.4767759562805075
E0,2021,2020-11-07,Everton,Man United,1,3,A,fpl-team-9,,0.3301219200272828,0.2729132918407367,0.3969647881319806,0.33002051843604907,0.2710784461783236,0.3989010353856273,0.02048970269970596,0.5416666666666667,0.4583333333333333,0.5437062937092246,0.45629370629077537
E0,2021,2020-11-07,Crystal Palace,Leeds,4,1,H,fpl-team-8,fpl-team-13,0.3280134926921152,0.28421347141275266,0.3877730358951322,0.32783665417342905,0.2826094805315556,0.38955386529501534,0.022039031144231558,0.4921465968586388,0.5078534031413613,0.4917745119548455,0.5082254880451544
E0,2021,2020-11-07,Chelsea,Sheffield United,4,1,H,fpl-team-6,,0.6892551425858259,0.19433360003941136,0.11641125737476281,0.7008541063261345,0.18972088878442814,0.10942500488943722,0.022276940988376737,0.5644329896907216,0.43556701030927836,0.5675474858944982,0.4324525141055018
E0,2021,2020-11-07,West Ham,Fulham,1,0,H,,fpl-team-10,0.5230996338632766,0.2505948507774336,0.2263055153592899,0.5294012099497964,0.24783998149063316,0.22275880855957042,0.022402073722332716,0.5235602094240838,0.4764397905759163,0.5247252747287677,0.4752747252712324
E0,2021,2020-11-08,West Brom,Tottenham,0,1,A,,,0.15028578136145698,0.2189094258187433,0.6308047928197997,0.14447639459424563,0.2152071880477123,0.640316417358042,0.021701230900362134,0.5607235142118864,0.43927648578811374,0.563702900516543,0.436297099483457
E0,2021,2020-11-08,Leicester,Wolves,1,0,H,,,0.40264594117003144,0.3051902356639091,0.2921638231660594,0.4048869697539636,0.3042791833521112,0.2908338468939252,0.021769795333966613,0.40609137055837563,0.5939086294416244,0.4011752136730462,0.5988247863269538
E0,2021,2020-11-08,Man City,Liverpool,1,1,D,fpl-team-15,fpl-team-14,0.48177264481038584,0.2378976583555007,0.2803296968341134,0.4865254425912031,0.23485051557224557,0.2786240418365512,0.02157486928626895,0.6595744680851063,0.3404255319148936,0.6680107527127119,0.33198924728728796
E0,2021,2020-11-08,Arsenal,Aston Villa,0,3,A,fpl-team-1,fpl-team-2,0.5637804730209495,0.24141733101652746,0.19480219596252318,0.5712206596698269,0.23843158277795948,0.19034775755221364,0.021812690538354218,0.5692307692307692,0.43076923076923074,0.5723938223913503,0.4276061776086497
E0,2021,2020-11-21,Newcastle,Chelsea,0,2,A,fpl-team-17,fpl-team-6,0.1499815000792854,0.21109730958295897,0.6389211903377557,0.14409477306078167,0.2071029441454907,0.6488022827937276,0.021956923534162343,0.5743589743589743,0.42564102564102557,0.577990533564807,0.422009466435193
E0,2021,2020-11-21,Aston Villa,Brighton,1,2,A,fpl-team-2,fpl-team-5,0.43689276463868437,0.2650402090190357,0.29806702634227994,0.44036748341285487,0.26275351936359126,0.2968789972235538,0.0226051090285182,0.5442708333333333,0.4557291666666667,0.5464798359471035,0.45352016405289647
E0,2021,2020-11-21,Tottenham,Man City,2,0,H,,fpl-team-15,0.23350502428109085,0.23756094281699067,0.5289340329019185,0.23019883743797162,0.2343865768781529,0.5354145856838756,0.022352010710164905,0.5969773299748111,0.4030226700251889,0.6015295358682816,0.3984704641317183
E0,2021,2020-11-21,Man United,West Brom,1,0,H,,,0.7161116158792283,0.17969842046407605,0.10418996365669554,0.7281175871379397,0.17478599053693714,0.09709642232512311,0.021501222858205438,0.5816326530612244,0.4183673469387755,0.5855798031564324,0.4144201968435676
E0,2021,2020-11-22,Fulham,Everton,2,3,A,fpl-team-10,fpl-team-9,0.2435839757532296,0.25258180071509034,0.5038342235316802,0.24060740653125776,0.24989919062923782,0.5094934028395044,0.022377585526555777,0.5454545454545455,0.4545454545454546,0.5476190476222825,0.45238095237771747
E0,2021,2020-11-22,Sheffield United,West Ham,0,1,A,,,0.3127042773909337,0.29351996589455737,0.39377575671450904,0.3120123611164485,0.29218906624665536,0.39579857263689616,0.022543614264577627,0.451948051948052,0.548051948051948,0.4496105027956371,0.5503894972043629
E0,2021,2020-11-22,Leeds,Arsenal,0,0,D,fpl-team-13,fpl-team-1,0.30653825823889513,0.2593147968345248,0.43414694492658,0.3056910488656201,0.25699591055185744,0.4373130405825225,0.021147960564121604,0.5743589743589743,0.42564102564102557,0.577990533564807,0.422009466435193
E0,2021,2020-11-22,Liverpool,Leicester,3,0,H,fpl-team-14,,0.504521502405628,0.2445384833088503,0.25094001428552176,0.5100237733547311,0.24168604209518266,0.24829018455008622,0.021662240149453282,0.6005025125628142,0.399497487437186,0.6052603878707,0.3947396121292998
E0,2021,2020-11-23,Burnley,Crystal Palace,1,0,H,,fpl-team-8,0.3438561005562378,0.3135158563895109,0.3426280430542512,0.3441867887094718,0.3128931256733758,0.3429200856171525,0.021182532072998583,0.39,0.61,0.3844052122708325,0.6155947877291674
E0,2021,2020-11-23,Wolves,Southampton,1,1,D,,,0.41265594725459054,0.2945728608094308,0.29277119193597856,0.41528065834018096,0.2932901241765372,0.29142921748328177,0.02228341531008482,0.42820512820512824,0.5717948717948719,0.42481404902249686,0.5751859509775031
E0,2021,2020-11-27,Crystal Palace,Newcastle,0,2,A,fpl-team-8,fpl-team-17,0.4455041023604808,0.2983905981542161,0.2561052994853031,0.4491743343712005,0.29724096141397166,0.25358470421482787,0.022042273776605725,0.40759493670886077,0.5924050632911392,0.40311620748182364,0.5968837925181764
E0,2021,2020-11-28,Brighton,Liverpool,1,1,D,fpl-team-5,fpl-team-14,0.18006207390508527,0.22862296734488155,0.5913149587500331,0.17507504718874,0.22517602321788122,0.5997489295933788,0.02212227415293455,0.6030150753768844,0.39698492462311563,0.6081223628712389,0.3918776371287611
E0,2021,2020-11-28,Man City,Burnley,5,0,H,fpl-team-15,,0.820454843993279,0.12244032748369087,0.05710482852303012,0.8355992713390664,0.11563411818054722,0.04876661048038635,0.02196436934173107,0.6539379474940334,0.34606205250596656,0.6623458343934616,0.3376541656065383
E0,2021,2020-11-28,Everton,Leeds,0,1,A,fpl-team-9,fpl-team-13,0.47419499967864254,0.25749298369646717,0.2683120166248902,0.47880205421484173,0.2550146686691531,0.26618327711600515,0.02203397499397397,0.5877862595419847,0.41221374045801523,0.5921917588569927,0.4078082411430074
E0,2021,2020-11-28,West Brom,Sheffield United,1,0,H,,,0.3680880880880881,0.30190190190190186,0.33001001001001,0.369246158493939,0.3008557484598895,0.3298980930461715,0.022454009973444045,0.41687979539641945,0.5831202046035805,0.4125497793691309,0.587450220630869
E0,2021,2020-11-29,Southampton,Man United,2,3,A,,,0.25224334063449444,0.26849431215996605,0.47926234720553945,0.24963670979852884,0.266404223669125,0.48395906653234627,0.021681497571989894,0.5261780104712042,0.47382198952879584,0.5274868750139057,0.4725131249860944
E0,2021,2020-11-29,Chelsea,Tottenham,0,0,D,fpl-team-6,,0.45631018045874866,0.2722305053873217,0.2714593141539298,0.4602941293423383,0.270250895913892,0.26945497474376967,0.02181708998978138,0.5416666666666667,0.4583333333333333,0.5437062937092246,0.45629370629077537
E0,2021,2020-11-29,Arsenal,Wolves,1,2,A,fpl-team-1,,0.4500509007214624,0.2922586641880229,0.25769043509051476,0.45379784416077246,0.29093484112674506,0.2552673147124826,0.021620686631649733,0.41221374045801523,0.5877862595419847,0.4078082411430074,0.5921917588569927
E0,2021,2020-11-30,Leicester,Fulham,1,2,A,,fpl-team-10,0.6232745063777738,0.22065350340730386,0.1560719902149222,0.6323079723637555,0.2171062377404111,0.1505857898958334,0.021120204823091626,0.5506493506493506,0.4493506493506493,0.5531682844373905,0.44683171556260953
E0,2021,2020-11-30,West Ham,Aston Villa,2,1,H,,fpl-team-2,0.4131166070131059,0.2684679350897495,0.31841545789714476,0.4156872989818036,0.26638272508152677,0.3179299759366696,0.02170341624878347,0.5569948186528497,0.4430051813471503,0.5598395212843887,0.44016047871561126
E0,2021,2020-12-05,Burnley,Everton,1,1,D,,fpl-team-9,0.23871016881084603,0.27417567960560024,0.4871141515835537,0.23575463990467335,0.2723162677434807,0.49192909235184595,0.021092835580930114,0.47382198952879584,0.5261780104712042,0.4725131249860944,0.5274868750139057
E0,2021,2020-12-05,Man City,Fulham,2,0,H,fpl-team-15,fpl-team-10,0.8574330729989618,0.09859600018057876,0.043970926820459576,0.8735625104140693,0.09102050360020295,0.035416985985727865,0.022216032026335597,0.7280334728033473,0.2719665271966527,0.7409372237324862,0.2590627762675139
E0,2021,2020-12-05,West Ham,Man United,1,3,A,,,0.2645601148108116,0.26826543854765766,0.46717444664153074,0.2623024788067576,0.2661280894611356,0.4715694317321067,0.022120499867014587,0.548051948051948,0.451948051948052,0.5503894972043629,0.4496105027956371
E0,2021,2020-12-05,Chelsea,Leeds,3,1,H,fpl-team-6,fpl-team-13,0.6223445208018479,0.21298012489663234,0.16467535430151986,0.6316832420508786,0.20906225889720886,0.15925449905191258,0.021903682965785265,0.6332518337408313,0.36674816625916873,0.6402831402840979,0.35971685971590206
E0,2021,2020-12-06,West Brom,Crystal Palace,1,5,A,,fpl-team-8,0.3303101368814014,0.29841102708911643,0.3712788360294821,0.33021011154946805,0.2972730933242217,0.37251679512631036,0.021979919401928782,0.43041237113402064,0.5695876288659795,0.42684314628064995,0.5731568537193501
E0,2021,2020-12-06,Sheffield United,Leicester,1,2,A,,,0.24835988089885255,0.27469029807151024,0.47694982102963723,0.24564016887820267,0.2728046882346481,0.48155514288714923,0.021601846907287836,0.47519582245430814,0.5248041775456919,0.4740309441761144,0.5259690558238855
E0,2021,2020-12-06,Tottenham,Arsenal,2,0,H,,fpl-team-1,0.47661270555135193,0.2706190785757676,0.25276821587288056,0.4812853364005899,0.2685702597193155,0.25014440388009457,0.021971476962789893,0.4973821989528796,0.5026178010471204,0.4972587719301746,0.5027412280698255
E0,2021,2020-12-06,Liverpool,Wolves,4,0,H,fpl-team-14,,0.6296041524762669,0.22517607335621778,0.14521977416751525,0.6395109822174723,0.22150372198917775,0.13898529579335003,0.02272506756708026,0.5454545454545455,0.4545454545454546,0.5476190476222825,0.45238095237771747
E0,2021,2020-12-07,Brighton,Southampton,1,2,A,fpl-team-5,,0.3800664451827242,0.28504983388704314,0.33488372093023255,0.38159589256157106,0.2834722302730464,0.3349318771653826,0.022055184235796332,0.4921465968586388,0.5078534031413613,0.4917745119548455,0.5082254880451544
E0,2021,2020-12-11,Leeds,West Ham,1,2,A,fpl-team-13,,0.4395110888228558,0.26107198191657377,0.2994169292605705,0.4429594404895774,0.25873043054461087,0.2983101289658116,0.021874790778383613,0.6030150753768844,0.39698492462311563,0.6081223628712389,0.3918776371287611
E0,2021,2020-12-12,Wolves,Aston Villa,0,1,A,,fpl-team-2,0.40907018343797136,0.29272912209322716,0.2982006944688015,0.4115844516435491,0.29138171608595115,0.29703383227049984,0.022357323905453086,0.46614583333333337,0.5338541666666666,0.4645728300926822,0.5354271699073179
E0,2021,2020-12-12,Newcastle,West Brom,2,1,H,fpl-team-17,,0.38122030259050876,0.29441937215451597,0.3243603252549752,0.38282281019912634,0.29311895505984986,0.32405823474102385,0.022547533735632896,0.43556701030927836,0.5644329896907216,0.4324525141055018,0.5675474858944982
E0,2021,2020-12-12,Man United,Man City,0,0,D,,fpl-team-15,0.2184227837558918,0.2304990434347031,0.5510781728094051,0.2147582249964502,0.22721171524813003,0.5580300597554196,0.021546412957832217,0.5790816326530612,0.42091836734693877,0.5827659858396428,0.4172340141603571
E0,2021,2020-12-12,Everton,Chelsea,1,0,H,fpl-team-9,fpl-team-6,0.21979562969466396,0.23259925860891625,0.5476051116964199,0.21612351827182275,0.22933289333479057,0.5545435883933867,0.02185453032143414,0.5939086294416244,0.40609137055837563,0.5988247863269538,0.4011752136730462
E0,2021,2020-12-13,Southampton,Sheffield United,3,0,H,,,0.5566190351760564,0.24996990613650572,0.19341105868743777,0.5640141439791276,0.24718685772395887,0.18879899829691335,0.022381921531632543,0.4790575916230366,0.5209424083769634,0.47803223769436987,0.5219677623056301
E0,2021,2020-12-13,Crystal Palace,Tottenham,1,1,D,fpl-team-8,,0.20275189619102915,0.25465638161593257,0.5425917221930383,0.19819262234437784,0.25187652499305324,0.5499308526625689,0.023703615181148052,0.5013123359580053,0.49868766404199477,0.5013777900249893,0.4986222099750107
E0,2021,2020-12-13,Fulham,Liverpool,1,1,D,fpl-team-10,fpl-team-14,0.11376986817551799,0.16964976809211516,0.7165803637323669,0.107056576187095,0.16453155972533148,0.7284118640875734,0.021117441938258708,0.6666666666666666,0.3333333333333333,0.6760563379970995,0.3239436620029005
E0,2021,2020-12-13,Arsenal,Burnley,0,1,A,fpl-team-1,,0.6231289387736326,0.22739776438658632,0.14947329683978103,0.6322083608679341,0.22403358977785368,0.14375804935421224,0.02125300746411085,0.5026178010471204,0.4973821989528796,0.5027412280698255,0.4972587719301746
E0,2021,2020-12-13,Leicester,Brighton,3,0,H,,fpl-team-5,0.4713522677883183,0.2741676514642653,0.2544800807474165,0.47598027987628566,0.2721797376992246,0.2518399824244897,0.022596181370317936,0.5,0.5,0.5,0.5
E0,2021,2020-12-15,Wolves,Chelsea,2,1,H,,fpl-team-6,0.1762595504373823,0.25299523862252243,0.5707452109400952,0.17127456089082987,0.25039838212753307,0.578327056981637,0.021598466904833913,0.46354166666666663,0.5364583333333334,0.46181957019966147,0.5381804298003386
E0,2021,2020-12-15,Man City,West Brom,1,1,D,fpl-team-15,,0.8608538801761872,0.09680284596358732,0.04234327386022529,0.8754719517048486,0.08995001604976144,0.034578032245389856,0.019889757269993424,0.7045951859956237,0.2954048140043764,0.7150908672698513,0.2849091327301488
E0,2021,2020-12-16,Arsenal,Southampton,1,1,D,fpl-team-1,,0.42485501433544554,0.2754823579984878,0.29966262766606666,0.4279895907840157,0.2735041469300977,0.2985062622858865,0.023076088167726994,0.5300261096605744,0.4699738903394256,0.5314723590630834,0.4685276409369166
E0,2021,2020-12-16,Leeds,Newcastle,5,2,H,fpl-team-13,fpl-team-17,0.542174583810597,0.2453026394618639,0.21252277672753908,0.5496242677346539,0.24214915581206814,0.20822657645327788,0.024105061893351376,0.5468749999999999,0.45312499999999994,0.5492610837511274,0.4507389162488727
E0,2021,2020-12-16,Leicester,Everton,0,2,A,,fpl-team-9,0.4342260208926875,0.26909781576448244,0.29667616334283,0.43773293818786413,0.2668691995053873,0.2953978623067485,0.023424642393365502,0.5621761658031088,0.43782383419689114,0.5654432416138302,0.4345567583861699
E0,2021,2020-12-16,Fulham,Brighton,0,0,D,fpl-team-10,fpl-team-5,0.3289987931489222,0.29088307930849827,0.38011812754257945,0.32884162838376424,0.2893707907313541,0.3817875808848817,0.024064011638984084,0.46335078534031415,0.5366492146596858,0.46141656332340236,0.5385834366765977
E0,2021,2020-12-16,Liverpool,Tottenham,2,1,H,fpl-team-14,,0.5349599005986672,0.24936932866448291,0.21567077073685004,0.5416061286511837,0.24659058803693884,0.21180328331187742,0.022246364504098892,0.5743589743589743,0.42564102564102557,0.577990533564807,0.422009466435193
E0,2021,2020-12-16,West Ham,Crystal Palace,1,1,D,,fpl-team-8,0.45567010309278355,0.2814432989690722,0.26288659793814434,0.4597653068934878,0.27970305271820267,0.26053164038830934,0.02255253866314888,0.48293963254593175,0.5170603674540682,0.48206797616735914,0.517932023832641
E0,2021,2020-12-17,Aston Villa,Burnley,0,0,D,fpl-team-2,,0.5491519274376417,0.24883446712018142,0.20201360544217686,0.5566237864443561,0.2458901514045307,0.1974860621511133,0.023398146964609623,0.5144356955380577,0.4855643044619423,0.5151682294531524,0.48483177054684756
E0,2021,2020-12-17,Sheffield United,Man United,2,3,A,,,0.13399260942338947,0.21072846504030857,0.655278925536302,0.12734495985061847,0.20653317374240318,0.6661218664069782,0.022944064810872078,0.5209424083769634,0.4790575916230366,0.5219677623056301,0.47803223769436987
E0,2021,2020-12-19,Crystal Palace,Liverpool,0,7,A,fpl-team-8,fpl-team-14,0.15450682991456896,0.21526794280232078,0.6302252272831103,0.14870139982491504,0.21136886936872512,0.6399297308063598,0.02218473656103015,0.5888324873096447,0.4111675126903554,0.5931247339443514,0.40687526605564867
E0,2021,2020-12-19,Southampton,Man City,0,1,A,,fpl-team-15,0.14753731279012686,0.2064885068855339,0.6459741803243393,0.14122636988264317,0.20209951575379564,0.6566741143635613,0.023278213804587722,0.6074999999999999,0.39249999999999996,0.6127100206910782,0.3872899793089218
E0,2021,2020-12-19,Everton,Arsenal,2,1,H,fpl-team-9,fpl-team-1,0.395346465526033,0.2781216414456395,0.3265318930283275,0.3974280107854815,0.27627217360649353,0.3262998156080249,0.022621125914156437,0.518324607329843,0.48167539267015713,0.5192138779060717,0.4807861220939283
E0,2021,2020-12-19,Newcastle,Fulham,1,1,D,fpl-team-17,fpl-team-10,0.3713605471969295,0.29480314208248565,0.33383631072058473,0.37259460106800263,0.29355438932217304,0.3338510096098244,0.021865536808036268,0.4455958549222798,0.5544041450777203,0.4429471854004886,0.5570528145995115
E0,2021,2020-12-20,Brighton,Sheffield United,1,1,D,fpl-team-5,,0.5664005652901738,0.25731638584419186,0.1762830488656342,0.574149370758369,0.2547543023636111,0.1710963268780199,0.02249783813022077,0.42930591259640094,0.570694087403599,0.4258240276237681,0.5741759723762319
E0,2021,2020-12-20,Tottenham,Leicester,0,2,A,,,0.46034437395854644,0.2751483614464875,0.26450726459496593,0.46453419828981846,0.27322707786307426,0.2622387238471073,0.02222135872580111,0.5352480417754569,0.4647519582245431,0.5369964373743951,0.4630035626256049
E0,2021,2020-12-20,Man United,Leeds,6,2,H,,fpl-team-13,0.5601921902789945,0.22646067266597647,0.21334713705502908,0.5676085153314225,0.22296179103111552,0.20942969363746194,0.02207703050225973,0.6341463414634148,0.3658536585365854,0.6410256410502967,0.35897435894970336
E0,2021,2020-12-20,West Brom,Aston Villa,0,3,A,,fpl-team-2,0.25963447359048775,0.25893275879699984,0.48143276761251236,0.2572341795013068,0.2565099047249291,0.48625591577376404,0.021941371727734804,0.5454545454545455,0.4545454545454546,0.5476190476222825,0.45238095237771747
E0,2021,2020-12-21,Burnley,Wolves,2,1,H,,,0.26509808389828904,0.30575210315425666,0.4291498129474544,0.26282575444885775,0.30482622769468276,0.4323480178564595,0.022487904876470566,0.37100737100737097,0.628992628992629,0.36418667215976014,0.6358133278402398
E0,2021,2020-12-21,Chelsea,West Ham,3,0,H,fpl-team-6,,0.6415610164450857,0.20646348045425,0.15197550310066416,0.6521390789845465,0.2020666316998378,0.1457942893156156,0.023329948307946324,0.6115288220551378,0.38847117794486213,0.6176626123770257,0.38233738762297437
E0,2021,2020-12-26,Leicester,Man United,2,2,D,,,0.31793458329955565,0.2695727030230035,0.4124927136774408,0.31741556549803907,0.2674492111997057,0.41513522330225533,0.02249330934137106,0.5670103092783505,0.4329896907216495,0.5703463203464245,0.42965367965357554
E0,2021,2020-12-26,Aston Villa,Crystal Palace,3,0,H,fpl-team-2,fpl-team-8,0.4931307748209157,0.2551129875073537,0.2517562376717306,0.49851275484487556,0.25247769833215117,0.2490095468229733,0.02270481805317104,0.5378590078328982,0.46214099216710186,0.5397674291054496,0.4602325708945504
E0,2021,2020-12-26,Fulham,Southampton,0,0,D,fpl-team-10,,0.2997742663656885,0.2880361173814898,0.41218961625282163,0.2986333917589297,0.28649921466692474,0.4148673935741456,0.022875089664012194,0.4855643044619423,0.5144356955380577,0.48483177054684756,0.5151682294531524
E0,2021,2020-12-26,Arsenal,Chelsea,3,1,H,fpl-team-1,fpl-team-6,0.23615281579010153,0.2670697582473014,0.49677742596259694,0.23305165095130034,0.26494331314360237,0.5020050359050974,0.021554642473347485,0.5,0.5,0.5,0.5
E0,2021,2020-12-26,Man City,Newcastle,2,0,H,fpl-team-15,fpl-team-17,0.8558634262842484,0.10296101368833063,0.041175560027420885,0.8726751261066075,0.09510016202048098,0.032224711872911524,0.023416629759594798,0.6977777777777777,0.3022222222222222,0.7084113900636879,0.29158860993631214
E0,2021,2020-12-26,Sheffield United,Everton,0,1,A,,fpl-team-9,0.22828742595133703,0.2670772114193915,0.5046353626292713,0.2249391963575084,0.26494997677191273,0.5101108268705788,0.021546825068071485,0.4895287958115184,0.5104712041884817,0.489030577265449,0.510969422734551
E0,2021,2020-12-27,Leeds,Burnley,1,0,H,fpl-team-13,,0.5468702290076336,0.24045801526717558,0.21267175572519087,0.5540056264419965,0.2373443524971702,0.20865002106083327,0.022563392762094736,0.5969773299748111,0.4030226700251889,0.6015295358682816,0.3984704641317183
E0,2021,2020-12-27,West Ham,Brighton,2,2,D,,fpl-team-5,0.4038913641288829,0.2883200400558592,0.3077885958152581,0.406233471932517,0.28682766510423224,0.30693886296325085,0.022356915986165404,0.4921465968586388,0.5078534031413613,0.4917745119548455,0.5082254880451544
E0,2021,2020-12-27,Liverpool,West Brom,1,1,D,fpl-team-14,,0.8476805872485585,0.10584299045202995,0.0464764222994115,0.8645193973447192,0.09801771785712911,0.03746288479815174,0.02361587225459516,0.6971046770601336,0.3028953229398664,0.7079026498503103,0.2920973501496896
E0,2021,2020-12-27,Wolves,Tottenham,1,1,D,,,0.2645793499043977,0.292005258126195,0.4434153919694072,0.26233044239670517,0.29064697365199954,0.4470225839512952,0.022070626728236675,0.4329896907216495,0.5670103092783505,0.42965367965357554,0.5703463203464245
E0,2021,2020-12-28,Crystal Palace,Leicester,1,1,D,fpl-team-8,,0.25138837072962744,0.27209934445451156,0.47651228481586105,0.24870690806819884,0.2700882785445629,0.4812048133872383,0.022082066861912608,0.5078534031413613,0.4921465968586388,0.5082254880451544,0.4917745119548455
E0,2021,2020-12-28,Chelsea,Aston Villa,1,1,D,fpl-team-6,fpl-team-2,0.5674219024118076,0.22941220456362557,0.20316589302456672,0.5748836938496548,0.22608944760268443,0.19902685854766086,0.021528258686885238,0.6125,0.3875,0.6184990125065525,0.38150098749344763
E0,2021,2020-12-29,Brighton,Arsenal,0,1,A,fpl-team-5,fpl-team-1,0.29772748253684955,0.28363387389605194,0.4186386435670985,0.2965854670310025,0.2820433996464824,0.4213711333225151,0.02156532136723399,0.46736292428198434,0.5326370757180157,0.46576843027581766,0.5342315697241824
E0,2021,2020-12-29,Burnley,Sheffield United,1,0,H,,,0.3978473957332308,0.3043848329260591,0.29776777134071003,0.39990653431881185,0.30346034724351006,0.2966331184376781,0.02148780249990523,0.39249999999999996,0.6074999999999999,0.3872899793089218,0.6127100206910782
E0,2021,2020-12-29,Southampton,West Ham,0,0,D,,,0.4372601623255341,0.2751723435324481,0.28756749414201793,0.44068039666511394,0.2732599933769118,0.2860596099579743,0.02216381172183901,0.5026178010471204,0.4973821989528796,0.5027412280698255,0.4972587719301746
E0,2021,2020-12-29,West Brom,Leeds,0,5,A,,fpl-team-13,0.2669033536224926,0.2610852968677789,0.4720113495097284,0.26474611167539547,0.25874143708661956,0.47651245123798497,0.021863405127078295,0.5903307888040712,0.4096692111959288,0.5950417648369755,0.40495823516302454
E0,2021,2020-12-29,Man United,Wolves,1,0,H,,,0.6164204361340806,0.22694814156955465,0.15663142229636476,0.6262406300330319,0.22321030960073016,0.15054906036623805,0.023554641753435135,0.4973821989528796,0.5026178010471204,0.4972587719301746,0.5027412280698255
E0,2021,2020-12-30,Newcastle,Liverpool,0,0,D,fpl-team-17,fpl-team-14,0.09747584988894961,0.16125431490903808,0.7412698352020122,0.08955487346524155,0.15527469439780361,0.7551704321369548,0.023502857889980078,0.6341463414634148,0.3658536585365854,0.6410256410502967,0.35897435894970336
E0,2021,2021-01-01,Everton,West Ham,0,1,A,fpl-team-9,,0.4465709728867624,0.2791068580542265,0.2743221690590112,0.4500686490966431,0.27743126637756516,0.2725000845257917,0.02078988985158503,0.486910994764398,0.5130890052356021,0.48628483651642146,0.5137151634835786
E0,2021,2021-01-01,Man United,Aston Villa,2,1,H,,fpl-team-2,0.5512815877950905,0.23169805863851634,0.21702035356639313,0.5581779627695302,0.22847711247332164,0.21334492475714817,0.02135252789594233,0.6169154228855721,0.38308457711442784,0.6230624214402241,0.3769375785597758
E0,2021,2021-01-02,Tottenham,Leeds,3,0,H,,fpl-team-13,0.5324305060584462,0.23663578047042055,0.23093371347113328,0.5388661970269832,0.23350833719505823,0.2276254657779585,0.021803533425554633,0.6595744680851063,0.3404255319148936,0.6680107527127119,0.33198924728728796
E0,2021,2021-01-02,Crystal Palace,Sheffield United,2,0,H,fpl-team-8,,0.4755955622470663,0.281160905916648,0.24324353183628578,0.4804685348431756,0.27936550737608346,0.24016595778074096,0.023094017757102847,0.423076923076923,0.5769230769230769,0.41919191919322074,0.5808080808067793
E0,2021,2021-01-02,Brighton,Wolves,3,3,D,fpl-team-5,,0.36,0.304,0.33599999999999997,0.3608760909539843,0.3030372051224968,0.33608670392351875,0.022141399327665567,0.3909774436090226,0.6090225563909775,0.3852484963605688,0.6147515036394312
E0,2021,2021-01-02,West Brom,Arsenal,0,4,A,,fpl-team-1,0.16579737388834534,0.2389797558789616,0.5952228702326932,0.16040931568617212,0.23588799207140676,0.6037026922424211,0.021930193062871695,0.518324607329843,0.48167539267015713,0.5192138779060717,0.4807861220939283
E0,2021,2021-01-03,Newcastle,Leicester,1,2,A,fpl-team-17,,0.18466916424104837,0.24141888221940586,0.5739119535395457,0.17989408986583197,0.23842792318073974,0.5816779869534283,0.02182468306273222,0.5130890052356021,0.486910994764398,0.5137151634835786,0.48628483651642146
E0,2021,2021-01-03,Chelsea,Man City,1,3,A,fpl-team-6,fpl-team-15,0.31584056954856804,0.2597486651205436,0.4244107653308883,0.3151585508517733,0.2569265196730187,0.42791492947520804,0.02597143640741706,0.5520833333333334,0.44791666666666663,0.5548486178134774,0.4451513821865228
E0,2021,2021-01-04,Southampton,Liverpool,1,0,H,,fpl-team-14,0.19542936636301927,0.22538905696112363,0.5791815766758571,0.19068196341716354,0.22164647341277605,0.5876715631700605,0.023363397223874927,0.5841836734693877,0.41581632653061223,0.5884078548997955,0.41159214510020437
E0,2021,2021-01-12,Sheffield United,Newcastle,1,0,H,,fpl-team-17,0.38518275238506006,0.308393907858135,0.30642333975680497,0.386825153425585,0.3076037967062045,0.3055710498682106,0.021325258538126945,0.38118811881188125,0.6188118811881189,0.37532467532181546,0.6246753246781845
E0,2021,2021-01-12,Burnley,Man United,0,1,A,,,0.13653779171020547,0.21049576221990016,0.6529664460698943,0.1304621023533712,0.20661723230950527,0.6629206653371235,0.021172108128666878,0.5592783505154639,0.44072164948453607,0.5619829142700595,0.4380170857299405
E0,2021,2021-01-12,Wolves,Everton,1,2,A,,fpl-team-9,0.38347474427087463,0.30727142970422644,0.30925382602489887,0.3850797714106971,0.306437307833543,0.30848292075575995,0.021552410908043385,0.399497487437186,0.6005025125628142,0.3947396121292998,0.6052603878707
E0,2021,2021-01-13,Man City,Brighton,1,0,H,fpl-team-15,fpl-team-5,0.8113378223440555,0.12799179550347398,0.060670382152470566,0.8271808088748422,0.12092482119414015,0.051894369931017696,0.023408684879541397,0.6407766990291263,0.35922330097087385,0.6484438984307858,0.35155610156921424
E0,2021,2021-01-13,Tottenham,Fulham,1,1,D,,fpl-team-10,0.6846637473395797,0.1952198057587396,0.12011644690168063,0.6959821624200573,0.1906956279252877,0.11332220965465509,0.021996982744894922,0.5681233933161953,0.4318766066838046,0.5713747037189356,0.4286252962810644
E0,2021,2021-01-14,Arsenal,Crystal Palace,0,0,D,fpl-team-1,fpl-team-8,0.6167597501505473,0.23316527139837764,0.1500749784510751,0.6264692687009958,0.22967837328199506,0.14385235801700919,0.02327197906561196,0.5104712041884817,0.4895287958115184,0.510969422734551,0.489030577265449
E0,2021,2021-01-16,Wolves,West Brom,2,3,A,,,0.595723011793166,0.2613389779256124,0.14293801028122166,0.6040421840674371,0.25899660761073245,0.13696120832183045,0.021521179238334298,0.4183673469387755,0.5816326530612244,0.4144201968435676,0.5855798031564324
E0,2021,2021-01-16,Leeds,Brighton,0,1,A,fpl-team-13,fpl-team-5,0.4418069041325342,0.2685492946687953,0.28964380119867045,0.4452792750531431,0.2664783954289156,0.28824232951794143,0.021554239792749286,0.5888324873096447,0.4111675126903554,0.5931247339443514,0.40687526605564867
E0,2021,2021-01-16,West Ham,Burnley,1,0,H,,,0.5209568640930893,0.2746592062840356,0.20438392962287513,0.5269903704215407,0.27275260479159874,0.20025702478686055,0.02170276001561433,0.45312499999999994,0.5468749999999999,0.4507389162488727,0.5492610837511274
E0,2021,2021-01-16,Fulham,Chelsea,0,1,A,fpl-team-10,fpl-team-6,0.15241687785394792,0.22808226377194107,0.6195008583741108,0.14687805911878446,0.2247947436272776,0.6283271972539379,0.02090892754495144,0.5390625,0.4609375,0.5409399819817476,0.4590600180182522
E0,2021,2021-01-16,Leicester,Southampton,2,0,H,,,0.5327979585709997,0.25780546382467723,0.209396577604323,0.5391382737697867,0.25539016658873837,0.20547155964147484,0.021446558414027095,0.5078534031413613,0.4921465968586388,0.5082254880451544,0.4917745119548455
E0,2021,2021-01-17,Sheffield United,Tottenham,1,3,A,,,0.16103120674632976,0.2573045555517762,0.5816642377018941,0.15569471545661284,0.2548904410534886,0.5894148434898985,0.02113147685304284,0.46736292428198434,0.5326370757180157,0.46576843027581766,0.5342315697241824
E0,2021,2021-01-17,Liverpool,Man United,0,0,D,fpl-team-14,,0.48715212729351814,0.2499191903042268,0.262928682402255,0.49195950428216567,0.2473148253890448,0.26072567032878946,0.021050203358754516,0.5681233933161953,0.4318766066838046,0.5713747037189356,0.4286252962810644
E0,2021,2021-01-17,Man City,Crystal Palace,4,0,H,fpl-team-15,fpl-team-8,0.8188367411802099,0.1249072995020659,0.056255959317724334,0.8346676726445746,0.11782272611650987,0.04750960123891545,0.023118807701393962,0.637469586374696,0.36253041362530414,0.6447307751332129,0.35526922486678725
E0,2021,2021-01-18,Arsenal,Newcastle,3,0,H,fpl-team-1,fpl-team-17,0.6651829284628957,0.20777948307734703,0.1270375884597573,0.6760497708773242,0.20359666028673057,0.12035356883594532,0.022324894089251757,0.5338541666666666,0.46614583333333337,0.5354271699073179,0.4645728300926822
E0,2021,2021-01-19,West Ham,West Brom,2,1,H,,,0.6072764066693063,0.23517076532781958,0.1575528280028742,0.6158851936411504,0.23204580078223916,0.15206900557661043,0.021294209640473127,0.5052356020942408,0.4947643979057591,0.5054829070382821,0.49451709296171786
E0,2021,2021-01-19,Leicester,Chelsea,2,0,H,,fpl-team-6,0.33166412118323974,0.28206039631419205,0.38627548250256827,0.3316124460062538,0.2805506691331054,0.3878368848606409,0.019852067343890667,0.5065274151436031,0.49347258485639683,0.5068183057879894,0.49318169421201064
E0,2021,2021-01-20,Man City,Aston Villa,2,0,H,fpl-team-15,fpl-team-2,0.762588357127646,0.15350007188559703,0.08391157098675683,0.7782575925203791,0.1467513321795455,0.07499107530007541,0.025414246832951903,0.6416464891041161,0.35835351089588374,0.649158592569405,0.35084140743059505
E0,2021,2021-01-20,Fulham,Man United,1,2,A,fpl-team-10,,0.15855554368851388,0.22256636643051256,0.6188780898809735,0.15306475580030438,0.21902745595693765,0.6279077882427581,0.0214347077999264,0.5518134715025906,0.4481865284974093,0.55427555700463,0.44572444299537
E0,2021,2021-01-21,Liverpool,Burnley,0,1,A,fpl-team-14,,0.7994859199177472,0.13608270977323356,0.06443137030901924,0.8141829335356353,0.12964605909647753,0.056171007367887126,0.02210613712668419,0.6246913580246914,0.3753086419753087,0.6313189098986537,0.3686810901013463
E0,2021,2021-01-23,Aston Villa,Newcastle,2,0,H,fpl-team-2,fpl-team-17,0.6383231466549868,0.21136528034933338,0.1503115729956798,0.6484052595149039,0.2072897654376579,0.14430497504743806,0.02245581359602511,0.5655526992287918,0.43444730077120824,0.568585260891557,0.431414739108443
E0,2021,2021-01-26,Crystal Palace,West Ham,2,3,A,fpl-team-8,,0.3040866273165531,0.29385741355361095,0.4020559591298359,0.3032014537936598,0.2926644423256492,0.404134103880691,0.020347503246739507,0.43444730077120824,0.5655526992287918,0.431414739108443,0.568585260891557
E0,2021,2021-01-26,Newcastle,Leeds,1,2,A,fpl-team-17,fpl-team-13,0.2509752925877763,0.2509752925877763,0.49804941482444737,0.24850290105917192,0.24850290105917192,0.5029941978816561,0.020214838907122612,0.5717948717948719,0.42820512820512824,0.5751859509775031,0.42481404902249686
E0,2021,2021-01-26,Southampton,Arsenal,1,3,A,,fpl-team-1,0.27477804843310044,0.26638205250875574,0.4588398990581439,0.27291370325826275,0.2642533073630148,0.4628329893787224,0.02142335777170956,0.5352480417754569,0.4647519582245431,0.5369964373743951,0.4630035626256049
E0,2021,2021-01-26,West Brom,Man City,0,5,A,,fpl-team-15,0.062291186297115435,0.13622888334666605,0.8014799303562186,0.05447078700536098,0.13018891371187996,0.815340299282759,0.020723485853523016,0.606516290726817,0.39348370927318294,0.6118597673472255,0.3881402326527746
E0,2021,2021-01-27,Burnley,Aston Villa,3,2,H,,fpl-team-2,0.24951228476914816,0.2714241284740875,0.4790635867567644,0.2467922642446905,0.2694074038880449,0.48380033186726445,0.02189911692403257,0.5026178010471204,0.4973821989528796,0.5027412280698255,0.4972587719301746
E0,2021,2021-01-27,Chelsea,Wolves,0,0,D,fpl-team-6,,0.5917137417192491,0.23494516215323125,0.17334109612751963,0.6000253635529404,0.2317507640608977,0.16822387238616185,0.021771123399958014,0.49347258485639683,0.5065274151436031,0.49318169421201064,0.5068183057879894
E0,2021,2021-01-27,Brighton,Fulham,0,0,D,fpl-team-5,fpl-team-10,0.46539021612191644,0.28364019089087217,0.2509695929872115,0.469620414703155,0.28204266166372427,0.2483369236331207,0.021576640894636512,0.44072164948453607,0.5592783505154639,0.4380170857299405,0.5619829142700595
E0,2021,2021-01-27,Everton,Leicester,1,1,D,fpl-team-9,,0.3384025564203731,0.2946705337445095,0.3669269098351172,0.33856726243626867,0.2934043347890005,0.36802840277473076,0.02210009633563459,0.4699738903394256,0.5300261096605744,0.4685276409369166,0.5314723590630834
E0,2021,2021-01-27,Man United,Sheffield United,1,2,A,,,0.7483669142047561,0.16126425087240534,0.09036883492283848,0.7619471172348942,0.15550469349864807,0.08254818926645771,0.022594324313104153,0.5743589743589743,0.42564102564102557,0.577990533564807,0.422009466435193
E0,2021,2021-01-28,Tottenham,Liverpool,1,3,A,,fpl-team-14,0.29761417859577366,0.27071120199954557,0.4316746194046807,0.29645603350367983,0.2686900855655633,0.434853880930757,0.02177008637227118,0.53125,0.46874999999999994,0.5326797385601753,0.4673202614398247
E0,2021,2021-01-30,Everton,Newcastle,0,2,A,fpl-team-9,fpl-team-17,0.603820919975717,0.2430570285471873,0.1531220514770957,0.6121937771409152,0.24021806505430052,0.14758815780478424,0.020977677777409554,0.4804177545691906,0.5195822454308094,0.4795171509692577,0.5204828490307424
E0,2021,2021-01-30,Crystal Palace,Wolves,1,0,H,fpl-team-8,,0.32373582580443805,0.3091154981874634,0.36714867600809836,0.32342483942226874,0.30833285808693833,0.3682423024907929,0.021783010102808475,0.3880597014925373,0.6119402985074627,0.3827392120274968,0.6172607879725031
E0,2021,2021-01-30,Man City,Sheffield United,1,0,H,fpl-team-15,,0.8466363196350164,0.10933703327857924,0.044026647086404434,0.8639227820284516,0.10134071498077686,0.03473650299077153,0.02443945873528719,0.6383495145631067,0.3616504854368932,0.645456401384818,0.3545435986151821
E0,2021,2021-01-30,West Brom,Fulham,2,2,D,,fpl-team-10,0.28741975447685547,0.3000337875886924,0.4125464579344521,0.28589251963772216,0.298923835326378,0.4151836450358997,0.02242236933670938,0.43814432989690716,0.5618556701030928,0.43524015110364167,0.5647598488963583
E0,2021,2021-01-30,Arsenal,Man United,0,0,D,fpl-team-1,,0.3355008137880063,0.2822153904216758,0.3822837957903179,0.3355660539181295,0.28061722747264384,0.3838167186092266,0.021095125237479806,0.5248041775456919,0.47519582245430814,0.5259690558238855,0.4740309441761144
E0,2021,2021-01-30,Southampton,Aston Villa,0,1,A,,fpl-team-2,0.33519035793568086,0.26703187289583485,0.3977777691684843,0.3352450696720874,0.2649131033974223,0.3998418269304902,0.021584220929071307,0.5618556701030928,0.43814432989690716,0.5647598488963583,0.43524015110364167
E0,2021,2021-01-31,Chelsea,Burnley,2,0,H,fpl-team-6,,0.7146949669327974,0.18595946712426187,0.09934556594294072,0.7272355543039714,0.18099342860661405,0.09177101708941458,0.02259936952032149,0.548051948051948,0.451948051948052,0.5503894972043629,0.4496105027956371
E0,2021,2021-01-31,Leicester,Leeds,1,3,A,,fpl-team-13,0.5275489482355645,0.2388405686041611,0.23361048316027433,0.5335514762053384,0.23591870932038542,0.2305298144742762,0.02083333535119891,0.5924050632911392,0.40759493670886077,0.5968837925181764,0.40311620748182364
E0,2021,2021-01-31,West Ham,Liverpool,1,3,A,,fpl-team-14,0.21831789221823442,0.24020439770377167,0.5414777100779938,0.21461087394322104,0.23718976207541917,0.5481993639813598,0.021790765691548586,0.5790816326530612,0.42091836734693877,0.5827659858396428,0.4172340141603571
E0,2021,2021-01-31,Brighton,Tottenham,1,0,H,fpl-team-5,,0.30710351908895733,0.2851675534397461,0.4077289274712966,0.3062505451175739,0.28360703983033775,0.4101424150520883,0.021845023147761822,0.46874999999999994,0.53125,0.4673202614398247,0.5326797385601753
E0,2021,2021-02-02,Sheffield United,West Brom,2,1,H,,,0.4683848247158637,0.29096633050530923,0.24064884477882717,0.47254981963973025,0.28965140014634655,0.23779878021392326,0.02077088551595807,0.4183673469387755,0.5816326530612244,0.4144201968435676,0.5855798031564324
E0,2021,2021-02-02,Wolves,Arsenal,2,1,H,,fpl-team-1,0.2648196712798276,0.2921870537221198,0.4429932749980526,0.2627709759303805,0.29095134831766706,0.4462776757519524,0.020155087346211076,0.4194373401534527,0.5805626598465473,0.41538626841351595,0.584613731586484
E0,2021,2021-02-02,Man United,Southampton,9,0,H,,,0.6649441378853785,0.2024354246416374,0.1326204374729841,0.6758971041578241,0.19805014926258668,0.12605274657958915,0.022504620952531695,0.605,0.395,0.6098441259563315,0.3901558740436685
E0,2021,2021-02-02,Newcastle,Crystal Palace,1,2,A,fpl-team-17,fpl-team-8,0.3300032265388798,0.30486012356448894,0.3651366498966313,0.3299001830299815,0.3039868992985877,0.3661129176714307,0.020668211160227656,0.42199488491048587,0.578005115089514,0.41820863501122874,0.5817913649887713
E0,2021,2021-02-03,Burnley,Man City,0,2,A,,fpl-team-15,0.0669476991028666,0.14669121225444623,0.7863610886426872,0.05875859672089028,0.14059198618267582,0.800649417096434,0.022046124562621117,0.5841836734693877,0.41581632653061223,0.5884078548997955,0.41159214510020437
E0,2021,2021-02-03,Fulham,Leicester,0,2,A,fpl-team-10,,0.23942985098536318,0.2744181673184678,0.48615198169616886,0.23635455129879038,0.2724761628607934,0.4911692858404162,0.02212845580652356,0.47780678851174935,0.5221932114882506,0.4767759562805075,0.5232240437194925
E0,2021,2021-02-03,Leeds,Everton,1,2,A,fpl-team-13,fpl-team-9,0.38780394000256396,0.2638776120678603,0.34831844792957567,0.3895807043078277,0.26161638853465097,0.34880290715752127,0.022003161488100886,0.578005115089514,0.42199488491048587,0.5817913649887713,0.41820863501122874
E0,2021,2021-02-03,Aston Villa,West Ham,1,3,A,fpl-team-2,,0.43327959334635735,0.27916848434269664,0.28755192231094584,0.4365728274214849,0.2773848725477545,0.28604230003076053,0.022190209361724555,0.5607235142118864,0.43927648578811374,0.563702900516543,0.436297099483457
E0,2021,2021-02-03,Liverpool,Brighton,0,1,A,fpl-team-14,fpl-team-5,0.7030720118067921,0.1828256091887643,0.11410237900444359,0.7156867126320134,0.1776015289629042,0.1067117584050823,0.023379504680633545,0.5852417302798981,0.41475826972010177,0.5893571619191439,0.41064283808085617
E0,2021,2021-02-04,Tottenham,Chelsea,0,1,A,,fpl-team-6,0.2758096939915122,0.2798302434666071,0.4443600625418807,0.2740192342166441,0.27816388153719246,0.44781688424616345,0.02095743245445192,0.486910994764398,0.5130890052356021,0.48628483651642146,0.5137151634835786
E0,2021,2021-02-06,Aston Villa,Arsenal,1,0,H,fpl-team-2,fpl-team-1,0.34965794673573336,0.27609878214867706,0.37424327111558964,0.350185461118939,0.2742432291212005,0.3755713097598604,0.021895888494327664,0.5644329896907216,0.43556701030927836,0.5675474858944982,0.4324525141055018
E0,2021,2021-02-06,Burnley,Brighton,1,1,D,,fpl-team-5,0.267240331743476,0.30180453868821583,0.43095512956830817,0.265023635198109,0.3007402257355591,0.43423613906633196,0.022643350646831095,0.39249999999999996,0.6074999999999999,0.3872899793089218,0.6127100206910782
E0,2021,2021-02-06,Newcastle,Southampton,3,2,H,fpl-team-17,,0.3200103013134175,0.2926088076229719,0.3873808910636106,0.3195621233075741,0.2912466236155657,0.38919125307686026,0.022566487081348896,0.4790575916230366,0.5209424083769634,0.47803223769436987,0.5219677623056301
E0,2021,2021-02-06,Fulham,West Ham,0,0,D,fpl-team-10,,0.2679677819083024,0.27648698884758366,0.455545229244114,0.26576732935082187,0.2745705125614877,0.4596621580876905,0.022695716936141253,0.4790575916230366,0.5209424083769634,0.47803223769436987,0.5219677623056301
E0,2021,2021-02-06,Man United,Everton,3,3,D,,fpl-team-9,0.6147674872432385,0.2251261220890733,0.16010639066768817,0.6237174598681037,0.2216489291059759,0.15463361102592055,0.02155254501849413,0.5655526992287918,0.43444730077120824,0.568585260891557,0.431414739108443
E0,2021,2021-02-07,Tottenham,West Brom,2,0,H,,,0.6554534179469603,0.21218669405821777,0.13235988799482185,0.6662354357127498,0.2080634648489853,0.1257010994382649,0.02280495408922434,0.5454545454545455,0.4545454545454546,0.5476190476222825,0.45238095237771747
E0,2021,2021-02-07,Wolves,Leicester,0,0,D,,,0.27217253447399126,0.2842870389758009,0.44354042655020787,0.27018329921540146,0.2826886380966364,0.44712806268796207,0.021922272397205234,0.42930591259640094,0.570694087403599,0.4258240276237681,0.5741759723762319
E0,2021,2021-02-07,Liverpool,Man City,1,4,A,fpl-team-14,fpl-team-15,0.2842526345339101,0.26389294170228017,0.45185442376380985,0.28264692298911787,0.2616289944429381,0.45572408256794417,0.021990193286910653,0.5607235142118864,0.43927648578811374,0.563702900516543,0.436297099483457
E0,2021,2021-02-07,Sheffield United,Chelsea,1,2,A,,fpl-team-6,0.1335002842009012,0.2188429316352673,0.6476567841638315,0.12712884085871348,0.21509215967140588,0.6577789994698806,0.021912911091931164,0.5078534031413613,0.4921465968586388,0.5082254880451544,0.4917745119548455
E0,2021,2021-02-08,Leeds,Crystal Palace,2,0,H,fpl-team-13,fpl-team-8,0.5141284890273817,0.2503348140290393,0.23553669694357887,0.5202765419269757,0.24750800194122688,0.2322154561317975,0.022939669666811824,0.578005115089514,0.42199488491048587,0.5817913649887713,0.41820863501122874
E0,2021,2021-02-13,Leicester,Liverpool,3,1,H,,fpl-team-14,0.27772468494464914,0.2745415939997248,0.447733721055626,0.2759183998069334,0.2726329090376712,0.4514486911553955,0.021867968374863267,0.5518134715025906,0.4481865284974093,0.55427555700463,0.44572444299537
E0,2021,2021-02-13,Crystal Palace,Burnley,0,3,A,fpl-team-8,,0.39530569064611887,0.3076012126571086,0.29709309669677253,0.3973915748712302,0.30673423815061435,0.2958741869781554,0.022672405350022018,0.39698492462311563,0.6030150753768844,0.3918776371287611,0.6081223628712389
E0,2021,2021-02-13,Man City,Tottenham,3,0,H,fpl-team-15,,0.7178926847908672,0.1717261278366643,0.1103811873724686,0.7314452050200668,0.16593512934832913,0.10261966563160414,0.0242161201313138,0.589873417721519,0.4101265822784811,0.5940497006162735,0.4059502993837266
E0,2021,2021-02-13,Brighton,Aston Villa,0,0,D,fpl-team-5,fpl-team-2,0.3452159979693177,0.2812495042279441,0.37353449780273823,0.34561657988675965,0.27948512747357485,0.3748982926396655,0.02288539963774383,0.5364583333333334,0.46354166666666663,0.5381804298003386,0.46181957019966147
E0,2021,2021-02-14,Southampton,Wolves,1,2,A,,,0.3953295597186368,0.2980366151149847,0.3066338251663785,0.3974133841527549,0.29685093257819306,0.30573568326905204,0.02264078496955335,0.41581632653061223,0.5841836734693877,0.41159214510020437,0.5884078548997955
E0,2021,2021-02-14,West Brom,Man United,1,1,D,,,0.1044426835635361,0.17388193151248132,0.7216753849239825,0.09739476107406704,0.1688222272795873,0.7337830116463456,0.021375271258875728,0.6169154228855721,0.38308457711442784,0.6230624214402241,0.3769375785597758
E0,2021,2021-02-14,Arsenal,Leeds,4,2,H,fpl-team-1,fpl-team-13,0.5060214959480105,0.2536818640163766,0.24029664003561296,0.5118792044452872,0.25097631631926304,0.23714447923544968,0.022876598173752427,0.5994962216624685,0.40050377833753154,0.6043813752043609,0.3956186247956392
E0,2021,2021-02-14,Everton,Fulham,0,2,A,fpl-team-9,fpl-team-10,0.49538674800904464,0.2708488452287411,0.2337644067622142,0.5009195485190877,0.26870594332563574,0.23037450815527655,0.02302678767591715,0.4804177545691906,0.5195822454308094,0.4795171509692577,0.5204828490307424
E0,2021,2021-02-15,West Ham,Sheffield United,3,0,H,,,0.5537647992009166,0.2561532359940068,0.1900819648050765,0.5609529490466374,0.2536118589627242,0.18543519199063843,0.02203566743992269,0.46858638743455505,0.5314136125654451,0.4669758097866967,0.5330241902133033
E0,2021,2021-02-15,Chelsea,Newcastle,2,0,H,fpl-team-6,fpl-team-17,0.7700832706173678,0.15014202131533586,0.07977470806729624,0.7854345306077831,0.1435157071145053,0.07104976227771148,0.024491568561643362,0.595959595959596,0.4040404040404041,0.6006355932130459,0.39936440678695406
E0,2021,2021-02-17,Burnley,Fulham,1,1,D,,fpl-team-10,0.3450956383745706,0.30346505342779695,0.35143930819763247,0.34549723912805036,0.3024446042876481,0.3520581565843015,0.02306171739473939,0.41581632653061223,0.5841836734693877,0.41159214510020437,0.5884078548997955
E0,2021,2021-02-17,Everton,Man City,1,3,A,fpl-team-9,fpl-team-15,0.11177250012815275,0.17950705461481942,0.7087204452570278,0.10440893375312557,0.1742431033843603,0.7213479628625141,0.023060233797878027,0.5805626598465473,0.4194373401534527,0.584613731586484,0.41538626841351595
E0,2021,2021-02-19,Wolves,Leeds,1,0,H,,fpl-team-13,0.40305343511450387,0.2854961832061069,0.3114503816793893,0.40525334025427956,0.28398888312880355,0.3107577766169169,0.02124241879209876,0.5078534031413613,0.4921465968586388,0.5082254880451544,0.4917745119548455
E0,2021,2021-02-20,Southampton,Chelsea,1,1,D,,fpl-team-6,0.19438221609512324,0.254868171635361,0.5507496122695157,0.18990510249178072,0.2523061187489308,0.5577887787592885,0.021869918098673224,0.5091383812010444,0.4908616187989557,0.5095471903975043,0.49045280960249577
E0,2021,2021-02-20,Burnley,West Brom,0,0,D,,,0.4691607250236234,0.2891504166308736,0.24168885834550297,0.47368772590773167,0.28766857069176877,0.23864370340049956,0.022464956622570753,0.4329896907216495,0.5670103092783505,0.42965367965357554,0.5703463203464245
E0,2021,2021-02-20,Liverpool,Everton,0,2,A,fpl-team-14,fpl-team-9,0.6507212697855921,0.20840092953917658,0.14087780067523129,0.6614497326229631,0.20412206122917267,0.13442820614786424,0.023005805211141706,0.595959595959596,0.4040404040404041,0.6006355932130459,0.39936440678695406
E0,2021,2021-02-20,Fulham,Sheffield United,1,0,H,fpl-team-10,,0.4349578295733101,0.2999709169471104,0.2650712534795796,0.4383583119915165,0.29884969716110066,0.262791990847383,0.022543004946783185,0.4040404040404041,0.595959595959596,0.39936440678695406,0.6006355932130459
E0,2021,2021-02-21,West Ham,Tottenham,2,1,H,,,0.36234171539261756,0.28726190049144457,0.3503963841159378,0.3633175106684127,0.28571329292120395,0.35096919641038327,0.022700518602505326,0.48167539267015713,0.518324607329843,0.4807861220939283,0.5192138779060717
E0,2021,2021-02-21,Aston Villa,Leicester,1,2,A,fpl-team-2,,0.3337528040706899,0.27367729933796575,0.39256989659134434,0.33376246873882004,0.27173362167502113,0.3945039095861589,0.022003409918397665,0.5404699738903395,0.4595300261096606,0.5425450153677878,0.4574549846322122
E0,2021,2021-02-21,Arsenal,Man City,0,1,A,fpl-team-1,fpl-team-15,0.15299614000564207,0.2200196784026091,0.6269841815917488,0.14733719792147618,0.21639832520450997,0.636264476874014,0.02143652713857591,0.5416666666666667,0.4583333333333333,0.5437062937092246,0.45629370629077537
E0,2021,2021-02-21,Man United,Newcastle,3,1,H,,fpl-team-17,0.7392790300268532,0.16714134591911467,0.09357962405403207,0.7515325545848417,0.16202038246282802,0.08644706295233033,0.020751715637743473,0.6090225563909775,0.3909774436090226,0.6147515036394312,0.3852484963605688
E0,2021,2021-02-22,Brighton,Crystal Palace,1,2,A,fpl-team-5,fpl-team-8,0.550192791964966,0.27119984646431755,0.17860736157071658,0.5573796541736358,0.26910558840782156,0.17351475741854275,0.02241793810389936,0.43041237113402064,0.5695876288659795,0.42684314628064995,0.5731568537193501
E0,2021,2021-02-23,Leeds,Southampton,3,0,H,fpl-team-13,,0.4099944398109536,0.2764804003336114,0.3135251598554351,0.41240606727852064,0.2746952098408602,0.3128987228806191,0.021180175244808197,0.5743589743589743,0.42564102564102557,0.577990533564807,0.422009466435193
E0,2021,2021-02-27,Man City,West Ham,2,1,H,fpl-team-15,,0.7777294208362703,0.14604689887459732,0.07622368028913247,0.7927368902929426,0.13953597780041233,0.06772713190664509,0.02354500605724752,0.6212871287128713,0.37871287128712877,0.6275941983877966,0.3724058016122034
E0,2021,2021-02-27,West Brom,Brighton,1,0,H,,fpl-team-5,0.23171033458884335,0.2788606933714568,0.4894289720396997,0.2285113255224029,0.2771307738279179,0.49435790064967916,0.021278410451486707,0.4455958549222798,0.5544041450777203,0.4429471854004886,0.5570528145995115
E0,2021,2021-02-27,Leeds,Aston Villa,0,1,A,fpl-team-13,fpl-team-2,0.4293561704595858,0.2637642589875692,0.3068795705528449,0.4325256985104386,0.26147337236361085,0.3060009291259506,0.022236631717532873,0.5924050632911392,0.40759493670886077,0.5968837925181764,0.40311620748182364
E0,2021,2021-02-27,Newcastle,Wolves,1,1,D,fpl-team-17,,0.27289048473967686,0.30700179533213645,0.42010771992818674,0.27091781703334566,0.306136964349704,0.42294521861695034,0.02202350879088044,0.40506329113924056,0.5949367088607596,0.40026595744831933,0.5997340425516807
E0,2021,2021-02-28,Crystal Palace,Fulham,0,0,D,fpl-team-8,fpl-team-10,0.2743338094344608,0.30202681227957984,0.4236393782859594,0.27238771539710105,0.30098910759239894,0.4266231770105,0.022254148265346885,0.40609137055837563,0.5939086294416244,0.4011752136730462,0.5988247863269538
E0,2021,2021-02-28,Leicester,Arsenal,1,3,A,,fpl-team-1,0.3816780612022982,0.2868299202448409,0.331492018552861,0.3832510190826195,0.28531932299706697,0.3314296579203135,0.021921716397628188,0.4856396866840731,0.5143603133159269,0.4849899022964023,0.5150100977035976
E0,2021,2021-02-28,Tottenham,Burnley,4,0,H,,,0.6186602408752074,0.23735727063281475,0.14398248849197773,0.627756323483935,0.23424245085917247,0.13800122565689252,0.021643589017912745,0.5117493472584856,0.48825065274151447,0.5122776383298904,0.4877223616701097
E0,2021,2021-02-28,Chelsea,Man United,0,0,D,fpl-team-6,,0.4223719356334525,0.2914237975343274,0.28620426683222006,0.42521697206087883,0.2900840909713039,0.28469893696781734,0.021511036669835448,0.4947643979057591,0.5052356020942408,0.49451709296171786,0.5054829070382821
E0,2021,2021-02-28,Sheffield United,Liverpool,0,2,A,,fpl-team-14,0.1267095253168011,0.1939117431973717,0.6793787314858272,0.12001673450671223,0.18928642551375194,0.6906968399795358,0.0223126788623631,0.5743589743589743,0.42564102564102557,0.577990533564807,0.422009466435193
E0,2021,2021-03-01,Everton,Southampton,1,0,H,fpl-team-9,,0.43659138183843504,0.27714061629744136,0.2862680018641236,0.44011123503539273,0.27522648121637083,0.28466228374823654,0.022965056356042624,0.486910994764398,0.5130890052356021,0.48628483651642146,0.5137151634835786
E0,2021,2021-03-02,Man City,Wolves,4,1,H,fpl-team-15,,0.7872309945756274,0.14983179615947978,0.06293720926489288,0.8011558513231073,0.14397350128305397,0.05487064739383869,0.02147205383516848,0.5544041450777203,0.4455958549222798,0.5570528145995115,0.4429471854004886
E0,2021,2021-03-03,Burnley,Leicester,1,1,D,,,0.24156831937724293,0.29061400846292557,0.4678176721598315,0.2386613957011006,0.2892481729214609,0.47209043137743845,0.02140415902249515,0.4545454545454546,0.5454545454545455,0.45238095237771747,0.5476190476222825
E0,2021,2021-03-03,Sheffield United,Aston Villa,1,0,H,,fpl-team-2,0.2573184789560981,0.2790110251471645,0.4636704958967372,0.2549535906960915,0.2773149632679121,0.46773144603599637,0.020978186978027225,0.441860465116279,0.5581395348837209,0.4390838206584964,0.5609161793415036
E0,2021,2021-03-03,Crystal Palace,Man United,0,0,D,fpl-team-8,,0.1266868631231066,0.20820710548058385,0.6651060313963094,0.11997416201292019,0.2040260595752478,0.675999778411832,0.02238789456896484,0.5390625,0.4609375,0.5409399819817476,0.4590600180182522
E0,2021,2021-03-04,Fulham,Tottenham,0,1,A,fpl-team-10,,0.24261547049828888,0.2684400864056698,0.48894444309604146,0.23968704872000376,0.2663355920725474,0.4939773592074489,0.021794438711367548,0.47382198952879584,0.5261780104712042,0.4725131249860944,0.5274868750139057
E0,2021,2021-03-04,West Brom,Everton,0,1,A,,fpl-team-9,0.21669913131656726,0.26157415578539317,0.5217267128980396,0.21309180119701668,0.2593357413847777,0.5275724574182056,0.020921336021274328,0.4895287958115184,0.5104712041884817,0.489030577265449,0.510969422734551
E0,2021,2021-03-04,Liverpool,Chelsea,0,1,A,fpl-team-14,fpl-team-6,0.42398774782462934,0.26691150698709254,0.3091007451882781,0.42692542088612734,0.26476390895210505,0.30831067016176755,0.021825720788910985,0.5352480417754569,0.4647519582245431,0.5369964373743951,0.4630035626256049
E0,2021,2021-03-06,Burnley,Arsenal,1,1,D,,fpl-team-1,0.17444924406047518,0.24263498920086396,0.582915766738661,0.16904170952740782,0.23949338111189258,0.5914649093606995,0.023199136834591627,0.4960835509138382,0.5039164490861618,0.4959094627760753,0.5040905372239246
E0,2021,2021-03-06,Sheffield United,Southampton,0,2,A,,,0.2607294995652062,0.2814344892365608,0.4578360111982329,0.2583009879841286,0.2796922053547936,0.4620068066610778,0.02257033169735223,0.42673521850899737,0.5732647814910026,0.4230104273600676,0.5769895726399324
E0,2021,2021-03-06,Aston Villa,Wolves,0,0,D,fpl-team-2,,0.395733887864896,0.2992737526978276,0.30499235943727654,0.3977823180308209,0.2981561317765147,0.30406155019266445,0.02210642141290009,0.4481865284974093,0.5518134715025906,0.44572444299537,0.55427555700463
E0,2021,2021-03-06,Brighton,Leicester,1,2,A,fpl-team-5,,0.37412799031631255,0.2956073009906667,0.3302647086930207,0.37546324540570025,0.2943741253844669,0.3301626292098328,0.022052473155781627,0.4329896907216495,0.5670103092783505,0.42965367965357554,0.5703463203464245
E0,2021,2021-03-07,West Brom,Newcastle,0,0,D,,fpl-team-17,0.3908532126410656,0.29924699092831586,0.30989979643061843,0.3927451802749733,0.29812659159502325,0.30912822813000346,0.022151893470436335,0.423076923076923,0.5769230769230769,0.41919191919322074,0.5808080808067793
E0,2021,2021-03-07,Liverpool,Fulham,0,1,A,fpl-team-14,fpl-team-10,0.6936785273140217,0.1922241702195481,0.11409730246643024,0.7056506120616074,0.18744609775158022,0.10690329018681236,0.022737772203981876,0.5633074935400517,0.4366925064599483,0.5665001899989639,0.4334998100010362
E0,2021,2021-03-07,Man City,Man United,0,2,A,fpl-team-15,,0.6380075727901814,0.22000261130695914,0.14198981590285936,0.6481929898267804,0.21615604498143579,0.13565096519178374,0.02273397776298225,0.5544041450777203,0.4455958549222798,0.5570528145995115,0.4429471854004886
E0,2021,2021-03-07,Tottenham,Crystal Palace,4,1,H,,fpl-team-8,0.6515184055667712,0.21377947682659681,0.13470211760663203,0.6619711843206184,0.20978902031834779,0.12823979536103372,0.02236249321140349,0.518324607329843,0.48167539267015713,0.5192138779060717,0.4807861220939283
E0,2021,2021-03-08,Chelsea,Everton,2,0,H,fpl-team-6,fpl-team-9,0.6169720260335346,0.23099194211400453,0.15203603185246084,0.6266141722113329,0.2274612403167313,0.14592458747193576,0.023084900225512683,0.4947643979057591,0.5052356020942408,0.49451709296171786,0.5054829070382821
E0,2021,2021-03-08,West Ham,Leeds,2,0,H,,fpl-team-13,0.4574107284236575,0.2662920396672546,0.2762972319090879,0.46165621417211145,0.2639999822886936,0.2743438035391949,0.023056988837197423,0.5743589743589743,0.42564102564102557,0.577990533564807,0.422009466435193
E0,2021,2021-03-10,Man City,Southampton,5,2,H,fpl-team-15,,0.7933358450513078,0.1389198802477688,0.06774427470092326,0.8076354793345194,0.13268274876217606,0.05968177190330453,0.02171976282261312,0.6317073170731708,0.3682926829268293,0.6380756347414929,0.3619243652585071
E0,2021,2021-03-12,Newcastle,Aston Villa,1,1,D,fpl-team-17,fpl-team-2,0.2525684341170792,0.2882162311245949,0.4592153347583259,0.25005546146564916,0.28680377353719433,0.46314076499715656,0.02099766070023179,0.42199488491048587,0.578005115089514,0.41820863501122874,0.5817913649887713
E0,2021,2021-03-13,Leeds,Chelsea,0,0,D,fpl-team-13,fpl-team-6,0.20971457552963318,0.24574246414626252,0.5445429603241044,0.20573287772875526,0.24290042206166343,0.5513667002095813,0.021806837525218725,0.5390625,0.4609375,0.5409399819817476,0.4590600180182522
E0,2021,2021-03-13,Crystal Palace,West Brom,1,0,H,fpl-team-8,,0.42778726008598694,0.3022850039724324,0.26992773594158054,0.43084616495340067,0.3012756066919019,0.26787822835469743,0.021809341153129935,0.4030226700251889,0.5969773299748111,0.3984704641317183,0.6015295358682816
E0,2021,2021-03-13,Everton,Burnley,1,2,A,fpl-team-9,,0.5091594436339392,0.2742750011552451,0.21656555521081575,0.5150032106202821,0.27229635047302153,0.21270043890669652,0.02242492837831378,0.4571428571428572,0.5428571428571429,0.4551435406717738,0.5448564593282261
E0,2021,2021-03-13,Fulham,Man City,0,3,A,fpl-team-10,fpl-team-15,0.09933378545498066,0.19208521163282402,0.7085810029121954,0.09156161751905519,0.18718513980781937,0.7212532426731254,0.02322132047265768,0.5364583333333334,0.46354166666666663,0.5381804298003386,0.46181957019966147
E0,2021,2021-03-14,Southampton,Brighton,1,2,A,,fpl-team-5,0.3208379892759239,0.31143231532320953,0.36772969540086653,0.3204117700277967,0.31068646710276787,0.3689017628694356,0.022962556919083,0.40759493670886077,0.5924050632911392,0.40311620748182364,0.5968837925181764
E0,2021,2021-03-14,Leicester,Sheffield United,5,0,H,,,0.6222311719693919,0.23258155457108337,0.14518727345952478,0.6316018986633092,0.2292589858353812,0.13913911550130953,0.02202697447501123,0.47519582245430814,0.5248041775456919,0.4740309441761144,0.5259690558238855
E0,2021,2021-03-14,Arsenal,Tottenham,2,1,H,fpl-team-1,,0.37393403312635975,0.28660812119864704,0.33945784567499326,0.375278567408491,0.28506302763610547,0.33965840495540345,0.022325015626847744,0.5013054830287206,0.49869451697127937,0.5013634380452007,0.4986365619547993
E0,2021,2021-03-14,Man United,West Ham,1,0,H,,,0.5149800266311585,0.26830892143808255,0.216711051930759,0.5209240223158202,0.26616682665873304,0.2129091510254468,0.02207523980177939,0.5065274151436031,0.49347258485639683,0.5068183057879894,0.49318169421201064
E0,2021,2021-03-15,Wolves,Liverpool,0,1,A,,fpl-team-14,0.19924086035826064,0.25624292468535653,0.5445162149563827,0.19492366540501244,0.253730416258988,0.5513459183359997,0.021837859181687236,0.486910994764398,0.5130890052356021,0.48628483651642146,0.5137151634835786
E0,2021,2021-03-19,Fulham,Leeds,1,2,A,fpl-team-10,fpl-team-13,0.39441926178842646,0.2861011361629482,0.31947960204862547,0.39638678513882886,0.2845822655422922,0.3190309493188788,0.02169136784505099,0.46614583333333337,0.5338541666666666,0.4645728300926822,0.5354271699073179
E0,2021,2021-03-20,Brighton,Newcastle,3,0,H,fpl-team-5,fpl-team-17,0.576384757491311,0.2702821179196543,0.15333312458903464,0.5845421922192195,0.2681090711069545,0.14734873667382595,0.02277166722342372,0.42199488491048587,0.578005115089514,0.41820863501122874,0.5817913649887713
E0,2021,2021-03-21,West Ham,Arsenal,3,3,D,,fpl-team-1,0.338172252917352,0.27901675678020577,0.3828109903024424,0.33833020770773475,0.2772104171514466,0.38445937514081846,0.02246092027053237,0.4895287958115184,0.5104712041884817,0.489030577265449,0.510969422734551
E0,2021,2021-03-21,Aston Villa,Tottenham,0,2,A,fpl-team-2,,0.3219605126428819,0.2829061309317631,0.3951333564253551,0.32157082227752737,0.2811955457640001,0.3972336319584725,0.02290222723968327,0.5157068062827225,0.48429319371727747,0.5164631636708809,0.4835368363291191
E0,2021,2021-04-03,Chelsea,West Brom,2,5,A,fpl-team-6,,0.7848550544223145,0.15126748284284736,0.06387746273483814,0.7997580838856414,0.14499743582856933,0.05524448028578928,0.023171627428382635,0.5506493506493506,0.4493506493506493,0.5531682844373905,0.44683171556260953
E0,2021,2021-04-03,Leeds,Sheffield United,2,1,H,fpl-team-13,,0.6311345265588915,0.21802829099307158,0.15083718244803693,0.6405369340244659,0.2143461985615213,0.1451168674140129,0.021422509802505374,0.5274151436031332,0.47258485639686687,0.5287183414470292,0.4712816585529708
E0,2021,2021-04-03,Leicester,Man City,0,2,A,,fpl-team-15,0.15534993180541812,0.2351242211109031,0.6095258470836787,0.14944084861868667,0.23178942674280759,0.6187697246385057,0.022709594573825598,0.5013054830287206,0.49869451697127937,0.5013634380452007,0.4986365619547993
E0,2021,2021-04-03,Arsenal,Liverpool,0,3,A,fpl-team-1,fpl-team-14,0.30635666471201956,0.2693529102664667,0.4242904250215138,0.30549310986724904,0.2673186853901715,0.4271882047425794,0.021452379412949085,0.5364583333333334,0.46354166666666663,0.5381804298003386,0.46181957019966147
E0,2021,2021-04-04,Southampton,Burnley,3,2,H,,,0.4558189655172413,0.2909482758620689,0.25323275862068967,0.4598878941436207,0.28953380118512817,0.25057830467125103,0.022383156581781805,0.44415584415584414,0.5558441558441558,0.44124719898813486,0.5587528010118651
E0,2021,2021-04-04,Newcastle,Tottenham,2,2,D,fpl-team-17,,0.1720651721284256,0.23739016303574345,0.5905446648358309,0.1666658525740917,0.23412358795745217,0.5992105594684561,0.022820251528173685,0.5078534031413613,0.4921465968586388,0.5082254880451544,0.4917745119548455
E0,2021,2021-04-04,Aston Villa,Fulham,3,1,H,fpl-team-2,fpl-team-10,0.4202111288932661,0.29121014403545487,0.28857872707127913,0.42303600180007306,0.2898401946375143,0.28712380356241257,0.021893410244956613,0.4329896907216495,0.5670103092783505,0.42965367965357554,0.5703463203464245
E0,2021,2021-04-04,Man United,Brighton,2,1,H,,fpl-team-5,0.582287264583509,0.24054184229646217,0.17717089312002873,0.5910227653125726,0.23725213670264722,0.1717250979847802,0.023768919752910733,0.4973821989528796,0.5026178010471204,0.4972587719301746,0.5027412280698255
E0,2021,2021-04-05,Everton,Crystal Palace,1,1,D,fpl-team-9,fpl-team-8,0.5299894554915676,0.2757170577701797,0.19429348673825286,0.5370388980986243,0.2736209068277343,0.1893401950736414,0.02424427424557507,0.41221374045801523,0.5877862595419847,0.4078082411430074,0.5921917588569927
E0,2021,2021-04-05,Wolves,West Ham,2,3,A,,,0.32405426988069774,0.3054185610696672,0.370527169049635,0.3237361388745795,0.3044652121707611,0.3717986489546594,0.0230383831076324,0.39698492462311563,0.6030150753768844,0.3918776371287611,0.6081223628712389
E0,2021,2021-04-09,Fulham,Wolves,0,1,A,fpl-team-10,,0.3742106117536198,0.31950872830790794,0.30628065993847226,0.3754198044577413,0.3190992348770332,0.30548096066522545,0.019904541317373514,0.36496350364963503,0.635036496350365,0.35823754791117485,0.6417624520888251
E0,2021,2021-04-10,Man City,Leeds,1,2,A,fpl-team-15,fpl-team-13,0.7376927809466209,0.16199334716733232,0.10031387188604679,0.7505710647453241,0.1564426055075992,0.09298632974707668,0.02189504518173635,0.6466346153846154,0.35336538461538464,0.654262448446488,0.34573755155351193
E0,2021,2021-04-10,Liverpool,Aston Villa,2,1,H,fpl-team-14,fpl-team-2,0.6323503554860264,0.2131202971926297,0.15452934732134405,0.6413488636816587,0.20946971085107116,0.1491814254672702,0.020396468229591846,0.589873417721519,0.4101265822784811,0.5940497006162735,0.4059502993837266
E0,2021,2021-04-10,Crystal Palace,Chelsea,1,4,A,fpl-team-8,fpl-team-6,0.13775588179766796,0.24055361268688247,0.6216905055154496,0.13135104885697987,0.2374150548769134,0.6312338962661067,0.02250603213906288,0.4583333333333333,0.5416666666666667,0.45629370629077537,0.5437062937092246
E0,2021,2021-04-11,Burnley,Newcastle,1,2,A,,fpl-team-17,0.40979147778785135,0.3073436083408885,0.2828649138712602,0.41222603257680906,0.30651379217225455,0.2812601752509364,0.021437691990286112,0.399497487437186,0.6005025125628142,0.3947396121292998,0.6052603878707
E0,2021,2021-04-11,West Ham,Leicester,3,2,H,,,0.31852254464547564,0.2836546921251129,0.39782276322941146,0.3180465476669423,0.28206965226987374,0.39988380006318386,0.021521386923268437,0.48825065274151447,0.5117493472584856,0.4877223616701097,0.5122776383298904
E0,2021,2021-04-11,Tottenham,Man United,1,3,A,,,0.3347938416319128,0.27931928066383427,0.3858868777042529,0.3348352544856762,0.27768761365884825,0.3874771318554755,0.020376465865410864,0.5130890052356021,0.486910994764398,0.5137151634835786,0.48628483651642146
E0,2021,2021-04-11,Sheffield United,Arsenal,0,3,A,,fpl-team-1,0.15583501825641938,0.24140689226120382,0.6027580894823769,0.15014509079665048,0.2383907995643497,0.6114641096389998,0.021907878341153264,0.47519582245430814,0.5248041775456919,0.4740309441761144,0.5259690558238855
E0,2021,2021-04-12,West Brom,Southampton,3,0,H,,,0.2700278553626272,0.2922557580906483,0.43771638654672446,0.26799825992287807,0.29093392025220655,0.4410678198249154,0.021619029575958848,0.4699738903394256,0.5300261096605744,0.4685276409369166,0.5314723590630834
E0,2021,2021-04-12,Brighton,Everton,0,0,D,fpl-team-5,fpl-team-9,0.4165997467337925,0.2939200667140254,0.28948018655218205,0.41930048618152527,0.2926412296602355,0.2880582841582392,0.02183859539218247,0.4318766066838046,0.5681233933161953,0.4286252962810644,0.5713747037189356
E0,2021,2021-04-16,Everton,Tottenham,2,2,D,fpl-team-9,,0.2807705071461331,0.27672482260512254,0.44250467024874435,0.2791510368507308,0.27498178908318427,0.445867174066085,0.02072964538820088,0.5117493472584856,0.48825065274151447,0.5122776383298904,0.4877223616701097
E0,2021,2021-04-17,Newcastle,West Ham,3,2,H,fpl-team-17,,0.26227590870049894,0.2774803092048757,0.4602437820946255,0.25992267007815717,0.27562574728949546,0.46445158263234737,0.022336008958518505,0.5065274151436031,0.49347258485639683,0.5068183057879894,0.49318169421201064
E0,2021,2021-04-17,Wolves,Sheffield United,1,0,H,,,0.5659520523324891,0.26942506153293144,0.16462288613457945,0.5738245362544536,0.2672149689225794,0.15896049482296695,0.0229330372530967,0.4086294416243655,0.5913705583756345,0.40403326846925786,0.5959667315307422
E0,2021,2021-04-18,Arsenal,Fulham,1,1,D,fpl-team-1,fpl-team-10,0.5473916392199643,0.2575095076975638,0.195098853082472,0.5543852391575788,0.255010046774366,0.19060471406805526,0.02207002672366798,0.46736292428198434,0.5326370757180157,0.46576843027581766,0.5342315697241824
E0,2021,2021-04-18,Man United,Burnley,3,1,H,,,0.7060481707363154,0.19014366578245329,0.10380816348123126,0.7175453306814772,0.18563002626459432,0.09682464305392859,0.021126362960785627,0.5428571428571429,0.4571428571428572,0.5448564593282261,0.4551435406717738
E0,2021,2021-04-19,Leeds,Liverpool,1,1,D,fpl-team-13,fpl-team-14,0.20404392897464846,0.2251188887748469,0.5708371822505046,0.19993743993780808,0.22166646292987074,0.5783960971323211,0.02149643120355904,0.6246913580246914,0.3753086419753087,0.6313189098986537,0.3686810901013463
E0,2021,2021-04-20,Chelsea,Brighton,0,0,D,fpl-team-6,fpl-team-5,0.5968829637848239,0.24960560303728999,0.15351143317788601,0.6048485883446384,0.2470317561371674,0.14811965551819423,0.020471994299441576,0.441860465116279,0.5581395348837209,0.4390838206584964,0.5609161793415036
E0,2021,2021-04-21,Tottenham,Southampton,2,1,H,,,0.5313005474186325,0.25233271381359856,0.2163667387677689,0.5380232062060641,0.24956988772319577,0.21240690607074017,0.022924575489014387,0.5454545454545455,0.4545454545454546,0.5476190476222825,0.45238095237771747
E0,2021,2021-04-21,Aston Villa,Man City,1,2,A,fpl-team-2,fpl-team-15,0.11027128990424291,0.19613827794443206,0.6935904321513251,0.10294046880536142,0.19146670673413252,0.7055928244605061,0.022820451064035296,0.5681233933161953,0.4318766066838046,0.5713747037189356,0.4286252962810644
E0,2021,2021-04-22,Leicester,West Brom,3,0,H,,,0.6033609679587721,0.23513331839569795,0.1615057136455299,0.6118800992981338,0.23199802762250374,0.15612187307936237,0.021370179252699018,0.4960835509138382,0.5039164490861618,0.4959094627760753,0.5040905372239246
E0,2021,2021-04-23,Arsenal,Everton,0,1,A,fpl-team-1,fpl-team-9,0.46689813157706345,0.2779798124418355,0.255122055981101,0.47084488277722536,0.27634071408743094,0.2528144031353437,0.01988631417043507,0.4791666666666667,0.5208333333333334,0.4782608695690179,0.5217391304309821
E0,2021,2021-04-24,Liverpool,Newcastle,1,1,D,fpl-team-14,fpl-team-17,0.7709050540836242,0.14983107634227177,0.07926386957410397,0.7859242251200038,0.14335199862899353,0.07072377625100265,0.023897773353382945,0.6188118811881189,0.38118811881188125,0.6246753246781845,0.37532467532181546
E0,2021,2021-04-24,West Ham,Chelsea,0,1,A,,fpl-team-6,0.20234861579828242,0.255768650369029,0.5418827338326886,0.19821208062415135,0.25329191506006793,0.5484960043157807,0.021403635619208217,0.4791666666666667,0.5208333333333334,0.4782608695690179,0.5217391304309821
E0,2021,2021-04-24,Sheffield United,Brighton,1,0,H,,fpl-team-5,0.17984287265484825,0.26925913237369137,0.5508979949714604,0.17493917965441938,0.26716673432576743,0.5578940860198132,0.02174039906822145,0.40506329113924056,0.5949367088607596,0.40026595744831933,0.5997340425516807
E0,2021,2021-04-25,Wolves,Burnley,0,4,A,,,0.46320254200915384,0.2896765141869935,0.24712094380385272,0.46734917258047526,0.2882753707273903,0.2443754566921345,0.021508096484467387,0.41221374045801523,0.5877862595419847,0.4078082411430074,0.5921917588569927
E0,2021,2021-04-25,Leeds,Man United,0,0,D,fpl-team-13,,0.23667100130039012,0.23667100130039012,0.5266579973992197,0.23355770403946585,0.23355770403946585,0.5328845919210683,0.021720103221014142,0.6015037593984962,0.3984962406015038,0.6061320754712489,0.393867924528751
E0,2021,2021-04-25,Aston Villa,West Brom,2,2,D,fpl-team-2,,0.5099571865849089,0.26123147432687427,0.22881133908821683,0.5156157401491728,0.2589132604842104,0.2254709993666168,0.02159799146465957,0.4921465968586388,0.5078534031413613,0.4917745119548455,0.5082254880451544
E0,2021,2021-04-26,Leicester,Crystal Palace,2,1,H,,fpl-team-8,0.6511553216165582,0.2246944419662771,0.1241502364171648,0.6617280738190331,0.2209957927619618,0.11727613341900503,0.0226888342294842,0.46736292428198434,0.5326370757180157,0.46576843027581766,0.5342315697241824
E0,2021,2021-04-30,Southampton,Leicester,1,1,D,,,0.25178155359649007,0.25244239756918424,0.4957760488343258,0.2493707146849776,0.2500508402627987,0.5005784450522237,0.01990356540773064,0.5143603133159269,0.4856396866840731,0.5150100977035976,0.4849899022964023
E0,2021,2021-05-01,Crystal Palace,Man City,0,2,A,fpl-team-8,fpl-team-15,0.0952172927299974,0.18710012773793264,0.7176825795320699,0.08826047381631401,0.18265478581666975,0.7290847403670162,0.0203495966270566,0.5555555555555556,0.4444444444444444,0.5581395348769767,0.4418604651230232
E0,2021,2021-05-01,Brighton,Leeds,2,0,H,fpl-team-5,fpl-team-13,0.443296883604365,0.27754239669142855,0.27916071970420653,0.44692310002324664,0.2757028471835408,0.2773740527932125,0.0222093949560076,0.5013054830287206,0.49869451697127937,0.5013634380452007,0.4986365619547993
E0,2021,2021-05-01,Chelsea,Fulham,2,0,H,fpl-team-6,fpl-team-10,0.6486776976948527,0.22483442449376628,0.12648787781138104,0.6584476539675663,0.22140305623174497,0.12014928980068873,0.02108736359514296,0.4699738903394256,0.5300261096605744,0.4685276409369166,0.5314723590630834
E0,2021,2021-05-01,Everton,Aston Villa,1,2,A,fpl-team-9,fpl-team-2,0.47496088749822213,0.26503342341061015,0.26000568909116767,0.47941718630186947,0.26288344811811737,0.25769936558001305,0.02118916204199195,0.5013054830287206,0.49869451697127937,0.5013634380452007,0.4986365619547993
E0,2021,2021-05-02,Newcastle,Arsenal,0,2,A,fpl-team-17,fpl-team-1,0.2634895032636911,0.26865596411199877,0.46785453262431015,0.2612750922052962,0.26660361127445137,0.4721212965202524,0.021359222009778023,0.5364583333333334,0.46354166666666663,0.5381804298003386,0.46181957019966147
E0,2021,2021-05-02,Tottenham,Sheffield United,4,0,H,,,0.7458666190781117,0.16791761581339687,0.08621576510849141,0.757951498561748,0.16295276616664506,0.07909573527160682,0.020171605050563812,0.5644329896907216,0.43556701030927836,0.5675474858944982,0.4324525141055018
E0,2021,2021-05-03,West Brom,Wolves,1,1,D,,,0.32893301200196634,0.3000611488795367,0.3710058391184969,0.32878564882553707,0.2989581522173204,0.3722561989571425,0.022363921394571662,0.43444730077120824,0.5655526992287918,0.431414739108443,0.568585260891557
E0,2021,2021-05-03,Burnley,West Ham,1,2,A,,,0.30202681227957984,0.2743338094344608,0.4236393782859594,0.30098910759239894,0.27238771539710105,0.4266231770105,0.022254148265346885,0.5026178010471204,0.4973821989528796,0.5027412280698255,0.4972587719301746
E0,2021,2021-05-07,Leicester,Newcastle,2,4,A,,fpl-team-17,0.676962315332159,0.2002680182857637,0.12276966638207737,0.6872713841902969,0.19621324170221474,0.11651537410748838,0.020434936974197626,0.5518134715025906,0.4481865284974093,0.55427555700463,0.44572444299537
E0,2021,2021-05-08,Leeds,Tottenham,3,1,H,fpl-team-13,,0.27726908549845486,0.2524607989012247,0.4702701156003205,0.27549769694294474,0.2499162860317893,0.474586017025266,0.021225551492534578,0.5826972010178116,0.4173027989821883,0.5865374374102339,0.4134625625897661
E0,2021,2021-05-08,Sheffield United,Crystal Palace,0,2,A,,fpl-team-8,0.3233715930492875,0.2955118865711951,0.38111652037951743,0.3230651114254503,0.2943550629339749,0.38257982564057474,0.02061445266008377,0.41581632653061223,0.5841836734693877,0.41159214510020437,0.5884078548997955
E0,2021,2021-05-08,Man City,Chelsea,1,2,A,fpl-team-15,fpl-team-6,0.4956094205244415,0.2786905147296859,0.22570006474587243,0.5004476594996776,0.27705094533276015,0.22250139516756223,0.02008367038797587,0.43076923076923074,0.5692307692307692,0.4276061776086497,0.5723938223913503
E0,2021,2021-05-08,Liverpool,Southampton,2,0,H,fpl-team-14,,0.7444357132579992,0.160857968191427,0.09470631855057386,0.7570911337351585,0.1554473837282808,0.08746148253656075,0.02117931260727346,0.6466346153846154,0.35336538461538464,0.654262448446488,0.34573755155351193
E0,2021,2021-05-09,Wolves,Brighton,2,1,H,,fpl-team-5,0.286457237911321,0.2907974990917956,0.4227452629968834,0.2849916798298342,0.2894667556650595,0.42554156450510633,0.021049888338893652,0.40759493670886077,0.5924050632911392,0.40311620748182364,0.5968837925181764
E0,2021,2021-05-09,Aston Villa,Man United,1,3,A,fpl-team-2,,0.219481160741416,0.25231692494682467,0.5282019143117593,0.21607941136569178,0.24988187507751647,0.5340387135567918,0.020187497604638338,0.5518134715025906,0.4481865284974093,0.55427555700463,0.44572444299537
E0,2021,2021-05-09,West Ham,Everton,0,1,A,,fpl-team-9,0.4228593242985303,0.2790379843481581,0.29810269135331174,0.42564053592985923,0.2773532448607882,0.29700621920935255,0.02090956282336265,0.5026178010471204,0.4973821989528796,0.5027412280698255,0.4972587719301746
E0,2021,2021-05-09,Arsenal,West Brom,3,1,H,fpl-team-1,,0.651803912633854,0.21151252794078707,0.13668355942535884,0.6621592081966078,0.20749328494386068,0.1303475068595315,0.022123862290754914,0.5428571428571429,0.4571428571428572,0.5448564593282261,0.4551435406717738
E0,2021,2021-05-10,Fulham,Burnley,0,2,A,fpl-team-10,,0.433313988112172,0.28082812719293254,0.28585788469489554,0.4366022701413866,0.27910194534939686,0.2842957845092166,0.022148627787828445,0.46736292428198434,0.5326370757180157,0.46576843027581766,0.5342315697241824
E0,2021,2021-05-11,Man United,Leicester,1,2,A,,,0.37941252355300503,0.2859667091467753,0.3346207673002197,0.3807024239499019,0.28464258472704607,0.334654991323052,0.018834922462701797,0.4908616187989557,0.5091383812010444,0.49045280960249577,0.5095471903975043
E0,2021,2021-05-11,Southampton,Crystal Palace,3,1,H,,fpl-team-8,0.45876288659793807,0.2706185567010309,0.2706185567010309,0.4623098973202397,0.2688450513398802,0.2688450513398802,0.019020382198505104,0.4973958333333334,0.5026041666666667,0.4972872528008616,0.5027127471991384
E0,2021,2021-05-12,Chelsea,Arsenal,0,1,A,fpl-team-6,fpl-team-1,0.5560136100240382,0.2531325119319963,0.19085387804396547,0.5625809711184738,0.25074802973310073,0.18667099914842541,0.019902995321899652,0.46874999999999994,0.53125,0.4673202614398247,0.5326797385601753
E0,2021,2021-05-13,Aston Villa,Everton,0,0,D,fpl-team-2,fpl-team-9,0.3530022331959865,0.2791180448526405,0.367879721951373,0.35360612721533663,0.277450994310189,0.3689428784744743,0.020750596188008785,0.5208333333333334,0.4791666666666667,0.5217391304309821,0.4782608695690179
E0,2021,2021-05-13,Man United,Liverpool,2,4,A,,fpl-team-14,0.30462542459807196,0.2552048105010443,0.4401697649008838,0.30371985345278363,0.2527639104458653,0.44351623610135094,0.021093526505865157,0.5644329896907216,0.43556701030927836,0.5675474858944982,0.4324525141055018
E0,2021,2021-05-14,Newcastle,Man City,3,4,A,fpl-team-17,fpl-team-15,0.09169179881311411,0.16630995232999318,0.7419982488568926,0.08516945772508695,0.16165101337337417,0.7531795289015388,0.018765350338071585,0.619753086419753,0.3802469135802469,0.6254721374259529,0.37452786257404713
E0,2021,2021-05-15,Burnley,Leeds,0,4,A,,fpl-team-13,0.30574409582281814,0.26374628046254095,0.43050962371464085,0.30488553554494363,0.26159743472758834,0.43351702972746803,0.02083487086929381,0.5728900255754477,0.4271099744245524,0.576186911890064,0.4238130881099361
E0,2021,2021-05-15,Southampton,Fulham,3,1,H,,fpl-team-10,0.4748787322721518,0.26794833496920295,0.2571729327586452,0.479351238459859,0.26588032406933565,0.25476843747080535,0.021279778331518173,0.4856396866840731,0.5143603133159269,0.4849899022964023,0.5150100977035976
E0,2021,2021-05-15,Brighton,West Ham,1,1,D,fpl-team-5,,0.32250468807392657,0.2753764958338972,0.4021188160921762,0.32217528455578665,0.27363471727905236,0.40418999816516105,0.020268196472898126,0.47258485639686687,0.5274151436031332,0.4712816585529708,0.5287183414470292
E0,2021,2021-05-16,Crystal Palace,Aston Villa,3,2,H,fpl-team-8,fpl-team-2,0.3144217608389721,0.2739961058739614,0.4115821332870665,0.3138170231684479,0.27211420143504006,0.4140687753965121,0.02139902312774211,0.49347258485639683,0.5065274151436031,0.49318169421201064,0.5068183057879894
E0,2021,2021-05-16,Tottenham,Wolves,2,0,H,,,0.6228871980799673,0.22412296379512842,0.15298983812490427,0.6320464866919008,0.22062668543679556,0.14732682787130377,0.02145409886725247,0.5169712793733681,0.4830287206266319,0.5177450177475817,0.4822549822524182
E0,2021,2021-05-16,West Brom,Liverpool,1,2,A,,fpl-team-14,0.0775825093841897,0.14217713201221135,0.7802403586035989,0.06972927614014568,0.13604775563321786,0.7942229682266365,0.021731443470343947,0.664319248826291,0.3356807511737089,0.6729719044042279,0.3270280955957721
E0,2021,2021-05-16,Everton,Sheffield United,0,1,A,fpl-team-9,,0.6831306648749182,0.20219512279595886,0.11467421232912296,0.6950017037199134,0.19764690765691026,0.10735138862317621,0.02322501316666603,0.518324607329843,0.48167539267015713,0.5192138779060717,0.4807861220939283
E0,2021,2021-05-18,Man United,Fulham,1,1,D,,fpl-team-10,0.7289169907973206,0.16850620452757675,0.10257680467510269,0.7405086243389403,0.16359793772418557,0.09589343793687416,0.020071331528015435,0.6025,0.3975,0.6069965291288454,0.3930034708711547
E0,2021,2021-05-18,Southampton,Leeds,0,2,A,,fpl-team-13,0.36954413191076624,0.2521823472356935,0.3782735208535402,0.37063700224373286,0.24973137386612315,0.37963162389014393,0.020408404991030693,0.6341463414634148,0.3658536585365854,0.6410256410502967,0.35897435894970336
E0,2021,2021-05-18,Brighton,Man City,3,2,H,fpl-team-5,fpl-team-15,0.1389962914099914,0.21453102438112254,0.646472684208886,0.1335134970035371,0.21111024971609707,0.6553762532803659,0.01928754849359393,0.5376623376623377,0.4623376623376624,0.5393529826819555,0.4606470173180445
E0,2021,2021-05-18,Chelsea,Leicester,2,1,H,fpl-team-6,,0.5605664555448322,0.2598852570180893,0.17954828743707849,0.5668555133824231,0.25782976922297396,0.1753147173946029,0.01867613149806857,0.4470284237726098,0.5529715762273902,0.44462751876770606,0.5553724812322939
E0,2021,2021-05-19,Everton,Wolves,1,0,H,fpl-team-9,,0.5080651303567467,0.26599531755519423,0.2259395520880591,0.5134491765762625,0.26391111957607516,0.22263970384766227,0.020764913177117705,0.4559585492227979,0.5440414507772021,0.45400432901208554,0.5459956709879143
E0,2021,2021-05-19,Newcastle,Sheffield United,1,0,H,fpl-team-17,,0.5478431077316871,0.2503199578408492,0.20183693442746367,0.5547161770292869,0.24764359619884627,0.19764022677186693,0.02163171861320734,0.5286458333333333,0.47135416666666663,0.5299376752018712,0.4700623247981288
E0,2021,2021-05-19,Tottenham,Aston Villa,1,2,A,,fpl-team-2,0.6287051482059283,0.20686427457098283,0.16443057722308893,0.6374185647421909,0.20311141244127875,0.15947002281653028,0.019972516340203583,0.619753086419753,0.3802469135802469,0.6254721374259529,0.37452786257404713
E0,2021,2021-05-19,Crystal Palace,Arsenal,1,3,A,fpl-team-8,fpl-team-1,0.15611919785094025,0.21736323691718207,0.6265175652318777,0.15045443738784786,0.21359352696248998,0.6359520356496622,0.021828255150467157,0.5503875968992248,0.44961240310077516,0.5526145378101854,0.4473854621898147
E0,2021,2021-05-19,Burnley,Liverpool,0,3,A,,fpl-team-14,0.08866671842215249,0.14383416691569564,0.7674991146621519,0.08105604215920899,0.1377454106487408,0.7811985471920502,0.021811143727973104,0.705240174672489,0.29475982532751094,0.7155716087992832,0.28442839120071683
E0,2021,2021-05-19,West Brom,West Ham,1,3,A,,,0.18233001069881255,0.22566020147664798,0.5920097878245395,0.17754995368102708,0.22221741246606144,0.6002326338529115,0.021499697118997574,0.589873417721519,0.4101265822784811,0.5940497006162735,0.4059502993837266
E0,2021,2021-05-23,Arsenal,Brighton,2,0,H,fpl-team-1,fpl-team-5,0.5926369089598009,0.22379295862817655,0.18357013241202247,0.6006683564030916,0.22038242916707043,0.17894921442983794,0.020939943380653858,0.5592783505154639,0.44072164948453607,0.5619829142700595,0.4380170857299405
E0,2021,2021-05-23,Aston Villa,Chelsea,2,1,H,fpl-team-2,fpl-team-6,0.14503878715946494,0.21056069539378466,0.6444005174467504,0.13926197384773586,0.2067232163661382,0.6540148097861259,0.02098377700895071,0.5692307692307692,0.43076923076923074,0.5723938223913503,0.4276061776086497
E0,2021,2021-05-23,Fulham,Newcastle,0,2,A,fpl-team-10,fpl-team-17,0.45912111764044006,0.251853841435307,0.2890250409242529,0.4630633988219424,0.24930605621141685,0.28763054496664087,0.02110503357835114,0.5790816326530612,0.42091836734693877,0.5827659858396428,0.4172340141603571
E0,2021,2021-05-23,Leeds,West Brom,3,1,H,fpl-team-13,,0.6670266677743624,0.1854282628561934,0.14754506936944423,0.6772475558960169,0.18086968630189862,0.1418827578020845,0.02080996916629374,0.6736111111111112,0.3263888888888889,0.6827886232567729,0.3172113767432271
E0,2021,2021-05-23,Leicester,Tottenham,2,4,A,,,0.4716813598021184,0.23936069004883623,0.2889579501490455,0.47572263578566626,0.2366232440819232,0.2876541201324105,0.01966366486158222,0.5969773299748111,0.4030226700251889,0.6015295358682816,0.3984704641317183
E0,2021,2021-05-23,Liverpool,Crystal Palace,2,0,H,fpl-team-14,fpl-team-8,0.8285310239185,0.1160743946552488,0.055394581426251296,0.843466120691948,0.10928268935097366,0.04725118995707823,0.02132669882848859,0.6935123042505593,0.30648769574944074,0.7036731810525784,0.29632681894742147
E0,2021,2021-05-23,Man City,Everton,5,0,H,fpl-team-15,fpl-team-9,0.6656315965988676,0.1940302629761881,0.14033814042494427,0.6763446979514443,0.1894945719086425,0.13416073013991334,0.021936765522696078,0.5877862595419847,0.41221374045801523,0.5921917588569927,0.4078082411430074
E0,2021,2021-05-23,Sheffield United,Burnley,1,0,H,,,0.3377474239341516,0.264243163628923,0.39800941243692545,0.3378818997279059,0.2620663078304658,0.40005179244162836,0.02128115319646895,0.5492227979274612,0.45077720207253885,0.551507265228968,0.44849273477103196
E0,2021,2021-05-23,West Ham,Southampton,3,0,H,,,0.5582399024252943,0.24004315804287657,0.20171693953182904,0.5651859991105755,0.23714888247947108,0.1976651184099533,0.020845789927989244,0.5862944162436549,0.4137055837563452,0.5902982498033944,0.4097017501966057
E0,2021,2021-05-23,Wolves,Man United,1,2,A,,,0.37914833639431084,0.2642549011233075,0.3565967624823816,0.3805917043243008,0.2620814149732758,0.3573268807024234,0.021256137639284134,0.5503875968992248,0.44961240310077516,0.5526145378101854,0.4473854621898147
