league,season,date,home_team_raw,away_team_raw,home_goals,away_goals,result,home_team_id,away_team_id,prob_home_proportional,prob_draw_proportional,prob_away_proportional,prob_home_shin,prob_draw_shin,prob_away_shin,shin_z,prob_over25_proportional,prob_under25_proportional,prob_over25_shin,prob_under25_shin
E0,2223,2022-08-05,Crystal Palace,Arsenal,0,2,A,fpl-team-8,fpl-team-1,0.21939699309223895,0.2682876879317351,0.512315318976026,0.21616122278976474,0.26642466699191564,0.5174141102183196,0.019186421064659953,0.4571428571428572,0.5428571428571429,0.4551435406717738,0.5448564593282261
E0,2223,2022-08-06,Fulham,Liverpool,2,2,D,fpl-team-10,fpl-team-14,0.08770032400649146,0.15931017534402334,0.7529895006494852,0.08092754952945895,0.15434234157302373,0.7647301088975172,0.019236032152548432,0.6399026763990268,0.3600973236009733,0.6477237694192612,0.35227623058073876
E0,2223,2022-08-06,Bournemouth,Aston Villa,2,0,H,fpl-team-3,fpl-team-2,0.25326333711691257,0.27497162315550505,0.47176503972758227,0.2509382146750161,0.27327116674627094,0.47579061857871296,0.019568514777347445,0.4699738903394256,0.5300261096605744,0.4685276409369166,0.5314723590630834
E0,2223,2022-08-06,Leeds,Wolves,2,1,H,fpl-team-13,,0.41043357291908183,0.2875492696498957,0.3020171574310224,0.41279606578800476,0.2861476165048616,0.30105631770713365,0.020620726863853633,0.47135416666666663,0.5286458333333333,0.4700623247981288,0.5299376752018712
E0,2223,2022-08-06,Newcastle,Nott'm Forest,2,0,H,fpl-team-17,fpl-team-18,0.5749458764216777,0.2526735825326847,0.17238054104563766,0.5824082642132672,0.25015077417399206,0.16744096161274077,0.0208856756798923,0.47135416666666663,0.5286458333333333,0.4700623247981288,0.5299376752018712
E0,2223,2022-08-06,Tottenham,Southampton,4,1,H,,,0.7064781599493564,0.18231694450305974,0.11120489554758387,0.717817233019642,0.1776527385354013,0.10453002844495674,0.020772835472598672,0.5924050632911392,0.40759493670886077,0.5968837925181764,0.40311620748182364
E0,2223,2022-08-06,Everton,Chelsea,0,1,A,fpl-team-9,fpl-team-6,0.16747705065202612,0.24275713907642174,0.5897658102715522,0.16253841960922036,0.24001221933186045,0.5974493610589192,0.02026487747207284,0.4804177545691906,0.5195822454308094,0.4795171509692577,0.5204828490307424
E0,2223,2022-08-07,Leicester,Brentford,2,2,D,,fpl-team-4,0.47340928312024283,0.2625740012934679,0.2640167155862892,0.47763727304979936,0.26043847373276735,0.2619242532174333,0.020317357499152422,0.5402597402597403,0.4597402597402597,0.542101260313991,0.45789873968600897
E0,2223,2022-08-07,Man United,Brighton,1,2,A,,fpl-team-5,0.5919957582405014,0.2391603811345667,0.16884386062493179,0.6002206229879868,0.23613283188225856,0.16364654512975454,0.021523478906601667,0.5052356020942408,0.4947643979057591,0.5054829070382821,0.49451709296171786
E0,2223,2022-08-07,West Ham,Man City,0,2,A,,fpl-team-15,0.11550338922353778,0.18304537111234942,0.7014512396641127,0.10898199800015028,0.17843239743814776,0.712585604561702,0.02065336098894477,0.6159600997506234,0.3840399002493765,0.6222461748647674,0.3777538251352326
E0,2223,2022-08-13,Aston Villa,Everton,2,1,H,fpl-team-2,fpl-team-9,0.5305173226274335,0.2712195301072834,0.19826314726528313,0.5357596755167514,0.2695531116707734,0.19468721281247522,0.017910028342157602,0.4597402597402597,0.5402597402597403,0.45789873968600897,0.542101260313991
E0,2223,2022-08-13,Arsenal,Leicester,4,2,H,fpl-team-1,,0.6206116580414434,0.22012541646778883,0.1592629254907678,0.6290778052972154,0.21675906872287246,0.1541631259799121,0.01995266356971115,0.5666666666666667,0.4333333333333333,0.5696136442833337,0.4303863557166662
E0,2223,2022-08-13,Brighton,Newcastle,0,0,D,fpl-team-5,fpl-team-17,0.39403183542571085,0.2958269779811491,0.3101411865931401,0.3958416999334364,0.2947095500160983,0.30944875005046535,0.020061821909621358,0.4481865284974093,0.5518134715025906,0.44572444299537,0.55427555700463
E0,2223,2022-08-13,Man City,Bournemouth,4,0,H,fpl-team-15,fpl-team-3,0.8987958827212377,0.07560625743016701,0.02559785984859527,0.9155539659759803,0.0672224831311526,0.017223550892867073,0.022726373746991158,0.7158119658119658,0.2841880341880342,0.7266861183200625,0.27331388167993753
E0,2223,2022-08-13,Southampton,Leeds,2,2,D,,fpl-team-13,0.4150487103394085,0.27433419030980843,0.3106170993507831,0.4173896891228868,0.2726468656217282,0.309963445255385,0.01927066210191697,0.5518134715025906,0.4481865284974093,0.55427555700463,0.44572444299537
E0,2223,2022-08-13,Wolves,Fulham,0,0,D,,fpl-team-10,0.40102468560782495,0.29343269678621337,0.3055426176059618,0.4029882117547585,0.29227611540218207,0.3047356728430594,0.01951097440905869,0.4533678756476684,0.5466321243523315,0.45125253893804057,0.5487474610619594
E0,2223,2022-08-13,Brentford,Man United,4,0,H,fpl-team-4,,0.254755949808345,0.269783688420635,0.4754603617710201,0.25234968589322987,0.26783285638493304,0.47981745772183715,0.020640125731006265,0.5260416666666667,0.4739583333333334,0.5272005222488932,0.4727994777511068
E0,2223,2022-08-14,Nott'm Forest,West Ham,1,0,H,fpl-team-18,,0.22870824156563951,0.2645224442283907,0.5067693142059696,0.22571045776324083,0.2625390084429452,0.511750533793814,0.019339012214913964,0.5039164490861618,0.4960835509138382,0.5040905372239246,0.4959094627760753
E0,2223,2022-08-14,Chelsea,Tottenham,2,2,D,fpl-team-6,,0.42032819583645786,0.2798115024608978,0.2998603017026443,0.42284591158083823,0.2782642912108565,0.2988897972083053,0.019466581288725138,0.49347258485639683,0.5065274151436031,0.49318169421201064,0.5068183057879894
E0,2223,2022-08-15,Liverpool,Crystal Palace,1,1,D,fpl-team-14,fpl-team-8,0.8008541164762863,0.14029561164548082,0.05885027187823292,0.8149723617913214,0.13422444349044996,0.050803194718228535,0.021211145678535104,0.6134663341645885,0.38653366583541143,0.6193286126559598,0.3806713873440402
E0,2223,2022-08-20,Tottenham,Wolves,1,0,H,,,0.6820956220631721,0.1970809071944821,0.1208234707423458,0.692428330049794,0.19298152641307179,0.11459014353713416,0.02018472575582564,0.5529715762273902,0.4470284237726098,0.5553724812322939,0.44462751876770606
E0,2223,2022-08-20,Crystal Palace,Aston Villa,3,1,H,fpl-team-8,fpl-team-2,0.3805899143672693,0.2997145575642246,0.3196955280685062,0.3820872833278815,0.29865040896458334,0.31926230770753516,0.02133470750413835,0.43556701030927836,0.5644329896907216,0.4324525141055018,0.5675474858944982
E0,2223,2022-08-20,Everton,Nott'm Forest,1,1,D,fpl-team-9,fpl-team-18,0.487207939684943,0.2758044945917637,0.2369875657232933,0.4920029321805779,0.27400403107532345,0.23399303674409863,0.020992528880015016,0.46354166666666663,0.5364583333333334,0.46181957019966147,0.5381804298003386
E0,2223,2022-08-20,Fulham,Brentford,3,2,H,fpl-team-10,fpl-team-4,0.3903560204512407,0.28078240067545385,0.3288615788733055,0.39210841662584733,0.27917026778100396,0.3287213155931487,0.020692696096375585,0.4960835509138382,0.5039164490861618,0.4959094627760753,0.5040905372239246
E0,2223,2022-08-20,Leicester,Southampton,1,2,A,,,0.5188493841806621,0.24178119917738664,0.23936941664195135,0.5246223903635154,0.2389316015660207,0.23644600807046395,0.02097275643609464,0.5841836734693877,0.41581632653061223,0.5884078548997955,0.41159214510020437
E0,2223,2022-08-20,Bournemouth,Arsenal,0,3,A,fpl-team-3,fpl-team-1,0.1253555408417342,0.20403614626367372,0.670608312894592,0.11879831687969504,0.1998484980281353,0.6813531850921696,0.02171561447903514,0.5428571428571429,0.4571428571428572,0.5448564593282261,0.4551435406717738
E0,2223,2022-08-21,Leeds,Chelsea,3,0,H,fpl-team-13,fpl-team-6,0.1622216079701568,0.2171499176665982,0.6206284743632451,0.1572091837540053,0.21370118209556493,0.6290896341504297,0.01993563841097057,0.5681233933161953,0.4318766066838046,0.5713747037189356,0.4286252962810644
E0,2223,2022-08-21,West Ham,Brighton,0,2,A,,fpl-team-5,0.4133588640873399,0.2812294911092752,0.3054116448033849,0.41590200834134927,0.2795760130884921,0.3045219785701586,0.02139503776561469,0.4855643044619423,0.5144356955380577,0.48483177054684756,0.5151682294531524
E0,2223,2022-08-21,Newcastle,Man City,3,3,D,fpl-team-17,fpl-team-15,0.11080160108131551,0.18799410594422805,0.7012042929744565,0.10409099456192536,0.18347999285868904,0.7124290125793856,0.020856013521552086,0.578005115089514,0.42199488491048587,0.5817913649887713,0.41820863501122874
E0,2223,2022-08-22,Man United,Liverpool,2,1,H,,fpl-team-14,0.18334222836153577,0.2185037516089536,0.5981540200295105,0.17834986310769418,0.2146485696194836,0.6070015672728223,0.022617249051108956,0.6323529411764707,0.36764705882352944,0.6395348837376859,0.36046511626231414
E0,2223,2022-08-27,Southampton,Man United,0,1,A,,,0.2260425237084831,0.23773437838305983,0.5362230979084571,0.22316244710001876,0.23516334115152454,0.5416742117484566,0.01808873936533928,0.6005025125628142,0.399497487437186,0.6052603878707,0.3947396121292998
E0,2223,2022-08-27,Brentford,Everton,1,1,D,fpl-team-4,fpl-team-9,0.46727246100377556,0.2774009422673711,0.2553265967288535,0.4711479053402284,0.2757793804552151,0.25307271420455646,0.019468598067760468,0.46874999999999994,0.53125,0.4673202614398247,0.5326797385601753
E0,2223,2022-08-27,Brighton,Leeds,1,0,H,fpl-team-5,fpl-team-13,0.5038198054824656,0.2579881577671607,0.2381920367503736,0.5087934948138706,0.25578610178899264,0.23542040339713677,0.01964280568063259,0.5248041775456919,0.47519582245430814,0.5259690558238855,0.4740309441761144
E0,2223,2022-08-27,Chelsea,Leicester,2,1,H,fpl-team-6,,0.6771112239418767,0.19503000770739654,0.1278587683507267,0.6873682359941583,0.19085052977234887,0.1217812342334929,0.020306828431785107,0.5816326530612244,0.4183673469387755,0.5855798031564324,0.4144201968435676
E0,2223,2022-08-27,Liverpool,Bournemouth,9,0,H,fpl-team-14,fpl-team-3,0.8675608569379166,0.09468953305812071,0.037749610003962666,0.8828561517860797,0.08746620863003061,0.029677639583889734,0.02080205618403852,0.6991150442477876,0.30088495575221236,0.7094192106886864,0.2905807893113135
E0,2223,2022-08-27,Man City,Crystal Palace,4,2,H,fpl-team-15,fpl-team-8,0.8094280926099756,0.12740997754045913,0.06316192984956531,0.822978648131143,0.12137515823068629,0.05564619363817077,0.01989101991057396,0.6563981042654028,0.34360189573459715,0.6643221710585843,0.3356778289414158
E0,2223,2022-08-27,Arsenal,Fulham,2,1,H,fpl-team-1,fpl-team-10,0.7306736779974781,0.16715585007914577,0.10217047192337618,0.7415813553872529,0.1625254307388275,0.09589321387391947,0.01877367729321122,0.637469586374696,0.36253041362530414,0.6447307751332129,0.35526922486678725
E0,2223,2022-08-28,Aston Villa,West Ham,0,1,A,fpl-team-2,,0.4177415895581838,0.2801182670506771,0.30214014339113915,0.42030184772906565,0.2785062132132941,0.30119193905764025,0.020411128643900156,0.5091383812010444,0.4908616187989557,0.5095471903975043,0.49045280960249577
E0,2223,2022-08-28,Wolves,Newcastle,1,1,D,,fpl-team-17,0.3493966338520165,0.2947364242616704,0.35586694188631307,0.34988191849819616,0.2935697402614707,0.3565483412403332,0.02038104087114334,0.4533678756476684,0.5466321243523315,0.45125253893804057,0.5487474610619594
E0,2223,2022-08-28,Nott'm Forest,Tottenham,0,2,A,fpl-team-18,,0.13757057136041398,0.20920317823435508,0.6532262504052311,0.13158408576802177,0.2053250270673519,0.6630908871646264,0.020958127919584513,0.5492227979274612,0.45077720207253885,0.551507265228968,0.44849273477103196
E0,2223,2022-08-30,Crystal Palace,Brentford,1,1,D,fpl-team-8,fpl-team-4,0.4590206520327315,0.2818547863358878,0.2591245616313807,0.46252066620393567,0.2804184470307331,0.2570608867653313,0.018728818278759718,0.45854922279792754,0.5414507772020726,0.45674857405407226,0.5432514259459278
E0,2223,2022-08-30,Fulham,Brighton,2,1,H,fpl-team-10,fpl-team-5,0.29976995425968667,0.2872422546786848,0.4129877910616285,0.2987899010167375,0.2858988106540974,0.4153112883291651,0.019620950799435377,0.4765625,0.5234374999999999,0.4755321751856744,0.5244678248143256
E0,2223,2022-08-30,Southampton,Chelsea,2,1,H,,fpl-team-6,0.18455482601190573,0.23158081533224706,0.5838643586558472,0.18035673130197777,0.2286822845704654,0.5909609841275568,0.01912206527777016,0.5466321243523315,0.4533678756476684,0.5487474610619594,0.45125253893804057
E0,2223,2022-08-30,Leeds,Everton,1,1,D,fpl-team-13,fpl-team-9,0.4508694573009593,0.2702690864493145,0.2788614562497263,0.45405663510711625,0.26855993307367204,0.27738343181921166,0.018230864079669118,0.5195822454308094,0.4804177545691906,0.5204828490307424,0.4795171509692577
E0,2223,2022-08-31,Arsenal,Aston Villa,2,1,H,fpl-team-1,fpl-team-2,0.6546667986369357,0.20785317364930786,0.13748002771375648,0.6640312183340445,0.20415191869032673,0.13181686297562872,0.01978587289340794,0.5466321243523315,0.4533678756476684,0.5487474610619594,0.45125253893804057
E0,2223,2022-08-31,Bournemouth,Wolves,0,0,D,fpl-team-3,,0.2718397438284246,0.28390363778530736,0.4442566183862679,0.26991580509169044,0.28235418254905703,0.4477300123592526,0.02107915119268,0.4533678756476684,0.5466321243523315,0.45125253893804057,0.5487474610619594
E0,2223,2022-08-31,Man City,Nott'm Forest,6,0,H,fpl-team-15,fpl-team-18,0.8936853169469599,0.07516979301423028,0.03114489003880984,0.9087556824249797,0.06780128752352017,0.023443030051500016,0.019893127493560314,0.7664783427495293,0.2335216572504708,0.780375683599108,0.21962431640089194
E0,2223,2022-08-31,West Ham,Tottenham,1,1,D,,,0.26479135185400443,0.2570033709171219,0.4782052772288737,0.26273048066464977,0.25471117209288685,0.4825583472424634,0.020226671593263745,0.5454545454545455,0.4545454545454546,0.5476190476222825,0.45238095237771747
E0,2223,2022-08-31,Liverpool,Newcastle,2,1,H,fpl-team-14,fpl-team-17,0.7340976804487428,0.16551944257966494,0.10038287697159219,0.7460025552007328,0.16045095656308647,0.09354648823618084,0.020371756865642965,0.6365853658536585,0.36341463414634145,0.6439995885817678,0.35600041141823224
E0,2223,2022-09-01,Leicester,Man United,0,1,A,,,0.2822979865771812,0.25266040268456375,0.4650416107382551,0.2808194491271077,0.2503340332947641,0.4688465175781282,0.019438366638496518,0.5852417302798981,0.41475826972010177,0.5893571619191439,0.41064283808085617
E0,2223,2022-09-03,Everton,Liverpool,0,0,D,fpl-team-9,fpl-team-14,0.1236770708576736,0.18991518588223794,0.6864077432600885,0.11739093038115815,0.18551735021645305,0.6970917194023888,0.020621737465262413,0.6030150753768844,0.39698492462311563,0.6081223628712389,0.3918776371287611
E0,2223,2022-09-03,Brentford,Leeds,5,2,H,fpl-team-4,fpl-team-13,0.4432410988057588,0.2679201070775757,0.28883879411666563,0.446485861084667,0.2659914311370657,0.28752270777826733,0.019863322377204895,0.5454545454545455,0.4545454545454546,0.5476190476222825,0.45238095237771747
E0,2223,2022-09-03,Chelsea,West Ham,2,1,H,fpl-team-6,,0.6207596793185873,0.2196752289826051,0.15956509169880767,0.6291775309935038,0.21631716860305156,0.15450530040344468,0.019826357485726476,0.5492227979274612,0.45077720207253885,0.551507265228968,0.44849273477103196
E0,2223,2022-09-03,Newcastle,Crystal Palace,0,0,D,fpl-team-17,fpl-team-8,0.46980247264459296,0.2767514565866136,0.25344607076879355,0.47369533323378343,0.2751340746356206,0.251170592130596,0.01919179456308484,0.46614583333333337,0.5338541666666666,0.4645728300926822,0.5354271699073179
E0,2223,2022-09-03,Nott'm Forest,Bournemouth,2,3,A,fpl-team-18,fpl-team-3,0.47587033544270324,0.2770196189032451,0.24711004565405156,0.4801453601237665,0.27532561267395744,0.2445290272022759,0.02019106619991362,0.4545454545454546,0.5454545454545455,0.45238095237771747,0.5476190476222825
E0,2223,2022-09-03,Tottenham,Fulham,2,1,H,,fpl-team-10,0.6450199815554873,0.20802592478737575,0.146954093657137,0.654423307190085,0.20420743857326623,0.14136925423664873,0.020470400573685765,0.5888324873096447,0.4111675126903554,0.5931247339443514,0.40687526605564867
E0,2223,2022-09-03,Wolves,Southampton,1,0,H,,,0.4289091267255618,0.2825754246662525,0.28851544860818573,0.4318125005510111,0.2810341573501113,0.2871533420988776,0.020441180327907205,0.47258485639686687,0.5274151436031332,0.4712816585529708,0.5287183414470292
E0,2223,2022-09-03,Aston Villa,Man City,1,1,D,fpl-team-2,fpl-team-15,0.11008336288170292,0.17108870785344593,0.7188279292648511,0.10379189897256375,0.16640982288863226,0.7297982781388039,0.019438982708379626,0.625615763546798,0.37438423645320196,0.6320969747166444,0.36790302528335567
E0,2223,2022-09-04,Brighton,Leicester,5,2,H,fpl-team-5,,0.5150480717992771,0.2675388595179579,0.21741306868276492,0.5202266650312327,0.2656533128669061,0.21412002210186118,0.019195386208593845,0.4856396866840731,0.5143603133159269,0.4849899022964023,0.5150100977035976
E0,2223,2022-09-04,Man United,Arsenal,3,1,H,,fpl-team-1,0.36863106558237757,0.2710217130056354,0.3603472214119871,0.3696617399297845,0.26920317468431465,0.36113508538590083,0.019690640037879348,0.5618556701030928,0.43814432989690716,0.5647598488963583,0.43524015110364167
E0,2223,2022-09-16,Aston Villa,Southampton,1,0,H,fpl-team-2,,0.4573623606270188,0.27055238234274354,0.27208525703023784,0.46116081363135875,0.26862991039039286,0.2702092759782484,0.020613597938790917,0.5195822454308094,0.4804177545691906,0.5204828490307424,0.4795171509692577
E0,2223,2022-09-16,Nott'm Forest,Fulham,2,3,A,fpl-team-18,fpl-team-10,0.34248266617542733,0.2830518505743973,0.3744654832501754,0.34274648773585276,0.2815935703136584,0.3756599419504888,0.019553298130631447,0.5078534031413613,0.4921465968586388,0.5082254880451544,0.4917745119548455
E0,2223,2022-09-17,Wolves,Man City,0,3,A,,fpl-team-15,0.10423151688724631,0.17625987773437446,0.7195086053783794,0.0979506098473833,0.17183404613897613,0.7302153440136405,0.01894545555114746,0.602015113350126,0.39798488664987414,0.6072506753009054,0.3927493246990947
E0,2223,2022-09-17,Newcastle,Bournemouth,1,1,D,fpl-team-17,fpl-team-3,0.6545459949472432,0.21525338088869073,0.13020062416406597,0.663950353885257,0.21174101873778395,0.12430862737695911,0.019896496436558664,0.5248041775456919,0.47519582245430814,0.5259690558238855,0.4740309441761144
E0,2223,2022-09-17,Tottenham,Leicester,6,2,H,,,0.6464095713934389,0.20983665825190065,0.14375377035466028,0.6553359410232156,0.20627826586243908,0.13838579311434537,0.019332877825945616,0.6005025125628142,0.399497487437186,0.6052603878707,0.3947396121292998
E0,2223,2022-09-18,Brentford,Arsenal,0,3,A,fpl-team-4,fpl-team-1,0.2234419744199336,0.24572902557690912,0.5308290000031572,0.22010985483034662,0.24306194219672134,0.536828202972932,0.020475770812481642,0.5681233933161953,0.4318766066838046,0.5713747037189356,0.4286252962810644
E0,2223,2022-09-18,Everton,West Ham,1,0,H,fpl-team-9,,0.32560152668752085,0.2901886718212044,0.38420980149127465,0.3253635607490685,0.2888731429911829,0.3857632962597486,0.020555393071845174,0.4699738903394256,0.5300261096605744,0.4685276409369166,0.5314723590630834
E0,2223,2022-10-01,Arsenal,Tottenham,3,1,H,fpl-team-1,,0.46299226188763914,0.26027673100710524,0.27673100710525556,0.4666980117417264,0.258190951213297,0.2751110370449767,0.01922688982449472,0.5581395348837209,0.441860465116279,0.5609161793415036,0.4390838206584964
E0,2223,2022-10-01,Bournemouth,Brentford,0,0,D,fpl-team-3,fpl-team-4,0.2859507116420425,0.2793006950922276,0.43474859326572984,0.28451189128863646,0.2776615806089198,0.43782652810244366,0.02042278740555048,0.4804177545691906,0.5195822454308094,0.4795171509692577,0.5204828490307424
E0,2223,2022-10-01,Crystal Palace,Chelsea,1,2,A,fpl-team-8,fpl-team-6,0.22423659390465236,0.2694607809106327,0.506302625184715,0.22103569187519007,0.2675718059582887,0.5113925021665212,0.019821388879790902,0.46736292428198434,0.5326370757180157,0.46576843027581766,0.5342315697241824
E0,2223,2022-10-01,Fulham,Newcastle,1,4,A,fpl-team-10,fpl-team-17,0.3163242475909796,0.2779265065539243,0.40574924585509614,0.3158167741138435,0.27628554523340304,0.4078976806527535,0.01996419415809214,0.5078534031413613,0.4921465968586388,0.5082254880451544,0.4917745119548455
E0,2223,2022-10-01,Liverpool,Brighton,3,3,D,fpl-team-14,fpl-team-5,0.7026931577206359,0.18061719063363438,0.11668965164572985,0.713362735305449,0.1761475214146049,0.11048974327994601,0.01970067317597568,0.6119402985074627,0.3880597014925373,0.6172607879725031,0.3827392120274968
E0,2223,2022-10-01,Southampton,Everton,1,2,A,,fpl-team-9,0.4388165450267284,0.2818205963661393,0.27936285860713234,0.44200010769918857,0.2802656103555048,0.2777342819453068,0.02030829293653369,0.47780678851174935,0.5221932114882506,0.4767759562805075,0.5232240437194925
E0,2223,2022-10-01,West Ham,Wolves,2,0,H,,,0.49044934595807566,0.27623009140167476,0.23332056264024958,0.49515916783031827,0.2745101673169653,0.23033066485271644,0.020188519032672048,0.441860465116279,0.5581395348837209,0.4390838206584964,0.5609161793415036
E0,2223,2022-10-02,Man City,Man United,6,3,H,fpl-team-15,,0.7114439503861456,0.1684998829861924,0.12005616662766208,0.7230474863227816,0.16338874121396313,0.11356377246325523,0.020963071612641215,0.6595744680851063,0.3404255319148936,0.6680107527127119,0.33198924728728796
E0,2223,2022-10-02,Leeds,Aston Villa,0,0,D,fpl-team-13,fpl-team-2,0.4063456872427345,0.2771606421655646,0.3164936705917008,0.4086663437144392,0.2753786066652237,0.3159550496203371,0.02140294131822884,0.5248041775456919,0.47519582245430814,0.5259690558238855,0.4740309441761144
E0,2223,2022-10-03,Leicester,Nott'm Forest,4,0,H,,fpl-team-18,0.5453571134133941,0.23699469619940092,0.2176481903872049,0.5519637160194678,0.23398672051703728,0.21404956346349494,0.021019236650317907,0.570694087403599,0.42930591259640094,0.5741759723762319,0.4258240276237681
E0,2223,2022-10-08,Bournemouth,Leicester,2,1,H,fpl-team-3,,0.2731160654179701,0.2655922068665109,0.46129172771551896,0.2714456280543985,0.2637150654066575,0.4648393065389441,0.01864485815167427,0.5195822454308094,0.4804177545691906,0.5204828490307424,0.4795171509692577
E0,2223,2022-10-08,Chelsea,Wolves,3,0,H,fpl-team-6,,0.6872085611728002,0.1996041463987386,0.11318729242846119,0.6975954735228532,0.19560489790273436,0.10679962857441246,0.020022245007567108,0.5195822454308094,0.4804177545691906,0.5204828490307424,0.4795171509692577
E0,2223,2022-10-08,Man City,Southampton,4,0,H,fpl-team-15,,0.8608126637399286,0.09360293042608933,0.045584405833982045,0.8754535676657553,0.08669677741135313,0.03784965492289153,0.01984494924545288,0.7572815533980582,0.24271844660194178,0.7717948718058162,0.2282051281941838
E0,2223,2022-10-08,Newcastle,Brentford,5,1,H,fpl-team-17,fpl-team-4,0.5347185888332461,0.24553404589281708,0.21974736527393676,0.5405634635211918,0.2429793176488365,0.21645721882997182,0.019556812942028046,0.5402597402597403,0.4597402597402597,0.542101260313991,0.45789873968600897
E0,2223,2022-10-08,Brighton,Tottenham,0,1,A,fpl-team-5,,0.349021075530397,0.2776075413440621,0.37337138312554086,0.34946324294919245,0.27603240017835534,0.3745043568724522,0.01905682380311191,0.5156249999999999,0.484375,0.5162919517763099,0.48370804822368996
E0,2223,2022-10-09,Crystal Palace,Leeds,2,1,H,fpl-team-8,fpl-team-13,0.4647584934566129,0.26575969100972063,0.2694818155336663,0.46861693228089474,0.26377637624269223,0.267606691476413,0.019754553213715553,0.5182291666666667,0.4817708333333334,0.5190139888617799,0.4809860111382203
E0,2223,2022-10-09,West Ham,Fulham,3,1,H,,fpl-team-10,0.5414885454346158,0.2471409258650298,0.21137052870035442,0.5473048306007912,0.24472374101498237,0.20797142838422647,0.018826396437361836,0.53125,0.46874999999999994,0.5326797385601753,0.4673202614398247
E0,2223,2022-10-09,Arsenal,Liverpool,3,2,H,fpl-team-1,fpl-team-14,0.37337378752355993,0.25895278812117867,0.36767342435526135,0.3745049915224696,0.256852184824204,0.3686428236533264,0.019058759906329215,0.5979899497487436,0.40201005025125625,0.6024159663815809,0.39758403361841915
E0,2223,2022-10-09,Everton,Man United,1,2,A,fpl-team-9,,0.2704337957307156,0.26892299240261097,0.4606432118666734,0.2686218682105619,0.2670679563436779,0.4643101754457602,0.01937677222304046,0.5182291666666667,0.4817708333333334,0.5190139888617799,0.4809860111382203
E0,2223,2022-10-10,Nott'm Forest,Aston Villa,1,1,D,fpl-team-18,fpl-team-2,0.28656860796892514,0.27507301911057286,0.438358372920502,0.2851182892923656,0.27326941227995666,0.4416122984276778,0.020853238878771663,0.4765625,0.5234374999999999,0.4755321751856744,0.5244678248143256
E0,2223,2022-10-14,Brentford,Brighton,2,0,H,fpl-team-4,fpl-team-5,0.300409303879654,0.28032379809700275,0.41926689802334327,0.2995010290163746,0.27886553601534136,0.4216334349682839,0.018515650765039027,0.4947643979057591,0.5052356020942408,0.49451709296171786,0.5054829070382821
E0,2223,2022-10-15,Leicester,Crystal Palace,0,0,D,,fpl-team-8,0.41627194843622767,0.2755267051254114,0.30820134643836083,0.4187356057571073,0.27381243112608394,0.3074519631168087,0.019987169886007905,0.5169712793733681,0.4830287206266319,0.5177450177475817,0.4822549822524182
E0,2223,2022-10-15,Fulham,Bournemouth,2,2,D,fpl-team-10,fpl-team-3,0.5087267922953899,0.2584660315694319,0.23280717613517835,0.513956170372605,0.2562282576398851,0.22981557198750985,0.02008232567459345,0.5026178010471204,0.4973821989528796,0.5027412280698255,0.4972587719301746
E0,2223,2022-10-15,Wolves,Nott'm Forest,1,0,H,,fpl-team-18,0.5596828369427956,0.25266521772745626,0.18765194532974824,0.5662226755402239,0.2503147511561368,0.18346257330363935,0.019497541128657758,0.4739583333333334,0.5260416666666667,0.4727994777511068,0.5272005222488932
E0,2223,2022-10-15,Tottenham,Everton,2,0,H,,fpl-team-9,0.6470187457417351,0.21141621297262836,0.1415650412856366,0.6557350063627946,0.20799083369518329,0.13627415994202208,0.018836918054148555,0.5416666666666667,0.4583333333333333,0.5437062937092246,0.45629370629077537
E0,2223,2022-10-16,Aston Villa,Chelsea,0,2,A,fpl-team-2,fpl-team-6,0.21164658128277533,0.260399858814038,0.5279535599031867,0.20797094300965305,0.2581763856097279,0.5338526713806191,0.020436476450413465,0.48031496062992135,0.5196850393700787,0.4793012088058304,0.5206987911941695
E0,2223,2022-10-16,Leeds,Arsenal,0,1,A,fpl-team-13,fpl-team-1,0.16503897113329355,0.2181807713621545,0.6167802575045521,0.1601349578471135,0.21478304218036648,0.6250819999725199,0.01981806755065918,0.5877862595419847,0.41221374045801523,0.5921917588569927,0.4078082411430074
E0,2223,2022-10-16,Man United,Newcastle,0,0,D,,fpl-team-17,0.4814530481208779,0.2547370624978191,0.26380988938130295,0.48570125006485393,0.25248431584401637,0.2618144340911297,0.01929906220175326,0.5618556701030928,0.43814432989690716,0.5647598488963583,0.43524015110364167
E0,2223,2022-10-16,Southampton,West Ham,1,1,D,,,0.3248217232896335,0.28113225173605705,0.39404602497430946,0.32456559009029284,0.27958024684248706,0.39585416306722016,0.02004466252401471,0.4960835509138382,0.5039164490861618,0.4959094627760753,0.5040905372239246
E0,2223,2022-10-16,Liverpool,Man City,1,0,H,fpl-team-14,fpl-team-15,0.2577786346834029,0.23746110682658303,0.504760258490014,0.2556788913324414,0.2348051347741213,0.5095159738934374,0.018670198740437627,0.6490384615384616,0.35096153846153844,0.6572805682243174,0.3427194317756826
E0,2223,2022-10-18,Brighton,Nott'm Forest,0,0,D,fpl-team-5,fpl-team-18,0.6867789639795808,0.19582292251963607,0.11739811350078305,0.6973249115540425,0.19165170751674956,0.11102338092920797,0.020346403820440173,0.5428571428571429,0.4571428571428572,0.5448564593282261,0.4551435406717738
E0,2223,2022-10-18,Crystal Palace,Wolves,2,1,H,fpl-team-8,,0.4202178489981307,0.301661089092702,0.2781210619091674,0.4227498110274187,0.30073601425751967,0.2765141747150617,0.019603303633630276,0.39249999999999996,0.6074999999999999,0.3872899793089218,0.6127100206910782
E0,2223,2022-10-19,Bournemouth,Southampton,0,1,A,fpl-team-3,,0.3536106363072939,0.28883511434109294,0.3575542493516132,0.35420750081008345,0.2875249117920115,0.3582675873979051,0.019851650344207883,0.4647519582245431,0.5352480417754569,0.4630035626256049,0.5369964373743951
E0,2223,2022-10-19,Brentford,Chelsea,0,0,D,fpl-team-4,fpl-team-6,0.20101260749376698,0.2456250994630469,0.5533622930431861,0.19722242018717284,0.2430916697944428,0.5596859100183844,0.019380113342776895,0.5195822454308094,0.4804177545691906,0.5204828490307424,0.4795171509692577
E0,2223,2022-10-19,Liverpool,West Ham,1,0,H,fpl-team-14,,0.6691999447284788,0.19234489429321547,0.13845516097830596,0.6786449730480997,0.1883452543584498,0.13300977259345054,0.019089647685177624,0.625615763546798,0.37438423645320196,0.6320969747166444,0.36790302528335567
E0,2223,2022-10-19,Newcastle,Everton,1,0,H,fpl-team-17,fpl-team-9,0.5864055116230967,0.23745803433626633,0.1761364540406371,0.5939111273256739,0.23459068767357297,0.17149818500075306,0.020042686723172665,0.5078534031413613,0.4921465968586388,0.5082254880451544,0.4917745119548455
E0,2223,2022-10-19,Man United,Tottenham,2,0,H,,,0.39324903615432316,0.2698767895176728,0.3368741743280042,0.39493802221418406,0.2680912810551577,0.3369706967306582,0.01897276402451098,0.5518134715025906,0.4481865284974093,0.55427555700463,0.44572444299537
E0,2223,2022-10-20,Fulham,Aston Villa,3,0,H,fpl-team-10,fpl-team-2,0.33450234972294307,0.28168618924037314,0.38381146103668373,0.33453317588018305,0.2802286162927177,0.38523820782709917,0.019019807456061244,0.4921465968586388,0.5078534031413613,0.4917745119548455,0.5082254880451544
E0,2223,2022-10-20,Leicester,Leeds,2,0,H,,fpl-team-13,0.41429804526670383,0.268483649446579,0.3172183052867171,0.41672950759377503,0.26654028960385334,0.3167302028023715,0.020213689422234893,0.5544041450777203,0.4455958549222798,0.5570528145995115,0.4429471854004886
E0,2223,2022-10-22,Nott'm Forest,Liverpool,1,0,H,fpl-team-18,fpl-team-14,0.08472184655693257,0.15479872125345842,0.7604794321896091,0.07678846705206802,0.14885675841867055,0.7743547745292615,0.022490701521746814,0.635036496350365,0.36496350364963503,0.6417624520888251,0.35823754791117485
E0,2223,2022-10-22,Everton,Crystal Palace,3,0,H,fpl-team-9,fpl-team-8,0.3727251128534093,0.30239961986220004,0.3248752672843906,0.3738930837160572,0.3014833096430419,0.324623606640901,0.019953519571572542,0.42930591259640094,0.570694087403599,0.4258240276237681,0.5741759723762319
E0,2223,2022-10-22,Man City,Brighton,3,1,H,fpl-team-15,fpl-team-5,0.7945251348545899,0.13852671659568497,0.06694814854972518,0.8083293662255502,0.13251291673015578,0.05915771704429404,0.02088630828075111,0.6457831325301205,0.3542168674698795,0.653568890223667,0.346431109776333
E0,2223,2022-10-22,Chelsea,Man United,1,1,D,fpl-team-6,,0.45022428755717137,0.27449571947930107,0.2752799929635276,0.4535222599370137,0.2728357612670493,0.273641978795937,0.01897492038551718,0.5117493472584856,0.48825065274151447,0.5122776383298904,0.4877223616701097
E0,2223,2022-10-23,Aston Villa,Brentford,4,0,H,fpl-team-2,fpl-team-4,0.44951717843789557,0.2748476462448847,0.27563517531721965,0.4529352634035923,0.2731271189443425,0.2739376176520653,0.019792986568063498,0.5026178010471204,0.4973821989528796,0.5027412280698255,0.4972587719301746
E0,2223,2022-10-23,Leeds,Fulham,2,3,A,fpl-team-13,fpl-team-10,0.4666623576219819,0.2655592421826748,0.2677784001953434,0.4706540339191782,0.26353052735463767,0.26581543872618413,0.020149030024185777,0.5518134715025906,0.4481865284974093,0.55427555700463,0.44572444299537
E0,2223,2022-10-23,Southampton,Arsenal,1,1,D,,fpl-team-1,0.16633793232674876,0.22516001143995504,0.6085020562332961,0.16137532452875375,0.2219004240874641,0.6167242513837822,0.020218180026859045,0.570694087403599,0.42930591259640094,0.5741759723762319,0.4258240276237681
E0,2223,2022-10-23,Wolves,Leicester,0,4,A,,,0.41834879207860276,0.28467521354461134,0.29697599437678585,0.42083288187644974,0.2832545368694138,0.29591258125413644,0.01965459412895143,0.4908616187989557,0.5091383812010444,0.49045280960249577,0.5095471903975043
E0,2223,2022-10-23,Tottenham,Newcastle,1,2,A,,fpl-team-17,0.459586941263324,0.2683063428045662,0.27210671593210967,0.4634459744558764,0.26631931839362943,0.27023470715049414,0.02057350822724402,0.5117493472584856,0.48825065274151447,0.5122776383298904,0.4877223616701097
E0,2223,2022-10-24,West Ham,Bournemouth,2,0,H,,fpl-team-3,0.6162962962962963,0.2296296296296296,0.15407407407407409,0.6261554086402297,0.22596478836704273,0.14787980299272757,0.023666285444051027,0.4947643979057591,0.5052356020942408,0.49451709296171786,0.5054829070382821
E0,2223,2022-10-29,Leicester,Man City,0,1,A,,fpl-team-15,0.09925973095598185,0.15744646979224708,0.7432937992517711,0.09186917766007147,0.15172935390516623,0.7564014684347623,0.021999347489327192,0.6563245823389022,0.3436754176610979,0.6654040404058719,0.33459595959412813
E0,2223,2022-10-29,Bournemouth,Tottenham,2,3,A,fpl-team-3,,0.18789577995842802,0.24508145211968868,0.5670227679218833,0.18320509856466918,0.2421980344740538,0.5745968669612769,0.021907110116444528,0.5013123359580053,0.49868766404199477,0.5013777900249893,0.4986222099750107
E0,2223,2022-10-29,Brentford,Wolves,1,1,D,fpl-team-4,,0.43544546821971447,0.27687284106455834,0.2876816907157273,0.43877472330168443,0.27503345896271236,0.2861918177356032,0.021955201169475913,0.486910994764398,0.5130890052356021,0.48628483651642146,0.5137151634835786
E0,2223,2022-10-29,Brighton,Chelsea,4,1,H,fpl-team-5,fpl-team-6,0.31601097680188756,0.28668061667955674,0.3973084065185557,0.31543775717332484,0.2851455917026807,0.39941665112399444,0.02219665003940463,0.4659685863874345,0.5340314136125655,0.46419916281732926,0.5358008371826707
E0,2223,2022-10-29,Crystal Palace,Southampton,1,0,H,fpl-team-8,,0.4925891307250635,0.26906128989184136,0.2383495793830952,0.49745680737334075,0.26709062183569476,0.2354525707909645,0.02058667433448136,0.4699738903394256,0.5300261096605744,0.4685276409369166,0.5314723590630834
E0,2223,2022-10-29,Newcastle,Aston Villa,4,0,H,fpl-team-17,fpl-team-2,0.5247738909891372,0.2574627937024454,0.2177633153084175,0.530659497801649,0.2551197964934324,0.21422070570491866,0.020726678427308798,0.49868766404199477,0.5013123359580053,0.4986222099750107,0.5013777900249893
E0,2223,2022-10-29,Fulham,Everton,0,0,D,fpl-team-10,fpl-team-9,0.407037467964948,0.28006076513040146,0.3129017669046506,0.4092840991085668,0.278439567530295,0.31227633336113825,0.020515435142442584,0.5170603674540682,0.48293963254593175,0.517932023832641,0.48206797616735914
E0,2223,2022-10-29,Liverpool,Leeds,1,2,A,fpl-team-14,fpl-team-13,0.7374144896167384,0.15793061556865898,0.10465489481460262,0.750403483947436,0.15221128553852936,0.09738523051403478,0.02208525571040809,0.6986607142857143,0.30133928571428575,0.7106259614222115,0.2893740385777885
E0,2223,2022-10-30,Arsenal,Nott'm Forest,5,0,H,fpl-team-1,fpl-team-18,0.7978391623969704,0.1375584762753397,0.06460236132768991,0.8132223002449955,0.1308330305938549,0.055944669161149645,0.023276169085875154,0.6314496314496314,0.36855036855036855,0.6387808041385081,0.3612191958614918
E0,2223,2022-10-30,Man United,West Ham,1,0,H,,,0.563888246182323,0.2384602036094401,0.19765155020823694,0.5712982803207298,0.2353952460698026,0.1933064736094676,0.02171042817644775,0.5261780104712042,0.47382198952879584,0.5274868750139057,0.4725131249860944
E0,2223,2022-11-05,Leeds,Bournemouth,4,3,H,fpl-team-13,fpl-team-3,0.5522992040359743,0.2445294185808131,0.20317137738321253,0.558916104486087,0.24183293982791276,0.1992509556860002,0.020387564902193844,0.5338541666666666,0.46614583333333337,0.5354271699073179,0.4645728300926822
E0,2223,2022-11-05,Man City,Fulham,2,1,H,fpl-team-15,fpl-team-10,0.8524515961918773,0.09889838846989951,0.048650015338223294,0.8672082537936645,0.09199178672362443,0.04079995948271107,0.02024858188815415,0.7490118577075099,0.25098814229249017,0.7617746660508181,0.2382253339491819
E0,2223,2022-11-05,Nott'm Forest,Brentford,2,2,D,fpl-team-18,fpl-team-4,0.34561199787439234,0.28342222834537184,0.37096577378023576,0.34598209906188526,0.2819123987597023,0.3721055021784123,0.020405164221301675,0.4804177545691906,0.5195822454308094,0.4795171509692577,0.5204828490307424
E0,2223,2022-11-05,Wolves,Brighton,2,3,A,,fpl-team-5,0.28317294003758325,0.2882751551733956,0.4285519047890211,0.28161767165407436,0.2868769984597633,0.43150532988616236,0.02087561320513487,0.4545454545454546,0.5454545454545455,0.45238095237771747,0.5476190476222825
E0,2223,2022-11-05,Everton,Leicester,0,2,A,fpl-team-9,,0.3949899587781418,0.28823591586513053,0.3167741253567276,0.39690757856764114,0.28683529037171024,0.3162571310606486,0.020936798071488738,0.47258485639686687,0.5274151436031332,0.4712816585529708,0.5287183414470292
E0,2223,2022-11-06,Chelsea,Arsenal,0,1,A,fpl-team-6,fpl-team-1,0.3636750319013186,0.2807316035729477,0.35559336452573376,0.3646100536878061,0.27911143585067566,0.35627851046151837,0.02078478760086,0.5065274151436031,0.49347258485639683,0.5068183057879894,0.49318169421201064
E0,2223,2022-11-06,Aston Villa,Man United,3,1,H,fpl-team-2,,0.2829357511682113,0.2709469481526091,0.44611730067917965,0.281338037824498,0.2689729665752666,0.4496889956002355,0.021320772939361632,0.5078534031413613,0.4921465968586388,0.5082254880451544,0.4917745119548455
E0,2223,2022-11-06,Southampton,Newcastle,1,4,A,,fpl-team-17,0.2385433215202249,0.26200659904680434,0.4994500794329708,0.23552924381283055,0.2597290694501169,0.5047416867370524,0.02146624820306897,0.5026178010471204,0.4973821989528796,0.5027412280698255,0.4972587719301746
E0,2223,2022-11-06,West Ham,Crystal Palace,1,2,A,,fpl-team-8,0.49505226007872954,0.27518664313831953,0.22976109678295104,0.5000139571478441,0.2733932388450701,0.22659280400708576,0.020670480094850063,0.4545454545454546,0.5454545454545455,0.45238095237771747,0.5476190476222825
E0,2223,2022-11-06,Tottenham,Liverpool,1,2,A,,fpl-team-14,0.2930616349225127,0.2619188453803383,0.4450195196971488,0.29184985636114313,0.25978077126746674,0.4483693723713903,0.020185076515190303,0.5658914728682171,0.43410852713178294,0.5693085453352259,0.430691454664774
E0,2223,2022-11-12,Man City,Brentford,1,2,A,fpl-team-15,fpl-team-4,0.8422018457239938,0.10763566189746109,0.05016249237854508,0.8579514759035618,0.10035852996733725,0.04168999412910087,0.022095655323937535,0.7074235807860262,0.2925764192139738,0.7188133407079703,0.2811866592920298
E0,2223,2022-11-12,Bournemouth,Everton,3,0,H,fpl-team-3,fpl-team-9,0.33557046979865773,0.29530201342281875,0.3691275167785234,0.33563875255216113,0.29411862182200577,0.3702426256258331,0.020983258495107293,0.4444444444444444,0.5555555555555556,0.4418604651230232,0.5581395348769767
E0,2223,2022-11-12,Liverpool,Southampton,3,1,H,fpl-team-14,,0.7683090234704253,0.1472985091009251,0.08439246742864952,0.7816778983285477,0.1414592641551168,0.0768628375163355,0.021252395818009973,0.6736111111111112,0.3263888888888889,0.6827886232567729,0.3172113767432271
E0,2223,2022-11-12,Nott'm Forest,Crystal Palace,1,0,H,fpl-team-18,fpl-team-8,0.30798479087452474,0.2965779467680608,0.39543726235741444,0.30721755749667484,0.29546733397404534,0.3973151085292798,0.020346502191387117,0.4366925064599483,0.5633074935400517,0.4334998100010362,0.5665001899989639
E0,2223,2022-11-12,Tottenham,Leeds,4,3,H,,fpl-team-13,0.5846676687798184,0.22508332788706623,0.19024900333311548,0.5926977251335851,0.22160937120050495,0.18569290366590996,0.021598710329271853,0.5913705583756345,0.4086294416243655,0.5959667315307422,0.40403326846925786
E0,2223,2022-11-12,West Ham,Leicester,0,2,A,,,0.45955942522339704,0.2736407973552421,0.266799777421361,0.46342341105952123,0.27181247800849506,0.26476411093198365,0.02060480252839625,0.4947643979057591,0.5052356020942408,0.49451709296171786,0.5054829070382821
E0,2223,2022-11-12,Newcastle,Chelsea,1,0,H,fpl-team-17,fpl-team-6,0.41211252739802534,0.27913435722017416,0.30875311538180034,0.4145384296109257,0.2774680000548492,0.30799357033422514,0.020726394723169506,0.4960835509138382,0.5039164490861618,0.4959094627760753,0.5040905372239246
E0,2223,2022-11-12,Wolves,Arsenal,0,2,A,,fpl-team-1,0.15597207950961983,0.2251709598554371,0.6188569606349431,0.1503984541588001,0.22170863568957028,0.6278929101516296,0.021455981768667698,0.5352480417754569,0.4647519582245431,0.5369964373743951,0.4630035626256049
E0,2223,2022-11-13,Brighton,Aston Villa,1,2,A,fpl-team-5,fpl-team-2,0.5146275325120344,0.25800733435913314,0.22736513312883233,0.5206565566452682,0.2554935933797159,0.22384984997501592,0.022431161371059716,0.5,0.5,0.5,0.5
E0,2223,2022-11-13,Fulham,Man United,1,2,A,fpl-team-10,,0.24530757110982507,0.2472042791338701,0.5074881497563049,0.2425183511375116,0.24447424220199543,0.513007406660493,0.02135705086402595,0.5831202046035805,0.41687979539641945,0.587450220630869,0.4125497793691309
E0,2223,2022-12-26,Brentford,Tottenham,2,2,D,fpl-team-4,,0.2497645507628555,0.257110566961763,0.4931248822753815,0.24728128120528992,0.25484290009458166,0.4978758187001283,0.020017257891595364,0.5275590551181102,0.47244094488188976,0.5290215588778682,0.4709784411221318
E0,2223,2022-12-26,Crystal Palace,Fulham,0,3,A,fpl-team-8,fpl-team-10,0.46268216585784966,0.2697893192466898,0.26752851489546053,0.46692477105606806,0.267704688751113,0.2653705401928191,0.022093529463745654,0.48429319371727747,0.5157068062827225,0.4835368363291191,0.5164631636708809
E0,2223,2022-12-26,Everton,Wolves,1,2,A,fpl-team-9,,0.4084324030797277,0.29532804530380313,0.29623955161646914,0.4107694893752025,0.2941453986527569,0.2950851119720405,0.020944855525158346,0.4329896907216495,0.5670103092783505,0.42965367965357554,0.5703463203464245
E0,2223,2022-12-26,Leicester,Newcastle,0,3,A,,fpl-team-17,0.295742702261335,0.27067976139173033,0.4335775363469346,0.29452079050769964,0.26865181166781454,0.43682739782448576,0.021831518970429897,0.5221932114882506,0.47780678851174935,0.5232240437194925,0.4767759562805075
E0,2223,2022-12-26,Southampton,Brighton,1,3,A,,fpl-team-5,0.2816856721599075,0.272857916052332,0.4454564117877606,0.27998985279769223,0.27087514252560607,0.4491350046767017,0.022095774300396442,0.5,0.5,0.5,0.5
E0,2223,2022-12-26,Aston Villa,Liverpool,1,3,A,fpl-team-2,fpl-team-14,0.2130615467605303,0.2378484098737603,0.5490900433657094,0.2094254665476355,0.2349480939380486,0.5556264395143159,0.020432897261343896,0.5790816326530612,0.42091836734693877,0.5827659858396428,0.4172340141603571
E0,2223,2022-12-26,Arsenal,West Ham,3,1,H,fpl-team-1,,0.6346955112213922,0.21831212344972714,0.1469923653288807,0.6444363559945939,0.21454654363893166,0.14101710036647444,0.021951545146293938,0.5390625,0.4609375,0.5409399819817476,0.4590600180182522
E0,2223,2022-12-27,Chelsea,Bournemouth,2,0,H,fpl-team-6,fpl-team-3,0.7259208193815244,0.17549734094937952,0.09858183966909591,0.7386679880121337,0.17025993281268256,0.09107207917518367,0.02232527919113636,0.5732647814910026,0.42673521850899737,0.5769895726399324,0.4230104273600676
E0,2223,2022-12-27,Man United,Nott'm Forest,3,0,H,,fpl-team-18,0.7332931521854577,0.17434011422195092,0.0923667335925913,0.745507383508836,0.16936979100634292,0.08512282548482111,0.02100135781802237,0.5805626598465473,0.4194373401534527,0.584613731586484,0.41538626841351595
E0,2223,2022-12-28,Leeds,Man City,1,3,A,fpl-team-13,fpl-team-15,0.1014587546123538,0.16023369259313305,0.7383075527945131,0.0943082123484703,0.15474592757667183,0.7509458600748579,0.021436582785099745,0.664319248826291,0.3356807511737089,0.6729719044042279,0.3270280955957721
E0,2223,2022-12-30,West Ham,Brentford,0,2,A,,fpl-team-4,0.46734426745441937,0.26816969107412364,0.26448604147145705,0.4712061493456886,0.2662912977410985,0.26250255291321295,0.01938795344904065,0.4947643979057591,0.5052356020942408,0.49451709296171786,0.5054829070382821
E0,2223,2022-12-30,Liverpool,Leicester,2,1,H,fpl-team-14,,0.7404974764395504,0.15964290536839398,0.09985961819205556,0.752274822448507,0.15454257639746888,0.0931826011540241,0.019833044381812215,0.660377358490566,0.33962264150943394,0.6686507936344708,0.3313492063655292
E0,2223,2022-12-31,Wolves,Man United,0,1,A,,,0.2350820069157596,0.264144342935565,0.5007736501486754,0.23215821342387358,0.26207525429009476,0.5057665322860317,0.020081968046724796,0.4856396866840731,0.5143603133159269,0.4849899022964023,0.5150100977035976
E0,2223,2022-12-31,Bournemouth,Crystal Palace,0,2,A,fpl-team-3,fpl-team-8,0.3299148951322864,0.2935939892461631,0.3764911156215504,0.32980762275418496,0.2923674441667277,0.37782493307908743,0.020810086280107498,0.4481865284974093,0.5518134715025906,0.44572444299537,0.55427555700463
E0,2223,2022-12-31,Fulham,Southampton,2,1,H,fpl-team-10,,0.4758199372827966,0.2692314491067925,0.25494861361041093,0.4801053031035259,0.2673011344772385,0.25259356241923564,0.020245341816917062,0.548051948051948,0.451948051948052,0.5503894972043629,0.4496105027956371
E0,2223,2022-12-31,Man City,Everton,1,1,D,fpl-team-15,fpl-team-9,0.843595115012032,0.11169552045455475,0.04470936453341312,0.8587301802762402,0.10478182402869195,0.03648799569506785,0.021252461010590196,0.6877828054298643,0.31221719457013575,0.6978451563885147,0.3021548436114852
E0,2223,2022-12-31,Newcastle,Leeds,0,0,D,fpl-team-17,fpl-team-13,0.653933618329016,0.2032309553792079,0.14283542629177615,0.6635543213838854,0.1992869403619894,0.13715873825412522,0.020373861072584987,0.5826972010178116,0.4173027989821883,0.5865374374102339,0.4134625625897661
E0,2223,2022-12-31,Brighton,Arsenal,2,4,A,fpl-team-5,fpl-team-1,0.2774705882352942,0.26967647058823535,0.45285294117647057,0.2757402923173943,0.2677071749953057,0.45655253268729995,0.020835977979004383,0.5208333333333334,0.4791666666666667,0.5217391304309821,0.4782608695690179
E0,2223,2023-01-01,Tottenham,Aston Villa,0,2,A,,fpl-team-2,0.5701663615378493,0.23593090822255836,0.19390273023959245,0.5779177138906811,0.23272539581752316,0.1893568902917957,0.022120611974969506,0.5378590078328982,0.46214099216710186,0.5397674291054496,0.4602325708945504
E0,2223,2023-01-01,Nott'm Forest,Chelsea,1,1,D,fpl-team-18,fpl-team-6,0.184310606039312,0.24748924161464322,0.5682001523460447,0.17974224201137515,0.24482096221470145,0.5754367957739235,0.020816244650632143,0.4855643044619423,0.5144356955380577,0.48483177054684756,0.5151682294531524
E0,2223,2023-01-02,Brentford,Liverpool,3,1,H,fpl-team-4,fpl-team-14,0.1703056768558952,0.21288209606986902,0.6168122270742358,0.1655568547683602,0.2093388345231801,0.6251043107084597,0.01978696626611054,0.5969773299748111,0.4030226700251889,0.6015295358682816,0.3984704641317183
E0,2223,2023-01-03,Arsenal,Newcastle,0,0,D,fpl-team-1,fpl-team-17,0.529163689923554,0.2514563748461797,0.21937993523026617,0.5347555825256035,0.2491108893404249,0.21613352813397158,0.019235932966694236,0.53125,0.46874999999999994,0.5326797385601753,0.4673202614398247
E0,2223,2023-01-03,Everton,Brighton,1,4,A,fpl-team-9,fpl-team-5,0.27025104326334237,0.27806176705708063,0.45168718967957694,0.2684025381199013,0.27644026013229883,0.45515720174779983,0.01972520025447011,0.4804177545691906,0.5195822454308094,0.4795171509692577,0.5204828490307424
E0,2223,2023-01-03,Leicester,Fulham,0,1,A,,fpl-team-10,0.4310305307656177,0.26479286049788636,0.304176608736496,0.43396348710424293,0.2627394187773223,0.30329709411843486,0.02020412788260728,0.548051948051948,0.451948051948052,0.5503894972043629,0.4496105027956371
E0,2223,2023-01-03,Man United,Bournemouth,3,0,H,,fpl-team-3,0.7466415272213056,0.16214942257836434,0.09120905020032996,0.7584221067837287,0.1571745245066354,0.08440336870963594,0.019582077860832214,0.6169154228855721,0.38308457711442784,0.6230624214402241,0.3769375785597758
E0,2223,2023-01-04,Southampton,Nott'm Forest,0,1,A,,fpl-team-18,0.47211704696452306,0.27699352755433,0.25088942548114707,0.4765973888732843,0.27516978974184475,0.24823282138487085,0.021747253369539976,0.4712041884816754,0.5287958115183247,0.4697469746961598,0.5302530253038402
E0,2223,2023-01-04,Leeds,West Ham,2,2,D,fpl-team-13,,0.3658986247420901,0.27234499909780574,0.3617563761601042,0.3669391415899808,0.2703968955007349,0.36266396290928427,0.021574438316747546,0.5326370757180157,0.46736292428198434,0.5342315697241824,0.46576843027581766
E0,2223,2023-01-04,Aston Villa,Wolves,1,1,D,fpl-team-2,,0.4824003444666543,0.2689010323497597,0.24869862318358607,0.4870245830879709,0.26689841647321977,0.24607700043880937,0.020891224732622504,0.4647519582245431,0.5352480417754569,0.4630035626256049,0.5369964373743951
E0,2223,2023-01-04,Crystal Palace,Tottenham,0,4,A,fpl-team-8,,0.2869535750593019,0.2754094657178357,0.4376369592228623,0.2854563755557519,0.27354309777175706,0.44100052667249096,0.02171338559128344,0.5065616797900262,0.4934383202099738,0.5068900892950844,0.49310991070491567
E0,2223,2023-01-05,Chelsea,Man City,0,1,A,fpl-team-6,fpl-team-15,0.18527657995241936,0.23768732465359999,0.5770360953939808,0.18045418345734884,0.23453385834386828,0.5850119581987828,0.02213225979357958,0.5326370757180157,0.46736292428198434,0.5342315697241824,0.46576843027581766
E0,2223,2023-01-12,Fulham,Chelsea,2,1,H,fpl-team-10,fpl-team-6,0.2864970820154141,0.2719294337773422,0.4415734842072437,0.28514248100619266,0.2701572820865696,0.4447002369072377,0.019431059481576085,0.5248041775456919,0.47519582245430814,0.5259690558238855,0.4740309441761144
E0,2223,2023-01-13,Aston Villa,Leeds,2,1,H,fpl-team-2,fpl-team-13,0.4957803326810176,0.26496249184605347,0.2392571754729289,0.5005815159282047,0.2629368018724788,0.23648168219931653,0.019900100771337748,0.5350649350649351,0.464935064935065,0.5366111623424585,0.4633888376575414
E0,2223,2023-01-14,Man United,Man City,2,1,H,,fpl-team-15,0.22896233097436616,0.24716190087232862,0.5238757681533052,0.22605690478183116,0.2447560000290019,0.529187095189167,0.018768392968922853,0.5629820051413882,0.4370179948586118,0.5658071447799535,0.43419285522004647
E0,2223,2023-01-14,Brighton,Liverpool,3,0,H,fpl-team-5,fpl-team-14,0.29055916016621713,0.25578479259313264,0.45365604724065034,0.2892888574199699,0.25349474003932604,0.45721640254070395,0.019913250813260674,0.6030150753768844,0.39698492462311563,0.6081223628712389,0.3918776371287611
E0,2223,2023-01-14,Everton,Southampton,1,2,A,fpl-team-9,,0.4270898555344316,0.2834667182750652,0.28944342619050334,0.42992323188179987,0.28196034578402807,0.288116422334172,0.020334340631961823,0.4559585492227979,0.5440414507772021,0.45400432901208554,0.5459956709879143
E0,2223,2023-01-14,Nott'm Forest,Leicester,2,0,H,fpl-team-18,,0.3538050734312416,0.28304405874499333,0.36315086782376504,0.3543986932582351,0.28158467312899355,0.36401663361277137,0.01956711453385651,0.4817708333333334,0.5182291666666667,0.4809860111382203,0.5190139888617799
E0,2223,2023-01-14,Wolves,West Ham,1,0,H,,,0.35618798645356775,0.294100172301111,0.3497118412453211,0.3568633415203931,0.29294127761603694,0.3501953808635699,0.019911960931494832,0.43076923076923074,0.5692307692307692,0.4276061776086497,0.5723938223913503
E0,2223,2023-01-14,Brentford,Bournemouth,2,0,H,fpl-team-4,fpl-team-3,0.579676963918734,0.23527231298413165,0.18505072309713427,0.586873381178956,0.23238971184957985,0.1807369069714641,0.019725985825061798,0.5274151436031332,0.47258485639686687,0.5287183414470292,0.4712816585529708
E0,2223,2023-01-15,Chelsea,Crystal Palace,1,0,H,fpl-team-6,fpl-team-8,0.5794194781286809,0.24474206964214001,0.1758384522291792,0.5866911149195442,0.24209886483504836,0.17121002024540743,0.019965857733041048,0.4830287206266319,0.5169712793733681,0.4822549822524182,0.5177450177475817
E0,2223,2023-01-15,Newcastle,Fulham,1,0,H,fpl-team-17,fpl-team-10,0.6311546525920034,0.21704865880991972,0.15179668859807677,0.6405506120837348,0.21333973084535748,0.1461096570709077,0.02140426984988153,0.5492227979274612,0.45077720207253885,0.551507265228968,0.44849273477103196
E0,2223,2023-01-15,Tottenham,Arsenal,0,2,A,,fpl-team-1,0.29596301864775715,0.2641653389583287,0.43987164239391424,0.2947685776579339,0.261966678436756,0.4432647439053102,0.02144552126992494,0.5326370757180157,0.46736292428198434,0.5342315697241824,0.46576843027581766
E0,2223,2023-01-18,Crystal Palace,Man United,1,1,D,fpl-team-8,,0.21098459477561954,0.25452109845947757,0.5344943067649028,0.20740575791230617,0.252197287581863,0.5403969545058309,0.019778761314228177,0.4960835509138382,0.5039164490861618,0.4959094627760753,0.5040905372239246
E0,2223,2023-01-19,Man City,Tottenham,4,2,H,fpl-team-15,,0.7026370279655486,0.17793211244229237,0.119430859592159,0.7133284931230399,0.17338013767212998,0.11329136920483007,0.019737811526283622,0.6212871287128713,0.37871287128712877,0.6275941983877966,0.3724058016122034
E0,2223,2023-01-21,Liverpool,Chelsea,0,0,D,fpl-team-14,fpl-team-6,0.510725310159061,0.25268870057607984,0.23658598926485908,0.5154805557505059,0.25052403161416353,0.23399541263533052,0.018036603461951017,0.5604113110539846,0.43958868894601544,0.5630398626560281,0.43696013734397193
E0,2223,2023-01-21,Bournemouth,Nott'm Forest,1,1,D,fpl-team-3,fpl-team-18,0.3486842105263158,0.3026315789473684,0.3486842105263158,0.3491297136948103,0.30174057261037945,0.3491297136948103,0.019553502555936575,0.41984732824427484,0.5801526717557253,0.416267942598957,0.583732057401043
E0,2223,2023-01-21,Leicester,Brighton,2,2,D,,fpl-team-5,0.2740368823612219,0.2635258786542161,0.4624372389845619,0.27228603102541826,0.2614679642209335,0.4662460047536482,0.019851504708640277,0.5234374999999999,0.4765625,0.5244678248143256,0.4755321751856744
E0,2223,2023-01-21,Southampton,Aston Villa,0,1,A,,fpl-team-2,0.33440220239165963,0.28493442097277505,0.38066337663556515,0.33443068532275844,0.2835573551059286,0.382011959571313,0.019174508517608047,0.4699738903394256,0.5300261096605744,0.4685276409369166,0.5314723590630834
E0,2223,2023-01-21,West Ham,Everton,2,0,H,,fpl-team-9,0.5355378369123905,0.26194785501149537,0.20251430807611406,0.5411675362805102,0.2599464255166005,0.19888603820288925,0.01876206207089126,0.4597402597402597,0.5402597402597403,0.45789873968600897,0.542101260313991
E0,2223,2023-01-21,Crystal Palace,Newcastle,0,0,D,fpl-team-8,fpl-team-17,0.21884348255859323,0.2689696433681034,0.5121868740733033,0.21557032557556693,0.2671132950001021,0.517316379424331,0.019317531026899815,0.4470284237726098,0.5529715762273902,0.44462751876770606,0.5553724812322939
E0,2223,2023-01-22,Leeds,Brentford,0,0,D,fpl-team-13,fpl-team-4,0.4045257083576477,0.2623354729948778,0.3331388186474745,0.40657190560990203,0.26029936056021513,0.33312873382988284,0.019347816007211804,0.5681233933161953,0.4318766066838046,0.5713747037189356,0.4286252962810644
E0,2223,2023-01-22,Man City,Wolves,3,0,H,fpl-team-15,,0.8040990010726441,0.13074780505246245,0.0651531938748935,0.8168599343780197,0.12510609766310765,0.05803396795887259,0.018865993712097406,0.637469586374696,0.36253041362530414,0.6447307751332129,0.35526922486678725
E0,2223,2023-01-22,Arsenal,Man United,3,2,H,fpl-team-1,,0.5160630726278951,0.24867287955644687,0.23526404781565805,0.5217482616526856,0.24603550205533828,0.23221623629197613,0.020967735210433602,0.5607235142118864,0.43927648578811374,0.563702900516543,0.436297099483457
E0,2223,2023-01-23,Fulham,Tottenham,0,1,A,fpl-team-10,,0.29476889011901475,0.25546637143647943,0.44976473844450604,0.2935059698467954,0.2529347421554267,0.4535592879977778,0.021953901275992393,0.5518134715025906,0.4481865284974093,0.55427555700463,0.44572444299537
E0,2223,2023-02-03,Chelsea,Fulham,0,0,D,fpl-team-6,fpl-team-10,0.5880852399827322,0.23813822063498294,0.17377653938228485,0.595080603094411,0.2355024773777942,0.16941691952779483,0.018541013821959496,0.5091383812010444,0.4908616187989557,0.5095471903975043,0.49045280960249577
E0,2223,2023-02-04,Everton,Arsenal,1,0,H,fpl-team-9,fpl-team-1,0.11681815089817851,0.20215688429116369,0.6810249648106579,0.1102193885484921,0.19803601722047764,0.6917445942310302,0.021037194412201643,0.5195822454308094,0.4804177545691906,0.5204828490307424,0.4795171509692577
E0,2223,2023-02-04,Aston Villa,Leicester,2,4,A,fpl-team-2,,0.483960217312065,0.2645826462777498,0.2514571364101852,0.48825942946239215,0.2626182148935884,0.2491223556440194,0.019205863820388913,0.5013054830287206,0.49869451697127937,0.5013634380452007,0.4986365619547993
E0,2223,2023-02-04,Brentford,Southampton,3,0,H,fpl-team-4,,0.5080882864901247,0.26381507183141084,0.22809664167846452,0.5134670718631559,0.2616670963698313,0.22486583176701283,0.02074043545871973,0.4804177545691906,0.5195822454308094,0.4795171509692577,0.5204828490307424
E0,2223,2023-02-04,Brighton,Bournemouth,1,0,H,fpl-team-5,fpl-team-3,0.7113997113997114,0.183982683982684,0.10461760461760464,0.7230140810848233,0.1793034958996726,0.097682423015504,0.021039091516286135,0.5604113110539846,0.43958868894601544,0.5630398626560281,0.43696013734397193
E0,2223,2023-02-04,Man United,Crystal Palace,2,1,H,,fpl-team-8,0.6859076100576392,0.198813800016707,0.11527858992565365,0.6967710957528406,0.1945912215581878,0.10863768268897156,0.02103380998596549,0.5182291666666667,0.4817708333333334,0.5190139888617799,0.4809860111382203
E0,2223,2023-02-04,Wolves,Liverpool,3,0,H,,fpl-team-14,0.23909409829350636,0.24965150003633646,0.5112544016701571,0.23626126503669892,0.24713150883596938,0.5166072261273318,0.02026557526551187,0.5338541666666666,0.46614583333333337,0.5354271699073179,0.4645728300926822
E0,2223,2023-02-04,Newcastle,West Ham,1,1,D,fpl-team-17,,0.5945578847285734,0.24571014623986961,0.15973196903155704,0.6019949075428951,0.24318221103656085,0.15482288142054398,0.01925387396477163,0.46354166666666663,0.5364583333333334,0.46181957019966147,0.5381804298003386
E0,2223,2023-02-05,Nott'm Forest,Leeds,1,0,H,fpl-team-18,fpl-team-13,0.3644515367635238,0.28051080380632737,0.3550376594301487,0.36535988263819597,0.2789697535297448,0.35567036383205924,0.019674561452120543,0.5026041666666667,0.4973958333333334,0.5027127471991384,0.4972872528008616
E0,2223,2023-02-05,Tottenham,Man City,1,0,H,,fpl-team-15,0.21756476885237577,0.23168555913846742,0.5507496720091568,0.214329698810192,0.2288381099080522,0.5568321912817558,0.018851591274142265,0.5805626598465473,0.4194373401534527,0.584613731586484,0.41538626841351595
E0,2223,2023-02-08,Man United,Leeds,2,2,D,,fpl-team-13,0.6539715664536324,0.19903482457284463,0.14699360897352287,0.6635799538476943,0.19497638819568971,0.141443657956616,0.020337883150205016,0.5969773299748111,0.4030226700251889,0.6015295358682816,0.3984704641317183
E0,2223,2023-02-11,West Ham,Chelsea,1,1,D,,fpl-team-6,0.2831872836271391,0.2926555514687759,0.4241571649040849,0.2817481304782003,0.2914865688445353,0.4267653006772643,0.01931335381232202,0.4271099744245524,0.5728900255754477,0.4238130881099361,0.576186911890064
E0,2223,2023-02-11,Arsenal,Brentford,1,1,D,fpl-team-1,fpl-team-4,0.6666566495875468,0.20479918260634383,0.12854416780610942,0.6752309103568908,0.20145145031072836,0.12331763933238081,0.017448822502046824,0.5529715762273902,0.4470284237726098,0.5553724812322939,0.44462751876770606
E0,2223,2023-02-11,Crystal Palace,Brighton,1,1,D,fpl-team-8,fpl-team-5,0.25296492957298655,0.27458586372452387,0.4724492067024896,0.25072023064056775,0.27293974373165597,0.47634002562777633,0.0188138410449028,0.46614583333333337,0.5338541666666666,0.4645728300926822,0.5354271699073179
E0,2223,2023-02-11,Fulham,Nott'm Forest,2,0,H,fpl-team-10,fpl-team-18,0.5001298329482733,0.2711378026938672,0.22873236435785954,0.5046028025256091,0.26946294177239505,0.22593425570199582,0.01804408966563642,0.46354166666666663,0.5364583333333334,0.46181957019966147,0.5381804298003386
E0,2223,2023-02-11,Leicester,Tottenham,4,1,H,,,0.2838596298533692,0.2643637761546488,0.451776593991982,0.282414194503097,0.26235466731574647,0.4552311381811565,0.01962250634096563,0.5466321243523315,0.4533678756476684,0.5487474610619594,0.45125253893804057
E0,2223,2023-02-11,Southampton,Wolves,1,2,A,,,0.31788986492868615,0.30289505997921984,0.37921507509209407,0.31745059329735037,0.3020311879457123,0.38051821875693725,0.01910351449623704,0.4173027989821883,0.5826972010178116,0.4134625625897661,0.5865374374102339
E0,2223,2023-02-11,Bournemouth,Newcastle,1,1,D,fpl-team-3,fpl-team-17,0.15051275209622691,0.23689076007263302,0.6125964878311401,0.1451434837952796,0.23399491107549275,0.6208616051292276,0.020050399005413055,0.47532467532467537,0.5246753246753246,0.4743007087627126,0.5256992912372874
E0,2223,2023-02-12,Leeds,Man United,0,2,A,fpl-team-13,,0.24918925843272363,0.24983650325982157,0.5009742383074548,0.24670602372857198,0.24737211094125655,0.5059218653301715,0.019871381809934974,0.5790816326530612,0.42091836734693877,0.5827659858396428,0.4172340141603571
E0,2223,2023-02-12,Man City,Aston Villa,3,1,H,fpl-team-15,fpl-team-2,0.7723130724823098,0.14649337490180384,0.08119355261588622,0.7840485553630303,0.14139911344190387,0.07455233119506587,0.0184171199798584,0.637469586374696,0.36253041362530414,0.6447307751332129,0.35526922486678725
E0,2223,2023-02-13,Liverpool,Everton,2,0,H,fpl-team-14,fpl-team-9,0.6269981870696014,0.21901991466129914,0.15398189826909955,0.6362741046081803,0.2153701417722945,0.14835575361952505,0.021423384780064225,0.5364583333333334,0.46354166666666663,0.5381804298003386,0.46181957019966147
E0,2223,2023-02-15,Arsenal,Man City,1,3,A,fpl-team-1,fpl-team-15,0.3283531317285874,0.27409534927770973,0.39755151899370295,0.32820391391611203,0.2723629894941859,0.39943309658970205,0.019720545038580894,0.5182291666666667,0.4817708333333334,0.5190139888617799,0.4809860111382203
E0,2223,2023-02-18,Aston Villa,Arsenal,2,4,A,fpl-team-2,fpl-team-1,0.2173119960271099,0.25948575266848967,0.5232022513044005,0.21397334730507228,0.25734491091176687,0.5286817417831609,0.01944263931363821,0.484375,0.5156249999999999,0.48370804822368996,0.5162919517763099
E0,2223,2023-02-18,Brentford,Crystal Palace,1,1,D,fpl-team-4,fpl-team-8,0.5179596052329584,0.2721482671563002,0.20989212761074133,0.5231817734435067,0.2704044720881834,0.20641375446830984,0.019055914133787155,0.4455958549222798,0.5544041450777203,0.4429471854004886,0.5570528145995115
E0,2223,2023-02-18,Brighton,Fulham,0,1,A,fpl-team-5,fpl-team-10,0.5761689956103246,0.236995621347104,0.18683538304257127,0.5832747002547302,0.2341591113777882,0.18256618836748176,0.019756000256165862,0.5466321243523315,0.4533678756476684,0.5487474610619594,0.45125253893804057
E0,2223,2023-02-18,Chelsea,Southampton,0,1,A,fpl-team-6,,0.6961787118290388,0.20183332401766246,0.10198796415329867,0.7072219011141936,0.19772842687043235,0.09504967201537404,0.020837095915339887,0.4960835509138382,0.5039164490861618,0.4959094627760753,0.5040905372239246
E0,2223,2023-02-18,Everton,Leeds,1,0,H,fpl-team-9,fpl-team-13,0.3877958849413618,0.29055401651195684,0.32165009854668136,0.3894065823127802,0.28929053160912427,0.32130288607809554,0.019900913001038134,0.4597402597402597,0.5402597402597403,0.45789873968600897,0.542101260313991
E0,2223,2023-02-18,Nott'm Forest,Man City,1,1,D,fpl-team-18,fpl-team-15,0.095947557391684,0.1708959162794941,0.7331565263288219,0.08876688404115456,0.16580705322550454,0.7454260627333409,0.021086256485432386,0.5816326530612244,0.4183673469387755,0.5855798031564324,0.4144201968435676
E0,2223,2023-02-18,Wolves,Bournemouth,0,1,A,,fpl-team-3,0.5731505284204513,0.25272779205941165,0.17412167952013713,0.5800334631412983,0.25038811592867993,0.16957842093002182,0.019385526538826525,0.4583333333333333,0.5416666666666667,0.45629370629077537,0.5437062937092246
E0,2223,2023-02-18,Newcastle,Liverpool,0,2,A,fpl-team-17,fpl-team-14,0.3749898021421329,0.2745651827650375,0.35044501509282966,0.37615444321139324,0.27292398373779164,0.350921573050815,0.018828180385753512,0.5326370757180157,0.46736292428198434,0.5342315697241824,0.46576843027581766
E0,2223,2023-02-19,Man United,Leicester,3,0,H,,,0.5933503836317134,0.22250639386189255,0.18414322250639387,0.6011631612320982,0.219160398893019,0.17967643987488283,0.020305306767113507,0.5888324873096447,0.4111675126903554,0.5931247339443514,0.40687526605564867
E0,2223,2023-02-19,Tottenham,West Ham,2,0,H,,,0.525331865096162,0.25568013646967463,0.21898799843416328,0.531077842806381,0.25334701414160327,0.21557514305201567,0.020169593160972,0.5195822454308094,0.4804177545691906,0.5204828490307424,0.4795171509692577
E0,2223,2023-02-24,Fulham,Wolves,1,1,D,fpl-team-10,,0.3794365798859334,0.2993071158106431,0.3212563043034236,0.3807253604148076,0.29835684314514394,0.3209177964400485,0.018800582271069288,0.42820512820512824,0.5717948717948719,0.42481404902249686,0.5751859509775031
E0,2223,2023-02-25,Everton,Aston Villa,0,2,A,fpl-team-9,fpl-team-2,0.3782682969266541,0.2993151009949226,0.3224166020784233,0.379630462259652,0.29828495465939814,0.32208458308094995,0.02040344150736928,0.42091836734693877,0.5790816326530612,0.4172340141603571,0.5827659858396428
E0,2223,2023-02-25,Leeds,Southampton,1,0,H,fpl-team-13,,0.48332735872368415,0.2694177713893926,0.24725486988692327,0.48775905995948815,0.26752547726615855,0.24471546277435338,0.019888596842065454,0.47519582245430814,0.5248041775456919,0.4740309441761144,0.5259690558238855
E0,2223,2023-02-25,Leicester,Arsenal,0,1,A,,fpl-team-1,0.20314628542548338,0.23493445722800407,0.5619192573465126,0.19920997897097065,0.2319404938855514,0.568849527143478,0.020459812367334962,0.5717948717948719,0.42820512820512824,0.5751859509775031,0.42481404902249686
E0,2223,2023-02-25,West Ham,Nott'm Forest,4,0,H,,fpl-team-18,0.5401832354331444,0.2663507365847637,0.19346602798209195,0.5463445782799277,0.26433514973717437,0.189320271982898,0.020097985863685608,0.44072164948453607,0.5592783505154639,0.4380170857299405,0.5619829142700595
E0,2223,2023-02-25,Bournemouth,Man City,1,4,A,fpl-team-3,fpl-team-15,0.09424039348140459,0.16561005463771789,0.7401495518808775,0.08733507193510359,0.16060355916558278,0.7520613688993136,0.02010835986584425,0.6109725685785536,0.38902743142144636,0.6164311878575,0.38356881214249994
E0,2223,2023-02-25,Crystal Palace,Liverpool,0,0,D,fpl-team-8,fpl-team-14,0.20420339711889918,0.2442127141116606,0.5515838887694403,0.20018569986901932,0.24141740183308155,0.5583968982978992,0.021067938767373562,0.5260416666666667,0.4739583333333334,0.5272005222488932,0.4727994777511068
E0,2223,2023-02-26,Tottenham,Chelsea,2,0,H,,fpl-team-6,0.3794180869932928,0.28940598827716635,0.3311759247295408,0.38070777303519165,0.2881782901113757,0.3311139368534327,0.018826836021617055,0.4701298701298701,0.5298701298701299,0.46885494529171984,0.5311450547082802
E0,2223,2023-03-01,Arsenal,Everton,4,0,H,fpl-team-1,fpl-team-9,0.7064104413037208,0.19061869051052785,0.10297086818575138,0.7177710751210068,0.18617670945602685,0.09605221542296635,0.020852079382166266,0.5260416666666667,0.4739583333333334,0.5272005222488932,0.4727994777511068
E0,2223,2023-03-01,Liverpool,Wolves,2,0,H,fpl-team-14,,0.6450046947757047,0.20938060897947713,0.14561469624481818,0.6544129432949279,0.2055990270168915,0.13998802968818055,0.02048472478054464,0.5529715762273902,0.4470284237726098,0.5553724812322939,0.44462751876770606
E0,2223,2023-03-04,Man City,Newcastle,2,0,H,fpl-team-15,fpl-team-17,0.6487713898599936,0.20918990348426808,0.14203870665573826,0.658514480297357,0.20530994587328402,0.1361755738293589,0.020979500142857432,0.5592783505154639,0.44072164948453607,0.5619829142700595,0.4380170857299405
E0,2223,2023-03-04,Arsenal,Bournemouth,3,2,H,fpl-team-1,fpl-team-3,0.7892039065010175,0.14117723840634033,0.06961885509264217,0.80231944809854,0.13549127907319528,0.06218927282826479,0.01999931945465505,0.6040100250626567,0.3959899749373434,0.6089868165350346,0.39101318346496533
E0,2223,2023-03-04,Aston Villa,Crystal Palace,1,0,H,fpl-team-2,fpl-team-8,0.4636070482552113,0.28905620177358055,0.2473367499712081,0.4676792234499801,0.2876653601269531,0.24465541642306668,0.021051570773124695,0.4183673469387755,0.5816326530612244,0.4144201968435676,0.5855798031564324
E0,2223,2023-03-04,Brighton,West Ham,4,0,H,fpl-team-5,,0.5378255490161765,0.2533441401944621,0.20883031078936137,0.5437251764988594,0.25102506264502505,0.20524976085611554,0.019445240730419755,0.4960835509138382,0.5039164490861618,0.4959094627760753,0.5040905372239246
E0,2223,2023-03-04,Chelsea,Leeds,1,0,H,fpl-team-6,fpl-team-13,0.586489058039962,0.2392641928322233,0.17424674912781482,0.5939691283195044,0.23645950856588988,0.16957136311460563,0.019969141110777855,0.5039164490861618,0.4960835509138382,0.5040905372239246,0.4959094627760753
E0,2223,2023-03-04,Wolves,Tottenham,1,0,H,,,0.29042170395049977,0.28609995240361735,0.42347834364588294,0.2891363023431235,0.28468598750746726,0.4261777101494092,0.020146760856732726,0.4571428571428572,0.5428571428571429,0.4551435406717738,0.5448564593282261
E0,2223,2023-03-04,Southampton,Leicester,1,0,H,,,0.3464882890098692,0.2899614986578059,0.3635502123323249,0.34689622778569296,0.28861379541810406,0.3644899767962029,0.02096154703758657,0.47135416666666663,0.5286458333333333,0.4700623247981288,0.5299376752018712
E0,2223,2023-03-05,Nott'm Forest,Everton,2,2,D,fpl-team-18,fpl-team-9,0.3586880224618722,0.31210516240188885,0.3292068151362389,0.35944660500068826,0.31147046922076493,0.3290829257785468,0.02013923297636211,0.3840399002493765,0.6159600997506234,0.3777538251352326,0.6222461748647674
E0,2223,2023-03-05,Liverpool,Man United,7,0,H,fpl-team-14,,0.4009174311926606,0.26146788990825687,0.3376146788990826,0.40289013048555705,0.25937478855015295,0.33773508096428995,0.019655313808470964,0.5790816326530612,0.42091836734693877,0.5827659858396428,0.4172340141603571
E0,2223,2023-03-06,Brentford,Fulham,3,2,H,fpl-team-4,fpl-team-10,0.47915008049820423,0.2625479893140845,0.2583019301877112,0.4838695839677899,0.260256093955582,0.25587432207662797,0.021803756477311254,0.5052356020942408,0.4947643979057591,0.5054829070382821,0.49451709296171786
E0,2223,2023-03-11,Bournemouth,Liverpool,1,0,H,fpl-team-3,fpl-team-14,0.1356421660588942,0.19373537657300646,0.6706224573680993,0.12939459520068933,0.18923970653376368,0.6813656982655469,0.0216830859426409,0.5877862595419847,0.41221374045801523,0.5921917588569927,0.4078082411430074
E0,2223,2023-03-11,Everton,Brentford,1,0,H,fpl-team-9,fpl-team-4,0.3535119038088986,0.299380393538161,0.34710770265294033,0.35416757240934044,0.2982776012475686,0.34755482634309093,0.021914327051490545,0.4245524296675191,0.5754475703324808,0.42101740293563406,0.578982597064366
E0,2223,2023-03-11,Leeds,Brighton,2,2,D,fpl-team-13,fpl-team-5,0.25027780181739506,0.2618710514928602,0.48785114668974466,0.24777575150823392,0.2597141862802043,0.49251006221156174,0.02030061383266002,0.5169712793733681,0.4830287206266319,0.5177450177475817,0.4822549822524182
E0,2223,2023-03-11,Leicester,Chelsea,1,3,A,,fpl-team-6,0.250573644720357,0.26957782564015936,0.47984852963948366,0.24799145592675828,0.26758222559905476,0.48442631847418693,0.021042041247710586,0.4830287206266319,0.5169712793733681,0.4822549822524182,0.5177450177475817
E0,2223,2023-03-11,Tottenham,Nott'm Forest,3,1,H,,fpl-team-18,0.6652573529411764,0.20735294117647057,0.12738970588235293,0.6760981498754836,0.2031680688859904,0.12073378123852606,0.022263925289735198,0.5248041775456919,0.47519582245430814,0.5259690558238855,0.4740309441761144
E0,2223,2023-03-11,Crystal Palace,Man City,0,1,A,fpl-team-8,fpl-team-15,0.10613469253374629,0.18760136082625078,0.7062639466400029,0.09926799698270652,0.1830507281189498,0.7176812748983438,0.020952624967321754,0.5394736842105263,0.46052631578947373,0.541811846683402,0.45818815331659807
E0,2223,2023-03-12,Fulham,Arsenal,0,3,A,fpl-team-10,fpl-team-1,0.16704079087590412,0.22993144835196397,0.6030277607721318,0.16175521369370638,0.22659246721886644,0.6116523190874272,0.021656640339642763,0.5274151436031332,0.47258485639686687,0.5287183414470292,0.4712816585529708
E0,2223,2023-03-12,Man United,Southampton,0,0,D,,,0.7142402695713131,0.18195474548014445,0.10380498494854226,0.7269556671250358,0.17679251742965083,0.09625181544531333,0.022925884695723653,0.5831202046035805,0.41687979539641945,0.587450220630869,0.4125497793691309
E0,2223,2023-03-12,West Ham,Aston Villa,1,1,D,,fpl-team-2,0.43003140772698445,0.2845608425018324,0.2854077497711831,0.4331071551342902,0.2830096014867042,0.2838832433790055,0.021412813337519765,0.4699738903394256,0.5300261096605744,0.4685276409369166,0.5314723590630834
E0,2223,2023-03-12,Newcastle,Wolves,2,1,H,fpl-team-17,,0.5735188492582207,0.2513849024307686,0.1750962483110107,0.581397158049461,0.2486634588440104,0.16993938310652862,0.022195444209501147,0.4444444444444444,0.5555555555555556,0.4418604651230232,0.5581395348769767
E0,2223,2023-03-15,Brighton,Crystal Palace,1,0,H,fpl-team-5,fpl-team-8,0.6572716407183756,0.21612986383982621,0.12659849544179796,0.6674207794310568,0.21238906115809547,0.12019015941084765,0.021334200631827116,0.5039370078740157,0.4960629921259842,0.504133597884274,0.495866402115726
E0,2223,2023-03-15,Southampton,Brentford,0,2,A,,fpl-team-4,0.3221028896932297,0.2890167922625052,0.38888031804426515,0.3217226861737719,0.2875282100850764,0.39074910374115174,0.022668536752462387,0.46214099216710186,0.5378590078328982,0.4602325708945504,0.5397674291054496
E0,2223,2023-03-17,Nott'm Forest,Newcastle,1,2,A,fpl-team-18,fpl-team-17,0.1724662339798469,0.25126934350066465,0.5762644225194885,0.16780866856942836,0.2488514640927009,0.5833398673378708,0.01967919268645346,0.46874999999999994,0.53125,0.4673202614398247,0.5326797385601753
E0,2223,2023-03-18,Aston Villa,Bournemouth,3,0,H,fpl-team-2,fpl-team-3,0.5582093368549206,0.24938183360791252,0.19240882953716695,0.5651629353937055,0.24676630516464118,0.18807075944165325,0.02087930589914322,0.4973821989528796,0.5026178010471204,0.4972587719301746,0.5027412280698255
E0,2223,2023-03-18,Brentford,Leicester,1,1,D,fpl-team-4,,0.4917580046603954,0.259169759212911,0.24907223612669369,0.49680639604892546,0.2568042505545321,0.24638935339654247,0.02146886382251978,0.5169712793733681,0.4830287206266319,0.5177450177475817,0.4822549822524182
E0,2223,2023-03-18,Southampton,Tottenham,3,3,D,,,0.21076481546749914,0.26116509742711846,0.5280700871053824,0.20708359318745853,0.25897679519466793,0.5339396116178735,0.020321194548159838,0.47780678851174935,0.5221932114882506,0.4767759562805075,0.5232240437194925
E0,2223,2023-03-18,Wolves,Leeds,2,4,A,,fpl-team-13,0.4211405739193607,0.2972756992371958,0.28158372684344346,0.4238466021436273,0.29616289555452896,0.2799905023018437,0.020740467589348555,0.42091836734693877,0.5790816326530612,0.4172340141603571,0.5827659858396428
E0,2223,2023-03-18,Chelsea,Everton,2,2,D,fpl-team-6,fpl-team-9,0.64433098135681,0.22967779000517868,0.1259912286380114,0.653962457180734,0.2263959101718779,0.11964163264738807,0.021078649442642927,0.4583333333333333,0.5416666666666667,0.45629370629077537,0.5437062937092246
E0,2223,2023-03-19,Arsenal,Crystal Palace,4,1,H,fpl-team-1,fpl-team-8,0.7629591002762749,0.16211272619698255,0.07492817352674251,0.7758301203931899,0.15682009243711095,0.06734978716969922,0.020761077757924795,0.5529715762273902,0.4470284237726098,0.5553724812322939,0.44462751876770606
E0,2223,2023-04-01,Man City,Liverpool,4,1,H,fpl-team-15,fpl-team-14,0.5860055487450804,0.2288212142718885,0.18517323698303115,0.5936330883115291,0.2256488396575605,0.1807180720309104,0.02039611549116671,0.5790816326530612,0.42091836734693877,0.5827659858396428,0.4172340141603571
E0,2223,2023-04-01,Arsenal,Leeds,4,1,H,fpl-team-1,fpl-team-13,0.7440575763470142,0.16435518381637815,0.09158723983660766,0.7568603071216634,0.15897242373101944,0.08416726914731712,0.021471767337061465,0.6212871287128713,0.37871287128712877,0.6275941983877966,0.3724058016122034
E0,2223,2023-04-01,Bournemouth,Fulham,2,1,H,fpl-team-3,fpl-team-10,0.3748300825087724,0.28729491353965797,0.33787500395156955,0.3761282967158103,0.2858566398297033,0.33801506345448656,0.02107557258568704,0.46874999999999994,0.53125,0.4673202614398247,0.5326797385601753
E0,2223,2023-04-01,Brighton,Brentford,3,3,D,fpl-team-5,fpl-team-4,0.574710399401971,0.23523685465717925,0.1900527459408498,0.5822444800709373,0.23215719010749727,0.18559832982156532,0.021087883273139596,0.5428571428571429,0.4571428571428572,0.5448564593282261,0.4551435406717738
E0,2223,2023-04-01,Crystal Palace,Leicester,2,1,H,fpl-team-8,,0.3776583091488653,0.29606546457966604,0.3262762262714687,0.37905668569198714,0.294891215184812,0.3260520991232008,0.021244615083560348,0.43927648578811374,0.5607235142118864,0.436297099483457,0.563702900516543
E0,2223,2023-04-01,Nott'm Forest,Wolves,1,1,D,fpl-team-18,,0.32469783026029714,0.3070624848467986,0.3682396848929041,0.32443755500794463,0.3062732302129327,0.3692892147791228,0.020236927550286055,0.40050377833753154,0.5994962216624685,0.3956186247956392,0.6043813752043609
E0,2223,2023-04-01,Chelsea,Aston Villa,0,2,A,fpl-team-6,fpl-team-2,0.5715091023642935,0.25068806578903735,0.1778028318466691,0.5788705271364435,0.2481058637328306,0.17302360913072604,0.02089143474586308,0.4947643979057591,0.5052356020942408,0.49451709296171786,0.5054829070382821
E0,2223,2023-04-02,West Ham,Southampton,1,0,H,,,0.5458561350299994,0.25687347530823496,0.19727038966176566,0.5523269987724588,0.25452730744617874,0.19314569378136232,0.02054670755751431,0.46614583333333337,0.5338541666666666,0.4645728300926822,0.5354271699073179
E0,2223,2023-04-02,Newcastle,Man United,2,0,H,fpl-team-17,,0.3979719486673862,0.27800359312707273,0.3240244582055408,0.40001887194145547,0.27625482787320105,0.3237263001853435,0.021326709305867553,0.5013123359580053,0.49868766404199477,0.5013777900249893,0.4986222099750107
E0,2223,2023-04-03,Everton,Tottenham,1,1,D,fpl-team-9,,0.28106725007854105,0.28524979844280507,0.4336829514786539,0.27938299713791603,0.28369929283684137,0.4369177100252426,0.021703644888475537,0.4578947368421053,0.5421052631578948,0.45536212476552757,0.5446378752344725
E0,2223,2023-04-04,Bournemouth,Brighton,0,2,A,fpl-team-3,fpl-team-5,0.16212566526332514,0.22448169036460405,0.6133926443720709,0.15725547909387833,0.2213402492113039,0.6214042716948178,0.019351626047864556,0.53125,0.46874999999999994,0.5326797385601753,0.4673202614398247
E0,2223,2023-04-04,Leeds,Nott'm Forest,2,1,H,fpl-team-13,fpl-team-18,0.5573292915205496,0.25174404029518294,0.19092666818426746,0.5635289615544247,0.24946923609015698,0.1870018023554183,0.01866439008153975,0.48958333333333337,0.5104166666666667,0.48914459400569166,0.5108554059943083
E0,2223,2023-04-04,Leicester,Aston Villa,1,2,A,,fpl-team-2,0.3729493255559606,0.28217280349981766,0.3448778709442216,0.3741048517886316,0.28068234742307174,0.3452128007882966,0.01964362128637731,0.49347258485639683,0.5065274151436031,0.49318169421201064,0.5068183057879894
E0,2223,2023-04-04,Chelsea,Liverpool,0,0,D,fpl-team-6,fpl-team-14,0.4280337032036147,0.2783456162451252,0.2936206805512601,0.4307352379321793,0.27677840718499175,0.292486354882829,0.019185604876838624,0.5013054830287206,0.49869451697127937,0.5013634380452007,0.4986365619547993
E0,2223,2023-04-05,Man United,Brentford,1,0,H,,fpl-team-4,0.5810145680294824,0.22989785065914772,0.18908758131137,0.5889634056566719,0.22656052448776925,0.18447606985555873,0.021695424802601337,0.5581395348837209,0.441860465116279,0.5609161793415036,0.4390838206584964
E0,2223,2023-04-05,West Ham,Newcastle,1,5,A,,fpl-team-17,0.27195705960687433,0.28152739601532734,0.4465155443777983,0.27005673833788263,0.27992098637685187,0.45002227528526545,0.02085476298816502,0.4470284237726098,0.5529715762273902,0.44462751876770606,0.5553724812322939
E0,2223,2023-04-08,Man United,Everton,2,0,H,,fpl-team-9,0.6387851226246548,0.2192626279031996,0.14195224947214552,0.6487096970888118,0.21550192983540453,0.1357883730757837,0.02208336628973484,0.5209424083769634,0.4790575916230366,0.5219677623056301,0.47803223769436987
E0,2223,2023-04-08,Aston Villa,Nott'm Forest,2,0,H,fpl-team-2,fpl-team-18,0.5924241119314756,0.23465209323447203,0.17292379483405237,0.6005190949653121,0.23154097762925685,0.1679399274054311,0.02113713719882071,0.5,0.5,0.5,0.5
E0,2223,2023-04-08,Brentford,Newcastle,1,2,A,fpl-team-4,fpl-team-17,0.2679677819083024,0.27648698884758366,0.455545229244114,0.26576732935082187,0.2745705125614877,0.4596621580876905,0.022695716936141253,0.47780678851174935,0.5221932114882506,0.4767759562805075,0.5232240437194925
E0,2223,2023-04-08,Fulham,West Ham,0,1,A,fpl-team-10,,0.34364458479867943,0.29591617024330724,0.3604392449580133,0.3439725629995321,0.2947233488950833,0.3613040881053845,0.0215061423368752,0.43927648578811374,0.5607235142118864,0.436297099483457,0.563702900516543
E0,2223,2023-04-08,Leicester,Bournemouth,0,1,A,,fpl-team-3,0.5094769673704415,0.257477607165707,0.23304542546385157,0.515248157112099,0.2549857708348914,0.22976607205300964,0.022091439575888216,0.5157068062827225,0.48429319371727747,0.5164631636708809,0.4835368363291191
E0,2223,2023-04-08,Tottenham,Brighton,2,1,H,,fpl-team-5,0.3744232964764392,0.2692482131965406,0.35632849032702024,0.37574138610414193,0.2671946959014862,0.3570639179943719,0.021646978799253702,0.5261780104712042,0.47382198952879584,0.5274868750139057,0.4725131249860944
E0,2223,2023-04-08,Wolves,Chelsea,1,0,H,,fpl-team-6,0.23168739920493883,0.27642243017534485,0.4918901706197163,0.22847950902268122,0.27461135898713834,0.4969091319901805,0.021331551484763622,0.4404145077720207,0.5595854922279793,0.43736383441719673,0.5626361655828032
E0,2223,2023-04-08,Southampton,Man City,1,4,A,,fpl-team-15,0.07692215924850404,0.1550870028144314,0.7679908379370645,0.06912403159708774,0.1493929615008612,0.781483006902051,0.021532107144594193,0.5949367088607596,0.40506329113924056,0.5997340425516807,0.40026595744831933
E0,2223,2023-04-09,Leeds,Crystal Palace,1,5,A,fpl-team-13,fpl-team-8,0.4532039582554356,0.2804282556947123,0.2663677860498521,0.4572789553797775,0.2786272789216331,0.26409376569858944,0.022905469173565507,0.4455958549222798,0.5544041450777203,0.4429471854004886,0.5570528145995115
E0,2223,2023-04-09,Liverpool,Arsenal,2,2,D,fpl-team-14,fpl-team-1,0.34319752700496686,0.25949081310131644,0.3973116598937168,0.34351647734140617,0.25706607165364304,0.3994174510049508,0.02219959907233715,0.5816326530612244,0.4183673469387755,0.5855798031564324,0.4144201968435676
E0,2223,2023-04-15,Aston Villa,Newcastle,3,0,H,fpl-team-2,fpl-team-17,0.26663884832046736,0.2814521176716044,0.45190903400792826,0.26471044199669086,0.2799487264360487,0.45534083156726035,0.019469695864245296,0.4765625,0.5234374999999999,0.4755321751856744,0.5244678248143256
E0,2223,2023-04-15,Chelsea,Brighton,1,2,A,fpl-team-6,fpl-team-5,0.3601046651422645,0.2811343438391363,0.3587609910185993,0.36090004739921366,0.2795836432429413,0.3595163093578451,0.020038121729157865,0.5,0.5,0.5,0.5
E0,2223,2023-04-15,Everton,Fulham,1,3,A,fpl-team-9,fpl-team-10,0.46334081811969147,0.28292492433857264,0.25373425754173584,0.4674624235026966,0.2813219390076531,0.25121563748965026,0.02135052136145532,0.4333333333333333,0.5666666666666667,0.4303863557166662,0.5696136442833337
E0,2223,2023-04-15,Southampton,Crystal Palace,0,2,A,,fpl-team-8,0.34089102299106433,0.3004102140108754,0.3586987629980602,0.3411160985753555,0.2994271522081462,0.3594567492164983,0.02012471598573029,0.4183673469387755,0.5816326530612244,0.4144201968435676,0.5855798031564324
E0,2223,2023-04-15,Tottenham,Bournemouth,2,3,A,,fpl-team-3,0.6515540200041061,0.20821400204479046,0.14023197795110337,0.6619964215324932,0.20405491963352373,0.13394865883398313,0.02232225821353495,0.5655526992287918,0.43444730077120824,0.568585260891557,0.431414739108443
E0,2223,2023-04-15,Wolves,Brentford,2,0,H,,fpl-team-4,0.38165233008791005,0.29775971263824563,0.3205879572738444,0.38308012168211397,0.2967096422623432,0.32021023605554283,0.019883056869730353,0.4271099744245524,0.5728900255754477,0.4238130881099361,0.576186911890064
E0,2223,2023-04-15,Man City,Leicester,3,1,H,fpl-team-15,,0.8308367196575556,0.11351832683189216,0.055644953510552216,0.844778796230269,0.10715878897708335,0.048062414792647716,0.019731446634978056,0.7074235807860262,0.2925764192139738,0.7188133407079703,0.2811866592920298
E0,2223,2023-04-16,West Ham,Arsenal,2,2,D,,fpl-team-1,0.16198150710719716,0.22723472087076,0.6107837720220428,0.15655308328239492,0.2238163042064251,0.61963061251118,0.02160543855279684,0.53125,0.46874999999999994,0.5326797385601753,0.4673202614398247
E0,2223,2023-04-16,Nott'm Forest,Man United,0,2,A,fpl-team-18,,0.19152662667704562,0.24182654883465357,0.5666468244883007,0.18687858761652257,0.23879289574938084,0.5743285166340966,0.022254741517826915,0.5352480417754569,0.4647519582245431,0.5369964373743951,0.4630035626256049
E0,2223,2023-04-17,Leeds,Liverpool,1,6,A,fpl-team-13,fpl-team-14,0.22000958319144384,0.22678712959307598,0.5532032872154802,0.21622668680532875,0.22322543106410353,0.5605478821305676,0.022557824617251754,0.6045340050377834,0.3954659949622167,0.6101380042436351,0.3898619957563648
E0,2223,2023-04-21,Arsenal,Southampton,3,3,D,fpl-team-1,,0.8008632291073097,0.13384900765024674,0.06528776324244372,0.8149852429665705,0.12763226491085042,0.05738249212257907,0.02112340647727251,0.6308068459657702,0.36919315403422975,0.6373273781929347,0.3626726218070652
E0,2223,2023-04-22,Fulham,Leeds,2,1,H,fpl-team-10,fpl-team-13,0.40281030444964866,0.2786885245901639,0.3185011709601873,0.40503440797178714,0.27694251006600235,0.3180230819622106,0.02155831316486001,0.5078534031413613,0.4921465968586388,0.5082254880451544,0.4917745119548455
E0,2223,2023-04-22,Brentford,Aston Villa,1,1,D,fpl-team-4,fpl-team-2,0.3788788986335541,0.2835987022316248,0.33752239913482107,0.3803402824394706,0.2820054382278293,0.33765427933270015,0.021621441701427102,0.48429319371727747,0.5157068062827225,0.4835368363291191,0.5164631636708809
E0,2223,2023-04-22,Crystal Palace,Everton,0,0,D,fpl-team-8,fpl-team-9,0.4545155789573619,0.2950854989538565,0.2503989220887816,0.45836501504506033,0.2938636483002524,0.24777133665468723,0.021395312622189522,0.40609137055837563,0.5939086294416244,0.4011752136730462,0.5988247863269538
E0,2223,2023-04-22,Leicester,Wolves,2,1,H,,,0.3917705980555828,0.2935284297358342,0.31470097220858295,0.39358751264091196,0.2922922241397955,0.31412026321929254,0.0209289095364511,0.4455958549222798,0.5544041450777203,0.4429471854004886,0.5570528145995115
E0,2223,2023-04-22,Liverpool,Nott'm Forest,3,2,H,fpl-team-14,fpl-team-18,0.8143821632714828,0.1257815383063285,0.059836298422188655,0.8289374907651547,0.11928269938781916,0.051779809847026174,0.02127651101909578,0.657210401891253,0.3427895981087471,0.6649714710814106,0.33502852891858936
E0,2223,2023-04-23,Bournemouth,West Ham,0,4,A,fpl-team-3,,0.3384025564203731,0.2946705337445095,0.3669269098351172,0.33856726243626867,0.2934043347890005,0.36802840277473076,0.02210009633563459,0.4493506493506493,0.5506493506493506,0.44683171556260953,0.5531682844373905
E0,2223,2023-04-23,Newcastle,Tottenham,6,1,H,fpl-team-17,,0.5197632355650956,0.2523784739620544,0.22785829047285003,0.5253120930309929,0.24996314542898887,0.22472476154001822,0.020052612060680985,0.5221932114882506,0.47780678851174935,0.5232240437194925,0.4767759562805075
E0,2223,2023-04-25,Wolves,Crystal Palace,2,0,H,,fpl-team-8,0.38195904291754257,0.3065403783924227,0.3115005786900348,0.38336611970157414,0.3057653103926306,0.31086856990579526,0.019465035758912563,0.3880597014925373,0.6119402985074627,0.3827392120274968,0.6172607879725031
E0,2223,2023-04-25,Aston Villa,Fulham,1,0,H,fpl-team-2,fpl-team-10,0.5343487895873656,0.24853432073830958,0.2171168896743247,0.5402896565357237,0.2460199492147166,0.21369039424955966,0.019919440150260925,0.5286458333333333,0.47135416666666663,0.5299376752018712,0.4700623247981288
E0,2223,2023-04-25,Leeds,Leicester,1,1,D,fpl-team-13,,0.40571349455418126,0.27162174635407055,0.32266475909174824,0.40786542715975344,0.2697907203925274,0.32234385244771907,0.020011168904602528,0.5466321243523315,0.4533678756476684,0.5487474610619594,0.45125253893804057
E0,2223,2023-04-26,Nott'm Forest,Brighton,3,1,H,fpl-team-18,fpl-team-5,0.1576653579546522,0.21986361843217553,0.6224710236131723,0.15205469764849164,0.21617815339995772,0.6317671489515506,0.02180316881276667,0.548051948051948,0.451948051948052,0.5503894972043629,0.4496105027956371
E0,2223,2023-04-26,Chelsea,Brentford,0,2,A,fpl-team-6,fpl-team-4,0.5617263885812581,0.2469285667028153,0.19134504471592662,0.5687099535306913,0.24426741286288006,0.1870226336064288,0.020645689219236374,0.4895287958115184,0.5104712041884817,0.489030577265449,0.510969422734551
E0,2223,2023-04-26,West Ham,Liverpool,1,2,A,,fpl-team-14,0.24199658520968947,0.24826592679543272,0.5097374879948777,0.23904146243640279,0.24551049939121192,0.5154480381723853,0.021821957314386964,0.5681233933161953,0.4318766066838046,0.5713747037189356,0.4286252962810644
E0,2223,2023-04-26,Man City,Arsenal,4,1,H,fpl-team-15,fpl-team-1,0.6168563536710581,0.21431980216633642,0.16882384416260537,0.6251339468299857,0.21082389601349993,0.16404215715651432,0.019750185776501894,0.5949367088607596,0.40506329113924056,0.5997340425516807,0.40026595744831933
E0,2223,2023-04-27,Everton,Newcastle,1,4,A,fpl-team-9,fpl-team-17,0.1983115207819815,0.25941290826615954,0.542275570951859,0.19412445593982497,0.2570912761701066,0.5487842678900685,0.021024975227192044,0.46736292428198434,0.5326370757180157,0.46576843027581766,0.5342315697241824
E0,2223,2023-04-27,Southampton,Bournemouth,0,1,A,,fpl-team-3,0.41654297665632173,0.27931453245176086,0.3041424908919174,0.4192503738282068,0.2775595475322578,0.30319007863953534,0.021910535171628,0.47519582245430814,0.5248041775456919,0.4740309441761144,0.5259690558238855
E0,2223,2023-04-27,Tottenham,Man United,2,2,D,,,0.34389950998374336,0.26287113228894354,0.3932293577273131,0.34422613085575343,0.2606669486445468,0.39510692049969975,0.021130327600985765,0.5769230769230769,0.423076923076923,0.5808080808067793,0.41919191919322074
E0,2223,2023-04-29,Crystal Palace,West Ham,4,3,H,fpl-team-8,,0.35588319632957366,0.30216497801567577,0.3419518256547506,0.3565646595803454,0.3012236873852335,0.34221165303442114,0.020356143591925502,0.41475826972010177,0.5852417302798981,0.41064283808085617,0.5893571619191439
E0,2223,2023-04-29,Brentford,Nott'm Forest,2,1,H,fpl-team-4,fpl-team-18,0.5781505683973254,0.2473530782318454,0.1744963533708291,0.5857972199676398,0.24463769184650494,0.16956508818585525,0.02112230728380382,0.4895287958115184,0.5104712041884817,0.489030577265449,0.510969422734551
E0,2223,2023-04-29,Brighton,Wolves,6,0,H,fpl-team-5,,0.6364368609301222,0.2199129656760834,0.14365017339379438,0.6455936104189907,0.2164412004302692,0.13796518915074016,0.020499142119660974,0.5287958115183247,0.4712041884816754,0.5302530253038402,0.4697469746961598
E0,2223,2023-04-30,Bournemouth,Leeds,4,1,H,fpl-team-3,fpl-team-13,0.36770182439689847,0.27420050333597284,0.3580976722671287,0.3687717441209999,0.272360776161772,0.3588674797172281,0.021004140144214034,0.5287958115183247,0.4712041884816754,0.5302530253038402,0.4697469746961598
E0,2223,2023-04-30,Fulham,Man City,1,2,A,fpl-team-10,fpl-team-15,0.08014016166959101,0.15371989276911915,0.76613994556129,0.07197363173195687,0.14764430949781235,0.7803820587702307,0.022847846848890185,0.6169154228855721,0.38308457711442784,0.6230624214402241,0.3769375785597758
E0,2223,2023-04-30,Man United,Aston Villa,1,0,H,,fpl-team-2,0.5373535829842735,0.24276380144974788,0.2198826155659786,0.5442582761373157,0.23969060787511517,0.2160511159875691,0.022846866282634437,0.5743589743589743,0.42564102564102557,0.577990533564807,0.422009466435193
E0,2223,2023-04-30,Newcastle,Southampton,3,1,H,fpl-team-17,,0.727224294086308,0.17581246670218434,0.09696323921150772,0.7394683805009459,0.17080869568885793,0.0897229238101963,0.021354296943172812,0.5569948186528497,0.4430051813471503,0.5598395212843887,0.44016047871561126
E0,2223,2023-04-30,Liverpool,Tottenham,4,3,H,fpl-team-14,,0.6252012485625102,0.2052899622145556,0.16950878922293414,0.6336035550105683,0.20158666445565188,0.16480978053377987,0.019476071931421757,0.635036496350365,0.36496350364963503,0.6417624520888251,0.35823754791117485
E0,2223,2023-05-01,Leicester,Everton,2,2,D,,fpl-team-9,0.46957992609112553,0.27766465194953516,0.25275542195933937,0.4740279905942569,0.27584252786015373,0.2501294815455894,0.02199415396898985,0.4712041884816754,0.5287958115183247,0.4697469746961598,0.5302530253038402
E0,2223,2023-05-02,Arsenal,Chelsea,3,1,H,fpl-team-1,fpl-team-6,0.6048512736400505,0.22789420025774418,0.1672545261022053,0.6129031507419544,0.22474037921769804,0.16235647004034756,0.020060173235833645,0.5454545454545455,0.4545454545454546,0.5476190476222825,0.45238095237771747
E0,2223,2023-05-03,Liverpool,Fulham,1,0,H,fpl-team-14,fpl-team-10,0.7606813711295942,0.14999350980020168,0.08932511907020398,0.774478898028287,0.14395509310111512,0.08156600887059795,0.022316389833576977,0.6587677725118484,0.3412322274881517,0.6673661071287349,0.33263389287126516
E0,2223,2023-05-03,Man City,West Ham,3,0,H,fpl-team-15,,0.7977948403983443,0.13278138813842066,0.06942377146323518,0.8132020565669716,0.12592624903700564,0.060871694396022726,0.023247827077284455,0.6555819477434679,0.3444180522565321,0.6636681659432502,0.33633183405674977
E0,2223,2023-05-04,Brighton,Man United,1,0,H,fpl-team-5,,0.4736163459631027,0.25168617337829796,0.2746974806585995,0.47780327156911434,0.24925306306821396,0.2729436653626717,0.020089906873181462,0.6109725685785536,0.38902743142144636,0.6164311878575,0.38356881214249994
E0,2223,2023-05-06,Bournemouth,Chelsea,1,3,A,fpl-team-3,fpl-team-6,0.2807705071461331,0.27672482260512254,0.44250467024874435,0.2791510368507308,0.27498178908318427,0.445867174066085,0.02072964538820088,0.4908616187989557,0.5091383812010444,0.49045280960249577,0.5095471903975043
E0,2223,2023-05-06,Man City,Leeds,2,1,H,fpl-team-15,fpl-team-13,0.8247284288833424,0.1147362974784198,0.0605352736382378,0.8380464784807408,0.10865527462096854,0.05329824689829059,0.018966298550367355,0.7259414225941423,0.27405857740585776,0.7375871702562755,0.2624128297437245
E0,2223,2023-05-06,Tottenham,Crystal Palace,1,0,H,,fpl-team-8,0.5272621550297446,0.24480028626381004,0.22793755870644544,0.5333368519567823,0.24202235729301552,0.2246407907502021,0.021119014592841268,0.5428571428571429,0.4571428571428572,0.5448564593282261,0.4551435406717738
E0,2223,2023-05-06,Wolves,Aston Villa,1,0,H,,fpl-team-2,0.3224390397679807,0.2947448891130621,0.3828160711189572,0.32210792652651254,0.2935785438421923,0.38431352963129517,0.02036827988922596,0.43556701030927836,0.5644329896907216,0.4324525141055018,0.5675474858944982
E0,2223,2023-05-06,Liverpool,Brentford,1,0,H,fpl-team-14,fpl-team-4,0.6486407658720287,0.1955169721976787,0.1558422619302926,0.658431553340173,0.1912110434987223,0.1503574031611047,0.021070204791612923,0.6359223300970874,0.3640776699029127,0.6424936387005256,0.35750636129947444
E0,2223,2023-05-07,Newcastle,Arsenal,0,2,A,fpl-team-17,fpl-team-1,0.38664086077440624,0.2581060974070433,0.35525304181855044,0.3881726659694479,0.25594769415734464,0.3558796398732076,0.019366480759344995,0.5826972010178116,0.4173027989821883,0.5865374374102339,0.4134625625897661
E0,2223,2023-05-07,West Ham,Man United,1,0,H,,,0.2804143927214528,0.2571714885119206,0.4624141187666265,0.278847880612448,0.2549251121940453,0.4662270071935068,0.019878125051036477,0.5717948717948719,0.42820512820512824,0.5751859509775031,0.42481404902249686
E0,2223,2023-05-08,Fulham,Leicester,5,3,H,fpl-team-10,,0.35928612532344756,0.27175466136362747,0.3689592133129249,0.36010119900543847,0.26981905185730015,0.37007974913726144,0.02122663683257997,0.5234374999999999,0.4765625,0.5244678248143256,0.4755321751856744
E0,2223,2023-05-08,Brighton,Everton,1,5,A,fpl-team-5,fpl-team-9,0.7071620418868787,0.18012618048062007,0.11271177763250131,0.7203733755748521,0.17461458738638,0.10501203703876778,0.024255568627268076,0.5994962216624685,0.40050377833753154,0.6043813752043609,0.3956186247956392
E0,2223,2023-05-08,Nott'm Forest,Southampton,4,3,H,fpl-team-18,,0.4503042896334475,0.27248526617023955,0.2772104441963131,0.4540092158659966,0.2705586700879635,0.27543211404603984,0.02132480696309358,0.47780678851174935,0.5221932114882506,0.4767759562805075,0.5232240437194925
E0,2223,2023-05-13,Leeds,Newcastle,2,2,D,fpl-team-13,fpl-team-17,0.2082572159298502,0.2290829375228352,0.5626598465473145,0.2045982727537134,0.2260211816472023,0.5693805455990844,0.019767170655541122,0.5852417302798981,0.41475826972010177,0.5893571619191439,0.41064283808085617
E0,2223,2023-05-13,Aston Villa,Tottenham,2,1,H,fpl-team-2,,0.41702030049317584,0.26642963642619566,0.3165500630806285,0.419668974346026,0.264317074618372,0.316013951035602,0.021314685232937336,0.5454545454545455,0.4545454545454546,0.5476190476222825,0.45238095237771747
E0,2223,2023-05-13,Chelsea,Nott'm Forest,2,2,D,fpl-team-6,fpl-team-18,0.6372553270833514,0.21869444179451375,0.14405023112213483,0.6461365374993322,0.21530281268940477,0.13856064981126312,0.019816693617030978,0.5195822454308094,0.4804177545691906,0.5204828490307424,0.4795171509692577
E0,2223,2023-05-13,Crystal Palace,Bournemouth,2,0,H,fpl-team-8,fpl-team-3,0.5107594351461672,0.2595210102904849,0.22971955456334792,0.516229166252916,0.2572384385590534,0.2265323951880306,0.020773880183696747,0.5026178010471204,0.4973821989528796,0.5027412280698255,0.4972587719301746
E0,2223,2023-05-13,Man United,Wolves,2,0,H,,,0.6966394453909877,0.1885024381646202,0.11485811644439223,0.7075180663001359,0.18409608233295238,0.10838585136691176,0.020438072504475713,0.5769230769230769,0.423076923076923,0.5808080808067793,0.41919191919322074
E0,2223,2023-05-13,Southampton,Fulham,0,2,A,,fpl-team-10,0.339757765588233,0.2785223543484933,0.38171988006327373,0.33996312492649533,0.27674730480916226,0.3832895702643424,0.021866349736228585,0.5078534031413613,0.4921465968586388,0.5082254880451544,0.4917745119548455
E0,2223,2023-05-14,Brentford,West Ham,2,0,H,fpl-team-4,,0.46817531781564187,0.26959533750619824,0.26222934467816,0.4723811854892893,0.267606027964693,0.2600127865460176,0.02100095571950078,0.4895287958115184,0.5104712041884817,0.489030577265449,0.510969422734551
E0,2223,2023-05-14,Everton,Man City,0,3,A,fpl-team-9,fpl-team-15,0.10851540221576275,0.18453866864331245,0.7069459291409248,0.10187748015969335,0.1800147510584572,0.7181077687818493,0.02042402804363519,0.5805626598465473,0.4194373401534527,0.584613731586484,0.41538626841351595
E0,2223,2023-05-14,Arsenal,Brighton,0,3,A,fpl-team-1,fpl-team-5,0.5426342519818259,0.22922735704244196,0.22813839097573205,0.5490496336103555,0.22603603080099902,0.22491433558864543,0.020669001853093505,0.6212871287128713,0.37871287128712877,0.6275941983877966,0.3724058016122034
E0,2223,2023-05-15,Leicester,Liverpool,0,3,A,,fpl-team-14,0.18771847244835757,0.20898505320503424,0.6032964743466083,0.18312091112629306,0.20503946923296842,0.6118396196407385,0.021407149964943528,0.6383495145631067,0.3616504854368932,0.645456401384818,0.3545435986151821
E0,2223,2023-05-18,Newcastle,Brighton,4,1,H,fpl-team-17,fpl-team-5,0.4757119046273801,0.24894768065992434,0.27534041471269566,0.48001866848180386,0.2463996311967284,0.2735817003214678,0.020364605588838458,0.595959595959596,0.4040404040404041,0.6006355932130459,0.39936440678695406
E0,2223,2023-05-20,Tottenham,Brentford,1,3,A,,fpl-team-4,0.5195490696400142,0.24772313887474914,0.23272779148523645,0.5251507185008164,0.24514423543430403,0.22970504606487957,0.020267512882128358,0.5454545454545455,0.4545454545454546,0.5476190476222825,0.45238095237771747
E0,2223,2023-05-20,Bournemouth,Man United,0,1,A,fpl-team-3,,0.15914227952142646,0.20218075763099463,0.638676962847579,0.15436973333943146,0.19855074712982254,0.647079519530746,0.018623356008902192,0.6134663341645885,0.38653366583541143,0.6193286126559598,0.3806713873440402
E0,2223,2023-05-20,Fulham,Crystal Palace,2,2,D,fpl-team-10,fpl-team-8,0.39284950106012567,0.2830827287050906,0.3240677702347838,0.39457421896087136,0.28162882363669345,0.3237969574024353,0.019498557783663273,0.4739583333333334,0.5260416666666667,0.4727994777511068,0.5272005222488932
E0,2223,2023-05-20,Liverpool,Aston Villa,1,1,D,fpl-team-14,fpl-team-2,0.6457998075819611,0.1979921220775971,0.15620807034044187,0.654937749085239,0.19400991197638529,0.1510523389383757,0.019820122281089425,0.6159600997506234,0.3840399002493765,0.6222461748647674,0.3777538251352326
E0,2223,2023-05-20,Wolves,Everton,1,1,D,,fpl-team-9,0.3472104543430371,0.28709640553140675,0.3656931401255562,0.3476187155745355,0.28573325865287863,0.3666480257725858,0.019878137856721878,0.4623376623376624,0.5376623376623377,0.4606470173180445,0.5393529826819555
E0,2223,2023-05-20,Nott'm Forest,Arsenal,1,0,H,fpl-team-18,fpl-team-1,0.17907988549821185,0.21610314272480846,0.6048169717769797,0.17451421493378252,0.21260454709208318,0.6128812379741344,0.020082037895917892,0.6055276381909548,0.3944723618090452,0.6110024578960898,0.3889975421039103
E0,2223,2023-05-21,West Ham,Leeds,3,1,H,,fpl-team-13,0.39202183758297654,0.2697903095725541,0.3381878528444693,0.393816472448586,0.2678510555180122,0.3383324720334019,0.02059900772292167,0.5300261096605744,0.4699738903394256,0.5314723590630834,0.4685276409369166
E0,2223,2023-05-21,Brighton,Southampton,3,1,H,fpl-team-5,,0.7831117027338746,0.1393961496906897,0.07749214757543571,0.795912480268927,0.1337568241238185,0.07033069560725444,0.019697041483595967,0.6736111111111112,0.3263888888888889,0.6827886232567729,0.3172113767432271
E0,2223,2023-05-21,Man City,Chelsea,1,0,H,fpl-team-15,fpl-team-6,0.765506895999301,0.1504740544398002,0.08401904956089888,0.7773535986348181,0.14536227753738745,0.0772841238277944,0.018873544177040458,0.625615763546798,0.37438423645320196,0.6320969747166444,0.36790302528335567
E0,2223,2023-05-22,Newcastle,Leicester,0,0,D,fpl-team-17,,0.6962884761975432,0.17827051895224666,0.1254410048502101,0.7073008212053822,0.17351615324570865,0.11918302554890929,0.020685360534116626,0.6299019607843138,0.3700980392156863,0.6365732986150776,0.3634267013849222
E0,2223,2023-05-24,Brighton,Man City,1,1,D,fpl-team-5,fpl-team-15,0.24188895187365608,0.22755903766313143,0.5305520104632125,0.23907047833050507,0.22430738823561833,0.5366221334338765,0.02074868557974696,0.6265356265356266,0.3734643734643735,0.632868937035886,0.36713106296411385
E0,2223,2023-05-25,Man United,Chelsea,4,1,H,,fpl-team-6,0.5906423288365098,0.2213211485065543,0.18803652265693574,0.5980611479391925,0.2180791131058483,0.18385973895495927,0.019469349179416895,0.5979899497487436,0.40201005025125625,0.6024159663815809,0.39758403361841915
E0,2223,2023-05-28,Arsenal,Wolves,5,0,H,fpl-team-1,,0.6987561447316474,0.1796052379516617,0.12163861731669084,0.710895732738597,0.1744308644716656,0.11467340278973745,0.022713949088938534,0.6498800959232613,0.3501199040767386,0.6579639084106205,0.3420360915893796
E0,2223,2023-05-28,Aston Villa,Brighton,2,1,H,fpl-team-2,fpl-team-5,0.469238056959118,0.2467127928341755,0.28404915020670646,0.4737507892837931,0.2438438038893563,0.2824054068268506,0.022377053275704384,0.6222222222222222,0.37777777777777777,0.6283846872085521,0.3716153127914478
E0,2223,2023-05-28,Brentford,Man City,1,0,H,fpl-team-4,fpl-team-15,0.24737489732162007,0.23935526224635556,0.5132698404320244,0.24469425564721864,0.2364286728404263,0.5188770715123551,0.02099967305548489,0.5913705583756345,0.4086294416243655,0.5959667315307422,0.40403326846925786
E0,2223,2023-05-28,Chelsea,Newcastle,1,1,D,fpl-team-6,fpl-team-17,0.3339629769550434,0.2633169625991688,0.4027200604457877,0.3339777803460273,0.26107017199120763,0.40495204766276505,0.021679203724488616,0.5629820051413882,0.4370179948586118,0.5658071447799535,0.43419285522004647
E0,2223,2023-05-28,Crystal Palace,Nott'm Forest,1,1,D,fpl-team-8,fpl-team-18,0.5676894090386374,0.2311795424759752,0.20113104848538726,0.5750744875571947,0.2279490400303652,0.19697647241244018,0.02128067333251238,0.5790816326530612,0.42091836734693877,0.5827659858396428,0.4172340141603571
E0,2223,2023-05-28,Everton,Bournemouth,1,0,H,fpl-team-9,fpl-team-3,0.6453052636953298,0.2085693802399222,0.14612535606474794,0.6546108532704289,0.20480972291466132,0.1405794238149098,0.02023663534782827,0.5692307692307692,0.43076923076923074,0.5723938223913503,0.4276061776086497
E0,2223,2023-05-28,Leeds,Tottenham,1,4,A,fpl-team-13,,0.3460051325919589,0.24959224408326205,0.40440262332477894,0.3464059363212113,0.24690449432519732,0.40668956935359135,0.0217064272146672,0.6341463414634148,0.3658536585365854,0.6410256410502967,0.35897435894970336
E0,2223,2023-05-28,Leicester,West Ham,2,1,H,,,0.4934848139947161,0.24422462733411968,0.26229055867116413,0.49879000287889924,0.24127712135396706,0.2599328757671337,0.022328724851831794,0.5681233933161953,0.4318766066838046,0.5713747037189356,0.4286252962810644
E0,2223,2023-05-28,Man United,Fulham,2,1,H,,fpl-team-10,0.6254071661237786,0.20846905537459284,0.16612377850162866,0.6352075367903542,0.20425138324655154,0.16054107996309414,0.022761364467442036,0.6383495145631067,0.3616504854368932,0.645456401384818,0.3545435986151821
E0,2223,2023-05-28,Southampton,Liverpool,4,4,D,,fpl-team-14,0.14199235425784762,0.18404393609574865,0.6739637096464036,0.1356339249179251,0.1790120260167795,0.6853540490652955,0.022779028862714767,0.6840909090909091,0.31590909090909086,0.6935992734334536,0.30640072656654643
