league,season,date,home_team_raw,away_team_raw,home_goals,away_goals,result,home_team_id,away_team_id,prob_home_proportional,prob_draw_proportional,prob_away_proportional,prob_home_shin,prob_draw_shin,prob_away_shin,shin_z,prob_over25_proportional,prob_under25_proportional,prob_over25_shin,prob_under25_shin
E0,2526,2025-08-15,Liverpool,Bournemouth,4,2,H,fpl-team-14,fpl-team-3,0.7259844066296011,0.1595703981014727,0.1144451952689262,0.7410266743475872,0.1528258414646145,0.1061474841877982,0.0263985183555632,0.6986607142857143,0.3013392857142857,0.7106259614222115,0.2893740385777885
E0,2526,2025-08-16,Aston Villa,Newcastle,0,0,D,fpl-team-2,fpl-team-17,0.4117971073794872,0.2660486929698934,0.3221541996506192,0.4150414309032497,0.263275322292702,0.3216832468040483,0.0279379445128142,0.582901554404145,0.4170984455958549,0.5883367839987793,0.4116632160012208
E0,2526,2025-08-16,Brighton,Fulham,1,1,D,fpl-team-5,fpl-team-10,0.4946979917376746,0.2623812552862805,0.2429207529760448,0.5010289434140007,0.2595909109190197,0.2393801456669796,0.0265009196009486,0.5488126649076518,0.4511873350923483,0.5520130454309478,0.4479869545690522
E0,2526,2025-08-16,Sunderland,West Ham,3,0,H,fpl-team-20,hist-team-west-ham,0.2993541712386744,0.2807552434398219,0.4198905853215036,0.297995553009448,0.2786609208247552,0.4233435261657967,0.0269230351550504,0.5,0.5,0.5,0.5
E0,2526,2025-08-16,Tottenham,Burnley,3,0,H,fpl-team-19,hist-team-burnley,0.6894284181563327,0.1967743610154533,0.1137972208282139,0.7049615007639355,0.1906546298809373,0.1043838693551272,0.0301056825555861,0.5654450261780105,0.4345549738219895,0.569723337798959,0.4302766622010409
E0,2526,2025-08-16,Wolves,Man City,0,4,A,hist-team-wolves,fpl-team-15,0.140915645501321,0.2004994279543108,0.6585849265443683,0.1332025221558455,0.1950475862328085,0.6717498916113459,0.0276765165617689,0.582901554404145,0.4170984455958549,0.5883367839987793,0.4116632160012208
E0,2526,2025-08-17,Chelsea,Crystal Palace,0,0,D,fpl-team-6,fpl-team-8,0.5884596229883033,0.2250403783874509,0.1864999986242457,0.5989799080602347,0.2205453345026413,0.180474757437124,0.028001073282212,0.5766233766233767,0.4233766233766234,0.5815232410453769,0.4184767589546231
E0,2526,2025-08-17,Nott'm Forest,Brentford,3,1,H,fpl-team-18,fpl-team-4,0.4411693775288727,0.282295881454487,0.2765347410166403,0.4455116344780765,0.2802394811597772,0.2742488843621463,0.0271805658703669,0.4880000000000001,0.512,0.4871926229507178,0.5128073770492821
E0,2526,2025-08-17,Man United,Arsenal,0,1,A,fpl-team-16,fpl-team-1,0.2646252842957785,0.2653686137460476,0.4700061019581739,0.2616435605654619,0.2624186478585621,0.475937791575976,0.029336342238821,0.5225464190981433,0.4774535809018567,0.5239706711791936,0.4760293288208063
E0,2526,2025-08-18,Leeds,Everton,1,0,H,fpl-team-13,fpl-team-9,0.39465227205492,0.2866926839547899,0.3186550439902901,0.3973840007111911,0.2846194103863036,0.3179965889025053,0.0301183068659156,0.4538258575197889,0.5461741424802111,0.4508482193092631,0.5491517806907368
E0,2526,2025-08-22,West Ham,Chelsea,1,5,A,hist-team-west-ham,fpl-team-6,0.2023051591657519,0.2440175631174533,0.5536772777167946,0.1968618261761273,0.240264335402476,0.5628738384213966,0.0282910466194152,0.5485564304461943,0.4514435695538058,0.5514632246504734,0.4485367753495266
E0,2526,2025-08-23,Man City,Tottenham,0,2,A,fpl-team-15,fpl-team-19,0.6417189156171963,0.2020731904496703,0.1562078939331333,0.6538533489722484,0.1968609030998886,0.1492857479278628,0.0268178451806306,0.642156862745098,0.3578431372549019,0.6516260587545915,0.3483739412454086
E0,2526,2025-08-23,Bournemouth,Wolves,1,0,H,fpl-team-3,hist-team-wolves,0.5309236429355192,0.2449364229006648,0.2241399341638158,0.5385934820571892,0.2414959340475872,0.2199105838952236,0.0262461628299206,0.544973544973545,0.455026455026455,0.5479792278105284,0.4520207721894716
E0,2526,2025-08-23,Brentford,Aston Villa,1,0,H,fpl-team-4,fpl-team-2,0.304112237698176,0.2679289119663817,0.4279588503354423,0.3028635032464751,0.265158380719627,0.4319781160338979,0.0286969032604247,0.5305039787798408,0.4694960212201591,0.5324858757093553,0.4675141242906446
E0,2526,2025-08-23,Burnley,Sunderland,2,0,H,hist-team-burnley,fpl-team-20,0.4219551619931126,0.3004427577482605,0.2776020802586267,0.4254583061548386,0.2991387665408823,0.2754029273042791,0.0266763335093855,0.4145077720207254,0.5854922279792746,0.4087389380557754,0.5912610619442245
E0,2526,2025-08-23,Arsenal,Leeds,5,0,H,fpl-team-1,fpl-team-13,0.7497018103478064,0.1605600841722958,0.0897381054798976,0.7652775832632885,0.1539239375344979,0.0807984792022133,0.025979310972616,0.6055979643765903,0.3944020356234097,0.6124966115649725,0.3875033884350276
E0,2526,2025-08-24,Crystal Palace,Nott'm Forest,1,1,D,fpl-team-8,fpl-team-18,0.4021990298870345,0.2899287485381997,0.3078722215747659,0.405157979694684,0.2880665191654352,0.3067755011398808,0.0290265143848955,0.4576719576719577,0.5423280423280423,0.4548850979911999,0.5451149020088001
E0,2526,2025-08-24,Everton,Brighton,2,0,H,fpl-team-9,fpl-team-5,0.3066619668664082,0.2862178357419809,0.4071201973916108,0.30549825409189,0.2841716179147344,0.4103301279933755,0.0293934943620115,0.4668435013262599,0.53315649867374,0.4646653098143585,0.5353346901856414
E0,2526,2025-08-24,Fulham,Man United,1,1,D,fpl-team-10,fpl-team-16,0.2888873520292311,0.2676095300667381,0.4435031179040308,0.2869519908958806,0.2647614441823815,0.4482865649217379,0.0293401831295341,0.5292553191489361,0.4707446808510637,0.5312295942952968,0.4687704057047033
E0,2526,2025-08-25,Newcastle,Liverpool,2,3,A,fpl-team-17,fpl-team-14,0.2860999349150938,0.2465090823028223,0.4673909827820839,0.28401455782312,0.2427135795424964,0.4732718626343835,0.0296664487104862,0.6136363636363636,0.3863636363636363,0.6210360687493998,0.3789639312506001
E0,2526,2025-08-30,Chelsea,Fulham,2,0,H,fpl-team-6,fpl-team-10,0.6123295418839941,0.2181863884874002,0.1694840696286055,0.6234490850680605,0.2135555271352669,0.1629953877966724,0.0271023465320467,0.5639686684073107,0.4360313315926892,0.5679197161138259,0.4320802838861742
E0,2526,2025-08-30,Man United,Burnley,3,2,H,fpl-team-16,hist-team-burnley,0.7016660496112551,0.183931877082562,0.1144020733061829,0.7169113574346113,0.1776152663548479,0.1054733762105407,0.0285328913014382,0.5680628272251308,0.431937172774869,0.5726155564830627,0.4273844435169372
E0,2526,2025-08-30,Sunderland,Brentford,2,1,H,fpl-team-20,fpl-team-4,0.3246797277989005,0.2899280749763883,0.3853921972247112,0.3243252212489502,0.2881702447248288,0.3875045340262208,0.0274020400829613,0.4588859416445623,0.5411140583554377,0.4560806981703291,0.543919301829671
E0,2526,2025-08-30,Tottenham,Bournemouth,0,1,A,fpl-team-19,fpl-team-3,0.5466357425093133,0.2329260676209636,0.2204381898697231,0.5557334299465088,0.2286360201645871,0.2156305498889041,0.0288981455378234,0.6071428571428571,0.3928571428571428,0.614591291059686,0.3854087089403138
E0,2526,2025-08-30,Wolves,Everton,2,3,A,hist-team-wolves,fpl-team-9,0.3565496198152922,0.2973109682472343,0.3461394119374735,0.3574833964076143,0.2958632245111417,0.3466533790812439,0.0271969109307974,0.431937172774869,0.5680628272251308,0.4273844435169372,0.5726155564830627
E0,2526,2025-08-30,Leeds,Newcastle,0,0,D,fpl-team-13,fpl-team-17,0.2812750670037446,0.2716037179950199,0.4471212150012356,0.2791500842587737,0.2690890188344448,0.4517608969067813,0.0275295483879745,0.53315649867374,0.4668435013262599,0.5353346901856414,0.4646653098143585
E0,2526,2025-08-31,Brighton,Man City,2,1,H,fpl-team-5,fpl-team-15,0.2482856963113637,0.2444062323064986,0.5073080713821376,0.2441546128845054,0.2400913249619016,0.5157540621535931,0.0329059737268835,0.596401028277635,0.4035989717223651,0.6029540961817108,0.3970459038182892
E0,2526,2025-08-31,Nott'm Forest,West Ham,0,3,A,fpl-team-18,hist-team-west-ham,0.5593292401920704,0.252745030995882,0.1879257288120475,0.5690420092256938,0.2492374095348727,0.1817205812394333,0.0291772859636694,0.4840425531914894,0.5159574468085106,0.4830066840394914,0.5169933159605087
E0,2526,2025-08-31,Liverpool,Arsenal,1,0,H,fpl-team-14,fpl-team-1,0.430222474557948,0.2712004137614572,0.2985771116805948,0.4342829164783142,0.268602280462925,0.2971148030587607,0.0283050427678972,0.5435356200527705,0.4564643799472295,0.5462988944398149,0.453701105560185
E0,2526,2025-08-31,Aston Villa,Crystal Palace,0,3,A,fpl-team-2,fpl-team-8,0.5025109594362133,0.2653709561067643,0.2321180844570223,0.5098549736562239,0.2624058775316783,0.2277391488120977,0.0293752893339842,0.4813829787234043,0.5186170212765957,0.4801671624882019,0.519832837511798
E0,2526,2025-09-13,Arsenal,Nott'm Forest,3,0,H,fpl-team-1,fpl-team-18,0.6879217379514617,0.1957385563655705,0.1163397056829677,0.7019890449806563,0.1901542485031007,0.1078567065162428,0.0272723813541233,0.5552631578947369,0.4447368421052632,0.558891163520858,0.4411088364791421
E0,2526,2025-09-13,Bournemouth,Brighton,2,1,H,fpl-team-3,fpl-team-5,0.3985225505443235,0.2709953343701399,0.3304821150855365,0.4011451229084228,0.2684943795929491,0.3303604974986281,0.0271785468794405,0.5616797900262467,0.4383202099737532,0.5657563377903915,0.4342436622096085
E0,2526,2025-09-13,Crystal Palace,Sunderland,0,0,D,fpl-team-8,fpl-team-20,0.5721601437475434,0.2526026166545005,0.175237239597956,0.5815397366424319,0.2493834823457578,0.1690767810118102,0.0266541452147066,0.4511873350923483,0.5488126649076518,0.4479869545690522,0.5520130454309478
E0,2526,2025-09-13,Everton,Aston Villa,0,0,D,fpl-team-9,fpl-team-2,0.3886066719573949,0.2899695044575057,0.3214238235850995,0.3908436546625059,0.2882177951176732,0.3209385502198209,0.0273275093641132,0.4656084656084655,0.5343915343915343,0.4634338433828662,0.5365661566171338
E0,2526,2025-09-13,Fulham,Leeds,1,0,H,fpl-team-10,fpl-team-13,0.4849047691766787,0.2707730335003676,0.2443221973229537,0.4907772326538472,0.2683411205277609,0.2408816468183918,0.0261613023467361,0.4734042553191488,0.526595744680851,0.4716263761181679,0.5283736238818321
E0,2526,2025-09-13,Newcastle,Wolves,1,0,H,fpl-team-17,hist-team-wolves,0.6660139205210617,0.2061471658755667,0.1278389136033715,0.6783793112265816,0.201329678597348,0.1202910101760703,0.0254170389380306,0.5396825396825397,0.4603174603174603,0.5422582826312768,0.4577417173687232
E0,2526,2025-09-13,West Ham,Tottenham,0,3,A,hist-team-west-ham,fpl-team-19,0.2821813570069753,0.2663284717818643,0.4514901712111604,0.2801013097565242,0.2636128518915746,0.4562858383519013,0.0274036792106926,0.5343915343915343,0.4656084656084655,0.5365661566171338,0.4634338433828662
E0,2526,2025-09-13,Brentford,Chelsea,2,2,D,fpl-team-4,fpl-team-6,0.2090982529923595,0.2421699154554368,0.5487318315522036,0.2041865086626681,0.238535358817281,0.5572781325200508,0.0268609514459967,0.5538057742782152,0.4461942257217847,0.5571508224138112,0.4428491775861887
E0,2526,2025-09-14,Burnley,Liverpool,0,1,A,hist-team-burnley,fpl-team-14,0.1104977363103771,0.1750056228856802,0.7144966408039426,0.1019467787001577,0.1687239948954854,0.7293292264043568,0.0268195616081357,0.6161616161616161,0.3838383838383838,0.6240293356413877,0.3759706643586123
E0,2526,2025-09-14,Man City,Man United,3,0,H,fpl-team-15,fpl-team-16,0.537302064284314,0.2370054218396973,0.2256925138759886,0.5460054111544134,0.2328887486315118,0.2211058402140747,0.0288980701006948,0.6055979643765903,0.3944020356234097,0.6124966115649725,0.3875033884350276
E0,2526,2025-09-20,Liverpool,Everton,2,1,H,fpl-team-14,fpl-team-9,0.6543449724337096,0.2040430559201889,0.1416119716461013,0.6672222458163488,0.1987815430455072,0.1339962111381439,0.0274137965170666,0.5891472868217055,0.4108527131782946,0.5951671631844772,0.4048328368155228
E0,2526,2025-09-20,Brighton,Tottenham,2,2,D,fpl-team-5,fpl-team-19,0.4213597899037059,0.2626203676685147,0.3160198424277794,0.4249340743608034,0.2597582960919545,0.315307629547242,0.0274263797327876,0.5729166666666667,0.4270833333333333,0.5776053215061048,0.4223946784938952
E0,2526,2025-09-20,Burnley,Nott'm Forest,1,1,D,hist-team-burnley,fpl-team-18,0.2826202365106599,0.281781600794011,0.435598162695329,0.2806232204960275,0.2797518943263077,0.4396248851776647,0.0265699313022196,0.4840425531914894,0.5159574468085106,0.4830066840394914,0.5169933159605087
E0,2526,2025-09-20,West Ham,Crystal Palace,1,2,A,hist-team-west-ham,fpl-team-8,0.3180369509477367,0.2820684862572188,0.3998945627950444,0.3174074750428826,0.2799791327677038,0.4026133921894136,0.0275837932713329,0.4748010610079576,0.5251989389920424,0.4731956435863799,0.5268043564136201
E0,2526,2025-09-20,Wolves,Leeds,1,3,A,hist-team-wolves,fpl-team-13,0.3546867447176319,0.2996878507582522,0.3456254045241158,0.3555700045020756,0.2982971074963595,0.3461328880015648,0.0279804922174662,0.421875,0.578125,0.4165832499152132,0.5834167500847868
E0,2526,2025-09-20,Man United,Chelsea,2,1,H,fpl-team-16,fpl-team-6,0.354026423403586,0.2571248820383769,0.3888486945580371,0.3548454040201029,0.2540900652696153,0.3910645307102816,0.0270132664591074,0.596401028277635,0.4035989717223651,0.6029540961817108,0.3970459038182892
E0,2526,2025-09-20,Fulham,Brentford,3,1,H,fpl-team-10,fpl-team-4,0.4699501548055598,0.2727871588239169,0.2572626863705233,0.4753663097760426,0.2703824491138257,0.2542512411101316,0.0267668226733803,0.493368700265252,0.5066312997347481,0.4929629004108111,0.507037099589189
E0,2526,2025-09-21,Bournemouth,Newcastle,0,0,D,fpl-team-3,fpl-team-17,0.3868555432757077,0.2736021813312251,0.3395422753930672,0.3892062855764082,0.2709855895424362,0.3398081248811557,0.0297226982656866,0.5225464190981433,0.4774535809018567,0.5239706711791936,0.4760293288208063
E0,2526,2025-09-21,Sunderland,Aston Villa,1,1,D,fpl-team-20,fpl-team-2,0.2658792133553699,0.2833922154326697,0.4507285712119603,0.2630578871641182,0.2812953956834087,0.4556467171524729,0.0282975579611957,0.4485488126649077,0.5514511873350924,0.4451168027028709,0.5548831972971291
E0,2526,2025-09-21,Arsenal,Man City,1,1,D,fpl-team-1,fpl-team-15,0.4982511367611053,0.2558586918502973,0.2458901713885974,0.5051457294819443,0.2526157938307859,0.2422384766872698,0.0282639232464134,0.5305039787798408,0.4694960212201591,0.5324858757093553,0.4675141242906446
E0,2526,2025-09-27,Brentford,Man United,3,1,H,fpl-team-4,fpl-team-16,0.2789380764356406,0.2515621909499146,0.4694997326144446,0.2767334027636251,0.2482678612657244,0.4749987359706504,0.0272754395846277,0.5751295336787565,0.4248704663212435,0.5796528235537732,0.4203471764462267
E0,2526,2025-09-27,Chelsea,Brighton,1,3,A,fpl-team-6,fpl-team-5,0.5092348284960422,0.2453825857519789,0.2453825857519789,0.5165177959073318,0.2417411020463341,0.2417411020463341,0.0279966834932565,0.5902061855670103,0.4097938144329897,0.5961247974613841,0.4038752025386159
E0,2526,2025-09-27,Crystal Palace,Liverpool,2,1,H,fpl-team-8,fpl-team-14,0.2483311081441923,0.2550066755674232,0.4966622162883846,0.2449154430352146,0.251854592174448,0.5032299647903373,0.0271698398282751,0.5461741424802111,0.4538258575197889,0.5491517806907368,0.4508482193092631
E0,2526,2025-09-27,Leeds,Bournemouth,2,2,D,fpl-team-13,fpl-team-3,0.3182392865313527,0.2882532139402526,0.3935074995283946,0.3176267751979905,0.2864375301500712,0.3959356946519382,0.0272443406283855,0.4801061007957559,0.519893899204244,0.478858946896837,0.521141053103163
E0,2526,2025-09-27,Man City,Burnley,5,1,H,fpl-team-15,hist-team-burnley,0.8118816030441579,0.1269921758772279,0.0611262210786142,0.8306475703364561,0.1185357559547842,0.0508166737087596,0.0280120335519313,0.657074340527578,0.342925659472422,0.6671685978402435,0.3328314021597565
E0,2526,2025-09-27,Nott'm Forest,Sunderland,0,1,A,fpl-team-18,fpl-team-20,0.536551398188263,0.2587727451752659,0.204675856636471,0.5445470414849665,0.2558133391683126,0.1996396193467208,0.0266310013830661,0.4774535809018567,0.5225464190981433,0.4760293288208063,0.5239706711791936
E0,2526,2025-09-27,Tottenham,Wolves,1,1,D,fpl-team-19,hist-team-wolves,0.6443006114498233,0.207247680269418,0.1484517082807586,0.6572026690156964,0.2019465107633598,0.1408508202209438,0.0283388677053153,0.5602094240837696,0.4397905759162304,0.563974187816472,0.436025812183528
E0,2526,2025-09-28,Aston Villa,Fulham,3,1,H,fpl-team-2,fpl-team-10,0.4146267492742949,0.2976474156232399,0.2877258351024652,0.4178336011373486,0.2962381577146238,0.2859282411480275,0.0266180171165615,0.4447368421052632,0.5552631578947369,0.4411088364791421,0.558891163520858
E0,2526,2025-09-28,Newcastle,Arsenal,1,2,A,fpl-team-17,fpl-team-1,0.2693320271842282,0.2847456070532052,0.4459223657625665,0.2665934118499727,0.2826594473916479,0.4507471407583792,0.0289519461803138,0.4511873350923483,0.5488126649076518,0.4479869545690522,0.5520130454309478
E0,2526,2025-09-29,Everton,West Ham,1,1,D,fpl-team-9,hist-team-west-ham,0.5487774462621355,0.255798701238719,0.1954238524991455,0.5582789775244513,0.2523392981457975,0.1893817243297512,0.029931595781818,0.4920212765957447,0.5079787234042553,0.4915098344417198,0.5084901655582802
E0,2526,2025-10-03,Bournemouth,Fulham,3,1,H,fpl-team-3,fpl-team-10,0.4820333041191937,0.2713158883185176,0.2466508075622887,0.4878921758475646,0.2688647493127637,0.2432430748396715,0.0266083276364952,0.4894179894179895,0.5105820105820106,0.4887970872428234,0.5112029127571766
E0,2526,2025-10-04,Leeds,Tottenham,1,2,A,fpl-team-13,fpl-team-19,0.3449209100845147,0.2741423418301779,0.3809367480853073,0.3453812239140367,0.2717707178308702,0.382848058255093,0.0271463280078023,0.5,0.5,0.5,0.5
E0,2526,2025-10-04,Arsenal,West Ham,2,0,H,fpl-team-1,hist-team-west-ham,0.7985535835722176,0.139133054824442,0.0623133616033402,0.816645917361623,0.1312129137885435,0.0521411688498334,0.0276679950766265,0.6190476190476191,0.3809523809523809,0.6265182186057121,0.3734817813942879
E0,2526,2025-10-04,Man United,Sunderland,2,0,H,fpl-team-16,fpl-team-20,0.632708585247884,0.2085852478839178,0.1587061668681983,0.6446538832455908,0.2035579666467085,0.1517881501077005,0.0271836181636899,0.574025974025974,0.4259740259740259,0.5786337048893706,0.4213662951106293
E0,2526,2025-10-04,Chelsea,Liverpool,2,1,H,fpl-team-6,fpl-team-14,0.3295492722258248,0.2556233544021938,0.4148273733719813,0.3293765222369009,0.2523393632233909,0.4182841145397081,0.0286871520802378,0.6136363636363636,0.3863636363636363,0.6210360687493998,0.3789639312506001
E0,2526,2025-10-05,Aston Villa,Burnley,2,1,H,fpl-team-2,hist-team-burnley,0.5975351674343334,0.2375202290551475,0.1649446035105191,0.6078509357347549,0.2337250191756189,0.1584240450896261,0.0265367696993052,0.4960212201591513,0.5039787798408488,0.4957782155931882,0.5042217844068116
E0,2526,2025-10-05,Everton,Crystal Palace,2,1,H,fpl-team-9,fpl-team-8,0.3754325189498946,0.2959016426614433,0.328665838388662,0.3770794368010542,0.2944396489406948,0.328480914258251,0.0264097414910793,0.4285714285714286,0.5714285714285715,0.4242424242329708,0.5757575757670291
E0,2526,2025-10-05,Newcastle,Nott'm Forest,2,0,H,fpl-team-17,fpl-team-18,0.6007181459916582,0.2254476652415249,0.1738341887668168,0.6113682596356652,0.2211099919226077,0.1675217484417269,0.0270634999033063,0.5564304461942258,0.4435695538057742,0.5600089315544268,0.439991068445573
E0,2526,2025-10-05,Wolves,Brighton,1,1,D,hist-team-wolves,fpl-team-5,0.2588215742450134,0.2638542159664442,0.4773242097885423,0.2559036133282801,0.2611304876999518,0.482965898971768,0.0264521109638735,0.5145888594164455,0.4854111405835544,0.5154920849523393,0.4845079150476607
E0,2526,2025-10-05,Brentford,Man City,0,1,A,fpl-team-4,fpl-team-15,0.2003255418784738,0.2219062794110495,0.5777681787104765,0.1948690716116098,0.2173072847793382,0.5878236436090518,0.0279050619574263,0.6010230179028133,0.3989769820971867,0.6077468630860775,0.3922531369139225
E0,2526,2025-10-18,Nott'm Forest,Chelsea,0,3,A,fpl-team-18,fpl-team-6,0.253441804450031,0.2541194563335873,0.4924387392163817,0.2503457262804016,0.2510491997923056,0.4986050739272926,0.026170547818765,0.5590551181102362,0.4409448818897638,0.5628772635825252,0.4371227364174747
E0,2526,2025-10-18,Brighton,Newcastle,2,1,H,fpl-team-5,fpl-team-17,0.364141765114663,0.2731063238359972,0.3627519110493398,0.3653293776056235,0.2707849685622734,0.3638856538321029,0.0261030955007299,0.5106382978723405,0.4893617021276596,0.5113224637680679,0.4886775362319321
E0,2526,2025-10-18,Burnley,Leeds,2,0,H,hist-team-burnley,fpl-team-13,0.2877232842369163,0.2921497963020997,0.420126919460984,0.2859242689092408,0.2905239854571024,0.4235517456336568,0.0266255785245448,0.4270833333333333,0.5729166666666667,0.4223946784938952,0.5776053215061048
E0,2526,2025-10-18,Crystal Palace,Bournemouth,3,3,D,fpl-team-8,fpl-team-3,0.4218698058233442,0.2833453919709028,0.294784802205753,0.4253836221841135,0.2813634341509387,0.2932529436649477,0.0267823151079937,0.4907161803713528,0.5092838196286471,0.4901463963947062,0.5098536036052937
E0,2526,2025-10-18,Man City,Everton,2,0,H,fpl-team-15,fpl-team-9,0.6873086011592545,0.1927816808129616,0.1199097180277839,0.701598834348858,0.1869899283631793,0.1114112372879627,0.0277457234915345,0.5564304461942258,0.4435695538057742,0.5600089315544268,0.439991068445573
E0,2526,2025-10-18,Sunderland,Wolves,2,0,H,fpl-team-20,hist-team-wolves,0.386511457658752,0.3097127641174365,0.3037757782238114,0.3885508933748479,0.3088063404591472,0.3026427661660048,0.0258721497375518,0.3863636363636363,0.6136363636363636,0.3789639312506001,0.6210360687493998
E0,2526,2025-10-18,Fulham,Arsenal,0,1,A,fpl-team-10,fpl-team-1,0.1544712682760965,0.2296497789867392,0.6158789527371643,0.1473182188102111,0.2253940422806705,0.6272877389091184,0.0275087687186896,0.4973404255319149,0.502659574468085,0.497170585405938,0.5028294145940619
E0,2526,2025-10-19,Tottenham,Aston Villa,1,2,A,fpl-team-19,fpl-team-2,0.45850719288996,0.2653159599307072,0.2761768471793326,0.4639579353816536,0.262357444066725,0.2736846205516213,0.0294302890542894,0.5278514588859416,0.4721485411140583,0.5296425949992097,0.4703574050007903
E0,2526,2025-10-19,Liverpool,Man United,1,2,A,fpl-team-14,fpl-team-16,0.5914238592633315,0.2150632215503023,0.1935129191863661,0.6023099277764564,0.2100571001276397,0.1876329720959038,0.0286502160597592,0.6545893719806762,0.3454106280193236,0.6651485046318435,0.3348514953681565
E0,2526,2025-10-20,West Ham,Brentford,0,2,A,hist-team-west-ham,fpl-team-4,0.3842738609345431,0.2805085156970255,0.3352176233684312,0.3864540488478492,0.2782530323325515,0.3352929188195993,0.0289411342237144,0.5079787234042553,0.4920212765957447,0.5084901655582802,0.4915098344417198
E0,2526,2025-10-24,Leeds,West Ham,2,1,H,fpl-team-13,hist-team-west-ham,0.5259453265673596,0.2666557538058602,0.2073989196267801,0.533167154160159,0.2641320785917248,0.202700767248116,0.0253528153989464,0.4631578947368421,0.536842105263158,0.4610071301176137,0.5389928698823863
E0,2526,2025-10-25,Chelsea,Sunderland,1,2,A,fpl-team-6,fpl-team-20,0.694728747367557,0.1907371510808723,0.1145341015515707,0.7083462015922569,0.185249839489775,0.106403958917968,0.0258816303685307,0.5564304461942258,0.4435695538057742,0.5600089315544268,0.439991068445573
E0,2526,2025-10-25,Newcastle,Fulham,2,1,H,fpl-team-17,fpl-team-10,0.5862164436361662,0.2392117477810048,0.1745718085828289,0.5961751854260121,0.2354602547247503,0.1683645598492375,0.0267378673888742,0.5092838196286471,0.4907161803713528,0.5098536036052937,0.4901463963947062
E0,2526,2025-10-25,Man United,Brighton,4,2,H,fpl-team-16,fpl-team-5,0.4757592669271068,0.2484382594919617,0.2758024735809315,0.4811486522131699,0.2452332008773277,0.2736181469095023,0.0255387348588556,0.6136363636363636,0.3863636363636363,0.6210360687493998,0.3789639312506001
E0,2526,2025-10-25,Brentford,Liverpool,3,2,H,fpl-team-4,fpl-team-14,0.2217143460033451,0.229766925156009,0.5485187288406459,0.217255874774809,0.2256218011991218,0.5571223240260691,0.0270634889602661,0.610126582278481,0.389873417721519,0.6172064450044995,0.3827935549955006
E0,2526,2025-10-26,Arsenal,Crystal Palace,1,0,H,fpl-team-1,fpl-team-8,0.6719424135412511,0.205964957194166,0.1220926292645829,0.6858982828416416,0.2005889445209559,0.1135127726374024,0.0283067075069993,0.5408970976253298,0.4591029023746703,0.5434538828151066,0.4565461171848933
E0,2526,2025-10-26,Aston Villa,Man City,1,0,H,fpl-team-2,fpl-team-15,0.2323856117415888,0.2495087620804427,0.5181056261779685,0.2282922361750038,0.2460959316232482,0.525611832201748,0.0274722047615796,0.5447368421052632,0.4552631578947368,0.547471447312235,0.4525285526877652
E0,2526,2025-10-26,Bournemouth,Nott'm Forest,2,0,H,fpl-team-3,fpl-team-18,0.5292279549382696,0.2499519892716366,0.2208200557900938,0.5373173826621268,0.2464943315019485,0.2161882858359245,0.0279481031466275,0.5106382978723405,0.4893617021276596,0.5113224637680679,0.4886775362319321
E0,2526,2025-10-26,Wolves,Burnley,2,3,A,hist-team-wolves,hist-team-burnley,0.4802632522260299,0.2867026081470542,0.233034139626916,0.4864692946765973,0.2847142605804945,0.2288164447429082,0.028565231943503,0.4233766233766234,0.5766233766233767,0.4184767589546231,0.5815232410453769
E0,2526,2025-10-26,Everton,Tottenham,0,3,A,fpl-team-9,fpl-team-19,0.4030276323293068,0.2802115195188968,0.3167608481517963,0.4059107332768224,0.2780191023547337,0.3160701643684438,0.0279397666454315,0.4920212765957447,0.5079787234042553,0.4915098344417198,0.5084901655582802
E0,2526,2025-11-01,Brighton,Leeds,3,0,H,fpl-team-5,fpl-team-13,0.5141985488678292,0.2543495495736588,0.2314519015585119,0.5210830923970594,0.2513345088790896,0.2275823987238511,0.0257160121109336,0.5239361702127661,0.4760638297872341,0.5255225023400657,0.4744774976599343
E0,2526,2025-11-01,Burnley,Arsenal,0,2,A,hist-team-burnley,fpl-team-1,0.0868665927563927,0.1686595615110847,0.7444738457325225,0.0779991997207413,0.1624211257261989,0.7595796745530596,0.025511723710224,0.5423280423280423,0.4576719576719577,0.5451149020088001,0.4548850979911999
E0,2526,2025-11-01,Crystal Palace,Brentford,2,0,H,fpl-team-8,fpl-team-4,0.4938933309902469,0.2598014234250065,0.2463052455847464,0.5003952562719214,0.256818859624118,0.2427858841039605,0.0273628064896911,0.5396825396825397,0.4603174603174603,0.5422582826312768,0.4577417173687232
E0,2526,2025-11-01,Fulham,Wolves,3,0,H,fpl-team-10,hist-team-wolves,0.5155239284558003,0.2741514532828533,0.2103246182613464,0.5228577391816909,0.2717420157239608,0.2054002450943483,0.0272402600385248,0.433420365535248,0.5665796344647519,0.4292099272552123,0.5707900727447877
E0,2526,2025-11-01,Nott'm Forest,Man United,2,2,D,fpl-team-18,fpl-team-16,0.2783522699944873,0.2586324906488288,0.4630152393566838,0.2761623121571095,0.2556693962262514,0.468168291616639,0.0268269025254994,0.5499999999999999,0.45,0.5531632110568048,0.4468367889431952
E0,2526,2025-11-01,Tottenham,Chelsea,0,1,A,fpl-team-19,fpl-team-6,0.3503993756520216,0.2697677011411871,0.3798329232067914,0.3510651097711713,0.2672753639314265,0.3816595262974022,0.0265648048371076,0.5526315789473685,0.4473684210526316,0.5560224089628113,0.4439775910371886
E0,2526,2025-11-01,Liverpool,Aston Villa,2,0,H,fpl-team-14,fpl-team-2,0.5826853350008834,0.2198558092711666,0.19745885572795,0.5924869597780281,0.215380341363622,0.19213269885835,0.0266513582319021,0.6161616161616161,0.3838383838383838,0.6240293356413877,0.3759706643586123
E0,2526,2025-11-02,West Ham,Newcastle,3,1,H,hist-team-west-ham,fpl-team-17,0.1899074757336663,0.2322642901742635,0.5778282340920702,0.1840495294966719,0.2280855315912636,0.5878649389120645,0.0278566519264131,0.5396825396825397,0.4603174603174603,0.5422582826312768,0.4577417173687232
E0,2526,2025-11-02,Man City,Bournemouth,3,1,H,fpl-team-15,fpl-team-3,0.6354600446604736,0.2040593677896779,0.1604805875498484,0.6480680664819403,0.1986162133131437,0.1533157202049159,0.0284599740989506,0.6171284634760705,0.3828715365239294,0.6248657357454863,0.3751342642545138
E0,2526,2025-11-03,Sunderland,Everton,1,1,D,fpl-team-20,fpl-team-9,0.3443025418474891,0.3023682579045257,0.3533292002479851,0.3447877180538591,0.3009968313114791,0.3542154506346617,0.0300089286174625,0.4097938144329897,0.5902061855670103,0.4038752025386159,0.5961247974613841
E0,2526,2025-11-08,Tottenham,Man United,2,2,D,fpl-team-19,fpl-team-16,0.3581904663590958,0.2651409876680457,0.3766685459728586,0.3591699852231766,0.2624472823587033,0.37838273241812,0.0267768094781786,0.5762273901808785,0.4237726098191214,0.5806628021313719,0.4193371978686282
E0,2526,2025-11-08,Everton,Fulham,2,0,H,fpl-team-9,fpl-team-10,0.4314453729495512,0.2893840916125039,0.2791705354379449,0.4353421149004318,0.2876365903624343,0.2770212947371339,0.0268033251632004,0.433420365535248,0.5665796344647519,0.4292099272552123,0.5707900727447877
E0,2526,2025-11-08,West Ham,Burnley,3,2,H,hist-team-west-ham,hist-team-burnley,0.4897824283082289,0.2714794031194183,0.2387381685723527,0.4958740283865362,0.2690604866458647,0.235065484967599,0.0262982596177607,0.4787234042553191,0.5212765957446808,0.4773242630376109,0.5226757369623892
E0,2526,2025-11-08,Sunderland,Arsenal,2,2,D,fpl-team-20,fpl-team-1,0.1132176500443884,0.2034038723495544,0.6833784776060571,0.1047258788078755,0.1981740379749766,0.6971000832171479,0.0269506254699081,0.4708994708994709,0.5291005291005291,0.4691011235925061,0.5308988764074939
E0,2526,2025-11-08,Chelsea,Wolves,3,0,H,fpl-team-6,hist-team-wolves,0.6977273864110045,0.187531471446436,0.1147411421425594,0.7123124998002075,0.1815695262027853,0.1061179739970071,0.0275505165336653,0.5792207792207792,0.4207792207792207,0.5844267286623455,0.4155732713376546
E0,2526,2025-11-09,Aston Villa,Bournemouth,4,0,H,fpl-team-2,fpl-team-3,0.4331575592513184,0.2749608854377934,0.2918815553108884,0.4371682626487224,0.2726189977673154,0.290212739583962,0.0271192481741309,0.5172413793103448,0.4827586206896552,0.5183150183124496,0.4816849816875503
E0,2526,2025-11-09,Brentford,Newcastle,3,1,H,fpl-team-4,fpl-team-17,0.3339480436177037,0.2789448364336113,0.387107119948685,0.3339677080000404,0.2767592783565164,0.3892730136434431,0.0272122470196336,0.5186170212765957,0.4813829787234043,0.519832837511798,0.4801671624882019
E0,2526,2025-11-09,Crystal Palace,Brighton,0,0,D,fpl-team-8,fpl-team-5,0.4181306658330728,0.2696467646139419,0.3122225695529853,0.4214984097705725,0.26712423917543,0.3113773510539975,0.0268113876227289,0.5488126649076518,0.4511873350923483,0.5520130454309478,0.4479869545690522
E0,2526,2025-11-09,Nott'm Forest,Leeds,3,1,H,fpl-team-18,fpl-team-13,0.4267218814704848,0.2853381255615893,0.2879399929679259,0.4305722052068998,0.2833598371265049,0.2860679576665952,0.0278352471068501,0.4603174603174603,0.5396825396825397,0.4577417173687232,0.5422582826312768
E0,2526,2025-11-09,Man City,Liverpool,3,0,H,fpl-team-15,fpl-team-14,0.5037864131336024,0.2416118511967276,0.25460173566967,0.5108512754540491,0.2378155416677529,0.2513331828781979,0.028023081831634,0.6354679802955665,0.3645320197044334,0.6440393882360916,0.3559606117639084
E0,2526,2025-11-22,Burnley,Chelsea,0,2,A,hist-team-burnley,fpl-team-6,0.1447892575428476,0.2134421414564225,0.6417686010007299,0.1374562887098755,0.2086611832444035,0.6538825280457211,0.0267986396793276,0.53315649867374,0.4668435013262599,0.5353346901856414,0.4646653098143585
E0,2526,2025-11-22,Bournemouth,West Ham,2,2,D,fpl-team-3,hist-team-west-ham,0.5843636727523405,0.2314594498432253,0.1841768774044341,0.5948683955866708,0.2271600368264061,0.1779715675869231,0.0284228581003844,0.5703125,0.4296875,0.5747198007411632,0.4252801992588368
E0,2526,2025-11-22,Brighton,Brentford,2,1,H,fpl-team-5,fpl-team-4,0.4919908788919543,0.2594378131861944,0.2485713079218512,0.4982514977800853,0.2565182400827608,0.2452302621371538,0.0266523209866136,0.5590551181102362,0.4409448818897638,0.5628772635825252,0.4371227364174747
E0,2526,2025-11-22,Fulham,Sunderland,1,0,H,fpl-team-10,fpl-team-20,0.4525612871420248,0.2933267601846457,0.2541119526733294,0.4571812191894662,0.2917676705593232,0.2510511102512104,0.026154643157497,0.4296875,0.5703125,0.4252801992588368,0.5747198007411632
E0,2526,2025-11-22,Liverpool,Nott'm Forest,0,3,A,fpl-team-14,fpl-team-18,0.6684888145119275,0.1953197770796166,0.1361914084084558,0.6818108509021806,0.1897561718450278,0.1284329772527915,0.0271992410998791,0.6136363636363636,0.3863636363636363,0.6210360687493998,0.3789639312506001
E0,2526,2025-11-22,Wolves,Crystal Palace,0,2,A,hist-team-wolves,fpl-team-8,0.246169115861931,0.2714893677791582,0.4823415163589106,0.2427855425809679,0.2690756305688502,0.4881388268501817,0.0262703637126833,0.4721485411140583,0.5278514588859416,0.4703574050007903,0.5296425949992097
E0,2526,2025-11-22,Newcastle,Man City,2,1,H,fpl-team-17,fpl-team-15,0.2679615434584903,0.2529556970248148,0.4790827595166949,0.2653266464837394,0.2497264785966253,0.4849468749196352,0.0271747034275904,0.5590551181102362,0.4409448818897638,0.5628772635825252,0.4371227364174747
E0,2526,2025-11-23,Leeds,Aston Villa,1,2,A,fpl-team-13,fpl-team-2,0.3107438083211967,0.2906649776296733,0.3985912140491299,0.3097609955636361,0.2888170756809455,0.4014219287554182,0.0293087759055197,0.4435695538057742,0.5564304461942258,0.439991068445573,0.5600089315544268
E0,2526,2025-11-23,Arsenal,Tottenham,4,1,H,fpl-team-1,fpl-team-19,0.6796321757245423,0.2027229022010973,0.1176449220743603,0.6946875552967768,0.1968914360043518,0.1084210086988713,0.0299543095752596,0.5305039787798408,0.4694960212201591,0.5324858757093553,0.4675141242906446
E0,2526,2025-11-24,Man United,Everton,0,1,A,fpl-team-16,fpl-team-9,0.5429365242237201,0.2466604574802279,0.2104030182960519,0.552042121382312,0.2428730853585015,0.2050847932591863,0.0294469399377703,0.5396825396825397,0.4603174603174603,0.5422582826312768,0.4577417173687232
E0,2526,2025-11-29,Brentford,Burnley,3,1,H,fpl-team-4,hist-team-burnley,0.654571668869398,0.2090592334494773,0.1363690976811245,0.6673692663932547,0.2040209971335021,0.1286097364732431,0.0272402665577828,0.5278514588859416,0.4721485411140583,0.5296425949992097,0.4703574050007903
E0,2526,2025-11-29,Man City,Leeds,3,2,H,fpl-team-15,fpl-team-13,0.7716031244643601,0.1478305051543867,0.0805663703812532,0.7890903247830728,0.1401936640371975,0.0707160111797296,0.0279767028987407,0.6180904522613065,0.3819095477386934,0.6256953359021532,0.3743046640978467
E0,2526,2025-11-29,Sunderland,Bournemouth,3,2,H,fpl-team-20,fpl-team-3,0.3110585215193935,0.2865508804299868,0.4023905980506197,0.3101060380078168,0.2845617796000459,0.4053321823921373,0.0287749795243144,0.4801061007957559,0.519893899204244,0.478858946896837,0.521141053103163
E0,2526,2025-11-29,Everton,Newcastle,1,4,A,fpl-team-9,fpl-team-17,0.3404814057337867,0.2869918797574818,0.3725267145087315,0.3407572822036849,0.2851868462930229,0.3740558715032922,0.0263567238580435,0.4787234042553191,0.5212765957446808,0.4773242630376109,0.5226757369623892
E0,2526,2025-11-29,Tottenham,Fulham,1,2,A,fpl-team-19,fpl-team-10,0.4352135644972877,0.279871849735719,0.2849145857669932,0.4392946807694136,0.2777313173264976,0.2829740019040888,0.0270362622104585,0.5039787798408488,0.4960212201591513,0.5042217844068116,0.4957782155931882
E0,2526,2025-11-30,Crystal Palace,Man United,1,2,A,fpl-team-8,fpl-team-16,0.4077010596588319,0.2694776234782022,0.3228213168629658,0.4108527759548497,0.266779624792418,0.3223675992527323,0.0286433895817026,0.5488126649076518,0.4511873350923483,0.5520130454309478,0.4479869545690522
E0,2526,2025-11-30,Aston Villa,Wolves,1,0,H,fpl-team-2,hist-team-wolves,0.6400425181578719,0.2157774320896698,0.1441800497524582,0.652729201061741,0.2108319720390128,0.1364388268992461,0.0282597781624645,0.526595744680851,0.4734042553191488,0.5283736238818321,0.4716263761181679
E0,2526,2025-11-30,Nott'm Forest,Brighton,0,2,A,fpl-team-18,fpl-team-5,0.3471752147878156,0.2810466024472793,0.3717781827649049,0.3477744087527174,0.278772388081149,0.3734532031661335,0.0294977950397878,0.5,0.5,0.5,0.5
E0,2526,2025-11-30,West Ham,Liverpool,0,2,A,hist-team-west-ham,fpl-team-14,0.2215351036740633,0.233539468897781,0.5449254274281556,0.2170016760731556,0.2294806021866044,0.5535177217402399,0.0274895960465073,0.6206030150753769,0.3793969849246231,0.6286966780189376,0.3713033219810624
E0,2526,2025-11-30,Chelsea,Arsenal,1,1,D,fpl-team-6,fpl-team-1,0.2839656426069002,0.2822703253376053,0.4337640320554944,0.281860242541649,0.280093409272467,0.438046348185884,0.0288010775111615,0.4893617021276596,0.5106382978723405,0.4886775362319321,0.5113224637680679
E0,2526,2025-12-02,Bournemouth,Everton,0,1,A,fpl-team-3,fpl-team-9,0.4311124206216901,0.2882818618138961,0.2806057175644137,0.4350543081114235,0.2864641355779225,0.2784815563106539,0.0272108560893684,0.492063492063492,0.5079365079365078,0.4915994623657921,0.5084005376342079
E0,2526,2025-12-02,Fulham,Man City,4,5,A,fpl-team-10,fpl-team-15,0.2036302468878059,0.2348804332913801,0.561489319820814,0.1984604737675142,0.2309237937621513,0.5706157324703344,0.0271000952925533,0.5714285714285715,0.4285714285714286,0.5757575757670291,0.4242424242329708
E0,2526,2025-12-02,Newcastle,Tottenham,2,2,D,fpl-team-17,fpl-team-19,0.5261167572677853,0.2505317891751359,0.2233514535570786,0.5341261328433837,0.2470783970168861,0.2187954701397301,0.0281164231710135,0.5485564304461943,0.4514435695538058,0.5514632246504734,0.4485367753495266
E0,2526,2025-12-03,Arsenal,Brentford,2,0,H,fpl-team-1,fpl-team-4,0.7029202519209686,0.1909340724533818,0.1061456756256496,0.717698613511288,0.1850828833062727,0.0972185031824391,0.0275921348948031,0.5435356200527705,0.4564643799472295,0.5462988944398149,0.453701105560185
E0,2526,2025-12-03,Brighton,Aston Villa,3,4,A,fpl-team-5,fpl-team-2,0.4418011505953129,0.272951860281587,0.2852469891231,0.4460487907581361,0.2705898641196282,0.2833613451222356,0.0264252008637413,0.5159574468085106,0.4840425531914894,0.5169933159605087,0.4830066840394914
E0,2526,2025-12-03,Burnley,Crystal Palace,0,1,A,hist-team-burnley,fpl-team-8,0.2077392495484067,0.2558944394706788,0.5363663109809145,0.2027870714599576,0.2528034695484917,0.5444094589915506,0.026812135707587,0.4774535809018567,0.5225464190981433,0.4760293288208063,0.5239706711791936
E0,2526,2025-12-03,Wolves,Nott'm Forest,0,1,A,hist-team-wolves,fpl-team-18,0.2891656756587594,0.2874131564123428,0.4234211679288978,0.2873855995804653,0.2855630914488821,0.4270513089706527,0.0271968599408864,0.4538258575197889,0.5461741424802111,0.4508482193092631,0.5491517806907368
E0,2526,2025-12-03,Leeds,Chelsea,3,1,H,fpl-team-13,fpl-team-6,0.2205050560017413,0.245575398286177,0.5339195457120816,0.2161388430317154,0.2421592059414581,0.5417019510268264,0.0262377040926367,0.519893899204244,0.4801061007957559,0.521141053103163,0.478858946896837
E0,2526,2025-12-03,Liverpool,Sunderland,1,1,D,fpl-team-14,fpl-team-20,0.7027899032074397,0.1793509204782691,0.1178591763142911,0.7176248016971212,0.1730580240298107,0.109317174273068,0.0276340938871726,0.6055979643765903,0.3944020356234097,0.6124966115649725,0.3875033884350276
E0,2526,2025-12-04,Man United,West Ham,1,1,D,fpl-team-16,hist-team-west-ham,0.6603742924464426,0.1963274923489423,0.143298215204615,0.674696280493611,0.1902483122612261,0.1350554072451628,0.0300031767692416,0.6293532338308457,0.3706467661691542,0.6379420112915681,0.3620579887084318
E0,2526,2025-12-06,Aston Villa,Arsenal,2,1,H,fpl-team-2,fpl-team-1,0.2293890964029478,0.2746020197519346,0.4960088838451175,0.2251214881614649,0.2721637740927667,0.5027147377457684,0.0278744518291205,0.4578947368421053,0.5421052631578948,0.4553621247655275,0.5446378752344725
E0,2526,2025-12-06,Bournemouth,Chelsea,0,0,D,fpl-team-3,fpl-team-6,0.3021796640923403,0.2585406390326836,0.4392796968749762,0.3009247998654994,0.2555590970709588,0.4435161030635418,0.0269993434194475,0.5744125326370757,0.4255874673629242,0.5794757389924177,0.4205242610075823
E0,2526,2025-12-06,Everton,Nott'm Forest,3,0,H,fpl-team-9,fpl-team-18,0.4377958661967249,0.292312932199044,0.269891201604231,0.4418738906535017,0.2907071297315314,0.2674189796149668,0.0263428600737825,0.4485488126649077,0.5514511873350924,0.4451168027028709,0.5548831972971291
E0,2526,2025-12-06,Man City,Sunderland,3,0,H,fpl-team-15,fpl-team-20,0.7643389959355387,0.1523762628553163,0.0832847412091448,0.781991636812459,0.1447280124626338,0.0732803507249072,0.0286923719104379,0.634567901234568,0.3654320987654321,0.6432853086549314,0.3567146913450684
E0,2526,2025-12-06,Newcastle,Burnley,2,1,H,fpl-team-17,hist-team-burnley,0.7424061480345177,0.1661328443154165,0.0914610076500656,0.7583213393789278,0.1594421809993065,0.0822364796217656,0.0270286854356527,0.5917312661498708,0.4082687338501292,0.5981150848429637,0.4018849151570364
E0,2526,2025-12-06,Tottenham,Brentford,2,0,H,fpl-team-19,fpl-team-4,0.4108652720456937,0.2759008076818466,0.3132339202724595,0.4139478366673996,0.2736227971679419,0.3124293661646584,0.026838731020689,0.5225464190981433,0.4774535809018567,0.5239706711791936,0.4760293288208063
E0,2526,2025-12-06,Leeds,Liverpool,3,3,D,fpl-team-13,fpl-team-14,0.2404100639887433,0.2434922442962913,0.5160976917149653,0.236749225007801,0.2399503644185105,0.5233004105736885,0.0266360689420253,0.5729166666666667,0.4270833333333333,0.5776053215061048,0.4223946784938952
E0,2526,2025-12-07,Brighton,West Ham,1,1,D,fpl-team-5,hist-team-west-ham,0.6119549819973279,0.2195671810407079,0.1684778369619641,0.623191619108513,0.2149343944403031,0.1618739864511839,0.0274327857187017,0.5865633074935401,0.41343669250646,0.592235682807812,0.4077643171921881
E0,2526,2025-12-07,Fulham,Crystal Palace,1,2,A,fpl-team-10,fpl-team-8,0.3684964219896097,0.2896133958756259,0.3418901821347642,0.3699511129299982,0.2878075332767017,0.3422413537933,0.0279723356943577,0.4656084656084655,0.5343915343915343,0.4634338433828662,0.5365661566171338
E0,2526,2025-12-08,Wolves,Man United,1,4,A,hist-team-wolves,fpl-team-16,0.2239023820644558,0.2422738595671804,0.5338237583683636,0.2191731396661778,0.2383195520947486,0.5425073082390736,0.0293366871774196,0.5616797900262467,0.4383202099737532,0.5657563377903915,0.4342436622096085
E0,2526,2025-12-13,Chelsea,Everton,2,0,H,fpl-team-6,fpl-team-9,0.5708509708291156,0.24297759271188,0.1861714364590043,0.5806039653372776,0.239229164357111,0.1801668703056113,0.0278647998347878,0.5093333333333333,0.4906666666666666,0.5099590257227813,0.4900409742772187
E0,2526,2025-12-13,Liverpool,Brighton,2,0,H,fpl-team-14,fpl-team-5,0.567552519244536,0.2272932151410971,0.2051542656143668,0.577134282187871,0.2229409045577078,0.199924813254421,0.0277312838006764,0.6231155778894473,0.3768844221105528,0.6317204301303636,0.3682795698696364
E0,2526,2025-12-13,Burnley,Fulham,2,3,A,hist-team-burnley,fpl-team-10,0.2412722792870628,0.2724712809190105,0.4862564397939267,0.2375499248272445,0.2699928344109163,0.492457240761839,0.0273988065309822,0.4603174603174603,0.5396825396825397,0.4577417173687232,0.5422582826312768
E0,2526,2025-12-13,Arsenal,Wolves,2,1,H,fpl-team-1,hist-team-wolves,0.8473627672239902,0.1100981785720265,0.0425390542039833,0.8678616755983903,0.1004992727454233,0.0316390516561862,0.0295611864421516,0.6215538847117794,0.3784461152882205,0.6295129246052756,0.3704870753947243
E0,2526,2025-12-14,Crystal Palace,Man City,0,3,A,fpl-team-8,fpl-team-15,0.2369958700861673,0.2475704889614031,0.5154336409524295,0.2327008653767185,0.2437364924001423,0.5235626422231391,0.0302266750950366,0.5654450261780105,0.4345549738219895,0.569723337798959,0.4302766622010409
E0,2526,2025-12-14,Nott'm Forest,Tottenham,3,0,H,fpl-team-18,fpl-team-19,0.3701849943569361,0.2877962608567643,0.3420187447862997,0.3718016387683257,0.2858020841527041,0.3423962770789701,0.0296881899703294,0.48,0.5199999999999999,0.4786324786297921,0.5213675213702079
E0,2526,2025-12-14,Sunderland,Newcastle,1,0,H,fpl-team-20,fpl-team-17,0.2900696864111498,0.28397212543554,0.42595818815331,0.288224739616102,0.2818698627562294,0.4299053976276685,0.0287833060137927,0.4906666666666666,0.5093333333333333,0.4900409742772187,0.5099590257227813
E0,2526,2025-12-14,West Ham,Aston Villa,2,3,A,hist-team-west-ham,fpl-team-2,0.259795050571216,0.2686769326420268,0.4715280167867571,0.2565064113675586,0.2657793933275102,0.4777141953049312,0.0302727648522704,0.5253333333333333,0.4746666666666666,0.5270917698032508,0.4729082301967493
E0,2526,2025-12-14,Brentford,Leeds,1,1,D,fpl-team-4,fpl-team-13,0.487348742741082,0.2670781245530223,0.2455731327058958,0.4939404234461181,0.2642342577395775,0.2418253188143042,0.028938451083377,0.5039999999999999,0.496,0.5042669397508994,0.4957330602491005
E0,2526,2025-12-15,Man United,Bournemouth,4,4,D,fpl-team-16,fpl-team-3,0.5178007562102752,0.236783260377563,0.2454159834121617,0.5261646114100336,0.2324103664152751,0.2414250221746913,0.0307109442073851,0.6035805626598465,0.3964194373401534,0.6107162383745074,0.3892837616254925
E0,2526,2025-12-20,Newcastle,Chelsea,2,2,D,fpl-team-17,fpl-team-6,0.3468559837728194,0.2697768762677485,0.383367139959432,0.3474106930046459,0.2671478641437575,0.3854414428515965,0.028049498796463,0.5677083333333334,0.4322916666666666,0.5718470211130101,0.4281529788869898
E0,2526,2025-12-20,Bournemouth,Burnley,1,1,D,fpl-team-3,hist-team-burnley,0.6434400543610922,0.2130308288087399,0.1435291168301677,0.6566262429118843,0.2078281584390385,0.1355455986490772,0.0290785985998809,0.5590551181102362,0.4409448818897638,0.5628772635825252,0.4371227364174747
E0,2526,2025-12-20,Brighton,Sunderland,0,0,D,fpl-team-5,fpl-team-20,0.575543225041298,0.2404167902071244,0.1840399847515778,0.5850865493644396,0.2367197003000545,0.1781937503355059,0.0267251525074243,0.5212765957446808,0.4787234042553191,0.5226757369623892,0.4773242630376109
E0,2526,2025-12-20,Man City,West Ham,3,0,H,fpl-team-15,hist-team-west-ham,0.7911057065925476,0.1289846260748718,0.0799096673325805,0.809285377624941,0.1206678332479551,0.0700467891271038,0.0279374225065112,0.7002237136465325,0.2997762863534676,0.7133899194395479,0.2866100805604521
E0,2526,2025-12-20,Wolves,Brentford,0,2,A,hist-team-wolves,fpl-team-4,0.264352440276136,0.2727084082158989,0.4629391515079651,0.2616047598135563,0.2702893785704645,0.4681058616159791,0.0269130223896354,0.4867021276595745,0.5132978723404255,0.485843313799689,0.5141566862003111
E0,2526,2025-12-20,Tottenham,Liverpool,1,2,A,fpl-team-19,fpl-team-14,0.280188432347553,0.2537555613713687,0.4660560062810782,0.2777289841050864,0.250097181517415,0.4721738343774984,0.0311872540041804,0.5744125326370757,0.4255874673629242,0.5794757389924177,0.4205242610075823
E0,2526,2025-12-20,Everton,Arsenal,0,1,A,fpl-team-9,fpl-team-1,0.1564726589821962,0.2425527335893685,0.6009746074284353,0.1487055389762221,0.2384344362165165,0.6128600248072613,0.030299607431516,0.4576719576719577,0.5423280423280423,0.4548850979911999,0.5451149020088001
E0,2526,2025-12-20,Leeds,Crystal Palace,4,1,H,fpl-team-13,fpl-team-8,0.3646934460887949,0.2917547568710359,0.3435517970401692,0.3659608342770051,0.2900765936953449,0.3439625720276499,0.0273209591396152,0.4576719576719577,0.5423280423280423,0.4548850979911999,0.5451149020088001
E0,2526,2025-12-21,Aston Villa,Man United,2,1,H,fpl-team-2,fpl-team-16,0.4502284075215128,0.2597471581854881,0.290024434292999,0.4552257169608925,0.2566095285232688,0.2881647545158388,0.0288877547718584,0.5755208333333334,0.4244791666666667,0.5805041223544432,0.4194958776455569
E0,2526,2025-12-22,Fulham,Nott'm Forest,1,0,H,fpl-team-10,fpl-team-18,0.3897116546200748,0.2884104599940614,0.3218778853858637,0.3922282690138137,0.2864095317723648,0.3213621992138216,0.0301816437859088,0.4693333333333332,0.5306666666666666,0.467165372312263,0.5328346276877369
E0,2526,2025-12-26,Man United,Newcastle,1,0,H,fpl-team-16,fpl-team-17,0.3824036549701753,0.263837158596741,0.3537591864330836,0.3845317730696201,0.2608295543374164,0.3546386725929634,0.0293856195639818,0.578125,0.421875,0.5834167500847868,0.4165832499152132
E0,2526,2025-12-27,Nott'm Forest,Man City,1,2,A,fpl-team-18,fpl-team-15,0.1816364415250607,0.2231900614022561,0.5951734970726832,0.1752796016645101,0.2185141560126266,0.6062062423228632,0.0286399931646883,0.5792207792207792,0.4207792207792207,0.5844267286623455,0.4155732713376546
E0,2526,2025-12-27,Arsenal,Brighton,2,1,H,fpl-team-1,fpl-team-5,0.6710529621991268,0.2000390436999511,0.1289079941009221,0.6853241638161249,0.1942964153568021,0.1203794208270728,0.0290040967520326,0.5729166666666667,0.4270833333333333,0.5776053215061048,0.4223946784938952
E0,2526,2025-12-27,Brentford,Bournemouth,4,1,H,fpl-team-4,fpl-team-3,0.4192369985931644,0.2642249991133389,0.3165380022934966,0.4230606209659909,0.2611595265751095,0.3157798524588996,0.030101835145615,0.5552631578947369,0.4447368421052632,0.558891163520858,0.4411088364791421
E0,2526,2025-12-27,Burnley,Everton,0,0,D,hist-team-burnley,fpl-team-9,0.2343933490151012,0.2836652241834408,0.4819414268014581,0.2301096298514013,0.2814869259860303,0.4884034441625682,0.0294180598575621,0.4345549738219895,0.5654450261780105,0.4302766622010409,0.569723337798959
E0,2526,2025-12-27,Liverpool,Wolves,2,1,H,fpl-team-14,hist-team-wolves,0.7652656963688756,0.1503850179869106,0.0843492856442138,0.7825513338798273,0.1428477057982371,0.0746009603219354,0.027991491369903,0.642156862745098,0.3578431372549019,0.6516260587545915,0.3483739412454086
E0,2526,2025-12-27,West Ham,Fulham,0,1,A,hist-team-west-ham,fpl-team-10,0.3562281533447,0.2792913036578269,0.3644805429974729,0.3572285621083306,0.2769274685547392,0.3658439693369302,0.0296732948627322,0.526595744680851,0.4734042553191488,0.5283736238818321,0.4716263761181679
E0,2526,2025-12-27,Chelsea,Aston Villa,1,2,A,fpl-team-6,fpl-team-2,0.5140987830095937,0.2476287331773959,0.2382724838130106,0.521766661061744,0.2439888778459714,0.2342444610922845,0.028698643669486,0.5578947368421052,0.4421052631578946,0.5617699910098899,0.4382300089901101
E0,2526,2025-12-28,Sunderland,Leeds,1,1,D,fpl-team-20,fpl-team-13,0.3677393775193286,0.2960417630344281,0.3362188594462433,0.3693214521009794,0.2943299563092376,0.3363485915897829,0.0311255466658622,0.4281984334203655,0.5718015665796344,0.4234324534941804,0.5765675465058195
E0,2526,2025-12-28,Crystal Palace,Tottenham,0,1,A,fpl-team-8,fpl-team-19,0.4199907483186848,0.28377753264776,0.2962317190335551,0.4237291369750299,0.2816421627125623,0.2946287003124077,0.0291428167838603,0.4787234042553191,0.5212765957446808,0.4773242630376109,0.5226757369623892
E0,2526,2025-12-30,Burnley,Newcastle,1,3,A,hist-team-burnley,fpl-team-17,0.1724935264445729,0.2308307531496717,0.5966757204057553,0.1660780746704115,0.2266678577867686,0.6072540675428199,0.0272970225196331,0.5305039787798408,0.4694960212201591,0.5324858757093553,0.4675141242906446
E0,2526,2025-12-30,Chelsea,Bournemouth,2,2,D,fpl-team-6,fpl-team-3,0.6285208636302171,0.2081286193161464,0.1633505170536364,0.6402984897118587,0.2030899745366275,0.1566115357515138,0.0271662308368831,0.6339066339066339,0.366093366093366,0.6417720202125494,0.3582279797874504
E0,2526,2025-12-30,Nott'm Forest,Everton,0,2,A,fpl-team-18,fpl-team-9,0.447746002065882,0.2957076399936666,0.2565463579404513,0.4522867196804883,0.2942055130311313,0.2535077672883803,0.0267946687527,0.4123711340206186,0.5876288659793815,0.4067982456114384,0.5932017543885617
E0,2526,2025-12-30,West Ham,Brighton,2,2,D,hist-team-west-ham,fpl-team-5,0.277721929378772,0.2580468063165158,0.4642312643047121,0.2754087152868209,0.2549287391481334,0.4696625455650456,0.0280289411311969,0.5703125,0.4296875,0.5747198007411632,0.4252801992588368
E0,2526,2025-12-30,Arsenal,Aston Villa,4,1,H,fpl-team-1,fpl-team-2,0.6625766871165645,0.2024539877300613,0.1349693251533742,0.6761385699864055,0.1969709512767437,0.1268904787368508,0.0282085582148283,0.5651041666666667,0.4348958333333333,0.5689864510489147,0.4310135489510853
E0,2526,2025-12-30,Man United,Wolves,1,1,D,fpl-team-16,hist-team-wolves,0.6943982195352404,0.1880090041034149,0.1175927763613448,0.7081381541478552,0.1823724623716003,0.1094893834805445,0.0261293195653706,0.5948717948717949,0.4051282051282052,0.600938454809759,0.3990615451902409
E0,2526,2026-01-01,Crystal Palace,Fulham,1,1,D,fpl-team-8,fpl-team-10,0.4370751833976091,0.2839680083750933,0.2789568082272975,0.4412574400030366,0.2819768361004283,0.2767657238965351,0.027211622800678,0.4640000000000001,0.536,0.4613998970603605,0.5386001029396396
E0,2526,2026-01-01,Liverpool,Leeds,0,0,D,fpl-team-14,fpl-team-13,0.6213594344752583,0.215573681348559,0.1630668841761827,0.6324700321581462,0.2109861356713123,0.1565438321705415,0.0262374338926747,0.5902061855670103,0.4097938144329897,0.5961247974613841,0.4038752025386159
E0,2526,2026-01-01,Brentford,Tottenham,0,0,D,fpl-team-4,fpl-team-19,0.4475403749057377,0.2705759859745291,0.2818836391197333,0.4525326973260697,0.2678358121713639,0.2796314905025663,0.029540641233325,0.5013333333333333,0.4986666666666667,0.5014222323357952,0.4985777676642047
E0,2526,2026-01-01,Sunderland,Man City,0,0,D,fpl-team-20,fpl-team-15,0.1213734082851599,0.1966652113500205,0.6819613803648196,0.1128392667204234,0.1909662652776052,0.6961944680019713,0.0280507991556078,0.578125,0.421875,0.5834167500847868,0.4165832499152132
E0,2526,2026-01-03,Aston Villa,Nott'm Forest,3,1,H,fpl-team-2,fpl-team-18,0.5381397294659044,0.2532422256310137,0.2086180449030818,0.5466292573934303,0.249898420387895,0.2034723222186746,0.0280748305376619,0.5225464190981433,0.4774535809018567,0.5239706711791936,0.4760293288208063
E0,2526,2026-01-03,Brighton,Burnley,2,0,H,fpl-team-5,hist-team-burnley,0.6370794719580996,0.2182180260270272,0.1447025020148732,0.6491490573556655,0.2135670700704738,0.1372838725738605,0.0271152281202375,0.5526315789473685,0.4473684210526316,0.5560224089628113,0.4439775910371886
E0,2526,2026-01-03,Wolves,West Ham,3,0,H,hist-team-wolves,hist-team-west-ham,0.3823598046236914,0.28138050904058,0.3362596863357286,0.3843405427578947,0.2792860706965501,0.3363733865455552,0.0272995049599558,0.4920212765957447,0.5079787234042553,0.4915098344417198,0.5084901655582802
E0,2526,2026-01-03,Bournemouth,Arsenal,2,3,A,fpl-team-3,fpl-team-1,0.1542436619300754,0.2068957653460311,0.6388605727238934,0.1466397335186496,0.2014187190192641,0.6519415474620862,0.0292391596594825,0.578125,0.421875,0.5834167500847868,0.4165832499152132
E0,2526,2026-01-04,Leeds,Man United,1,1,D,fpl-team-13,fpl-team-16,0.3538639578243538,0.2756847113282757,0.3704513308473704,0.3546875903715633,0.27336682030714,0.3719455893212968,0.0272430365439504,0.5212765957446808,0.4787234042553191,0.5226757369623892,0.4773242630376109
E0,2526,2026-01-04,Everton,Brentford,2,4,A,fpl-team-9,fpl-team-4,0.3998237201516977,0.2957943509586228,0.3043819288896795,0.4027669278679555,0.294134028031827,0.3030990441002176,0.0299137814436107,0.4281984334203655,0.5718015665796344,0.4234324534941804,0.5765675465058195
E0,2526,2026-01-04,Newcastle,Crystal Palace,2,0,H,fpl-team-17,fpl-team-8,0.5657600755574577,0.2410253383114679,0.1932145861310744,0.5758377603599978,0.236988490866276,0.1871737487737261,0.0294346051523461,0.5358090185676393,0.4641909814323607,0.5381895332392462,0.4618104667607537
E0,2526,2026-01-04,Tottenham,Sunderland,1,1,D,fpl-team-19,fpl-team-20,0.524920606190249,0.258864956477383,0.216214437332368,0.5332178490280238,0.2556172943702366,0.2111648566017395,0.0293346119578927,0.4694960212201591,0.5305039787798408,0.4675141242906446,0.5324858757093553
E0,2526,2026-01-04,Fulham,Liverpool,2,2,D,fpl-team-10,fpl-team-14,0.2522563692448303,0.2563692448303438,0.4913743859248258,0.2486531444839165,0.2529453781000762,0.4984014774160072,0.0300808140309527,0.5305039787798408,0.4694960212201591,0.5324858757093553,0.4675141242906446
E0,2526,2026-01-04,Man City,Chelsea,1,1,D,fpl-team-15,fpl-team-6,0.5810292284053179,0.2157352260365987,0.2032355455580833,0.5913134606779632,0.2108434565937488,0.1978430827282879,0.0281717637553811,0.6311881188118812,0.3688118811881188,0.6394920384522266,0.3605079615477733
E0,2526,2026-01-06,West Ham,Nott'm Forest,1,2,A,hist-team-west-ham,fpl-team-18,0.3049936285441222,0.2839280025485823,0.4110783689072952,0.3037793803454985,0.2818210731011393,0.4143995465533621,0.0288567498791962,0.493368700265252,0.5066312997347481,0.4929629004108111,0.507037099589189
E0,2526,2026-01-07,Bournemouth,Tottenham,3,2,H,fpl-team-3,fpl-team-19,0.4488062695021478,0.261597024488821,0.2895967060090311,0.4536007681401018,0.2586255476837321,0.287773684176166,0.0280444512609392,0.5552631578947369,0.4447368421052632,0.558891163520858,0.4411088364791421
E0,2526,2026-01-07,Brentford,Sunderland,3,0,H,fpl-team-4,fpl-team-20,0.5171246568405341,0.2658253151736454,0.2170500279858205,0.5248593571947238,0.2629613388993241,0.212179303905952,0.028488160809502,0.4748010610079576,0.5251989389920424,0.4731956435863799,0.5268043564136201
E0,2526,2026-01-07,Crystal Palace,Aston Villa,0,0,D,fpl-team-8,fpl-team-2,0.3076923076923076,0.282051282051282,0.4102564102564102,0.3066393981460553,0.2799573499165506,0.4134032519373941,0.0276202110107988,0.4946808510638298,0.5053191489361702,0.4943406904364988,0.505659309563501
E0,2526,2026-01-07,Everton,Wolves,1,1,D,fpl-team-9,hist-team-wolves,0.538021655234911,0.2667374966798431,0.195240848085246,0.546538077089758,0.2639277756455077,0.1895341472647344,0.0282053581904619,0.4576719576719577,0.5423280423280423,0.4548850979911999,0.5451149020088001
E0,2526,2026-01-07,Fulham,Chelsea,2,1,H,fpl-team-10,fpl-team-6,0.2797708012544189,0.263405378339815,0.4568238204057662,0.2774821774673455,0.2604283790970115,0.462089443435643,0.0288103548809885,0.5305039787798408,0.4694960212201591,0.5324858757093553,0.4675141242906446
E0,2526,2026-01-07,Man City,Brighton,1,1,D,fpl-team-15,fpl-team-5,0.6894668985313824,0.1806060518141479,0.1299270496544696,0.7049976043618321,0.1738510036180209,0.1211513920201469,0.0299981164280325,0.6602870813397128,0.3397129186602871,0.6709532557900572,0.3290467442099429
E0,2526,2026-01-07,Burnley,Man United,2,2,D,hist-team-burnley,fpl-team-16,0.2025213378773713,0.2399493319661006,0.5575293301565281,0.1971921536551128,0.236106360329005,0.566701486015882,0.0277248218189924,0.5488126649076518,0.4511873350923483,0.5520130454309478,0.4479869545690522
E0,2526,2026-01-07,Newcastle,Leeds,4,3,H,fpl-team-17,fpl-team-13,0.5668311270741123,0.2446015457916711,0.1885673271342166,0.5766110790824776,0.2408469488685401,0.1825419720489824,0.0284253426361829,0.5251989389920424,0.4748010610079576,0.5268043564136201,0.4731956435863799
E0,2526,2026-01-08,Arsenal,Liverpool,0,0,D,fpl-team-1,fpl-team-14,0.5902991505601379,0.2298001559358201,0.179900693504042,0.6015156097453651,0.2252372340039575,0.1732471562506775,0.0296875308267772,0.5476190476190476,0.4523809523809524,0.5508517671072177,0.4491482328927823
E0,2526,2026-01-17,Man United,Man City,2,0,H,fpl-team-16,fpl-team-15,0.2668652451010013,0.2447988682451045,0.4883358866538942,0.2641169140184869,0.2411565141770027,0.4947265718045103,0.0278636928414925,0.6336633663366337,0.3663366336633663,0.6425253378301762,0.3574746621698238
E0,2526,2026-01-17,Chelsea,Brentford,2,0,H,fpl-team-6,fpl-team-4,0.5613303447311002,0.2389542273540451,0.1997154279148545,0.5704999186120085,0.2351350495372197,0.1943650318507718,0.0272537335986271,0.5755208333333334,0.4244791666666667,0.5805041223544432,0.4194958776455569
E0,2526,2026-01-17,Leeds,Fulham,1,0,H,fpl-team-13,fpl-team-10,0.4370600167044506,0.2848108817563537,0.2781291015391958,0.4412444335176616,0.282852039435064,0.2759035270472744,0.0272299987263977,0.4591029023746703,0.5408970976253298,0.4565461171848933,0.5434538828151066
E0,2526,2026-01-17,Liverpool,Burnley,1,1,D,fpl-team-14,hist-team-burnley,0.7759783549446008,0.1479208739113145,0.0761007711440846,0.7944998186903551,0.1398664882937616,0.0656336930158832,0.0295086307451128,0.6081424936386769,0.3918575063613231,0.6154703037516116,0.3845296962483883
E0,2526,2026-01-17,Sunderland,Crystal Palace,2,1,H,fpl-team-20,fpl-team-8,0.3526441158565235,0.3011468798901741,0.3462090042533023,0.3534177324321529,0.2998580973198071,0.3467241702480399,0.0270897322334349,0.4270833333333333,0.5729166666666667,0.4223946784938952,0.5776053215061048
E0,2526,2026-01-17,Tottenham,West Ham,1,2,A,fpl-team-19,hist-team-west-ham,0.5535043278594295,0.2420696676827684,0.2044260044578022,0.562747423888911,0.2382151179800905,0.1990374581309984,0.0284564732573926,0.5488126649076518,0.4511873350923483,0.5520130454309478,0.4479869545690522
E0,2526,2026-01-17,Nott'm Forest,Arsenal,0,0,D,fpl-team-18,fpl-team-1,0.1555842667158858,0.2281403910978132,0.6162753421863009,0.1485604846952321,0.2238800637196771,0.6275594515850906,0.0271594009827822,0.5039999999999999,0.496,0.5042669397508994,0.4957330602491005
E0,2526,2026-01-18,Wolves,Newcastle,0,0,D,hist-team-wolves,fpl-team-17,0.2056910074785675,0.237733325226485,0.5565756672949475,0.2003194841239507,0.2336745432885431,0.5660059725875061,0.0286378376185894,0.5654450261780105,0.4345549738219895,0.569723337798959,0.4302766622010409
E0,2526,2026-01-18,Aston Villa,Everton,0,1,A,fpl-team-2,fpl-team-9,0.5697777674932532,0.24440079949323,0.1858214330135167,0.5798319551945806,0.2405771340414382,0.1795909107639811,0.0288741674739867,0.4986666666666667,0.5013333333333333,0.4985777676642047,0.5014222323357952
E0,2526,2026-01-19,Brighton,Bournemouth,1,1,D,fpl-team-5,fpl-team-3,0.5088353900205956,0.2401391509025771,0.2510254590768272,0.5169442832356759,0.2358390022819177,0.2472167144824064,0.0312949994113296,0.6277915632754342,0.3722084367245657,0.6357048748343199,0.36429512516568
E0,2526,2026-01-24,West Ham,Sunderland,3,1,H,hist-team-west-ham,fpl-team-20,0.3765920741927985,0.2917426253777544,0.3316653004294471,0.3784460792815366,0.2899635311778734,0.33159038954059,0.0289733589161187,0.4511873350923483,0.5488126649076518,0.4479869545690522,0.5520130454309478
E0,2526,2026-01-24,Burnley,Tottenham,2,2,D,hist-team-burnley,fpl-team-19,0.2597837098287546,0.2789418005240905,0.4612744896471547,0.2566523683699005,0.2766160694100347,0.4667315622200647,0.0288219794165343,0.4707446808510637,0.5292553191489361,0.4687704057047033,0.5312295942952968
E0,2526,2026-01-24,Fulham,Brighton,2,1,H,fpl-team-10,fpl-team-5,0.3731399768101004,0.2771273511981448,0.3497326719917547,0.3747619076726282,0.2748408593089727,0.350397233018399,0.0275654722936451,0.53315649867374,0.4668435013262599,0.5353346901856414,0.4646653098143585
E0,2526,2026-01-24,Man City,Wolves,2,0,H,fpl-team-15,hist-team-wolves,0.780048811437602,0.1412962667424399,0.0786549218199581,0.7997906351011063,0.132514878837602,0.0676944860612917,0.0312465960159897,0.6737089201877935,0.3262910798122065,0.6854962023466491,0.314503797653351
E0,2526,2026-01-24,Bournemouth,Liverpool,3,2,H,fpl-team-3,fpl-team-14,0.2539766867714615,0.2447888996531141,0.5012344135754242,0.2506979244443025,0.2411382612949703,0.5081638142607271,0.027899163076654,0.596401028277635,0.4035989717223651,0.6029540961817108,0.3970459038182892
E0,2526,2026-01-25,Brentford,Nott'm Forest,0,2,A,fpl-team-4,fpl-team-18,0.4957736723818678,0.2699054376864037,0.2343208899317286,0.5031925598430064,0.2669919332830361,0.2298155068739575,0.030924298800528,0.4907161803713528,0.5092838196286471,0.4901463963947062,0.5098536036052937
E0,2526,2026-01-25,Crystal Palace,Chelsea,1,3,A,fpl-team-8,fpl-team-6,0.2698120162182086,0.2580169553999262,0.4721710283818651,0.2670316409372923,0.2547293233671162,0.4782390356955914,0.0295477239415049,0.5396825396825397,0.4603174603174603,0.5422582826312768,0.4577417173687232
E0,2526,2026-01-25,Newcastle,Aston Villa,0,2,A,fpl-team-17,fpl-team-2,0.4761211800502712,0.2575737531419499,0.2663050668077788,0.4825530352931571,0.2541645406324428,0.2632824240743999,0.0304683401482179,0.5718015665796344,0.4281984334203655,0.5765675465058195,0.4234324534941804
E0,2526,2026-01-25,Arsenal,Man United,2,3,A,fpl-team-1,fpl-team-16,0.6086205542906493,0.2312161419486535,0.1601633037606972,0.6208884817492982,0.2265898971368386,0.1525216211138632,0.030400772113353,0.554089709762533,0.445910290237467,0.5577627500767455,0.4422372499232546
E0,2526,2026-01-26,Everton,Leeds,1,1,D,fpl-team-9,fpl-team-13,0.3792739448118887,0.2986029787725345,0.3221230764155766,0.3814188445519355,0.2969841977884146,0.3215969576596498,0.0315874982625246,0.4281984334203655,0.5718015665796344,0.4234324534941804,0.5765675465058195
E0,2526,2026-01-31,Brighton,Everton,1,1,D,fpl-team-5,fpl-team-9,0.5083806905606959,0.2626633567896929,0.2289559526496112,0.5158553394443527,0.2596304663099079,0.2245141942457392,0.02889393735677,0.5132978723404255,0.4867021276595745,0.5141566862003111,0.485843313799689
E0,2526,2026-01-31,Leeds,Arsenal,0,4,A,fpl-team-13,fpl-team-1,0.1537884471117779,0.2310577644411103,0.6151537884471119,0.1464489509024769,0.2267605254538866,0.6267905236436364,0.0281465214211493,0.4907161803713528,0.5092838196286471,0.4901463963947062,0.5098536036052937
E0,2526,2026-01-31,Wolves,Bournemouth,0,2,A,hist-team-wolves,fpl-team-3,0.3205217149993062,0.2701540169279867,0.4093242680727071,0.3199671647107725,0.2674673878298946,0.4125654474593329,0.028827128233388,0.5435356200527705,0.4564643799472295,0.5462988944398149,0.453701105560185
E0,2526,2026-01-31,Chelsea,West Ham,3,2,H,fpl-team-6,hist-team-west-ham,0.6348402967753592,0.2088106053411225,0.1563490978835182,0.6476499038374685,0.2034596370635219,0.1488904590990095,0.0289961858652532,0.6136363636363636,0.3863636363636363,0.6210360687493998,0.3789639312506001
E0,2526,2026-01-31,Liverpool,Newcastle,4,1,H,fpl-team-14,fpl-team-17,0.5338399337522529,0.2368162112134054,0.2293438550343416,0.5425197463974976,0.232633826164198,0.2248464274383044,0.0293192570097744,0.5818181818181818,0.4181818181818181,0.5873447204950857,0.4126552795049142
E0,2526,2026-02-01,Aston Villa,Brentford,0,1,A,fpl-team-2,fpl-team-4,0.4544257132691914,0.2723935111238957,0.2731807756069128,0.4596307533709748,0.2697742969993643,0.2705949496296608,0.0290432088077068,0.526595744680851,0.4734042553191488,0.5283736238818321,0.4716263761181679
E0,2526,2026-02-01,Man United,Fulham,3,2,H,fpl-team-16,fpl-team-10,0.5989505567168636,0.2190606202807047,0.1819888230024316,0.6101398308236979,0.2142148230104584,0.1756453461658437,0.028637659503147,0.5680628272251308,0.431937172774869,0.5726155564830627,0.4273844435169372
E0,2526,2026-02-01,Nott'm Forest,Crystal Palace,1,1,D,fpl-team-18,fpl-team-8,0.4847492676201964,0.271626744787179,0.2436239875926245,0.4912534745903442,0.268965534834154,0.2397809905755016,0.0290464551653713,0.4746666666666666,0.5253333333333333,0.4729082301967493,0.5270917698032508
E0,2526,2026-02-01,Tottenham,Man City,2,2,D,fpl-team-19,fpl-team-15,0.2143551838163781,0.2328340789729625,0.5528107372106593,0.2092555819470531,0.2285047085338253,0.5622397095191216,0.0291218138299882,0.5839793281653746,0.4160206718346253,0.589320068155592,0.410679931844408
E0,2526,2026-02-02,Sunderland,Burnley,3,0,H,fpl-team-20,hist-team-burnley,0.5244208437882943,0.2760109704148917,0.1995681857968138,0.5328336929278344,0.2734452433636088,0.1937210637085567,0.029861444258131,0.4244791666666667,0.5755208333333334,0.4194958776455569,0.5805041223544432
E0,2526,2026-02-06,Leeds,Nott'm Forest,3,1,H,fpl-team-13,fpl-team-18,0.428504007644753,0.290488913157946,0.2810070791973009,0.4324534537933605,0.2887090104250367,0.2788375357816027,0.0280202797148376,0.4526315789473684,0.5473684210526316,0.4496869409663943,0.5503130590336057
E0,2526,2026-02-07,Man United,Tottenham,2,0,H,fpl-team-16,fpl-team-19,0.601789595807385,0.2081078558188534,0.1901025483737615,0.6134388045211326,0.2026571451985025,0.1839040502803647,0.0295123343821614,0.6447688564476886,0.3552311435523114,0.6537865081192521,0.3462134918807478
E0,2526,2026-02-07,Arsenal,Sunderland,3,0,H,fpl-team-1,fpl-team-20,0.7811529607679875,0.1517167066660136,0.0671303325659989,0.8004292253261672,0.1434832728165108,0.0560875018573218,0.0306369387544691,0.5552631578947369,0.4447368421052632,0.558891163520858,0.4411088364791421
E0,2526,2026-02-07,Bournemouth,Aston Villa,1,1,D,fpl-team-3,fpl-team-2,0.3528736731376111,0.2626948455579994,0.3844314813043893,0.3536960424822535,0.259704635511163,0.3865993220065835,0.0287337263580411,0.5654450261780105,0.4345549738219895,0.569723337798959,0.4302766622010409
E0,2526,2026-02-07,Burnley,West Ham,0,2,A,hist-team-burnley,hist-team-west-ham,0.288196635525526,0.27008141843535,0.4417219460391239,0.2862554216027034,0.2673720253712576,0.446372553026039,0.0289881413336843,0.5039999999999999,0.496,0.5042669397508994,0.4957330602491005
E0,2526,2026-02-07,Fulham,Everton,1,2,A,fpl-team-10,fpl-team-9,0.450628080775958,0.2893941803148354,0.2599777389092065,0.4555618915517979,0.2875382037832766,0.2568999046649253,0.0284171195235103,0.4308093994778067,0.5691906005221932,0.4263274951319286,0.5736725048680713
E0,2526,2026-02-07,Wolves,Chelsea,1,3,A,hist-team-wolves,fpl-team-6,0.1930660888407367,0.2335861321776815,0.5733477789815818,0.1871517437197887,0.2293299672494118,0.5835182890307994,0.0287621336756274,0.5578947368421052,0.4421052631578946,0.5617699910098899,0.4382300089901101
E0,2526,2026-02-07,Newcastle,Brentford,2,3,A,fpl-team-17,fpl-team-4,0.4619402512088821,0.2682655849796624,0.2697941638114554,0.4672822452827291,0.2655632807085206,0.2671544740087503,0.028056175680831,0.5616797900262467,0.4383202099737532,0.5657563377903915,0.4342436622096085
E0,2526,2026-02-08,Brighton,Crystal Palace,0,1,A,fpl-team-5,fpl-team-8,0.4803931606429815,0.263745264666735,0.2558615746902836,0.4871574776855301,0.2605411280970428,0.2523013942174271,0.0311251070816069,0.5226666666666666,0.4773333333333333,0.5242275681207372,0.4757724318792627
E0,2526,2026-02-08,Liverpool,Man City,1,2,A,fpl-team-14,fpl-team-15,0.4026258205689277,0.2560175054704595,0.3413566739606127,0.4057703026144402,0.2525214774095217,0.341708219976038,0.0307430096436291,0.6020408163265306,0.3979591836734694,0.6086484137307512,0.3913515862692487
E0,2526,2026-02-10,Chelsea,Leeds,2,2,D,fpl-team-6,fpl-team-13,0.6112465242557744,0.2213626431300117,0.1673908326142138,0.6227041893040988,0.2166971719763304,0.1605986387195706,0.0280581666156649,0.5818181818181818,0.4181818181818181,0.5873447204950857,0.4126552795049142
E0,2526,2026-02-10,Everton,Bournemouth,1,2,A,fpl-team-9,fpl-team-3,0.392529122089301,0.2823866221597658,0.3250842557509332,0.3950310814574553,0.2802384367718846,0.3247304817706601,0.0285611995495855,0.5146666666666666,0.4853333333333334,0.5156579172132345,0.4843420827867654
E0,2526,2026-02-10,Tottenham,Newcastle,1,2,A,fpl-team-19,fpl-team-17,0.297685703620754,0.2720231429637924,0.4302911534154535,0.2961908025737214,0.269466641488793,0.4343425559374856,0.0282203485257923,0.5538057742782152,0.4461942257217847,0.5571508224138112,0.4428491775861887
E0,2526,2026-02-10,West Ham,Man United,1,1,D,hist-team-west-ham,fpl-team-16,0.2176070786605256,0.2242947666571848,0.5580981546822894,0.2129673061525274,0.2199156171208281,0.5671170767266445,0.0271746689686551,0.6388206388206389,0.3611793611793612,0.6478283621165067,0.3521716378834932
E0,2526,2026-02-11,Aston Villa,Brighton,1,0,H,fpl-team-2,fpl-team-5,0.4926697954485079,0.2577455060657044,0.2495846984857876,0.4994286906087101,0.2545359425841028,0.2460353668071869,0.028679376700893,0.5358090185676393,0.4641909814323607,0.5381895332392462,0.4618104667607537
E0,2526,2026-02-11,Crystal Palace,Burnley,2,3,A,fpl-team-8,hist-team-burnley,0.6096608203368993,0.2374307214879884,0.1529084581751123,0.6216045920505294,0.2331994077251468,0.1451960002243236,0.0294937468133866,0.4893048128342245,0.5106951871657753,0.4885560609979217,0.5114439390020781
E0,2526,2026-02-11,Man City,Fulham,3,0,H,fpl-team-15,fpl-team-10,0.7055924555752525,0.1773909738219209,0.1170165706028265,0.7215411110728581,0.1705836130065187,0.1078752759206232,0.029563870280981,0.6171284634760705,0.3828715365239294,0.6248657357454863,0.3751342642545138
E0,2526,2026-02-11,Nott'm Forest,Wolves,0,0,D,fpl-team-18,hist-team-wolves,0.5598086548780885,0.2543216738559057,0.1858696712660058,0.5693907724678201,0.2509333365775799,0.1796758909546001,0.0287206610664725,0.4826666666666667,0.5173333333333333,0.4814888648397009,0.5185111351602991
E0,2526,2026-02-11,Sunderland,Liverpool,0,1,A,fpl-team-20,fpl-team-14,0.2033517414670737,0.2468891900318258,0.5497590685011006,0.197825708122492,0.2431690584080718,0.5590052334694361,0.0289654440712183,0.5226666666666666,0.4773333333333333,0.5242275681207372,0.4757724318792627
E0,2526,2026-02-12,Brentford,Arsenal,1,1,D,fpl-team-4,fpl-team-1,0.1957221593824163,0.2449062253412101,0.5593716152763735,0.1898480021575915,0.2410770373821991,0.5690749604602092,0.0291271465830504,0.512,0.4880000000000001,0.5128073770492821,0.4871926229507178
E0,2526,2026-02-18,Wolves,Arsenal,2,2,D,hist-team-wolves,fpl-team-1,0.086630899803381,0.1729456284395965,0.7404234717570225,0.0767670948018599,0.1661331289067163,0.7570997762914238,0.0285795242525637,0.5552631578947369,0.4447368421052632,0.558891163520858,0.4411088364791421
E0,2526,2026-02-21,Aston Villa,Leeds,1,1,D,fpl-team-2,fpl-team-13,0.5148668956633748,0.2617003005581795,0.2234328037784456,0.5223558591185788,0.258728190385543,0.2189159504958782,0.0279090797994285,0.5186170212765957,0.4813829787234043,0.519832837511798,0.4801671624882019
E0,2526,2026-02-21,Brentford,Brighton,0,2,A,fpl-team-4,fpl-team-5,0.4703996462329335,0.255541429440053,0.2740589243270134,0.4762591616193757,0.2522219594795525,0.2715188789010717,0.0288926817011088,0.5372340425531915,0.4627659574468085,0.5398315693603641,0.4601684306396359
E0,2526,2026-02-21,Chelsea,Burnley,1,1,D,fpl-team-6,hist-team-burnley,0.7859953366365492,0.1407752841737102,0.0732293791897406,0.8062439071839678,0.1318059635043246,0.0619501293117076,0.0317951955366879,0.6578313253012049,0.3421686746987951,0.6689624929011126,0.3310375070988873
E0,2526,2026-02-21,West Ham,Bournemouth,0,0,D,hist-team-west-ham,fpl-team-3,0.3922225614712658,0.2589743488070549,0.3488030897216792,0.3947433865430699,0.2558001569730255,0.3494564564839045,0.0289870218839496,0.6071428571428571,0.3928571428571428,0.614591291059686,0.3854087089403138
E0,2526,2026-02-21,Man City,Newcastle,2,1,H,fpl-team-15,fpl-team-17,0.6461588453518914,0.1917463240271873,0.1620948306209212,0.66010432341901,0.1853939077919611,0.1545017687890288,0.0304717085091397,0.6626794258373206,0.3373205741626794,0.6741045139476753,0.3258954860523245
E0,2526,2026-02-22,Crystal Palace,Wolves,1,0,H,fpl-team-8,hist-team-wolves,0.5834306301497815,0.2368816092337458,0.1796877606164726,0.5942056284835158,0.2326795703430099,0.1731148011734742,0.0292878241743892,0.496,0.5039999999999999,0.4957330602491005,0.5042669397508994
E0,2526,2026-02-22,Nott'm Forest,Liverpool,0,1,A,fpl-team-18,fpl-team-14,0.2315772720038198,0.2435142447875219,0.5249084832086583,0.2271740412094318,0.2396156752663517,0.5332102835242164,0.0293399086222052,0.5590551181102362,0.4409448818897638,0.5628772635825252,0.4371227364174747
E0,2526,2026-02-22,Sunderland,Fulham,1,3,A,fpl-team-20,fpl-team-10,0.3567724614762237,0.2891275299425054,0.3541000085812708,0.3577709304672249,0.2872449165016341,0.3549841530311409,0.0288595252204686,0.4421052631578946,0.5578947368421052,0.4382300089901101,0.5617699910098899
E0,2526,2026-02-22,Tottenham,Arsenal,1,4,A,fpl-team-19,fpl-team-1,0.1612382164281819,0.2361856285870101,0.602576154984808,0.1531801465266344,0.2315016822913906,0.615318171181975,0.0323204844025895,0.528,0.472,0.5299606231770552,0.4700393768229449
E0,2526,2026-02-23,Everton,Man United,0,1,A,fpl-team-9,fpl-team-16,0.2633442632496424,0.2520479945847784,0.4846077421655791,0.2600367098049057,0.2482177315347632,0.4917455586603311,0.0319451495306566,0.5578947368421052,0.4421052631578946,0.5617699910098899,0.4382300089901101
E0,2526,2026-02-27,Wolves,Aston Villa,2,0,H,hist-team-wolves,fpl-team-2,0.226659266579129,0.2596618520975187,0.5136788813233523,0.2220829286625623,0.2564746064343358,0.521442464903102,0.0291378314141184,0.5119363395225464,0.4880636604774536,0.5126717729239226,0.4873282270760773
E0,2526,2026-02-28,Bournemouth,Sunderland,1,1,D,fpl-team-3,fpl-team-20,0.5337251373795299,0.2486035508320441,0.2176713117884257,0.5424325639758409,0.2449042641765034,0.2126631718476556,0.0294381729327142,0.5329815303430079,0.467018469656992,0.5349611232315755,0.4650388767684244
E0,2526,2026-02-28,Burnley,Brentford,3,4,A,hist-team-burnley,fpl-team-4,0.2062068857638943,0.2478812432542351,0.5459118709818706,0.2006811136660919,0.2441229179343072,0.5551959683996008,0.0296146206092089,0.5173333333333333,0.4826666666666667,0.5185111351602991,0.4814888648397009
E0,2526,2026-02-28,Liverpool,West Ham,5,2,H,fpl-team-14,hist-team-west-ham,0.6702617997785355,0.1882607843999472,0.1414774158215172,0.6848151705071684,0.1819213675500745,0.1332634619427571,0.0296101809944957,0.6578313253012049,0.3421686746987951,0.6689624929011126,0.3310375070988873
E0,2526,2026-02-28,Newcastle,Everton,2,3,A,fpl-team-17,fpl-team-9,0.557722363550505,0.2404466312245799,0.201831005224915,0.5678714805362238,0.2362168039184408,0.1959117155453353,0.0307066634995862,0.5423280423280423,0.4576719576719577,0.5451149020088001,0.4548850979911999
E0,2526,2026-02-28,Leeds,Man City,0,1,A,fpl-team-13,fpl-team-15,0.188626907073509,0.2219140083217753,0.5894590846047156,0.1821792987773956,0.2168958722049655,0.6009248290176388,0.0304455631412565,0.5818181818181818,0.4181818181818181,0.5873447204950857,0.4126552795049142
E0,2526,2026-03-01,Brighton,Nott'm Forest,2,1,H,fpl-team-5,fpl-team-18,0.4590290732062423,0.2658219209245188,0.2751490058692387,0.4648667350499957,0.2626897761526849,0.2724434887973194,0.0314172781072557,0.5239361702127661,0.4760638297872341,0.5255225023400657,0.4744774976599343
E0,2526,2026-03-01,Fulham,Tottenham,2,1,H,fpl-team-10,fpl-team-19,0.4518883339854088,0.2632850797450001,0.284826586269591,0.4574993549210222,0.2599771281261857,0.282523516952792,0.0320247740019112,0.5461741424802111,0.4538258575197889,0.5491517806907368,0.4508482193092631
E0,2526,2026-03-01,Man United,Crystal Palace,2,1,H,fpl-team-16,fpl-team-8,0.6143579111053518,0.2180899313204613,0.1675521575741868,0.6276767579176965,0.2125654709701834,0.1597577711121202,0.0323622156865894,0.5792207792207792,0.4207792207792207,0.5844267286623455,0.4155732713376546
E0,2526,2026-03-01,Arsenal,Chelsea,2,1,H,fpl-team-1,fpl-team-6,0.5864963829597213,0.2357774403858176,0.177726176654461,0.5988211490924505,0.2309659389334913,0.1702129119740581,0.0331903817132115,0.5514511873350924,0.4485488126649077,0.5548831972971291,0.4451168027028709
E0,2526,2026-03-03,Bournemouth,Brentford,0,0,D,fpl-team-3,fpl-team-4,0.3807120818610011,0.2629988754917222,0.3562890426472765,0.3827805702948835,0.2599340417966113,0.3572853879085051,0.0295944423414766,0.5948717948717949,0.4051282051282052,0.600938454809759,0.3990615451902409
E0,2526,2026-03-03,Everton,Burnley,2,0,H,fpl-team-9,hist-team-burnley,0.6055595930232558,0.2385537790697674,0.1558866279069767,0.6173936923520976,0.2343511312332332,0.1482551764146691,0.0296515659429132,0.4907161803713528,0.5092838196286471,0.4901463963947062,0.5098536036052937
E0,2526,2026-03-03,Leeds,Sunderland,0,1,A,fpl-team-13,fpl-team-20,0.506629608940462,0.2747320911455567,0.2186382999139813,0.5144920732912303,0.2720450054999637,0.213462921208806,0.0307434939313679,0.4526315789473684,0.5473684210526316,0.4496869409663943,0.5503130590336057
E0,2526,2026-03-03,Wolves,Liverpool,2,1,H,hist-team-wolves,fpl-team-14,0.155594070695553,0.2052086659064994,0.6391972633979476,0.1481156899378936,0.1997165274032228,0.6521677826588835,0.0289502835366874,0.5984654731457799,0.4015345268542199,0.6047961239199436,0.3952038760800564
E0,2526,2026-03-04,Aston Villa,Chelsea,1,4,A,fpl-team-2,fpl-team-6,0.3529496871269938,0.2639707744059029,0.3830795384671031,0.3538280123962391,0.2608470131203891,0.3853249744833717,0.0306019198615103,0.5628272251308901,0.4371727748691099,0.566843058069165,0.433156941930835
E0,2526,2026-03-04,Brighton,Arsenal,0,1,A,fpl-team-5,fpl-team-1,0.1869076277198246,0.2398330018955913,0.5732593703845841,0.1800410804692362,0.2353694113220198,0.584589508208744,0.032133730710484,0.4946524064171124,0.5053475935828876,0.4942799942793817,0.5057200057206184
E0,2526,2026-03-04,Fulham,West Ham,0,1,A,fpl-team-10,hist-team-west-ham,0.4657815310962102,0.2656001427318277,0.2686183261719621,0.4714398238626195,0.2627074786103746,0.2658526975270059,0.0288682798855006,0.544973544973545,0.455026455026455,0.5479792278105284,0.4520207721894716
E0,2526,2026-03-04,Man City,Nott'm Forest,2,2,D,fpl-team-15,fpl-team-18,0.6868827034527794,0.1901069300465268,0.1230103665006938,0.7033312213430605,0.1833000691330106,0.1133687095239288,0.0321074684616178,0.596401028277635,0.4035989717223651,0.6029540961817108,0.3970459038182892
E0,2526,2026-03-04,Newcastle,Man United,2,1,H,fpl-team-17,fpl-team-16,0.3688252304211709,0.2579761174530594,0.3731986521257697,0.3703696961538387,0.2546952343460771,0.374935069500084,0.0295830300310626,0.6161616161616161,0.3838383838383838,0.6240293356413877,0.3759706643586123
E0,2526,2026-03-05,Tottenham,Crystal Palace,1,3,A,fpl-team-19,fpl-team-8,0.4011717319663127,0.2827535701208348,0.3160746979128524,0.4044446635573155,0.280319522163837,0.3152358142788473,0.0326543450355529,0.5253333333333333,0.4746666666666666,0.5270917698032508,0.4729082301967493
E0,2526,2026-03-14,Burnley,Bournemouth,0,0,D,hist-team-burnley,fpl-team-3,0.2348300071419909,0.2464795375224029,0.5186904553356062,0.2305014450963919,0.2426514924773304,0.5268470624262778,0.0297936105635017,0.5555555555555556,0.4444444444444444,0.5595238095228099,0.44047619047719
E0,2526,2026-03-14,Sunderland,Brighton,0,1,A,fpl-team-20,fpl-team-5,0.2891154979165097,0.2882313526629423,0.4226531494205478,0.2871181294366667,0.2861944475668171,0.4266874229965161,0.0305299751926213,0.4588859416445623,0.5411140583554377,0.4560806981703291,0.543919301829671
E0,2526,2026-03-14,Arsenal,Everton,2,0,H,fpl-team-1,fpl-team-9,0.6870059427631545,0.2064031012248951,0.1065909560119503,0.7033935191069683,0.2002961196807702,0.0963103612122613,0.0321224874351173,0.4919786096256684,0.5080213903743315,0.4914187643017187,0.5085812356982813
E0,2526,2026-03-14,Chelsea,Newcastle,0,1,A,fpl-team-6,fpl-team-17,0.5268158238205344,0.2288835739414457,0.2443006022380198,0.5354930149480126,0.2242081423778574,0.24029884267413,0.0303840939886868,0.6370370370370371,0.362962962962963,0.6463376048308346,0.3536623951691653
E0,2526,2026-03-14,West Ham,Man City,1,1,D,hist-team-west-ham,fpl-team-15,0.2132754746128138,0.2276651451891,0.5590593801980861,0.208078003140428,0.2230721597681051,0.568849837091467,0.0294146563392132,0.6171284634760705,0.3828715365239294,0.6248657357454863,0.3751342642545138
E0,2526,2026-03-15,Crystal Palace,Leeds,0,0,D,fpl-team-8,fpl-team-13,0.378472094138478,0.2908628130879044,0.3306650927736176,0.3805121801126615,0.2889473274262175,0.3305404924611209,0.0305753622669726,0.4601063829787233,0.5398936170212765,0.457288077678731,0.542711922321269
E0,2526,2026-03-15,Man United,Aston Villa,3,1,H,fpl-team-16,fpl-team-2,0.5507262695642382,0.2342641594415043,0.2150095709942574,0.5607049075814169,0.2297028572653317,0.2095922351532513,0.0311477386858314,0.5718015665796344,0.4281984334203655,0.5765675465058195,0.4234324534941804
E0,2526,2026-03-15,Nott'm Forest,Fulham,0,0,D,fpl-team-18,fpl-team-10,0.431026387454221,0.2776317025072776,0.2913419100385012,0.4353244946620205,0.275184270518859,0.2894912348191205,0.0297305883141234,0.5026737967914439,0.4973262032085561,0.5028597574926065,0.4971402425073935
E0,2526,2026-03-15,Liverpool,Tottenham,1,1,D,fpl-team-14,fpl-team-19,0.7295363021210374,0.1625391761202311,0.1079245217587314,0.747954353291526,0.1544331409422831,0.0976125057661908,0.0323379298206418,0.6570048309178744,0.3429951690821256,0.6682891466560398,0.3317108533439601
E0,2526,2026-03-16,Brentford,Wolves,2,2,D,fpl-team-4,hist-team-wolves,0.6089351127093117,0.2259662827885156,0.1650986045021725,0.6225005615490994,0.2206026726662611,0.1568967657846395,0.0336411767639219,0.5567282321899736,0.4432717678100263,0.5606522229740089,0.4393477770259911
E0,2526,2026-03-20,Bournemouth,Man United,2,2,D,fpl-team-3,fpl-team-16,0.2930885155032045,0.250996015936255,0.4559154685605404,0.2912978717361114,0.2473717180567608,0.4613304102071278,0.0298717585392296,0.614609571788413,0.3853904282115868,0.6218793528291058,0.3781206471708942
E0,2526,2026-03-21,Brighton,Liverpool,2,1,H,fpl-team-5,fpl-team-14,0.3114231972939652,0.2649290298106408,0.423647772895394,0.3103863804906357,0.2617379018403307,0.4278757176690335,0.0316779450513422,0.5578947368421052,0.4421052631578946,0.5617699910098899,0.4382300089901101
E0,2526,2026-03-21,Fulham,Burnley,3,1,H,fpl-team-10,hist-team-burnley,0.6172596271664309,0.2309064130964888,0.1518339597370802,0.6296666390243113,0.2263437869849584,0.1439895739907301,0.0298370046075433,0.5294117647058824,0.4705882352941176,0.5315656565654585,0.4684343434345415
E0,2526,2026-03-21,Everton,Chelsea,3,0,H,fpl-team-9,fpl-team-6,0.2784961209468868,0.2689476825144221,0.452556196538691,0.2759604538839079,0.26597726303046,0.4580622830856319,0.0312359045492485,0.526595744680851,0.4734042553191488,0.5283736238818321,0.4716263761181679
E0,2526,2026-03-21,Leeds,Brentford,0,0,D,fpl-team-13,fpl-team-4,0.3835260396424407,0.2758696074621065,0.3406043528954528,0.3857489430146544,0.273330965211244,0.3409200917741016,0.0299757171887904,0.5080213903743315,0.4919786096256684,0.5085812356982813,0.4914187643017187
E0,2526,2026-03-22,Newcastle,Sunderland,1,2,A,fpl-team-17,fpl-team-20,0.5709243712161584,0.2421658643975993,0.1869097643862423,0.5817734681274029,0.2379566901810509,0.1802698416915461,0.0310480704065412,0.5106951871657753,0.4893048128342245,0.5114439390020781,0.4885560609979217
E0,2526,2026-03-22,Aston Villa,West Ham,2,0,H,fpl-team-2,hist-team-west-ham,0.4819788503055363,0.2640052691280324,0.2540158805664312,0.489026853306474,0.260713592444585,0.250259554248941,0.0321009727194905,0.5372340425531915,0.4627659574468085,0.5398315693603641,0.4601684306396359
E0,2526,2026-03-22,Tottenham,Nott'm Forest,0,3,A,fpl-team-19,fpl-team-18,0.419987332140908,0.2775137533910425,0.3024989144680495,0.4240251441067961,0.2749184765332595,0.3010563793599443,0.0315157455625012,0.5026737967914439,0.4973262032085561,0.5028597574926065,0.4971402425073935
E0,2526,2026-04-10,West Ham,Wolves,4,0,H,hist-team-west-ham,hist-team-wolves,0.5302018684262103,0.2523420657215653,0.2174560658522245,0.5389070187550271,0.2487407358067406,0.2123522454382322,0.0299632011447101,0.5251989389920424,0.4748010610079576,0.5268043564136201,0.4731956435863799
E0,2526,2026-04-11,Arsenal,Bournemouth,1,2,A,fpl-team-1,fpl-team-3,0.659267362130146,0.2071983138123315,0.1335343240575224,0.6739612400009015,0.2013931073772138,0.1246456526218846,0.0309568226803094,0.5803108808290156,0.4196891191709845,0.5854276895954665,0.4145723104045335
E0,2526,2026-04-11,Brentford,Everton,2,2,D,fpl-team-4,fpl-team-9,0.4423025528404271,0.2846236971450482,0.2730737500145246,0.4472632361720851,0.2824029614321469,0.2703338023957681,0.0307799293659627,0.48,0.5199999999999999,0.4786324786297921,0.5213675213702079
E0,2526,2026-04-11,Burnley,Brighton,0,2,A,hist-team-burnley,fpl-team-5,0.2107659112735254,0.2402624128512453,0.5489716758752292,0.2054115145871164,0.2361628860706176,0.5584255993422659,0.0297276230994611,0.5488126649076518,0.4511873350923483,0.5520130454309478,0.4479869545690522
E0,2526,2026-04-11,Liverpool,Fulham,2,0,H,fpl-team-14,fpl-team-10,0.5803953360011039,0.2249379053401408,0.1946667586587553,0.5920468127041232,0.2197972506906711,0.1881559366052055,0.0320845500100404,0.6126582278481012,0.3873417721518987,0.620185815374369,0.379814184625631
E0,2526,2026-04-12,Crystal Palace,Newcastle,2,1,H,fpl-team-8,fpl-team-17,0.3067460442788113,0.2690601016959859,0.4241938540252029,0.3055190383624335,0.2661238143662069,0.4283571472713596,0.0309901197906583,0.5476190476190476,0.4523809523809524,0.5508517671072177,0.4491482328927823
E0,2526,2026-04-12,Nott'm Forest,Aston Villa,1,1,D,fpl-team-18,fpl-team-2,0.361181714369912,0.2830883707223634,0.3557299149077246,0.3624306521702811,0.2808361891859431,0.3567331586437757,0.0304136357735842,0.4906666666666666,0.5093333333333333,0.4900409742772187,0.5099590257227813
E0,2526,2026-04-12,Sunderland,Tottenham,1,0,H,fpl-team-20,fpl-team-19,0.3596308790776889,0.282105659635792,0.3582634612865191,0.3608194302044591,0.2797906951858133,0.3593898746097275,0.0306684770621359,0.4880000000000001,0.512,0.4871926229507178,0.5128073770492821
E0,2526,2026-04-12,Chelsea,Man City,0,3,A,fpl-team-6,fpl-team-15,0.3051391862955033,0.2473233404710921,0.4475374732334047,0.303784638376696,0.2432664124384842,0.4529489491848197,0.0320854510646313,0.6091370558375634,0.3908629441624365,0.6163419913385362,0.3836580086614637
E0,2526,2026-04-13,Man United,Leeds,1,2,A,fpl-team-16,fpl-team-13,0.5914837959598896,0.2310710652521436,0.1774451387879669,0.6036097060438969,0.2262123512299937,0.1701779427261093,0.0320051377639174,0.5567282321899736,0.4432717678100263,0.5606522229740089,0.4393477770259911
E0,2526,2026-04-18,Brentford,Fulham,0,0,D,fpl-team-4,fpl-team-10,0.4510880959369366,0.2597173885697513,0.2891945154933121,0.4563840768170172,0.2564154769618672,0.2872004462211156,0.0304122155066579,0.5411140583554377,0.4588859416445623,0.543919301829671,0.4560806981703291
E0,2526,2026-04-18,Leeds,Wolves,3,0,H,fpl-team-13,hist-team-wolves,0.5889164373484456,0.2397624172410974,0.1713211454104569,0.6005359827228567,0.2354431410291678,0.1640208762479754,0.030969314277172,0.5039999999999999,0.496,0.5042669397508994,0.4957330602491005
E0,2526,2026-04-18,Newcastle,Bournemouth,1,2,A,fpl-team-17,fpl-team-3,0.4813120752744381,0.2476041122146715,0.2710838125108904,0.4878984246700034,0.2437976458736899,0.2683039294563066,0.0301076869945973,0.6370370370370371,0.362962962962963,0.6463376048308346,0.3536623951691653
E0,2526,2026-04-18,Tottenham,Brighton,2,2,D,fpl-team-19,fpl-team-5,0.3513358069759917,0.2579671130673036,0.3906970799567045,0.3521505393559517,0.2545251050293301,0.3933243556147182,0.0310573829337954,0.5654450261780105,0.4345549738219895,0.569723337798959,0.4302766622010409
E0,2526,2026-04-18,Chelsea,Man United,0,1,A,fpl-team-6,fpl-team-16,0.4265914059954702,0.2663183636299404,0.3070902303745893,0.4307834895730258,0.2633153104035304,0.3059012000234436,0.0303959820885211,0.6106870229007634,0.3893129770992367,0.6184640522759705,0.3815359477240295
E0,2526,2026-04-19,Aston Villa,Sunderland,4,3,H,fpl-team-2,fpl-team-20,0.57116953762466,0.2493200362647326,0.1795104261106074,0.5819477867938868,0.2454547066045691,0.1725975066015439,0.0308286296203732,0.496,0.5039999999999999,0.4957330602491005,0.5042669397508994
E0,2526,2026-04-19,Everton,Liverpool,1,2,A,fpl-team-9,fpl-team-14,0.3023141427834495,0.2798205309692048,0.4178653262473457,0.3008489216256607,0.277306821387317,0.4218442569870222,0.0318393216002732,0.5053191489361702,0.4946808510638298,0.505659309563501,0.4943406904364988
E0,2526,2026-04-19,Nott'm Forest,Burnley,4,1,H,fpl-team-18,hist-team-burnley,0.6303788140147809,0.2210033959722408,0.1486177900129783,0.6446271282332753,0.2155096495206174,0.1398632222461072,0.0328653601463884,0.5384615384615384,0.4615384615384615,0.5410509031145168,0.4589490968854832
E0,2526,2026-04-19,Man City,Arsenal,2,1,H,fpl-team-15,fpl-team-1,0.5171190049683982,0.2614323858451347,0.221448609186467,0.5256388119135761,0.2580763483238348,0.2162848397625892,0.031423267442733,0.4866310160427808,0.5133689839572192,0.4856913919393281,0.5143086080606718
E0,2526,2026-04-20,Crystal Palace,West Ham,0,0,D,fpl-team-8,hist-team-west-ham,0.4061092737457439,0.2922468605460026,0.3016438657082535,0.4096596377217505,0.2902444397533807,0.3000959225248688,0.0330131789669394,0.4986666666666667,0.5013333333333333,0.4985777676642047,0.5014222323357952
E0,2526,2026-04-21,Brighton,Chelsea,3,0,H,fpl-team-5,fpl-team-6,0.3859027588528559,0.2601112518234719,0.3539859893236723,0.3883087076410148,0.2567683055017088,0.3549229868572762,0.0310418449807912,0.5766233766233767,0.4233766233766234,0.5815232410453769,0.4184767589546231
E0,2526,2026-04-22,Bournemouth,Leeds,2,2,D,fpl-team-3,fpl-team-13,0.4670005925694032,0.2687581757806822,0.2642412316499145,0.4729522829313886,0.2658813243482556,0.2611663927203558,0.0301063016522675,0.5464190981432361,0.4535809018567639,0.5496792142164117,0.4503207857835882
E0,2526,2026-04-22,Burnley,Man City,0,1,A,hist-team-burnley,fpl-team-15,0.0571704091472654,0.1138586582173852,0.8289709326353493,0.0457066517591076,0.1038975620782061,0.8503957861626862,0.031397609738633,0.709251101321586,0.2907488986784141,0.7235083756449711,0.2764916243550289
E0,2526,2026-04-24,Sunderland,Nott'm Forest,0,5,A,fpl-team-20,fpl-team-18,0.3516938582048595,0.2952901262286084,0.3530160155665319,0.35257221791713,0.293469870167417,0.3539579119154528,0.0324770582374185,0.4424083769633508,0.5575916230366492,0.4388837958712722,0.5611162041287278
E0,2526,2026-04-25,Fulham,Aston Villa,1,0,H,fpl-team-10,fpl-team-2,0.3516386074378989,0.26825002338834,0.3801113691737611,0.3525104140956321,0.2651322084733259,0.3823573774310421,0.0325799100100994,0.5461741424802111,0.4538258575197889,0.5491517806907368,0.4508482193092631
E0,2526,2026-04-25,Liverpool,Crystal Palace,3,1,H,fpl-team-14,fpl-team-8,0.6532829886637491,0.1976318285033191,0.1490851828329316,0.6682503695708512,0.1912052101236773,0.1405444203054715,0.0320723876357078,0.6035805626598465,0.3964194373401534,0.6107162383745074,0.3892837616254925
E0,2526,2026-04-25,West Ham,Everton,2,1,H,hist-team-west-ham,fpl-team-9,0.3947475669595553,0.281287188432258,0.3239652446081867,0.3976710462036057,0.2788164636784277,0.3235124901179667,0.0322218528017401,0.512,0.4880000000000001,0.5128073770492821,0.4871926229507178
E0,2526,2026-04-25,Wolves,Tottenham,0,1,A,hist-team-wolves,fpl-team-19,0.2101678740294104,0.2359779638224959,0.5538541621480936,0.2045142323460043,0.231474695733536,0.5640110719204595,0.0312647251412272,0.5643044619422573,0.4356955380577427,0.5686466797367574,0.4313533202632424
E0,2526,2026-04-25,Arsenal,Newcastle,1,0,H,fpl-team-1,fpl-team-17,0.6475518976256222,0.2014914702912343,0.1509566320831434,0.6627145773699101,0.1950459778838149,0.1422394447462749,0.0330922210123389,0.5917312661498708,0.4082687338501292,0.5981150848429637,0.4018849151570364
E0,2526,2026-04-27,Man United,Brentford,2,1,H,fpl-team-16,fpl-team-4,0.5099849808088113,0.2456472158869666,0.2443678033042221,0.5185829911118127,0.2413785825255833,0.240038426362604,0.0329953036271035,0.6025641025641025,0.3974358974358974,0.6098146877052374,0.3901853122947625
E0,2526,2026-05-01,Leeds,Burnley,3,1,H,fpl-team-13,hist-team-burnley,0.7044135149057661,0.1854448153190032,0.1101416697752306,0.7207890576350438,0.1787483715355808,0.1004625708293753,0.0305331430863589,0.5691906005221932,0.4308093994778067,0.5736725048680713,0.4263274951319286
E0,2526,2026-05-02,Brentford,West Ham,3,0,H,fpl-team-4,hist-team-west-ham,0.4915803085479229,0.2490499706436426,0.2593697208084344,0.4992082727614498,0.2449924778595838,0.2557992493789665,0.0326520407106727,0.5891472868217055,0.4108527131782946,0.5951671631844772,0.4048328368155228
E0,2526,2026-05-02,Newcastle,Brighton,3,1,H,fpl-team-17,fpl-team-5,0.3765084473049075,0.2614641995172969,0.3620273531777956,0.3784939136592802,0.258163685475065,0.3633424008656548,0.0312270561698824,0.5590551181102362,0.4409448818897638,0.5628772635825252,0.4371227364174747
E0,2526,2026-05-02,Wolves,Sunderland,1,1,D,hist-team-wolves,fpl-team-20,0.2895694720898327,0.28006122076748,0.4303693071426872,0.2874338371598551,0.2774676506607393,0.4350985121794057,0.0329812876880168,0.4615384615384615,0.5384615384615384,0.4589490968854832,0.5410509031145168
E0,2526,2026-05-02,Arsenal,Fulham,3,0,H,fpl-team-1,fpl-team-10,0.6520041755425235,0.2138692512030146,0.1341265732544619,0.6673897972300049,0.2079605252830295,0.1246496774869655,0.0332080104853957,0.5267379679144386,0.4732620320855615,0.5286787691073889,0.4713212308926112
E0,2526,2026-05-03,Bournemouth,Crystal Palace,3,0,H,fpl-team-3,fpl-team-8,0.593946316390634,0.2255853797829811,0.1804683038263849,0.6066282971751822,0.2202914863774614,0.1730802164473562,0.033178920391947,0.5680628272251308,0.431937172774869,0.5726155564830627,0.4273844435169372
E0,2526,2026-05-03,Man United,Liverpool,3,2,H,fpl-team-16,fpl-team-14,0.4092237119835909,0.2512392226387194,0.3395370653776896,0.4129821289862035,0.2471910897081609,0.3398267813056355,0.033602041658014,0.6370370370370371,0.362962962962963,0.6463376048308346,0.3536623951691653
E0,2526,2026-05-03,Aston Villa,Tottenham,1,2,A,fpl-team-2,fpl-team-19,0.4465952821085185,0.2612395800634788,0.2921651378280027,0.4521498323606588,0.2577146722361534,0.2901354954031876,0.0332038962515071,0.5567282321899736,0.4432717678100263,0.5606522229740089,0.4393477770259911
E0,2526,2026-05-04,Chelsea,Nott'm Forest,1,3,A,fpl-team-6,fpl-team-18,0.5590429778915779,0.2389802042895294,0.2019768178188926,0.5698806197236449,0.2344185366801176,0.1957008435962373,0.0326365220826119,0.5616797900262467,0.4383202099737532,0.5657563377903915,0.4342436622096085
E0,2526,2026-05-04,Everton,Man City,3,3,D,fpl-team-9,fpl-team-15,0.1468746833267979,0.2023888724891945,0.6507364441840076,0.1376843743599104,0.1957631668768172,0.6665524587632723,0.0342307144310325,0.5906735751295337,0.4093264248704664,0.5971574505704209,0.4028425494295792
E0,2526,2026-05-09,Liverpool,Chelsea,1,1,D,fpl-team-14,fpl-team-6,0.5158761444775424,0.2376948311263612,0.2464290243960963,0.5246823574079819,0.2330864111157028,0.2422312314763152,0.0327071226201951,0.665083135391924,0.334916864608076,0.6760385005010562,0.3239614994989439
E0,2526,2026-05-09,Brighton,Wolves,3,0,H,fpl-team-5,hist-team-wolves,0.7444680975228546,0.1607949802472832,0.0947369222298622,0.7620881629463919,0.1531997402163864,0.0847120968372216,0.0298769539222121,0.625,0.375,0.6333333333159907,0.3666666666840092
E0,2526,2026-05-09,Fulham,Bournemouth,0,1,A,fpl-team-10,fpl-team-3,0.3504370748435584,0.2566041968799827,0.3929587282764589,0.3512428674677642,0.2529493260022311,0.3958078065300047,0.0324242240749299,0.6081424936386769,0.3918575063613231,0.6154703037516116,0.3845296962483883
E0,2526,2026-05-09,Sunderland,Man United,0,0,D,fpl-team-20,fpl-team-16,0.2395172068159038,0.2544061142666221,0.5060766789174741,0.2351872074552936,0.2507490022806066,0.5140637902640998,0.0313153974711895,0.5437665782493368,0.4562334217506631,0.546795235392336,0.4532047646076639
E0,2526,2026-05-09,Man City,Brentford,3,0,H,fpl-team-15,fpl-team-4,0.6984551943236149,0.1711278606781996,0.1304169449981853,0.7148808714162754,0.1637441908081965,0.121374937775528,0.0310046372469514,0.684331797235023,0.3156682027649769,0.6966133353286114,0.3033866646713886
E0,2526,2026-05-10,Burnley,Aston Villa,2,2,D,hist-team-burnley,fpl-team-2,0.175890038105607,0.2296461622210125,0.5944637996733805,0.1683956270030462,0.224612557202445,0.6069918157945087,0.0327132958918809,0.5514511873350924,0.4485488126649077,0.5548831972971291,0.4451168027028709
E0,2526,2026-05-10,Crystal Palace,Everton,2,2,D,fpl-team-8,fpl-team-9,0.3460348788032076,0.2876547612137094,0.3663103599830831,0.3466530602528226,0.2854222231101976,0.3679247166369797,0.0332022535149008,0.4693333333333332,0.5306666666666666,0.467165372312263,0.5328346276877369
E0,2526,2026-05-10,Nott'm Forest,Newcastle,1,1,D,fpl-team-18,fpl-team-17,0.3637432631063204,0.269671729544341,0.3665850073493386,0.3652098664019544,0.2666003933084621,0.3681897402895835,0.0328148264670744,0.5476190476190476,0.4523809523809524,0.5508517671072177,0.4491482328927823
E0,2526,2026-05-10,West Ham,Arsenal,0,1,A,hist-team-west-ham,fpl-team-1,0.1772578278221991,0.229265014469299,0.593477157708502,0.169627084517076,0.2240771144688738,0.6062958010140501,0.0336146438494324,0.5680628272251308,0.431937172774869,0.5726155564830627,0.4273844435169372
E0,2526,2026-05-11,Tottenham,Leeds,1,1,D,fpl-team-19,fpl-team-13,0.5152712207341748,0.2454957124963869,0.2392330667694383,0.5242148591180646,0.2411738440657698,0.2346112968161655,0.033337538363412,0.5514511873350924,0.4485488126649077,0.5548831972971291,0.4451168027028709
E0,2526,2026-05-13,Man City,Crystal Palace,3,0,H,fpl-team-15,fpl-team-8,0.7920115365549564,0.1340673866999143,0.0739210767451292,0.8128012755269793,0.1246942737942924,0.0625044506787283,0.0322696445509791,0.6698113207547169,0.330188679245283,0.6810865191201952,0.3189134808798047
E0,2526,2026-05-15,Aston Villa,Liverpool,4,2,H,fpl-team-2,fpl-team-14,0.3403527629843162,0.2730737284409049,0.3865735085747788,0.3406791511623896,0.2702100900582509,0.3891107587793595,0.0322947003878653,0.5590551181102362,0.4409448818897638,0.5628772635825252,0.4371227364174747
E0,2526,2026-05-17,Man United,Nott'm Forest,3,2,H,fpl-team-16,fpl-team-18,0.5905417015215573,0.2205805882751916,0.1888777102032511,0.6042177678219162,0.2145439589731846,0.1812382732048992,0.0363030373118817,0.596401028277635,0.4035989717223651,0.6029540961817108,0.3970459038182892
E0,2526,2026-05-17,Brentford,Crystal Palace,2,2,D,fpl-team-4,fpl-team-8,0.5469966228243195,0.2286954095426861,0.2243079676329943,0.55793838126441,0.2233330226163983,0.2187285961191916,0.0348107330501079,0.5691906005221932,0.4308093994778067,0.5736725048680713,0.4263274951319286
E0,2526,2026-05-17,Everton,Sunderland,1,3,A,fpl-team-9,fpl-team-20,0.5176956276975042,0.2581347344717583,0.2241696378307374,0.5268748495302292,0.2543680652261668,0.218757085243604,0.0337879213038831,0.4973262032085561,0.5026737967914439,0.4971402425073935,0.5028597574926065
E0,2526,2026-05-17,Leeds,Brighton,1,0,H,fpl-team-13,fpl-team-5,0.302163053666987,0.2615360884680643,0.4363008578649485,0.3005124566511979,0.2577816023707972,0.4417059409780048,0.0355827376479283,0.5669291338582677,0.4330708661417322,0.5715488215505835,0.4284511784494164
E0,2526,2026-05-17,Wolves,Fulham,1,1,D,hist-team-wolves,fpl-team-10,0.2537131289347681,0.2470011413968113,0.4992857296684206,0.2495212717637583,0.2424649020545796,0.508013826181662,0.0356878428719937,0.5567282321899736,0.4432717678100263,0.5606522229740089,0.4393477770259911
E0,2526,2026-05-17,Newcastle,West Ham,3,1,H,fpl-team-17,hist-team-west-ham,0.4559710494571773,0.2472858866103739,0.2967430639324487,0.4623026035822956,0.242864176304135,0.2948332201135692,0.0350037943571805,0.6370370370370371,0.362962962962963,0.6463376048308346,0.3536623951691653
E0,2526,2026-05-18,Arsenal,Burnley,1,0,H,fpl-team-1,hist-team-burnley,0.8654098218757148,0.0923559888958272,0.0422341892284578,0.8929994249083335,0.0787277468045938,0.0282728282870727,0.0403700580354779,0.7057522123893805,0.2942477876106195,0.7192000377080766,0.2807999622919235
E0,2526,2026-05-19,Bournemouth,Man City,1,1,D,fpl-team-3,fpl-team-15,0.2128665297247949,0.2203442766706307,0.5667891936045744,0.2072548160934005,0.2150687724928715,0.5776764114137279,0.0316815667320042,0.6635071090047394,0.3364928909952606,0.673541247495417,0.326458752504583
E0,2526,2026-05-19,Chelsea,Tottenham,2,1,H,fpl-team-6,fpl-team-19,0.4932675950753971,0.2574748435833117,0.2492575613412911,0.5012046219589709,0.2537057638754695,0.2450896141655597,0.0336339976638555,0.5564304461942258,0.4435695538057742,0.5600089315544268,0.439991068445573
E0,2526,2026-05-24,Brighton,Man United,0,3,A,fpl-team-5,fpl-team-16,0.503299187566231,0.2352101730837159,0.2614906393500529,0.5118866918805791,0.2302685887824107,0.2578447193370102,0.0342712721321731,0.6403940886699507,0.3596059113300492,0.6501580610912168,0.3498419389087832
E0,2526,2026-05-24,Burnley,Wolves,1,1,D,hist-team-burnley,hist-team-wolves,0.3958403083430643,0.2669094650541804,0.3372502266027551,0.3990886522005437,0.2634701249151029,0.3374412228843532,0.0352652040310204,0.5476190476190476,0.4523809523809524,0.5508517671072177,0.4491482328927823
E0,2526,2026-05-24,Crystal Palace,Arsenal,1,2,A,fpl-team-8,fpl-team-1,0.2264216343045307,0.2422594170149512,0.5313189486805181,0.2209388531264418,0.2375657676102179,0.5414953792633405,0.0349145549116656,0.5755208333333334,0.4244791666666667,0.5805041223544432,0.4194958776455569
E0,2526,2026-05-24,Fulham,Newcastle,2,0,H,fpl-team-10,fpl-team-17,0.3319190756987392,0.255740927177717,0.4123399971235437,0.3318304964116119,0.2518417986442057,0.4163277049441823,0.0342339670751243,0.5844155844155844,0.4155844155844155,0.5902777777793641,0.4097222222206359
E0,2526,2026-05-24,Liverpool,Brentford,1,1,D,fpl-team-14,fpl-team-4,0.5201096424687284,0.2288991091549416,0.2509912483763301,0.5295398986173604,0.2236416665486821,0.2468184348339575,0.0342688013333827,0.6336633663366337,0.3663366336633663,0.6425253378301762,0.3574746621698238
E0,2526,2026-05-24,Man City,Aston Villa,1,2,A,fpl-team-15,fpl-team-2,0.730772902795587,0.1577385017838704,0.1114885954205424,0.7511482734667447,0.1485637108698331,0.1002880156634221,0.0358037606347352,0.7237687366167023,0.2762312633832977,0.7396679051539405,0.2603320948460595
E0,2526,2026-05-24,Nott'm Forest,Bournemouth,1,1,D,fpl-team-18,fpl-team-3,0.2929437660137598,0.2512071541892187,0.4558490797970214,0.2908321642749091,0.2469671834505523,0.4622006522745385,0.0351447048597037,0.6,0.4,0.606837606839478,0.3931623931605221
E0,2526,2026-05-24,Sunderland,Chelsea,2,1,H,fpl-team-20,fpl-team-6,0.269520536317233,0.2605114933205567,0.4699679703622103,0.2662458746755209,0.2567836806679293,0.4769704446565497,0.0347296935506165,0.5411140583554377,0.4588859416445623,0.543919301829671,0.4560806981703291
E0,2526,2026-05-24,Tottenham,Everton,1,0,H,fpl-team-19,fpl-team-9,0.4948875255623722,0.2576687116564417,0.2474437627811861,0.503157329606852,0.2537895133237322,0.2430531570694158,0.0347131974995136,0.5398936170212765,0.4601063829787233,0.542711922321269,0.457288077678731
E0,2526,2026-05-24,West Ham,Leeds,3,0,H,hist-team-west-ham,fpl-team-13,0.5122950819672131,0.2390710382513661,0.2486338797814207,0.5219028998698334,0.2340175409509044,0.244079559179262,0.0364626792725175,0.5718015665796344,0.4281984334203655,0.5765675465058195,0.4234324534941804
